prob_class_0,prob_class_1,true_label
0.8561672,0.14383286,0
0.6349575,0.36504254,0
0.58860743,0.4113926,0
0.64656264,0.35343742,0
0.6461611,0.35383886,0
0.64458865,0.35541138,1
0.64554596,0.35445395,1
0.6447392,0.35526076,1
0.6530838,0.34691623,1
0.6594651,0.34053499,0
0.7160152,0.28398475,0
0.73089015,0.26910987,0
0.6176748,0.38232514,1
0.85235816,0.14764184,0
0.8919874,0.10801257,0
0.5944752,0.4055248,1
0.576326,0.42367405,0
0.6549174,0.34508258,0
0.70652294,0.29347703,0
0.7237137,0.2762863,0
0.73087287,0.2691271,0
0.64727265,0.3527274,1
0.6176748,0.38232514,1
0.87267923,0.12732081,0
0.89354545,0.106454626,0
0.6387007,0.36129925,1
0.6430228,0.35697722,1
0.6976451,0.30235484,1
0.7275362,0.2724638,0
0.7233564,0.27664354,1
0.68344927,0.31655067,1
0.42148063,0.5785194,1
0.7755822,0.22441776,1
0.63407344,0.36592647,0
0.26923478,0.7307652,1
0.11092732,0.8890727,1
0.48656446,0.5134356,0
0.42095235,0.5790477,0
0.45611468,0.5438853,0
0.51853067,0.48146936,0
0.8801133,0.11988675,0
0.9028614,0.09713863,0
0.90622485,0.0937752,0
0.84255964,0.15744036,0
0.56229264,0.43770733,0
0.4996631,0.5003369,0
0.79326874,0.20673127,0
0.8992647,0.10073537,0
0.8577025,0.1422976,1
0.8634861,0.13651383,1
0.87973136,0.12026865,0
0.741586,0.258414,0
0.64855736,0.3514427,0
0.66139334,0.3386067,0
0.6961901,0.30380982,0
0.6957678,0.3042322,0
0.70608217,0.2939178,0
0.7178761,0.28212392,0
0.7235397,0.27646026,0
0.90849257,0.09150737,0
0.9065864,0.09341359,0
0.17072615,0.8292739,1
0.17928974,0.82071024,1
0.12578046,0.8742195,1
0.36154553,0.6384545,1
0.33789432,0.66210574,1
0.1433091,0.8566908,1
0.40362126,0.5963788,0
0.881494,0.11850601,0
0.33670518,0.6632948,1
0.2872398,0.71276027,1
0.112284906,0.88771516,1
0.10974055,0.8902595,1
0.111353524,0.8886465,1
0.11289592,0.8871041,1
0.12578046,0.8742195,1
0.13579832,0.8642017,1
0.17744581,0.8225542,0
0.22255251,0.7774475,0
0.6672499,0.33275008,0
0.27031475,0.7296853,0
0.6956887,0.30431125,0
0.286781,0.713219,0
0.35958162,0.6404184,1
0.1797082,0.82029176,1
0.15124139,0.8487586,1
0.25174582,0.7482542,1
0.5940785,0.40592152,0
0.7727771,0.22722287,0
0.15068677,0.8493132,0
0.16009663,0.83990335,0
0.3316497,0.66835034,0
0.35485473,0.64514524,0
0.36328813,0.6367119,0
0.18801318,0.8119868,0
0.11641743,0.88358265,1
0.22167146,0.77832854,0
0.15795778,0.8420422,1
0.26496738,0.7350326,1
0.71453184,0.28546813,0
0.7494273,0.2505727,0
0.26436448,0.7356355,1
0.1562856,0.8437144,1
0.27666438,0.7233356,1
0.114482485,0.8855175,1
0.11602447,0.88397557,1
0.22815605,0.7718439,1
0.1345495,0.86545056,1
0.27115417,0.7288459,0
0.14022084,0.8597791,1
0.1595895,0.84041053,1
0.3097099,0.6902901,0
0.75401634,0.24598369,0
0.81399786,0.18600214,0
0.46448335,0.53551674,0
0.12859738,0.8714026,1
0.25724176,0.7427582,0
0.30726743,0.6927325,0
0.32189274,0.67810726,0
0.22486772,0.7751323,1
0.2562265,0.7437735,1
0.37934238,0.6206577,0
0.5004939,0.4995061,0
0.73152375,0.26847625,0
0.84333444,0.1566656,0
0.90431494,0.09568502,0
0.83439744,0.1656025,0
0.49240828,0.5075917,0
0.49765456,0.5023455,0
0.4986456,0.5013544,0
0.73321444,0.2667856,0
0.77517074,0.22482929,0
0.90084004,0.09916,0
0.9052881,0.09471183,0
0.8927084,0.10729161,0
0.1009817,0.89901835,1
0.15784024,0.8421598,1
0.15793101,0.842069,1
0.13081458,0.8691854,1
0.20389366,0.7961064,1
0.28523672,0.7147633,1
0.4901964,0.5098036,0
0.76341075,0.23658921,0
0.7525971,0.24740289,0
0.7010008,0.2989992,0
0.2595512,0.7404488,0
0.20991194,0.79008806,0
0.11962296,0.880377,1
0.21430081,0.7856992,0
0.20272826,0.7972717,0
0.15572272,0.84427726,1
0.1699011,0.83009887,1
0.15629643,0.84370357,1
0.75623447,0.24376555,0
0.57888937,0.42111063,0
0.16704893,0.83295107,1
0.15553795,0.84446204,1
0.16101912,0.83898085,1
0.37142447,0.6285755,0
0.17011884,0.82988113,1
0.14157163,0.8584284,1
0.20774671,0.7922533,0
0.6474175,0.3525825,0
0.2569036,0.7430964,1
0.2569036,0.7430964,1
0.70496166,0.29503834,0
0.7146733,0.28532672,0
0.16997033,0.8300297,1
0.78174806,0.21825193,0
0.71702105,0.28297892,1
0.27935243,0.7206476,1
0.12031426,0.87968576,1
0.20904773,0.79095227,1
0.21123242,0.7887676,1
0.65332365,0.3466763,0
0.67054987,0.32945022,0
0.67859423,0.3214058,0
0.68763405,0.31236592,0
0.2788636,0.72113645,1
0.7293915,0.27060845,0
0.17050004,0.82949996,1
0.38767967,0.6123203,1
0.6790751,0.32092494,0
0.74301547,0.25698456,0
0.7018974,0.2981026,0
0.118676096,0.8813239,1
0.17734377,0.8226562,1
0.10275372,0.89724624,1
0.12414661,0.87585336,1
0.24412392,0.75587606,0
0.2499256,0.7500744,0
0.2235172,0.7764828,0
0.22462432,0.77537566,0
0.12907206,0.87092793,1
0.16716745,0.8328326,1
0.17451169,0.8254883,1
0.8003331,0.19966689,0
0.6298649,0.3701351,0
0.5055196,0.49448034,0
0.1459282,0.8540718,1
0.16716745,0.8328326,1
0.17223002,0.82777,1
0.55887884,0.44112122,0
0.757278,0.24272202,0
0.6832386,0.3167613,0
0.27376264,0.72623736,1
0.36464244,0.63535756,1
0.17223002,0.82777,0
0.17502141,0.82497865,0
0.7562635,0.24373646,0
0.41751248,0.58248746,0
0.64437324,0.35562676,0
0.6710764,0.32892364,0
0.6980146,0.30198538,0
0.704919,0.295081,0
0.7148642,0.28513584,0
0.7286405,0.27135944,0
0.7298619,0.27013806,0
0.63018,0.36982003,0
0.6455776,0.35442248,0
0.817502,0.18249804,0
0.3807442,0.61925584,1
0.2552773,0.74472266,1
0.6449792,0.35502085,0
0.64613867,0.35386124,0
0.65022606,0.34977394,0
0.6582262,0.3417739,0
0.73076075,0.26923925,0
0.73333097,0.26666903,0
0.36463892,0.63536114,1
0.40109047,0.59890956,1
0.69818753,0.3018125,1
0.37616643,0.6238336,1
0.57194465,0.4280553,0
0.6451821,0.354818,0
0.6477672,0.3522329,0
0.6980146,0.30198538,0
0.61493844,0.38506153,1
0.6407107,0.35928932,0
0.70512563,0.2948744,0
0.72847193,0.271528,0
0.73333097,0.26666903,0
0.6415856,0.35841447,0
0.55091274,0.44908723,1
0.7004986,0.29950145,1
0.6449792,0.35502085,0
0.6639647,0.33603534,0
0.733514,0.26648596,0
0.7381462,0.26185375,0
0.79504627,0.20495375,1
0.36753196,0.63246804,1
0.6457414,0.3542586,0
0.6580155,0.34198454,0
0.286781,0.713219,1
0.7600485,0.23995152,0
0.9150328,0.08496722,0
0.91727054,0.08272941,0
0.9053585,0.09464149,0
0.78252774,0.21747224,0
0.6449792,0.35502085,0
0.26012313,0.7398768,1
0.2635875,0.73641247,1
0.26282498,0.73717505,1
0.3018885,0.69811153,1
0.3018885,0.69811153,1
0.7221999,0.27780005,0
0.7295091,0.27049085,0
0.7311886,0.26881137,0
0.9071038,0.09289621,0
0.8899068,0.110093184,0
0.28573382,0.7142661,1
0.6507395,0.3492605,0
0.71121407,0.28878593,0
0.71422505,0.28577498,0
0.71631175,0.2836883,0
0.40503377,0.59496623,1
0.8436254,0.15637454,0
0.56996965,0.43003038,0
0.56754494,0.432455,0
0.5809528,0.41904715,0
0.64255834,0.35744172,0
0.6460373,0.35396272,0
0.6715719,0.3284281,0
0.68071634,0.31928363,0
0.6976451,0.30235484,0
0.70576596,0.29423404,0
0.7301547,0.26984528,0
0.73120195,0.2687981,0
0.64569783,0.3543021,0
0.7303598,0.2696402,0
0.64240247,0.3575975,0
0.6423665,0.35763344,0
0.64373815,0.35626182,0
0.64537156,0.35462844,0
0.6478381,0.35216188,0
0.6512936,0.34870636,0
0.66856945,0.33143058,0
0.72639346,0.27360657,0
0.7297965,0.27020353,0
0.8658512,0.13414878,0
0.883286,0.116713986,0
0.45611492,0.5438851,1
0.5665258,0.43347412,0
0.64197874,0.3580213,0
0.6449852,0.35501474,0
0.6478381,0.35216188,0
0.65136755,0.3486325,0
0.7276212,0.27237883,0
0.7308457,0.2691543,0
0.75489926,0.24510081,0
0.6093348,0.3906651,0
0.6145841,0.38541594,0
0.6415506,0.35844934,0
0.66866064,0.33133933,0
0.7123769,0.28762314,0
0.6970889,0.30291113,0
0.69839346,0.3016065,0
0.3847084,0.61529166,1
0.39702362,0.6029763,1
0.70576096,0.294239,0
0.8693186,0.13068135,0
0.83708936,0.1629106,1
0.24791361,0.75208634,1
0.2349884,0.7650116,1
0.67124826,0.32875174,0
0.6883131,0.3116869,0
0.69817877,0.30182126,0
0.1844568,0.8155432,1
0.1844568,0.8155432,1
0.2978909,0.7021091,1
0.52826965,0.47173032,0
0.7824339,0.21756604,0
0.8712654,0.12873459,0
0.18058406,0.81941587,1
0.6478074,0.35219258,0
0.65041983,0.34958008,0
0.6540398,0.34596017,0
0.658593,0.34140703,0
0.6883131,0.3116869,0
0.288246,0.71175396,1
0.73076075,0.26923925,0
0.73227584,0.26772416,0
0.81285715,0.18714277,0
0.56884044,0.43115953,1
0.20791928,0.79208076,1
0.20761576,0.7923842,1
0.26548126,0.73451877,1
0.20860054,0.7913995,1
0.18871741,0.81128263,1
0.37444773,0.6255523,1
0.7298619,0.27013806,0
0.3154221,0.6845779,1
0.5317085,0.46829155,0
0.6501957,0.34980425,0
0.6447986,0.3552014,0
0.6463336,0.3536664,0
0.26354238,0.7364575,1
0.11336223,0.8866378,1
0.15910544,0.8408946,1
0.15910544,0.8408946,1
0.16543357,0.8345665,1
0.1735285,0.8264715,1
0.38695207,0.6130479,0
0.38621873,0.61378133,0
0.26833746,0.7316626,0
0.13282803,0.86717194,1
0.1351704,0.86482966,1
0.14103164,0.8589684,1
0.18019791,0.81980205,1
0.15723339,0.8427666,1
0.32374677,0.6762532,1
0.422544,0.577456,0
0.2664449,0.7335551,0
0.73193145,0.26806855,0
0.18477204,0.815228,0
0.26164883,0.7383511,0
0.12839086,0.87160915,0
0.14586426,0.85413575,0
0.15683825,0.84316176,0
0.17512974,0.8248702,1
0.110846974,0.88915306,1
0.22667922,0.7733208,0
0.21739931,0.7826007,0
0.88208944,0.117910564,0
0.7168345,0.28316545,0
0.6464607,0.3535393,0
0.41436362,0.5856364,0
0.32632503,0.673675,0
0.32723394,0.6727661,0
0.2900743,0.70992565,0
0.225025,0.77497506,1
0.1787981,0.8212019,1
0.41829857,0.5817014,0
0.44879505,0.551205,0
0.26418158,0.7358184,1
0.42222196,0.57777804,0
0.8280648,0.17193517,0
0.68538374,0.3146163,0
0.50223994,0.49776015,0
0.22164123,0.7783588,1
0.40306437,0.5969357,0
0.83412015,0.16587979,0
0.84389067,0.1561094,0
0.8561436,0.14385635,0
0.85090995,0.14909008,0
0.7829995,0.21700053,0
0.7319892,0.2680108,0
0.31169614,0.6883038,0
0.15910544,0.8408946,1
0.3970757,0.60292435,1
0.40306437,0.5969357,1
0.78363097,0.21636902,0
0.85460716,0.14539278,0
0.779784,0.22021592,1
0.7955035,0.20449653,0
0.50997734,0.49002266,0
0.20758292,0.79241705,1
0.3043852,0.6956149,1
0.13968785,0.86031216,1
0.23442414,0.7655759,1
0.35896447,0.64103556,0
0.23134354,0.7686565,1
0.451818,0.548182,0
0.7334156,0.26658446,0
0.32381406,0.6761859,0
0.22801673,0.77198327,0
0.30354223,0.69645774,0
0.32138777,0.67861223,0
0.3645097,0.6354903,0
0.30175087,0.69824916,1
0.3939399,0.60606,0
0.29115334,0.7088467,1
0.27023077,0.7297693,1
0.6898734,0.31012657,0
0.7582847,0.24171524,0
0.49253568,0.5074643,0
0.5745099,0.42549005,0
0.6473609,0.35263908,0
0.64898676,0.3510132,0
0.6515009,0.34849912,0
0.68019575,0.3198042,0
0.618436,0.381564,0
0.62935984,0.37064013,0
0.72361946,0.27638048,0
0.73079896,0.26920107,0
0.6483838,0.35161623,0
0.7515034,0.2484966,0
0.87139827,0.12860169,0
0.57713366,0.42286637,0
0.5815037,0.41849634,0
0.6694287,0.33057123,1
0.7160063,0.2839937,0
0.72958016,0.27041975,0
0.73455834,0.2654416,0
0.6327003,0.36729968,0
0.55225265,0.44774744,0
0.5813788,0.41862118,0
0.63700294,0.36299708,0
0.6548807,0.34511933,0
0.6990165,0.30098343,0
0.7159864,0.28401363,0
0.69999486,0.30000514,1
0.8325312,0.16746882,1
0.54825366,0.45174637,1
0.32450455,0.67549545,1
0.3595076,0.64049244,1
0.3273964,0.67260355,1
0.40803716,0.5919628,1
0.4969278,0.5030722,0
0.7346092,0.2653908,0
0.9112347,0.088765316,0
0.8582763,0.14172368,0
0.70472443,0.29527566,1
0.40495786,0.59504217,1
0.34253988,0.6574601,1
0.28806165,0.71193844,1
0.39443088,0.60556906,1
0.38622114,0.6137789,1
0.34652352,0.6534765,1
0.40803716,0.5919628,1
0.7324223,0.2675777,0
0.7493107,0.25068927,0
0.7986058,0.20139425,0
0.7559025,0.24409746,1
0.2683283,0.7316717,1
0.5219363,0.47806376,0
0.5204423,0.4795577,0
0.32875124,0.6712488,1
0.29126573,0.7087342,1
0.64491725,0.35508266,0
0.68628407,0.3137159,0
0.37066033,0.62933964,1
0.36627334,0.63372666,1
0.7421896,0.25781038,0
0.33058825,0.6694117,1
0.55143696,0.44856304,0
0.2664344,0.7335656,1
0.28904253,0.71095747,1
0.29126573,0.7087342,1
0.20500869,0.7949914,1
0.40507177,0.5949282,1
0.19308165,0.8069184,1
0.3129692,0.6870308,1
0.4241231,0.57587683,1
0.68117553,0.31882444,0
0.33451253,0.66548747,1
0.48006395,0.519936,0
0.26398677,0.73601323,0
0.26694682,0.7330532,0
0.27697852,0.7230215,0
0.31477496,0.685225,0
0.2134933,0.78650665,1
0.2134933,0.78650665,1
0.2813225,0.7186775,1
0.18564521,0.81435484,1
0.39798012,0.6020199,0
0.49157414,0.50842583,0
0.56623006,0.43376988,0
0.58308446,0.41691548,0
0.28365386,0.71634614,1
0.29812318,0.70187676,1
0.28697443,0.7130256,0
0.30478096,0.6952191,1
0.30853143,0.69146854,1
0.31071985,0.6892801,1
0.64938986,0.3506101,0
0.66214323,0.3378568,0
0.22661835,0.77338165,1
0.39417958,0.6058204,0
0.42595744,0.57404256,0
0.56752205,0.432478,0
0.4940699,0.50593007,0
0.29407692,0.7059231,1
0.52417564,0.47582433,0
0.33536294,0.6646371,1
0.52814496,0.47185498,0
0.35847613,0.64152396,1
0.3579553,0.6420447,1
0.5960446,0.40395537,0
0.729907,0.27009296,0
0.8556492,0.1443509,0
0.8620525,0.13794751,0
0.8493176,0.15068243,0
0.6931973,0.30680266,1
0.29067183,0.7093282,1
0.12859738,0.8714026,1
0.22985947,0.7701405,1
0.23112398,0.768876,1
0.26055002,0.73945,1
0.3374321,0.6625679,1
0.2067633,0.7932367,1
0.3590238,0.6409762,1
0.5365549,0.4634452,0
0.5374335,0.46256647,0
0.7273854,0.2726146,0
0.8596746,0.14032547,0
0.91270006,0.08729994,0
0.8892738,0.110726155,0
0.90946275,0.090537205,0
0.8737221,0.12627798,0
0.29899395,0.701006,1
0.27805293,0.7219471,1
0.380889,0.619111,1
0.5757574,0.42424265,0
0.365069,0.63493097,1
0.37592676,0.62407327,1
0.5962702,0.4037298,0
0.3895143,0.6104857,1
0.73455834,0.2654416,0
0.82744133,0.1725586,0
0.8983502,0.101649806,0
0.7153084,0.2846915,1
0.32914725,0.6708528,1
0.13943309,0.86056685,1
0.16925502,0.830745,1
0.4400664,0.5599336,0
0.27419925,0.7258007,1
0.28155234,0.7184477,1
0.20198403,0.79801595,1
0.16262497,0.83737504,1
0.31071985,0.6892801,1
0.7316958,0.2683042,0
0.33536294,0.6646371,1
0.52814496,0.47185498,0
0.83111763,0.1688824,0
0.49474418,0.50525576,0
0.32915828,0.67084163,0
0.32873863,0.67126137,0
0.32914725,0.6708528,0
0.3316497,0.66835034,0
0.33404663,0.66595334,0
0.34774658,0.65225345,0
0.36328813,0.6367119,0
0.65060437,0.34939563,0
0.26443848,0.73556155,1
0.3782122,0.6217877,1
0.64229876,0.35770127,0
0.34491503,0.65508497,1
0.32312313,0.67687684,1
0.30232126,0.69767874,1
0.16644245,0.83355755,1
0.3862419,0.6137581,0
0.41519752,0.5848025,0
0.26572284,0.7342771,1
0.32668048,0.6733195,1
0.68801963,0.3119803,0
0.84290445,0.1570955,0
0.53801095,0.46198905,0
0.22673301,0.77326703,1
0.13488044,0.8651196,1
0.3111772,0.6888228,0
0.34901208,0.6509879,0
0.3670308,0.6329692,0
0.37787428,0.6221257,0
0.39736348,0.6026365,0
0.28693655,0.7130634,1
0.28768256,0.71231747,1
0.63816816,0.36183184,0
0.59100175,0.4089982,0
0.3696941,0.6303059,1
0.28593627,0.71406376,1
0.1342082,0.8657918,1
0.12001556,0.8799844,1
0.19345494,0.806545,1
0.13446245,0.8655375,1
0.16885121,0.8311488,1
0.73332286,0.26667708,0
0.36650065,0.6334994,0
0.888167,0.11183298,0
0.8708569,0.12914316,0
0.5995305,0.40046948,0
0.706558,0.29344207,0
0.7309191,0.26908085,0
0.7340387,0.26596132,0
0.78125787,0.21874215,0
0.9095305,0.09046949,0
0.9088043,0.09119572,0
0.6466012,0.35339886,0
0.689297,0.31070304,0
0.7065717,0.29342827,0
0.7065548,0.29344526,0
0.7757358,0.22426422,0
0.886759,0.113241,0
0.8984156,0.10158445,0
0.59560156,0.40439844,0
0.5812629,0.41873717,0
0.3259072,0.6740928,1
0.6465897,0.35341027,0
0.24102844,0.7589715,1
0.11718626,0.8828137,1
0.13769732,0.86230266,1
0.1762002,0.82379985,1
0.41679412,0.5832059,1
0.17985132,0.8201487,1
0.2938024,0.7061976,1
0.6323256,0.3676745,0
0.6937704,0.30622956,0
0.2315845,0.7684155,1
0.34044716,0.6595529,0
0.28398228,0.7160177,1
0.41113454,0.5888654,0
0.42097276,0.5790273,0
0.15019934,0.84980065,1
0.16701,0.83299005,1
0.2051136,0.7948864,1
0.33359623,0.6664038,1
0.35156143,0.6484386,1
0.66070634,0.33929363,0
0.70132905,0.29867092,0
0.1724815,0.8275185,1
0.23190062,0.76809937,0
0.2361849,0.76381505,0
0.2473621,0.75263786,0
0.14488365,0.85511637,1
0.49474624,0.50525385,0
0.33508337,0.66491663,0
0.64521986,0.3547801,0
0.64768696,0.35231313,0
0.6584178,0.34158212,0
0.2850132,0.71498674,1
0.63582206,0.36417794,0
0.83930767,0.16069241,0
0.85998726,0.14001271,0
0.8165221,0.18347782,0
0.769157,0.23084295,0
0.5730919,0.42690808,0
0.68710953,0.31289056,0
0.329153,0.670847,1
0.7298619,0.27013806,0
0.31233323,0.6876668,1
0.35994613,0.64005387,1
0.73273665,0.26726338,0
0.6449519,0.35504812,0
0.8258375,0.17416246,0
0.8109822,0.18901777,1
0.80139786,0.19860213,1
0.23279545,0.7672045,1
0.2666515,0.7333484,1
0.3059776,0.6940224,1
0.30015653,0.69984347,1
0.2408859,0.759114,1
0.29068738,0.7093126,1
0.5059914,0.4940086,0
0.50791967,0.4920804,0
0.5740203,0.42597967,0
0.78923786,0.21076213,0
0.8967002,0.10329975,0
0.86984134,0.13015865,0
0.792673,0.20732702,0
0.23813841,0.76186156,1
0.40851286,0.59148717,0
0.3077632,0.6922368,1
0.5619715,0.43802854,0
0.80991757,0.19008237,0
0.8255426,0.1744574,0
0.59054935,0.40945065,0
0.65477794,0.34522203,0
0.29475853,0.7052415,1
0.21380647,0.78619355,1
0.21984485,0.7801551,1
0.22793397,0.77206606,1
0.730919,0.2690811,0
0.35824466,0.6417554,1
0.2754649,0.7245351,1
0.63790685,0.36209312,0
0.5732412,0.4267589,0
0.64224076,0.3577592,0
0.7482465,0.25175348,0
0.1862921,0.81370795,1
0.14055608,0.8594439,1
0.17534102,0.82465893,1
0.16478404,0.8352159,1
0.2119289,0.7880711,1
0.11432298,0.885677,1
0.27619258,0.7238074,0
0.48075652,0.5192435,0
0.16031738,0.8396827,1
0.5261083,0.4738917,0
0.22867632,0.7713237,1
0.8196779,0.18032217,0
0.8443751,0.1556249,0
0.73876685,0.26123318,0
0.5827071,0.41729295,0
0.32647932,0.6735206,0
0.108413324,0.89158666,1
0.10899229,0.8910077,1
0.16586602,0.83413404,1
0.22679636,0.7732037,1
0.17871842,0.8212816,1
0.49414754,0.5058524,0
0.8222289,0.1777711,0
0.8549238,0.14507626,0
0.6175743,0.38242576,0
0.5850217,0.41497836,0
0.66535133,0.33464864,0
0.689297,0.31070298,0
0.7065688,0.29343116,0
0.7297005,0.27029943,0
0.73091924,0.26908082,0
0.7347256,0.26527444,0
0.67741525,0.32258475,0
0.8954389,0.10456107,0
0.8987724,0.10122754,0
0.81997603,0.180024,0
0.74953276,0.25046724,0
0.6466017,0.3533983,0
0.64918506,0.35081497,0
0.7065548,0.29344526,0
0.723791,0.27620903,0
0.81777334,0.18222658,0
0.41323954,0.58676046,1
0.6802798,0.31972015,0
0.69914216,0.30085784,0
0.7065688,0.29343116,0
0.49642274,0.50357723,1
0.49642274,0.50357723,1
0.49642274,0.50357723,1
0.73332685,0.26667315,0
0.7145122,0.2854877,1
0.58120817,0.41879186,0
0.57910997,0.42089,0
0.6550774,0.34492257,0
0.65962404,0.34037596,0
0.6653511,0.33464897,0
0.7065688,0.29343116,0
0.7065673,0.2934327,0
0.6126029,0.38739708,1
0.7340348,0.26596525,0
0.63665485,0.36334518,0
0.36178854,0.6382114,1
0.84677845,0.15322158,0
0.8653559,0.13464412,0
0.6697327,0.33026734,1
0.5793454,0.4206546,0
0.65962404,0.34037596,0
0.7065688,0.29343116,0
0.7276766,0.27232346,0
0.8916365,0.10836354,0
0.8336645,0.16633552,0
0.5763569,0.42364308,0
0.64618176,0.35381827,0
0.6550774,0.34492257,0
0.6823403,0.31765965,1
0.73179394,0.2682061,0
0.72831947,0.27168053,1
0.73332435,0.26667565,0
0.7283881,0.27161196,1
0.6203551,0.3796449,1
0.6627861,0.33721393,0
0.7441844,0.25581563,0
0.8789409,0.1210591,0
0.64916724,0.3508328,0
0.65162164,0.3483784,0
0.65505975,0.34494025,0
0.27160564,0.7283943,1
0.27160564,0.7283943,1
0.27160564,0.7283943,1
0.7306266,0.2693734,0
0.39539462,0.6046054,1
0.7307137,0.26928627,0
0.87766296,0.12233704,0
0.34445456,0.6555455,1
0.5704886,0.4295114,0
0.5201321,0.47986782,0
0.2478316,0.7521684,1
0.45377475,0.54622525,1
0.4617756,0.5382244,1
0.6279711,0.37202892,0
0.7444237,0.2555763,1
0.36298984,0.6370101,1
0.28354257,0.7164575,1
0.3127182,0.6872818,1
0.29293802,0.70706195,1
0.2994402,0.7005598,1
0.45593926,0.5440607,1
0.723791,0.27620903,0
0.7297008,0.27029926,0
0.7317113,0.26828867,0
0.7325904,0.26740968,0
0.7340387,0.26596132,0
0.7550635,0.24493654,0
0.9029145,0.09708542,0
0.91309536,0.086904645,0
0.6749244,0.32507566,1
0.39730746,0.6026925,1
0.26173407,0.7382659,1
0.31697455,0.6830255,1
0.35160294,0.648397,1
0.36118189,0.6388181,1
0.37043437,0.6295656,1
0.729698,0.27030197,0
0.7589627,0.24103731,0
0.7749066,0.2250934,0
0.8665518,0.13344818,0
0.8820924,0.11790756,0
0.89802206,0.10197796,0
0.8369184,0.16308163,0
0.718682,0.281318,0
0.5834001,0.4166,0
0.6694991,0.33050093,0
0.7161277,0.28387228,0
0.4534979,0.54650205,1
0.31992635,0.6800737,1
0.2915545,0.7084455,1
0.34522116,0.65477884,1
0.42631623,0.5736838,1
0.43649772,0.5635023,1
0.66124684,0.33875316,0
0.7065688,0.29343116,0
0.719813,0.28018698,0
0.72146124,0.27853876,0
0.61142,0.38858002,0
0.4224083,0.5775917,1
0.85925955,0.14074047,0
0.77257323,0.22742671,1
0.55845153,0.44154844,0
0.64755666,0.35244334,0
0.7347256,0.26527444,0
0.32481384,0.6751862,1
0.57728994,0.42271,0
0.6251468,0.3748532,1
0.6466017,0.3533983,0
0.6516364,0.34836355,0
0.68026567,0.31973433,0
0.360898,0.63910204,1
0.32097095,0.67902905,1
0.73091644,0.26908362,0
0.39292154,0.6070785,1
0.8809752,0.119024806,0
0.79204684,0.20795308,0
0.57534385,0.42465606,0
0.64755666,0.35244334,0
0.6322321,0.36776787,0
0.7065688,0.29343116,0
0.7161305,0.28386945,0
0.6058073,0.39419264,1
0.8132068,0.18679321,1
0.86730087,0.13269906,1
0.6461786,0.35382143,0
0.7065717,0.29342827,0
0.7237938,0.27620623,0
0.7347222,0.26527777,0
0.7467798,0.2532202,0
0.9071972,0.09280285,0
0.90423054,0.09576943,0
0.83283645,0.1671635,0
0.69041175,0.30958828,0
0.6296099,0.37039012,1
0.6596173,0.34038273,0
0.7065717,0.29342827,0
0.70657074,0.29342923,0
0.7161305,0.28386945,0
0.72767675,0.27232325,0
0.730913,0.26908696,0
0.732587,0.26741302,0
0.73332095,0.266679,0
0.7347222,0.26527777,0
0.90333265,0.09666731,0
0.7269991,0.27300087,1
0.58457303,0.41542694,0
0.6466131,0.35338685,1
0.6461948,0.35380515,1
0.64618176,0.35381827,1
0.6466049,0.3533951,1
0.6475598,0.35244015,1
0.6825961,0.31740397,1
0.72767395,0.272326,0
0.7297008,0.27029926,0
0.71867806,0.28132194,1
0.38585362,0.61414635,1
0.31210968,0.68789035,1
0.32792944,0.6720705,1
0.543076,0.45692408,0
0.6487567,0.3512433,0
0.65583116,0.34416887,0
0.38326335,0.61673665,1
0.67970437,0.32029566,0
0.7740762,0.22592385,0
0.3674155,0.6325845,1
0.6460298,0.35397023,0
0.6466017,0.3533983,0
0.62953925,0.37046075,0
0.29701376,0.7029863,1
0.31248805,0.6875119,1
0.30305398,0.696946,1
0.33886614,0.6611339,1
0.8030959,0.1969041,0
0.8174534,0.1825466,0
0.52297056,0.47702944,0
0.6068885,0.39311147,0
0.27876857,0.7212314,1
0.31876746,0.6812325,1
0.29277036,0.7072297,1
0.21217488,0.7878251,1
0.31058204,0.689418,1
0.34803137,0.65196866,1
0.3468938,0.6531062,1
0.46009842,0.5399016,0
0.65329266,0.34670734,0
0.18201625,0.81798375,1
0.13238044,0.8676195,1
0.32839918,0.67160076,0
0.15142873,0.84857124,1
0.19012965,0.80987036,1
0.22838938,0.7716106,1
0.48475003,0.51524997,0
0.5784239,0.42157608,0
0.32914725,0.6708528,0
0.5425517,0.4574483,0
0.32064697,0.67935306,0
0.21992676,0.7800732,1
0.31687307,0.6831269,1
0.44156986,0.55843014,0
0.6497082,0.35029182,0
0.794992,0.20500797,0
0.79940146,0.20059855,0
0.8230584,0.17694162,0
0.8589038,0.14109612,0
0.64291096,0.35708907,1
0.4871019,0.5128981,1
0.31201518,0.68798476,1
0.2531263,0.74687374,1
0.3595062,0.6404938,0
0.43617234,0.5638277,0
0.32717198,0.67282796,1
0.4534979,0.54650205,1
0.68867123,0.3113287,0
0.6928131,0.30718693,0
0.75824606,0.24175398,0
0.6236051,0.37639493,1
0.2338435,0.76615655,1
0.5919104,0.4080896,0
0.6091266,0.3908734,0
0.68027794,0.31972203,0
0.60681677,0.39318326,0
0.6536676,0.3463324,0
0.71612597,0.28387403,0
0.32332218,0.67667776,1
0.2966851,0.7033149,1
0.31512722,0.68487275,1
0.60282886,0.3971711,1
0.1591198,0.8408803,1
0.22016351,0.77983654,1
0.29485717,0.7051428,1
0.18401918,0.81598085,1
0.7333227,0.26667732,0
0.40729254,0.59270746,1
0.75351804,0.24648196,0
0.66331786,0.3366822,0
0.42953596,0.570464,1
0.35774943,0.64225054,1
0.25579855,0.7442015,1
0.72969633,0.27030367,0
0.7318113,0.2681887,0
0.4415059,0.55849415,1
0.724616,0.27538404,0
0.82295483,0.17704515,0
0.6465833,0.35341668,0
0.64752334,0.35247666,0
0.6489735,0.35102645,0
0.6542298,0.34577018,0
0.65878177,0.3412182,0
0.71612597,0.28387403,0
0.7237893,0.27621073,0
0.63747853,0.3625215,0
0.7984188,0.20158115,1
0.6465997,0.35340026,0
0.6475547,0.3524453,0
0.68027794,0.31972203,0
0.7318113,0.2681887,0
0.45440635,0.5455936,1
0.6940163,0.30598378,1
0.8409923,0.15900774,1
0.90329343,0.09670657,0
0.35823828,0.64176166,1
0.575622,0.424378,0
0.6943098,0.3056903,0
0.70180476,0.29819515,0
0.72969633,0.27030367,0
0.7263946,0.27360538,0
0.72808623,0.27191377,0
0.41671243,0.58328754,1
0.6409324,0.35906765,0
0.2770058,0.72299427,1
0.7261267,0.27387333,0
0.58546203,0.414538,1
0.27566677,0.7243332,1
0.2681719,0.73182815,1
0.09335505,0.90664494,1
0.09539766,0.90460235,1
0.11529983,0.8847001,1
0.5226,0.4774,0
0.6329739,0.3670261,0
0.66566396,0.334336,0
0.74228334,0.2577167,0
0.82757515,0.17242487,0
0.26867673,0.7313233,0
0.31598786,0.6840122,0
0.251714,0.748286,0
0.25978938,0.74021065,0
0.27304554,0.72695446,0
0.16065852,0.83934146,1
0.44225934,0.5577406,0
0.34392756,0.65607244,1
0.51971084,0.48028913,0
0.4936869,0.5063131,0
0.62160504,0.37839493,0
0.3534545,0.6465455,0
0.2888071,0.71119285,1
0.6590479,0.34095213,0
0.70603937,0.29396057,0
0.30839962,0.6916004,1
0.31895918,0.68104076,1
0.42080188,0.57919806,1
0.33823013,0.66176987,1
0.67596513,0.32403496,0
0.35429624,0.64570373,1
0.21900338,0.7809966,1
0.13446245,0.8655375,1
0.1587582,0.84124184,1
0.16550507,0.8344949,1
0.32298335,0.6770167,0
0.4894826,0.5105174,0
0.29340848,0.70659155,0
0.34402722,0.6559728,0
0.646974,0.35302606,0
0.50772804,0.49227196,0
0.38916615,0.6108338,0
0.47402853,0.52597153,0
0.7515336,0.24846636,0
0.8947774,0.10522259,0
0.4682114,0.5317885,1
0.574686,0.425314,0
0.56242615,0.43757385,0
0.63548243,0.36451754,0
0.6113313,0.38866878,1
0.492423,0.50757706,1
0.65358734,0.34641266,0
0.4525117,0.5474884,1
0.65797895,0.34202108,0
0.68020135,0.31979862,0
0.757388,0.24261203,0
0.9030057,0.09699427,0
0.6864135,0.31358653,1
0.49095917,0.50904083,1
0.5881101,0.41188997,0
0.65155554,0.3484445,0
0.65952003,0.34047994,0
0.65309054,0.34690955,1
0.6719943,0.32800564,1
0.8264208,0.17357926,0
0.8773118,0.12268825,0
0.3597794,0.6402206,1
0.45662338,0.5433766,1
0.48246253,0.5175375,1
0.5048373,0.49516276,1
0.43071923,0.5692808,1
0.5256151,0.4743849,1
0.45640057,0.5435994,1
0.45894167,0.54105836,1
0.5555324,0.44446763,1
0.58508533,0.4149147,1
0.7551739,0.24482606,0
0.8760628,0.12393725,0
0.39559507,0.6044049,1
0.39377794,0.60622203,1
0.28900567,0.71099436,1
0.28938618,0.71061385,1
0.40746844,0.59253156,1
0.49453813,0.5054619,1
0.50894696,0.49105307,1
0.34175166,0.65824825,1
0.34175166,0.65824825,1
0.48683158,0.5131684,1
0.72876245,0.27123758,0
0.48951006,0.5104899,1
0.8847965,0.115203455,0
0.590525,0.40947506,0
0.58746123,0.41253874,0
0.65151083,0.34848917,0
0.6801595,0.31984046,0
0.70645416,0.29354587,0
0.72756433,0.27243564,0
0.7308076,0.2691924,0
0.732482,0.26751804,0
0.73392814,0.26607183,0
0.887991,0.11200895,0
0.83783627,0.16216365,0
0.57458484,0.4254152,0
0.6464523,0.35354772,0
0.67210215,0.32789785,0
0.6891432,0.31085676,0
0.70642287,0.29357716,0
0.70642287,0.29357716,0
0.70642287,0.29357716,0
0.7307779,0.26922208,0
0.644077,0.35592303,0
0.36347446,0.6365256,1
0.57887316,0.4211268,0
0.42811093,0.5718891,1
0.18850113,0.8114988,1
0.19497275,0.80502725,1
0.13394202,0.866058,1
0.13394202,0.866058,1
0.40313253,0.59686744,1
0.37776545,0.6222346,1
0.12839086,0.87160915,1
0.17574657,0.8242534,1
0.24509445,0.7549056,1
0.2596175,0.7403825,1
0.26672325,0.7332767,1
0.16262497,0.83737504,1
0.31263125,0.6873687,1
0.34169784,0.6583022,0
0.5358245,0.46417552,0
0.8474525,0.15254743,0
0.8865708,0.11342915,0
0.8322207,0.16777928,0
0.28356913,0.71643084,1
0.15669759,0.84330237,1
0.27172956,0.7282705,0
0.34207225,0.65792775,0
0.31614253,0.6838575,0
0.16262497,0.83737504,1
0.3444262,0.6555738,1
0.8110408,0.18895923,0
0.87957937,0.1204207,0
0.89258903,0.10741101,0
0.83437586,0.16562408,0
0.22012198,0.779878,1
0.3644855,0.6355145,0
0.27917355,0.7208264,1
0.21086828,0.7891317,1
0.12600116,0.8739989,1
0.16864496,0.8313551,1
0.41053683,0.5894632,0
0.33790624,0.66209376,0
0.16370003,0.83629996,1
0.43677375,0.5632263,0
0.44580868,0.55419135,0
0.30044523,0.69955474,0
0.1587582,0.84124184,1
0.22402342,0.7759766,1
0.36580473,0.63419527,0
0.16068225,0.83931774,1
0.3272986,0.6727014,0
0.24641657,0.7535835,1
0.32586607,0.6741339,0
0.4017944,0.59820557,0
0.43870172,0.56129825,0
0.42938608,0.5706139,0
0.47222406,0.52777594,0
0.3601274,0.6398726,0
0.63494444,0.36505553,0
0.32048652,0.67951345,1
0.38214445,0.6178555,1
0.80538774,0.19461219,0
0.8299863,0.17001373,0
0.33357367,0.6664263,1
0.32861352,0.6713865,1
0.17348367,0.8265163,1
0.29438892,0.7056111,1
0.29437706,0.705623,1
0.33493057,0.6650694,1
0.5348075,0.46519247,0
0.35486415,0.6451358,1
0.5058088,0.4941912,0
0.36173695,0.63826305,1
0.5110728,0.48892716,0
0.7742619,0.22573812,0
0.44997704,0.55002296,1
0.36297408,0.6370259,0
0.25463542,0.7453645,1
0.4188637,0.58113635,0
0.43188858,0.5681114,0
0.39157522,0.6084248,0
0.6084378,0.39156222,0
0.3877421,0.6122579,1
0.3886327,0.6113672,1
0.6104715,0.38952848,1
0.8091503,0.1908497,0
0.831734,0.16826604,0
0.8468683,0.15313177,0
0.7882466,0.21175344,0
0.7569268,0.24307321,0
0.31642994,0.6835701,1
0.6368793,0.36312068,0
0.6481061,0.351894,0
0.6857082,0.31429178,0
0.69983345,0.3001666,0
0.7207923,0.27920768,0
0.7241479,0.275852,0
0.7452284,0.2547716,0
0.82717055,0.17282948,0
0.77322906,0.22677097,1
0.9063158,0.093684174,0
0.88189185,0.11810823,0
0.6355558,0.36444426,0
0.4561384,0.5438616,1
0.72250533,0.27749467,0
0.7283881,0.27161196,0
0.89039403,0.10960591,0
0.71415246,0.28584754,1
0.26051897,0.73948103,1
0.15461616,0.8453839,1
0.5992378,0.40076214,0
0.68941236,0.3105876,0
0.6027662,0.39723384,0
0.40731913,0.5926809,1
0.6943103,0.30568966,0
0.8900378,0.10996223,0
0.67451805,0.32548195,0
0.36305353,0.6369465,0
0.2612156,0.7387844,1
0.4037435,0.59625643,1
0.340944,0.659056,1
0.34867594,0.6513241,1
0.5213205,0.47867942,0
0.34905145,0.6509485,1
0.6908265,0.30917355,0
0.3900489,0.6099511,1
0.26521257,0.7347874,1
0.31461567,0.68538433,1
0.22039476,0.77960527,1
0.26609012,0.73390985,1
0.2672587,0.73274124,1
0.4282341,0.5717659,0
0.5579362,0.4420638,0
0.58942974,0.41057032,0
0.27115417,0.7288459,1
0.34891748,0.6510825,1
0.42191422,0.5780857,0
0.68250924,0.3174908,0
0.34648356,0.6535165,1
0.33803973,0.66196024,1
0.39137545,0.60862446,0
0.290357,0.70964295,1
0.32188398,0.678116,1
0.5082363,0.49176365,0
0.3531612,0.6468388,1
0.28800955,0.7119904,1
0.26785088,0.7321492,1
0.31491435,0.68508565,0
0.33544064,0.66455936,1
0.81062746,0.18937257,0
0.796109,0.20389096,0
0.38551813,0.6144818,0
0.38807836,0.61192167,0
0.4826065,0.5173935,0
0.44945833,0.5505417,0
0.36986506,0.63013494,1
0.48056063,0.51943934,0
0.4824866,0.51751333,0
0.48339632,0.51660365,0
0.6533181,0.34668186,0
0.8009259,0.1990741,0
0.8709584,0.12904157,0
0.8592501,0.14074983,0
0.80307907,0.19692096,0
0.58374995,0.41625008,1
0.42676187,0.5732381,1
0.33294412,0.6670559,1
0.39168936,0.60831064,1
0.46395084,0.5360492,0
0.4859314,0.5140686,0
0.33386034,0.6661397,1
0.4610036,0.5389964,1
0.52798307,0.47201687,0
0.8081187,0.1918813,0
0.86633533,0.13366465,0
0.8713129,0.12868704,0
0.29689154,0.70310843,1
0.21659341,0.78340656,1
0.21628068,0.7837193,1
0.2360031,0.7639969,1
0.21851033,0.7814897,1
0.24034992,0.7596501,1
0.22297822,0.77702177,1
0.6455742,0.3544258,0
0.6489336,0.3510664,0
0.35720983,0.64279014,1
0.8192691,0.1807309,0
0.78135365,0.21864636,0
0.40425363,0.59574634,0
0.5088022,0.49119782,0
0.49533552,0.5046645,0
0.50538045,0.4946196,0
0.25069034,0.7493096,1
0.5133741,0.48662588,0
0.29364163,0.70635843,1
0.29364163,0.70635843,1
0.5416975,0.45830247,0
0.5768867,0.4231133,0
0.7699093,0.23009063,0
0.89685696,0.103143,0
0.8895251,0.11047491,0
0.83412206,0.16587792,0
0.5614601,0.43853995,0
0.5203555,0.47964445,0
0.63816583,0.36183414,0
0.57906616,0.4209338,0
0.6980171,0.3019829,0
0.72002894,0.279971,0
0.72155476,0.27844527,0
0.59325284,0.40674722,1
0.6171113,0.38288873,1
0.777356,0.22264399,0
0.66318226,0.33681774,0
0.70558804,0.294412,0
0.6980171,0.3019829,1
0.7161305,0.28386945,0
0.9040212,0.095978744,0
0.8416349,0.15836509,1
0.84124786,0.15875216,1
0.6111968,0.38880312,1
0.56939363,0.4306064,0
0.5570846,0.44291538,0
0.63699806,0.36300203,0
0.6766102,0.32338986,0
0.6938049,0.30619505,0
0.26677695,0.7332231,1
0.7186464,0.2813536,0
0.7219553,0.27804473,0
0.7237093,0.27629068,0
0.64616567,0.35383433,0
0.85947496,0.14052503,1
0.48056063,0.51943934,1
0.892922,0.10707808,0
0.34435907,0.6556409,1
0.38383055,0.6161694,1
0.4067018,0.5932982,1
0.42540464,0.57459533,1
0.51005864,0.48994133,0
0.44945833,0.5505417,1
0.35323843,0.64676154,1
0.33544064,0.66455936,1
0.335116,0.664884,1
0.33740094,0.662599,1
0.47942162,0.5205784,1
0.43410334,0.56589663,1
0.3501089,0.64989114,1
0.6309076,0.36909243,0
0.2825062,0.71749383,1
0.601101,0.398899,0
0.5983387,0.40166134,0
0.54693025,0.4530698,0
0.71666855,0.28333148,0
0.7108373,0.28916273,0
0.6426677,0.35733226,0
0.64436376,0.35563624,0
0.69276863,0.30723134,0
0.76338136,0.23661861,0
0.9006672,0.09933278,0
0.619926,0.380074,0
0.6357953,0.36420467,0
0.6230223,0.37697765,0
0.6967361,0.30326387,0
0.7280558,0.2719442,0
0.85455227,0.14544772,0
0.5417035,0.45829645,1
0.3838324,0.6161676,1
0.2749704,0.7250296,1
0.2843158,0.71568424,1
0.291607,0.7083931,1
0.38990834,0.6100917,1
0.5665686,0.43343142,0
0.7096899,0.29031008,0
0.662757,0.33724305,0
0.5858344,0.41416565,0
0.6831949,0.31680515,0
0.8347737,0.16522627,0
0.517151,0.482849,0
0.5537829,0.44621715,0
0.24069722,0.75930274,1
0.569873,0.43012702,0
0.5727618,0.4272382,0
0.5757351,0.42426494,0
0.5905572,0.40944284,0
0.54634356,0.45365644,1
0.698497,0.301503,0
0.6705659,0.32943404,0
0.6933205,0.30667958,0
0.7186082,0.2813918,0
0.7245839,0.27541614,0
0.6691164,0.33088356,1
0.8644908,0.1355092,1
0.42748994,0.57251006,1
0.33257553,0.66742456,1
0.35826057,0.6417394,1
0.47514603,0.52485394,0
0.47886106,0.5211389,0
0.87856674,0.121433295,0
0.78006047,0.21993957,0
0.6458083,0.35419175,0
0.35759494,0.642405,1
0.3571715,0.6428285,1
0.37729287,0.6227072,1
0.5394363,0.46056372,0
0.39132836,0.60867167,1
0.39744595,0.602554,1
0.567973,0.43202704,0
0.6426758,0.35732418,0
0.4440945,0.55590546,1
0.38717502,0.612825,1
0.49152166,0.50847834,1
0.8182119,0.18178809,0
0.8890534,0.110946625,0
0.9096438,0.09035618,0
0.5715109,0.4284891,0
0.58236575,0.41763428,0
0.49525532,0.5047447,1
0.57552737,0.4244726,1
0.63662887,0.36337116,0
0.66124684,0.33875316,0
0.6895719,0.31042802,0
0.66336507,0.33663496,1
0.5845477,0.41545224,1
0.81248194,0.18751803,1
0.81373614,0.1862639,1
0.7966297,0.20337027,1
0.38646787,0.6135322,1
0.15074395,0.84925604,1
0.19007432,0.80992573,1
0.30241606,0.6975839,1
0.7134977,0.28650236,0
0.72105896,0.27894107,0
0.6724643,0.32753563,0
0.35854465,0.64145535,1
0.67529196,0.32470807,0
0.6317998,0.36820027,0
0.7252316,0.27476844,0
0.6369273,0.36307263,0
0.6890907,0.3109093,0
0.5808138,0.41918617,0
0.8665347,0.13346529,1
0.72117424,0.27882573,1
0.53545725,0.46454278,1
0.5359177,0.46408233,1
0.5414109,0.45858908,1
0.6031389,0.39686105,1
0.39607823,0.6039217,1
0.39607823,0.6039217,1
0.7252316,0.27476844,0
0.5984883,0.40151167,1
0.82864237,0.17135757,0
0.8649535,0.13504647,0
0.85675883,0.14324115,1
0.56153554,0.4384644,0
0.53768826,0.4623117,1
0.33439398,0.665606,1
0.3359827,0.66401726,1
0.7114003,0.28859973,0
0.72714454,0.2728554,0
0.63883305,0.36116695,1
0.898677,0.10132297,0
0.8069446,0.1930554,1
0.6313818,0.36861816,1
0.398687,0.60131294,1
0.5376758,0.46232417,1
0.5552722,0.44472778,0
0.44737262,0.55262744,1
0.62992245,0.37007755,0
0.4986456,0.5013544,1
0.8763586,0.12364141,1
0.40013418,0.5998658,1
0.42058745,0.5794126,1
0.64802986,0.35197008,0
0.44034687,0.55965316,1
0.88513684,0.11486322,0
0.92050976,0.07949024,0
0.87896514,0.12103478,0
0.55590504,0.44409493,1
0.27310404,0.726896,1
0.37071583,0.6292842,1
0.4002693,0.59973073,1
0.40527555,0.5947244,1
0.3299371,0.6700629,1
0.3936827,0.6063173,1
0.43461868,0.56538135,1
0.41819802,0.581802,1
0.65088564,0.34911433,0
0.8586926,0.14130744,0
0.8851517,0.1148483,0
0.8553405,0.14465955,0
0.91109157,0.088908434,0
0.5055597,0.4944403,0
0.56593055,0.43406945,0
0.585083,0.41491696,0
0.59629977,0.40370026,0
0.60483015,0.39516982,0
0.6489336,0.3510664,0
0.63608444,0.36391553,0
0.80300134,0.19699872,1
0.8128605,0.18713957,1
0.82411736,0.17588262,1
0.25094554,0.74905443,1
0.34121478,0.6587853,1
0.35872692,0.6412731,1
0.7170888,0.28291118,0
0.72804904,0.27195096,0
0.65661365,0.34338632,0
0.89567536,0.10432462,0
0.907059,0.09294098,0
0.87895244,0.121047564,0
0.4860101,0.51398987,1
0.5443345,0.45566547,1
0.6296416,0.37035835,0
0.6452986,0.35470146,0
0.73494726,0.26505274,0
0.87247646,0.12752356,0
0.6427197,0.3572803,0
0.5320218,0.46797815,0
0.35502833,0.6449717,1
0.3232627,0.6767373,1
0.65372866,0.34627143,0
0.6545771,0.34542298,0
0.82734835,0.1726517,0
0.8929541,0.10704591,0
0.90333277,0.09666721,0
0.884706,0.11529398,0
0.86780226,0.13219771,0
0.52751225,0.47248775,1
0.35210675,0.64789325,1
0.41742456,0.58257544,1
0.46918654,0.53081346,1
0.69553965,0.30446035,1
0.8502999,0.14970016,0
0.8490813,0.15091874,0
0.85867745,0.14132257,0
0.80877423,0.1912258,0
0.7641146,0.23588532,0
0.37699178,0.62300825,1
0.39828822,0.6017118,1
0.4031356,0.5968644,1
0.43605152,0.5639485,1
0.48933843,0.5106615,0
0.45630032,0.5436997,1
0.84670997,0.15329005,0
0.8587359,0.1412641,0
0.87410235,0.12589762,0
0.8644087,0.13559133,0
0.8967745,0.103225514,0
0.26580432,0.73419565,1
0.55398375,0.44601628,0
0.527464,0.472536,0
0.29666275,0.7033372,1
0.29581583,0.7041842,1
0.633576,0.36642402,0
0.61554074,0.38445926,0
0.78595495,0.21404505,0
0.8893014,0.11069857,0
0.80855334,0.19144668,1
0.7699039,0.23009606,1
0.47195724,0.52804273,1
0.3247622,0.67523783,1
0.14793071,0.8520693,1
0.17800298,0.82199705,1
0.29581583,0.7041842,1
0.3745037,0.6254964,0
0.4090771,0.5909229,0
0.34439155,0.6556084,1
0.8835618,0.11643827,0
0.9012027,0.09879729,0
0.8233745,0.17662543,0
0.76711094,0.23288909,0
0.57789433,0.4221057,0
0.17192395,0.8280761,1
0.2661018,0.73389816,1
0.30044523,0.69955474,1
0.40726668,0.59273326,0
0.41934928,0.5806507,0
0.70958185,0.29041815,0
0.4709074,0.5290926,0
0.69252425,0.30747575,0
0.88572824,0.11427172,0
0.9072323,0.09276775,0
0.5938494,0.4061505,1
0.4171941,0.5828059,1
0.6317998,0.36820027,0
0.70958185,0.29041815,0
0.31777233,0.6822276,1
0.90119404,0.09880596,0
0.63231164,0.3676884,0
0.2675606,0.7324394,1
0.23632157,0.7636785,1
0.18794376,0.8120563,1
0.2968095,0.70319045,1
0.68413806,0.31586194,0
0.3232627,0.6767373,1
0.3232627,0.6767373,1
0.7146852,0.2853148,0
0.80858886,0.19141115,0
0.82668763,0.17331237,0
0.83015734,0.16984265,0
0.14804144,0.8519586,1
0.19605641,0.8039436,1
0.3333368,0.66666317,1
0.3875101,0.61248994,0
0.48382333,0.5161766,0
0.36259833,0.6374016,0
0.8507504,0.14924964,0
0.8438123,0.15618768,0
0.4199194,0.58008057,1
0.35447204,0.64552796,1
0.39737362,0.6026264,0
0.38326335,0.61673665,1
0.32758474,0.6724153,1
0.21738994,0.78261006,1
0.8390467,0.16095327,0
0.85532236,0.14467762,0
0.82824093,0.17175902,0
0.40474063,0.59525937,1
0.17073426,0.8292658,1
0.54693025,0.4530698,0
0.287606,0.71239406,1
0.327225,0.672775,1
0.21206802,0.78793204,1
0.23663485,0.7633652,1
0.7864029,0.2135971,0
0.8101649,0.1898351,0
0.24277297,0.757227,1
0.27942213,0.7205779,1
0.20293728,0.79706275,1
0.50587034,0.4941296,0
0.21239233,0.7876077,1
0.2385503,0.7614497,1
0.5799164,0.42008358,0
0.23767741,0.76232255,1
0.27675483,0.7232452,1
0.3771368,0.6228632,1
0.8144716,0.18552835,0
0.5539527,0.44604734,1
0.36936155,0.6306384,1
0.5580128,0.4419873,0
0.26242948,0.7375705,1
0.586763,0.413237,0
0.64018476,0.3598152,0
0.56032336,0.4396766,0
0.56032336,0.4396766,0
0.6890342,0.31096578,0
0.56368256,0.4363174,1
0.83334285,0.16665722,1
0.73361427,0.26638573,1
0.39217088,0.60782915,1
0.6502779,0.34972206,0
0.5329194,0.46708056,0
0.22736903,0.77263105,1
0.54759413,0.45240587,0
0.23762225,0.7623777,1
0.2547214,0.7452786,1
0.57053334,0.42946666,0
0.6143412,0.38565883,0
0.59582597,0.40417403,0
0.31500956,0.68499047,1
0.6734511,0.3265489,0
0.8946481,0.10535193,0
0.90058684,0.09941319,0
0.18437828,0.8156218,1
0.22451478,0.7754852,1
0.24426231,0.75573766,1
0.26048526,0.7395147,1
0.28359383,0.71640617,1
0.7128057,0.28719437,0
0.6429517,0.3570482,0
0.32056248,0.6794376,1
0.8694379,0.13056216,0
0.9014185,0.09858145,0
0.83315897,0.16684105,0
0.5789804,0.42101958,1
0.24707319,0.7529268,1
0.25558287,0.74441713,1
0.25557202,0.744428,1
0.25592437,0.7440756,1
0.29827917,0.70172083,1
0.24089205,0.75910795,1
0.31333515,0.6866648,1
0.31499738,0.6850026,1
0.41076723,0.5892328,1
0.8322241,0.16777594,0
0.8722774,0.1277226,0
0.85017383,0.14982618,0
0.84977955,0.15022044,0
0.8163914,0.1836086,0
0.33993348,0.66006655,1
0.9105861,0.08941389,0
0.29987925,0.70012075,1
0.22765085,0.7723492,1
0.70958185,0.29041815,0
0.40656862,0.5934314,0
0.4580219,0.5419781,1
0.3111509,0.68884903,1
0.20716909,0.79283094,1
0.21494882,0.78505117,1
0.25236273,0.74763733,1
0.74305683,0.25694314,0
0.8185911,0.18140891,0
0.81234246,0.18765752,0
0.6584502,0.3415498,0
0.30883253,0.6911675,0
0.18973392,0.810266,1
0.14354105,0.85645896,1
0.15300697,0.846993,1
0.18436697,0.81563306,1
0.352737,0.64726305,0
0.68413806,0.31586194,0
0.37072587,0.62927413,0
0.8770094,0.122990645,0
0.89162976,0.108370215,0
0.78054196,0.21945798,0
0.15488282,0.8451172,1
0.2885523,0.71144766,1
0.50848037,0.4915197,0
0.62850875,0.3714913,0
0.6418364,0.3581636,0
0.21531397,0.7846861,1
0.8858719,0.114128076,0
0.89877534,0.10122463,0
0.32686707,0.6731329,1
0.17920816,0.8207919,1
0.22628324,0.7737168,1
0.5837117,0.41628835,0
0.3390511,0.6609489,1
0.62477094,0.37522906,0
0.7147605,0.28523943,0
0.8322843,0.16771573,0
0.29241273,0.7075873,1
0.3403365,0.6596635,1
0.31840813,0.68159187,1
0.91373944,0.08626054,0
0.79319376,0.2068062,0
0.57568043,0.42431954,0
0.5806036,0.41939643,0
0.366292,0.633708,1
0.386986,0.61301404,1
0.39328527,0.6067147,1
0.35188878,0.6481112,1
0.29581583,0.7041842,1
0.37983522,0.62016475,1
0.89169586,0.108304225,0
0.8369468,0.16305324,0
0.6702719,0.32972816,1
0.2639799,0.7360201,1
0.4671203,0.5328797,0
0.28199524,0.7180048,1
0.21915829,0.78084177,1
0.2687418,0.7312582,1
0.7134977,0.28650236,0
0.35114703,0.64885294,1
0.7492397,0.25076032,0
0.86744934,0.13255064,0
0.8974383,0.10256172,0
0.89308506,0.106914945,0
0.5187258,0.4812742,0
0.34352598,0.65647405,0
0.32875124,0.6712488,1
0.2593192,0.7406808,1
0.39236027,0.60763973,1
0.59911346,0.40088654,0
0.8656488,0.13435116,0
0.89335585,0.10664411,0
0.16538781,0.8346122,1
0.19272852,0.8072715,1
0.27828768,0.7217123,1
0.29743978,0.70256025,1
0.3161847,0.6838153,1
0.32392323,0.67607677,1
0.35279575,0.6472043,1
0.71162885,0.28837118,0
0.86683476,0.13316518,0
0.2455009,0.7544991,1
0.19504668,0.8049533,1
0.24178779,0.7582122,1
0.16412255,0.8358775,1
0.1844568,0.8155432,1
0.21489288,0.78510714,1
0.26137638,0.7386237,1
0.2046613,0.79533875,1
0.35010085,0.6498992,1
0.6576065,0.3423935,0
0.7899301,0.21006992,0
0.15002598,0.84997404,1
0.16070265,0.8392973,1
0.24208635,0.75791365,0
0.6555667,0.34443325,0
0.6070897,0.39291033,0
0.42459497,0.57540506,0
0.3336203,0.66637975,1
0.90432495,0.09567506,0
0.8662787,0.13372126,0
0.8100831,0.18991688,0
0.76264894,0.23735107,0
0.36275902,0.63724095,1
0.25740674,0.7425932,1
0.20947273,0.79052734,1
0.29270375,0.7072962,1
0.6682736,0.3317264,0
0.42485866,0.5751414,1
0.34413263,0.6558674,1
0.5962702,0.4037298,0
0.45665115,0.5433489,1
0.91568625,0.08431378,0
0.9093338,0.0906662,0
0.7873602,0.21263975,0
0.6044282,0.39557183,0
0.60755724,0.39244276,0
0.61012787,0.3898721,0
0.6682736,0.3317264,0
0.5757574,0.42424265,1
0.42485866,0.5751414,1
0.69092834,0.3090717,0
0.7134977,0.28650236,0
0.6944245,0.30557546,0
0.69853723,0.3014628,0
0.9009194,0.09908058,0
0.9048291,0.09517092,0
0.6011352,0.39886478,1
0.6555667,0.34443325,0
0.6555667,0.34443325,0
0.8143301,0.18566997,1
0.35685682,0.6431432,1
0.5220381,0.47796187,0
0.6786019,0.32139808,0
0.89586437,0.10413558,0
0.42167166,0.5783283,1
0.47332475,0.5266752,0
0.22444521,0.7755548,1
0.14394997,0.85605,1
0.14342603,0.856574,1
0.2947261,0.70527387,1
0.2981515,0.7018485,1
0.30149376,0.69850624,1
0.87911606,0.120883934,0
0.11985919,0.88014084,1
0.111858435,0.8881416,1
0.09510615,0.9048939,1
0.13754994,0.8624501,1
0.1408116,0.85918844,1
0.19303548,0.80696446,1
0.20290749,0.7970925,1
0.23290296,0.76709706,1
0.60321957,0.3967805,0
0.81822044,0.1817795,0
0.50509113,0.4949088,1
0.22394368,0.7760563,1
0.12255226,0.8774477,1
0.19499475,0.80500525,1
0.21916197,0.7808381,1
0.86120695,0.13879302,0
0.86462545,0.13537464,0
0.8669612,0.13303879,0
0.27900514,0.7209949,0
0.35447204,0.64552796,0
0.5845651,0.4154349,0
0.42143092,0.5785691,0
0.41418472,0.58581525,1
0.9086094,0.09139064,0
0.7810654,0.21893458,1
0.73594147,0.26405856,1
0.23170082,0.7682992,1
0.25362942,0.74637055,1
0.26055488,0.7394451,1
0.29474974,0.70525026,1
0.6172667,0.38273332,0
0.90063375,0.09936623,0
0.7972598,0.20274025,0
0.3577012,0.6422988,0
0.13678302,0.863217,1
0.23170082,0.7682992,1
0.19499475,0.80500525,1
0.17281115,0.82718885,1
0.6652225,0.3347774,0
0.85598916,0.14401083,0
0.21894556,0.78105444,0
0.331978,0.668022,0
0.6583426,0.3416574,0
0.6583426,0.3416574,0
0.5434444,0.45655555,1
0.3662889,0.6337111,1
0.29061005,0.70939,1
0.29021823,0.7097818,1
0.2905997,0.7094003,1
0.17104468,0.8289553,1
0.3422256,0.6577744,1
0.6511343,0.3488657,0
0.65250975,0.3474902,0
0.6583426,0.3416574,0
0.66581625,0.33418375,0
0.67663324,0.3233667,0
0.38017556,0.61982447,1
0.28543583,0.7145642,1
0.34774658,0.65225345,1
0.3730023,0.62699777,1
0.6511343,0.3488657,0
0.34201577,0.6579842,1
0.36580673,0.6341932,1
0.37161455,0.6283855,1
0.37416977,0.6258302,1
0.19824918,0.8017508,1
0.20241012,0.79758984,1
0.29226556,0.70773447,1
0.20752266,0.7924773,1
0.31940788,0.6805922,1
0.32590875,0.67409134,1
0.7299583,0.2700417,0
0.80704963,0.19295034,0
0.7802334,0.21976666,0
0.42563337,0.5743667,1
0.19087029,0.8091297,1
0.23580709,0.7641929,0
0.30619505,0.693805,0
0.3374321,0.6625679,0
0.34774658,0.65225345,0
0.32768458,0.6723154,0
0.9073826,0.09261743,0
0.8397952,0.16020487,0
0.71942085,0.2805792,0
0.23473199,0.765268,1
0.30379736,0.69620264,1
0.5845651,0.4154349,0
0.41743162,0.58256847,1
0.4235116,0.57648844,1
0.42442742,0.5755725,1
0.9086094,0.09139064,0
0.90822357,0.09177645,0
0.6841971,0.3158028,1
0.28053135,0.71946865,1
0.28014776,0.7198522,1
0.45882782,0.54117215,0
0.2850043,0.7149957,1
0.29226556,0.70773447,1
0.2023581,0.7976419,1
0.668736,0.33126405,0
0.6700909,0.32990912,0
0.61574036,0.38425958,0
0.8857135,0.1142865,0
0.89714193,0.102858044,0
0.8826442,0.117355846,0
0.21002293,0.7899771,1
0.16495533,0.8350446,1
0.16772392,0.8322761,1
0.14137243,0.8586276,1
0.14265008,0.8573499,1
0.14650764,0.8534924,1
0.20893055,0.79106945,1
0.39297655,0.6070234,0
0.6596718,0.3403282,0
0.53633946,0.4636605,0
0.77876085,0.22123909,0
0.63756436,0.36243567,0
0.48411292,0.5158871,0
0.4992775,0.50072247,0
0.28567532,0.7143247,1
0.28788313,0.7121169,1
0.66163427,0.3383658,0
0.59017575,0.40982428,0
0.8586758,0.14132425,0
0.8817343,0.11826566,0
0.78467697,0.21532308,1
0.4410464,0.5589536,1
0.37141743,0.6285826,1
0.4406755,0.55932444,1
0.5190327,0.48096728,0
0.66507614,0.33492386,0
0.5490089,0.45099106,0
0.8861469,0.11385307,0
0.5960064,0.40399355,0
0.31491435,0.68508565,1
0.23679765,0.7632023,1
0.24403448,0.75596553,1
0.6391518,0.36084816,0
0.6548606,0.34513938,0
0.6978464,0.30215353,1
0.62239623,0.3776038,1
0.50993377,0.49006623,1
0.4382892,0.5617108,1
0.32914725,0.6708528,1
0.3316497,0.66835034,1
0.3374321,0.6625679,1
0.34195977,0.6580402,1
0.33797908,0.662021,1
0.36619064,0.63380927,1
0.3906649,0.6093351,1
0.6172667,0.38273332,0
0.900128,0.09987203,0
0.90646505,0.09353499,0
0.9157751,0.08422486,0
0.82809913,0.17190087,0
0.35548902,0.644511,1
0.26189485,0.7381052,1
0.30978358,0.6902164,1
0.26694682,0.7330532,1
0.27600423,0.7239958,1
0.2980033,0.7019967,1
0.39310467,0.6068953,1
0.82260805,0.17739193,0
0.89775735,0.10224262,0
0.88825995,0.11173999,0
0.42200512,0.5779949,1
0.14804144,0.8519586,1
0.13343497,0.86656505,1
0.14701782,0.85298216,1
0.258423,0.741577,1
0.60460216,0.3953979,0
0.31895792,0.6810421,1
0.85338145,0.14661857,0
0.48386824,0.51613176,1
0.22122048,0.7787795,1
0.21845043,0.7815495,1
0.19582927,0.8041707,1
0.12887955,0.87112045,1
0.19797114,0.80202883,1
0.19631362,0.8036863,1
0.1570439,0.8429561,1
0.24554244,0.75445753,1
0.27168137,0.72831863,1
0.42618173,0.57381827,0
0.8282893,0.17171076,0
0.7599021,0.2400979,0
0.62345153,0.37654847,1
0.2383694,0.76163054,1
0.17811555,0.82188445,1
0.22234261,0.7776574,1
0.2405414,0.75945854,1
0.24601735,0.7539827,1
0.84963185,0.1503682,0
0.78482044,0.21517964,0
0.6428733,0.3571267,0
0.3418329,0.65816706,1
0.46066466,0.5393353,0
0.34205174,0.6579482,0
0.3316497,0.66835034,0
0.20364459,0.7963554,1
0.42531765,0.5746823,0
0.758955,0.241045,0
0.8502956,0.14970443,0
0.8827402,0.11725978,0
0.4891868,0.51081324,1
0.36972925,0.6302708,0
0.19504668,0.8049533,1
0.1839129,0.81608707,1
0.14966106,0.85033894,1
0.15295003,0.8470499,1
0.1570351,0.8429649,1
0.21873,0.78126997,1
0.5757574,0.42424265,0
0.5466049,0.4533951,0
0.25710365,0.74289626,1
0.23357682,0.7664232,1
0.30748034,0.6925196,0
0.33797908,0.662021,0
0.36311576,0.6368843,1
0.6117844,0.3882156,0
0.6172667,0.38273332,0
0.90825427,0.091745734,0
0.648709,0.35129094,1
0.5541928,0.44580716,1
0.3018802,0.6981197,1
0.5542414,0.44575858,0
0.57590395,0.42409605,0
0.60959685,0.39040315,0
0.39567214,0.60432786,1
0.6172667,0.38273332,0
0.7745582,0.22544177,1
0.3628697,0.6371303,1
0.3900203,0.6099797,1
0.25936943,0.7406305,1
0.33265525,0.6673448,1
0.34004447,0.65995556,1
0.27600423,0.7239958,1
0.2209604,0.7790396,1
0.4530027,0.5469973,0
0.7613254,0.2386745,0
0.8532036,0.14679644,0
0.34724104,0.65275896,1
0.41727948,0.5827205,0
0.18818085,0.8118191,1
0.34774658,0.65225345,0
0.35485473,0.64514524,0
0.57245904,0.4275409,0
0.5977183,0.4022817,0
0.6027542,0.39724576,0
0.2505859,0.7494141,1
0.30731127,0.6926887,1
0.8724975,0.12750246,0
0.32875124,0.6712488,0
0.44785202,0.552148,0
0.42795599,0.572044,0
0.33222276,0.66777724,0
0.3965458,0.6034542,0
0.60176176,0.3982383,0
0.52839375,0.4716063,0
0.42143092,0.5785691,1
0.42618173,0.57381827,1
0.8521221,0.14787786,0
0.7731945,0.22680548,1
0.15928148,0.8407185,1
0.33404663,0.66595334,0
0.18869741,0.81130266,1
0.2250089,0.77499115,1
0.23269346,0.76730657,1
0.7195757,0.28042427,0
0.29044387,0.7095561,0
0.34195977,0.6580402,0
0.25346342,0.7465366,0
0.6313126,0.3686874,0
0.6469385,0.3530615,0
0.5467729,0.4532271,0
0.46797678,0.5320233,0
0.42618173,0.57381827,0
0.8835797,0.11642031,0
0.894277,0.10572297,0
0.8216732,0.17832682,0
0.7422103,0.25778964,0
0.36820537,0.63179463,1
0.32915828,0.67084163,1
0.32875124,0.6712488,1
0.32914725,0.6708528,1
0.43526515,0.5647349,0
0.5608503,0.4391497,0
0.6331008,0.36689916,0
0.6378074,0.3621925,0
0.659228,0.34077194,0
0.64441127,0.3555887,0
0.92369753,0.07630246,0
0.90273595,0.09726403,0
0.8164828,0.18351714,0
0.5744902,0.42550978,1
0.32915828,0.67084163,1
0.581363,0.41863695,0
0.5747895,0.4252105,0
0.5837205,0.41627946,0
0.6331008,0.36689916,0
0.6873747,0.31262535,1
0.57230985,0.42769015,1
0.4187417,0.58125836,0
0.41094646,0.5890536,1
0.14179286,0.8582071,1
0.17555569,0.8244443,1
0.23628822,0.7637118,1
0.27637652,0.72362345,0
0.32873863,0.67126137,0
0.2793244,0.7206755,0
0.35485473,0.64514524,0
0.39236027,0.60763973,0
0.61464036,0.38535967,0
0.61464036,0.38535967,0
0.26392767,0.7360723,1
0.8200918,0.17990822,0
0.8788017,0.121198244,0
0.6457178,0.35428214,1
0.40154827,0.59845173,0
0.42006895,0.579931,0
0.42467183,0.5753282,0
0.42838496,0.57161504,0
0.61464036,0.38535967,0
0.64384663,0.3561534,0
0.21507038,0.78492963,1
0.35354993,0.6464501,1
0.7244412,0.2755588,0
0.7880616,0.21193838,1
0.8619889,0.13801108,0
0.3977227,0.6022773,1
0.43393657,0.56606346,0
0.4078275,0.5921725,0
0.3356978,0.6643022,1
0.3013807,0.69861925,1
0.48521468,0.5147854,0
0.48534986,0.5146501,0
0.6084378,0.39156222,0
0.3651008,0.6348992,1
0.8814323,0.11856769,0
0.79670054,0.20329952,1
0.8644524,0.13554764,0
0.57141197,0.428588,0
0.501191,0.49880892,0
0.41785833,0.5821417,0
0.56197774,0.43802223,0
0.62814915,0.3718508,0
0.62814915,0.3718508,0
0.6389574,0.36104268,0
0.6544366,0.3455634,0
0.51746005,0.48253995,1
0.5183964,0.48160362,1
0.6954974,0.3045027,0
0.4772635,0.5227365,1
0.54768556,0.4523144,0
0.30695292,0.6930471,1
0.39631787,0.60368216,1
0.2991523,0.7008477,1
0.6134375,0.3865625,0
0.3678358,0.63216424,1
0.6378074,0.3621925,0
0.8392781,0.16072196,0
0.89560777,0.10439228,0
0.90042937,0.09957061,0
0.92581224,0.07418773,0
0.9059595,0.09404052,0
0.9038885,0.09611147,0
0.2931904,0.7068097,1
0.29739082,0.7026091,1
0.25699562,0.7430044,1
0.6134375,0.3865625,0
0.5258763,0.47412372,0
0.8991782,0.10082174,0
0.5910588,0.40894115,0
0.6371066,0.36289343,0
0.6564232,0.34357676,0
0.6608094,0.33919054,0
0.66310036,0.3368996,0
0.8674809,0.13251913,0
0.9195882,0.08041173,0
0.4202986,0.57970136,1
0.33404663,0.66595334,1
0.35485473,0.64514524,1
0.2316726,0.7683274,1
0.6476789,0.35232103,0
0.6544366,0.3455634,0
0.42143092,0.5785691,1
0.73341346,0.2665865,1
0.78399605,0.21600395,1
0.8050832,0.19491681,1
0.7281487,0.27185124,1
0.6823275,0.31767252,1
0.41367394,0.58632606,1
0.2354908,0.7645092,1
0.3059776,0.6940224,1
0.62814915,0.3718508,0
0.8841089,0.11589116,0
0.8925237,0.10747626,0
0.88201815,0.11798185,0
0.86875755,0.13124242,0
0.8534332,0.14656687,0
0.6910586,0.3089414,0
0.5280787,0.47192135,0
0.52958184,0.47041818,0
0.62467194,0.375328,0
0.7946456,0.20535439,0
0.54673153,0.45326844,1
0.5511695,0.44883052,1
0.57618064,0.4238194,0
0.58998895,0.41001105,0
0.6125241,0.38747597,1
0.6125241,0.38747597,1
0.6125241,0.38747597,1
0.6323942,0.36760578,1
0.6544366,0.3455634,0
0.34930533,0.65069467,1
0.42531765,0.5746823,1
0.5313576,0.46864235,0
0.32021365,0.6797864,1
0.5645277,0.43547237,0
0.33889487,0.6611051,1
0.88623315,0.11376689,0
0.8656737,0.13432628,0
0.6200877,0.37991235,1
0.32914725,0.6708528,1
0.5340446,0.46595544,0
0.56591594,0.43408403,0
0.5761455,0.42385447,0
0.59602433,0.40397567,0
0.59602433,0.40397567,0
0.8669767,0.13302334,0
0.7733504,0.2266496,0
0.4854876,0.5145123,1
0.32914725,0.6708528,1
0.5105108,0.48948926,0
0.33404663,0.66595334,1
0.44758478,0.55241525,1
0.6162104,0.38378954,0
0.422544,0.577456,1
0.33552173,0.6644783,1
0.7691724,0.23082756,0
0.8317737,0.16822633,0
0.83732563,0.16267435,0
0.4329668,0.5670332,0
0.32914725,0.6708528,1
0.27558178,0.7244182,1
0.45392594,0.54607403,0
0.49279445,0.50720555,0
0.50168425,0.49831572,0
0.59602433,0.40397567,0
0.59602433,0.40397567,0
0.60718226,0.39281774,0
0.5329024,0.4670976,0
0.55818665,0.44181338,1
0.7886209,0.21137905,1
0.90605533,0.09394465,0
0.8315865,0.1684135,0
0.5280929,0.4719071,0
0.59602433,0.40397567,0
0.59602433,0.40397567,0
0.42066512,0.57933486,1
0.91243577,0.087564245,0
0.91323006,0.08677,0
0.9271026,0.07289734,0
0.85673136,0.14326864,0
0.7386245,0.2613755,0
0.5280787,0.47192135,1
0.5313576,0.46864235,1
0.5428336,0.4571663,1
0.58743346,0.41256654,1
0.6125241,0.38747597,1
0.6125241,0.38747597,1
0.75347894,0.246521,1
0.82483536,0.1751646,1
0.8840711,0.11592882,0
0.63417363,0.3658264,1
0.32875124,0.6712488,1
0.3316497,0.66835034,1
0.28735092,0.7126491,1
0.294367,0.70563304,1
0.38346824,0.6165317,1
0.85344905,0.14655095,0
0.7109184,0.28908154,1
0.28185833,0.7181417,1
0.39236027,0.60763973,1
0.33806464,0.6619354,1
0.3665914,0.6334086,1
0.6292222,0.3707778,0
0.8991629,0.10083711,0
0.28185833,0.7181417,1
0.2871456,0.7128544,1
0.2756912,0.7243088,1
0.3839152,0.6160848,1
0.3186993,0.68130076,1
0.33375338,0.66624665,1
0.32227597,0.67772406,1
0.38637516,0.6136249,1
0.62839735,0.3716027,0
0.84913725,0.15086274,0
0.88581437,0.114185646,0
0.8912142,0.10878582,0
0.19837682,0.80162317,1
0.40351385,0.5964861,0
0.25356838,0.74643165,1
0.19439673,0.80560327,1
0.19618157,0.8038184,1
0.19773027,0.80226976,1
0.63821566,0.36178437,0
0.7803754,0.21962462,0
0.77892774,0.22107218,0
0.19531474,0.80468524,1
0.2698889,0.7301111,1
0.10811438,0.89188564,1
0.2867808,0.71321917,0
0.2943345,0.7056655,0
0.3730023,0.62699777,0
0.5167789,0.48322114,0
0.59602433,0.40397567,0
0.6125241,0.38747597,0
0.4199233,0.58007663,0
0.8156468,0.18435313,0
0.61200964,0.38799036,0
0.521561,0.4784389,0
0.393828,0.60617197,0
0.52853996,0.47146,0
0.5340446,0.46595544,0
0.5428336,0.4571663,0
0.5761455,0.42385447,0
0.62814915,0.3718508,0
0.62814915,0.3718508,0
0.6392817,0.36071828,0
0.6275462,0.3724538,1
0.8805618,0.11943818,0
0.88585097,0.11414908,0
0.88891536,0.111084625,0
0.87247705,0.12752289,0
0.7873033,0.21269673,1
0.47104046,0.5289595,1
0.5071951,0.49280488,1
0.49478593,0.50521404,1
0.5378201,0.46217993,1
0.47847354,0.5215264,1
0.4454721,0.55452794,1
0.5167789,0.48322114,1
0.59602433,0.40397567,0
0.40993062,0.59006935,1
0.3940509,0.6059491,1
0.62764806,0.37235188,1
0.4412399,0.5587601,1
0.2396403,0.76035964,1
0.2291289,0.7708711,1
0.2740431,0.72595686,1
0.6232205,0.37677947,0
0.35032412,0.6496759,1
0.3323611,0.6676389,1
0.3522675,0.64773256,1
0.85163575,0.14836423,0
0.88223076,0.11776931,0
0.24227113,0.7577289,1
0.29206213,0.7079379,1
0.44426277,0.55573726,0
0.46369627,0.5363037,0
0.6266693,0.37333074,0
0.8686449,0.13135515,0
0.6442742,0.35572582,1
0.5428336,0.4571663,0
0.6125241,0.38747597,0
0.63691753,0.36308247,0
0.44706357,0.5529365,1
0.87595934,0.12404062,0
0.8828516,0.11714841,0
0.35131982,0.64868015,1
0.32028258,0.6797175,1
0.44851115,0.5514889,0
0.4575916,0.5424084,0
0.59602433,0.40397567,0
0.48842138,0.5115787,0
0.59602433,0.40397567,0
0.59602433,0.40397567,0
0.50956,0.49044007,0
0.31977615,0.6802238,1
0.5099325,0.4900675,1
0.39512107,0.60487896,0
0.3808019,0.61919814,1
0.3817765,0.6182235,1
0.40807742,0.5919225,1
0.3404328,0.65956724,1
0.29233927,0.7076608,1
0.3078677,0.6921323,1
0.51897717,0.4810228,1
0.8192341,0.18076597,0
0.87197936,0.12802067,0
0.8690899,0.1309101,0
0.7697518,0.23024821,0
0.72929436,0.2707056,0
0.44503444,0.55496556,0
0.26051897,0.73948103,1
0.26189485,0.7381052,1
0.15289067,0.8471094,1
0.5190327,0.48096728,0
0.5190327,0.48096728,0
0.3387799,0.66122013,1
0.343497,0.65650296,1
0.43968368,0.5603163,0
0.4406078,0.5593922,0
0.4415059,0.55849415,0
0.42222005,0.57777995,0
0.45009938,0.5499006,0
0.5205158,0.47948423,0
0.58743346,0.41256654,0
0.59602433,0.40397567,0
0.6162104,0.38378954,0
0.5897602,0.41023982,0
0.5515896,0.44841045,1
0.57334155,0.42665842,1
0.65811,0.34188998,0
0.45009938,0.5499006,0
0.52787,0.47212997,0
0.5473587,0.4526413,0
0.5188641,0.48113582,0
0.5400975,0.45990258,0
0.37181646,0.6281835,1
0.40418342,0.5958166,1
0.4051385,0.59486157,1
0.669275,0.33072498,1
0.7925003,0.20749967,1
0.27921325,0.7207867,1
0.3494815,0.65051854,1
0.342833,0.657167,1
0.36346892,0.6365311,1
0.37390968,0.6260903,1
0.39328527,0.6067147,1
0.43672398,0.563276,0
0.82865345,0.1713465,0
0.33835983,0.6616402,1
0.33834702,0.661653,1
0.33806464,0.6619354,1
0.3232627,0.6767373,1
0.40834552,0.59165454,1
0.3032985,0.6967015,1
0.36751243,0.6324876,1
0.42093018,0.5790698,0
0.8233274,0.17667256,0
0.25441465,0.7455854,1
0.23101394,0.76898605,1
0.23660155,0.7633984,1
0.20876092,0.791239,1
0.2226216,0.7773784,1
0.2566895,0.74331045,1
0.29194131,0.7080587,1
0.3402126,0.65978736,0
0.4137883,0.58621174,0
0.78031814,0.21968187,0
0.5059436,0.49405634,0
0.34066498,0.65933496,0
0.20774671,0.7922533,1
0.22728513,0.77271485,1
0.25762767,0.7423723,1
0.3146881,0.68531185,0
0.7939403,0.20605968,0
0.74654937,0.25345063,0
0.32515702,0.67484295,0
0.26628903,0.733711,0
0.17223522,0.82776475,1
0.17197247,0.82802755,1
0.09805216,0.9019478,1
0.23817274,0.7618273,1
0.3089803,0.6910198,1
0.12181691,0.8781831,1
0.17766012,0.82233983,0
0.174732,0.825268,1
0.19730026,0.80269974,0
0.78296024,0.21703969,0
0.7767076,0.22329243,0
0.7691092,0.23089083,0
0.44166297,0.55833703,0
0.31327197,0.686728,1
0.10077355,0.8992264,1
0.20739579,0.79260427,0
0.25568834,0.74431163,0
0.29720286,0.7027972,0
0.29815692,0.7018431,0
0.31731087,0.6826892,0
0.30128247,0.6987175,0
0.7769928,0.22300717,0
0.29686382,0.70313627,0
0.4591937,0.5408063,0
0.3899642,0.6100358,0
0.40818506,0.5918149,0
0.39051932,0.6094807,0
0.37724152,0.6227585,1
0.5597336,0.44026637,0
0.7192026,0.28079742,0
0.7853874,0.21461259,0
0.78629935,0.21370059,1
0.5467701,0.4532299,1
0.34597212,0.65402794,1
0.2968095,0.70319045,1
0.3791213,0.6208787,1
0.39639023,0.60360974,1
0.377949,0.622051,1
0.8726567,0.12734328,0
0.83557606,0.16442391,0
0.7091277,0.29087222,1
0.6392817,0.36071828,0
0.6266693,0.37333074,0
0.8445937,0.15540627,0
0.8704007,0.12959929,0
0.922172,0.07782795,0
0.8963864,0.10361363,0
0.64641345,0.35358652,1
0.23677093,0.7632291,1
0.25064278,0.7493572,1
0.27365142,0.7263485,1
0.3056481,0.69435185,1
0.39390358,0.60609645,1
0.40289298,0.597107,1
0.42154044,0.57845956,1
0.35210696,0.647893,1
0.35296297,0.6470371,1
0.3923505,0.6076495,1
0.7536905,0.24630952,0
0.20668995,0.79331005,1
0.1937694,0.8062306,1
0.43889233,0.5611077,0
0.28855914,0.7114408,1
0.39565098,0.604349,1
0.59636295,0.40363708,0
0.52380556,0.47619438,0
0.8477009,0.15229912,0
0.45956457,0.54043543,1
0.3527383,0.64726174,1
0.30942926,0.6905708,1
0.28642863,0.71357137,1
0.18348956,0.81651044,1
0.23378786,0.76621217,1
0.27206406,0.72793597,1
0.34707847,0.65292156,1
0.33817506,0.66182494,1
0.8445937,0.15540627,0
0.7909749,0.20902503,0
0.7762243,0.22377571,0
0.75008374,0.2499163,0
0.65668416,0.34331587,0
0.42890057,0.5710994,1
0.33925858,0.66074145,1
0.2067316,0.7932684,1
0.22660342,0.7733967,1
0.2509532,0.7490468,1
0.29393184,0.70606816,1
0.22571628,0.77428377,1
0.34254298,0.657457,0
0.8755973,0.12440273,0
0.851657,0.14834309,0
0.27448788,0.72551215,1
0.22685038,0.7731496,1
0.23672144,0.7632786,1
0.41389766,0.5861023,0
0.27894756,0.72105235,1
0.4004296,0.5995704,0
0.8822696,0.11773042,0
0.7404751,0.25952485,0
0.29098147,0.7090185,1
0.64835703,0.35164294,0
0.8535617,0.14643833,0
0.8269574,0.1730426,0
0.7466231,0.2533769,0
0.6261017,0.37389827,1
0.3167552,0.6832448,1
0.31830022,0.68169975,1
0.5703442,0.42965585,0
0.6003623,0.39963773,0
0.49886748,0.5011325,0
0.6204696,0.3795303,0
0.6439088,0.35609126,0
0.64495444,0.35504556,0
0.8835031,0.11649693,0
0.58541507,0.41458493,1
0.22923325,0.7707668,1
0.31175292,0.6882471,1
0.47330892,0.526691,0
0.47330892,0.526691,0
0.819528,0.18047203,0
0.8536388,0.14636113,0
0.7524977,0.24750234,0
0.36583924,0.6341608,0
0.22626153,0.7737385,1
0.23645008,0.76354986,1
0.20859273,0.7914072,1
0.2267674,0.7732326,1
0.62505275,0.37494728,0
0.76890516,0.23109475,0
0.42590165,0.57409835,1
0.5091489,0.4908511,0
0.22908749,0.7709126,1
0.19377725,0.8062228,1
0.22626153,0.7737385,1
0.25468457,0.74531543,1
0.3068055,0.6931945,1
0.47546577,0.5245342,0
0.34187508,0.6581249,1
0.31502783,0.68497217,1
0.3277867,0.67221326,1
0.34918934,0.65081066,1
0.27744988,0.72255015,1
0.25659847,0.7434015,1
0.25143534,0.74856466,1
0.26314646,0.7368536,1
0.28709197,0.712908,1
0.2945021,0.70549786,1
0.32706502,0.67293495,1
0.8070507,0.19294927,0
0.72835624,0.27164373,0
0.43048632,0.5695137,1
0.221159,0.77884096,1
0.21011056,0.7898894,1
0.22011553,0.77988446,1
0.27804944,0.7219506,1
0.3383274,0.6616726,0
0.74867666,0.2513234,0
0.8744905,0.12550946,0
0.877981,0.12201895,0
0.5369575,0.46304244,0
0.24978815,0.7502119,1
0.25376746,0.74623257,1
0.28102618,0.7189739,1
0.3036207,0.69637936,1
0.3068055,0.6931945,1
0.3330112,0.6669888,1
0.80844533,0.19155474,0
0.8710708,0.12892914,0
0.8835411,0.11645885,0
0.8359636,0.1640364,0
0.80115896,0.19884105,0
0.8085219,0.19147812,0
0.34469494,0.655305,1
0.24800426,0.75199574,1
0.22699441,0.7730056,1
0.22935483,0.77064514,1
0.22164677,0.7783533,1
0.42771223,0.5722878,0
0.11823504,0.881765,1
0.118229814,0.8817702,1
0.21304815,0.7869519,1
0.36872968,0.63127035,0
0.43524918,0.5647508,0
0.60959685,0.39040315,0
0.4010121,0.59898794,0
0.87024415,0.12975582,0
0.73656,0.26344007,0
0.3363915,0.66360843,0
0.29453084,0.70546913,1
0.22864611,0.7713539,1
0.25920242,0.7407976,1
0.34429538,0.6557047,0
0.56555307,0.43444687,0
0.5845651,0.4154349,0
0.5845651,0.4154349,0
0.5526025,0.44739747,0
0.47544834,0.52455163,0
0.47757557,0.5224244,0
0.4785113,0.52148867,0
0.47942045,0.5205795,0
0.65871406,0.34128597,0
0.60142994,0.39857006,1
0.37763688,0.62236315,1
0.35507464,0.6449254,1
0.25644362,0.7435564,1
0.55727196,0.44272804,0
0.6279052,0.3720948,0
0.5156327,0.48436725,0
0.77155155,0.22844838,0
0.26138264,0.7386174,1
0.23331992,0.7666801,1
0.23684096,0.7631591,1
0.5963941,0.40360585,0
0.5026745,0.49732554,0
0.6235811,0.3764188,0
0.8306729,0.16932705,0
0.77202976,0.22797023,0
0.580353,0.419647,1
0.2808915,0.71910846,1
0.26213005,0.73787004,1
0.28779668,0.71220326,1
0.5167789,0.48322114,0
0.6361822,0.3638178,0
0.49210337,0.50789666,0
0.53785443,0.4621456,0
0.5467729,0.4532271,0
0.5515896,0.44841045,0
0.8053789,0.1946211,0
0.87461233,0.12538768,0
0.90784,0.09216001,0
0.31173486,0.68826514,1
0.2817903,0.7182097,1
0.40636054,0.5936395,0
0.32351565,0.6764844,1
0.2893763,0.7106237,1
0.4370555,0.56294453,1
0.41519752,0.5848025,1
0.73190314,0.26809692,1
0.25231817,0.7476818,1
0.27921325,0.7207867,1
0.3289486,0.6710514,1
0.35945514,0.64054483,1
0.37853456,0.62146544,1
0.64248914,0.3575109,0
0.646719,0.35328102,0
0.83591884,0.16408111,0
0.18478423,0.81521577,1
0.2105481,0.78945184,1
0.18107271,0.8189273,1
0.2231257,0.7768743,1
0.24803908,0.7519609,1
0.28417453,0.71582544,1
0.30999807,0.69000196,1
0.31587115,0.6841288,1
0.40211177,0.5978882,0
0.4829996,0.51700044,0
0.7644591,0.23554099,0
0.880799,0.11920099,0
0.4380266,0.5619734,0
0.3192683,0.6807317,1
0.18703532,0.8129647,1
0.14984918,0.8501508,1
0.13475235,0.86524767,1
0.17121735,0.8287826,1
0.16499713,0.8350029,1
0.15623496,0.843765,1
0.14746591,0.85253406,1
0.3404328,0.65956724,0
0.51853156,0.48146844,0
0.5233909,0.47660914,0
0.78036684,0.2196332,0
0.81083554,0.18916444,0
0.81052905,0.1894709,0
0.40634865,0.59365135,0
0.35168937,0.64831066,0
0.22165021,0.77834976,1
0.22580077,0.7741992,1
0.22846559,0.7715344,1
0.31029114,0.6897088,1
0.2659634,0.73403656,1
0.60141397,0.39858603,0
0.6571064,0.34289357,0
0.6327744,0.36722562,0
0.86817706,0.1318229,0
0.4314673,0.5685327,1
0.32862252,0.6713775,1
0.27439493,0.725605,1
0.26859078,0.73140925,1
0.38446805,0.615532,1
0.41476074,0.58523923,1
0.4967899,0.5032102,0
0.2778347,0.7221653,1
0.4354248,0.56457525,1
0.3410825,0.6589175,1
0.47938022,0.52061987,0
0.74846315,0.25153685,0
0.31814772,0.6818523,1
0.2818883,0.7181117,1
0.30526593,0.69473404,1
0.33933657,0.6606634,1
0.47011533,0.5298847,0
0.7481827,0.25181735,1
0.36239636,0.63760364,1
0.32845393,0.67154604,1
0.3503287,0.6496713,1
0.24154425,0.75845575,1
0.30344525,0.6965547,1
0.87130105,0.1286989,0
0.8240568,0.17594327,0
0.80799955,0.19200046,0
0.34837,0.65163004,0
0.32899258,0.6710074,1
0.34402746,0.65597254,1
0.4704725,0.5295275,0
0.8313747,0.16862534,0
0.7975266,0.20247336,1
0.81022877,0.18977119,0
0.72216004,0.27783996,1
0.5699594,0.43004054,1
0.13219804,0.867802,1
0.13426553,0.8657345,1
0.12217255,0.87782747,1
0.13660394,0.8633961,1
0.61486304,0.38513705,0
0.43671533,0.5632847,0
0.47151795,0.5284821,0
0.6892495,0.31075048,0
0.7626486,0.23735143,0
0.4232503,0.5767497,0
0.32282513,0.67717487,0
0.41178975,0.5882102,0
0.48575914,0.5142408,0
0.43241516,0.5675849,1
0.44428384,0.55571616,1
0.4964939,0.5035061,0
0.57874817,0.42125183,0
0.770023,0.22997703,0
0.883936,0.11606405,0
0.8805205,0.119479515,0
0.29022118,0.70977885,1
0.20608294,0.79391706,1
0.22763844,0.7723616,1
0.40463275,0.59536725,0
0.46231526,0.53768474,0
0.43698165,0.5630184,0
0.7410884,0.2589116,0
0.45267236,0.54732764,0
0.339462,0.660538,1
0.29265755,0.7073425,1
0.40681556,0.5931845,1
0.46390694,0.5360931,0
0.6339711,0.3660289,0
0.5207321,0.4792679,0
0.8696397,0.13036034,0
0.88746,0.11254006,0
0.3043948,0.6956052,1
0.24294312,0.7570569,1
0.28877535,0.71122456,1
0.3314759,0.66852415,1
0.7061887,0.29381123,0
0.90234065,0.09765933,0
0.76276624,0.23723376,1
0.57155377,0.42844617,0
0.5912947,0.40870526,0
0.65309054,0.34690955,0
0.4931345,0.5068655,1
0.49569362,0.5043064,1
0.72122765,0.27877238,0
0.9109899,0.08901009,0
0.9024018,0.09759819,0
0.7701861,0.22981381,1
0.5881101,0.41188997,0
0.70561916,0.2943808,0
0.67633736,0.32366264,0
0.688783,0.31121698,1
0.8742314,0.12576859,0
0.89293534,0.10706465,0
0.6708088,0.32919124,1
0.55390507,0.44609496,1
0.44538414,0.5546159,1
0.22632708,0.773673,1
0.27617106,0.7238289,1
0.23553254,0.7644674,1
0.45393828,0.54606164,1
0.8947459,0.10525404,0
0.90269583,0.097304165,0
0.3213722,0.6786278,1
0.31169614,0.6883038,1
0.472435,0.52756506,0
0.86831206,0.13168794,0
0.88607264,0.113927364,0
0.90173924,0.098260745,0
0.5019877,0.49801227,0
0.3568665,0.6431334,1
0.34736672,0.6526333,1
0.311337,0.68866307,1
0.5967022,0.4032978,0
0.67851704,0.32148293,0
0.6817182,0.31828183,0
0.6840844,0.31591552,0
0.70718455,0.29281548,0
0.89226294,0.10773713,0
0.4816314,0.51836854,1
0.33508185,0.6649181,1
0.56270087,0.4372991,0
0.5653551,0.43464482,0
0.5690816,0.43091834,0
0.5993462,0.4006538,0
0.4501763,0.54982364,1
0.43385032,0.56614965,1
0.41331717,0.5866828,1
0.7030895,0.29691055,0
0.7046974,0.29530266,0
0.89318216,0.10681779,0
0.90226126,0.09773869,0
0.80903774,0.19096223,1
0.7729885,0.22701147,1
0.26161513,0.7383849,1
0.2971176,0.7028824,1
0.45884195,0.5411581,0
0.45884195,0.5411581,0
0.40367115,0.59632885,1
0.7047049,0.29529515,0
0.45221633,0.5477836,1
0.40188515,0.5981149,1
0.8241865,0.17581354,0
0.909452,0.09054797,0
0.38757822,0.61242175,1
0.6059022,0.39409778,0
0.4548566,0.5451434,1
0.91930413,0.08069584,0
0.91066587,0.08933416,0
0.38688785,0.61311215,1
0.39973223,0.60026777,1
0.65175956,0.3482404,0
0.6621128,0.33788723,0
0.66453916,0.33546084,0
0.69176686,0.30823314,0
0.6954799,0.30452007,0
0.71308863,0.28691134,0
0.7311966,0.26880345,0
0.903254,0.09674606,0
0.9117222,0.088277854,0
0.9124727,0.087527335,0
0.779697,0.220303,1
0.38535798,0.614642,1
0.3058595,0.69414055,1
0.31911144,0.68088853,1
0.33993462,0.66006535,1
0.39021364,0.6097864,1
0.4254371,0.57456297,1
0.72376806,0.2762319,0
0.48481354,0.51518655,1
0.5004939,0.4995061,1
0.8942644,0.10573555,0
0.9074406,0.09255935,0
0.71285933,0.28714064,0
0.42436773,0.57563233,1
0.5361787,0.46382123,0
0.54650664,0.4534933,0
0.62688464,0.3731154,0
0.6366505,0.36334944,0
0.6931563,0.30684376,0
0.7227748,0.27722526,0
0.8873988,0.112601265,0
0.8990776,0.10092235,0
0.5789108,0.42108914,0
0.6813221,0.31867793,1
0.72946817,0.27053183,0
0.7450618,0.25493813,0
0.5636388,0.43636125,0
0.5647144,0.43528572,1
0.6992973,0.30070272,0
0.7283429,0.27165708,0
0.8225901,0.17740989,0
0.8832,0.11679998,0
0.5586216,0.44137844,1
0.6992973,0.30070272,0
0.72401255,0.27598745,0
0.72728574,0.2727143,0
0.91337395,0.08662603,0
0.9082852,0.09171477,0
0.78473437,0.21526562,1
0.59697676,0.40302327,0
0.66124684,0.33875316,0
0.7028877,0.2971123,0
0.71343565,0.2865643,1
0.89187574,0.10812426,0
0.9198166,0.08018339,0
0.8827265,0.11727348,1
0.7214729,0.2785271,1
0.48783824,0.51216173,1
0.49163172,0.50836825,1
0.5030808,0.4969193,1
0.4550783,0.54492164,1
0.6299147,0.3700853,1
0.5788841,0.42111588,1
0.5824668,0.41753322,1
0.88294196,0.1170581,0
0.9119484,0.08805163,0
0.56605154,0.4339485,0
0.31666964,0.6833303,1
0.48231688,0.5176831,1
0.4833611,0.516639,1
0.4851417,0.5148583,1
0.67970437,0.32029566,0
0.55079436,0.44920564,1
0.6975875,0.3024125,0
0.7433859,0.2566141,0
0.88287383,0.11712623,0
0.89566535,0.104334645,0
0.71206534,0.2879347,1
0.33990464,0.66009533,1
0.67962384,0.3203761,0
0.6892261,0.31077388,0
0.7073923,0.29260772,0
0.43479896,0.565201,1
0.22146565,0.77853435,1
0.2253597,0.7746403,1
0.1824044,0.8175956,1
0.24643795,0.75356203,1
0.23192643,0.7680736,1
0.20035611,0.7996439,1
0.6430589,0.35694116,0
0.6873999,0.31260005,0
0.88733214,0.112667926,0
0.60821337,0.39178655,0
0.42342442,0.5765755,0
0.26886788,0.73113215,1
0.26923186,0.73076814,1
0.4357766,0.56422347,0
0.48331547,0.5166846,0
0.6504616,0.34953842,0
0.61135226,0.38864768,0
0.61305624,0.38694376,0
0.78896403,0.21103595,0
0.8737389,0.12626109,0
0.8749188,0.12508121,0
0.72880447,0.27119547,1
0.25365263,0.74634737,1
0.28685975,0.71314025,1
0.1393666,0.8606334,1
0.5642119,0.43578804,0
0.6377936,0.36220637,0
0.68413806,0.31586194,0
0.61475265,0.38524735,0
0.9086095,0.09139052,0
0.91186005,0.08813994,0
0.90824234,0.09175768,0
0.61523443,0.38476554,0
0.6683478,0.33165228,0
0.43002653,0.5699734,1
0.72985053,0.27014944,0
0.73333097,0.26666903,0
0.8736669,0.12633306,0
0.9219302,0.07806982,0
0.85918146,0.14081858,1
0.52357954,0.4764205,1
0.61943966,0.38056037,1
0.45032007,0.54967993,1
0.46979457,0.5302054,1
0.62124443,0.3787556,1
0.6428915,0.35710853,1
0.72024035,0.2797596,0
0.7274229,0.2725771,0
0.73040867,0.2695913,0
0.72539645,0.2746035,0
0.73263925,0.26736075,0
0.91099435,0.08900565,0
0.88890064,0.11109936,0
0.7177573,0.28224275,0
0.5332625,0.46673748,0
0.5969647,0.4030353,0
0.65694714,0.3430529,0
0.6616055,0.3383946,0
0.7266511,0.273349,0
0.77874446,0.22125554,0
0.84154576,0.15845427,0
0.8937752,0.10622478,0
0.902307,0.09769299,0
0.89822435,0.10177567,0
0.61807036,0.3819296,0
0.632686,0.36731398,1
0.64233655,0.3576635,1
0.8963632,0.103636794,0
0.75838655,0.24161342,1
0.54868335,0.4513167,1
0.47790945,0.52209055,1
0.3712996,0.62870044,1
0.37382278,0.6261772,1
0.6848617,0.31513828,0
0.7028877,0.2971123,0
0.73040867,0.2695913,0
0.73263925,0.26736075,0
0.7306266,0.2693734,0
0.72570205,0.27429795,0
0.6143637,0.38563636,1
0.57607806,0.42392197,0
0.55655986,0.4434401,1
0.5575917,0.44240835,1
0.5193306,0.48066944,1
0.7028877,0.2971123,0
0.6521142,0.34788585,1
0.7093497,0.2906503,0
0.72540337,0.2745966,0
0.73040867,0.2695913,0
0.71536887,0.28463107,0
0.7323999,0.26760006,0
0.90030473,0.09969533,0
0.8931633,0.10683668,0
0.85848236,0.14151765,0
0.64084,0.3591601,0
0.6497973,0.35020268,0
0.6606723,0.33932772,0
0.67041165,0.32958838,0
0.71442413,0.28557584,0
0.9202703,0.079729676,0
0.86689764,0.13310237,1
0.6562723,0.34372768,1
0.6053442,0.39465588,1
0.6349057,0.36509424,1
0.64633507,0.35366496,0
0.6497973,0.35020268,0
0.67739487,0.32260513,1
0.68744916,0.3125508,1
0.72316235,0.27683762,1
0.9049637,0.095036276,1
0.91394943,0.08605061,1
0.9189463,0.08105372,0
0.9118607,0.08813923,1
0.8129457,0.18705426,1
0.7939026,0.20609741,1
0.63350624,0.3664938,0
0.66710943,0.33289063,0
0.6784578,0.32154226,0
0.69737977,0.30262026,0
0.7017207,0.29827926,0
0.7048316,0.29516846,0
0.6922882,0.30771178,1
0.8963362,0.10366379,0
0.9013022,0.09869778,0
0.8979623,0.10203771,1
0.9009349,0.09906513,0
0.8268348,0.17316522,1
0.79088897,0.20911106,1
0.738531,0.26146904,1
0.7048316,0.29516846,0
0.61493844,0.38506153,1
0.6700237,0.3299763,1
0.6623553,0.3376447,1
0.5220325,0.47796747,1
0.66791266,0.33208728,1
0.8117863,0.18821378,0
0.85725677,0.14274323,0
0.6342594,0.36574057,0
0.6510664,0.34893358,0
0.6580155,0.34198454,0
0.70508564,0.2949144,0
0.6509371,0.34906286,1
0.7262561,0.27374387,0
0.72828674,0.27171323,0
0.69538885,0.30461112,0
0.89729375,0.10270625,1
0.55564016,0.44435993,1
0.29686382,0.70313627,1
0.5127505,0.4872494,1
0.6384753,0.3615247,1
0.66509,0.33491,0
0.43876457,0.5612354,1
0.6503731,0.34962687,0
0.7311886,0.26881137,0
0.79989374,0.20010626,0
0.9066311,0.09336894,0
0.90526867,0.09473134,0
0.6182924,0.38170764,0
0.5571275,0.4428725,1
0.5733028,0.42669716,1
0.59272933,0.40727064,0
0.7028877,0.2971123,0
0.50110644,0.4988935,1
0.39516023,0.60483974,1
0.6907849,0.3092152,0
0.6860412,0.31395882,0
0.89029944,0.10970051,0
0.65640616,0.34359387,1
0.2756712,0.72432876,1
0.4729311,0.527069,1
0.47740093,0.5225991,1
0.48723114,0.51276886,1
0.5404314,0.45956865,1
0.6741894,0.32581067,0
0.64649236,0.3535076,0
0.7707364,0.22926359,1
0.8242906,0.17570944,0
0.78259957,0.21740046,0
0.5645344,0.43546563,1
0.57590395,0.42409605,1
0.6981388,0.3018612,0
0.69052047,0.3094795,0
0.7078588,0.29214126,0
0.7307654,0.2692346,0
0.88425046,0.11574957,0
0.8787721,0.121227935,0
0.6286199,0.37138006,1
0.64895725,0.35104275,1
0.70038044,0.29961953,1
0.723939,0.27606094,0
0.68547475,0.31452522,1
0.7253642,0.2746358,0
0.8836906,0.11630941,0
0.9005643,0.09943569,0
0.88579136,0.11420861,1
0.666084,0.33391598,1
0.38057575,0.6194243,1
0.17255148,0.82744855,1
0.22195977,0.77804023,1
0.8598463,0.14015372,0
0.4401897,0.55981034,0
0.59643835,0.40356162,0
0.8637469,0.13625312,0
0.88570327,0.11429675,0
0.34245557,0.65754443,1
0.4060383,0.59396166,1
0.55859786,0.4414022,0
0.31780985,0.6821901,1
0.38325304,0.61674696,1
0.5057295,0.49427053,1
0.48638374,0.51361626,1
0.79637206,0.20362799,0
0.43226582,0.5677342,0
0.30248505,0.69751495,1
0.2733669,0.7266331,1
0.25410318,0.74589676,1
0.35802475,0.6419753,1
0.18527094,0.81472903,1
0.71278965,0.28721038,0
0.86923283,0.13076721,0
0.9006089,0.099391095,0
0.8254091,0.17459087,0
0.31487823,0.6851217,1
0.2310796,0.7689204,1
0.3220632,0.67793685,1
0.45876163,0.5412383,0
0.37590894,0.6240911,1
0.5400184,0.45998165,0
0.61539656,0.38460353,0
0.56042504,0.43957493,0
0.8476165,0.15238354,0
0.86766845,0.13233155,0
0.89715755,0.10284248,0
0.875748,0.12425195,0
0.8214817,0.17851828,0
0.52359474,0.47640526,1
0.54048306,0.45951694,1
0.6049715,0.39502847,0
0.5710182,0.42898175,1
0.64016914,0.35983086,1
0.6704398,0.32956022,0
0.89699066,0.10300936,0
0.77993417,0.22006579,1
0.608357,0.391643,1
0.628577,0.37142298,0
0.56230897,0.4376911,1
0.508859,0.49114102,1
0.5715008,0.4284992,1
0.4991671,0.50083286,1
0.68331045,0.31668955,0
0.70316714,0.29683283,0
0.7320367,0.2679633,1
0.87065953,0.1293404,1
0.82879454,0.17120548,1
0.7340453,0.2659547,0
0.20320609,0.7967939,1
0.24124186,0.7587581,1
0.24234787,0.75765216,1
0.2522665,0.7477335,1
0.2953814,0.7046186,1
0.67641085,0.32358918,0
0.6434721,0.35652792,0
0.48307976,0.5169202,0
0.73141503,0.26858497,0
0.8370429,0.16295712,0
0.63435435,0.36564562,0
0.47349492,0.52650505,0
0.43618718,0.56381285,0
0.3686747,0.63132536,0
0.5819857,0.41801432,0
0.5423258,0.4576742,0
0.51806486,0.4819351,1
0.50206155,0.49793845,1
0.87936586,0.120634094,0
0.87558633,0.12441368,0
0.53043854,0.46956143,0
0.43607882,0.5639212,1
0.5431462,0.45685378,1
0.48894635,0.5110537,1
0.30001217,0.6999878,1
0.4783322,0.52166784,1
0.6707476,0.32925245,0
0.8865163,0.11348376,0
0.81402624,0.18597378,0
0.67795926,0.32204077,0
0.42000335,0.57999665,1
0.44080874,0.5591912,1
0.5719021,0.4280979,0
0.48842138,0.5115787,1
0.48842138,0.5115787,1
0.5668544,0.4331455,1
0.6257389,0.37426108,0
0.6658005,0.33419946,0
0.7603705,0.23962955,0
0.8876336,0.11236645,0
0.7255853,0.27441472,0
0.50614756,0.49385247,0
0.4854538,0.51454616,0
0.5337638,0.46623614,0
0.53480434,0.4651957,0
0.54303,0.45696998,0
0.59661514,0.40338483,0
0.62604755,0.3739524,0
0.2120438,0.7879562,1
0.21482766,0.78517234,1
0.6641307,0.33586937,0
0.64864033,0.35135967,0
0.82373977,0.1762603,0
0.5795096,0.42049035,0
0.58271366,0.41728643,0
0.63165414,0.36834595,1
0.81969005,0.18031,0
0.87897336,0.121026605,0
0.89276356,0.1072365,0
0.5795096,0.42049035,1
0.66008157,0.33991843,0
0.6662055,0.33379453,1
0.6707476,0.32925245,1
0.6822708,0.31772918,1
0.8950863,0.10491376,0
0.6041747,0.39582536,1
0.5543707,0.44562927,1
0.57212764,0.42787236,1
0.6236431,0.37635693,0
0.5925079,0.4074921,1
0.6426758,0.35732418,0
0.6469385,0.3530615,0
0.75144047,0.24855955,0
0.8614115,0.13858853,0
0.89587414,0.104125865,0
0.896799,0.103201,0
0.5280787,0.47192135,0
0.4920346,0.5079654,1
0.30001217,0.6999878,1
0.64753705,0.35246292,0
0.6990033,0.3009968,0
0.89274055,0.10725946,0
0.84466463,0.15533537,0
0.57914144,0.4208586,0
0.55964047,0.44035947,0
0.52942216,0.4705779,1
0.53211045,0.46788955,1
0.49381942,0.5061806,1
0.25538453,0.74461544,1
0.39205262,0.60794735,1
0.4916019,0.508398,1
0.89494616,0.10505376,0
0.7236667,0.27633327,0
0.574816,0.425184,0
0.3787231,0.6212769,1
0.42670268,0.5732973,1
0.48403764,0.51596236,1
0.5620629,0.43793705,0
0.5925079,0.4074921,0
0.48047346,0.5195265,1
0.6791388,0.32086128,0
0.55177736,0.4482226,1
0.89284414,0.10715583,0
0.7961727,0.20382738,1
0.8404167,0.1595832,0
0.7269417,0.27305824,0
0.61237884,0.3876211,0
0.5825749,0.4174251,0
0.647963,0.352037,0
0.6389269,0.3610731,0
0.6857605,0.31423944,0
0.6938932,0.30610678,0
0.8998289,0.10017115,0
0.9095485,0.09045141,0
0.9159068,0.08409317,0
0.9120683,0.08793172,0
0.8033753,0.19662468,0
0.61283004,0.38716987,0
0.6123924,0.38760754,0
0.6138099,0.38619006,0
0.6395888,0.3604112,0
0.6727385,0.32726154,0
0.70479506,0.29520497,0
0.8501341,0.14986594,0
0.8888175,0.11118247,0
0.91436267,0.08563732,0
0.90816593,0.091834016,0
0.6295604,0.3704396,0
0.63864046,0.36135945,0
0.6923091,0.30769092,0
0.6431067,0.35689324,1
0.70479506,0.29520497,1
0.851422,0.14857802,0
0.8654595,0.13454056,0
0.41293535,0.5870647,1
0.32773724,0.6722627,1
0.42681113,0.57318884,1
0.54303,0.45696998,1
0.3908253,0.6091747,1
0.5245069,0.4754931,0
0.54303,0.45696998,1
0.63334113,0.36665893,0
0.19207767,0.8079223,1
0.6723508,0.32764918,0
0.72691244,0.2730876,0
0.8828595,0.11714047,0
0.89067143,0.10932857,0
0.5043002,0.49569976,0
0.56859374,0.43140626,0
0.5766949,0.42330512,0
0.5777655,0.42223445,0
0.58400124,0.4159987,0
0.6041669,0.3958331,0
0.30781955,0.69218045,1
0.64384663,0.3561534,0
0.6031244,0.39687562,0
0.6912646,0.30873543,0
0.3528954,0.64710456,1
0.18299241,0.81700754,1
0.13292012,0.8670799,1
0.19320053,0.8067995,1
0.27355424,0.7264458,1
0.3862368,0.6137633,0
0.6243359,0.3756641,0
0.543096,0.45690393,0
0.67212564,0.32787433,0
0.24441423,0.75558573,1
0.5309699,0.46903008,0
0.5408337,0.45916626,0
0.4193321,0.5806679,0
0.60737926,0.3926207,0
0.595407,0.404593,0
0.6526112,0.34738886,0
0.6698207,0.33017927,0
0.61767995,0.38231996,0
0.87237173,0.12762827,0
0.8855871,0.11441286,0
0.8978374,0.10216263,0
0.5604635,0.43953648,0
0.57358736,0.4264126,0
0.5462331,0.4537669,1
0.60342246,0.39657757,0
0.6453796,0.3546204,0
0.6348311,0.365169,1
0.68419105,0.31580892,0
0.91354585,0.08645414,0
0.91398376,0.08601622,0
0.8863327,0.11366731,0
0.8394806,0.16051944,0
0.7833733,0.21662669,1
0.58349437,0.41650558,1
0.5774801,0.42251995,1
0.47900003,0.52099997,1
0.5048373,0.49516276,1
0.6483348,0.35166526,1
0.6925423,0.30745766,0
0.668141,0.331859,1
0.80155814,0.19844188,0
0.88195544,0.11804454,1
0.58349437,0.41650558,1
0.5774801,0.42251995,1
0.47900003,0.52099997,1
0.6349038,0.36509615,1
0.6680743,0.33192572,1
0.67490876,0.32509124,1
0.8475708,0.15242918,0
0.6125469,0.38745308,0
0.44370684,0.5562932,1
0.49680915,0.5031908,1
0.4712488,0.5287512,1
0.360186,0.63981396,1
0.47728428,0.5227157,1
0.20364729,0.79635274,1
0.15546088,0.84453917,1
0.42976677,0.57023317,1
0.8705759,0.12942417,0
0.8883576,0.11164244,0
0.34619406,0.6538059,1
0.48903787,0.5109622,0
0.6510295,0.34897047,0
0.74454457,0.25545537,0
0.8470087,0.15299132,0
0.87723976,0.122760184,0
0.51234907,0.487651,0
0.53194326,0.4680567,0
0.54209864,0.45790136,0
0.42800424,0.5719958,0
0.43675393,0.563246,1
0.12416274,0.87583727,1
0.45640057,0.5435994,1
0.52802336,0.4719767,0
0.6022271,0.39777288,0
0.6510531,0.34894696,0
0.91195786,0.088042125,0
0.7373473,0.26265267,0
0.56132877,0.4386713,0
0.32026166,0.67973834,1
0.29134038,0.7086596,1
0.3006159,0.69938403,1
0.29053852,0.7094615,1
0.40494776,0.59505224,1
0.3771329,0.6228671,1
0.24232954,0.7576704,1
0.46953303,0.530467,0
0.8742079,0.12579213,0
0.8408826,0.15911733,0
0.39242706,0.607573,0
0.29983073,0.7001693,1
0.12077178,0.8792282,1
0.25334024,0.7466598,1
0.30026442,0.6997356,1
0.32941782,0.67058223,1
0.8927493,0.10725074,0
0.90090716,0.09909282,0
0.76760805,0.232392,0
0.21913597,0.780864,1
0.32707483,0.6729251,1
0.3476602,0.65233976,1
0.3554837,0.6445163,1
0.23106912,0.76893085,1
0.26950046,0.7304995,1
0.32455477,0.67544526,1
0.85202867,0.14797138,0
0.23370525,0.7662948,1
0.5412258,0.4587742,0
0.6732274,0.32677254,0
0.2998268,0.7001732,1
0.6427591,0.3572409,0
0.7249235,0.2750765,0
0.7106072,0.2893928,0
0.8996132,0.100386836,0
0.8970691,0.10293089,0
0.30864534,0.6913547,1
0.29542324,0.7045768,1
0.26738194,0.732618,1
0.55242664,0.4475734,0
0.2927959,0.7072041,0
0.50762534,0.4923747,0
0.56722903,0.432771,0
0.13934995,0.86065006,1
0.14152569,0.85847425,1
0.68179,0.31821,0
0.51669836,0.4833016,0
0.43092725,0.5690727,1
0.8025123,0.19748774,0
0.47977558,0.5202244,0
0.27586728,0.7241327,1
0.45032007,0.54967993,0
0.63663983,0.3633602,0
0.63534415,0.36465585,0
0.6041576,0.3958423,0
0.24810551,0.7518945,1
0.43107492,0.5689251,1
0.6220954,0.37790462,0
0.67558944,0.32441053,0
0.8466867,0.15331323,0
0.883812,0.11618794,0
0.4378621,0.5621379,1
0.4329668,0.5670332,1
0.571308,0.428692,0
0.60989916,0.3901008,0
0.27670723,0.72329277,1
0.6371725,0.3628275,1
0.6596978,0.34030223,1
0.43458903,0.565411,1
0.8368764,0.16312356,0
0.89534247,0.10465752,0
0.89596695,0.10403299,0
0.7177455,0.2822545,0
0.46709692,0.5329031,1
0.28755635,0.71244365,1
0.39386415,0.60613585,1
0.5766949,0.42330512,0
0.5831312,0.41686887,0
0.5779407,0.42205933,0
0.31795928,0.6820407,1
0.2588839,0.7411161,1
0.6565696,0.3434304,0
0.43483308,0.5651669,1
0.6787075,0.3212925,0
0.79512775,0.20487228,0
0.89731795,0.10268207,0
0.8716434,0.12835664,0
0.70265305,0.29734692,0
0.60218257,0.39781743,0
0.56500983,0.43499017,0
0.5142438,0.48575622,1
0.6577834,0.34221664,0
0.6932221,0.3067779,0
0.541066,0.45893395,1
0.61112857,0.38887143,1
0.725376,0.274624,0
0.8251304,0.17486963,0
0.9016084,0.09839164,0
0.91516906,0.084830895,0
0.90777904,0.09222094,0
0.8959946,0.10400533,0
0.87458426,0.12541576,0
0.8438005,0.15619949,0
0.63975334,0.36024663,0
0.65330905,0.34669095,0
0.6602367,0.33976328,0
0.49728164,0.50271845,1
0.6814417,0.3185583,1
0.6897736,0.3102264,1
0.9117985,0.08820147,0
0.5628564,0.4371436,1
0.59565306,0.404347,1
0.40527648,0.5947235,1
0.39484176,0.60515827,1
0.68359125,0.3164087,0
0.69511145,0.30488852,0
0.67193365,0.32806635,0
0.49433464,0.50566536,1
0.5881664,0.4118336,0
0.82594436,0.1740556,0
0.8294537,0.1705463,0
0.55121565,0.4487844,0
0.5947192,0.40528077,0
0.5352736,0.4647264,0
0.6453796,0.3546204,0
0.46933064,0.5306694,1
0.54166806,0.45833194,1
0.75952053,0.24047942,0
0.82424957,0.1757504,0
0.5715972,0.4284028,0
0.64016914,0.35983086,1
0.7270641,0.27293593,0
0.70277244,0.29722753,0
0.73089314,0.26910684,0
0.8919274,0.10807254,0
0.88161314,0.118386835,0
0.72066367,0.27933633,0
0.5918079,0.40819216,0
0.5445942,0.45540574,1
0.44450933,0.5554907,1
0.22012483,0.77987516,1
0.5160669,0.48393303,1
0.7298573,0.2701426,0
0.7287139,0.271286,0
0.65477115,0.34522882,0
0.89606726,0.10393278,0
0.8808057,0.11919433,0
0.8431121,0.15688787,0
0.59450454,0.4054954,0
0.37293583,0.62706417,1
0.5693785,0.43062145,1
0.6482001,0.35179994,0
0.6657098,0.3342902,0
0.67657787,0.32342216,1
0.7302913,0.26970866,0
0.684601,0.31539896,1
0.6414195,0.35858053,0
0.90090275,0.099097274,0
0.90777206,0.092227906,0
0.8719546,0.12804544,0
0.7995061,0.20049383,0
0.64328223,0.35671777,0
0.67041165,0.32958838,0
0.43735537,0.56264466,1
0.46685556,0.5331445,1
0.72817296,0.27182704,0
0.74120927,0.25879073,0
0.8434226,0.15657738,1
0.9073469,0.09265312,0
0.6712863,0.32871377,0
0.6454246,0.3545754,0
0.65944123,0.34055883,0
0.66508776,0.3349123,0
0.706361,0.293639,0
0.4458779,0.5541221,1
0.45740765,0.54259235,1
0.72947055,0.2705294,0
0.7659496,0.23405042,0
0.86660165,0.13339834,0
0.5235983,0.47640166,1
0.3112052,0.6887948,1
0.46677265,0.5332274,1
0.66318357,0.3368164,0
0.47149572,0.52850425,1
0.31336424,0.68663573,1
0.3124844,0.6875156,1
0.5814177,0.41858235,1
0.72440994,0.27558997,0
0.73224366,0.26775637,0
0.640076,0.35992405,0
0.6478872,0.35211283,0
0.74761724,0.25238279,0
0.8051073,0.19489263,0
0.592164,0.407836,0
0.60528636,0.39471367,1
0.6470215,0.35297856,0
0.65467066,0.34532934,0
0.66511697,0.33488306,0
0.68923575,0.31076428,0
0.6991218,0.30087832,0
0.3841689,0.6158311,1
0.73397464,0.26602536,0
0.8061103,0.19388965,0
0.9064017,0.09359834,0
0.57989466,0.42010534,0
0.5897481,0.41025192,1
0.59144974,0.40855026,1
0.6803969,0.31960315,1
0.79912186,0.20087816,0
0.84950775,0.1504922,0
0.7277348,0.27226523,0
0.51560664,0.48439327,1
0.46582097,0.534179,1
0.27449715,0.72550285,1
0.486591,0.5134091,1
0.67817444,0.3218256,0
0.8880814,0.11191866,0
0.32351565,0.6764844,1
0.37121573,0.62878424,1
0.6464894,0.35351065,0
0.31483617,0.6851638,1
0.22178572,0.7782143,1
0.24439768,0.75560236,1
0.78792447,0.2120755,0
0.914446,0.08555408,0
0.92312676,0.07687321,0
0.930226,0.06977399,0
0.85059613,0.14940391,0
0.7515054,0.24849464,0
0.6444862,0.35551375,0
0.3807799,0.6192201,1
0.4884097,0.5115903,1
0.6679548,0.33204514,1
0.7330212,0.26697877,0
0.7629128,0.23708719,0
0.7742708,0.22572926,0
0.81958777,0.18041222,0
0.8235078,0.17649223,0
0.2161091,0.7838909,1
0.10358437,0.8964156,1
0.40195712,0.59804285,1
0.38506737,0.61493266,1
0.72516346,0.27483654,0
0.7338898,0.26611018,0
0.63964266,0.36035725,0
0.74382484,0.25617522,0
0.8532935,0.14670654,0
0.90696996,0.093030065,0
0.5400832,0.45991677,0
0.35599625,0.64400375,1
0.31267935,0.68732065,1
0.45319226,0.5468077,1
0.44909948,0.55090046,1
0.16027114,0.8397289,1
0.2823735,0.7176266,1
0.7324856,0.26751447,0
0.7329895,0.2670105,0
0.7199504,0.2800496,0
0.77176315,0.22823682,0
0.8744519,0.12554817,0
0.57839364,0.42160633,0
0.17621002,0.82378995,1
0.4258714,0.5741286,0
0.7056497,0.2943503,0
0.65309054,0.34690955,0
0.29407692,0.7059231,1
0.3018885,0.69811153,1
0.72915167,0.2708483,0
0.89443433,0.105565675,0
0.65758234,0.34241766,0
0.2663932,0.7336067,1
0.33362964,0.6663704,1
0.64457357,0.3554264,1
0.66436124,0.33563867,0
0.1599474,0.8400526,1
0.7257925,0.2742074,0
0.7337799,0.26622006,0
0.73433626,0.26566374,0
0.64848006,0.35152003,0
0.6927486,0.30725136,0
0.6451784,0.35482162,1
0.64516526,0.35483468,1
0.64817274,0.35182726,1
0.6506303,0.34936967,1
0.6887243,0.31127575,1
0.70567966,0.29432034,1
0.7033632,0.29663685,1
0.7229047,0.27709535,1
0.73387975,0.2661203,1
0.6426289,0.35737106,1
0.6603364,0.33966365,0
0.9367222,0.063277826,0
0.5913709,0.40862906,1
0.6451784,0.35482162,1
0.64833075,0.35166928,1
0.6544976,0.34550238,1
0.7229047,0.27709535,1
0.7316863,0.26831365,1
0.73284996,0.26715,1
0.7671082,0.23289184,0
0.8517923,0.1482077,0
0.95022863,0.049771376,0
0.9084345,0.09156544,0
0.6249509,0.37504905,1
0.64560044,0.35439956,1
0.64516526,0.35483468,1
0.704919,0.295081,1
0.72426337,0.27573663,0
0.9262497,0.073750265,0
0.9451303,0.054869656,0
0.8182878,0.18171218,0
0.64563346,0.35436663,1
0.6447301,0.35526988,1
0.6449157,0.35508427,1
0.6550106,0.34498936,1
0.68027145,0.31972852,1
0.69913876,0.3008613,1
0.70650345,0.29349652,1
0.15359661,0.8464034,1
0.80753195,0.19246808,0
0.60025567,0.39974427,0
0.18017301,0.819827,1
0.31952947,0.6804705,1
0.38620567,0.6137943,1
0.6788492,0.32115075,0
0.39223945,0.60776055,1
0.6350689,0.36493108,0
0.7702923,0.22970769,0
0.84708303,0.15291698,0
0.57811123,0.42188874,0
0.30578193,0.6942181,1
0.19169922,0.8083008,1
0.43782493,0.56217504,1
0.6883446,0.31165534,0
0.3756187,0.6243813,1
0.7197251,0.28027493,0
0.73365355,0.26634648,0
0.6428576,0.35714233,0
0.75746053,0.24253947,0
0.86428106,0.13571902,0
0.6150267,0.38497326,0
0.2738667,0.72613335,1
0.25180504,0.748195,1
0.56445,0.43554997,1
0.67182446,0.32817551,0
0.63948977,0.3605102,1
0.68807477,0.31192517,0
0.3823706,0.6176294,1
0.29480183,0.7051981,1
0.31855798,0.68144196,1
0.6679548,0.33204514,1
0.6386158,0.3613842,0
0.6607991,0.33920088,0
0.7286071,0.27139294,0
0.7796753,0.2203246,0
0.8573215,0.14267851,0
0.39524657,0.6047535,1
0.28673393,0.7132661,1
0.40879285,0.59120715,1
0.62497604,0.37502393,1
0.43655658,0.56344336,1
0.41830406,0.5816959,1
0.60746884,0.39253116,1
0.72239923,0.2776008,0
0.7332488,0.26675123,0
0.64329,0.35671,0
0.65007716,0.34992284,0
0.91165787,0.08834212,0
0.7611651,0.23883489,0
0.64471704,0.35528302,0
0.6513552,0.34864482,0
0.7063119,0.29368803,1
0.59712905,0.40287095,1
0.73089975,0.2691003,1
0.7318113,0.2681887,1
0.7314855,0.26851457,0
0.9263845,0.07361546,0
0.9069199,0.093080126,0
0.6459084,0.3540916,1
0.6463186,0.35368145,1
0.64718693,0.35281307,1
0.68355834,0.31644168,1
0.40143928,0.5985607,1
0.5075699,0.49243012,1
0.73311615,0.26688382,0
0.7006716,0.29932836,1
0.2661344,0.7338656,1
0.26614344,0.73385656,1
0.24014693,0.7598531,1
0.47930962,0.5206904,1
0.732199,0.26780096,0
0.7322346,0.26776537,0
0.5443758,0.45562422,0
0.51080656,0.4891934,1
0.5610829,0.4389171,0
0.5791034,0.42089662,1
0.30898032,0.6910197,1
0.38281018,0.6171898,1
0.73179716,0.2682028,0
0.63628393,0.3637161,0
0.5814431,0.4185569,0
0.64543957,0.35456046,0
0.64583504,0.35416493,0
0.6446562,0.35534385,0
0.648723,0.351277,0
0.5911893,0.40881068,1
0.686116,0.31388405,0
0.56851405,0.43148592,1
0.7156585,0.28434148,1
0.68678653,0.31321344,0
0.2677006,0.7322994,1
0.21876982,0.78123015,1
0.5707037,0.4292963,1
0.42058745,0.5794126,1
0.7344841,0.26551592,0
0.5770543,0.42294568,0
0.77600306,0.22399692,0
0.62975514,0.37024486,0
0.5585319,0.44146818,1
0.66493076,0.33506924,0
0.68026507,0.3197349,0
0.53323144,0.46676862,1
0.72366196,0.276338,0
0.7324109,0.2675891,0
0.7331213,0.26687875,0
0.7339172,0.26608282,0
0.58606,0.41394007,1
0.9159261,0.08407395,0
0.8984568,0.10154319,0
0.70647246,0.29352757,1
0.7224384,0.27756158,1
0.73275226,0.26724777,0
0.94909775,0.050902266,0
0.9217658,0.07823424,0
0.6722595,0.3277405,1
0.7065178,0.29348218,1
0.6964656,0.30353442,1
0.59042555,0.40957445,1
0.73145473,0.26854527,1
0.9178648,0.082135215,0
0.92620456,0.07379539,0
0.92504525,0.07495481,0
0.55234283,0.44765723,1
0.3383847,0.6616154,1
0.36039454,0.6396054,1
0.6303798,0.36962023,1
0.60111487,0.39888513,1
0.6535022,0.34649774,0
0.6714042,0.32859582,0
0.68896425,0.31103575,0
0.69868976,0.3013103,0
0.7316973,0.26830274,0
0.7281691,0.27183092,0
0.8821429,0.11785714,0
0.33656806,0.6634319,1
0.39173064,0.60826933,1
0.43571222,0.56428784,1
0.5407811,0.45921895,1
0.38296548,0.61703455,1
0.87847143,0.12152854,0
0.6094513,0.3905487,0
0.42681113,0.57318884,1
0.5759249,0.4240751,1
0.43385032,0.56614965,1
0.5482675,0.4517325,1
0.734016,0.26598403,0
0.92625713,0.07374283,0
0.58479136,0.41520864,0
0.6187713,0.38122866,1
0.6671002,0.3328998,1
0.6964656,0.30353442,1
0.7266116,0.27338845,0
0.72965413,0.27034587,0
0.73174876,0.26825124,0
0.73254675,0.26745328,1
0.46584454,0.53415555,1
0.7345231,0.26547685,1
0.6330131,0.36698684,0
0.8958324,0.10416757,0
0.65267193,0.34732807,1
0.66362274,0.33637723,1
0.68928826,0.3107117,0
0.7042473,0.29575273,1
0.7002433,0.29975668,1
0.72304344,0.27695656,1
0.73472667,0.2652733,1
0.66464573,0.33535427,0
0.901144,0.098855965,0
0.5887964,0.41120362,1
0.63842916,0.3615709,1
0.6440619,0.35593802,1
0.64877504,0.35122496,1
0.6596232,0.34037676,1
0.67225933,0.3277407,1
0.6892962,0.3107038,1
0.70014244,0.29985762,1
0.7260968,0.27390316,1
0.7304378,0.26956218,1
0.7606145,0.23938552,1
0.86173064,0.13826936,0
0.94002205,0.059978016,0
0.95105594,0.04894414,0
0.92411005,0.075889945,0
0.6459956,0.35400447,1
0.65470845,0.34529155,1
0.66535026,0.33464977,1
0.6892962,0.3107038,1
0.73053044,0.2694696,0
0.70523137,0.29476863,0
0.94532776,0.054672215,0
0.6721257,0.3278743,1
0.64384663,0.3561534,1
0.7346925,0.26530752,1
0.83640367,0.16359626,0
0.577518,0.42248195,1
0.58038807,0.41961187,1
0.63581485,0.36418518,1
0.647021,0.35297897,1
0.64841795,0.35158196,1
0.65929294,0.34070706,1
0.66511697,0.33488306,1
0.68904346,0.31095657,1
0.7045035,0.29549655,1
0.8621638,0.13783616,0
0.5811388,0.41886118,0
0.58642614,0.41357383,0
0.6461524,0.35384762,0
0.5123,0.4877,1
0.65959543,0.3404046,0
0.66526884,0.33473116,0
0.7065283,0.29347163,1
0.7325929,0.26740715,0
0.7267917,0.27320835,1
0.6349857,0.3650143,1
0.8639833,0.13601676,0
0.6491489,0.35085115,1
0.66526884,0.33473116,0
0.6722085,0.32779148,0
0.7161306,0.28386942,0
0.7317181,0.26828197,0
0.6428322,0.35716784,0
0.8287109,0.17128909,0
0.63873583,0.36126417,1
0.64386064,0.35613933,0
0.6991419,0.30085808,0
0.7309088,0.2690912,0
0.8508635,0.14913653,0
0.7864706,0.21352936,0
0.6892177,0.3107823,0
0.706567,0.29343295,0
0.706567,0.29343295,0
0.72896045,0.27103952,1
0.91016394,0.08983606,0
0.7981864,0.20181356,0
0.63812375,0.36187628,0
0.64908695,0.35091308,1
0.70657176,0.2934282,1
0.72271925,0.2772808,1
0.7296736,0.2703264,1
0.7343698,0.26563022,1
0.74456614,0.25543386,1
0.85314256,0.14685747,0
0.89513403,0.10486594,0
0.64657956,0.3534205,1
0.6650266,0.3349734,1
0.7065325,0.29346746,1
0.70652294,0.29347703,1
0.7295288,0.27047116,1
0.7309147,0.2690853,1
0.73318666,0.26681334,1
0.7346441,0.26535589,1
0.6360546,0.3639455,1
0.63350254,0.3664975,1
0.75968975,0.24031022,0
0.8501242,0.14987582,0
0.7812688,0.21873125,0
0.58284384,0.41715616,0
0.6460569,0.35394317,0
0.65124756,0.3487524,0
0.65462327,0.34537676,0
0.66496676,0.33503327,0
0.6718798,0.32812017,0
0.67736626,0.3226337,1
0.7062805,0.29371947,0
0.7159764,0.28402358,0
0.7314658,0.2685342,0
0.73472536,0.26527464,1
0.63797337,0.3620266,0
0.869396,0.13060403,0
0.8653331,0.13466693,0
0.64592993,0.35407007,0
0.645495,0.354505,0
0.64850116,0.35149887,1
0.7160777,0.2839223,1
0.633781,0.36621898,1
0.8273179,0.17268214,0
0.8191812,0.18081884,0
0.58627313,0.4137269,0
0.6448904,0.35510954,1
0.66451806,0.33548197,0
0.7057957,0.29420426,0
0.7065325,0.29346746,0
0.2552327,0.74476737,1
0.29764616,0.70235384,1
0.73089606,0.26910394,0
0.73229706,0.26770294,0
0.6415839,0.35841617,0
0.64282614,0.35717386,1
0.7693353,0.23066467,0
0.7461881,0.25381193,0
0.64484274,0.35515735,0
0.6443601,0.35563987,0
0.64483124,0.3551688,0
0.6496365,0.35036355,0
0.679812,0.32018796,0
0.6984855,0.30151448,0
0.70585227,0.29414776,0
0.6551899,0.34481013,1
0.66657156,0.3334284,1
0.73097146,0.26902857,0
0.73305327,0.2669467,1
0.6693469,0.33065307,1
0.80343777,0.19656219,0
0.87911475,0.12088522,0
0.77146214,0.22853787,0
0.58964133,0.41035867,0
0.6481738,0.35182616,0
0.6506314,0.3493686,0
0.67128175,0.32871827,0
0.6982107,0.3017893,0
0.70650095,0.293499,1
0.7161113,0.28388867,1
0.73099935,0.2690006,0
0.6459625,0.35403752,1
0.70496166,0.29503834,1
0.7065474,0.29345265,1
0.65841794,0.34158203,1
0.68660086,0.31339908,0
0.88608414,0.11391584,0
0.7885698,0.21143015,0
0.6459548,0.35404515,1
0.64724034,0.35275966,1
0.7051903,0.29480973,0
0.6787129,0.32128707,1
0.72918093,0.27081916,0
0.73155504,0.26844493,0
0.73249954,0.2675005,0
0.62004185,0.37995812,1
0.7781994,0.2218006,0
0.74944794,0.2505521,0
0.59028083,0.40971926,0
0.67096657,0.32903343,0
0.68711776,0.31288218,0
0.7313437,0.2686563,0
0.8528892,0.14711075,0
0.6124807,0.38751933,0
0.6457496,0.35425037,0
0.6483414,0.35165858,0
0.7046008,0.29539922,1
0.70520484,0.29479513,1
0.2576082,0.74239177,1
0.73398304,0.26601693,1
0.57779795,0.42220208,1
0.6941895,0.3058105,0
0.8142215,0.18577847,0
0.8477489,0.15225112,0
0.7391241,0.2608759,0
0.5949054,0.40509468,0
0.64649487,0.35350522,0
0.68618363,0.31381637,0
0.15676452,0.8432355,1
0.7316147,0.26838532,0
0.75707114,0.24292885,0
0.60557944,0.39442056,0
0.6465569,0.35344306,0
0.6483414,0.35165858,0
0.68618363,0.31381637,0
0.6974907,0.30250934,0
0.5854958,0.41450426,1
0.6454716,0.35452837,0
0.6860912,0.31390882,0
0.6061773,0.3938228,1
0.20347422,0.7965258,1
0.35939562,0.6406044,1
0.63408613,0.3659139,1
0.9017798,0.098220184,0
0.88555,0.11445001,0
0.8665106,0.13348934,0
0.8044013,0.19559866,0
0.698666,0.301334,0
0.5990009,0.4009991,0
0.6483414,0.35165858,0
0.7034277,0.2965723,0
0.753914,0.24608603,0
0.880321,0.11967896,0
0.34341347,0.6565865,1
0.6174921,0.38250783,0
0.64801174,0.35198826,0
0.7057384,0.2942616,0
0.6366209,0.3633791,0
0.5332957,0.46670437,0
0.7580275,0.24197248,0
0.60881215,0.39118782,0
0.47137132,0.5286287,0
0.57373166,0.42626834,0
0.64547646,0.35452357,0
0.18838874,0.8116113,1
0.6685905,0.3314095,0
0.73410416,0.2658959,0
0.63450414,0.3654958,0
0.69305366,0.30694628,0
0.23897482,0.76102513,1
0.67076117,0.32923886,0
0.6864734,0.31352654,0
0.706118,0.29388204,0
0.6935537,0.30644634,0
0.72767377,0.27232623,0
0.72817653,0.2718235,0
0.73019475,0.26980525,0
0.6339792,0.3660208,0
0.53130335,0.46869662,1
0.6712145,0.32878554,0
0.7444333,0.25556672,0
0.64393187,0.35606813,0
0.64367694,0.35632306,0
0.65170574,0.3482942,0
0.65640754,0.34359246,0
0.66891354,0.33108646,0
0.686035,0.31396505,0
0.69595647,0.30404356,0
0.7038475,0.29615247,0
0.7209687,0.27903128,0
0.7255271,0.2744729,0
0.34793612,0.65206385,1
0.43386152,0.56613845,1
0.8130922,0.18690778,0
0.84669906,0.153301,0
0.8647599,0.13524008,0
0.59422743,0.40577254,0
0.5925433,0.4074567,0
0.703413,0.296587,0
0.7034517,0.29654828,0
0.70467395,0.295326,0
0.71733904,0.28266096,1
0.7318982,0.26810178,0
0.85201573,0.14798427,0
0.8846391,0.115360945,0
0.58424073,0.41575924,0
0.64276606,0.35723394,0
0.64578694,0.35421303,0
0.6562311,0.34376892,0
0.705636,0.29436398,1
0.73002756,0.26997244,0
0.7091261,0.29087391,0
0.87161124,0.12838873,0
0.64300025,0.3569998,0
0.6427318,0.3572682,0
0.69592535,0.30407456,0
0.73325354,0.26674646,1
0.73247933,0.26752067,1
0.76109374,0.23890628,0
0.80147445,0.19852561,1
0.5805782,0.4194218,1
0.6432944,0.3567056,0
0.65627354,0.3437265,0
0.6620281,0.33797196,0
0.72160167,0.2783983,1
0.7252098,0.2747902,1
0.72886115,0.27113885,0
0.7330464,0.26695356,1
0.60072625,0.39927375,0
0.5988816,0.4011184,0
0.64589524,0.35410482,1
0.646132,0.35386804,1
0.6441028,0.35589725,0
0.6860193,0.3139808,0
0.7237256,0.27627444,1
0.7329825,0.26701748,1
0.57754594,0.422454,1
0.6447704,0.3552296,1
0.646132,0.35386804,1
0.6440692,0.35593086,0
0.6481674,0.35183263,0
0.6860193,0.3139808,0
0.7159965,0.2840035,1
0.72379345,0.27620655,1
0.7270258,0.27297413,0
0.63576,0.36424002,1
0.58504885,0.4149512,1
0.5896898,0.4103102,1
0.24477059,0.7552294,1
0.6534277,0.34657237,0
0.67820746,0.32179248,0
0.34572536,0.65427464,1
0.37129998,0.62869996,1
0.38455302,0.615447,1
0.3300297,0.6699703,1
0.7282623,0.2717377,0
0.73443377,0.2655662,0
0.83325887,0.16674107,0
0.8570053,0.14299463,0
0.6172258,0.3827742,0
0.59002554,0.40997446,0
0.5199351,0.48006493,1
0.3434607,0.6565393,1
0.64684427,0.3531557,0
0.3049922,0.6950078,1
0.7114136,0.2885864,1
0.62118614,0.3788139,1
0.64310807,0.3568919,0
0.6448661,0.35513392,0
0.67695457,0.32304537,0
0.6860193,0.3139808,0
0.7040235,0.29597652,0
0.7307866,0.26921338,0
0.7314855,0.26851457,0
0.6912124,0.3087876,1
0.9022384,0.09776152,0
0.6435106,0.35648948,0
0.64268494,0.357315,0
0.6457019,0.3542981,0
0.6561896,0.34381038,0
0.7025446,0.29745534,0
0.7033978,0.29660222,0
0.7040127,0.2959873,0
0.72840047,0.27159956,1
0.7293582,0.2706419,1
0.7303961,0.26960394,1
0.7630856,0.2369144,0
0.85593385,0.14406611,0
0.8895887,0.11041126,0
0.17742918,0.82257086,1
0.7338071,0.26619294,0
0.8300541,0.16994591,0
0.74966115,0.25033882,0
0.6363935,0.3636065,0
0.6967905,0.30320954,0
0.26556596,0.73443407,1
0.71198,0.28802004,1
0.73310083,0.2668992,0
0.58563024,0.41436976,0
0.65293676,0.34706327,0
0.7044357,0.2955643,0
0.65517336,0.34482658,1
0.72915757,0.27084246,0
0.73261243,0.26738754,0
0.5798698,0.42013022,0
0.6465623,0.35343766,0
0.6396613,0.36033872,1
0.6479705,0.35202953,0
0.70557714,0.29442284,0
0.7059891,0.29401088,1
0.87818056,0.12181944,0
0.7861417,0.21385837,0
0.6371192,0.36288086,0
0.6451502,0.35484976,1
0.28800496,0.711995,1
0.12716722,0.8728328,1
0.24901219,0.7509879,1
0.17537552,0.8246245,1
0.32138297,0.678617,1
0.4099871,0.5900129,1
0.31392336,0.68607664,1
0.27270326,0.72729677,1
0.6440692,0.35593086,0
0.6562144,0.34378555,0
0.70336026,0.2966397,0
0.7260894,0.27391067,1
0.68541026,0.3145897,0
0.78529674,0.21470325,0
0.80783767,0.19216238,1
0.9050791,0.09492088,0
0.80287915,0.19712086,0
0.6123504,0.3876496,0
0.60495394,0.39504611,0
0.6441113,0.35588872,0
0.6619448,0.33805516,0
0.7027251,0.29727492,0
0.70302665,0.29697335,0
0.853263,0.14673701,0
0.4241506,0.5758494,1
0.50637114,0.4936288,1
0.43350127,0.56649864,1
0.716088,0.28391197,0
0.7323689,0.2676311,0
0.7644871,0.23551299,0
0.8601569,0.13984309,0
0.86093,0.13906991,0
0.4385481,0.561452,1
0.5883881,0.41161194,0
0.6587213,0.34127867,0
0.6722457,0.3277543,0
0.6789283,0.3210717,0
0.73022324,0.26977676,0
0.6789689,0.32103106,1
0.81353253,0.18646748,0
0.6526152,0.3473848,0
0.60141397,0.39858603,1
0.7161275,0.28387251,0
0.67519206,0.3248079,1
0.55565697,0.44434297,1
0.5820452,0.41795483,1
0.8649003,0.13509974,0
0.5851826,0.4148174,0
0.66905826,0.33094177,0
0.6861076,0.31389242,0
0.69584274,0.3041573,0
0.7035654,0.29643455,0
0.65917355,0.34082654,1
0.52890927,0.47109067,1
0.86597127,0.1340288,0
0.7030778,0.29692218,0
0.7052051,0.29479492,0
0.71455973,0.28544033,0
0.7283301,0.27166992,0
0.6586002,0.3413998,1
0.6664629,0.3335371,1
0.72366613,0.27633387,0
0.88454145,0.11545853,0
0.70947176,0.2905283,0
0.5883411,0.41165885,0
0.6493162,0.3506838,1
0.6565123,0.34348765,0
0.71095985,0.28904012,0
0.7287957,0.27120426,0
0.73140603,0.26859394,1
0.8081419,0.19185811,0
0.8862354,0.11376466,0
0.68317914,0.31682083,1
0.6430398,0.3569602,1
0.64262444,0.35737556,1
0.6430283,0.3569717,1
0.6633604,0.33663952,0
0.693328,0.306672,0
0.72060573,0.27939427,1
0.7266027,0.27339736,1
0.7279921,0.27200794,1
0.7807872,0.21921273,1
0.70632416,0.2936758,0
0.5933725,0.4066275,1
0.6442808,0.35571918,1
0.6453535,0.35464647,1
0.65174073,0.34825927,1
0.657061,0.34293905,1
0.6629244,0.33707556,1
0.6584737,0.34152633,1
0.73283595,0.26716405,1
0.64195216,0.3580478,1
0.82898265,0.17101733,0
0.8805227,0.11947724,0
0.8526203,0.1473797,0
0.6340184,0.36598155,0
0.64615494,0.3538451,1
0.64544374,0.35455623,1
0.6861409,0.31385913,0
0.7035823,0.29641777,0
0.6982593,0.30174068,1
0.7295349,0.27046505,1
0.73021543,0.26978463,0
0.7689447,0.2310554,0
0.8927604,0.10723962,0
0.86770344,0.13229658,0
0.6450037,0.35499632,1
0.72906715,0.27093285,0
0.77578604,0.22421396,0
0.8379168,0.16208316,0
0.8870809,0.112919025,0
0.5987014,0.4012986,0
0.5858878,0.41411227,1
0.6459744,0.35402563,1
0.64473754,0.3552624,1
0.64578694,0.35421303,0
0.65627354,0.3437265,0
0.7224759,0.27752417,1
0.72820777,0.27179232,0
0.72888356,0.27111644,0
0.64733213,0.3526679,0
0.647346,0.352654,0
0.6611857,0.33881435,0
0.7030077,0.29699224,0
0.7062815,0.29371855,1
0.72792894,0.27207106,0
0.733263,0.26673698,1
0.80209434,0.19790569,0
0.87150383,0.12849611,0
0.64397174,0.3560283,1
0.6560475,0.34395248,1
0.6618419,0.33815804,1
0.6957992,0.30420077,0
0.7029085,0.29709145,0
0.7028482,0.2971518,0
0.7282444,0.27175564,0
0.91469806,0.08530195,0
0.9160086,0.08399142,0
0.7852639,0.21473613,0
0.69750506,0.30249497,0
0.6572903,0.3427097,1
0.7032383,0.2967616,1
0.6825961,0.31740397,1
0.7237893,0.27621073,1
0.73085207,0.26914796,1
0.74831337,0.25168657,0
0.797368,0.20263204,0
0.8874695,0.11253054,0
0.89833134,0.10166863,0
0.5936248,0.4063752,1
0.5851238,0.41487628,1
0.53768826,0.4623117,1
0.6387657,0.36123434,1
0.70330906,0.29669085,0
0.7237643,0.2762357,1
0.72948205,0.27051798,1
0.72891706,0.2710829,0
0.6553665,0.3446335,0
0.6878559,0.31214407,0
0.8034781,0.19652188,0
0.64747536,0.35252467,1
0.64886546,0.35113457,1
0.65800107,0.341999,1
0.69640166,0.30359828,0
0.70373285,0.29626718,0
0.7044537,0.29554632,1
0.7134105,0.2865895,1
0.7335399,0.26646015,1
0.638647,0.36135304,1
0.88149804,0.118501954,0
0.58769095,0.41230902,0
0.65141785,0.34858215,0
0.6955426,0.30445743,0
0.70281255,0.2971875,0
0.7041343,0.2958657,0
0.7263703,0.27362964,1
0.730631,0.26936907,0
0.6429633,0.3570368,1
0.653378,0.34662193,1
0.6879718,0.31202823,1
0.76876765,0.23123232,0
0.59971666,0.40028337,1
0.65569395,0.34430605,0
0.66826797,0.33173206,0
0.6763412,0.32365885,0
0.6953318,0.30466825,0
0.70281255,0.2971875,0
0.72845244,0.27154753,0
0.8740822,0.12591776,0
0.64397955,0.35602042,1
0.6763412,0.32365885,0
0.7129667,0.28703323,1
0.7245642,0.2754358,1
0.729224,0.270776,0
0.6537521,0.34624794,0
0.89485425,0.10514573,0
0.6423942,0.35760581,0
0.6470427,0.35295725,0
0.7256393,0.27436066,0
0.7309251,0.26907486,1
0.8376096,0.16239044,1
0.71145034,0.28854966,0
0.7157028,0.2842973,0
0.7032947,0.29670525,1
0.72738534,0.2726146,1
0.7280214,0.27197865,1
0.775159,0.22484101,1
0.85066706,0.149333,1
0.9023048,0.0976952,1
0.15742087,0.8425791,1
0.35042828,0.6495717,1
0.6938565,0.30614358,0
0.7267302,0.2732697,0
0.17568009,0.8243199,1
0.28306448,0.71693546,1
0.24528027,0.75471973,1
0.26987353,0.7301265,1
0.61600256,0.3839975,0
0.3471114,0.6528886,0
0.6923091,0.30769092,0
0.72964835,0.27035162,0
0.7290416,0.27095845,0
0.68778354,0.3122165,0
0.89992553,0.10007448,0
0.8852747,0.11472528,0
0.7266958,0.27330425,0
0.6555825,0.34441754,0
0.6953318,0.30466825,0
0.7034994,0.29650062,0
0.37446076,0.62553924,1
0.7241742,0.27582583,0
0.73068136,0.2693186,0
0.8377253,0.16227473,0
0.899291,0.100709036,0
0.6141856,0.38581443,0
0.6424662,0.3575338,0
0.64752775,0.3524723,0
0.65098464,0.34901538,0
0.66458243,0.3354176,0
0.90017116,0.09982881,0
0.9009155,0.099084504,0
0.5867158,0.41328418,1
0.6450602,0.3549398,0
0.7037608,0.29623914,1
0.71244395,0.28755602,0
0.72579163,0.2742084,1
0.8574912,0.14250883,0
0.7794751,0.22052486,0
0.6423254,0.3576746,0
0.64496654,0.35503343,0
0.72041386,0.2795861,0
0.7295644,0.27043557,1
0.73022115,0.26977894,0
0.73092145,0.26907855,0
0.7315098,0.2684902,0
0.90138435,0.09861567,0
0.91518015,0.084819816,0
0.9274028,0.07259714,0
0.9298884,0.070111595,0
0.6428894,0.3571107,1
0.6478818,0.35211813,1
0.60361356,0.39638644,1
0.57059187,0.4294081,1
0.58130753,0.41869244,1
0.6382369,0.36176306,1
0.6490642,0.35093588,1
0.6508057,0.34919438,1
0.6705892,0.3294108,1
0.7055919,0.29440808,1
0.4943199,0.5056801,1
0.72851294,0.27148703,0
0.7315624,0.26843756,0
0.73194903,0.26805097,1
0.8270409,0.17295915,0
0.63393587,0.3660641,1
0.65451425,0.34548572,0
0.704894,0.295106,0
0.70761925,0.29238075,0
0.7325165,0.26748344,0
0.6570381,0.34296188,0
0.52019626,0.4798038,1
0.6800618,0.31993818,1
0.68899715,0.31100285,1
0.70648867,0.29351127,1
0.70552397,0.29447606,1
0.35108113,0.64891887,1
0.7208836,0.27911645,0
0.7267364,0.27326357,0
0.73077005,0.26922995,0
0.81990206,0.18009791,0
0.86568815,0.13431185,0
0.20475726,0.79524267,1
0.3500376,0.64996237,1
0.6584512,0.34154883,0
0.69597214,0.3040278,0
0.2846284,0.7153716,1
0.12199314,0.8780068,1
0.72824806,0.2717519,0
0.6977619,0.30223814,0
0.6428012,0.35719877,0
0.64643097,0.35356906,0
0.6486699,0.35133013,0
0.66152644,0.3384735,0
0.6849213,0.31507874,0
0.7024807,0.29751936,0
0.7025194,0.29748058,0
0.7025446,0.29745534,0
0.7025654,0.2974347,0
0.7244764,0.27552354,0
0.7294782,0.2705218,0
0.73020136,0.26979864,0
0.65336573,0.34663436,0
0.7289783,0.2710217,1
0.84229743,0.15770257,0
0.66110337,0.3388966,0
0.68489444,0.3151056,0
0.70237565,0.29762435,0
0.7199548,0.2800452,1
0.7237256,0.27627444,0
0.7320213,0.26797873,0
0.73149425,0.26850578,0
0.8563039,0.14369614,1
0.6523054,0.34769458,0
0.7140531,0.2859469,1
0.7325819,0.26741803,0
0.7368221,0.26317787,0
0.9082667,0.09173324,0
0.92643535,0.07356464,0
0.9263041,0.07369593,0
0.6280254,0.37197462,1
0.64263755,0.35736248,1
0.6420216,0.35797837,1
0.642091,0.357909,1
0.6431263,0.35687363,1
0.65510887,0.34489116,1
0.6690854,0.3309146,1
0.67591524,0.32408476,1
0.6948961,0.3051039,1
0.7306402,0.2693598,1
0.7034259,0.29657412,1
0.8727221,0.12727799,0
0.90591335,0.09408662,0
0.6417076,0.3582925,1
0.6471448,0.35285515,1
0.6506237,0.34937638,1
0.7257105,0.2742895,1
0.65997845,0.34002155,1
0.68021846,0.31978148,1
0.91112167,0.08887833,0
0.91496056,0.08503947,0
0.74397075,0.25602928,1
0.59689415,0.40310583,1
0.6434851,0.35651487,1
0.651043,0.348957,1
0.66832495,0.33167508,1
0.43315256,0.56684744,1
0.727391,0.2726089,0
0.730548,0.26945207,0
0.6603117,0.3396883,0
0.9029578,0.09704221,0
0.8869383,0.11306171,0
0.59722465,0.40277535,1
0.34557936,0.6544207,1
0.6870387,0.31296128,0
0.70438516,0.29561484,0
0.7041396,0.29586044,1
0.1761892,0.8238109,1
0.4010218,0.59897816,1
0.7276201,0.27237988,0
0.6521113,0.3478887,0
0.84999704,0.15000299,0
0.8926252,0.107374825,0
0.8523983,0.14760172,0
0.60620713,0.39379293,0
0.29072848,0.7092715,1
0.13626264,0.8637374,1
0.1078654,0.8921346,1
0.2933517,0.7066483,1
0.12726547,0.8727345,1
0.22520651,0.77479345,0
0.3719737,0.6280263,0
0.88818014,0.111819856,0
0.9021284,0.097871564,0
0.58915055,0.41084945,0
0.64467514,0.3553249,0
0.6682554,0.33174458,0
0.6853485,0.31465146,0
0.6952664,0.30473357,0
0.7161262,0.28387377,0
0.72226286,0.27773714,0
0.72928417,0.27071583,0
0.9247321,0.075267956,0
0.9058203,0.094179675,0
0.7215593,0.2784407,0
0.64311,0.35689005,1
0.6853485,0.31465146,0
0.6952664,0.30473357,0
0.70273656,0.2972634,0
0.79130334,0.20869665,0
0.91195065,0.08804937,0
0.7585376,0.24146236,1
0.6619448,0.33805516,0
0.73325413,0.26674587,0
0.6522082,0.34779176,0
0.873559,0.126441,0
0.90129215,0.09870788,0
0.5940997,0.40590027,0
0.19241834,0.8075817,1
0.19613853,0.8038615,1
0.22936505,0.77063495,1
0.4979492,0.5020509,0
0.61559516,0.38440487,0
0.4650171,0.5349829,0
0.7586315,0.24136852,0
0.86926436,0.13073568,0
0.17394796,0.826052,1
0.2516685,0.74833155,1
0.13233072,0.86766934,1
0.2673683,0.7326317,0
0.25390255,0.74609745,0
0.35731626,0.64268374,0
0.6459134,0.35408664,0
0.87812716,0.121872924,0
0.39501318,0.6049868,0
0.36048603,0.63951397,0
0.53511584,0.46488416,0
0.64598244,0.3540175,0
0.4376931,0.5623069,0
0.6695081,0.33049187,0
0.72516346,0.27483654,1
0.728297,0.27170298,0
0.73092276,0.2690773,0
0.8990032,0.1009968,0
0.60383725,0.39616275,0
0.5862291,0.41377085,0
0.6481674,0.35183263,0
0.6516214,0.34837863,0
0.7030457,0.2969543,0
0.7309384,0.26906157,0
0.91786253,0.08213749,0
0.9136935,0.086306475,0
0.6434067,0.3565933,0
0.6450023,0.35499766,0
0.70277727,0.29722273,1
0.71290994,0.2870901,1
0.87218046,0.1278196,1
0.93056583,0.069434136,0
0.8950983,0.104901716,0
0.64241964,0.35758036,1
0.7025194,0.29748058,1
0.72790724,0.27209285,1
0.7328755,0.26712453,1
0.7338579,0.26614204,1
0.7336395,0.2663605,1
0.8558144,0.1441856,1
0.69104314,0.30895686,0
0.64229745,0.3577025,0
0.6477001,0.3522999,0
0.67650646,0.3234935,0
0.70297027,0.29702976,0
0.7242332,0.27576676,0
0.7299402,0.27005982,0
0.7395695,0.2604305,0
0.6359621,0.3640379,0
0.6423449,0.3576551,0
0.6473458,0.35265422,0
0.6611386,0.33886138,0
0.70265704,0.29734293,0
0.7027023,0.2972978,0
0.7279921,0.27200794,0
0.6754995,0.32450056,0
0.7699398,0.2300602,1
0.83062226,0.16937776,0
0.9008447,0.09915531,0
0.873084,0.12691596,0
0.6464151,0.35358483,1
0.64237005,0.35762995,1
0.64333016,0.35666993,1
0.6473887,0.35261133,1
0.6508523,0.34914765,1
0.6554315,0.34456852,1
0.6761725,0.32382756,1
0.70267403,0.29732597,1
0.72582525,0.27417475,0
0.69521797,0.304782,0
0.89363384,0.10636618,0
0.9159909,0.08400914,0
0.7455822,0.25441775,0
0.6280213,0.3719787,1
0.6819452,0.31805474,0
0.6475667,0.3524333,1
0.66169316,0.33830684,1
0.72033805,0.27966195,1
0.72695804,0.273042,0
0.72994614,0.27005392,1
0.7321945,0.26780552,1
0.68979317,0.3102068,1
0.76577234,0.23422766,1
0.90838355,0.09161638,0
0.9180637,0.08193627,0
0.7217413,0.2782587,1
0.18772721,0.81227285,1
0.70486933,0.29513073,0
0.39051932,0.6094807,1
0.6857605,0.31423944,0
0.72966474,0.2703353,0
0.69776475,0.30223525,0
0.7160913,0.28390872,0
0.76653755,0.23346251,0
0.8175252,0.18247484,0
0.9104432,0.08955678,0
0.91873205,0.08126798,0
0.91449386,0.085506186,0
0.8756695,0.12433052,0
0.84968907,0.15031095,0
0.6417152,0.35828474,0
0.6421065,0.35789353,0
0.64712507,0.3528749,0
0.65052545,0.34947446,0
0.65506965,0.3449304,0
0.6609535,0.3390465,0
0.6679976,0.33200237,0
0.68515205,0.3148479,0
0.6950735,0.30492657,0
0.702305,0.29769495,0
0.70241827,0.29758173,0
0.70297027,0.29702976,0
0.87805396,0.12194601,1
0.9101352,0.08986478,0
0.919086,0.080913976,0
0.9084972,0.09150284,0
0.89771247,0.10228745,0
0.6428949,0.35710508,0
0.6760742,0.32392576,0
0.7050723,0.29492772,1
0.8706908,0.12930918,0
0.8993072,0.100692846,1
0.91656,0.083440006,1
0.9398594,0.060140625,0
0.33983612,0.6601639,1
0.4148377,0.58516234,1
0.41211852,0.5878815,1
0.25310743,0.74689263,1
0.17628075,0.82371926,1
0.8114002,0.1885998,0
0.9278532,0.07214675,0
0.72091603,0.2790839,0
0.51823205,0.4817679,0
0.10543898,0.894561,1
0.2031078,0.79689217,1
0.21060838,0.7893917,1
0.1682007,0.8317993,1
0.1434489,0.8565512,1
0.41348484,0.5865151,1
0.58687526,0.41312477,0
0.50296867,0.49703136,0
0.38757196,0.612428,0
0.2528753,0.74712473,1
0.4584804,0.54151964,1
0.5838134,0.41618657,0
0.72923326,0.27076676,0
0.7280463,0.2719536,0
0.7333002,0.26669988,0
0.524176,0.47582394,1
0.5044366,0.49556342,1
0.4622069,0.5377931,1
0.91054994,0.0894501,0
0.91545767,0.08454233,0
0.9045897,0.095410205,0
0.8854026,0.114597395,0
0.31434366,0.68565637,1
0.51216704,0.4878329,1
0.7825681,0.2174319,0
0.9142313,0.08576865,0
0.8160763,0.18392374,0
0.6718172,0.32818276,0
0.69532573,0.30467424,0
0.7026796,0.2973204,0
0.7028066,0.2971934,0
0.7028066,0.2971934,0
0.72876215,0.27123782,0
0.7015219,0.29847807,0
0.8736223,0.12637772,0
0.9270816,0.07291841,0
0.8822233,0.11777665,0
0.7335809,0.26641914,0
0.6417518,0.3582482,0
0.72931325,0.27068672,0
0.87946373,0.12053633,1
0.93412,0.065879956,0
0.937667,0.062333032,0
0.8553303,0.1446697,1
0.6416389,0.3583611,1
0.6416503,0.35834974,1
0.64300704,0.35699293,1
0.65510887,0.34489116,1
0.68491304,0.31508696,1
0.7211475,0.27885255,1
0.72630894,0.27369112,1
0.7287717,0.2712283,1
0.7318082,0.26819184,1
0.9244033,0.07559663,0
0.30611637,0.69388366,1
0.5192387,0.48076126,1
0.5447308,0.45526916,1
0.5236395,0.4763605,1
0.58159,0.41841,1
0.70486933,0.29513073,1
0.7050279,0.2949721,1
0.7274082,0.27259186,0
0.7297739,0.27022603,0
0.6505081,0.3494919,1
0.903781,0.096219026,0
0.91428524,0.08571477,0
0.7791913,0.22080867,0
0.61633015,0.38366982,1
0.6294106,0.37058938,1
0.3079964,0.69200367,1
0.4666547,0.5333453,1
0.67891186,0.3210881,0
0.68629944,0.31370056,0
0.69612116,0.30387884,0
0.6357163,0.36428368,1
0.18435562,0.8156444,1
0.6727178,0.32728225,1
0.3011757,0.6988242,1
0.64760697,0.352393,1
0.28769463,0.71230537,1
0.6931563,0.30684376,0
0.7302994,0.26970062,0
0.6838713,0.31612864,0
0.8792178,0.12078224,0
0.9123395,0.08766044,0
0.9137767,0.08622326,0
0.6271816,0.37281835,0
0.42349538,0.5765046,1
0.68344456,0.3165554,1
0.7280925,0.27190745,0
0.90580416,0.09419582,0
0.91394824,0.08605175,0
0.9157571,0.08424288,0
0.9044669,0.09553302,0
0.54905754,0.45094243,1
0.55991656,0.44008347,1
0.6489783,0.35102165,0
0.6801173,0.3198827,0
0.6491432,0.35085675,1
0.66427654,0.33572343,1
0.7207621,0.279238,0
0.7266445,0.27335545,0
0.68332016,0.3166798,1
0.88855946,0.11144055,0
0.9220224,0.077977516,0
0.42635474,0.57364523,1
0.41666755,0.5833324,1
0.45517576,0.54482424,1
0.59295946,0.40704057,1
0.70311034,0.29688975,0
0.6933205,0.30667958,1
0.66414523,0.33585477,1
0.61747646,0.3825235,1
0.5182196,0.4817804,1
0.9345824,0.06541759,0
0.9303312,0.069668815,0
0.9045119,0.09548815,0
0.836947,0.163053,0
0.67580354,0.32419646,0
0.7065698,0.29343018,1
0.72491884,0.27508116,0
0.6469385,0.3530615,1
0.72957104,0.2704289,0
0.7310463,0.2689537,0
0.89366585,0.10633411,0
0.79152495,0.20847508,1
0.5702113,0.4297887,1
0.4978025,0.5021975,1
0.4662219,0.53377813,1
0.6237039,0.37629604,1
0.5900311,0.40996888,1
0.85426015,0.14573993,0
0.8896193,0.11038068,0
0.8635639,0.13643612,0
0.7153278,0.28467226,0
0.33797124,0.66202873,1
0.3421703,0.65782976,1
0.31652814,0.68347186,1
0.42547822,0.57452184,1
0.6094064,0.39059356,0
0.7193869,0.28061306,0
0.73275226,0.26724777,0
0.585227,0.41477296,0
0.7507563,0.24924366,0
0.8919373,0.10806271,0
0.9104331,0.08956688,0
0.9115692,0.088430814,0
0.89982,0.10018002,0
0.49042645,0.5095736,1
0.47380322,0.52619684,1
0.6985361,0.30146396,0
0.70034313,0.2996568,0
0.65405047,0.34594953,1
0.673362,0.326638,1
0.7119269,0.28807315,0
0.72731245,0.27268758,0
0.90968406,0.090315886,0
0.91394556,0.08605446,0
0.912525,0.087474935,0
0.9002682,0.099731795,0
0.86797196,0.13202801,0
0.71787035,0.28212962,1
0.5003009,0.49969912,1
0.48936102,0.510639,1
0.34620464,0.65379536,1
0.33150324,0.6684968,1
0.3983557,0.6016443,1
0.5483641,0.4516359,1
0.6532833,0.3467168,1
0.7319958,0.26800415,0
0.74068856,0.25931147,0
0.86359304,0.13640696,0
0.90781397,0.092185974,0
0.67835134,0.32164866,0
0.69096553,0.3090345,0
0.6140525,0.3859475,0
0.39661112,0.6033889,1
0.25253108,0.74746895,1
0.39859435,0.6014056,1
0.7136317,0.28636834,0
0.9314068,0.068593256,0
0.921182,0.07881801,0
0.8466538,0.15334615,0
0.6422349,0.3577651,0
0.6422234,0.3577766,0
0.68557143,0.31442857,0
0.7122752,0.2877248,1
0.7256487,0.2743513,0
0.7268806,0.27311933,0
0.91901195,0.08098803,0
0.89906806,0.100931965,0
0.7492618,0.25073817,1
0.642907,0.35709295,1
0.7124208,0.28757915,1
0.88648427,0.113515764,1
0.89861417,0.10138589,0
0.9089082,0.09109181,1
0.77416307,0.22583689,1
0.40053704,0.59946287,1
0.38789335,0.6121066,1
0.4765016,0.52349836,1
0.42255738,0.5774426,1
0.4928117,0.50718826,1
0.70561916,0.2943808,0
0.7277948,0.27220523,0
0.73044217,0.2695579,0
0.8739878,0.12601228,0
0.8944722,0.10552781,0
0.91299665,0.0870033,0
0.83627045,0.16372958,0
0.59311235,0.40688765,0
0.49749395,0.502506,1
0.55964047,0.44035947,1
0.5606708,0.4393292,1
0.6488286,0.35117137,1
0.6741616,0.32583836,1
0.7064389,0.29356113,0
0.7026186,0.29738137,0
0.8985777,0.10142232,0
0.64403385,0.35596618,0
0.23276488,0.7672351,1
0.6518313,0.3481686,0
0.6681509,0.3318491,0
0.7025194,0.29748058,0
0.7199045,0.2800955,0
0.7278077,0.27219227,0
0.72955114,0.27044892,0
0.80340445,0.19659556,0
0.7393824,0.26061764,0
0.5851907,0.41480926,0
0.6518508,0.3481492,1
0.70306486,0.2969351,0
0.7304531,0.26954687,0
0.8136242,0.18637583,0
0.9138893,0.086110674,0
0.81017,0.18983002,1
0.5788888,0.4211112,1
0.28332937,0.71667063,1
0.72512984,0.2748702,0
0.72584397,0.27415603,0
0.8808956,0.119104326,0
0.90134144,0.09865862,0
0.9240773,0.07592278,0
0.8940696,0.1059304,0
0.74832726,0.25167271,0
0.64204746,0.35795256,0
0.64318365,0.35681638,0
0.72374713,0.27625287,0
0.72784853,0.27215147,0
0.72879094,0.2712091,0
0.90375316,0.09624681,0
0.9296377,0.07036236,0
0.9147242,0.08527587,0
0.858601,0.14139901,1
0.6417979,0.3582021,1
0.64317775,0.35682222,1
0.6507329,0.34926715,1
0.7025654,0.2974347,1
0.7275609,0.27243915,1
0.87873876,0.12126122,0
0.8965878,0.10341223,1
0.9227819,0.077218145,0
0.9044568,0.095543176,0
0.85929835,0.14070165,0
0.61700165,0.38299826,1
0.6513661,0.34863394,0
0.66803366,0.3319664,0
0.6761098,0.3238902,0
0.6953741,0.304626,0
0.7024101,0.29758987,0
0.72572845,0.27427155,0
0.90890324,0.0910968,0
0.914492,0.08550794,0
0.8967864,0.10321357,0
0.5946074,0.4053926,0
0.6849872,0.31501275,0
0.72695065,0.27304927,0
0.75424,0.24576004,0
0.9090848,0.09091517,0
0.57605636,0.42394367,1
0.66510755,0.3348924,1
0.6657098,0.3342902,1
0.71994454,0.2800555,0
0.7238213,0.27617872,0
0.72571754,0.27428246,0
0.7294401,0.2705599,0
0.7473749,0.2526251,0
0.9149217,0.08507829,0
0.72046,0.27954,0
0.5062618,0.49373809,1
0.5907733,0.4092267,1
0.5718427,0.4281573,1
0.61379147,0.3862086,1
0.70004046,0.29995954,1
0.8880871,0.11191292,0
0.9133092,0.08669081,0
0.5041465,0.49585342,1
0.58752733,0.41247267,1
0.5815198,0.41848025,1
0.569873,0.43012702,1
0.5920963,0.40790367,1
0.7028363,0.29716375,0
0.70442307,0.295577,0
0.722433,0.277567,0
0.72682434,0.27317575,0
0.7593026,0.24069737,0
0.86863273,0.13136725,0
0.8916779,0.108322054,0
0.9222643,0.0777357,0
0.9041518,0.09584819,0
0.6658605,0.33413956,1
0.6406651,0.35933492,1
0.66803366,0.3319664,0
0.70616156,0.2938385,1
0.7032453,0.29675472,0
0.7224384,0.27756158,1
0.72797376,0.27202627,0
0.7288205,0.27117953,0
0.72937405,0.27062604,0
0.9340206,0.065979406,0
0.93165886,0.06834113,0
0.9074163,0.09258373,0
0.8911379,0.108862124,0
0.64481235,0.35518768,0
0.65528965,0.34471038,0
0.685058,0.314942,0
0.7286942,0.27130577,1
0.72870564,0.27129436,1
0.9262373,0.07376274,0
0.923065,0.07693499,0
0.5666187,0.43338138,1
0.24699827,0.75300175,1
0.4777628,0.5222372,1
0.40752858,0.5924714,1
0.36760372,0.6323963,1
0.70656544,0.29343453,0
0.76768357,0.23231642,0
0.6951068,0.3048932,1
0.52318454,0.47681543,1
0.5059173,0.49408263,1
0.2111746,0.78882545,1
0.6487399,0.35126016,0
0.6741752,0.3258248,0
0.6828668,0.31713316,0
0.71576154,0.28423846,0
0.72718245,0.27281752,0
0.9136864,0.086313605,0
0.897839,0.102161005,0
0.565052,0.43494803,0
0.5549474,0.4450526,0
0.563248,0.43675196,0
0.5698328,0.43016726,1
0.6800313,0.3199686,1
0.70343614,0.29656386,0
0.7030077,0.29699224,0
0.7324306,0.26756942,0
0.7050534,0.29494658,1
0.54098624,0.45901385,1
0.55180544,0.44819453,1
0.5547304,0.44526953,1
0.6825961,0.31740397,1
0.6994067,0.30059332,1
0.7028877,0.2971123,1
0.72485125,0.2751487,0
0.7267051,0.27329493,0
0.82112885,0.17887115,0
0.9090957,0.09090428,0
0.9161984,0.0838016,0
0.521571,0.478429,1
0.49387646,0.5061235,1
0.2717475,0.7282525,1
0.48524684,0.51475316,1
0.3719647,0.6280353,1
0.55805373,0.4419462,1
0.5612514,0.43874857,1
0.6273814,0.37261862,1
0.7755672,0.22443286,0
0.90967005,0.09032992,0
0.54180235,0.45819768,1
0.6610976,0.3389024,0
0.66821194,0.3317881,0
0.704227,0.29577306,0
0.7026295,0.2973705,0
0.72282046,0.27717957,1
0.7277296,0.27227038,0
0.8879321,0.11206788,0
0.8591924,0.14080757,0
0.7203429,0.27965716,0
0.6415938,0.35840622,0
0.64165527,0.35834467,0
0.64468116,0.35531887,0
0.65053385,0.34946612,0
0.70370525,0.29629472,1
0.70275974,0.2972403,1
0.72755563,0.27244437,1
0.7280114,0.2719885,0
0.7315624,0.26843756,1
0.91383594,0.08616414,0
0.923718,0.07628201,0
0.9224253,0.077574685,0
0.55366206,0.44633797,1
0.5220065,0.4779935,1
0.6580119,0.34198815,1
0.66674256,0.33325744,1
0.7025498,0.2974502,0
0.86852247,0.1314775,0
0.91636294,0.08363709,0
0.6414787,0.35852128,1
0.6473476,0.35265237,1
0.6782657,0.32173437,1
0.7065227,0.29347733,1
0.71998596,0.28001404,0
0.72807187,0.27192816,0
0.7308824,0.26911762,0
0.734539,0.265461,1
0.7444484,0.25555155,0
0.7878283,0.21217166,1
0.6306506,0.36934945,1
0.53476745,0.46523258,1
0.5724159,0.4275841,1
0.6297443,0.37025574,1
0.6635655,0.33643454,1
0.6735124,0.3264875,1
0.6835262,0.31647378,1
0.70322454,0.2967755,0
0.7296085,0.27039155,0
0.90716547,0.09283449,0
0.8176771,0.18232296,1
0.676324,0.3236759,1
0.6328555,0.36714458,1
0.5582527,0.4417473,1
0.5855786,0.41442144,1
0.57598054,0.4240195,1
0.62941396,0.37058607,1
0.7026686,0.29733136,1
0.7131716,0.28682843,1
0.72287434,0.2771257,1
0.7127628,0.28723723,1
0.7963982,0.2036018,0
0.89840937,0.10159064,0
0.91512185,0.08487819,0
0.6433741,0.3566259,1
0.44637102,0.55362904,1
0.7017207,0.29827926,0
0.72002894,0.279971,0
0.7151895,0.28481054,0
0.71835834,0.2816416,0
0.90285826,0.097141765,0
0.58050555,0.41949442,0
0.5997236,0.4002764,0
0.6404598,0.35954025,1
0.6937837,0.30621627,1
0.92817736,0.071822636,0
0.9302842,0.06971579,0
0.9309751,0.06902487,0
0.9011386,0.09886138,0
0.8454526,0.1545474,0
0.7973322,0.20266773,0
0.64745057,0.35254943,1
0.65635896,0.34364104,1
0.7065715,0.2934285,1
0.7170888,0.28291118,1
0.72597045,0.27402955,1
0.89103687,0.10896307,0
0.8976479,0.1023521,0
0.71423197,0.285768,1
0.33770835,0.6622916,1
0.3476602,0.65233976,1
0.6981388,0.3018612,0
0.73322976,0.26677024,0
0.82434976,0.17565018,0
0.8866917,0.113308325,0
0.9011377,0.098862246,0
0.58021605,0.41978398,1
0.25653014,0.7434699,1
0.21779643,0.7822036,1
0.15156935,0.8484306,1
0.35961276,0.64038724,1
0.49381942,0.5061806,0
0.2092124,0.79078764,0
0.73284537,0.26715463,0
0.90528,0.09472001,0
0.15671426,0.8432857,1
0.012510525,0.9874895,1
0.014201001,0.98579895,1
0.15416774,0.84583235,0
0.25204065,0.7479594,0
0.33148074,0.6685192,0
0.8434197,0.1565803,0
0.56800145,0.4319985,0
0.3953992,0.6046008,0
0.34661648,0.6533835,0
0.51376593,0.486234,0
0.24482119,0.7551788,0
0.251714,0.748286,0
0.29810604,0.7018939,0
0.70623624,0.29376367,0
0.7283155,0.27168453,0
0.72899497,0.271005,0
0.504174,0.49582607,0
0.6416485,0.35835156,0
0.65114945,0.34885055,0
0.67000484,0.3299952,0
0.6956404,0.3043596,0
0.7039282,0.29607177,0
0.72577643,0.27422357,0
0.7302546,0.26974544,0
0.912855,0.08714497,0
0.89129734,0.10870263,1
0.62036073,0.37963933,1
0.6570992,0.34290078,1
0.7026966,0.29730344,0
0.70273083,0.2972692,0
0.7025446,0.29745534,0
0.7199548,0.2800452,0
0.7269974,0.27300262,0
0.72861314,0.2713869,0
0.72941524,0.2705848,0
0.9232274,0.0767725,0
0.92616683,0.07383318,0
0.92027646,0.0797235,0
0.8082207,0.19177935,0
0.7189967,0.28100324,0
0.6420513,0.3579487,0
0.64719135,0.35280868,1
0.6608857,0.33911434,1
0.7024267,0.29757336,1
0.7120375,0.2879625,1
0.92125815,0.07874182,0
0.9235823,0.07641766,0
0.9208619,0.07913811,0
0.90191996,0.09807997,0
0.8311645,0.16883557,1
0.66843545,0.33156455,1
0.6171849,0.38281506,0
0.6593734,0.34062657,1
0.6702557,0.32974434,1
0.7008271,0.29917282,1
0.7065698,0.29343018,1
0.7314323,0.26856768,1
0.73240274,0.26759723,1
0.7317107,0.26828927,1
0.74602836,0.2539716,0
0.8454676,0.15453237,1
0.7997302,0.20026985,1
0.5917658,0.40823415,1
0.57307637,0.42692363,1
0.64570844,0.3542916,1
0.4199369,0.5800631,1
0.4321039,0.5678961,1
0.17306986,0.8269301,1
0.11678501,0.88321495,1
0.18182212,0.8181778,1
0.7061425,0.2938576,0
0.7335168,0.26648325,0
0.90871215,0.091287814,0
0.90130204,0.098698,0
0.88585544,0.11414462,0
0.8604907,0.13950932,0
0.64318365,0.35681638,0
0.64478356,0.35521647,0
0.70341027,0.29658973,0
0.70498264,0.29501736,0
0.88622034,0.1137797,0
0.9181032,0.08189684,0
0.91871315,0.08128691,0
0.6318036,0.36819646,0
0.6416735,0.35832652,1
0.6695081,0.33049187,1
0.6778115,0.32218853,1
0.70243955,0.29756045,1
0.7023867,0.29761332,1
0.7198614,0.2801386,1
0.72580254,0.27419743,1
0.7274025,0.27259752,1
0.84348917,0.15651084,1
0.89552987,0.10447019,0
0.87804276,0.12195727,0
0.79456663,0.20543334,1
0.51284194,0.4871581,1
0.29833725,0.7016628,1
0.5637047,0.43629527,1
0.6415641,0.35843593,1
0.33255106,0.66744894,1
0.6867103,0.31328967,0
0.7119955,0.2880046,0
0.72801423,0.27198577,0
0.919164,0.080836,0
0.87338173,0.12661831,0
0.64411426,0.35588577,1
0.7129453,0.2870548,0
0.72783494,0.27216506,0
0.72874355,0.2712564,0
0.89448756,0.10551247,0
0.926238,0.07376196,0
0.876824,0.12317597,0
0.78515774,0.21484222,0
0.69353604,0.306464,0
0.6458574,0.35414252,1
0.61640865,0.38359132,1
0.7023082,0.2976918,0
0.72832483,0.27167517,1
0.7281136,0.27188644,0
0.7182612,0.28173882,1
0.88143307,0.11856697,0
0.90777826,0.09222181,0
0.9231741,0.076825894,0
0.91119385,0.08880615,0
0.5794237,0.4205763,1
0.6420105,0.35798952,0
0.6505297,0.34947035,0
0.69506526,0.30493468,0
0.7120263,0.28797373,0
0.72801423,0.27198577,0
0.7718966,0.22810337,0
0.81915665,0.18084334,0
0.90504295,0.09495697,0
0.70480555,0.29519442,0
0.71135193,0.28864804,0
0.7321263,0.26787373,0
0.8944529,0.10554711,1
0.91111803,0.08888194,0
0.9196959,0.080304064,0
0.69485533,0.3051446,1
0.72930264,0.27069736,0
0.7288684,0.27113158,0
0.73025984,0.26974016,0
0.73091567,0.26908436,0
0.82968676,0.17031321,0
0.9232477,0.07675237,0
0.5992786,0.4007214,1
0.6019891,0.39801088,1
0.64231294,0.3576871,1
0.6417979,0.3582021,1
0.6423387,0.3576613,1
0.44171363,0.55828637,1
0.6041669,0.3958331,1
0.38160297,0.61839694,1
0.72597504,0.274025,0
0.72786665,0.27213332,0
0.82568866,0.17431135,0
0.6026358,0.3973643,0
0.6079921,0.3920079,0
0.6680001,0.33199993,0
0.6760392,0.3239608,0
0.7024225,0.29757753,0
0.72785556,0.2721444,1
0.8349834,0.16501658,0
0.8815222,0.11847787,1
0.58128595,0.41871405,1
0.62624604,0.373754,1
0.59251463,0.4074854,1
0.53892255,0.46107742,1
0.57973087,0.42026916,1
0.62253207,0.3774679,1
0.7062967,0.2937033,1
0.70281845,0.29718155,0
0.7229056,0.27709436,1
0.72806156,0.27193844,0
0.8990471,0.10095291,0
0.91111547,0.08888459,0
0.92958987,0.070410125,0
0.92449105,0.07550897,0
0.87657857,0.1234214,0
0.724787,0.27521303,0
0.64204746,0.35795256,0
0.6502662,0.34973377,1
0.6563891,0.3436109,0
0.72020805,0.27979195,1
0.7253141,0.2746859,1
0.7280362,0.27196375,0
0.728739,0.271261,0
0.9132891,0.08671093,0
0.91708446,0.08291558,0
0.9194251,0.080575004,0
0.91018033,0.0898196,0
0.832154,0.167846,1
0.6663289,0.33367103,1
0.644212,0.355788,1
0.6611867,0.33881325,0
0.66819954,0.3318004,0
0.70241416,0.29758584,0
0.7197266,0.28027344,0
0.7283155,0.27168453,1
0.7286744,0.27132556,0
0.8341809,0.16581908,0
0.9144318,0.085568175,0
0.642271,0.35772905,1
0.6450537,0.35494632,1
0.6681089,0.3318911,1
0.6764935,0.3235065,1
0.68717134,0.31282866,1
0.7197395,0.28026047,0
0.723686,0.27631408,0
0.72828937,0.27171063,1
0.87254226,0.1274578,0
0.91227555,0.08772444,0
0.596791,0.40320903,1
0.5882663,0.41173375,1
0.6103982,0.38960183,0
0.5977613,0.40223873,1
0.6779505,0.32204944,1
0.702635,0.297365,0
0.70249015,0.29750982,0
0.70234585,0.29765412,0
0.72633904,0.27366096,0
0.72800666,0.2719934,0
0.72946626,0.2705338,0
0.7593019,0.2406981,0
0.890763,0.10923707,0
0.7982877,0.20171236,1
0.6458242,0.35417575,1
0.55844146,0.4415586,1
0.695,0.305,0
0.7256428,0.27435717,0
0.7286588,0.27134117,0
0.89976877,0.1002312,0
0.8875364,0.11246357,0
0.8134795,0.18652052,1
0.6419202,0.35807982,0
0.6478891,0.35211092,1
0.70669734,0.29330263,0
0.72534364,0.27465633,0
0.72964364,0.2703563,0
0.7288306,0.27116945,0
0.7300663,0.26993367,0
0.8954478,0.10455219,0
0.7123421,0.28765792,0
0.6611445,0.33885548,1
0.66828054,0.3317195,1
0.6858262,0.31417385,1
0.7029889,0.29701108,1
0.7200125,0.27998748,1
0.7289625,0.27103752,1
0.72858775,0.27141222,1
0.9097992,0.09020077,0
0.9206111,0.07938896,0
0.8735535,0.12644647,0
0.83061373,0.16938625,0
0.7601996,0.23980035,1
0.6739021,0.32609794,1
0.6452621,0.35473782,1
0.6445089,0.35549113,1
0.65074754,0.34925246,1
0.70034313,0.2996568,1
0.7233798,0.27662018,1
0.9158127,0.08418728,0
0.89679503,0.103204966,0
0.5896922,0.4103078,1
0.6461694,0.35383055,1
0.43533367,0.5646663,1
0.7026515,0.29734844,0
0.71230817,0.28769186,0
0.7201057,0.2798943,0
0.72676927,0.27323067,0
0.72801906,0.27198103,0
0.7280114,0.2719885,0
0.6423254,0.3576746,0
0.65079147,0.3492085,0
0.6680111,0.33198884,0
0.6761041,0.3238958,0
0.70241416,0.29758584,0
0.71204925,0.28795072,0
0.7257399,0.2742601,0
0.7294618,0.27053824,0
0.8648072,0.1351928,0
0.91116124,0.08883868,0
0.92617595,0.07382407,0
0.925115,0.074884966,0
0.91850066,0.08149934,0
0.81654257,0.18345745,1
0.5810057,0.41899437,1
0.5964296,0.40357038,1
0.6441669,0.35583314,1
0.6451133,0.35488668,1
0.64674383,0.3532561,1
0.70260775,0.29739222,0
0.7023102,0.29768983,0
0.71197486,0.28802514,0
0.7080856,0.29191443,0
0.7086498,0.2913502,0
0.7233882,0.2766118,1
0.7307563,0.2692437,1
0.94090855,0.05909143,0
0.92756146,0.07243849,0
0.7617322,0.23826775,1
0.7028662,0.2971338,1
0.72459215,0.27540785,1
0.7297463,0.27025372,1
0.73086613,0.2691339,1
0.91421735,0.08578266,0
0.9277726,0.07222736,0
0.90768296,0.092317015,0
0.6444622,0.35553774,0
0.68187124,0.31812868,0
0.6969069,0.30309308,0
0.70498264,0.29501736,0
0.704894,0.295106,0
0.7119439,0.28805608,1
0.7326745,0.26732546,0
0.9060924,0.09390756,0
0.7756729,0.22432706,1
0.64160705,0.3583929,1
0.6428815,0.3571185,1
0.64647543,0.35352454,1
0.64990044,0.35009953,1
0.6662773,0.3337228,0
0.70341027,0.29658973,1
0.719768,0.280232,1
0.7257437,0.2742563,1
0.73191166,0.26808828,1
0.90769994,0.0923001,1
0.9269982,0.07300176,0
0.93333244,0.0666676,0
0.932603,0.06739698,0
0.8828049,0.11719514,1
0.8514026,0.1485975,1
0.5630262,0.43697384,1
0.56580293,0.43419704,1
0.4967899,0.5032102,1
0.7045136,0.29548642,1
0.73115975,0.26884025,0
0.92109144,0.07890861,0
0.878464,0.12153605,0
0.7616413,0.23835866,0
0.6444074,0.35559264,0
0.42596477,0.5740352,1
0.37704873,0.6229513,1
0.24777018,0.7522298,1
0.28161865,0.71838135,1
0.7042626,0.2957374,0
0.72555065,0.27444932,0
0.89732015,0.10267989,0
0.9208804,0.07911963,0
0.9242383,0.07576171,0
0.29861146,0.70138854,1
0.6580155,0.34198454,0
0.28330678,0.7166933,1
0.73102725,0.2689727,0
0.73267215,0.26732782,0
0.9201765,0.07982347,0
0.92113715,0.078862816,0
0.64606935,0.35393074,0
0.6693983,0.33060163,1
0.70434785,0.2956522,1
0.7201621,0.27983788,0
0.912108,0.08789202,0
0.9255997,0.07440029,0
0.93472666,0.065273345,0
0.9335603,0.06643964,0
0.9340862,0.06591383,0
0.8976389,0.10236106,0
0.64374405,0.35625592,1
0.6513323,0.34866768,1
0.6978795,0.30212054,1
0.7050425,0.29495755,1
0.70399135,0.29600868,1
0.7281136,0.27188644,0
0.72940934,0.27059063,1
0.9211264,0.078873634,0
0.908031,0.091969006,0
0.75306183,0.24693817,0
0.67445385,0.32554618,0
0.6667994,0.3332006,0
0.64415544,0.35584462,1
0.702635,0.297365,0
0.7308758,0.26912415,0
0.9147111,0.08528889,0
0.9322965,0.06770347,0
0.9265109,0.07348914,0
0.9113199,0.08868005,0
0.6417574,0.35824257,0
0.64477223,0.35522777,0
0.6551352,0.34486485,0
0.702646,0.29735398,1
0.7247786,0.27522138,1
0.72633904,0.27366096,1
0.7281136,0.27188644,1
0.730548,0.26945207,1
0.9268054,0.073194586,0
0.57624775,0.42375225,1
0.3141111,0.6858889,1
0.46784285,0.5321571,1
0.7041343,0.2958657,0
0.70285416,0.29714578,0
0.7259645,0.27403548,0
0.7306484,0.26935163,0
0.92200935,0.0779906,0
0.92080355,0.07919647,0
0.58807015,0.4119298,0
0.6453419,0.35465813,0
0.64213544,0.35786462,1
0.7038976,0.2961024,0
0.72993433,0.27006567,0
0.9060967,0.09390326,0
0.9141074,0.08589259,0
0.67931396,0.3206861,0
0.64483124,0.3551688,1
0.646969,0.35303098,1
0.6573261,0.3426739,1
0.6780029,0.32199708,1
0.69693977,0.3030603,1
0.70439774,0.29560223,1
0.7023981,0.29760188,0
0.7269974,0.27300262,0
0.7332812,0.2667188,1
0.73369557,0.26630443,1
0.86442435,0.1355757,0
0.9063501,0.09364993,0
0.91510475,0.08489522,0
0.9086933,0.09130662,0
0.8770719,0.122928105,0
0.7269599,0.27304018,0
0.6438586,0.35614136,1
0.6492196,0.35078034,1
0.70446175,0.29553825,1
0.7197915,0.2802085,0
0.8821233,0.11787664,1
0.91696024,0.08303976,0
0.72010905,0.27989095,1
0.5541035,0.44589657,1
0.7024713,0.29752868,0
0.77628696,0.2237131,1
0.6426033,0.35739672,0
0.64467114,0.3553289,0
0.6760445,0.32395548,0
0.6853071,0.314693,0
0.6957357,0.3042643,1
0.7024713,0.29752868,0
0.7035823,0.29641777,1
0.7032805,0.29671955,1
0.7023981,0.29760188,0
0.70241416,0.29758584,0
0.72567195,0.27432805,1
0.72892934,0.2710707,1
0.72837573,0.27162427,1
0.73143494,0.26856503,1
0.88985574,0.1101442,0
0.9131984,0.08680161,0
0.89506364,0.104936354,0
0.86523455,0.13476542,1
0.6781519,0.32184812,1
0.7029889,0.29701108,1
0.72928345,0.27071646,1
0.7306851,0.26931486,1
0.9223436,0.077656396,0
0.9117402,0.088259734,0
0.8728352,0.12716484,0
0.8018744,0.1981256,0
0.60519224,0.39480773,0
0.64470685,0.35529312,0
0.6696116,0.33038843,1
0.69824004,0.3017599,1
0.7293869,0.2706131,0
0.7290171,0.2709829,1
0.73106074,0.26893923,0
0.90173733,0.09826271,0
0.9203313,0.07966874,0
0.91646075,0.08353931,0
0.9128196,0.08718031,0
0.84153867,0.15846133,1
0.7323589,0.26764107,1
0.64299685,0.35700318,1
0.7026796,0.2973204,0
0.71205324,0.28794676,0
0.7278093,0.27219066,1
0.86248946,0.13751052,1
0.8997995,0.100200415,0
0.91227394,0.08772604,0
0.8753244,0.12467553,1
0.64379907,0.3562009,1
0.68927324,0.31072682,1
0.71211845,0.28788155,0
0.7198477,0.28015238,0
0.7311203,0.26887968,1
0.7315495,0.2684505,1
0.91002107,0.08997894,0
0.91619307,0.08380691,0
0.7441611,0.25583884,1
0.6209168,0.3790832,0
0.60088986,0.39911017,0
0.61850697,0.381493,0
0.7257517,0.27424836,0
0.73098415,0.26901588,0
0.7316941,0.26830587,0
0.927013,0.07298699,0
0.9234622,0.07653776,0
0.5949854,0.40501451,0
0.65525085,0.34474918,0
0.668121,0.33187905,0
0.7033309,0.29666913,1
0.702597,0.29740292,0
0.7251593,0.27484068,1
0.7286262,0.27137378,1
0.7314855,0.26851457,1
0.9105707,0.089429274,1
0.750453,0.24954696,1
0.7076442,0.29235575,1
0.6439093,0.35609066,1
0.64948875,0.35051125,1
0.48683158,0.5131684,1
0.6064888,0.39351115,1
0.7153275,0.28467247,1
0.7308514,0.26914856,0
0.8932342,0.106765784,0
0.91539484,0.08460511,0
0.6779766,0.32202336,0
0.70434785,0.2956522,1
0.72613424,0.27386567,0
0.90883934,0.09116067,0
0.6418215,0.35817853,0
0.5916731,0.408327,0
0.6078177,0.39218226,0
0.64213306,0.35786697,0
0.65519804,0.3448019,0
0.6609613,0.3390387,0
0.6758988,0.3241012,0
0.7057868,0.29421315,0
0.72781044,0.2721895,1
0.7286475,0.27135256,1
0.82848305,0.17151697,0
0.8937822,0.106217764,0
0.90473586,0.09526415,0
0.90787137,0.09212859,0
0.6730856,0.3269145,1
0.6023638,0.39763615,1
0.5872539,0.412746,1
0.6532697,0.34673032,1
0.6574823,0.3425177,1
0.7119892,0.28801078,0
0.72696567,0.2730344,0
0.72867846,0.2713215,0
0.7746964,0.22530356,0
0.9085094,0.09149058,0
0.6009153,0.39908466,0
0.65551865,0.3444813,1
0.6766327,0.32336727,1
0.7038774,0.29612264,1
0.7045136,0.29548642,1
0.70247597,0.29752406,0
0.7119645,0.28803545,0
0.723636,0.27636406,0
0.7747532,0.2252468,0
0.83266765,0.16733237,0
0.87889326,0.12110677,0
0.9144202,0.0855798,0
0.7548767,0.2451233,1
0.6423512,0.35764888,1
0.6480625,0.35193744,1
0.712217,0.28778306,0
0.7199045,0.2800955,0
0.7237649,0.2762351,0
0.7302993,0.2697007,0
0.8002333,0.19976668,0
0.85948706,0.14051297,0
0.8812655,0.118734434,0
0.90301484,0.09698515,0
0.9044815,0.09551848,0
0.8898061,0.11019392,0
0.79655915,0.20344087,0
0.60407466,0.39592537,0
0.6424777,0.3575223,1
0.64511245,0.35488757,1
0.6516379,0.34836212,1
0.6563347,0.34366527,1
0.685415,0.31458497,1
0.69530785,0.30469215,1
0.7024853,0.2975146,0
0.7024853,0.2975146,0
0.71215165,0.28784838,0
0.729272,0.270728,1
0.9101042,0.08989581,0
0.5812452,0.41875488,1
0.6390063,0.3609937,1
0.604832,0.39516798,1
0.70379883,0.2962011,0
0.72498935,0.27501065,0
0.7267242,0.27327585,0
0.89818966,0.10181033,0
0.9255184,0.07448156,0
0.7140464,0.28595355,0
0.64244723,0.3575528,0
0.64274377,0.35725626,0
0.7026796,0.2973204,0
0.702597,0.29740292,0
0.7202254,0.27977458,1
0.9104236,0.08957644,0
0.92232066,0.07767931,0
0.93143314,0.068566814,0
0.94075334,0.059246723,0
0.91005456,0.08994544,0
0.7294621,0.2705379,1
0.6425104,0.35748965,1
0.65532964,0.34467036,1
0.6761725,0.32382756,1
0.6852953,0.31470466,1
0.70303935,0.2969606,1
0.72051257,0.27948737,1
0.72646326,0.27353677,1
0.72886115,0.27113885,1
0.84181964,0.15818043,1
0.8962392,0.10376085,1
0.92222184,0.07777823,0
0.7433678,0.25663218,0
0.64237523,0.35762477,0
0.6425319,0.3574682,0
0.668163,0.331837,0
0.6852895,0.31471056,0
0.8871313,0.1128687,0
0.812534,0.18746603,1
0.7252546,0.27474535,1
0.5992796,0.40072045,0
0.6429484,0.35705167,1
0.6463787,0.35362133,1
0.64548695,0.35451308,1
0.35693237,0.64306766,1
0.7030965,0.29690343,1
0.21549685,0.7845032,1
0.7063015,0.29369852,0
0.72759116,0.27240884,0
0.7313719,0.26862812,0
0.9110064,0.088993646,0
0.64355767,0.3564424,0
0.6445272,0.35547274,0
0.67600334,0.32399666,0
0.70249486,0.29750508,0
0.7198661,0.28013393,0
0.72372985,0.27627015,0
0.7308758,0.26912415,1
0.77539974,0.22460026,0
0.9006287,0.09937129,0
0.81251943,0.18748063,1
0.6043841,0.39561588,1
0.67722976,0.32277027,1
0.6855141,0.31448588,1
0.69538623,0.3046138,1
0.7238213,0.27617872,0
0.72991675,0.2700832,1
0.7306053,0.26939464,1
0.90749955,0.0925005,0
0.8783245,0.12167543,0
0.84776926,0.15223078,0
0.6479182,0.35208178,1
0.6611564,0.33884355,0
0.7301043,0.2698957,1
0.9095743,0.09042566,0
0.9168857,0.08311431,0
0.93885493,0.061145086,0
0.8992347,0.10076525,0
0.6968375,0.30316243,1
0.68624496,0.31375498,1
0.7041343,0.2958657,1
0.7294233,0.27057666,0
0.89775264,0.10224736,0
0.91540235,0.08459763,0
0.91794145,0.08205856,0
0.9219435,0.07805651,0
0.6785852,0.32141486,1
0.6063453,0.3936547,0
0.71201545,0.28798455,0
0.73241717,0.2675829,0
0.8980285,0.101971515,0
0.9055046,0.09449541,0
0.9008571,0.09914294,0
0.6416412,0.35835883,0
0.59145874,0.40854135,0
0.6103731,0.38962692,0
0.12219483,0.8778052,1
0.6577834,0.34221664,1
0.541653,0.45834702,1
0.7038377,0.2961623,0
0.7024713,0.29752868,0
0.7119645,0.28803545,0
0.7287985,0.27120152,0
0.7975385,0.20246151,0
0.8450133,0.15498665,0
0.6120426,0.38795742,0
0.61426294,0.38573706,0
0.5188751,0.48112494,1
0.30168414,0.69831586,1
0.17787501,0.82212496,1
0.62966466,0.37033528,1
0.617286,0.38271394,1
0.7037555,0.2962445,0
0.7302444,0.26975563,0
0.73021185,0.2697882,0
0.8191443,0.18085565,0
0.60531354,0.39468643,0
0.54720056,0.4527994,1
0.64286333,0.35713667,0
0.64794636,0.35205364,0
0.3613899,0.63861006,1
0.5127265,0.4872735,1
0.71211845,0.28788155,0
0.72698164,0.27301836,0
0.73094535,0.26905465,0
0.88014156,0.11985849,0
0.8566133,0.14338672,0
0.60776055,0.39223936,0
0.5919199,0.4080801,0
0.64446807,0.3555319,0
0.64878166,0.35121837,0
0.6766395,0.32336047,0
0.6982703,0.30172968,1
0.7029952,0.29700488,0
0.704894,0.295106,0
0.72444665,0.27555338,0
0.72964656,0.27035347,0
0.8367739,0.16322607,0
0.91586727,0.08413275,0
0.9128385,0.08716147,0
0.89475536,0.10524468,0
0.6272704,0.37272963,0
0.6441457,0.35585427,1
0.6460093,0.35399067,1
0.657061,0.34293905,1
0.70277727,0.29722273,1
0.702597,0.29740292,0
0.7261174,0.27388263,1
0.7289621,0.27103788,0
0.72949815,0.27050185,0
0.87300545,0.12699454,0
0.6505094,0.34949052,0
0.66775185,0.33224812,0
0.7024734,0.2975266,0
0.7023398,0.2976601,1
0.7023213,0.29767868,1
0.7023082,0.2976918,0
0.7121093,0.2878907,1
0.7300856,0.2699144,1
0.9186378,0.08136217,0
0.92161286,0.078387104,0
0.89433795,0.105662085,1
0.82918864,0.17081138,1
0.7185337,0.28146625,1
0.6087942,0.3912058,0
0.60455066,0.39544937,0
0.5977712,0.40222877,1
0.6004381,0.39956188,1
0.6420087,0.3579913,1
0.64474994,0.35525006,1
0.65525085,0.34474918,1
0.7023315,0.29766855,0
0.7051604,0.29483968,0
0.7300367,0.26996335,1
0.84989154,0.15010843,0
0.8871031,0.112896964,0
0.59655964,0.40344042,1
0.6550491,0.34495094,1
0.66772354,0.3322765,1
0.6856822,0.3143178,1
0.7295965,0.2704035,1
0.7338898,0.26611018,1
0.87577015,0.12422984,1
0.9096458,0.0903542,1
0.74808013,0.25191987,1
0.5692413,0.43075868,1
0.6414971,0.3585029,0
0.6514404,0.34855968,1
0.6692647,0.3307354,1
0.6962098,0.3037902,1
0.7026186,0.29738137,0
0.7198038,0.2801962,0
0.7246541,0.27534592,0
0.72802025,0.27197978,0
0.8080066,0.19199342,1
0.9088165,0.091183506,0
0.8992224,0.10077763,0
0.6427017,0.35729828,1
0.6445418,0.35545817,1
0.6942774,0.30572262,1
0.70306486,0.2969351,0
0.71295244,0.28704762,0
0.7207472,0.2792528,0
0.72584397,0.27415603,0
0.6417426,0.35825744,0
0.648184,0.351816,0
0.67697054,0.32302946,0
0.7023652,0.29763478,0
0.7260729,0.27392706,0
0.73138815,0.26861185,0
0.90855724,0.09144276,0
0.90497744,0.09502252,0
0.9001173,0.09988273,0
0.7888624,0.21113758,0
0.70405614,0.29594386,1
0.24085623,0.7591437,1
0.7260579,0.27394208,1
0.9005539,0.09944608,0
0.7903078,0.20969218,0
0.6416389,0.3583611,0
0.64168096,0.35831907,0
0.6450343,0.35496566,0
0.66100824,0.33899185,0
0.67597395,0.3240261,0
0.7045929,0.29540712,1
0.6983787,0.30162126,1
0.71336484,0.28663513,1
0.7253035,0.2746966,1
0.90109766,0.09890234,0
0.79761326,0.20238674,0
0.61317307,0.38682693,0
0.71228606,0.28771392,0
0.72380674,0.27619326,0
0.72584397,0.27415603,0
0.72954345,0.27045655,1
0.9117208,0.08827922,0
0.69641334,0.3035867,0
0.72620344,0.2737966,1
0.7320241,0.26797593,1
0.8454926,0.15450741,1
0.8988181,0.10118188,0
0.6355792,0.36442077,1
0.7197091,0.28029093,1
0.7237174,0.2762827,1
0.7279778,0.27202216,1
0.73191166,0.26808828,0
0.73302156,0.26697838,1
0.89681417,0.103185765,0
0.6418038,0.35819623,1
0.64331126,0.35668874,1
0.40243542,0.5975646,1
0.70213175,0.29786828,1
0.7137966,0.28620332,0
0.72669476,0.2733053,0
0.7280426,0.2719574,0
0.7303683,0.2696317,0
0.9078933,0.092106745,0
0.8823884,0.1176116,0
0.8059622,0.19403774,0
0.59656644,0.40343356,0
0.6432306,0.35676935,0
0.65074754,0.34925246,1
0.656878,0.34312195,0
0.66212463,0.3378754,0
0.7025549,0.2974451,0
0.70249486,0.29750508,0
0.7257937,0.27420625,0
0.7279456,0.27205443,0
0.91124433,0.088755734,0
0.91491735,0.0850827,0
0.9250233,0.07497674,0
0.8820474,0.117952555,1
0.54839975,0.45160028,1
0.64501303,0.35498697,1
0.6423685,0.3576315,0
0.64416313,0.3558368,1
0.6851228,0.31487718,0
0.70287824,0.29712173,0
0.73011434,0.2698857,1
0.9163491,0.083650865,0
0.93877804,0.061221942,0
0.93692195,0.063078016,0
0.93210006,0.06789989,0
0.6421886,0.35781136,1
0.65522933,0.3447707,1
0.67627364,0.32372636,1
0.7048267,0.2951733,1
0.72875357,0.2712464,1
0.8785461,0.12145387,1
0.92676336,0.0732366,0
0.9228936,0.07710647,0
0.64190084,0.35809916,0
0.6506445,0.34935555,0
0.68499136,0.3150087,0
0.7023398,0.2976601,0
0.7023342,0.29766575,0
0.7121565,0.28784353,0
0.732076,0.26792398,1
0.8763185,0.12368151,1
0.9178806,0.08211936,0
0.90459055,0.09540947,0
0.8870688,0.11293116,0
0.60083604,0.39916396,0
0.6416202,0.35837975,0
0.64166546,0.35833454,0
0.65549976,0.34450024,1
0.6618343,0.33816576,1
0.71303296,0.28696707,1
0.72585356,0.27414653,0
0.87509334,0.12490664,1
0.91513175,0.08486827,0
0.88155,0.11844996,0
0.70162636,0.29837364,1
0.61364067,0.3863593,0
0.61987257,0.38012743,0
0.5891693,0.4108307,1
0.60055256,0.3994474,1
0.30491638,0.6950837,1
0.11280903,0.887191,1
0.70680803,0.29319206,0
0.59203076,0.40796927,0
0.58932453,0.41067547,0
0.059250295,0.94074976,1
0.043310665,0.95668936,1
0.5762175,0.42378253,0
0.42658126,0.57341874,0
0.72613156,0.27386844,0
0.7286459,0.2713541,0
0.72112584,0.2788742,0
0.88788915,0.11211082,0
0.8916522,0.10834781,0
0.84259164,0.15740837,0
0.6516379,0.34836212,0
0.66196114,0.33803883,0
0.7025295,0.29747054,0
0.7319409,0.26805905,1
0.70339835,0.29660165,1
0.8307811,0.16921887,1
0.91294235,0.08705769,0
0.8731503,0.12684973,0
0.6554315,0.34456852,0
0.70277137,0.29722866,0
0.7032176,0.29678234,0
0.70277727,0.29722273,0
0.70295787,0.29704213,0
0.72596973,0.27403024,0
0.72845244,0.27154753,0
0.7295715,0.27042848,0
0.7306874,0.26931268,0
0.9270017,0.07299827,0
0.93307924,0.06692081,0
0.9397999,0.060200054,0
0.924045,0.075954996,0
0.88860124,0.11139876,0
0.8585391,0.14146091,0
0.668121,0.33187905,1
0.69494045,0.3050596,1
0.7025295,0.29747054,1
0.7199651,0.2800349,1
0.728103,0.27189696,1
0.7292003,0.2707997,1
0.911072,0.088927984,0
0.91217405,0.08782595,0
0.8928256,0.10717443,1
0.5954898,0.40451017,1
0.64391935,0.35608065,1
0.6455577,0.35444224,1
0.6485745,0.3514255,1
0.66472566,0.33527428,1
0.7031698,0.29683015,0
0.7238116,0.2761884,0
0.73089236,0.2691076,1
0.7339211,0.26607895,1
0.7601101,0.23988995,0
0.8932983,0.10670169,0
0.5890419,0.41095808,0
0.64600974,0.3539903,1
0.71343035,0.28656968,0
0.72085404,0.27914596,0
0.73128295,0.26871708,0
0.91869444,0.08130555,0
0.643226,0.35677397,0
0.6463999,0.35360005,0
0.70637035,0.29362965,1
0.70369625,0.2963038,0
0.72796583,0.2720342,0
0.7299451,0.27005494,0
0.7313735,0.26862654,0
0.85175097,0.14824909,0
0.89383525,0.106164746,0
0.6769309,0.32306907,0
0.70319694,0.29680306,0
0.7201225,0.27987748,0
0.9223848,0.07761523,0
0.7899601,0.21003999,0
0.7196962,0.28030378,0
0.8607153,0.13928472,0
0.92375934,0.076240644,0
0.9340051,0.06599494,0
0.7050246,0.2949755,1
0.6430802,0.35691983,1
0.64250183,0.35749817,1
0.67625165,0.32374835,0
0.69494045,0.3050596,1
0.7024225,0.29757753,1
0.7026966,0.29730344,1
0.720056,0.279944,1
0.7240042,0.27599582,1
0.89365214,0.106347844,0
0.9263201,0.07367993,0
0.91401154,0.085988425,0
0.77468735,0.2253127,1
0.64196414,0.35803592,1
0.64455205,0.35544792,1
0.67080784,0.32919216,0
0.6772398,0.32276022,0
0.7024267,0.29757336,1
0.7203623,0.2796377,1
0.7240042,0.27599582,1
0.72736275,0.27263725,1
0.730955,0.26904494,1
0.92191786,0.07808219,0
0.9264405,0.073559575,0
0.84483737,0.15516269,1
0.6500803,0.34991968,0
0.61077696,0.38922304,1
0.7060605,0.29393938,0
0.72525334,0.2747467,0
0.84765095,0.15234901,1
0.9049963,0.095003754,0
0.920166,0.07983398,0
0.92617786,0.07382211,0
0.9174429,0.08255713,0
0.71766484,0.2823351,1
0.64721847,0.35278156,1
0.66806215,0.33193782,1
0.6953923,0.30460772,1
0.7025295,0.29747054,1
0.7025295,0.29747054,1
0.7125262,0.28747377,1
0.7238116,0.2761884,1
0.9216834,0.07831669,0
0.6047574,0.39524254,1
0.60468274,0.3953172,1
0.6421265,0.35787353,1
0.6452949,0.35470504,1
0.6784676,0.32153246,1
0.7039702,0.2960298,1
0.73085326,0.26914677,1
0.589746,0.41025397,1
0.66806215,0.33193782,0
0.69549805,0.30450195,0
0.70486933,0.29513073,1
0.70421517,0.29578483,1
0.7143235,0.28567654,1
0.73142403,0.26857597,0
0.86341953,0.13658038,0
0.9033473,0.0966527,0
0.5974429,0.40255705,0
0.58502126,0.41497874,1
0.59505415,0.40494585,1
0.64375126,0.3562487,1
0.64409024,0.3559098,1
0.6450341,0.35496596,1
0.6452956,0.35470444,1
0.6790995,0.32090047,1
0.70345956,0.29654044,1
0.7270685,0.27293146,0
0.72925395,0.27074602,0
0.91235065,0.08764933,0
0.62515193,0.37484807,0
0.60021305,0.39978698,1
0.6440443,0.3559557,1
0.6455889,0.35441115,1
0.703033,0.29696697,1
0.7025811,0.29741895,0
0.70266825,0.29733178,0
0.712479,0.28752103,1
0.7200342,0.27996576,0
0.7272849,0.27271512,0
0.7280667,0.27193335,0
0.7287717,0.2712283,0
0.9339707,0.06602934,0
0.7209742,0.27902576,1
0.64725196,0.3527481,1
0.7277165,0.27228352,1
0.909795,0.09020501,1
0.909465,0.09053493,0
0.81832933,0.1816707,0
0.7137878,0.28621224,1
0.61388993,0.3861101,1
0.60395676,0.39604327,1
0.59723145,0.4027685,1
0.6449873,0.35501274,1
0.6455889,0.35441115,1
0.69544154,0.3045585,1
0.7024267,0.29757336,0
0.7024267,0.29757336,0
0.9216915,0.07830857,0
0.8901721,0.10982796,0
0.79456145,0.2054385,1
0.6027979,0.39720213,1
0.64218044,0.3578196,1
0.6476529,0.3523471,1
0.7024807,0.29751936,1
0.728739,0.271261,1
0.72946626,0.2705338,1
0.9009568,0.09904317,0
0.90913934,0.09086065,0
0.7757728,0.22422718,1
0.5909449,0.4090551,1
0.6436599,0.35634017,1
0.65190697,0.348093,1
0.6774679,0.3225321,1
0.7306577,0.26934224,1
0.80564207,0.19435787,1
0.6078739,0.39212614,0
0.6557883,0.3442117,1
0.6764101,0.32358995,1
0.70243955,0.29756045,0
0.7340232,0.26597682,0
0.7308415,0.2691584,0
0.7797772,0.22022279,0
0.9171223,0.08287766,0
0.65040344,0.3495966,1
0.5978475,0.40215254,1
0.6433129,0.3566871,1
0.6798705,0.3201295,1
0.730082,0.26991802,0
0.7269367,0.27306327,0
0.728739,0.271261,0
0.83068734,0.16931264,0
0.9120998,0.08790019,0
0.9241633,0.075836755,0
0.8504653,0.14953464,0
0.60605574,0.39394423,0
0.642153,0.35784703,1
0.64860576,0.35139418,1
0.65166306,0.3483369,1
0.6684288,0.33157122,1
0.6954354,0.30456463,1
0.7028423,0.2971578,1
0.7123136,0.28768638,1
0.7294316,0.2705684,0
0.87512267,0.124877356,0
0.9250945,0.07490551,0
0.9332376,0.06676235,0
0.9287411,0.07125886,0
0.70448023,0.29551977,0
0.64165354,0.35834646,0
0.64739484,0.3526052,1
0.7065633,0.2934367,1
0.7043,0.2957,1
0.7058985,0.29410148,1
0.87797844,0.12202153,0
0.910128,0.08987202,0
0.594498,0.40550196,1
0.62291527,0.37708473,1
0.56757444,0.43242553,1
0.5327629,0.4672372,1
0.5200296,0.47997037,1
0.25916892,0.7408311,1
0.70481265,0.29518732,0
0.7046876,0.29531237,0
0.70608026,0.2939197,0
0.72095186,0.27904814,0
0.7295123,0.2704877,0
0.7538163,0.24618375,0
0.8066121,0.19338793,0
0.8557979,0.1442021,0
0.88056624,0.11943375,0
0.894584,0.10541597,0
0.64300025,0.3569998,0
0.6425534,0.35744655,0
0.64272964,0.3572703,0
0.64764595,0.35235405,0
0.70250463,0.29749534,0
0.70249486,0.29750508,0
0.8198395,0.18016055,0
0.87665415,0.12334585,0
0.5840296,0.4159704,1
0.64338905,0.35661095,1
0.64747,0.35252997,1
0.6760445,0.32395548,0
0.7025295,0.29747054,0
0.7121663,0.28783366,0
0.72793424,0.27206576,0
0.7314666,0.2685334,1
0.88885725,0.11114273,0
0.9096091,0.09039093,0
0.8879115,0.112088464,0
0.6610136,0.3389864,0
0.7025295,0.29747054,0
0.7025295,0.29747054,0
0.71988505,0.28011498,0
0.7270685,0.27293146,0
0.7288056,0.27119437,0
0.73485976,0.26514024,1
0.85247934,0.14752072,1
0.58922416,0.41077578,1
0.5851685,0.41483146,1
0.6530703,0.34692976,1
0.7030778,0.29692218,0
0.7121812,0.28781876,0
0.7199045,0.2800955,0
0.7317537,0.2682463,1
0.8898669,0.11013308,1
0.906004,0.093995966,0
0.912974,0.087025985,0
0.9166975,0.083302505,0
0.91355425,0.086445704,0
0.70446175,0.29553825,1
0.7140615,0.2859385,1
0.7243422,0.27565777,0
0.73123085,0.26876915,0
0.9258792,0.07412081,0
0.8899392,0.11006073,0
0.8659205,0.13407958,0
0.6440863,0.35591367,1
0.64620596,0.353794,1
0.7036165,0.2963835,1
0.70119625,0.29880372,1
0.71459293,0.28540707,1
0.7287122,0.27128774,1
0.729778,0.270222,1
0.7301502,0.2698498,1
0.7314847,0.26851535,1
0.63446075,0.36553922,1
0.5400832,0.45991677,1
0.7249362,0.27506375,0
0.71681297,0.28318703,0
0.75365984,0.2463401,1
0.8141145,0.18588553,0
0.8963586,0.10364137,0
0.57629555,0.42370448,0
0.5892747,0.41072527,0
0.5889822,0.4110178,1
0.66554224,0.33445778,1
0.61786294,0.38213703,1
0.7315009,0.26849908,0
0.7047514,0.29524857,0
0.9054123,0.094587706,0
0.6160288,0.38397118,0
0.5822596,0.41774035,0
0.6449854,0.35501465,0
0.6567633,0.3432367,0
0.70570946,0.29429054,1
0.7286262,0.27137378,0
0.8820993,0.117900744,0
0.8965593,0.10344065,0
0.90380573,0.0961943,0
0.8993036,0.100696385,0
0.6212888,0.37871125,1
0.5534466,0.44655338,1
0.55008006,0.44991997,1
0.6794238,0.32057616,0
0.7234261,0.27657396,0
0.72696215,0.2730379,0
0.7323868,0.2676131,1
0.85656226,0.14343777,1
0.90048534,0.09951466,1
0.90544134,0.094558604,0
0.88476014,0.115239844,0
0.6991006,0.3008994,0
0.70557714,0.29442284,0
0.73062056,0.26937953,0
0.6222217,0.37777826,1
0.90737486,0.092625186,0
0.85291564,0.14708434,0
0.5577961,0.4422039,1
0.65022606,0.34977394,0
0.7275017,0.27249828,0
0.73271376,0.26728624,0
0.7340345,0.2659655,0
0.81927633,0.18072367,0
0.9193518,0.080648206,0
0.8984163,0.10158377,0
0.7399864,0.2600136,0
0.6435417,0.35645828,0
0.6431608,0.3568391,0
0.6431371,0.35686293,0
0.6437514,0.3562486,0
0.65699846,0.34300157,1
0.7041456,0.29585436,1
0.70373285,0.29626718,0
0.70369625,0.2963038,0
0.7057384,0.2942616,1
0.7294544,0.27054563,1
0.7326682,0.26733175,1
0.8361104,0.16388962,1
0.89943177,0.100568235,1
0.9075498,0.09245022,1
0.9109749,0.089025095,1
0.91705525,0.08294471,0
0.9121919,0.087808065,0
0.896027,0.1039729,0
0.8670432,0.13295688,1
0.74780786,0.25219217,1
0.6501017,0.34989837,1
0.64596987,0.35403013,1
0.64809304,0.3519069,1
0.653994,0.34600598,1
0.66534793,0.33465207,1
0.70557714,0.29442284,1
0.7257217,0.27427828,0
0.728297,0.27170298,0
0.80962783,0.19037215,0
0.9054369,0.094563186,0
0.90346,0.09654,0
0.5766639,0.42333606,0
0.6451956,0.3548044,0
0.49319068,0.50680935,1
0.7151409,0.28485918,0
0.60861135,0.39138862,1
0.69901794,0.3009821,0
0.90575594,0.09424409,0
0.9043201,0.095679864,0
0.73382735,0.26617268,0
0.6222788,0.37772122,0
0.64569503,0.35430488,0
0.6487005,0.35129952,0
0.6986973,0.30130273,0
0.70501333,0.29498664,0
0.7161223,0.28387776,1
0.72333217,0.2766679,1
0.72821796,0.271782,0
0.7339351,0.26606497,1
0.73468244,0.26531756,1
0.9030899,0.09691011,0
0.8801458,0.11985423,0
0.84203905,0.15796095,0
0.5878947,0.41210532,1
0.6461299,0.35387006,1
0.7150389,0.2849611,1
0.7299421,0.27005795,0
0.7235859,0.27641413,1
0.5319711,0.4680289,1
0.468096,0.531904,1
0.9134406,0.08655947,0
0.92362726,0.076372795,0
0.9111597,0.08884033,0
0.6465221,0.35347793,0
0.64898497,0.351015,0
0.6580647,0.34193528,0
0.66344774,0.3365523,0
0.6973749,0.30262515,0
0.520593,0.47940707,1
0.6461299,0.35387006,0
0.6457082,0.35429183,0
0.64773357,0.3522664,0
0.65699846,0.34300157,0
0.7041456,0.29585436,0
0.7300369,0.26996312,0
0.7309848,0.2690152,0
0.73228186,0.2677182,0
0.8956991,0.10430087,0
0.93052673,0.06947332,0
0.89365435,0.106345646,0
0.70371443,0.29628563,1
0.7203806,0.27961943,0
0.72951585,0.27048418,1
0.89964503,0.100354925,0
0.9213507,0.078649275,0
0.9107335,0.08926643,0
0.8491037,0.15089624,0
0.6429269,0.35707304,1
0.6761551,0.3238449,1
0.6951517,0.30484828,1
0.70359933,0.2964007,1
0.7126602,0.28733975,1
0.7278161,0.2721839,1
0.7307052,0.2692948,1
0.73120934,0.2687907,1
0.88024104,0.11975901,0
0.93544817,0.06455186,0
0.9231269,0.076873116,0
0.65504587,0.34495407,0
0.6677441,0.3322559,0
0.72686744,0.27313253,0
0.73504937,0.26495072,0
0.73022115,0.26977894,1
0.8926916,0.10730842,1
0.9105634,0.08943663,0
0.92186123,0.07813879,0
0.80906665,0.19093333,1
0.63668877,0.36331126,1
0.6432132,0.35678682,1
0.702635,0.297365,1
0.70274234,0.29725766,1
0.7034754,0.29652464,1
0.45010146,0.5498985,1
0.5955062,0.4044938,1
0.83746326,0.16253681,1
0.735042,0.26495796,0
0.6094314,0.3905686,0
0.68489444,0.3151056,0
0.70265704,0.29734293,0
0.7026186,0.29738137,0
0.68194085,0.31805918,1
0.81602323,0.18397677,0
0.89206374,0.10793624,0
0.9184493,0.08155068,0
0.61023563,0.38976443,1
0.6420373,0.35796273,1
0.704894,0.295106,0
0.71261036,0.28738967,1
0.7240818,0.27591822,1
0.879095,0.1209049,1
0.916912,0.083087966,0
0.9205749,0.07942507,0
0.9004166,0.09958337,0
0.64285606,0.357144,1
0.68514377,0.3148562,1
0.69506526,0.30493468,1
0.7030141,0.29698592,1
0.7307292,0.2692708,1
0.93795615,0.06204381,0
0.84215504,0.15784498,1
0.64185864,0.35814133,1
0.66798913,0.33201087,1
0.67606586,0.32393417,1
0.68514377,0.3148562,1
0.723831,0.27616894,1
0.7304862,0.26951376,1
0.9124729,0.087527126,0
0.9111385,0.08886154,0
0.6423627,0.35763732,1
0.66489047,0.33510956,1
0.2395518,0.76044816,1
0.7063974,0.2936026,1
0.72706205,0.27293792,0
0.72878605,0.27121395,0
0.6740775,0.32592252,0
0.8898919,0.110108115,0
0.9134027,0.08659728,0
0.90006524,0.099934764,0
0.87454087,0.1254591,0
0.65243524,0.34756473,0
0.7063118,0.29368815,1
0.7137182,0.28628182,1
0.7302897,0.26971027,0
0.73276854,0.2672315,1
0.6709148,0.32908517,1
0.6973603,0.3026397,1
0.8579007,0.14209932,1
0.90892315,0.091076806,0
0.913964,0.08603609,0
0.9122015,0.087798454,0
0.6435089,0.35649106,1
0.6474892,0.3525108,0
0.67606586,0.32393417,0
0.68514377,0.3148562,0
0.69506526,0.30493468,0
0.7026295,0.2973705,0
0.7122274,0.2877726,0
0.728856,0.27114397,0
0.7321945,0.26780552,1
0.8584601,0.14153986,0
0.8841042,0.11589582,0
0.90120035,0.09879963,0
0.6769377,0.32306227,0
0.642271,0.35772905,0
0.662747,0.33725291,1
0.6696832,0.3303168,1
0.68679136,0.31320858,1
0.7028363,0.29716375,0
0.7339172,0.26608282,1
0.7672597,0.23274025,1
0.89533263,0.1046673,0
0.5946717,0.40532827,0
0.64322513,0.35677487,0
0.6507502,0.34924975,0
0.7023342,0.29766575,0
0.73167545,0.2683245,0
0.73244685,0.26755315,1
0.61710435,0.38289562,1
0.9188057,0.08119432,0
0.9013178,0.09868215,0
0.8028728,0.19712724,0
0.6509975,0.3490025,0
0.69509166,0.30490834,0
0.7271829,0.27281705,0
0.72963804,0.27036193,0
0.9006105,0.09938949,0
0.9376076,0.06239242,0
0.9417989,0.058201082,0
0.6425833,0.35741672,1
0.6610861,0.33891392,1
0.7026132,0.29738683,1
0.70597136,0.2940286,1
0.7065698,0.29343018,1
0.7230864,0.27691358,1
0.72765917,0.27234083,1
0.72963804,0.27036193,1
0.8220594,0.1779406,1
0.9093687,0.09063124,0
0.91561127,0.08438868,0
0.66595566,0.33404428,0
0.59686005,0.40314,0
0.6425038,0.35749623,0
0.6419202,0.35807982,0
0.6507737,0.34922627,0
0.7026295,0.2973705,0
0.70281845,0.29718155,0
0.7278781,0.27212194,0
0.7303405,0.26965958,0
0.73134685,0.26865315,1
0.69775856,0.30224147,1
0.75661486,0.24338512,1
0.8758938,0.124106236,0
0.8960481,0.10395187,0
0.7457899,0.2542101,1
0.59264064,0.4073593,0
0.61794806,0.382052,0
0.64211303,0.35788694,0
0.64486563,0.35513443,0
0.66798913,0.33201087,0
0.71991926,0.28008074,0
0.7279235,0.2720765,0
0.7287957,0.27120426,0
0.7295363,0.27046368,0
0.7302842,0.2697158,0
0.90951884,0.09048118,0
0.9082162,0.09178383,0
0.85729295,0.14270705,0
0.62451035,0.37548962,0
0.6421773,0.35782272,0
0.64477223,0.35522777,0
0.70247597,0.29752406,0
0.7121863,0.28781372,1
0.71989477,0.28010526,0
0.72375596,0.276244,0
0.7257322,0.27426776,0
0.6713629,0.32863712,1
0.6450176,0.3549824,1
0.6420441,0.35795584,0
0.6415564,0.35844365,0
0.7285748,0.27142522,0
0.72931576,0.27068424,0
0.8338354,0.16616456,1
0.61447215,0.38552788,1
0.7059891,0.29401088,1
0.72582984,0.2741701,0
0.7130195,0.28698054,1
0.8858701,0.11412991,0
0.8236304,0.17636962,0
0.7295515,0.27044848,0
0.65170574,0.3482942,1
0.70573777,0.29426223,1
0.73141783,0.2685821,1
0.7949797,0.20502031,0
0.90739226,0.09260775,0
0.91448104,0.085518956,0
0.8586426,0.14135747,0
0.7999441,0.20005594,0
0.64252526,0.35747477,0
0.64502156,0.35497844,0
0.6611807,0.3388193,0
0.7157451,0.28425494,1
0.72450304,0.27549696,1
0.728077,0.27192307,0
0.73035085,0.26964915,0
0.91798615,0.08201385,0
0.90149164,0.09850829,0
0.64295846,0.35704157,0
0.65508455,0.3449154,0
0.66081345,0.3391865,0
0.70235527,0.2976448,0
0.7058662,0.29413378,1
0.73187757,0.26812243,1
0.7573797,0.2426203,1
0.8994911,0.10050889,0
0.60402006,0.39597997,1
0.59684855,0.40315142,1
0.6628855,0.3371145,1
0.7039702,0.2960298,1
0.729278,0.27072194,0
0.64905983,0.3509402,1
0.73888785,0.26111215,1
0.80651355,0.19348642,1
0.85715324,0.14284678,1
0.89029795,0.109702095,0
0.90139836,0.09860166,0
0.6421888,0.3578112,0
0.65527284,0.3447272,0
0.6677393,0.33226073,0
0.68490076,0.3150992,0
0.69482875,0.3051712,0
0.70243526,0.29756474,0
0.7025654,0.2974347,0
0.72687644,0.27312347,0
0.6738167,0.3261833,1
0.80394614,0.19605386,1
0.9022704,0.097729675,0
0.88367516,0.11632488,1
0.84204733,0.15795264,1
0.7065434,0.29345664,1
0.6421888,0.3578112,0
0.6417076,0.3582925,0
0.6472239,0.3527761,0
0.69504464,0.30495527,0
0.7033978,0.29660222,1
0.70434785,0.2956522,1
0.70433545,0.2956645,1
0.7245852,0.27541488,1
0.7266235,0.2733765,1
0.72270334,0.27729663,1
0.802462,0.19753796,1
0.89591575,0.10408424,1
0.88335925,0.11664074,0
0.6440287,0.35597125,0
0.64226264,0.35773736,0
0.6424923,0.3575077,0
0.6506392,0.34936085,0
0.70240206,0.2975979,0
0.7138428,0.28615716,0
0.7259549,0.27404508,0
0.7275034,0.27249652,0
0.45758173,0.54241824,1
0.28986272,0.71013725,1
0.40969545,0.5903045,1
0.8916274,0.108372584,0
0.86598146,0.13401859,0
0.3340553,0.6659447,1
0.6545002,0.34549978,0
0.66174424,0.33825576,0
0.44259092,0.55740905,1
0.58932066,0.41067934,0
0.76395494,0.23604508,0
0.7953072,0.20469277,0
0.88238764,0.117612295,0
0.64615643,0.35384363,0
0.6508095,0.34919053,0
0.6610747,0.33892536,0
0.7025917,0.29740825,0
0.28176665,0.71823335,1
0.29581583,0.7041842,1
0.24457231,0.75542766,1
0.3956966,0.60430336,1
0.5179996,0.4820004,1
0.4586457,0.5413543,1
0.647285,0.35271505,0
0.5284343,0.4715657,1
0.12765017,0.8723498,1
0.7284854,0.27151456,0
0.73193955,0.26806042,0
0.6722699,0.32773006,0
0.7452239,0.25477612,0
0.85744596,0.14255406,0
0.8952304,0.10476954,0
0.6434833,0.35651672,0
0.6473049,0.35269514,0
0.715466,0.28453395,0
0.72977954,0.27022043,0
0.730085,0.26991495,0
0.78578126,0.21421877,0
0.83333457,0.16666543,0
0.60825205,0.39174798,0
0.64526325,0.35473672,0
0.64482397,0.35517597,0
0.6473099,0.3526901,0
0.3805936,0.6194064,1
0.7023102,0.29768977,1
0.7208861,0.27911386,0
0.63825256,0.36174747,1
0.8859469,0.11405303,1
0.5784967,0.42150325,1
0.6435947,0.35640526,0
0.64678335,0.35321662,0
0.6468125,0.3531875,0
0.66469693,0.3353031,0
0.6951241,0.3048759,0
0.34413263,0.6558674,1
0.72953147,0.2704685,0
0.7252625,0.27473757,1
0.74993986,0.25006017,0
0.8893605,0.110639565,0
0.6436157,0.35638428,0
0.7044485,0.29555148,1
0.72385585,0.27614406,0
0.72957104,0.2704289,0
0.19385491,0.8061451,1
0.51978153,0.48021838,1
0.76774013,0.23225991,1
0.8842857,0.115714334,0
0.92898387,0.07101618,0
0.93532485,0.064675085,0
0.106169954,0.8938301,1
0.64241433,0.35758564,0
0.6672481,0.33275196,0
0.88772887,0.11227115,0
0.92329746,0.07670258,0
0.92622584,0.07377414,0
0.16221528,0.83778477,1
0.13299452,0.8670055,1
0.33098277,0.66901726,0
0.19776522,0.80223477,1
0.30716917,0.69283086,1
0.24129896,0.758701,1
0.57065094,0.42934906,0
0.92268854,0.0773115,0
0.87057334,0.12942666,0
0.7670708,0.23292916,0
0.6429966,0.35700342,0
0.65574074,0.34425926,0
0.7038774,0.29612264,0
0.49381942,0.5061806,1
0.6868128,0.31318718,1
0.72391254,0.2760875,0
0.7269771,0.27302283,0
0.72778356,0.27221647,0
0.39691025,0.60308975,1
0.59459513,0.40540487,1
0.9021596,0.097840436,0
0.74904794,0.25095206,0
0.620917,0.379083,0
0.6448536,0.3551464,0
0.6507796,0.34922042,0
0.66806793,0.3319321,0
0.7026405,0.29735956,0
0.7038475,0.29615247,0
0.7122807,0.28771937,0
0.72371566,0.27628428,1
0.77527,0.22473,0
0.8119131,0.18808687,1
0.9044441,0.09555592,0
0.85452676,0.14547324,0
0.5952113,0.40478864,0
0.6431376,0.35686243,0
0.6560937,0.34390628,1
0.67606586,0.32393417,0
0.70499873,0.29500124,1
0.3586859,0.6413141,1
0.22752823,0.7724718,1
0.45837346,0.5416266,1
0.4557221,0.5442779,1
0.51626253,0.48373747,0
0.64651763,0.35348234,0
0.6431489,0.35685107,0
0.6506822,0.34931785,0
0.65527284,0.3447272,0
0.6849832,0.31501678,0
0.7037797,0.29622024,0
0.7274381,0.27256197,0
0.72699916,0.27300078,0
0.72781336,0.2721866,0
0.45595828,0.5440417,1
0.83113945,0.16886054,0
0.39482415,0.6051759,1
0.648911,0.351089,0
0.6956008,0.30439916,0
0.70325935,0.29674074,0
0.67601395,0.32398602,0
0.4223903,0.57760966,1
0.82315403,0.17684595,0
0.8950611,0.1049389,0
0.8368445,0.16315544,0
0.6648099,0.33519012,0
0.66904944,0.3309506,0
0.6953438,0.30465624,0
0.7018879,0.29811206,0
0.3056481,0.69435185,1
0.29589945,0.70410055,1
0.7753087,0.22469126,0
0.90972775,0.09027217,0
0.86414117,0.13585883,0
0.79028016,0.20971985,0
0.65553135,0.34446868,0
0.6322609,0.36773902,0
0.12712306,0.872877,1
0.29360247,0.7063975,1
0.3067825,0.69321746,1
0.4568781,0.54312193,0
0.6797784,0.32022166,0
0.60511845,0.39488152,0
0.34283596,0.65716404,0
0.21319525,0.7868047,0
0.6459195,0.35408053,0
0.6614796,0.33852032,0
0.6687798,0.3312202,0
0.6762798,0.32372028,0
0.2945947,0.7054053,1
0.7264167,0.27358323,0
0.23181972,0.7681803,1
0.5864588,0.41354126,0
0.78705955,0.21294045,0
0.8671751,0.13282493,0
0.85474515,0.14525487,0
0.17315973,0.8268403,1
0.33588472,0.6641152,1
0.6434383,0.35656172,0
0.6448536,0.3551464,0
0.66798913,0.33201087,0
0.17530762,0.8246923,1
0.29789713,0.7021029,1
0.36015645,0.6398435,1
0.8678149,0.13218512,0
0.22352949,0.77647054,1
0.15066493,0.8493351,1
0.119791105,0.88020885,1
0.5876966,0.4123034,0
0.17289795,0.82710207,1
0.3543215,0.64567846,0
0.7289767,0.2710232,0
0.8664962,0.13350381,0
0.4037147,0.5962853,1
0.5631689,0.43683112,0
0.6324292,0.36757076,0
0.6395888,0.3604112,0
0.65713924,0.34286073,0
0.66534764,0.33465233,0
0.5083271,0.49167287,0
0.8695512,0.13044886,0
0.5767812,0.4232188,0
0.6458723,0.3541277,0
0.64632964,0.3536703,0
0.6437967,0.35620332,0
0.64477223,0.35522777,0
0.70297027,0.29702976,0
0.7028964,0.2971036,0
0.7293086,0.27069137,0
0.73343945,0.26656052,0
0.7337515,0.26624855,0
0.77084696,0.229153,0
0.564385,0.43561494,1
0.54416674,0.45583326,1
0.1912929,0.8087071,1
0.68493015,0.31506988,0
0.7026909,0.29730907,0
0.70495534,0.2950447,1
0.72738427,0.2726157,1
0.6094998,0.39050025,1
0.84929824,0.15070178,1
0.8916397,0.10836028,0
0.91335166,0.08664835,0
0.9194903,0.08050972,0
0.2587719,0.7412281,1
0.4468156,0.55318433,1
0.3080541,0.6919459,1
0.6849955,0.31500453,0
0.7740563,0.22594361,0
0.89314985,0.1068502,0
0.5976997,0.40230033,0
0.64179355,0.35820648,0
0.6421773,0.35782272,0
0.6850439,0.31495613,0
0.69500965,0.30499038,0
0.7122274,0.2877726,0
0.7286588,0.27134117,0
0.73215723,0.26784274,0
0.7963366,0.20366341,0
0.90990055,0.09009942,0
0.8874489,0.112551086,0
0.7434289,0.2565711,0
0.5991755,0.40082452,1
0.6476529,0.3523471,1
0.6680167,0.3319833,1
0.67606586,0.32393417,0
0.6777056,0.3222944,1
0.72948885,0.27051112,0
0.7303456,0.26965433,0
0.8842262,0.115773745,0
0.60715127,0.3928488,1
0.59001714,0.40998283,1
0.6421944,0.35780558,0
0.70366025,0.29633975,1
0.6644628,0.33553723,1
0.87848884,0.121511176,0
0.8934803,0.10651967,0
0.5989412,0.4010588,0
0.6081868,0.39181325,0
0.6421888,0.3578112,0
0.65069884,0.34930113,0
0.6609715,0.3390285,0
0.68490076,0.3150992,0
0.7025096,0.29749045,0
0.72778356,0.27221647,0
0.70220673,0.2977933,1
0.6021865,0.3978135,0
0.6003504,0.39964956,1
0.59819174,0.40180823,1
0.6417518,0.3582482,0
0.6446514,0.3553486,0
0.7025549,0.2974451,1
0.7025601,0.29743987,1
0.9251696,0.07483036,0
0.91424394,0.08575601,0
0.9001204,0.099879615,0
0.87773675,0.12226324,0
0.6788256,0.3211744,1
0.6464523,0.35354772,1
0.66106325,0.33893672,0
0.66798365,0.33201632,0
0.67606586,0.32393417,0
0.7024225,0.29757753,0
0.7055475,0.29445246,1
0.7026295,0.2973705,0
0.71991926,0.28008074,0
0.7280413,0.2719587,0
0.7289084,0.27109158,0
0.7715779,0.2284221,0
0.81492317,0.18507682,0
0.91174537,0.08825465,0
0.91691244,0.08308759,0
0.64179355,0.35820648,1
0.64318943,0.3568105,1
0.7198853,0.2801147,1
0.72639346,0.27360657,1
0.7708801,0.22911993,0
0.9034627,0.09653729,0
0.93564475,0.06435523,0
0.9103099,0.089690074,0
0.6702685,0.3297315,0
0.6421719,0.35782808,0
0.6567083,0.34329173,0
0.6037367,0.3962633,1
0.67134416,0.32865584,1
0.650654,0.34934595,1
0.6960842,0.30391577,1
0.4846269,0.51537305,1
0.510139,0.48986098,1
0.7311835,0.26881656,0
0.8833037,0.11669627,0
0.59575045,0.4042496,0
0.60009056,0.39990944,0
0.6759503,0.3240497,0
0.6849054,0.31509453,0
0.706322,0.29367802,1
0.46992198,0.53007805,1
0.7671165,0.23288354,1
0.5864923,0.41350764,1
0.64497066,0.35502937,0
0.7207921,0.27920792,0
0.73295724,0.26704267,1
0.81815064,0.18184938,1
0.589609,0.41039097,0
0.5864191,0.4135809,1
0.64844465,0.35155538,0
0.6508958,0.3491043,0
0.67608213,0.32391787,0
0.6851926,0.31480742,0
0.64502794,0.35497203,1
0.7215324,0.2784676,0
0.7253248,0.2746751,0
0.7334993,0.2665007,0
0.6455717,0.35442823,0
0.637188,0.36281198,1
0.7524332,0.24756679,0
0.887917,0.11208303,0
0.5911453,0.4088547,0
0.7026132,0.29738683,0
0.7285781,0.27142188,0
0.72953147,0.2704685,0
0.6317095,0.36829048,1
0.57265633,0.42734364,1
0.7615379,0.23846206,1
0.28000778,0.7199922,1
0.21144219,0.7885578,1
0.27488822,0.7251118,1
0.24287511,0.75712484,1
0.24285716,0.75714284,1
0.44790465,0.5520954,1
0.69913405,0.30086595,0
0.2349258,0.7650742,1
0.7274139,0.2725861,0
0.72262055,0.27737942,0
0.7332488,0.26675126,0
0.7951916,0.20480847,0
0.91111547,0.08888459,0
0.916407,0.083593,0
0.8177286,0.18227142,0
0.630583,0.36941704,0
0.64600843,0.35399154,0
0.67436916,0.32563087,0
0.69444036,0.30555958,0
0.7034963,0.29650366,0
0.8791589,0.12084111,0
0.8993303,0.10066963,0
0.8784431,0.121556945,0
0.5951331,0.40486687,0
0.584456,0.41554397,0
0.64184064,0.35815933,0
0.6297443,0.37025574,1
0.5502073,0.44979274,1
0.69487125,0.30512872,0
0.7045136,0.29548642,0
0.7202254,0.27977458,0
0.47783756,0.52216244,1
0.5891315,0.41086853,1
0.5876237,0.41237634,0
0.6453405,0.35465953,0
0.6971106,0.30288935,0
0.18755096,0.81244904,1
0.7290928,0.27090725,0
0.7302967,0.2697033,0
0.73402345,0.26597655,0
0.6161195,0.38388053,1
0.33024532,0.6697547,1
0.21076642,0.78923357,1
0.39173064,0.60826933,1
0.63414085,0.36585915,0
0.44526848,0.55473155,1
0.373126,0.62687397,1
0.12459168,0.8754083,1
0.29691932,0.70308065,1
0.731641,0.268359,0
0.37356535,0.6264347,0
0.6365247,0.3634753,0
0.1329126,0.8670874,1
0.192255,0.807745,0
0.49694115,0.5030589,0
0.68514377,0.3148562,0
0.7025498,0.2974502,0
0.2230593,0.77694064,1
0.18856493,0.8114351,1
0.7287887,0.27121136,0
0.32369867,0.6763013,1
0.5722364,0.4277636,0
0.4602886,0.5397114,0
0.24223635,0.75776374,0
0.6798101,0.32018986,0
0.3083731,0.6916269,1
0.26955363,0.73044634,1
0.07717775,0.92282224,1
0.1305408,0.86945915,0
0.6215729,0.37842712,0
0.22719938,0.77280056,0
0.9047787,0.0952213,0
0.6391183,0.3608817,0
0.6611867,0.33881325,0
0.66798913,0.33201087,0
0.70508695,0.29491302,0
0.8846861,0.115313835,0
0.9044499,0.095550105,0
0.88551223,0.11448773,0
0.6419518,0.35804823,0
0.6511023,0.34889767,1
0.67606586,0.32393417,0
0.7048551,0.29514492,0
0.70312995,0.29687008,0
0.7278077,0.27219227,0
0.72971326,0.2702867,0
0.5733024,0.42669764,1
0.21115047,0.78884953,1
0.11324085,0.8867591,1
0.11458483,0.88541514,1
0.014446387,0.9855537,1
0.08486203,0.9151379,1
0.55336875,0.44663116,0
0.64660436,0.35339567,0
0.5821767,0.41782334,0
0.36989167,0.6301083,0
0.24579969,0.7542003,0
0.37704873,0.6229513,0
0.45732996,0.5426701,0
0.14281224,0.8571878,1
0.47498733,0.5250127,0
0.6320117,0.3679883,0
0.32003215,0.6799679,0
0.20060597,0.7993941,1
0.23116823,0.76883173,1
0.28442436,0.71557564,1
0.5575428,0.44245726,0
0.43265855,0.56734145,1
0.7007949,0.2992051,0
0.79674125,0.20325875,0
0.74386835,0.25613162,0
0.6421888,0.3578112,0
0.64892197,0.35107803,0
0.64803135,0.35196862,0
0.6509975,0.3490025,0
0.66122955,0.33877048,0
0.7026515,0.29734844,0
0.70410043,0.2958996,0
0.7122698,0.28773016,0
0.7199548,0.2800452,0
0.72385585,0.27614406,0
0.73328614,0.26671386,1
0.34420675,0.65579325,1
0.6587302,0.34126976,1
0.42152664,0.5784733,1
0.4728004,0.5271997,1
0.05271269,0.9472873,1
0.06899768,0.93100226,1
0.1917262,0.8082738,1
0.19177626,0.8082238,1
0.15315755,0.84684247,1
0.16999993,0.83000004,1
0.66885155,0.33114845,0
0.7042964,0.2957036,0
0.88753724,0.11246274,0
0.89132935,0.10867062,0
0.7223525,0.27764753,0
0.521546,0.478454,0
0.55524933,0.44475067,0
0.64716566,0.35283428,0
0.27226064,0.7277394,0
0.7033019,0.29669815,0
0.35625947,0.64374053,1
0.70697546,0.29302457,0
0.7437983,0.2562017,0
0.87203103,0.12796897,0
0.88906187,0.110938184,0
0.64253676,0.35746327,0
0.6417804,0.35821962,0
0.6421716,0.35782838,0
0.65545607,0.3445439,0
0.66101897,0.338981,0
0.67606586,0.32393417,0
0.68509716,0.3149028,0
0.7125865,0.28741345,0
0.72061247,0.2793875,0
0.7239499,0.27605012,0
0.7271172,0.2728828,0
0.72781336,0.2721866,0
0.50487065,0.49512935,1
0.37095305,0.629047,1
0.57689863,0.42310137,1
0.60241264,0.39758742,0
0.64176315,0.35823685,0
0.6431432,0.3568568,0
0.17000547,0.82999456,1
0.42364237,0.5763576,1
0.73252624,0.2674738,0
0.24485442,0.7551455,1
0.17253578,0.8274642,1
0.12879342,0.8712066,1
0.10431849,0.8956815,1
0.10976798,0.89023197,1
0.20299327,0.7970067,1
0.3204728,0.67952716,0
0.13529466,0.86470526,1
0.46928632,0.5307137,0
0.2803961,0.7196039,0
0.5944315,0.40556848,0
0.48679763,0.51320237,0
0.21230625,0.7876938,1
0.38808152,0.61191845,0
0.14284284,0.8571572,1
0.18406874,0.81593126,1
0.49745828,0.5025418,1
0.7354098,0.2645902,0
0.37877807,0.6212219,1
0.24122037,0.75877964,0
0.3000789,0.69992113,0
0.3171338,0.68286616,0
0.3227065,0.67729354,0
0.33305928,0.66694075,0
0.15094575,0.8490542,1
0.7280413,0.2719587,0
0.62297726,0.37702277,0
0.54981375,0.4501863,0
0.84851,0.15148996,0
0.83645314,0.1635468,0
0.7014635,0.29853648,0
0.2718161,0.72818387,1
0.21935305,0.7806469,1
0.61464036,0.38535967,0
0.47713408,0.52286595,0
0.5153304,0.48466957,0
0.5217105,0.4782895,0
0.6498386,0.3501614,0
0.72584474,0.27415523,0
0.90386796,0.09613205,0
0.9065999,0.09340019,0
0.62776005,0.37223992,0
0.6523383,0.34766167,0
0.6797674,0.32023263,0
0.70626575,0.29373428,0
0.37043437,0.6295656,1
0.5932883,0.40671167,1
0.71893835,0.28106162,1
0.6305389,0.36946112,1
0.73471236,0.26528767,0
0.80581015,0.19418977,0
0.91215163,0.08784841,0
0.6339058,0.36609408,0
0.53662395,0.46337608,1
0.66940904,0.33059093,0
0.7042746,0.29572538,0
0.39390358,0.60609645,1
0.73189914,0.26810083,1
0.82902,0.17097996,0
0.33412716,0.66587275,1
0.3110735,0.6889265,1
0.30636355,0.6936364,1
0.34209055,0.6579095,1
0.41285077,0.5871492,1
0.46499237,0.5350076,1
0.67548734,0.32451263,0
0.48822144,0.51177853,0
0.8063108,0.19368927,0
0.35432985,0.6456702,1
0.25880325,0.7411968,1
0.33102936,0.66897064,1
0.33527797,0.66472197,1
0.73115975,0.26884025,0
0.5672136,0.43278643,0
0.48935792,0.51064205,1
0.85153,0.14846997,0
0.7570507,0.24294923,0
0.35332048,0.6466795,1
0.11526997,0.88473,1
0.36928174,0.6307183,1
0.3618628,0.63813716,1
0.5837166,0.41628346,0
0.08379463,0.9162054,1
0.13735478,0.8626452,1
0.30500346,0.69499654,0
0.3638879,0.63611203,0
0.27521232,0.72478765,0
0.6924302,0.30756974,0
0.8600605,0.13993946,0
0.72023815,0.27976188,0
0.5055188,0.49448118,0
0.3904193,0.6095807,0
0.67225707,0.32774296,0
0.68915576,0.3108442,0
0.31817546,0.6818246,1
0.7425041,0.25749594,0
0.42374572,0.5762543,1
0.5870889,0.41291112,0
0.6256376,0.3743624,0
0.64651424,0.3534858,0
0.28398228,0.7160177,1
0.3497151,0.65028495,1
0.532071,0.46792895,1
0.59245074,0.40754935,0
0.6001209,0.39987904,1
0.62284577,0.37715414,1
0.79762214,0.20237792,0
0.87418467,0.12581538,0
0.79143995,0.20856002,0
0.13671146,0.8632886,1
0.34641758,0.6535824,1
0.28703472,0.71296525,1
0.67609847,0.32390153,0
0.31033286,0.68966717,1
0.7811721,0.21882792,0
0.312832,0.68716806,1
0.16416232,0.83583766,1
0.24949217,0.7505079,1
0.2966214,0.70337856,0
0.31561658,0.6843834,0
0.40563512,0.5943649,0
0.40527555,0.5947244,0
0.12002912,0.8799709,1
0.35426882,0.64573115,1
0.32713908,0.6728609,1
0.6064579,0.39354214,0
0.4926814,0.5073186,0
0.34578183,0.6542182,0
0.35040173,0.64959824,0
0.6802796,0.3197204,0
0.37071946,0.62928057,0
0.38659915,0.6134008,0
0.33292502,0.667075,1
0.70531315,0.29468682,0
0.54791147,0.4520885,0
0.30052313,0.6994769,1
0.23403566,0.7659643,1
0.30289632,0.6971037,1
0.33669102,0.663309,1
0.41529205,0.584708,1
0.5074136,0.4925864,0
0.29871252,0.7012875,1
0.30131122,0.6986888,1
0.35498437,0.64501554,1
0.4010218,0.59897816,1
0.40783936,0.59216064,1
0.80418915,0.19581085,0
0.33108392,0.6689161,1
0.32667062,0.67332935,1
0.431066,0.568934,1
0.35951945,0.6404805,1
0.57945776,0.42054224,0
0.63902235,0.36097765,0
0.39976454,0.6002354,1
0.8794708,0.12052923,0
0.24531935,0.7546807,1
0.23928386,0.7607161,1
0.24004589,0.75995415,1
0.28265396,0.71734595,1
0.22206399,0.77793604,1
0.2732638,0.7267362,1
0.31281856,0.6871814,1
0.7089621,0.29103792,0
0.7026965,0.29730353,0
0.8711098,0.12889019,0
0.90370107,0.09629894,0
0.8900852,0.10991475,0
0.870807,0.12919305,0
0.3222908,0.67770916,1
0.6792829,0.3207171,0
0.64072603,0.35927403,1
0.6740461,0.3259539,0
0.72188485,0.27811512,0
0.8120053,0.18799478,0
0.888291,0.11170904,0
0.8931572,0.106842846,0
0.80855596,0.19144405,0
0.20938933,0.7906106,1
0.19130868,0.80869126,1
0.32885584,0.6711441,1
0.17333345,0.82666653,1
0.60442203,0.39557803,0
0.65651923,0.3434808,0
0.40343592,0.5965641,0
0.32753295,0.6724671,0
0.33887985,0.6611202,0
0.3463577,0.6536423,0
0.4779525,0.52204746,0
0.589698,0.410302,0
0.6417333,0.3582667,0
0.52714247,0.4728575,0
0.45718747,0.5428125,0
0.7245048,0.2754952,0
0.6255879,0.37441212,0
0.4797234,0.5202766,0
0.55132365,0.44867635,0
0.29509166,0.7049083,1
0.5803914,0.41960862,0
0.52890086,0.47109917,1
0.45522583,0.5447742,0
0.3234461,0.6765539,1
0.30076358,0.69923645,1
0.5318597,0.46814033,0
0.5200296,0.47997037,0
0.55132365,0.44867635,0
0.4761835,0.5238165,1
0.3003009,0.6996991,1
0.62297726,0.37702277,0
0.44485405,0.555146,1
0.48426032,0.5157397,0
0.77034676,0.22965322,0
0.74916345,0.25083652,0
0.318802,0.68119794,1
0.24367549,0.75632447,1
0.28043407,0.719566,1
0.3707597,0.62924033,1
0.45252287,0.5474771,0
0.3008782,0.6991218,1
0.5933802,0.40661973,0
0.5856484,0.41435155,0
0.40849972,0.5915003,1
0.87021625,0.12978369,0
0.3131179,0.6868821,1
0.29761437,0.7023856,1
0.48855278,0.51144713,1
0.48595324,0.5140467,1
0.5467805,0.45321953,0
0.8024094,0.19759052,0
0.24532992,0.7546701,1
0.15145618,0.8485439,1
0.2740045,0.7259955,1
0.29755178,0.70244825,1
0.29943463,0.7005654,1
0.30383363,0.69616634,1
0.33466068,0.66533935,1
0.44342563,0.55657434,1
0.76052153,0.23947847,0
0.9076866,0.092313446,0
0.45851666,0.5414833,0
0.25802422,0.74197584,1
0.2607055,0.73929447,1
0.2667753,0.7332247,1
0.20193258,0.79806745,1
0.30987933,0.69012064,1
0.72905034,0.27094963,0
0.59167165,0.40832835,0
0.55333066,0.44666934,0
0.8534324,0.14656764,0
0.27569613,0.7243039,1
0.09451312,0.9054869,1
0.2441359,0.75586414,1
0.29422194,0.705778,1
0.11396654,0.8860335,1
0.22011459,0.7798854,1
0.3248641,0.6751359,1
0.57733184,0.42266816,0
0.31565222,0.6843478,0
0.2512528,0.7487471,0
0.31164062,0.6883594,0
0.27592987,0.72407013,0
0.21946083,0.7805392,1
0.5820247,0.41797528,0
0.13659255,0.8634075,1
0.10794561,0.8920544,1
0.2646489,0.7353511,0
0.32244167,0.67755836,0
0.41418472,0.58581525,0
0.3696275,0.6303725,0
0.6203461,0.3796539,0
0.3470315,0.6529685,0
0.40880772,0.59119225,0
0.2852526,0.7147474,0
0.35972902,0.64027095,0
0.4818965,0.51810354,0
0.65701646,0.34298354,0
0.47044966,0.52955043,0
0.24098997,0.7590101,1
0.51015526,0.48984474,0
0.63656086,0.36343908,0
0.71004075,0.28995925,0
0.26604968,0.7339503,1
0.2657835,0.73421645,1
0.41475198,0.585248,0
0.6858727,0.31412733,0
0.36950877,0.6304912,1
0.37527126,0.62472874,1
0.61076474,0.38923532,1
0.847521,0.15247895,0
0.16234969,0.8376503,1
0.2443005,0.7556995,1
0.25016654,0.7498335,1
0.29289576,0.7071042,1
0.30619878,0.69380116,1
0.30506995,0.6949301,1
0.18435562,0.8156444,1
0.5220696,0.47793046,0
0.66220546,0.33779457,0
0.8392492,0.16075084,0
0.88508767,0.114912346,0
0.8461183,0.15388167,0
0.40879285,0.59120715,0
0.39833575,0.60166425,1
0.46607766,0.5339224,0
0.40656525,0.59343475,1
0.44360358,0.5563964,1
0.43952227,0.5604777,1
0.4480665,0.5519335,1
0.8661448,0.13385518,0
0.8657101,0.13428988,0
0.8229171,0.1770829,0
0.70062166,0.2993784,0
0.34588462,0.6541153,1
0.29036522,0.70963484,1
0.42005494,0.5799451,0
0.29739407,0.70260596,1
0.31591046,0.68408954,1
0.37043437,0.6295656,1
0.666154,0.33384594,0
0.37032697,0.629673,1
0.35600048,0.6439995,1
0.3460181,0.65398186,1
0.39257205,0.60742795,1
0.40111867,0.5988813,1
0.47243986,0.5275602,0
0.47927728,0.5207227,1
0.28102618,0.7189739,1
0.4126757,0.5873243,1
0.5223593,0.47764072,0
0.41506204,0.58493793,1
0.4387639,0.56123614,1
0.62914747,0.3708526,0
0.76783586,0.23216416,0
0.31228617,0.6877138,1
0.20133732,0.79866266,1
0.11056405,0.8894359,1
0.10291315,0.89708686,1
0.33883947,0.6611605,0
0.6259084,0.37409163,0
0.7419935,0.25800654,0
0.78384703,0.21615294,0
0.82889366,0.17110631,0
0.86583394,0.13416599,0
0.10650785,0.8934921,1
0.13195536,0.8680446,1
0.17946473,0.8205353,1
0.25933966,0.74066037,0
0.37696177,0.62303823,0
0.37950066,0.6204994,0
0.56862336,0.43137664,0
0.75917906,0.24082102,0
0.49526018,0.5047398,0
0.22333756,0.7766624,1
0.22457668,0.77542335,1
0.40650266,0.59349734,0
0.2899992,0.71000075,1
0.30131122,0.6986888,1
0.28176665,0.71823335,1
0.3171751,0.6828249,1
0.3859201,0.6140799,1
0.6894157,0.31058434,0
0.5545359,0.44546407,0
0.32028258,0.6797175,1
0.30763054,0.6923694,1
0.3448355,0.65516454,1
0.46953622,0.5304637,0
0.38005948,0.6199406,1
0.40391544,0.59608454,1
0.6347093,0.36529073,1
0.87255013,0.12744984,0
0.74867797,0.25132203,0
0.4559324,0.54406756,0
0.36503884,0.6349612,1
0.44080412,0.5591959,0
0.6208882,0.3791118,0
0.6414074,0.3585926,0
0.48814762,0.5118524,1
0.41232562,0.5876744,1
0.6437564,0.35624358,0
0.42795575,0.57204425,1
0.45051584,0.54948413,1
0.72845954,0.2715405,0
0.3958617,0.6041383,1
0.752897,0.24710295,0
0.8599244,0.14007561,0
0.76733124,0.23266874,0
0.5457617,0.45423833,0
0.34234276,0.65765715,1
0.25168547,0.7483145,1
0.24018748,0.7598125,1
0.25581193,0.744188,1
0.2761413,0.7238588,1
0.43350127,0.56649864,1
0.67285246,0.3271475,0
0.7308167,0.26918334,0
0.7625616,0.23743835,0
0.41756806,0.5824319,0
0.31406644,0.68593353,1
0.23980147,0.7601985,1
0.24313247,0.7568675,1
0.24818534,0.75181466,1
0.25326222,0.7467378,1
0.26852626,0.73147374,1
0.34672883,0.65327114,1
0.34590766,0.6540923,1
0.61108446,0.3889155,0
0.33708438,0.6629156,0
0.22712463,0.7728753,1
0.26071844,0.7392815,1
0.30999807,0.69000196,1
0.40940094,0.59059906,0
0.4192349,0.58076507,0
0.408125,0.591875,0
0.85082185,0.14917818,0
0.7854332,0.2145668,0
0.2678645,0.7321355,1
0.23287766,0.76712227,1
0.21558022,0.7844198,1
0.24817355,0.7518265,1
0.2540391,0.7459609,1
0.27304554,0.72695446,1
0.23970045,0.7602995,1
0.2915545,0.7084455,1
0.31077638,0.6892236,1
0.37225994,0.6277401,1
0.9188937,0.08110635,0
0.9192466,0.08075334,0
0.84548485,0.1545152,0
0.22976707,0.7702329,1
0.23294173,0.76705825,1
0.27564067,0.7243593,1
0.26623258,0.7337674,1
0.48399717,0.51600283,1
0.74704707,0.2529529,0
0.88211864,0.117881335,0
0.8951816,0.10481842,0
0.7528221,0.24717784,0
0.16591536,0.8340847,1
0.09898545,0.90101457,1
0.16237037,0.8376297,1
0.17611748,0.8238825,1
0.2429869,0.75701314,0
0.31820127,0.6817987,0
0.47869354,0.5213065,0
0.20578358,0.79421645,1
0.31347743,0.68652254,0
0.5844,0.4156,0
0.24810551,0.7518945,1
0.28703478,0.7129652,1
0.29348317,0.70651686,1
0.6575399,0.3424601,0
0.45672032,0.54327965,1
0.82771003,0.1722899,0
0.34311095,0.6568891,1
0.32484698,0.6751531,0
0.28970736,0.7102926,1
0.27446356,0.7255364,1
0.39342412,0.60657597,0
0.6764574,0.3235426,0
0.33230138,0.6676987,1
0.8371475,0.16285251,0
0.87096536,0.12903464,0
0.8203538,0.1796462,0
0.5046924,0.49530762,0
0.26549104,0.734509,1
0.561901,0.4380991,0
0.32711565,0.67288435,1
0.42740053,0.57259953,0
0.54956305,0.45043698,0
0.59376,0.40624002,0
0.6559852,0.34401482,0
0.59840834,0.40159163,0
0.7352092,0.2647908,0
0.88771063,0.11228937,0
0.89337677,0.10662321,0
0.5644751,0.43552485,0
0.52032393,0.47967604,1
0.6600676,0.33993232,0
0.67285246,0.3271475,0
0.725902,0.27409798,0
0.23480657,0.7651934,1
0.22261307,0.7773869,1
0.2157005,0.78429943,1
0.2802847,0.7197153,1
0.30235416,0.69764584,1
0.5241599,0.4758401,0
0.4454636,0.55453634,1
0.91127765,0.088722356,0
0.5901298,0.40987024,0
0.6047942,0.3952058,0
0.6748418,0.32515812,0
0.32246274,0.67753726,1
0.7719972,0.22800286,0
0.8861607,0.11383936,0
0.889504,0.110496044,0
0.894435,0.10556502,0
0.23499614,0.7650038,1
0.19073027,0.8092698,1
0.22966522,0.7703347,1
0.25045466,0.74954534,1
0.26810002,0.7318999,1
0.2743137,0.72568625,1
0.2793472,0.72065276,1
0.28796655,0.7120334,1
0.6748414,0.32515857,0
0.21951151,0.78048843,1
0.4354027,0.56459737,1
0.11173697,0.88826305,1
0.2504262,0.7495738,0
0.27669805,0.72330195,0
0.282003,0.7179971,0
0.68661237,0.31338766,0
0.32259253,0.67740744,0
0.80229026,0.19770975,0
0.26690584,0.73309416,1
0.21129122,0.7887088,1
0.24211954,0.7578805,1
0.23684096,0.7631591,1
0.22399352,0.77600646,1
0.23314734,0.76685274,1
0.25964352,0.7403565,1
0.6727642,0.32723582,0
0.41968778,0.5803122,0
0.5272655,0.47273448,0
0.5620437,0.43795627,0
0.5130175,0.48698252,0
0.2667141,0.73328596,1
0.42583498,0.57416505,0
0.5205162,0.47948375,0
0.3033319,0.6966681,1
0.30377746,0.6962225,1
0.36491483,0.6350852,1
0.67745537,0.3225446,0
0.3211508,0.67884916,1
0.44639483,0.5536052,1
0.8534437,0.14655632,0
0.8647387,0.13526127,0
0.863677,0.13632298,0
0.22835158,0.77164835,1
0.29637632,0.70362365,0
0.5484176,0.45158234,0
0.3979735,0.60202646,0
0.29325253,0.7067475,1
0.75229955,0.2477004,0
0.31269723,0.68730277,1
0.23544842,0.7645516,1
0.3817561,0.61824393,0
0.6563439,0.34365615,0
0.30353796,0.69646204,1
0.39221624,0.6077838,1
0.3354934,0.6645066,1
0.7496171,0.2503829,0
0.922651,0.077348985,0
0.91207665,0.087923326,0
0.33316988,0.6668301,1
0.25674072,0.7432593,1
0.30670837,0.69329166,1
0.34493032,0.6550697,1
0.3119466,0.68805337,1
0.6128296,0.3871704,0
0.6094064,0.39059356,0
0.30695027,0.6930497,1
0.33405602,0.66594404,1
0.48246944,0.51753056,1
0.7137691,0.28623098,0
0.65753746,0.34246254,1
0.82637346,0.17362648,0
0.90488577,0.09511421,0
0.87819654,0.12180346,0
0.4990444,0.5009557,0
0.29935798,0.70064205,1
0.33906457,0.6609354,1
0.5389574,0.46104264,0
0.38208893,0.61791104,1
0.33098277,0.66901726,1
0.5023184,0.49768165,0
0.66084886,0.33915108,0
0.4137883,0.58621174,1
0.3917565,0.6082435,1
0.5687294,0.4312706,0
0.3596214,0.64037853,1
0.52147585,0.47852406,0
0.41686592,0.5831341,0
0.37132308,0.62867695,1
0.7220286,0.27797142,0
0.7298619,0.27013806,0
0.38583317,0.61416686,1
0.41838515,0.58161485,1
0.69962263,0.3003774,1
0.89216596,0.10783404,0
0.46253026,0.53746974,1
0.6209557,0.3790443,0
0.5870873,0.4129127,0
0.72870386,0.2712961,0
0.3863098,0.6136902,1
0.7863113,0.21368875,0
0.48104584,0.5189542,1
0.33523425,0.6647657,1
0.32902375,0.6709762,1
0.18747765,0.8125224,1
0.34728578,0.65271425,1
0.29072833,0.7092716,1
0.38232213,0.61767787,1
0.5209489,0.47905105,0
0.7321087,0.26789126,0
0.3826853,0.6173147,1
0.67440367,0.32559633,0
0.90037996,0.099620044,0
0.8871528,0.112847246,0
0.16285904,0.837141,1
0.28127354,0.71872646,1
0.33701426,0.6629858,1
0.40507177,0.5949282,0
0.87430686,0.12569316,0
0.8993454,0.10065466,0
0.9090976,0.09090243,0
0.9122463,0.08775371,0
0.23444992,0.76555014,1
0.18451677,0.8154833,1
0.26006785,0.7399322,1
0.2998678,0.7001322,1
0.70003164,0.29996836,0
0.80404216,0.19595781,0
0.90188557,0.098114446,0
0.9097851,0.090214886,0
0.90296674,0.09703327,0
0.69809675,0.30190322,0
0.42234915,0.5776509,0
0.6144977,0.38550228,0
0.5992842,0.4007158,0
0.31013107,0.6898689,1
0.52023125,0.4797688,1
0.5501386,0.44986147,1
0.7780496,0.22195038,1
0.29682878,0.7031712,1
0.27205685,0.72794306,1
0.29158935,0.7084107,1
0.2574503,0.7425497,1
0.37824163,0.6217584,0
0.29407692,0.7059231,1
0.28853858,0.7114614,1
0.48460588,0.51539415,0
0.72735673,0.27264327,0
0.8396501,0.16034998,0
0.2572728,0.74272716,1
0.3456923,0.65430766,1
0.5445725,0.45542753,0
0.65507084,0.3449292,0
0.6854766,0.31452337,0
0.7059946,0.29400542,0
0.706558,0.29344207,0
0.157523,0.84247696,1
0.34269372,0.6573063,1
0.8694574,0.13054258,0
0.8897832,0.11021686,0
0.89268506,0.1073149,0
0.8793134,0.1206866,0
0.62827516,0.37172484,0
0.3834313,0.61656874,1
0.294195,0.705805,1
0.2594902,0.7405098,1
0.25084135,0.7491586,1
0.23643209,0.763568,1
0.5769484,0.4230516,0
0.6580722,0.34192777,0
0.2899992,0.71000075,1
0.42777506,0.57222503,1
0.4099871,0.5900129,1
0.7271614,0.27283862,0
0.6621729,0.33782703,0
0.8751895,0.12481049,0
0.90124995,0.09875012,0
0.63244957,0.36755043,0
0.3015317,0.69846827,1
0.25272828,0.7472717,1
0.5673278,0.4326722,1
0.7352244,0.2647756,0
0.91442025,0.0855797,0
0.8675882,0.13241184,0
0.25367555,0.7463245,1
0.30116692,0.6988331,1
0.41480744,0.58519256,1
0.42912734,0.5708726,1
0.9178673,0.08213268,0
0.90706325,0.09293676,0
0.5987883,0.4012117,0
0.63594955,0.36405042,1
0.617575,0.38242504,1
0.29856807,0.70143193,1
0.34593934,0.65406066,1
0.84675646,0.15324351,0
0.6076246,0.3923754,0
0.29022914,0.7097708,1
0.248339,0.75166106,1
0.15002643,0.8499736,1
0.21223912,0.78776085,1
0.29552624,0.70447385,1
0.3737615,0.62623847,1
0.6362515,0.36374846,0
0.7318155,0.26818448,0
0.74171406,0.2582859,0
0.7995277,0.20047233,0
0.8914413,0.108558714,0
0.87241554,0.12758446,0
0.3916291,0.60837084,0
0.2860936,0.71390647,1
0.22886986,0.77113014,1
0.17679413,0.8232059,1
0.26434875,0.73565125,1
0.21336097,0.78663903,1
0.22708884,0.77291113,1
0.2957719,0.70422816,1
0.32079175,0.6792083,1
0.6866436,0.31335643,0
0.8319703,0.16802973,0
0.23479763,0.7652024,0
0.2509497,0.74905026,0
0.25978938,0.74021065,0
0.2767438,0.7232562,0
0.42361274,0.5763872,0
0.52390826,0.47609183,0
0.4909585,0.5090414,0
0.5826878,0.41731223,0
0.6314844,0.3685156,0
0.62634677,0.37365332,0
0.6513311,0.34866893,0
0.66468436,0.33531564,0
0.66163427,0.3383658,0
0.45874813,0.54125184,0
0.3489904,0.6510096,1
0.358703,0.64129704,1
0.44492704,0.55507296,1
0.8821028,0.11789717,0
0.8629316,0.13706836,0
0.25451568,0.7454843,1
0.334073,0.665927,1
0.63687646,0.3631236,0
0.69473803,0.305262,0
0.41980967,0.5801903,1
0.4386202,0.56137985,1
0.9185892,0.08141079,0
0.8682067,0.13179332,0
0.8265832,0.17341682,0
0.2895849,0.71041507,1
0.40340462,0.59659547,1
0.47149572,0.52850425,1
0.68838435,0.3116156,0
0.5318768,0.4681232,0
0.9302982,0.06970175,0
0.9220646,0.07793541,0
0.23651503,0.76348495,1
0.4930874,0.5069125,0
0.60685784,0.39314213,0
0.34955812,0.6504418,1
0.9063656,0.09363443,0
0.90955997,0.090440005,0
0.91155434,0.08844565,0
0.2441337,0.7558663,1
0.24622698,0.75377303,1
0.25978938,0.74021065,1
0.30168414,0.69831586,1
0.3107312,0.68926877,1
0.730825,0.26917505,0
0.7312516,0.2687485,0
0.7218205,0.27817953,0
0.36217666,0.63782334,1
0.79981935,0.20018066,0
0.8922932,0.10770685,0
0.24327452,0.7567255,1
0.27304554,0.72695446,1
0.33544064,0.66455936,1
0.7273571,0.27264285,0
0.32469612,0.6753039,1
0.72508556,0.27491447,0
0.6389151,0.3610849,0
0.60986704,0.390133,0
0.6019082,0.39809176,0
0.71395385,0.28604615,0
0.7232448,0.27675518,0
0.7270732,0.27292678,0
0.7281746,0.27182537,0
0.7651539,0.23484607,0
0.3482683,0.65173167,1
0.3058105,0.6941895,1
0.24490614,0.7550939,1
0.24622698,0.75377303,1
0.62647694,0.37352303,0
0.68838435,0.3116156,0
0.2850132,0.71498674,1
0.7293591,0.2706409,0
0.8448812,0.15511884,0
0.89986926,0.10013073,0
0.81045055,0.1895495,0
0.6126818,0.38731822,0
0.33550724,0.6644927,1
0.63058645,0.36941358,0
0.69364476,0.3063552,0
0.43770728,0.56229275,1
0.33914435,0.66085565,1
0.4289287,0.5710713,1
0.4397275,0.56027246,1
0.68175507,0.31824496,0
0.90114844,0.09885152,0
0.9070532,0.09294688,0
0.64973515,0.35026482,0
0.66174424,0.33825576,0
0.6891598,0.31084025,0
0.7028363,0.29716375,0
0.6840198,0.3159802,0
0.7145539,0.28544614,0
0.9130111,0.0869889,0
0.9230063,0.076993644,0
0.61231476,0.3876852,1
0.64351475,0.35648525,1
0.6165291,0.38347086,1
0.65103644,0.34896353,0
0.66775185,0.33224812,0
0.706332,0.29366803,1
0.59183896,0.4081611,1
0.7299451,0.27005494,0
0.8497759,0.1502241,1
0.8864337,0.1135663,1
0.61501414,0.38498592,0
0.62840366,0.37159637,0
0.35323843,0.64676154,1
0.3412881,0.6587119,1
0.83094317,0.16905686,0
0.8703213,0.12967879,0
0.6465359,0.35346407,0
0.3269404,0.67305964,1
0.24222751,0.7577725,1
0.2439161,0.7560839,1
0.2510846,0.7489154,1
0.1803296,0.81967044,1
0.15922591,0.84077406,1
0.27401388,0.72598606,1
0.7279235,0.2720765,0
0.32500115,0.6749989,1
0.91701114,0.08298885,0
0.6843759,0.3156241,0
0.24414293,0.7558571,1
0.24379227,0.75620776,1
0.11407389,0.8859262,1
0.116263226,0.8837368,1
0.29088968,0.7091103,1
0.5175339,0.48246607,0
0.70004046,0.29995954,0
0.9099821,0.090017915,0
0.893873,0.10612709,0
0.66132206,0.3386779,0
0.26169187,0.73830813,1
0.21967591,0.7803241,1
0.22959983,0.77040017,1
0.10543805,0.89456195,1
0.10321686,0.8967831,1
0.30047578,0.6995242,1
0.3528462,0.6471538,1
0.13825883,0.8617411,1
0.32257274,0.67742723,0
0.69700485,0.30299512,0
0.6202707,0.37972936,0
0.7115414,0.28845856,0
0.92258656,0.07741343,0
0.09976228,0.90023774,1
0.1002948,0.8997052,1
0.16147108,0.83852893,1
0.47149572,0.52850425,0
0.38566792,0.6143321,0
0.6707014,0.3292986,0
0.87319434,0.12680562,0
0.90134364,0.0986563,0
0.924597,0.07540298,0
0.92127156,0.07872842,0
0.8750367,0.124963224,0
0.78559405,0.21440591,0
0.67674756,0.3232525,0
0.64189124,0.35810885,0
0.6487954,0.35120463,0
0.5219848,0.4780152,1
0.7295732,0.27042678,0
0.9029723,0.09702771,0
0.7726171,0.22738288,0
0.64272964,0.3572703,0
0.64515215,0.35484785,0
0.65088326,0.3491167,0
0.7293267,0.27067325,1
0.7337507,0.26624924,1
0.88727057,0.11272943,0
0.9317557,0.06824423,0
0.9323033,0.067696616,0
0.9027386,0.09726136,1
0.75874645,0.24125355,1
0.64553297,0.35446703,1
0.6474094,0.35259062,1
0.64873475,0.35126525,1
0.698784,0.30121598,1
0.4876293,0.51237077,1
0.6747692,0.32523075,1
0.72863936,0.27136058,0
0.7313437,0.2686563,0
0.77250767,0.22749236,0
0.2961065,0.70389354,1
0.24731867,0.7526814,1
0.24300177,0.75699824,1
0.30326664,0.69673336,1
0.46743605,0.5325639,0
0.6349038,0.36509615,0
0.39236027,0.60763973,1
0.6623553,0.3376447,0
0.44807336,0.5519266,1
0.9035662,0.09643388,0
0.8853832,0.11461687,0
0.6698962,0.33010384,0
0.4132647,0.58673525,0
0.22686043,0.7731396,1
0.2563893,0.7436107,1
0.3967554,0.60324454,1
0.4303807,0.5696193,1
0.28709197,0.712908,1
0.45378435,0.5462157,1
0.89232814,0.107671864,0
0.8889264,0.111073576,0
0.82379836,0.17620161,0
0.40350303,0.59649694,0
0.24273722,0.75726277,1
0.24290761,0.7570924,1
0.581648,0.41835192,0
0.24827443,0.75172555,1
0.266443,0.7335569,1
0.6825961,0.31740397,0
0.14525108,0.85474896,1
0.42162588,0.5783741,0
0.28363532,0.71636474,1
0.35487464,0.6451254,1
0.66913015,0.33086976,0
0.21202953,0.7879705,1
0.21091114,0.78908885,1
0.26520133,0.7347986,1
0.28974542,0.71025455,1
0.30240247,0.6975975,1
0.31188697,0.688113,1
0.3549288,0.6450712,0
0.4169608,0.58303916,0
0.42004246,0.57995754,0
0.35667178,0.64332813,0
0.4187958,0.58120424,0
0.66558206,0.33441797,0
0.8255134,0.1744866,0
0.8752329,0.1247671,0
0.23503366,0.76496637,1
0.18086554,0.8191344,1
0.17942731,0.8205727,1
0.3935942,0.60640574,0
0.608116,0.391884,0
0.48575914,0.5142408,0
0.25002742,0.74997264,1
0.26335767,0.7366423,1
0.63402027,0.36597973,1
0.85232127,0.14767872,0
0.24431184,0.7556882,1
0.63070494,0.36929503,0
0.66866064,0.33133933,0
0.5284343,0.4715657,0
0.21362579,0.78637415,1
0.27084744,0.7291525,1
0.2842706,0.71572936,1
0.54221433,0.4577857,1
0.73109365,0.26890635,1
0.81506103,0.18493901,0
0.16944167,0.83055836,1
0.23138408,0.7686159,1
0.20668606,0.7933139,1
0.34228632,0.6577137,1
0.35429496,0.6457051,1
0.18805349,0.8119466,1
0.31143013,0.68856984,0
0.36662653,0.6333735,0
0.85823804,0.14176202,0
0.82799035,0.17200965,0
0.12124667,0.8787533,1
0.23247558,0.7675245,1
0.23880436,0.7611956,1
0.3036254,0.69637454,0
0.3555792,0.6444208,0
0.5395614,0.4604387,0
0.76390964,0.23609039,0
0.9042807,0.09571928,0
0.8834919,0.11650806,0
0.84410113,0.1558989,0
0.36504173,0.63495827,0
0.39461613,0.6053839,0
0.5169994,0.4830006,0
0.44509664,0.5549034,0
0.40947777,0.5905222,0
0.56139004,0.43860993,0
0.6469027,0.35309738,0
0.58890086,0.4110991,0
0.6715024,0.3284976,0
0.681162,0.318838,0
0.40974373,0.5902563,1
0.88789725,0.11210273,0
0.52938366,0.4706164,0
0.28709778,0.71290225,1
0.37446076,0.62553924,1
0.37503913,0.6249609,1
0.7034182,0.2965818,0
0.42361763,0.5763824,1
0.8988631,0.10113692,0
0.82197386,0.17802611,0
0.36797905,0.63202095,1
0.2325234,0.76747656,1
0.24365492,0.7563451,1
0.2351388,0.76486117,1
0.25376606,0.74623394,1
0.3470344,0.6529656,1
0.30970708,0.6902929,1
0.73047996,0.26952013,0
0.38080665,0.6191933,1
0.5039711,0.4960289,1
0.89545727,0.10454267,0
0.90532213,0.09467789,0
0.6791892,0.3208108,0
0.23253822,0.7674618,1
0.23684096,0.7631591,1
0.6178677,0.38213223,0
0.5061798,0.49382025,1
0.4184503,0.5815497,1
0.8616485,0.1383515,0
0.91565806,0.08434198,0
0.9194038,0.080596216,0
0.9203753,0.079624705,0
0.8912393,0.10876072,0
0.8919729,0.108027115,0
0.6461634,0.3538367,0
0.6461503,0.3538497,0
0.6464551,0.35354486,0
0.36117437,0.6388256,1
0.46969688,0.5303032,1
0.73222303,0.26777697,0
0.8885805,0.11141943,0
0.89860153,0.10139844,0
0.9132701,0.0867299,0
0.91730547,0.082694486,0
0.91075337,0.08924657,0
0.9108053,0.0891947,0
0.8936246,0.10637535,0
0.6222727,0.37772733,1
0.291296,0.70870405,1
0.2473941,0.7526059,1
0.26451066,0.73548937,1
0.2845716,0.71542835,1
0.288246,0.71175396,1
0.8980677,0.10193234,0
0.88631266,0.113687314,0
0.43642864,0.56357133,0
0.2227523,0.77724767,1
0.25077075,0.7492293,1
0.32703122,0.67296875,1
0.32310885,0.6768911,1
0.32421523,0.67578477,1
0.73062885,0.26937112,0
0.73170483,0.2682952,0
0.8941421,0.10585784,0
0.8327794,0.16722055,0
0.5153878,0.4846122,0
0.6415506,0.35844934,0
0.69798,0.30202,0
0.70244396,0.2975561,0
0.4405316,0.5594684,1
0.7295506,0.27044937,0
0.8937561,0.10624386,0
0.53261375,0.46738625,0
0.6618251,0.33817494,0
0.67900455,0.32099545,0
0.43524918,0.5647508,1
0.7235139,0.2764861,0
0.33199793,0.66800207,1
0.88680655,0.11319349,0
0.8966583,0.10334166,0
0.5686242,0.4313758,1
0.10265537,0.8973446,1
0.2407621,0.75923795,1
0.7237922,0.27620786,0
0.7294028,0.27059728,0
0.7311837,0.26881632,0
0.6052545,0.39474556,0
0.6704861,0.3295139,0
0.91725713,0.08274286,0
0.65961754,0.34038252,0
0.6988506,0.3011494,0
0.7059476,0.29405236,1
0.73089975,0.2691003,0
0.8648867,0.13511325,1
0.88849044,0.11150949,0
0.6323292,0.36767074,1
0.6429271,0.35707295,1
0.66926897,0.330731,0
0.69910985,0.30089015,1
0.7167752,0.28322482,1
0.72814035,0.27185968,0
0.7306356,0.26936445,0
0.73006064,0.2699393,0
0.9056877,0.09431233,0
0.9101239,0.0898762,0
0.4819351,0.5180649,1
0.20669824,0.7933018,1
0.3343574,0.6656426,1
0.33370906,0.66629094,1
0.26457575,0.7354243,1
0.25269398,0.74730605,1
0.29439944,0.70560056,1
0.24391584,0.7560842,1
0.2473941,0.7526059,1
0.39113167,0.60886836,1
0.70531696,0.29468307,0
0.7273877,0.27261224,0
0.72812164,0.27187836,0
0.37106648,0.6289335,1
0.59873796,0.40126204,0
0.84209883,0.1579012,0
0.8923026,0.107697405,0
0.36753273,0.63246727,1
0.2549386,0.74506146,1
0.39016935,0.6098307,1
0.2362179,0.7637821,1
0.6626244,0.33737555,0
0.7548621,0.24513784,1
0.86777276,0.13222733,0
0.6489735,0.35102645,0
0.65959334,0.3404067,0
0.6653206,0.3346794,0
0.7053884,0.29461157,0
0.70655125,0.29344878,0
0.7059476,0.29405236,0
0.7235433,0.27645674,0
0.73091644,0.26908362,0
0.36677358,0.63322634,1
0.28680184,0.7131981,1
0.6245173,0.37548265,0
0.6493218,0.35067815,0
0.59938425,0.40061578,0
0.7213413,0.27865872,0
0.730882,0.26911804,0
0.8159203,0.18407969,0
0.3119426,0.68805736,1
0.5355269,0.46447313,0
0.39053842,0.6094616,1
0.6498407,0.35015923,0
0.6630234,0.33697656,0
0.7234506,0.27654943,0
0.7309088,0.26909125,0
0.6364082,0.3635918,1
0.7669911,0.23300895,0
0.8877354,0.11226461,0
0.5392606,0.46073934,1
0.6094626,0.3905374,0
0.6155498,0.38445017,0
0.5033417,0.49665833,1
0.49593142,0.50406855,1
0.55197054,0.44802937,1
0.8994664,0.10053363,0
0.91217643,0.08782358,0
0.92314315,0.076856874,0
0.6489598,0.35104024,0
0.6514149,0.34858516,0
0.6548252,0.3451748,0
0.66773486,0.33226517,0
0.68915576,0.3108442,0
0.70566535,0.2943347,0
0.7064546,0.29354545,0
0.70639104,0.29360905,1
0.7048316,0.29516846,1
0.72935104,0.27064896,1
0.90714455,0.09285543,0
0.90828484,0.09171523,0
0.4792323,0.52076775,1
0.64464563,0.35535437,0
0.7050037,0.29499635,0
0.70508564,0.2949144,0
0.70549095,0.29450896,0
0.70528024,0.29471976,0
0.7212867,0.2787133,0
0.72714674,0.27285323,0
0.7256511,0.27434894,1
0.8294301,0.17056993,0
0.88743967,0.11256032,0
0.90428513,0.09571486,0
0.5581908,0.44180918,1
0.64733386,0.35266614,0
0.7063664,0.29363355,0
0.71475244,0.28524762,0
0.7273279,0.27267206,0
0.7318154,0.26818457,0
0.73008186,0.2699181,1
0.8912243,0.10877565,0
0.89969945,0.10030054,0
0.34526095,0.6547391,1
0.5383825,0.4616176,1
0.53929734,0.46070263,1
0.60685784,0.39314213,1
0.18801318,0.8119868,1
0.7046483,0.29535165,0
0.72748053,0.27251944,0
0.88135386,0.11864616,0
0.59564334,0.40435663,0
0.50018644,0.49981353,1
0.7223607,0.2776394,0
0.72730696,0.27269307,0
0.7305236,0.26947644,0
0.8060227,0.19397728,0
0.5009039,0.4990961,1
0.6396613,0.36033872,0
0.604832,0.39516798,1
0.6268714,0.3731286,1
0.6604139,0.33958605,0
0.6700103,0.3299897,0
0.7058207,0.29417935,0
0.7247781,0.2752219,1
0.90673345,0.093266584,0
0.8695605,0.13043949,0
0.44826075,0.5517392,1
0.66075647,0.33924353,0
0.68096155,0.31903845,1
0.7051663,0.29483375,0
0.73045474,0.2695453,0
0.7323991,0.2676009,0
0.9165497,0.08345035,0
0.92744744,0.07255256,0
0.8681174,0.13188264,0
0.630773,0.369227,1
0.6515862,0.3484138,0
0.7051663,0.29483375,1
0.9183205,0.08167945,0
0.91906583,0.08093414,0
0.5661114,0.4338886,1
0.5797581,0.42024195,1
0.25088677,0.74911326,1
0.6511604,0.34883958,1
0.627542,0.372458,1
0.6885861,0.31141388,0
0.7051663,0.29483375,0
0.7063664,0.29363355,0
0.7239107,0.27608937,0
0.7516576,0.24834235,0
0.53003234,0.4699676,0
0.2999591,0.7000409,1
0.61280996,0.38719,0
0.6376977,0.36230227,0
0.70573777,0.29426223,0
0.7063263,0.29367372,0
0.6757796,0.32422042,0
0.8922652,0.10773484,0
0.87484384,0.1251562,0
0.60304284,0.39695713,0
0.10641468,0.8935853,1
0.10370013,0.8962999,1
0.2397161,0.76028395,1
0.7273198,0.27268028,0
0.88994396,0.11005608,0
0.8915404,0.10845964,0
0.86959374,0.13040626,0
0.18494149,0.8150586,1
0.10804453,0.89195544,1
0.22601925,0.7739808,1
0.34234735,0.6576526,0
0.42044145,0.5795586,0
0.6671002,0.3328998,0
0.7233014,0.27669862,0
0.73041415,0.26958582,0
0.74702674,0.25297332,0
0.86518615,0.1348138,0
0.8974527,0.10254728,0
0.39277655,0.60722345,0
0.1737884,0.8262116,1
0.4282341,0.5717659,0
0.7050037,0.29499635,0
0.7228752,0.27712476,0
0.7296736,0.2703264,0
0.68263745,0.3173626,0
0.8281492,0.17185083,0
0.90849894,0.09150103,0
0.9089057,0.09109428,0
0.5918456,0.4081544,0
0.64987755,0.35012248,0
0.68006754,0.31993246,0
0.70531696,0.29468307,0
0.70419383,0.2958062,0
0.7321774,0.26782265,0
0.88296705,0.117033005,0
0.89418834,0.10581167,0
0.9293166,0.07068346,0
0.9063572,0.093642764,0
0.8673492,0.13265082,0
0.6271148,0.37288526,1
0.6460089,0.35399106,1
0.6651697,0.33483028,1
0.705353,0.29464704,1
0.7145518,0.28544825,1
0.7315833,0.2684166,1
0.73374313,0.26625684,1
0.9199982,0.08000177,0
0.9165134,0.083486564,0
0.7998058,0.20019422,1
0.31790698,0.68209296,1
0.640824,0.359176,1
0.6285257,0.3714743,1
0.62094814,0.37905183,1
0.7051663,0.29483375,0
0.70623296,0.2937671,0
0.7147125,0.28528744,0
0.746914,0.25308597,0
0.85953563,0.14046434,0
0.8988351,0.10116489,0
0.27619696,0.72380304,1
0.24618109,0.75381887,1
0.32089806,0.67910194,1
0.5670607,0.4329393,1
0.62838,0.37161997,0
0.70542324,0.29457676,0
0.7290491,0.27095094,0
0.90530866,0.09469133,0
0.38361248,0.6163875,1
0.5672358,0.4327642,0
0.2773831,0.722617,1
0.6756277,0.32437226,0
0.6800828,0.31991714,0
0.7028877,0.2971123,0
0.7149002,0.28509983,0
0.7195109,0.28048906,0
0.7249235,0.2750765,0
0.45200938,0.5479906,1
0.6086652,0.3913348,1
0.87748516,0.12251481,0
0.88490134,0.11509872,0
0.3486651,0.65133494,1
0.4762973,0.5237027,1
0.38696843,0.6130315,1
0.56858695,0.43141308,0
0.6628885,0.33711144,0
0.7062967,0.2937033,0
0.5435331,0.4564669,1
0.64934397,0.350656,1
0.83380145,0.16619852,0
0.8904695,0.10953053,0
0.8613516,0.13864838,0
0.24816664,0.7518334,1
0.42256498,0.5774351,1
0.36643553,0.6335645,1
0.25339463,0.7466054,1
0.27996004,0.72003996,1
0.6111626,0.3888374,0
0.6938049,0.30619505,0
0.34069824,0.6593018,1
0.3640361,0.6359639,1
0.582721,0.41727898,1
0.31775138,0.6822486,1
0.35620162,0.6437984,1
0.5276455,0.4723544,1
0.424858,0.57514197,1
0.5946422,0.40535775,0
0.6984363,0.30156368,0
0.70623296,0.2937671,0
0.7062158,0.29378417,0
0.70608217,0.29391783,0
0.7205721,0.27942786,0
0.877832,0.12216804,0
0.7038306,0.29616943,0
0.644748,0.35525206,1
0.64871377,0.35128623,1
0.70528024,0.29471976,1
0.72882354,0.27117646,1
0.7340222,0.26597783,1
0.86037093,0.13962911,1
0.9200463,0.079953626,0
0.9008629,0.099137165,0
0.38048366,0.6195163,1
0.19453104,0.805469,1
0.14767358,0.85232633,1
0.11471577,0.88528425,1
0.70496166,0.29503834,0
0.7293943,0.27060568,0
0.4873566,0.51264346,0
0.3082624,0.69173753,1
0.7194686,0.28053147,0
0.8911484,0.10885166,0
0.6993381,0.3006619,0
0.384198,0.615802,0
0.27116248,0.72883755,1
0.28302675,0.7169732,0
0.2530984,0.74690163,1
0.22766049,0.7723395,1
0.23163858,0.7683614,1
0.26883724,0.7311628,1
0.26596716,0.7340328,1
0.27172765,0.7282724,1
0.63733625,0.3626638,0
0.66178554,0.33821452,0
0.6588451,0.34115487,0
0.5881687,0.41183123,1
0.15761097,0.84238905,1
0.21798195,0.782018,1
0.656568,0.34343207,0
0.7290839,0.27091613,0
0.50517917,0.49482086,0
0.49621126,0.5037887,0
0.89108443,0.10891564,0
0.5422375,0.45776248,1
0.33522308,0.6647769,1
0.28376308,0.7162369,1
0.19216566,0.8078343,1
0.1982336,0.80176646,1
0.35649708,0.64350295,1
0.6125241,0.38747597,0
0.6357163,0.36428368,0
0.42382702,0.576173,0
0.68911636,0.31088364,0
0.8945777,0.10542231,0
0.8737778,0.12622215,0
0.3542456,0.6457544,1
0.49497858,0.50502145,0
0.30689076,0.6931092,1
0.36734056,0.63265944,0
0.20317009,0.79682994,1
0.46357924,0.53642076,0
0.50223994,0.49776015,0
0.7058985,0.29410148,0
0.7158403,0.28415972,0
0.5193437,0.48065633,1
0.61686647,0.3831335,0
0.91143817,0.088561885,0
0.89158106,0.10841893,0
0.66693187,0.33306816,0
0.5674361,0.43256387,0
0.4611454,0.5388546,1
0.6575931,0.34240702,0
0.66357696,0.33642307,0
0.7059233,0.29407665,0
0.705353,0.29464704,0
0.7145518,0.28544825,0
0.73155665,0.26844332,0
0.73209083,0.26790917,0
0.733514,0.26648596,0
0.92725796,0.07274198,0
0.9140949,0.085905075,0
0.8601905,0.13980952,0
0.62217134,0.37782863,1
0.6633862,0.3366137,1
0.67016655,0.32983345,1
0.70573777,0.29426223,1
0.7277793,0.27222064,1
0.72881293,0.27118707,1
0.7308544,0.26914564,1
0.89756805,0.10243192,0
0.4260139,0.57398605,1
0.44861856,0.5513814,1
0.39515582,0.60484415,1
0.25276688,0.74723315,1
0.70154977,0.29845023,0
0.58473814,0.4152619,0
0.33217448,0.66782546,1
0.6107141,0.38928592,1
0.7482454,0.25175458,0
0.8242942,0.17570582,0
0.52307343,0.4769266,1
0.40479288,0.5952071,0
0.27709037,0.7229096,1
0.57465506,0.4253449,0
0.59785795,0.4021421,0
0.6384169,0.36158302,0
0.36294532,0.6370546,1
0.8703051,0.12969486,0
0.19757996,0.80242,1
0.29682878,0.7031712,1
0.6671002,0.3328998,0
0.64117295,0.35882708,0
0.47278312,0.5272168,1
0.8876519,0.11234806,0
0.90045196,0.09954797,0
0.24528387,0.75471616,1
0.20241614,0.79758394,1
0.18482864,0.81517136,1
0.18420248,0.81579757,1
0.22614175,0.77385825,1
0.20893055,0.79106945,1
0.291607,0.7083931,1
0.38779575,0.6122043,0
0.6418191,0.3581809,0
0.8832204,0.11677963,0
0.23151423,0.7684858,1
0.5113848,0.48861524,0
0.6618281,0.3381718,0
0.66332227,0.3366778,0
0.4202388,0.5797612,1
0.5214358,0.47856423,0
0.32296073,0.67703927,1
0.30418444,0.6958155,1
0.597138,0.40286195,0
0.6046185,0.39538154,0
0.6422428,0.3577572,0
0.6422428,0.3577572,0
0.7325132,0.26748672,0
0.5188994,0.48110065,1
0.696277,0.30372298,0
