prob_class_0,prob_class_1,true_label
0.9314666,0.06853348,1
0.98746246,0.012537552,0
0.9847659,0.015234166,0
0.9294871,0.07051285,1
0.9238026,0.0761974,1
0.9483127,0.05168735,1
0.9357886,0.06421141,0
0.95288754,0.047112513,0
0.91705716,0.08294287,1
0.96418643,0.035813525,0
0.9883885,0.011611555,0
0.9795121,0.020487895,0
0.9286279,0.07137211,0
0.939758,0.060241994,0
0.9452576,0.054742396,0
0.94431937,0.055680674,0
0.95037913,0.04962082,0
0.9829305,0.017069543,0
0.8266649,0.17333503,1
0.97115135,0.028848663,1
0.963423,0.036576994,1
0.90481836,0.09518166,1
0.9132944,0.08670563,1
0.47350127,0.5264987,1
0.5835419,0.416458,1
0.5309219,0.46907806,1
0.25345904,0.746541,1
0.21681052,0.7831895,1
0.06667579,0.9333242,1
0.108007684,0.89199233,1
0.10916419,0.8908358,1
0.5791986,0.4208014,0
0.17685544,0.82314456,1
0.30977392,0.6902261,0
0.9489947,0.051005315,0
0.47815472,0.5218453,0
0.48372746,0.5162726,1
0.52490216,0.47509786,1
0.9687473,0.031252686,0
0.97385705,0.026142897,0
0.80805415,0.19194584,1
0.930821,0.06917902,0
0.9358814,0.06411864,0
0.84232175,0.15767825,0
0.9332278,0.06677227,0
0.93351793,0.06648205,0
0.9450594,0.054940555,0
0.9459259,0.05407411,0
0.9530435,0.046956465,0
0.9793099,0.020690136,0
0.97845733,0.021542732,0
0.96783406,0.032165952,0
0.046502218,0.9534977,1
0.05566488,0.9443351,1
0.060374297,0.9396257,1
0.04481212,0.95518786,1
0.05019336,0.9498067,1
0.21689548,0.78310454,0
0.10601849,0.89398146,1
0.97190326,0.028096693,0
0.29637238,0.7036276,0
0.06761098,0.932389,1
0.02662459,0.97337544,1
0.04587614,0.9541238,1
0.0624724,0.9375276,1
0.042379342,0.9576207,1
0.15819338,0.8418066,0
0.101540715,0.8984593,0
0.39017567,0.6098243,0
0.59262556,0.40737447,0
0.8128706,0.18712932,0
0.082908966,0.9170911,0
0.23338845,0.7666116,0
0.28251112,0.71748894,0
0.0013815784,0.99861836,1
0.019034188,0.98096573,1
0.6381145,0.3618855,0
0.12970977,0.8702902,0
0.09331907,0.9066809,1
0.08987003,0.91012996,1
0.1621654,0.8378346,0
0.170493,0.82950693,1
0.11336436,0.88663566,1
0.12332252,0.8766775,1
0.13540886,0.8645911,1
0.09078489,0.90921515,1
0.91559666,0.08440331,0
0.95177186,0.048228078,0
0.16230099,0.837699,1
0.14373569,0.8562643,1
0.41906592,0.5809341,0
0.9762091,0.023790907,0
0.6505541,0.34944582,0
0.5876428,0.41235715,0
0.2796268,0.72037315,0
0.3567533,0.64324677,0
0.33465958,0.6653404,0
0.27390122,0.72609884,0
0.120624274,0.87937576,1
0.15028392,0.84971607,1
0.9808193,0.019180661,0
0.7271033,0.27289668,0
0.64289576,0.35710424,0
0.31166205,0.6883379,1
0.23558521,0.76441485,1
0.28743958,0.7125605,1
0.9689548,0.031045193,0
0.98361856,0.016381435,0
0.047569603,0.9524304,1
0.08965484,0.9103451,1
0.06813213,0.93186796,1
0.36484966,0.63515043,0
0.27010193,0.7298981,0
0.18668056,0.8133195,0
0.049702846,0.9502971,1
0.06650069,0.93349934,1
0.062147494,0.93785256,1
0.12699129,0.8730087,1
0.03382405,0.9661759,1
0.14878127,0.8512187,0
0.21643677,0.7835632,0
0.3387786,0.66122144,0
0.6144156,0.3855844,0
0.060479682,0.93952036,1
0.0936634,0.90633655,1
0.12376016,0.8762398,1
0.028480442,0.9715196,1
0.1169274,0.8830726,1
0.1717486,0.8282514,0
0.46264434,0.53735566,0
0.9097372,0.090262726,0
0.9122425,0.08775755,0
0.92196923,0.07803074,0
0.9291964,0.07080355,0
0.24680044,0.7531996,1
0.92364454,0.07635543,0
0.93345654,0.06654349,0
0.94346184,0.056538098,0
0.9456817,0.05431828,0
0.94015193,0.059848122,0
0.9784707,0.02152929,0
0.9852474,0.014752659,0
0.09489268,0.9051073,1
0.076396585,0.9236035,1
0.07582451,0.9241755,1
0.17645876,0.8235412,1
0.354726,0.64527404,1
0.1548199,0.84518015,1
0.92893064,0.07106929,0
0.89588755,0.10411246,0
0.17751783,0.8224821,1
0.07998789,0.9200121,1
0.18680151,0.81319845,1
0.11488509,0.88511485,1
0.086496405,0.9135035,1
0.049163297,0.95083666,1
0.1823123,0.8176877,0
0.11324038,0.88675964,1
0.11482489,0.8851751,0
0.09066231,0.90933776,1
0.19249427,0.80750567,0
0.28801054,0.7119894,0
0.30785677,0.69214326,0
0.56437397,0.43562603,0
0.45455343,0.54544663,0
0.3187729,0.6812271,0
0.2699598,0.73004013,0
0.19047649,0.8095235,0
0.098003805,0.9019962,1
0.21701865,0.7829814,0
0.24997993,0.7500201,0
0.24667133,0.7533287,0
0.032367185,0.9676328,1
0.06341283,0.9365872,1
0.074449286,0.92555076,1
0.10368477,0.8963152,1
0.08191341,0.91808665,1
0.0025533107,0.99744666,1
0.0007655841,0.99923444,1
0.0004474632,0.99955255,1
3.5342902e-05,0.9999647,1
0.00020237995,0.99979764,1
0.005914039,0.9940859,1
3.9871566e-06,0.99999607,1
0.07192216,0.9280779,0
0.2818674,0.7181326,0
0.46285847,0.5371415,0
0.43813094,0.5618691,0
0.48207974,0.51792026,0
0.32558617,0.6744138,0
0.9548428,0.045157187,0
0.94957596,0.050424084,0
0.96113515,0.038864855,0
0.96465844,0.035341598,0
0.90522414,0.09477588,0
0.9652262,0.034773827,0
0.980309,0.019690955,0
0.9257056,0.07429443,0
0.9457658,0.05423417,0
0.94405293,0.055947073,0
0.9282926,0.07170736,0
0.93927926,0.06072074,0
0.93440616,0.06559382,0
0.1568428,0.8431572,1
0.9536547,0.046345342,0
0.8996108,0.10038916,0
0.15604812,0.8439519,1
0.92657554,0.0734245,0
0.91171664,0.08828334,0
0.9087072,0.09129278,0
0.77191913,0.22808088,1
0.9254364,0.07456361,0
0.94016236,0.059837613,0
0.90981966,0.09018036,0
0.98477596,0.015224024,0
0.2677732,0.7322268,1
0.9189568,0.081043206,0
0.908157,0.091842994,0
0.9182059,0.081794105,0
0.93680423,0.06319577,0
0.93516046,0.06483959,0
0.9055509,0.09444909,0
0.9340056,0.06599434,0
0.9231611,0.07683887,0
0.97874886,0.02125117,0
0.63753754,0.3624625,1
0.26160723,0.7383928,1
0.9440131,0.05598696,0
0.9620367,0.03796333,0
0.96173143,0.038268622,0
0.9706315,0.029368477,0
0.9720767,0.02792332,0
0.9767369,0.023263158,0
0.98224854,0.017751383,0
0.98414534,0.015854599,0
0.9702153,0.029784666,0
0.93348813,0.066511914,0
0.93279743,0.067202576,0
0.2812588,0.71874124,1
0.21132694,0.78867304,1
0.96013993,0.039860047,0
0.98090106,0.01909895,0
0.14399444,0.85600555,1
0.8241904,0.17580965,0
0.86363524,0.13636482,0
0.105151355,0.8948486,1
0.79091436,0.20908563,0
0.966809,0.033191,0
0.9619778,0.03802224,0
0.9489234,0.0510766,0
0.9488382,0.051161833,0
0.88034475,0.119655214,0
0.89237523,0.107624754,0
0.9359335,0.06406653,0
0.9104353,0.089564696,0
0.9672499,0.03275016,0
0.9597362,0.040263824,0
0.90087205,0.09912792,0
0.95214665,0.047853336,0
0.62032163,0.3796784,1
0.9804695,0.019530471,0
0.9073213,0.09267872,0
0.9193127,0.08068731,0
0.9339541,0.066045865,0
0.9238926,0.07610732,0
0.9275999,0.072400026,0
0.9373286,0.062671445,0
0.94870234,0.051297646,0
0.89002126,0.10997873,0
0.9806802,0.019319767,0
0.9079135,0.09208649,0
0.8976165,0.10238347,0
0.9152934,0.08470662,0
0.9166947,0.083305284,0
0.9201528,0.07984724,0
0.9284459,0.07155411,0
0.45656946,0.54343057,1
0.92039865,0.07960133,0
0.97824997,0.021749977,0
0.9854962,0.014503743,0
0.6572583,0.3427417,1
0.6297907,0.37020934,1
0.5708318,0.4291682,1
0.8397622,0.16023785,0
0.82616246,0.17383756,0
0.8772863,0.12271375,0
0.83895105,0.16104892,0
0.83900553,0.1609945,0
0.8973357,0.102664344,0
0.87315935,0.12684064,0
0.9622073,0.03779265,0
0.08119335,0.9188066,1
0.08677192,0.9132281,1
0.954371,0.04562899,0
0.96051824,0.03948174,0
0.11155727,0.88844275,1
0.94044673,0.05955328,0
0.73763067,0.26236933,0
0.7285798,0.27142018,0
0.9614274,0.038572583,0
0.9834788,0.016521186,0
0.8232741,0.1767259,0
0.20257308,0.797427,1
0.9565667,0.043433335,0
0.19342293,0.8065771,1
0.16147873,0.8385213,1
0.8633561,0.13664389,0
0.8999095,0.100090526,0
0.92926735,0.070732646,0
0.8196697,0.18033034,0
0.41346747,0.58653253,1
0.42035127,0.57964873,1
0.06157837,0.9384216,1
0.06894822,0.9310518,1
0.07249185,0.9275081,1
0.10695925,0.8930408,1
0.14240746,0.8575925,1
0.062460575,0.93753946,1
0.00013397777,0.999866,1
0.004124211,0.9958758,1
0.66091716,0.33908278,0
0.96359634,0.03640366,0
0.97634435,0.023655659,0
0.83526474,0.16473529,0
0.578605,0.42139497,0
0.9280444,0.07195557,0
0.9302682,0.06973175,0
0.080818705,0.9191812,1
0.08384368,0.91615635,1
0.933453,0.066546984,0
0.03669271,0.96330726,1
0.49961466,0.5003853,0
0.34708175,0.6529183,0
0.34969637,0.65030366,0
0.48265284,0.51734716,0
0.49546883,0.5045312,0
0.32625273,0.6737473,0
0.36776105,0.6322389,0
0.15370123,0.84629875,1
0.113019206,0.8869808,1
0.12176566,0.8782343,1
0.15430866,0.84569126,0
0.45670304,0.54329693,0
0.52975756,0.47024244,0
0.9860054,0.013994583,0
0.13253927,0.8674607,0
0.0468379,0.9531621,1
0.02508309,0.9749169,1
0.11831241,0.88168764,0
0.14332564,0.8566743,0
0.0288925,0.9711075,1
0.17330615,0.82669383,0
0.12156729,0.8784327,0
0.59611034,0.40388966,0
0.1103731,0.8896269,0
0.29608694,0.7039131,0
0.5962958,0.40370417,0
0.59970117,0.40029877,0
0.54694206,0.45305791,0
0.49742427,0.50257564,0
0.49437514,0.5056249,0
0.14977844,0.8502216,1
0.09339851,0.90660155,1
0.9836241,0.01637585,0
0.98678696,0.013213051,0
0.65150374,0.34849623,0
0.3746528,0.6253472,0
0.08319876,0.9168012,1
0.78547394,0.21452606,0
0.7023519,0.29764798,0
0.42902032,0.5709797,0
0.71847385,0.2815262,0
0.52867204,0.471328,0
0.8562111,0.14378884,0
0.7836409,0.21635914,0
0.64290476,0.3570952,0
0.6170797,0.38292032,0
0.665655,0.33434495,0
0.07568672,0.9243133,1
0.71846586,0.28153408,0
0.898464,0.101536,0
0.98212814,0.017871892,0
0.31782717,0.68217283,1
0.17869106,0.8213089,1
0.21523032,0.7847697,1
0.0012868679,0.99871314,1
0.0031128342,0.99688715,1
0.087666206,0.9123338,1
0.08503514,0.91496485,1
0.089613624,0.9103864,1
0.06602322,0.9339768,1
0.45595145,0.5440486,0
0.50363106,0.49636894,0
0.5233078,0.47669217,0
0.30992588,0.6900741,0
0.45574367,0.5442563,0
0.26284745,0.7371525,0
0.29873046,0.7012696,1
0.2907625,0.70923746,1
0.88941044,0.11058957,0
0.9331074,0.066892676,0
0.9355673,0.06443275,0
0.93411463,0.06588534,0
0.93826765,0.061732408,0
0.94156885,0.05843122,0
0.93148965,0.068510376,0
0.94761753,0.05238248,0
0.95362663,0.046373367,0
0.83182746,0.16817255,1
0.9866349,0.013365014,0
0.88178474,0.11821528,1
0.28432506,0.7156749,1
0.839618,0.16038191,1
0.84573144,0.15426861,1
0.9398476,0.060152363,0
0.9442288,0.05577119,0
0.94699824,0.053001754,0
0.9466568,0.05334316,0
0.94756263,0.052437358,0
0.916017,0.083983034,1
0.9063853,0.093614645,1
0.8670434,0.13295668,0
0.9211743,0.07882579,0
0.9340672,0.06593285,0
0.48233837,0.51766163,1
0.8176849,0.1823151,1
0.81485903,0.18514095,1
0.42221108,0.57778895,1
0.44012734,0.5598727,1
0.57188255,0.42811748,1
0.0896663,0.91033363,1
0.47172093,0.52827907,1
0.56863016,0.4313699,1
0.65387756,0.3461225,0
0.9834094,0.016590556,0
0.98621887,0.013781152,0
0.9854673,0.014532691,0
0.9828335,0.017166415,0
0.4079763,0.59202373,1
0.4819744,0.51802564,1
0.564241,0.435759,1
0.5299026,0.47009748,1
0.38828194,0.611718,1
0.747027,0.25297302,0
0.94288623,0.057113793,0
0.9822912,0.01770879,0
0.9846539,0.015346099,0
0.5018719,0.4981281,1
0.41955027,0.5804497,1
0.7742853,0.22571465,0
0.28104618,0.71895385,1
0.39278656,0.60721344,1
0.7391629,0.260837,0
0.74674934,0.25325066,0
0.2490887,0.7509113,1
0.21874829,0.78125167,1
0.8424175,0.15758248,0
0.4939199,0.50608015,1
0.58946884,0.41053113,1
0.5778067,0.4221933,1
0.5591869,0.44081315,1
0.07815713,0.9218429,1
0.0938054,0.90619457,1
0.2661166,0.7338834,1
0.40826875,0.59173125,1
0.5303696,0.46963042,0
0.39200327,0.6079967,0
0.38003913,0.61996084,0
0.19850893,0.801491,1
0.4614674,0.5385327,0
0.17279509,0.8272049,1
0.45432776,0.5456723,0
0.48577654,0.51422346,0
0.16713277,0.83286726,1
0.41446084,0.58553916,0
0.5500552,0.44994476,0
0.47350615,0.5264939,0
0.7762826,0.2237174,0
0.39415917,0.60584086,1
0.40599838,0.59400165,1
0.34650365,0.6534963,1
0.34562972,0.65437025,1
0.3322668,0.6677332,1
0.24231751,0.75768256,1
0.7588343,0.24116571,0
0.7330086,0.26699138,0
0.66300625,0.33699384,0
0.75747156,0.24252844,0
0.9304497,0.06955033,0
0.80587846,0.19412157,0
0.74573725,0.2542628,0
0.39558658,0.60441345,1
0.7017667,0.2982333,0
0.73692584,0.26307416,0
0.83064884,0.1693512,0
0.07061428,0.9293858,1
0.07211737,0.9278826,1
0.27167538,0.7283246,1
0.2692128,0.73078716,1
0.08320149,0.9167985,1
0.3896322,0.6103678,1
0.3826923,0.6173077,1
0.74602884,0.25397116,0
0.9831082,0.01689179,0
0.98029137,0.019708656,0
0.9759528,0.024047224,0
0.2991963,0.70080376,1
0.23550564,0.7644943,1
0.7227287,0.27727127,0
0.7211758,0.2788242,0
0.37105665,0.6289433,1
0.9830499,0.016950108,0
0.98351455,0.01648543,0
0.8973581,0.102641895,0
0.75849384,0.24150613,0
0.4824976,0.51750237,1
0.48290536,0.5170947,1
0.4096495,0.5903505,1
0.5845523,0.41544768,0
0.06836515,0.93163484,1
0.0035462051,0.99645376,1
0.38808417,0.61191577,1
0.18739624,0.8126038,1
0.62006605,0.37993398,0
0.4434973,0.5565027,0
0.18122175,0.8187782,1
0.859701,0.14029896,0
0.85737514,0.14262486,0
0.85141414,0.14858583,0
0.5524253,0.44757473,0
0.6147976,0.3852024,1
0.5779839,0.42201602,1
0.76669574,0.2333043,0
0.79974693,0.20025301,0
0.877518,0.12248197,0
0.10911442,0.8908856,1
0.5878069,0.4121931,1
0.08890307,0.91109693,1
0.47187635,0.5281236,1
0.14894073,0.8510593,1
0.5424609,0.45753905,1
0.16350222,0.8364978,1
0.18634519,0.81365484,1
0.95675087,0.04324918,0
0.47364834,0.5263517,0
0.17903833,0.8209616,1
0.20465876,0.79534125,1
0.50276536,0.49723464,0
0.26897803,0.731022,1
0.48176202,0.51823795,0
0.629346,0.37065405,0
0.50376934,0.49623066,0
0.12339514,0.87660486,1
0.49205235,0.5079477,0
0.3238681,0.6761319,1
0.117588006,0.88241196,1
0.13519286,0.8648072,1
0.10589405,0.8941059,1
0.09145375,0.9085463,1
0.08926754,0.91073245,1
0.07316766,0.9268323,1
0.112913206,0.8870868,1
0.93788904,0.062110938,0
0.91454077,0.08545924,0
0.33716708,0.6628329,0
0.98054427,0.01945576,0
0.9718624,0.028137637,0
0.93855035,0.061449684,0
0.90144175,0.09855819,0
0.9277976,0.07220236,0
0.96649617,0.033503845,0
0.94286484,0.057135224,0
0.89852077,0.10147919,0
0.8979709,0.10202913,0
0.9592746,0.040725343,0
0.98764986,0.01235018,0
0.98723745,0.012762516,0
0.9822167,0.017783314,0
0.9799662,0.020033706,0
0.9658291,0.034170907,0
0.83870083,0.16129915,0
0.8864086,0.1135913,0
0.9851533,0.014846742,0
0.9854613,0.014538674,0
0.9840247,0.015975283,0
0.19598751,0.8040125,1
0.03723034,0.9627696,1
0.074697144,0.92530286,1
0.033583596,0.96641636,1
0.025659695,0.97434026,1
0.020399962,0.9796,1
0.36820135,0.6317986,1
0.047701865,0.95229816,1
0.050443184,0.9495568,1
0.5337433,0.4662567,0
0.3038605,0.6961395,1
0.94051945,0.059480537,0
0.9339756,0.06602439,0
0.5359831,0.4640169,0
0.20910381,0.7908962,1
0.012545646,0.9874543,1
0.021107687,0.9788923,1
0.026375875,0.9736241,1
0.30949515,0.69050485,1
0.563015,0.43698502,0
0.07074709,0.9292529,1
0.27986464,0.7201354,1
0.432537,0.567463,0
0.4579214,0.5420786,0
0.56880766,0.4311924,0
0.14321117,0.8567889,1
0.3573538,0.64264613,0
0.3540178,0.6459822,0
0.13502197,0.864978,1
0.34232512,0.6576749,0
0.13438588,0.8656142,1
0.36804727,0.63195276,0
0.22846173,0.7715383,0
0.38305753,0.6169424,0
0.40570137,0.59429866,0
0.90887094,0.09112903,0
0.8977633,0.10223667,0
0.30535647,0.69464356,1
0.9788118,0.02118823,0
0.3926198,0.6073802,1
0.90869105,0.0913089,0
0.94440603,0.055594027,0
0.3796802,0.6203199,1
0.4495201,0.5504799,1
0.90328383,0.09671622,0
0.3015725,0.69842756,1
0.9420969,0.057903074,0
0.49621952,0.5037804,1
0.88678664,0.11321332,0
0.69485873,0.30514124,0
0.1989959,0.8010042,1
0.34663498,0.653365,1
0.5376619,0.46233803,1
0.057384245,0.94261575,1
0.98298633,0.017013645,0
0.8934316,0.10656843,0
0.7948013,0.20519866,0
0.7411175,0.25888246,0
0.38611102,0.61388904,0
0.28957903,0.71042097,1
0.31982276,0.6801772,1
0.38863507,0.61136496,1
0.044767585,0.9552324,1
0.045866862,0.95413315,1
0.08244502,0.917555,1
0.11812528,0.8818747,1
0.98277986,0.017220085,0
0.98342496,0.016575066,0
0.98264873,0.017351257,0
0.92839134,0.071608625,0
0.92030656,0.079693414,0
0.92314667,0.07685338,0
0.9277255,0.07227456,0
0.9104268,0.089573145,0
0.9030731,0.09692695,0
0.31780955,0.6821904,1
0.2786667,0.7213333,1
0.09377295,0.9062271,1
0.046613168,0.9533869,1
0.04330342,0.9566965,1
0.1564832,0.8435168,1
0.89362556,0.10637446,0
0.7732699,0.22673008,0
0.0012471504,0.99875283,1
0.099356204,0.90064377,1
0.12730832,0.87269163,1
0.17086129,0.82913876,1
0.1604064,0.8395936,1
0.14828837,0.8517116,1
0.06686016,0.93313986,1
0.6056791,0.39432094,0
0.73943305,0.26056695,0
0.74631476,0.2536852,0
0.095236935,0.9047631,1
0.21910028,0.78089976,1
0.11150964,0.8884904,1
0.765704,0.234296,0
0.22218558,0.77781445,1
0.6332729,0.36672714,0
0.9481147,0.051885244,0
0.98071474,0.019285334,0
0.94870424,0.051295757,0
0.033010572,0.9669894,1
0.18309107,0.8169089,1
0.12132854,0.87867147,1
0.14881226,0.8511877,1
0.14904863,0.8509514,1
0.65246844,0.34753153,0
0.70682144,0.29317853,0
0.9542721,0.045727927,0
0.96089536,0.039104585,0
0.96149576,0.03850426,0
0.9279662,0.07203388,0
0.93084514,0.06915483,0
0.92996275,0.07003725,0
0.920832,0.07916807,0
0.982979,0.017020967,0
0.90469176,0.09530817,0
0.9377864,0.062213615,0
0.6379777,0.3620223,1
0.9667299,0.033270147,0
0.66773885,0.33226115,1
0.95439816,0.04560189,0
0.95909965,0.040900327,0
0.9796244,0.020375557,0
0.98685825,0.013141788,0
0.98813814,0.011861876,0
0.9845634,0.015436578,0
0.9826189,0.01738112,0
0.9774485,0.022551456,0
0.8969869,0.10301315,0
0.91877955,0.08122045,0
0.96318066,0.03681931,0
0.9626681,0.037331935,0
0.5219662,0.47803372,1
0.8226208,0.17737925,0
0.83636224,0.16363777,0
0.9163786,0.0836214,0
0.9818525,0.018147476,0
0.98310006,0.016899902,0
0.9828864,0.017113607,0
0.9819781,0.018021917,0
0.49583414,0.50416577,1
0.9163093,0.08369071,0
0.92273027,0.077269755,0
0.09895786,0.90104216,1
0.07795293,0.9220471,1
0.90623033,0.093769684,0
0.9173502,0.08264977,0
0.98132485,0.018675156,0
0.9787133,0.021286776,0
0.9521225,0.047877517,0
0.94995445,0.050045498,0
0.96594405,0.034055986,0
0.9727021,0.027297871,0
0.96224827,0.037751775,1
0.9335723,0.06642768,0
0.94274044,0.057259575,0
0.9434599,0.056540005,0
0.9395817,0.060418308,0
0.92100537,0.07899463,1
0.94388777,0.05611219,0
0.9495868,0.050413154,0
0.93586344,0.064136624,1
0.9485748,0.051425233,0
0.98238796,0.017612062,0
0.9855591,0.014440916,0
0.4976241,0.5023759,1
0.35084152,0.64915854,1
0.9283134,0.071686655,0
0.95137584,0.04862413,0
0.28370503,0.716295,1
0.19058414,0.8094159,1
0.9366422,0.06335783,0
0.9260859,0.0739141,0
0.92697036,0.073029675,0
0.9484616,0.05153835,0
0.9744803,0.025519753,0
0.98562235,0.014377686,0
0.98885566,0.011144382,0
0.98417217,0.015827881,0
0.80716056,0.1928395,0
0.5932549,0.40674505,1
0.44711983,0.55288017,1
0.23712668,0.76287335,1
0.44579008,0.55420995,1
0.4418879,0.5581122,1
0.2209278,0.77907217,1
0.23017155,0.76982844,1
0.25652656,0.7434735,1
0.6242845,0.3757155,1
0.934696,0.06530402,0
0.6214238,0.3785762,1
0.9712134,0.028786613,0
0.9820809,0.01791909,0
0.98760694,0.012393061,0
0.8503438,0.14965613,0
0.977285,0.02271494,0
0.90430313,0.09569689,0
0.34905922,0.65094084,1
0.33197096,0.668029,1
0.3290349,0.67096514,1
0.27695528,0.72304463,1
0.2846707,0.7153293,1
0.23970717,0.7602928,1
0.9708589,0.02914113,0
0.97805417,0.02194587,0
0.54810303,0.45189694,1
0.4296309,0.57036906,1
0.35116425,0.6488358,1
0.4146897,0.5853103,1
0.42821792,0.57178205,1
0.833331,0.16666903,0
0.8568755,0.1431245,0
0.93315375,0.06684621,0
0.9839624,0.016037565,0
0.8807717,0.11922825,0
0.9134629,0.08653713,0
0.89043367,0.10956634,0
0.8910038,0.10899628,0
0.9012592,0.09874075,0
0.88765615,0.112343825,0
0.9413424,0.058657564,0
0.8903556,0.109644376,0
0.13703535,0.86296463,1
0.51134366,0.48865628,1
0.5594094,0.44059062,1
0.7445233,0.2554767,1
0.45057672,0.5494233,1
0.45958668,0.5404133,1
0.567289,0.43271095,1
0.9386715,0.061328486,0
0.93516463,0.06483535,0
0.92384607,0.076154,0
0.91417754,0.085822456,0
0.4431923,0.55680776,1
0.73988235,0.26011762,1
0.9632307,0.03676927,0
0.58029026,0.41970974,1
0.8798421,0.12015794,0
0.9510396,0.048960328,0
0.944896,0.055103995,0
0.9457818,0.05421819,0
0.9494074,0.050592523,0
0.9543341,0.045665957,0
0.95864534,0.04135469,0
0.18859445,0.8114056,1
0.98833686,0.011663158,0
0.95018345,0.0498166,0
0.9548695,0.045130465,0
0.8731981,0.12680185,1
0.9290553,0.070944734,0
0.93075603,0.06924403,0
0.93463427,0.06536575,0
0.9438723,0.05612779,0
0.942452,0.05754795,0
0.90516573,0.09483423,0
0.9302608,0.06973918,0
0.7603471,0.2396529,1
0.8464861,0.15351385,1
0.86565393,0.13434613,0
0.93236643,0.06763362,0
0.8829616,0.11703848,0
0.9285364,0.071463615,0
0.8916603,0.10833969,0
0.9052034,0.094796605,0
0.90156007,0.09843993,0
0.92538196,0.07461801,0
0.848099,0.15190105,1
0.98755705,0.012442936,0
0.9833183,0.016681708,0
0.95029783,0.049702115,1
0.9681958,0.03180422,0
0.96959174,0.030408269,0
0.9670591,0.032940887,0
0.9894902,0.010509783,0
0.98452675,0.0154732475,0
0.9820118,0.01798815,0
0.97094774,0.02905227,0
0.96501553,0.034984507,0
0.9709998,0.029000213,0
0.89980245,0.100197606,0
0.8612294,0.13877058,0
0.9445532,0.055446837,0
0.98598635,0.014013624,0
0.97733593,0.022664038,1
0.89093477,0.10906525,1
0.8973903,0.10260968,1
0.88274634,0.11725364,0
0.80771935,0.1922807,1
0.5643808,0.43561915,1
0.53462666,0.4653733,1
0.32804948,0.6719505,1
0.5010113,0.49898872,1
0.5381634,0.46183667,1
0.936233,0.06376705,0
0.9351421,0.06485789,0
0.9386205,0.061379477,0
0.5092903,0.49070972,1
0.54978395,0.45021603,1
0.8905766,0.10942342,0
0.53910965,0.46089026,1
0.96779424,0.032205746,0
0.31167564,0.68832433,1
0.16967712,0.8303229,1
0.93719965,0.06280033,0
0.93777424,0.06222574,0
0.8785386,0.12146136,0
0.28971273,0.7102873,1
0.27319834,0.72680163,1
0.18523106,0.81476897,1
0.36121327,0.63878673,1
0.37060133,0.6293987,1
0.35951996,0.64048004,1
0.3219326,0.67806745,1
0.5493071,0.45069286,1
0.7801834,0.2198166,0
0.39477476,0.6052252,1
0.9314886,0.06851139,0
0.42116892,0.578831,1
0.2801236,0.71987647,1
0.21038567,0.7896144,1
0.38474554,0.6152545,1
0.39173007,0.60826993,1
0.728283,0.27171707,0
0.10324194,0.8967581,1
0.15079191,0.84920806,1
0.36779082,0.6322092,1
0.1447445,0.85525554,1
0.16101117,0.83898884,1
0.26101875,0.7389812,0
0.1086861,0.8913139,1
0.2027618,0.7972382,1
0.5609785,0.4390215,0
0.5603033,0.4396967,0
0.761856,0.238144,0
0.6544626,0.3455374,0
0.40509486,0.5949051,0
0.23985465,0.7601453,0
0.47389936,0.52610064,0
0.9096328,0.09036717,0
0.9535695,0.04643049,0
0.91070354,0.089296415,0
0.27632087,0.7236792,1
0.34167606,0.6583239,1
0.8724174,0.1275826,0
0.85469854,0.14530142,0
0.25787318,0.7421268,1
0.52787286,0.47212717,0
0.60083824,0.3991618,0
0.48266762,0.5173324,0
0.8935919,0.10640809,0
0.88204527,0.117954716,0
0.53402805,0.46597198,0
0.89084053,0.10915941,0
0.4642529,0.5357471,0
0.8863579,0.11364212,0
0.6222127,0.37778732,0
0.86543196,0.134568,0
0.6979621,0.30203792,0
0.20020874,0.7997912,1
0.07418027,0.9258197,1
0.0836065,0.9163936,1
0.1270031,0.8729969,1
0.968157,0.031842977,0
0.8945695,0.10543055,0
0.9481254,0.05187461,0
0.9554374,0.044562522,0
0.9221947,0.07780528,0
0.43886632,0.56113374,1
0.7572814,0.24271853,0
0.90103006,0.09896995,0
0.97193223,0.02806777,0
0.6134282,0.38657176,0
0.94171757,0.05828246,0
0.29062566,0.7093743,1
0.22307959,0.77692044,1
0.22676499,0.773235,1
0.2884952,0.71150476,1
0.46818018,0.5318198,1
0.9245705,0.075429425,0
0.9826584,0.01734155,0
0.5764473,0.42355266,1
0.98308253,0.01691745,0
0.93524176,0.06475823,0
0.91105664,0.08894332,0
0.5553866,0.4446134,1
0.93190056,0.068099424,0
0.9296679,0.070332125,0
0.98543173,0.014568195,0
0.9397079,0.06029206,1
0.92284983,0.07715022,1
0.92846704,0.07153295,0
0.94759387,0.052406102,0
0.9307294,0.06927058,0
0.9298711,0.07012893,0
0.9391762,0.060823858,0
0.94765663,0.052343417,0
0.9374066,0.06259338,1
0.9377143,0.06228578,1
0.9514945,0.048505463,1
0.95654416,0.0434559,1
0.8729761,0.12702394,0
0.96126336,0.038736675,0
0.9879736,0.012026452,0
0.9800442,0.019955749,0
0.51714236,0.48285758,1
0.94748515,0.052514914,0
0.31473792,0.6852621,1
0.83222044,0.16777956,0
0.9750583,0.024941687,0
0.97821635,0.021783626,0
0.9639759,0.03602405,0
0.00713126,0.9928687,1
0.0066341455,0.9933658,1
0.012699203,0.98730075,1
0.012266694,0.98773336,1
0.0031043934,0.99689555,1
0.0016815516,0.99831843,1
0.009150766,0.99084926,1
0.9710071,0.02899293,0
0.9637533,0.036246724,0
0.1019269,0.8980731,1
0.21288843,0.7871115,0
0.13500525,0.8649947,1
0.26442528,0.7355748,1
0.04002804,0.9599719,1
0.31416926,0.6858307,1
0.66506803,0.33493194,0
0.5202772,0.47972283,0
0.7286097,0.2713903,0
0.81298256,0.1870174,0
0.27526554,0.7247344,1
0.36825764,0.63174236,1
0.37616533,0.6238346,1
0.9430761,0.05692391,0
0.7348996,0.2651005,0
0.26393205,0.73606795,1
0.7731118,0.22688824,0
0.79613096,0.20386909,0
0.84666556,0.15333445,0
0.8584597,0.14154029,0
0.5875915,0.41240844,1
0.18517683,0.8148232,1
0.18186337,0.81813663,1
0.15192182,0.84807825,1
0.1496744,0.8503256,1
0.16242613,0.8375739,1
0.17369723,0.8263028,1
0.14661023,0.85338974,1
0.1656404,0.8343596,1
0.17235208,0.8276479,1
0.9225481,0.077451855,0
0.60259473,0.39740527,0
0.87703574,0.122964345,0
0.50682485,0.49317515,0
0.516995,0.48300493,0
0.6079842,0.39201587,0
0.60761285,0.39238715,0
0.69367105,0.30632892,0
0.7020051,0.29799488,0
0.89841706,0.10158299,0
0.5880903,0.4119097,1
0.60243595,0.39756405,1
0.54851407,0.45148593,1
0.551919,0.448081,1
0.98506004,0.014939982,0
0.5565081,0.44349185,1
0.5751539,0.4248461,1
0.4221064,0.5778936,1
0.74241656,0.25758338,0
0.951252,0.04874796,0
0.43433064,0.5656694,1
0.8701892,0.12981087,0
0.98882663,0.0111733405,0
0.9882146,0.011785394,0
0.9762674,0.023732575,0
0.6603973,0.33960268,1
0.44481575,0.5551843,1
0.968661,0.03133896,0
0.9837896,0.016210414,0
0.80319655,0.19680348,1
0.0690194,0.93098056,1
0.47929227,0.52070767,1
0.5813599,0.41864008,1
0.7524547,0.24754529,1
0.5091884,0.49081156,1
0.7797755,0.22022453,1
0.9824603,0.01753968,0
0.97945535,0.020544665,0
0.98425114,0.015748926,0
0.9835892,0.016410852,0
0.98191154,0.018088467,0
0.568439,0.431561,1
0.62550193,0.3744981,1
0.7584666,0.24153341,1
0.4176797,0.5823203,1
0.6114552,0.3885448,1
0.664201,0.33579892,1
0.9823323,0.017667687,0
0.68013686,0.3198632,1
0.93681556,0.06318451,0
0.93604034,0.06395968,0
0.9368333,0.06316669,0
0.93373996,0.06625996,0
0.9385246,0.061475445,0
0.94665176,0.05334823,0
0.9611561,0.038843907,0
0.9541361,0.045863863,0
0.9485073,0.051492684,0
0.95241463,0.047585376,0
0.9620751,0.037924916,0
0.96599036,0.03400971,0
0.9265469,0.07345312,0
0.97530794,0.024692038,0
0.98697495,0.013025112,0
0.9411221,0.05887788,0
0.9267121,0.07328788,0
0.92960083,0.07039919,0
0.92891717,0.071082816,0
0.9347233,0.06527669,0
0.938587,0.061413035,0
0.9464292,0.053570814,0
0.94627696,0.053723037,0
0.9808945,0.019105453,0
0.48335022,0.5166498,1
0.092290275,0.9077098,1
0.7718468,0.2281533,0
0.5921606,0.4078394,1
0.9276663,0.07233376,0
0.9159746,0.08402538,0
0.44579872,0.55420125,0
0.17315568,0.8268443,1
0.07182634,0.92817366,1
0.011223269,0.98877674,1
0.11354364,0.8864563,1
0.25715703,0.742843,1
0.26233608,0.7376639,1
0.752422,0.24757802,0
0.7532152,0.24678482,0
0.73696893,0.26303104,0
0.59149224,0.40850776,0
0.43725762,0.56274235,0
0.20588945,0.79411054,1
0.31725097,0.68274903,0
0.056965936,0.9430341,1
0.041543316,0.95845664,1
0.06703997,0.93296,1
0.33104086,0.6689591,1
0.3562021,0.6437979,1
0.70087975,0.29912028,0
0.9834268,0.016573193,0
0.94576967,0.05423037,0
0.112435155,0.88756484,1
0.14324476,0.85675526,1
0.031177409,0.96882266,1
0.036939126,0.9630609,1
0.09649627,0.9035037,1
0.106544465,0.89345556,1
0.62151605,0.37848392,0
0.15520054,0.8447994,1
0.6408982,0.35910174,0
0.14253297,0.857467,1
0.12756002,0.87244,1
0.4574602,0.54253983,0
0.09315857,0.90684146,1
0.09397839,0.90602165,1
0.7264563,0.27354372,0
0.46061942,0.5393806,0
0.42226127,0.5777387,0
0.19125174,0.80874825,1
0.8141031,0.18589684,0
0.83463025,0.16536975,0
0.89717597,0.10282402,0
0.72063214,0.27936783,0
0.2969881,0.70301193,1
0.41626576,0.5837343,1
0.4301776,0.56982243,1
0.4848824,0.5151175,0
0.5588446,0.4411554,0
0.48813057,0.5118695,1
0.57843715,0.42156282,0
0.42425138,0.57574856,1
0.7588771,0.24112292,0
0.91955596,0.08044402,0
0.42119974,0.57880026,1
0.4884639,0.51153606,1
0.57296455,0.42703542,0
0.33231837,0.66768163,1
0.60713243,0.39286754,0
0.71339864,0.28660136,0
0.74916846,0.25083148,0
0.9208699,0.079130165,0
0.524252,0.4757479,1
0.54734206,0.45265794,0
0.6215435,0.3784565,0
0.9602639,0.03973615,0
0.87883663,0.12116338,0
0.96074694,0.039253067,0
0.972821,0.027178995,0
0.4340215,0.56597847,1
0.9453848,0.054615255,0
0.94826543,0.051734615,0
0.94693017,0.053069852,0
0.505847,0.49415296,1
0.49609292,0.503907,1
0.514105,0.48589498,1
0.9508177,0.04918228,0
0.5029135,0.4970865,1
0.18695915,0.8130409,1
0.267019,0.73298097,1
0.84352916,0.15647087,0
0.6883601,0.3116399,0
0.38039607,0.619604,1
0.3652898,0.6347102,1
0.6462861,0.35371396,0
0.24336249,0.75663745,1
0.18947464,0.8105253,1
0.36527523,0.6347247,1
0.596009,0.403991,0
0.7835044,0.21649557,0
0.45222297,0.547777,1
0.45950976,0.54049027,0
0.8498544,0.15014558,0
0.8533517,0.1466483,0
0.8433352,0.15666476,0
0.71013206,0.289868,0
0.5892201,0.4107798,0
0.48796496,0.5120351,1
0.39232373,0.6076763,1
0.648859,0.35114092,0
0.63326204,0.36673802,0
0.47607753,0.52392244,0
0.41204402,0.587956,1
0.17273493,0.827265,1
0.2913638,0.70863616,1
0.4691884,0.53081155,1
0.20379601,0.79620403,1
0.15551654,0.84448344,1
0.4440508,0.5559492,0
0.3614307,0.6385693,0
0.5501969,0.44980302,0
0.5650179,0.43498215,0
0.5355976,0.46440238,0
0.81384856,0.18615147,0
0.59633917,0.40366086,0
0.597521,0.40247902,0
0.59236854,0.40763146,0
0.6119678,0.3880322,0
0.63446146,0.3655385,0
0.7998315,0.20016852,0
0.84961057,0.15038936,0
0.85981536,0.14018458,0
0.4728858,0.5271143,1
0.60374093,0.3962591,0
0.61143214,0.38856784,0
0.57669306,0.4233069,1
0.858157,0.141843,0
0.7998941,0.20010588,0
0.8866648,0.1133352,0
0.9257072,0.074292734,0
0.7379048,0.2620952,0
0.15489455,0.84510547,1
0.08661249,0.91338754,1
0.06762001,0.93238,1
0.4337909,0.56620914,0
0.9182475,0.0817525,0
0.77304083,0.22695914,0
0.97658145,0.0234186,0
0.7993933,0.20060663,0
0.36274058,0.63725936,1
0.83573765,0.16426232,0
0.9691712,0.030828781,0
0.9858547,0.01414529,0
0.84686863,0.15313137,0
0.96251845,0.03748162,0
0.81969166,0.1803084,0
0.75864893,0.2413511,0
0.75342065,0.24657936,0
0.75402546,0.24597453,0
0.90101177,0.09898819,0
0.9321648,0.067835175,0
0.95926946,0.040730495,0
0.964711,0.035288945,0
0.92803127,0.07196873,1
0.9675444,0.03245555,0
0.985926,0.014074011,0
0.9113855,0.08861451,0
0.87450653,0.12549347,0
0.88452345,0.11547651,0
0.88671374,0.113286234,0
0.88432163,0.115678355,0
0.88573366,0.114266366,0
0.9029795,0.09702051,0
0.90797454,0.09202541,1
0.9023924,0.09760762,1
0.97700715,0.022992771,0
0.96132517,0.03867481,1
0.9641364,0.03586357,0
0.9473374,0.052662674,1
0.98494935,0.015050585,0
0.9903286,0.009671376,0
0.886501,0.11349896,0
0.82110167,0.17889833,1
0.8534144,0.14658557,1
0.22323139,0.77676857,1
0.93028593,0.069713995,0
0.9482782,0.051721856,0
0.9495226,0.050477337,0
0.975684,0.02431604,0
0.79455906,0.20544091,1
0.94228244,0.057717543,0
0.46478376,0.5352163,1
0.9029168,0.0970832,0
0.94379205,0.056207918,0
0.8936879,0.10631207,0
0.44644585,0.5535542,1
0.69282436,0.30717564,1
0.9434183,0.056581672,0
0.3447259,0.6552741,1
0.88488024,0.11511974,0
0.55307806,0.4469219,1
0.30597484,0.69402516,1
0.2928424,0.70715755,1
0.5198932,0.48010683,1
0.46624485,0.53375524,1
0.9708827,0.029117342,0
0.16190375,0.8380962,1
0.34556025,0.6544398,1
0.31939834,0.68060166,1
0.08262045,0.9173795,1
0.09435733,0.9056427,1
0.10415872,0.8958413,1
0.117071986,0.882928,1
0.45606956,0.5439305,1
0.91994727,0.080052786,0
0.19955516,0.80044484,1
0.5705798,0.4294202,1
0.68355304,0.316447,0
0.78199345,0.2180066,0
0.21801361,0.78198636,1
0.84414464,0.15585534,0
0.8464998,0.15350024,0
0.787637,0.21236302,0
0.955625,0.044375066,0
0.92344046,0.07655957,0
0.9606412,0.039358836,0
0.97640467,0.023595283,0
0.9785839,0.021416089,0
0.9742365,0.025763497,0
0.30372483,0.6962752,1
0.28800648,0.7119935,1
0.944434,0.05556598,0
0.7566144,0.24338558,0
0.8923011,0.10769892,0
0.8706457,0.12935428,0
0.8935557,0.10644425,0
0.9351275,0.06487245,0
0.94608754,0.05391252,0
0.91170156,0.088298425,0
0.97138965,0.028610358,0
0.9067145,0.09328545,1
0.55633175,0.44366828,1
0.48944166,0.5105583,1
0.24060485,0.7593952,1
0.7927546,0.20724541,0
0.4526875,0.54731256,1
0.24514088,0.75485915,1
0.86662126,0.13337868,0
0.88363475,0.11636528,0
0.98296505,0.017034901,0
0.9453935,0.05460649,0
0.8298682,0.17013177,0
0.83390206,0.16609786,0
0.85287577,0.14712422,0
0.9210581,0.07894181,0
0.9227824,0.077217616,0
0.9518837,0.04811637,0
0.92105013,0.07894988,0
0.87503695,0.12496313,1
0.97176176,0.028238295,0
0.97789735,0.022102676,0
0.19453758,0.80546236,1
0.23799609,0.76200396,1
0.4649169,0.5350831,1
0.41589442,0.5841056,1
0.5312563,0.4687437,1
0.8505874,0.1494126,0
0.60411733,0.39588264,0
0.4579118,0.54208815,0
0.46598148,0.5340185,0
0.4862552,0.5137447,1
0.76185894,0.23814104,0
0.4995517,0.5004483,1
0.8686037,0.13139625,0
0.37488636,0.62511367,1
0.5877957,0.41220433,1
0.8920033,0.10799668,0
0.8904747,0.109525345,0
0.95571166,0.0442884,0
0.9743645,0.0256355,0
0.9889043,0.011095733,0
0.98371327,0.016286789,0
0.9893115,0.010688482,0
0.9732463,0.026753783,0
0.9656109,0.034389094,0
0.8997139,0.10028621,0
0.93403673,0.06596326,0
0.95256346,0.047436573,0
0.9567105,0.043289497,0
0.9155577,0.08444231,0
0.98554754,0.0144524705,0
0.54233676,0.45766324,1
0.538785,0.46121502,1
0.86310506,0.13689487,0
0.49120787,0.50879216,1
0.06931234,0.93068767,1
0.36753184,0.6324681,1
0.26754293,0.73245704,1
0.5138945,0.48610547,1
0.1711059,0.8288941,1
0.97870094,0.021299105,0
0.90640765,0.093592376,0
0.943662,0.05633795,0
0.78119254,0.2188075,0
0.91338676,0.08661326,0
0.89382327,0.106176704,0
0.47018304,0.529817,1
0.7550042,0.24499579,0
0.9151105,0.08488943,0
0.93865377,0.061346218,0
0.9292925,0.07070756,0
0.93342113,0.06657891,0
0.96284354,0.037156403,0
0.85195243,0.14804758,1
0.7930123,0.20698766,1
0.46977398,0.53022605,1
0.74554086,0.25445917,1
0.5443701,0.4556299,1
0.9625444,0.037455574,0
0.93616545,0.06383459,0
0.831893,0.16810696,1
0.8276818,0.17231819,1
0.9832723,0.016727619,0
0.7190756,0.28092444,1
0.48379853,0.51620144,1
0.75030404,0.24969596,1
0.9766409,0.023359124,0
0.97569704,0.024302967,0
0.84676653,0.15323345,1
0.4565234,0.5434766,1
0.7873435,0.21265645,1
0.7571065,0.24289349,1
0.5513803,0.44861972,1
0.8511296,0.14887047,0
0.86849093,0.13150913,1
0.83882725,0.16117276,1
0.7450372,0.25496283,1
0.7872277,0.21277225,0
0.9394434,0.060556553,0
0.5185508,0.48144925,1
0.50388175,0.49611822,1
0.402029,0.59797096,1
0.42380053,0.5761995,1
0.55795264,0.44204736,1
0.40639183,0.59360814,1
0.60575616,0.3942438,1
0.9727798,0.027220227,0
0.98616844,0.013831605,0
0.9887537,0.011246342,0
0.8567012,0.1432988,0
0.3531708,0.6468292,1
0.33343732,0.6665627,1
0.338349,0.66165096,1
0.34987476,0.65012527,1
0.08268194,0.9173181,1
0.66475517,0.33524477,0
0.9826423,0.017357681,0
0.9563966,0.04360343,0
0.64506227,0.3549377,0
0.8232097,0.17679034,0
0.9271443,0.07285573,0
0.62593836,0.3740616,0
0.8164918,0.1835082,0
0.862945,0.13705504,0
0.87635684,0.123643115,0
0.9787548,0.02124519,0
0.90607226,0.09392779,1
0.48747241,0.5125276,1
0.5082109,0.49178907,1
0.96003807,0.039961923,0
0.73862946,0.26137054,1
0.6419434,0.35805663,1
0.7891063,0.21089372,0
0.8939663,0.10603363,0
0.97987616,0.020123823,0
0.96791625,0.03208368,0
0.4672974,0.5327026,1
0.5049259,0.49507406,1
0.70913714,0.2908629,1
0.7694289,0.2305711,1
0.9676597,0.032340273,0
0.8300035,0.16999653,0
0.9197535,0.08024646,1
0.899873,0.10012697,1
0.28166726,0.71833277,1
0.41494188,0.58505815,1
0.90282553,0.09717442,0
0.8840447,0.115955286,0
0.98808527,0.011914696,0
0.8089831,0.19101691,0
0.79014874,0.20985119,0
0.7291117,0.2708883,0
0.95586365,0.044136375,0
0.9429975,0.057002448,0
0.94643605,0.053564,0
0.80456924,0.19543079,0
0.5803138,0.41968617,1
0.6004063,0.3995937,1
0.709007,0.29099298,1
0.7207569,0.27924314,1
0.88212824,0.11787182,0
0.85639656,0.14360347,0
0.76712936,0.23287061,0
0.45397854,0.5460215,1
0.47973603,0.52026397,1
0.502136,0.497864,1
0.5892128,0.4107872,0
0.59430516,0.4056949,1
0.6186807,0.3813193,1
0.9832481,0.016751809,0
0.9702535,0.029746544,0
0.75819844,0.24180159,0
0.661659,0.33834106,1
0.07705816,0.9229418,1
0.051710125,0.9482899,1
0.1392185,0.86078155,1
0.2332741,0.76672584,1
0.20753121,0.7924688,1
0.260135,0.73986495,1
0.4384426,0.5615575,0
0.53046113,0.46953893,0
0.43995455,0.5600455,0
0.4116009,0.5883992,0
0.98001236,0.01998768,0
0.21527125,0.7847287,1
0.27044493,0.7295551,1
0.26314834,0.73685163,1
0.49397892,0.506021,0
0.8764313,0.12356874,0
0.23884158,0.7611584,1
0.34003046,0.65996945,1
0.33075497,0.669245,1
0.42083046,0.57916963,1
0.43124485,0.5687552,1
0.92895794,0.0710421,0
0.83126223,0.16873777,0
0.71226484,0.28773516,0
0.22258283,0.7774172,1
0.12031299,0.879687,1
0.81026345,0.18973656,0
0.7901813,0.20981869,0
0.42175946,0.5782406,1
0.9386959,0.061304055,0
0.96724695,0.03275302,0
0.35389137,0.6461086,1
0.85766584,0.14233424,0
0.2546529,0.74534714,1
0.7378509,0.26214904,0
0.42506626,0.5749337,1
0.33328438,0.6667156,1
0.19882002,0.80117995,1
0.30897862,0.6910214,1
0.33701143,0.66298854,1
0.34395942,0.65604067,1
0.62140083,0.37859914,0
0.45759314,0.54240686,0
0.48115617,0.5188438,0
0.82900035,0.17099972,0
0.7008531,0.2991469,0
0.21229836,0.7877016,1
0.19747038,0.80252963,1
0.3304828,0.6695172,1
0.38232258,0.61767745,0
0.4102209,0.5897791,1
0.094234906,0.9057651,1
0.09540785,0.90459216,1
0.0971093,0.9028906,1
0.21008414,0.78991586,1
0.3580318,0.64196825,1
0.9184809,0.0815191,0
0.5592445,0.44075558,0
0.055545714,0.9444543,1
0.115017846,0.88498217,1
0.14328809,0.8567119,1
0.13291125,0.8670888,1
0.12491425,0.8750858,1
0.23667969,0.7633203,1
0.6750868,0.32491326,0
0.52824986,0.4717501,0
0.49567315,0.5043269,0
0.1605272,0.8394728,1
0.105623275,0.89437675,1
0.11226501,0.88773495,1
0.18145318,0.81854683,1
0.86192346,0.13807657,0
0.13313851,0.86686146,1
0.9414866,0.05851342,0
0.8848134,0.11518654,0
0.978848,0.021152044,0
0.16625842,0.83374155,1
0.25612286,0.7438771,1
0.9746261,0.025373846,0
0.70334625,0.29665378,0
0.67523664,0.32476333,0
0.26440707,0.73559296,1
0.8749016,0.12509842,0
0.29258353,0.7074165,1
0.8768936,0.12310639,0
0.7514914,0.24850859,0
0.9328783,0.06712169,0
0.9712731,0.028726876,0
0.76981854,0.23018141,1
0.87325275,0.12674731,0
0.97449726,0.025502758,0
0.51173884,0.48826113,1
0.88966286,0.110337116,0
0.21271303,0.787287,1
0.77162164,0.2283784,0
0.22055869,0.77944136,1
0.22442915,0.77557087,1
0.22360547,0.7763945,1
0.31164318,0.6883568,1
0.8035169,0.19648312,0
0.79915386,0.20084612,0
0.27495387,0.7250461,1
0.7954539,0.20454611,0
0.9810215,0.018978534,0
0.98218036,0.017819589,0
0.82905006,0.17094997,0
0.95860285,0.04139712,0
0.11858319,0.88141686,1
0.22324751,0.7767525,1
0.19347896,0.80652106,1
0.35185885,0.64814115,1
0.8714673,0.1285327,0
0.32593256,0.6740675,1
0.22459489,0.77540505,1
0.4059614,0.5940386,1
0.42161405,0.5783859,1
0.14863753,0.85136247,1
0.4610236,0.53897643,1
0.35281804,0.6471819,1
0.8149911,0.1850089,0
0.7361907,0.2638093,0
0.45351052,0.54648954,0
0.3052449,0.69475514,1
0.1107676,0.88923246,1
0.98420644,0.015793601,0
0.9823638,0.017636217,0
0.9814216,0.018578332,0
0.6757303,0.3242697,0
0.06498474,0.93501526,1
0.09185039,0.9081496,1
0.077809975,0.92219007,1
0.5156885,0.48431143,0
0.5380167,0.46198332,0
0.10527182,0.8947282,1
0.2609141,0.7390859,1
0.5714035,0.42859647,0
0.96956104,0.030438956,0
0.9794699,0.020530105,0
0.8649077,0.1350923,0
0.2812265,0.7187735,1
0.12673199,0.873268,1
0.12696622,0.87303376,1
0.12288746,0.87711257,1
0.305189,0.694811,0
0.49867734,0.50132275,0
0.47419953,0.52580047,0
0.87153816,0.12846187,0
0.19586217,0.8041378,1
0.123082995,0.876917,1
0.23073955,0.7692604,0
0.25859594,0.74140406,0
0.42425093,0.5757491,0
0.40650538,0.59349465,0
0.9695989,0.030401142,0
0.795058,0.20494194,0
0.58669347,0.41330653,0
0.20885177,0.79114825,1
0.14130473,0.85869527,1
0.43481526,0.5651847,1
0.36399603,0.63600403,1
0.81210977,0.18789026,0
0.4978917,0.50210834,1
0.8260636,0.17393646,0
0.9539743,0.046025727,0
0.52425456,0.47574547,1
0.22655185,0.7734481,1
0.62574834,0.37425172,1
0.97650427,0.023495702,0
0.991521,0.008479028,0
0.9725112,0.027488818,0
0.5213507,0.47864932,1
0.14316742,0.8568325,1
0.14001755,0.8599824,1
0.1119676,0.8880324,1
0.18897416,0.8110258,1
0.3950037,0.60499626,1
0.93238366,0.06761637,0
0.9768503,0.023149667,0
0.9807211,0.019278886,0
0.976761,0.023238996,0
0.20796111,0.79203886,1
0.15736596,0.842634,1
0.4116329,0.58836704,1
0.5116579,0.48834214,1
0.53503793,0.46496212,1
0.5349723,0.46502772,1
0.94773865,0.052261326,0
0.98179483,0.018205207,0
0.2637618,0.7362382,1
0.80770934,0.19229068,0
0.46026224,0.5397378,1
0.44476685,0.5552332,1
0.36298952,0.63701046,1
0.21129258,0.7887074,1
0.24716638,0.7528336,1
0.4868797,0.51312023,1
0.5516946,0.44830534,1
0.9810369,0.018963134,0
0.7348066,0.26519334,0
0.07045858,0.92954147,1
0.071006,0.92899406,1
0.07167138,0.92832863,1
0.06501506,0.9349849,1
0.90964717,0.090352826,0
0.3248594,0.6751406,1
0.9660759,0.03392412,0
0.496756,0.50324404,0
0.44716778,0.5528322,0
0.4109438,0.5890562,0
0.45452133,0.5454787,0
0.50575525,0.49424472,0
0.32738343,0.67261654,1
0.47602826,0.5239718,1
0.8603568,0.13964319,0
0.79418355,0.20581645,0
0.7910264,0.20897362,0
0.85539716,0.14460279,0
0.95902675,0.040973265,0
0.9772156,0.02278441,0
0.9768897,0.023110285,0
0.170774,0.829226,1
0.33289543,0.6671046,1
0.9085294,0.09147059,0
0.76754624,0.23245373,0
0.37553596,0.62446404,1
0.9543332,0.045666743,0
0.37417555,0.6258245,1
0.4095615,0.59043854,1
0.41553342,0.5844666,1
0.4265844,0.5734156,1
0.299195,0.700805,1
0.15074742,0.8492526,1
0.15820609,0.84179395,1
0.1598991,0.8401009,1
0.1631708,0.8368291,1
0.1713648,0.8286352,1
0.18761614,0.8123839,1
0.19789,0.80211,1
0.19339933,0.80660075,1
0.8050595,0.19494052,0
0.78935546,0.21064453,0
0.7313039,0.26869622,0
0.6455909,0.35440907,0
0.15850094,0.8414991,1
0.115779445,0.8842206,1
0.08934761,0.91065246,1
0.22824223,0.7717578,0
0.91769254,0.08230745,0
0.93183625,0.06816374,0
0.6140268,0.3859732,0
0.5698144,0.4301856,0
0.45551312,0.5444868,0
0.22260922,0.7773908,1
0.34455892,0.65544105,1
0.34154806,0.658452,1
0.26830938,0.7316906,1
0.42455047,0.5754495,1
0.74903506,0.2509649,0
0.75552696,0.24447303,0
0.91549194,0.084508024,0
0.7742178,0.22578219,0
0.7906248,0.20937517,0
0.9315538,0.06844624,0
0.9339326,0.06606741,0
0.59865445,0.40134564,1
0.9817592,0.018240772,0
0.8967237,0.10327636,0
0.90533864,0.09466133,0
0.9059265,0.0940735,0
0.89965314,0.10034688,0
0.8898302,0.1101698,0
0.9123928,0.08760719,0
0.7449225,0.25507745,1
0.4945082,0.50549173,1
0.9676348,0.032365236,0
0.9798432,0.020156862,0
0.8350685,0.16493152,1
0.67792296,0.32207698,1
0.8364251,0.1635749,0
0.87178046,0.12821953,0
0.8718247,0.12817535,0
0.891903,0.10809697,0
0.94241,0.05759005,0
0.93783337,0.062166598,0
0.95530415,0.044695787,0
0.8901736,0.109826334,1
0.88655233,0.11344769,1
0.4211515,0.57884854,1
0.45367754,0.54632246,1
0.4772584,0.5227416,1
0.8195915,0.18040848,0
0.8775854,0.12241459,0
0.30181727,0.6981827,1
0.49714044,0.5028596,1
0.9090934,0.090906695,0
0.943034,0.05696604,0
0.9067735,0.09322653,0
0.22915444,0.77084553,1
0.13665907,0.8633409,1
0.11932092,0.8806791,1
0.077936515,0.92206347,1
0.18217687,0.8178231,1
0.23835015,0.76164985,1
0.27060506,0.729395,1
0.30311382,0.6968861,1
0.9699181,0.030081933,0
0.21253225,0.7874677,1
0.68370545,0.3162945,0
0.14479442,0.8552056,1
0.13122748,0.86877245,1
0.12639397,0.873606,1
0.16913146,0.8308685,1
0.864721,0.13527909,0
0.13794492,0.86205506,1
0.13478604,0.865214,1
0.13624224,0.8637577,0
0.09473983,0.9052602,1
0.088351,0.91164905,1
0.16786198,0.83213794,1
0.21441948,0.7855805,0
0.20757689,0.7924231,1
0.90014,0.09985995,0
0.9745539,0.025446158,0
0.88978,0.11021999,0
0.87506807,0.124931924,0
0.36317638,0.63682365,0
0.32342422,0.67657584,0
0.4296725,0.5703275,0
0.44490722,0.5550928,0
0.44838253,0.5516175,0
0.46285787,0.5371421,0
0.75139767,0.24860239,0
0.7645762,0.2354238,0
0.50208557,0.49791446,0
0.50520074,0.4947993,0
0.8160542,0.18394582,0
0.8219365,0.17806353,0
0.36232397,0.63767606,1
0.13524956,0.8647504,1
0.17752843,0.82247156,1
0.16486192,0.8351381,1
0.26943505,0.730565,1
0.10974616,0.89025384,1
0.14352036,0.8564796,1
0.42128146,0.57871854,0
0.4510354,0.54896456,0
0.9417482,0.058251824,0
0.9797916,0.020208457,0
0.5537137,0.4462863,0
0.2600193,0.73998064,0
0.06611362,0.93388635,1
0.06041942,0.93958056,1
0.069451354,0.93054867,1
0.07362898,0.926371,1
0.08225909,0.9177409,1
0.086695135,0.9133048,1
0.084378116,0.9156219,1
0.08804638,0.9119536,1
0.09805447,0.9019456,1
0.11625205,0.88374794,1
0.59951293,0.4004871,0
0.5503754,0.4496246,0
0.111955434,0.88804454,0
0.4353236,0.56467634,0
0.43186986,0.5681302,0
0.58479434,0.4152056,0
0.45011148,0.5498885,0
0.9714579,0.028542096,0
0.47476882,0.5252311,1
0.35979784,0.64020216,1
0.36364508,0.636355,1
0.35254997,0.64745,1
0.39950213,0.60049784,1
0.40224683,0.5977531,1
0.85177314,0.14822678,0
0.44158804,0.5584119,1
0.94154835,0.058451712,0
0.49285007,0.5071499,1
0.84071654,0.15928352,0
0.3899466,0.61005336,1
0.49891168,0.5010884,1
0.4058948,0.59410524,1
0.5365431,0.4634569,1
0.967271,0.032729007,0
0.34195852,0.6580415,1
0.1405978,0.85940224,1
0.39955634,0.60044366,1
0.39565715,0.6043429,1
0.12914312,0.8708569,1
0.40163732,0.5983627,1
0.40662357,0.5933764,1
0.20095335,0.79904664,1
0.15265116,0.84734887,1
0.17578577,0.8242143,1
0.24356312,0.7564369,1
0.6158794,0.38412055,0
0.69630677,0.3036933,0
0.6669242,0.3330758,0
0.63872623,0.3612738,0
0.54486495,0.45513502,0
0.42946678,0.5705333,0
0.13505605,0.864944,1
0.14265402,0.85734594,1
0.4848613,0.51513875,0
0.9680332,0.031966772,0
0.96375006,0.036249902,0
0.6882796,0.31172043,0
0.5980102,0.40198985,0
0.33327875,0.6667212,1
0.9158995,0.084100544,0
0.45487913,0.54512084,1
0.7811319,0.21886805,0
0.4071866,0.59281343,1
0.52554756,0.4744525,1
0.97365123,0.026348796,0
0.9814462,0.018553823,0
0.9767224,0.02327762,0
0.9454725,0.054527514,0
0.57110935,0.42889062,0
0.24776968,0.75223035,1
0.9579588,0.042041194,0
0.8776886,0.12231135,0
0.78995967,0.2100403,0
0.96993345,0.030066555,0
0.430763,0.569237,1
0.8643046,0.1356954,0
0.14175853,0.85824144,1
0.14801691,0.8519831,1
0.11150835,0.8884917,1
0.08535371,0.91464627,1
0.9366509,0.06334906,0
0.28290555,0.7170944,1
0.96464145,0.035358492,0
0.9732291,0.026770929,0
0.9771099,0.022890009,0
0.77681285,0.22318715,0
0.4022707,0.59772927,1
0.6567154,0.3432846,0
0.42646793,0.57353204,1
0.21845247,0.78154755,1
0.4462687,0.5537313,1
0.23278013,0.7672199,1
0.92754227,0.07245767,0
0.94913685,0.050863117,0
0.4413697,0.5586303,1
0.7666002,0.2333998,0
0.9606633,0.039336722,0
0.8222602,0.17773978,0
0.8047021,0.19529796,0
0.46078184,0.5392182,1
0.64775395,0.35224605,0
0.9014193,0.09858066,0
0.53277606,0.46722394,1
0.61542016,0.38457975,1
0.97572714,0.024272874,0
0.55926317,0.44073683,1
0.3463917,0.65360826,1
0.4727654,0.52723455,1
0.4798539,0.52014613,1
0.14241865,0.8575814,1
0.917781,0.08221898,0
0.59474266,0.4052573,1
0.8313077,0.16869235,0
0.9547239,0.04527611,0
0.9659376,0.034062367,0
0.96342975,0.03657026,0
0.5862007,0.41379926,1
0.35971722,0.64028287,1
0.27048305,0.729517,1
0.46150133,0.53849864,1
0.42996034,0.5700397,1
0.48593053,0.5140695,1
0.8522564,0.14774366,0
0.9816141,0.018385958,0
0.6391308,0.36086923,0
0.19570586,0.80429417,1
0.25945464,0.7405454,1
0.33268425,0.6673157,1
0.28220493,0.71779513,1
0.31449807,0.68550193,1
0.42372027,0.57627976,1
0.82377386,0.17622608,0
0.8531098,0.14689025,0
0.91281885,0.08718114,0
0.9702267,0.029773371,0
0.96814716,0.03185281,0
0.044593733,0.9554062,1
0.038707424,0.96129256,1
0.10573602,0.89426404,1
0.8919399,0.10806008,0
0.51333886,0.48666117,0
0.8838486,0.11615142,0
0.6305328,0.36946726,0
0.1353164,0.8646836,1
0.1200182,0.8799818,1
0.11721168,0.88278836,1
0.57415295,0.42584708,0
0.8472108,0.15278918,0
0.19090576,0.80909425,1
0.6083116,0.39168844,0
0.7984265,0.20157349,0
0.94542897,0.054571014,0
0.20140824,0.7985918,1
0.118725404,0.8812746,1
0.08605879,0.91394126,1
0.10600477,0.8939953,1
0.49943447,0.5005655,0
0.202935,0.797065,1
0.20454471,0.7954553,1
0.22803378,0.7719662,1
0.18537563,0.8146244,1
0.95492834,0.045071658,0
0.70691067,0.29308927,0
0.48459518,0.5154048,0
0.4901845,0.5098155,0
0.1641427,0.83585733,1
0.7864735,0.21352652,0
0.8422879,0.15771212,0
0.21525303,0.784747,1
0.21239358,0.78760636,1
0.14522569,0.8547743,1
0.4601171,0.53988284,0
0.15163831,0.8483617,1
0.11660009,0.8833999,1
0.76018006,0.23981999,0
0.74557996,0.2544201,0
0.21240497,0.78759503,1
0.64240026,0.35759977,0
0.25891247,0.7410875,1
0.27978957,0.72021043,1
0.28264675,0.7173533,1
0.2793851,0.72061497,1
0.388343,0.611657,1
0.446472,0.553528,1
0.894916,0.105083965,0
0.91973954,0.080260396,0
0.33366987,0.6663302,1
0.37998122,0.6200187,1
0.7540164,0.24598362,0
0.7824163,0.2175837,0
0.7963349,0.20366512,0
0.4783007,0.52169925,1
0.45520183,0.54479814,1
0.9547826,0.04521746,0
0.062185895,0.93781406,1
0.36988714,0.6301128,1
0.30265605,0.697344,1
0.19617812,0.80382186,1
0.11432908,0.8856709,1
0.78535795,0.21464202,0
0.6395129,0.3604871,1
0.9028779,0.09712213,0
0.35337102,0.646629,1
0.8893238,0.11067626,0
0.90291,0.097089976,0
0.6290649,0.3709351,1
0.14511453,0.85488546,1
0.5625756,0.4374244,0
0.61377144,0.38622856,0
0.17336008,0.82663995,1
0.14246082,0.8575392,1
0.12492958,0.87507045,1
0.74190587,0.25809416,0
0.18526632,0.8147337,1
0.8488552,0.15114474,0
0.9515999,0.048400138,0
0.17327638,0.8267237,1
0.6001447,0.39985535,0
0.5170924,0.48290762,0
0.78169775,0.21830225,0
0.81097996,0.1890201,0
0.48722464,0.5127753,1
0.6902783,0.30972177,1
0.9265477,0.07345235,0
0.14663096,0.853369,1
0.17920847,0.82079154,1
0.20131226,0.79868776,1
0.6806442,0.31935573,0
0.9579876,0.042012434,0
0.12470319,0.8752968,1
0.12768444,0.87231547,1
0.1472377,0.8527623,1
0.16896157,0.8310384,0
0.15736257,0.8426374,1
0.75866014,0.2413399,0
0.8615523,0.13844772,0
0.9436519,0.056348067,0
0.930232,0.06976797,0
0.35867816,0.64132184,1
0.45900732,0.5409927,1
0.80940086,0.19059913,0
0.80719423,0.19280578,0
0.85227734,0.1477227,0
0.86096567,0.13903433,0
0.87090385,0.12909614,0
0.9106424,0.08935761,0
0.92548317,0.074516885,0
0.9818262,0.018173773,0
0.92084795,0.079152,0
0.3786436,0.6213564,1
0.7770444,0.22295558,0
0.85285,0.14715,0
0.45381188,0.5461881,1
0.4718114,0.5281885,1
0.95704025,0.042959806,0
0.9913038,0.008696178,0
0.51940656,0.48059344,1
0.5971913,0.40280873,0
0.40108702,0.59891295,1
0.1228343,0.87716573,1
0.19766398,0.80233604,1
0.10714527,0.89285475,1
0.38690048,0.61309946,0
0.51391894,0.48608112,0
0.52249205,0.47750795,0
0.5267059,0.4732941,0
0.52625614,0.47374383,0
0.65208244,0.3479176,0
0.8926332,0.1073668,0
0.9234449,0.07655504,0
0.9049953,0.09500465,0
0.46073487,0.5392651,1
0.5737857,0.42621425,0
0.58257484,0.4174252,0
0.8623301,0.13766992,0
0.73296493,0.267035,0
0.47204643,0.5279535,1
0.7074383,0.29256168,1
0.9177341,0.08226589,0
0.31785896,0.68214107,1
0.422488,0.5775119,1
0.573295,0.42670503,0
0.8020607,0.19793926,0
0.42695966,0.57304037,1
0.41059247,0.58940756,1
0.6937247,0.3062753,0
0.7697651,0.2302349,0
0.88363445,0.11636554,0
0.8101003,0.18989974,0
0.74352485,0.2564751,1
0.853572,0.14642793,0
0.8548668,0.14513324,0
0.6271777,0.37282228,1
0.8037766,0.19622345,0
0.17060564,0.82939434,1
0.8427305,0.15726946,0
0.42942697,0.5705731,1
0.48020756,0.51979244,1
0.96302587,0.036974195,0
0.9540703,0.04592967,0
0.40655467,0.59344536,1
0.38184214,0.6181579,1
0.33155116,0.66844887,1
0.30471808,0.69528186,1
0.40387955,0.5961204,1
0.55226237,0.44773763,1
0.63050455,0.3694955,0
0.97157806,0.028421907,0
0.91038114,0.08961882,0
0.86742693,0.13257311,0
0.83688414,0.16311583,0
0.75561756,0.24438238,0
0.80102056,0.19897941,0
0.76954144,0.23045853,0
0.7720402,0.22795984,0
0.77555805,0.22444193,0
0.78850245,0.21149752,0
0.8561381,0.14386189,0
0.9260652,0.07393476,0
0.9062261,0.093773894,0
0.9236159,0.076384164,1
0.88286185,0.1171382,0
0.98951226,0.01048771,0
0.9005087,0.099491246,0
0.832884,0.16711597,1
0.6114929,0.3885071,1
0.6214358,0.37856418,1
0.12693784,0.87306213,1
0.50602835,0.49397162,1
0.09646052,0.9035395,1
0.13210016,0.86789984,1
0.89977396,0.100226074,0
0.7332747,0.2667253,1
0.28056195,0.719438,1
0.82520366,0.17479633,0
0.46907175,0.5309283,0
0.31731597,0.68268406,1
0.31600243,0.6839976,1
0.32051328,0.67948663,1
0.9593598,0.040640112,0
0.9908325,0.009167521,0
0.8707796,0.12922038,0
0.48406932,0.51593065,1
0.814769,0.18523099,0
0.82524604,0.17475396,0
0.8302792,0.16972078,0
0.8467443,0.1532557,0
0.8420907,0.15790929,0
0.87464106,0.12535897,0
0.8331777,0.1668223,0
0.8336472,0.16635285,0
0.9637587,0.036241233,0
0.92772907,0.0722709,0
0.91442114,0.08557881,0
0.8305947,0.16940531,0
0.8392779,0.16072214,0
0.8786144,0.12138563,1
0.8674209,0.1325791,1
0.865577,0.13442296,1
0.8765516,0.123448364,1
0.958985,0.04101506,0
0.94075805,0.059241917,0
0.9860117,0.013988268,0
0.74169284,0.25830716,0
0.69817805,0.30182195,1
0.7743242,0.22567576,0
0.398297,0.6017029,1
0.85330236,0.14669769,0
0.9110281,0.08897196,0
0.9256368,0.074363194,0
0.92421216,0.07578788,0
0.9078985,0.09210157,0
0.3662772,0.63372284,1
0.73450947,0.26549047,0
0.75992423,0.2400758,0
0.7926086,0.20739143,0
0.25871,0.74129,1
0.837771,0.16222902,0
0.951614,0.04838595,0
0.98371625,0.01628374,0
0.98947984,0.010520198,0
0.887065,0.112935066,0
0.88716966,0.11283036,0
0.5075248,0.49247518,1
0.33987322,0.66012686,1
0.33435702,0.6656429,1
0.3705583,0.6294417,1
0.7402319,0.2597681,0
0.7181113,0.28188878,0
0.19100437,0.8089956,1
0.19646628,0.80353373,1
0.8825899,0.11741017,0
0.8617609,0.13823915,0
0.7154794,0.2845206,0
0.21258269,0.78741723,1
0.77993464,0.22006537,0
0.7897778,0.21022217,0
0.75494117,0.24505883,0
0.7861034,0.21389659,0
0.7569091,0.24309094,0
0.73372686,0.2662732,0
0.6716294,0.32837054,0
0.6512437,0.3487563,0
0.3562349,0.6437651,1
0.96126735,0.03873268,0
0.955136,0.044864025,0
0.94827014,0.051729877,0
0.78033745,0.21966253,1
0.80373317,0.19626684,1
0.8073412,0.1926588,1
0.80440956,0.19559045,1
0.81072736,0.18927263,1
0.7233699,0.27663016,1
0.8917934,0.10820662,1
0.79997957,0.2000204,1
0.39545473,0.6045453,1
0.25415707,0.74584293,1
0.3468619,0.6531381,1
0.20290782,0.7970922,1
0.352427,0.647573,1
0.34533736,0.65466267,1
0.7474277,0.25257233,0
0.35615155,0.6438485,1
0.93808097,0.061919026,0
0.5381986,0.46180132,0
0.29735857,0.7026414,1
0.24454781,0.75545216,1
0.24600166,0.7539983,1
0.29661304,0.7033869,1
0.30604064,0.69395936,1
0.26743263,0.7325673,1
0.70036364,0.29963636,0
0.9095234,0.09047662,0
0.46481928,0.53518075,0
0.25297952,0.7470205,1
0.2575006,0.7424995,1
0.2061076,0.79389244,1
0.18533388,0.8146661,1
0.18193087,0.8180691,1
0.18255311,0.8174469,1
0.15464374,0.8453563,1
0.63156617,0.36843386,0
0.90339756,0.09660242,0
0.87037843,0.12962162,0
0.8344948,0.16550523,0
0.6503985,0.34960157,0
0.24088179,0.75911826,1
0.027146215,0.9728538,1
0.018149624,0.98185045,1
0.012816411,0.9871836,1
0.01384523,0.98615474,1
0.5500641,0.44993597,0
0.52264464,0.4773554,0
0.17955263,0.82044744,1
0.3548346,0.64516544,1
0.56419414,0.4358058,0
0.63533795,0.36466205,0
0.74265033,0.25734976,0
0.90447116,0.09552889,0
0.90132964,0.09867041,0
0.881979,0.11802096,0
0.8556562,0.14434381,0
0.8343352,0.16566482,0
0.8182352,0.18176478,0
0.80332476,0.19667529,0
0.7992217,0.20077829,0
0.5508185,0.4491815,0
0.8181589,0.18184109,0
0.68936837,0.3106316,0
0.6459166,0.3540834,1
0.55662686,0.44337314,1
0.457191,0.542809,1
0.4616443,0.53835577,1
0.6791502,0.32084978,1
0.7698476,0.23015241,0
0.7537558,0.24624418,0
0.36260375,0.63739616,1
0.85490286,0.14509712,0
0.7568522,0.24314772,1
0.53840786,0.4615921,1
0.62004757,0.37995243,1
0.39358768,0.6064124,1
0.2897563,0.71024376,1
0.21104607,0.78895396,1
0.29414657,0.70585346,1
0.2678042,0.73219585,1
0.6795033,0.32049668,0
0.892597,0.107403,0
0.86771786,0.13228215,0
0.23192742,0.76807255,1
0.24255,0.75745,0
0.2895903,0.7104097,0
0.42816234,0.57183766,0
0.42988557,0.5701144,0
0.42049783,0.57950217,0
0.44650102,0.553499,0
0.7187517,0.2812483,0
0.8970437,0.10295628,0
0.19913402,0.80086595,1
0.18418425,0.81581575,1
0.20651716,0.79348284,1
0.20594162,0.79405844,1
0.20566441,0.7943356,1
0.38794485,0.6120552,0
0.6550309,0.3449691,0
0.37732124,0.6226788,1
0.82279336,0.17720662,0
0.8923234,0.107676655,0
0.8766233,0.12337668,0
0.7055809,0.29441914,0
0.75658125,0.2434188,0
0.25087067,0.74912935,1
0.14059278,0.85940725,1
0.13355403,0.8664459,1
0.3009933,0.6990067,1
0.34164804,0.65835196,1
0.7800703,0.21992967,0
0.6436467,0.35635322,0
0.3745145,0.6254855,1
0.7766053,0.22339468,0
0.46417806,0.5358219,1
0.47277233,0.5272277,1
0.52837044,0.4716295,0
0.5240599,0.47594005,0
0.29334626,0.7066537,1
0.50873816,0.49126187,1
0.54979885,0.45020112,1
0.5888806,0.4111194,0
0.8815288,0.118471175,0
0.6591691,0.34083092,0
0.7912494,0.20875059,0
0.51728106,0.4827189,0
0.40394494,0.59605515,0
0.24827443,0.75172555,1
0.26124835,0.73875165,1
0.13645302,0.863547,1
0.15221299,0.84778696,1
0.41260734,0.5873926,0
0.87862563,0.121374324,0
0.5700428,0.42995724,0
0.8391875,0.16081251,0
0.8287732,0.17122681,0
0.6845158,0.3154842,0
0.7639382,0.23606183,0
0.7124329,0.28756705,1
0.72452193,0.27547807,1
0.56036985,0.43963018,1
0.43218648,0.5678135,1
0.3321209,0.6678791,1
0.50131387,0.49868613,0
0.52691025,0.47308978,0
0.572014,0.427986,0
0.57389355,0.42610642,0
0.55873567,0.44126427,0
0.39683515,0.60316485,1
0.4050922,0.5949078,1
0.39121035,0.6087897,1
0.5947976,0.40520236,1
0.68062305,0.319377,1
0.844032,0.15596801,0
0.46025276,0.5397473,1
0.31128246,0.6887175,1
0.29473415,0.7052659,1
0.29664624,0.70335376,1
0.7955765,0.20442344,0
0.20284912,0.79715085,1
0.25490528,0.74509466,1
0.24558307,0.75441694,1
0.1475209,0.85247916,1
0.23758405,0.76241595,0
0.2106615,0.78933847,1
0.7119355,0.2880645,0
0.62486035,0.37513965,0
0.60841244,0.3915876,0
0.450945,0.549055,0
0.12701218,0.8729878,1
0.100582145,0.8994179,1
0.073811896,0.9261881,1
0.07342244,0.92657757,1
0.046710625,0.9532894,1
0.03587775,0.96412224,1
0.04894251,0.95105755,1
0.13596383,0.86403614,1
0.13534562,0.86465436,1
0.15575643,0.8442435,1
0.2026657,0.7973344,1
0.516003,0.48399696,0
0.57899326,0.42100674,0
0.686614,0.31338605,0
0.6489257,0.35107425,0
0.6543144,0.3456855,0
0.28536028,0.7146398,0
0.10509597,0.8949041,1
0.11857459,0.8814254,1
0.13301218,0.86698776,1
0.11188456,0.8881154,1
0.10218187,0.8978181,1
0.085465945,0.9145341,1
0.23502447,0.7649755,1
0.19949895,0.80050105,1
0.26319787,0.73680216,1
0.61001784,0.38998213,0
0.19992688,0.8000731,0
0.19449249,0.8055075,1
0.013232307,0.9867677,1
0.15346107,0.8465389,0
0.1808332,0.8191668,1
0.2105347,0.7894653,0
0.221327,0.77867293,0
0.6607427,0.3392573,0
0.6986793,0.30132073,0
0.03942477,0.96057516,1
0.039964385,0.9600356,1
0.14417201,0.85582805,0
0.13858329,0.86141676,0
0.15618876,0.8438113,0
0.20941776,0.79058224,0
0.21473226,0.7852677,0
0.21680965,0.78319037,0
0.6932412,0.30675882,0
0.6777288,0.3222713,0
0.85784423,0.14215575,0
0.6709384,0.32906166,0
0.50832903,0.491671,0
0.5176576,0.48234242,0
0.52579504,0.4742049,0
0.5616611,0.43833882,0
0.35357198,0.646428,0
0.84273076,0.15726915,0
0.33142596,0.66857404,1
0.2588152,0.7411848,1
0.29732177,0.70267826,1
0.20241876,0.79758126,1
0.26603338,0.7339665,1
0.2898945,0.71010554,1
0.41946405,0.5805359,0
0.7321721,0.2678279,0
0.85681194,0.14318809,0
0.8981364,0.10186365,0
0.8703578,0.12964213,0
0.24271733,0.7572827,1
0.2302883,0.7697117,1
0.24278638,0.75721365,1
0.63301724,0.36698282,0
0.7105245,0.2894755,0
0.90291774,0.097082265,0
0.86413,0.13586996,0
0.6990045,0.30099553,1
0.6492436,0.35075632,1
0.2438266,0.7561734,1
0.32876387,0.67123616,1
0.23718098,0.76281905,1
0.31826568,0.6817343,1
0.6657139,0.334286,0
0.3838206,0.61617947,1
0.35751706,0.64248294,1
0.5970079,0.4029921,0
0.13756779,0.8624322,1
0.16129984,0.8387002,1
0.3155856,0.6844143,0
0.54294086,0.4570591,0
0.55797476,0.4420252,1
0.7732809,0.22671908,0
0.8074711,0.1925289,0
0.8182534,0.18174657,0
0.86538583,0.1346142,0
0.80170447,0.19829555,0
0.9000098,0.09999021,0
0.8893132,0.11068679,0
0.8802629,0.11973709,0
0.27562198,0.724378,1
0.19314794,0.806852,1
0.35435018,0.64564985,1
0.24938987,0.75061005,1
0.28380343,0.7161966,1
0.25626904,0.7437309,1
0.67378694,0.32621306,0
0.370201,0.629799,0
0.88726354,0.112736546,0
0.16395281,0.8360472,1
0.22371528,0.7762847,1
0.16484655,0.83515346,1
0.21723935,0.7827607,1
0.24552742,0.7544726,0
0.90626276,0.09373732,0
0.9413066,0.058693383,0
0.6040439,0.39595604,0
0.18161298,0.81838703,1
0.19118802,0.80881196,1
0.2517222,0.7482778,1
0.42067468,0.5793254,0
0.19205669,0.8079433,1
0.20869888,0.7913011,1
0.21135704,0.788643,1
0.23234129,0.76765877,1
0.5962483,0.4037516,0
0.48894423,0.5110558,0
0.28274366,0.7172563,0
0.31810552,0.6818945,0
0.30346617,0.6965338,0
0.24439225,0.7556078,1
0.18676637,0.8132336,1
0.19041489,0.80958515,1
0.16188532,0.83811474,1
0.18653154,0.81346846,1
0.16714534,0.8328547,1
0.20253639,0.7974636,1
0.7255686,0.27443147,0
0.9050545,0.09494546,0
0.85328513,0.14671479,0
0.3372415,0.6627586,0
0.2780642,0.7219358,0
0.22404827,0.77595174,1
0.3643749,0.63562506,0
0.59532213,0.40467787,0
0.59063065,0.4093694,0
0.619452,0.38054797,0
0.30171564,0.6982843,1
0.14076036,0.85923964,1
0.10539435,0.89460564,1
0.048368722,0.9516313,1
0.08826143,0.91173863,1
0.08462718,0.9153728,1
0.12870045,0.87129956,1
0.5718606,0.42813936,0
0.5192713,0.4807287,1
0.4222024,0.57779753,1
0.55341023,0.44658974,1
0.7625522,0.23744778,0
0.6727821,0.32721788,0
0.57895595,0.42104405,0
0.16398682,0.8360132,1
0.15299974,0.8470003,1
0.70597047,0.29402947,0
0.8586389,0.14136119,0
0.3076254,0.6923746,1
0.75003177,0.24996826,0
0.4038684,0.5961316,1
0.22123754,0.77876246,1
0.22724675,0.7727533,1
0.19948135,0.8005187,1
0.17259222,0.8274077,1
0.18031545,0.8196845,1
0.28751132,0.71248865,1
0.44916528,0.5508347,0
0.8979735,0.10202655,0
0.7418676,0.25813237,0
0.46604267,0.5339573,0
0.16917229,0.8308277,1
0.33076543,0.6692346,0
0.25023884,0.74976116,1
0.20111747,0.7988825,1
0.18920466,0.81079537,1
0.30650252,0.6934975,1
0.92840385,0.07159609,0
0.27951697,0.72048306,1
0.2538484,0.7461516,1
0.23563324,0.76436675,1
0.22007616,0.77992386,1
0.21694566,0.7830544,1
0.20530786,0.79469216,1
0.3956123,0.60438776,0
0.41322917,0.5867709,0
0.36980134,0.63019866,0
0.4898103,0.5101897,0
0.8942972,0.1057028,0
0.865624,0.13437596,0
0.50402784,0.49597216,0
0.26165792,0.73834205,0
0.5951938,0.40480614,0
0.3186279,0.6813721,1
0.34637916,0.65362084,1
0.17978573,0.8202143,1
0.2067389,0.7932611,1
0.20076409,0.7992359,1
0.28036085,0.7196392,1
0.30007017,0.6999298,1
0.83959025,0.16040976,0
0.933658,0.066341996,0
0.32003355,0.67996645,1
0.17909913,0.82090086,1
0.19162636,0.80837363,1
0.1258207,0.8741793,1
0.11848698,0.881513,1
0.11812598,0.881874,1
0.7984482,0.20155175,0
0.7497389,0.2502611,0
0.6172053,0.38279462,0
0.48340216,0.5165978,0
0.12554726,0.87445277,0
0.0349107,0.96508926,1
0.58732057,0.41267943,0
0.56558865,0.4344114,0
0.7539976,0.24600236,0
0.8012431,0.19875687,0
0.881638,0.11836203,0
0.82762015,0.17237987,0
0.2706704,0.72932965,1
0.4308073,0.56919265,0
0.6522794,0.34772062,0
0.85288906,0.14711101,0
0.72643083,0.27356923,0
0.6264254,0.37357453,1
0.25019807,0.74980193,1
0.32308248,0.67691755,1
0.3227327,0.6772673,1
0.36591125,0.6340887,1
0.39633197,0.603668,1
0.47220418,0.52779585,0
0.7680709,0.23192912,0
0.80139714,0.19860284,0
0.88126147,0.118738525,0
0.857213,0.14278692,0
0.9212508,0.07874916,0
0.31010854,0.68989146,1
0.20689888,0.7931011,1
0.205514,0.794486,1
0.22626562,0.77373433,1
0.271376,0.7286239,1
0.26667476,0.73332524,1
0.6575814,0.34241858,0
0.49456766,0.5054324,0
0.73855084,0.2614492,0
0.45956782,0.5404322,0
0.9671939,0.0328061,0
0.75070465,0.24929532,0
0.5504042,0.44959587,1
0.33895707,0.6610429,1
0.22619233,0.7738077,1
0.3168156,0.6831844,1
0.3319714,0.6680286,1
0.26509118,0.7349088,1
0.54643494,0.45356503,0
0.60786617,0.3921338,0
0.62683064,0.37316936,0
0.9625335,0.037466556,0
0.9572482,0.042751875,0
0.4692942,0.5307058,1
0.25798994,0.74201006,1
0.24461804,0.75538194,1
0.20396672,0.79603326,1
0.31761673,0.68238324,1
0.24737817,0.7526218,1
0.26381123,0.7361888,1
0.19333751,0.80666256,1
0.21844211,0.7815579,1
0.29486465,0.70513535,1
0.27938944,0.7206106,1
0.3962222,0.6037778,0
0.91612244,0.08387754,0
0.56432056,0.4356794,0
0.5324885,0.4675115,0
0.41378903,0.58621097,0
0.3643788,0.6356212,0
0.20937882,0.7906212,1
0.1962108,0.8037892,1
0.6724564,0.32754362,0
0.6768809,0.32311913,0
0.20345874,0.7965413,1
0.20557295,0.79442704,1
0.17828907,0.82171094,1
0.6552473,0.34475273,0
0.7074927,0.2925073,0
0.6445098,0.35549027,0
0.41175088,0.58824915,1
0.23344754,0.76655245,1
0.11168557,0.8883144,1
0.08549465,0.9145054,1
0.06866672,0.93133324,1
0.111852646,0.8881474,1
0.2863279,0.71367216,1
0.30792272,0.6920773,0
0.54136634,0.45863363,0
0.7089883,0.29101166,0
0.8312089,0.1687912,0
0.94457924,0.055420797,0
0.9134909,0.08650904,0
0.7673533,0.23264675,0
0.7349313,0.2650687,0
0.08599776,0.9140022,1
0.05721007,0.9427899,1
0.08142061,0.91857934,1
0.057165287,0.94283473,1
0.062214866,0.93778515,1
0.0339221,0.9660779,1
0.041663706,0.9583363,1
0.46348855,0.5365114,0
0.6562542,0.34374583,0
0.65700763,0.34299234,0
0.894607,0.10539299,0
0.4168422,0.58315784,0
0.46304548,0.53695446,0
0.34774002,0.65226,1
0.19173943,0.80826056,1
0.7774131,0.22258696,0
0.75942,0.24057995,0
0.8255737,0.17442632,0
0.8456489,0.15435106,0
0.78946775,0.21053228,0
0.8962184,0.10378155,0
0.9587333,0.041266605,0
0.40584537,0.59415466,0
0.31796086,0.68203914,1
0.31616616,0.6838339,1
0.20559886,0.7944011,1
0.18690383,0.8130962,1
0.417296,0.582704,1
0.47830287,0.52169716,0
0.8960229,0.10397701,0
0.9266432,0.07335686,0
0.63919806,0.36080188,0
0.33847037,0.66152966,1
0.2007646,0.79923534,1
0.37705502,0.62294495,0
0.6188511,0.38114887,0
0.8530027,0.14699729,0
0.83253866,0.16746137,0
0.40893117,0.5910688,1
0.32334337,0.67665666,1
0.34719834,0.6528017,1
0.41808218,0.5819179,0
0.29287115,0.70712876,1
0.12560841,0.8743916,1
0.12817474,0.8718253,1
0.21422373,0.78577626,1
0.49815112,0.5018489,0
0.9100216,0.089978434,0
0.9679469,0.03205311,0
0.65592396,0.34407604,0
0.61602974,0.3839703,0
0.26348236,0.7365176,0
0.21958268,0.7804173,0
0.21662785,0.7833722,0
0.24019754,0.75980246,0
0.2740288,0.72597116,0
0.2234281,0.77657187,1
0.7998491,0.20015085,0
0.39030248,0.6096975,1
0.35172057,0.6482795,1
0.045294754,0.9547052,1
0.028192498,0.9718075,1
0.041727364,0.9582727,1
0.2848504,0.7151496,0
0.4642442,0.5357558,0
0.7614622,0.2385378,0
0.8611775,0.13882245,0
0.7127105,0.28728953,0
0.56916714,0.43083295,0
0.26522008,0.73477995,0
0.3462069,0.65379304,0
0.2828326,0.7171674,0
0.35711926,0.64288074,0
0.34623605,0.6537639,0
0.4349576,0.56504244,0
0.8507509,0.14924906,0
0.89096403,0.10903602,0
0.9335278,0.06647219,0
0.5807424,0.41925758,1
0.19206823,0.8079318,1
0.19746327,0.8025367,1
0.17994857,0.82005143,1
0.41691026,0.5830897,0
0.45011476,0.5498853,0
0.5126586,0.48734143,0
0.934703,0.06529697,0
0.95864403,0.041355904,0
0.94877946,0.051220555,0
0.91927737,0.08072266,0
0.4499723,0.55002767,0
0.3042802,0.6957198,1
0.25541952,0.7445805,1
0.15653796,0.84346205,1
0.2861851,0.71381485,1
0.3079074,0.6920926,1
0.32164818,0.67835176,1
0.3412008,0.6587992,0
0.66215914,0.3378409,0
0.9672596,0.032740384,0
0.21029457,0.78970546,1
0.36982864,0.63017136,1
0.37699476,0.6230053,1
0.36796293,0.6320371,1
0.61976975,0.38023034,0
0.8557388,0.14426123,0
0.7376993,0.2623007,0
0.95937926,0.040620677,0
0.9750963,0.024903683,0
0.9631005,0.036899507,0
0.8084145,0.19158542,0
0.7762167,0.22378327,0
0.78659356,0.21340641,0
0.34221452,0.6577855,1
0.2945302,0.7054698,1
0.40362805,0.59637195,1
0.97764367,0.02235638,0
0.95185524,0.048144754,0
0.4352471,0.5647529,1
0.81315035,0.18684961,0
0.7773633,0.22263673,0
0.77485204,0.22514792,0
0.9311473,0.06885268,0
0.9594564,0.040543612,0
0.6954714,0.3045286,1
0.9066307,0.09336924,0
0.55685896,0.44314104,1
0.14233835,0.8576616,1
0.09581613,0.9041838,1
0.08478094,0.91521907,1
0.090594396,0.9094056,1
0.2409176,0.75908244,1
0.25402436,0.7459756,1
0.640207,0.359793,0
0.9335312,0.06646877,0
0.33162642,0.6683736,0
0.29187083,0.70812917,1
0.28901613,0.7109838,1
0.13397883,0.86602116,1
0.14944445,0.8505556,1
0.117208585,0.8827914,1
0.24962527,0.75037473,1
0.30663663,0.69336337,1
0.87594277,0.12405718,0
0.6871649,0.31283513,0
0.9030214,0.096978635,0
0.9194597,0.08054024,0
0.92230374,0.07769628,0
0.58031195,0.41968805,0
0.42624894,0.5737511,0
0.3588777,0.64112234,1
0.35465077,0.6453492,1
0.36530915,0.6346909,1
0.3789902,0.6210098,1
0.38482726,0.61517274,1
0.39492875,0.6050713,1
0.91754645,0.08245349,0
0.93727505,0.06272497,0
0.9390708,0.060929123,0
0.9245705,0.07542944,0
0.38401785,0.6159821,1
0.67769647,0.3223036,0
0.67498624,0.32501382,0
0.39852804,0.60147196,1
0.3753582,0.62464184,1
0.9136654,0.08633459,0
0.91723984,0.08276014,0
0.43878558,0.56121445,1
0.14986722,0.8501328,1
0.26534635,0.73465365,1
0.3092259,0.69077414,1
0.9053556,0.09464449,0
0.4266661,0.57333386,1
0.43544492,0.5645551,1
0.57413286,0.42586717,0
0.9279979,0.07200209,0
0.45589748,0.5441025,0
0.37256324,0.62743676,1
0.36053553,0.6394645,1
0.44051543,0.5594846,1
0.3422319,0.6577681,1
0.41250274,0.5874973,1
0.8963081,0.10369189,0
0.906395,0.09360493,0
0.9729772,0.027022697,0
0.95304006,0.046959933,0
0.94938874,0.0506113,0
0.31859002,0.68140996,1
0.842372,0.15762807,0
0.8246671,0.17533286,0
0.29845774,0.7015423,1
0.95274496,0.047255035,0
0.5875669,0.4124331,1
0.30810133,0.69189864,1
0.25754023,0.74245983,1
0.43799806,0.562002,1
0.9265898,0.0734102,0
0.7478335,0.2521665,1
0.86712116,0.13287883,0
0.75800914,0.24199091,0
0.66936433,0.33063564,0
0.7130226,0.2869774,0
0.79740065,0.20259935,0
0.7930123,0.20698774,0
0.7817169,0.21828309,0
0.8768429,0.12315705,0
0.9237363,0.076263756,0
0.916233,0.08376693,0
0.890092,0.10990795,0
0.93096346,0.069036566,0
0.9519165,0.0480835,0
0.76817614,0.2318238,0
0.38328826,0.61671174,1
0.50798106,0.49201897,1
0.74048334,0.25951663,1
0.6335978,0.3664022,1
0.92057246,0.07942751,0
0.9285364,0.07146354,0
0.9342537,0.06574626,0
0.93815714,0.061842874,0
0.95795894,0.04204105,0
0.9534972,0.046502855,0
0.85504884,0.14495113,0
0.7790204,0.22097956,0
0.8018693,0.19813076,0
0.82054734,0.17945263,0
0.8431885,0.15681148,0
0.85156304,0.14843695,1
0.923636,0.07636404,0
0.96537304,0.034626994,0
0.9735069,0.026493063,0
0.9681381,0.031861894,0
0.9599583,0.040041696,0
0.93856716,0.061432842,0
0.48400483,0.5159952,1
0.43799457,0.5620054,1
0.5652769,0.43472305,1
0.5118645,0.48813552,1
0.40618557,0.5938145,1
0.5130917,0.48690832,1
0.56613636,0.4338636,1
0.692473,0.30752707,1
0.88635844,0.1136415,0
0.95821697,0.041783065,0
0.6378065,0.3621935,1
0.82155645,0.1784436,1
0.87366444,0.12633555,0
0.85749334,0.14250664,0
0.85310197,0.14689805,0
0.86132395,0.13867609,1
0.84450346,0.15549658,1
0.66172445,0.33827552,1
0.83314955,0.16685039,0
0.82158655,0.17841345,1
0.83434963,0.1656504,1
0.9603341,0.03966586,0
0.9030686,0.096931346,0
0.77020293,0.22979712,1
0.8278044,0.17219564,1
0.3636873,0.63631266,1
0.64307296,0.356927,1
0.21805176,0.78194827,1
0.2306042,0.76939577,1
0.34245124,0.65754884,1
0.53244287,0.46755713,1
0.9150648,0.08493519,0
0.467998,0.532002,1
0.70862216,0.2913779,0
0.8571994,0.14280063,0
0.8987776,0.10122233,0
0.89415777,0.105842285,0
0.69206387,0.3079361,1
0.7078354,0.29216462,1
0.31076103,0.689239,1
0.3401204,0.6598796,1
0.3611093,0.6388907,1
0.34456536,0.65543467,1
0.9102425,0.08975753,0
0.90241444,0.09758562,0
0.9224567,0.077543356,0
0.9127813,0.0872187,0
0.90285623,0.09714377,0
0.43286413,0.5671359,1
0.37981847,0.62018144,1
0.23489103,0.76510894,1
0.09844858,0.9015514,1
0.86390144,0.13609855,0
0.91506743,0.08493258,0
0.4430694,0.55693054,0
0.15365027,0.8463497,1
0.30060476,0.69939524,1
0.4376644,0.5623356,0
0.86378336,0.13621663,0
0.7641535,0.23584655,0
0.75708026,0.24291979,0
0.6914216,0.3085783,0
0.96049666,0.039503388,0
0.48862714,0.51137286,1
0.3181724,0.6818276,1
0.19280271,0.8071973,1
0.080402546,0.9195974,1
0.10224401,0.89775604,1
0.13746282,0.8625372,1
0.15135658,0.8486435,1
0.1550367,0.8449633,1
0.5583246,0.44167542,0
0.60233575,0.39766428,0
0.9384216,0.061578345,0
0.96343035,0.03656964,0
0.91024375,0.08975626,0
0.5203802,0.47961983,0
0.73213536,0.26786464,0
0.7603891,0.23961094,0
0.8862047,0.113795355,0
0.883995,0.11600501,0
0.8671319,0.13286813,0
0.864207,0.13579299,0
0.8615251,0.13847491,0
0.8330186,0.16698141,1
0.8671125,0.1328875,0
0.85824966,0.14175035,0
0.96947306,0.030526986,0
0.97274303,0.027256928,0
0.967699,0.032301046,0
0.9578416,0.04215845,0
0.85318744,0.14681253,0
0.7784241,0.22157584,1
0.83078855,0.16921146,0
0.8448237,0.15517628,0
0.8425855,0.15741447,0
0.8264656,0.17353432,0
0.8606537,0.13934633,0
0.8613112,0.13868879,0
0.9487333,0.05126664,0
0.91919684,0.08080314,0
0.8540403,0.14595966,0
0.86624557,0.13375443,0
0.67010045,0.32989955,0
0.24841899,0.7515811,1
0.6969383,0.30306178,1
0.8465261,0.1534739,1
0.8791856,0.12081441,0
0.902745,0.09725497,0
0.86401546,0.13598454,1
0.8298202,0.1701798,0
0.77974576,0.22025424,0
0.71548265,0.2845173,1
0.80053097,0.199469,1
0.79684716,0.20315276,1
0.837137,0.16286309,0
0.8158995,0.18410051,1
0.90064913,0.09935092,0
0.8890334,0.110966586,1
0.91957676,0.08042325,0
0.9401352,0.05986479,0
0.8984982,0.101501875,1
0.87159747,0.12840258,1
0.80543935,0.19456068,1
0.3687817,0.6312184,1
0.35687822,0.6431218,1
0.3767765,0.62322354,1
0.8095738,0.19042619,0
0.5191506,0.48084942,1
0.8045058,0.19549422,0
0.88181305,0.11818697,0
0.92797387,0.07202617,0
0.9292145,0.07078554,0
0.9406011,0.059398934,0
0.94112897,0.058871094,0
0.93910587,0.060894188,0
0.89646506,0.103535004,0
0.6636312,0.33636883,1
0.8740294,0.12597062,0
0.54339063,0.4566093,1
0.7537071,0.24629292,1
0.5552884,0.44471166,1
0.9182727,0.081727326,0
0.9145997,0.08540025,0
0.89266276,0.10733722,0
0.9754557,0.024544302,0
0.97081727,0.029182652,0
0.89894927,0.10105069,0
0.8849074,0.11509259,0
0.90193737,0.09806272,0
0.8947557,0.1052443,0
0.89260024,0.10739971,0
0.9032902,0.09670979,0
0.9037768,0.09622321,0
0.90326786,0.09673214,0
0.9679206,0.032079432,0
0.9154573,0.084542744,0
0.85891455,0.1410854,1
0.78935593,0.21064405,1
0.8580171,0.14198297,1
0.8578228,0.14217718,0
0.86578447,0.13421558,1
0.86834204,0.13165799,0
0.8448416,0.15515843,0
0.9504344,0.049565565,0
0.8712714,0.12872864,1
0.89014924,0.10985074,1
0.6190377,0.38096228,1
0.6537706,0.3462294,1
0.6219382,0.37806177,1
0.85297847,0.14702156,0
0.87248415,0.12751588,0
0.87696934,0.12303063,0
0.8574715,0.14252846,0
0.8284811,0.17151894,0
0.8422651,0.15773487,0
0.9485264,0.051473625,0
0.9486679,0.05133212,0
0.892233,0.107766986,1
0.8563279,0.14367211,1
0.746857,0.25314307,0
0.85379463,0.1462054,1
0.7549388,0.24506123,1
0.8456477,0.15435228,0
0.91892934,0.08107068,0
0.9363384,0.06366164,0
0.96392006,0.036079936,0
0.9364842,0.0635158,0
0.9297466,0.07025339,0
0.90163285,0.09836712,0
0.85835105,0.14164896,0
0.80189365,0.19810636,0
0.8625848,0.13741517,0
0.91954577,0.08045423,0
0.86760724,0.13239281,0
0.88403565,0.11596439,1
0.9525526,0.04744741,0
0.92423016,0.07576983,1
0.8932008,0.10679914,1
0.29069772,0.70930225,1
0.63163805,0.368362,1
0.53705496,0.46294507,1
0.70365465,0.29634538,1
0.8398217,0.16017826,1
0.93050605,0.06949399,0
0.9400132,0.059986793,0
0.8800985,0.119901426,0
0.82259536,0.17740464,0
0.94192034,0.058079623,0
0.94043046,0.059569452,0
0.8514224,0.14857757,0
0.7785023,0.22149771,0
0.7165094,0.28349063,0
0.75128204,0.2487179,0
0.6738812,0.3261189,1
0.870528,0.12947196,0
0.25753352,0.7424665,1
0.51584417,0.48415583,1
0.75859326,0.24140675,1
0.30680403,0.69319594,1
0.8978678,0.10213219,0
0.9706547,0.029345293,0
0.93813235,0.061867584,0
0.90325403,0.09674595,0
0.72788095,0.27211905,1
0.43289232,0.5671077,1
0.48986745,0.5101326,1
0.5004543,0.49954572,1
0.5184458,0.48155427,1
0.59289515,0.40710482,1
0.52742904,0.472571,1
0.5409177,0.45908228,1
0.8445587,0.15544133,0
0.8245553,0.17544472,0
0.8487885,0.15121154,0
0.85350645,0.14649355,0
0.8221467,0.17785323,0
0.9607436,0.039256405,0
0.9572173,0.0427827,0
0.8467257,0.15327425,0
0.8604429,0.13955718,0
0.8452584,0.15474156,0
0.75978744,0.24021251,1
0.5511067,0.44889334,1
0.7323535,0.26764646,1
0.8330945,0.1669055,0
0.861616,0.138384,1
0.72288364,0.2771163,1
0.04198298,0.95801705,1
0.11450927,0.8854907,1
0.08647313,0.9135269,1
0.41087484,0.58912516,1
0.096430734,0.9035693,1
0.8335627,0.16643734,0
0.60840845,0.39159155,0
0.78365374,0.21634628,0
0.78518003,0.21482,0
0.8265636,0.17343642,0
0.65041363,0.3495864,0
0.19412799,0.805872,1
0.6407399,0.3592601,0
0.6102599,0.3897401,0
0.8480159,0.15198408,0
0.74734575,0.25265425,0
0.082399234,0.91760075,1
0.7633504,0.2366496,0
0.8236995,0.17630056,0
0.8791447,0.12085526,0
0.9012225,0.098777495,0
0.8238481,0.1761519,0
0.8919795,0.10802053,0
0.64795834,0.35204166,1
0.44046393,0.55953604,1
0.3086993,0.6913007,1
0.5975054,0.4024946,0
0.78660035,0.21339972,0
0.2679279,0.7320721,1
0.36890912,0.6310909,1
0.8508087,0.14919129,0
0.42349404,0.57650596,1
0.3957143,0.60428566,0
0.13944745,0.86055255,1
0.3109578,0.6890422,0
0.15028162,0.84971833,1
0.29320237,0.70679766,1
0.8411544,0.15884562,0
0.9151658,0.08483423,0
0.3500967,0.64990336,0
0.6717657,0.32823434,0
0.6739233,0.3260767,0
0.35149673,0.6485033,0
0.905331,0.09466898,0
0.9503981,0.049601875,0
0.8874602,0.11253984,0
0.7316662,0.2683338,0
0.2585463,0.7414537,1
0.3222854,0.67771465,1
0.4521346,0.54786545,0
0.45745006,0.5425499,0
0.5231742,0.47682574,0
0.6817416,0.31825837,0
0.9156489,0.084351175,0
0.9061112,0.09388879,0
0.8663202,0.13367985,0
0.88358766,0.1164123,0
0.5501356,0.4498644,1
0.55450076,0.4454992,1
0.52966315,0.4703368,1
0.53303355,0.46696645,1
0.65442413,0.34557587,1
0.64440763,0.35559237,1
0.84724146,0.15275855,0
0.7628299,0.23717009,0
0.9488457,0.05115436,0
0.9151305,0.08486946,0
0.4334454,0.5665546,1
0.5791854,0.42081454,0
0.514552,0.4854481,1
0.80944276,0.19055723,0
0.8516413,0.14835873,1
0.70983934,0.29016066,1
0.22914404,0.77085596,1
0.078142494,0.9218575,1
0.4654079,0.5345921,0
0.80557454,0.19442546,0
0.9103589,0.08964105,0
0.5498184,0.45018157,0
0.76768094,0.23231906,0
0.9096017,0.09039832,0
0.8460134,0.15398654,0
0.8547526,0.14524738,0
0.60525346,0.39474657,1
0.7664076,0.23359236,0
0.8668964,0.1331036,0
0.9028468,0.09715318,0
0.7742426,0.2257574,0
0.69077814,0.3092219,1
0.5528617,0.44713834,1
0.6435125,0.3564875,1
0.6778594,0.32214054,1
0.91258806,0.087411955,0
0.9252788,0.0747212,0
0.7783321,0.22166787,0
0.82464916,0.1753509,0
0.62725675,0.37274322,0
0.52625304,0.473747,1
0.44162336,0.55837667,1
0.4830133,0.51698667,1
0.37368727,0.62631273,1
0.59962696,0.400373,1
0.90078896,0.09921101,0
0.92065805,0.079341955,0
0.90682614,0.09317381,0
0.782433,0.21756701,0
0.4240766,0.57592344,1
0.5981497,0.40185028,0
0.5614638,0.43853623,0
0.72291374,0.27708626,0
0.78753215,0.21246782,0
0.769413,0.23058704,0
0.81202674,0.18797328,0
0.861406,0.13859399,0
0.7953402,0.20465979,0
0.7138695,0.28613046,0
0.8994555,0.10054449,0
0.9023918,0.09760816,0
0.74671197,0.25328803,0
0.7180374,0.28196254,0
0.7483516,0.2516484,0
0.9503294,0.04967062,0
0.9057257,0.0942743,0
0.7869327,0.21306737,0
0.7256563,0.27434373,1
0.70203936,0.29796064,1
0.6739073,0.32609272,1
0.9064981,0.093501925,0
0.9279041,0.072095856,0
0.90199137,0.0980086,0
0.79773843,0.20226155,1
0.6373626,0.36263737,1
0.21338192,0.78661805,1
0.40311304,0.59688693,1
0.55687004,0.44312996,1
0.56819767,0.4318023,1
0.57428634,0.42571366,1
0.021094497,0.97890544,1
0.8495864,0.15041363,0
0.7948108,0.20518915,0
0.86492044,0.13507956,0
0.7424998,0.25750014,0
0.674183,0.32581693,1
0.07460025,0.9253997,1
0.2096477,0.7903523,1
0.89292026,0.10707979,0
0.73446894,0.26553103,1
0.87831485,0.12168517,0
0.5072288,0.4927712,1
0.59537154,0.40462837,0
0.6141485,0.3858514,1
0.6820358,0.31796417,1
0.5297529,0.47024706,1
0.8699499,0.13005017,0
0.86474115,0.13525885,0
0.8945575,0.10544253,0
0.4908792,0.50912076,1
0.8175394,0.18246067,0
0.8392286,0.1607715,0
0.80014896,0.19985104,0
0.49226344,0.50773656,1
0.4019403,0.5980597,1
0.41290766,0.5870923,1
0.52442783,0.4755721,1
0.39382616,0.6061738,1
0.5859705,0.41402948,1
0.8328803,0.16711968,0
0.70979786,0.29020217,1
0.8295943,0.17040566,0
0.9337887,0.06621124,0
0.91772485,0.08227511,0
0.90388834,0.09611161,0
0.8273814,0.17261861,0
0.83077633,0.16922362,0
0.84194994,0.15805005,0
0.85265845,0.14734153,0
0.8959722,0.10402783,0
0.8741636,0.12583634,0
0.91807264,0.08192735,0
0.57395613,0.4260439,1
0.81847215,0.18152787,0
0.8013034,0.19869663,0
0.8544856,0.14551447,0
0.8217342,0.17826581,0
0.8439461,0.15605387,0
0.8404962,0.15950383,0
0.8224407,0.17755927,0
0.8107139,0.18928614,0
0.70829904,0.29170093,1
0.92391574,0.076084286,0
0.8340945,0.1659055,0
0.66152513,0.33847487,1
0.72862923,0.27137074,1
0.7607445,0.23925553,1
0.9084032,0.091596715,0
0.7644791,0.23552082,1
0.8095429,0.1904571,1
0.24222472,0.7577753,1
0.63510287,0.36489707,1
0.38323507,0.6167649,1
0.8917232,0.10827674,0
0.872578,0.12742205,0
0.74809974,0.25190023,1
0.819948,0.18005195,0
0.80158967,0.19841029,0
0.89526576,0.10473419,0
0.79054,0.20945996,0
0.7674915,0.23250844,0
0.7838056,0.21619444,0
0.8001013,0.1998988,0
0.08022373,0.91977626,1
0.8354782,0.16452183,0
0.88808936,0.111910656,0
0.8333983,0.1666017,0
0.83437663,0.16562337,0
0.9156022,0.08439782,0
0.7625476,0.23745242,0
0.25987285,0.7401271,1
0.9250322,0.07496788,0
0.9223994,0.07760064,0
0.7344324,0.26556763,0
0.9110374,0.08896267,0
0.89201707,0.107982896,0
0.1343266,0.86567336,1
0.14160974,0.8583902,1
0.13883463,0.8611654,1
0.13788043,0.86211956,1
0.19024193,0.80975807,1
0.3042787,0.69572127,0
0.614837,0.38516298,0
0.76639104,0.23360899,0
0.87540805,0.12459199,0
0.28038514,0.71961486,0
0.52407026,0.47592977,0
0.4457772,0.55422276,0
0.615369,0.38463095,0
0.5858426,0.41415733,0
0.34081352,0.6591865,0
0.12446961,0.87553036,1
0.738762,0.26123795,0
0.7068565,0.29314348,0
0.8624124,0.13758752,0
0.75268596,0.24731407,0
0.6517886,0.34821144,0
0.7162972,0.28370282,0
0.7489522,0.25104773,0
0.7632041,0.23679596,0
0.7041705,0.2958295,1
0.6209907,0.37900937,1
0.96931374,0.030686269,0
0.9415552,0.05844482,0
0.751762,0.248238,1
0.7147096,0.2852904,1
0.6501648,0.34983522,1
0.5624164,0.43758357,1
0.5525259,0.44747406,1
0.7463182,0.25368175,0
0.75601685,0.24398315,0
0.5913088,0.4086912,1
0.6805311,0.31946892,1
0.860402,0.13959803,0
0.951068,0.048932023,1
0.93186885,0.06813117,0
0.87609595,0.123904034,0
0.72945446,0.27054554,0
0.6193796,0.38062036,1
0.51602954,0.48397043,1
0.49207166,0.5079284,1
0.52624655,0.47375345,1
0.7558362,0.2441638,0
0.8551883,0.14481167,0
0.93874156,0.061258372,0
0.5776497,0.42235026,0
0.084197514,0.9158025,1
0.31931832,0.6806817,1
0.2090282,0.7909718,1
0.28064224,0.7193578,1
0.49137005,0.50863,0
0.35924974,0.6407503,1
0.9318754,0.06812467,0
0.19828348,0.80171645,1
0.103553146,0.8964468,1
0.08710231,0.9128977,1
0.10394552,0.8960545,1
0.08939147,0.91060853,1
0.098125935,0.901874,1
0.051916093,0.94808394,1
0.01745753,0.9825425,1
0.42908388,0.57091606,0
0.693803,0.30619696,0
0.747556,0.25244406,0
0.8341901,0.16580988,0
0.8932037,0.1067963,0
0.19915682,0.8008432,0
0.12892443,0.87107563,1
0.109491885,0.8905081,1
0.16100647,0.83899355,1
0.032435838,0.96756417,1
0.6878005,0.3121994,0
0.6463335,0.3536665,0
0.9291385,0.070861556,0
0.9499325,0.050067473,0
0.89250255,0.10749749,0
0.8206305,0.17936952,0
0.12315074,0.87684923,1
0.16779919,0.83220077,1
0.11383651,0.8861635,1
0.16291022,0.8370898,1
0.035629924,0.9643701,1
0.08269228,0.9173077,1
0.27001628,0.72998375,0
0.9157972,0.08420281,0
0.8746275,0.12537256,0
0.0699945,0.93000555,1
0.16474475,0.83525527,0
0.11481784,0.8851822,1
0.12683138,0.87316865,0
0.22300485,0.7769951,0
0.24831015,0.75168985,1
0.35830176,0.64169824,0
0.45968345,0.54031646,0
0.80385077,0.19614927,0
0.9104723,0.08952775,0
0.8051189,0.19488107,0
0.24748614,0.7525138,1
0.30564532,0.6943547,1
0.2232812,0.7767188,1
0.15287222,0.84712774,1
0.13337635,0.8666236,1
0.20606098,0.793939,1
0.20597233,0.7940276,1
0.2847638,0.71523625,0
0.4421404,0.55785966,0
0.87411153,0.12588847,0
0.65120745,0.34879258,0
0.29794154,0.70205843,0
0.14101666,0.85898334,1
0.14581865,0.8541814,1
0.18668374,0.8133162,1
0.5531065,0.44689354,0
0.10787125,0.89212877,1
0.30369645,0.69630355,1
0.5562474,0.44375253,0
0.58828485,0.4117152,0
0.599427,0.400573,0
0.5938379,0.40616205,0
0.06974513,0.9302549,1
0.119608425,0.8803916,1
0.14292556,0.8570745,1
0.032463465,0.96753657,1
0.005229836,0.9947701,1
2.1058351e-05,0.9999789,1
0.002281255,0.9977188,1
0.020079665,0.9799203,1
0.16356966,0.8364303,1
0.33756837,0.66243166,0
0.26324606,0.73675394,1
0.5974469,0.402553,0
0.82813364,0.17186634,0
0.75675964,0.2432404,0
0.15230583,0.8476942,0
0.38301656,0.6169834,0
0.43397805,0.5660219,0
0.44123095,0.558769,0
0.053175323,0.94682467,1
0.0056927367,0.9943072,1
0.036181774,0.9638182,1
0.49501148,0.50498855,0
0.77128,0.22871998,0
0.06901757,0.9309825,1
0.24382493,0.75617504,0
0.1130662,0.88693374,1
0.1955395,0.80446047,1
0.63931066,0.36068934,0
0.78741926,0.21258076,0
0.6714177,0.32858223,0
0.9479289,0.052071072,0
0.7942612,0.20573877,0
0.2031957,0.79680437,1
0.39695147,0.60304856,0
0.39769474,0.6023053,0
0.40835202,0.59164804,0
0.23376651,0.7662335,1
0.936459,0.06354099,0
0.8639764,0.13602358,0
0.4561293,0.5438707,0
0.3107513,0.68924874,0
0.2642018,0.7357982,0
0.07862125,0.92137873,1
0.06527498,0.934725,1
0.119787686,0.8802123,1
0.66636336,0.3336366,0
0.9502767,0.049723305,0
0.94030935,0.059690632,0
0.628834,0.37116602,0
0.5266071,0.47339287,1
0.62591875,0.3740813,0
0.68462414,0.3153759,0
0.7886168,0.2113832,0
0.64835536,0.3516446,1
0.63720125,0.3627987,1
0.8822361,0.1177639,0
0.92196023,0.0780398,0
0.4959165,0.50408345,0
0.5427209,0.45727912,0
0.5678421,0.43215787,0
0.5780315,0.4219685,0
0.54844564,0.45155433,1
0.55583215,0.44416782,1
0.7650674,0.23493262,0
0.9061726,0.09382746,0
0.25951114,0.7404888,1
0.21007277,0.7899272,1
0.28554517,0.71445477,1
0.111704476,0.88829553,1
0.27653772,0.72346234,1
0.27582982,0.7241702,1
0.0047341734,0.99526584,1
0.61254656,0.38745344,0
0.85131353,0.14868645,0
0.8778181,0.12218192,0
0.8427103,0.15728968,0
0.72300714,0.2769928,0
0.3065122,0.6934878,0
0.31362945,0.68637055,0
0.40875486,0.5912451,0
0.042029154,0.95797086,1
0.048462823,0.9515372,1
0.13976748,0.86023253,1
0.438877,0.561123,0
0.600481,0.39951903,0
0.38622144,0.6137786,1
0.8337641,0.16623591,0
0.8857626,0.11423747,0
0.7779351,0.22206491,0
0.38352674,0.61647326,0
0.3468068,0.65319324,0
0.41003948,0.5899606,1
0.61053795,0.38946208,0
0.23423165,0.76576835,1
0.35301456,0.64698535,1
0.39046985,0.6095301,0
0.49234015,0.5076599,0
0.4318908,0.56810915,0
0.29349583,0.70650417,1
0.08783595,0.91216403,1
0.15771012,0.84228987,1
0.17588432,0.8241157,1
0.2550218,0.7449782,1
0.6154006,0.38459942,0
0.6651973,0.33480266,0
0.93866587,0.06133411,0
0.96145254,0.038547512,0
0.94825256,0.051747505,0
0.26839477,0.73160523,1
0.44470087,0.5552991,0
0.1771935,0.82280654,1
0.15726024,0.84273976,1
0.33004093,0.66995907,1
0.38828173,0.6117182,1
0.45122376,0.54877627,1
0.7389017,0.26109833,0
0.81160516,0.18839487,0
0.96889496,0.031105036,0
0.8805464,0.11945363,0
0.7801748,0.21982522,0
0.78353417,0.21646585,0
0.1275954,0.8724046,1
0.20079094,0.799209,1
0.7130051,0.2869949,0
0.7941794,0.20582062,0
0.9173438,0.082656264,0
0.8649287,0.13507129,0
0.55542403,0.444576,0
0.58247817,0.4175219,0
0.60695505,0.39304495,0
0.5958654,0.40413463,0
0.5818644,0.41813558,0
0.5513232,0.44867682,0
0.33358267,0.6664173,1
0.41653514,0.58346486,1
0.55095553,0.44904447,0
0.7246102,0.2753898,1
0.8330534,0.16694662,0
0.07250883,0.9274912,1
0.100844935,0.8991551,1
0.24870715,0.7512929,1
0.55137634,0.4486236,0
0.13059416,0.8694058,1
0.2636954,0.73630464,0
0.4364697,0.5635303,0
0.6023445,0.3976555,0
0.6223799,0.37762007,0
0.7170951,0.282905,0
0.74270105,0.25729892,0
0.7577228,0.24227722,0
0.9079605,0.09203947,0
0.506826,0.49317393,0
0.082696386,0.9173037,1
0.44307238,0.55692756,0
0.53405064,0.46594936,0
0.8819409,0.118059084,0
0.9017126,0.09828743,0
0.80176574,0.19823429,0
0.43295255,0.5670475,0
0.51108956,0.48891038,0
0.24608149,0.75391847,1
0.53440064,0.4655994,0
0.06966023,0.9303398,1
0.79955834,0.2004417,0
0.6764882,0.3235118,0
0.947164,0.052836057,0
0.94385463,0.056145426,0
0.8273789,0.17262103,0
0.29866266,0.7013374,1
0.14233969,0.8576603,1
0.2086386,0.7913614,1
0.32824707,0.671753,1
0.2378186,0.7621814,1
0.25910068,0.7408994,1
0.3721334,0.6278666,0
0.8780593,0.12194068,0
0.5656407,0.4343593,0
0.31387362,0.6861264,0
0.07795107,0.92204887,1
0.13647074,0.86352926,1
0.15015407,0.8498459,1
0.22354391,0.7764561,1
0.491638,0.50836205,0
0.52191967,0.47808033,0
0.031209853,0.9687902,1
0.4580646,0.5419354,0
0.63680977,0.3631902,0
0.6432743,0.35672578,0
0.742809,0.257191,0
0.97033936,0.029660635,0
0.8275327,0.17246726,0
0.26566094,0.73433906,1
0.6720047,0.3279953,0
0.052714784,0.9472852,1
0.05062918,0.9493708,1
0.076233834,0.9237662,1
0.4451499,0.5548501,1
0.7752732,0.22472675,0
0.56919485,0.43080518,0
0.69018084,0.30981913,0
0.70680577,0.29319432,0
0.9006635,0.09933645,0
0.9000005,0.0999995,0
0.8904953,0.109504715,0
0.8733419,0.12665814,0
0.8257106,0.17428942,0
0.5633537,0.43664634,0
0.4417765,0.5582235,0
0.42338735,0.5766127,0
0.46298212,0.5370179,0
0.48594803,0.51405203,0
0.04197708,0.95802295,1
0.17605561,0.82394433,1
0.59647375,0.40352628,0
0.76204467,0.23795536,0
0.733354,0.26664606,0
0.75605655,0.24394344,0
0.7745213,0.22547863,0
0.5556162,0.4443838,1
0.26685598,0.73314404,1
0.28348243,0.71651757,1
0.00016229924,0.99983764,1
0.004927895,0.99507207,1
0.50584745,0.49415258,0
0.6355372,0.36446276,0
0.66086054,0.3391395,0
0.6976595,0.3023405,0
0.047145873,0.95285416,1
0.03699062,0.96300936,1
0.2973171,0.702683,0
0.01489252,0.9851075,1
2.0265131e-06,0.999998,1
0.0019300735,0.99806994,1
0.0055573485,0.99444264,1
0.66935253,0.3306474,0
0.68039125,0.31960872,0
0.89900756,0.10099248,0
0.8137637,0.18623632,0
0.090975195,0.9090248,1
0.21207303,0.787927,0
0.46879572,0.5312043,0
0.49086437,0.5091356,0
0.53722703,0.462773,0
0.85105246,0.14894748,0
0.830917,0.169083,0
0.7825467,0.21745332,0
0.06639139,0.93360865,1
0.182001,0.81799895,1
0.5155911,0.48440897,0
0.5311395,0.4688605,0
0.53793055,0.4620695,0
0.64570415,0.35429585,0
0.92767525,0.0723248,0
0.93904,0.060959972,0
0.9097206,0.09027946,0
0.6624938,0.33750618,0
0.5538134,0.4461866,1
0.59376633,0.40623373,1
0.97747976,0.022520281,0
0.72331023,0.2766897,1
0.7691027,0.23089725,1
0.7645562,0.23544374,1
0.46594277,0.5340572,1
0.49116778,0.5088323,1
0.90157866,0.09842135,0
0.90638864,0.09361133,0
0.9331113,0.06688871,0
0.9470937,0.052906267,0
0.5117634,0.48823658,1
0.47542912,0.5245709,1
0.46554038,0.53445965,1
0.5926975,0.40730244,1
0.53361875,0.4663813,1
0.41038066,0.5896193,1
0.43581408,0.5641859,1
0.49602246,0.50397754,1
0.95121586,0.048784144,0
0.9144214,0.085578665,0
0.59736353,0.40263638,1
0.5272909,0.47270915,1
0.54499024,0.45500976,1
0.5597397,0.4402603,1
0.5692568,0.43074325,1
0.580878,0.41912192,1
0.55590826,0.4440918,1
0.8176161,0.1823839,0
0.593462,0.406538,0
0.27427542,0.7257246,1
0.16231377,0.8376862,1
0.27931702,0.720683,1
0.24323446,0.75676554,1
0.2818097,0.7181903,1
0.047646075,0.95235395,1
0.12224892,0.87775105,1
0.889097,0.11090295,0
0.9002155,0.09978441,0
0.8586943,0.14130571,0
0.09252528,0.9074747,1
0.01852099,0.98147905,1
0.25034016,0.74965984,1
0.46538356,0.5346164,0
0.17775501,0.82224494,0
0.04720236,0.95279765,1
0.32451668,0.67548335,0
0.5864422,0.4135578,0
0.8262504,0.17374955,0
0.73985416,0.2601458,0
0.88289475,0.1171053,0
0.9086041,0.0913959,0
0.83587974,0.16412024,0
0.5656978,0.43430218,0
0.27354532,0.7264547,1
0.60531944,0.3946805,0
0.37665054,0.6233494,1
0.7562727,0.24372731,0
0.69779307,0.30220696,0
0.83813345,0.16186656,0
0.9066573,0.09334268,0
0.93763804,0.062361963,0
0.93460333,0.065396644,0
0.2212997,0.7787003,1
0.11687387,0.8831261,1
0.17825365,0.82174635,1
0.24459106,0.75540894,1
0.20864794,0.79135203,1
0.24200849,0.7579915,1
0.28035793,0.71964204,1
0.26440895,0.73559105,1
0.37355208,0.6264479,0
0.19867241,0.8013276,1
0.33272174,0.6672783,0
0.7297096,0.2702904,0
0.7142255,0.28577456,0
0.8430408,0.15695915,0
0.97194225,0.028057735,0
0.65612084,0.34387916,0
0.49433732,0.5056626,0
0.75159734,0.24840266,0
0.51016635,0.48983362,1
0.11523097,0.88476896,1
0.5261852,0.47381476,1
0.5391514,0.46084857,1
0.6350561,0.36494395,1
0.73668456,0.26331544,0
0.7849373,0.2150627,0
0.9134833,0.08651666,0
0.8785505,0.121449396,0
0.78818905,0.2118109,0
0.54113734,0.45886272,1
0.43215755,0.5678424,1
0.39267638,0.6073236,1
0.47275147,0.5272485,0
0.48773795,0.51226205,0
0.5785488,0.4214512,1
0.8867794,0.11322053,0
0.87335354,0.12664643,0
0.0557891,0.94421095,1
0.05929334,0.9407067,1
0.65926105,0.34073886,0
0.88304687,0.1169531,0
0.8909735,0.1090265,0
0.61691564,0.38308436,0
0.39248267,0.60751736,0
0.18071479,0.8192852,1
0.42151204,0.57848793,0
0.4784041,0.5215959,0
0.15851583,0.8414842,1
0.026788935,0.97321105,1
0.57622355,0.42377648,0
0.5619886,0.43801135,0
0.63157994,0.36842012,0
0.91291404,0.087085985,0
0.6430915,0.3569085,0
0.50062966,0.49937034,0
0.5270803,0.47291976,0
0.4896424,0.51035756,0
0.46930107,0.53069896,0
0.42428106,0.575719,0
0.43714327,0.56285673,0
0.3426671,0.6573329,1
0.042492166,0.9575078,1
0.7981075,0.20189248,0
0.9163921,0.08360797,0
0.92559516,0.074404836,0
0.19349492,0.8065051,1
0.15793706,0.8420629,1
0.21908669,0.7809133,1
0.23611507,0.7638849,1
0.12257063,0.87742937,1
0.9308244,0.069175616,0
0.52254957,0.47745043,0
0.64976543,0.35023454,0
0.5523773,0.44762272,0
0.54673547,0.4532646,0
0.5732143,0.42678574,0
0.54481816,0.45518178,0
0.16952163,0.83047837,1
0.5041541,0.49584588,0
0.093324356,0.9066756,1
0.5942539,0.40574607,0
0.8914763,0.10852374,0
0.96864444,0.03135553,0
0.7116417,0.28835824,1
0.6059396,0.3940604,1
0.5934905,0.40650958,1
0.019314079,0.98068595,1
0.7989528,0.20104727,0
0.8313483,0.1686517,0
0.47545227,0.5245477,1
0.44560042,0.5543996,1
0.47906148,0.5209386,1
0.54845816,0.4515419,1
0.5444113,0.45558867,1
0.75393635,0.2460637,1
0.47625995,0.52374005,1
0.65971786,0.34028214,1
0.86278987,0.13721012,0
0.877631,0.122368984,0
0.19731979,0.80268013,1
0.29360023,0.7063998,1
0.2306463,0.7693537,1
0.533864,0.46613598,0
0.5779408,0.42205912,0
0.012608002,0.987392,1
0.046065114,0.9539349,1
0.7672036,0.23279643,0
0.7255666,0.27443334,0
0.8165686,0.18343131,0
0.108656324,0.89134365,1
0.278235,0.72176504,1
0.07870269,0.9212973,1
0.20074084,0.7992591,1
0.587549,0.41245106,0
0.60272354,0.39727646,0
0.68131566,0.31868434,0
0.68832237,0.31167766,0
0.92279714,0.07720287,0
0.21143487,0.78856516,1
0.15685184,0.84314823,1
0.14507711,0.85492295,1
0.28755787,0.71244216,1
0.15326695,0.84673303,1
0.027660316,0.9723397,1
0.07035369,0.9296464,1
0.6302875,0.36971244,0
0.6061414,0.39385858,0
0.30214578,0.6978542,1
0.5853576,0.4146423,0
0.45142543,0.5485746,0
0.5501672,0.44983277,0
0.43667668,0.5633234,0
0.57508135,0.42491865,1
0.8010022,0.19899772,0
0.6886676,0.31133243,0
0.14437136,0.85562867,1
0.18409564,0.8159044,1
0.5522005,0.44779947,0
0.5719609,0.4280391,0
0.62594134,0.3740586,1
0.5850162,0.41498378,1
0.6490356,0.35096446,1
0.754402,0.24559803,0
0.9732448,0.026755268,0
0.9724864,0.027513675,0
0.812858,0.18714204,0
0.5795577,0.42044225,1
0.33860233,0.6613977,1
0.30643368,0.69356626,1
0.3659675,0.6340324,1
0.5000574,0.49994266,1
0.9386903,0.061309643,0
0.89799774,0.10200233,0
0.4894808,0.51051915,1
0.4587257,0.54127437,1
0.81372845,0.18627158,0
0.86091024,0.13908976,0
0.633764,0.36623594,0
0.47095072,0.5290493,1
0.4752538,0.52474624,1
0.44631064,0.5536894,1
0.4840891,0.515911,1
0.5301135,0.46988648,1
0.72018635,0.2798137,1
0.6850258,0.31497425,1
0.7403247,0.25967532,1
0.80671155,0.19328839,0
0.49649942,0.5035005,1
0.3922703,0.60772973,1
0.4209912,0.5790088,0
0.35725838,0.6427416,1
0.26794738,0.73205256,1
0.41059873,0.5894012,1
0.46379092,0.53620905,1
0.6485151,0.3514849,1
0.59144795,0.40855202,0
0.70855737,0.2914426,0
0.826639,0.173361,0
0.8292514,0.17074852,0
0.8241341,0.17586586,0
0.8015625,0.19843748,0
0.5858198,0.41418016,0
0.5410779,0.45892206,0
0.6469226,0.3530774,0
0.6360373,0.36396268,0
0.47096422,0.5290358,1
0.672745,0.32725498,0
0.55333936,0.4466607,0
0.6055151,0.39448488,0
0.6039418,0.39605823,1
0.5266789,0.47332108,0
0.24760814,0.7523919,1
0.46662512,0.5333749,0
0.0672039,0.93279606,1
0.67196286,0.32803714,0
0.6173305,0.38266954,0
0.8358521,0.16414794,0
0.7503199,0.24968006,0
0.46313313,0.5368669,1
0.5022267,0.49777332,0
0.45994145,0.54005855,1
0.4862643,0.51373565,0
0.4353957,0.5646043,0
0.5881039,0.41189608,0
0.63902855,0.36097142,0
0.41345674,0.58654326,1
0.71105456,0.28894538,0
0.62094194,0.37905803,0
0.59557664,0.40442336,0
0.57129765,0.4287023,0
0.5153611,0.484639,0
0.87051374,0.1294863,0
0.41456372,0.5854363,1
0.42607576,0.57392424,1
0.45410657,0.54589343,1
0.54379946,0.45620054,1
0.4905529,0.5094471,0
0.40845576,0.5915443,1
0.25923818,0.7407619,1
0.45912036,0.5408796,1
0.50485563,0.49514443,1
0.7272566,0.27274337,1
0.7945133,0.20548666,0
0.5416938,0.4583062,1
0.4599045,0.5400955,1
0.4479128,0.5520872,1
0.51789707,0.48210293,1
0.56120825,0.43879175,1
0.50869024,0.49130982,1
0.46547595,0.5345241,1
0.4824376,0.5175623,1
0.76738054,0.23261946,0
0.76434624,0.23565383,0
0.6033256,0.39667434,0
0.43819514,0.56180483,0
0.23891845,0.7610815,1
0.3530993,0.64690065,0
0.5971454,0.40285462,0
0.62709326,0.37290674,0
0.67704135,0.32295862,0
0.83288336,0.16711664,0
0.52933365,0.47066638,0
0.52749294,0.47250715,1
0.3855615,0.6144385,1
0.18305519,0.8169448,1
0.34417045,0.65582955,1
0.63982666,0.36017334,0
0.52783406,0.47216594,1
0.8676951,0.13230492,0
0.7509276,0.2490724,0
0.2249188,0.7750812,1
0.61148787,0.38851216,1
0.64429367,0.35570636,0
0.6816416,0.3183584,0
0.67724895,0.32275105,0
0.68970865,0.31029138,0
0.38157874,0.61842126,1
0.3982698,0.60173017,1
0.19043934,0.8095606,1
0.6227488,0.37725127,0
0.56930286,0.43069708,0
0.6077452,0.39225486,0
0.8625451,0.13745491,0
0.7648781,0.2351219,0
0.5725445,0.42745548,0
0.4897253,0.51027465,0
0.749848,0.25015205,0
0.5400758,0.45992425,0
0.40062654,0.59937346,0
0.35156608,0.6484339,1
0.49307916,0.5069209,1
0.29808632,0.7019137,1
0.8170389,0.18296105,0
0.861395,0.13860506,0
0.90686196,0.09313811,0
0.6425984,0.35740164,0
0.6174001,0.38259992,0
0.67450154,0.3254985,0
0.56024325,0.43975675,0
0.62393457,0.3760655,0
0.3640995,0.63590044,1
0.6496051,0.35039485,0
0.7112242,0.28877583,1
0.80464065,0.19535938,0
0.8375737,0.16242628,0
0.7286597,0.27134034,0
0.46419412,0.5358059,1
0.46736756,0.53263247,1
0.17104024,0.82895976,1
0.4361097,0.5638904,1
0.5936174,0.40638256,1
0.74944764,0.25055236,1
0.7685334,0.23146667,0
0.5458266,0.45417348,0
0.42959344,0.5704065,1
0.37874815,0.6212518,1
0.41007876,0.58992124,1
0.43838164,0.5616183,1
0.63913363,0.36086634,0
0.2814948,0.71850514,1
0.08883405,0.9111659,1
0.55362535,0.44637468,0
0.59064007,0.40935993,0
0.43330678,0.56669325,0
0.40676224,0.59323776,0
0.34964183,0.65035814,1
0.65265125,0.34734875,0
0.6012352,0.3987648,0
0.6116179,0.3883821,0
0.28433928,0.71566075,1
0.41063055,0.5893695,1
0.4209737,0.5790262,1
0.78058916,0.21941085,1
0.83067584,0.16932413,0
0.67148507,0.32851487,0
0.60282266,0.3971773,0
0.6025343,0.39746574,0
0.70337063,0.2966293,0
0.8789698,0.121030174,0
0.5264968,0.4735031,1
0.5051974,0.49480265,1
0.75321436,0.2467856,0
0.7987963,0.20120373,0
0.7767635,0.22323641,0
0.6373658,0.36263418,0
0.047529206,0.9524707,1
0.660187,0.33981296,0
0.27381086,0.7261891,1
0.8316768,0.16832328,0
0.29514644,0.70485353,0
0.48155427,0.5184458,0
0.42964414,0.57035583,1
0.09026145,0.90973854,1
0.73282963,0.26717037,0
0.92323315,0.07676691,0
0.78551203,0.21448797,0
0.59685755,0.4031425,0
0.5441431,0.45585695,1
0.023816835,0.9761831,1
0.06443842,0.93556154,1
0.33215746,0.6678425,1
0.69559157,0.3044085,0
0.7886083,0.21139172,1
0.84815925,0.15184078,0
0.8482379,0.15176207,0
0.85159177,0.14840825,0
0.45665643,0.5433436,0
0.46994868,0.5300513,0
0.5572705,0.44272944,0
0.56717145,0.4328285,0
0.6197598,0.38024023,0
0.7407757,0.25922433,0
0.13265577,0.8673442,1
0.16458665,0.8354134,1
0.34157276,0.65842724,0
0.61133116,0.3886688,0
0.67997587,0.32002407,0
0.2611475,0.73885244,0
4.7411682e-05,0.99995255,1
0.00035893932,0.99964106,1
0.22189146,0.7781086,1
0.56331927,0.43668073,0
0.75069684,0.24930313,0
0.73780954,0.26219052,0
0.39659482,0.60340524,0
0.52316093,0.47683904,0
0.7358126,0.2641874,0
0.64761084,0.35238922,0
0.81212854,0.18787149,0
0.81594086,0.18405914,0
0.29360655,0.7063934,1
0.6931279,0.3068721,0
0.657316,0.342684,0
0.77757525,0.22242467,0
0.07716706,0.92283297,1
0.037154555,0.96284544,1
0.49332538,0.5066746,0
0.7050558,0.29494432,0
0.67887956,0.32112047,0
0.7183426,0.28165746,0
0.7250857,0.27491432,0
0.6291181,0.37088192,0
0.8100115,0.1899885,0
0.9022724,0.09772759,0
0.7435323,0.2564677,0
0.76715577,0.23284428,0
0.7224796,0.27752036,0
0.7336955,0.26630452,0
0.75565124,0.2443488,0
0.7747181,0.2252819,0
0.72059613,0.2794039,0
0.7176111,0.28238896,0
0.7226334,0.2773665,0
0.7112654,0.2887346,0
0.683713,0.31628704,0
0.70501107,0.29498893,0
0.8549102,0.14508978,0
0.9402834,0.05971652,0
0.90743196,0.092568,0
0.64737725,0.35262278,0
0.6223553,0.37764472,1
0.6289578,0.3710422,0
0.5758218,0.42417818,0
0.56975925,0.43024075,0
0.11979897,0.88020104,1
0.5389364,0.46106362,0
0.4687621,0.53123784,1
0.6667413,0.33325866,0
0.8991738,0.10082626,0
0.5768109,0.42318904,0
0.7994096,0.20059042,1
0.6645591,0.3354409,0
0.6347823,0.3652176,0
0.7508976,0.2491024,1
0.8545359,0.1454641,0
0.7955599,0.20444012,0
0.64733005,0.35266986,0
0.7403231,0.25967687,0
0.8107017,0.18929823,0
0.79820895,0.20179106,0
0.5999731,0.40002695,0
0.629797,0.37020302,0
0.6234383,0.37656167,0
0.591889,0.408111,1
0.6880747,0.3119253,1
0.67483443,0.3251655,1
0.8399344,0.16006559,0
0.83270806,0.16729192,0
0.5285387,0.47146127,1
0.57003295,0.42996705,1
0.6198762,0.3801238,0
0.6528976,0.34710237,0
0.6992544,0.30074567,0
0.6315002,0.3684998,0
0.4630712,0.53692883,1
0.39062724,0.6093728,1
0.5418073,0.45819268,0
0.6383985,0.3616015,1
0.53293186,0.46706817,1
0.7237265,0.2762735,1
0.3431482,0.65685177,1
0.7767158,0.22328417,0
0.794762,0.20523798,0
0.7976358,0.20236424,0
0.062135722,0.9378643,1
0.06771929,0.9322807,1
0.6661856,0.33381435,0
0.70065373,0.2993463,0
0.67354745,0.32645255,0
0.6164448,0.38355514,0
0.80886734,0.19113265,0
0.85707414,0.14292589,0
0.7934976,0.20650232,0
0.6454986,0.35450137,0
0.63212746,0.36787254,0
0.6817019,0.3182981,0
0.68313146,0.31686857,0
0.6754984,0.32450163,0
0.6454781,0.3545219,0
0.22509861,0.7749014,1
0.33138096,0.66861904,1
0.07262482,0.92737514,1
0.6270946,0.37290534,1
0.9372957,0.062704295,0
0.55571413,0.4442858,0
0.6488756,0.3511244,0
0.7008766,0.2991235,0
0.6356089,0.36439112,0
0.59376115,0.40623888,0
0.64086795,0.35913202,0
0.62031406,0.37968597,0
0.63897645,0.36102358,0
0.40898454,0.5910154,1
0.85100394,0.14899601,0
0.7822593,0.21774073,0
0.6004832,0.39951685,0
0.55363625,0.44636378,0
0.15929624,0.8407038,1
0.15077819,0.8492218,1
0.46892455,0.5310754,1
0.48354635,0.5164537,1
0.6193967,0.3806033,1
0.62687945,0.37312055,1
0.5577348,0.44226518,1
0.5327224,0.46727762,0
0.51466197,0.48533803,0
0.14020807,0.85979193,1
0.66143936,0.33856064,0
0.7378033,0.26219675,0
0.06785597,0.932144,1
0.2711514,0.7288487,1
0.81269544,0.18730462,0
0.79341567,0.20658427,0
0.7885232,0.2114768,0
0.40155,0.59845,0
0.6008664,0.39913356,0
0.59849656,0.40150344,0
0.30839097,0.6916091,0
0.16959056,0.8304094,1
0.43098515,0.56901485,1
0.6991342,0.30086586,0
0.46439093,0.535609,1
0.52070206,0.47929794,0
0.06340254,0.93659747,1
0.6471309,0.35286912,0
0.62651074,0.37348926,0
0.12509319,0.8749068,1
0.6848395,0.3151605,0
0.6449644,0.35503557,0
0.8268625,0.17313752,0
0.9023564,0.09764369,0
0.52003324,0.47996673,0
0.7321153,0.2678847,0
0.7280034,0.27199668,0
0.7359459,0.2640541,0
0.39871874,0.6012812,1
0.284126,0.71587396,1
0.6400339,0.35996613,1
0.723154,0.27684596,1
0.677022,0.3229781,1
0.6422075,0.35779256,1
0.81992465,0.18007538,1
0.92494833,0.07505165,0
0.6451338,0.35486612,0
0.37485307,0.6251469,1
0.5969951,0.4030049,1
0.007511381,0.9924886,1
0.24571666,0.7542833,1
0.04120408,0.9587959,1
0.22747663,0.77252334,0
0.80857366,0.19142638,0
0.6923405,0.30765954,0
0.6154641,0.38453588,0
0.66647905,0.3335209,0
0.68865824,0.31134176,0
0.76009625,0.23990369,0
0.66364497,0.336355,0
0.58507574,0.4149242,0
0.565649,0.43435103,0
0.43738347,0.56261647,1
0.6341145,0.36588547,0
0.75095814,0.2490419,0
0.82199365,0.1780063,0
0.5142114,0.48578858,0
0.4997502,0.50024986,0
0.5707636,0.42923638,0
0.61700636,0.38299364,0
0.5517266,0.44827345,0
0.48897877,0.51102126,0
0.33392107,0.66607887,1
0.52829844,0.47170162,0
0.7332104,0.26678962,0
0.7987056,0.20129445,0
0.093865395,0.9061346,1
0.08093555,0.9190644,1
0.17218095,0.827819,1
0.19899571,0.8010043,1
0.08528966,0.91471034,1
0.0120450845,0.987955,1
0.5087988,0.49120122,0
0.81758565,0.18241435,0
0.8295778,0.17042223,0
0.7902546,0.20974533,0
0.60762095,0.3923791,0
0.61048204,0.38951793,0
0.6175772,0.38242278,0
0.5189825,0.48101756,1
0.32782382,0.6721762,1
0.5342112,0.46578872,1
0.44678044,0.55321956,1
0.84199727,0.1580028,0
0.7840209,0.21597913,0
0.8690406,0.13095942,0
0.69882435,0.3011756,0
0.7056201,0.29437992,0
0.7059758,0.29402426,0
0.3452629,0.65473706,1
0.10121266,0.8987874,1
0.7370083,0.2629918,0
0.41225746,0.5877426,1
0.8993386,0.10066134,0
0.898784,0.10121597,0
0.8504183,0.14958166,0
0.79646105,0.20353894,0
0.6006413,0.39935872,0
0.13365665,0.8663434,1
0.76869345,0.23130654,0
0.6548188,0.34518123,1
0.32980937,0.67019063,1
0.34810543,0.65189457,1
0.71576166,0.2842383,0
0.9186072,0.08139275,0
0.787089,0.21291098,0
0.107359044,0.892641,1
0.5669647,0.43303528,0
0.35663435,0.6433657,1
0.7036988,0.29630122,0
0.6958848,0.3041152,0
0.6812869,0.31871316,0
0.7167832,0.28321674,0
0.60512507,0.39487496,0
0.4317231,0.56827694,1
0.68768615,0.31231388,0
0.48010686,0.51989317,1
0.7186631,0.2813369,0
0.80852854,0.19147147,0
0.9369618,0.063038215,0
0.9428217,0.057178345,0
0.9385334,0.06146661,0
0.6860443,0.31395566,0
0.69966626,0.30033374,0
0.6297802,0.3702198,0
0.7345637,0.2654363,0
0.6814095,0.31859052,1
0.84131163,0.15868841,1
0.864154,0.13584605,1
0.90118784,0.098812155,0
0.8357921,0.16420789,0
0.79691344,0.2030866,0
0.61590147,0.38409856,0
0.56700265,0.43299735,1
0.5601414,0.43985865,1
0.48484927,0.5151508,1
0.5311449,0.46885508,1
0.5163846,0.48361546,1
0.5250875,0.47491252,1
0.8603669,0.13963318,0
0.5558469,0.44415313,1
0.60538393,0.39461604,1
0.6691432,0.33085677,1
0.6929888,0.30701122,1
0.724411,0.27558896,1
0.7190151,0.28098485,1
0.69460315,0.30539685,1
0.86339545,0.13660455,0
0.5078893,0.49211073,0
0.5854855,0.4145145,0
0.6292906,0.37070942,0
0.71304375,0.28695625,0
0.5019955,0.49800456,1
0.6688692,0.33113083,0
0.67267287,0.32732716,0
0.88727474,0.1127252,0
0.57783085,0.42216915,1
0.6631655,0.3368345,0
0.49856874,0.5014313,1
0.93913656,0.060863476,0
0.74772376,0.2522762,0
0.636544,0.36345598,1
0.61787313,0.38212684,1
0.7079699,0.2920301,0
0.6973881,0.3026119,0
0.68474966,0.3152503,0
0.60689396,0.393106,1
0.90984315,0.09015689,0
0.49783576,0.50216424,1
0.5398489,0.46015105,1
0.58221585,0.41778412,1
0.838336,0.16166401,0
0.8276826,0.17231734,0
0.6994988,0.30050123,1
0.78476125,0.21523874,1
0.7788272,0.22117282,0
0.7317109,0.26828915,1
0.65109086,0.3489091,0
0.7869306,0.21306941,1
0.8407254,0.15927453,0
0.57162607,0.42837396,0
0.6159607,0.38403928,1
0.6173078,0.38269216,1
0.61636645,0.38363358,1
0.6728359,0.32716417,1
0.6568758,0.3431242,1
0.79100066,0.2089993,0
0.73347723,0.2665228,0
0.7570382,0.24296181,1
0.7374665,0.26253346,1
0.93873066,0.06126937,0
0.89345473,0.1065453,0
0.90330756,0.096692495,0
0.79882747,0.20117249,0
0.5510533,0.44894677,1
0.6668513,0.33314863,1
0.55393654,0.44606343,1
0.5718137,0.42818627,1
0.82200897,0.17799105,1
0.8520402,0.1479599,0
0.77775365,0.22224638,0
0.490147,0.509853,1
0.6247374,0.37526262,1
0.68614644,0.31385356,0
0.18932396,0.81067604,1
0.06653735,0.9334627,1
0.5106412,0.48935872,1
0.78577566,0.2142243,0
0.6459911,0.35400885,0
0.40028265,0.5997173,1
0.6141048,0.38589513,0
0.66409785,0.33590215,0
0.6701791,0.32982087,1
0.5543473,0.44565275,1
0.8677962,0.13220386,0
0.8289091,0.17109092,0
0.6949051,0.3050949,0
0.5693465,0.43065354,1
0.5667374,0.43326256,1
0.73423713,0.2657629,0
0.68998593,0.3100141,0
0.70951015,0.29048982,0
0.5485246,0.45147544,1
0.68357486,0.31642514,0
0.67990077,0.32009926,0
0.67453647,0.32546347,0
0.6701766,0.32982337,0
0.77965933,0.22034068,0
0.7786171,0.2213829,0
0.89462423,0.10537571,0
0.93459576,0.06540425,0
0.5717869,0.42821315,1
0.6827524,0.3172476,0
0.6028533,0.3971468,0
0.7854068,0.21459326,0
0.7475431,0.2524569,1
0.7817749,0.21822508,0
0.86710966,0.13289034,0
0.87140465,0.12859532,0
0.93168503,0.068314955,0
0.9636213,0.03637867,1
0.94093996,0.059059978,1
0.72995335,0.27004668,0
0.7379099,0.26209006,0
0.73067814,0.26932186,0
0.80437815,0.19562186,0
0.8384956,0.1615044,0
0.76139116,0.23860882,0
0.77555805,0.22444196,0
0.77480733,0.22519273,0
0.7479204,0.25207955,0
0.9073513,0.09264864,0
0.89878714,0.10121285,0
0.81677634,0.18322372,0
0.5526188,0.4473812,1
0.5866692,0.41333085,1
0.5939763,0.4060237,1
0.6043413,0.39565864,1
0.49232054,0.5076794,1
0.65395033,0.34604967,1
0.6187099,0.38129002,1
2.5406425e-07,0.99999976,1
1.0066374e-05,0.99999,1
0.501984,0.498016,0
0.762587,0.23741305,0
0.79141873,0.20858125,0
0.7206889,0.27931112,0
0.83419573,0.16580431,0
0.76650596,0.23349404,0
0.75108725,0.24891278,0
0.91350615,0.08649385,0
0.1859992,0.8140008,0
0.00026112335,0.9997389,1
0.09628334,0.9037167,0
0.0764633,0.9235367,1
0.4562598,0.54374015,0
0.21670143,0.7832986,0
0.8863267,0.113673314,0
0.8322538,0.1677462,0
0.24333313,0.7566669,0
0.17373593,0.8262641,0
0.7157182,0.28428185,0
0.7271686,0.27283138,0
0.78215635,0.21784367,0
0.441095,0.55890495,1
0.6046147,0.39538527,1
0.85903525,0.14096476,0
0.916798,0.083202004,0
0.9332593,0.06674065,0
0.8762006,0.123799436,0
0.91286165,0.08713833,0
0.74615663,0.25384328,0
0.7530856,0.24691437,0
0.72771287,0.2722871,0
0.7295149,0.2704851,0
0.76924795,0.23075204,0
0.7890438,0.2109562,0
0.77938884,0.22061117,0
0.8098458,0.19015415,0
0.7233407,0.27665928,1
0.85381097,0.14618908,0
0.7815551,0.21844485,0
0.9227869,0.07721308,0
0.94070256,0.059297435,1
0.9600019,0.03999815,0
0.6861027,0.3138973,0
0.7175759,0.28242406,0
0.6861432,0.31385678,0
0.6916272,0.30837277,0
0.7554854,0.24451458,0
0.74643594,0.25356406,0
0.81205446,0.1879455,1
0.7673185,0.23268153,1
0.9252123,0.07478761,0
0.9683176,0.031682443,0
0.9515251,0.048474964,0
0.8855425,0.114457466,0
0.62043214,0.37956786,0
0.57945436,0.4205457,1
0.59673756,0.4032624,0
0.6189876,0.38101238,1
0.772156,0.227844,0
0.73703164,0.2629684,0
0.92604315,0.07395685,0
0.59687775,0.40312222,1
0.6037793,0.39622068,1
0.67581874,0.3241813,1
0.8614616,0.13853836,0
0.8791329,0.120867066,1
0.9187778,0.08122213,0
0.9061511,0.09384884,1
0.89262795,0.10737201,0
0.80088574,0.1991142,1
0.36842573,0.6315743,1
0.22026186,0.7797382,1
0.4705238,0.5294762,1
0.5791102,0.42088977,1
0.21271093,0.7872891,1
0.7257732,0.27422678,1
0.9078995,0.09210052,1
0.8921794,0.10782062,0
0.7985032,0.20149675,1
0.8477892,0.15221079,1
0.79594815,0.20405187,1
0.7520617,0.24793829,0
0.9156721,0.08432782,0
0.79918253,0.20081754,0
0.09052783,0.9094722,1
0.675843,0.324157,0
0.6898402,0.31015977,0
0.7268779,0.2731221,0
0.5968752,0.4031248,0
0.66641235,0.33358765,0
0.8972879,0.102712125,0
0.8103922,0.18960774,0
0.8666168,0.1333832,0
0.9134359,0.08656414,0
0.87837684,0.12162308,0
0.6490899,0.35091007,1
0.6399011,0.36009887,1
0.7105679,0.28943208,0
0.6486219,0.35137808,1
0.6162934,0.3837067,0
0.7553496,0.24465042,0
0.7331346,0.26686534,0
0.8733012,0.12669885,0
0.010483768,0.98951626,1
0.031357147,0.9686429,1
0.01169657,0.9883034,1
0.7878153,0.21218477,0
0.011789271,0.9882108,1
0.6021674,0.3978325,0
0.7608556,0.23914444,0
0.90587497,0.094124995,0
0.7552565,0.24474353,0
0.94955754,0.05044238,0
0.93219817,0.067801885,0
0.8379039,0.16209604,0
0.5963728,0.40362725,0
0.64535046,0.35464954,0
0.5089827,0.49101734,0
0.6519992,0.34800082,0
0.72583824,0.27416173,0
0.87602437,0.123975605,0
0.786236,0.21376397,0
0.79706526,0.2029348,0
0.8645697,0.1354303,0
0.8874669,0.11253311,0
0.7937589,0.20624109,0
0.83674115,0.16325884,0
0.9694244,0.03057562,0
0.9693425,0.03065741,0
0.95217097,0.047829036,0
0.77643496,0.22356506,0
0.63237876,0.36762127,0
0.81594396,0.18405603,0
0.8234344,0.1765656,0
0.7513869,0.24861315,0
0.6475266,0.3524734,1
0.74314004,0.25685993,0
0.7764269,0.22357309,0
0.9064303,0.093569726,0
0.92981625,0.07018375,0
0.60372347,0.3962765,0
0.5866836,0.41331646,1
0.57728547,0.42271447,1
0.5737496,0.42625046,0
0.5771276,0.42287242,1
0.55386317,0.4461368,0
0.8154193,0.1845807,0
0.7171962,0.2828038,0
0.69750166,0.30249837,1
0.7691584,0.23084155,1
0.6966639,0.30333614,0
0.7177102,0.2822898,0
0.7895421,0.21045792,1
0.6914909,0.30850914,1
0.9253573,0.07464273,0
0.5867571,0.41324294,1
0.59041065,0.40958935,1
0.6130201,0.38697985,1
0.60085076,0.3991492,1
0.60284495,0.39715505,1
0.8822596,0.117740415,0
0.7574395,0.24256055,1
0.63331383,0.36668614,1
0.6284484,0.3715516,1
0.64075387,0.35924613,1
0.20663646,0.7933636,1
0.6709888,0.32901117,0
0.7733199,0.22668004,0
0.77102065,0.22897938,0
0.6728786,0.32712144,0
0.70809954,0.2919005,0
0.9113033,0.088696666,0
0.8289833,0.17101671,0
0.8315987,0.16840127,1
0.3525939,0.6474061,1
0.21517713,0.7848228,1
0.64568245,0.35431752,0
0.661473,0.338527,0
0.08344183,0.91655815,1
0.1323394,0.86766064,1
0.79460096,0.20539902,0
0.89175254,0.10824752,0
0.85943973,0.14056025,0
0.014555345,0.9854446,1
0.0012032705,0.9987967,1
0.013536287,0.98646367,1
0.05004328,0.9499567,1
0.00012130511,0.99987864,1
0.00018352522,0.9998165,1
0.8863534,0.1136466,0
0.50054604,0.49945393,0
0.53038704,0.4696129,0
0.5694117,0.43058836,0
0.6346968,0.3653032,0
0.62487817,0.37512183,0
0.6364861,0.36351392,0
0.68388635,0.31611365,0
0.710871,0.28912902,0
0.66142637,0.33857363,0
0.69695467,0.3030453,0
0.86151284,0.13848723,0
0.8423911,0.15760896,0
0.41059804,0.58940196,0
0.45535582,0.5446442,0
0.6365249,0.36347505,0
0.57826036,0.42173964,0
0.5683812,0.43161887,1
0.70495003,0.29504994,0
0.43754616,0.56245387,1
0.8854189,0.11458111,0
0.82381546,0.1761845,0
0.67136335,0.32863662,0
0.21076591,0.7892341,1
0.0056002266,0.9943997,1
0.15444827,0.8455517,1
0.32533368,0.6746663,1
0.114969335,0.8850306,1
0.043655884,0.9563441,1
0.00019632319,0.9998037,1
0.3678239,0.6321761,0
0.71133417,0.28866586,0
0.041771494,0.95822847,0
0.004321989,0.995678,1
0.15779947,0.8422005,1
0.23450449,0.7654955,0
0.060135808,0.9398643,1
0.62243897,0.37756103,0
0.79403573,0.20596427,0
0.89189947,0.10810051,0
0.23175174,0.76824826,0
0.17920797,0.820792,1
0.7737675,0.22623254,0
0.2904739,0.7095261,1
0.77376825,0.22623175,0
0.9483488,0.05165125,0
0.73119444,0.26880547,0
0.67394876,0.32605124,0
0.68847996,0.31152007,0
0.6824923,0.31750765,0
0.6675116,0.33248845,0
0.67763263,0.32236734,0
0.8880374,0.11196261,0
0.88317055,0.11682949,0
0.97168994,0.028310081,0
0.88028693,0.11971313,0
0.8276735,0.17232658,0
0.6390507,0.36094928,0
0.66474694,0.33525303,0
0.75598055,0.24401942,0
0.8415577,0.1584424,0
0.5544422,0.4455578,1
0.63857484,0.36142516,1
0.7282103,0.27178973,1
0.7235278,0.27647218,1
0.87622845,0.12377155,0
0.7839048,0.21609522,0
0.672172,0.32782796,0
0.6838298,0.31617028,0
0.6763253,0.3236746,0
0.66244817,0.3375518,0
0.61447316,0.38552687,1
0.5369069,0.46309304,1
0.5882516,0.4117484,1
0.8180482,0.18195182,0
0.81934184,0.1806581,0
0.7969424,0.20305757,0
0.778441,0.22155897,0
0.6423345,0.3576655,0
0.6703578,0.32964215,0
0.7460738,0.25392625,0
0.7724312,0.22756882,0
0.8184711,0.18152899,0
0.83268446,0.16731556,0
0.9355739,0.064426176,0
0.90931666,0.0906834,0
0.9100817,0.089918256,0
0.91332906,0.08667096,0
0.6325562,0.3674438,1
0.73516065,0.26483935,0
0.8264538,0.17354621,0
0.7721987,0.22780134,0
0.8268374,0.17316258,0
0.8233357,0.17666423,0
0.89769715,0.10230292,1
0.9232924,0.07670761,1
0.84933275,0.15066727,0
0.85725474,0.14274523,1
0.9115555,0.088444486,0
0.9155132,0.08448674,0
0.84337354,0.15662645,0
0.6930814,0.30691862,1
0.7638554,0.23614459,1
0.8159257,0.1840743,0
0.77176774,0.22823231,1
0.80466396,0.19533604,0
0.9351398,0.06486023,1
0.95514494,0.044855077,0
0.9395376,0.060462438,0
0.88586664,0.1141333,0
0.74596995,0.25403008,1
0.67887414,0.32112584,1
0.78297174,0.21702829,1
0.6599344,0.3400657,1
0.9275,0.0725,0
0.8781609,0.121839106,1
0.9674884,0.032511633,0
0.944399,0.055601023,0
0.6621508,0.33784917,1
0.18495786,0.8150422,1
0.027717695,0.97228235,1
0.15822122,0.84177876,1
0.105196685,0.8948033,1
0.34509283,0.65490717,1
0.40478078,0.59521925,1
0.041531526,0.95846844,1
0.48914596,0.51085407,0
0.8896777,0.110322334,0
0.89417136,0.10582863,0
0.9050882,0.09491185,0
0.92036694,0.07963308,0
0.6809795,0.31902045,0
0.73892426,0.26107574,0
0.8316104,0.16838957,0
0.82224745,0.17775251,0
0.8268248,0.17317522,0
0.61060923,0.3893908,1
0.68224347,0.31775647,1
0.91124874,0.088751234,0
0.69590193,0.30409804,0
0.6135151,0.3864849,0
0.55988115,0.44011885,0
0.57625103,0.42374897,0
0.6395697,0.36043027,0
0.5828831,0.41711688,1
0.9260841,0.07391583,0
0.93113506,0.06886491,0
0.74963385,0.25036618,0
0.2728949,0.7271051,1
0.6150949,0.38490513,0
0.50972366,0.4902764,1
0.9155783,0.0844217,0
0.037042115,0.96295786,1
0.036010202,0.96398973,1
0.02457663,0.9754234,1
0.15788153,0.84211844,1
0.06280265,0.9371973,1
0.88397306,0.11602695,0
0.55281496,0.44718498,0
0.27632898,0.723671,1
0.2905788,0.7094212,0
0.8799268,0.120073155,0
0.3786258,0.62137425,0
0.840975,0.15902501,0
0.9644368,0.0355631,0
0.9585082,0.04149174,0
0.9208054,0.079194605,0
0.89374936,0.10625069,0
0.080734424,0.91926557,1
0.15449253,0.8455075,1
0.26147753,0.73852247,1
0.37845877,0.62154114,0
0.6547749,0.34522507,0
0.7120936,0.2879064,0
0.7723628,0.22763722,0
0.7560982,0.2439018,0
0.87243253,0.12756743,0
0.67868257,0.32131743,0
0.2682449,0.73175514,1
0.303461,0.69653904,1
0.67936856,0.32063144,0
0.83566356,0.16433647,0
0.8373571,0.16264293,0
0.8140692,0.18593077,0
0.8834308,0.11656922,0
0.89896894,0.101031125,0
0.8771223,0.12287775,0
0.8270577,0.17294236,0
0.79104686,0.20895316,0
0.8119046,0.1880954,0
0.9778386,0.022161491,0
0.9775758,0.022424266,0
0.9280542,0.07194578,0
0.64365643,0.35634363,0
0.6618539,0.33814606,0
0.7017737,0.2982263,0
0.799718,0.20028195,0
0.77525747,0.22474252,1
0.7992743,0.20072567,0
0.65159804,0.348402,1
0.82359034,0.17640959,0
0.8167183,0.18328175,1
0.87674606,0.12325394,1
0.95105517,0.048944827,0
0.94990087,0.050099082,0
0.9418784,0.058121625,0
0.8926009,0.10739905,0
0.8610891,0.13891086,0
0.59750986,0.40249017,1
0.615258,0.38474205,1
0.5891856,0.41081437,1
0.5339272,0.46607277,1
0.54554725,0.45445275,1
0.8525642,0.14743571,0
0.9182613,0.08173871,0
0.9491078,0.050892152,0
0.5082586,0.49174145,1
0.35824555,0.64175445,1
0.40991086,0.59008914,1
0.6245693,0.3754307,1
0.7396862,0.26031378,0
0.7901525,0.20984752,0
0.79691106,0.20308894,0
0.7149226,0.28507736,0
0.8827019,0.11729818,0
0.6215636,0.3784364,1
0.8833736,0.116626315,0
0.90788925,0.09211079,0
0.5896265,0.41037354,1
0.6140463,0.3859537,1
0.5531448,0.44685525,1
0.6662196,0.33378047,1
0.66088927,0.33911076,1
0.17492919,0.8250708,1
0.33739403,0.662606,1
0.9105221,0.08947798,0
0.9102719,0.08972807,0
0.890894,0.109106034,0
0.77343774,0.22656229,0
0.8533012,0.14669882,0
0.55402124,0.44597876,0
0.32566595,0.67433405,0
0.049315464,0.9506845,1
0.08038812,0.91961193,1
0.19572937,0.80427057,1
0.5023082,0.4976918,0
0.07520684,0.9247931,1
0.6568801,0.34311992,0
0.7441924,0.25580755,0
0.1607505,0.83924955,1
0.8738349,0.12616514,0
0.8544551,0.14554484,0
0.72590405,0.27409592,0
0.4820773,0.51792276,0
0.6940965,0.3059035,0
0.5790228,0.42097715,0
0.20734471,0.79265535,1
0.12791175,0.87208825,1
0.1754612,0.8245388,1
0.7816496,0.21835038,0
0.9278036,0.072196454,0
0.9316203,0.0683797,0
0.6369094,0.36309052,0
0.56529117,0.43470883,0
0.9625994,0.03740063,0
0.9561583,0.04384173,0
0.41543952,0.5845605,1
0.44939512,0.55060494,1
0.6024331,0.39756688,1
0.6943147,0.30568528,1
0.7638934,0.23610654,1
0.29577053,0.7042295,1
0.8786145,0.12138552,0
0.7833943,0.21660566,0
0.5472456,0.4527544,0
0.73930705,0.260693,1
0.8226044,0.17739557,1
0.77651286,0.2234871,0
0.5599204,0.44007966,0
0.79363865,0.20636141,0
0.822287,0.177713,0
0.9033802,0.09661982,0
0.8561286,0.14387138,0
0.11323933,0.8867607,1
0.19319464,0.8068054,1
0.4933405,0.50665957,1
0.48710224,0.5128977,1
0.89289296,0.107106976,0
0.898041,0.101959065,0
0.04423949,0.95576054,1
0.061679862,0.9383201,1
0.24109334,0.75890666,1
0.21170343,0.7882965,1
0.30023834,0.6997616,1
0.26957938,0.7304206,1
0.43023077,0.5697692,1
0.46332553,0.53667444,1
0.072291344,0.9277087,1
0.70781374,0.2921862,0
0.7419447,0.2580554,0
0.39747766,0.60252225,0
0.38028407,0.6197159,0
0.09131405,0.908686,1
0.17204972,0.82795024,1
0.55363584,0.44636422,0
0.6957892,0.30421078,0
0.8075749,0.19242507,0
0.95259804,0.047401898,0
0.59153867,0.40846133,1
0.1008418,0.8991582,1
0.12334752,0.8766525,1
0.17123216,0.82876784,1
0.42362285,0.57637715,1
0.76363075,0.2363693,0
0.91258496,0.08741501,0
0.9517584,0.04824164,0
0.09711791,0.9028821,1
0.057384714,0.94261533,1
0.8003716,0.19962843,0
0.78072053,0.21927944,0
0.9726166,0.027383376,0
0.97856414,0.021435846,0
0.9743111,0.025688902,0
0.88633233,0.11366773,0
0.74773645,0.25226355,0
0.78656554,0.21343449,0
0.771337,0.22866307,0
0.7488685,0.25113147,1
0.8214657,0.17853428,0
0.8101668,0.18983318,0
0.8164756,0.18352446,0
0.8210862,0.17891379,0
0.86537725,0.13462278,1
0.8878291,0.11217086,0
0.9527717,0.04722825,0
0.6212532,0.37874675,1
0.55294746,0.44705257,1
0.5756897,0.4243103,1
0.5711185,0.42888147,1
0.5723713,0.4276287,1
0.5605426,0.43945745,1
0.53631127,0.46368876,1
0.5559709,0.4440291,1
0.5556719,0.44432807,1
0.5535028,0.44649717,1
0.56613964,0.43386036,1
0.57104146,0.4289586,0
0.32628646,0.67371356,1
0.12612773,0.87387234,1
0.1717656,0.8282344,1
0.907251,0.092749014,0
0.92879224,0.071207725,0
0.9287984,0.071201555,0
0.743255,0.25674495,0
0.8001604,0.1998396,0
0.69056815,0.30943188,0
0.650089,0.349911,1
0.60065067,0.39934936,1
0.73054165,0.26945835,0
0.91031945,0.089680575,0
0.79106146,0.20893855,0
0.7593234,0.24067658,0
0.76417196,0.23582806,0
0.9444081,0.055591855,0
0.92846256,0.0715375,0
0.77010053,0.22989945,0
0.86722594,0.13277404,0
0.732822,0.26717803,0
0.7422875,0.25771254,0
0.8988433,0.1011567,0
0.97545207,0.024547879,0
0.9630617,0.036938343,0
0.951196,0.048804007,0
0.78507733,0.2149227,0
0.60124576,0.39875424,0
0.69697255,0.30302748,0
0.24206571,0.7579343,1
0.37458837,0.62541157,1
0.24831553,0.7516845,1
0.5637557,0.43624428,1
0.74548906,0.25451094,1
0.91759664,0.0824034,0
0.79591703,0.20408297,0
0.8609829,0.13901706,0
0.82762724,0.17237274,0
0.7329435,0.2670565,0
0.97582346,0.02417653,0
0.055480946,0.94451904,1
0.14027254,0.85972744,1
0.06174326,0.93825674,1
0.07714088,0.9228592,1
0.09910263,0.9008974,1
0.13305223,0.8669478,1
0.8869347,0.113065325,0
0.9656899,0.034310073,0
0.69116163,0.30883834,0
0.7233116,0.27668834,0
0.75823486,0.24176511,0
0.7992974,0.20070258,0
0.778913,0.221087,0
0.8543284,0.1456716,0
0.93715674,0.06284325,0
0.948937,0.051063024,0
0.956304,0.043696035,0
0.88441163,0.11558839,0
0.553974,0.44602603,1
0.57936597,0.42063403,1
0.59383637,0.40616363,1
0.5767909,0.42320907,0
0.8341917,0.16580833,0
0.8901521,0.109847955,0
0.7028272,0.29717284,1
0.827227,0.17277297,1
0.5647353,0.4352647,1
0.75293064,0.24706937,0
0.7424479,0.2575521,0
0.738995,0.26100498,0
0.7640115,0.23598847,0
0.71687245,0.2831275,0
0.75765777,0.24234219,0
0.7891503,0.21084961,0
0.8060626,0.19393738,0
0.88554645,0.11445353,0
0.75205404,0.24794592,0
0.7533087,0.2466913,0
0.70077443,0.29922554,1
0.6520418,0.3479582,1
0.6580319,0.34196815,1
0.68576455,0.31423542,1
0.74620205,0.25379792,0
0.7767667,0.2232333,0
0.7829153,0.21708468,0
0.7726301,0.22736987,0
0.92313135,0.07686863,0
0.78923106,0.21076898,1
0.678404,0.3215961,1
0.7646804,0.23531964,1
0.49383587,0.50616413,1
0.49827883,0.5017212,1
0.5524704,0.44752955,1
0.52742374,0.47257632,1
0.7999992,0.20000084,0
0.9664211,0.03357885,0
0.9344162,0.06558387,0
0.24318169,0.75681835,1
0.31045473,0.6895453,1
0.8241122,0.17588787,0
0.89881694,0.10118308,0
0.7979366,0.20206335,0
0.806849,0.19315098,0
0.7863738,0.21362624,0
0.93686,0.06313996,0
0.96510136,0.034898642,0
0.9202248,0.07977521,0
0.5061706,0.4938294,1
0.26112142,0.73887855,1
0.68274355,0.31725642,1
0.7519813,0.24801868,0
0.7978388,0.20216125,0
0.87445015,0.12554984,0
0.8917648,0.10823515,0
0.97854495,0.021455089,0
0.9563159,0.043684054,0
0.68230224,0.31769776,1
0.7852583,0.21474174,0
0.75346166,0.24653836,1
0.78730404,0.21269602,1
0.78383285,0.21616717,0
0.84364927,0.15635069,1
0.8823728,0.117627226,0
0.5642753,0.43572468,0
0.5507497,0.44925022,0
0.5432482,0.4567518,0
0.5781327,0.42186734,0
0.5876574,0.41234264,0
0.5560252,0.44397482,1
0.5712259,0.42877412,1
0.5431939,0.45680618,1
0.29034224,0.7096578,1
0.17621939,0.8237806,1
0.18921705,0.8107829,1
0.24890947,0.7510905,1
0.099730656,0.9002693,1
0.35460868,0.64539135,1
0.5550248,0.44497523,1
0.8869489,0.11305114,0
0.7241525,0.27584752,0
0.939613,0.060387056,0
0.9498182,0.050181795,0
0.40220484,0.5977952,1
0.2992555,0.70074457,1
0.052528415,0.94747156,1
0.05233896,0.947661,1
0.04567974,0.9543203,1
0.041805476,0.95819455,1
0.04185375,0.9581463,1
0.049427208,0.9505728,1
0.6815621,0.3184379,0
0.7012512,0.29874882,0
0.8690927,0.13090725,0
0.7732957,0.22670436,0
0.18625648,0.81374353,1
0.2650772,0.7349228,0
0.28969505,0.710305,0
0.43715194,0.56284803,0
0.32510865,0.67489135,1
0.37281445,0.6271855,1
0.47954202,0.5204579,1
0.62245303,0.37754694,0
0.8028507,0.1971493,0
0.776147,0.22385298,0
0.7157121,0.2842879,1
0.7305663,0.26943362,0
0.96079135,0.039208632,0
0.965996,0.034003966,0
0.21148445,0.78851557,1
0.2362773,0.7637227,1
0.7546683,0.24533176,1
0.88368213,0.11631787,0
0.24004841,0.7599516,1
0.1816108,0.8183892,1
0.151681,0.84831905,1
0.8410312,0.1589689,0
0.66042984,0.33957013,0
0.8380559,0.16194402,0
0.91052234,0.08947765,0
0.9112863,0.08871372,0
0.96457547,0.035424553,0
0.9478962,0.05210381,0
0.6888695,0.31113052,1
0.68090814,0.31909186,0
0.7701787,0.22982135,0
0.829168,0.17083201,1
0.9246552,0.07534477,0
0.5618688,0.43813118,0
0.57975847,0.42024156,1
0.5576922,0.4423078,1
0.55259293,0.4474071,0
0.8942513,0.105748795,0
0.3056304,0.69436955,1
0.5250405,0.47495946,1
0.76022,0.23978005,0
0.79087955,0.20912045,0
0.68653727,0.3134627,0
0.7200749,0.27992514,0
0.6949703,0.30502966,0
0.8067848,0.19321515,0
0.37922373,0.62077624,1
0.59684014,0.40315986,1
0.5418081,0.45819187,1
0.7678062,0.23219387,0
0.7467994,0.25320056,0
0.7267149,0.2732851,0
0.87459683,0.12540312,0
0.917817,0.082182996,0
0.9380426,0.061957456,0
0.52690214,0.47309783,1
0.46935448,0.5306455,1
0.5991401,0.4008599,1
0.3179372,0.68206275,1
0.2926579,0.7073421,1
0.6331883,0.36681163,1
0.745075,0.25492498,0
0.8442687,0.15573128,0
0.9675425,0.0324575,0
0.96949893,0.030501103,0
0.9608345,0.039165515,0
0.761492,0.23850802,1
0.2817194,0.7182807,1
0.27505362,0.7249464,1
0.2619656,0.73803437,1
0.34663942,0.65336055,1
0.7250124,0.2749876,1
0.9561854,0.04381454,0
0.97561055,0.024389436,0
0.9465746,0.053425368,0
0.19234061,0.8076594,1
0.79649675,0.20350325,0
0.7063252,0.29367483,0
0.9787769,0.021223187,0
0.9818954,0.018104637,0
0.92920303,0.07079695,0
0.726355,0.27364495,0
0.6298951,0.37010488,1
0.7569054,0.2430947,1
0.767321,0.232679,1
0.76534826,0.23465171,1
0.83089733,0.16910274,1
0.81439173,0.18560824,1
0.7855701,0.2144299,1
0.8645051,0.13549483,0
0.87861586,0.12138414,0
0.8571417,0.14285834,0
0.8924235,0.10757644,0
0.8866663,0.11333369,0
0.76795167,0.23204832,0
0.51225424,0.4877458,0
0.49083564,0.50916433,1
0.51837945,0.48162052,1
0.53226364,0.4677364,1
0.5339556,0.4660444,1
0.51123774,0.4887622,1
0.5074274,0.49257255,1
0.48241305,0.51758695,1
0.47298324,0.5270167,1
0.5473387,0.45266128,1
0.5523998,0.44760016,0
0.7991429,0.20085706,0
0.91163945,0.0883606,0
0.95397365,0.046026323,0
0.87900156,0.12099848,1
0.72389823,0.27610174,1
0.61925846,0.38074157,1
0.32508305,0.674917,1
0.076290704,0.92370933,1
0.2128936,0.78710645,1
0.112726115,0.8872739,1
0.093854666,0.90614533,1
0.09659549,0.90340453,1
0.59794915,0.40205082,0
0.4999574,0.50004256,1
0.924527,0.075473025,0
0.93210006,0.067899875,0
0.25468677,0.7453132,1
0.02053746,0.97946256,1
0.07079893,0.92920107,1
0.053171687,0.9468283,1
1.149676e-39,1.0,1
4.015396e-09,1.0,1
2.1561435e-09,1.0,1
1.1979752e-09,1.0,1
0.0007795978,0.9992204,1
0.07610513,0.9238949,0
0.33920768,0.66079235,0
0.05081831,0.94918174,0
0.5493016,0.45069844,0
0.7388278,0.2611722,0
0.83646894,0.16353111,0
0.86677027,0.13322966,0
0.92530847,0.07469152,0
8.814129e-10,1.0,1
3.769946e-15,1.0,1
1.1841632e-16,1.0,1
0.060626052,0.939374,0
0.7410778,0.25892222,0
0.87704515,0.12295488,0
0.7776527,0.2223473,0
0.96225333,0.037746683,0
0.290404,0.70959604,0
0.12661332,0.8733866,0
0.2848651,0.71513486,0
0.07328163,0.92671835,0
0.036637153,0.9633628,0
0.8283965,0.17160353,0
0.8815134,0.11848652,0
0.7273542,0.2726458,0
0.7898119,0.21018808,0
0.8762924,0.12370754,0
0.9143194,0.08568055,0
0.9602783,0.039721664,0
0.95399034,0.04600962,0
0.44077837,0.5592216,0
0.57635784,0.42364213,0
0.6383656,0.3616344,0
0.6646437,0.33535624,0
0.6790545,0.3209455,0
0.86330736,0.13669264,0
0.7425823,0.25741768,0
0.7228901,0.2771099,0
0.8391254,0.16087459,0
0.92893827,0.07106174,0
0.935374,0.064625956,1
0.735802,0.26419804,1
0.63495356,0.36504644,0
0.7040259,0.29597417,0
0.79529864,0.20470132,0
0.7757311,0.22426888,0
0.7748318,0.22516824,0
0.8669913,0.13300875,0
0.8677473,0.13225265,0
0.9439011,0.056098856,0
0.7334214,0.26657864,0
0.5552984,0.44470167,1
0.56369925,0.43630075,0
0.55831003,0.44169,1
0.57081753,0.4291824,1
0.6018695,0.3981305,1
0.5719147,0.42808524,0
0.83091015,0.16908984,0
0.8932653,0.106734656,0
0.9234051,0.07659487,0
0.9004602,0.09953977,0
0.85344934,0.14655063,0
0.70983386,0.2901661,1
0.6584078,0.34159222,0
0.68172795,0.31827202,0
0.36385173,0.6361483,1
0.0037437358,0.99625623,1
0.3709917,0.6290083,1
0.40438077,0.59561926,1
0.82828575,0.1717143,1
0.67883664,0.32116336,1
0.94808567,0.051914353,0
0.8967029,0.103297114,0
0.48944396,0.51055604,1
0.33662024,0.6633797,1
0.3318819,0.668118,1
0.0015050591,0.998495,1
0.0017305961,0.99826944,1
0.77317446,0.22682554,0
0.81510365,0.1848964,0
0.7089183,0.29108173,0
0.70120144,0.2987986,0
0.8648362,0.13516372,0
0.8435011,0.15649895,0
0.5630169,0.4369831,0
0.8173081,0.18269184,0
0.7185763,0.28142372,0
0.74979466,0.2502053,0
0.7402137,0.25978634,0
0.70391744,0.29608253,0
0.79157287,0.20842715,0
0.77131546,0.22868457,0
0.9199877,0.08001234,0
0.96697557,0.033024453,0
0.9646269,0.035373103,0
0.8901876,0.10981246,0
0.8565518,0.14344819,0
0.66523993,0.33476007,1
0.6685214,0.33147854,1
0.6910439,0.30895612,1
0.46173608,0.5382639,1
0.76011795,0.23988202,1
0.82942736,0.17057255,1
0.7807964,0.21920359,1
0.123926595,0.8760734,1
0.6507618,0.34923822,1
0.51752,0.48247993,1
0.03531365,0.9646864,1
0.18185425,0.81814575,1
0.16009517,0.8399048,1
0.108328044,0.89167196,1
0.029825654,0.9701744,1
0.7543107,0.24568929,0
0.8373849,0.16261509,0
0.86242,0.13757992,0
0.97748405,0.022515986,0
0.9752637,0.024736267,0
0.9784975,0.021502573,0
0.9721254,0.027874598,0
0.62456465,0.37543532,1
0.57297504,0.42702502,1
0.58028054,0.41971946,1
0.6294994,0.37050062,1
0.62575763,0.37424234,1
0.73594886,0.2640511,0
0.8866011,0.113398954,0
0.8790171,0.120982885,0
0.44879735,0.5512026,1
0.48973435,0.51026565,1
0.49282852,0.50717145,1
0.547369,0.4526311,0
0.893532,0.10646799,0
0.93054485,0.06945516,0
0.66680306,0.3331969,0
0.70232105,0.29767895,0
0.75497943,0.24502058,0
0.77385664,0.22614339,0
0.7314926,0.26850742,0
0.57187897,0.4281211,1
0.6024032,0.39759675,0
0.59500194,0.40499806,0
0.60836524,0.39163473,0
0.6011362,0.3988638,0
0.6274614,0.37253854,0
0.76318884,0.23681112,0
0.88259804,0.11740193,1
0.9149242,0.08507574,0
0.9489426,0.05105736,0
0.6518075,0.3481925,1
0.69871825,0.30128172,0
0.7732962,0.2267038,0
0.77703166,0.2229683,0
0.82534015,0.17465983,1
0.9673883,0.032611698,0
0.9494807,0.050519306,0
0.68440866,0.3155913,1
0.70542973,0.29457024,1
0.76204306,0.23795696,1
0.7896816,0.21031837,1
0.47495002,0.52505,1
0.21408783,0.78591216,1
0.3085401,0.6914599,1
0.7619783,0.23802169,0
0.76522195,0.23477802,0
0.77087814,0.22912183,0
0.7742789,0.22572112,1
0.83866656,0.16133347,0
0.9704039,0.02959609,0
0.94909334,0.050906666,0
0.65032357,0.34967646,0
0.6745645,0.32543552,0
0.8192504,0.18074958,0
0.8138748,0.18612522,0
0.80067396,0.19932608,0
0.83983904,0.16016094,0
0.8327785,0.16722153,0
0.66923374,0.3307663,0
0.6480508,0.35194916,0
0.70557666,0.29442334,1
0.8303045,0.16969548,1
0.94675946,0.053240556,0
0.9456368,0.05436321,0
0.52559155,0.4744085,1
0.5523287,0.44767132,1
0.6379026,0.36209738,0
0.54971236,0.4502877,1
0.61857504,0.38142496,0
0.88507295,0.11492701,0
0.92045623,0.07954378,0
0.92682,0.073180005,0
0.9061574,0.09384256,0
0.8336029,0.16639708,0
0.57282305,0.42717695,0
0.56461954,0.4353804,0
0.5122034,0.48779657,1
0.52338827,0.47661173,1
0.5644723,0.43552777,0
0.6072805,0.39271948,0
0.57794255,0.4220575,0
0.55172706,0.44827297,0
0.56083316,0.43916684,0
0.9331973,0.06680264,0
0.91491014,0.08508988,0
0.8799421,0.120057866,0
0.7523533,0.24764669,1
0.6161882,0.3838118,1
0.7017584,0.29824156,1
0.6181797,0.38182035,0
0.6117771,0.38822284,0
0.61915326,0.3808467,1
0.62614995,0.37385005,0
0.6333854,0.36661455,0
0.6982092,0.30179083,0
0.7553375,0.24466254,0
0.7245312,0.27546886,0
0.80827594,0.19172406,0
0.9365939,0.06340613,0
0.8126881,0.1873119,0
0.65248024,0.3475198,1
0.49758154,0.5024184,1
0.631077,0.368923,1
0.44112736,0.55887264,1
0.70559883,0.29440114,0
0.76152074,0.23847927,0
0.6947479,0.3052521,1
0.7137785,0.2862215,1
0.8835918,0.11640825,0
0.8087761,0.19122393,1
0.8230314,0.1769686,1
0.6696127,0.33038732,1
0.24488825,0.7551118,1
0.5226196,0.47738042,1
0.3913314,0.6086686,1
0.63128585,0.36871424,0
0.7019253,0.29807475,1
0.73858124,0.26141873,0
0.9342422,0.06575782,0
0.9577737,0.04222628,0
0.6624631,0.33753687,0
0.65919226,0.3408077,0
0.8452608,0.15473923,0
0.9314593,0.06854071,0
0.9703133,0.029686734,0
0.9659643,0.034035724,0
0.94702905,0.052970923,0
0.8213345,0.17866546,1
0.5927842,0.4072158,1
0.6623747,0.3376253,1
0.67242974,0.32757032,0
0.71560544,0.2843946,0
0.7159882,0.28401178,0
0.7795091,0.22049087,0
0.7317694,0.26823065,0
0.7481223,0.25187775,0
0.9141844,0.08581561,0
0.9812175,0.01878255,0
0.9830119,0.01698808,0
0.74939567,0.25060427,0
0.6724801,0.32751992,1
0.7253121,0.2746879,1
0.73248965,0.26751032,1
0.69587207,0.3041279,0
0.6555443,0.34445575,0
0.55838823,0.44161174,1
0.9260915,0.07390849,0
0.9085154,0.0914846,0
0.8823226,0.117677346,0
0.4762889,0.5237111,1
0.448919,0.55108094,1
0.44308877,0.55691123,1
0.4169491,0.5830509,1
0.4829686,0.5170313,1
0.50440615,0.4955939,0
0.92118144,0.078818545,0
0.929944,0.07005608,0
0.83381855,0.16618147,0
0.7569943,0.24300566,0
0.68954474,0.3104553,0
0.7362874,0.26371258,0
0.70425236,0.29574767,0
0.6116581,0.38834196,1
0.12637149,0.8736285,1
0.123467356,0.8765327,1
0.092594326,0.9074057,1
0.7097687,0.2902313,0
0.73279977,0.2672003,0
0.64177954,0.35822043,0
0.723454,0.27654603,0
0.7266804,0.27331966,0
0.7301056,0.26989445,0
0.76241255,0.23758747,0
0.81621706,0.18378292,0
0.91611224,0.08388777,0
0.93866557,0.06133449,0
0.93906075,0.06093926,0
0.92967033,0.070329644,0
0.9091974,0.090802565,0
0.7519178,0.24808225,0
0.7395419,0.26045814,0
0.709743,0.290257,0
0.7151038,0.28489622,0
0.7140143,0.28598577,0
0.7033024,0.29669768,0
0.82700276,0.17299722,1
0.70706344,0.29293653,1
0.7258823,0.27411765,1
0.77717805,0.22282195,0
0.79441005,0.20558989,1
0.9779613,0.022038646,0
0.9837366,0.016263386,0
0.98540944,0.014590619,0
0.9873492,0.012650772,0
0.9872273,0.012772619,0
0.9354951,0.064504914,0
0.8242187,0.17578125,0
0.81788915,0.18211086,0
0.84025156,0.15974845,0
0.84194577,0.15805419,0
0.84383637,0.15616362,1
0.8583661,0.14163399,1
0.79318994,0.20681007,1
0.71641535,0.2835847,1
0.69532555,0.30467442,1
0.70136327,0.2986368,1
0.7489348,0.2510652,1
0.73927784,0.2607222,1
0.95528287,0.044717167,1
0.9782416,0.021758296,0
0.9893807,0.010619233,0
0.98467124,0.015328757,0
0.96055275,0.039447226,0
0.7708519,0.22914803,0
0.7917809,0.20821911,0
0.7958715,0.20412847,0
0.8002675,0.19973254,0
0.8294065,0.1705935,0
0.7877847,0.21221527,0
0.7645203,0.23547967,1
0.78104997,0.21894997,0
0.8766439,0.12335609,0
0.9671889,0.032811183,0
0.8209273,0.17907271,0
0.59000266,0.40999728,1
0.64371425,0.35628575,0
0.59939164,0.4006084,1
0.57650256,0.42349744,1
0.59097636,0.40902364,1
0.5826739,0.41732606,1
0.57064253,0.42935744,1
0.94586766,0.054132342,1
0.95295465,0.047045317,0
0.9677499,0.03225013,0
0.94071406,0.059285942,0
0.8251044,0.17489558,1
0.59736955,0.40263045,1
0.58733225,0.41266775,1
0.6874505,0.31254953,1
0.60432684,0.3956732,1
0.63763696,0.36236307,0
0.7532417,0.24675831,0
0.9597576,0.040242333,0
0.87081426,0.12918575,0
0.7184382,0.2815618,0
0.7347724,0.2652277,0
0.5207287,0.4792713,0
0.38703787,0.61296207,1
0.15705802,0.842942,1
0.15392324,0.8460767,1
0.96957713,0.030422848,0
0.68458575,0.31541425,0
0.25334796,0.7466521,1
0.731955,0.26804504,1
0.9634465,0.036553495,0
0.7062232,0.29377687,0
0.643567,0.3564329,0
0.65496826,0.3450317,1
0.6742585,0.32574153,0
0.7301928,0.26980725,0
0.97573334,0.024266621,0
0.9182689,0.08173104,0
0.558614,0.44138595,1
0.6004715,0.39952847,1
0.59311116,0.4068888,1
0.5540369,0.44596308,1
0.64632756,0.3536724,1
0.74053454,0.2594654,1
0.8856558,0.1143441,0
0.9718696,0.028130393,0
0.96972847,0.030271532,0
0.5587618,0.44123816,0
0.4659161,0.53408396,1
0.539397,0.46060306,1
0.6820536,0.31794637,0
0.7847394,0.21526065,0
0.7877645,0.21223547,1
0.7959799,0.20402011,1
0.9228141,0.07718591,0
0.95323426,0.046765767,0
0.9386859,0.06131403,0
0.9201283,0.0798717,0
0.6679768,0.33202323,0
0.56595856,0.43404147,0
0.56818336,0.43181664,0
0.5712301,0.42876983,0
0.5693522,0.43064782,0
0.55770975,0.44229028,1
0.49105677,0.50894326,1
0.4910364,0.5089635,1
0.93370414,0.06629584,0
0.9423799,0.057620138,0
0.9355636,0.064436376,0
0.92347413,0.07652588,0
0.8873198,0.11268014,0
0.77413934,0.22586066,1
0.5118421,0.48815796,1
0.59541124,0.40458873,1
0.7903065,0.20969352,0
0.5971224,0.4028776,0
0.61016667,0.38983336,0
0.5694175,0.4305825,0
0.64459705,0.35540292,0
0.6375112,0.36248887,0
0.9551222,0.04487781,0
0.53988725,0.46011272,0
0.7349455,0.26505455,0
0.8028056,0.1971944,1
0.7935312,0.20646879,1
0.8802301,0.11976987,0
0.94775105,0.052249003,0
0.7552011,0.24479888,1
0.83124405,0.16875596,1
0.8426642,0.15733585,1
0.83023417,0.16976586,1
0.8483476,0.15165235,1
0.8835585,0.11644151,1
0.85516363,0.14483635,0
0.7093159,0.2906841,0
0.9628546,0.037145402,0
0.96843004,0.031569965,0
0.9624325,0.037567478,0
0.92019075,0.0798092,0
0.8337897,0.16621035,0
0.64352155,0.35647842,0
0.6762949,0.3237051,1
0.720322,0.27967802,1
0.6792846,0.32071546,1
0.7063625,0.2936375,1
0.74189276,0.2581073,1
0.6970331,0.30296692,0
0.6696018,0.33039814,1
0.7308786,0.26912135,1
0.9637703,0.036229797,0
0.9613354,0.038664628,0
0.5689725,0.4310275,1
0.73529637,0.2647036,1
0.66313374,0.33686626,0
0.7747572,0.22524278,0
0.76851493,0.2314851,0
0.67840576,0.32159427,1
0.9648576,0.03514237,0
0.9477544,0.052245636,0
0.9020512,0.09794879,0
0.67035556,0.32964447,0
0.59535176,0.40464824,0
0.75660247,0.24339753,0
0.8149989,0.18500105,0
0.7844623,0.21553779,0
0.7596429,0.2403571,0
0.9294847,0.07051524,0
0.73083276,0.26916727,1
0.49906713,0.5009328,1
0.52581674,0.4741832,1
0.5703326,0.4296674,1
0.60227036,0.39772967,1
0.5886747,0.4113253,1
0.5990338,0.4009663,1
0.6114739,0.38852605,1
0.5992218,0.4007781,1
0.4964903,0.50350964,1
0.8955074,0.10449263,0
0.7362902,0.2637098,0
0.5638841,0.4361159,1
0.6288421,0.37115788,1
0.6792139,0.3207861,1
0.64663357,0.35336637,0
0.64709246,0.35290748,1
0.62945646,0.37054354,0
0.7486288,0.25137123,1
0.77929175,0.22070827,0
0.68597734,0.3140227,0
0.5643028,0.43569723,1
0.4472738,0.5527262,1
0.42345193,0.5765481,1
0.59359443,0.40640554,0
0.9167111,0.08328884,0
0.8622999,0.1377001,0
0.5954174,0.40458262,1
0.51708233,0.4829176,1
0.5080336,0.49196637,1
0.41083097,0.589169,1
0.5612507,0.43874928,1
0.6036098,0.39639017,0
0.6176345,0.38236544,0
0.6288788,0.37112123,0
0.7056647,0.2943353,0
0.78427655,0.21572341,1
0.9394465,0.06055347,0
0.93319297,0.06680697,0
0.82717776,0.17282228,0
0.75095165,0.24904837,0
0.74288,0.25712007,0
0.64054614,0.35945377,1
0.62505794,0.3749421,0
0.6392156,0.3607844,0
0.6651835,0.3348165,0
0.6892163,0.3107837,0
0.7141023,0.28589767,0
0.63406926,0.3659308,0
0.9583945,0.041605446,0
0.74275047,0.25724953,0
0.6115435,0.38845655,0
0.67151797,0.32848197,1
0.9534721,0.046527926,1
0.96543247,0.03456748,0
0.95523554,0.04476445,0
0.9089669,0.091033146,0
0.7777514,0.22224863,1
0.60869145,0.39130858,1
0.554673,0.44532698,1
0.6201792,0.37982082,1
0.44326204,0.55673796,1
0.70356345,0.29643658,1
0.72240037,0.27759957,0
0.88357973,0.1164203,0
0.93565655,0.06434351,0
0.9154885,0.08451151,0
0.9056304,0.09436957,0
0.5629922,0.4370077,1
0.5694743,0.43052578,1
0.546586,0.45341405,0
0.50732917,0.4926708,0
0.49844548,0.5015545,0
0.5126659,0.48733407,0
0.52118903,0.47881094,0
0.8372429,0.16275711,0
0.59861076,0.40138918,0
0.6194236,0.38057634,0
0.62028575,0.37971428,0
0.64073306,0.35926697,0
0.6417776,0.35822245,0
0.6581976,0.3418024,0
0.6785044,0.32149556,0
0.7268807,0.2731192,0
0.90177035,0.098229654,0
0.88285524,0.117144704,0
0.67145544,0.32854453,1
0.5698735,0.43012643,1
0.56041235,0.43958765,1
0.45367908,0.5463209,1
0.4580137,0.5419862,1
0.6318287,0.36817124,0
0.79373974,0.20626034,0
0.77881926,0.2211807,0
0.863329,0.13667099,0
0.6564044,0.3435956,0
0.6897189,0.3102811,0
0.63715625,0.36284375,0
0.60525084,0.39474916,0
0.58949745,0.4105025,0
0.66023093,0.33976907,1
0.654816,0.345184,0
0.7578125,0.24218747,0
0.91957986,0.08042011,0
0.95338416,0.0466158,0
0.90940136,0.09059866,0
0.8662134,0.1337866,0
0.80631393,0.19368602,1
0.695924,0.30407596,1
0.60906726,0.39093268,1
0.6203084,0.37969163,1
0.53954405,0.46045595,1
0.522058,0.47794202,1
0.6574447,0.34255525,1
0.6851897,0.3148103,0
0.69100994,0.30899006,0
0.64682084,0.3531792,0
0.78592527,0.21407478,0
0.7835754,0.2164246,0
0.9178419,0.08215803,0
0.9311488,0.06885119,0
0.9313196,0.068680346,0
0.7022627,0.29773733,1
0.70603406,0.29396594,1
0.71861506,0.2813849,1
0.71096593,0.2890341,1
0.63109195,0.36890802,0
0.6699528,0.3300472,0
0.5638339,0.4361661,0
0.91864073,0.081359275,0
0.8531551,0.14684494,0
0.4823542,0.5176458,1
0.46996093,0.53003913,1
0.48497525,0.5150248,1
0.4856165,0.51438355,1
0.5224956,0.4775044,1
0.5054075,0.49459246,1
0.4720807,0.5279193,1
0.57689303,0.42310697,1
0.56006056,0.43993947,1
0.6717563,0.32824364,0
0.8911942,0.10880582,0
0.9303957,0.06960429,0
0.796386,0.20361398,0
0.54272646,0.45727354,0
0.5424694,0.45753065,0
0.5058718,0.49412823,0
0.47873467,0.5212653,0
0.5217223,0.47827765,1
0.9390945,0.060905457,0
0.7364159,0.26358414,0
0.55801845,0.44198152,1
0.4993381,0.50066197,1
0.50155526,0.49844477,1
0.5071448,0.49285516,1
0.52141577,0.47858423,1
0.51975584,0.4802442,1
0.52466935,0.47533068,1
0.53767544,0.46232462,1
0.5546244,0.4453756,1
0.5789169,0.42108303,0
0.57233363,0.4276664,0
0.56218016,0.43781993,0
0.5807657,0.4192343,0
0.5633901,0.43660986,0
0.6222819,0.37771806,0
0.6293044,0.37069556,0
0.59713155,0.40286848,0
0.58398736,0.41601264,0
0.5835564,0.4164436,0
0.8773474,0.12265261,0
0.7155758,0.2844242,0
0.6298468,0.37015316,1
0.63049483,0.3695052,1
0.6189622,0.3810378,1
0.59672004,0.40327996,1
0.57507443,0.42492557,1
0.5991895,0.40081045,0
0.60042083,0.39957914,0
0.6371464,0.36285356,0
0.8409062,0.15909377,0
0.725314,0.27468595,0
0.71903783,0.28096217,0
0.72101593,0.278984,0
0.6960729,0.30392718,0
0.66414374,0.3358563,0
0.66443706,0.3355629,0
0.679368,0.32063195,0
0.70447266,0.2955274,0
0.7108803,0.2891197,0
0.94131464,0.058685362,0
0.8796497,0.120350316,0
0.82612354,0.17387648,0
0.74274063,0.25725934,1
0.7103244,0.28967556,1
0.64765733,0.35234272,1
0.64396316,0.3560368,1
0.66718864,0.3328114,1
0.63545537,0.36454466,1
0.66135645,0.33864352,1
0.5674571,0.43254292,1
0.57054245,0.4294576,1
0.71553075,0.28446928,1
0.85582674,0.1441733,0
0.6048098,0.39519024,0
0.6239443,0.37605575,0
0.6919216,0.3080784,0
0.57204634,0.4279537,1
0.68028325,0.31971672,1
0.8373539,0.16264613,0
0.86999136,0.1300087,0
0.923797,0.07620301,0
0.9327355,0.067264535,0
0.8865644,0.11343571,0
0.8325586,0.16744144,0
0.57735276,0.42264727,1
0.5943136,0.40568644,1
0.5361381,0.46386188,1
0.51931626,0.4806837,0
0.7833243,0.2166757,0
0.8413614,0.15863857,0
0.48543906,0.51456094,1
0.23711765,0.76288235,1
0.35724747,0.6427525,1
0.33525842,0.6647416,1
0.2845898,0.7154102,1
0.7175865,0.28241342,0
0.7857154,0.21428457,0
0.84642446,0.15357555,0
0.57512707,0.424873,0
0.58872354,0.41127646,0
0.35713354,0.6428665,1
0.3010419,0.69895804,1
0.4242651,0.5757349,0
0.42859358,0.5714065,0
0.6369897,0.36301032,0
0.7065899,0.29341015,0
0.5674235,0.4325765,0
0.69577867,0.3042214,0
0.5210837,0.4789163,1
0.5140519,0.485948,1
0.72803646,0.27196354,0
0.5946455,0.40535456,0
0.71545434,0.28454557,0
0.7095657,0.29043424,0
0.8277495,0.1722505,0
0.9269085,0.07309147,0
0.8206023,0.17939766,0
0.73660684,0.26339325,0
0.61683834,0.3831617,0
0.6560959,0.3439041,0
0.6589626,0.34103736,1
0.7057779,0.2942221,1
0.10294968,0.8970503,1
0.658481,0.341519,0
0.68461436,0.31538564,0
0.6518504,0.3481496,1
0.8617278,0.1382722,0
0.8833713,0.11662871,0
0.90240586,0.09759416,0
0.62802905,0.37197098,0
0.633828,0.36617208,0
0.6490144,0.3509856,0
0.64826065,0.35173938,0
0.6425435,0.3574565,1
0.6714709,0.3285291,0
0.6455523,0.3544477,0
0.5322181,0.46778187,0
0.72942764,0.2705724,0
0.7228323,0.27716765,0
0.50882286,0.49117714,1
0.5236646,0.4763354,1
0.5469959,0.45300412,1
0.5441529,0.4558471,1
0.5584787,0.44152135,1
0.5311164,0.46888354,1
0.520193,0.47980705,0
0.5034852,0.49651483,1
0.79189366,0.20810631,0
0.88594097,0.11405906,0
0.8643806,0.13561942,0
0.59137213,0.4086279,0
0.5181999,0.48180014,1
0.4978371,0.50216293,0
0.9264659,0.07353407,0
0.8367211,0.16327886,0
0.6249787,0.3750213,1
0.61152464,0.38847527,1
0.6495142,0.3504859,0
0.6554874,0.34451255,0
0.6533254,0.34667456,0
0.65709573,0.34290427,0
0.629629,0.37037095,1
0.8829333,0.11706672,0
0.67909193,0.32090804,1
0.5581675,0.4418325,1
0.42241547,0.57758456,1
0.47716793,0.5228321,1
0.5616593,0.43834072,1
0.5876266,0.4123734,0
0.61830497,0.381695,1
0.6039596,0.39604035,1
0.8040117,0.19598825,1
0.9137592,0.08624083,0
0.91550267,0.084497295,1
0.7817365,0.21826348,1
0.6668258,0.33317426,0
0.57066065,0.4293393,0
0.4449006,0.5550994,0
0.52524656,0.47475347,1
0.48048043,0.5195195,1
0.58993334,0.41006666,0
0.5868692,0.41313085,0
0.6861307,0.31386933,0
0.80132204,0.19867796,1
0.8363083,0.1636917,1
0.655052,0.344948,1
0.679246,0.32075402,1
0.6648696,0.33513036,1
0.70468503,0.295315,1
0.53246385,0.46753615,1
0.6574084,0.3425916,0
0.64419836,0.35580167,0
0.6867966,0.31320336,0
0.6780228,0.32197714,0
0.62647444,0.37352553,0
0.6315889,0.36841112,1
0.877408,0.12259198,1
0.7525335,0.24746649,1
0.5013699,0.49863008,1
0.5805814,0.41941857,0
0.59548646,0.4045136,0
0.64145404,0.358546,0
0.6868612,0.31313878,0
0.678833,0.32116708,0
0.64636165,0.35363832,0
0.63126945,0.3687305,0
0.80111974,0.19888023,0
0.90263844,0.09736161,0
0.5789708,0.42102927,0
0.45912647,0.5408735,1
0.44906294,0.5509371,1
0.5066825,0.49331746,1
0.1537585,0.8462415,1
0.6131827,0.38681734,0
0.86577696,0.13422309,0
0.6230526,0.37694743,0
0.607961,0.39203903,0
0.5843924,0.41560757,0
0.57349604,0.42650393,0
0.5900375,0.4099625,0
0.4168816,0.58311844,1
0.5385176,0.46148238,0
0.4559035,0.5440965,0
0.8918148,0.10818518,0
0.85739964,0.1426003,0
0.6676967,0.3323033,0
0.63077796,0.36922207,0
0.6162487,0.38375124,1
0.57585573,0.42414427,0
0.5192371,0.48076284,0
0.49237353,0.5076265,1
0.5381618,0.4618382,1
0.54418975,0.45581025,1
0.6320866,0.36791342,0
0.5861283,0.4138717,1
0.6075148,0.3924852,1
0.8301526,0.16984738,1
0.8802439,0.119756095,1
0.91967463,0.08032532,0
0.64345676,0.35654324,1
0.67076874,0.32923135,1
0.7407568,0.2592432,1
0.62860197,0.37139803,1
0.63261783,0.36738217,0
0.68856066,0.3114393,1
0.67684776,0.32315224,1
0.93208176,0.06791824,0
0.95296353,0.047036503,0
0.53676057,0.46323943,1
0.60958457,0.39041537,1
0.5841946,0.41580537,1
0.56175196,0.4382481,1
0.64234304,0.35765696,1
0.6983207,0.30167928,0
0.7461747,0.2538253,0
0.60857916,0.39142087,0
0.73585534,0.2641447,0
0.8727404,0.12725964,0
0.9084587,0.09154131,0
0.6163304,0.38366964,0
0.6222421,0.3777579,0
0.7193462,0.28065374,0
0.73911816,0.26088184,0
0.7301921,0.2698079,0
0.68580055,0.3141995,0
0.600594,0.39940602,0
0.8924688,0.10753115,1
0.944501,0.05549908,0
0.5409896,0.4590104,1
0.552044,0.44795603,1
0.5721203,0.42787972,1
0.59433395,0.40566608,0
0.63048655,0.36951342,0
0.6159191,0.3840809,0
0.6178389,0.38216105,0
0.80845994,0.19154002,0
0.8374588,0.1625412,0
0.9257989,0.07420117,0
0.895164,0.10483598,0
0.8367607,0.16323929,0
0.7773972,0.22260278,0
0.5417493,0.45825064,1
0.55992687,0.4400731,1
0.57312,0.42687997,1
0.4990062,0.50099385,1
0.49149665,0.5085033,1
0.89562994,0.10437003,1
0.92123455,0.078765474,0
0.80819994,0.19180007,1
0.73836243,0.2616376,1
0.62615204,0.37384793,0
0.6630994,0.33690062,0
0.6699888,0.33001116,0
0.67928964,0.3207104,0
0.6933682,0.30663174,0
0.6367381,0.3632619,0
0.93082994,0.06917003,0
0.8340053,0.16599466,0
0.6976231,0.3023769,1
0.5801695,0.41983056,0
0.5959292,0.40407085,0
0.54486305,0.45513695,0
0.5350272,0.46497282,1
0.59162575,0.40837422,1
0.65700424,0.3429957,1
0.60981894,0.39018106,1
0.5886462,0.41135383,1
0.87018347,0.12981647,1
0.6915854,0.3084146,1
0.53155345,0.46844646,1
0.5310998,0.4689002,1
0.14838727,0.85161275,1
0.12421713,0.87578285,1
0.044259734,0.9557403,1
0.6582271,0.34177294,0
0.811616,0.18838401,0
0.8913657,0.1086343,0
0.8692615,0.1307385,0
0.51052487,0.48947507,1
0.123547,0.876453,1
0.0011085116,0.99889153,1
8.585187e-14,1.0,1
0.55525255,0.4447475,0
0.62762135,0.37237868,0
0.746988,0.25301203,0
0.8351787,0.16482131,0
0.8464786,0.1535214,0
0.61396784,0.3860322,0
0.6459931,0.35400692,0
0.68240166,0.31759837,0
0.63012344,0.3698766,0
0.64560544,0.35439453,0
0.6691642,0.33083582,0
0.6665204,0.33347958,0
0.57993084,0.42006916,1
0.94934434,0.0506556,0
0.8817056,0.118294425,0
0.48776796,0.51223207,1
0.5535804,0.44641957,0
0.54933226,0.45066774,0
0.608011,0.391989,0
0.5783506,0.42164937,1
0.859331,0.14066903,0
0.55302405,0.44697604,1
0.53218126,0.4678187,1
0.49283415,0.50716585,0
0.4272602,0.5727398,1
0.89168453,0.10831542,0
0.9184071,0.08159292,0
0.9062064,0.09379357,0
0.5661241,0.43387592,1
0.51471806,0.4852819,1
0.49733248,0.5026676,1
0.63051146,0.36948854,1
0.6265378,0.37346217,0
0.6305085,0.36949155,0
0.6351783,0.36482167,0
0.63375914,0.36624086,0
0.608096,0.39190403,1
0.64494336,0.3550566,0
0.5524822,0.4475178,0
0.5403727,0.45962727,0
0.5209123,0.47908777,1
0.5018599,0.4981401,1
0.44469342,0.5553065,1
0.6160875,0.38391253,0
0.834741,0.16525897,0
0.9090688,0.09093118,0
0.66878873,0.3312112,1
0.64291203,0.357088,0
0.6463699,0.35363016,0
0.64604443,0.3539556,0
0.6818626,0.3181374,0
0.71764624,0.28235373,0
0.6939418,0.3060583,0
0.65232146,0.34767854,1
0.65787053,0.34212944,1
0.6574347,0.3425653,0
0.67485064,0.3251494,0
0.6808669,0.3191331,0
0.67625034,0.32374972,0
0.69978774,0.3002123,0
0.6861307,0.31386933,0
0.6965627,0.30343726,0
0.95164406,0.048355937,0
0.9495693,0.05043071,0
0.93693775,0.06306224,0
0.60279405,0.39720595,1
0.59403795,0.40596208,1
0.64368325,0.35631678,0
0.64193815,0.35806185,0
0.64227396,0.35772607,0
0.65248716,0.3475128,0
0.6633194,0.33668053,0
0.6847926,0.31520736,1
0.85175365,0.14824644,0
0.7682453,0.23175466,1
0.6479556,0.3520444,1
0.7049826,0.29501742,0
0.73080415,0.26919585,1
0.7142819,0.2857181,1
0.6834034,0.31659666,1
0.7123342,0.28766575,1
0.7119278,0.28807226,1
0.7849715,0.21502848,1
0.89926803,0.10073197,0
0.7882831,0.21171683,1
0.5431218,0.45687822,1
0.51491064,0.48508942,1
0.51745254,0.4825475,0
0.45527026,0.5447297,0
0.45150733,0.54849267,1
0.49288544,0.5071146,1
0.5937038,0.4062962,1
0.64301836,0.35698166,0
0.61677366,0.3832263,1
0.6490035,0.35099643,0
0.6501902,0.3498098,0
0.6567521,0.3432479,0
0.654107,0.345893,1
0.6178491,0.38215083,0
0.6226918,0.3773081,1
0.710051,0.28994897,1
0.7032103,0.29678977,1
0.5624153,0.43758473,1
0.52663195,0.47336808,1
0.5457265,0.45427352,1
0.54621106,0.4537889,1
0.5353106,0.4646893,1
0.5598414,0.4401586,1
0.65596056,0.34403944,1
0.55907327,0.44092673,1
0.6973287,0.30267134,0
0.6606205,0.33937946,1
0.8691072,0.13089281,0
0.8853696,0.11463039,0
0.77764463,0.22235541,1
0.6392464,0.3607536,1
0.575542,0.424458,1
0.40325013,0.59674984,1
0.53608197,0.46391803,1
0.6856589,0.31434107,1
0.7221419,0.27785805,0
0.70842624,0.29157382,0
0.68474543,0.31525457,1
0.8484323,0.15156773,0
0.87769675,0.12230322,0
0.87495214,0.12504789,0
0.7298379,0.27016208,1
0.64900625,0.35099378,1
0.7339071,0.26609287,0
0.7386193,0.2613807,0
0.6747657,0.32523426,1
0.6022896,0.39771032,0
0.47594956,0.5240505,1
0.42179754,0.5782025,0
0.6480629,0.35193703,0
0.42693865,0.57306135,1
0.621905,0.378095,1
0.70982134,0.2901787,0
0.75696385,0.24303614,0
0.84696573,0.15303424,0
0.9454377,0.054562323,0
0.61516726,0.38483274,0
0.64289933,0.35710064,1
0.6345531,0.3654469,1
0.6447983,0.35520175,1
0.6568888,0.3431112,1
0.643043,0.35695705,1
0.63538164,0.36461842,1
0.57248336,0.4275167,0
0.73928845,0.26071152,0
0.43800777,0.5619922,1
0.4435975,0.5564025,1
0.5185561,0.48144388,1
0.5689121,0.43108794,0
0.60121626,0.3987838,0
0.63034385,0.36965612,0
0.80630016,0.19369988,0
0.9368323,0.06316772,0
0.6668483,0.3331517,1
0.5507326,0.44926742,1
0.5683941,0.4316059,1
0.56712383,0.4328762,1
0.5598632,0.4401368,1
0.5649972,0.43500283,1
0.51807386,0.48192623,1
0.49332392,0.50667614,1
0.5007986,0.49920136,1
0.5065736,0.4934264,1
0.50128216,0.4987178,1
0.48852286,0.5114771,1
0.60227823,0.3977218,1
0.64905816,0.3509418,1
0.65849286,0.3415071,1
0.64273614,0.35726386,1
0.6350661,0.36493388,0
0.6577723,0.3422278,0
0.6854841,0.31451583,0
0.90949637,0.09050363,0
0.9050376,0.09496243,0
0.89363253,0.10636745,0
0.7230696,0.27693042,1
0.55212,0.44788,1
0.5303978,0.46960226,1
0.5349751,0.46502492,1
0.5703858,0.42961416,1
0.56282425,0.43717572,0
0.6492856,0.35071433,0
0.89423144,0.10576861,0
0.85663676,0.14336324,0
0.64088815,0.3591119,1
0.5882008,0.41179913,1
0.62270486,0.37729508,1
0.6347077,0.36529234,0
0.6435635,0.35643646,0
0.6641358,0.33586416,0
0.6778585,0.32214153,0
0.6094457,0.3905543,0
0.6724944,0.32750562,1
0.95500356,0.0449964,0
0.7420748,0.2579252,1
0.63030666,0.36969337,0
0.64550817,0.3544918,1
0.6491293,0.3508707,1
0.6777799,0.3222201,1
0.694145,0.30585498,1
0.7030555,0.29694444,1
0.6822592,0.31774083,0
0.67737097,0.32262903,0
0.6830093,0.31699064,0
0.77519625,0.22480376,0
0.8275252,0.1724748,0
0.9136915,0.086308464,0
0.9550725,0.044927567,0
0.65143645,0.34856355,1
0.612547,0.38745302,1
0.6467365,0.3532636,1
0.69170886,0.30829117,1
0.73085123,0.2691488,0
0.73978305,0.26021692,0
0.78137434,0.2186257,0
0.9547488,0.04525121,0
0.46259755,0.53740245,1
0.51840264,0.48159736,1
0.513542,0.48645797,1
0.5816982,0.4183018,1
0.56775403,0.43224594,1
0.6369483,0.36305162,0
0.64930254,0.35069743,0
0.6664563,0.33354375,0
0.700462,0.299538,0
0.82259554,0.17740443,0
0.93019325,0.069806784,0
0.9085509,0.09144903,0
0.6512846,0.34871536,1
0.63096124,0.36903876,1
0.62911266,0.37088737,1
0.5765353,0.42346472,1
0.5070996,0.49290037,1
0.5452538,0.45474616,1
0.87521785,0.124782145,0
0.8927873,0.10721274,0
0.8701634,0.12983665,0
0.54629457,0.45370537,1
0.46350998,0.5364901,1
0.47653198,0.523468,1
0.40578523,0.5942148,1
0.28882518,0.7111748,1
0.69230163,0.3076983,0
0.69777524,0.30222473,0
0.68804383,0.31195617,0
0.6858742,0.31412575,0
0.5849425,0.41505748,0
0.55042565,0.44957435,0
0.5421313,0.45786867,0
0.5832829,0.41671714,0
0.64445007,0.35554993,0
0.5925769,0.40742308,0
0.63639426,0.36360574,1
0.6283607,0.37163928,0
0.6742493,0.32575065,0
0.6668412,0.3331588,0
0.83578736,0.16421264,0
0.72501874,0.27498132,0
0.7620318,0.23796824,0
0.8482452,0.15175477,0
0.9446054,0.05539458,0
0.8280431,0.17195696,0
0.71643853,0.28356153,0
0.67318904,0.32681096,0
0.68538344,0.31461653,0
0.65631545,0.34368455,0
0.94683236,0.05316762,0
0.6561769,0.3438231,1
0.74511087,0.25488913,0
0.7168712,0.28312883,0
0.6767384,0.32326165,1
0.9658291,0.034170907,0
0.82641876,0.17358129,1
0.5780967,0.42190337,1
0.60947317,0.39052683,1
0.77044666,0.22955337,0
0.82834935,0.17165065,0
0.9264846,0.073515385,0
0.9028636,0.09713636,0
0.7945195,0.20548055,0
0.5840963,0.41590366,1
0.5728784,0.42712158,1
0.5717121,0.42828798,1
0.5716599,0.42834008,1
0.56763846,0.43236157,1
0.6244946,0.37550542,0
0.6022626,0.39773732,0
0.60570985,0.39429015,0
0.5367784,0.4632216,1
0.5305924,0.4694076,1
0.48938984,0.51061016,1
0.47791928,0.5220807,1
0.9032107,0.0967893,0
0.70314366,0.29685637,1
0.34661752,0.6533825,1
0.30470863,0.6952914,1
0.32994723,0.67005277,1
0.60570276,0.39429715,1
0.8768579,0.123142146,0
0.7058223,0.29417777,0
0.7692881,0.23071185,0
0.8946187,0.10538131,0
0.63503355,0.36496648,0
0.45664462,0.5433554,1
0.58771205,0.41228798,0
0.6200735,0.3799265,0
0.60974747,0.3902526,0
0.6604139,0.33958605,0
0.6684973,0.33150268,0
0.83574057,0.1642594,0
0.7087092,0.29129082,0
0.8199621,0.18003793,0
0.8184723,0.1815277,0
0.7939478,0.20605217,1
0.8299475,0.17005254,1
0.85928214,0.1407178,0
0.8661133,0.13388667,0
0.68061084,0.31938916,1
0.90201706,0.09798299,0
0.7321378,0.26786214,1
0.8234743,0.17652574,1
0.8324443,0.1675557,0
0.62446934,0.37553063,1
0.7507791,0.24922086,0
0.7647625,0.23523751,0
0.78401285,0.21598722,0
0.6154315,0.3845685,1
0.7480164,0.25198358,1
0.8862089,0.11379112,0
0.7956227,0.20437734,1
0.9259674,0.07403263,0
0.9066282,0.09337187,0
0.6654649,0.3345351,0
0.6436487,0.3563513,0
0.49383396,0.50616604,1
0.6868415,0.3131585,1
0.7419254,0.25807455,1
0.8069238,0.19307616,0
0.7600744,0.23992562,0
0.58872795,0.41127202,1
0.52482855,0.47517148,1
0.6190004,0.38099954,0
0.4897701,0.5102299,0
0.5993184,0.4006816,0
0.7632632,0.23673673,0
0.9251545,0.07484547,0
0.90871686,0.09128317,0
0.7944341,0.20556594,0
0.54129356,0.4587065,0
0.56346565,0.43653435,1
0.5388929,0.46110708,1
0.49656945,0.50343055,1
0.5037253,0.49627468,1
0.7864815,0.2135185,1
0.8816315,0.11836855,1
0.6918612,0.30813885,1
0.56988955,0.43011048,1
0.57991153,0.42008853,1
0.63055867,0.36944127,1
0.62689954,0.37310043,1
0.39564627,0.6043537,1
0.70686686,0.29313317,1
0.71548265,0.28451735,0
0.75134057,0.24865936,0
0.7036986,0.2963014,0
0.8763694,0.12363064,0
0.873187,0.12681296,0
0.8086062,0.19139373,0
0.6569338,0.34306628,0
0.11481192,0.8851881,1
0.47594988,0.52405006,1
0.22340716,0.7765928,1
0.41097286,0.5890271,1
0.58688396,0.4131161,1
0.4880126,0.51198745,1
0.7775463,0.22245367,0
0.6990951,0.30090496,0
0.6980295,0.3019705,0
0.81635916,0.18364078,0
0.8791664,0.12083352,0
0.9091879,0.09081205,0
0.9026232,0.09737677,0
0.68069327,0.31930673,0
0.7482714,0.25172862,0
0.6739273,0.32607263,0
0.69164234,0.30835763,0
0.6087761,0.3912239,0
0.6480622,0.3519378,0
0.64101744,0.35898253,0
0.6736687,0.32633132,1
0.66154164,0.33845836,0
0.90448165,0.095518336,0
0.652304,0.34769598,1
0.64102334,0.3589767,0
0.65066254,0.3493375,0
0.64946604,0.35053396,0
0.65151215,0.34848782,1
0.6647829,0.33521715,0
0.6603019,0.33969805,0
0.5995037,0.40049624,1
0.7212829,0.27871716,0
0.80311364,0.19688635,0
0.75059384,0.24940619,1
0.94092786,0.059072144,0
0.91344017,0.08655986,0
0.8552103,0.14478976,0
0.78964216,0.21035783,0
0.6743747,0.32562536,0
0.6076954,0.39230463,0
0.616432,0.38356796,0
0.67778623,0.3222137,0
0.6960493,0.3039507,0
0.68154734,0.31845266,0
0.68918645,0.31081355,0
0.70271784,0.2972821,0
0.6966086,0.30339143,0
0.50332195,0.4966781,1
0.89962304,0.10037699,0
0.9521222,0.047877774,0
0.9602376,0.039762396,0
0.8419038,0.15809628,0
0.74744374,0.2525563,0
0.5574045,0.4425955,0
0.7398175,0.2601825,0
0.57324535,0.42675468,0
0.65786016,0.3421398,0
0.6850923,0.3149077,0
0.8381644,0.16183567,0
0.9385997,0.06140029,0
0.5080548,0.4919452,0
0.50115174,0.49884826,0
0.48592916,0.51407087,0
0.48804516,0.51195484,0
0.53348404,0.466516,1
0.48470724,0.5152927,1
0.4819842,0.51801586,1
0.76056564,0.23943433,0
0.82506406,0.1749359,0
0.91852874,0.08147129,0
0.9368979,0.06310215,0
0.89062256,0.10937742,0
0.6558142,0.34418583,0
0.5234116,0.47658852,1
0.48976913,0.51023084,1
0.5046225,0.4953774,1
0.5861991,0.41380093,1
0.52086383,0.4791362,1
0.5341183,0.46588174,1
0.7455033,0.25449675,0
0.8822768,0.117723204,0
0.5376376,0.46236238,1
0.5233867,0.47661325,1
0.53766483,0.46233517,0
0.5847694,0.41523057,0
0.6071862,0.39281377,0
0.7287772,0.2712228,0
0.63695264,0.36304736,1
0.6103289,0.38967118,1
0.6317427,0.36825725,1
0.75439346,0.2456065,1
0.75356346,0.24643657,1
0.766366,0.233634,1
0.62016046,0.37983954,1
0.60276836,0.39723164,1
0.59705967,0.4029404,1
0.59249955,0.40750045,1
0.62009525,0.37990472,1
0.62904274,0.37095726,1
0.6288147,0.37118533,1
0.9331417,0.06685824,0
0.8221664,0.17783365,0
0.8135391,0.1864609,0
0.63617444,0.36382556,0
0.64483124,0.3551688,0
0.64988077,0.3501192,0
0.6480629,0.35193712,0
0.71156526,0.28843474,1
0.6950606,0.3049394,0
0.76773363,0.23226634,1
0.5259734,0.4740267,1
0.5475539,0.45244607,1
0.5867792,0.41322082,0
0.69241774,0.30758223,1
0.6981437,0.3018563,1
0.9322831,0.067716844,0
0.5266924,0.47330758,1
0.5895046,0.41049537,1
0.65516883,0.34483117,1
0.7713658,0.22863416,1
0.8143761,0.18562396,1
0.91881365,0.08118636,0
0.92248255,0.077517435,0
0.5943506,0.40564945,1
0.6100263,0.3899737,1
0.52328104,0.47671902,1
0.5491839,0.45081607,1
0.67366487,0.3263352,1
0.71949977,0.28050026,1
0.79034907,0.2096509,1
0.8810936,0.11890638,0
0.90780866,0.09219128,0
0.83076847,0.16923153,0
0.76840806,0.2315919,0
0.7107236,0.28927642,1
0.6703675,0.3296325,1
0.7996141,0.20038596,1
0.07631046,0.9236896,1
0.67681473,0.32318524,0
0.6509752,0.34902477,0
0.7468011,0.25319892,0
0.6580875,0.34191254,0
0.6622784,0.33772162,1
0.6503211,0.34967887,1
0.70378846,0.29621154,0
0.68162054,0.31837946,1
0.6905849,0.30941513,0
0.5791946,0.4208054,1
0.5801069,0.41989303,0
0.6293262,0.37067375,0
0.6414498,0.3585502,0
0.61712843,0.38287154,0
0.6154237,0.38457635,0
0.66428465,0.3357153,0
0.751315,0.24868497,1
0.92017215,0.07982776,0
0.86076325,0.13923667,0
0.6556845,0.3443156,0
0.6748537,0.32514632,0
0.71323925,0.28676072,0
0.6593515,0.34064847,0
0.64924586,0.35075423,0
0.650889,0.349111,0
0.66873384,0.33126613,1
0.65760714,0.34239277,1
0.6524046,0.34759536,0
0.7261162,0.2738838,0
0.67143303,0.32856697,0
0.68368363,0.3163164,0
0.6139051,0.38609484,1
0.89505637,0.1049436,0
0.9120005,0.087999545,0
0.87626356,0.12373646,0
0.6547922,0.34520787,0
0.62883323,0.37116677,0
0.61230767,0.38769236,0
0.6067275,0.39327258,0
0.65228575,0.34771425,0
0.4880815,0.5119184,1
0.76231813,0.23768185,1
0.89911544,0.10088453,0
0.81731284,0.18268715,0
0.7068057,0.29319435,1
0.7263742,0.2736258,1
0.80029684,0.1997032,0
0.80074316,0.19925681,0
0.7832777,0.21672226,0
0.79676414,0.20323583,1
0.5537984,0.4462016,1
0.5585223,0.44147766,1
0.531737,0.468263,1
0.5322383,0.4677617,1
0.628962,0.37103802,1
0.517124,0.482876,1
0.47550106,0.52449894,1
0.5243974,0.47560254,1
0.5636247,0.43637535,1
0.58734435,0.41265562,1
0.784306,0.21569401,1
0.82791346,0.17208649,0
0.7404597,0.2595403,0
0.73098546,0.26901454,1
0.7705212,0.22947882,0
0.80863744,0.19136259,0
0.8229101,0.17708987,0
0.76676905,0.23323101,1
0.87145096,0.12854907,0
0.7728927,0.22710732,1
0.73594767,0.26405236,0
0.8582094,0.14179064,0
0.8571511,0.14284885,0
0.6535103,0.3464897,1
0.731052,0.268948,0
0.7249865,0.27501348,0
0.730193,0.26980692,0
0.8070116,0.19298841,0
0.78233695,0.21766305,0
0.7030786,0.29692146,0
0.7955567,0.20444328,0
0.86717117,0.13282885,0
0.86646336,0.13353665,0
0.8391565,0.16084348,0
0.68250936,0.31749058,0
0.7254665,0.27453357,0
0.73195755,0.26804245,1
0.7662749,0.2337251,0
0.77860695,0.22139302,1
0.7871909,0.21280907,0
0.7449457,0.25505427,0
0.6734028,0.32659724,0
0.9195129,0.08048712,1
0.87670594,0.12329406,0
0.6957058,0.30429426,0
0.758457,0.24154298,0
0.78536236,0.21463765,0
0.82117957,0.17882043,0
0.8149246,0.18507542,0
0.79401964,0.20598038,0
0.8140434,0.1859566,1
0.775296,0.22470403,0
0.7572581,0.24274187,1
0.5539371,0.44606295,1
0.7195669,0.2804331,1
0.71500725,0.28499275,1
0.6878669,0.3121331,0
0.8054725,0.19452752,1
0.8847513,0.11524865,0
0.6568834,0.3431166,1
0.6801652,0.31983477,1
0.88554466,0.11445529,0
0.54954076,0.45045927,1
0.51612234,0.48387763,1
0.5616528,0.43834716,1
0.60877824,0.39122176,0
0.52979916,0.47020087,1
0.6054765,0.39452347,1
0.6418861,0.35811388,1
0.64249396,0.3575061,0
0.7018173,0.2981827,0
0.8214985,0.17850147,0
0.9041583,0.09584168,0
0.8699594,0.13004054,0
0.5908417,0.40915832,0
0.61091197,0.3890881,0
0.60212475,0.39787522,0
0.5810208,0.4189792,0
0.5861352,0.41386482,1
0.45254162,0.5474584,1
0.54701096,0.45298904,1
0.57614195,0.4238581,0
0.72472286,0.27527714,0
0.78697085,0.21302918,0
0.847007,0.15299305,0
0.8602661,0.13973391,0
0.80548227,0.19451776,0
0.7017494,0.29825068,0
0.73182076,0.2681793,0
0.7696838,0.23031622,0
0.74166,0.25834,0
0.7853258,0.21467414,0
0.8251199,0.17488012,0
0.73073894,0.2692611,1
0.67230177,0.3276983,1
0.754735,0.24526498,1
0.83798885,0.16201115,0
0.7069021,0.29309785,1
0.6000966,0.39990342,1
0.54516536,0.4548346,1
0.6209172,0.37908283,0
0.63089085,0.36910915,0
0.61243886,0.38756114,1
0.67636627,0.32363382,0
0.59427327,0.40572676,1
0.56989396,0.43010595,1
0.63915503,0.36084497,1
0.5828613,0.4171387,0
0.597906,0.40209404,1
0.7241333,0.27586672,1
0.7978018,0.2021982,1
0.878969,0.12103091,0
0.88183314,0.118166864,0
0.65527034,0.34472963,0
0.62506604,0.374934,0
0.732263,0.267737,1
0.75946426,0.24053572,1
0.8545432,0.14545685,1
0.5285457,0.4714543,1
0.7144005,0.28559956,1
0.78992414,0.21007587,0
0.8207736,0.17922644,0
0.79555404,0.204446,1
0.8388765,0.1611235,1
0.7317912,0.26820883,1
0.55051494,0.44948512,1
0.83153754,0.1684625,1
0.847736,0.15226403,0
0.031510577,0.9684894,1
0.010866069,0.9891339,1
0.020589532,0.9794105,1
0.749081,0.25091898,0
0.79759985,0.20240016,0
0.7885223,0.21147767,0
0.774348,0.22565196,0
0.8515709,0.14842908,0
0.14571206,0.854288,1
0.29455867,0.7054413,1
0.57360834,0.42639172,0
0.60254246,0.39745757,0
0.16843376,0.8315662,1
0.6297132,0.37028685,0
0.59591967,0.40408033,0
0.82014686,0.17985314,0
0.8503542,0.14964586,0
0.8711234,0.12887664,0
0.6035692,0.3964308,0
0.6020537,0.3979463,0
0.58107984,0.41892016,0
0.59174407,0.40825596,0
0.38611042,0.6138896,1
0.50620556,0.49379438,1
0.77197874,0.22802125,0
0.7804034,0.21959664,0
0.78267455,0.21732542,0
0.6988337,0.30116633,0
0.41106096,0.5889391,1
0.36401135,0.63598865,1
0.61384064,0.38615936,0
0.8003456,0.19965436,0
0.11491911,0.8850809,1
2.0383172e-06,0.999998,1
0.6350111,0.36498898,0
0.55530745,0.44469258,0
0.7816469,0.21835314,0
0.749485,0.25051495,0
0.6508973,0.34910265,0
0.73489434,0.26510566,0
0.72622055,0.27377942,0
0.77194756,0.2280525,0
0.703189,0.296811,0
0.7066767,0.29332328,0
0.003826272,0.9961738,1
0.6831479,0.31685212,0
0.7751675,0.22483245,0
0.7132798,0.2867202,0
0.7513557,0.24864426,0
0.7370874,0.2629125,0
0.7273164,0.27268368,0
0.7288981,0.27110183,0
0.75044084,0.24955912,0
0.77445984,0.22554019,0
0.1681839,0.83181614,1
0.40367272,0.5963273,1
0.8085687,0.19143124,0
0.8587793,0.14122069,0
0.74452627,0.25547373,0
0.6880622,0.31193778,0
0.6882045,0.31179547,1
0.7283043,0.2716957,0
0.76568854,0.23431146,0
0.7586077,0.24139225,0
0.7511804,0.2488196,0
0.7591052,0.2408948,0
0.80719805,0.19280191,0
0.80246985,0.19753015,0
0.347639,0.652361,1
0.89331573,0.10668423,0
0.8935533,0.10644663,0
0.57244337,0.42755663,0
0.6321383,0.36786172,0
0.6726984,0.32730165,0
0.9260413,0.07395867,0
0.83419794,0.165802,0
0.6987915,0.30120847,0
0.6677952,0.33220485,0
0.82230914,0.17769091,1
0.76669055,0.23330948,0
0.7147152,0.28528485,0
0.5676288,0.43237117,1
0.57408315,0.42591685,0
0.31807232,0.6819277,1
0.3116909,0.68830913,1
0.64357615,0.35642385,0
0.51327956,0.48672038,0
0.0019186749,0.9980813,1
0.4452955,0.55470455,0
0.35869205,0.64130795,1
0.6564881,0.34351185,0
0.20092739,0.79907256,1
0.12115455,0.87884545,1
0.83371544,0.1662846,0
0.6967287,0.30327135,0
0.73043716,0.26956284,0
0.69667125,0.30332875,0
0.74472946,0.25527054,0
0.7077785,0.29222146,0
0.7445266,0.25547338,0
0.73070276,0.2692972,0
0.5920701,0.40792993,1
0.6465586,0.35344145,1
0.86203486,0.13796516,0
0.64750755,0.3524924,0
0.56286824,0.4371318,0
0.5429098,0.45709026,1
0.6266372,0.3733628,0
0.66891736,0.3310826,0
0.87695247,0.123047546,1
0.90134686,0.0986531,0
0.7270756,0.27292442,1
0.71603316,0.2839668,0
0.72970253,0.2702974,0
0.7071231,0.2928769,1
0.7252614,0.27473864,0
0.68534625,0.3146537,1
0.72482127,0.27517873,0
0.24346933,0.75653064,1
0.38181308,0.6181869,1
0.22486152,0.77513844,1
0.90582126,0.094178714,0
0.8936268,0.10637323,0
0.46768105,0.53231895,1
0.6214804,0.37851965,1
0.7839011,0.21609887,0
0.7801757,0.21982437,0
0.037306365,0.96269363,1
0.18371744,0.8162826,1
0.4517248,0.54827523,1
0.7332298,0.26677015,0
0.6838777,0.31612226,0
0.036902465,0.9630975,1
0.77838045,0.22161947,0
0.85169,0.14831008,0
0.8316034,0.16839656,0
0.78614837,0.21385165,0
0.18568923,0.8143108,1
0.70300466,0.29699537,0
0.41296166,0.58703834,1
0.2870581,0.71294194,1
0.60949856,0.39050144,0
0.6658388,0.3341612,0
0.4199814,0.58001864,1
0.85707206,0.14292791,0
0.86601025,0.13398975,0
0.79592294,0.20407708,0
0.18002479,0.8199752,0
0.44743603,0.552564,0
0.2966697,0.70333034,0
0.6569083,0.34309176,0
0.82746273,0.17253728,0
0.8185175,0.18148251,0
0.8045912,0.19540885,0
0.41177514,0.5882249,0
0.3353976,0.66460246,0
0.6261555,0.37384441,0
0.7737437,0.22625628,0
2.611903e-05,0.9999739,1
0.81468415,0.18531583,0
0.45370078,0.5462993,0
0.54779935,0.4522006,0
0.6523622,0.34763774,0
0.6172566,0.38274348,0
0.7922019,0.20779815,0
0.7877519,0.21224803,0
0.049252756,0.9507472,1
0.66195714,0.33804286,0
0.21610908,0.7838909,1
0.19290614,0.8070939,1
0.19612214,0.8038779,1
0.78323734,0.21676268,0
0.7469973,0.25300264,0
0.053080875,0.94691914,1
0.6282465,0.37175348,0
0.6883544,0.3116456,0
0.19168514,0.8083149,1
0.61758626,0.38241374,0
0.7152294,0.28477055,0
0.2589061,0.74109393,0
0.31445664,0.6855434,0
0.8689494,0.13105063,0
0.79027903,0.20972101,0
0.6578258,0.34217423,0
0.7728725,0.22712757,0
0.5998627,0.4001373,0
0.47923368,0.52076626,0
0.6605275,0.33947244,0
0.78970605,0.21029401,0
0.1644131,0.8355869,1
0.54395974,0.4560403,0
0.65154237,0.3484576,0
0.69549125,0.30450875,0
0.6314703,0.36852965,0
0.665596,0.33440402,0
0.70894176,0.29105824,0
0.7089362,0.29106382,0
0.6250413,0.3749587,0
0.7335627,0.2664373,0
0.6658526,0.33414745,0
0.4601878,0.53981227,1
0.09249473,0.9075052,1
0.66231376,0.3376862,0
0.38676706,0.613233,1
0.122263834,0.87773615,1
0.89489603,0.10510392,0
0.87572056,0.124279395,0
0.8569976,0.14300239,0
0.8187529,0.18124716,0
0.76251143,0.23748852,0
0.5550218,0.4449782,0
0.48897478,0.5110252,1
0.17558204,0.824418,1
0.25103843,0.7489615,1
0.37311873,0.6268813,1
0.5749522,0.42504776,0
0.5308482,0.4691518,0
0.33008555,0.6699144,1
0.49586806,0.504132,0
0.55208623,0.44791374,0
0.5916007,0.40839934,0
0.8078092,0.1921908,0
0.7950299,0.20497018,0
0.86696035,0.13303962,0
0.8574842,0.14251576,0
0.7411381,0.2588619,0
0.7049708,0.29502925,1
0.8412437,0.15875624,0
0.8080158,0.19198415,0
0.6889379,0.31106204,1
0.69241947,0.30758053,1
0.7153977,0.28460225,1
0.6132846,0.38671547,1
0.5501146,0.44988543,1
0.72745407,0.27254593,0
0.6511799,0.34882012,0
0.7933126,0.20668736,0
0.6599159,0.34008414,1
0.69430417,0.3056958,1
0.6916752,0.30832487,1
0.70541734,0.2945826,0
0.64809597,0.3519041,1
0.62029505,0.37970492,1
0.63820624,0.36179373,0
0.65110606,0.34889397,0
0.7755142,0.22448589,0
0.7692642,0.23073573,0
0.6958335,0.3041665,0
0.71258736,0.28741264,0
0.73282593,0.26717407,0
0.71464837,0.28535166,0
0.7237753,0.27622473,1
0.7198283,0.28017163,1
0.72757596,0.27242407,1
0.72403365,0.2759664,1
0.74009234,0.25990766,1
0.71016675,0.28983328,1
0.7103553,0.28964478,1
0.6928286,0.3071714,0
0.6717405,0.32825956,0
0.7876893,0.2123106,0
0.7146452,0.28535482,0
0.7200737,0.2799263,0
0.7225577,0.27744234,0
0.75680417,0.24319585,0
0.6497975,0.35020253,0
0.5590431,0.4409569,1
0.9032749,0.09672515,0
0.40377823,0.5962218,1
0.41191188,0.58808815,1
0.6125339,0.38746604,0
0.6660912,0.3339088,0
0.82206476,0.17793524,0
0.78859335,0.2114067,0
0.71313775,0.28686225,1
0.7024644,0.29753554,1
0.7341035,0.2658965,0
0.7837607,0.21623929,0
0.81722176,0.1827783,0
0.9060563,0.09394369,0
0.83199227,0.16800769,0
0.59173346,0.40826657,1
0.5654038,0.43459618,1
0.56054044,0.4394595,1
0.33078355,0.6692165,1
0.5728131,0.42718688,0
0.5667402,0.4332598,0
0.51274896,0.48725107,1
0.7848321,0.21516791,0
0.8174464,0.18255362,0
0.5973395,0.40266058,0
0.4147028,0.58529717,1
0.16409105,0.83590895,1
0.34279916,0.6572009,1
0.6406234,0.35937658,0
0.6879489,0.31205106,0
0.82240045,0.17759953,0
0.72477716,0.2752228,0
0.6171216,0.38287845,0
0.64992845,0.35007155,0
0.6778271,0.32217288,0
0.6967599,0.3032401,0
0.6591674,0.34083253,0
0.6710961,0.3289039,0
0.54510576,0.45489424,1
0.61960286,0.38039714,1
0.771937,0.22806294,1
0.69005466,0.30994532,0
0.80695724,0.19304276,0
0.7849689,0.2150311,0
0.7200951,0.27990493,0
0.67475903,0.325241,1
0.7484749,0.25152513,0
0.76947147,0.23052855,0
0.8064275,0.19357249,0
0.83842003,0.16157994,0
0.6854799,0.31452015,1
0.7842901,0.21570995,0
0.7084238,0.29157618,0
0.7602593,0.23974076,0
0.6784433,0.32155672,1
0.7543696,0.24563043,0
0.74952006,0.25047997,0
0.69884807,0.30115196,1
0.77483666,0.22516331,0
0.84402174,0.15597829,0
0.848086,0.151914,0
0.8150405,0.18495952,0
0.84773946,0.15226054,0
0.7794768,0.22052318,0
0.8110397,0.18896031,0
0.8003815,0.1996185,0
0.5258312,0.47416872,1
0.68360627,0.31639364,1
0.792374,0.20762596,0
0.24026574,0.7597343,1
0.44866648,0.55133355,1
0.51890934,0.48109072,0
0.6094474,0.39055258,0
0.84988964,0.15011035,0
0.8866609,0.11333915,0
0.853521,0.14647903,0
0.81787884,0.18212116,0
0.4789123,0.52108777,0
0.64091116,0.35908887,0
0.60090137,0.39909863,0
0.6464541,0.35354593,0
0.096918724,0.90308124,1
0.114989206,0.8850107,1
0.25978026,0.7402197,1
0.60695595,0.3930441,0
0.6899912,0.3100088,0
0.85105085,0.1489492,0
0.8316531,0.16834688,0
0.7348499,0.26515016,0
0.68625635,0.31374368,0
0.550009,0.449991,1
0.827427,0.17257302,1
0.72119975,0.2788003,0
0.62359345,0.3764066,0
0.6812811,0.3187189,0
0.70681757,0.2931824,0
0.6747079,0.3252921,0
0.4471155,0.5528845,1
0.593027,0.40697294,1
0.5354906,0.46450946,1
0.7368302,0.26316988,0
0.18215322,0.8178468,1
0.16200617,0.8379938,1
0.6255461,0.37445393,1
0.5278888,0.47211125,1
0.28839016,0.7116098,1
0.21770698,0.782293,1
3.395196e-07,0.99999964,1
5.7487534e-07,0.9999994,1
0.008321222,0.9916788,1
0.5502091,0.4497909,0
0.4885665,0.51143354,0
0.64829564,0.35170433,0
0.7066227,0.2933773,0
0.02674099,0.97325903,1
0.8224548,0.17754517,0
0.8465462,0.15345387,0
0.7391799,0.26082018,0
0.08911748,0.91088253,1
0.4535281,0.54647195,0
0.53213644,0.46786362,0
0.5238331,0.47616693,0
0.091148995,0.908851,1
2.0713153e-11,1.0,1
0.51896626,0.4810338,0
0.77352387,0.22647618,0
0.6112114,0.38878852,0
0.64767694,0.3523231,0
0.20011315,0.7998869,0
0.0892332,0.91076684,1
0.06745925,0.9325408,1
0.64231485,0.35768518,0
0.896078,0.10392199,0
0.16632701,0.833673,1
0.123651005,0.876349,1
0.06454199,0.93545794,1
0.11411028,0.88588965,1
0.027095724,0.97290426,1
0.0007753585,0.99922466,1
0.5199304,0.48006964,0
0.5558236,0.44417635,0
0.17662007,0.82337993,0
0.37061736,0.6293826,0
0.6745191,0.32548085,0
0.6258863,0.3741137,0
0.65222526,0.3477748,0
0.5441064,0.45589358,0
0.4359386,0.56406146,0
0.44434106,0.555659,0
0.67604804,0.32395196,0
0.7782557,0.22174425,0
0.787151,0.21284904,0
0.7874894,0.21251056,0
0.72034985,0.27965012,0
0.70800275,0.29199716,0
0.09959817,0.90040183,1
0.614989,0.38501108,0
0.8220038,0.17799616,0
0.73642665,0.26357338,0
0.70016,0.29984,0
0.71568984,0.28431013,0
0.7139698,0.28603014,0
0.14398168,0.8560183,1
0.06613926,0.9338608,1
0.2781363,0.7218637,0
0.47874433,0.5212557,0
0.65418196,0.34581804,0
0.60391283,0.3960872,0
0.65580523,0.34419477,0
0.4801863,0.5198137,0
8.349627e-08,0.9999999,1
0.5633867,0.43661332,0
0.66417086,0.33582917,0
0.70284325,0.29715672,0
0.77554643,0.22445352,0
0.6889529,0.31104708,0
0.6196775,0.38032255,0
0.5600804,0.43991962,0
0.49684927,0.50315076,0
0.6750223,0.3249777,0
0.58439064,0.41560936,0
0.17829342,0.8217066,1
0.16322859,0.83677137,1
0.24022496,0.75977504,1
0.61262304,0.38737696,0
0.46089926,0.5391007,1
0.7407719,0.25922814,0
0.6969361,0.30306393,0
0.3898178,0.6101822,1
0.49065644,0.50934356,0
0.6424953,0.3575047,0
0.7145915,0.2854085,0
0.7313272,0.26867282,0
0.7822755,0.21772441,0
0.6615058,0.33849424,0
0.675697,0.32430297,1
0.8711567,0.12884334,0
0.8559699,0.14403005,0
1.7764642e-06,0.9999982,1
2.0992609e-06,0.99999785,1
0.06815267,0.93184733,0
1.3498369e-08,1.0,1
3.792751e-07,0.99999964,1
0.009029773,0.99097025,1
0.10467341,0.8953266,0
0.6278719,0.37212816,0
0.7644617,0.23553827,0
0.18109453,0.8189055,0
0.20668598,0.79331404,0
0.00065078423,0.9993492,1
0.00051683973,0.9994831,1
0.041753534,0.9582464,1
0.7409501,0.2590499,0
0.64915276,0.3508472,0
0.6990853,0.3009148,0
0.64306515,0.35693485,0
0.70837283,0.2916271,0
0.7370109,0.26298913,0
0.78963816,0.21036187,0
0.8102152,0.18978484,0
0.80056816,0.19943176,0
0.77920413,0.2207958,0
0.37382135,0.6261787,0
0.5582055,0.44179448,0
0.62808245,0.37191752,0
0.7028528,0.2971472,0
0.6652251,0.33477488,1
0.26904655,0.73095345,1
0.5670267,0.43297333,1
0.38116494,0.6188351,1
0.5601411,0.4398589,0
0.6055254,0.3944746,0
0.6127167,0.3872833,0
0.564613,0.43538693,0
0.55769247,0.44230756,0
0.5166675,0.4833325,0
5.4442826e-05,0.9999455,1
0.0010843141,0.9989157,1
0.032150947,0.967849,1
0.06449399,0.93550605,1
0.2737061,0.726294,1
0.6012,0.39880008,0
0.81186074,0.18813924,0
0.10779601,0.892204,1
0.09891598,0.901084,1
0.1273327,0.8726673,1
0.3347566,0.6652434,0
0.35421446,0.6457855,0
0.07517317,0.9248268,1
0.037068166,0.9629319,1
0.3997672,0.60023284,0
0.6218165,0.37818354,0
0.14899442,0.8510056,1
0.18404412,0.8159559,1
0.17066291,0.8293371,1
0.6569917,0.34300834,0
0.37888142,0.62111855,0
0.4699189,0.53008115,0
0.68927073,0.31072924,0
0.60656744,0.39343262,0
0.42599392,0.574006,0
0.43642133,0.5635787,0
0.18073781,0.81926227,1
0.4777437,0.5222564,0
0.4555301,0.54446995,0
0.5898962,0.4101038,0
0.052207768,0.9477923,1
0.18774001,0.8122599,1
0.096843526,0.9031565,1
0.36485738,0.6351426,0
0.055532493,0.9444675,1
0.70021296,0.29978704,0
0.11804752,0.88195246,1
0.13120621,0.8687938,1
0.17798652,0.8220135,1
0.18366869,0.81633127,1
0.15390281,0.84609723,1
0.33188426,0.66811574,1
0.4821943,0.51780564,0
0.52703935,0.47296062,0
0.4581502,0.54184973,0
0.5131158,0.48688415,0
0.47735694,0.522643,0
0.6093023,0.39069775,0
0.6089689,0.3910311,0
0.12787896,0.87212104,1
0.23836677,0.76163316,1
0.2811155,0.71888447,1
0.6464629,0.3535371,0
0.63824475,0.36175528,0
0.8024822,0.19751784,0
0.85853815,0.1414618,0
0.7550463,0.24495377,0
0.74743307,0.2525669,0
0.41803733,0.5819627,1
0.45373785,0.54626215,1
0.599878,0.40012196,0
0.7388183,0.26118165,0
0.9303189,0.06968115,0
0.80460715,0.19539286,0
0.55380625,0.44619378,1
0.407693,0.59230703,1
0.35497528,0.6450247,1
0.38135636,0.61864364,1
0.3118799,0.6881201,1
0.5428398,0.4571602,1
0.020212697,0.97978735,1
0.34938118,0.6506188,1
0.5009139,0.49908605,1
0.66705316,0.3329468,0
0.7359903,0.26400974,0
0.7744097,0.22559027,0
0.6731693,0.32683071,0
0.617137,0.382863,0
0.479546,0.520454,1
0.679493,0.32050705,0
0.85446626,0.14553373,0
0.38018993,0.6198101,1
0.39515904,0.60484093,1
0.38371193,0.616288,1
0.3953469,0.60465306,1
0.053404454,0.9465956,1
0.5412586,0.4587415,0
0.7909395,0.20906049,0
0.5801477,0.41985235,0
0.176218,0.82378197,1
0.03178797,0.968212,1
0.056872085,0.94312793,1
0.07851016,0.9214899,1
0.06586089,0.9341391,1
0.18138096,0.8186191,0
0.215966,0.784034,0
0.44268337,0.5573166,0
0.5193031,0.48069692,0
0.51498216,0.48501787,0
0.867752,0.13224803,0
0.31460562,0.68539435,0
0.47876874,0.52123123,0
0.49206707,0.50793296,0
0.59259915,0.40740082,0
0.67551666,0.32448336,0
0.14598727,0.85401267,1
0.16869357,0.83130646,1
0.4290043,0.57099575,0
0.789604,0.21039596,0
0.8328592,0.1671408,0
0.55141455,0.44858542,0
0.37420282,0.6257972,1
0.39627257,0.60372746,1
0.5693936,0.43060645,0
0.6359394,0.36406064,0
0.70321864,0.2967813,0
0.16788895,0.83211106,1
0.26609537,0.73390466,1
0.10510448,0.8948955,1
0.23300655,0.76699346,1
0.4421693,0.5578307,0
0.3557082,0.64429176,0
0.5041264,0.49587357,0
0.24105537,0.75894463,1
0.41057765,0.5894224,0
0.48736808,0.5126319,0
0.06169046,0.9383095,1
0.37401956,0.6259804,0
0.0981858,0.9018142,1
0.104983404,0.89501655,1
0.6145143,0.3854857,0
0.22002237,0.7799776,1
0.5465472,0.45345283,0
0.5734759,0.42652404,0
0.50753903,0.49246103,0
0.6428217,0.3571783,0
0.63065356,0.3693464,0
0.5330809,0.4669191,1
0.5411726,0.45882738,0
0.6620706,0.33792946,0
0.59199727,0.40800273,0
0.61731577,0.38268426,0
0.5611159,0.43888408,0
0.6217287,0.3782713,0
0.46474403,0.53525597,1
0.68960243,0.31039757,0
0.5855612,0.4144388,0
0.4567178,0.5432822,1
0.2631945,0.7368055,1
0.704963,0.295037,0
0.4606502,0.53934973,1
0.6255166,0.37448344,0
0.57998127,0.4200187,0
0.6118436,0.3881564,0
0.31789842,0.6821016,1
0.8627091,0.13729088,0
0.9085012,0.09149877,0
0.75576174,0.24423827,0
0.1322292,0.86777073,1
0.19083588,0.80916417,1
0.19077224,0.80922776,1
0.20805402,0.791946,1
0.12525287,0.8747471,1
0.06951725,0.93048275,1
0.6068664,0.39313355,0
0.54614735,0.45385268,0
0.6803885,0.31961143,0
0.758622,0.24137805,0
0.32632804,0.67367196,1
0.3640007,0.63599926,1
0.097324595,0.90267545,1
0.30835667,0.6916433,1
0.32045472,0.67954534,1
0.36185914,0.63814086,1
0.43737063,0.56262946,0
0.7104415,0.2895585,0
0.40024063,0.59975934,0
0.13400829,0.8659917,1
0.054704342,0.9452956,1
0.5716304,0.42836952,0
0.52654475,0.4734552,0
0.5177458,0.4822543,0
0.3390537,0.6609463,0
0.10098921,0.89901084,1
0.16282107,0.8371789,1
0.61552775,0.38447228,0
0.5534793,0.4465207,0
0.5232855,0.47671455,0
0.5270335,0.4729665,0
0.5459486,0.4540514,0
0.7932863,0.20671368,0
0.5591341,0.44086587,0
0.6387952,0.3612048,0
0.56458336,0.4354166,0
0.57334685,0.42665315,0
0.42557183,0.5744282,1
0.5716819,0.42831802,0
0.53920245,0.46079752,1
0.5433756,0.4566244,0
0.55865,0.44134998,0
0.418162,0.581838,1
0.40380627,0.59619373,1
0.62313294,0.37686706,0
0.28222498,0.71777505,1
0.43501815,0.5649819,1
0.63382095,0.36617896,0
0.5050431,0.49495688,1
0.7597214,0.24027862,0
0.66818994,0.3318101,0
0.23054351,0.76945645,1
0.503864,0.49613595,1
0.581239,0.41876107,0
0.3989226,0.6010774,1
0.6097695,0.39023045,0
0.5633143,0.43668562,0
0.34889695,0.651103,1
0.58806795,0.41193202,0
0.88828075,0.11171924,0
0.8411073,0.1588927,0
0.2612156,0.7387845,1
0.28851777,0.7114823,1
0.39528045,0.6047196,1
0.39851436,0.6014856,1
0.3526381,0.6473618,1
0.1886698,0.8113302,1
0.51988876,0.48011127,1
0.8005976,0.19940242,0
0.8343497,0.16565025,0
0.8365183,0.16348168,0
0.23515067,0.7648493,1
0.22125533,0.7787447,1
0.20515682,0.7948432,1
0.06606066,0.9339394,1
0.17196545,0.8280346,1
0.33470944,0.6652905,1
0.6670237,0.33297628,0
0.735336,0.264664,0
0.8303489,0.16965109,0
0.7544981,0.24550186,0
0.12733626,0.8726637,1
0.07225682,0.92774314,1
0.023633847,0.97636616,1
0.0011706706,0.9988293,1
0.065093,0.93490696,1
0.08799715,0.91200286,1
0.5838742,0.41612577,0
0.1492861,0.8507139,1
0.13523458,0.86476535,1
0.20788822,0.7921118,1
0.20968568,0.7903143,1
0.35374242,0.6462576,0
0.55309874,0.44690126,0
0.007549831,0.99245024,1
0.31861058,0.6813894,1
0.044378884,0.95562106,1
0.15666685,0.8433332,1
0.20325054,0.7967495,1
0.56221426,0.4377857,0
0.14214736,0.85785264,0
0.19523819,0.8047618,0
0.27894813,0.7210519,0
0.2839185,0.71608156,0
0.31383044,0.68616956,0
0.12765498,0.872345,1
0.38468888,0.61531115,0
0.55428153,0.44571838,0
0.23231015,0.7676898,0
0.26806256,0.73193747,0
0.25360724,0.7463927,0
0.2572367,0.7427633,0
0.03792282,0.9620772,1
0.29086688,0.70913315,0
0.30300808,0.6969919,0
0.22925082,0.7707492,0
0.595292,0.40470806,0
0.5716126,0.4283874,0
0.05757122,0.9424288,1
0.5317488,0.46825117,0
0.28816554,0.71183443,1
0.101593606,0.8984064,1
0.23034757,0.7696524,1
0.69903326,0.30096674,0
0.64969313,0.35030684,0
0.44299307,0.55700684,0
0.14450173,0.85549825,1
0.2189805,0.7810195,1
0.27587244,0.7241276,1
0.82425857,0.17574146,0
0.77810466,0.22189528,0
0.19888107,0.80111897,1
0.20205224,0.79794776,1
0.23969075,0.7603093,1
0.14031708,0.8596829,1
0.011176845,0.9888232,1
0.004881096,0.995119,1
0.0058571417,0.99414283,1
0.019302621,0.9806974,1
0.1269397,0.87306035,1
0.25198764,0.7480123,0
0.6401127,0.35988727,0
0.74468,0.25531998,0
0.8139625,0.18603751,0
0.294363,0.705637,0
0.4122224,0.5877777,0
0.44377798,0.556222,0
0.2916842,0.7083158,1
0.31314823,0.68685186,1
0.34191504,0.658085,1
0.30408075,0.6959193,1
0.36579996,0.63420004,1
0.2538623,0.74613774,1
0.27539936,0.7246006,1
0.17373045,0.8262695,1
0.20360245,0.7963975,1
0.21452387,0.78547615,1
0.356588,0.643412,0
0.22326884,0.77673113,1
0.43603548,0.5639644,0
0.5748217,0.42517826,0
0.50801176,0.4919882,1
0.79798317,0.20201685,0
0.57552993,0.42447004,0
0.4539766,0.5460234,1
0.28374228,0.7162577,1
0.5936559,0.4063441,0
0.5219898,0.47801018,1
0.3677513,0.6322487,1
0.49960643,0.5003935,1
0.5829323,0.41706774,0
0.51949656,0.48050347,0
0.59170663,0.40829343,1
0.6124791,0.38752088,1
0.87770236,0.122297645,0
0.19642168,0.8035783,1
0.1952075,0.80479246,1
0.07729323,0.9227068,1
0.095799066,0.9042009,1
0.0003770185,0.99962294,1
0.094497934,0.905502,1
0.46724784,0.53275216,0
0.61398166,0.38601834,0
0.8175506,0.1824494,0
0.85543287,0.14456719,0
0.15899612,0.84100384,0
0.14130595,0.8586941,0
0.14029771,0.8597023,1
0.58105916,0.4189409,0
0.63205534,0.3679447,0
0.43349472,0.56650525,0
0.3054646,0.69453543,0
0.39966816,0.60033184,0
0.17517765,0.8248223,1
0.10728505,0.8927149,1
0.14657205,0.85342795,1
0.16619468,0.83380526,1
0.8051325,0.19486749,0
0.54865015,0.45134988,0
0.4735179,0.5264821,0
0.190256,0.809744,1
0.4005188,0.5994812,0
0.43620002,0.5638,0
0.36869484,0.6313052,0
0.31773028,0.6822697,0
0.11594171,0.8840583,1
0.11755338,0.8824466,1
0.24352394,0.75647604,1
0.19245988,0.8075401,1
0.22278534,0.77721465,1
0.17284016,0.8271599,1
0.36422345,0.6357766,1
0.4801083,0.51989174,0
0.5275333,0.47246665,0
0.5019516,0.49804845,0
0.4241385,0.5758615,0
0.4197912,0.58020884,1
0.35231707,0.6476829,1
0.6203377,0.37966228,0
0.6576346,0.34236544,0
0.39458966,0.60541034,1
0.43374324,0.5662568,0
0.5694482,0.4305518,0
0.60432345,0.39567655,0
0.6272604,0.37273964,0
0.1397411,0.8602589,1
0.6006026,0.39939737,0
0.64967537,0.35032466,0
0.6441064,0.35589358,0
0.83702564,0.1629744,0
0.56932384,0.4306762,0
0.5799111,0.42008886,0
0.40450346,0.5954965,1
0.17960995,0.82039005,1
0.40955925,0.5904407,1
0.38949612,0.6105039,1
0.4664302,0.5335699,1
0.5202057,0.4797943,1
0.49549726,0.5045028,0
0.27594435,0.7240557,1
0.69671005,0.30328995,0
0.23816337,0.76183665,1
0.25959548,0.7404045,1
0.20247647,0.79752356,1
0.5425242,0.4574758,0
0.29404098,0.7059591,1
0.3617043,0.6382957,0
0.8698196,0.13018046,0
0.46265253,0.53734744,0
0.13029979,0.8697002,1
0.15111236,0.8488876,1
0.17625684,0.82374316,1
0.17916277,0.8208372,1
0.19718266,0.80281734,1
0.211591,0.788409,1
0.21432203,0.78567797,1
0.2817978,0.7182022,1
0.38085172,0.6191483,0
0.25785303,0.74214697,1
0.22888713,0.7711129,1
0.25998157,0.74001837,1
0.72328883,0.27671117,0
0.2748217,0.7251783,1
0.22241154,0.7775885,1
0.1978021,0.8021979,1
0.31548914,0.6845109,1
0.7991112,0.20088881,0
0.87489736,0.12510261,0
0.7304567,0.2695433,0
0.1315687,0.8684313,1
0.13287702,0.86712295,1
0.13928583,0.86071414,1
0.14487326,0.85512674,1
0.12142028,0.87857974,1
0.09171726,0.90828276,1
0.06460403,0.935396,1
0.00622376,0.9937762,1
0.007525325,0.9924746,1
0.13903147,0.8609685,1
0.15267691,0.8473231,1
0.23386323,0.7661368,1
0.108264595,0.89173543,1
0.103822224,0.8961777,1
0.16107346,0.83892655,0
0.4648731,0.53512686,0
0.163039,0.836961,0
0.82603186,0.17396809,0
0.80681443,0.19318552,0
0.13496286,0.86503714,1
0.16631036,0.8336896,1
0.17825086,0.8217492,1
0.20777608,0.79222393,1
0.7341441,0.26585588,0
0.8175061,0.18249393,0
0.7086447,0.29135528,0
0.5984513,0.4015487,0
0.30583537,0.6941647,1
0.1584562,0.8415438,1
0.2254429,0.77455705,1
0.2183353,0.78166467,1
0.21662132,0.7833787,1
0.2896933,0.71030664,0
0.21120594,0.78879404,1
0.2193433,0.78065675,1
0.2906787,0.70932126,1
0.49392888,0.50607115,0
0.88835984,0.11164012,0
0.7859358,0.21406423,0
0.33905607,0.6609439,1
0.5794144,0.42058557,0
0.6146818,0.38531825,0
0.62656033,0.37343967,0
0.6626214,0.33737862,0
0.52570885,0.47429115,1
0.52114487,0.4788552,1
0.9032058,0.09679415,0
0.7535165,0.24648358,0
0.66124314,0.33875683,0
0.36154354,0.63845646,1
0.67111003,0.32889006,0
0.63911843,0.36088163,0
0.73054576,0.2694542,0
0.42187575,0.5781243,1
0.66847354,0.3315265,0
0.8401168,0.15988323,0
0.9410202,0.05897974,0
0.16856237,0.83143765,1
0.20140949,0.79859054,1
0.21728343,0.7827165,1
0.2916843,0.70831573,1
0.45053592,0.54946405,1
0.8738508,0.1261491,0
0.808825,0.19117504,0
0.49055973,0.5094403,0
0.53015816,0.46984184,0
0.50005484,0.4999452,0
0.04350841,0.9564916,1
0.6975341,0.30246583,0
0.05793905,0.94206095,1
0.1190931,0.88090694,1
0.11192537,0.88807464,1
0.15277803,0.847222,1
0.15446188,0.8455382,1
0.11927959,0.8807204,1
0.085345194,0.9146548,1
0.12052776,0.8794722,1
0.3674295,0.6325705,0
0.10847451,0.8915255,1
0.26929793,0.73070204,1
0.7350031,0.26499695,0
4.787372e-07,0.9999995,1
0.18021947,0.8197806,0
0.16381854,0.8361815,1
0.11265163,0.88734835,0
0.19197042,0.80802953,0
0.31045446,0.6895456,0
0.35126695,0.6487331,0
0.09783147,0.9021685,1
0.23044911,0.7695509,0
0.2021675,0.7978325,0
0.18167011,0.8183299,1
0.17726307,0.82273686,1
0.25858387,0.7414161,1
0.1739817,0.8260183,1
0.4941515,0.5058484,0
0.21108003,0.78892,1
0.41488662,0.5851134,0
0.4982787,0.50172126,0
0.3190989,0.6809011,1
0.26323277,0.73676723,1
0.5725183,0.42748177,0
0.23858623,0.76141375,1
0.42007384,0.57992613,1
0.11764567,0.8823543,1
0.23136431,0.7686357,1
0.15322189,0.8467781,1
0.13175201,0.8682479,1
0.49965975,0.5003403,0
0.15930633,0.84069365,1
0.20409694,0.795903,1
0.3664783,0.63352174,0
0.34409526,0.65590477,1
0.51438916,0.48561084,1
0.82315654,0.17684348,0
0.868612,0.13138805,0
0.69372714,0.3062729,0
0.4672488,0.53275114,0
0.29467025,0.7053298,1
0.29963166,0.70036834,1
0.6301119,0.36988816,0
0.78810465,0.2118953,0
0.11833168,0.8816683,1
0.4683081,0.53169197,0
0.3513918,0.6486082,1
0.35359445,0.6464056,1
0.63199866,0.36800128,0
0.3399905,0.66000944,1
0.33685365,0.6631464,1
0.49714717,0.5028529,0
0.7925844,0.2074156,0
0.68536687,0.3146331,0
0.53404063,0.4659594,0
0.39859253,0.6014075,1
0.40389374,0.5961063,1
0.57733,0.42266998,0
0.63927346,0.3607265,0
0.34320074,0.6567992,1
0.5805178,0.41948217,1
0.78316814,0.21683188,0
0.85461277,0.1453872,0
0.76571876,0.23428132,0
0.4003025,0.5996975,1
0.37020168,0.6297983,1
0.19458151,0.80541843,1
0.5835518,0.4164481,0
0.5701705,0.42982945,0
0.62762207,0.3723779,0
0.8515649,0.14843516,0
0.62841266,0.37158728,0
0.37793642,0.6220636,1
0.30025277,0.69974726,1
0.83173597,0.16826403,0
0.23536107,0.76463896,1
0.14011082,0.8598892,1
0.39492288,0.605077,1
0.29036343,0.70963657,1
0.32271624,0.6772837,1
0.48204738,0.5179527,0
0.86622626,0.13377368,0
0.49241105,0.507589,0
0.39999855,0.60000145,1
0.101080835,0.8989191,1
0.12340369,0.87659633,1
0.17358185,0.82641816,1
0.08522073,0.91477925,1
0.2550917,0.74490833,1
0.9122529,0.08774705,0
0.8992277,0.10077229,0
0.19022185,0.80977815,1
0.16515717,0.83484286,1
0.1704259,0.82957405,1
0.17533156,0.8246684,1
0.16465811,0.8353418,1
0.07904804,0.92095196,1
0.13751677,0.8624832,1
0.3141131,0.6858869,0
0.26946113,0.7305389,1
0.6321579,0.36784208,0
0.7818211,0.21817891,0
0.8043588,0.19564117,0
0.25467116,0.7453289,1
0.47491017,0.52508986,0
0.5047822,0.49521786,0
0.1294037,0.8705963,1
0.17224982,0.82775015,1
0.35565022,0.64434975,1
0.2571335,0.74286646,1
0.32102588,0.67897415,1
0.13343365,0.8665663,1
0.07128859,0.9287114,1
0.08645945,0.91354054,1
0.12289428,0.87710565,1
0.15601718,0.84398276,1
0.15771289,0.8422871,1
0.20579468,0.7942053,1
0.2489333,0.75106674,1
0.16690703,0.833093,1
0.15818776,0.84181225,1
0.26708874,0.7329113,1
0.38084587,0.61915416,0
0.35631576,0.64368415,1
0.1394558,0.8605442,1
0.13813813,0.8618618,1
0.068323724,0.93167627,1
0.40285343,0.59714663,0
0.23604128,0.76395875,1
0.63429964,0.3657003,0
0.47477952,0.52522045,0
0.24182594,0.758174,1
0.7953428,0.2046572,0
0.80145496,0.19854501,0
0.7935471,0.20645285,0
0.24756613,0.75243384,1
0.6080938,0.39190614,0
0.6965181,0.3034819,0
0.7100354,0.28996462,0
0.710048,0.28995204,0
0.68358713,0.31641284,0
0.27652538,0.72347456,1
0.121386915,0.8786131,1
0.41124806,0.588752,1
0.66179705,0.33820292,0
0.48377827,0.5162217,0
0.20417802,0.79582196,1
0.25279397,0.747206,1
0.46703166,0.5329684,1
0.8877245,0.11227547,0
0.5413961,0.45860392,0
0.41462815,0.58537185,1
0.26517862,0.7348213,1
0.2722799,0.72772,1
0.2301595,0.76984054,1
0.18849336,0.8115066,1
0.6863816,0.31361848,0
0.73165375,0.26834622,0
0.45613357,0.54386646,1
0.7459349,0.2540651,0
0.64178026,0.3582197,0
0.2385724,0.7614276,1
0.18820766,0.8117924,1
0.19526085,0.8047391,1
0.20660982,0.79339015,1
0.63509667,0.36490333,0
0.21344861,0.78655136,1
0.43202344,0.5679766,1
0.9257121,0.074287914,0
0.9431469,0.056853134,0
0.90234756,0.097652465,0
0.27431408,0.72568595,1
0.2423832,0.75761676,1
0.4182355,0.5817645,0
0.54187626,0.45812374,0
0.4179557,0.58204424,1
0.74513084,0.2548691,0
0.7413043,0.25869578,0
0.79912937,0.20087068,0
0.89220846,0.107791565,0
0.828297,0.17170297,0
0.7074005,0.29259947,0
0.52349144,0.47650853,0
0.5459046,0.45409545,0
0.4799941,0.52000594,1
0.4642062,0.5357938,1
0.3618243,0.6381757,1
0.3969853,0.60301465,1
0.14263165,0.8573683,1
0.5454042,0.45459577,0
0.63508433,0.3649157,0
0.13099866,0.8690013,1
0.055885173,0.9441148,1
0.1740095,0.82599056,1
0.22481167,0.7751884,1
0.20309684,0.7969032,1
0.15152739,0.84847265,1
0.23126835,0.76873165,1
0.6071748,0.39282513,0
0.56910187,0.4308981,0
0.40392968,0.59607035,0
0.6119843,0.3880157,0
0.21005023,0.7899498,1
0.19146293,0.808537,1
0.19653922,0.8034608,1
0.21226244,0.78773755,1
0.16397858,0.8360214,1
0.10427602,0.89572394,1
0.19101416,0.8089858,1
0.1911045,0.8088955,1
0.40991524,0.5900848,0
0.17455554,0.82544446,1
0.28330377,0.71669626,0
0.22291344,0.7770866,1
0.7643026,0.23569733,0
0.19723779,0.8027622,1
0.60137916,0.3986209,0
0.50809723,0.49190274,0
0.5105382,0.48946172,0
0.72238326,0.2776167,0
0.42176297,0.57823706,0
0.76073456,0.2392654,0
0.30130276,0.69869727,1
0.8565252,0.14347483,0
0.29725027,0.7027497,1
0.72548693,0.27451307,0
0.8384553,0.16154467,0
0.8529438,0.14705624,0
0.19940746,0.80059254,1
0.3593428,0.64065725,1
0.94655275,0.053447254,0
0.94344145,0.056558568,0
0.2341102,0.7658898,1
0.278926,0.721074,1
0.0899292,0.9100707,1
0.66163373,0.33836627,1
0.86787635,0.13212363,0
0.916044,0.083955966,0
0.86317116,0.13682884,0
0.18591139,0.8140886,1
0.25753358,0.74246645,1
0.3666578,0.63334227,1
0.5123158,0.48768422,0
0.49226454,0.5077355,0
0.3405783,0.65942174,1
0.14964421,0.85035574,1
0.30975193,0.6902481,1
0.35794222,0.6420578,0
0.6765821,0.32341787,0
0.31477237,0.68522763,1
0.19291428,0.8070857,1
0.11728157,0.8827184,1
0.12097107,0.8790289,1
0.104329765,0.89567024,1
0.9109089,0.089091115,0
0.8915315,0.108468466,0
0.3294615,0.67053854,1
0.14416888,0.8558311,1
0.16699727,0.8330027,1
0.39893165,0.6010684,1
0.5305836,0.46941632,0
0.893223,0.10677704,0
0.68744904,0.31255093,0
0.637452,0.362548,0
0.28410882,0.7158912,1
0.2133574,0.7866426,1
0.22509532,0.77490467,1
0.7674774,0.23252258,0
0.9417466,0.058253378,0
0.7643205,0.23567948,0
0.734732,0.26526803,0
0.22936283,0.7706372,1
0.19937295,0.800627,1
0.6242467,0.37575328,0
0.21268645,0.7873136,1
0.6559062,0.3440938,0
0.6664836,0.33351645,0
0.28662822,0.7133718,1
0.6041097,0.39589027,0
0.83882374,0.16117631,0
0.16646819,0.8335318,1
0.17523585,0.8247642,1
0.5802717,0.41972828,0
0.66882825,0.33117175,0
0.64109844,0.3589016,0
0.22268842,0.77731156,1
0.41298673,0.58701324,1
0.84257215,0.1574278,0
0.7055798,0.29442018,0
0.5458602,0.45413986,1
0.64765704,0.35234296,0
0.7275162,0.27248377,0
0.7477638,0.2522362,0
0.73858374,0.26141632,0
0.7088139,0.2911861,1
0.88144267,0.1185573,0
0.66080993,0.33919013,0
0.5850847,0.41491535,0
0.5051313,0.49486873,1
0.4891465,0.5108535,0
0.52576387,0.47423616,0
0.5142542,0.48574582,0
0.51711357,0.48288643,0
0.50893825,0.49106175,0
0.52655727,0.47344273,1
0.14891925,0.8510808,1
0.1723515,0.82764846,1
0.23870282,0.76129717,1
0.5939413,0.40605873,0
0.61417747,0.3858226,0
0.52144885,0.4785512,1
0.8677276,0.1322724,0
0.78774357,0.21225643,0
0.535369,0.464631,1
0.7024988,0.29750124,0
0.15521385,0.8447861,1
0.17427415,0.8257259,1
0.1552442,0.84475577,1
0.7551161,0.2448839,0
0.7795802,0.22041982,0
0.66481763,0.3351824,0
0.48674408,0.5132559,0
0.21153274,0.7884672,1
0.2171851,0.7828149,1
0.26805222,0.73194784,1
0.5622294,0.43777058,0
0.68527806,0.31472197,0
0.94353074,0.056469247,0
0.9267566,0.07324339,0
0.77164674,0.22835326,0
0.15008008,0.84991986,1
0.051845904,0.94815415,1
0.2520121,0.7479879,0
0.7210939,0.27890605,0
0.3796975,0.62030244,0
0.6121472,0.3878528,0
0.6171877,0.38281235,0
0.5841376,0.41586232,0
0.16168179,0.8383182,1
0.040466435,0.9595336,1
0.07043374,0.9295663,1
0.35354912,0.6464509,0
0.72258735,0.2774127,0
0.695287,0.30471304,0
0.9364494,0.06355056,0
0.6439339,0.3560661,0
0.72801346,0.2719865,0
0.7198423,0.2801577,0
0.33252892,0.66747105,1
0.6495227,0.35047728,1
0.7075409,0.2924591,0
0.75875235,0.24124771,1
0.87253636,0.12746371,0
0.8039267,0.19607325,0
0.9041506,0.09584942,0
0.928187,0.07181295,0
0.9406332,0.059366815,0
0.90191996,0.09808002,0
0.67176145,0.3282385,0
0.5700203,0.42997965,0
0.55932504,0.4406749,0
0.53939044,0.46060953,0
0.54254895,0.45745102,0
0.61089987,0.3891001,1
0.42995185,0.5700482,0
0.52271956,0.47728044,0
0.84824234,0.15175763,0
0.3424937,0.6575062,1
0.32092592,0.67907405,1
0.4363585,0.5636415,1
0.24618347,0.75381655,1
0.4771133,0.52288675,0
0.8341191,0.16588095,0
0.8841235,0.11587647,0
0.8571562,0.14284383,0
0.6480777,0.3519222,1
0.42634276,0.5736572,1
0.20564069,0.79435927,1
0.17075747,0.8292426,1
0.09764326,0.90235674,1
0.1667298,0.83327025,1
0.13441068,0.8655893,1
0.44900364,0.55099636,0
0.372474,0.627526,1
0.73957586,0.26042414,0
0.2786708,0.7213292,1
0.4757829,0.5242171,1
0.1758764,0.82412356,1
0.5504763,0.4495237,1
0.87803525,0.12196483,0
0.1701161,0.8298839,1
0.6933982,0.30660182,0
0.13831265,0.8616873,1
0.023840455,0.9761596,1
0.5658132,0.43418688,0
0.46745783,0.53254217,0
0.3411142,0.65888584,0
0.3562735,0.6437265,0
0.8845454,0.11545462,0
0.026836714,0.97316325,1
0.17101365,0.82898635,1
0.25142574,0.7485742,1
0.24432714,0.7556729,1
0.36181903,0.638181,0
0.33328664,0.6667134,0
0.8846326,0.11536739,0
0.91143084,0.088569134,0
0.16188037,0.8381196,1
0.20756371,0.79243624,1
0.2791333,0.72086674,1
0.36720234,0.63279766,0
0.48809832,0.5119017,0
0.075554326,0.9244457,1
0.27536258,0.7246374,1
0.23524675,0.7647533,1
0.793731,0.20626904,0
0.8950294,0.10497052,0
0.8035294,0.19647065,0
0.5434209,0.45657912,0
0.30091912,0.6990809,0
0.12225951,0.8777405,1
0.16415147,0.83584857,1
0.53115267,0.46884727,1
0.8334842,0.16651589,0
0.8337717,0.1662283,0
0.79464304,0.20535697,0
0.63916755,0.36083245,0
0.18288489,0.81711507,1
0.10878944,0.8912106,1
0.11914447,0.8808556,1
0.07770328,0.92229676,1
0.016647954,0.9833521,1
0.23408309,0.7659169,0
0.19932215,0.80067784,0
0.11765827,0.88234174,0
0.8140969,0.18590301,0
0.18262818,0.8173718,1
0.2552172,0.7447828,0
0.6636597,0.33634037,0
0.40128818,0.5987118,0
0.812746,0.18725403,0
0.76525486,0.23474516,0
0.5324889,0.4675111,0
0.5399316,0.46006843,0
0.7109468,0.2890531,0
0.6386389,0.3613611,0
0.39270294,0.60729706,1
0.31445697,0.685543,1
0.9052974,0.09470257,0
0.9038214,0.096178584,0
0.45210728,0.54789275,1
0.1428123,0.8571876,1
0.26953462,0.73046535,1
0.3377761,0.66222394,1
0.47102982,0.5289702,1
0.7529743,0.24702565,0
0.37270147,0.6272986,1
0.18657048,0.8134295,1
0.120722376,0.8792776,1
0.13002454,0.86997545,1
0.4269828,0.5730172,1
0.4360896,0.56391037,0
0.2506961,0.74930394,1
0.49881113,0.5011888,0
0.93391234,0.066087656,0
0.22118132,0.7788187,1
0.1907595,0.8092405,1
0.18144779,0.8185522,1
0.210756,0.78924406,1
0.2200189,0.77998114,1
0.42049354,0.57950646,0
0.54469585,0.4553042,0
0.5510736,0.44892636,0
0.5707816,0.42921838,0
0.5748491,0.42515084,1
0.5418191,0.45818093,1
0.22826435,0.77173567,1
0.4731914,0.52680856,1
0.47465658,0.52534336,1
0.7747841,0.22521596,0
0.72906035,0.27093968,0
0.83899456,0.16100553,0
0.8659505,0.13404949,0
0.85332793,0.14667204,0
0.67839265,0.32160738,1
0.09501468,0.90498537,1
0.15294454,0.8470555,1
0.18514389,0.8148561,1
0.16240017,0.8375998,1
0.3159882,0.68401176,1
0.65555644,0.34444362,0
0.22054252,0.7794575,1
0.23509166,0.7649083,1
0.49380985,0.5061902,0
0.45639727,0.54360276,1
0.6478286,0.35217145,0
0.38207197,0.617928,1
0.36374465,0.6362553,1
0.7582037,0.24179626,0
0.77021134,0.22978868,0
0.7333842,0.2666158,0
0.570017,0.42998305,0
0.63930494,0.36069503,0
0.7467416,0.2532584,0
0.7787479,0.22125205,0
0.754626,0.24537407,0
0.6427701,0.35722992,0
0.85909075,0.14090921,0
0.9055753,0.09442475,0
0.6692903,0.33070976,1
0.67596644,0.32403356,0
0.6883222,0.31167778,0
0.63904715,0.3609529,1
0.73320884,0.26679114,0
0.7741589,0.22584109,0
0.7701707,0.22982937,0
0.7702383,0.2297617,0
0.87004244,0.12995753,0
0.4562646,0.54373544,1
0.85562193,0.14437805,0
0.7866389,0.21336107,0
0.2441616,0.7558384,1
0.1887709,0.8112291,1
0.17194681,0.82805324,1
0.17972344,0.82027656,1
0.89845234,0.10154762,0
0.9164893,0.08351069,0
0.75239855,0.24760148,0
0.8115794,0.18842056,0
0.89470315,0.1052968,0
0.9499137,0.050086323,0
0.77240604,0.22759391,0
0.46172842,0.5382716,0
0.3935149,0.6064852,1
0.6174671,0.38253286,0
0.65388215,0.34611785,0
0.67071974,0.32928026,0
0.6931014,0.3068985,0
0.68688655,0.31311348,0
0.48744896,0.51255107,1
0.61496705,0.38503292,1
0.79055744,0.2094426,1
0.79130137,0.20869865,1
0.5270176,0.47298235,1
0.53617686,0.46382308,1
0.53733313,0.46266696,1
0.5177445,0.48225558,1
0.5627986,0.4372014,0
0.8480973,0.15190269,0
0.2330185,0.7669814,1
0.2613806,0.7386194,1
0.14019461,0.8598054,1
0.31477317,0.68522686,1
0.36055923,0.6394408,1
0.7059309,0.29406908,0
0.73081756,0.26918244,0
0.2875004,0.71249956,1
0.7443028,0.25569716,0
0.23359323,0.7664068,1
0.22311015,0.77688986,1
0.7770909,0.22290902,0
0.7639839,0.2360161,0
0.27312163,0.72687835,1
0.45934743,0.5406525,1
0.16089456,0.8391055,1
0.250563,0.749437,1
0.6162346,0.38376537,0
0.660863,0.33913702,0
0.70411706,0.2958829,0
0.7255421,0.2744578,0
0.7809328,0.21906723,0
0.7663791,0.23362087,0
0.77427554,0.22572449,0
0.5188984,0.48110157,0
0.5876075,0.41239256,0
0.86638355,0.13361642,0
0.20738508,0.7926149,1
0.6811472,0.31885278,0
0.7415031,0.25849685,0
0.29782268,0.7021773,1
0.8237908,0.17620921,0
0.77007407,0.22992593,0
0.4680734,0.5319267,0
0.46403468,0.53596526,1
0.90864146,0.091358505,0
0.8845915,0.115408525,0
0.19328558,0.80671436,1
0.48696986,0.5130301,1
0.5402861,0.45971385,1
0.6597706,0.34022936,0
0.6798259,0.32017407,0
0.69461715,0.30538288,0
0.73206455,0.26793548,0
0.7967875,0.20321256,0
0.80849487,0.19150513,0
0.790508,0.20949204,0
0.8843877,0.11561235,0
0.56562614,0.4343739,0
0.49217775,0.50782216,1
0.57184064,0.42815936,0
0.5815294,0.41847062,0
0.9306982,0.06930186,0
0.18379107,0.8162089,1
0.4015285,0.5984715,1
0.33773053,0.6622694,1
0.49985182,0.5001482,1
0.658086,0.34191397,0
0.41960296,0.58039707,1
0.35092533,0.6490746,1
0.60035795,0.39964205,1
0.6933635,0.30663654,0
0.72905505,0.27094498,0
0.9106071,0.089392945,0
0.5147576,0.48524237,1
0.53840196,0.46159813,0
0.51122224,0.4887778,0
0.76485574,0.23514427,1
0.8595316,0.14046845,0
0.79860836,0.20139164,1
0.386913,0.613087,1
0.4696645,0.5303355,1
0.60228735,0.39771262,0
0.6287303,0.37126973,0
0.6237483,0.37625173,0
0.61852443,0.3814755,0
0.5688205,0.43117952,0
0.57978714,0.42021295,1
0.74957556,0.25042444,0
0.44253197,0.55746806,1
0.5953691,0.4046309,0
0.57993525,0.42006472,0
0.5743441,0.42565593,0
0.57780033,0.42219967,0
0.5715875,0.42841253,0
0.67231184,0.3276881,1
0.79163307,0.20836687,1
0.8836979,0.11630208,0
0.8329608,0.16703919,0
0.50764334,0.49235672,1
0.43907484,0.5609251,1
0.5112528,0.48874712,1
0.53759205,0.462408,1
0.5413738,0.4586262,1
0.49771315,0.5022869,1
0.45414472,0.5458553,1
0.48047787,0.5195222,1
0.20357546,0.7964245,1
0.111419626,0.8885803,1
0.69154835,0.30845165,0
0.6651867,0.33481327,0
0.7549742,0.2450258,0
0.9239183,0.076081716,0
0.9197088,0.08029119,0
0.3819917,0.61800826,1
0.67495024,0.3250498,0
0.6198159,0.3801841,0
0.50439644,0.49560353,1
0.56033856,0.4396614,1
0.6363319,0.36366814,0
0.6467178,0.3532822,0
0.6825351,0.3174648,0
0.71773905,0.28226098,0
0.6103964,0.38960364,0
0.7109312,0.28906885,0
0.24850489,0.7514951,1
0.6234459,0.37655407,1
0.73597205,0.2640279,1
0.76473993,0.23526007,0
0.72284365,0.27715632,0
0.5914398,0.40856022,0
0.68610656,0.31389338,1
0.82104605,0.17895387,0
0.56463945,0.43536055,1
0.43758008,0.56241983,1
0.47129047,0.5287096,1
0.45147842,0.5485215,1
0.68546194,0.314538,0
0.651654,0.34834594,1
0.6446569,0.35534307,0
0.7089416,0.29105845,0
0.69768703,0.30231297,0
0.781594,0.21840602,0
0.83287734,0.16712268,0
0.75760233,0.2423976,0
0.86802524,0.13197474,0
0.8963534,0.103646554,0
0.72606325,0.27393675,0
0.5462509,0.45374906,1
0.48187494,0.51812506,1
0.50673246,0.4932675,1
0.4965392,0.5034608,1
0.5490912,0.45090878,1
0.82062685,0.17937312,0
0.80485547,0.19514446,1
0.6118146,0.38818538,1
0.43659943,0.5634005,1
0.37299588,0.62700415,1
0.3741772,0.62582284,1
0.45435467,0.5456453,1
0.39176235,0.6082376,1
0.45279124,0.5472088,1
0.52026516,0.47973487,1
0.55724996,0.44275,0
0.52507377,0.47492623,0
0.63088495,0.36911508,0
0.6594399,0.34056008,0
0.60539174,0.3946083,0
0.56980735,0.43019265,0
0.58625025,0.4137497,0
0.699461,0.30053905,0
0.7992133,0.20078675,0
0.84302425,0.15697576,0
0.83500814,0.16499181,0
0.8079745,0.19202551,0
0.56289047,0.43710956,1
0.4683182,0.5316818,1
0.49317485,0.5068251,1
0.515185,0.48481503,1
0.5905771,0.40942287,0
0.63351005,0.36648992,0
0.58678275,0.41321725,0
0.76265204,0.23734795,0
0.78245354,0.21754643,0
0.91055983,0.08944016,0
0.8897891,0.11021084,0
0.09966128,0.9003387,1
0.08471769,0.9152823,1
0.17482781,0.8251722,1
0.14998633,0.8500137,1
0.8201666,0.17983344,0
0.9285141,0.071485855,0
0.5473714,0.45262864,1
0.27045888,0.7295411,1
0.17749025,0.8225097,1
0.024610123,0.97538984,1
0.30056673,0.69943327,1
0.8223483,0.1776517,0
0.77817774,0.22182226,0
0.81987673,0.18012331,0
0.6783983,0.32160166,0
0.4799584,0.5200416,0
0.87366927,0.12633073,0
0.91186774,0.08813224,0
0.21224956,0.7877504,1
0.57031566,0.42968434,0
0.038629223,0.96137077,1
0.06619906,0.9338009,1
0.12910992,0.87089,1
0.11860812,0.88139194,1
0.17405874,0.82594126,1
0.74802077,0.2519792,0
0.74456507,0.25543493,0
0.7301085,0.2698915,0
0.7528001,0.24719994,0
0.688422,0.311578,0
0.8904497,0.109550245,0
0.83818614,0.16181388,0
0.3492277,0.65077233,1
0.5818666,0.4181334,0
0.66228384,0.33771607,0
0.7075021,0.2924979,0
0.6981955,0.30180457,1
0.68172514,0.31827486,0
0.94630426,0.053695764,0
0.9309139,0.0690861,0
0.90121543,0.09878456,0
0.72788143,0.27211857,0
0.56755793,0.43244204,1
0.5377977,0.46220234,1
0.5356994,0.46430054,1
0.5407874,0.45921254,1
0.49129665,0.50870335,1
0.4746845,0.52531546,1
0.50516844,0.49483156,1
0.49543294,0.50456715,1
0.76161534,0.23838462,1
0.78007615,0.21992387,1
0.8903414,0.10965858,0
0.7341718,0.26582822,1
0.59723526,0.4027647,1
0.52729267,0.47270733,1
0.58572084,0.41427922,1
0.58648276,0.4135172,1
0.5905957,0.40940425,1
0.56276923,0.43723083,0
0.75597703,0.24402295,0
0.6997628,0.3002372,0
0.624001,0.37599894,0
0.5824658,0.4175341,0
0.57363904,0.42636102,1
0.59533167,0.40466827,1
0.65792775,0.34207222,1
0.7887851,0.21121493,0
0.74780834,0.2521917,0
0.25903988,0.7409601,1
0.47434744,0.5256526,1
0.49296626,0.5070337,1
0.58694947,0.4130506,0
0.54755247,0.45244747,0
0.60465896,0.39534098,0
0.6237171,0.37628287,0
0.6982872,0.30171278,0
0.7632066,0.23679338,0
0.6575465,0.34245345,0
0.7470205,0.25297958,1
0.84967166,0.15032837,0
0.86674315,0.13325684,0
0.8721595,0.12784049,0
0.8172891,0.18271089,0
0.51831937,0.48168066,1
0.4859246,0.51407546,1
0.5703973,0.42960268,0
0.6695432,0.3304568,0
0.72830933,0.27169067,0
0.73318535,0.26681468,0
0.69617015,0.30382988,0
0.71866214,0.28133786,0
0.6620013,0.33799872,0
0.88280547,0.11719452,0
0.64222044,0.3577796,0
0.577787,0.42221302,1
0.6655191,0.3344809,0
0.6983624,0.3016376,0
0.7642874,0.23571253,0
0.77397907,0.22602093,0
0.459608,0.5403919,1
0.9277612,0.07223882,0
0.48600262,0.5139974,1
0.60129607,0.39870393,1
0.58263963,0.4173604,1
0.6412927,0.3587073,1
0.31167904,0.688321,1
0.75854886,0.24145113,0
0.8895102,0.110489756,0
0.20250252,0.79749745,1
0.939595,0.060404994,0
0.93304425,0.06695577,0
0.77587193,0.22412807,0
0.39461252,0.60538745,1
0.5369292,0.46307084,0
0.7208312,0.27916875,0
0.7278491,0.27215093,0
0.7626619,0.23733817,0
0.61275977,0.38724023,1
0.92334414,0.076655865,0
0.8595622,0.14043772,0
0.5403768,0.45962328,0
0.5368511,0.46314892,0
0.5345568,0.4654432,1
0.542687,0.45731294,1
0.52608067,0.47391936,1
0.51468986,0.48531017,1
0.5222693,0.47773066,1
0.5324602,0.46753982,1
0.5423651,0.45763496,1
0.50081223,0.49918783,1
0.49416244,0.50583756,1
0.30332306,0.6966769,1
0.72189504,0.278105,1
0.73432004,0.2656799,1
0.040371396,0.95962864,1
0.043794908,0.956205,1
0.12239872,0.87760127,1
0.19146815,0.8085319,1
0.52296335,0.47703663,0
0.57397586,0.4260241,0
0.18060139,0.8193986,0
0.1828632,0.8171368,0
0.17989637,0.82010365,1
0.17368461,0.82631534,1
0.19590679,0.80409324,1
0.3122602,0.68773973,1
0.8888513,0.1111487,0
0.63442737,0.3655726,0
0.47325763,0.5267424,0
0.8566829,0.14331706,0
0.49466842,0.50533164,1
0.16854082,0.83145916,1
0.15793021,0.84206975,1
0.13625671,0.86374325,1
0.29700983,0.7029902,1
0.25888807,0.741112,1
0.7023979,0.2976021,0
0.5352866,0.46471336,0
0.40364426,0.5963558,0
0.9152944,0.084705606,0
0.14042948,0.8595705,1
0.5970015,0.40299854,0
0.07903614,0.9209639,1
0.27047107,0.7295289,1
0.270214,0.729786,1
0.17112216,0.8288778,1
0.6976787,0.30232134,0
0.20485474,0.7951452,1
0.48497173,0.51502824,0
0.36443934,0.6355606,1
0.8221318,0.17786819,0
0.6790429,0.32095712,0
0.9452911,0.054708898,0
0.6666223,0.33337778,0
0.70104414,0.29895586,0
0.7424701,0.2575299,0
0.75671047,0.2432895,0
0.7096621,0.29033795,0
0.6981185,0.30188146,0
0.90635103,0.09364898,0
0.5378167,0.46218333,1
0.52249444,0.47750565,1
0.5163795,0.48362055,1
0.52489007,0.47510996,1
0.518611,0.481389,1
0.5393585,0.46064156,1
0.47696385,0.5230362,1
0.7466838,0.2533162,1
0.7431096,0.25689045,1
0.7785303,0.22146964,0
0.85679305,0.14320694,0
0.7616457,0.23835433,1
0.24113888,0.7588611,1
0.104739554,0.8952604,1
0.61421776,0.38578218,0
0.7138491,0.28615084,0
0.8136748,0.18632525,0
0.82180643,0.17819355,0
0.82031685,0.17968307,0
0.82572997,0.17427005,0
0.34407514,0.65592486,1
0.22348854,0.77651143,1
0.6394337,0.36056632,0
0.5565254,0.4434746,0
0.7146924,0.28530753,0
0.64569557,0.35430443,0
0.6750711,0.3249289,0
0.32067493,0.6793251,1
0.6303404,0.36965954,0
0.48664168,0.51335835,0
0.49759516,0.5024048,0
0.29974765,0.7002523,1
0.477806,0.522194,1
0.6524939,0.34750608,1
0.87995535,0.120044686,0
0.8716304,0.12836967,0
0.8217036,0.17829637,0
0.61491275,0.38508728,0
0.49920145,0.5007986,1
0.49804267,0.5019573,1
0.23475394,0.76524603,1
0.2153779,0.7846221,1
0.6836889,0.3163111,0
0.48264948,0.5173506,0
0.23972222,0.76027775,1
0.32449478,0.6755052,1
0.515058,0.48494205,1
0.9288784,0.07112158,0
0.5428307,0.4571693,0
0.26384288,0.7361572,1
0.59884906,0.401151,0
0.4348267,0.5651733,0
0.4023041,0.5976959,0
0.4492778,0.55072224,0
0.92714024,0.07285981,0
0.8822695,0.117730424,0
0.8459146,0.1540854,0
0.3823208,0.6176792,0
0.056869887,0.94313014,1
0.12924379,0.87075627,1
0.245051,0.754949,1
0.14803736,0.8519626,1
0.24674927,0.7532507,1
0.8535304,0.14646955,0
0.22377983,0.77622014,1
0.2640047,0.7359953,1
0.3395538,0.6604463,1
0.44321087,0.5567891,0
0.47283238,0.52716756,0
0.5077922,0.49220783,0
0.53310597,0.46689403,0
0.5028581,0.497142,0
0.63617015,0.36382985,0
0.65664274,0.34335724,0
