index,true_label,pred_label,true_label_decoded,pred_label_decoded
8,4,1,5,2
13,4,1,5,2
15,4,1,5,2
16,4,1,5,2
17,4,1,5,2
20,4,1,5,2
22,4,1,5,2
33,4,1,5,2
37,4,1,5,2
43,4,1,5,2
124,1,0,2,1
151,0,1,1,2
160,0,1,1,2
169,0,1,1,2
175,0,1,1,2
179,0,1,1,2
231,0,1,1,2
297,0,1,1,2
318,0,1,1,2
390,4,1,5,2
391,4,1,5,2
395,4,1,5,2
396,4,1,5,2
413,4,1,5,2
423,0,1,1,2
427,4,1,5,2
492,0,1,1,2
507,0,1,1,2
513,1,0,2,1
607,4,1,5,2
610,4,1,5,2
613,4,1,5,2
618,1,0,2,1
624,4,1,5,2
627,4,1,5,2
628,4,1,5,2
639,4,1,5,2
650,4,1,5,2
654,0,1,1,2
684,4,1,5,2
687,1,0,2,1
695,4,1,5,2
710,4,1,5,2
834,0,1,1,2
866,0,1,1,2
874,4,1,5,2
876,4,1,5,2
879,4,1,5,2
890,4,1,5,2
916,4,1,5,2
919,4,1,5,2
933,4,1,5,2
937,4,1,5,2
941,4,1,5,2
943,1,0,2,1
957,0,1,1,2
991,0,1,1,2
1034,0,1,1,2
1041,0,1,1,2
1121,0,1,1,2
1151,0,1,1,2
1154,4,1,5,2
1160,4,1,5,2
1163,4,1,5,2
1173,4,1,5,2
1178,4,1,5,2
1188,1,0,2,1
1193,4,1,5,2
1195,4,1,5,2
1199,4,1,5,2
1203,4,1,5,2
1204,4,1,5,2
1214,4,1,5,2
1228,4,1,5,2
1235,4,1,5,2
1239,0,1,1,2
1248,4,1,5,2
1295,1,0,2,1
1312,4,1,5,2
1336,0,1,1,2
1340,0,1,1,2
1352,4,1,5,2
1357,4,1,5,2
1370,4,1,5,2
1385,4,1,5,2
1415,4,1,5,2
1422,4,1,5,2
1443,4,1,5,2
1554,4,1,5,2
1563,4,1,5,2
1574,4,1,5,2
1575,1,0,2,1
1620,4,1,5,2
1624,4,1,5,2
1665,4,1,5,2
1681,6,0,7,1
1686,0,1,1,2
1695,6,0,7,1
1704,6,0,7,1
1705,4,1,5,2
1733,4,1,5,2
1734,4,1,5,2
1736,6,0,7,1
1740,1,0,2,1
1746,6,0,7,1
1760,6,0,7,1
1761,6,0,7,1
1766,4,1,5,2
1772,6,0,7,1
1789,6,0,7,1
1798,6,0,7,1
1809,4,1,5,2
1822,1,4,2,5
1829,6,0,7,1
1835,4,1,5,2
1841,4,1,5,2
1847,4,1,5,2
1856,1,5,2,6
1999,6,0,7,1
2035,5,1,6,2
2043,6,0,7,1
2045,4,1,5,2
2084,6,0,7,1
2088,5,1,6,2
2097,6,0,7,1
2112,6,0,7,1
2140,5,1,6,2
2152,5,1,6,2
2163,3,2,4,3
2168,4,1,5,2
2180,3,2,4,3
2192,5,1,6,2
2193,5,1,6,2
2198,3,2,4,3
2234,5,2,6,3
2254,5,2,6,3
2265,5,1,6,2
2270,5,2,6,3
2276,5,2,6,3
2296,5,2,6,3
2327,4,1,5,2
2328,4,1,5,2
2351,4,1,5,2
2355,5,1,6,2
2366,4,1,5,2
2382,5,2,6,3
2392,4,1,5,2
2401,5,1,6,2
2410,4,1,5,2
2411,4,1,5,2
2413,4,1,5,2
2432,4,1,5,2
2440,4,1,5,2
2445,5,1,6,2
2464,4,1,5,2
2478,5,2,6,3
2489,4,1,5,2
2522,4,1,5,2
2539,4,1,5,2
2540,4,1,5,2
2542,4,1,5,2
2560,5,2,6,3
2563,4,1,5,2
2565,4,1,5,2
2568,4,1,5,2
2569,5,1,6,2
2631,5,2,6,3
2637,4,1,5,2
2661,4,1,5,2
2662,4,1,5,2
2678,5,2,6,3
2710,4,1,5,2
2711,4,1,5,2
2712,4,1,5,2
2733,4,1,5,2
2748,5,2,6,3
2750,5,2,6,3
2752,4,1,5,2
2756,4,1,5,2
2768,6,0,7,1
2775,4,1,5,2
2779,5,2,6,3
2793,6,0,7,1
2795,4,1,5,2
2796,4,1,5,2
2797,4,1,5,2
2798,4,1,5,2
2819,5,2,6,3
2838,4,1,5,2
2854,0,1,1,2
2858,5,2,6,3
2865,3,2,4,3
2870,5,2,6,3
2877,4,1,5,2
2896,5,2,6,3
2899,4,1,5,2
2905,5,2,6,3
2910,3,2,4,3
2924,3,2,4,3
2927,3,2,4,3
2930,5,2,6,3
2980,3,2,4,3
2981,3,2,4,3
2993,6,0,7,1
3032,3,2,4,3
3034,3,2,4,3
3052,3,2,4,3
3053,3,2,4,3
3068,3,2,4,3
3069,3,2,4,3
3085,3,2,4,3
3087,3,2,4,3
3115,3,2,4,3
3124,3,2,4,3
3128,3,2,4,3
3129,3,2,4,3
3135,3,2,4,3
3148,4,1,5,2
3155,3,2,4,3
3157,3,2,4,3
3158,3,2,4,3
3162,3,2,4,3
3164,3,2,4,3
3172,3,2,4,3
3184,4,1,5,2
3189,4,1,5,2
3202,3,2,4,3
3203,3,2,4,3
3205,3,2,4,3
3215,3,2,4,3
3219,1,0,2,1
3245,3,5,4,6
3246,3,2,4,3
3253,3,2,4,3
3256,3,2,4,3
3261,3,2,4,3
3273,4,1,5,2
3274,4,1,5,2
3276,4,1,5,2
3278,5,1,6,2
3279,4,1,5,2
3290,3,2,4,3
3292,3,2,4,3
3293,3,2,4,3
3295,3,2,4,3
3301,3,2,4,3
3311,6,0,7,1
3319,4,1,5,2
3326,3,2,4,3
3335,3,2,4,3
3338,3,2,4,3
3340,3,2,4,3
3341,3,2,4,3
3345,6,0,7,1
3347,4,1,5,2
3348,4,1,5,2
3349,4,1,5,2
3352,4,1,5,2
3367,3,2,4,3
3375,3,2,4,3
3376,3,2,4,3
3379,3,2,4,3
3386,3,5,4,6
3398,4,1,5,2
3417,3,5,4,6
3423,3,2,4,3
3424,3,2,4,3
3434,3,2,4,3
3436,3,2,4,3
3452,4,1,5,2
3467,3,2,4,3
3477,3,2,4,3
3479,3,2,4,3
3503,3,2,4,3
3505,3,2,4,3
3506,3,2,4,3
3510,3,2,4,3
3515,3,2,4,3
3522,3,2,4,3
3534,4,1,5,2
3537,4,1,5,2
3538,4,1,5,2
3550,3,2,4,3
3561,3,2,4,3
3569,3,2,4,3
3571,3,2,4,3
3579,3,2,4,3
3582,5,2,6,3
3587,6,0,7,1
3590,4,1,5,2
3610,3,2,4,3
3613,3,2,4,3
3614,3,2,4,3
3630,4,1,5,2
3653,3,2,4,3
3655,3,2,4,3
3659,3,2,4,3
3661,3,2,4,3
3667,3,2,4,3
3672,3,2,4,3
3684,4,1,5,2
3717,3,2,4,3
3730,3,2,4,3
3733,3,2,4,3
3736,3,2,4,3
3738,3,2,4,3
3747,5,2,6,3
3749,5,2,6,3
3759,3,2,4,3
3766,3,2,4,3
3771,3,2,4,3
3795,3,2,4,3
3801,3,2,4,3
3813,6,0,7,1
3817,4,1,5,2
3821,3,2,4,3
3848,3,2,4,3
3849,3,5,4,6
3888,4,1,5,2
3912,3,2,4,3
3919,3,2,4,3
3921,3,5,4,6
3952,3,2,4,3
3972,5,2,6,3
3974,5,2,6,3
3998,3,2,4,3
4011,3,5,4,6
4023,5,2,6,3
4028,3,2,4,3
4039,3,2,4,3
4055,3,2,4,3
4061,5,2,6,3
4063,6,0,7,1
4066,4,1,5,2
4071,3,2,4,3
4073,3,2,4,3
4107,5,2,6,3
4108,5,2,6,3
4115,4,1,5,2
4119,3,2,4,3
4144,3,2,4,3
4164,3,2,4,3
4184,3,2,4,3
4199,3,2,4,3
4204,5,2,6,3
4210,4,1,5,2
4225,3,2,4,3
4251,2,5,3,6
4258,5,2,6,3
4270,4,1,5,2
4275,3,2,4,3
4290,3,2,4,3
4293,3,2,4,3
4308,2,5,3,6
4317,4,1,5,2
4324,4,1,5,2
4349,3,2,4,3
4356,2,5,3,6
4361,5,2,6,3
4377,4,1,5,2
4419,5,2,6,3
4422,4,1,5,2
4458,5,2,6,3
4459,5,2,6,3
4460,5,2,6,3
4508,3,2,4,3
4518,4,1,5,2
4521,4,1,5,2
4528,2,5,3,6
4553,3,5,4,6
4561,5,2,6,3
4565,5,2,6,3
4590,3,2,4,3
4608,2,5,3,6
4610,3,2,4,3
4656,2,5,3,6
4664,3,2,4,3
4668,5,2,6,3
4708,5,2,6,3
4740,3,5,4,6
4756,3,2,4,3
4793,3,2,4,3
4802,5,2,6,3
4803,5,2,6,3
4816,3,2,4,3
4825,3,2,4,3
4826,3,2,4,3
4846,2,3,3,4
4864,3,2,4,3
4868,3,2,4,3
4876,3,2,4,3
4897,3,2,4,3
4900,5,2,6,3
4902,5,2,6,3
4921,4,1,5,2
4940,2,5,3,6
4944,3,2,4,3
4953,5,2,6,3
4966,3,2,4,3
4985,3,2,4,3
5012,5,2,6,3
5037,5,2,6,3
5074,3,2,4,3
5121,4,1,5,2
5126,3,2,4,3
5161,5,2,6,3
5173,3,2,4,3
5189,5,2,6,3
5195,5,2,6,3
5196,5,2,6,3
5208,5,2,6,3
5225,3,2,4,3
5232,5,2,6,3
5241,5,2,6,3
5251,0,1,1,2
5279,3,2,4,3
5284,5,2,6,3
5290,4,1,5,2
5323,3,2,4,3
5379,3,2,4,3
5412,5,1,6,2
5457,5,2,6,3
5464,4,1,5,2
5490,3,2,4,3
5507,3,2,4,3
5515,3,2,4,3
5518,5,2,6,3
5534,3,2,4,3
5540,3,2,4,3
5553,5,2,6,3
5554,5,2,6,3
5558,6,0,7,1
5560,5,2,6,3
5562,3,2,4,3
5580,5,2,6,3
5583,6,0,7,1
5589,3,2,4,3
5606,5,2,6,3
5610,6,0,7,1
5643,3,2,4,3
5676,5,2,6,3
5677,5,2,6,3
5678,3,2,4,3
5722,5,2,6,3
5726,5,2,6,3
5759,1,0,2,1
5768,5,2,6,3
5822,5,2,6,3
5825,5,2,6,3
5838,4,1,5,2
5856,5,2,6,3
5885,3,2,4,3
5889,5,2,6,3
5898,5,2,6,3
5899,5,2,6,3
5901,3,5,4,6
5921,3,5,4,6
5925,6,0,7,1
5948,5,2,6,3
5956,2,5,3,6
6014,5,2,6,3
6029,3,2,4,3
6030,3,2,4,3
6033,3,2,4,3
6043,5,2,6,3
6061,5,2,6,3
6065,3,2,4,3
6078,3,2,4,3
6106,5,2,6,3
6107,5,2,6,3
6126,3,2,4,3
6127,3,2,4,3
6136,5,3,6,4
6148,5,2,6,3
6160,5,2,6,3
6162,5,2,6,3
6164,3,2,4,3
6173,5,2,6,3
6186,5,2,6,3
6187,5,2,6,3
6195,3,5,4,6
6220,0,1,1,2
6267,5,2,6,3
6268,5,1,6,2
6291,3,2,4,3
6292,5,2,6,3
6300,3,2,4,3
6308,5,2,6,3
6315,4,1,5,2
6319,5,2,6,3
6323,5,2,6,3
6324,5,2,6,3
6326,3,2,4,3
6331,5,2,6,3
6332,5,2,6,3
6339,4,1,5,2
6349,5,2,6,3
6365,0,1,1,2
6374,4,1,5,2
6381,3,2,4,3
6383,0,1,1,2
6386,0,1,1,2
6387,4,1,5,2
6388,4,1,5,2
6398,5,2,6,3
6399,3,2,4,3
6401,0,1,1,2
6429,5,2,6,3
6441,4,1,5,2
6466,4,1,5,2
6474,4,1,5,2
6487,5,1,6,2
6504,4,1,5,2
6512,4,1,5,2
6514,4,1,5,2
6529,4,1,5,2
6542,4,1,5,2
6552,4,1,5,2
6574,1,2,2,3
6583,1,0,2,1
6584,0,1,1,2
6588,6,0,7,1
6593,4,1,5,2
6615,4,1,5,2
6633,4,1,5,2
6634,4,1,5,2
6635,4,1,5,2
6639,4,1,5,2
6648,4,1,5,2
6658,4,1,5,2
6685,4,1,5,2
6697,4,1,5,2
6734,4,1,5,2
6742,4,1,5,2
6743,4,1,5,2
6748,2,1,3,2
6753,2,5,3,6
6758,4,1,5,2
6763,2,5,3,6
6768,4,1,5,2
6776,4,1,5,2
6794,5,1,6,2
6795,5,1,6,2
6808,4,1,5,2
6814,2,5,3,6
6816,2,1,3,2
6832,0,1,1,2
6856,6,0,7,1
6857,6,0,7,1
6862,0,1,1,2
6870,4,1,5,2
6871,4,1,5,2
6883,2,1,3,2
6886,6,0,7,1
6898,6,0,7,1
6899,6,0,7,1
6910,0,1,1,2
6936,4,1,5,2
6960,4,1,5,2
6965,2,1,3,2
6977,4,2,5,3
6992,4,2,5,3
7016,4,1,5,2
7029,4,1,5,2
7032,4,2,5,3
7035,5,1,6,2
7065,4,1,5,2
7089,4,1,5,2
7099,4,1,5,2
7101,4,1,5,2
7113,4,2,5,3
7135,4,1,5,2
7144,4,1,5,2
7146,4,1,5,2
7158,4,1,5,2
7170,4,1,5,2
7183,4,1,5,2
7204,4,5,5,6
7207,2,5,3,6
7219,0,1,1,2
7235,2,5,3,6
7264,5,2,6,3
7279,5,2,6,3
7298,4,1,5,2
7302,0,1,1,2
7386,6,0,7,1
7389,4,0,5,1
7461,4,0,5,1
7479,5,2,6,3
7480,5,1,6,2
7497,5,2,6,3
7502,6,0,7,1
7505,4,1,5,2
7518,6,0,7,1
7521,4,1,5,2
7531,5,1,6,2
7540,4,1,5,2
7559,5,1,6,2
7567,5,1,6,2
7568,6,0,7,1
7571,1,0,2,1
7576,4,1,5,2
7592,5,1,6,2
7593,5,1,6,2
7594,5,1,6,2
7603,6,0,7,1
7605,4,1,5,2
7606,4,1,5,2
7612,4,1,5,2
7645,6,0,7,1
7656,4,1,5,2
7662,5,2,6,3
7678,5,1,6,2
7689,4,1,5,2
7712,4,1,5,2
7722,4,1,5,2
7740,6,0,7,1
7754,1,0,2,1
7764,4,1,5,2
7802,1,0,2,1
7861,5,1,6,2
7913,4,2,5,3
7939,2,1,3,2
7944,4,2,5,3
7965,4,1,5,2
7983,4,2,5,3
8001,4,2,5,3
8013,2,1,3,2
8019,4,2,5,3
8030,1,0,2,1
8033,5,1,6,2
8068,5,1,6,2
8072,4,1,5,2
8073,0,1,1,2
8089,0,1,1,2
8101,2,1,3,2
8102,2,1,3,2
8121,5,1,6,2
8130,2,1,3,2
8139,0,1,1,2
8163,5,1,6,2
8167,4,2,5,3
8168,4,1,5,2
8172,4,1,5,2
8195,6,0,7,1
8197,6,0,7,1
8215,2,1,3,2
8223,6,0,7,1
8232,4,1,5,2
8250,6,0,7,1
8265,6,0,7,1
8271,1,0,2,1
8289,4,1,5,2
8295,4,1,5,2
8299,5,2,6,3
8313,5,2,6,3
8337,4,1,5,2
8341,4,1,5,2
8353,4,1,5,2
8366,4,1,5,2
8376,4,1,5,2
8380,4,1,5,2
8389,6,0,7,1
8391,6,0,7,1
8401,4,1,5,2
8402,4,1,5,2
8423,4,1,5,2
8424,4,1,5,2
8457,4,1,5,2
8484,6,0,7,1
8491,4,1,5,2
8523,5,1,6,2
8532,4,1,5,2
8549,6,1,7,2
8555,4,1,5,2
8559,0,1,1,2
8564,5,2,6,3
8567,6,0,7,1
8569,0,1,1,2
8570,0,1,1,2
8580,0,1,1,2
8582,6,0,7,1
8586,4,1,5,2
8591,2,1,3,2
8599,1,0,2,1
8630,0,1,1,2
8632,4,1,5,2
8649,4,1,5,2
8650,4,1,5,2
8653,4,1,5,2
8657,5,1,6,2
8665,4,1,5,2
8683,6,0,7,1
8702,4,1,5,2
8703,5,1,6,2
8714,5,2,6,3
8723,5,1,6,2
8733,5,1,6,2
8744,5,1,6,2
8770,0,1,1,2
8788,5,1,6,2
8789,5,1,6,2
8790,5,1,6,2
8794,0,1,1,2
8805,6,0,7,1
8817,4,1,5,2
8832,4,1,5,2
8843,6,0,7,1
8844,6,0,7,1
8854,4,1,5,2
8875,4,1,5,2
8876,4,1,5,2
8877,0,1,1,2
9036,6,0,7,1
9037,6,0,7,1
9045,6,0,7,1
9088,0,1,1,2
9113,6,0,7,1
9122,6,0,7,1
9152,1,0,2,1
9174,6,0,7,1
9175,6,0,7,1
9193,0,1,1,2
9199,6,0,7,1
9217,6,0,7,1
9249,6,0,7,1
9267,0,1,1,2
9287,6,0,7,1
9311,6,0,7,1
9340,0,1,1,2
9369,1,0,2,1
9392,6,0,7,1
9417,6,0,7,1
9425,6,0,7,1
9448,1,0,2,1
9475,6,0,7,1
9487,6,0,7,1
9490,1,0,2,1
9535,6,0,7,1
9572,6,0,7,1
9574,1,0,2,1
9624,1,0,2,1
9690,6,0,7,1
9707,1,0,2,1
9751,6,1,7,2
9755,0,1,1,2
9793,1,0,2,1
9833,6,0,7,1
9842,1,0,2,1
9872,6,0,7,1
9892,4,1,5,2
9894,0,1,1,2
9909,0,1,1,2
9966,0,1,1,2
9977,4,1,5,2
10007,0,1,1,2
10031,4,1,5,2
10046,6,0,7,1
10047,6,0,7,1
10052,1,0,2,1
10068,0,1,1,2
10105,1,0,2,1
10106,0,1,1,2
10117,4,1,5,2
10139,0,1,1,2
10143,0,6,1,7
10149,0,1,1,2
10192,4,1,5,2
10373,6,1,7,2
10388,0,1,1,2
10417,1,0,2,1
10425,6,0,7,1
10427,1,0,2,1
10443,6,0,7,1
10534,6,1,7,2
10595,0,1,1,2
10607,6,0,7,1
10662,2,1,3,2
10676,1,2,2,3
10700,1,5,2,6
10702,0,1,1,2
10714,5,1,6,2
10719,5,1,6,2
10722,5,1,6,2
10723,5,2,6,3
10737,5,2,6,3
10738,5,2,6,3
10829,5,1,6,2
10876,5,1,6,2
10898,5,2,6,3
10902,2,1,3,2
10907,5,2,6,3
10960,5,1,6,2
10982,5,1,6,2
10987,5,2,6,3
10992,5,1,6,2
11000,5,1,6,2
11003,5,1,6,2
11011,5,2,6,3
11097,5,1,6,2
11129,2,5,3,6
11145,5,2,6,3
11167,5,2,6,3
11183,2,5,3,6
11208,2,5,3,6
11269,2,5,3,6
11286,5,1,6,2
11304,5,2,6,3
11340,0,1,1,2
11341,0,1,1,2
11344,4,1,5,2
11351,0,1,1,2
11356,4,1,5,2
11363,0,1,1,2
11379,0,1,1,2
11384,0,1,1,2
11451,0,1,1,2
11470,4,1,5,2
11471,4,1,5,2
11478,4,1,5,2
11484,4,1,5,2
11490,1,0,2,1
11516,0,1,1,2
11537,0,1,1,2
11541,4,1,5,2
11554,4,1,5,2
11565,4,1,5,2
11569,4,1,5,2
11605,0,1,1,2
11616,0,1,1,2
11642,4,1,5,2
11651,4,1,5,2
11716,0,1,1,2
11717,0,1,1,2
11727,4,1,5,2
11736,4,1,5,2
11741,4,1,5,2
11742,4,1,5,2
11743,4,1,5,2
11749,4,1,5,2
11753,4,1,5,2
11760,0,1,1,2
11769,0,1,1,2
11775,4,1,5,2
11802,4,1,5,2
11806,1,0,2,1
11851,4,1,5,2
11892,4,1,5,2
11925,6,0,7,1
11926,4,1,5,2
11949,1,5,2,6
11958,5,1,6,2
11965,4,1,5,2
11975,2,1,3,2
12020,6,0,7,1
12024,6,0,7,1
12033,6,0,7,1
12043,4,1,5,2
12046,5,1,6,2
12057,0,1,1,2
12064,4,1,5,2
12077,4,1,5,2
12079,5,1,6,2
12081,4,1,5,2
12088,4,1,5,2
12090,5,1,6,2
12094,4,1,5,2
12111,4,1,5,2
12115,4,1,5,2
12125,3,2,4,3
12133,4,1,5,2
12151,0,1,1,2
12152,4,1,5,2
12159,4,1,5,2
12160,4,1,5,2
12161,4,1,5,2
12165,4,1,5,2
12173,4,1,5,2
12175,4,1,5,2
12182,5,2,6,3
12186,4,1,5,2
12208,3,2,4,3
12235,4,1,5,2
12237,4,1,5,2
12266,5,2,6,3
12273,5,2,6,3
12290,4,1,5,2
12301,4,1,5,2
12305,3,2,4,3
12310,6,0,7,1
12316,3,2,4,3
12321,3,2,4,3
12324,4,1,5,2
12332,2,5,3,6
12348,2,5,3,6
12359,3,2,4,3
12366,3,2,4,3
12379,3,2,4,3
12391,3,2,4,3
12418,3,2,4,3
12420,3,2,4,3
12437,3,5,4,6
12438,3,2,4,3
12444,3,2,4,3
12453,4,1,5,2
12458,3,2,4,3
12459,3,2,4,3
12473,3,2,4,3
12474,3,2,4,3
12491,3,2,4,3
12498,4,1,5,2
12502,3,2,4,3
12507,3,2,4,3
12510,4,1,5,2
12514,2,3,3,4
12525,5,2,6,3
12542,3,2,4,3
12547,3,2,4,3
12550,3,2,4,3
12551,5,2,6,3
12564,3,2,4,3
12576,3,2,4,3
12577,3,2,4,3
12581,5,2,6,3
12597,3,2,4,3
12615,5,2,6,3
12649,5,2,6,3
12656,3,2,4,3
12668,3,2,4,3
12673,3,5,4,6
12677,6,0,7,1
12688,3,2,4,3
12695,3,2,4,3
12722,3,2,4,3
12724,3,2,4,3
12740,4,1,5,2
12756,4,1,5,2
12778,2,5,3,6
12791,4,1,5,2
12792,4,1,5,2
12800,3,2,4,3
12815,5,2,6,3
12816,5,2,6,3
12844,3,2,4,3
12847,4,1,5,2
12863,5,2,6,3
12868,3,2,4,3
12876,5,2,6,3
12885,3,2,4,3
12900,3,2,4,3
12912,4,1,5,2
12934,3,2,4,3
12971,3,2,4,3
12983,4,1,5,2
12988,5,2,6,3
12993,3,2,4,3
13001,4,1,5,2
13009,5,2,6,3
13038,5,2,6,3
13044,3,2,4,3
13079,3,2,4,3
13098,6,0,7,1
13140,5,2,6,3
13150,3,2,4,3
13160,5,2,6,3
13165,3,2,4,3
13170,6,0,7,1
13180,5,2,6,3
13185,2,5,3,6
13186,2,3,3,4
13194,1,0,2,1
13217,5,2,6,3
13222,1,0,2,1
13228,5,3,6,4
13229,5,3,6,4
13235,3,2,4,3
13247,4,1,5,2
13250,3,2,4,3
13269,3,2,4,3
13274,4,1,5,2
13295,5,2,6,3
13303,5,2,6,3
13321,3,2,4,3
13334,5,2,6,3
13361,5,2,6,3
13382,5,2,6,3
13387,5,2,6,3
13388,5,2,6,3
13404,5,2,6,3
13419,5,2,6,3
13437,5,2,6,3
13461,4,1,5,2
13472,4,1,5,2
13474,4,1,5,2
13479,4,1,5,2
13484,5,1,6,2
13486,4,1,5,2
13494,4,1,5,2
13499,4,1,5,2
13529,6,0,7,1
13535,4,1,5,2
13536,4,1,5,2
13539,4,1,5,2
13552,4,1,5,2
13565,0,1,1,2
13576,2,1,3,2
13581,0,1,1,2
13590,0,1,1,2
13598,4,1,5,2
13599,5,2,6,3
13600,5,2,6,3
13601,5,2,6,3
13612,4,1,5,2
13643,2,1,3,2
13659,4,1,5,2
13666,1,0,2,1
13667,4,2,5,3
13672,5,1,6,2
13689,4,1,5,2
13691,5,1,6,2
13700,4,1,5,2
13701,4,2,5,3
13709,5,1,6,2
13755,5,2,6,3
13770,0,1,1,2
13797,2,5,3,6
13808,4,0,5,1
13820,4,1,5,2
13839,5,1,6,2
13850,5,2,6,3
13858,4,1,5,2
13859,4,1,5,2
13874,5,1,6,2
13897,5,1,6,2
13916,4,1,5,2
13917,5,1,6,2
13925,4,1,5,2
13937,5,2,6,3
14023,4,1,5,2
14027,4,1,5,2
14033,4,1,5,2
14037,4,2,5,3
14044,5,1,6,2
14046,6,0,7,1
14048,4,1,5,2
14067,4,1,5,2
14073,4,1,5,2
14074,0,1,1,2
14081,5,2,6,3
14097,5,2,6,3
14115,6,0,7,1
14124,4,1,5,2
14126,6,0,7,1
14128,4,1,5,2
14140,0,1,1,2
14170,6,0,7,1
14180,4,1,5,2
14186,1,0,2,1
14205,4,1,5,2
14211,4,1,5,2
14220,5,1,6,2
14233,1,0,2,1
14234,4,1,5,2
14240,5,1,6,2
14241,4,1,5,2
14244,0,1,1,2
14256,5,1,6,2
14265,4,1,5,2
14271,4,1,5,2
14272,4,1,5,2
14276,4,1,5,2
14279,2,1,3,2
14284,4,1,5,2
14288,4,1,5,2
14294,0,1,1,2
14317,1,0,2,1
14340,6,0,7,1
14390,6,0,7,1
14398,6,0,7,1
14415,6,0,7,1
14482,0,1,1,2
14510,1,0,2,1
14572,0,1,1,2
14592,0,1,1,2
14601,0,1,1,2
14606,0,1,1,2
14607,1,0,2,1
14618,6,0,7,1
14629,6,0,7,1
14655,4,1,5,2
14662,0,1,1,2
14664,4,1,5,2
14698,4,1,5,2
14744,6,1,7,2
14749,0,6,1,7
14771,1,0,2,1
14781,6,0,7,1
14823,6,1,7,2
14876,1,2,2,3
14879,1,2,2,3
14882,5,1,6,2
14889,5,2,6,3
14896,5,2,6,3
14907,5,2,6,3
14929,1,5,2,6
14963,5,2,6,3
14970,5,2,6,3
14975,5,2,6,3
15059,5,2,6,3
15077,2,5,3,6
15084,2,5,3,6
15092,2,1,3,2
15096,5,2,6,3
15108,2,5,3,6
15120,0,1,1,2
15122,0,1,1,2
15136,0,1,1,2
15137,0,1,1,2
15138,0,1,1,2
15139,0,1,1,2
15158,0,1,1,2
15183,0,1,1,2
15185,0,1,1,2
15186,0,1,1,2
15215,0,1,1,2
15253,0,1,1,2
15290,0,1,1,2
15336,0,1,1,2
15337,0,1,1,2
15342,0,1,1,2
15390,0,1,1,2
15394,0,1,1,2
15447,0,1,1,2
15451,0,1,1,2
15486,0,1,1,2
15536,0,1,1,2
15537,0,1,1,2
15624,4,1,5,2
15647,0,1,1,2
15651,0,1,1,2
15738,4,1,5,2
15744,4,1,5,2
15746,4,1,5,2
15778,0,1,1,2
15821,0,1,1,2
15885,4,1,5,2
15960,0,1,1,2
15962,0,1,1,2
16115,0,1,1,2
16166,4,1,5,2
16266,0,1,1,2
16272,0,1,1,2
16277,0,1,1,2
16329,4,1,5,2
16354,4,1,5,2
16440,0,1,1,2
16441,0,1,1,2
16442,0,1,1,2
16444,0,1,1,2
16467,0,1,1,2
16468,0,1,1,2
16469,0,1,1,2
16496,4,1,5,2
16499,4,1,5,2
16524,4,1,5,2
16527,4,1,5,2
16624,0,1,1,2
16627,0,1,1,2
16644,0,1,1,2
16647,0,1,1,2
16653,0,1,1,2
16658,0,1,1,2
16672,4,1,5,2
16810,0,1,1,2
16832,0,1,1,2
16855,4,1,5,2
16856,4,1,5,2
16861,4,1,5,2
16884,4,1,5,2
16888,4,1,5,2
16891,4,1,5,2
16965,4,1,5,2
16997,0,1,1,2
17005,0,1,1,2
17017,0,1,1,2
17022,0,1,1,2
17076,4,1,5,2
17077,4,1,5,2
17176,4,1,5,2
17178,4,1,5,2
17183,4,1,5,2
17208,0,1,1,2
17216,0,1,1,2
17286,4,1,5,2
17292,4,1,5,2
17400,4,1,5,2
17425,0,1,1,2
17433,0,1,1,2
17441,0,1,1,2
17513,4,1,5,2
17619,4,1,5,2
17623,4,1,5,2
17643,0,1,1,2
17644,0,1,1,2
17646,0,1,1,2
17647,0,1,1,2
17653,0,1,1,2
17658,0,1,1,2
17659,0,1,1,2
17662,0,1,1,2
17663,0,1,1,2
17664,0,1,1,2
17666,0,1,1,2
17667,0,1,1,2
17732,4,1,5,2
17845,4,1,5,2
17849,4,1,5,2
17851,4,1,5,2
17869,0,1,1,2
17871,0,1,1,2
17878,0,1,1,2
17883,0,1,1,2
17885,0,1,1,2
17886,0,1,1,2
17890,0,1,1,2
17957,4,1,5,2
18080,0,1,1,2
18084,0,1,1,2
18091,0,1,1,2
18095,0,1,1,2
18097,0,1,1,2
18101,0,1,1,2
18103,0,1,1,2
18115,0,1,1,2
18116,0,1,1,2
18176,4,1,5,2
18290,4,1,5,2
18291,0,1,1,2
18293,0,1,1,2
18294,0,1,1,2
18296,0,1,1,2
18298,0,1,1,2
18304,0,1,1,2
18308,0,1,1,2
18315,0,1,1,2
18317,0,1,1,2
18322,0,1,1,2
18333,0,1,1,2
18391,4,1,5,2
18393,4,1,5,2
18394,4,1,5,2
18504,4,1,5,2
18509,0,1,1,2
18517,0,1,1,2
18522,0,1,1,2
18527,0,1,1,2
18529,0,1,1,2
18531,0,1,1,2
18536,0,1,1,2
18541,0,1,1,2
18725,4,1,5,2
18728,0,1,1,2
18739,0,1,1,2
18754,0,1,1,2
18760,0,1,1,2
18762,0,1,1,2
18763,0,1,1,2
18765,0,1,1,2
18835,4,1,5,2
18962,0,1,1,2
18965,0,1,1,2
18966,0,1,1,2
18979,0,1,1,2
18980,0,1,1,2
18983,0,1,1,2
19060,4,1,5,2
19063,4,1,5,2
19176,0,1,1,2
19177,0,1,1,2
19181,0,1,1,2
19182,0,1,1,2
19188,0,1,1,2
19192,0,1,1,2
19399,0,1,1,2
19406,0,1,1,2
19407,0,1,1,2
19408,0,1,1,2
19409,0,1,1,2
19414,0,1,1,2
19431,0,1,1,2
19512,4,1,5,2
19544,0,1,1,2
19549,0,1,1,2
19552,0,1,1,2
19554,0,1,1,2
19558,0,1,1,2
19626,0,1,1,2
19630,0,1,1,2
19631,0,1,1,2
19635,0,1,1,2
19636,0,1,1,2
19638,0,1,1,2
19640,0,1,1,2
19644,0,1,1,2
19768,0,1,1,2
19775,0,1,1,2
19778,0,1,1,2
19783,0,1,1,2
19788,0,1,1,2
19854,0,1,1,2
19856,0,1,1,2
19870,0,1,1,2
19879,0,1,1,2
19990,0,1,1,2
19993,0,1,1,2
19998,0,1,1,2
20004,0,1,1,2
20012,0,1,1,2
20074,0,1,1,2
20086,0,1,1,2
20088,0,1,1,2
20091,0,1,1,2
20099,0,1,1,2
20213,0,1,1,2
20214,0,1,1,2
20216,0,1,1,2
20218,0,1,1,2
20220,0,1,1,2
20221,0,1,1,2
20236,0,1,1,2
20238,0,1,1,2
20294,1,0,2,1
20308,0,1,1,2
20311,0,1,1,2
20322,0,1,1,2
20323,0,1,1,2
20326,0,1,1,2
20436,0,1,1,2
20438,0,1,1,2
20446,0,1,1,2
20449,0,1,1,2
20463,0,1,1,2
20530,0,1,1,2
20531,0,1,1,2
20539,0,1,1,2
20544,0,1,1,2
20550,0,1,1,2
20551,0,1,1,2
20672,0,1,1,2
20763,0,1,1,2
20768,0,1,1,2
20769,0,1,1,2
20774,0,1,1,2
20777,0,1,1,2
20990,0,1,1,2
20991,0,1,1,2
20997,0,1,1,2
21001,0,1,1,2
21004,0,1,1,2
21009,0,1,1,2
21011,0,1,1,2
21012,0,1,1,2
21225,0,1,1,2
21229,0,1,1,2
21239,0,1,1,2
21246,0,1,1,2
21247,0,1,1,2
21248,0,1,1,2
21251,0,1,1,2
21252,0,1,1,2
21255,0,1,1,2
21473,0,1,1,2
21477,0,1,1,2
21480,0,1,1,2
21488,0,1,1,2
21493,0,1,1,2
21494,0,1,1,2
21710,0,1,1,2
21719,0,1,1,2
21725,0,1,1,2
21728,0,1,1,2
21729,0,1,1,2
21730,0,1,1,2
21732,0,1,1,2
21945,0,1,1,2
21963,0,1,1,2
21967,0,1,1,2
21970,0,1,1,2
22129,0,1,1,2
22130,0,1,1,2
22189,0,1,1,2
22195,0,1,1,2
22199,0,1,1,2
22369,0,1,1,2
22371,0,1,1,2
22415,0,1,1,2
22420,0,1,1,2
22421,0,1,1,2
22422,0,1,1,2
22424,0,1,1,2
22427,0,1,1,2
22428,0,1,1,2
22431,0,1,1,2
22441,0,1,1,2
22610,0,1,1,2
22612,0,1,1,2
22614,0,1,1,2
22642,1,0,2,1
22655,0,1,1,2
22661,0,1,1,2
22663,0,1,1,2
22664,0,1,1,2
22665,0,1,1,2
22669,0,1,1,2
22670,0,1,1,2
22681,0,1,1,2
22682,0,1,1,2
22860,0,1,1,2
22861,0,1,1,2
22863,0,1,1,2
22901,0,1,1,2
22907,0,1,1,2
22909,0,1,1,2
22913,0,1,1,2
22916,0,1,1,2
22921,0,1,1,2
22927,0,1,1,2
23117,0,1,1,2
23144,0,1,1,2
23159,0,1,1,2
23173,0,1,1,2
23177,0,1,1,2
23314,0,1,1,2
23387,0,1,1,2
23411,0,1,1,2
23415,0,1,1,2
23429,0,1,1,2
23430,0,1,1,2
23438,0,1,1,2
23439,0,1,1,2
23661,0,1,1,2
23689,0,1,1,2
23692,0,1,1,2
23694,0,1,1,2
23697,0,1,1,2
23702,0,1,1,2
23719,0,1,1,2
23720,0,1,1,2
23933,0,1,1,2
23934,0,1,1,2
23963,0,1,1,2
23966,0,1,1,2
23967,0,1,1,2
23978,0,1,1,2
23980,0,1,1,2
23992,0,1,1,2
23995,0,1,1,2
23996,0,1,1,2
23999,0,1,1,2
24001,0,1,1,2
24217,0,1,1,2
24220,0,1,1,2
24245,0,1,1,2
24248,0,1,1,2
24257,0,1,1,2
24260,0,1,1,2
24263,0,1,1,2
24272,0,1,1,2
24278,0,1,1,2
24279,0,1,1,2
24280,0,1,1,2
24501,0,1,1,2
24504,0,1,1,2
24530,0,1,1,2
24532,0,1,1,2
24534,0,1,1,2
24539,0,1,1,2
24543,0,1,1,2
24545,0,1,1,2
24552,0,1,1,2
24558,0,1,1,2
24559,0,1,1,2
24561,0,1,1,2
24564,0,1,1,2
24793,0,1,1,2
24817,0,1,1,2
24820,0,1,1,2
24824,0,1,1,2
24832,0,1,1,2
24835,0,1,1,2
24838,0,1,1,2
24839,0,1,1,2
24988,0,1,1,2
24995,1,0,2,1
25107,0,1,1,2
25108,0,1,1,2
25116,0,1,1,2
25117,0,1,1,2
25119,0,1,1,2
25124,0,1,1,2
25130,0,1,1,2
25258,0,1,1,2
25265,1,0,2,1
25282,0,1,1,2
25374,0,1,1,2
25384,0,1,1,2
25388,0,1,1,2
25395,0,1,1,2
25544,0,1,1,2
25565,0,1,1,2
25668,0,1,1,2
25680,0,1,1,2
25685,0,1,1,2
25830,0,1,1,2
25841,1,0,2,1
25958,0,1,1,2
25959,0,1,1,2
25961,0,1,1,2
25963,0,1,1,2
25968,0,1,1,2
25969,0,1,1,2
25970,0,1,1,2
25971,0,1,1,2
25973,0,1,1,2
25976,0,1,1,2
26138,1,0,2,1
26153,0,1,1,2
26246,0,1,1,2
26269,0,1,1,2
26277,0,1,1,2
26441,1,0,2,1
26444,1,0,2,1
26445,1,0,2,1
26456,0,1,1,2
26457,0,1,1,2
26553,0,1,1,2
26555,0,1,1,2
26574,0,1,1,2
26577,0,1,1,2
26581,0,1,1,2
26582,0,1,1,2
26741,0,1,1,2
26757,0,1,1,2
26758,0,1,1,2
26763,1,0,2,1
26838,0,1,1,2
26875,1,0,2,1
26879,0,1,1,2
26890,0,1,1,2
26903,0,1,1,2
26904,0,1,1,2
26909,0,1,1,2
27075,0,1,1,2
27113,0,1,1,2
27126,0,1,1,2
27182,0,1,1,2
27222,1,0,2,1
27237,0,1,1,2
27238,0,1,1,2
27246,0,1,1,2
27252,0,1,1,2
27425,0,1,1,2
27449,1,0,2,1
27453,1,0,2,1
27456,0,1,1,2
27465,0,1,1,2
27485,0,1,1,2
27488,0,1,1,2
27550,0,1,1,2
27551,0,1,1,2
27590,0,1,1,2
27592,0,1,1,2
27604,0,1,1,2
27605,0,1,1,2
27606,0,1,1,2
27616,0,1,1,2
27792,0,1,1,2
27802,0,1,1,2
27812,1,0,2,1
27854,0,1,1,2
27916,0,1,1,2
27974,0,1,1,2
27986,0,1,1,2
27989,0,1,1,2
28171,1,0,2,1
28172,1,0,2,1
28184,1,0,2,1
28185,1,0,2,1
28188,1,0,2,1
28194,0,1,1,2
28200,0,1,1,2
28226,0,1,1,2
28295,0,1,1,2
28334,0,1,1,2
28347,0,1,1,2
28351,0,1,1,2
28540,1,0,2,1
28541,1,0,2,1
28544,1,0,2,1
28555,1,0,2,1
28568,0,1,1,2
28571,0,1,1,2
28574,0,1,1,2
28600,0,1,1,2
28661,0,1,1,2
28670,0,1,1,2
28702,0,1,1,2
28723,0,1,1,2
28726,0,1,1,2
28732,0,1,1,2
28907,1,0,2,1
28909,1,0,2,1
28918,1,0,2,1
28930,0,1,1,2
28932,0,1,1,2
28933,0,1,1,2
28937,0,1,1,2
28971,1,0,2,1
29028,0,1,1,2
29029,0,1,1,2
29094,0,1,1,2
29097,0,1,1,2
29281,1,0,2,1
29285,1,0,2,1
29326,1,0,2,1
29396,0,1,1,2
29400,0,1,1,2
29434,0,1,1,2
29462,0,1,1,2
29639,1,0,2,1
29646,1,0,2,1
29661,0,1,1,2
29685,1,0,2,1
29758,0,1,1,2
29760,0,1,1,2
29765,0,1,1,2
29797,0,1,1,2
29820,0,1,1,2
29823,0,1,1,2
30005,1,0,2,1
30019,1,0,2,1
30030,0,1,1,2
30035,0,1,1,2
30063,0,1,1,2
30132,0,1,1,2
30167,0,1,1,2
30188,0,1,1,2
30192,0,1,1,2
30350,0,1,1,2
30351,0,1,1,2
30379,1,0,2,1
30391,1,0,2,1
30397,0,1,1,2
30399,0,1,1,2
30404,0,1,1,2
30405,0,1,1,2
30503,0,1,1,2
30526,0,1,1,2
30562,0,1,1,2
30563,0,1,1,2
30727,0,1,1,2
30729,0,1,1,2
30730,0,1,1,2
30774,0,1,1,2
30775,0,1,1,2
30784,0,1,1,2
30813,0,1,1,2
30875,0,1,1,2
30876,0,1,1,2
30903,0,1,1,2
30909,0,1,1,2
30912,0,1,1,2
31262,0,1,1,2
31294,0,1,1,2
31298,0,1,1,2
31299,0,1,1,2
31300,0,1,1,2
31302,0,1,1,2
31320,0,1,1,2
31551,0,1,1,2
31554,0,1,1,2
31555,0,1,1,2
31557,0,1,1,2
31581,0,1,1,2
31582,0,1,1,2
31583,0,1,1,2
31584,0,1,1,2
31644,0,1,1,2
31645,0,1,1,2
31648,0,1,1,2
31672,0,1,1,2
31680,0,1,1,2
31684,0,1,1,2
31686,0,1,1,2
31688,0,1,1,2
31705,0,1,1,2
31706,0,1,1,2
31882,0,1,1,2
31939,0,1,1,2
31941,0,1,1,2
31943,0,1,1,2
31969,0,1,1,2
31970,0,1,1,2
32058,0,1,1,2
32068,0,1,1,2
32077,0,1,1,2
32090,0,1,1,2
32094,0,1,1,2
32313,1,0,2,1
32316,1,0,2,1
32330,0,1,1,2
32354,0,1,1,2
32355,0,1,1,2
32356,0,1,1,2
32413,0,1,1,2
32420,0,1,1,2
32447,0,1,1,2
32455,0,1,1,2
32457,0,1,1,2
32463,0,1,1,2
32464,0,1,1,2
32481,0,1,1,2
32715,0,1,1,2
32716,0,1,1,2
32740,0,1,1,2
32742,0,1,1,2
32746,0,1,1,2
32805,0,1,1,2
32806,0,1,1,2
32809,0,1,1,2
32831,0,1,1,2
32833,0,1,1,2
32845,0,1,1,2
32846,0,1,1,2
32863,0,1,1,2
32866,0,1,1,2
32867,0,1,1,2
33094,1,0,2,1
33100,0,1,1,2
33104,0,1,1,2
33182,0,1,1,2
33186,0,1,1,2
33189,0,1,1,2
33219,0,1,1,2
33220,0,1,1,2
33254,0,1,1,2
33255,0,1,1,2
33473,1,0,2,1
33484,1,0,2,1
33487,0,1,1,2
33490,0,1,1,2
33493,0,1,1,2
33494,0,1,1,2
33575,0,1,1,2
33608,0,1,1,2
33643,0,1,1,2
33858,1,0,2,1
33859,1,0,2,1
33862,1,0,2,1
33870,1,0,2,1
33883,0,1,1,2
33904,0,1,1,2
33979,1,0,2,1
34272,0,1,1,2
34294,0,1,1,2
34347,0,1,1,2
34365,1,0,2,1
34391,0,1,1,2
34656,0,1,1,2
34657,0,1,1,2
34738,0,1,1,2
34743,0,1,1,2
34753,1,0,2,1
34781,0,1,1,2
34797,0,1,1,2
34800,0,1,1,2
35009,0,1,1,2
35044,0,1,1,2
35054,0,1,1,2
35056,0,1,1,2
35076,0,1,1,2
35082,0,1,1,2
35128,0,1,1,2
35169,0,1,1,2
35373,4,1,5,2
35374,4,1,5,2
35434,0,1,1,2
35437,0,1,1,2
35442,0,1,1,2
35445,0,1,1,2
35446,0,1,1,2
35447,0,1,1,2
35464,0,1,1,2
35476,0,1,1,2
35562,0,1,1,2
35565,0,1,1,2
35584,0,1,1,2
35813,0,1,1,2
35830,0,1,1,2
35837,0,1,1,2
35839,0,1,1,2
35841,0,1,1,2
35909,0,1,1,2
35955,0,1,1,2
35973,0,1,1,2
35974,0,1,1,2
35975,0,1,1,2
36183,0,1,1,2
36184,0,1,1,2
36230,0,1,1,2
36233,0,1,1,2
36261,0,1,1,2
36263,0,1,1,2
36306,0,1,1,2
36363,0,1,1,2
36551,4,1,5,2
36576,0,1,1,2
36577,0,1,1,2
36626,0,1,1,2
36638,0,1,1,2
36696,0,1,1,2
36717,1,0,2,1
36741,0,1,1,2
36758,0,1,1,2
36942,4,1,5,2
36943,4,1,5,2
36972,0,1,1,2
36973,0,1,1,2
37011,0,1,1,2
37017,0,1,1,2
37020,0,1,1,2
37028,0,1,1,2
37039,0,1,1,2
37083,0,1,1,2
37085,0,1,1,2
37132,0,1,1,2
37145,0,1,1,2
37368,0,1,1,2
37395,0,1,1,2
37408,0,1,1,2
37410,0,1,1,2
37413,0,1,1,2
37415,0,1,1,2
37418,0,1,1,2
37426,0,1,1,2
37427,0,1,1,2
37435,0,1,1,2
37474,0,1,1,2
37475,0,1,1,2
37477,0,1,1,2
37747,0,1,1,2
37768,0,1,1,2
37780,0,1,1,2
37793,0,1,1,2
37800,0,1,1,2
37802,0,1,1,2
37803,0,1,1,2
37809,0,1,1,2
37820,0,1,1,2
37868,0,1,1,2
38153,0,1,1,2
38170,0,1,1,2
38192,0,1,1,2
38195,0,1,1,2
38208,0,1,1,2
38209,0,1,1,2
38210,0,1,1,2
38212,0,1,1,2
38213,0,1,1,2
38216,0,1,1,2
38253,0,1,1,2
38544,0,1,1,2
38559,0,1,1,2
38562,0,1,1,2
38568,0,1,1,2
38581,0,1,1,2
38597,0,1,1,2
38600,0,1,1,2
38605,0,1,1,2
38911,0,1,1,2
38957,0,1,1,2
38962,0,1,1,2
38976,0,1,1,2
38981,0,1,1,2
38986,0,1,1,2
38987,0,1,1,2
38990,0,1,1,2
39317,0,1,1,2
39326,0,1,1,2
39348,0,1,1,2
39350,0,1,1,2
39353,0,1,1,2
39358,0,1,1,2
39361,0,1,1,2
39366,0,1,1,2
39372,0,1,1,2
39375,0,1,1,2
39704,0,1,1,2
39707,0,1,1,2
39723,0,1,1,2
39752,0,1,1,2
39753,0,1,1,2
39758,0,1,1,2
39759,0,1,1,2
39760,0,1,1,2
40075,0,1,1,2
40107,0,1,1,2
40108,0,1,1,2
40135,0,1,1,2
40139,0,1,1,2
40140,0,1,1,2
40144,0,1,1,2
40147,0,1,1,2
40463,0,1,1,2
40478,0,1,1,2
40494,0,1,1,2
40520,0,1,1,2
40526,0,1,1,2
40531,0,1,1,2
40532,0,1,1,2
40533,0,1,1,2
40884,0,1,1,2
40888,0,1,1,2
40889,0,1,1,2
40917,0,1,1,2
40918,0,1,1,2
40919,0,1,1,2
41034,0,1,1,2
41232,0,1,1,2
41274,0,1,1,2
41281,0,1,1,2
41291,0,1,1,2
41298,0,1,1,2
41299,0,1,1,2
41304,0,1,1,2
41307,0,1,1,2
41423,0,1,1,2
41426,0,1,1,2
41621,0,1,1,2
41668,0,1,1,2
41691,0,1,1,2
41694,0,1,1,2
41695,0,1,1,2
41812,0,1,1,2
41817,0,1,1,2
42012,0,1,1,2
42022,0,1,1,2
42057,0,1,1,2
42074,0,1,1,2
42076,0,1,1,2
42084,0,1,1,2
42086,0,1,1,2
42088,0,1,1,2
42197,0,1,1,2
42200,0,1,1,2
42205,0,1,1,2
42443,0,1,1,2
42465,0,1,1,2
42469,0,1,1,2
42578,0,1,1,2
42580,0,1,1,2
42591,0,1,1,2
42833,0,1,1,2
42846,0,1,1,2
42849,0,1,1,2
42854,0,1,1,2
42855,0,1,1,2
42856,0,1,1,2
42857,0,1,1,2
42860,0,1,1,2
42948,0,1,1,2
42950,0,1,1,2
42951,0,1,1,2
42952,0,1,1,2
42963,0,1,1,2
42969,0,1,1,2
43179,0,1,1,2
43233,0,1,1,2
43235,0,1,1,2
43332,0,1,1,2
43334,0,1,1,2
43335,0,1,1,2
43362,0,1,1,2
43562,0,1,1,2
43603,0,1,1,2
43604,0,1,1,2
43607,0,1,1,2
43611,0,1,1,2
43624,0,1,1,2
43626,0,1,1,2
43629,0,1,1,2
43632,0,1,1,2
43722,0,1,1,2
43732,0,1,1,2
43733,0,1,1,2
43735,0,1,1,2
43751,0,1,1,2
43755,0,1,1,2
43942,0,1,1,2
43943,0,1,1,2
43949,0,1,1,2
43983,0,1,1,2
44012,0,1,1,2
44104,0,1,1,2
44108,0,1,1,2
44116,0,1,1,2
44134,0,1,1,2
44136,0,1,1,2
44137,0,1,1,2
44329,0,1,1,2
44369,0,1,1,2
44380,0,1,1,2
44382,0,1,1,2
44393,0,1,1,2
44496,0,1,1,2
44500,0,1,1,2
44753,0,1,1,2
44772,0,1,1,2
44775,0,1,1,2
44786,0,1,1,2
44885,0,1,1,2
44889,0,1,1,2
44890,0,1,1,2
44909,0,1,1,2
45149,0,1,1,2
45171,0,1,1,2
45187,0,1,1,2
45280,0,1,1,2
45283,0,1,1,2
45304,0,1,1,2
45546,0,1,1,2
45547,0,1,1,2
45567,0,1,1,2
45678,0,1,1,2
45704,0,1,1,2
45771,1,0,2,1
45968,0,1,1,2
45973,0,1,1,2
45982,0,1,1,2
46083,0,1,1,2
46102,0,1,1,2
46103,0,1,1,2
46352,0,1,1,2
47168,0,1,1,2
47568,0,1,1,2
47947,0,1,1,2
47957,0,1,1,2
47958,0,1,1,2
47971,1,0,2,1
48032,1,0,2,1
48348,0,1,1,2
48353,0,1,1,2
48922,0,1,1,2
49110,0,1,1,2
49113,0,1,1,2
49474,0,1,1,2
49476,0,1,1,2
49653,0,1,1,2
49654,0,1,1,2
50354,0,1,1,2
50357,0,1,1,2
50536,0,1,1,2
50700,0,1,1,2
50881,0,1,1,2
51047,0,1,1,2
51399,0,1,1,2
51400,0,1,1,2
51402,0,1,1,2
51745,0,1,1,2
51746,0,1,1,2
51747,0,1,1,2
51748,0,1,1,2
52096,0,1,1,2
52387,0,1,1,2
52621,0,1,1,2
52623,0,1,1,2
52778,0,1,1,2
52780,0,1,1,2
52942,0,1,1,2
52968,0,1,1,2
53070,0,1,1,2
53071,0,1,1,2
53072,0,1,1,2
53073,0,1,1,2
53075,0,1,1,2
53117,0,1,1,2
53119,0,1,1,2
53310,0,1,1,2
53316,0,1,1,2
53408,0,1,1,2
53413,0,1,1,2
53456,0,1,1,2
53457,0,1,1,2
53793,0,1,1,2
53796,0,1,1,2
53859,1,0,2,1
53984,0,1,1,2
53985,0,1,1,2
54075,0,1,1,2
54084,0,1,1,2
54086,0,1,1,2
54087,0,1,1,2
54088,0,1,1,2
54090,0,1,1,2
54091,0,1,1,2
54201,1,0,2,1
54333,0,1,1,2
54412,0,1,1,2
54424,0,1,1,2
54473,0,1,1,2
54662,0,1,1,2
54744,0,1,1,2
54752,0,1,1,2
54755,0,1,1,2
54762,0,1,1,2
54803,0,1,1,2
54989,0,1,1,2
54990,0,1,1,2
54993,0,1,1,2
55067,0,1,1,2
55070,0,1,1,2
55073,0,1,1,2
55077,0,1,1,2
55083,0,1,1,2
55325,0,1,1,2
55326,0,1,1,2
55389,0,1,1,2
55397,0,1,1,2
55401,0,1,1,2
55409,0,1,1,2
55454,0,1,1,2
55455,0,1,1,2
55523,0,1,1,2
55525,0,1,1,2
55651,0,1,1,2
55653,0,1,1,2
55719,0,1,1,2
55728,0,1,1,2
55731,0,1,1,2
55740,0,1,1,2
55786,0,1,1,2
55850,0,1,1,2
55969,0,1,1,2
55970,0,1,1,2
55979,0,1,1,2
55982,0,1,1,2
56039,0,1,1,2
56040,0,1,1,2
56048,0,1,1,2
56059,0,1,1,2
56060,0,1,1,2
56061,0,1,1,2
56102,0,1,1,2
56104,0,1,1,2
56164,1,0,2,1
56171,0,1,1,2
56292,0,1,1,2
56374,0,1,1,2
56414,0,1,1,2
56475,1,0,2,1
56484,0,1,1,2
56487,0,1,1,2
56613,0,1,1,2
56616,0,1,1,2
56664,0,1,1,2
56667,0,1,1,2
56668,0,1,1,2
56669,0,1,1,2
56679,0,1,1,2
56681,0,1,1,2
56724,0,1,1,2
56789,0,1,1,2
56988,0,1,1,2
57266,0,1,1,2
57271,0,1,1,2
57274,0,1,1,2
57284,0,1,1,2
57287,0,1,1,2
57289,0,1,1,2
57290,0,1,1,2
57327,0,1,1,2
57329,0,1,1,2
57330,0,1,1,2
57331,0,1,1,2
57392,0,1,1,2
57402,0,1,1,2
57569,0,1,1,2
57590,0,1,1,2
57591,0,1,1,2
57631,0,1,1,2
57637,0,1,1,2
57638,0,1,1,2
57698,0,1,1,2
57708,0,1,1,2
57840,0,1,1,2
57876,0,1,1,2
57879,0,1,1,2
57893,0,1,1,2
57936,0,1,1,2
57939,0,1,1,2
57940,0,1,1,2
58008,0,1,1,2
58011,0,1,1,2
58147,0,1,1,2
58177,0,1,1,2
58180,0,1,1,2
58181,0,1,1,2
58182,0,1,1,2
58192,0,1,1,2
58244,0,1,1,2
58465,0,1,1,2
58550,0,1,1,2
58613,0,1,1,2
58615,0,1,1,2
58617,0,1,1,2
58620,0,1,1,2
58765,0,1,1,2
58806,0,1,1,2
58849,0,1,1,2
58894,0,1,1,2
58895,0,1,1,2
58896,0,1,1,2
58912,0,1,1,2
58925,0,1,1,2
59098,0,1,1,2
59100,0,1,1,2
59102,0,1,1,2
59150,0,1,1,2
59211,0,1,1,2
59216,0,1,1,2
59217,0,1,1,2
59223,0,1,1,2
59367,0,1,1,2
59370,0,1,1,2
59402,0,1,1,2
59404,0,1,1,2
59407,0,1,1,2
59450,0,1,1,2
59498,0,1,1,2
59517,0,1,1,2
59519,0,1,1,2
59521,0,1,1,2
59658,0,1,1,2
59662,0,1,1,2
59693,0,1,1,2
59694,0,1,1,2
59742,0,1,1,2
59788,0,1,1,2
59790,0,1,1,2
59812,0,1,1,2
59946,0,1,1,2
59947,0,1,1,2
59949,0,1,1,2
59950,0,1,1,2
59985,0,1,1,2
59986,0,1,1,2
60079,0,1,1,2
60094,0,1,1,2
60101,0,1,1,2
60233,0,1,1,2
60237,0,1,1,2
60241,0,1,1,2
60277,0,1,1,2
60388,0,1,1,2
60391,0,1,1,2
60393,0,1,1,2
60527,0,1,1,2
60537,0,1,1,2
60669,0,1,1,2
60671,0,1,1,2
60695,0,1,1,2
60831,0,1,1,2
60838,0,1,1,2
60877,0,1,1,2
60921,1,0,2,1
60994,0,1,1,2
61115,0,1,1,2
61127,0,1,1,2
61129,0,1,1,2
61132,0,1,1,2
61138,0,1,1,2
61175,0,1,1,2
61178,0,1,1,2
61264,0,1,1,2
61267,0,1,1,2
61283,0,1,1,2
61288,0,1,1,2
61292,0,1,1,2
61293,0,1,1,2
61295,0,1,1,2
61297,0,1,1,2
61300,0,1,1,2
61396,1,0,2,1
61406,1,0,2,1
61420,0,1,1,2
61421,0,1,1,2
61424,0,1,1,2
61430,0,1,1,2
61431,0,1,1,2
61432,0,1,1,2
61471,0,1,1,2
61585,0,1,1,2
61586,0,1,1,2
61587,0,1,1,2
61591,0,1,1,2
61592,0,1,1,2
61595,0,1,1,2
61597,0,1,1,2
61696,1,0,2,1
61697,1,0,2,1
61718,0,1,1,2
61766,0,1,1,2
61771,0,1,1,2
61790,0,1,1,2
61858,0,1,1,2
61882,0,1,1,2
61885,0,1,1,2
61887,0,1,1,2
61892,0,1,1,2
61995,1,0,2,1
62016,0,1,1,2
62029,0,1,1,2
62062,0,1,1,2
62152,0,1,1,2
62153,0,1,1,2
62176,0,1,1,2
62178,0,1,1,2
62274,1,0,2,1
62276,1,0,2,1
62283,1,0,2,1
62302,1,0,2,1
62313,0,1,1,2
62314,0,1,1,2
62315,0,1,1,2
62358,0,1,1,2
62446,0,1,1,2
62477,0,1,1,2
62478,0,1,1,2
62479,0,1,1,2
62482,0,1,1,2
62483,0,1,1,2
62484,0,1,1,2
62485,0,1,1,2
62567,1,0,2,1
62568,1,0,2,1
62569,1,0,2,1
62574,1,0,2,1
62580,1,0,2,1
62589,1,0,2,1
62590,1,0,2,1
62630,0,1,1,2
62631,0,1,1,2
62767,1,0,2,1
62768,0,1,1,2
62777,0,1,1,2
62780,0,1,1,2
62784,0,1,1,2
62869,1,0,2,1
62874,1,0,2,1
62914,0,1,1,2
63063,1,0,2,1
63070,0,1,1,2
63073,0,1,1,2
63075,0,1,1,2
63077,0,1,1,2
63081,0,1,1,2
63082,0,1,1,2
63166,1,0,2,1
63171,1,0,2,1
63172,1,0,2,1
63195,0,1,1,2
63219,0,1,1,2
63260,0,1,1,2
63267,0,1,1,2
63335,0,1,1,2
63337,0,1,1,2
63370,0,1,1,2
63380,0,1,1,2
63456,1,0,2,1
63459,1,0,2,1
63485,1,0,2,1
63512,0,1,1,2
63547,0,1,1,2
63548,0,1,1,2
63552,0,1,1,2
63554,0,1,1,2
63556,0,1,1,2
63661,0,1,1,2
63666,0,1,1,2
63755,1,0,2,1
63810,0,1,1,2
63842,0,1,1,2
63844,0,1,1,2
63849,0,1,1,2
63850,0,1,1,2
63851,0,1,1,2
63859,0,1,1,2
63931,0,1,1,2
63957,0,1,1,2
63959,0,1,1,2
63964,0,1,1,2
63965,0,1,1,2
63967,0,1,1,2
63971,0,1,1,2
63973,0,1,1,2
64111,0,1,1,2
64142,0,1,1,2
64159,0,1,1,2
64255,0,1,1,2
64263,0,1,1,2
64270,0,1,1,2
64271,0,1,1,2
64272,0,1,1,2
64274,0,1,1,2
64276,0,1,1,2
64288,0,1,1,2
64290,0,1,1,2
64291,0,1,1,2
64407,0,1,1,2
64408,0,1,1,2
64437,0,1,1,2
64438,0,1,1,2
64560,1,0,2,1
64569,0,1,1,2
64570,0,1,1,2
64573,0,1,1,2
64574,0,1,1,2
64575,0,1,1,2
64593,0,1,1,2
64594,0,1,1,2
64736,0,1,1,2
64738,0,1,1,2
64740,0,1,1,2
64869,0,1,1,2
64875,0,1,1,2
64892,0,1,1,2
65032,0,1,1,2
65179,0,1,1,2
65182,0,1,1,2
65184,0,1,1,2
65305,0,1,1,2
65471,0,1,1,2
65476,0,1,1,2
65479,0,1,1,2
65493,0,1,1,2
65495,0,1,1,2
65528,0,1,1,2
65652,0,1,1,2
65756,0,1,1,2
65757,0,1,1,2
65762,0,1,1,2
65773,0,1,1,2
65777,0,1,1,2
65778,0,1,1,2
65779,0,1,1,2
65784,0,1,1,2
65789,0,1,1,2
65790,0,1,1,2
65791,0,1,1,2
65797,0,1,1,2
65878,1,0,2,1
65879,1,0,2,1
65904,0,1,1,2
65925,0,1,1,2
65948,0,1,1,2
65949,0,1,1,2
66059,0,1,1,2
66060,0,1,1,2
66062,0,1,1,2
66071,0,1,1,2
66075,0,1,1,2
66077,0,1,1,2
66078,0,1,1,2
66083,0,1,1,2
66084,0,1,1,2
66090,0,1,1,2
66092,0,1,1,2
66214,0,1,1,2
66231,0,1,1,2
66254,0,1,1,2
66381,0,1,1,2
66382,0,1,1,2
66383,0,1,1,2
66384,0,1,1,2
66401,0,1,1,2
66491,0,1,1,2
66492,0,1,1,2
66585,0,1,1,2
66710,0,1,1,2
66714,0,1,1,2
66716,0,1,1,2
66722,0,1,1,2
66728,0,1,1,2
66830,0,1,1,2
66876,0,1,1,2
66878,0,1,1,2
66922,0,1,1,2
67044,0,1,1,2
67048,0,1,1,2
67056,0,1,1,2
67057,0,1,1,2
67058,0,1,1,2
67062,0,1,1,2
67158,0,1,1,2
67160,0,1,1,2
67209,0,1,1,2
67211,0,1,1,2
67252,0,1,1,2
67384,0,1,1,2
67495,0,1,1,2
67543,0,1,1,2
67727,0,1,1,2
67728,0,1,1,2
67869,0,1,1,2
68060,0,1,1,2
68167,0,1,1,2
68169,0,1,1,2
68382,0,1,1,2
68494,0,1,1,2
68495,0,1,1,2
68523,0,1,1,2
68817,0,1,1,2
68843,0,1,1,2
69027,0,1,1,2
69028,0,1,1,2
69126,0,1,1,2
69132,0,1,1,2
69135,0,1,1,2
69161,0,1,1,2
69162,0,1,1,2
69437,0,1,1,2
69438,0,1,1,2
69440,0,1,1,2
69442,0,1,1,2
69445,0,1,1,2
69448,0,1,1,2
69449,0,1,1,2
69475,0,1,1,2
69476,0,1,1,2
70094,0,1,1,2
70391,0,1,1,2
70406,0,1,1,2
70428,0,1,1,2
70740,0,1,1,2
70746,0,1,1,2
70761,0,1,1,2
71008,0,1,1,2
71013,0,1,1,2
71032,0,1,1,2
71051,0,1,1,2
71052,0,1,1,2
71056,0,1,1,2
71063,0,1,1,2
71064,0,1,1,2
71073,0,1,1,2
71308,1,0,2,1
71310,1,0,2,1
71311,1,0,2,1
71312,1,0,2,1
71327,0,1,1,2
71332,1,0,2,1
71339,0,1,1,2
71361,0,1,1,2
71363,0,1,1,2
71364,0,1,1,2
71377,0,1,1,2
71379,0,1,1,2
71381,0,1,1,2
71384,0,1,1,2
71387,0,1,1,2
71636,1,0,2,1
71638,0,1,1,2
71645,0,1,1,2
71647,0,1,1,2
71649,0,1,1,2
71666,0,1,1,2
71670,0,1,1,2
71673,0,1,1,2
71676,0,1,1,2
71679,0,1,1,2
71685,0,1,1,2
71687,0,1,1,2
71688,0,1,1,2
71689,0,1,1,2
71692,0,1,1,2
71846,4,1,5,2
71847,4,1,5,2
71921,1,0,2,1
71924,0,1,1,2
71935,0,1,1,2
71936,0,1,1,2
71944,0,1,1,2
71947,0,1,1,2
71948,0,1,1,2
71949,0,1,1,2
71950,0,1,1,2
71951,0,1,1,2
71971,0,1,1,2
71974,0,1,1,2
71977,0,1,1,2
71980,0,1,1,2
71984,0,1,1,2
71993,0,1,1,2
72020,0,1,1,2
72144,4,1,5,2
72145,4,1,5,2
72146,4,1,5,2
72147,4,1,5,2
72149,4,1,5,2
72222,0,1,1,2
72223,0,1,1,2
72225,0,1,1,2
72227,0,1,1,2
72244,0,1,1,2
72246,0,1,1,2
72250,0,1,1,2
72251,0,1,1,2
72253,0,1,1,2
72274,0,1,1,2
72278,0,1,1,2
72279,0,1,1,2
72285,0,1,1,2
72288,0,1,1,2
72289,0,1,1,2
72292,0,1,1,2
72297,0,1,1,2
72299,0,1,1,2
72451,4,1,5,2
72459,4,1,5,2
72463,4,1,5,2
72537,0,1,1,2
72552,0,1,1,2
72554,0,1,1,2
72556,0,1,1,2
72558,0,1,1,2
72559,0,1,1,2
72562,0,1,1,2
72563,0,1,1,2
72565,0,1,1,2
72581,0,1,1,2
72587,0,1,1,2
72593,0,1,1,2
72595,0,1,1,2
72599,0,1,1,2
72600,0,1,1,2
72755,4,1,5,2
72852,0,1,1,2
72883,0,1,1,2
72888,0,1,1,2
72893,0,1,1,2
72897,0,1,1,2
72908,0,1,1,2
72913,0,1,1,2
73044,4,1,5,2
73051,4,1,5,2
73156,0,1,1,2
73163,0,1,1,2
73164,0,1,1,2
73172,0,1,1,2
73194,0,1,1,2
73195,0,1,1,2
73200,0,1,1,2
73325,4,1,5,2
73327,4,1,5,2
73445,0,1,1,2
73473,0,1,1,2
73614,4,1,5,2
73694,0,1,1,2
73716,0,1,1,2
73720,0,1,1,2
73724,0,1,1,2
73728,0,1,1,2
73732,0,1,1,2
73734,0,1,1,2
73735,0,1,1,2
73736,0,1,1,2
73737,0,1,1,2
73739,0,1,1,2
73742,0,1,1,2
73765,0,1,1,2
73770,0,1,1,2
73893,4,1,5,2
73895,4,1,5,2
73896,4,1,5,2
73897,4,1,5,2
73952,1,0,2,1
73953,1,0,2,1
73955,1,0,2,1
73981,0,1,1,2
73983,0,1,1,2
74002,0,1,1,2
74004,0,1,1,2
74012,0,1,1,2
74026,0,1,1,2
74041,1,0,2,1
74056,0,1,1,2
74176,4,1,5,2
74184,4,1,5,2
74240,1,0,2,1
74268,0,1,1,2
74296,0,1,1,2
74297,0,1,1,2
74304,0,1,1,2
74311,0,1,1,2
74336,0,1,1,2
74342,0,1,1,2
74345,0,1,1,2
74467,4,1,5,2
74468,4,1,5,2
74471,4,1,5,2
74552,0,1,1,2
74553,0,1,1,2
74556,0,1,1,2
74590,0,1,1,2
74599,0,1,1,2
74622,0,1,1,2
74630,0,1,1,2
74635,0,1,1,2
74642,0,1,1,2
74769,4,1,5,2
74828,1,0,2,1
74831,1,0,2,1
74848,0,1,1,2
74893,0,1,1,2
74896,0,1,1,2
74899,0,1,1,2
74903,0,1,1,2
74905,0,1,1,2
74932,0,1,1,2
75061,4,1,5,2
75068,4,1,5,2
75122,1,0,2,1
75125,1,0,2,1
75144,0,1,1,2
75147,0,1,1,2
75197,0,1,1,2
75202,0,1,1,2
75204,0,1,1,2
75210,0,1,1,2
75217,0,1,1,2
75219,0,1,1,2
75220,0,1,1,2
75229,0,1,1,2
75241,0,1,1,2
75416,1,0,2,1
75419,1,0,2,1
75428,1,0,2,1
75441,0,1,1,2
75443,0,1,1,2
75445,0,1,1,2
75502,0,1,1,2
75506,0,1,1,2
75514,0,1,1,2
75517,0,1,1,2
75538,0,1,1,2
75724,1,0,2,1
75725,1,0,2,1
75726,1,0,2,1
75727,1,0,2,1
75781,0,1,1,2
75784,0,1,1,2
75789,0,1,1,2
75795,0,1,1,2
75799,0,1,1,2
75809,0,1,1,2
75813,0,1,1,2
76018,1,0,2,1
76019,1,0,2,1
76028,0,1,1,2
76029,0,1,1,2
76072,0,1,1,2
76074,0,1,1,2
76075,0,1,1,2
76107,0,1,1,2
76108,0,1,1,2
76125,0,1,1,2
76298,1,0,2,1
76300,1,0,2,1
76316,0,1,1,2
76317,0,1,1,2
76318,0,1,1,2
76378,0,1,1,2
76381,0,1,1,2
76383,0,1,1,2
76395,0,1,1,2
76396,0,1,1,2
76416,0,1,1,2
76418,0,1,1,2
76595,1,0,2,1
76612,0,1,1,2
76673,0,1,1,2
76677,1,0,2,1
76678,1,0,2,1
76684,0,1,1,2
76687,0,1,1,2
76692,0,1,1,2
76710,0,1,1,2
76882,1,0,2,1
76891,0,1,1,2
76900,0,1,1,2
76938,0,1,1,2
76956,1,0,2,1
76973,0,1,1,2
76979,0,1,1,2
76991,0,1,1,2
76994,0,1,1,2
76998,0,1,1,2
77178,0,1,1,2
77179,0,1,1,2
77187,0,1,1,2
77237,1,0,2,1
77239,1,0,2,1
77253,1,0,2,1
77254,1,0,2,1
77277,0,1,1,2
77278,0,1,1,2
77281,0,1,1,2
77283,0,1,1,2
77285,0,1,1,2
77286,0,1,1,2
77339,1,0,2,1
77346,1,0,2,1
77455,0,1,1,2
77457,0,1,1,2
77460,0,1,1,2
77462,0,1,1,2
77466,0,1,1,2
77467,0,1,1,2
77470,0,1,1,2
77540,0,1,1,2
77543,0,1,1,2
77546,0,1,1,2
77548,0,1,1,2
77558,0,1,1,2
77560,0,1,1,2
77563,0,1,1,2
77741,0,1,1,2
77747,0,1,1,2
77802,1,0,2,1
77817,1,0,2,1
77820,1,0,2,1
77830,0,1,1,2
77844,0,1,1,2
77846,0,1,1,2
77899,1,0,2,1
77902,1,0,2,1
78025,0,1,1,2
78031,0,1,1,2
78096,1,0,2,1
78107,0,1,1,2
78109,0,1,1,2
78119,0,1,1,2
78123,0,1,1,2
78125,0,1,1,2
78309,0,1,1,2
78362,1,0,2,1
78366,1,0,2,1
78390,0,1,1,2
78400,0,1,1,2
78581,0,1,1,2
78583,0,1,1,2
78642,1,0,2,1
78646,1,0,2,1
78658,1,0,2,1
78659,1,0,2,1
78669,0,1,1,2
78677,0,1,1,2
78862,0,1,1,2
78866,0,1,1,2
78868,0,1,1,2
78918,1,0,2,1
78919,1,0,2,1
78936,1,0,2,1
78955,0,1,1,2
78956,0,1,1,2
79139,0,1,1,2
79195,1,0,2,1
79206,0,1,1,2
79220,0,1,1,2
79221,0,1,1,2
79222,0,1,1,2
79228,0,1,1,2
79236,0,1,1,2
79248,0,1,1,2
79419,0,1,1,2
79480,1,0,2,1
79488,0,1,1,2
79491,1,0,2,1
79504,0,1,1,2
79530,0,1,1,2
79697,0,1,1,2
79700,0,1,1,2
79758,1,0,2,1
79763,1,0,2,1
79766,0,1,1,2
79768,0,1,1,2
79782,0,1,1,2
79784,0,1,1,2
79785,0,1,1,2
79787,0,1,1,2
79793,0,1,1,2
79796,0,1,1,2
79797,0,1,1,2
80054,0,1,1,2
80064,0,1,1,2
80065,0,1,1,2
80069,0,1,1,2
80071,0,1,1,2
80089,0,1,1,2
80090,0,1,1,2
80091,0,1,1,2
80093,0,1,1,2
80264,0,1,1,2
80266,0,1,1,2
80335,0,1,1,2
80339,0,1,1,2
80341,0,1,1,2
80354,0,1,1,2
80357,0,1,1,2
80620,0,1,1,2
80621,0,1,1,2
80622,0,1,1,2
80623,0,1,1,2
80642,0,1,1,2
80646,1,0,2,1
80654,1,0,2,1
80666,0,1,1,2
80669,0,1,1,2
80836,0,1,1,2
80913,0,1,1,2
80914,0,1,1,2
80918,0,1,1,2
80951,0,1,1,2
81119,0,1,1,2
81194,0,1,1,2
81200,0,1,1,2
81202,0,1,1,2
81215,0,1,1,2
81239,0,1,1,2
81245,0,1,1,2
81404,0,1,1,2
81405,0,1,1,2
81478,0,1,1,2
81486,0,1,1,2
81495,0,1,1,2
81504,0,1,1,2
81506,0,1,1,2
81527,0,1,1,2
81686,0,1,1,2
81764,0,1,1,2
81774,0,1,1,2
81775,0,1,1,2
81789,0,1,1,2
81790,0,1,1,2
81792,0,1,1,2
81796,1,0,2,1
81799,1,0,2,1
82047,0,1,1,2
82052,0,1,1,2
82058,0,1,1,2
82066,0,1,1,2
82071,0,1,1,2
82072,0,1,1,2
82081,0,1,1,2
82332,0,1,1,2
82335,0,1,1,2
82341,0,1,1,2
82343,0,1,1,2
82345,0,1,1,2
82346,0,1,1,2
82348,0,1,1,2
82349,0,1,1,2
82357,0,1,1,2
82391,0,1,1,2
82637,0,1,1,2
82644,0,1,1,2
82645,0,1,1,2
82933,0,1,1,2
82934,0,1,1,2
82939,0,1,1,2
82947,0,1,1,2
82953,0,1,1,2
83154,0,1,1,2
83236,0,1,1,2
83244,0,1,1,2
83255,0,1,1,2
83263,0,1,1,2
83268,1,0,2,1
83293,0,1,1,2
83294,0,1,1,2
83295,0,1,1,2
83298,0,1,1,2
83540,0,1,1,2
83541,0,1,1,2
83542,0,1,1,2
83546,0,1,1,2
83548,0,1,1,2
83560,0,1,1,2
83602,0,1,1,2
83604,0,1,1,2
83851,0,1,1,2
83856,0,1,1,2
83857,0,1,1,2
83858,0,1,1,2
83865,0,1,1,2
83871,0,1,1,2
83905,0,1,1,2
83915,0,1,1,2
84073,1,0,2,1
84079,0,1,1,2
84090,0,1,1,2
84091,0,1,1,2
84092,0,1,1,2
84147,0,1,1,2
84150,0,1,1,2
84168,0,1,1,2
84171,0,1,1,2
84176,0,1,1,2
84202,0,1,1,2
84203,0,1,1,2
84208,0,1,1,2
84213,0,1,1,2
84369,1,0,2,1
84372,0,1,1,2
84373,0,1,1,2
84443,0,1,1,2
84451,0,1,1,2
84456,0,1,1,2
84463,0,1,1,2
84466,0,1,1,2
84467,0,1,1,2
84506,0,1,1,2
84510,0,1,1,2
84740,0,1,1,2
84744,0,1,1,2
84749,0,1,1,2
84791,0,1,1,2
84792,0,1,1,2
84801,0,1,1,2
84803,0,1,1,2
84806,0,1,1,2
84956,1,0,2,1
84963,0,1,1,2
85048,0,1,1,2
85049,0,1,1,2
85050,0,1,1,2
85070,0,1,1,2
85090,0,1,1,2
85102,0,1,1,2
85103,0,1,1,2
85250,1,0,2,1
85255,0,1,1,2
85267,0,1,1,2
85334,0,1,1,2
85345,1,0,2,1
85358,0,1,1,2
85359,0,1,1,2
85360,0,1,1,2
85361,0,1,1,2
85374,0,1,1,2
85376,0,1,1,2
85540,0,1,1,2
85541,0,1,1,2
85546,0,1,1,2
85548,0,1,1,2
85553,0,1,1,2
85555,0,1,1,2
85625,0,1,1,2
85647,0,1,1,2
85658,0,1,1,2
85659,0,1,1,2
85667,0,1,1,2
85669,0,1,1,2
85679,0,1,1,2
85822,1,0,2,1
85823,1,0,2,1
85834,0,1,1,2
85837,0,1,1,2
85840,0,1,1,2
85842,0,1,1,2
85897,0,1,1,2
85907,0,1,1,2
85908,0,1,1,2
85935,0,1,1,2
85936,0,1,1,2
85945,0,1,1,2
85950,0,1,1,2
85953,0,1,1,2
85955,0,1,1,2
85962,0,1,1,2
85964,0,1,1,2
85966,0,1,1,2
86114,0,1,1,2
86124,0,1,1,2
86186,0,1,1,2
86193,0,1,1,2
86219,0,1,1,2
86223,0,1,1,2
86231,0,1,1,2
86233,0,1,1,2
86237,0,1,1,2
86239,0,1,1,2
86242,0,1,1,2
86244,0,1,1,2
86246,0,1,1,2
86250,0,1,1,2
86398,0,1,1,2
86399,0,1,1,2
86467,0,1,1,2
86492,0,1,1,2
86495,0,1,1,2
86496,0,1,1,2
86498,0,1,1,2
86499,0,1,1,2
86528,0,1,1,2
86670,1,0,2,1
86675,0,1,1,2
86677,0,1,1,2
86685,0,1,1,2
86686,0,1,1,2
86754,0,1,1,2
86758,0,1,1,2
86777,0,1,1,2
86781,0,1,1,2
86788,0,1,1,2
86789,0,1,1,2
86797,0,1,1,2
86800,0,1,1,2
86802,0,1,1,2
86806,0,1,1,2
86807,0,1,1,2
86809,0,1,1,2
86815,0,1,1,2
86817,0,1,1,2
86818,0,1,1,2
86975,0,1,1,2
86980,0,1,1,2
87044,0,1,1,2
87046,0,1,1,2
87047,0,1,1,2
87049,0,1,1,2
87073,0,1,1,2
87084,0,1,1,2
87099,0,1,1,2
87242,1,0,2,1
87250,1,0,2,1
87262,0,1,1,2
87263,0,1,1,2
87265,1,0,2,1
87320,0,1,1,2
87323,0,1,1,2
87325,0,1,1,2
87326,0,1,1,2
87334,0,1,1,2
87367,0,1,1,2
87368,0,1,1,2
87377,1,0,2,1
87386,0,1,1,2
87534,1,0,2,1
87535,1,0,2,1
87611,0,1,1,2
87615,0,1,1,2
87619,0,1,1,2
87654,0,1,1,2
87656,0,1,1,2
87658,0,1,1,2
87659,0,1,1,2
87670,1,0,2,1
87678,0,1,1,2
87680,0,1,1,2
87709,0,1,1,2
87711,0,1,1,2
87712,0,1,1,2
87822,1,0,2,1
87832,1,0,2,1
87941,0,1,1,2
87943,0,1,1,2
87948,1,0,2,1
87968,0,1,1,2
87969,0,1,1,2
87975,0,1,1,2
87994,0,1,1,2
87995,0,1,1,2
87997,0,1,1,2
88190,0,1,1,2
88258,0,1,1,2
88265,0,1,1,2
88269,0,1,1,2
88271,0,1,1,2
88272,0,1,1,2
88274,0,1,1,2
88280,0,1,1,2
88284,0,1,1,2
88533,1,0,2,1
88555,0,1,1,2
88556,0,1,1,2
88559,0,1,1,2
88566,0,1,1,2
88573,0,1,1,2
88846,0,1,1,2
88852,0,1,1,2
88859,0,1,1,2
88862,0,1,1,2
88865,0,1,1,2
88871,0,1,1,2
89000,1,0,2,1
89001,1,0,2,1
89150,0,1,1,2
89158,0,1,1,2
89174,0,1,1,2
89178,0,1,1,2
89179,0,1,1,2
89300,1,0,2,1
89428,0,1,1,2
89440,0,1,1,2
89459,0,1,1,2
89464,0,1,1,2
89470,0,1,1,2
89473,0,1,1,2
89474,0,1,1,2
89598,1,0,2,1
89599,1,0,2,1
89605,1,0,2,1
89606,1,0,2,1
89710,0,1,1,2
89716,0,1,1,2
89718,0,1,1,2
89723,0,1,1,2
89726,0,1,1,2
89740,0,1,1,2
89746,0,1,1,2
89760,0,1,1,2
89770,0,1,1,2
89771,0,1,1,2
89779,0,1,1,2
89783,0,1,1,2
89892,1,0,2,1
89895,1,0,2,1
90019,0,1,1,2
90021,0,1,1,2
90023,0,1,1,2
90038,0,1,1,2
90041,0,1,1,2
90048,0,1,1,2
90052,0,1,1,2
90056,0,1,1,2
90064,0,1,1,2
90066,0,1,1,2
90070,0,1,1,2
90079,0,1,1,2
90199,1,0,2,1
90337,0,1,1,2
90357,0,1,1,2
90359,0,1,1,2
90361,0,1,1,2
90370,0,1,1,2
90477,1,0,2,1
90595,0,1,1,2
90596,0,1,1,2
90599,0,1,1,2
90602,0,1,1,2
90639,0,1,1,2
90642,0,1,1,2
90649,0,1,1,2
90868,0,1,1,2
90892,1,0,2,1
91029,1,0,2,1
91135,0,1,1,2
91179,0,1,1,2
91180,0,1,1,2
91294,1,0,2,1
91317,1,0,2,1
91318,1,0,2,1
91414,0,1,1,2
91415,0,1,1,2
91417,0,1,1,2
91419,0,1,1,2
91573,1,0,2,1
91579,1,0,2,1
91825,1,0,2,1
91826,1,0,2,1
91836,1,0,2,1
91838,1,0,2,1
91840,1,0,2,1
91950,0,1,1,2
91977,0,1,1,2
92105,1,0,2,1
92216,0,1,1,2
92376,0,1,1,2
92382,1,0,2,1
92515,0,1,1,2
92517,0,1,1,2
92631,1,0,2,1
92632,1,0,2,1
92633,1,0,2,1
92654,1,0,2,1
92657,1,0,2,1
92753,0,1,1,2
92916,1,0,2,1
92919,1,0,2,1
92924,1,0,2,1
93046,0,1,1,2
93050,0,1,1,2
93176,0,1,1,2
93179,1,0,2,1
93184,1,0,2,1
93187,1,0,2,1
93188,1,0,2,1
93311,0,1,1,2
93437,1,0,2,1
93440,1,0,2,1
93441,1,0,2,1
93442,1,0,2,1
93443,1,0,2,1
93448,1,0,2,1
93481,0,1,1,2
93575,0,1,1,2
93576,0,1,1,2
93690,1,0,2,1
93694,1,0,2,1
93697,1,0,2,1
93703,1,0,2,1
93835,0,1,1,2
93836,0,1,1,2
93949,1,0,2,1
93958,1,0,2,1
94001,0,1,1,2
94003,0,1,1,2
94044,1,0,2,1
94092,0,1,1,2
94094,0,1,1,2
94095,0,1,1,2
94221,1,0,2,1
94225,1,0,2,1
94228,1,0,2,1
94313,1,0,2,1
94314,1,0,2,1
94361,0,1,1,2
94363,0,1,1,2
94365,0,1,1,2
94487,1,0,2,1
94489,1,0,2,1
94493,1,0,2,1
94497,1,0,2,1
94539,0,1,1,2
94578,1,0,2,1
94629,0,1,1,2
94753,1,0,2,1
94758,1,0,2,1
94759,1,0,2,1
94761,1,0,2,1
94773,0,1,1,2
94845,1,0,2,1
94846,1,0,2,1
94889,0,1,1,2
95022,1,0,2,1
95025,1,0,2,1
95035,0,1,1,2
95036,0,1,1,2
95066,0,1,1,2
95068,0,1,1,2
95070,0,1,1,2
95155,0,1,1,2
95156,0,1,1,2
95290,1,0,2,1
95306,0,1,1,2
95337,0,1,1,2
95338,0,1,1,2
95424,0,1,1,2
95428,0,1,1,2
95559,1,0,2,1
95562,1,0,2,1
95563,1,0,2,1
95566,1,0,2,1
95577,0,1,1,2
95578,0,1,1,2
95579,0,1,1,2
95605,0,1,1,2
95606,0,1,1,2
95691,0,1,1,2
95831,1,0,2,1
95834,1,0,2,1
95840,0,1,1,2
95841,0,1,1,2
95855,1,0,2,1
95873,0,1,1,2
95876,0,1,1,2
95877,0,1,1,2
95957,0,1,1,2
96092,1,0,2,1
96094,1,0,2,1
96096,1,0,2,1
96101,1,0,2,1
96112,1,0,2,1
96138,0,1,1,2
96141,0,1,1,2
96402,0,1,1,2
96407,0,1,1,2
96410,0,1,1,2
96411,0,1,1,2
96476,0,1,1,2
96642,1,0,2,1
96643,1,0,2,1
96644,1,0,2,1
96646,1,0,2,1
96647,1,0,2,1
96648,1,0,2,1
96678,0,1,1,2
96679,0,1,1,2
96680,0,1,1,2
96752,0,1,1,2
96923,1,0,2,1
96924,1,0,2,1
96938,1,0,2,1
96958,0,1,1,2
96962,0,1,1,2
96967,0,1,1,2
97221,1,0,2,1
97232,1,0,2,1
97313,0,1,1,2
97495,1,0,2,1
97502,1,0,2,1
97507,0,1,1,2
97509,0,1,1,2
97595,0,1,1,2
97771,1,0,2,1
97775,1,0,2,1
97782,1,0,2,1
97786,0,1,1,2
97788,0,1,1,2
97802,0,1,1,2
97803,0,1,1,2
97804,0,1,1,2
97807,1,0,2,1
97815,1,0,2,1
98057,1,0,2,1
98060,1,0,2,1
98075,0,1,1,2
98080,0,1,1,2
98096,1,0,2,1
98152,0,1,1,2
98153,0,1,1,2
98156,0,1,1,2
98158,0,1,1,2
98323,1,0,2,1
98324,1,0,2,1
98328,1,0,2,1
98369,1,0,2,1
98370,1,0,2,1
98428,0,1,1,2
98430,0,1,1,2
98604,1,0,2,1
98640,0,1,1,2
98648,1,0,2,1
98649,1,0,2,1
98650,1,0,2,1
98706,0,1,1,2
98708,0,1,1,2
98879,1,0,2,1
98886,1,0,2,1
98887,1,0,2,1
98889,1,0,2,1
98907,0,1,1,2
98922,0,1,1,2
99155,1,0,2,1
99164,1,0,2,1
99179,0,1,1,2
99195,0,1,1,2
99196,0,1,1,2
99199,0,1,1,2
99258,1,0,2,1
99294,4,1,5,2
99295,4,1,5,2
99426,1,0,2,1
99434,1,0,2,1
99454,0,1,1,2
99464,1,0,2,1
99465,0,1,1,2
99478,0,1,1,2
99536,0,1,1,2
99540,0,1,1,2
99542,0,1,1,2
99569,4,1,5,2
99701,1,0,2,1
99724,0,1,1,2
99753,0,1,1,2
99814,1,0,2,1
99819,0,1,1,2
99820,0,1,1,2
99823,0,1,1,2
99974,1,0,2,1
99975,1,0,2,1
100024,0,1,1,2
100038,0,1,1,2
100100,0,1,1,2
100261,1,0,2,1
100263,1,0,2,1
100264,1,0,2,1
100320,0,1,1,2
100321,0,1,1,2
100391,0,1,1,2
100392,0,1,1,2
100420,4,1,5,2
100552,1,0,2,1
100578,0,1,1,2
100600,0,1,1,2
100607,0,1,1,2
100675,0,1,1,2
100677,0,1,1,2
100834,1,0,2,1
100865,0,1,1,2
100883,0,1,1,2
100993,4,1,5,2
101147,1,0,2,1
101166,0,1,1,2
101167,0,1,1,2
101168,0,1,1,2
101172,0,1,1,2
101176,0,1,1,2
101180,0,1,1,2
101250,1,0,2,1
101259,1,0,2,1
101428,1,0,2,1
101462,0,1,1,2
101463,0,1,1,2
101464,0,1,1,2
101466,0,1,1,2
101560,4,1,5,2
101563,4,1,5,2
101730,0,1,1,2
101747,0,1,1,2
101823,1,0,2,1
102022,0,1,1,2
102133,4,1,5,2
102291,1,0,2,1
102296,0,1,1,2
102313,0,1,1,2
102416,4,1,5,2
102417,4,1,5,2
102578,0,1,1,2
102588,0,1,1,2
102595,0,1,1,2
102711,4,1,5,2
102885,0,1,1,2
102892,0,1,1,2
102994,4,1,5,2
103148,0,1,1,2
103153,1,0,2,1
103159,0,1,1,2
103180,0,1,1,2
103317,4,1,5,2
103443,1,0,2,1
103465,0,1,1,2
103466,0,1,1,2
103469,0,1,1,2
103472,0,1,1,2
103474,0,1,1,2
103475,0,1,1,2
103579,4,1,5,2
103612,4,1,5,2
103731,1,0,2,1
103750,0,1,1,2
103752,0,1,1,2
103753,0,1,1,2
103756,0,1,1,2
103761,0,1,1,2
103765,0,1,1,2
103869,4,1,5,2
103906,4,1,5,2
104046,0,1,1,2
104047,0,1,1,2
104065,0,1,1,2
104067,0,1,1,2
104344,0,1,1,2
104353,0,1,1,2
104355,0,1,1,2
104505,4,1,5,2
104506,4,1,5,2
104642,0,1,1,2
104651,0,1,1,2
104661,0,1,1,2
104668,0,1,1,2
104813,4,1,5,2
104961,0,1,1,2
104974,0,1,1,2
105271,1,0,2,1
105294,0,1,1,2
105593,1,0,2,1
105725,0,1,1,2
105918,1,0,2,1
105943,0,1,1,2
105949,0,1,1,2
105950,0,1,1,2
106053,0,1,1,2
106253,0,1,1,2
106381,0,1,1,2
106580,0,1,1,2
106582,0,1,1,2
106594,0,1,1,2
106595,0,1,1,2
106596,0,1,1,2
106599,0,1,1,2
106905,1,0,2,1
106909,0,1,1,2
106910,0,1,1,2
106925,0,1,1,2
106939,0,1,1,2
107035,0,1,1,2
107038,0,1,1,2
107040,0,1,1,2
107042,0,1,1,2
107258,0,1,1,2
107366,0,1,1,2
107369,0,1,1,2
107571,1,0,2,1
107606,0,1,1,2
107608,0,1,1,2
107698,0,1,1,2
107702,0,1,1,2
107703,0,1,1,2
107811,4,1,5,2
107812,4,1,5,2
107921,1,0,2,1
108036,0,1,1,2
108040,0,1,1,2
108041,0,1,1,2
108046,0,1,1,2
108152,4,1,5,2
108252,1,0,2,1
108254,1,0,2,1
108270,1,0,2,1
108282,0,1,1,2
108286,0,1,1,2
108373,0,1,1,2
108380,0,1,1,2
108590,1,0,2,1
108605,1,0,2,1
108606,1,0,2,1
108673,1,0,2,1
108674,1,0,2,1
108826,4,1,5,2
108934,1,0,2,1
108939,1,0,2,1
109168,4,1,5,2
109170,4,1,5,2
109172,4,1,5,2
109271,1,0,2,1
109272,1,0,2,1
109274,1,0,2,1
109355,1,0,2,1
109356,1,0,2,1
109398,0,1,1,2
109513,4,1,5,2
109619,1,0,2,1
109621,1,0,2,1
109740,0,1,1,2
109849,4,1,5,2
109954,1,0,2,1
109961,1,0,2,1
109965,1,0,2,1
110035,1,0,2,1
110299,1,0,2,1
110333,0,1,1,2
110334,0,1,1,2
110425,0,1,1,2
110679,0,1,1,2
110997,1,0,2,1
111000,1,0,2,1
111022,0,1,1,2
111023,0,1,1,2
111226,4,1,5,2
111344,1,0,2,1
111363,0,1,1,2
111364,0,1,1,2
111369,0,1,1,2
111370,0,1,1,2
111577,4,1,5,2
111640,0,1,1,2
111716,0,1,1,2
111994,0,1,1,2
112068,0,1,1,2
112069,0,1,1,2
112072,0,1,1,2
112074,0,1,1,2
112347,0,1,1,2
112395,1,0,2,1
112406,1,0,2,1
112517,1,0,2,1
112518,1,0,2,1
112522,0,1,1,2
112745,1,0,2,1
112747,1,0,2,1
112748,1,0,2,1
112859,0,1,1,2
112970,4,1,5,2
112972,4,1,5,2
113031,0,1,1,2
113032,0,1,1,2
113096,0,1,1,2
113097,0,1,1,2
113371,0,1,1,2
113424,1,0,2,1
113428,1,0,2,1
113435,0,1,1,2
113535,0,1,1,2
113644,4,1,5,2
113645,4,1,5,2
113648,4,1,5,2
113876,0,1,1,2
113985,4,1,5,2
114049,0,1,1,2
114100,1,0,2,1
114102,1,0,2,1
114105,1,0,2,1
114107,1,0,2,1
114110,0,1,1,2
114113,0,1,1,2
114210,0,1,1,2
114213,0,1,1,2
114384,0,1,1,2
114442,1,0,2,1
114658,4,1,5,2
114719,0,1,1,2
114722,0,1,1,2
114778,1,0,2,1
114881,0,1,1,2
115054,0,1,1,2
115116,0,1,1,2
115397,0,1,1,2
115548,0,1,1,2
115704,0,1,1,2
115732,0,1,1,2
115734,0,1,1,2
116042,0,1,1,2
116064,0,1,1,2
116065,0,1,1,2
116069,0,1,1,2
116132,1,0,2,1
116226,0,1,1,2
116227,0,1,1,2
116229,0,1,1,2
116277,0,1,1,2
116380,0,1,1,2
116381,0,1,1,2
116385,0,1,1,2
116387,0,1,1,2
116394,0,1,1,2
116395,0,1,1,2
116399,0,1,1,2
116402,0,1,1,2
116403,0,1,1,2
116405,0,1,1,2
116444,0,1,1,2
116504,0,1,1,2
116653,0,1,1,2
116654,0,1,1,2
116656,0,1,1,2
116755,0,1,1,2
116756,0,1,1,2
116761,0,1,1,2
116763,0,1,1,2
116781,0,1,1,2
116788,0,1,1,2
116819,0,1,1,2
116856,1,0,2,1
116877,1,0,2,1
117030,0,1,1,2
117032,0,1,1,2
117134,0,1,1,2
117152,0,1,1,2
117159,0,1,1,2
117195,0,1,1,2
117198,0,1,1,2
117231,1,0,2,1
117241,1,0,2,1
117242,1,0,2,1
117354,0,1,1,2
117402,0,1,1,2
117403,0,1,1,2
117405,0,1,1,2
117502,0,1,1,2
117510,0,1,1,2
117529,0,1,1,2
117571,0,1,1,2
117608,1,0,2,1
117612,1,0,2,1
117613,1,0,2,1
117618,1,0,2,1
117780,0,1,1,2
117782,0,1,1,2
117874,0,1,1,2
117907,0,1,1,2
117908,0,1,1,2
117974,1,0,2,1
117977,1,0,2,1
117979,1,0,2,1
117981,1,0,2,1
117985,1,0,2,1
117990,1,0,2,1
117991,1,0,2,1
117994,1,0,2,1
118091,0,1,1,2
118094,0,1,1,2
118098,0,1,1,2
118150,0,1,1,2
118151,0,1,1,2
118154,0,1,1,2
118156,0,1,1,2
118267,0,1,1,2
118360,1,0,2,1
118365,1,0,2,1
118366,1,0,2,1
118367,1,0,2,1
118375,0,1,1,2
118458,0,1,1,2
118459,0,1,1,2
118466,0,1,1,2
118471,0,1,1,2
118521,0,1,1,2
118523,0,1,1,2
118526,0,1,1,2
118644,0,1,1,2
118653,0,1,1,2
118659,0,1,1,2
118718,1,0,2,1
118720,1,0,2,1
118721,1,0,2,1
118722,1,0,2,1
118728,1,0,2,1
118733,1,0,2,1
118745,0,1,1,2
118827,0,1,1,2
118830,0,1,1,2
118832,0,1,1,2
118834,0,1,1,2
118884,0,1,1,2
118890,0,1,1,2
119005,0,1,1,2
119010,0,1,1,2
119015,0,1,1,2
119016,0,1,1,2
119018,0,1,1,2
119020,0,1,1,2
119107,0,1,1,2
119109,0,1,1,2
119110,0,1,1,2
119112,0,1,1,2
119195,0,1,1,2
119196,0,1,1,2
119199,0,1,1,2
119201,0,1,1,2
119365,0,1,1,2
119372,0,1,1,2
119374,0,1,1,2
119382,0,1,1,2
119383,0,1,1,2
119447,1,0,2,1
119452,1,0,2,1
119462,0,1,1,2
119463,0,1,1,2
119468,0,1,1,2
119471,0,1,1,2
119553,0,1,1,2
119567,0,1,1,2
119568,0,1,1,2
119570,0,1,1,2
119582,0,1,1,2
119722,0,1,1,2
119725,0,1,1,2
119760,0,1,1,2
119812,0,1,1,2
119819,0,1,1,2
119904,0,1,1,2
119906,0,1,1,2
119907,0,1,1,2
119909,0,1,1,2
119916,0,1,1,2
119917,0,1,1,2
119919,0,1,1,2
119921,0,1,1,2
119935,0,1,1,2
120067,0,1,1,2
120069,0,1,1,2
120073,0,1,1,2
120074,0,1,1,2
120075,0,1,1,2
120082,0,1,1,2
120083,0,1,1,2
120085,0,1,1,2
120089,0,1,1,2
120263,0,1,1,2
120297,0,1,1,2
120314,0,1,1,2
120315,0,1,1,2
120317,0,1,1,2
120360,0,1,1,2
120400,1,0,2,1
120423,0,1,1,2
120425,0,1,1,2
120429,0,1,1,2
120434,0,1,1,2
120436,0,1,1,2
120440,0,1,1,2
120448,0,1,1,2
120471,0,1,1,2
120518,1,0,2,1
120613,0,1,1,2
120645,0,1,1,2
120646,0,1,1,2
120647,0,1,1,2
120668,0,1,1,2
120751,1,0,2,1
120773,0,1,1,2
120776,0,1,1,2
120778,0,1,1,2
120780,0,1,1,2
120789,0,1,1,2
120794,0,1,1,2
120798,0,1,1,2
120885,0,1,1,2
120886,0,1,1,2
120890,0,1,1,2
120892,0,1,1,2
120966,0,1,1,2
120986,0,1,1,2
120994,0,1,1,2
120995,0,1,1,2
121005,0,1,1,2
121006,0,1,1,2
121010,0,1,1,2
121012,0,1,1,2
121015,0,1,1,2
121017,0,1,1,2
121020,0,1,1,2
121131,0,1,1,2
121139,0,1,1,2
121201,0,1,1,2
121227,1,0,2,1
121231,1,0,2,1
121239,0,1,1,2
121240,0,1,1,2
121241,0,1,1,2
121244,0,1,1,2
121247,0,1,1,2
121248,0,1,1,2
121249,0,1,1,2
121341,0,1,1,2
121360,0,1,1,2
121365,0,1,1,2
121366,0,1,1,2
121369,0,1,1,2
121372,0,1,1,2
121374,0,1,1,2
121418,0,1,1,2
121490,0,1,1,2
121494,0,1,1,2
121498,0,1,1,2
121506,0,1,1,2
121555,0,1,1,2
121577,1,0,2,1
121590,0,1,1,2
121678,0,1,1,2
121706,0,1,1,2
121710,0,1,1,2
121715,0,1,1,2
121721,0,1,1,2
121726,0,1,1,2
121727,0,1,1,2
121730,0,1,1,2
121774,0,1,1,2
121843,0,1,1,2
121846,0,1,1,2
121852,0,1,1,2
121859,0,1,1,2
121861,0,1,1,2
121914,0,1,1,2
121915,0,1,1,2
121943,1,0,2,1
122033,0,1,1,2
122037,0,1,1,2
122058,0,1,1,2
122063,0,1,1,2
122080,0,1,1,2
122082,0,1,1,2
122083,0,1,1,2
122084,0,1,1,2
122086,0,1,1,2
122092,0,1,1,2
122136,0,1,1,2
122152,0,1,1,2
122155,0,1,1,2
122200,0,1,1,2
122210,0,1,1,2
122213,0,1,1,2
122220,0,1,1,2
122227,0,1,1,2
122296,1,0,2,1
122297,1,0,2,1
122301,1,0,2,1
122302,1,0,2,1
122397,0,1,1,2
122398,0,1,1,2
122419,0,1,1,2
122424,0,1,1,2
122425,0,1,1,2
122435,0,1,1,2
122436,0,1,1,2
122440,0,1,1,2
122502,0,1,1,2
122503,0,1,1,2
122517,0,1,1,2
122564,0,1,1,2
122576,0,1,1,2
122577,0,1,1,2
122587,0,1,1,2
122589,0,1,1,2
122661,1,0,2,1
122665,1,0,2,1
122679,1,0,2,1
122690,1,0,2,1
122785,0,1,1,2
122786,0,1,1,2
122797,0,1,1,2
122799,0,1,1,2
122807,0,1,1,2
122924,0,1,1,2
122926,0,1,1,2
122931,0,1,1,2
122933,0,1,1,2
123000,0,1,1,2
123016,1,0,2,1
123140,0,1,1,2
123143,0,1,1,2
123153,0,1,1,2
123158,0,1,1,2
123220,0,1,1,2
123224,0,1,1,2
123239,0,1,1,2
123240,0,1,1,2
123241,0,1,1,2
123243,0,1,1,2
123287,0,1,1,2
123289,0,1,1,2
123291,0,1,1,2
123294,0,1,1,2
123298,0,1,1,2
123365,0,1,1,2
123382,1,0,2,1
123383,1,0,2,1
123386,1,0,2,1
123475,0,1,1,2
123477,0,1,1,2
123478,0,1,1,2
123505,0,1,1,2
123508,0,1,1,2
123515,0,1,1,2
123521,0,1,1,2
123525,0,1,1,2
123588,0,1,1,2
123593,0,1,1,2
123607,0,1,1,2
123609,0,1,1,2
123654,0,1,1,2
123655,0,1,1,2
123661,0,1,1,2
123728,0,1,1,2
123732,0,1,1,2
123745,1,0,2,1
123748,1,0,2,1
123755,1,0,2,1
123873,0,1,1,2
123874,0,1,1,2
123952,0,1,1,2
123973,0,1,1,2
123975,0,1,1,2
124016,0,1,1,2
124025,0,1,1,2
124093,0,1,1,2
124110,1,0,2,1
124145,1,0,2,1
124202,0,1,1,2
124246,0,1,1,2
124248,0,1,1,2
124252,0,1,1,2
124253,0,1,1,2
124320,0,1,1,2
124340,0,1,1,2
124379,0,1,1,2
124382,0,1,1,2
124388,0,1,1,2
124390,0,1,1,2
124391,0,1,1,2
124393,0,1,1,2
124455,0,1,1,2
124456,0,1,1,2
124459,0,1,1,2
124479,1,0,2,1
124612,0,1,1,2
124614,0,1,1,2
124616,0,1,1,2
124683,0,1,1,2
124700,0,1,1,2
124747,0,1,1,2
124755,0,1,1,2
124758,0,1,1,2
124819,0,1,1,2
124820,0,1,1,2
124825,0,1,1,2
124841,1,0,2,1
124858,0,1,1,2
124882,1,0,2,1
124981,0,1,1,2
125063,0,1,1,2
125114,0,1,1,2
125123,0,1,1,2
125187,0,1,1,2
125188,0,1,1,2
125251,1,0,2,1
125341,0,1,1,2
125342,0,1,1,2
125344,0,1,1,2
125348,0,1,1,2
125432,0,1,1,2
125435,0,1,1,2
125480,0,1,1,2
125554,0,1,1,2
125557,0,1,1,2
125608,1,0,2,1
125616,1,0,2,1
125721,0,1,1,2
125782,0,1,1,2
125795,0,1,1,2
125799,0,1,1,2
125808,0,1,1,2
125823,0,1,1,2
125827,0,1,1,2
125850,0,1,1,2
125851,0,1,1,2
125920,0,1,1,2
125962,0,1,1,2
125966,0,1,1,2
126071,0,1,1,2
126074,0,1,1,2
126083,0,1,1,2
126167,0,1,1,2
126191,0,1,1,2
126212,0,1,1,2
126223,0,1,1,2
126281,0,1,1,2
126283,0,1,1,2
126286,0,1,1,2
126288,0,1,1,2
126436,1,0,2,1
126445,0,1,1,2
126468,0,1,1,2
126469,0,1,1,2
126513,0,1,1,2
126521,0,1,1,2
126522,0,1,1,2
126523,0,1,1,2
126525,0,1,1,2
126526,0,1,1,2
126530,0,1,1,2
126534,0,1,1,2
126554,0,1,1,2
126574,0,1,1,2
126575,0,1,1,2
126587,0,1,1,2
126588,0,1,1,2
126590,0,1,1,2
126652,0,1,1,2
126678,0,1,1,2
126685,0,1,1,2
126751,1,0,2,1
126798,1,0,2,1
126801,0,1,1,2
126806,0,1,1,2
126822,0,1,1,2
126874,0,1,1,2
126883,0,1,1,2
126894,0,1,1,2
126895,0,1,1,2
126914,0,1,1,2
126915,0,1,1,2
126936,0,1,1,2
126949,0,1,1,2
126953,0,1,1,2
127012,0,1,1,2
127015,0,1,1,2
127044,0,1,1,2
127062,0,1,1,2
127153,1,0,2,1
127188,0,1,1,2
127245,0,1,1,2
127246,0,1,1,2
127248,0,1,1,2
127258,0,1,1,2
127280,0,1,1,2
127303,0,1,1,2
127376,0,1,1,2
127403,0,1,1,2
127414,0,1,1,2
127426,0,1,1,2
127518,1,0,2,1
127551,0,1,1,2
127557,0,1,1,2
127561,0,1,1,2
127613,0,1,1,2
127623,0,1,1,2
127646,0,1,1,2
127669,0,1,1,2
127671,0,1,1,2
127681,0,1,1,2
127746,0,1,1,2
127747,0,1,1,2
127792,0,1,1,2
127793,0,1,1,2
127832,1,0,2,1
127844,1,0,2,1
127884,1,0,2,1
127894,1,0,2,1
127926,0,1,1,2
127981,0,1,1,2
127985,0,1,1,2
127986,0,1,1,2
127989,0,1,1,2
127990,0,1,1,2
128017,0,1,1,2
128018,0,1,1,2
128031,0,1,1,2
128033,0,1,1,2
128127,1,0,2,1
128128,1,0,2,1
128134,0,1,1,2
128154,0,1,1,2
128160,0,1,1,2
128253,1,0,2,1
128285,0,1,1,2
128294,0,1,1,2
128350,0,1,1,2
128351,0,1,1,2
128352,0,1,1,2
128356,0,1,1,2
128357,0,1,1,2
128383,0,1,1,2
128405,0,1,1,2
128479,0,1,1,2
128482,0,1,1,2
128499,0,1,1,2
128527,0,1,1,2
128575,1,0,2,1
128579,1,0,2,1
128627,1,0,2,1
128660,0,1,1,2
128663,0,1,1,2
128668,0,1,1,2
128669,0,1,1,2
128724,0,1,1,2
128727,0,1,1,2
128728,0,1,1,2
128729,0,1,1,2
128755,0,1,1,2
128757,0,1,1,2
128775,0,1,1,2
128779,0,1,1,2
128891,0,1,1,2
128894,0,1,1,2
128898,0,1,1,2
128899,0,1,1,2
129030,0,1,1,2
129099,0,1,1,2
129131,0,1,1,2
129145,0,1,1,2
129152,0,1,1,2
129226,0,1,1,2
129369,1,0,2,1
129370,1,0,2,1
129376,1,0,2,1
129379,1,0,2,1
129410,0,1,1,2
129468,0,1,1,2
129472,0,1,1,2
129499,0,1,1,2
129500,0,1,1,2
129520,0,1,1,2
129593,0,1,1,2
129605,1,0,2,1
129607,1,0,2,1
129627,0,1,1,2
129637,0,1,1,2
129835,0,1,1,2
129840,0,1,1,2
129868,0,1,1,2
129871,0,1,1,2
129872,0,1,1,2
129884,0,1,1,2
129892,0,1,1,2
129963,0,1,1,2
129997,0,1,1,2
129999,0,1,1,2
130000,0,1,1,2
130001,0,1,1,2
130106,1,0,2,1
130202,0,1,1,2
130206,0,1,1,2
130233,0,1,1,2
130234,0,1,1,2
130235,0,1,1,2
130237,0,1,1,2
130247,0,1,1,2
130253,0,1,1,2
130255,0,1,1,2
130359,0,1,1,2
130366,0,1,1,2
130368,0,1,1,2
130569,0,1,1,2
130614,0,1,1,2
130617,0,1,1,2
130731,0,1,1,2
130732,0,1,1,2
130745,1,0,2,1
130749,1,0,2,1
130962,0,1,1,2
130964,0,1,1,2
130977,0,1,1,2
130982,0,1,1,2
130984,0,1,1,2
131104,1,0,2,1
131197,1,0,2,1
131234,0,1,1,2
131467,1,0,2,1
131558,1,0,2,1
131816,0,1,1,2
131819,0,1,1,2
131820,0,1,1,2
131823,0,1,1,2
131922,1,0,2,1
131954,0,1,1,2
131957,0,1,1,2
132062,0,1,1,2
132063,0,1,1,2
132069,0,1,1,2
132174,0,1,1,2
132182,0,1,1,2
132301,1,0,2,1
132323,0,1,1,2
132416,0,1,1,2
132418,0,1,1,2
132425,0,1,1,2
132431,0,1,1,2
132434,0,1,1,2
132436,0,1,1,2
132550,0,1,1,2
132557,0,1,1,2
132650,1,0,2,1
132651,1,0,2,1
132666,1,0,2,1
132680,0,1,1,2
132683,0,1,1,2
132684,0,1,1,2
132776,0,1,1,2
132899,0,1,1,2
132912,0,1,1,2
132919,0,1,1,2
132922,0,1,1,2
133048,0,1,1,2
133053,0,1,1,2
133142,0,1,1,2
133157,0,1,1,2
133272,0,1,1,2
133283,0,1,1,2
133408,0,1,1,2
133505,0,1,1,2
133506,0,1,1,2
133517,0,1,1,2
133777,0,1,1,2
133778,0,1,1,2
133884,0,1,1,2
133885,0,1,1,2
133886,0,1,1,2
134001,0,1,1,2
134133,0,1,1,2
134241,0,1,1,2
134244,0,1,1,2
134249,0,1,1,2
134404,4,1,5,2
134464,1,0,2,1
134470,1,0,2,1
134488,0,1,1,2
134491,0,1,1,2
134494,0,1,1,2
134603,0,1,1,2
134716,0,1,1,2
134758,4,1,5,2
134837,1,0,2,1
134838,1,0,2,1
134847,0,1,1,2
134947,0,1,1,2
135074,1,0,2,1
135112,4,1,5,2
135117,4,1,5,2
135118,4,1,5,2
135119,4,1,5,2
135174,1,0,2,1
135192,1,0,2,1
135298,0,1,1,2
135302,0,1,1,2
135424,1,0,2,1
135470,4,1,5,2
135550,0,1,1,2
135647,0,1,1,2
135649,0,1,1,2
135651,0,1,1,2
135652,0,1,1,2
135771,1,0,2,1
135810,4,1,5,2
135817,4,1,5,2
135891,1,0,2,1
135893,1,0,2,1
135897,0,1,1,2
135911,0,1,1,2
135994,0,1,1,2
135996,0,1,1,2
135997,0,1,1,2
136117,0,1,1,2
136157,4,1,5,2
136159,4,1,5,2
136160,4,1,5,2
136240,0,1,1,2
136242,0,1,1,2
136346,0,1,1,2
136465,0,1,1,2
136466,0,1,1,2
136469,0,1,1,2
136506,4,1,5,2
136508,4,1,5,2
136514,4,1,5,2
136574,1,0,2,1
136586,1,0,2,1
136593,0,1,1,2
136596,0,1,1,2
136698,0,1,1,2
136703,0,1,1,2
136822,0,1,1,2
136862,4,1,5,2
136863,4,1,5,2
136865,4,1,5,2
136867,4,1,5,2
136869,4,1,5,2
136870,4,1,5,2
136942,1,0,2,1
136944,1,0,2,1
136953,0,1,1,2
137058,0,1,1,2
137059,0,1,1,2
137183,0,1,1,2
137226,4,1,5,2
137228,4,1,5,2
137229,4,1,5,2
137288,1,0,2,1
137302,1,0,2,1
137320,0,1,1,2
137414,0,1,1,2
137419,0,1,1,2
137578,4,1,5,2
137582,4,1,5,2
137586,4,1,5,2
137657,1,0,2,1
137660,0,1,1,2
137673,0,1,1,2
137681,0,1,1,2
137772,0,1,1,2
137775,0,1,1,2
137776,0,1,1,2
137939,4,1,5,2
137940,4,1,5,2
137944,4,1,5,2
137994,1,0,2,1
138010,1,0,2,1
138012,1,0,2,1
138015,1,0,2,1
138035,0,1,1,2
138039,0,1,1,2
138040,0,1,1,2
138135,0,1,1,2
138251,0,1,1,2
138252,0,1,1,2
138253,0,1,1,2
138304,4,1,5,2
138362,1,0,2,1
138363,1,0,2,1
138373,1,0,2,1
138381,0,1,1,2
138383,0,1,1,2
138394,0,1,1,2
138397,0,1,1,2
138490,0,1,1,2
138491,0,1,1,2
138495,0,1,1,2
138612,0,1,1,2
138660,4,1,5,2
138663,0,1,1,2
138664,0,1,1,2
138716,1,0,2,1
138718,1,0,2,1
138728,1,0,2,1
138758,0,1,1,2
138849,0,1,1,2
138852,0,1,1,2
138970,0,1,1,2
138977,1,0,2,1
139019,0,1,1,2
139021,4,1,5,2
139023,4,1,5,2
139075,1,0,2,1
139077,1,0,2,1
139080,1,0,2,1
139093,1,0,2,1
139111,0,1,1,2
139116,0,1,1,2
139212,0,1,1,2
139333,1,0,2,1
139372,4,1,5,2
139374,4,1,5,2
139376,4,1,5,2
139380,4,1,5,2
139383,4,1,5,2
139447,1,0,2,1
139470,0,1,1,2
139559,0,1,1,2
139560,0,1,1,2
139563,0,1,1,2
139686,1,0,2,1
139687,1,0,2,1
139704,1,0,2,1
139710,1,0,2,1
139726,4,1,5,2
139735,4,1,5,2
139738,4,1,5,2
139787,1,0,2,1
139800,1,0,2,1
139822,0,1,1,2
139913,0,1,1,2
139915,0,1,1,2
140033,1,0,2,1
140035,1,0,2,1
140054,1,0,2,1
140058,1,0,2,1
140073,4,1,5,2
140076,4,1,5,2
140077,4,1,5,2
140079,4,1,5,2
140080,0,1,1,2
140086,4,1,5,2
140139,1,0,2,1
140150,1,0,2,1
140151,1,0,2,1
140171,0,1,1,2
140173,0,1,1,2
140250,0,1,1,2
140252,0,1,1,2
140259,0,1,1,2
140374,1,0,2,1
140381,1,0,2,1
140385,1,0,2,1
140395,1,0,2,1
140397,1,0,2,1
140421,4,1,5,2
140423,0,1,1,2
140425,4,1,5,2
140430,4,1,5,2
140479,1,0,2,1
140483,1,0,2,1
140514,0,1,1,2
140599,0,1,1,2
140601,0,1,1,2
140717,1,0,2,1
140719,1,0,2,1
140720,1,0,2,1
140721,1,0,2,1
140727,1,0,2,1
140757,4,1,5,2
140760,4,1,5,2
140762,4,1,5,2
140767,4,1,5,2
140773,4,1,5,2
140786,0,1,1,2
140821,1,0,2,1
140823,1,0,2,1
140828,1,0,2,1
141071,1,0,2,1
141104,4,1,5,2
141105,4,1,5,2
141111,0,1,1,2
141117,4,1,5,2
141124,0,1,1,2
141132,0,1,1,2
141166,1,0,2,1
141167,1,0,2,1
141172,1,0,2,1
141216,1,0,2,1
141290,0,1,1,2
141291,0,1,1,2
141410,1,0,2,1
141418,1,0,2,1
141429,1,0,2,1
141431,1,0,2,1
141432,1,0,2,1
141435,1,0,2,1
141451,4,1,5,2
141453,4,1,5,2
141482,0,1,1,2
141515,1,0,2,1
141518,1,0,2,1
141525,1,0,2,1
141538,0,1,1,2
141566,1,0,2,1
141760,1,0,2,1
141767,1,0,2,1
141777,1,0,2,1
141782,1,0,2,1
141791,1,0,2,1
141804,4,1,5,2
141807,0,1,1,2
141811,0,1,1,2
141814,0,1,1,2
141815,0,1,1,2
141816,0,1,1,2
141822,0,1,1,2
141829,0,1,1,2
141830,0,1,1,2
141872,1,0,2,1
141878,1,0,2,1
141880,1,0,2,1
141890,1,0,2,1
141981,0,1,1,2
141996,0,1,1,2
142058,1,0,2,1
142060,1,0,2,1
142119,1,0,2,1
142127,1,0,2,1
142157,4,1,5,2
142167,0,1,1,2
142171,0,1,1,2
142173,0,1,1,2
142177,0,1,1,2
142179,0,1,1,2
142187,0,1,1,2
142188,0,1,1,2
142189,0,1,1,2
142191,0,1,1,2
142217,1,0,2,1
142222,1,0,2,1
142227,1,0,2,1
142228,1,0,2,1
142235,0,1,1,2
142266,1,0,2,1
142406,1,0,2,1
142458,1,0,2,1
142464,1,0,2,1
142465,1,0,2,1
142474,1,0,2,1
142475,1,0,2,1
142481,1,0,2,1
142508,0,1,1,2
142518,0,1,1,2
142521,0,1,1,2
142523,0,1,1,2
142564,1,0,2,1
142576,1,0,2,1
142584,0,1,1,2
142754,1,0,2,1
142812,1,0,2,1
142815,1,0,2,1
142852,4,1,5,2
142858,0,1,1,2
142869,0,1,1,2
142870,0,1,1,2
142872,0,1,1,2
142873,0,1,1,2
142891,0,1,1,2
142913,1,0,2,1
142935,1,0,2,1
143043,0,1,1,2
143142,0,1,1,2
143147,0,1,1,2
143173,1,0,2,1
143174,1,0,2,1
143179,1,0,2,1
143204,4,1,5,2
143206,0,1,1,2
143212,0,1,1,2
143216,0,1,1,2
143217,0,1,1,2
143219,0,1,1,2
143221,0,1,1,2
143223,0,1,1,2
143227,0,1,1,2
143234,0,1,1,2
143237,0,1,1,2
143260,1,0,2,1
143262,1,0,2,1
143264,1,0,2,1
143270,1,0,2,1
143272,1,0,2,1
143394,0,1,1,2
143395,0,1,1,2
143500,0,1,1,2
143524,1,0,2,1
143553,4,1,5,2
143567,0,1,1,2
143569,0,1,1,2
143570,0,1,1,2
143574,0,1,1,2
143582,0,1,1,2
143629,0,1,1,2
143852,0,1,1,2
143906,4,1,5,2
143907,4,1,5,2
143912,0,1,1,2
143913,0,1,1,2
143916,0,1,1,2
143921,0,1,1,2
143923,0,1,1,2
143935,0,1,1,2
143936,0,1,1,2
143940,0,1,1,2
143942,0,1,1,2
143968,1,0,2,1
143969,1,0,2,1
143971,1,0,2,1
144097,0,1,1,2
144098,0,1,1,2
144232,1,0,2,1
144235,1,0,2,1
144256,0,1,1,2
144258,4,1,5,2
144266,0,1,1,2
144268,0,1,1,2
144271,0,1,1,2
144276,0,1,1,2
144277,0,1,1,2
144279,0,1,1,2
144285,0,1,1,2
144289,0,1,1,2
144290,0,1,1,2
144292,0,1,1,2
144294,0,1,1,2
144318,1,0,2,1
144320,1,0,2,1
144328,1,0,2,1
144583,1,0,2,1
144588,1,0,2,1
144612,0,1,1,2
144617,0,1,1,2
144618,0,1,1,2
144623,0,1,1,2
144626,0,1,1,2
144632,0,1,1,2
144634,0,1,1,2
144637,0,1,1,2
144638,0,1,1,2
144641,0,1,1,2
144642,0,1,1,2
144653,0,1,1,2
144671,1,0,2,1
144675,1,0,2,1
144676,1,0,2,1
144677,1,0,2,1
144678,1,0,2,1
144803,0,1,1,2
144811,0,1,1,2
144813,0,1,1,2
144936,1,0,2,1
144939,1,0,2,1
144966,0,1,1,2
144968,0,1,1,2
144971,0,1,1,2
144973,0,1,1,2
144975,0,1,1,2
144986,0,1,1,2
144988,0,1,1,2
144989,0,1,1,2
144995,0,1,1,2
145005,0,1,1,2
145025,1,0,2,1
145159,0,1,1,2
145262,0,1,1,2
145289,1,0,2,1
145322,0,1,1,2
145328,0,1,1,2
145333,0,1,1,2
145336,0,1,1,2
145338,0,1,1,2
145340,0,1,1,2
145342,0,1,1,2
145345,0,1,1,2
145351,0,1,1,2
145358,0,1,1,2
145359,0,1,1,2
145370,1,0,2,1
145375,1,0,2,1
145413,0,1,1,2
145501,0,1,1,2
145504,0,1,1,2
145508,0,1,1,2
145513,0,1,1,2
145640,1,0,2,1
145666,0,1,1,2
145668,0,1,1,2
145669,0,1,1,2
145672,0,1,1,2
145673,0,1,1,2
145690,0,1,1,2
145693,0,1,1,2
145696,0,1,1,2
145715,1,0,2,1
145757,0,1,1,2
145759,0,1,1,2
145761,0,1,1,2
145846,0,1,1,2
145851,0,1,1,2
145854,0,1,1,2
145858,0,1,1,2
145979,1,0,2,1
145985,1,0,2,1
146008,0,1,1,2
146009,0,1,1,2
146011,0,1,1,2
146012,0,1,1,2
146020,0,1,1,2
146021,0,1,1,2
146023,0,1,1,2
146026,0,1,1,2
146029,0,1,1,2
146039,0,1,1,2
146095,0,1,1,2
146282,0,1,1,2
146299,0,1,1,2
146318,1,0,2,1
146319,1,0,2,1
146321,1,0,2,1
146323,1,0,2,1
146325,1,0,2,1
146342,0,1,1,2
146349,0,1,1,2
146352,0,1,1,2
146357,0,1,1,2
146358,0,1,1,2
146364,0,1,1,2
146436,0,1,1,2
146442,0,1,1,2
146661,0,1,1,2
146673,0,1,1,2
146674,0,1,1,2
146679,0,1,1,2
146682,0,1,1,2
146685,0,1,1,2
146690,0,1,1,2
146693,0,1,1,2
146694,0,1,1,2
146697,0,1,1,2
146699,0,1,1,2
146700,0,1,1,2
146740,1,0,2,1
146857,0,1,1,2
146966,1,0,2,1
146973,0,1,1,2
146974,0,1,1,2
146980,0,1,1,2
146996,0,1,1,2
147001,0,1,1,2
147002,0,1,1,2
147005,0,1,1,2
147008,0,1,1,2
147011,0,1,1,2
147017,0,1,1,2
147018,0,1,1,2
147076,0,1,1,2
147089,0,1,1,2
147289,0,1,1,2
147294,0,1,1,2
147299,0,1,1,2
147301,0,1,1,2
147306,0,1,1,2
147310,0,1,1,2
147314,0,1,1,2
147315,0,1,1,2
147323,0,1,1,2
147336,0,1,1,2
147337,0,1,1,2
147338,0,1,1,2
147340,0,1,1,2
147368,0,1,1,2
147407,0,1,1,2
147414,1,0,2,1
147601,0,1,1,2
147603,0,1,1,2
147608,0,1,1,2
147611,0,1,1,2
147614,0,1,1,2
147634,0,1,1,2
147635,0,1,1,2
147640,0,1,1,2
147643,0,1,1,2
147652,0,1,1,2
147654,0,1,1,2
147656,0,1,1,2
147657,0,1,1,2
147915,0,1,1,2
147925,0,1,1,2
147926,0,1,1,2
147927,0,1,1,2
147930,0,1,1,2
147931,0,1,1,2
147932,0,1,1,2
147937,0,1,1,2
147944,0,1,1,2
147947,0,1,1,2
147953,0,1,1,2
147957,0,1,1,2
147962,0,1,1,2
147964,0,1,1,2
147968,0,1,1,2
147986,0,1,1,2
147995,0,1,1,2
148024,0,1,1,2
148027,0,1,1,2
148210,0,1,1,2
148217,0,1,1,2
148218,0,1,1,2
148229,0,1,1,2
148237,0,1,1,2
148238,0,1,1,2
148241,0,1,1,2
148242,0,1,1,2
148245,0,1,1,2
148251,0,1,1,2
148253,0,1,1,2
148256,0,1,1,2
148286,0,1,1,2
148288,0,1,1,2
148291,0,1,1,2
148296,0,1,1,2
148311,0,1,1,2
148318,0,1,1,2
148324,0,1,1,2
148326,0,1,1,2
148331,0,1,1,2
148333,0,1,1,2
148525,0,1,1,2
148526,0,1,1,2
148529,0,1,1,2
148530,0,1,1,2
148532,0,1,1,2
148536,0,1,1,2
148543,0,1,1,2
148545,0,1,1,2
148550,0,1,1,2
148553,0,1,1,2
148565,0,1,1,2
148607,0,1,1,2
148620,0,1,1,2
148631,0,1,1,2
148634,0,1,1,2
148636,0,1,1,2
148824,0,1,1,2
148826,0,1,1,2
148830,0,1,1,2
148831,0,1,1,2
148835,0,1,1,2
148839,0,1,1,2
148840,0,1,1,2
148843,0,1,1,2
148848,0,1,1,2
148851,0,1,1,2
148853,0,1,1,2
148862,0,1,1,2
148872,0,1,1,2
148891,0,1,1,2
148927,0,1,1,2
148937,0,1,1,2
148945,0,1,1,2
149128,0,1,1,2
149131,0,1,1,2
149132,0,1,1,2
149138,0,1,1,2
149140,0,1,1,2
149142,0,1,1,2
149144,0,1,1,2
149161,0,1,1,2
149162,0,1,1,2
149163,0,1,1,2
149173,0,1,1,2
149174,0,1,1,2
149175,0,1,1,2
149176,0,1,1,2
149177,0,1,1,2
149208,0,1,1,2
149209,0,1,1,2
149211,0,1,1,2
149212,0,1,1,2
149226,0,1,1,2
149229,0,1,1,2
149234,0,1,1,2
149240,0,1,1,2
149254,0,1,1,2
149310,0,1,1,2
149312,0,1,1,2
149313,0,1,1,2
149442,0,1,1,2
149444,0,1,1,2
149450,0,1,1,2
149452,0,1,1,2
149462,0,1,1,2
149469,0,1,1,2
149478,0,1,1,2
149512,0,1,1,2
149515,0,1,1,2
149534,0,1,1,2
149540,0,1,1,2
149544,0,1,1,2
149545,0,1,1,2
149548,0,1,1,2
149549,0,1,1,2
149550,0,1,1,2
149557,0,1,1,2
149661,1,0,2,1
149764,0,1,1,2
149767,0,1,1,2
149771,0,1,1,2
149773,0,1,1,2
149778,0,1,1,2
149787,0,1,1,2
149788,0,1,1,2
149789,0,1,1,2
149836,0,1,1,2
149837,0,1,1,2
149841,0,1,1,2
149842,0,1,1,2
149851,0,1,1,2
149861,0,1,1,2
150050,0,1,1,2
150052,0,1,1,2
150057,0,1,1,2
150062,0,1,1,2
150063,0,1,1,2
150066,0,1,1,2
150067,0,1,1,2
150072,0,1,1,2
150077,0,1,1,2
150081,0,1,1,2
150082,0,1,1,2
150088,0,1,1,2
150112,0,1,1,2
150137,0,1,1,2
150141,0,1,1,2
150156,0,1,1,2
150218,0,1,1,2
150351,0,1,1,2
150354,0,1,1,2
150370,0,1,1,2
150374,0,1,1,2
150406,0,1,1,2
150434,0,1,1,2
150435,0,1,1,2
150437,0,1,1,2
150439,0,1,1,2
150444,0,1,1,2
150448,0,1,1,2
150495,0,1,1,2
150499,0,1,1,2
150510,0,1,1,2
150634,0,1,1,2
150652,0,1,1,2
150657,0,1,1,2
150658,0,1,1,2
150661,0,1,1,2
150667,0,1,1,2
150669,0,1,1,2
150670,0,1,1,2
150675,0,1,1,2
150683,0,1,1,2
150697,0,1,1,2
150698,0,1,1,2
150704,0,1,1,2
150707,0,1,1,2
150714,0,1,1,2
150719,0,1,1,2
150724,0,1,1,2
150772,0,1,1,2
150773,0,1,1,2
150783,0,1,1,2
150786,0,1,1,2
150904,0,1,1,2
150905,0,1,1,2
150915,0,1,1,2
150920,0,1,1,2
150927,0,1,1,2
150928,0,1,1,2
150935,0,1,1,2
150936,0,1,1,2
150942,0,1,1,2
150954,0,1,1,2
150965,0,1,1,2
150968,0,1,1,2
150971,0,1,1,2
150974,0,1,1,2
150982,0,1,1,2
150990,0,1,1,2
150991,0,1,1,2
151051,0,1,1,2
151164,0,1,1,2
151166,0,1,1,2
151170,0,1,1,2
151184,0,1,1,2
151186,0,1,1,2
151225,0,1,1,2
151227,0,1,1,2
151235,0,1,1,2
151237,0,1,1,2
151240,0,1,1,2
151242,0,1,1,2
151245,0,1,1,2
151246,0,1,1,2
151259,0,1,1,2
151260,0,1,1,2
151425,0,1,1,2
151426,0,1,1,2
151427,0,1,1,2
151446,0,1,1,2
151489,0,1,1,2
151493,0,1,1,2
151494,0,1,1,2
151495,0,1,1,2
151500,0,1,1,2
151507,0,1,1,2
151511,0,1,1,2
151512,0,1,1,2
151515,0,1,1,2
151676,1,0,2,1
151696,1,0,2,1
151750,0,1,1,2
151751,0,1,1,2
151769,0,1,1,2
151773,0,1,1,2
151774,0,1,1,2
151777,0,1,1,2
151830,0,1,1,2
151947,1,0,2,1
152000,0,1,1,2
152003,0,1,1,2
152006,0,1,1,2
152007,0,1,1,2
152018,0,1,1,2
152025,0,1,1,2
152027,0,1,1,2
152081,0,1,1,2
152191,1,0,2,1
152239,0,1,1,2
152240,0,1,1,2
152243,0,1,1,2
152249,0,1,1,2
152269,0,1,1,2
152270,0,1,1,2
152271,0,1,1,2
152273,0,1,1,2
152276,0,1,1,2
152328,0,1,1,2
152445,1,0,2,1
152448,1,0,2,1
152487,0,1,1,2
152495,0,1,1,2
152496,0,1,1,2
152515,0,1,1,2
152525,0,1,1,2
152526,0,1,1,2
152527,0,1,1,2
152530,0,1,1,2
152531,0,1,1,2
152679,0,1,1,2
152695,0,1,1,2
152732,0,1,1,2
152735,0,1,1,2
152744,0,1,1,2
152746,0,1,1,2
152770,0,1,1,2
152771,0,1,1,2
152773,0,1,1,2
152776,0,1,1,2
152777,0,1,1,2
152989,0,1,1,2
152995,0,1,1,2
153019,0,1,1,2
153026,0,1,1,2
153030,0,1,1,2
153031,0,1,1,2
153041,0,1,1,2
153081,0,1,1,2
153170,1,0,2,1
153186,0,1,1,2
153246,0,1,1,2
153251,0,1,1,2
153272,0,1,1,2
153273,0,1,1,2
153280,0,1,1,2
153282,0,1,1,2
153287,0,1,1,2
153438,0,1,1,2
153444,0,1,1,2
153498,0,1,1,2
153499,0,1,1,2
153506,0,1,1,2
153538,0,1,1,2
153542,1,0,2,1
153714,0,1,1,2
153788,0,1,1,2
153789,0,1,1,2
153792,0,1,1,2
153801,0,1,1,2
153802,0,1,1,2
153803,0,1,1,2
153805,0,1,1,2
154010,0,1,1,2
154013,0,1,1,2
154045,0,1,1,2
154046,0,1,1,2
154060,0,1,1,2
154062,0,1,1,2
154200,0,1,1,2
154201,0,1,1,2
154222,0,1,1,2
154294,0,1,1,2
154295,0,1,1,2
154309,0,1,1,2
154314,0,1,1,2
154445,0,1,1,2
154461,0,1,1,2
154462,0,1,1,2
154547,0,1,1,2
154548,0,1,1,2
154700,1,0,2,1
154706,0,1,1,2
154707,0,1,1,2
154717,0,1,1,2
154720,1,0,2,1
154759,0,1,1,2
154792,0,1,1,2
154814,0,1,1,2
154950,1,0,2,1
154963,0,1,1,2
154967,0,1,1,2
154968,0,1,1,2
154971,1,0,2,1
155058,0,1,1,2
155059,0,1,1,2
155060,0,1,1,2
155206,0,1,1,2
155217,0,1,1,2
155281,0,1,1,2
155295,0,1,1,2
155296,0,1,1,2
155308,0,1,1,2
155310,0,1,1,2
155450,1,0,2,1
155459,0,1,1,2
155546,0,1,1,2
155551,0,1,1,2
155553,0,1,1,2
155557,0,1,1,2
155559,0,1,1,2
155562,0,1,1,2
155571,0,1,1,2
155701,1,0,2,1
155802,0,1,1,2
155805,0,1,1,2
155811,0,1,1,2
155816,0,1,1,2
155956,1,0,2,1
155958,1,0,2,1
155963,1,0,2,1
155976,0,1,1,2
155984,0,1,1,2
156061,0,1,1,2
156067,0,1,1,2
156068,0,1,1,2
156069,0,1,1,2
156295,0,1,1,2
156313,0,1,1,2
156314,0,1,1,2
156316,0,1,1,2
156317,0,1,1,2
156318,0,1,1,2
156322,0,1,1,2
156332,0,1,1,2
156333,0,1,1,2
156476,0,1,1,2
156559,0,1,1,2
156563,0,1,1,2
156564,0,1,1,2
156567,0,1,1,2
156569,0,1,1,2
156571,0,1,1,2
156584,0,1,1,2
156714,1,0,2,1
156715,1,0,2,1
156737,0,1,1,2
156760,1,0,2,1
156774,0,1,1,2
156780,0,1,1,2
156824,0,1,1,2
156969,1,0,2,1
156977,0,1,1,2
156981,0,1,1,2
156987,0,1,1,2
156989,0,1,1,2
157008,0,1,1,2
157010,0,1,1,2
157023,0,1,1,2
157025,0,1,1,2
157177,1,0,2,1
157178,1,0,2,1
157233,0,1,1,2
157297,0,1,1,2
157301,0,1,1,2
157309,0,1,1,2
157325,0,1,1,2
157350,1,0,2,1
157421,1,0,2,1
157463,0,1,1,2
157508,0,1,1,2
157510,0,1,1,2
157523,0,1,1,2
157528,0,1,1,2
157535,0,1,1,2
157538,0,1,1,2
157540,0,1,1,2
157541,0,1,1,2
157543,0,1,1,2
157545,0,1,1,2
157546,0,1,1,2
157552,0,1,1,2
157568,0,1,1,2
157661,1,0,2,1
157759,0,1,1,2
157778,0,1,1,2
157783,0,1,1,2
157904,1,0,2,1
157906,1,0,2,1
157907,1,0,2,1
157923,0,1,1,2
157924,0,1,1,2
157961,0,1,1,2
157962,0,1,1,2
158027,0,1,1,2
158035,0,1,1,2
158037,0,1,1,2
158048,0,1,1,2
158050,0,1,1,2
158157,1,0,2,1
158169,0,1,1,2
158171,0,1,1,2
158174,0,1,1,2
158177,0,1,1,2
158259,0,1,1,2
158280,0,1,1,2
158287,0,1,1,2
158289,0,1,1,2
158290,0,1,1,2
158292,0,1,1,2
158297,0,1,1,2
158298,0,1,1,2
158396,1,0,2,1
158417,0,1,1,2
158418,0,1,1,2
158422,0,1,1,2
158439,1,0,2,1
158525,0,1,1,2
158528,0,1,1,2
158535,0,1,1,2
158546,1,0,2,1
158657,0,1,1,2
158660,0,1,1,2
158670,0,1,1,2
158720,1,0,2,1
158722,1,0,2,1
158749,0,1,1,2
158775,0,1,1,2
158777,0,1,1,2
158779,1,0,2,1
158901,0,1,1,2
158904,0,1,1,2
158905,0,1,1,2
158920,0,1,1,2
158959,0,1,1,2
158965,1,0,2,1
159071,0,1,1,2
159072,0,1,1,2
159132,1,0,2,1
159150,0,1,1,2
159156,0,1,1,2
159162,0,1,1,2
159164,0,1,1,2
159166,0,1,1,2
159185,1,0,2,1
159240,0,1,1,2
159276,1,0,2,1
159288,1,0,2,1
159291,1,0,2,1
159395,0,1,1,2
159396,0,1,1,2
159416,0,1,1,2
159456,1,0,2,1
159482,0,1,1,2
159487,0,1,1,2
159490,0,1,1,2
159540,1,0,2,1
159544,0,1,1,2
159564,0,1,1,2
159565,0,1,1,2
159624,1,0,2,1
159644,0,1,1,2
159647,0,1,1,2
159649,0,1,1,2
159660,0,1,1,2
159661,0,1,1,2
159664,0,1,1,2
159786,1,0,2,1
159787,1,0,2,1
159796,0,1,1,2
159812,0,1,1,2
159813,0,1,1,2
159814,0,1,1,2
159873,1,0,2,1
159894,0,1,1,2
159897,0,1,1,2
159900,0,1,1,2
159957,1,0,2,1
159993,0,1,1,2
160000,0,1,1,2
160034,1,0,2,1
160041,1,0,2,1
160050,0,1,1,2
160052,0,1,1,2
160063,0,1,1,2
160065,0,1,1,2
160066,0,1,1,2
160067,0,1,1,2
160069,0,1,1,2
160120,0,1,1,2
160122,0,1,1,2
160257,0,1,1,2
160259,0,1,1,2
160272,0,1,1,2
160296,1,0,2,1
160303,1,0,2,1
160309,0,1,1,2
160310,0,1,1,2
160314,0,1,1,2
160323,0,1,1,2
160324,0,1,1,2
160328,0,1,1,2
160379,0,1,1,2
160384,1,0,2,1
160386,1,0,2,1
160410,0,1,1,2
160413,0,1,1,2
160500,0,1,1,2
160501,0,1,1,2
160561,0,1,1,2
160570,0,1,1,2
160580,0,1,1,2
160584,0,1,1,2
160630,0,1,1,2
160634,0,1,1,2
160664,0,1,1,2
160721,1,0,2,1
160779,0,1,1,2
160829,0,1,1,2
160830,0,1,1,2
160877,0,1,1,2
160881,0,1,1,2
160882,0,1,1,2
160886,0,1,1,2
160997,0,1,1,2
161028,0,1,1,2
161055,0,1,1,2
161058,0,1,1,2
161059,0,1,1,2
161061,0,1,1,2
161063,0,1,1,2
161066,0,1,1,2
161089,0,1,1,2
161090,0,1,1,2
161119,0,1,1,2
161120,0,1,1,2
161124,0,1,1,2
161241,0,1,1,2
161303,0,1,1,2
161321,0,1,1,2
161332,0,1,1,2
161364,0,1,1,2
161368,0,1,1,2
161373,0,1,1,2
161439,0,1,1,2
161488,0,1,1,2
161495,0,1,1,2
161532,1,0,2,1
161533,1,0,2,1
161546,0,1,1,2
161548,0,1,1,2
161550,0,1,1,2
161554,0,1,1,2
161561,0,1,1,2
161578,0,1,1,2
161614,0,1,1,2
161619,0,1,1,2
161684,0,1,1,2
161698,1,0,2,1
161699,1,0,2,1
161771,1,0,2,1
161776,1,0,2,1
161779,1,0,2,1
161784,1,0,2,1
161787,0,1,1,2
161789,0,1,1,2
161802,0,1,1,2
161811,0,1,1,2
161815,0,1,1,2
161817,0,1,1,2
161818,0,1,1,2
161820,0,1,1,2
161855,0,1,1,2
162009,1,0,2,1
162014,1,0,2,1
162018,1,0,2,1
162019,1,0,2,1
162024,1,0,2,1
162028,0,1,1,2
162032,0,1,1,2
162057,0,1,1,2
162102,0,1,1,2
162167,0,1,1,2
162168,0,1,1,2
162184,1,0,2,1
162244,1,0,2,1
162248,1,0,2,1
162251,1,0,2,1
162253,1,0,2,1
162276,0,1,1,2
162285,0,1,1,2
162286,0,1,1,2
162287,0,1,1,2
162290,0,1,1,2
162329,0,1,1,2
162337,0,1,1,2
162402,0,1,1,2
162403,0,1,1,2
162412,1,0,2,1
162478,1,0,2,1
162481,1,0,2,1
162482,1,0,2,1
162487,1,0,2,1
162511,0,1,1,2
162514,0,1,1,2
162516,0,1,1,2
162517,0,1,1,2
162520,0,1,1,2
162522,0,1,1,2
162557,0,1,1,2
162558,0,1,1,2
162559,0,1,1,2
162565,0,1,1,2
162571,0,1,1,2
162573,0,1,1,2
162637,0,1,1,2
162639,0,1,1,2
162640,1,0,2,1
162648,1,0,2,1
162705,1,0,2,1
162707,1,0,2,1
162710,1,0,2,1
162722,0,1,1,2
162727,0,1,1,2
162728,0,1,1,2
162749,0,1,1,2
162755,0,1,1,2
162756,0,1,1,2
162789,0,1,1,2
162790,0,1,1,2
162799,0,1,1,2
162801,0,1,1,2
162871,0,1,1,2
162872,0,1,1,2
162874,1,0,2,1
162882,1,0,2,1
162937,1,0,2,1
162943,1,0,2,1
162955,0,1,1,2
162979,0,1,1,2
162980,0,1,1,2
162984,0,1,1,2
162987,0,1,1,2
162990,0,1,1,2
163021,0,1,1,2
163022,0,1,1,2
163098,0,1,1,2
163099,0,1,1,2
163172,1,0,2,1
163178,0,1,1,2
163179,0,1,1,2
163185,0,1,1,2
163186,0,1,1,2
163216,0,1,1,2
163220,0,1,1,2
163249,0,1,1,2
163250,0,1,1,2
163253,0,1,1,2
163254,0,1,1,2
163331,0,1,1,2
163332,0,1,1,2
163384,1,0,2,1
163403,1,0,2,1
163419,1,0,2,1
163442,1,0,2,1
163485,0,1,1,2
163520,0,1,1,2
163620,1,0,2,1
163624,1,0,2,1
163625,1,0,2,1
163628,0,1,1,2
163629,0,1,1,2
163642,1,0,2,1
163654,0,1,1,2
163665,0,1,1,2
163666,0,1,1,2
163695,0,1,1,2
163697,0,1,1,2
163727,0,1,1,2
163729,0,1,1,2
163761,0,1,1,2
163812,0,1,1,2
163819,0,1,1,2
163821,0,1,1,2
163824,1,0,2,1
163825,1,0,2,1
163858,1,0,2,1
163865,1,0,2,1
163866,1,0,2,1
163867,1,0,2,1
163882,1,0,2,1
163946,0,1,1,2
163947,0,1,1,2
163949,0,1,1,2
163969,0,1,1,2
163973,0,1,1,2
164004,0,1,1,2
164005,0,1,1,2
164057,0,1,1,2
164060,0,1,1,2
164061,0,1,1,2
164101,1,0,2,1
164111,1,0,2,1
164135,0,1,1,2
164142,0,1,1,2
164145,0,1,1,2
164146,0,1,1,2
164186,0,1,1,2
164187,0,1,1,2
164209,0,1,1,2
164211,0,1,1,2
164239,0,1,1,2
164241,0,1,1,2
164343,1,0,2,1
164349,1,0,2,1
164351,1,0,2,1
164352,1,0,2,1
164356,1,0,2,1
164357,1,0,2,1
164358,1,0,2,1
164376,0,1,1,2
164386,0,1,1,2
164425,0,1,1,2
164431,0,1,1,2
164433,0,1,1,2
164465,0,1,1,2
164467,0,1,1,2
164482,0,1,1,2
164483,0,1,1,2
164487,0,1,1,2
164585,1,0,2,1
164591,1,0,2,1
164593,1,0,2,1
164596,1,0,2,1
164603,1,0,2,1
164605,1,0,2,1
164608,1,0,2,1
164650,1,0,2,1
164651,1,0,2,1
164674,0,1,1,2
164677,0,1,1,2
164678,0,1,1,2
164724,0,1,1,2
164727,0,1,1,2
164731,0,1,1,2
164796,0,1,1,2
164842,1,0,2,1
164845,1,0,2,1
164871,0,1,1,2
164873,0,1,1,2
164930,0,1,1,2
164959,0,1,1,2
164961,0,1,1,2
164966,0,1,1,2
164972,0,1,1,2
164974,0,1,1,2
164975,0,1,1,2
164978,0,1,1,2
164995,0,1,1,2
164996,0,1,1,2
164998,0,1,1,2
165052,0,1,1,2
165062,1,0,2,1
165100,1,0,2,1
165107,1,0,2,1
165113,1,0,2,1
165126,1,0,2,1
165159,1,0,2,1
165189,0,1,1,2
165214,0,1,1,2
165219,0,1,1,2
165221,0,1,1,2
165224,0,1,1,2
165227,0,1,1,2
165230,0,1,1,2
165233,0,1,1,2
165240,0,1,1,2
165321,0,1,1,2
165323,1,0,2,1
165360,1,0,2,1
165365,1,0,2,1
165385,1,0,2,1
165419,1,0,2,1
165420,1,0,2,1
165448,0,1,1,2
165450,0,1,1,2
165470,0,1,1,2
165476,0,1,1,2
165479,0,1,1,2
165486,0,1,1,2
165498,0,1,1,2
165510,0,1,1,2
165513,0,1,1,2
165517,0,1,1,2
165518,0,1,1,2
165519,0,1,1,2
165523,0,1,1,2
165573,0,1,1,2
165582,0,1,1,2
165625,1,0,2,1
165710,0,1,1,2
165736,0,1,1,2
165738,0,1,1,2
165742,0,1,1,2
165744,0,1,1,2
165751,0,1,1,2
165756,0,1,1,2
165768,0,1,1,2
165775,0,1,1,2
165780,0,1,1,2
165791,0,1,1,2
165802,0,1,1,2
165839,0,1,1,2
165851,0,1,1,2
165991,0,1,1,2
166001,0,1,1,2
166008,0,1,1,2
166012,0,1,1,2
166036,0,1,1,2
166053,0,1,1,2
166055,0,1,1,2
166100,0,1,1,2
166103,0,1,1,2
166106,0,1,1,2
166116,0,1,1,2
166197,1,0,2,1
166234,0,1,1,2
166255,0,1,1,2
166256,0,1,1,2
166260,0,1,1,2
166289,0,1,1,2
166293,0,1,1,2
166296,0,1,1,2
166309,0,1,1,2
166313,0,1,1,2
166318,0,1,1,2
166372,0,1,1,2
166384,0,1,1,2
166385,0,1,1,2
166387,0,1,1,2
166512,0,1,1,2
166527,0,1,1,2
166550,0,1,1,2
166552,0,1,1,2
166559,0,1,1,2
166569,0,1,1,2
166733,1,0,2,1
166767,0,1,1,2
166768,0,1,1,2
166770,0,1,1,2
166771,0,1,1,2
166773,1,0,2,1
166797,0,1,1,2
166799,0,1,1,2
166801,0,1,1,2
166803,0,1,1,2
166805,0,1,1,2
166806,0,1,1,2
166837,0,1,1,2
166846,0,1,1,2
166855,1,0,2,1
167008,1,0,2,1
167009,1,0,2,1
167010,1,0,2,1
167045,0,1,1,2
167060,0,1,1,2
167067,0,1,1,2
167104,0,1,1,2
167128,0,1,1,2
167129,0,1,1,2
167192,0,1,1,2
167291,1,0,2,1
167293,1,0,2,1
167333,1,0,2,1
167335,1,0,2,1
167344,0,1,1,2
167346,0,1,1,2
167350,0,1,1,2
167361,0,1,1,2
167411,0,1,1,2
167568,1,0,2,1
167630,0,1,1,2
167647,0,1,1,2
167673,0,1,1,2
167696,0,1,1,2
167860,1,0,2,1
167898,1,0,2,1
167905,0,1,1,2
167943,0,1,1,2
167944,0,1,1,2
167945,0,1,1,2
167972,0,1,1,2
168137,1,0,2,1
168150,1,0,2,1
168205,1,0,2,1
168212,0,1,1,2
168364,0,1,1,2
168438,1,0,2,1
168485,0,1,1,2
168487,0,1,1,2
168488,0,1,1,2
168494,1,0,2,1
168500,0,1,1,2
168520,0,1,1,2
168521,0,1,1,2
168548,0,1,1,2
168550,0,1,1,2
168551,0,1,1,2
168569,0,1,1,2
168638,0,1,1,2
168644,0,1,1,2
168646,0,1,1,2
168780,0,1,1,2
168782,1,0,2,1
168815,0,1,1,2
168841,0,1,1,2
168859,0,1,1,2
168861,0,1,1,2
168929,0,1,1,2
169034,1,0,2,1
169061,1,0,2,1
169091,0,1,1,2
169136,0,1,1,2
169137,0,1,1,2
169139,0,1,1,2
169156,0,1,1,2
169223,0,1,1,2
169312,1,0,2,1
169313,1,0,2,1
169322,1,0,2,1
169326,1,0,2,1
169328,1,0,2,1
169330,1,0,2,1
169358,1,0,2,1
169368,0,1,1,2
169369,0,1,1,2
169372,0,1,1,2
169373,0,1,1,2
169377,1,0,2,1
169379,1,0,2,1
169381,1,0,2,1
169383,1,0,2,1
169436,0,1,1,2
169453,0,1,1,2
169596,1,0,2,1
169640,1,0,2,1
169653,1,0,2,1
169654,1,0,2,1
169727,0,1,1,2
169824,0,1,1,2
169890,1,0,2,1
169900,1,0,2,1
169904,1,0,2,1
169907,1,0,2,1
169918,1,0,2,1
169937,1,0,2,1
169945,1,0,2,1
169947,1,0,2,1
169965,1,0,2,1
170016,0,1,1,2
170018,0,1,1,2
170038,0,1,1,2
170039,0,1,1,2
170041,0,1,1,2
170180,1,0,2,1
170191,1,0,2,1
170192,1,0,2,1
170197,1,0,2,1
170207,1,0,2,1
170210,1,0,2,1
170213,1,0,2,1
170227,1,0,2,1
170228,1,0,2,1
170230,1,0,2,1
170236,1,0,2,1
170258,1,0,2,1
170260,1,0,2,1
170274,0,1,1,2
170275,0,1,1,2
170308,0,1,1,2
170326,0,1,1,2
170481,1,0,2,1
170482,1,0,2,1
170504,1,0,2,1
170523,1,0,2,1
170524,1,0,2,1
170525,1,0,2,1
170527,1,0,2,1
170554,1,0,2,1
170566,0,1,1,2
170567,0,1,1,2
170595,0,1,1,2
170599,0,1,1,2
170614,1,0,2,1
170623,0,1,1,2
170686,0,1,1,2
170778,1,0,2,1
170781,1,0,2,1
170782,1,0,2,1
170810,1,0,2,1
170812,1,0,2,1
170819,1,0,2,1
170849,1,0,2,1
170869,1,0,2,1
170870,1,0,2,1
170887,0,1,1,2
170905,1,0,2,1
170912,0,1,1,2
170913,0,1,1,2
170914,0,1,1,2
170917,0,1,1,2
170947,4,1,5,2
170979,0,1,1,2
170993,0,1,1,2
171068,1,0,2,1
171071,1,0,2,1
171073,1,0,2,1
171077,1,0,2,1
171078,1,0,2,1
171083,1,0,2,1
171084,1,0,2,1
171085,1,0,2,1
171088,1,0,2,1
171090,1,0,2,1
171095,1,0,2,1
171132,1,0,2,1
171151,0,1,1,2
171176,0,1,1,2
171204,0,1,1,2
171270,0,1,1,2
171285,0,1,1,2
171286,0,1,1,2
171288,0,1,1,2
171350,0,1,1,2
171361,1,0,2,1
171363,1,0,2,1
171365,1,0,2,1
171368,1,0,2,1
171374,1,0,2,1
171377,1,0,2,1
171399,1,0,2,1
171401,1,0,2,1
171404,1,0,2,1
171418,1,0,2,1
171419,1,0,2,1
171450,1,0,2,1
171467,0,1,1,2
171490,1,0,2,1
171491,1,0,2,1
171496,0,1,1,2
171498,0,1,1,2
171531,4,1,5,2
171532,4,1,5,2
171562,0,1,1,2
171661,1,0,2,1
171663,1,0,2,1
171664,1,0,2,1
171666,1,0,2,1
171667,1,0,2,1
171682,1,0,2,1
171693,1,0,2,1
171707,1,0,2,1
171708,1,0,2,1
171713,1,0,2,1
171717,1,0,2,1
171719,1,0,2,1
171737,1,0,2,1
171783,0,1,1,2
171786,0,1,1,2
171789,0,1,1,2
171818,4,1,5,2
171826,4,1,5,2
171918,1,0,2,1
171934,1,0,2,1
171944,1,0,2,1
171949,1,0,2,1
171956,1,0,2,1
171962,1,0,2,1
171968,1,0,2,1
171973,1,0,2,1
171980,1,0,2,1
171992,1,0,2,1
172000,1,0,2,1
172006,1,0,2,1
172008,1,0,2,1
172033,0,1,1,2
172049,0,1,1,2
172105,4,1,5,2
172208,1,0,2,1
172226,1,0,2,1
172230,1,0,2,1
172234,1,0,2,1
172237,1,0,2,1
172239,1,0,2,1
172241,1,0,2,1
172243,1,0,2,1
172246,1,0,2,1
172251,1,0,2,1
172252,1,0,2,1
172280,1,0,2,1
172285,1,0,2,1
172296,1,0,2,1
172314,0,1,1,2
172317,0,1,1,2
172331,0,1,1,2
172350,0,1,1,2
172354,0,1,1,2
172388,4,1,5,2
172393,4,1,5,2
172394,4,1,5,2
172514,1,0,2,1
172515,1,0,2,1
172566,1,0,2,1
172580,1,0,2,1
172583,1,0,2,1
172587,1,0,2,1
172597,0,1,1,2
172614,0,1,1,2
172638,0,1,1,2
172671,4,1,5,2
172672,4,1,5,2
172674,4,1,5,2
172720,1,0,2,1
172770,1,0,2,1
172780,1,0,2,1
172790,1,0,2,1
172811,1,0,2,1
172812,1,0,2,1
172814,1,0,2,1
172833,1,0,2,1
172834,1,0,2,1
172852,1,0,2,1
172853,1,0,2,1
172854,1,0,2,1
172855,1,0,2,1
172865,1,0,2,1
172877,0,1,1,2
172888,0,1,1,2
172890,0,1,1,2
172891,0,1,1,2
172896,0,1,1,2
172898,0,1,1,2
172917,0,1,1,2
172919,0,1,1,2
172920,0,1,1,2
172953,4,1,5,2
172955,4,1,5,2
173054,1,0,2,1
173065,1,0,2,1
173071,1,0,2,1
173075,1,0,2,1
173076,1,0,2,1
173092,1,0,2,1
173096,1,0,2,1
173118,1,0,2,1
173119,1,0,2,1
173144,1,0,2,1
173160,0,1,1,2
173163,0,1,1,2
173180,0,1,1,2
173237,4,1,5,2
173238,4,1,5,2
173272,0,1,1,2
173337,1,0,2,1
173354,1,0,2,1
173358,1,0,2,1
173359,1,0,2,1
173360,1,0,2,1
173378,1,0,2,1
173381,1,0,2,1
173382,1,0,2,1
173400,1,0,2,1
173407,1,0,2,1
173410,1,0,2,1
173411,1,0,2,1
173417,1,0,2,1
173421,1,0,2,1
173426,1,0,2,1
173427,1,0,2,1
173429,1,0,2,1
173430,1,0,2,1
173431,1,0,2,1
173432,1,0,2,1
173441,0,1,1,2
173442,0,1,1,2
173450,0,1,1,2
173459,1,0,2,1
173463,0,1,1,2
173482,0,1,1,2
173519,4,1,5,2
173521,4,1,5,2
173523,4,1,5,2
173557,0,1,1,2
173618,1,0,2,1
173620,1,0,2,1
173630,1,0,2,1
173636,1,0,2,1
173639,1,0,2,1
173646,1,0,2,1
173661,1,0,2,1
173681,1,0,2,1
173695,1,0,2,1
173698,1,0,2,1
173699,1,0,2,1
173705,1,0,2,1
173707,1,0,2,1
173709,1,0,2,1
173722,0,1,1,2
173724,0,1,1,2
173726,0,1,1,2
173731,0,1,1,2
173732,0,1,1,2
173742,1,0,2,1
173764,0,1,1,2
173805,4,1,5,2
173850,1,0,2,1
173903,1,0,2,1
173917,1,0,2,1
173919,1,0,2,1
173939,1,0,2,1
173940,1,0,2,1
173941,1,0,2,1
173945,1,0,2,1
173977,1,0,2,1
173979,1,0,2,1
173982,1,0,2,1
173987,1,0,2,1
173996,1,0,2,1
174016,0,1,1,2
174019,0,1,1,2
174024,1,0,2,1
174027,0,1,1,2
174028,0,1,1,2
174042,0,1,1,2
174085,4,1,5,2
174121,0,1,1,2
174182,1,0,2,1
174202,1,0,2,1
174205,1,0,2,1
174210,1,0,2,1
174253,1,0,2,1
174256,1,0,2,1
174264,1,0,2,1
174267,1,0,2,1
174272,1,0,2,1
174278,1,0,2,1
174294,0,1,1,2
174308,0,1,1,2
174309,0,1,1,2
174327,0,1,1,2
174328,0,1,1,2
174329,0,1,1,2
174330,0,1,1,2
174360,4,1,5,2
174365,4,1,5,2
174367,4,1,5,2
174480,1,0,2,1
174485,1,0,2,1
174501,1,0,2,1
174502,1,0,2,1
174503,1,0,2,1
174509,1,0,2,1
174535,1,0,2,1
174538,1,0,2,1
174550,1,0,2,1
174564,1,0,2,1
174577,0,1,1,2
174589,0,1,1,2
174590,0,1,1,2
174608,0,1,1,2
174741,1,0,2,1
174742,1,0,2,1
174744,1,0,2,1
174763,1,0,2,1
174764,1,0,2,1
174765,1,0,2,1
174769,1,0,2,1
174770,1,0,2,1
174773,1,0,2,1
174778,1,0,2,1
174782,1,0,2,1
174787,1,0,2,1
174789,1,0,2,1
174816,1,0,2,1
174818,1,0,2,1
174820,1,0,2,1
174821,1,0,2,1
174826,1,0,2,1
174836,1,0,2,1
174837,1,0,2,1
174869,0,1,1,2
174886,0,1,1,2
174918,4,1,5,2
174922,4,1,5,2
175019,1,0,2,1
175020,1,0,2,1
175038,1,0,2,1
175039,1,0,2,1
175051,1,0,2,1
175054,1,0,2,1
175066,1,0,2,1
175073,0,1,1,2
175081,0,1,1,2
175083,0,1,1,2
175084,0,1,1,2
175090,1,0,2,1
175102,1,0,2,1
175165,0,1,1,2
175195,4,1,5,2
175204,4,1,5,2
175206,4,1,5,2
175290,1,0,2,1
175292,1,0,2,1
175312,1,0,2,1
175313,1,0,2,1
175317,1,0,2,1
175318,1,0,2,1
175321,1,0,2,1
175343,0,1,1,2
175360,0,1,1,2
175362,0,1,1,2
175363,0,1,1,2
175367,1,0,2,1
175380,1,0,2,1
175383,1,0,2,1
175403,1,0,2,1
175405,0,1,1,2
175406,0,1,1,2
175407,0,1,1,2
175409,0,1,1,2
175422,0,1,1,2
175433,0,1,1,2
175436,0,1,1,2
175469,4,1,5,2
175472,4,1,5,2
175565,1,0,2,1
175566,1,0,2,1
175569,1,0,2,1
175570,1,0,2,1
175607,1,0,2,1
175608,1,0,2,1
175633,0,1,1,2
175636,0,1,1,2
175638,0,1,1,2
175640,0,1,1,2
175642,0,1,1,2
175665,0,1,1,2
175680,1,0,2,1
175697,0,1,1,2
175700,0,1,1,2
175749,4,1,5,2
175751,4,1,5,2
175757,4,1,5,2
175760,4,1,5,2
175761,4,1,5,2
175762,4,1,5,2
175809,1,0,2,1
175846,1,0,2,1
175851,1,0,2,1
175854,1,0,2,1
175855,1,0,2,1
175872,1,0,2,1
175874,1,0,2,1
175876,1,0,2,1
175877,1,0,2,1
175884,1,0,2,1
175895,1,0,2,1
175896,1,0,2,1
175902,0,1,1,2
175904,0,1,1,2
175905,0,1,1,2
175906,0,1,1,2
175913,0,1,1,2
175915,0,1,1,2
175917,0,1,1,2
175918,0,1,1,2
175919,0,1,1,2
175925,1,0,2,1
175940,1,0,2,1
175941,1,0,2,1
175942,1,0,2,1
175946,0,1,1,2
175957,1,0,2,1
175958,1,0,2,1
175959,1,0,2,1
175965,1,0,2,1
175997,0,1,1,2
176028,4,1,5,2
176037,4,1,5,2
176038,4,1,5,2
176040,4,1,5,2
176091,1,0,2,1
176129,1,0,2,1
176130,1,0,2,1
176131,1,0,2,1
176135,1,0,2,1
176152,1,0,2,1
176158,1,0,2,1
176163,1,0,2,1
176172,1,0,2,1
176174,1,0,2,1
176175,1,0,2,1
176181,0,1,1,2
176185,0,1,1,2
176187,0,1,1,2
176190,0,1,1,2
176194,0,1,1,2
176195,0,1,1,2
176219,1,0,2,1
176223,0,1,1,2
176224,0,1,1,2
176236,1,0,2,1
176237,1,0,2,1
176244,1,0,2,1
176258,0,1,1,2
176278,0,1,1,2
176312,4,1,5,2
176367,1,0,2,1
176369,1,0,2,1
176370,1,0,2,1
176412,1,0,2,1
176413,1,0,2,1
176429,1,0,2,1
176436,1,0,2,1
176448,1,0,2,1
176451,1,0,2,1
176472,0,1,1,2
176488,1,0,2,1
176498,1,0,2,1
176499,1,0,2,1
176513,0,1,1,2
176588,4,1,5,2
176589,4,1,5,2
176598,4,1,5,2
176641,1,0,2,1
176642,1,0,2,1
176643,1,0,2,1
176646,1,0,2,1
176698,1,0,2,1
176706,1,0,2,1
176707,1,0,2,1
176712,1,0,2,1
176715,1,0,2,1
176717,1,0,2,1
176719,1,0,2,1
176720,1,0,2,1
176721,1,0,2,1
176736,0,1,1,2
176737,0,1,1,2
176745,0,1,1,2
176755,1,0,2,1
176761,1,0,2,1
176784,0,1,1,2
176793,1,0,2,1
176797,1,0,2,1
176810,0,1,1,2
176811,0,1,1,2
176825,0,1,1,2
176829,0,1,1,2
176862,4,1,5,2
176863,4,1,5,2
176867,4,1,5,2
176914,1,0,2,1
176917,1,0,2,1
176953,1,0,2,1
176963,1,0,2,1
176984,1,0,2,1
176992,1,0,2,1
177002,0,1,1,2
177007,0,1,1,2
177008,0,1,1,2
177010,0,1,1,2
177011,0,1,1,2
177017,0,1,1,2
177020,0,1,1,2
177023,0,1,1,2
177024,1,0,2,1
177061,1,0,2,1
177065,1,0,2,1
177086,0,1,1,2
177089,0,1,1,2
177092,0,1,1,2
177102,0,1,1,2
177104,0,1,1,2
177105,0,1,1,2
177148,4,1,5,2
177196,1,0,2,1
177250,1,0,2,1
177256,1,0,2,1
177258,1,0,2,1
177271,1,0,2,1
177276,0,1,1,2
177289,0,1,1,2
177291,0,1,1,2
177300,1,0,2,1
177303,1,0,2,1
177337,1,0,2,1
177338,1,0,2,1
177342,1,0,2,1
177349,0,1,1,2
177357,0,1,1,2
177367,0,1,1,2
177368,0,1,1,2
177379,0,1,1,2
177416,4,1,5,2
177420,4,1,5,2
177421,4,1,5,2
177463,1,0,2,1
177470,1,0,2,1
177471,1,0,2,1
177508,1,0,2,1
177514,1,0,2,1
177519,1,0,2,1
177530,1,0,2,1
177559,0,1,1,2
177560,0,1,1,2
177562,0,1,1,2
177568,0,1,1,2
177573,0,1,1,2
177611,1,0,2,1
177621,0,1,1,2
177624,0,1,1,2
177636,0,1,1,2
177638,0,1,1,2
177639,0,1,1,2
177654,0,1,1,2
177742,1,0,2,1
177784,1,0,2,1
177787,1,0,2,1
177788,1,0,2,1
177794,1,0,2,1
177802,1,0,2,1
177832,0,1,1,2
177833,0,1,1,2
177835,0,1,1,2
177888,1,0,2,1
177904,0,1,1,2
177908,0,1,1,2
177925,0,1,1,2
177929,0,1,1,2
177966,1,4,2,5
177967,1,4,2,5
178013,1,0,2,1
178023,1,0,2,1
178026,1,0,2,1
178063,1,0,2,1
178071,1,0,2,1
178074,1,0,2,1
178106,0,1,1,2
178109,0,1,1,2
178116,0,1,1,2
178122,0,1,1,2
178160,1,0,2,1
178161,1,0,2,1
178167,0,1,1,2
178177,0,1,1,2
178181,0,1,1,2
178186,0,1,1,2
178189,0,1,1,2
178204,0,1,1,2
178246,4,1,5,2
178247,4,1,5,2
178293,1,0,2,1
178298,1,0,2,1
178387,0,1,1,2
178390,0,1,1,2
178391,0,1,1,2
178392,0,1,1,2
178442,1,0,2,1
178454,0,1,1,2
178455,0,1,1,2
178470,0,1,1,2
178474,0,1,1,2
178516,4,1,5,2
178548,1,0,2,1
178549,1,0,2,1
178550,1,0,2,1
178553,1,0,2,1
178554,1,0,2,1
178565,1,0,2,1
178646,0,1,1,2
178653,0,1,1,2
178657,0,1,1,2
178660,0,1,1,2
178667,1,0,2,1
178712,0,1,1,2
178717,0,1,1,2
178719,0,1,1,2
178725,0,1,1,2
178742,0,1,1,2
178744,0,1,1,2
178818,1,0,2,1
178819,1,0,2,1
178835,1,0,2,1
178872,1,0,2,1
178917,0,1,1,2
178966,1,0,2,1
178980,0,1,1,2
178986,0,1,1,2
178990,0,1,1,2
179088,1,0,2,1
179089,1,0,2,1
179094,1,0,2,1
179097,1,0,2,1
179098,1,0,2,1
179186,0,1,1,2
179187,0,1,1,2
179256,0,1,1,2
179267,0,1,1,2
179268,0,1,1,2
179322,4,1,5,2
179358,1,0,2,1
179359,1,0,2,1
179363,1,0,2,1
179367,1,0,2,1
179420,0,1,1,2
179459,0,1,1,2
179555,0,1,1,2
179589,4,1,5,2
179596,4,1,5,2
179631,1,0,2,1
179634,1,0,2,1
179636,1,0,2,1
179731,0,1,1,2
179732,0,1,1,2
179733,0,1,1,2
179793,0,1,1,2
179795,0,1,1,2
179798,0,1,1,2
179820,0,1,1,2
179825,0,1,1,2
179826,0,1,1,2
179894,1,0,2,1
179899,1,0,2,1
179903,1,0,2,1
179905,1,0,2,1
179992,0,1,1,2
179993,0,1,1,2
180036,0,1,1,2
180038,0,1,1,2
180039,0,1,1,2
180057,0,1,1,2
180059,0,1,1,2
180062,1,0,2,1
180087,0,1,1,2
180158,1,0,2,1
180160,1,0,2,1
180161,1,0,2,1
180162,1,0,2,1
180164,1,0,2,1
180187,0,1,1,2
180294,0,1,1,2
180296,0,1,1,2
180315,0,1,1,2
180343,0,1,1,2
180345,0,1,1,2
180376,4,1,5,2
180378,4,1,5,2
180418,1,0,2,1
180420,1,0,2,1
180423,1,0,2,1
180428,1,0,2,1
180430,1,0,2,1
180431,1,0,2,1
180449,0,1,1,2
180470,1,0,2,1
180474,0,1,1,2
180602,0,1,1,2
180606,0,1,1,2
180682,1,0,2,1
180686,1,0,2,1
180695,1,0,2,1
180696,1,0,2,1
180697,1,0,2,1
180709,0,1,1,2
180867,0,1,1,2
180903,4,1,5,2
180949,1,0,2,1
181080,0,1,1,2
181115,1,0,2,1
181172,4,1,5,2
181221,1,0,2,1
181248,0,1,1,2
181370,1,0,2,1
181371,1,0,2,1
181397,0,1,1,2
181398,0,1,1,2
181399,0,1,1,2
181440,4,1,5,2
181482,1,0,2,1
181490,1,0,2,1
181493,1,0,2,1
181511,0,1,1,2
181514,0,1,1,2
181540,0,1,1,2
181541,0,1,1,2
181643,1,0,2,1
181647,1,0,2,1
181649,1,0,2,1
181651,1,0,2,1
181652,1,0,2,1
181659,0,1,1,2
181669,1,0,2,1
181754,1,0,2,1
181790,0,1,1,2
181808,0,1,1,2
181865,0,1,1,2
181883,0,1,1,2
181904,1,0,2,1
181919,1,0,2,1
181921,0,1,1,2
181926,0,1,1,2
181927,0,1,1,2
181928,0,1,1,2
181937,1,0,2,1
181964,1,0,2,1
182020,1,0,2,1
182026,1,0,2,1
182050,0,1,1,2
182064,0,1,1,2
182071,0,1,1,2
182133,0,1,1,2
182152,0,1,1,2
182170,1,0,2,1
182183,1,0,2,1
182192,0,1,1,2
182197,0,1,1,2
182201,1,0,2,1
182203,1,0,2,1
182245,4,1,5,2
182283,1,0,2,1
182284,1,0,2,1
182290,1,0,2,1
182320,0,1,1,2
182324,0,1,1,2
182325,0,1,1,2
182326,0,1,1,2
182328,0,1,1,2
182332,0,1,1,2
182335,0,1,1,2
182443,1,0,2,1
182445,1,0,2,1
182456,1,0,2,1
182460,1,0,2,1
182472,0,1,1,2
182473,0,1,1,2
182556,1,0,2,1
182596,0,1,1,2
182600,0,1,1,2
182603,0,1,1,2
182606,0,1,1,2
182612,0,1,1,2
182679,0,1,1,2
182696,0,1,1,2
182720,1,0,2,1
182736,0,1,1,2
182737,0,1,1,2
182739,0,1,1,2
182744,0,1,1,2
182851,0,1,1,2
182852,0,1,1,2
182860,0,1,1,2
182865,0,1,1,2
182867,0,1,1,2
182947,0,1,1,2
182949,0,1,1,2
182987,1,0,2,1
182999,1,0,2,1
183002,1,0,2,1
183003,0,1,1,2
183004,0,1,1,2
183006,0,1,1,2
183009,0,1,1,2
183098,1,0,2,1
183103,1,0,2,1
183106,1,0,2,1
183139,0,1,1,2
183142,0,1,1,2
183221,0,1,1,2
183222,0,1,1,2
183371,1,0,2,1
183372,1,0,2,1
183391,0,1,1,2
183396,0,1,1,2
183399,0,1,1,2
183402,0,1,1,2
183404,0,1,1,2
183408,0,1,1,2
183420,0,1,1,2
183634,1,0,2,1
183637,1,0,2,1
183640,1,0,2,1
183653,0,1,1,2
183654,0,1,1,2
183659,0,1,1,2
183660,0,1,1,2
183661,0,1,1,2
183665,0,1,1,2
183666,0,1,1,2
183675,0,1,1,2
183725,0,1,1,2
183885,1,0,2,1
183891,1,0,2,1
183924,0,1,1,2
183940,0,1,1,2
183942,0,1,1,2
184001,0,1,1,2
184066,0,1,1,2
184069,0,1,1,2
184073,1,0,2,1
184152,1,0,2,1
184155,1,0,2,1
184194,0,1,1,2
184195,0,1,1,2
184300,1,0,2,1
184316,1,0,2,1
184328,1,0,2,1
184379,1,4,2,5
184401,1,0,2,1
184559,1,0,2,1
184561,1,0,2,1
184585,0,1,1,2
184586,0,1,1,2
184779,0,1,1,2
184789,0,1,1,2
184790,0,1,1,2
184810,0,1,1,2
184840,0,1,1,2
184850,0,1,1,2
184984,0,1,1,2
185073,1,0,2,1
185076,0,1,1,2
185084,0,1,1,2
185233,1,0,2,1
185238,1,0,2,1
185259,1,0,2,1
185278,0,1,1,2
185280,0,1,1,2
185330,1,0,2,1
185331,1,0,2,1
185363,0,1,1,2
185381,1,0,2,1
185394,0,1,1,2
185403,0,1,1,2
185404,0,1,1,2
185432,1,0,2,1
185508,1,0,2,1
185511,1,0,2,1
185512,1,0,2,1
185519,1,0,2,1
185542,0,1,1,2
185544,0,1,1,2
185612,1,0,2,1
185634,1,0,2,1
185666,1,0,2,1
185672,0,1,1,2
185684,0,1,1,2
185686,0,1,1,2
185742,4,1,5,2
185791,1,0,2,1
185799,1,0,2,1
185802,1,0,2,1
185803,1,0,2,1
185825,0,1,1,2
185826,0,1,1,2
185844,0,1,1,2
185958,0,1,1,2
185971,0,1,1,2
185972,0,1,1,2
186028,4,1,5,2
186029,4,1,5,2
186080,1,0,2,1
186081,1,0,2,1
186107,0,1,1,2
186109,0,1,1,2
186168,1,0,2,1
186169,1,0,2,1
186189,1,0,2,1
186194,1,0,2,1
186205,0,1,1,2
186247,0,1,1,2
186248,0,1,1,2
186250,0,1,1,2
186251,0,1,1,2
186308,4,1,5,2
186350,1,0,2,1
186362,1,0,2,1
186381,0,1,1,2
186407,0,1,1,2
186444,1,0,2,1
186446,1,0,2,1
186459,1,0,2,1
186517,0,1,1,2
186520,0,1,1,2
186521,0,1,1,2
186544,0,1,1,2
186582,4,1,5,2
186623,1,0,2,1
186624,1,0,2,1
186625,1,0,2,1
186699,1,0,2,1
186709,1,0,2,1
186762,0,1,1,2
186770,0,1,1,2
186781,0,1,1,2
186785,0,1,1,2
186803,0,1,1,2
186839,4,1,5,2
186840,4,1,5,2
186880,1,0,2,1
186881,1,0,2,1
186886,1,0,2,1
187042,0,1,1,2
187046,0,1,1,2
187048,0,1,1,2
187050,0,1,1,2
187062,0,1,1,2
187067,0,1,1,2
187068,0,1,1,2
187077,0,1,1,2
187079,0,1,1,2
187080,0,1,1,2
187088,0,1,1,2
187092,0,1,1,2
187150,1,0,2,1
187253,1,0,2,1
187292,0,1,1,2
187295,0,1,1,2
187301,0,1,1,2
187311,0,1,1,2
187313,0,1,1,2
187321,1,0,2,1
187354,0,1,1,2
187413,1,0,2,1
187419,1,0,2,1
187559,0,1,1,2
187566,0,1,1,2
187572,0,1,1,2
187578,0,1,1,2
187584,1,0,2,1
187587,0,1,1,2
187597,0,1,1,2
187608,0,1,1,2
187676,1,0,2,1
187677,1,0,2,1
187682,1,0,2,1
187700,0,1,1,2
187702,0,1,1,2
187775,1,0,2,1
187776,1,0,2,1
187822,0,1,1,2
187835,0,1,1,2
187838,0,1,1,2
187853,0,1,1,2
187854,0,1,1,2
187856,0,1,1,2
187859,0,1,1,2
187870,0,1,1,2
187938,1,0,2,1
187941,1,0,2,1
187945,1,0,2,1
187947,1,0,2,1
187965,0,1,1,2
188018,0,1,1,2
188020,0,1,1,2
188021,0,1,1,2
188042,1,0,2,1
188045,1,0,2,1
188087,0,1,1,2
188119,0,1,1,2
188121,0,1,1,2
188137,0,1,1,2
188143,0,1,1,2
188210,1,0,2,1
188286,0,1,1,2
188289,0,1,1,2
188307,1,0,2,1
188308,1,0,2,1
188309,1,0,2,1
188311,1,0,2,1
188312,1,0,2,1
188357,0,1,1,2
188359,0,1,1,2
188379,1,0,2,1
188403,0,1,1,2
188406,0,1,1,2
188472,1,0,2,1
188473,1,0,2,1
188475,1,0,2,1
188476,1,0,2,1
188480,1,0,2,1
188549,0,1,1,2
188557,0,1,1,2
188589,1,0,2,1
188603,1,0,2,1
188620,0,1,1,2
188621,0,1,1,2
188626,0,1,1,2
188627,0,1,1,2
188655,0,1,1,2
188676,0,1,1,2
188742,1,0,2,1
188747,1,0,2,1
188764,0,1,1,2
188857,1,0,2,1
188887,0,1,1,2
188938,0,1,1,2
188942,0,1,1,2
188999,1,0,2,1
189001,1,0,2,1
189004,1,0,2,1
189008,1,0,2,1
189017,1,0,2,1
189081,0,1,1,2
189113,1,0,2,1
189114,1,0,2,1
189125,1,0,2,1
189149,0,1,1,2
189156,1,0,2,1
189157,0,1,1,2
189173,1,0,2,1
189200,0,1,1,2
189205,0,1,1,2
189225,4,1,5,2
189226,4,1,5,2
189258,1,0,2,1
189263,1,0,2,1
189269,1,0,2,1
189338,0,1,1,2
189359,1,0,2,1
189360,1,0,2,1
189361,1,0,2,1
189362,1,0,2,1
189379,1,0,2,1
189385,1,0,2,1
189386,1,0,2,1
189460,0,1,1,2
189515,1,0,2,1
189516,1,0,2,1
189517,1,0,2,1
189519,1,0,2,1
189520,1,0,2,1
189529,1,0,2,1
189530,1,0,2,1
189531,1,0,2,1
189535,1,0,2,1
189543,1,0,2,1
189603,0,1,1,2
189619,1,0,2,1
189620,1,0,2,1
189629,1,0,2,1
189644,1,0,2,1
189645,1,0,2,1
189672,1,0,2,1
189674,1,0,2,1
189691,1,0,2,1
189721,0,1,1,2
189722,0,1,1,2
189772,1,0,2,1
189774,1,0,2,1
189781,1,0,2,1
189794,1,0,2,1
189875,0,1,1,2
189886,1,0,2,1
189887,1,0,2,1
189894,1,0,2,1
189899,1,0,2,1
189930,1,0,2,1
189934,1,0,2,1
189951,1,0,2,1
189966,0,1,1,2
189978,0,1,1,2
189980,0,1,1,2
189981,0,1,1,2
189982,0,1,1,2
189983,0,1,1,2
190005,4,1,5,2
190029,1,0,2,1
190034,1,0,2,1
190036,1,0,2,1
190039,1,0,2,1
190040,1,0,2,1
190043,1,0,2,1
190044,1,0,2,1
190047,1,0,2,1
190050,1,0,2,1
190052,1,0,2,1
190114,0,1,1,2
190115,0,1,1,2
190129,0,1,1,2
190140,1,0,2,1
190217,0,1,1,2
190227,0,1,1,2
190264,4,1,5,2
190283,1,0,2,1
190291,1,0,2,1
190295,1,0,2,1
190313,1,0,2,1
190374,0,1,1,2
190375,0,1,1,2
190405,1,0,2,1
190447,1,0,2,1
190477,0,1,1,2
190483,0,1,1,2
190485,0,1,1,2
190488,0,1,1,2
190492,0,1,1,2
190493,0,1,1,2
190518,4,1,5,2
190519,4,1,5,2
190520,4,1,5,2
190522,4,1,5,2
190542,1,0,2,1
190544,1,0,2,1
190546,1,0,2,1
190549,1,0,2,1
190550,1,0,2,1
190551,1,0,2,1
190557,1,0,2,1
190569,1,0,2,1
190578,0,1,1,2
190629,0,1,1,2
190645,0,1,1,2
190653,1,0,2,1
190655,1,0,2,1
190659,0,1,1,2
190734,0,1,1,2
190744,0,1,1,2
190745,0,1,1,2
190773,4,1,5,2
190798,1,0,2,1
190801,1,0,2,1
190813,1,0,2,1
190818,1,0,2,1
190824,1,0,2,1
190888,0,1,1,2
190904,1,0,2,1
190907,0,1,1,2
190912,1,0,2,1
190980,0,1,1,2
190983,0,1,1,2
190992,0,1,1,2
190997,0,1,1,2
191003,0,1,1,2
191008,0,1,1,2
191037,4,1,5,2
191064,1,0,2,1
191074,1,0,2,1
191077,1,0,2,1
191150,0,1,1,2
191173,1,0,2,1
191244,0,1,1,2
191247,0,1,1,2
191248,0,1,1,2
191254,0,1,1,2
191256,0,1,1,2
191267,0,1,1,2
191268,0,1,1,2
191271,0,1,1,2
191308,1,0,2,1
191310,1,0,2,1
191316,1,0,2,1
191319,1,0,2,1
191321,1,0,2,1
191328,1,0,2,1
191337,1,0,2,1
191403,0,1,1,2
191428,0,1,1,2
191469,1,0,2,1
191499,0,1,1,2
191511,0,1,1,2
191515,0,1,1,2
191567,1,0,2,1
191570,1,0,2,1
191581,1,0,2,1
191584,1,0,2,1
191586,1,0,2,1
191588,1,0,2,1
191591,1,0,2,1
191655,0,1,1,2
191657,0,1,1,2
191660,0,1,1,2
191678,1,0,2,1
191740,0,1,1,2
191766,0,1,1,2
191770,0,1,1,2
191801,1,4,2,5
191804,4,1,5,2
191820,1,0,2,1
191821,1,0,2,1
191824,1,0,2,1
191828,1,0,2,1
191838,1,0,2,1
191915,0,1,1,2
192014,0,1,1,2
192023,0,1,1,2
192058,4,1,5,2
192080,1,0,2,1
192081,1,0,2,1
192083,1,0,2,1
192093,1,0,2,1
192098,1,0,2,1
192102,1,0,2,1
192108,1,0,2,1
192112,1,0,2,1
192183,0,1,1,2
192264,0,1,1,2
192267,0,1,1,2
192274,0,1,1,2
192365,1,0,2,1
192367,1,0,2,1
192369,1,0,2,1
192370,1,0,2,1
192371,1,0,2,1
192377,1,0,2,1
192381,1,0,2,1
192382,1,0,2,1
192393,1,0,2,1
192477,0,1,1,2
192478,0,1,1,2
192480,0,1,1,2
192557,0,1,1,2
192565,0,1,1,2
192612,4,1,5,2
192623,0,6,1,7
192646,1,0,2,1
192647,1,0,2,1
192663,1,0,2,1
192664,1,0,2,1
192667,1,0,2,1
192668,1,0,2,1
192675,1,0,2,1
192677,1,0,2,1
192680,1,0,2,1
192681,1,0,2,1
192761,0,1,1,2
192762,0,1,1,2
192764,0,1,1,2
192766,0,1,1,2
192848,0,1,1,2
192849,0,1,1,2
192935,1,0,2,1
192953,1,0,2,1
192959,1,0,2,1
192965,1,0,2,1
192967,1,0,2,1
193049,0,1,1,2
193097,1,0,2,1
193107,1,0,2,1
193133,0,1,1,2
193186,4,1,5,2
193187,4,1,5,2
193237,1,0,2,1
193250,1,0,2,1
193259,1,0,2,1
193269,1,0,2,1
193348,0,1,1,2
193387,1,0,2,1
193393,1,0,2,1
193399,1,0,2,1
193537,1,0,2,1
193549,1,0,2,1
193552,1,0,2,1
193554,1,0,2,1
193567,1,0,2,1
193568,1,0,2,1
193641,0,1,1,2
193691,1,0,2,1
193699,1,0,2,1
193803,0,6,1,7
193830,1,0,2,1
193835,1,0,2,1
193853,1,0,2,1
193854,1,0,2,1
193855,1,0,2,1
193858,1,0,2,1
193863,1,0,2,1
193864,1,0,2,1
193865,1,0,2,1
193868,1,0,2,1
193985,1,0,2,1
193993,1,0,2,1
193995,1,0,2,1
194027,0,1,1,2
194072,1,0,2,1
194076,4,1,5,2
194101,0,6,1,7
194131,1,0,2,1
194152,1,0,2,1
194153,1,0,2,1
194160,1,0,2,1
194162,1,0,2,1
194166,1,0,2,1
194167,1,0,2,1
194243,0,1,1,2
194250,0,1,1,2
194286,1,0,2,1
194289,1,0,2,1
194290,1,0,2,1
194294,1,0,2,1
194296,1,0,2,1
194379,1,0,2,1
194407,0,6,1,7
194436,1,0,2,1
194440,1,0,2,1
194441,1,0,2,1
194470,1,0,2,1
194478,1,0,2,1
194550,0,1,1,2
194554,0,1,1,2
194592,1,0,2,1
194599,1,0,2,1
194603,1,0,2,1
194690,4,0,5,1
194713,0,6,1,7
194742,1,0,2,1
194744,1,0,2,1
194746,1,0,2,1
194770,1,0,2,1
194772,1,0,2,1
194774,1,0,2,1
194782,1,0,2,1
194785,1,0,2,1
194786,1,0,2,1
194846,0,1,1,2
194859,0,1,1,2
194862,0,1,1,2
194897,1,0,2,1
194901,1,0,2,1
194908,1,0,2,1
194911,1,0,2,1
194912,1,0,2,1
195077,1,0,2,1
195091,1,0,2,1
195116,0,1,1,2
195124,0,1,1,2
195128,0,1,1,2
195200,1,0,2,1
195202,1,0,2,1
195203,1,0,2,1
195204,1,0,2,1
195212,1,0,2,1
195248,0,1,1,2
195389,1,0,2,1
195392,1,0,2,1
195397,1,0,2,1
195405,1,0,2,1
195406,1,0,2,1
195461,0,1,1,2
195470,0,1,1,2
195506,1,0,2,1
195516,1,0,2,1
195520,1,0,2,1
195521,1,0,2,1
195522,1,0,2,1
195524,1,0,2,1
195525,1,0,2,1
195690,1,0,2,1
195700,1,0,2,1
195703,1,0,2,1
195705,1,0,2,1
195726,0,1,1,2
195758,0,1,1,2
195767,0,1,1,2
195769,0,1,1,2
195808,1,0,2,1
195818,1,0,2,1
195821,1,0,2,1
195855,1,0,2,1
195857,1,0,2,1
195911,4,0,5,1
195954,1,0,2,1
195987,1,0,2,1
195999,1,0,2,1
196003,1,0,2,1
196021,0,1,1,2
196032,0,1,1,2
196066,0,1,1,2
196097,1,0,2,1
196098,1,0,2,1
196099,1,0,2,1
196103,1,0,2,1
196110,1,0,2,1
196113,1,0,2,1
196115,1,0,2,1
196150,1,0,2,1
196208,4,1,5,2
196248,1,0,2,1
196251,1,0,2,1
196295,1,0,2,1
196298,1,0,2,1
196301,1,0,2,1
196331,0,1,1,2
196341,0,1,1,2
196352,0,1,1,2
196396,1,0,2,1
196397,1,0,2,1
196400,1,0,2,1
196401,1,0,2,1
196402,1,0,2,1
196412,1,0,2,1
196547,1,0,2,1
196553,1,0,2,1
196582,1,0,2,1
196585,1,0,2,1
196643,0,1,1,2
196648,0,1,1,2
196649,0,1,1,2
196652,0,1,1,2
196653,0,1,1,2
196655,0,1,1,2
196660,0,1,1,2
196698,1,0,2,1
196700,1,0,2,1
196711,1,0,2,1
196712,1,0,2,1
196876,1,0,2,1
196878,1,0,2,1
196941,0,1,1,2
196945,0,1,1,2
196948,0,1,1,2
196954,0,1,1,2
196990,1,0,2,1
196993,1,0,2,1
196994,1,0,2,1
197048,1,0,2,1
197111,1,4,2,5
197172,1,0,2,1
197175,1,0,2,1
197178,1,0,2,1
197194,1,0,2,1
197239,0,1,1,2
197277,1,0,2,1
197283,1,0,2,1
197301,1,0,2,1
197431,1,0,2,1
197464,1,0,2,1
197465,1,0,2,1
197467,1,0,2,1
197469,1,0,2,1
197513,0,1,1,2
197570,1,0,2,1
197589,1,0,2,1
197694,1,4,2,5
197722,1,0,2,1
197723,1,0,2,1
197752,1,0,2,1
197755,1,0,2,1
197771,1,0,2,1
197801,0,1,1,2
197855,1,0,2,1
197856,1,0,2,1
197862,1,0,2,1
197876,1,0,2,1
197913,1,0,2,1
197914,1,0,2,1
198044,1,0,2,1
198145,1,0,2,1
198166,1,0,2,1
198167,1,0,2,1
198204,1,0,2,1
198205,1,0,2,1
198268,1,4,2,5
198271,1,4,2,5
198300,1,0,2,1
198329,1,0,2,1
198335,1,0,2,1
198411,0,1,1,2
198412,0,1,1,2
198424,0,1,1,2
198488,1,0,2,1
198490,1,0,2,1
198491,1,0,2,1
198493,1,0,2,1
198556,1,4,2,5
198583,1,0,2,1
198615,1,0,2,1
198739,1,0,2,1
198779,1,0,2,1
198781,1,0,2,1
198842,1,4,2,5
198871,1,0,2,1
199015,1,0,2,1
199066,1,0,2,1
199148,1,0,2,1
199177,1,0,2,1
199181,1,0,2,1
199183,1,0,2,1
199257,1,0,2,1
199264,1,0,2,1
199280,1,0,2,1
199281,1,0,2,1
199298,1,0,2,1
199302,1,0,2,1
199303,1,0,2,1
199454,1,0,2,1
199456,1,0,2,1
199459,1,0,2,1
199503,0,1,1,2
199579,1,0,2,1
199581,1,0,2,1
199584,1,0,2,1
199617,1,0,2,1
199618,1,0,2,1
199619,1,0,2,1
199620,1,0,2,1
199698,1,0,2,1
199777,0,1,1,2
199863,1,0,2,1
199898,1,0,2,1
199903,1,0,2,1
199964,1,4,2,5
199977,1,0,2,1
200000,1,0,2,1
200001,1,0,2,1
200003,1,0,2,1
200054,0,1,1,2
200056,0,1,1,2
200102,1,0,2,1
200132,1,0,2,1
200134,1,0,2,1
200135,1,0,2,1
200141,1,0,2,1
200143,1,0,2,1
200145,1,0,2,1
200183,1,0,2,1
200244,1,4,2,5
200280,1,0,2,1
200336,0,1,1,2
200413,1,0,2,1
200419,1,0,2,1
200422,1,0,2,1
200424,1,0,2,1
200426,1,0,2,1
200460,1,0,2,1
200534,1,0,2,1
200557,1,0,2,1
200560,1,0,2,1
200611,0,1,1,2
200683,1,0,2,1
200689,1,0,2,1
200702,1,0,2,1
200704,1,0,2,1
200705,1,0,2,1
200717,0,1,1,2
200741,1,0,2,1
200937,0,1,1,2
200938,0,1,1,2
200939,0,1,1,2
200947,1,0,2,1
200970,0,1,1,2
201024,1,0,2,1
201034,0,1,1,2
201094,4,1,5,2
201098,1,0,2,1
201121,1,0,2,1
201220,0,1,1,2
201229,1,0,2,1
201256,1,0,2,1
201304,1,0,2,1
201305,1,0,2,1
201306,1,0,2,1
201307,1,0,2,1
201319,0,1,1,2
201390,1,0,2,1
201395,1,0,2,1
201527,1,0,2,1
201530,1,0,2,1
201586,0,1,1,2
201592,0,1,1,2
201659,1,0,2,1
201660,1,0,2,1
201664,1,0,2,1
201766,0,1,1,2
201858,0,1,1,2
201859,0,1,1,2
201865,0,1,1,2
201911,1,4,2,5
201918,1,0,2,1
201936,1,0,2,1
202037,0,1,1,2
202129,0,1,1,2
202138,0,1,1,2
202184,4,1,5,2
202196,1,0,2,1
202198,1,0,2,1
202201,1,0,2,1
202203,1,0,2,1
202304,0,1,1,2
202316,1,0,2,1
202386,0,1,1,2
202395,0,1,1,2
202399,0,1,1,2
202450,4,1,5,2
202465,1,0,2,1
202466,1,0,2,1
202467,1,0,2,1
202568,0,1,1,2
202725,1,0,2,1
202729,1,0,2,1
202733,1,0,2,1
202735,1,0,2,1
202736,1,0,2,1
202746,1,0,2,1
202834,0,1,1,2
202849,1,0,2,1
202917,1,0,2,1
202935,0,1,1,2
202991,1,0,2,1
202996,1,0,2,1
202998,1,0,2,1
203173,1,0,2,1
203179,1,0,2,1
203199,0,1,1,2
203242,1,0,2,1
203244,1,0,2,1
203253,1,0,2,1
203254,1,0,2,1
203415,1,0,2,1
203417,1,0,2,1
203422,1,0,2,1
203423,0,1,1,2
203442,0,1,1,2
203473,1,4,2,5
203485,1,0,2,1
203489,1,0,2,1
203496,1,0,2,1
203600,1,0,2,1
203602,1,0,2,1
203664,1,0,2,1
203665,1,0,2,1
203673,0,1,1,2
203725,1,0,2,1
203732,1,0,2,1
203733,1,0,2,1
203847,1,0,2,1
203903,1,0,2,1
203907,1,0,2,1
203928,0,1,1,2
203961,1,4,2,5
203974,1,0,2,1
203977,1,0,2,1
203978,1,0,2,1
203980,1,0,2,1
204083,1,0,2,1
204084,1,0,2,1
204143,1,0,2,1
204146,1,0,2,1
204148,1,0,2,1
204155,1,0,2,1
204203,1,4,2,5
204204,1,4,2,5
204209,4,1,5,2
204332,1,0,2,1
204394,1,0,2,1
204399,1,0,2,1
204401,1,0,2,1
204452,1,4,2,5
204472,1,0,2,1
204477,1,0,2,1
204478,1,0,2,1
204483,1,0,2,1
204582,1,0,2,1
204651,1,0,2,1
204656,1,0,2,1
204675,0,1,1,2
204709,1,4,2,5
204712,4,1,5,2
204732,1,0,2,1
204736,1,0,2,1
204737,1,0,2,1
204818,1,0,2,1
204833,1,0,2,1
204841,1,0,2,1
204842,1,0,2,1
204906,1,0,2,1
204930,0,1,1,2
204963,1,4,2,5
204967,4,1,5,2
204982,1,0,2,1
204987,1,0,2,1
204993,1,0,2,1
204996,1,0,2,1
205100,1,0,2,1
205165,1,0,2,1
205166,1,0,2,1
205170,1,0,2,1
205171,1,0,2,1
205174,1,0,2,1
205231,4,1,5,2
205232,4,1,5,2
205250,1,0,2,1
205252,1,0,2,1
205253,1,0,2,1
205255,1,0,2,1
205340,0,1,1,2
205354,1,0,2,1
205362,1,0,2,1
205434,1,0,2,1
205495,4,1,5,2
205513,1,0,2,1
205606,0,1,1,2
205621,1,0,2,1
205622,1,0,2,1
205626,1,0,2,1
205702,1,0,2,1
205706,1,0,2,1
205710,1,0,2,1
205730,0,1,1,2
205784,1,0,2,1
205875,0,1,1,2
205890,1,0,2,1
205893,1,0,2,1
205897,1,0,2,1
205976,1,0,2,1
205978,1,0,2,1
205980,1,0,2,1
206029,4,1,5,2
206036,1,2,2,3
206054,1,0,2,1
206056,1,0,2,1
206143,0,1,1,2
206159,1,0,2,1
206246,1,0,2,1
206308,1,2,2,3
206415,0,1,1,2
206436,1,0,2,1
206517,1,0,2,1
206518,1,0,2,1
206520,1,0,2,1
206521,1,0,2,1
206535,0,1,1,2
206571,4,1,5,2
206705,1,0,2,1
206706,1,0,2,1
206711,1,0,2,1
206791,1,0,2,1
206796,1,0,2,1
206851,1,2,2,3
206980,1,0,2,1
207129,1,2,2,3
207131,1,2,2,3
207252,1,0,2,1
207335,1,0,2,1
207337,1,0,2,1
207346,0,1,1,2
207404,1,2,2,3
207521,1,0,2,1
207604,1,0,2,1
207609,1,0,2,1
207611,1,0,2,1
207665,1,2,2,3
207872,1,0,2,1
207878,1,0,2,1
207889,0,1,1,2
207923,4,1,5,2
208140,1,0,2,1
208197,4,1,5,2
208203,4,1,5,2
208315,1,0,2,1
208403,1,0,2,1
208461,4,1,5,2
208463,4,1,5,2
208465,4,1,5,2
208468,4,1,5,2
208481,4,1,5,2
208680,1,0,2,1
208681,1,0,2,1
208684,1,0,2,1
208687,1,0,2,1
208748,4,1,5,2
208750,4,1,5,2
208883,1,0,2,1
208967,1,0,2,1
208971,1,0,2,1
208973,1,0,2,1
208978,1,0,2,1
208988,0,1,1,2
209024,1,4,2,5
209037,4,1,5,2
209060,0,1,1,2
209263,1,0,2,1
209266,1,0,2,1
209268,1,0,2,1
209270,1,0,2,1
209271,1,0,2,1
209279,0,1,1,2
209282,0,1,1,2
209332,1,0,2,1
209354,0,1,1,2
209560,1,0,2,1
209565,1,0,2,1
209570,1,0,2,1
209576,0,1,1,2
209616,1,4,2,5
209652,0,1,1,2
209653,0,1,1,2
209654,0,1,1,2
209853,1,0,2,1
209857,1,0,2,1
209858,1,0,2,1
209860,1,0,2,1
209861,1,0,2,1
209911,1,4,2,5
209912,1,4,2,5
209933,0,1,1,2
209936,0,1,1,2
210154,1,0,2,1
210163,0,1,1,2
210166,0,1,1,2
210203,1,4,2,5
210224,0,1,1,2
210226,0,1,1,2
210230,0,1,1,2
210241,0,1,1,2
210343,0,1,1,2
210349,1,0,2,1
210440,1,0,2,1
210443,1,0,2,1
210444,1,0,2,1
210447,1,0,2,1
210456,0,1,1,2
210530,0,1,1,2
210630,0,1,1,2
210632,0,1,1,2
210724,1,0,2,1
210725,1,0,2,1
210727,1,0,2,1
210730,1,0,2,1
210733,1,0,2,1
210734,1,0,2,1
210736,1,0,2,1
210738,1,0,2,1
210803,0,1,1,2
210804,0,1,1,2
210821,0,1,1,2
210918,0,1,1,2
210979,6,0,7,1
211010,1,0,2,1
211013,1,0,2,1
211017,1,0,2,1
211025,1,0,2,1
211027,1,0,2,1
211028,1,0,2,1
211086,1,0,2,1
211099,0,1,1,2
211113,0,1,1,2
211114,0,1,1,2
211215,0,1,1,2
211216,0,1,1,2
211270,6,0,7,1
211272,6,0,7,1
211273,6,0,7,1
211282,6,0,7,1
211288,6,0,7,1
211313,1,0,2,1
211315,1,0,2,1
211319,1,0,2,1
211333,1,0,2,1
211334,1,0,2,1
211368,4,1,5,2
211381,1,0,2,1
211388,0,1,1,2
211569,6,0,7,1
211575,6,0,7,1
211606,1,0,2,1
211617,1,0,2,1
211619,1,0,2,1
211620,1,0,2,1
211622,1,0,2,1
211665,4,1,5,2
211903,1,0,2,1
211906,1,0,2,1
211909,1,0,2,1
211910,1,0,2,1
211912,1,0,2,1
211913,1,0,2,1
211917,1,0,2,1
211924,1,0,2,1
211931,1,0,2,1
211967,4,1,5,2
211970,4,1,5,2
211982,1,0,2,1
211986,0,1,1,2
212010,0,1,1,2
212170,6,0,7,1
212189,6,0,7,1
212191,6,0,7,1
212199,1,0,2,1
212201,1,0,2,1
212204,1,0,2,1
212211,6,0,7,1
212212,6,0,7,1
212213,1,0,2,1
212217,1,0,2,1
212263,4,1,5,2
212283,0,1,1,2
212284,0,1,1,2
212307,0,1,1,2
212310,0,1,1,2
212496,6,0,7,1
212499,6,0,7,1
212500,6,0,7,1
212512,1,0,2,1
212515,6,0,7,1
212518,6,0,7,1
212519,1,0,2,1
212524,1,0,2,1
212526,1,0,2,1
212534,1,0,2,1
212568,4,1,5,2
212585,0,1,1,2
212587,0,1,1,2
212817,6,0,7,1
212820,6,0,7,1
212829,1,0,2,1
212838,1,0,2,1
212894,0,1,1,2
213105,6,0,7,1
213106,6,0,7,1
213107,6,0,7,1
213117,6,0,7,1
213118,6,0,7,1
213120,6,0,7,1
213129,1,0,2,1
213132,1,0,2,1
213198,0,1,1,2
213406,6,0,7,1
213411,6,0,7,1
213421,6,0,7,1
213422,6,0,7,1
213423,6,0,7,1
213428,6,0,7,1
213431,1,0,2,1
213479,4,1,5,2
213530,0,1,1,2
213698,0,6,1,7
213720,6,0,7,1
213721,6,0,7,1
213722,6,0,7,1
213723,6,0,7,1
213730,6,0,7,1
213734,6,0,7,1
213736,6,0,7,1
213749,1,0,2,1
213752,1,0,2,1
214045,6,0,7,1
214051,6,0,7,1
214052,6,0,7,1
214054,1,0,2,1
214056,6,0,7,1
214058,1,0,2,1
214066,1,0,2,1
214068,1,0,2,1
214103,4,1,5,2
214122,0,1,1,2
214126,0,1,1,2
214153,0,1,1,2
214156,0,1,1,2
214314,6,0,7,1
214320,0,6,1,7
214331,0,6,1,7
214352,6,0,7,1
214365,1,0,2,1
214374,1,0,2,1
214438,0,1,1,2
214439,0,1,1,2
214632,0,6,1,7
214637,0,6,1,7
214643,6,0,7,1
214655,6,0,7,1
214669,6,0,7,1
214670,6,0,7,1
214680,1,0,2,1
214681,1,0,2,1
214704,1,0,2,1
214727,4,1,5,2
214739,4,1,5,2
214752,0,1,1,2
214804,1,0,2,1
214931,6,0,7,1
214936,6,0,7,1
214937,6,0,7,1
214944,0,6,1,7
214951,6,0,7,1
214953,6,0,7,1
214954,6,0,7,1
214955,6,0,7,1
214963,6,0,7,1
214968,6,0,7,1
214971,6,0,7,1
214977,6,0,7,1
214981,6,0,7,1
214988,1,0,2,1
214997,1,0,2,1
215014,1,0,2,1
215047,4,1,5,2
215060,0,1,1,2
215067,0,1,1,2
215093,0,1,1,2
215240,6,0,7,1
215244,6,0,7,1
215257,6,0,7,1
215260,6,0,7,1
215261,6,0,7,1
215264,6,0,7,1
215269,6,0,7,1
215277,6,0,7,1
215283,6,0,7,1
215287,6,0,7,1
215295,1,0,2,1
215318,1,0,2,1
215397,0,1,1,2
215530,6,0,7,1
215532,6,0,7,1
215540,6,0,7,1
215542,6,0,7,1
215544,6,0,7,1
215545,6,0,7,1
215546,6,0,7,1
215549,6,0,7,1
215558,6,0,7,1
215569,6,0,7,1
215572,6,0,7,1
215580,1,0,2,1
215583,1,0,2,1
215586,1,0,2,1
215591,1,0,2,1
215610,1,0,2,1
215611,1,0,2,1
215623,1,0,2,1
215658,1,0,2,1
215710,1,0,2,1
215815,6,0,7,1
215816,6,0,7,1
215819,6,0,7,1
215821,6,0,7,1
215822,6,0,7,1
215838,6,0,7,1
215848,6,0,7,1
215866,6,0,7,1
215874,1,0,2,1
215900,1,0,2,1
215911,1,0,2,1
215929,4,1,5,2
215931,4,1,5,2
215932,4,1,5,2
215994,1,0,2,1
216104,6,0,7,1
216105,6,0,7,1
216115,6,0,7,1
216132,6,0,7,1
216135,6,0,7,1
216143,6,0,7,1
216146,6,0,7,1
216148,6,0,7,1
216151,6,0,7,1
216152,6,0,7,1
216158,1,0,2,1
216159,1,0,2,1
216208,4,1,5,2
216218,4,1,5,2
216220,4,1,5,2
216394,6,0,7,1
216395,6,0,7,1
216400,6,0,7,1
216407,6,0,7,1
216423,6,0,7,1
216427,6,0,7,1
216454,1,0,2,1
216463,1,0,2,1
216743,6,0,7,1
216744,6,0,7,1
216747,1,0,2,1
216752,1,0,2,1
216827,1,0,2,1
216829,1,0,2,1
216857,0,1,1,2
216971,6,0,7,1
216974,6,0,7,1
217027,6,0,7,1
217028,6,0,7,1
217034,1,0,2,1
217071,1,0,2,1
217080,4,1,5,2
217084,4,1,5,2
217163,1,0,2,1
217264,6,0,7,1
217266,6,0,7,1
217301,6,0,7,1
217315,1,0,2,1
217325,6,0,7,1
217336,1,0,2,1
217363,1,0,2,1
217409,1,0,2,1
217451,1,0,2,1
217542,6,0,7,1
217593,1,0,2,1
217594,1,0,2,1
217602,1,0,2,1
217604,1,0,2,1
217605,1,0,2,1
217607,1,0,2,1
217621,1,0,2,1
217639,1,0,2,1
217659,4,1,5,2
217820,6,0,7,1
217878,1,0,2,1
217879,1,0,2,1
217880,1,0,2,1
217883,1,0,2,1
217884,1,0,2,1
217885,1,0,2,1
217901,1,0,2,1
217917,1,0,2,1
217918,1,0,2,1
217931,4,1,5,2
217939,1,4,2,5
217967,1,0,2,1
218084,6,0,7,1
218141,1,0,2,1
218156,1,0,2,1
218157,1,0,2,1
218159,1,0,2,1
218181,1,0,2,1
218235,1,0,2,1
218277,1,0,2,1
218418,1,0,2,1
218430,1,0,2,1
218450,1,0,2,1
218473,1,4,2,5
218503,1,0,2,1
218506,1,0,2,1
218545,1,0,2,1
218598,2,1,3,2
218602,4,1,5,2
218605,4,1,5,2
218607,4,1,5,2
218608,4,5,5,6
218709,1,0,2,1
218716,1,0,2,1
218723,1,0,2,1
218742,1,0,2,1
218764,1,4,2,5
218765,1,4,2,5
218883,1,5,2,6
218884,1,5,2,6
218889,1,5,2,6
218900,4,1,5,2
218906,4,1,5,2
218912,4,2,5,3
219023,1,0,2,1
219025,1,0,2,1
219027,1,0,2,1
219028,1,0,2,1
219048,1,0,2,1
219192,1,5,2,6
219211,4,1,5,2
219214,4,1,5,2
219216,4,1,5,2
219340,1,0,2,1
219342,1,0,2,1
219465,1,0,2,1
219515,1,2,2,3
219517,5,2,6,3
219521,1,5,2,6
219540,2,1,3,2
219545,4,1,5,2
219862,1,2,2,3
219866,5,2,6,3
219907,2,5,3,6
220068,4,1,5,2
220152,1,0,2,1
220224,5,1,6,2
220230,1,5,2,6
220232,1,5,2,6
220269,2,5,3,6
220410,1,0,2,1
220614,1,5,2,6
220675,6,0,7,1
220699,6,0,7,1
220705,0,6,1,7
220794,4,1,5,2
220880,1,0,2,1
220977,1,2,2,3
220986,1,5,2,6
221075,0,6,1,7
221080,0,6,1,7
221150,1,0,2,1
221165,4,1,5,2
221344,1,5,2,6
221361,1,5,2,6
221429,6,0,7,1
221430,6,0,7,1
221431,0,6,1,7
221447,6,0,7,1
221456,0,6,1,7
221457,0,6,1,7
221459,0,6,1,7
221544,4,1,5,2
221545,4,1,5,2
221695,1,5,2,6
221740,5,1,6,2
221899,0,1,1,2
221928,4,1,5,2
221929,4,1,5,2
221934,4,1,5,2
222111,5,1,6,2
222126,2,5,3,6
222137,1,5,2,6
222139,1,5,2,6
222146,1,5,2,6
222147,1,5,2,6
222238,0,6,1,7
222296,0,1,1,2
222314,1,0,2,1
222325,4,1,5,2
222326,4,1,5,2
222327,4,1,5,2
222329,4,1,5,2
222487,1,5,2,6
222525,5,1,6,2
222549,1,5,2,6
222552,1,5,2,6
222630,0,6,1,7
222632,6,0,7,1
222649,6,0,7,1
222655,0,6,1,7
222711,1,0,2,1
222715,0,1,1,2
222764,4,1,5,2
222916,1,5,2,6
222917,1,5,2,6
222918,1,5,2,6
222934,1,5,2,6
222953,5,1,6,2
222956,5,1,6,2
222957,5,1,6,2
222958,5,1,6,2
222977,1,5,2,6
222990,1,5,2,6
222991,1,5,2,6
222994,1,5,2,6
222995,1,5,2,6
222997,1,5,2,6
223009,2,5,3,6
223063,0,6,1,7
223065,6,0,7,1
223082,6,0,7,1
223088,0,6,1,7
223089,0,6,1,7
223131,1,0,2,1
223133,1,0,2,1
223149,0,1,1,2
223165,1,0,2,1
223188,1,4,2,5
223249,1,0,2,1
223341,2,1,3,2
223362,1,5,2,6
223365,1,5,2,6
223371,1,5,2,6
223377,1,5,2,6
223406,5,1,6,2
223437,1,5,2,6
223440,1,5,2,6
223511,6,0,7,1
223578,1,0,2,1
223581,1,0,2,1
223594,0,1,1,2
223596,0,1,1,2
223641,4,1,5,2
223787,2,1,3,2
223788,2,1,3,2
223791,2,1,3,2
223793,2,1,3,2
223818,1,2,2,3
223819,1,2,2,3
223834,1,5,2,6
223855,5,1,6,2
223857,5,1,6,2
223897,1,5,2,6
223966,6,0,7,1
223967,6,0,7,1
223969,6,0,7,1
224032,1,0,2,1
224035,1,0,2,1
224051,0,1,1,2
224255,2,1,3,2
224257,2,1,3,2
224262,2,1,3,2
224265,5,1,6,2
224298,1,5,2,6
224301,1,5,2,6
224302,1,5,2,6
224305,1,5,2,6
224323,5,1,6,2
224338,1,5,2,6
224340,1,5,2,6
224345,1,5,2,6
224377,2,5,3,6
224426,6,0,7,1
224441,6,0,7,1
224506,0,1,1,2
224508,0,1,1,2
224621,1,0,2,1
224627,1,0,2,1
224725,2,1,3,2
224730,5,1,6,2
224754,1,2,2,3
224762,1,5,2,6
224769,1,5,2,6
224796,5,1,6,2
224800,5,1,6,2
224803,5,1,6,2
224804,5,1,6,2
224816,1,5,2,6
224902,6,0,7,1
224979,0,1,1,2
224980,0,1,1,2
225029,4,1,5,2
225193,2,1,3,2
225197,2,1,3,2
225198,1,5,2,6
225209,5,1,6,2
225270,5,1,6,2
225272,5,1,6,2
225275,5,1,6,2
225288,1,5,2,6
225308,1,5,2,6
225309,1,5,2,6
225377,6,0,7,1
225381,0,6,1,7
225447,0,1,1,2
225453,0,1,1,2
225454,0,1,1,2
225456,0,1,1,2
225569,1,0,2,1
225682,5,1,6,2
225718,1,5,2,6
225719,1,5,2,6
225846,6,0,7,1
226141,1,5,2,6
226190,1,5,2,6
226214,5,1,6,2
226221,1,5,2,6
226222,1,5,2,6
226317,6,0,7,1
226330,6,0,7,1
226331,6,0,7,1
226393,0,1,1,2
226396,0,1,1,2
226682,5,1,6,2
226693,1,5,2,6
226695,1,5,2,6
226865,0,1,1,2
226867,0,1,1,2
226868,0,1,1,2
226870,0,1,1,2
227177,1,5,2,6
227180,1,5,2,6
227181,1,5,2,6
227282,6,0,7,1
227402,4,1,5,2
227567,0,5,1,6
227568,0,5,1,6
227571,0,5,1,6
227585,5,1,6,2
227622,1,5,2,6
227640,5,1,6,2
227642,5,1,6,2
227653,1,5,2,6
227658,1,5,2,6
227749,0,6,1,7
227754,6,0,7,1
227768,6,0,7,1
228051,1,5,2,6
228548,5,1,6,2
228625,1,5,2,6
228725,6,0,7,1
228736,0,6,1,7
228789,1,0,2,1
228835,4,1,5,2
228839,4,1,5,2
229005,0,1,1,2
229013,1,5,2,6
229015,5,1,6,2
229023,5,1,6,2
229024,5,1,6,2
229082,5,1,6,2
229089,1,2,2,3
229097,1,2,2,3
229098,5,1,6,2
229197,0,6,1,7
229202,6,0,7,1
229203,6,0,7,1
229215,6,0,7,1
229217,6,0,7,1
229289,1,0,2,1
229329,4,1,5,2
229503,1,5,2,6
229514,5,1,6,2
229571,5,1,6,2
229582,1,2,2,3
229596,5,1,6,2
229600,1,5,2,6
229679,0,6,1,7
229682,0,6,1,7
229687,6,0,7,1
229699,6,0,7,1
229760,1,0,2,1
229926,0,1,1,2
229984,1,5,2,6
229986,1,5,2,6
230053,5,1,6,2
230083,1,5,2,6
230186,0,6,1,7
230240,1,0,2,1
230241,1,0,2,1
230244,1,0,2,1
230245,1,0,2,1
230249,1,0,2,1
230404,1,0,2,1
230405,1,0,2,1
230453,0,1,1,2
230469,5,1,6,2
230559,1,5,2,6
230637,0,6,1,7
230638,0,6,1,7
230643,6,0,7,1
230657,6,0,7,1
230715,1,0,2,1
230716,1,0,2,1
230718,1,0,2,1
230884,1,0,2,1
230928,0,1,1,2
231027,1,5,2,6
231118,0,6,1,7
231207,1,0,2,1
231245,4,1,5,2
231373,0,1,1,2
231458,5,1,6,2
231600,0,6,1,7
231625,0,6,1,7
231682,1,0,2,1
231685,1,0,2,1
231724,4,1,5,2
231725,4,1,5,2
231727,4,1,5,2
231887,0,1,1,2
231889,0,5,1,6
232079,0,6,1,7
232081,0,6,1,7
232101,6,0,7,1
232103,6,0,7,1
232105,6,0,7,1
232169,1,0,2,1
232339,0,1,1,2
232372,0,1,1,2
232488,5,1,6,2
232564,0,6,1,7
232565,0,6,1,7
232806,0,1,1,2
232856,0,5,1,6
232875,1,5,2,6
232914,5,1,6,2
232916,5,1,6,2
232979,5,1,6,2
233080,6,0,7,1
233323,0,1,1,2
233349,0,5,1,6
233351,0,1,1,2
233369,1,5,2,6
233503,2,3,3,4
233551,6,0,7,1
233680,4,1,5,2
233785,0,1,1,2
233793,0,1,1,2
233840,0,1,1,2
233842,0,5,1,6
233873,5,1,6,2
233874,5,1,6,2
233904,5,1,6,2
233905,5,1,6,2
233966,5,1,6,2
233967,5,1,6,2
233997,2,3,3,4
234044,6,0,7,1
234279,0,1,1,2
234317,1,0,2,1
234321,0,1,1,2
234338,0,1,1,2
234364,1,5,2,6
234380,5,0,6,1
234408,5,1,6,2
234492,3,2,4,3
234494,2,3,3,4
234499,2,3,3,4
234533,6,0,7,1
234534,6,0,7,1
234668,4,1,5,2
234731,0,1,1,2
234771,0,1,1,2
234824,0,1,1,2
234855,1,5,2,6
234893,5,1,6,2
234952,5,1,6,2
235109,0,1,1,2
235110,0,1,1,2
235112,0,1,1,2
235123,0,1,1,2
235144,4,1,5,2
235209,0,1,1,2
235211,0,1,1,2
235212,0,1,1,2
235214,0,1,1,2
235243,0,1,1,2
235276,0,1,1,2
235277,0,1,1,2
235338,1,5,2,6
235369,5,1,6,2
235375,5,1,6,2
235420,5,1,6,2
235424,5,1,6,2
235432,5,1,6,2
235433,5,1,6,2
235509,6,0,7,1
235511,6,0,7,1
235582,0,1,1,2
235589,0,1,1,2
235590,0,1,1,2
235611,4,1,5,2
235669,0,1,1,2
235709,0,1,1,2
235743,0,1,1,2
235837,5,1,6,2
235839,5,1,6,2
235840,5,1,6,2
235880,5,1,6,2
235889,5,1,6,2
235890,5,1,6,2
235901,5,1,6,2
235902,5,1,6,2
235903,5,1,6,2
235979,6,0,7,1
236042,0,1,1,2
236045,0,1,1,2
236047,0,1,1,2
236054,0,1,1,2
236055,0,1,1,2
236074,4,1,5,2
236076,4,1,5,2
236077,4,1,5,2
236080,4,1,5,2
236135,4,1,5,2
236145,0,1,1,2
236146,0,1,1,2
236175,0,1,1,2
236206,0,1,1,2
236226,0,1,1,2
236305,5,1,6,2
236308,5,1,6,2
236311,5,1,6,2
236361,5,1,6,2
236373,5,1,6,2
236376,5,1,6,2
236400,2,3,3,4
236433,5,2,6,3
236437,5,2,6,3
236455,6,0,7,1
236517,0,1,1,2
236521,0,1,1,2
236526,0,1,1,2
236530,0,1,1,2
236553,4,1,5,2
236555,4,1,5,2
236557,4,1,5,2
236570,0,1,1,2
236615,0,1,1,2
236618,0,1,1,2
236620,0,1,1,2
236621,0,1,1,2
236625,0,1,1,2
236627,0,1,1,2
236660,0,1,1,2
236685,0,1,1,2
236755,1,5,2,6
236785,5,1,6,2
236786,5,1,6,2
236792,1,5,2,6
236830,5,1,6,2
236831,5,1,6,2
236833,5,1,6,2
236896,5,3,6,4
236920,5,2,6,3
236941,6,0,7,1
236996,0,1,1,2
237029,4,1,5,2
237030,4,1,5,2
237100,0,1,1,2
237106,0,1,1,2
237221,1,0,2,1
237264,5,1,6,2
237266,5,1,6,2
237271,5,1,6,2
237275,1,5,2,6
237314,5,1,6,2
237329,5,1,6,2
237360,2,3,3,4
237380,5,2,6,3
237412,5,2,6,3
237413,5,2,6,3
237420,5,2,6,3
237421,5,2,6,3
237487,0,1,1,2
237512,4,1,5,2
237524,4,1,5,2
237537,0,1,1,2
237587,0,1,1,2
237588,0,1,1,2
237640,0,1,1,2
237745,5,1,6,2
237789,5,1,6,2
237792,5,1,6,2
237809,5,1,6,2
237864,5,2,6,3
237960,0,1,1,2
237961,0,1,1,2
237962,0,1,1,2
237964,0,1,1,2
238005,0,1,1,2
238046,4,1,5,2
238048,0,1,1,2
238084,0,1,1,2
238085,0,1,1,2
238086,0,1,1,2
238090,0,1,1,2
238091,0,1,1,2
238093,0,1,1,2
238109,0,1,1,2
238110,0,1,1,2
238113,0,1,1,2
238210,5,1,6,2
238212,5,1,6,2
238218,1,5,2,6
238264,5,1,6,2
238276,5,1,6,2
238278,5,1,6,2
238280,5,1,6,2
238331,5,2,6,3
238341,5,2,6,3
238342,5,2,6,3
238415,0,1,1,2
238418,0,1,1,2
238447,4,1,5,2
238452,4,1,5,2
238455,4,1,5,2
238456,4,1,5,2
238506,4,1,5,2
238507,4,1,5,2
238534,0,1,1,2
238557,0,1,1,2
238572,0,1,1,2
238636,1,5,2,6
238681,5,1,6,2
238717,5,1,6,2
238743,5,1,6,2
238792,5,2,6,3
238795,5,2,6,3
238809,5,2,6,3
238827,5,2,6,3
238828,5,2,6,3
238891,0,1,1,2
238894,4,1,5,2
238911,4,1,5,2
238918,4,1,5,2
238920,4,1,5,2
238923,4,1,5,2
238952,4,1,5,2
238953,4,1,5,2
238972,4,1,5,2
238982,4,1,5,2
239024,0,1,1,2
239028,0,1,1,2
239047,0,1,1,2
239049,0,1,1,2
239051,0,1,1,2
239156,5,1,6,2
239191,5,1,6,2
239204,5,1,6,2
239280,5,2,6,3
239284,5,2,6,3
239301,5,2,6,3
239355,0,1,1,2
239359,4,1,5,2
239360,4,1,5,2
239382,4,1,5,2
239387,4,1,5,2
239409,0,1,1,2
239439,4,1,5,2
239446,4,1,5,2
239451,1,0,2,1
239454,1,0,2,1
239471,0,1,1,2
239491,0,1,1,2
239515,0,1,1,2
239525,1,0,2,1
239614,5,1,6,2
239655,5,1,6,2
239662,5,1,6,2
239721,3,2,4,3
239756,5,2,6,3
239757,5,2,6,3
239768,5,2,6,3
239770,5,2,6,3
239773,5,2,6,3
239810,0,1,1,2
239824,4,1,5,2
239829,4,1,5,2
239845,4,1,5,2
239849,4,1,5,2
239853,4,1,5,2
239871,0,1,1,2
239872,0,1,1,2
239881,4,1,5,2
239882,4,1,5,2
239898,4,1,5,2
239932,0,1,1,2
239974,0,1,1,2
239975,0,1,1,2
239977,0,1,1,2
240078,5,1,6,2
240079,5,1,6,2
240116,5,1,6,2
240141,5,1,6,2
240142,5,1,6,2
240143,5,1,6,2
240272,0,1,1,2
240275,0,1,1,2
240281,0,1,1,2
240285,4,1,5,2
240302,4,1,5,2
240304,4,1,5,2
240331,0,1,1,2
240338,4,1,5,2
240339,4,1,5,2
240366,1,0,2,1
240392,0,1,1,2
240402,0,1,1,2
240409,1,0,2,1
240423,0,1,1,2
240426,0,1,1,2
240427,0,1,1,2
240430,0,1,1,2
240529,5,1,6,2
240531,5,1,6,2
240568,0,1,1,2
240580,5,1,6,2
240585,5,1,6,2
240593,5,1,6,2
240596,5,1,6,2
240638,2,3,3,4
240666,5,2,6,3
240674,5,2,6,3
240680,5,2,6,3
240683,5,2,6,3
240728,0,1,1,2
240737,0,1,1,2
240740,4,1,5,2
240741,4,1,5,2
240744,4,1,5,2
240755,4,1,5,2
240760,4,1,5,2
240766,4,1,5,2
240795,4,1,5,2
240796,4,1,5,2
240807,4,1,5,2
240808,4,1,5,2
240810,4,1,5,2
240820,4,1,5,2
240821,4,1,5,2
240823,4,1,5,2
240851,0,1,1,2
240852,0,1,1,2
240863,0,1,1,2
240946,1,0,2,1
240948,1,0,2,1
240989,5,1,6,2
240994,5,1,6,2
241045,5,1,6,2
241049,5,1,6,2
241052,5,1,6,2
241056,5,1,6,2
241059,5,1,6,2
241060,5,1,6,2
241102,3,2,4,3
241130,5,2,6,3
241150,5,2,6,3
241162,5,2,6,3
241191,0,1,1,2
241199,0,1,1,2
241203,4,1,5,2
241229,4,1,5,2
241234,4,1,5,2
241256,4,1,5,2
241257,4,1,5,2
241258,4,1,5,2
241266,4,1,5,2
241274,4,1,5,2
241277,4,1,5,2
241285,4,1,5,2
241315,0,1,1,2
241325,0,1,1,2
241328,0,1,1,2
241353,0,1,1,2
241354,0,1,1,2
241355,0,1,1,2
241363,1,0,2,1
241406,1,0,2,1
241413,1,5,2,6
241414,1,5,2,6
241487,0,1,1,2
241499,5,1,6,2
241508,5,1,6,2
241510,5,1,6,2
241512,5,1,6,2
241515,5,1,6,2
241517,5,1,6,2
241519,5,1,6,2
241521,5,1,6,2
241544,5,1,6,2
241602,5,2,6,3
241603,5,2,6,3
241621,5,2,6,3
241642,0,1,1,2
241643,0,1,1,2
241656,0,1,1,2
241692,4,1,5,2
241693,4,1,5,2
241697,4,1,5,2
241718,0,1,1,2
241720,4,1,5,2
241730,4,1,5,2
241748,4,1,5,2
241792,0,1,1,2
241816,0,1,1,2
241869,1,0,2,1
241876,1,0,2,1
241915,5,1,6,2
241917,0,1,1,2
241952,0,1,1,2
241970,5,1,6,2
241972,5,1,6,2
241975,5,1,6,2
241976,5,1,6,2
241978,5,1,6,2
241984,5,1,6,2
242004,5,2,6,3
242007,5,2,6,3
242027,2,3,3,4
242056,5,2,6,3
242081,5,2,6,3
242093,2,3,3,4
242099,2,3,3,4
242119,1,0,2,1
242140,0,1,1,2
242144,4,1,5,2
242147,4,1,5,2
242148,4,1,5,2
242163,4,1,5,2
242164,4,1,5,2
242194,0,1,1,2
242195,0,1,1,2
242197,4,1,5,2
242198,4,1,5,2
242211,4,1,5,2
242224,4,1,5,2
242266,0,1,1,2
242269,0,1,1,2
242355,1,0,2,1
242397,0,1,1,2
242398,0,1,1,2
242425,0,1,1,2
242452,5,1,6,2
242453,5,1,6,2
242461,5,1,6,2
242470,2,3,3,4
242476,5,2,6,3
242481,5,2,6,3
242482,5,2,6,3
242486,5,2,6,3
242541,5,2,6,3
242553,5,2,6,3
242558,5,2,6,3
242559,5,2,6,3
242581,2,3,3,4
242616,1,0,2,1
242625,0,1,1,2
242638,4,1,5,2
242639,4,1,5,2
242641,0,1,1,2
242646,4,1,5,2
242652,4,1,5,2
242657,4,1,5,2
242659,4,1,5,2
242691,4,1,5,2
242726,4,1,5,2
242766,0,1,1,2
242793,0,1,1,2
242795,0,1,1,2
242797,1,0,2,1
242894,0,1,1,2
242895,0,1,1,2
242923,0,1,1,2
242927,0,1,1,2
242949,5,1,6,2
242952,5,1,6,2
242956,5,1,6,2
242961,5,1,6,2
242970,5,2,6,3
242972,5,2,6,3
242974,5,2,6,3
242977,5,2,6,3
242981,5,2,6,3
242982,5,2,6,3
242984,5,2,6,3
242986,5,2,6,3
242987,5,2,6,3
243008,3,2,4,3
243041,5,2,6,3
243043,5,2,6,3
243051,5,2,6,3
243106,1,0,2,1
243107,1,0,2,1
243109,1,0,2,1
243150,4,1,5,2
243152,4,1,5,2
243153,4,1,5,2
243157,4,1,5,2
243196,4,1,5,2
243224,4,1,5,2
243225,4,1,5,2
243229,4,1,5,2
243295,0,1,1,2
243297,0,1,1,2
243298,0,1,1,2
243357,1,0,2,1
243392,0,1,1,2
243394,0,1,1,2
243423,0,1,1,2
243441,5,1,6,2
243442,5,2,6,3
243465,1,2,2,3
243474,5,2,6,3
243478,5,2,6,3
243543,5,2,6,3
243612,1,0,2,1
243614,1,0,2,1
243616,1,0,2,1
243640,0,1,1,2
243644,0,1,1,2
243655,4,1,5,2
243661,4,1,5,2
243714,4,1,5,2
243720,4,1,5,2
243757,0,1,1,2
243762,1,0,2,1
243780,0,1,1,2
243784,0,1,1,2
243880,0,1,1,2
243886,0,1,1,2
243888,0,1,1,2
243915,0,1,1,2
243931,5,1,6,2
243951,5,1,6,2
243959,5,2,6,3
243961,5,2,6,3
243966,5,2,6,3
243970,5,2,6,3
243979,5,2,6,3
243980,5,2,6,3
243981,5,2,6,3
244038,5,2,6,3
244041,5,2,6,3
244043,5,2,6,3
244051,5,2,6,3
244054,5,2,6,3
244056,5,2,6,3
244057,5,2,6,3
244058,5,2,6,3
244141,0,1,1,2
244142,0,1,1,2
244152,4,1,5,2
244161,4,1,5,2
244182,0,1,1,2
244188,4,1,5,2
244284,0,1,1,2
244345,1,0,2,1
244346,1,0,2,1
244379,0,1,1,2
244453,1,2,2,3
244458,1,2,2,3
244459,1,2,2,3
244460,5,2,6,3
244461,5,2,6,3
244480,5,2,6,3
244549,5,2,6,3
244563,5,2,6,3
244620,1,0,2,1
244658,4,1,5,2
244661,4,1,5,2
244698,4,1,5,2
244709,4,1,5,2
244710,4,1,5,2
244759,0,1,1,2
244762,0,1,1,2
244852,1,0,2,1
244883,0,1,1,2
244886,0,1,1,2
244887,0,1,1,2
244889,0,1,1,2
244914,0,1,1,2
244916,0,1,1,2
244956,5,1,6,2
244960,1,2,2,3
244961,1,2,2,3
244962,1,2,2,3
244965,1,2,2,3
244968,5,2,6,3
244969,5,2,6,3
244970,5,2,6,3
244973,5,2,6,3
244977,5,2,6,3
244979,5,2,6,3
244983,5,2,6,3
244984,5,2,6,3
245048,5,2,6,3
245054,5,2,6,3
245057,5,2,6,3
245064,5,2,6,3
245162,4,1,5,2
245164,4,1,5,2
245201,4,1,5,2
245203,0,1,1,2
245222,4,1,5,2
245295,0,1,1,2
245296,0,1,1,2
245307,1,0,2,1
245309,1,0,2,1
245313,1,0,2,1
245339,1,0,2,1
245402,0,1,1,2
245403,0,1,1,2
245404,0,1,1,2
245469,5,1,6,2
245479,1,2,2,3
245480,1,2,2,3
245485,5,2,6,3
245488,5,2,6,3
245489,5,2,6,3
245491,5,2,6,3
245494,5,2,6,3
245498,5,2,6,3
245572,5,2,6,3
245574,5,2,6,3
245575,5,2,6,3
245580,5,2,6,3
245584,5,2,6,3
245595,5,2,6,3
245596,5,2,6,3
245682,4,1,5,2
245686,4,1,5,2
245694,4,1,5,2
245724,4,1,5,2
245725,4,1,5,2
245727,0,1,1,2
245797,0,1,1,2
245798,0,1,1,2
245823,0,1,1,2
245835,1,0,2,1
245838,1,0,2,1
245923,0,1,1,2
245925,0,1,1,2
245954,0,1,1,2
245999,1,2,2,3
246002,1,2,2,3
246003,1,2,2,3
246005,1,2,2,3
246009,1,2,2,3
246013,5,2,6,3
246021,5,2,6,3
246024,5,2,6,3
246028,5,2,6,3
246115,5,2,6,3
246116,5,2,6,3
246118,5,2,6,3
246120,5,2,6,3
246125,5,2,6,3
246135,5,2,6,3
246140,2,3,3,4
246217,4,1,5,2
246222,4,1,5,2
246225,4,1,5,2
246271,4,1,5,2
246273,4,1,5,2
246276,4,1,5,2
246277,4,1,5,2
246355,0,1,1,2
246356,0,1,1,2
246358,0,1,1,2
246369,1,0,2,1
246394,1,0,2,1
246419,1,0,2,1
246425,1,0,2,1
246463,0,1,1,2
246466,0,1,1,2
246515,5,1,6,2
246535,1,2,2,3
246539,1,2,2,3
246540,1,2,2,3
246541,1,2,2,3
246543,1,2,2,3
246548,5,2,6,3
246550,5,2,6,3
246565,5,2,6,3
246566,5,2,6,3
246654,5,2,6,3
246655,5,2,6,3
246656,5,2,6,3
246666,5,2,6,3
246669,5,2,6,3
246757,4,1,5,2
246760,4,1,5,2
246762,4,1,5,2
246769,4,1,5,2
246770,4,1,5,2
246799,4,1,5,2
246814,4,1,5,2
246815,4,1,5,2
246818,4,1,5,2
246893,0,1,1,2
246896,0,1,1,2
246903,1,0,2,1
246997,0,1,1,2
247000,0,1,1,2
247075,1,2,2,3
247077,1,2,2,3
247090,5,2,6,3
247093,5,2,6,3
247096,5,2,6,3
247097,5,2,6,3
247108,5,2,6,3
247129,2,5,3,6
247141,2,3,3,4
247206,5,2,6,3
247207,5,2,6,3
247287,4,1,5,2
247323,4,1,5,2
247324,4,1,5,2
247332,0,1,1,2
247333,0,1,1,2
247344,4,1,5,2
247419,0,1,1,2
247420,0,1,1,2
247422,0,1,1,2
247431,1,0,2,1
247493,1,0,2,1
247527,0,1,1,2
247581,5,1,6,2
247604,1,2,2,3
247606,1,2,2,3
247610,1,2,2,3
247616,5,2,6,3
247618,5,2,6,3
247619,5,2,6,3
247627,5,2,6,3
247629,5,2,6,3
247635,5,2,6,3
247636,5,2,6,3
247746,5,2,6,3
247747,5,2,6,3
247751,5,2,6,3
247756,5,2,6,3
247835,4,1,5,2
247863,0,1,1,2
247865,0,1,1,2
247866,4,1,5,2
247868,4,1,5,2
247869,4,1,5,2
247871,4,1,5,2
247890,4,1,5,2
247892,4,1,5,2
247894,4,1,5,2
247971,0,1,1,2
247974,0,1,1,2
247983,1,0,2,1
247984,1,0,2,1
248160,1,2,2,3
248161,1,2,2,3
248163,1,2,2,3
248169,1,2,2,3
248171,5,2,6,3
248177,5,2,6,3
248179,5,2,6,3
248180,5,2,6,3
248183,5,2,6,3
248186,5,2,6,3
248295,5,2,6,3
248303,5,2,6,3
248309,5,2,6,3
248310,5,2,6,3
248313,5,2,6,3
248383,4,1,5,2
248385,4,1,5,2
248387,4,1,5,2
248388,4,1,5,2
248389,4,1,5,2
248395,4,1,5,2
248421,4,1,5,2
248422,4,1,5,2
248431,0,1,1,2
248447,4,1,5,2
248448,4,1,5,2
248449,4,1,5,2
248453,4,1,5,2
248504,0,1,1,2
248505,0,1,1,2
248592,1,0,2,1
248702,1,2,2,3
248707,1,2,2,3
248708,1,2,2,3
248711,1,2,2,3
248715,1,2,2,3
248717,1,2,2,3
248719,5,2,6,3
248725,5,2,6,3
248728,5,2,6,3
248733,5,2,6,3
248868,5,2,6,3
248908,6,0,7,1
248910,6,0,7,1
248912,6,0,7,1
248916,6,0,7,1
248917,6,0,7,1
248958,4,1,5,2
248966,4,1,5,2
248970,4,1,5,2
249000,0,1,1,2
249013,0,1,1,2
249014,0,1,1,2
249035,4,1,5,2
249037,4,1,5,2
249084,0,1,1,2
249122,1,0,2,1
249214,0,1,1,2
249277,1,2,2,3
249278,1,2,2,3
249287,1,2,2,3
249294,5,2,6,3
249307,5,2,6,3
249313,5,2,6,3
249446,5,2,6,3
249488,6,0,7,1
249490,6,0,7,1
249492,6,0,7,1
249495,6,0,7,1
249558,4,1,5,2
249563,4,1,5,2
249590,0,1,1,2
249591,0,1,1,2
249595,0,1,1,2
249601,0,1,1,2
249608,0,1,1,2
249609,0,1,1,2
249611,0,1,1,2
249613,0,1,1,2
249676,0,1,1,2
249678,0,1,1,2
249682,0,1,1,2
249683,0,1,1,2
249695,1,0,2,1
249792,1,0,2,1
249794,1,0,2,1
249870,1,3,2,4
249873,1,2,2,3
249875,1,2,2,3
249877,1,2,2,3
249896,1,2,2,3
249902,5,2,6,3
249903,5,2,6,3
249904,5,2,6,3
249906,5,2,6,3
249914,5,2,6,3
250050,5,2,6,3
250056,5,2,6,3
250057,5,2,6,3
250064,5,2,6,3
250065,5,2,6,3
250098,6,0,7,1
250101,6,0,7,1
250203,0,1,1,2
250204,0,1,1,2
250205,0,1,1,2
250218,0,1,1,2
250290,0,1,1,2
250364,1,0,2,1
250404,1,0,2,1
250449,5,0,6,1
250455,1,5,2,6
250485,1,2,2,3
250491,1,2,2,3
250497,1,2,2,3
250501,1,2,2,3
250505,1,2,2,3
250511,5,2,6,3
250512,5,2,6,3
250516,5,2,6,3
250616,2,3,3,4
250668,5,2,6,3
250683,5,2,6,3
250684,5,2,6,3
250709,6,0,7,1
250710,6,0,7,1
250711,6,0,7,1
250791,4,1,5,2
250831,0,1,1,2
250834,0,1,1,2
250838,0,1,1,2
250842,0,1,1,2
250860,1,0,2,1
250862,4,1,5,2
250865,4,1,5,2
250898,0,1,1,2
250905,0,1,1,2
250908,0,1,1,2
250910,0,1,1,2
251068,5,1,6,2
251072,0,1,1,2
251073,0,1,1,2
251087,1,4,2,5
251102,1,2,2,3
251111,1,2,2,3
251118,1,2,2,3
251122,1,2,2,3
251125,1,2,2,3
251128,5,2,6,3
251131,5,2,6,3
251136,5,2,6,3
251286,5,2,6,3
251287,5,2,6,3
251288,5,2,6,3
251304,5,2,6,3
251305,5,2,6,3
251336,6,0,7,1
251372,1,6,2,7
251422,4,1,5,2
251423,4,1,5,2
251459,0,1,1,2
251472,0,1,1,2
251474,0,1,1,2
251520,4,1,5,2
251522,4,1,5,2
251529,0,1,1,2
251531,0,1,1,2
251532,0,1,1,2
251538,0,1,1,2
251541,0,1,1,2
251545,0,1,1,2
251599,1,0,2,1
251612,1,0,2,1
251614,1,0,2,1
251650,1,0,2,1
251656,0,1,1,2
251657,0,1,1,2
251700,0,1,1,2
251701,0,1,1,2
251702,0,1,1,2
251742,1,2,2,3
251743,1,2,2,3
251748,1,2,2,3
251761,5,2,6,3
251764,5,2,6,3
251769,5,2,6,3
251924,5,2,6,3
251928,5,2,6,3
251929,5,2,6,3
251936,5,2,6,3
251955,2,3,3,4
251966,6,0,7,1
252004,1,0,2,1
252005,1,6,2,7
252054,4,1,5,2
252079,0,1,1,2
252093,0,1,1,2
252102,0,1,1,2
252104,0,1,1,2
252108,0,1,1,2
252144,4,1,5,2
252146,4,1,5,2
252150,4,0,5,1
252152,4,0,5,1
252156,0,1,1,2
252157,0,1,1,2
252160,0,1,1,2
252161,0,1,1,2
252167,0,1,1,2
252169,0,1,1,2
252171,0,1,1,2
252276,1,0,2,1
252279,0,1,1,2
252323,0,1,1,2
252329,0,1,1,2
252330,0,1,1,2
252331,0,1,1,2
252363,1,5,2,6
252364,1,2,2,3
252369,1,2,2,3
252374,1,2,2,3
252378,1,2,2,3
252384,5,2,6,3
252388,5,2,6,3
252390,5,2,6,3
252393,5,2,6,3
252394,5,2,6,3
252547,5,2,6,3
252551,5,2,6,3
252556,5,2,6,3
252558,5,2,6,3
252561,5,2,6,3
252563,5,2,6,3
252564,5,2,6,3
252665,0,1,1,2
252702,0,1,1,2
252706,0,1,1,2
252728,0,1,1,2
252761,4,1,5,2
252762,4,1,5,2
252777,1,0,2,1
252783,0,1,1,2
252784,0,1,1,2
252786,0,1,1,2
252861,1,0,2,1
252896,1,0,2,1
252897,1,0,2,1
252941,5,0,6,1
252942,0,1,1,2
252943,0,1,1,2
252949,0,1,1,2
252979,1,2,2,3
252990,1,2,2,3
253003,5,2,6,3
253010,2,5,3,6
253172,5,2,6,3
253173,5,2,6,3
253184,5,2,6,3
253217,6,0,7,1
253290,0,1,1,2
253304,4,1,5,2
253325,0,1,1,2
253331,0,1,1,2
253351,0,1,1,2
253373,1,0,2,1
253390,4,1,5,2
253511,1,0,2,1
253559,5,1,6,2
253562,0,1,1,2
253566,0,1,1,2
253605,1,2,2,3
253612,1,2,2,3
253615,1,2,2,3
253619,5,2,6,3
253620,5,2,6,3
253621,5,2,6,3
253769,2,5,3,6
253794,5,2,6,3
253796,5,2,6,3
253798,5,2,6,3
253800,5,2,6,3
253802,5,2,6,3
253803,5,2,6,3
253835,6,0,7,1
253838,6,0,7,1
253871,1,0,2,1
253873,1,0,2,1
253908,0,1,1,2
253946,0,1,1,2
253958,0,1,1,2
253960,0,1,1,2
253964,0,1,1,2
253966,0,1,1,2
253970,0,1,1,2
254000,4,1,5,2
254029,1,0,2,1
254032,1,0,2,1
254033,1,0,2,1
254060,1,0,2,1
254079,1,0,2,1
254083,1,0,2,1
254123,1,0,2,1
254177,0,1,1,2
254178,0,1,1,2
254182,0,1,1,2
254183,0,1,1,2
254187,0,1,1,2
254191,0,1,1,2
254212,1,5,2,6
254213,1,2,2,3
254215,1,5,2,6
254216,1,2,2,3
254217,1,2,2,3
254220,1,2,2,3
254390,5,2,6,3
254393,5,2,6,3
254394,5,2,6,3
254398,5,2,6,3
254401,5,2,6,3
254402,5,2,6,3
254436,6,0,7,1
254456,0,1,1,2
254473,1,0,2,1
254603,4,1,5,2
254664,1,0,2,1
254673,1,0,2,1
254686,1,0,2,1
254687,1,0,2,1
254774,0,1,1,2
254776,0,1,1,2
254786,0,1,1,2
254788,0,1,1,2
254790,0,1,1,2
254792,0,1,1,2
254795,0,1,1,2
254797,0,1,1,2
254799,0,1,1,2
254816,1,2,2,3
254817,1,2,2,3
254917,2,5,3,6
254939,3,2,4,3
254953,2,5,3,6
255000,5,2,6,3
255002,5,2,6,3
255004,5,2,6,3
255035,6,0,7,1
255037,6,0,7,1
255072,1,0,2,1
255073,1,0,2,1
255074,1,0,2,1
255076,1,0,2,1
255115,0,1,1,2
255131,1,4,2,5
255177,0,1,1,2
255178,0,1,1,2
255181,0,1,1,2
255182,0,1,1,2
255183,0,1,1,2
255215,4,1,5,2
255242,0,1,1,2
255289,1,0,2,1
255300,1,0,2,1
255303,1,0,2,1
255321,1,0,2,1
255388,0,1,1,2
255396,0,1,1,2
255398,0,1,1,2
255400,0,1,1,2
255401,0,1,1,2
255403,0,1,1,2
255406,0,1,1,2
255409,0,1,1,2
255413,0,1,1,2
255429,1,2,2,3
255438,1,5,2,6
255475,2,5,3,6
255632,6,0,7,1
255635,6,0,7,1
255637,6,0,7,1
255658,0,1,1,2
255668,1,0,2,1
255711,0,1,1,2
255712,0,1,1,2
255732,1,4,2,5
255739,0,1,1,2
255804,1,0,2,1
255906,1,0,2,1
255988,5,0,6,1
255998,0,1,1,2
256000,0,1,1,2
256004,0,1,1,2
256006,0,1,1,2
256007,0,1,1,2
256012,0,1,1,2
256016,0,1,1,2
256032,1,2,2,3
256035,1,2,2,3
256042,1,2,2,3
256045,2,5,3,6
256112,2,5,3,6
256133,3,2,4,3
256197,5,2,6,3
256203,5,2,6,3
256235,6,0,7,1
256262,1,0,2,1
256265,1,0,2,1
256271,1,0,2,1
256291,0,1,1,2
256309,0,1,1,2
256332,0,1,1,2
256334,0,1,1,2
256342,0,1,1,2
256362,0,1,1,2
256384,0,1,1,2
256386,0,1,1,2
256393,0,1,1,2
256394,0,1,1,2
256449,0,1,1,2
256536,1,0,2,1
256582,5,0,6,1
256596,0,1,1,2
256597,0,1,1,2
256599,0,1,1,2
256607,0,1,1,2
256625,1,2,2,3
256626,1,2,2,3
256632,1,2,2,3
256780,5,2,6,3
256782,5,2,6,3
256784,5,2,6,3
256788,5,2,6,3
256821,6,0,7,1
256839,0,6,1,7
256852,1,0,2,1
256853,1,6,2,7
256854,1,6,2,7
256855,1,0,2,1
256878,0,1,1,2
256899,0,1,1,2
256900,0,1,1,2
256901,0,1,1,2
256927,0,1,1,2
256929,0,1,1,2
256934,0,1,1,2
256959,0,1,1,2
256980,0,1,1,2
256982,0,1,1,2
256987,0,1,1,2
257047,0,1,1,2
257086,1,0,2,1
257176,0,1,1,2
257177,0,1,1,2
257178,0,1,1,2
257183,0,1,1,2
257184,0,1,1,2
257185,0,1,1,2
257188,0,1,1,2
257189,0,1,1,2
257190,0,1,1,2
257206,1,2,2,3
257213,1,5,2,6
257217,1,2,2,3
257220,2,3,3,4
257272,2,5,3,6
257295,3,2,4,3
257397,6,0,7,1
257403,6,0,7,1
257433,1,0,2,1
257441,1,0,2,1
257472,0,1,1,2
257508,0,1,1,2
257510,0,1,1,2
257518,0,1,1,2
257522,0,1,1,2
257543,0,1,1,2
257566,0,1,1,2
257570,0,1,1,2
257574,0,1,1,2
257674,1,0,2,1
257675,1,0,2,1
257745,5,0,6,1
257757,0,1,1,2
257783,1,2,2,3
257784,1,2,2,3
257788,1,2,2,3
257855,2,5,3,6
257939,5,2,6,3
257977,6,0,7,1
257978,6,0,7,1
257984,6,0,7,1
258012,1,0,2,1
258021,1,0,2,1
258061,0,1,1,2
258063,0,1,1,2
258064,0,1,1,2
258090,0,1,1,2
258091,0,1,1,2
258095,0,1,1,2
258099,0,1,1,2
258123,0,1,1,2
258147,0,1,1,2
258152,0,1,1,2
258153,0,1,1,2
258210,0,1,1,2
258230,1,0,2,1
258253,1,0,2,1
258320,1,5,2,6
258333,0,1,1,2
258356,1,2,2,3
258360,1,2,2,3
258364,1,5,2,6
258367,1,2,2,3
258426,2,5,3,6
258432,2,5,3,6
258433,2,5,3,6
258463,2,5,3,6
258542,6,0,7,1
258549,6,0,7,1
258550,6,0,7,1
258577,1,0,2,1
258582,1,0,2,1
258629,0,1,1,2
258655,0,1,1,2
258656,0,1,1,2
258659,0,1,1,2
258663,0,1,1,2
258668,0,1,1,2
258673,0,1,1,2
258720,0,1,1,2
258723,0,1,1,2
258779,0,1,1,2
258835,1,0,2,1
258916,1,2,2,3
258919,1,2,2,3
258926,1,2,2,3
258999,3,2,4,3
259021,2,5,3,6
259105,6,0,7,1
259110,6,0,7,1
259111,6,0,7,1
259135,0,1,1,2
259145,1,0,2,1
259147,1,0,2,1
259151,1,0,2,1
259153,1,0,2,1
259217,1,4,2,5
259220,0,1,1,2
259228,0,1,1,2
259235,0,1,1,2
259283,0,1,1,2
259290,0,1,1,2
259309,0,1,1,2
259310,0,1,1,2
259316,1,0,2,1
259343,0,1,1,2
259366,1,0,2,1
259397,4,1,5,2
259399,4,1,5,2
259404,4,1,5,2
259429,5,0,6,1
259441,4,1,5,2
259445,0,1,1,2
259464,1,2,2,3
259550,2,5,3,6
259552,2,5,3,6
259555,2,5,3,6
259560,3,2,4,3
259702,1,0,2,1
259745,0,1,1,2
259746,0,1,1,2
259770,1,4,2,5
259772,0,1,1,2
259783,0,1,1,2
259790,0,1,1,2
259835,0,1,1,2
259844,0,1,1,2
259865,0,1,1,2
259928,1,0,2,1
259945,4,1,5,2
259950,4,1,5,2
259953,4,1,5,2
260006,1,2,2,3
260009,1,2,2,3
260010,1,2,2,3
260087,2,5,3,6
260202,6,0,7,1
260203,6,0,7,1
260205,6,0,7,1
260210,6,0,7,1
260243,1,0,2,1
260245,1,0,2,1
260247,1,0,2,1
260314,0,1,1,2
260337,0,1,1,2
260382,0,1,1,2
260388,0,1,1,2
260413,0,1,1,2
260414,0,1,1,2
260415,0,1,1,2
260445,0,1,1,2
260468,1,0,2,1
260476,1,0,2,1
260488,4,1,5,2
260496,4,1,5,2
260508,4,1,5,2
260523,0,1,1,2
260530,0,1,1,2
260545,1,2,2,3
260546,1,2,2,3
260560,2,3,3,4
260738,6,0,7,1
260747,6,0,7,1
260748,6,0,7,1
260749,6,0,7,1
260779,1,0,2,1
260824,0,1,1,2
260825,0,1,1,2
260850,0,1,1,2
260860,0,1,1,2
260906,0,1,1,2
260908,0,1,1,2
260909,0,1,1,2
260911,0,1,1,2
260912,0,1,1,2
260917,0,1,1,2
260933,0,1,1,2
260938,0,1,1,2
261019,4,1,5,2
261020,4,1,5,2
261028,4,1,5,2
261036,4,1,5,2
261048,4,1,5,2
261059,0,1,1,2
261090,2,5,3,6
261141,2,5,3,6
261169,3,2,4,3
261222,2,5,3,6
261240,2,3,3,4
261277,6,0,7,1
261384,0,1,1,2
261526,1,0,2,1
261537,4,1,5,2
261539,4,1,5,2
261541,4,1,5,2
261564,4,1,5,2
261571,0,1,1,2
261576,0,1,1,2
261768,2,3,3,4
261800,6,0,7,1
261802,6,0,7,1
261880,0,1,1,2
261887,1,0,2,1
261898,0,1,1,2
261903,0,1,1,2
261947,0,1,1,2
261952,0,1,1,2
261957,0,1,1,2
261958,0,1,1,2
261978,0,1,1,2
262046,1,0,2,1
262047,1,0,2,1
262048,1,0,2,1
262055,4,1,5,2
262063,4,1,5,2
262066,4,1,5,2
262067,4,1,5,2
262069,4,1,5,2
262076,4,1,5,2
262077,4,1,5,2
262083,0,1,1,2
262086,0,1,1,2
262209,3,2,4,3
262279,2,3,3,4
262305,6,0,7,1
262309,6,0,7,1
262341,1,0,2,1
262385,0,1,1,2
262389,0,1,1,2
262405,0,1,1,2
262450,0,1,1,2
262451,0,1,1,2
262452,0,1,1,2
262459,0,1,1,2
262474,0,1,1,2
262478,0,1,1,2
262482,0,1,1,2
262483,0,1,1,2
262515,0,1,1,2
262516,0,1,1,2
262559,4,1,5,2
262564,4,1,5,2
262571,4,1,5,2
262575,4,1,5,2
262577,1,0,2,1
262581,0,1,1,2
262586,0,1,1,2
262592,0,1,1,2
262593,0,1,1,2
262767,5,2,6,3
262776,2,5,3,6
262777,2,5,3,6
262840,1,0,2,1
262942,0,1,1,2
262944,0,1,1,2
262960,0,1,1,2
262972,4,1,5,2
263041,4,1,5,2
263048,4,1,5,2
263049,4,1,5,2
263053,4,1,5,2
263056,4,1,5,2
263070,0,1,1,2
263080,0,1,1,2
263181,3,5,4,6
263185,3,2,4,3
263190,3,2,4,3
263191,3,2,4,3
263192,3,2,4,3
263277,2,3,3,4
263294,6,0,7,1
263296,6,0,7,1
263298,6,0,7,1
263300,6,0,7,1
263306,0,6,1,7
263410,4,1,5,2
263417,0,1,1,2
263420,0,1,1,2
263427,0,1,1,2
263476,0,1,1,2
263510,1,0,2,1
263519,4,1,5,2
263520,4,1,5,2
263521,4,1,5,2
263528,4,1,5,2
263534,4,1,5,2
263542,5,1,6,2
263548,0,1,1,2
263551,0,1,1,2
263557,0,1,1,2
263570,2,1,3,2
263730,5,2,6,3
263738,5,2,6,3
263785,0,1,1,2
263798,1,0,2,1
263839,1,0,2,1
263871,4,1,5,2
263885,0,1,1,2
263889,0,1,1,2
263897,0,1,1,2
263914,4,1,5,2
263986,4,1,5,2
263995,4,1,5,2
264001,0,1,1,2
264008,0,1,1,2
264012,0,1,1,2
264014,0,1,1,2
264052,2,5,3,6
264171,5,2,6,3
264182,5,2,6,3
264202,5,2,6,3
264242,0,1,1,2
264251,1,0,2,1
264338,0,1,1,2
264340,0,1,1,2
264346,0,1,1,2
264352,0,1,1,2
264367,4,1,5,2
264431,4,1,5,2
264433,4,1,5,2
264438,4,1,5,2
264446,4,1,5,2
264458,0,1,1,2
264547,2,5,3,6
264562,3,2,4,3
264567,3,2,4,3
264570,3,2,4,3
264632,5,2,6,3
264649,5,2,6,3
264650,5,3,6,4
264651,5,3,6,4
264711,1,0,2,1
264797,4,1,5,2
264807,0,1,1,2
264808,0,1,1,2
264814,0,1,1,2
264815,0,1,1,2
264824,0,1,1,2
264859,0,1,1,2
264890,4,1,5,2
264892,4,1,5,2
264903,4,1,5,2
264917,0,1,1,2
264921,0,1,1,2
265013,3,2,4,3
265015,3,2,4,3
265078,5,2,6,3
265093,5,2,6,3
265197,1,0,2,1
265200,1,0,2,1
265204,1,0,2,1
265249,4,1,5,2
265256,0,1,1,2
265257,0,1,1,2
265263,0,1,1,2
265345,0,1,1,2
265349,0,1,1,2
265393,2,5,3,6
265524,5,2,6,3
265621,0,1,1,2
265626,0,1,1,2
265645,1,0,2,1
265694,4,1,5,2
265710,0,1,1,2
265711,0,1,1,2
265729,4,1,5,2
265777,0,1,1,2
265779,0,1,1,2
265780,0,1,1,2
265845,2,5,3,6
265856,2,3,3,4
265872,3,2,4,3
265945,5,2,6,3
265959,6,0,7,1
266081,0,1,1,2
266082,0,1,1,2
266127,4,1,5,2
266128,4,1,5,2
266139,1,0,2,1
266158,0,1,1,2
266161,0,1,1,2
266209,0,1,1,2
266258,2,5,3,6
266278,2,5,3,6
266366,5,2,6,3
266375,5,2,6,3
266378,3,2,4,3
266400,6,0,7,1
266401,6,0,7,1
266484,0,1,1,2
266491,0,1,1,2
266492,0,1,1,2
266505,0,1,1,2
266598,0,1,1,2
266715,2,5,3,6
266826,5,2,6,3
266845,6,0,7,1
266939,0,1,1,2
266940,0,1,1,2
266941,0,1,1,2
266953,1,0,2,1
267094,1,0,2,1
267166,2,5,3,6
267168,2,5,3,6
267216,3,2,4,3
267280,5,2,6,3
267281,5,2,6,3
267285,5,2,6,3
267305,6,0,7,1
267417,0,1,1,2
267434,1,0,2,1
267455,0,1,1,2
267456,0,1,1,2
267510,4,1,5,2
267518,1,0,2,1
267537,1,0,2,1
267545,4,1,5,2
267697,3,2,4,3
267763,5,2,6,3
267772,5,2,6,3
267779,5,2,6,3
267873,0,1,1,2
267875,0,1,1,2
267889,0,1,1,2
267946,1,0,2,1
267953,0,1,1,2
268006,4,1,5,2
268009,4,1,5,2
268011,4,1,5,2
268012,4,1,5,2
268030,1,0,2,1
268031,1,0,2,1
268069,1,0,2,1
268071,1,0,2,1
268151,2,5,3,6
268180,2,5,3,6
268206,2,5,3,6
268257,5,2,6,3
268269,5,2,6,3
268412,0,1,1,2
268413,0,1,1,2
268414,0,1,1,2
268455,0,1,1,2
268505,4,1,5,2
268565,1,0,2,1
268641,3,2,4,3
268687,2,5,3,6
268709,2,5,3,6
268746,5,2,6,3
268748,5,2,6,3
268749,5,2,6,3
268751,5,2,6,3
268754,5,2,6,3
268757,5,2,6,3
268765,5,2,6,3
268859,0,1,1,2
268900,0,1,1,2
268902,0,1,1,2
268907,0,1,1,2
268943,0,1,1,2
268944,0,1,1,2
268945,0,1,1,2
268952,0,1,1,2
269099,3,2,4,3
269131,2,3,3,4
269180,2,5,3,6
269181,2,5,3,6
269182,2,5,3,6
269187,2,5,3,6
269239,5,2,6,3
269244,5,2,6,3
269256,5,2,6,3
269257,5,2,6,3
269264,6,0,7,1
269348,0,1,1,2
269351,0,1,1,2
269358,1,0,2,1
269367,0,1,1,2
269390,0,1,1,2
269447,0,1,1,2
269691,2,5,3,6
269697,2,5,3,6
269716,2,5,3,6
269737,5,2,6,3
269746,5,2,6,3
269754,5,2,6,3
269768,5,2,6,3
269771,5,2,6,3
269773,5,2,6,3
269776,5,2,6,3
269779,6,0,7,1
269855,0,1,1,2
269857,0,1,1,2
269862,0,1,1,2
269864,0,1,1,2
269871,1,0,2,1
269905,0,1,1,2
269946,0,1,1,2
269960,0,1,1,2
269961,0,1,1,2
269965,0,1,1,2
269968,0,1,1,2
270005,4,1,5,2
270038,1,0,2,1
270040,0,1,1,2
270043,0,1,1,2
270065,1,0,2,1
270147,2,3,3,4
270194,2,5,3,6
270255,5,2,6,3
270260,5,2,6,3
270271,5,2,6,3
270274,5,2,6,3
270277,5,2,6,3
270286,6,0,7,1
270381,0,1,1,2
270383,0,1,1,2
270388,0,1,1,2
270391,0,1,1,2
270471,0,1,1,2
270479,0,1,1,2
270480,0,1,1,2
270512,4,1,5,2
270513,4,1,5,2
270553,0,1,1,2
270603,3,2,4,3
270699,2,5,3,6
270760,5,2,6,3
270761,5,2,6,3
270763,5,2,6,3
270766,5,2,6,3
270767,5,2,6,3
270783,5,2,6,3
270791,5,2,6,3
270792,5,2,6,3
270793,5,2,6,3
270874,0,1,1,2
270892,0,1,1,2
270898,0,1,1,2
270931,0,1,1,2
271022,4,1,5,2
271056,0,1,1,2
271069,0,1,1,2
271121,2,5,3,6
271221,2,5,3,6
271285,5,2,6,3
271291,5,2,6,3
271398,0,1,1,2
271404,0,1,1,2
271438,0,1,1,2
271489,0,1,1,2
271493,0,1,1,2
271494,0,1,1,2
271497,0,1,1,2
271499,0,1,1,2
271500,4,1,5,2
271518,4,1,5,2
271522,4,1,5,2
271523,4,1,5,2
271527,4,1,5,2
271531,4,1,5,2
271532,4,1,5,2
271533,4,1,5,2
271558,0,1,1,2
271576,0,1,1,2
271644,2,5,3,6
271741,2,5,3,6
271750,2,5,3,6
271765,5,2,6,3
271771,5,2,6,3
271790,5,2,6,3
271796,5,2,6,3
271798,5,2,6,3
271810,6,0,7,1
271904,0,1,1,2
271908,0,1,1,2
271909,0,1,1,2
271940,0,1,1,2
271994,0,1,1,2
272007,4,1,5,2
272008,4,1,5,2
272009,4,1,5,2
272027,4,1,5,2
272036,4,1,5,2
272061,0,1,1,2
272064,0,1,1,2
272066,0,1,1,2
272077,0,1,1,2
272082,0,1,1,2
272156,2,5,3,6
272201,2,5,3,6
272225,2,5,3,6
272237,2,5,3,6
272254,2,5,3,6
272265,5,2,6,3
272273,5,2,6,3
272277,5,3,6,4
272287,5,2,6,3
272296,5,2,6,3
272297,5,2,6,3
272299,5,2,6,3
272301,5,2,6,3
272310,5,2,6,3
272319,6,0,7,1
272322,6,0,7,1
272415,0,1,1,2
272426,0,1,1,2
272428,0,1,1,2
272515,0,1,1,2
272525,0,1,1,2
272537,4,1,5,2
272553,4,1,5,2
272554,4,1,5,2
272560,4,1,5,2
272595,0,1,1,2
272605,0,1,1,2
272607,0,1,1,2
272608,0,1,1,2
272610,0,1,1,2
272617,0,1,1,2
272622,0,1,1,2
272790,5,2,6,3
272799,5,2,6,3
272803,5,2,6,3
272806,5,2,6,3
272807,5,2,6,3
272809,5,2,6,3
272931,0,1,1,2
272934,0,1,1,2
272944,0,1,1,2
272974,1,0,2,1
273038,0,1,1,2
273040,0,1,1,2
273043,0,1,1,2
273065,4,1,5,2
273069,4,1,5,2
273073,4,1,5,2
273076,4,1,5,2
273078,4,1,5,2
273079,4,1,5,2
273083,4,0,5,1
273087,4,1,5,2
273091,4,1,5,2
273096,4,1,5,2
273126,0,1,1,2
273135,1,0,2,1
273140,0,1,1,2
273153,1,0,2,1
273226,2,5,3,6
273257,2,3,3,4
273286,2,5,3,6
273301,2,5,3,6
273339,5,2,6,3
273343,5,2,6,3
273344,5,2,6,3
273351,5,2,6,3
273355,5,2,6,3
273360,5,2,6,3
273379,6,0,7,1
273382,6,0,7,1
273466,0,1,1,2
273468,0,1,1,2
273469,0,1,1,2
273588,0,1,1,2
273603,0,1,1,2
273606,0,1,1,2
273614,4,1,5,2
273622,4,1,5,2
273623,4,1,5,2
273626,4,0,5,1
273627,4,1,5,2
273632,4,1,5,2
273636,4,1,5,2
273637,4,1,5,2
273638,4,1,5,2
273644,4,1,5,2
273645,4,1,5,2
273668,1,0,2,1
273679,0,1,1,2
273681,0,1,1,2
273684,0,1,1,2
273688,1,4,2,5
273691,0,1,1,2
273727,2,3,3,4
273776,3,2,4,3
273777,3,5,4,6
273810,2,5,3,6
273812,2,5,3,6
273813,2,5,3,6
273816,2,5,3,6
273850,2,5,3,6
273853,2,5,3,6
273858,2,5,3,6
273900,5,3,6,4
273909,5,2,6,3
273919,5,2,6,3
273940,5,2,6,3
273943,6,0,7,1
274028,0,1,1,2
274033,0,1,1,2
274150,0,1,1,2
274153,0,1,1,2
274179,4,1,5,2
274181,4,1,5,2
274183,4,1,5,2
274187,4,1,5,2
274199,4,1,5,2
274200,4,1,5,2
274206,4,1,5,2
274212,4,1,5,2
274234,1,0,2,1
274245,0,1,1,2
274252,0,1,1,2
274285,2,3,3,4
274322,5,2,6,3
274390,2,5,3,6
274392,2,5,3,6
274420,2,5,3,6
274423,2,5,3,6
274429,2,5,3,6
274430,2,5,3,6
274432,2,5,3,6
274488,5,2,6,3
274490,5,2,6,3
274498,5,2,6,3
274508,6,0,7,1
274591,0,1,1,2
274594,0,1,1,2
274610,0,1,1,2
274637,0,1,1,2
274638,0,1,1,2
274640,0,1,1,2
274709,0,1,1,2
274711,0,1,1,2
274720,1,0,2,1
274740,4,1,5,2
274741,4,1,5,2
274744,4,1,5,2
274750,4,1,5,2
274757,4,1,5,2
274758,4,1,5,2
274767,4,1,5,2
274817,2,5,3,6
274869,5,2,6,3
274872,5,2,6,3
274881,2,3,3,4
274903,2,5,3,6
274906,2,5,3,6
274916,2,5,3,6
274944,2,5,3,6
274945,2,5,3,6
274947,2,5,3,6
274948,2,5,3,6
275028,5,2,6,3
275048,5,2,6,3
275052,5,2,6,3
275055,5,2,6,3
275058,5,2,6,3
275066,5,2,6,3
275070,5,2,6,3
275074,6,0,7,1
275077,6,0,7,1
275082,6,0,7,1
275083,6,0,7,1
275084,6,0,7,1
275162,0,1,1,2
275163,0,1,1,2
275181,0,1,1,2
275207,0,1,1,2
275277,0,1,1,2
275278,0,1,1,2
275306,4,1,5,2
275312,4,1,5,2
275323,4,1,5,2
275333,4,1,5,2
275372,0,1,1,2
275441,2,3,3,4
275468,2,5,3,6
275506,2,5,3,6
275508,2,5,3,6
275533,2,5,3,6
275534,2,5,3,6
275582,2,3,3,4
275589,5,2,6,3
275592,5,2,6,3
275596,5,2,6,3
275603,5,2,6,3
275606,5,2,6,3
275607,5,2,6,3
275613,5,2,6,3
275621,5,2,6,3
275630,5,2,6,3
275635,6,0,7,1
275636,6,0,7,1
275641,6,0,7,1
275734,0,1,1,2
275830,0,1,1,2
275866,4,1,5,2
275872,4,1,5,2
275882,4,1,5,2
275883,4,1,5,2
275894,4,1,5,2
275896,4,1,5,2
276018,2,3,3,4
276040,2,5,3,6
276106,2,5,3,6
276107,2,5,3,6
276108,2,5,3,6
276161,2,3,3,4
276175,5,2,6,3
276185,5,2,6,3
276205,5,2,6,3
276298,0,1,1,2
276317,0,1,1,2
276332,1,0,2,1
276347,0,1,1,2
276411,0,1,1,2
276416,0,1,1,2
276443,0,1,1,2
276470,4,1,5,2
276510,0,1,1,2
276511,0,1,1,2
276514,0,1,1,2
276515,0,1,1,2
276580,5,2,6,3
276592,2,3,3,4
276595,2,5,3,6
276634,2,5,3,6
276659,2,5,3,6
276660,2,5,3,6
276679,2,5,3,6
276747,5,3,6,4
276752,5,2,6,3
276767,5,2,6,3
276775,5,2,6,3
276780,5,2,6,3
276873,0,1,1,2
276877,0,1,1,2
276897,0,1,1,2
276902,0,1,1,2
276916,6,0,7,1
276924,0,1,1,2
277047,4,1,5,2
277080,0,1,1,2
277087,0,1,1,2
277088,0,1,1,2
277090,0,1,1,2
277093,0,1,1,2
277180,2,3,3,4
277196,2,5,3,6
277250,2,5,3,6
277257,2,5,3,6
277262,2,5,3,6
277318,2,3,3,4
277341,5,2,6,3
277343,5,2,6,3
277362,5,2,6,3
277368,5,2,6,3
277370,5,2,6,3
277373,5,2,6,3
277375,5,2,6,3
277384,5,2,6,3
277502,1,0,2,1
277517,0,1,1,2
277524,1,0,2,1
277582,0,1,1,2
277634,4,1,5,2
277679,0,1,1,2
277686,0,1,1,2
277721,2,5,3,6
277760,5,2,6,3
277762,5,2,6,3
277789,2,5,3,6
277836,2,5,3,6
277837,2,5,3,6
277850,2,5,3,6
277855,2,5,3,6
277856,2,5,3,6
277863,2,5,3,6
277865,2,5,3,6
277867,2,5,3,6
277902,2,3,3,4
277903,2,3,3,4
277920,5,2,6,3
277928,5,2,6,3
277941,5,2,6,3
277953,5,2,6,3
277955,5,2,6,3
277961,5,2,6,3
278081,6,0,7,1
278083,6,0,7,1
278086,6,0,7,1
278199,0,1,1,2
278255,0,1,1,2
278264,0,1,1,2
278270,0,1,1,2
278271,3,2,4,3
278272,3,2,4,3
278338,5,2,6,3
278418,2,5,3,6
278423,2,5,3,6
278424,2,5,3,6
278433,2,5,3,6
278434,2,5,3,6
278436,2,5,3,6
278455,2,5,3,6
278513,5,2,6,3
278529,5,2,6,3
278545,5,2,6,3
278548,5,2,6,3
278553,5,2,6,3
278661,1,0,2,1
278667,1,0,2,1
278670,6,0,7,1
278700,0,1,1,2
278740,1,0,2,1
278747,0,1,1,2
278783,0,1,1,2
278807,4,1,5,2
278839,0,1,1,2
278916,5,2,6,3
278924,5,2,6,3
278999,2,5,3,6
279000,2,5,3,6
279006,2,5,3,6
279008,2,5,3,6
279024,2,5,3,6
279026,2,5,3,6
279075,5,2,6,3
279085,5,2,6,3
279103,5,2,6,3
279111,5,2,6,3
279112,5,2,6,3
279217,0,1,1,2
279234,6,1,7,2
279245,0,1,1,2
279252,1,0,2,1
279261,0,1,1,2
279262,0,1,1,2
279263,0,1,1,2
279347,0,1,1,2
279395,0,1,1,2
279488,5,2,6,3
279589,2,5,3,6
279640,2,3,3,4
279654,5,2,6,3
279664,5,2,6,3
279665,5,2,6,3
279674,5,2,6,3
279677,5,2,6,3
279681,5,2,6,3
279682,5,2,6,3
279686,5,2,6,3
279689,5,2,6,3
279691,5,2,6,3
279694,5,2,6,3
279701,5,2,6,3
279707,5,2,6,3
279720,6,0,7,1
279721,6,0,7,1
279774,0,1,1,2
279814,1,0,2,1
279821,6,1,7,2
279901,0,1,1,2
279902,0,1,1,2
279940,0,1,1,2
279993,0,1,1,2
279996,0,1,1,2
280001,0,1,1,2
280003,0,1,1,2
280072,2,5,3,6
280075,5,2,6,3
280078,5,2,6,3
280175,2,5,3,6
280180,2,5,3,6
280193,2,5,3,6
280210,3,2,4,3
280245,5,2,6,3
280252,5,2,6,3
280253,5,2,6,3
280279,5,2,6,3
280283,5,2,6,3
280288,5,2,6,3
280289,5,2,6,3
280294,5,2,6,3
280296,5,2,6,3
280297,5,2,6,3
280298,5,2,6,3
280362,0,1,1,2
280414,6,0,7,1
280420,0,1,1,2
280422,0,1,1,2
280423,0,1,1,2
280487,0,1,1,2
280488,0,1,1,2
280491,0,1,1,2
280496,0,1,1,2
280575,0,1,1,2
280582,0,1,1,2
280590,0,1,1,2
280660,5,2,6,3
280739,2,5,3,6
280745,2,5,3,6
280751,2,5,3,6
280754,2,5,3,6
280756,2,5,3,6
280757,2,5,3,6
280803,2,3,3,4
280811,5,2,6,3
280812,5,2,6,3
280814,5,2,6,3
280823,5,2,6,3
280830,5,2,6,3
280843,5,2,6,3
280856,5,2,6,3
280857,5,2,6,3
280863,5,2,6,3
280864,5,2,6,3
280865,5,2,6,3
280867,5,2,6,3
280869,5,2,6,3
280935,0,1,1,2
280959,0,1,1,2
280960,0,1,1,2
280983,6,1,7,2
280985,6,0,7,1
281007,0,1,1,2
281008,0,1,1,2
281011,0,1,1,2
281060,0,1,1,2
281091,0,1,1,2
281116,4,1,5,2
281148,0,1,1,2
281156,0,1,1,2
281161,0,1,1,2
281226,2,5,3,6
281233,5,2,6,3
281239,5,2,6,3
281240,5,2,6,3
281243,5,2,6,3
281267,2,5,3,6
281318,2,5,3,6
281321,2,5,3,6
281332,2,5,3,6
281333,2,5,3,6
281394,5,2,6,3
281397,5,2,6,3
281399,5,2,6,3
281405,5,2,6,3
281428,5,2,6,3
281438,5,2,6,3
281448,5,2,6,3
281450,5,2,6,3
281508,0,1,1,2
281509,0,1,1,2
281552,1,0,2,1
281553,1,0,2,1
281558,6,1,7,2
281559,6,0,7,1
281562,6,0,7,1
281587,0,1,1,2
281594,0,1,1,2
281667,0,1,1,2
281686,4,1,5,2
281688,4,1,5,2
281729,0,1,1,2
281731,0,1,1,2
281735,0,1,1,2
281737,0,1,1,2
281741,0,1,1,2
281809,2,5,3,6
281825,5,2,6,3
281837,2,5,3,6
281842,2,5,3,6
281895,2,5,3,6
281906,2,5,3,6
281907,2,5,3,6
281910,2,5,3,6
281973,5,2,6,3
281974,5,2,6,3
281977,5,2,6,3
281981,5,2,6,3
281996,5,2,6,3
282026,5,2,6,3
282081,0,1,1,2
282082,0,1,1,2
282130,1,0,2,1
282132,6,1,7,2
282134,6,1,7,2
282166,0,1,1,2
282170,0,1,1,2
282214,0,1,1,2
282215,0,1,1,2
282216,0,1,1,2
282262,4,1,5,2
282263,4,1,5,2
282270,4,1,5,2
282314,0,1,1,2
282315,0,1,1,2
282316,0,1,1,2
282348,3,2,4,3
282380,2,3,3,4
282395,5,2,6,3
282427,3,2,4,3
282479,2,5,3,6
282480,2,5,3,6
282535,5,2,6,3
282549,5,2,6,3
282553,5,2,6,3
282554,5,2,6,3
282563,5,2,6,3
282583,5,2,6,3
282592,5,2,6,3
282593,5,2,6,3
282594,5,2,6,3
282596,5,2,6,3
282617,0,6,1,7
282676,0,1,1,2
282690,1,0,2,1
282697,6,0,7,1
282710,1,0,2,1
282720,0,1,1,2
282722,0,1,1,2
282724,0,1,1,2
282729,0,1,1,2
282730,0,1,1,2
282731,0,1,1,2
282812,4,1,5,2
282814,4,1,5,2
282817,4,1,5,2
282819,4,1,5,2
282938,2,5,3,6
282946,5,2,6,3
282947,5,2,6,3
283028,2,5,3,6
283036,2,5,3,6
283111,5,2,6,3
283147,5,2,6,3
283148,5,2,6,3
283154,5,2,6,3
283160,5,2,6,3
283164,5,2,6,3
283183,0,6,1,7
283216,0,1,1,2
283259,1,0,2,1
283263,6,0,7,1
283266,6,1,7,2
283268,6,1,7,2
283270,6,0,7,1
283277,1,0,2,1
283291,0,1,1,2
283292,0,1,1,2
283299,0,1,1,2
283308,0,1,1,2
283384,4,1,5,2
283385,4,1,5,2
283392,4,1,5,2
283395,4,1,5,2
283431,0,1,1,2
283438,0,1,1,2
283439,0,1,1,2
283440,0,1,1,2
283522,5,2,6,3
283528,5,2,6,3
283530,5,2,6,3
283537,2,5,3,6
283603,2,5,3,6
283659,5,2,6,3
283660,5,2,6,3
283666,5,2,6,3
283668,5,2,6,3
283669,5,2,6,3
283677,5,2,6,3
283686,5,2,6,3
283687,5,2,6,3
283688,5,3,6,4
283689,5,3,6,4
283718,5,2,6,3
283721,5,2,6,3
283743,0,6,1,7
283814,1,0,2,1
283816,1,0,2,1
283822,6,0,7,1
283823,6,0,7,1
283824,6,1,7,2
283825,6,0,7,1
283827,6,0,7,1
283828,6,0,7,1
283851,0,1,1,2
283853,0,1,1,2
283858,0,1,1,2
283861,0,1,1,2
283863,0,1,1,2
283932,4,1,5,2
283937,4,1,5,2
283938,4,1,5,2
283979,0,1,1,2
283983,0,1,1,2
284077,5,2,6,3
284094,2,5,3,6
284163,2,5,3,6
284169,2,5,3,6
284202,5,2,6,3
284226,5,2,6,3
284227,5,2,6,3
284234,5,2,6,3
284235,5,2,6,3
284238,5,2,6,3
284239,5,2,6,3
284240,5,2,6,3
284250,5,2,6,3
284252,5,3,6,4
284265,5,2,6,3
284282,5,2,6,3
284284,5,2,6,3
284287,5,2,6,3
284342,0,1,1,2
284396,6,1,7,2
284400,1,0,2,1
284401,1,0,2,1
284419,0,1,1,2
284422,0,1,1,2
284427,0,1,1,2
284428,0,1,1,2
284435,0,1,1,2
284507,4,1,5,2
284549,0,1,1,2
284553,0,1,1,2
284556,0,1,1,2
284560,0,1,1,2
284627,2,1,3,2
284655,5,2,6,3
284668,2,5,3,6
284673,2,5,3,6
284742,2,5,3,6
284746,2,5,3,6
284754,2,5,3,6
284755,2,5,3,6
284768,5,2,6,3
284779,5,2,6,3
284780,5,2,6,3
284800,5,3,6,4
284810,5,2,6,3
284819,5,2,6,3
284820,5,2,6,3
284822,5,2,6,3
284852,5,2,6,3
284859,5,2,6,3
284864,5,2,6,3
284865,5,2,6,3
284866,5,2,6,3
284867,5,2,6,3
284875,5,2,6,3
284932,0,1,1,2
284974,1,0,2,1
284977,6,0,7,1
284981,6,0,7,1
284982,6,0,7,1
284983,6,0,7,1
284984,6,0,7,1
284986,6,0,7,1
285010,0,1,1,2
285014,0,1,1,2
285026,0,1,1,2
285097,4,1,5,2
285098,4,1,5,2
285147,0,1,1,2
285150,0,1,1,2
285152,0,1,1,2
285156,0,1,1,2
285240,5,2,6,3
285242,5,2,6,3
285257,2,5,3,6
285266,5,2,6,3
285314,2,5,3,6
285328,2,5,3,6
285341,2,5,3,6
285391,5,2,6,3
285392,5,2,6,3
285414,5,2,6,3
285437,5,2,6,3
285442,5,2,6,3
285448,5,2,6,3
285551,1,0,2,1
285555,6,0,7,1
285556,6,0,7,1
285558,6,0,7,1
285567,1,0,2,1
285598,0,1,1,2
285672,0,1,1,2
285674,0,1,1,2
285675,0,1,1,2
285677,0,1,1,2
285703,1,0,2,1
285722,0,1,1,2
285728,0,1,1,2
285822,5,3,6,4
285825,5,2,6,3
285828,5,2,6,3
285831,5,2,6,3
285834,5,2,6,3
285837,5,2,6,3
285838,5,2,6,3
285843,2,5,3,6
285996,5,2,6,3
286023,5,2,6,3
286027,5,2,6,3
286138,6,0,7,1
286159,1,0,2,1
286160,1,0,2,1
286185,0,1,1,2
286186,0,1,1,2
286189,0,1,1,2
286190,0,1,1,2
286220,0,1,1,2
286248,4,1,5,2
286255,0,1,1,2
286284,1,0,2,1
286301,0,1,1,2
286306,0,1,1,2
286308,0,1,1,2
286410,5,2,6,3
286422,5,2,6,3
286479,2,5,3,6
286482,2,5,3,6
286488,2,5,3,6
286491,2,5,3,6
286540,5,2,6,3
286555,5,2,6,3
286593,5,2,6,3
286598,5,2,6,3
286599,5,2,6,3
286701,1,0,2,1
286703,1,0,2,1
286705,1,0,2,1
286753,0,1,1,2
286755,0,1,1,2
286756,0,1,1,2
286791,0,1,1,2
286818,0,1,1,2
286871,0,1,1,2
286961,2,5,3,6
286982,5,2,6,3
286984,5,2,6,3
286987,5,2,6,3
286997,5,2,6,3
286999,5,2,6,3
287000,5,2,6,3
287011,2,5,3,6
287055,2,5,3,6
287113,5,2,6,3
287123,5,2,6,3
287132,5,2,6,3
287164,5,2,6,3
287169,5,2,6,3
287171,5,2,6,3
287174,5,2,6,3
287272,1,0,2,1
287323,0,1,1,2
287363,0,1,1,2
287368,0,1,1,2
287435,0,1,1,2
287438,0,1,1,2
287441,0,1,1,2
287445,1,0,2,1
287491,2,1,3,2
287545,5,2,6,3
287551,5,2,6,3
287552,5,2,6,3
287553,5,2,6,3
287556,5,2,6,3
287618,2,5,3,6
287619,2,5,3,6
287644,5,2,6,3
287646,2,5,3,6
287666,5,2,6,3
287667,5,2,6,3
287669,5,2,6,3
287698,5,2,6,3
287730,5,2,6,3
287832,1,0,2,1
287835,6,0,7,1
287837,6,0,7,1
287923,0,1,1,2
287928,0,1,1,2
287947,0,1,1,2
287948,0,1,1,2
288000,0,1,1,2
288004,0,1,1,2
288087,2,5,3,6
288116,5,2,6,3
288117,5,2,6,3
288118,5,2,6,3
288122,5,2,6,3
288127,2,5,3,6
288139,2,3,3,4
288232,5,2,6,3
288246,5,2,6,3
288278,5,2,6,3
288279,5,2,6,3
288286,5,2,6,3
288292,5,2,6,3
288293,5,2,6,3
288295,5,2,6,3
288296,5,2,6,3
288399,6,0,7,1
288437,0,1,1,2
288445,1,0,2,1
288448,1,0,2,1
288472,0,1,1,2
288477,0,1,1,2
288480,0,1,1,2
288558,0,1,1,2
288562,0,1,1,2
288617,2,1,3,2
288671,5,2,6,3
288674,5,2,6,3
288681,5,2,6,3
288684,5,2,6,3
288686,5,2,6,3
288704,2,3,3,4
288761,5,2,6,3
288762,5,2,6,3
288769,5,2,6,3
288770,5,2,6,3
288796,5,2,6,3
288832,5,2,6,3
288877,6,0,7,1
288955,1,0,2,1
288974,1,0,2,1
288994,0,1,1,2
288999,0,1,1,2
289000,0,1,1,2
289002,0,1,1,2
289031,0,1,1,2
289035,0,1,1,2
289040,0,1,1,2
289045,0,1,1,2
289046,0,1,1,2
289047,0,1,1,2
289061,0,1,1,2
289062,0,1,1,2
289065,0,1,1,2
289164,5,2,6,3
289167,5,2,6,3
289170,5,2,6,3
289180,5,2,6,3
289182,5,2,6,3
289248,3,2,4,3
289250,5,2,6,3
289258,5,2,6,3
289277,3,2,4,3
289286,5,2,6,3
289289,5,2,6,3
289299,5,2,6,3
289311,5,2,6,3
289314,5,2,6,3
289318,5,3,6,4
289324,5,2,6,3
289325,5,2,6,3
289340,5,2,6,3
289349,5,2,6,3
289350,5,2,6,3
289372,6,0,7,1
289374,6,0,7,1
289454,6,0,7,1
289476,1,0,2,1
289493,0,1,1,2
289497,0,1,1,2
289500,1,0,2,1
289524,0,1,1,2
289527,0,1,1,2
289530,0,1,1,2
289532,0,1,1,2
289539,0,1,1,2
289640,2,5,3,6
289656,5,2,6,3
289657,5,2,6,3
289659,5,2,6,3
289660,5,2,6,3
289661,5,2,6,3
289669,5,2,6,3
289671,5,2,6,3
289737,3,2,4,3
289739,5,2,6,3
289777,5,2,6,3
289778,5,2,6,3
289803,5,2,6,3
289809,5,3,6,4
289829,5,2,6,3
289832,5,2,6,3
289866,6,0,7,1
289869,0,6,1,7
289946,1,0,2,1
289961,1,0,2,1
289977,0,1,1,2
289979,0,1,1,2
289986,0,1,1,2
289999,1,0,2,1
290019,0,1,1,2
290020,0,1,1,2
290024,0,1,1,2
290031,0,1,1,2
290037,4,1,5,2
290046,0,1,1,2
290155,5,2,6,3
290162,5,2,6,3
290164,5,2,6,3
290165,5,2,6,3
290166,5,2,6,3
290168,3,2,4,3
290176,3,2,4,3
290228,5,1,6,2
290230,5,1,6,2
290283,5,2,6,3
290292,5,2,6,3
290293,5,2,6,3
290314,5,2,6,3
290317,5,2,6,3
290353,6,0,7,1
290432,1,0,2,1
290451,1,0,2,1
290454,1,0,2,1
290464,0,1,1,2
290466,0,1,1,2
290470,0,1,1,2
290496,1,0,2,1
290507,0,1,1,2
290511,0,1,1,2
290514,0,1,1,2
290515,0,1,1,2
290521,0,1,1,2
290527,4,1,5,2
290534,0,1,1,2
290548,1,0,2,1
290639,5,2,6,3
290643,5,2,6,3
290709,5,2,6,3
290715,5,2,6,3
290749,5,2,6,3
290752,5,2,6,3
290753,5,2,6,3
290776,5,2,6,3
290780,5,2,6,3
290783,5,3,6,4
290784,5,3,6,4
290788,5,2,6,3
290798,5,2,6,3
290928,1,0,2,1
290948,0,1,1,2
290986,0,1,1,2
290991,0,1,1,2
290993,0,1,1,2
290995,0,1,1,2
291003,0,1,1,2
291009,4,1,5,2
291019,1,0,2,1
291031,1,0,2,1
291032,1,0,2,1
291120,5,2,6,3
291139,2,5,3,6
291185,3,2,4,3
291210,2,5,3,6
291214,2,5,3,6
291224,5,2,6,3
291245,5,2,6,3
291254,5,2,6,3
291258,5,2,6,3
291260,5,2,6,3
291313,6,0,7,1
291392,1,0,2,1
291393,1,0,2,1
291410,1,0,2,1
291477,0,1,1,2
291491,0,1,1,2
291506,1,0,2,1
291613,5,2,6,3
291617,2,5,3,6
291662,5,2,6,3
291708,5,2,6,3
291709,5,2,6,3
291737,5,2,6,3
291743,5,2,6,3
291895,1,0,2,1
291897,1,0,2,1
291904,0,1,1,2
291905,0,1,1,2
291950,0,1,1,2
291952,0,1,1,2
291961,0,1,1,2
291973,4,1,5,2
291991,1,0,2,1
291992,1,0,2,1
291995,1,0,2,1
292000,1,0,2,1
292146,5,1,6,2
292154,5,1,6,2
292159,5,2,6,3
292215,5,2,6,3
292368,1,0,2,1
292404,0,1,1,2
292430,0,1,1,2
292455,4,1,5,2
292456,0,1,1,2
292462,1,0,2,1
292477,1,0,2,1
292526,1,0,2,1
292529,1,0,2,1
292552,2,3,3,4
292557,2,3,3,4
292558,5,2,6,3
292586,2,5,3,6
292635,5,2,6,3
292637,5,2,6,3
292639,5,1,6,2
292655,2,5,3,6
292659,5,3,6,4
292695,5,2,6,3
292698,5,2,6,3
292846,1,0,2,1
292849,1,0,2,1
292861,1,0,2,1
292882,0,1,1,2
292897,1,0,2,1
292910,1,0,2,1
292931,4,1,5,2
292933,0,1,1,2
292935,0,1,1,2
292951,1,0,2,1
293006,1,0,2,1
293027,2,3,3,4
293032,2,3,3,4
293111,5,2,6,3
293147,5,2,6,3
293157,5,2,6,3
293170,5,2,6,3
293178,5,2,6,3
293179,5,2,6,3
293181,5,2,6,3
293182,5,2,6,3
293343,1,0,2,1
293353,0,1,1,2
293399,4,1,5,2
293400,4,1,5,2
293406,0,1,1,2
293410,1,0,2,1
293413,1,0,2,1
293437,0,1,1,2
293504,2,3,3,4
293576,5,1,6,2
293582,5,2,6,3
293586,5,1,6,2
293589,5,2,6,3
293626,3,2,4,3
293636,5,2,6,3
293644,5,2,6,3
293716,6,0,7,1
293789,1,0,2,1
293796,1,0,2,1
293799,1,0,2,1
293804,1,0,2,1
293805,1,0,2,1
293806,1,0,2,1
293815,0,1,1,2
293816,0,1,1,2
293834,1,0,2,1
293859,4,1,5,2
293860,4,1,5,2
293861,4,1,5,2
293864,0,1,1,2
293874,1,0,2,1
293935,1,0,2,1
293965,2,3,3,4
294037,2,5,3,6
294051,5,2,6,3
294081,5,2,6,3
294102,5,2,6,3
294103,5,2,6,3
294108,5,2,6,3
294111,5,2,6,3
294171,6,0,7,1
294251,1,0,2,1
294261,1,0,2,1
294262,1,0,2,1
294265,1,0,2,1
294266,1,0,2,1
294273,0,1,1,2
294279,0,1,1,2
294282,0,1,1,2
294296,1,0,2,1
294327,4,1,5,2
294333,0,1,1,2
294365,1,0,2,1
294512,5,2,6,3
294514,5,2,6,3
294516,5,2,6,3
294549,5,2,6,3
294554,5,2,6,3
294556,5,2,6,3
294578,5,2,6,3
294585,5,2,6,3
294591,5,2,6,3
294720,1,0,2,1
294722,1,0,2,1
294724,1,0,2,1
294729,1,0,2,1
294730,1,0,2,1
294758,1,0,2,1
294759,1,0,2,1
294761,1,0,2,1
294799,0,1,1,2
294802,0,1,1,2
294809,1,0,2,1
294814,1,0,2,1
294815,1,0,2,1
294839,0,1,1,2
294977,5,2,6,3
294979,5,2,6,3
294983,5,2,6,3
294984,5,2,6,3
295012,5,2,6,3
295021,5,2,6,3
295027,5,2,6,3
295048,5,2,6,3
295049,5,2,6,3
295050,5,2,6,3
295056,5,2,6,3
295058,5,2,6,3
295059,5,2,6,3
295199,1,0,2,1
295227,1,0,2,1
295293,1,0,2,1
295391,5,2,6,3
295392,5,2,6,3
295459,5,2,6,3
295466,5,2,6,3
295554,5,2,6,3
295558,5,1,6,2
295564,5,2,6,3
295568,5,2,6,3
295574,6,0,7,1
295661,1,0,2,1
295670,1,0,2,1
295672,1,0,2,1
295698,1,0,2,1
295734,0,1,1,2
295758,1,0,2,1
295764,1,0,2,1
295778,0,1,1,2
295870,5,2,6,3
295922,5,2,6,3
295928,5,2,6,3
295930,5,2,6,3
295931,5,2,6,3
295977,5,2,6,3
295990,5,2,6,3
295994,5,2,6,3
295998,5,2,6,3
296021,5,2,6,3
296022,5,2,6,3
296028,5,2,6,3
296036,5,2,6,3
296046,6,0,7,1
296131,1,0,2,1
296138,1,0,2,1
296141,1,0,2,1
296216,1,0,2,1
296223,1,0,2,1
296224,1,0,2,1
296230,1,0,2,1
296232,1,0,2,1
296242,0,1,1,2
296278,1,0,2,1
296382,5,2,6,3
296383,5,2,6,3
296390,5,2,6,3
296408,2,5,3,6
296427,5,2,6,3
296455,5,2,6,3
296457,5,2,6,3
296459,5,2,6,3
296479,5,2,6,3
296481,5,2,6,3
296482,5,2,6,3
296514,6,0,7,1
296600,1,0,2,1
296601,1,0,2,1
296605,1,0,2,1
296606,1,0,2,1
296611,1,0,2,1
296629,1,0,2,1
296696,1,0,2,1
296745,1,0,2,1
296770,2,3,3,4
296794,5,2,6,3
296841,5,2,6,3
296849,5,2,6,3
296850,5,2,6,3
296853,5,2,6,3
296866,2,5,3,6
296867,2,5,3,6
296913,5,2,6,3
296921,5,2,6,3
296930,5,2,6,3
296933,5,2,6,3
296936,5,2,6,3
296959,6,0,7,1
297052,1,0,2,1
297053,1,0,2,1
297059,1,0,2,1
297099,1,0,2,1
297132,1,0,2,1
297137,1,0,2,1
297139,1,0,2,1
297232,5,2,6,3
297241,5,2,6,3
297245,5,2,6,3
297246,5,2,6,3
297290,5,2,6,3
297296,5,2,6,3
297297,5,2,6,3
297310,2,5,3,6
297317,5,2,6,3
297323,5,2,6,3
297326,5,2,6,3
297327,5,2,6,3
297333,5,2,6,3
297354,5,2,6,3
297359,5,2,6,3
297385,5,2,6,3
297500,1,0,2,1
297510,1,0,2,1
297512,1,0,2,1
297529,1,0,2,1
297563,0,1,1,2
297565,0,1,1,2
297576,0,1,1,2
297578,0,1,1,2
297598,1,0,2,1
297613,0,1,1,2
297687,5,2,6,3
297744,5,2,6,3
297750,5,2,6,3
297752,5,2,6,3
297771,5,2,6,3
297775,5,2,6,3
297778,5,2,6,3
297783,5,2,6,3
297922,1,0,2,1
297924,1,0,2,1
297927,1,0,2,1
297946,1,0,2,1
297978,0,1,1,2
297984,0,1,1,2
298006,1,0,2,1
298009,1,0,2,1
298093,5,2,6,3
298116,5,1,6,2
298159,5,2,6,3
298180,5,2,6,3
298182,5,2,6,3
298187,5,2,6,3
298193,5,2,6,3
298194,5,2,6,3
298207,5,2,6,3
298303,0,1,1,2
298307,0,1,1,2
298341,0,1,1,2
298342,0,1,1,2
298344,0,1,1,2
298356,1,0,2,1
298383,0,1,1,2
298392,0,1,1,2
298394,0,1,1,2
298409,1,0,2,1
298417,1,0,2,1
298418,1,0,2,1
298427,0,1,1,2
298506,5,2,6,3
298517,5,2,6,3
298570,5,2,6,3
298571,5,2,6,3
298574,5,2,6,3
298580,5,2,6,3
298581,5,2,6,3
298694,0,1,1,2
298697,1,0,2,1
298700,0,1,1,2
298721,0,1,1,2
298727,0,1,1,2
298728,0,1,1,2
298729,0,1,1,2
298777,0,1,1,2
298778,0,1,1,2
298784,0,1,1,2
298913,5,2,6,3
298914,5,2,6,3
298963,5,2,6,3
298964,5,2,6,3
298969,5,2,6,3
298975,5,2,6,3
298994,5,2,6,3
299001,5,2,6,3
299014,5,2,6,3
299126,0,1,1,2
299127,0,1,1,2
299128,0,1,1,2
299138,1,0,2,1
299300,5,2,6,3
299345,5,2,6,3
299352,5,2,6,3
299381,5,2,6,3
299484,0,1,1,2
299486,0,1,1,2
299490,0,1,1,2
299495,0,1,1,2
299496,0,1,1,2
299506,0,1,1,2
299510,0,1,1,2
299569,1,0,2,1
299609,0,1,1,2
299724,5,2,6,3
299725,5,2,6,3
299730,5,2,6,3
299733,5,2,6,3
299737,5,2,6,3
299765,5,2,6,3
299856,1,0,2,1
299888,0,1,1,2
299892,0,1,1,2
299903,1,0,2,1
299935,1,0,2,1
299939,1,0,2,1
299953,1,0,2,1
299997,0,1,1,2
300066,5,2,6,3
300068,5,2,6,3
300095,5,2,6,3
300101,5,2,6,3
300108,5,2,6,3
300109,5,2,6,3
300115,5,2,6,3
300143,5,2,6,3
300149,5,2,6,3
300156,5,2,6,3
300228,0,1,1,2
300309,1,0,2,1
300314,1,0,2,1
300322,1,0,2,1
300446,5,2,6,3
300466,5,2,6,3
300498,5,2,6,3
300508,3,2,4,3
300509,3,5,4,6
300520,5,2,6,3
300531,5,2,6,3
300533,5,2,6,3
300534,5,2,6,3
300542,5,2,6,3
300643,0,1,1,2
300649,0,1,1,2
300653,0,1,1,2
300659,0,1,1,2
300662,0,1,1,2
300707,1,0,2,1
300854,5,2,6,3
300913,5,2,6,3
300917,5,2,6,3
300918,3,2,4,3
300945,5,2,6,3
300946,5,2,6,3
300948,5,2,6,3
300958,5,2,6,3
300961,5,2,6,3
300964,5,2,6,3
301075,0,1,1,2
301078,0,1,1,2
301079,0,1,1,2
301084,0,1,1,2
301086,0,1,1,2
301097,1,0,2,1
301105,0,1,1,2
301127,1,0,2,1
301131,1,0,2,1
301293,5,2,6,3
301347,5,2,6,3
301348,5,2,6,3
301352,5,2,6,3
301381,5,2,6,3
301390,5,2,6,3
301398,5,2,6,3
301486,1,0,2,1
301501,0,1,1,2
301515,0,1,1,2
301519,0,1,1,2
301521,0,1,1,2
301523,0,1,1,2
301536,0,1,1,2
301618,0,1,1,2
301624,0,1,1,2
301744,5,2,6,3
301796,5,2,6,3
301830,5,2,6,3
301853,5,2,6,3
301939,1,0,2,1
301947,1,0,2,1
301955,0,1,1,2
301966,0,1,1,2
301968,0,1,1,2
301974,0,1,1,2
301977,0,1,1,2
301978,0,1,1,2
301988,1,0,2,1
302019,1,0,2,1
302020,1,0,2,1
302021,1,0,2,1
302034,1,0,2,1
302035,1,0,2,1
302073,0,1,1,2
302074,0,1,1,2
302229,5,2,6,3
302281,5,2,6,3
302283,5,2,6,3
302297,5,2,6,3
302315,5,2,6,3
302321,5,2,6,3
302431,0,1,1,2
302435,1,0,2,1
302443,0,1,1,2
302456,0,1,1,2
302462,0,1,1,2
302468,0,1,1,2
302470,0,1,1,2
302481,0,1,1,2
302483,0,1,1,2
302743,5,2,6,3
302806,5,2,6,3
302809,5,2,6,3
302811,5,2,6,3
302829,5,2,6,3
302927,1,0,2,1
302939,0,1,1,2
302950,0,1,1,2
302957,0,1,1,2
302960,0,1,1,2
302970,0,1,1,2
303003,1,0,2,1
303004,1,0,2,1
303199,5,2,6,3
303220,5,2,6,3
303268,5,2,6,3
303286,5,2,6,3
303291,5,2,6,3
303302,5,2,6,3
303305,5,2,6,3
303307,5,2,6,3
303308,5,2,6,3
303325,5,2,6,3
303433,0,1,1,2
303437,0,1,1,2
303468,0,1,1,2
303485,0,1,1,2
303502,1,0,2,1
303504,1,0,2,1
303568,1,0,2,1
303588,1,0,2,1
303754,2,5,3,6
303783,5,2,6,3
303785,5,2,6,3
303787,5,2,6,3
303791,5,2,6,3
303808,5,2,6,3
303912,1,0,2,1
303918,0,1,1,2
303922,0,1,1,2
303924,0,1,1,2
303938,0,1,1,2
303942,0,1,1,2
303945,0,1,1,2
303951,0,1,1,2
303960,0,1,1,2
303964,1,0,2,1
303968,0,1,1,2
303977,0,1,1,2
303989,1,0,2,1
304045,0,1,1,2
304046,0,1,1,2
304226,5,2,6,3
304284,5,2,6,3
304285,5,2,6,3
304407,1,0,2,1
304436,0,1,1,2
304441,0,1,1,2
304444,0,1,1,2
304446,0,1,1,2
304447,0,1,1,2
304457,1,0,2,1
304463,0,1,1,2
304469,0,1,1,2
304474,0,1,1,2
304488,1,0,2,1
304547,1,0,2,1
304570,1,0,2,1
304699,5,2,6,3
304718,5,2,6,3
304719,5,2,6,3
304728,5,2,6,3
304742,5,1,6,2
304763,5,2,6,3
304764,5,2,6,3
304773,5,2,6,3
304775,5,2,6,3
304778,5,2,6,3
304780,5,2,6,3
304790,5,2,6,3
304893,1,0,2,1
304902,0,1,1,2
304907,0,1,1,2
304908,0,1,1,2
304950,0,1,1,2
304971,1,0,2,1
304975,1,0,2,1
305088,1,0,2,1
305148,4,1,5,2
305152,4,1,5,2
305184,5,2,6,3
305186,5,2,6,3
305229,5,1,6,2
305249,5,2,6,3
305250,5,2,6,3
305258,5,2,6,3
305262,5,2,6,3
305279,5,2,6,3
305382,0,1,1,2
305433,0,1,1,2
305434,0,1,1,2
305440,1,0,2,1
305441,1,0,2,1
305469,0,1,1,2
305470,0,1,1,2
305473,0,1,1,2
305509,1,0,2,1
305511,1,0,2,1
305519,1,0,2,1
305527,0,1,1,2
305580,1,0,2,1
305675,5,2,6,3
305695,5,2,6,3
305708,1,5,2,6
305736,3,2,4,3
305740,5,2,6,3
305741,5,2,6,3
305755,5,2,6,3
305756,5,2,6,3
305757,5,2,6,3
305765,5,2,6,3
305769,5,2,6,3
305883,0,1,1,2
305933,0,1,1,2
305935,0,1,1,2
305942,1,0,2,1
306006,1,0,2,1
306013,0,1,1,2
306015,0,1,1,2
306017,0,1,1,2
306036,1,0,2,1
306064,1,0,2,1
306125,4,1,5,2
306126,4,1,5,2
306163,5,2,6,3
306194,1,2,2,3
306195,1,5,2,6
306199,1,5,2,6
306202,1,5,2,6
306203,1,5,2,6
306204,1,5,2,6
306228,5,2,6,3
306231,5,2,6,3
306351,0,1,1,2
306354,0,1,1,2
306360,0,1,1,2
306370,0,1,1,2
306399,0,1,1,2
306401,0,1,1,2
306402,0,1,1,2
306406,1,0,2,1
306416,0,1,1,2
306425,1,0,2,1
306433,1,0,2,1
306435,1,0,2,1
306439,0,1,1,2
306487,1,0,2,1
306497,0,1,1,2
306498,0,1,1,2
306499,0,1,1,2
306501,0,1,1,2
306504,0,1,1,2
306522,1,0,2,1
306625,0,1,1,2
306634,0,1,1,2
306638,0,1,1,2
306646,0,1,1,2
306647,0,1,1,2
306653,5,2,6,3
306655,5,2,6,3
306657,5,2,6,3
306674,5,2,6,3
306681,5,2,6,3
306683,1,5,2,6
306687,1,5,2,6
306690,1,5,2,6
306694,1,5,2,6
306719,5,2,6,3
306720,5,2,6,3
306725,5,2,6,3
306726,5,2,6,3
306732,5,2,6,3
306839,0,1,1,2
306856,0,1,1,2
306859,0,1,1,2
306861,0,1,1,2
306876,0,1,1,2
306879,0,1,1,2
306886,0,1,1,2
306894,1,0,2,1
306916,1,0,2,1
306921,1,0,2,1
306979,1,0,2,1
306987,0,1,1,2
306996,0,1,1,2
307018,1,0,2,1
307099,4,1,5,2
307101,4,1,5,2
307103,4,1,5,2
307104,4,1,5,2
307113,0,1,1,2
307114,0,1,1,2
307124,0,1,1,2
307142,4,1,5,2
307144,5,2,6,3
307145,5,2,6,3
307149,5,2,6,3
307150,5,2,6,3
307172,5,2,6,3
307176,1,5,2,6
307184,1,5,2,6
307185,1,5,2,6
307191,1,2,2,3
307206,3,2,4,3
307218,5,2,6,3
307222,5,2,6,3
307328,0,1,1,2
307340,0,1,1,2
307349,0,1,1,2
307351,0,1,1,2
307371,1,0,2,1
307383,1,0,2,1
307392,0,1,1,2
307394,0,1,1,2
307403,1,0,2,1
307406,1,0,2,1
307419,0,1,1,2
307421,0,1,1,2
307423,0,1,1,2
307425,0,1,1,2
307427,0,1,1,2
307441,1,0,2,1
307463,0,1,1,2
307469,1,0,2,1
307474,0,1,1,2
307481,0,1,1,2
307495,0,1,1,2
307496,0,1,1,2
307500,0,1,1,2
307510,1,0,2,1
307511,1,0,2,1
307512,1,0,2,1
307513,1,0,2,1
307589,4,1,5,2
307601,0,1,1,2
307602,0,1,1,2
307604,0,1,1,2
307608,0,1,1,2
307615,0,1,1,2
307620,0,1,1,2
307640,4,1,5,2
307642,4,1,5,2
307646,5,2,6,3
307688,1,5,2,6
307689,1,5,2,6
307820,0,1,1,2
307833,0,1,1,2
307836,0,1,1,2
307838,0,1,1,2
307840,0,1,1,2
307842,0,1,1,2
307846,0,1,1,2
307847,0,1,1,2
307848,0,1,1,2
307854,0,1,1,2
307866,0,1,1,2
307885,0,1,1,2
307900,1,0,2,1
307901,1,0,2,1
307906,1,0,2,1
307912,0,1,1,2
307918,0,1,1,2
307919,0,1,1,2
307961,1,0,2,1
307967,0,1,1,2
307982,0,1,1,2
307988,0,1,1,2
307993,0,1,1,2
307996,0,1,1,2
308038,1,0,2,1
308040,1,0,2,1
308041,1,0,2,1
308094,0,1,1,2
308098,0,1,1,2
308103,0,1,1,2
308107,0,1,1,2
308132,4,1,5,2
308135,4,1,5,2
308138,5,2,6,3
308139,5,2,6,3
308142,5,2,6,3
308144,5,2,6,3
308159,5,2,6,3
308160,5,2,6,3
308163,5,2,6,3
308165,5,2,6,3
308180,1,5,2,6
308182,1,5,2,6
308211,0,6,1,7
308324,0,1,1,2
308340,0,1,1,2
308345,0,1,1,2
308346,0,1,1,2
308404,0,1,1,2
308408,0,1,1,2
308411,0,1,1,2
308422,0,1,1,2
308428,0,1,1,2
308451,0,1,1,2
308461,0,1,1,2
308471,0,1,1,2
308472,0,1,1,2
308474,0,1,1,2
308480,0,1,1,2
308529,1,0,2,1
308582,0,1,1,2
308586,0,1,1,2
308587,0,1,1,2
308591,0,1,1,2
308625,4,1,5,2
308639,5,1,6,2
308659,5,2,6,3
308662,5,2,6,3
308675,1,5,2,6
308676,1,5,2,6
308677,1,5,2,6
308686,1,2,2,3
308697,2,5,3,6
308709,0,6,1,7
308832,0,1,1,2
308837,0,1,1,2
308881,1,0,2,1
308883,1,0,2,1
308902,0,1,1,2
308908,0,1,1,2
308915,0,1,1,2
308922,0,1,1,2
308944,0,1,1,2
308947,0,1,1,2
308968,0,1,1,2
308971,0,1,1,2
308974,0,1,1,2
308985,0,1,1,2
309024,1,0,2,1
309058,4,1,5,2
309075,0,1,1,2
309076,0,1,1,2
309078,0,1,1,2
309081,0,1,1,2
309084,0,1,1,2
309090,0,1,1,2
309140,5,2,6,3
309164,5,2,6,3
309177,1,5,2,6
309182,1,5,2,6
309216,0,6,1,7
309326,0,1,1,2
309327,0,1,1,2
309328,0,1,1,2
309335,0,1,1,2
309347,0,1,1,2
309361,0,1,1,2
309372,1,0,2,1
309392,1,0,2,1
309394,1,0,2,1
309407,0,1,1,2
309411,0,1,1,2
309416,0,1,1,2
309417,0,1,1,2
309421,0,1,1,2
309428,0,1,1,2
309439,0,1,1,2
309453,0,1,1,2
309476,0,1,1,2
309479,0,1,1,2
309480,0,1,1,2
309486,0,1,1,2
309533,1,0,2,1
309585,0,1,1,2
309644,4,1,5,2
309646,4,1,5,2
309647,4,1,5,2
309657,5,2,6,3
309662,5,2,6,3
309683,5,2,6,3
309686,1,2,2,3
309688,5,2,6,3
309694,1,5,2,6
309698,1,5,2,6
309737,0,6,1,7
309753,0,1,1,2
309838,0,1,1,2
309846,0,1,1,2
309850,0,1,1,2
309862,0,1,1,2
309868,0,1,1,2
309874,0,1,1,2
309876,0,1,1,2
309877,0,1,1,2
309892,1,0,2,1
309914,1,0,2,1
309917,1,0,2,1
309920,1,0,2,1
309921,1,0,2,1
309929,0,1,1,2
309935,0,1,1,2
309936,0,1,1,2
309940,0,1,1,2
309941,0,1,1,2
309952,0,1,1,2
309953,0,1,1,2
309980,0,1,1,2
309983,0,1,1,2
309987,0,1,1,2
309989,0,1,1,2
309992,0,1,1,2
310002,0,1,1,2
310003,0,1,1,2
310004,0,1,1,2
310011,0,1,1,2
310181,4,1,5,2
310183,4,1,5,2
310201,5,2,6,3
310202,5,2,6,3
310205,5,1,6,2
310213,5,2,6,3
310232,1,2,2,3
310240,1,5,2,6
310388,0,1,1,2
310402,0,1,1,2
310403,0,1,1,2
310408,0,1,1,2
310409,0,1,1,2
310412,0,1,1,2
310460,1,0,2,1
310488,0,1,1,2
310494,0,1,1,2
310528,0,1,1,2
310568,1,0,2,1
310651,0,1,1,2
310655,0,1,1,2
310659,0,1,1,2
310661,0,1,1,2
310662,0,1,1,2
310726,4,1,5,2
310729,4,1,5,2
310733,4,1,5,2
310734,4,1,5,2
310737,4,1,5,2
310763,5,1,6,2
310768,5,1,6,2
310951,0,1,1,2
310960,0,1,1,2
310981,1,0,2,1
310993,0,1,1,2
311023,1,0,2,1
311031,0,1,1,2
311032,0,1,1,2
311074,0,1,1,2
311082,0,1,1,2
311086,0,1,1,2
311088,0,1,1,2
311107,0,1,1,2
311108,0,1,1,2
311118,0,1,1,2
311126,1,0,2,1
311212,0,1,1,2
311287,4,1,5,2
311288,4,1,5,2
311290,4,1,5,2
311292,4,1,5,2
311321,5,1,6,2
311322,5,1,6,2
311326,5,1,6,2
311329,1,2,2,3
311341,1,5,2,6
311363,2,5,3,6
311480,0,1,1,2
311504,0,1,1,2
311505,0,1,1,2
311517,0,1,1,2
311519,0,1,1,2
311520,0,1,1,2
311536,1,0,2,1
311576,0,1,1,2
311582,1,0,2,1
311588,0,1,1,2
311590,0,1,1,2
311617,1,0,2,1
311620,1,0,2,1
311635,0,1,1,2
311640,0,1,1,2
311641,0,1,1,2
311646,0,1,1,2
311648,0,1,1,2
311651,0,1,1,2
311690,1,0,2,1
311767,0,1,1,2
311771,0,1,1,2
311841,4,1,5,2
311848,4,1,5,2
311850,4,1,5,2
311857,4,1,5,2
311881,5,2,6,3
311888,5,1,6,2
311892,5,1,6,2
311895,5,2,6,3
311901,1,2,2,3
311929,1,2,2,3
311931,2,5,3,6
312051,0,1,1,2
312083,0,1,1,2
312090,1,0,2,1
312176,1,0,2,1
312192,1,0,2,1
312213,0,1,1,2
312217,0,1,1,2
312255,1,0,2,1
312257,1,0,2,1
312260,1,0,2,1
312261,1,0,2,1
312336,0,1,1,2
312416,4,1,5,2
312430,4,1,5,2
312431,4,1,5,2
312432,4,1,5,2
312451,5,2,6,3
312461,5,1,6,2
312463,5,1,6,2
312468,1,2,2,3
312471,1,2,2,3
312473,1,2,2,3
312476,1,5,2,6
312478,1,5,2,6
312482,1,5,2,6
312591,0,6,1,7
312593,0,6,1,7
312657,0,1,1,2
312694,0,1,1,2
312699,0,1,1,2
312723,1,0,2,1
312729,1,0,2,1
312751,1,0,2,1
312752,1,0,2,1
312791,0,1,1,2
312820,1,0,2,1
312825,1,0,2,1
312892,4,1,5,2
312894,4,1,5,2
312989,4,1,5,2
312990,4,1,5,2
312991,4,1,5,2
313033,5,2,6,3
313034,5,1,6,2
313039,5,1,6,2
313043,5,1,6,2
313049,5,1,6,2
313051,1,2,2,3
313053,1,2,2,3
313070,1,2,2,3
313248,1,0,2,1
313249,1,0,2,1
313250,1,0,2,1
313268,0,1,1,2
313270,0,1,1,2
313274,0,1,1,2
313275,0,1,1,2
313276,0,1,1,2
313287,0,1,1,2
313307,1,0,2,1
313368,0,1,1,2
313370,0,1,1,2
313395,1,0,2,1
313397,1,0,2,1
313399,1,0,2,1
313402,1,0,2,1
313406,1,0,2,1
313409,1,0,2,1
313410,1,0,2,1
313418,1,0,2,1
313470,0,1,1,2
313471,4,1,5,2
313473,4,1,5,2
313477,4,1,5,2
313569,4,1,5,2
313570,4,1,5,2
313613,5,2,6,3
313622,5,1,6,2
313625,5,1,6,2
313631,1,2,2,3
313640,1,5,2,6
313791,0,1,1,2
313817,0,1,1,2
313822,0,1,1,2
313830,1,0,2,1
313842,0,1,1,2
313853,0,1,1,2
313854,0,1,1,2
313866,0,1,1,2
313867,0,1,1,2
313868,0,1,1,2
313874,0,1,1,2
313890,1,0,2,1
313891,1,0,2,1
313950,0,1,1,2
313952,0,1,1,2
313959,6,0,7,1
313982,1,0,2,1
313985,1,0,2,1
313987,1,0,2,1
314006,1,0,2,1
314032,0,1,1,2
314034,0,1,1,2
314036,0,1,1,2
314039,0,1,1,2
314049,0,1,1,2
314056,0,1,1,2
314059,4,1,5,2
314208,5,2,6,3
314209,5,2,6,3
314219,5,1,6,2
314227,1,2,2,3
314230,1,2,2,3
314232,1,2,2,3
314243,1,2,2,3
314245,1,2,2,3
314263,1,2,2,3
314353,0,6,1,7
314415,0,1,1,2
314416,0,1,1,2
314448,0,1,1,2
314449,0,1,1,2
314538,0,1,1,2
314539,0,1,1,2
314544,0,1,1,2
314550,0,1,1,2
314583,1,0,2,1
314603,1,0,2,1
314670,4,1,5,2
314671,4,1,5,2
314672,4,1,5,2
314674,4,1,5,2
314754,4,1,5,2
314828,1,2,2,3
314836,1,2,2,3
314849,1,2,2,3
314850,1,2,2,3
314851,1,2,2,3
314852,1,2,2,3
314870,2,5,3,6
314872,2,1,3,2
314969,0,6,1,7
315024,0,1,1,2
315037,1,0,2,1
315056,0,1,1,2
315099,1,0,2,1
315149,0,1,1,2
315151,0,1,1,2
315154,0,1,1,2
315156,0,1,1,2
315159,0,1,1,2
315180,1,0,2,1
315182,1,0,2,1
315223,1,0,2,1
315228,1,0,2,1
315229,1,0,2,1
315244,0,1,1,2
315246,0,1,1,2
315256,0,1,1,2
315261,0,1,1,2
315262,0,1,1,2
315293,4,1,5,2
315375,4,1,5,2
315440,5,2,6,3
315441,5,2,6,3
315460,1,2,2,3
315462,1,2,2,3
315501,2,5,3,6
315595,0,6,1,7
315655,0,1,1,2
315665,1,0,2,1
315667,1,0,2,1
315672,1,0,2,1
315683,0,1,1,2
315684,0,1,1,2
315731,1,0,2,1
315789,0,1,1,2
315800,6,0,7,1
315815,1,0,2,1
315818,1,0,2,1
315822,1,0,2,1
315854,1,0,2,1
315861,1,0,2,1
315864,1,0,2,1
315921,1,0,2,1
315925,0,1,1,2
315928,4,1,5,2
315934,4,1,5,2
315938,4,1,5,2
316115,1,2,2,3
316236,0,6,1,7
316237,0,6,1,7
316241,0,6,1,7
316298,0,1,1,2
316311,1,0,2,1
316313,1,0,2,1
316322,1,0,2,1
316328,0,1,1,2
316354,1,0,2,1
316422,0,1,1,2
316433,0,1,1,2
316437,0,1,1,2
316445,6,0,7,1
316454,1,0,2,1
316458,1,0,2,1
316504,1,0,2,1
316506,1,0,2,1
316507,1,0,2,1
316513,1,0,2,1
316515,1,0,2,1
316522,1,0,2,1
316528,1,0,2,1
316570,0,1,1,2
316572,4,1,5,2
316576,4,1,5,2
316577,4,1,5,2
316735,2,1,3,2
316741,1,2,2,3
316779,1,2,2,3
316783,1,2,2,3
316879,0,6,1,7
316940,0,1,1,2
316953,1,0,2,1
316982,0,1,1,2
316994,1,0,2,1
317021,1,0,2,1
317070,0,1,1,2
317072,0,1,1,2
317076,0,1,1,2
317094,1,0,2,1
317099,1,0,2,1
317171,1,0,2,1
317172,1,0,2,1
317214,0,1,1,2
317222,4,1,5,2
317229,4,1,5,2
317385,2,1,3,2
317388,1,2,2,3
317411,1,2,2,3
317428,1,2,2,3
317511,0,6,1,7
317512,0,6,1,7
317525,0,6,1,7
317575,1,0,2,1
317583,0,1,1,2
317584,0,1,1,2
317585,0,1,1,2
317601,1,0,2,1
317717,0,1,1,2
317721,0,1,1,2
317740,1,0,2,1
317744,1,0,2,1
317805,0,1,1,2
317813,1,0,2,1
317852,0,1,1,2
317853,0,1,1,2
317863,0,1,1,2
317875,4,1,5,2
317889,0,1,1,2
317890,0,1,1,2
317891,0,1,1,2
318039,1,2,2,3
318058,1,2,2,3
318062,1,2,2,3
318079,1,2,2,3
318082,1,2,2,3
318083,1,2,2,3
318177,0,6,1,7
318234,0,1,1,2
318345,1,0,2,1
318360,0,1,1,2
318375,0,1,1,2
318378,0,1,1,2
318379,0,1,1,2
318385,6,0,7,1
318386,6,0,7,1
318396,1,0,2,1
318497,0,1,1,2
318498,0,1,1,2
318504,0,1,1,2
318522,4,1,5,2
318523,4,1,5,2
318524,4,1,5,2
318525,4,1,5,2
318540,0,1,1,2
318541,0,1,1,2
318573,4,1,5,2
318734,1,2,2,3
318808,0,6,1,7
318811,0,6,1,7
318812,0,6,1,7
318883,0,1,1,2
318926,0,1,1,2
318939,1,0,2,1
318966,1,0,2,1
319001,0,1,1,2
319018,0,1,1,2
319032,6,0,7,1
319038,6,0,7,1
319094,0,1,1,2
319139,0,1,1,2
319141,0,1,1,2
319146,0,1,1,2
319156,0,1,1,2
319163,0,1,1,2
319167,0,1,1,2
319180,0,1,1,2
319220,4,1,5,2
319332,2,1,3,2
319335,1,2,2,3
319452,0,6,1,7
319453,0,6,1,7
319456,0,6,1,7
319544,1,0,2,1
319548,1,0,2,1
319572,0,1,1,2
319650,0,1,1,2
319685,6,0,7,1
319687,6,0,7,1
319759,1,0,2,1
319798,0,1,1,2
319799,0,1,1,2
319819,0,1,1,2
319821,0,1,1,2
319822,0,1,1,2
319824,0,1,1,2
319828,0,1,1,2
319831,0,1,1,2
319832,0,1,1,2
319874,4,1,5,2
319876,4,1,5,2
319877,4,1,5,2
319878,4,1,5,2
319881,4,1,5,2
320000,1,2,2,3
320015,1,2,2,3
320017,1,2,2,3
320036,1,2,2,3
320040,1,2,2,3
320046,2,1,3,2
320113,0,6,1,7
320175,1,0,2,1
320178,1,0,2,1
320207,1,0,2,1
320208,1,0,2,1
320209,1,0,2,1
320272,0,1,1,2
320310,0,1,1,2
320314,0,1,1,2
320317,0,1,1,2
320322,0,1,1,2
320325,0,1,1,2
320326,0,1,1,2
320340,6,0,7,1
320341,6,0,7,1
320444,0,1,1,2
320448,0,1,1,2
320450,0,1,1,2
320455,0,1,1,2
320456,0,1,1,2
320473,0,1,1,2
320477,0,1,1,2
320481,0,1,1,2
320482,0,1,1,2
320530,4,1,5,2
320532,4,1,5,2
320535,4,1,5,2
320538,4,1,5,2
320541,4,1,5,2
320542,4,1,5,2
320682,1,2,2,3
320701,1,2,2,3
320702,1,2,2,3
320705,1,2,2,3
320784,0,6,1,7
320842,1,0,2,1
320871,1,0,2,1
320872,1,0,2,1
320939,0,1,1,2
320942,1,0,2,1
320970,1,0,2,1
320980,0,1,1,2
320984,0,1,1,2
320993,0,1,1,2
320995,0,1,1,2
321013,6,0,7,1
321085,1,0,2,1
321115,0,1,1,2
321116,0,1,1,2
321135,0,1,1,2
321151,0,1,1,2
321157,0,1,1,2
321236,0,1,1,2
321332,2,1,3,2
321333,2,1,3,2
321381,1,2,2,3
321450,0,6,1,7
321455,0,6,1,7
321456,0,6,1,7
321516,1,0,2,1
321527,0,1,1,2
321586,1,0,2,1
321641,1,0,2,1
321655,0,1,1,2
321659,0,1,1,2
321751,1,0,2,1
321760,1,0,2,1
321792,0,1,1,2
321802,0,1,1,2
321807,0,1,1,2
321815,0,1,1,2
321816,0,1,1,2
321818,0,1,1,2
321819,0,1,1,2
321821,0,1,1,2
321822,0,1,1,2
321824,0,1,1,2
321828,0,1,1,2
321830,0,1,1,2
321880,4,1,5,2
321882,4,1,5,2
322020,2,1,3,2
322137,0,6,1,7
322139,0,6,1,7
322141,0,6,1,7
322144,0,6,1,7
322216,0,1,1,2
322217,0,1,1,2
322234,1,0,2,1
322276,1,0,2,1
322297,1,0,2,1
322299,1,0,2,1
322332,1,0,2,1
322353,0,1,1,2
322378,6,0,7,1
322429,1,0,2,1
322430,1,0,2,1
322432,1,0,2,1
322507,0,1,1,2
322512,0,1,1,2
322513,0,1,1,2
322523,0,1,1,2
322571,4,1,5,2
322607,0,1,1,2
322758,1,2,2,3
322829,0,6,1,7
322905,0,1,1,2
322906,0,1,1,2
322907,0,1,1,2
322908,0,1,1,2
322913,1,0,2,1
322990,0,1,1,2
323131,0,1,1,2
323168,0,1,1,2
323169,0,1,1,2
323171,0,1,1,2
323181,0,1,1,2
323185,0,1,1,2
323195,0,1,1,2
323196,0,1,1,2
323201,0,1,1,2
323202,0,1,1,2
323253,4,1,5,2
323257,4,1,5,2
323263,4,1,5,2
323264,4,1,5,2
323289,0,1,1,2
323439,1,2,2,3
323516,0,6,1,7
323518,0,6,1,7
323578,1,0,2,1
323580,1,0,2,1
323596,0,1,1,2
323597,0,1,1,2
323602,0,1,1,2
323712,0,1,1,2
323799,1,0,2,1
323819,0,1,1,2
323820,0,1,1,2
323859,0,1,1,2
323868,0,1,1,2
323871,0,1,1,2
323874,0,1,1,2
323877,0,1,1,2
323878,0,1,1,2
323886,0,1,1,2
323890,0,1,1,2
323900,0,1,1,2
323946,4,1,5,2
323947,4,1,5,2
323952,4,1,5,2
323960,4,1,5,2
323970,4,1,5,2
323988,0,1,1,2
323993,0,1,1,2
324114,1,2,2,3
324217,0,6,1,7
324297,0,1,1,2
324299,0,1,1,2
324313,1,0,2,1
324496,1,0,2,1
324498,1,0,2,1
324501,1,0,2,1
324504,1,0,2,1
324520,0,1,1,2
324523,0,1,1,2
324558,0,1,1,2
324565,0,1,1,2
324570,0,1,1,2
324579,0,1,1,2
324590,0,1,1,2
324595,0,1,1,2
324596,0,1,1,2
324642,4,1,5,2
324663,4,1,5,2
324665,4,1,5,2
324668,4,1,5,2
324681,0,1,1,2
324754,1,2,2,3
324831,2,1,3,2
324977,0,1,1,2
324982,0,1,1,2
324990,0,1,1,2
324998,0,1,1,2
325078,0,1,1,2
325191,1,0,2,1
325193,1,0,2,1
325195,1,0,2,1
325201,1,0,2,1
325207,0,1,1,2
325215,0,1,1,2
325251,0,1,1,2
325253,0,1,1,2
325268,0,1,1,2
325274,0,1,1,2
325275,0,1,1,2
325282,0,1,1,2
325284,0,1,1,2
325286,0,1,1,2
325343,4,1,5,2
325348,4,1,5,2
325378,0,1,1,2
325381,0,1,1,2
325383,0,1,1,2
325386,0,1,1,2
325462,1,2,2,3
325463,1,2,2,3
325529,2,1,3,2
325531,2,1,3,2
325673,0,1,1,2
325693,0,1,1,2
325703,1,0,2,1
325776,0,1,1,2
325777,0,1,1,2
325881,1,0,2,1
325910,0,1,1,2
325914,0,1,1,2
325945,0,1,1,2
325959,0,1,1,2
325960,0,1,1,2
325961,0,1,1,2
325967,0,1,1,2
325971,0,1,1,2
326058,4,1,5,2
326075,0,1,1,2
326157,1,2,2,3
326160,1,2,2,3
326183,2,1,3,2
326187,1,2,2,3
326204,1,2,2,3
326364,1,0,2,1
326382,0,1,1,2
326385,0,1,1,2
326389,0,1,1,2
326442,1,0,2,1
326474,0,1,1,2
326539,0,6,1,7
326542,0,6,1,7
326609,0,1,1,2
326611,0,1,1,2
326660,0,1,1,2
326661,0,1,1,2
326662,0,1,1,2
326664,0,1,1,2
326685,0,1,1,2
326686,0,1,1,2
326725,4,1,5,2
326726,4,1,5,2
326753,4,1,5,2
326754,4,1,5,2
326756,4,1,5,2
326758,4,1,5,2
326775,0,1,1,2
326776,0,1,1,2
326778,0,1,1,2
326780,0,1,1,2
326844,1,2,2,3
326846,1,5,2,6
326852,1,2,2,3
326856,1,5,2,6
326881,2,1,3,2
326882,2,1,3,2
326926,2,1,3,2
327062,1,0,2,1
327063,1,0,2,1
327081,0,1,1,2
327092,1,0,2,1
327099,1,0,2,1
327174,0,1,1,2
327175,1,0,2,1
327255,1,0,2,1
327336,0,1,1,2
327337,0,1,1,2
327353,0,1,1,2
327355,0,1,1,2
327356,0,1,1,2
327380,0,1,1,2
327400,4,1,5,2
327417,4,1,5,2
327424,4,1,5,2
327428,4,1,5,2
327462,0,1,1,2
327464,0,1,1,2
327467,0,1,1,2
327535,1,2,2,3
327536,1,2,2,3
327540,1,5,2,6
327544,1,2,2,3
327551,1,2,2,3
327576,1,2,2,3
327753,1,0,2,1
327757,0,1,1,2
327775,0,1,1,2
327784,1,0,2,1
327785,1,0,2,1
327874,1,0,2,1
327875,1,0,2,1
327881,0,1,1,2
327923,0,6,1,7
327956,1,0,2,1
327990,0,1,1,2
327991,0,1,1,2
328022,0,1,1,2
328027,0,1,1,2
328028,0,1,1,2
328043,0,1,1,2
328044,0,1,1,2
328121,4,1,5,2
328122,4,1,5,2
328125,4,1,5,2
328144,4,1,5,2
328159,0,1,1,2
328161,0,1,1,2
328162,0,1,1,2
328164,0,1,1,2
328199,2,1,3,2
328202,2,1,3,2
328228,1,2,2,3
328233,1,5,2,6
328448,1,0,2,1
328484,1,0,2,1
328524,1,0,2,1
328525,1,0,2,1
328580,0,1,1,2
328585,0,1,1,2
328641,1,0,2,1
328645,1,0,2,1
328651,1,0,2,1
328653,1,0,2,1
328679,0,1,1,2
328682,0,1,1,2
328683,0,1,1,2
328688,0,1,1,2
328738,0,1,1,2
328739,0,1,1,2
328763,0,1,1,2
328764,0,1,1,2
328806,4,1,5,2
328808,4,1,5,2
328814,4,1,5,2
328822,4,1,5,2
328857,0,1,1,2
328859,0,1,1,2
328897,2,1,3,2
328899,2,1,3,2
328927,1,2,2,3
328928,1,2,2,3
328939,1,5,2,6
328942,1,2,2,3
328953,2,1,3,2
329154,0,1,1,2
329180,0,1,1,2
329183,1,0,2,1
329279,1,0,2,1
329319,0,6,1,7
329321,0,6,1,7
329346,1,0,2,1
329349,1,0,2,1
329351,1,0,2,1
329353,1,0,2,1
329354,1,0,2,1
329355,1,0,2,1
329378,0,1,1,2
329385,0,1,1,2
329391,0,1,1,2
329394,0,1,1,2
329430,0,1,1,2
329471,0,1,1,2
329487,4,1,5,2
329518,4,1,5,2
329524,4,1,5,2
329611,2,1,3,2
329634,1,2,2,3
329640,1,2,2,3
329643,1,5,2,6
329670,2,1,3,2
329673,2,1,3,2
329694,1,2,2,3
329870,1,0,2,1
329891,0,1,1,2
329941,1,0,2,1
329942,1,0,2,1
329943,1,0,2,1
329992,1,0,2,1
330056,1,0,2,1
330101,0,1,1,2
330107,0,1,1,2
330178,0,1,1,2
330234,4,1,5,2
330277,0,1,1,2
330278,0,1,1,2
330309,1,2,2,3
330340,1,5,2,6
330341,1,2,2,3
330349,1,2,2,3
330350,1,2,2,3
330351,1,2,2,3
330363,2,5,3,6
330371,2,1,3,2
330373,2,1,3,2
330376,2,1,3,2
330382,2,1,3,2
330401,1,2,2,3
330402,1,2,2,3
330420,2,1,3,2
330422,0,6,1,7
330593,0,1,1,2
330650,1,0,2,1
330655,1,0,2,1
330742,0,6,1,7
330763,1,0,2,1
330767,1,0,2,1
330802,0,1,1,2
330810,0,1,1,2
330811,0,1,1,2
330812,0,1,1,2
330842,0,1,1,2
330982,0,1,1,2
330984,0,1,1,2
331014,1,2,2,3
331037,2,1,3,2
331046,1,2,2,3
331058,1,2,2,3
331061,1,5,2,6
331081,2,1,3,2
331085,2,1,3,2
331091,2,1,3,2
331130,2,1,3,2
331135,0,6,1,7
331185,6,0,7,1
331306,0,1,1,2
331317,0,1,1,2
331376,0,1,1,2
331405,0,1,1,2
331447,0,1,1,2
331480,1,0,2,1
331481,1,0,2,1
331488,1,0,2,1
331559,0,1,1,2
331563,0,1,1,2
331599,0,1,1,2
331617,4,1,5,2
331658,4,1,5,2
331733,5,2,6,3
331735,5,2,6,3
331736,5,2,6,3
331772,1,2,2,3
331782,2,5,3,6
331788,2,5,3,6
331797,2,1,3,2
331804,2,1,3,2
331806,2,1,3,2
331808,2,1,3,2
331843,2,1,3,2
331846,0,6,1,7
332085,1,0,2,1
332087,1,0,2,1
332089,1,0,2,1
332091,0,1,1,2
332167,0,1,1,2
332201,1,0,2,1
332203,1,0,2,1
332243,0,1,1,2
332317,0,1,1,2
332356,0,1,1,2
332358,0,1,1,2
332416,0,1,1,2
332418,0,1,1,2
332475,1,5,2,6
332483,1,2,2,3
332487,1,5,2,6
332494,2,5,3,6
332512,2,1,3,2
332517,2,1,3,2
332608,6,0,7,1
332803,1,0,2,1
332821,1,0,2,1
332834,0,1,1,2
332840,1,0,2,1
332848,0,1,1,2
332952,0,1,1,2
333019,0,1,1,2
333020,0,1,1,2
333022,0,1,1,2
333066,4,1,5,2
333071,0,1,1,2
333072,0,1,1,2
333075,0,1,1,2
333098,1,0,2,1
333143,2,1,3,2
333159,5,1,6,2
333166,5,2,6,3
333186,1,5,2,6
333208,2,5,3,6
333212,2,5,3,6
333214,2,1,3,2
333217,2,1,3,2
333224,2,1,3,2
333264,0,6,1,7
333317,6,0,7,1
333418,1,0,2,1
333421,1,0,2,1
333538,1,0,2,1
333556,0,1,1,2
333565,1,0,2,1
333601,0,1,1,2
333605,0,6,1,7
333702,0,1,1,2
333732,0,1,1,2
333734,0,1,1,2
333739,0,1,1,2
333742,0,1,1,2
333773,4,1,5,2
333783,0,1,1,2
333795,4,1,5,2
333796,4,1,5,2
333810,1,0,2,1
333842,0,1,1,2
333887,5,2,6,3
333889,5,2,6,3
333892,1,5,2,6
333896,1,5,2,6
333902,1,5,2,6
333903,1,2,2,3
333905,1,5,2,6
333906,1,2,2,3
333914,2,5,3,6
333923,2,1,3,2
333927,2,1,3,2
333933,2,1,3,2
334028,6,0,7,1
334029,6,0,7,1
334124,1,0,2,1
334125,1,0,2,1
334144,0,1,1,2
334228,0,1,1,2
334230,0,1,1,2
334260,1,0,2,1
334280,1,0,2,1
334410,0,1,1,2
334412,0,1,1,2
334445,0,1,1,2
334451,0,1,1,2
334483,4,1,5,2
334484,0,1,1,2
334495,0,1,1,2
334507,4,1,5,2
334512,4,1,5,2
334558,2,1,3,2
334578,2,1,3,2
334616,1,5,2,6
334645,2,1,3,2
334646,2,1,3,2
334738,6,0,7,1
334744,6,0,7,1
334842,0,1,1,2
334850,1,0,2,1
334851,1,0,2,1
334944,1,0,2,1
334953,0,1,1,2
334956,0,1,1,2
334967,1,0,2,1
334971,0,1,1,2
334972,0,1,1,2
334995,0,1,1,2
335094,1,0,2,1
335098,1,0,2,1
335099,1,0,2,1
335129,0,1,1,2
335169,0,1,1,2
335193,4,1,5,2
335201,0,1,1,2
335203,0,1,1,2
335204,0,1,1,2
335212,0,1,1,2
335215,0,1,1,2
335218,4,1,5,2
335219,4,1,5,2
335223,4,1,5,2
335296,2,1,3,2
335327,1,2,2,3
335331,1,5,2,6
335335,1,5,2,6
335386,1,2,2,3
335451,6,0,7,1
335453,6,0,7,1
335454,6,0,7,1
335456,6,0,7,1
335458,6,0,7,1
335462,6,0,7,1
335554,0,1,1,2
335555,0,1,1,2
335562,1,0,2,1
335569,0,1,1,2
335570,0,1,1,2
335668,0,1,1,2
335670,0,1,1,2
335688,0,1,1,2
335699,1,0,2,1
335706,1,0,2,1
335716,0,1,1,2
335804,1,0,2,1
335807,1,0,2,1
335868,0,1,1,2
335889,4,1,5,2
335890,4,1,5,2
335902,0,1,1,2
335922,0,1,1,2
335926,0,1,1,2
335930,4,1,5,2
335980,2,1,3,2
336009,2,1,3,2
336037,1,5,2,6
336066,2,1,3,2
336069,2,1,3,2
336112,6,0,7,1
336113,6,0,7,1
336154,6,0,7,1
336156,6,0,7,1
336157,6,0,7,1
336269,1,0,2,1
336277,0,1,1,2
336288,0,1,1,2
336374,0,1,1,2
336378,0,1,1,2
336392,0,1,1,2
336411,1,0,2,1
336416,0,1,1,2
336418,0,1,1,2
336421,0,1,1,2
336505,1,0,2,1
336510,1,0,2,1
336535,0,1,1,2
336537,0,1,1,2
336565,1,0,2,1
336567,0,1,1,2
336568,0,1,1,2
336577,0,1,1,2
336578,0,1,1,2
336590,4,1,5,2
336603,0,1,1,2
336605,0,1,1,2
336606,0,1,1,2
336612,0,1,1,2
336633,4,1,5,2
336635,4,1,5,2
336636,4,1,5,2
336713,2,1,3,2
336747,1,5,2,6
336756,2,5,3,6
336765,2,5,3,6
336770,1,2,2,3
336775,2,1,3,2
336776,2,1,3,2
336781,2,1,3,2
336858,6,0,7,1
336865,6,0,7,1
336866,6,0,7,1
336869,6,0,7,1
336971,1,0,2,1
336972,1,0,2,1
336973,1,0,2,1
337080,0,1,1,2
337098,0,1,1,2
337130,1,0,2,1
337131,1,0,2,1
337212,1,0,2,1
337213,1,0,2,1
337214,1,0,2,1
337215,1,0,2,1
337237,0,1,1,2
337270,0,1,1,2
337276,0,1,1,2
337290,4,1,5,2
337303,0,1,1,2
337327,0,1,1,2
337335,4,1,5,2
337337,4,1,5,2
337413,2,1,3,2
337435,1,5,2,6
337443,1,5,2,6
337444,1,5,2,6
337446,1,5,2,6
337447,1,2,2,3
337453,2,5,3,6
337457,2,5,3,6
337460,2,5,3,6
337461,2,5,3,6
337476,2,1,3,2
337549,6,0,7,1
337551,6,0,7,1
337553,6,0,7,1
337556,6,0,7,1
337564,6,0,7,1
337667,1,0,2,1
337676,0,1,1,2
337679,0,1,1,2
337686,0,1,1,2
337776,0,1,1,2
337786,0,1,1,2
337791,0,1,1,2
337793,0,1,1,2
337810,0,1,1,2
337811,0,1,1,2
337814,0,1,1,2
337816,0,1,1,2
337825,1,0,2,1
337895,1,0,2,1
337897,1,0,2,1
337906,1,0,2,1
337966,0,1,1,2
337967,0,1,1,2
337969,0,1,1,2
337999,0,1,1,2
338000,0,1,1,2
338002,0,1,1,2
338005,0,1,1,2
338008,0,1,1,2
338009,0,1,1,2
338032,0,1,1,2
338111,2,1,3,2
338146,2,5,3,6
338149,2,5,3,6
338153,2,5,3,6
338156,2,5,3,6
338161,1,2,2,3
338162,1,2,2,3
338203,0,6,1,7
338244,6,0,7,1
338251,6,0,7,1
338370,0,1,1,2
338454,0,1,1,2
338455,0,1,1,2
338457,0,1,1,2
338473,0,1,1,2
338489,0,1,1,2
338490,0,1,1,2
338491,0,1,1,2
338493,0,1,1,2
338494,0,1,1,2
338496,0,1,1,2
338498,0,1,1,2
338571,1,0,2,1
338572,1,0,2,1
338574,1,0,2,1
338578,1,0,2,1
338579,1,0,2,1
338586,1,0,2,1
338587,1,0,2,1
338589,1,0,2,1
338653,0,1,1,2
338685,0,1,1,2
338689,0,1,1,2
338709,1,5,2,6
338718,4,1,5,2
338801,2,1,3,2
338802,2,1,3,2
338814,2,1,3,2
338817,1,2,2,3
338819,1,5,2,6
338820,1,5,2,6
338824,1,5,2,6
338825,1,5,2,6
338837,2,5,3,6
338839,2,1,3,2
338840,2,1,3,2
338843,2,1,3,2
338845,2,1,3,2
338868,1,2,2,3
338894,0,6,1,7
338895,0,6,1,7
338926,6,0,7,1
339029,0,1,1,2
339034,1,0,2,1
339052,0,1,1,2
339128,1,0,2,1
339137,0,1,1,2
339140,0,1,1,2
339148,0,1,1,2
339167,0,1,1,2
339169,0,1,1,2
339172,0,1,1,2
339208,0,1,1,2
339254,1,0,2,1
339266,1,0,2,1
339319,0,1,1,2
339327,0,1,1,2
339452,1,2,2,3
339486,2,1,3,2
339500,1,5,2,6
339514,2,5,3,6
339518,2,1,3,2
339519,2,1,3,2
339528,1,2,2,3
339529,1,2,2,3
339570,0,6,1,7
339600,6,0,7,1
339604,6,0,7,1
339709,0,1,1,2
339718,0,1,1,2
339806,0,1,1,2
339807,0,1,1,2
339811,0,1,1,2
339817,0,1,1,2
339840,0,1,1,2
339888,1,0,2,1
339917,1,0,2,1
339918,1,0,2,1
339921,1,0,2,1
339922,1,0,2,1
339924,1,0,2,1
339933,1,0,2,1
339934,1,0,2,1
339996,0,1,1,2
339999,0,1,1,2
340025,4,1,5,2
340030,0,1,1,2
340039,0,1,1,2
340126,1,2,2,3
340167,1,5,2,6
340171,1,5,2,6
340180,2,1,3,2
340181,2,1,3,2
340208,2,1,3,2
340210,1,2,2,3
340211,1,2,2,3
340268,6,0,7,1
340269,6,0,7,1
340270,6,0,7,1
340271,6,0,7,1
340392,0,1,1,2
340467,1,0,2,1
340474,0,1,1,2
340477,0,1,1,2
340478,0,1,1,2
340479,0,1,1,2
340499,0,1,1,2
340500,0,1,1,2
340508,0,1,1,2
340509,0,1,1,2
340544,0,1,1,2
340545,0,1,1,2
340587,1,0,2,1
340592,1,0,2,1
340599,1,0,2,1
340604,1,0,2,1
340609,1,0,2,1
340663,0,1,1,2
340666,0,1,1,2
340834,1,5,2,6
340848,2,1,3,2
340850,2,1,3,2
340889,6,0,7,1
340890,6,0,7,1
340894,6,0,7,1
340899,6,0,7,1
340929,6,0,7,1
341030,0,1,1,2
341117,1,0,2,1
341130,0,1,1,2
341155,0,1,1,2
341207,1,0,2,1
341236,1,0,2,1
341239,1,0,2,1
341243,1,0,2,1
341245,1,0,2,1
341247,1,0,2,1
341251,1,0,2,1
341254,1,0,2,1
341306,0,1,1,2
341312,0,1,1,2
341345,0,1,1,2
341369,4,1,5,2
341372,0,1,1,2
341469,1,5,2,6
341477,1,2,2,3
341481,1,2,2,3
341486,2,1,3,2
341488,2,1,3,2
341489,2,1,3,2
341490,2,1,3,2
341551,6,0,7,1
341554,6,0,7,1
341562,6,0,7,1
341568,0,6,1,7
341657,0,1,1,2
341759,0,1,1,2
341761,0,1,1,2
341777,0,1,1,2
341784,0,1,1,2
341793,0,1,1,2
341799,0,1,1,2
341882,1,0,2,1
341890,1,0,2,1
341892,1,0,2,1
341929,0,1,1,2
341931,0,1,1,2
341937,0,1,1,2
341941,0,1,1,2
341942,0,1,1,2
341943,0,1,1,2
341945,0,1,1,2
341983,0,1,1,2
342001,4,1,5,2
342003,4,1,5,2
342085,4,2,5,3
342110,1,2,2,3
342111,1,2,2,3
342113,1,2,2,3
342114,1,2,2,3
342118,1,2,2,3
342121,1,2,2,3
342124,2,1,3,2
342127,2,1,3,2
342139,1,2,2,3
342168,6,0,7,1
342176,6,0,7,1
342192,6,0,7,1
342196,6,0,7,1
342288,0,1,1,2
342292,0,1,1,2
342377,1,0,2,1
342378,1,0,2,1
342379,1,0,2,1
342417,0,1,1,2
342418,0,1,1,2
342421,0,1,1,2
342445,0,1,1,2
342466,1,0,2,1
342468,1,0,2,1
342499,1,0,2,1
342500,1,0,2,1
342501,1,0,2,1
342512,1,0,2,1
342532,1,0,2,1
342557,0,1,1,2
342570,0,1,1,2
342628,4,1,5,2
342732,4,2,5,3
342734,4,2,5,3
342741,2,1,3,2
342757,5,2,6,3
342759,1,2,2,3
342762,1,2,2,3
342777,2,1,3,2
342822,6,0,7,1
342833,6,0,7,1
342835,6,0,7,1
342924,0,1,1,2
342927,0,1,1,2
343029,0,1,1,2
343087,0,1,1,2
343127,1,0,2,1
343133,1,0,2,1
343140,1,0,2,1
343150,1,0,2,1
343153,1,0,2,1
343154,1,0,2,1
343157,1,0,2,1
343168,1,0,2,1
343201,0,1,1,2
343203,0,1,1,2
343279,0,1,1,2
343382,4,2,5,3
343391,2,1,3,2
343392,2,1,3,2
343393,2,1,3,2
343394,2,1,3,2
343395,2,1,3,2
343430,2,1,3,2
343470,6,0,7,1
343581,0,1,1,2
343657,1,0,2,1
343672,0,1,1,2
343707,0,1,1,2
343773,1,0,2,1
343786,1,0,2,1
343795,1,0,2,1
343797,1,0,2,1
343802,1,0,2,1
343820,1,0,2,1
343835,0,1,1,2
343841,0,1,1,2
343847,0,1,1,2
343848,0,1,1,2
343849,0,1,1,2
343850,0,1,1,2
343851,0,1,1,2
343923,4,1,5,2
343930,0,1,1,2
344040,2,1,3,2
344046,5,1,6,2
344048,5,1,6,2
344056,1,2,2,3
344191,0,1,1,2
344192,0,1,1,2
344197,0,1,1,2
344322,1,0,2,1
344328,1,0,2,1
344330,1,0,2,1
344333,1,0,2,1
344365,0,1,1,2
344400,1,0,2,1
344401,1,0,2,1
344413,1,0,2,1
344466,0,1,1,2
344474,0,1,1,2
344546,4,1,5,2
344633,1,2,2,3
344650,4,2,5,3
344669,2,1,3,2
344671,2,1,3,2
344674,5,1,6,2
344676,5,1,6,2
344703,2,1,3,2
344711,6,0,7,1
344724,6,0,7,1
344794,0,1,1,2
344808,0,1,1,2
344943,1,0,2,1
344950,1,0,2,1
344951,1,0,2,1
345008,1,0,2,1
345013,0,6,1,7
345014,0,6,1,7
345043,1,0,2,1
345046,1,0,2,1
345077,0,1,1,2
345092,0,1,1,2
345165,4,1,5,2
345166,4,1,5,2
345181,0,1,1,2
345188,1,2,2,3
345248,2,1,3,2
345254,1,2,2,3
345294,5,1,6,2
345296,5,1,6,2
345297,5,1,6,2
345313,2,1,3,2
345318,1,2,2,3
345414,0,1,1,2
345415,0,1,1,2
345538,1,0,2,1
345556,1,0,2,1
345582,0,1,1,2
345614,1,0,2,1
345632,1,0,2,1
345636,1,0,2,1
345643,1,0,2,1
345761,4,1,5,2
345766,4,1,5,2
345767,4,1,5,2
345782,0,1,1,2
345850,2,1,3,2
345851,2,1,3,2
345856,4,2,5,3
345870,4,1,5,2
345891,2,1,3,2
346014,0,1,1,2
346037,0,1,1,2
346123,1,0,2,1
346125,1,0,2,1
346138,1,0,2,1
346156,1,0,2,1
346157,1,0,2,1
346164,1,0,2,1
346217,1,0,2,1
346219,1,0,2,1
346236,1,0,2,1
346239,1,0,2,1
346248,1,0,2,1
346251,1,0,2,1
346278,0,1,1,2
346279,0,1,1,2
346292,0,1,1,2
346356,0,1,1,2
346361,4,1,5,2
346363,4,1,5,2
346445,2,1,3,2
346450,2,1,3,2
346451,2,1,3,2
346470,4,2,5,3
346472,4,1,5,2
346505,5,1,6,2
346508,5,1,6,2
346517,2,1,3,2
346723,1,0,2,1
346731,1,0,2,1
346738,1,0,2,1
346756,1,0,2,1
346819,1,0,2,1
346823,0,6,1,7
346841,1,0,2,1
346857,1,0,2,1
346863,0,1,1,2
346875,0,1,1,2
346889,0,1,1,2
346890,0,1,1,2
346943,0,1,1,2
346946,0,1,1,2
346955,0,1,1,2
346956,4,1,5,2
346958,4,1,5,2
346959,4,1,5,2
347038,2,1,3,2
347057,4,2,5,3
347089,5,2,6,3
347096,5,1,6,2
347105,1,2,2,3
347303,1,0,2,1
347306,0,1,1,2
347338,1,0,2,1
347340,0,1,1,2
347343,0,1,1,2
347378,0,1,1,2
347421,0,1,1,2
347452,0,1,1,2
347461,0,1,1,2
347466,0,1,1,2
347524,0,1,1,2
347526,0,1,1,2
347528,0,1,1,2
347529,0,1,1,2
347531,0,1,1,2
347534,4,1,5,2
347558,0,1,1,2
347635,2,1,3,2
347638,2,1,3,2
347661,5,1,6,2
347662,5,1,6,2
347665,5,1,6,2
347676,5,1,6,2
347678,5,1,6,2
347862,1,0,2,1
347867,1,0,2,1
347870,0,1,1,2
347873,1,0,2,1
347875,1,0,2,1
347893,0,1,1,2
347896,1,0,2,1
347907,0,1,1,2
347957,1,0,2,1
347985,0,1,1,2
347987,0,1,1,2
347988,1,0,2,1
347989,1,0,2,1
347996,0,1,1,2
348015,0,1,1,2
348025,0,1,1,2
348027,0,1,1,2
348078,0,1,1,2
348082,0,1,1,2
348089,0,1,1,2
348090,0,1,1,2
348097,4,1,5,2
348121,0,1,1,2
348124,1,2,2,3
348125,1,2,2,3
348168,2,1,3,2
348174,2,1,3,2
348193,2,1,3,2
348196,4,1,5,2
348203,2,1,3,2
348204,2,1,3,2
348232,5,2,6,3
348241,5,1,6,2
348247,5,1,6,2
348342,0,1,1,2
348359,0,1,1,2
348452,1,0,2,1
348454,1,0,2,1
348455,1,0,2,1
348537,0,6,1,7
348564,0,1,1,2
348565,0,1,1,2
348596,0,1,1,2
348599,0,1,1,2
348666,0,1,1,2
348667,0,1,1,2
348672,0,1,1,2
348778,4,1,5,2
348782,2,1,3,2
348810,5,1,6,2
348822,5,1,6,2
349031,1,0,2,1
349038,0,1,1,2
349047,1,0,2,1
349120,1,0,2,1
349150,0,1,1,2
349151,0,1,1,2
349246,4,1,5,2
349257,0,1,1,2
349267,4,1,5,2
349293,0,2,1,3
349361,2,1,3,2
349363,2,1,3,2
349364,2,1,3,2
349367,2,1,3,2
349424,5,1,6,2
349426,5,1,6,2
349548,0,1,1,2
349628,1,0,2,1
349629,1,0,2,1
349663,1,0,2,1
349845,4,1,5,2
349856,0,1,1,2
349857,0,1,1,2
349858,0,1,1,2
349861,0,1,1,2
349862,0,1,1,2
349867,4,1,5,2
349872,4,1,5,2
349895,0,2,1,3
349917,1,2,2,3
349961,2,1,3,2
350007,2,1,3,2
350008,5,1,6,2
350010,5,1,6,2
350029,2,5,3,6
350148,0,1,1,2
350232,1,0,2,1
350236,1,0,2,1
350260,0,1,1,2
350261,0,1,1,2
350305,0,1,1,2
350318,0,1,1,2
350336,0,6,1,7
350450,4,1,5,2
350462,0,1,1,2
350463,0,1,1,2
350466,0,1,1,2
350467,0,1,1,2
350473,4,1,5,2
350477,4,1,5,2
350538,1,2,2,3
350542,1,2,2,3
350568,2,1,3,2
350569,2,1,3,2
350616,2,1,3,2
350618,5,1,6,2
350619,5,1,6,2
350632,2,1,3,2
350634,2,5,3,6
350636,2,5,3,6
350641,5,1,6,2
350841,1,0,2,1
350842,1,0,2,1
350875,0,1,1,2
350879,1,0,2,1
350919,0,1,1,2
350920,0,1,1,2
350946,0,6,1,7
351063,0,1,1,2
351065,0,1,1,2
351066,0,1,1,2
351068,0,1,1,2
351071,0,1,1,2
351072,0,1,1,2
351082,4,1,5,2
351087,4,1,5,2
351116,0,2,1,3
351118,1,2,2,3
351153,2,1,3,2
351154,2,1,3,2
351364,0,1,1,2
351366,0,1,1,2
351475,0,1,1,2
351478,0,1,1,2
351523,0,1,1,2
351548,0,6,1,7
351587,0,1,1,2
351594,1,0,2,1
351595,1,0,2,1
351636,1,0,2,1
351662,0,1,1,2
351672,0,1,1,2
351673,0,1,1,2
351676,0,1,1,2
351679,0,1,1,2
351682,4,1,5,2
351685,4,1,5,2
351689,4,1,5,2
351691,4,1,5,2
351692,4,1,5,2
351714,0,1,1,2
351726,1,2,2,3
351734,1,2,2,3
351736,1,2,2,3
351741,1,2,2,3
351742,1,2,2,3
351757,2,1,3,2
351830,5,1,6,2
351833,5,1,6,2
351843,2,1,3,2
351847,2,1,3,2
351848,2,5,3,6
351970,0,1,1,2
352130,0,1,1,2
352210,1,0,2,1
352273,4,1,5,2
352276,0,1,1,2
352282,0,1,1,2
352290,0,1,1,2
352299,4,1,5,2
352301,4,1,5,2
352342,1,2,2,3
352349,1,2,2,3
352351,1,2,2,3
352352,1,2,2,3
352356,1,2,2,3
352364,1,2,2,3
352445,5,1,6,2
352462,2,5,3,6
352665,1,0,2,1
352777,0,6,1,7
352822,1,0,2,1
352844,1,0,2,1
352874,4,1,5,2
352884,4,1,5,2
352888,4,1,5,2
352892,0,1,1,2
352901,0,1,1,2
352906,0,1,1,2
352915,4,1,5,2
352949,0,1,1,2
352950,0,1,1,2
352955,1,2,2,3
352963,1,2,2,3
352967,1,2,2,3
352968,1,2,2,3
352973,1,2,2,3
352986,2,1,3,2
353072,2,5,3,6
353271,1,0,2,1
353273,1,0,2,1
353277,1,0,2,1
353299,1,0,2,1
353368,0,1,1,2
353397,0,6,1,7
353444,1,0,2,1
353445,1,0,2,1
353446,1,0,2,1
353448,1,0,2,1
353498,4,1,5,2
353512,0,1,1,2
353538,4,1,5,2
353573,0,1,1,2
353575,0,1,1,2
353579,0,2,1,3
353584,1,2,2,3
353698,2,5,3,6
353703,2,5,3,6
353894,1,0,2,1
353897,1,0,2,1
354011,0,6,1,7
354066,1,0,2,1
354067,1,0,2,1
354072,1,0,2,1
354115,4,1,5,2
354120,4,1,5,2
354124,4,1,5,2
354133,0,1,1,2
354134,0,1,1,2
354145,4,1,5,2
354148,4,1,5,2
354150,4,1,5,2
354193,0,1,1,2
354208,1,2,2,3
354209,1,2,2,3
354239,2,5,3,6
354297,2,5,3,6
354300,2,5,3,6
354311,2,1,3,2
354427,0,1,1,2
354468,1,0,2,1
354496,1,0,2,1
354505,1,0,2,1
354525,1,0,2,1
354593,1,0,2,1
354658,0,1,1,2
354669,1,0,2,1
354672,1,0,2,1
354676,1,0,2,1
354677,1,0,2,1
354678,1,0,2,1
354679,1,0,2,1
354680,1,0,2,1
354684,1,0,2,1
354692,1,0,2,1
354759,4,1,5,2
354760,4,1,5,2
354762,4,1,5,2
354808,0,5,1,6
354820,1,2,2,3
354822,1,2,2,3
354826,1,2,2,3
354858,2,5,3,6
354902,5,2,6,3
354904,5,2,6,3
354913,2,5,3,6
354986,0,6,1,7
355034,0,1,1,2
355036,0,1,1,2
355116,1,0,2,1
355118,1,0,2,1
355127,1,0,2,1
355138,1,0,2,1
355185,0,1,1,2
355186,0,1,1,2
355206,1,0,2,1
355292,1,0,2,1
355296,1,0,2,1
355300,1,0,2,1
355302,1,0,2,1
355306,1,0,2,1
355311,1,0,2,1
355312,1,0,2,1
355371,4,1,5,2
355374,4,1,5,2
355375,4,1,5,2
355378,4,1,5,2
355406,0,1,1,2
355407,0,1,1,2
355516,5,2,6,3
355524,5,2,6,3
355532,2,5,3,6
355576,0,6,1,7
355588,0,6,1,7
355710,1,0,2,1
355712,1,0,2,1
355715,1,0,2,1
355734,1,0,2,1
355800,0,1,1,2
355811,1,0,2,1
355813,1,0,2,1
355816,1,0,2,1
355848,6,0,7,1
355896,1,0,2,1
355914,1,0,2,1
355989,4,1,5,2
356053,1,2,2,3
356057,1,2,2,3
356135,5,2,6,3
356136,5,2,6,3
356145,5,2,6,3
356324,1,0,2,1
356333,1,0,2,1
356338,1,0,2,1
356343,1,0,2,1
356353,1,0,2,1
356391,0,1,1,2
356413,1,0,2,1
356417,1,0,2,1
356419,1,0,2,1
356471,6,0,7,1
356530,1,0,2,1
356540,1,0,2,1
356544,1,0,2,1
356611,4,1,5,2
356650,0,1,1,2
356667,0,1,1,2
356668,0,5,1,6
356669,0,1,1,2
356677,1,2,2,3
356706,1,5,2,6
356710,2,5,3,6
356711,2,5,3,6
356759,5,2,6,3
356763,5,2,6,3
356765,5,2,6,3
356935,1,0,2,1
356941,1,0,2,1
356951,1,0,2,1
356957,1,0,2,1
356958,1,0,2,1
356962,1,0,2,1
356964,1,0,2,1
357018,0,1,1,2
357019,0,1,1,2
357034,1,0,2,1
357036,1,0,2,1
357038,1,0,2,1
357039,1,0,2,1
357040,1,0,2,1
357144,1,0,2,1
357149,1,0,2,1
357151,1,0,2,1
357154,1,0,2,1
357157,1,0,2,1
357160,1,0,2,1
357162,1,0,2,1
357264,0,1,1,2
357287,0,5,1,6
357313,2,1,3,2
357385,5,2,6,3
357388,5,2,6,3
357427,0,6,1,7
357429,0,6,1,7
357431,0,6,1,7
357435,0,6,1,7
357560,1,0,2,1
357562,1,0,2,1
357578,1,0,2,1
357579,1,0,2,1
357595,0,1,1,2
357608,0,1,1,2
357613,0,1,1,2
357631,0,1,1,2
357646,1,0,2,1
357649,1,0,2,1
357650,1,0,2,1
357653,1,0,2,1
357758,1,0,2,1
357760,1,0,2,1
357761,1,0,2,1
357762,1,0,2,1
357769,1,0,2,1
357773,1,0,2,1
357781,1,0,2,1
357784,1,0,2,1
357849,4,1,5,2
357851,4,1,5,2
357852,4,1,5,2
357882,1,2,2,3
357887,0,1,1,2
357907,0,5,1,6
357933,1,5,2,6
357938,1,5,2,6
357944,1,5,2,6
357970,5,2,6,3
358004,5,2,6,3
358005,5,2,6,3
358008,5,2,6,3
358009,5,2,6,3
358182,1,0,2,1
358213,0,1,1,2
358215,0,1,1,2
358216,0,1,1,2
358218,0,1,1,2
358220,0,1,1,2
358225,0,1,1,2
358243,0,1,1,2
358246,0,1,1,2
358263,1,0,2,1
358266,1,0,2,1
358270,1,0,2,1
358382,1,0,2,1
358387,1,0,2,1
358497,1,2,2,3
358501,4,1,5,2
358524,0,1,1,2
358529,0,1,1,2
358533,2,1,3,2
358539,1,5,2,6
358541,1,5,2,6
358543,1,5,2,6
358549,1,5,2,6
358555,1,5,2,6
358577,5,2,6,3
358664,0,6,1,7
358666,0,6,1,7
358673,0,6,1,7
358788,1,0,2,1
358791,1,0,2,1
358792,1,0,2,1
358836,0,1,1,2
358847,0,1,1,2
358974,1,0,2,1
358978,1,0,2,1
358996,1,0,2,1
358999,1,0,2,1
359001,1,0,2,1
359067,4,1,5,2
359098,4,0,5,1
359128,0,5,1,6
359151,1,5,2,6
359172,5,1,6,2
359178,2,5,3,6
359185,5,2,6,3
359219,5,2,6,3
359387,1,0,2,1
359389,1,0,2,1
359396,1,0,2,1
359399,1,0,2,1
359400,1,0,2,1
359421,0,1,1,2
359425,0,1,1,2
359430,1,0,2,1
359450,0,1,1,2
359451,0,1,1,2
359568,1,0,2,1
359573,1,0,2,1
359583,1,0,2,1
359584,1,0,2,1
359589,1,0,2,1
359657,4,1,5,2
359661,4,1,5,2
359687,4,0,5,1
359690,4,0,5,1
359728,2,5,3,6
359761,1,5,2,6
359762,1,5,2,6
359775,2,5,3,6
359776,2,5,3,6
359777,2,5,3,6
359881,0,1,1,2
359980,1,0,2,1
360018,0,1,1,2
360031,1,0,2,1
360032,1,0,2,1
360046,0,1,1,2
360165,1,0,2,1
360176,1,0,2,1
360184,1,0,2,1
360188,1,0,2,1
360255,4,1,5,2
360256,4,1,5,2
360287,0,1,1,2
360333,1,5,2,6
360342,1,5,2,6
360358,1,5,2,6
360361,1,5,2,6
360379,2,5,3,6
360406,5,2,6,3
360407,5,2,6,3
360477,0,1,1,2
360602,1,0,2,1
360614,0,1,1,2
360620,0,1,1,2
360626,1,0,2,1
360628,1,0,2,1
360629,1,0,2,1
360632,1,0,2,1
360633,1,0,2,1
360650,0,1,1,2
360752,1,0,2,1
360754,1,0,2,1
360762,1,0,2,1
360767,1,0,2,1
360782,1,0,2,1
360783,1,0,2,1
360845,4,1,5,2
360875,4,0,5,1
360958,1,5,2,6
360961,2,5,3,6
360967,2,5,3,6
360971,2,5,3,6
360972,2,5,3,6
361187,1,0,2,1
361192,1,0,2,1
361195,1,0,2,1
361198,1,0,2,1
361208,0,1,1,2
361220,1,0,2,1
361335,1,0,2,1
361337,1,0,2,1
361355,1,0,2,1
361363,1,0,2,1
361428,4,1,5,2
361429,4,1,5,2
361453,4,1,5,2
361454,4,0,5,1
361457,4,0,5,1
361461,0,1,1,2
361462,0,1,1,2
361539,1,5,2,6
361540,1,5,2,6
361556,2,5,3,6
361608,0,6,1,7
361609,0,6,1,7
361680,0,1,1,2
361767,1,0,2,1
361780,1,0,2,1
361825,1,0,2,1
361935,1,0,2,1
361941,1,0,2,1
361946,1,0,2,1
361947,1,0,2,1
361949,1,0,2,1
362013,4,1,5,2
362038,4,1,5,2
362043,0,1,1,2
362089,1,5,2,6
362119,1,5,2,6
362121,1,5,2,6
362130,2,5,3,6
362131,2,1,3,2
362142,2,5,3,6
362344,1,0,2,1
362356,1,0,2,1
362414,1,0,2,1
362510,1,0,2,1
362514,1,0,2,1
362522,1,0,2,1
362529,1,0,2,1
362530,1,0,2,1
362536,1,0,2,1
362562,1,0,2,1
362605,4,1,5,2
362628,4,1,5,2
362681,1,5,2,6
362703,1,5,2,6
362708,1,5,2,6
362714,1,5,2,6
362725,2,5,3,6
362789,0,6,1,7
362858,0,1,1,2
362935,1,0,2,1
362943,0,1,1,2
362944,0,1,1,2
362948,1,0,2,1
362952,1,0,2,1
362957,1,0,2,1
362984,1,0,2,1
362999,1,0,2,1
363001,1,0,2,1
363124,1,0,2,1
363127,1,0,2,1
363156,1,0,2,1
363218,4,1,5,2
363219,4,0,5,1
363223,0,1,1,2
363224,0,1,1,2
363273,1,5,2,6
363296,1,5,2,6
363297,1,5,2,6
363298,1,5,2,6
363299,1,5,2,6
363307,1,5,2,6
363319,2,5,3,6
363379,0,6,1,7
363522,1,0,2,1
363524,1,0,2,1
363525,1,0,2,1
363548,0,1,1,2
363670,1,0,2,1
363671,1,0,2,1
363685,1,0,2,1
363688,1,0,2,1
363720,1,0,2,1
363722,1,0,2,1
363723,1,0,2,1
363728,1,0,2,1
363795,0,1,1,2
363870,1,5,2,6
363883,2,5,3,6
363885,2,1,3,2
363886,2,1,3,2
363961,0,6,1,7
364019,0,1,1,2
364091,1,0,2,1
364107,1,0,2,1
364112,1,0,2,1
364113,1,0,2,1
364137,0,1,1,2
364145,1,0,2,1
364148,1,0,2,1
364253,1,0,2,1
364269,1,0,2,1
364284,1,0,2,1
364289,1,0,2,1
364291,1,0,2,1
364297,1,0,2,1
364358,0,1,1,2
364360,4,1,5,2
364361,4,0,5,1
364363,4,0,5,1
364364,4,1,5,2
364368,0,1,1,2
364452,1,5,2,6
364458,2,1,3,2
364459,2,1,3,2
364590,0,1,1,2
364592,0,1,1,2
364614,4,1,5,2
364663,1,0,2,1
364679,1,0,2,1
364714,1,0,2,1
364723,1,0,2,1
364813,1,0,2,1
364854,1,0,2,1
364856,1,0,2,1
364857,1,0,2,1
364860,1,0,2,1
364867,1,0,2,1
364870,1,0,2,1
364936,4,0,5,1
364941,0,1,1,2
364990,2,1,3,2
364992,2,1,3,2
364993,2,1,3,2
365036,5,1,6,2
365038,5,1,6,2
365073,5,2,6,3
365131,0,1,1,2
365187,4,1,5,2
365227,1,0,2,1
365229,1,0,2,1
365232,1,0,2,1
365384,1,0,2,1
365385,1,0,2,1
365389,1,0,2,1
365390,1,0,2,1
365393,1,0,2,1
365419,1,0,2,1
365432,1,0,2,1
365456,1,0,2,1
365494,0,1,1,2
365497,0,1,1,2
365506,0,1,1,2
365596,2,1,3,2
365673,0,6,1,7
365748,4,1,5,2
365752,4,1,5,2
365794,1,0,2,1
365804,1,0,2,1
365939,1,0,2,1
365954,1,0,2,1
365989,1,0,2,1
366055,0,1,1,2
366130,1,2,2,3
366157,2,1,3,2
366162,5,2,6,3
366164,5,1,6,2
366233,0,6,1,7
366241,6,0,7,1
366242,6,0,7,1
366310,4,1,5,2
366362,1,0,2,1
366367,1,0,2,1
366373,1,0,2,1
366506,1,0,2,1
366507,1,0,2,1
366508,1,0,2,1
366519,1,0,2,1
366530,1,0,2,1
366537,1,0,2,1
366538,1,0,2,1
366597,0,1,1,2
366605,0,1,1,2
366610,0,1,1,2
366615,0,1,1,2
366616,0,1,1,2
366679,2,1,3,2
366681,2,1,3,2
366688,1,5,2,6
366714,5,2,6,3
366717,5,1,6,2
366787,6,0,7,1
366796,6,0,7,1
366872,1,5,2,6
366896,1,0,2,1
367030,1,0,2,1
367033,1,0,2,1
367042,1,0,2,1
367043,1,0,2,1
367045,1,0,2,1
367047,1,0,2,1
367059,1,0,2,1
367070,1,0,2,1
367073,1,0,2,1
367078,1,0,2,1
367138,0,1,1,2
367141,0,1,1,2
367150,0,1,1,2
367158,0,1,1,2
367216,5,1,6,2
367218,2,1,3,2
367221,2,1,3,2
367226,2,5,3,6
367227,2,1,3,2
367246,2,5,3,6
367265,5,1,6,2
367331,6,0,7,1
367339,6,0,7,1
367340,6,0,7,1
367349,6,0,7,1
367354,6,0,7,1
367404,4,1,5,2
367405,4,1,5,2
367409,4,1,5,2
367446,1,0,2,1
367464,1,0,2,1
367469,1,0,2,1
367491,0,1,1,2
367511,0,1,1,2
367548,6,0,7,1
367575,1,0,2,1
367577,1,0,2,1
367592,1,0,2,1
367602,1,0,2,1
367604,1,0,2,1
367605,1,0,2,1
367606,1,0,2,1
367616,1,0,2,1
367619,1,0,2,1
367620,1,0,2,1
367622,1,0,2,1
367624,1,0,2,1
367687,0,1,1,2
367693,0,1,1,2
367703,0,1,1,2
367759,5,1,6,2
367765,2,1,3,2
367772,2,1,3,2
367814,5,2,6,3
367821,5,2,6,3
367823,5,2,6,3
367868,6,0,7,1
367869,6,0,7,1
367880,6,0,7,1
367883,6,0,7,1
367888,6,0,7,1
368031,0,1,1,2
368062,1,0,2,1
368066,1,0,2,1
368089,6,0,7,1
368092,6,0,7,1
368121,1,0,2,1
368122,1,0,2,1
368137,1,0,2,1
368149,1,0,2,1
368153,1,0,2,1
368166,1,0,2,1
368168,1,0,2,1
368228,0,1,1,2
368301,5,1,6,2
368307,5,1,6,2
368316,2,1,3,2
368317,2,1,3,2
368322,2,1,3,2
368421,6,0,7,1
368428,6,0,7,1
368450,0,1,1,2
368479,4,1,5,2
368483,4,1,5,2
368486,4,1,5,2
368531,1,0,2,1
368556,1,0,2,1
368570,0,1,1,2
368591,1,0,2,1
368599,1,0,2,1
368602,1,0,2,1
368607,1,0,2,1
368635,6,0,7,1
368667,1,0,2,1
368668,1,0,2,1
368669,1,0,2,1
368694,1,0,2,1
368695,1,0,2,1
368697,1,0,2,1
368700,1,0,2,1
368702,1,0,2,1
368704,1,0,2,1
368705,1,0,2,1
368711,1,0,2,1
368713,1,0,2,1
368772,0,1,1,2
368786,0,1,1,2
368792,0,1,1,2
368844,5,1,6,2
368858,5,1,6,2
368871,2,1,3,2
368873,5,1,6,2
368903,5,2,6,3
368933,5,1,6,2
368946,0,6,1,7
368970,6,0,7,1
368975,6,0,7,1
369026,4,1,5,2
369116,0,1,1,2
369141,0,1,1,2
369152,1,0,2,1
369247,1,0,2,1
369250,1,0,2,1
369260,1,0,2,1
369318,0,1,1,2
369320,0,1,1,2
369334,0,1,1,2
369335,0,1,1,2
369338,0,1,1,2
369392,5,1,6,2
369394,5,1,6,2
369396,5,1,6,2
369404,5,1,6,2
369406,4,1,5,2
369413,5,1,6,2
369454,5,2,6,3
369460,2,5,3,6
369513,6,0,7,1
369517,6,0,7,1
369526,6,0,7,1
369538,1,0,2,1
369540,1,0,2,1
369551,0,1,1,2
369552,0,1,1,2
369574,4,1,5,2
369577,4,1,5,2
369579,4,1,5,2
369704,1,0,2,1
369766,1,0,2,1
369779,1,0,2,1
369793,1,0,2,1
369798,1,0,2,1
369800,1,0,2,1
369816,1,0,2,1
369832,1,0,2,1
369874,0,1,1,2
369875,0,1,1,2
369886,0,1,1,2
369944,5,1,6,2
369946,5,1,6,2
369947,5,1,6,2
369950,5,1,6,2
369952,5,1,6,2
369954,5,1,6,2
369969,2,1,3,2
369973,5,2,6,3
369980,5,1,6,2
370015,2,5,3,6
370018,5,2,6,3
370044,6,0,7,1
370071,6,0,7,1
370072,6,0,7,1
370076,6,0,7,1
370077,6,0,7,1
370081,1,0,2,1
370098,0,1,1,2
370124,4,1,5,2
370126,4,1,5,2
370246,1,0,2,1
370249,1,0,2,1
370335,1,0,2,1
370336,1,0,2,1
370337,1,0,2,1
370346,1,0,2,1
370421,0,1,1,2
370430,0,1,1,2
370432,0,1,1,2
370434,0,1,1,2
370492,5,1,6,2
370495,5,1,6,2
370496,5,1,6,2
370511,5,1,6,2
370552,2,5,3,6
370556,2,1,3,2
370557,2,5,3,6
370576,5,2,6,3
370607,1,0,2,1
370608,1,0,2,1
370609,6,0,7,1
370611,6,0,7,1
370614,6,0,7,1
370621,1,0,2,1
370622,1,0,2,1
370623,1,0,2,1
370624,1,0,2,1
370660,4,1,5,2
370664,4,1,5,2
370737,0,1,1,2
370789,1,0,2,1
370825,6,0,7,1
370879,1,0,2,1
370887,1,0,2,1
370890,1,0,2,1
370892,1,0,2,1
370893,1,0,2,1
370963,0,1,1,2
370967,0,1,1,2
370972,0,1,1,2
371040,5,1,6,2
371071,5,1,6,2
371077,2,1,3,2
371105,2,5,3,6
371123,1,5,2,6
371151,6,0,7,1
371161,1,0,2,1
371162,6,0,7,1
371169,1,0,2,1
371176,1,0,2,1
371317,0,1,1,2
371331,1,0,2,1
371384,6,0,7,1
371410,1,0,2,1
371412,1,0,2,1
371430,1,0,2,1
371435,1,0,2,1
371446,1,0,2,1
371478,1,0,2,1
371519,0,1,1,2
371520,0,1,1,2
371526,0,1,1,2
371530,0,1,1,2
371531,0,1,1,2
371592,5,1,6,2
371594,5,1,6,2
371596,5,1,6,2
371600,5,1,6,2
371601,5,1,6,2
371610,5,1,6,2
371611,5,1,6,2
371614,2,1,3,2
371627,2,1,3,2
371650,2,5,3,6
371680,1,2,2,3
371705,1,0,2,1
371709,6,0,7,1
371711,6,0,7,1
371712,6,0,7,1
371713,1,0,2,1
371714,1,0,2,1
371717,1,0,2,1
371720,1,0,2,1
371723,1,0,2,1
371733,0,1,1,2
371757,4,1,5,2
371774,1,5,2,6
371832,0,1,1,2
371842,1,0,2,1
371960,1,0,2,1
371987,1,0,2,1
371997,1,0,2,1
371998,1,0,2,1
372069,0,1,1,2
372070,0,1,1,2
372071,0,1,1,2
372073,0,1,1,2
372077,0,1,1,2
372079,0,1,1,2
372131,4,1,5,2
372132,4,1,5,2
372146,5,1,6,2
372151,5,1,6,2
372153,5,1,6,2
372157,5,1,6,2
372171,5,1,6,2
372226,1,2,2,3
372227,1,2,2,3
372228,1,2,2,3
372267,1,0,2,1
372270,1,0,2,1
372271,1,0,2,1
372289,0,1,1,2
372313,4,1,5,2
372315,4,1,5,2
372444,1,0,2,1
372525,1,0,2,1
372537,1,0,2,1
372549,1,0,2,1
372553,1,0,2,1
372556,1,0,2,1
372558,1,0,2,1
372559,1,0,2,1
372641,0,1,1,2
372642,0,1,1,2
372695,4,1,5,2
372710,5,1,6,2
372711,5,1,6,2
372715,5,1,6,2
372734,5,2,6,3
372737,5,2,6,3
372738,5,1,6,2
372773,5,2,6,3
372790,1,2,2,3
372816,6,0,7,1
372817,1,0,2,1
372824,1,0,2,1
372833,1,0,2,1
372834,1,0,2,1
372835,1,0,2,1
372841,1,0,2,1
372842,1,0,2,1
372853,0,1,1,2
372871,4,1,5,2
372960,1,0,2,1
372970,0,1,1,2
373085,1,0,2,1
373086,1,0,2,1
373108,1,0,2,1
373109,1,0,2,1
373111,1,0,2,1
373126,1,0,2,1
373192,0,1,1,2
373193,0,1,1,2
373194,0,1,1,2
373196,0,1,1,2
373283,5,1,6,2
373285,5,1,6,2
373287,5,1,6,2
373290,2,1,3,2
373292,2,1,3,2
373297,5,1,6,2
373300,2,1,3,2
373320,2,5,3,6
373333,5,2,6,3
373371,6,0,7,1
373399,1,0,2,1
373418,0,1,1,2
373437,4,1,5,2
373522,1,0,2,1
373560,0,1,1,2
373654,1,0,2,1
373656,1,0,2,1
373684,1,0,2,1
373686,1,0,2,1
373688,1,0,2,1
373697,1,0,2,1
373699,1,0,2,1
373766,0,1,1,2
373768,0,1,1,2
373846,5,1,6,2
373847,5,1,6,2
373848,5,1,6,2
373849,5,1,6,2
373867,5,2,6,3
373954,0,1,1,2
373963,6,0,7,1
373971,6,0,7,1
373972,1,0,2,1
373977,1,0,2,1
373978,1,0,2,1
373979,1,0,2,1
373989,1,0,2,1
373997,1,0,2,1
373999,1,0,2,1
374007,0,1,1,2
374100,0,1,1,2
374101,0,1,1,2
374113,1,0,2,1
374114,1,0,2,1
374148,0,1,1,2
374159,1,0,2,1
374289,1,0,2,1
374294,1,0,2,1
374299,1,0,2,1
374301,1,0,2,1
374309,1,0,2,1
374312,1,0,2,1
374314,1,0,2,1
374377,0,1,1,2
374460,5,1,6,2
374493,2,5,3,6
374512,1,5,2,6
374526,1,2,2,3
374562,0,1,1,2
374578,6,0,7,1
374579,1,0,2,1
374582,1,0,2,1
374585,1,0,2,1
374593,1,0,2,1
374595,1,0,2,1
374598,1,0,2,1
374600,1,0,2,1
374635,4,1,5,2
374710,0,1,1,2
374720,1,0,2,1
374757,0,1,1,2
374902,1,0,2,1
374918,1,0,2,1
374922,1,0,2,1
374923,1,0,2,1
374927,1,0,2,1
374935,1,0,2,1
374939,1,0,2,1
374943,1,0,2,1
374944,1,0,2,1
375060,4,1,5,2
375064,4,1,5,2
375095,5,2,6,3
375096,5,2,6,3
375104,5,1,6,2
375113,5,1,6,2
375138,1,5,2,6
375141,1,5,2,6
375143,1,5,2,6
375151,1,2,2,3
375191,0,1,1,2
375192,0,1,1,2
375208,6,0,7,1
375209,6,0,7,1
375211,1,0,2,1
375231,1,0,2,1
375236,1,0,2,1
375239,1,0,2,1
375268,4,1,5,2
375270,4,1,5,2
375284,0,1,1,2
375288,0,1,1,2
375343,0,1,1,2
375358,1,0,2,1
375390,0,1,1,2
375553,1,0,2,1
375555,1,0,2,1
375557,1,0,2,1
375570,1,0,2,1
375571,1,0,2,1
375576,1,0,2,1
375584,1,0,2,1
375592,1,0,2,1
375712,4,1,5,2
375716,4,1,5,2
375742,5,2,6,3
375756,5,1,6,2
375761,5,2,6,3
375776,2,5,3,6
375783,5,1,6,2
375797,1,5,2,6
375798,1,5,2,6
375863,6,0,7,1
375870,1,0,2,1
375872,1,0,2,1
375882,1,0,2,1
375883,1,0,2,1
375886,1,0,2,1
375925,4,1,5,2
375998,0,1,1,2
376009,1,0,2,1
376019,0,1,1,2
376047,0,1,1,2
376058,1,0,2,1
376157,6,1,7,2
376188,0,6,1,7
376204,1,0,2,1
376206,1,0,2,1
376225,1,0,2,1
376235,1,0,2,1
376406,5,1,6,2
376421,2,1,3,2
376422,2,5,3,6
376453,1,5,2,6
376457,1,5,2,6
376461,1,5,2,6
376465,5,2,6,3
376467,1,2,2,3
376468,1,2,2,3
376510,0,1,1,2
376525,6,0,7,1
376526,6,0,7,1
376529,1,0,2,1
376547,1,0,2,1
376548,1,0,2,1
376561,0,1,1,2
376566,0,1,1,2
376582,4,1,5,2
376584,4,1,5,2
376665,1,0,2,1
376667,1,0,2,1
376714,1,0,2,1
376715,1,0,2,1
376764,6,0,7,1
376813,6,1,7,2
376814,6,1,7,2
376847,0,6,1,7
376861,1,0,2,1
376880,1,0,2,1
376882,1,0,2,1
376884,1,0,2,1
376887,1,0,2,1
376890,1,0,2,1
376891,1,0,2,1
377026,4,1,5,2
377053,1,2,2,3
377064,5,1,6,2
377088,4,5,5,6
377089,4,5,5,6
377098,5,1,6,2
377099,5,1,6,2
377180,6,0,7,1
377184,1,0,2,1
377189,1,0,2,1
377198,1,0,2,1
377313,0,1,1,2
377379,1,0,2,1
377447,0,6,1,7
377476,0,6,1,7
377478,6,1,7,2
377531,1,0,2,1
377537,1,0,2,1
377549,1,0,2,1
377551,1,0,2,1
377558,1,0,2,1
377596,1,0,2,1
377731,5,1,6,2
377735,5,1,6,2
377753,4,1,5,2
377762,4,1,5,2
377775,1,5,2,6
377776,1,5,2,6
377783,1,2,2,3
377785,1,2,2,3
377787,1,2,2,3
377855,1,0,2,1
377878,1,0,2,1
377879,1,0,2,1
377910,4,1,5,2
377931,0,1,1,2
377981,0,1,1,2
378046,1,0,2,1
378117,0,6,1,7
378146,6,1,7,2
378147,6,1,7,2
378165,6,0,7,1
378176,6,0,7,1
378180,0,6,1,7
378198,1,0,2,1
378206,1,0,2,1
378207,1,0,2,1
378212,1,0,2,1
378213,1,0,2,1
378214,1,0,2,1
378217,1,0,2,1
378218,1,0,2,1
378220,1,0,2,1
378223,1,0,2,1
378258,1,0,2,1
378417,2,5,3,6
378424,4,1,5,2
378430,4,1,5,2
378431,4,1,5,2
378432,4,2,5,3
378450,1,2,2,3
378451,1,2,2,3
378452,1,2,2,3
378454,1,2,2,3
378457,1,2,2,3
378520,1,0,2,1
378522,1,0,2,1
378526,1,0,2,1
378527,1,0,2,1
378534,1,0,2,1
378538,1,0,2,1
378541,1,0,2,1
378543,1,0,2,1
378663,0,1,1,2
378714,1,0,2,1
378833,6,1,7,2
378841,6,0,7,1
378860,6,0,7,1
378885,1,0,2,1
378891,1,0,2,1
378902,1,0,2,1
378903,1,0,2,1
378906,1,0,2,1
379072,1,2,2,3
379088,5,1,6,2
379089,5,1,6,2
379099,2,5,3,6
379124,1,2,2,3
379198,6,0,7,1
379199,6,0,7,1
379201,1,0,2,1
379202,1,0,2,1
379212,1,0,2,1
379218,1,0,2,1
379222,1,0,2,1
379237,0,1,1,2
379281,0,1,1,2
379282,0,1,1,2
379308,0,1,1,2
379325,0,1,1,2
379392,0,1,1,2
379463,0,6,1,7
379464,0,6,1,7
379508,6,0,7,1
379560,1,0,2,1
379561,1,0,2,1
379572,1,0,2,1
379749,5,2,6,3
379755,5,2,6,3
379789,1,2,2,3
379792,1,2,2,3
379876,1,0,2,1
379882,1,0,2,1
379883,1,0,2,1
379888,1,0,2,1
379893,1,0,2,1
379895,1,0,2,1
379899,1,0,2,1
379901,1,0,2,1
379908,0,1,1,2
379979,0,1,1,2
379981,0,1,1,2
379982,0,1,1,2
379985,0,1,1,2
380043,1,0,2,1
380044,1,0,2,1
380063,0,1,1,2
380157,6,1,7,2
380170,6,0,7,1
380188,6,0,7,1
380189,6,0,7,1
380209,1,0,2,1
380212,1,0,2,1
380219,1,0,2,1
380220,1,0,2,1
380223,1,0,2,1
380225,1,0,2,1
380228,1,0,2,1
380229,1,0,2,1
380235,1,0,2,1
380236,1,0,2,1
380237,1,0,2,1
380436,4,2,5,3
380445,4,2,5,3
380446,4,2,5,3
380456,1,2,2,3
380457,1,2,2,3
380458,1,2,2,3
380541,1,0,2,1
380551,1,0,2,1
380552,1,0,2,1
380555,1,0,2,1
380556,1,0,2,1
380576,0,1,1,2
380622,0,1,1,2
380645,0,1,1,2
380649,0,1,1,2
380699,1,0,2,1
380707,1,0,2,1
380727,0,1,1,2
380737,0,6,1,7
380791,0,6,1,7
380836,6,0,7,1
380853,6,0,7,1
380877,1,0,2,1
380878,1,0,2,1
380880,1,0,2,1
380889,1,0,2,1
380897,1,0,2,1
381084,2,1,3,2
381106,4,2,5,3
381204,1,0,2,1
381206,1,0,2,1
381211,1,0,2,1
381216,1,0,2,1
381217,1,0,2,1
381223,1,0,2,1
381224,1,0,2,1
381282,0,1,1,2
381308,0,1,1,2
381354,1,0,2,1
381357,1,0,2,1
381381,0,1,1,2
381458,0,6,1,7
381547,1,0,2,1
381548,1,0,2,1
381745,2,1,3,2
381754,5,2,6,3
381765,4,2,5,3
381771,4,2,5,3
381772,4,2,5,3
381775,4,2,5,3
381861,0,1,1,2
381865,6,0,7,1
381868,1,0,2,1
381869,1,0,2,1
381875,1,0,2,1
381876,1,0,2,1
381882,1,0,2,1
381887,1,0,2,1
381890,1,0,2,1
381891,1,0,2,1
381909,0,1,1,2
381910,0,1,1,2
381953,0,1,1,2
381973,0,1,1,2
382021,1,0,2,1
382026,1,0,2,1
382034,1,0,2,1
382035,1,0,2,1
382037,1,0,2,1
382038,1,0,2,1
382039,1,0,2,1
382043,0,1,1,2
382050,0,1,1,2
382099,6,0,7,1
382118,0,6,1,7
382193,0,1,1,2
382210,1,0,2,1
382211,1,0,2,1
382401,2,1,3,2
382407,2,1,3,2
382408,2,1,3,2
382409,2,1,3,2
382420,4,2,5,3
382421,4,2,5,3
382426,4,2,5,3
382519,1,6,2,7
382523,1,0,2,1
382525,1,0,2,1
382526,1,0,2,1
382546,1,0,2,1
382550,1,0,2,1
382626,0,1,1,2
382630,0,1,1,2
382631,0,1,1,2
382687,1,0,2,1
382700,0,1,1,2
382769,0,6,1,7
382842,0,1,1,2
382856,1,0,2,1
382861,1,0,2,1
382863,1,0,2,1
382867,1,0,2,1
383029,1,2,2,3
383030,1,2,2,3
383055,2,1,3,2
383075,4,1,5,2
383081,4,2,5,3
383083,4,2,5,3
383175,1,0,2,1
383192,1,0,2,1
383201,1,0,2,1
383205,1,0,2,1
383330,1,0,2,1
383336,1,0,2,1
383343,1,0,2,1
383359,0,1,1,2
383458,0,6,1,7
383491,6,0,7,1
383685,1,2,2,3
383691,2,1,3,2
383693,2,1,3,2
383713,2,1,3,2
383730,5,1,6,2
383734,4,2,5,3
383740,4,2,5,3
383838,1,0,2,1
383843,1,0,2,1
383851,1,0,2,1
383852,1,0,2,1
383857,1,0,2,1
383944,0,1,1,2
383945,0,1,1,2
383946,0,1,1,2
383967,0,1,1,2
383968,0,1,1,2
384002,1,0,2,1
384004,1,0,2,1
384007,1,0,2,1
384027,1,0,2,1
384036,0,6,1,7
384037,0,6,1,7
384069,6,0,7,1
384159,6,0,7,1
384352,1,2,2,3
384353,1,2,2,3
384359,2,1,3,2
384382,5,1,6,2
384391,5,1,6,2
384484,1,0,2,1
384497,1,0,2,1
384498,1,0,2,1
384519,1,0,2,1
384520,1,0,2,1
384521,1,0,2,1
384525,1,0,2,1
384528,1,0,2,1
384566,4,1,5,2
384572,0,1,1,2
384600,0,1,1,2
384613,0,1,1,2
384617,0,1,1,2
384619,0,1,1,2
384620,0,1,1,2
384624,0,1,1,2
384650,1,0,2,1
384657,1,0,2,1
384681,1,0,2,1
384780,0,6,1,7
384787,0,1,1,2
384790,0,6,1,7
384849,1,0,2,1
384850,1,0,2,1
385024,2,1,3,2
385039,2,1,3,2
385051,5,1,6,2
385063,4,1,5,2
385064,4,2,5,3
385070,4,2,5,3
385071,4,2,5,3
385151,1,0,2,1
385155,1,0,2,1
385156,1,0,2,1
385157,1,0,2,1
385159,1,0,2,1
385175,1,0,2,1
385178,1,0,2,1
385187,1,0,2,1
385221,4,1,5,2
385222,4,1,5,2
385223,4,1,5,2
385224,4,1,5,2
385255,0,1,1,2
385263,0,1,1,2
385264,0,1,1,2
385278,0,1,1,2
385282,0,1,1,2
385285,0,1,1,2
385295,0,1,1,2
385308,1,0,2,1
385314,1,0,2,1
385329,1,0,2,1
385330,1,0,2,1
385337,1,0,2,1
385338,1,0,2,1
385341,1,0,2,1
385352,0,6,1,7
385355,0,6,1,7
385508,1,0,2,1
385509,1,0,2,1
385519,1,0,2,1
385528,1,0,2,1
385684,1,2,2,3
385701,2,1,3,2
385709,5,1,6,2
385724,5,1,6,2
385725,4,1,5,2
385728,4,1,5,2
385729,4,2,5,3
385818,1,0,2,1
385827,1,0,2,1
385840,1,0,2,1
385847,1,0,2,1
385853,1,0,2,1
385871,0,1,1,2
385922,0,1,1,2
385927,0,1,1,2
385928,0,1,1,2
385939,0,1,1,2
385949,0,1,1,2
385959,0,1,1,2
385981,1,0,2,1
385984,1,0,2,1
385994,1,0,2,1
386004,1,0,2,1
386066,0,6,1,7
386159,1,0,2,1
386188,1,0,2,1
386342,1,2,2,3
386343,4,2,5,3
386356,2,1,3,2
386359,2,1,3,2
386362,2,1,3,2
386366,2,5,3,6
386372,5,1,6,2
386384,5,1,6,2
386386,4,1,5,2
386387,4,1,5,2
386475,1,0,2,1
386477,1,0,2,1
386482,1,0,2,1
386488,1,0,2,1
386497,1,0,2,1
386507,1,0,2,1
386557,1,0,2,1
386582,0,1,1,2
386595,0,1,1,2
386599,0,1,1,2
386604,0,1,1,2
386633,1,0,2,1
386636,1,0,2,1
386720,0,6,1,7
386808,1,0,2,1
386991,4,1,5,2
386994,4,1,5,2
386996,2,1,3,2
387001,2,1,3,2
387007,2,1,3,2
387014,2,5,3,6
387038,4,1,5,2
387039,4,2,5,3
387040,4,2,5,3
387043,4,1,5,2
387045,4,2,5,3
387138,1,0,2,1
387140,1,0,2,1
387158,1,0,2,1
387200,4,1,5,2
387235,0,1,1,2
387237,0,1,1,2
387248,0,1,1,2
387252,0,1,1,2
387253,0,1,1,2
387257,0,1,1,2
387259,0,1,1,2
387267,0,1,1,2
387298,1,0,2,1
387313,1,0,2,1
387334,0,6,1,7
387500,1,0,2,1
387503,1,0,2,1
387653,4,1,5,2
387666,2,1,3,2
387667,2,1,3,2
387669,2,5,3,6
387677,5,1,6,2
387684,5,1,6,2
387697,4,2,5,3
387701,4,1,5,2
387777,0,1,1,2
387778,0,1,1,2
387792,1,0,2,1
387812,1,0,2,1
387826,0,1,1,2
387835,0,1,1,2
387858,4,1,5,2
387897,0,1,1,2
387908,0,1,1,2
387913,0,1,1,2
387918,0,1,1,2
387925,0,1,1,2
387946,1,0,2,1
387954,1,0,2,1
387984,0,1,1,2
387999,0,6,1,7
388000,0,6,1,7
388013,6,0,7,1
388025,6,0,7,1
388069,6,0,7,1
388071,6,0,7,1
388126,1,0,2,1
388130,1,0,2,1
388160,1,0,2,1
388315,4,1,5,2
388316,4,1,5,2
388320,2,1,3,2
388324,2,1,3,2
388325,2,1,3,2
388328,2,5,3,6
388331,2,5,3,6
388332,2,1,3,2
388343,5,1,6,2
388347,5,1,6,2
388355,5,1,6,2
388436,0,1,1,2
388447,1,0,2,1
388449,1,0,2,1
388450,1,0,2,1
388453,1,0,2,1
388456,1,0,2,1
388459,1,0,2,1
388461,1,0,2,1
388462,1,0,2,1
388464,1,0,2,1
388467,1,0,2,1
388517,4,1,5,2
388546,0,1,1,2
388547,0,1,1,2
388552,0,1,1,2
388570,0,1,1,2
388574,0,1,1,2
388578,0,1,1,2
388594,0,1,1,2
388605,1,0,2,1
388633,0,1,1,2
388635,0,1,1,2
388677,6,0,7,1
388725,6,0,7,1
388786,1,0,2,1
388966,2,1,3,2
388971,4,1,5,2
388974,2,1,3,2
388981,2,5,3,6
389002,5,1,6,2
389007,5,2,6,3
389008,5,2,6,3
389018,1,2,2,3
389105,1,0,2,1
389108,1,0,2,1
389111,1,0,2,1
389116,1,0,2,1
389117,1,0,2,1
389119,1,0,2,1
389137,0,1,1,2
389175,0,1,1,2
389182,0,1,1,2
389184,0,1,1,2
389185,0,1,1,2
389191,0,1,1,2
389192,0,1,1,2
389195,0,1,1,2
389199,0,1,1,2
389200,0,1,1,2
389222,0,1,1,2
389243,0,1,1,2
389249,0,1,1,2
389250,0,1,1,2
389252,0,1,1,2
389291,0,1,1,2
389293,0,1,1,2
389309,0,6,1,7
389312,0,6,1,7
389368,6,0,7,1
389395,6,0,7,1
389426,1,0,2,1
389428,1,0,2,1
389467,1,0,2,1
389620,2,1,3,2
389623,2,1,3,2
389624,2,1,3,2
389627,5,1,6,2
389628,5,1,6,2
389641,5,2,6,3
389653,5,2,6,3
389657,1,2,2,3
389661,1,2,2,3
389664,1,2,2,3
389736,0,1,1,2
389747,1,0,2,1
389751,1,0,2,1
389753,1,0,2,1
389754,1,0,2,1
389756,1,0,2,1
389763,1,0,2,1
389780,0,1,1,2
389781,0,1,1,2
389784,0,1,1,2
389810,4,1,5,2
389812,4,1,5,2
389820,0,1,1,2
389822,0,1,1,2
389849,0,1,1,2
389867,0,1,1,2
389870,0,1,1,2
389874,0,1,1,2
389885,0,1,1,2
389887,0,1,1,2
389953,0,6,1,7
390020,0,6,1,7
390028,6,0,7,1
390045,0,1,1,2
390064,1,0,2,1
390242,2,1,3,2
390248,2,1,3,2
390255,4,1,5,2
390256,4,1,5,2
390264,5,1,6,2
390279,5,1,6,2
390306,0,6,1,7
390371,0,1,1,2
390373,0,1,1,2
390382,1,0,2,1
390395,1,0,2,1
390396,1,0,2,1
390399,1,0,2,1
390401,1,0,2,1
390412,0,1,1,2
390418,0,1,1,2
390431,1,0,2,1
390432,1,0,2,1
390434,1,0,2,1
390448,4,1,5,2
390461,0,1,1,2
390463,0,1,1,2
390505,0,1,1,2
390514,0,1,1,2
390517,0,1,1,2
390520,0,1,1,2
390560,0,1,1,2
390566,0,1,1,2
390589,0,6,1,7
390594,0,6,1,7
390648,6,0,7,1
390664,6,0,7,1
390665,6,0,7,1
390671,0,1,1,2
390880,2,1,3,2
390885,2,1,3,2
390894,4,1,5,2
390934,4,2,5,3
391009,0,1,1,2
391017,1,0,2,1
391030,1,0,2,1
391032,1,0,2,1
391035,1,0,2,1
391039,1,0,2,1
391047,0,1,1,2
391049,0,1,1,2
391051,0,1,1,2
391056,0,1,1,2
391066,1,0,2,1
391093,0,1,1,2
391097,0,1,1,2
391098,0,1,1,2
391106,0,1,1,2
391137,0,1,1,2
391165,0,1,1,2
391168,0,1,1,2
391169,0,1,1,2
391183,1,0,2,1
391185,1,0,2,1
391195,0,1,1,2
391198,0,1,1,2
391199,0,1,1,2
391203,0,1,1,2
391205,0,1,1,2
391206,0,1,1,2
391208,0,1,1,2
391225,0,6,1,7
391228,0,6,1,7
391368,1,0,2,1
391493,2,1,3,2
391518,2,1,3,2
391529,5,1,6,2
391539,2,5,3,6
391550,5,2,6,3
391574,1,2,2,3
391648,1,0,2,1
391650,1,0,2,1
391652,1,0,2,1
391654,1,0,2,1
391657,1,0,2,1
391664,1,0,2,1
391683,0,1,1,2
391685,0,1,1,2
391686,0,1,1,2
391715,4,1,5,2
391741,0,1,1,2
391756,1,0,2,1
391781,0,1,1,2
391811,1,0,2,1
391816,1,0,2,1
391817,1,0,2,1
391825,0,1,1,2
391838,0,1,1,2
391877,0,1,1,2
391880,0,1,1,2
391913,0,1,1,2
391943,0,1,1,2
392120,2,1,3,2
392134,2,1,3,2
392153,5,1,6,2
392155,5,1,6,2
392157,2,5,3,6
392179,1,2,2,3
392180,1,2,2,3
392191,1,2,2,3
392201,1,2,2,3
392287,1,0,2,1
392289,1,0,2,1
392299,1,0,2,1
392312,0,1,1,2
392314,0,1,1,2
392322,1,0,2,1
392323,1,0,2,1
392324,1,0,2,1
392333,1,0,2,1
392335,1,0,2,1
392337,1,0,2,1
392339,1,0,2,1
392341,1,0,2,1
392342,4,1,5,2
392345,4,1,5,2
392346,4,1,5,2
392361,0,1,1,2
392362,0,1,1,2
392364,0,1,1,2
392372,0,1,1,2
392433,0,1,1,2
392448,1,0,2,1
392455,0,1,1,2
392456,0,1,1,2
392464,0,1,1,2
392472,0,1,1,2
392494,0,6,1,7
392510,0,1,1,2
392549,0,1,1,2
392550,0,1,1,2
392577,0,1,1,2
392600,1,0,2,1
392776,2,1,3,2
392782,2,1,3,2
392784,2,1,3,2
392938,1,0,2,1
392939,1,0,2,1
392940,1,0,2,1
392941,0,1,1,2
392944,0,1,1,2
392947,0,1,1,2
392960,1,0,2,1
392963,1,0,2,1
392974,1,0,2,1
392981,1,0,2,1
392986,4,1,5,2
392993,0,1,1,2
393003,0,1,1,2
393004,0,1,1,2
393075,0,1,1,2
393079,1,0,2,1
393081,1,0,2,1
393090,1,0,2,1
393092,1,0,2,1
393103,0,1,1,2
393131,0,6,1,7
393134,0,6,1,7
393135,0,6,1,7
393194,0,1,1,2
393227,0,1,1,2
393404,2,1,3,2
393407,2,1,3,2
393408,2,1,3,2
393417,2,1,3,2
393419,2,1,3,2
393466,1,2,2,3
393486,0,6,1,7
393568,1,0,2,1
393572,1,0,2,1
393578,0,1,1,2
393602,1,0,2,1
393616,1,0,2,1
393619,4,1,5,2
393641,0,1,1,2
393649,0,1,1,2
393664,1,0,2,1
393665,1,0,2,1
393669,1,0,2,1
393699,0,1,1,2
393714,1,0,2,1
393716,1,0,2,1
393719,1,0,2,1
393721,1,0,2,1
393732,0,1,1,2
393739,0,1,1,2
393740,0,1,1,2
393742,0,1,1,2
393747,0,1,1,2
393766,0,6,1,7
393794,0,1,1,2
393836,1,0,2,1
393844,1,0,2,1
393902,1,0,2,1
394064,2,1,3,2
394065,2,1,3,2
394067,2,1,3,2
394091,5,2,6,3
394117,1,2,2,3
394127,1,2,2,3
394258,1,0,2,1
394282,0,1,1,2
394309,1,0,2,1
394314,1,0,2,1
394315,1,0,2,1
394346,0,1,1,2
394360,1,0,2,1
394362,1,0,2,1
394364,1,0,2,1
394365,1,0,2,1
394367,1,0,2,1
394385,0,1,1,2
394392,0,1,1,2
394417,0,6,1,7
394430,6,0,7,1
394433,6,0,7,1
394441,0,1,1,2
394478,0,1,1,2
394492,1,0,2,1
394495,1,0,2,1
394497,1,0,2,1
394501,1,0,2,1
394505,1,6,2,7
394510,0,1,1,2
394561,1,0,2,1
394564,1,0,2,1
394714,1,2,2,3
394734,2,1,3,2
394755,5,2,6,3
394923,4,1,5,2
394935,1,0,2,1
394950,0,1,1,2
394995,0,1,1,2
395025,1,0,2,1
395026,1,0,2,1
395027,1,0,2,1
395030,1,0,2,1
395031,1,0,2,1
395045,0,1,1,2
395047,0,1,1,2
395051,0,1,1,2
395110,0,1,1,2
395111,0,1,1,2
395134,0,1,1,2
395166,1,0,2,1
395168,1,0,2,1
395169,1,0,2,1
395237,1,0,2,1
395239,1,0,2,1
395241,1,0,2,1
395385,1,2,2,3
395415,5,1,6,2
395421,5,2,6,3
395424,5,2,6,3
395554,0,1,1,2
395586,1,0,2,1
395592,1,0,2,1
395605,0,1,1,2
395638,1,0,2,1
395640,1,0,2,1
395643,1,0,2,1
395666,0,1,1,2
395694,1,0,2,1
395695,1,0,2,1
395698,1,0,2,1
395707,0,1,1,2
395769,6,0,7,1
395770,6,0,7,1
395786,0,1,1,2
395831,0,1,1,2
395840,1,0,2,1
395843,1,0,2,1
395844,1,0,2,1
395858,0,1,1,2
395912,1,0,2,1
395914,1,0,2,1
395915,1,0,2,1
395916,1,0,2,1
395919,1,0,2,1
396090,5,1,6,2
396096,5,2,6,3
396202,1,0,2,1
396215,0,1,1,2
396227,1,0,2,1
396254,1,0,2,1
396294,0,1,1,2
396296,0,1,1,2
396311,1,0,2,1
396344,0,1,1,2
396348,0,1,1,2
396370,0,1,1,2
396374,0,1,1,2
396376,0,1,1,2
396414,0,6,1,7
396488,1,0,2,1
396490,1,0,2,1
396588,1,0,2,1
396733,2,1,3,2
396761,5,1,6,2
396768,5,2,6,3
396893,0,1,1,2
396895,0,1,1,2
396902,1,0,2,1
396906,1,0,2,1
396934,1,0,2,1
396938,4,1,5,2
396941,4,1,5,2
396944,4,1,5,2
396955,1,0,2,1
396967,0,1,1,2
396985,1,0,2,1
396990,1,0,2,1
397016,0,1,1,2
397024,0,1,1,2
397027,0,1,1,2
397041,0,1,1,2
397053,0,1,1,2
397073,6,0,7,1
397080,6,0,7,1
397082,6,0,7,1
397098,0,6,1,7
397176,1,0,2,1
397197,1,0,2,1
397199,1,0,2,1
397270,1,0,2,1
397271,1,0,2,1
397442,5,2,6,3
397446,5,2,6,3
397550,1,0,2,1
397555,0,1,1,2
397570,0,1,1,2
397580,1,0,2,1
397610,1,0,2,1
397617,4,1,5,2
397620,4,1,5,2
397622,4,1,5,2
397635,1,0,2,1
397642,0,1,1,2
397643,0,1,1,2
397648,0,1,1,2
397660,1,0,2,1
397669,1,0,2,1
397670,1,0,2,1
397672,1,0,2,1
397701,0,1,1,2
397704,0,1,1,2
397712,0,1,1,2
397716,0,1,1,2
397718,0,1,1,2
397721,0,1,1,2
397762,6,0,7,1
397768,6,0,7,1
397816,6,0,7,1
397821,1,0,2,1
397835,1,0,2,1
397836,1,0,2,1
397838,1,0,2,1
397841,1,0,2,1
397842,1,0,2,1
397865,1,0,2,1
397958,1,0,2,1
398097,4,2,5,3
398099,4,2,5,3
398119,2,1,3,2
398120,2,1,3,2
398124,5,2,6,3
398128,5,2,6,3
398132,5,2,6,3
398133,5,2,6,3
398134,5,2,6,3
398251,0,1,1,2
398255,0,1,1,2
398258,0,1,1,2
398291,1,0,2,1
398295,4,1,5,2
398297,4,1,5,2
398300,4,1,5,2
398303,4,1,5,2
398335,0,1,1,2
398337,0,1,1,2
398342,1,0,2,1
398344,1,0,2,1
398347,1,0,2,1
398348,1,0,2,1
398349,1,0,2,1
398351,1,0,2,1
398376,0,1,1,2
398386,0,1,1,2
398397,0,1,1,2
398399,0,1,1,2
398441,6,0,7,1
398445,6,0,7,1
398446,6,0,7,1
398455,6,0,7,1
398476,0,6,1,7
398477,0,6,1,7
398480,0,6,1,7
398512,1,0,2,1
398524,1,0,2,1
398526,1,0,2,1
398536,1,0,2,1
398558,1,0,2,1
398567,0,1,1,2
398568,0,1,1,2
398574,1,0,2,1
398576,1,0,2,1
398578,1,0,2,1
398581,1,0,2,1
398807,2,1,3,2
398808,2,1,3,2
398810,2,1,3,2
398825,5,2,6,3
398934,0,1,1,2
398936,0,1,1,2
398937,0,1,1,2
398941,0,1,1,2
399017,0,1,1,2
399020,0,1,1,2
399029,1,0,2,1
399059,0,1,1,2
399065,0,1,1,2
399069,0,1,1,2
399071,0,1,1,2
399079,0,1,1,2
399143,6,0,7,1
399169,0,6,1,7
399170,0,6,1,7
399171,0,6,1,7
399218,1,0,2,1
399219,1,0,2,1
399246,1,0,2,1
399257,0,1,1,2
399404,4,1,5,2
399451,4,1,5,2
399452,4,1,5,2
399472,2,1,3,2
399619,0,1,1,2
399620,0,1,1,2
399621,0,1,1,2
399622,0,1,1,2
399623,0,1,1,2
399629,1,0,2,1
399658,1,0,2,1
399665,4,1,5,2
399670,4,1,5,2
399677,1,0,2,1
399679,1,0,2,1
399691,0,1,1,2
399704,0,1,1,2
399710,1,0,2,1
399713,1,0,2,1
399718,1,0,2,1
399757,0,1,1,2
399762,0,1,1,2
399765,0,1,1,2
399768,0,1,1,2
399771,0,1,1,2
399832,6,0,7,1
399863,0,6,1,7
399867,0,6,1,7
399897,6,0,7,1
399899,1,0,2,1
399900,1,0,2,1
399901,1,0,2,1
399911,1,0,2,1
399912,1,0,2,1
399913,1,0,2,1
399917,1,0,2,1
399921,1,0,2,1
399939,1,0,2,1
399943,1,0,2,1
399958,1,0,2,1
399961,1,0,2,1
399962,1,0,2,1
399971,1,0,2,1
399972,1,0,2,1
400144,4,1,5,2
400175,4,2,5,3
400230,5,2,6,3
400301,0,1,1,2
400303,0,1,1,2
400304,0,1,1,2
400310,1,0,2,1
400355,0,1,1,2
400358,1,0,2,1
400360,1,0,2,1
400367,0,1,1,2
400371,0,1,1,2
400380,0,1,1,2
400385,0,1,1,2
400395,1,0,2,1
400396,1,0,2,1
400397,1,0,2,1
400398,1,0,2,1
400452,0,1,1,2
400454,0,1,1,2
400455,0,1,1,2
400494,6,0,7,1
400496,6,0,7,1
400506,6,0,7,1
400507,6,0,7,1
400513,6,0,7,1
400523,0,6,1,7
400543,0,6,1,7
400560,0,6,1,7
400582,1,0,2,1
400584,1,0,2,1
400600,1,0,2,1
400601,1,0,2,1
400651,1,0,2,1
400776,4,1,5,2
400777,4,1,5,2
400820,4,1,5,2
400824,4,1,5,2
400846,2,1,3,2
400901,2,5,3,6
400991,1,0,2,1
401018,4,1,5,2
401023,4,1,5,2
401026,4,1,5,2
401062,0,1,1,2
401064,0,1,1,2
401073,1,0,2,1
401081,1,0,2,1
401082,1,0,2,1
401083,1,0,2,1
401130,0,1,1,2
401178,6,0,7,1
401179,6,0,7,1
401182,6,0,7,1
401184,6,0,7,1
401189,6,0,7,1
401191,6,0,7,1
401192,6,0,7,1
401193,6,0,7,1
401196,6,0,7,1
401262,1,0,2,1
401276,1,0,2,1
401277,1,0,2,1
401281,1,0,2,1
401282,1,0,2,1
401299,1,0,2,1
401320,1,0,2,1
401328,1,0,2,1
401329,1,0,2,1
401353,0,1,1,2
401457,4,1,5,2
401503,4,1,5,2
401540,4,2,5,3
401653,1,0,2,1
401661,1,0,2,1
401662,1,0,2,1
401686,4,1,5,2
401694,4,1,5,2
401733,0,1,1,2
401735,0,1,1,2
401755,1,0,2,1
401842,6,0,7,1
401845,6,0,7,1
401847,6,0,7,1
401855,6,0,7,1
401869,6,0,7,1
401956,1,0,2,1
401957,1,0,2,1
401959,1,0,2,1
401961,1,0,2,1
401974,0,1,1,2
401975,0,1,1,2
401976,1,0,2,1
402000,1,0,2,1
402007,1,0,2,1
402008,1,0,2,1
402080,0,1,1,2
402131,4,1,5,2
402133,4,1,5,2
402177,4,1,5,2
402178,4,1,5,2
402202,2,1,3,2
402220,4,2,5,3
402221,4,2,5,3
402357,4,1,5,2
402361,4,1,5,2
402373,1,0,2,1
402390,0,1,1,2
402403,0,1,1,2
402405,0,1,1,2
402406,0,1,1,2
402407,0,1,1,2
402511,6,0,7,1
402515,6,0,7,1
402521,6,0,7,1
402522,6,0,7,1
402523,6,0,7,1
402532,6,0,7,1
402534,6,0,7,1
402540,6,0,7,1
402598,6,0,7,1
402616,1,0,2,1
402617,1,0,2,1
402619,1,0,2,1
402641,1,0,2,1
402644,1,0,2,1
402676,1,0,2,1
402684,1,0,2,1
402759,0,1,1,2
402813,4,1,5,2
402880,2,1,3,2
402943,1,5,2,6
402945,1,5,2,6
403007,1,0,2,1
403008,1,0,2,1
403031,0,1,1,2
403066,0,1,1,2
403179,6,0,7,1
403191,6,0,7,1
403193,6,0,7,1
403194,6,0,7,1
403276,1,0,2,1
403280,6,0,7,1
403287,1,0,2,1
403289,1,0,2,1
403312,1,0,2,1
403313,1,0,2,1
403316,1,0,2,1
403333,1,0,2,1
403354,1,0,2,1
403355,1,0,2,1
403437,0,1,1,2
403483,4,1,5,2
403487,4,1,5,2
403520,4,1,5,2
403550,2,1,3,2
403551,2,1,3,2
403607,2,5,3,6
403613,1,5,2,6
403614,1,5,2,6
403677,4,1,5,2
403685,4,1,5,2
403695,1,0,2,1
403708,0,1,1,2
403727,0,1,1,2
403728,0,1,1,2
403732,0,1,1,2
403751,1,0,2,1
403838,6,0,7,1
403843,6,0,7,1
403857,6,0,7,1
403872,6,0,7,1
403873,6,0,7,1
403942,6,0,7,1
403956,1,0,2,1
403981,1,0,2,1
403997,1,0,2,1
403998,1,0,2,1
404001,1,0,2,1
404011,1,0,2,1
404013,1,0,2,1
404105,0,1,1,2
404112,0,1,1,2
404158,4,1,5,2
404191,4,1,5,2
404198,4,1,5,2
404199,4,1,5,2
404201,4,1,5,2
404271,2,1,3,2
404374,0,1,1,2
404375,0,1,1,2
404381,0,1,1,2
404399,0,1,1,2
404509,6,1,7,2
404548,6,0,7,1
404551,6,0,7,1
404558,0,1,1,2
404618,1,0,2,1
404621,6,0,7,1
404622,6,0,7,1
404634,1,0,2,1
404635,1,0,2,1
404639,1,0,2,1
404673,1,0,2,1
404689,1,0,2,1
404691,1,0,2,1
404693,1,0,2,1
404786,0,1,1,2
404792,0,1,1,2
404831,4,1,5,2
404868,4,1,5,2
404874,4,1,5,2
404886,6,1,7,2
404901,2,1,3,2
404923,2,1,3,2
404936,5,2,6,3
404940,5,1,6,2
404954,5,1,6,2
404955,5,1,6,2
405034,4,1,5,2
405045,1,0,2,1
405046,1,0,2,1
405085,0,1,1,2
405181,6,0,7,1
405182,0,1,1,2
405218,6,0,7,1
405224,6,0,7,1
405238,0,1,1,2
405310,1,0,2,1
405341,0,1,1,2
405347,1,0,2,1
405348,1,0,2,1
405371,1,0,2,1
405456,0,1,1,2
405465,0,1,1,2
405467,0,1,1,2
405472,0,1,1,2
405513,4,1,5,2
405547,4,1,5,2
405553,4,1,5,2
405556,4,1,5,2
405563,6,1,7,2
405564,6,1,7,2
405566,6,1,7,2
405597,4,2,5,3
405599,4,1,5,2
405628,5,1,6,2
405719,4,1,5,2
405745,0,1,1,2
405763,0,1,1,2
405764,0,1,1,2
405909,6,0,7,1
405916,6,0,7,1
405917,6,0,7,1
405918,6,0,7,1
405924,0,1,1,2
405930,0,1,1,2
405932,0,1,1,2
405991,1,0,2,1
406002,1,0,2,1
406005,1,0,2,1
406006,1,0,2,1
406017,1,0,2,1
406029,1,0,2,1
406045,1,0,2,1
406148,0,1,1,2
406149,0,1,1,2
406163,0,1,1,2
406235,4,1,5,2
406241,4,1,5,2
406242,4,1,5,2
406248,4,1,5,2
406253,4,1,5,2
406256,6,1,7,2
406259,6,1,7,2
406260,6,1,7,2
406407,4,1,5,2
406416,0,1,1,2
406422,0,1,1,2
406429,0,1,1,2
406431,0,1,1,2
406447,0,1,1,2
406591,6,0,7,1
406597,6,0,7,1
406598,6,0,7,1
406599,6,0,7,1
406600,6,0,7,1
406615,0,1,1,2
406617,0,1,1,2
406623,0,1,1,2
406680,6,0,7,1
406691,1,0,2,1
406692,1,0,2,1
406693,1,0,2,1
406697,1,0,2,1
406728,1,0,2,1
406729,1,0,2,1
406730,1,0,2,1
406731,1,0,2,1
406735,1,0,2,1
406739,1,0,2,1
406828,0,1,1,2
406836,0,1,1,2
406839,0,1,1,2
406891,4,1,5,2
406925,4,1,5,2
406931,4,1,5,2
406934,4,1,5,2
406936,4,1,5,2
406937,4,1,5,2
406938,6,1,7,2
406947,6,1,7,2
406949,6,1,7,2
406991,5,2,6,3
406995,5,1,6,2
407107,0,1,1,2
407120,0,1,1,2
407138,0,1,1,2
407140,0,1,1,2
407142,0,1,1,2
407276,6,0,7,1
407278,6,0,7,1
407282,6,0,7,1
407289,6,0,7,1
407292,6,0,7,1
407293,6,0,7,1
407384,1,0,2,1
407392,1,0,2,1
407393,1,0,2,1
407413,1,0,2,1
407527,0,1,1,2
407541,0,1,1,2
407542,0,1,1,2
407543,0,1,1,2
407544,0,1,1,2
407545,0,1,1,2
407619,4,1,5,2
407631,6,1,7,2
407635,6,1,7,2
407636,6,1,7,2
407670,4,2,5,3
407677,5,2,6,3
407780,4,1,5,2
407782,4,1,5,2
407783,4,1,5,2
407791,0,1,1,2
407825,0,1,1,2
407963,6,0,7,1
407969,0,6,1,7
407974,6,0,7,1
407984,0,1,1,2
407986,0,1,1,2
407991,0,1,1,2
407996,0,1,1,2
407997,0,1,1,2
407998,0,1,1,2
407999,0,1,1,2
408003,0,1,1,2
408067,1,0,2,1
408068,1,0,2,1
408071,1,0,2,1
408073,1,0,2,1
408078,1,0,2,1
408081,1,0,2,1
408082,1,0,2,1
408085,1,0,2,1
408165,0,1,1,2
408221,0,1,1,2
408225,0,1,1,2
408268,4,1,5,2
408302,4,1,5,2
408310,4,1,5,2
408311,4,1,5,2
408467,4,1,5,2
408479,0,1,1,2
408481,0,1,1,2
408486,0,1,1,2
408495,1,0,2,1
408514,0,1,1,2
408611,0,1,1,2
408644,6,0,7,1
408645,6,0,7,1
408647,6,0,7,1
408656,0,6,1,7
408659,6,0,7,1
408662,6,0,7,1
408670,0,1,1,2
408672,0,1,1,2
408674,0,1,1,2
408682,0,1,1,2
408683,0,1,1,2
408684,0,1,1,2
408690,0,1,1,2
408691,0,1,1,2
408746,1,0,2,1
408758,1,0,2,1
408761,1,0,2,1
408764,1,0,2,1
408767,1,0,2,1
408768,1,0,2,1
408769,1,0,2,1
408776,1,0,2,1
408780,1,0,2,1
408782,1,0,2,1
408785,0,1,1,2
408902,0,1,1,2
408911,0,1,1,2
408914,0,1,1,2
408954,4,1,5,2
408987,4,1,5,2
408996,4,1,5,2
409067,5,1,6,2
409160,4,1,5,2
409169,0,1,1,2
409170,0,1,1,2
409172,0,1,1,2
409176,0,1,1,2
409177,0,1,1,2
409300,0,1,1,2
409332,6,0,7,1
409346,6,0,7,1
409347,6,0,7,1
409380,0,1,1,2
409382,0,1,1,2
409438,1,0,2,1
409463,1,0,2,1
409465,1,0,2,1
409599,0,1,1,2
409601,0,1,1,2
409602,0,1,1,2
409683,4,1,5,2
409686,4,1,5,2
409709,2,1,3,2
409710,2,1,3,2
409747,5,1,6,2
409750,5,1,6,2
409754,5,1,6,2
409845,4,1,5,2
409846,4,1,5,2
409860,0,1,1,2
409863,0,1,1,2
409888,0,1,1,2
409894,0,1,1,2
410020,6,0,7,1
410067,0,1,1,2
410070,0,1,1,2
410132,1,0,2,1
410145,1,0,2,1
410150,1,0,2,1
410152,1,0,2,1
410161,1,0,2,1
410169,0,1,1,2
410291,0,1,1,2
410292,0,1,1,2
410326,4,1,5,2
410336,4,1,5,2
410374,4,1,5,2
410400,2,1,3,2
410405,1,2,2,3
410441,5,1,6,2
410445,5,1,6,2
410537,4,1,5,2
410543,0,1,1,2
410551,0,1,1,2
410579,0,1,1,2
410726,6,0,7,1
410727,6,0,7,1
410728,6,0,7,1
410729,6,0,7,1
410747,0,1,1,2
410748,0,1,1,2
410758,0,1,1,2
410761,0,1,1,2
410766,0,1,1,2
410767,0,1,1,2
410830,1,0,2,1
410838,1,0,2,1
410839,1,0,2,1
410841,1,0,2,1
410848,1,0,2,1
410851,1,0,2,1
410853,1,0,2,1
410855,1,0,2,1
410857,1,0,2,1
410858,1,0,2,1
410859,1,0,2,1
410934,0,1,1,2
410935,0,1,1,2
410994,0,1,1,2
411073,4,1,5,2
411074,4,1,5,2
411075,4,1,5,2
411077,4,1,5,2
411087,1,2,2,3
411099,2,1,3,2
411119,5,2,6,3
411143,5,1,6,2
411236,4,1,5,2
411248,0,1,1,2
411281,0,1,1,2
411285,0,1,1,2
411449,0,1,1,2
411538,1,0,2,1
411544,1,0,2,1
411545,1,0,2,1
411557,0,1,1,2
411719,4,1,5,2
411720,4,1,5,2
411765,4,1,5,2
411776,4,1,5,2
411846,5,1,6,2
411931,4,1,5,2
411944,0,1,1,2
411981,0,1,1,2
411985,0,1,1,2
412111,6,0,7,1
412117,6,0,7,1
412136,0,1,1,2
412154,0,1,1,2
412426,4,1,5,2
412431,4,1,5,2
412465,4,1,5,2
412475,4,1,5,2
412498,1,2,2,3
412528,5,1,6,2
412625,4,1,5,2
412627,4,1,5,2
412676,0,1,1,2
412790,0,6,1,7
412794,6,0,7,1
412849,0,1,1,2
412938,1,0,2,1
412943,1,0,2,1
412944,1,0,2,1
412946,1,0,2,1
412995,0,1,1,2
413077,1,0,2,1
413120,4,1,5,2
413121,4,1,5,2
413122,4,1,5,2
413124,4,1,5,2
413158,4,1,5,2
413159,4,1,5,2
413162,4,1,5,2
413164,4,1,5,2
413213,5,1,6,2
413218,5,1,6,2
413227,5,1,6,2
413307,4,1,5,2
413313,4,1,5,2
413314,4,1,5,2
413364,0,1,1,2
413475,0,6,1,7
413476,0,6,1,7
413477,0,6,1,7
413494,6,0,7,1
413496,6,0,7,1
413530,0,1,1,2
413634,1,0,2,1
413641,1,0,2,1
413642,1,0,2,1
413807,4,1,5,2
413812,4,1,5,2
413813,4,1,5,2
413864,1,2,2,3
413879,2,1,3,2
413903,5,1,6,2
413911,5,1,6,2
413921,5,1,6,2
413922,5,1,6,2
413923,5,1,6,2
413924,5,1,6,2
414001,4,1,5,2
414056,0,1,1,2
414069,0,1,1,2
414157,0,6,1,7
414180,6,0,7,1
414277,0,1,1,2
414309,1,0,2,1
414310,1,0,2,1
414311,1,0,2,1
414318,1,0,2,1
414445,1,0,2,1
414448,1,0,2,1
414496,4,1,5,2
414502,4,1,5,2
414530,4,1,5,2
414532,4,1,5,2
414534,4,1,5,2
414566,2,1,3,2
414596,5,1,6,2
414597,5,1,6,2
414598,5,1,6,2
414696,0,1,1,2
414699,0,1,1,2
414747,0,1,1,2
414834,0,6,1,7
414837,0,6,1,7
414854,6,0,7,1
414949,0,1,1,2
414979,1,0,2,1
414984,1,0,2,1
414986,1,0,2,1
414988,1,0,2,1
414989,1,0,2,1
415000,1,0,2,1
415012,1,0,2,1
415016,1,0,2,1
415047,0,1,1,2
415202,4,1,5,2
415209,4,1,5,2
415211,4,1,5,2
415255,5,2,6,3
415259,5,1,6,2
415262,5,1,6,2
415266,5,1,6,2
415417,0,1,1,2
415522,0,6,1,7
415523,6,0,7,1
415525,6,0,7,1
415636,0,1,1,2
415668,1,0,2,1
415684,0,1,1,2
415688,1,0,2,1
415746,0,1,1,2
415793,1,0,2,1
415795,1,0,2,1
415796,1,0,2,1
415853,4,1,5,2
415885,4,1,5,2
415886,4,1,5,2
415932,5,1,6,2
415935,5,1,6,2
415942,5,1,6,2
416081,0,1,1,2
416082,0,1,1,2
416311,0,1,1,2
416321,0,1,1,2
416343,1,0,2,1
416346,1,0,2,1
416369,1,0,2,1
416437,0,1,1,2
416467,1,0,2,1
416550,4,1,5,2
416589,1,2,2,3
416604,5,1,6,2
416608,5,1,6,2
416619,5,1,6,2
416729,0,1,1,2
416733,0,1,1,2
416745,0,1,1,2
416820,0,6,1,7
416863,6,0,7,1
416864,6,0,7,1
416967,0,1,1,2
416980,0,1,1,2
417004,1,0,2,1
417007,1,0,2,1
417022,1,0,2,1
417029,1,0,2,1
417033,0,1,1,2
417114,1,0,2,1
417176,4,1,5,2
417235,1,2,2,3
417239,1,2,2,3
417255,5,1,6,2
417274,5,1,6,2
417328,0,1,1,2
417390,0,1,1,2
417396,0,1,1,2
417467,0,6,1,7
417514,0,6,1,7
417519,0,1,1,2
417521,0,1,1,2
417540,0,1,1,2
417585,0,1,1,2
417588,0,1,1,2
417589,0,1,1,2
417591,0,1,1,2
417605,1,0,2,1
417606,1,0,2,1
417623,0,1,1,2
417625,0,1,1,2
417626,1,0,2,1
417628,1,0,2,1
417629,1,0,2,1
417643,1,0,2,1
417674,0,1,1,2
417806,4,1,5,2
417807,4,1,5,2
417808,4,1,5,2
417835,4,1,5,2
417866,1,2,2,3
417883,5,1,6,2
417886,5,1,6,2
417887,5,1,6,2
417890,5,1,6,2
417950,0,1,1,2
417951,0,1,1,2
418003,0,1,1,2
418008,0,1,1,2
418013,0,1,1,2
418017,0,1,1,2
418036,0,1,1,2
418051,0,1,1,2
418079,0,6,1,7
418092,0,6,1,7
418093,0,6,1,7
418137,0,6,1,7
418144,0,1,1,2
418205,0,1,1,2
418207,0,1,1,2
418242,0,1,1,2
418246,0,1,1,2
418264,1,0,2,1
418277,0,1,1,2
418294,0,1,1,2
418295,0,1,1,2
418297,0,1,1,2
418362,1,0,2,1
418423,4,1,5,2
418424,4,1,5,2
418444,4,1,5,2
418497,5,1,6,2
418498,5,1,6,2
418501,5,1,6,2
418504,5,1,6,2
418618,0,1,1,2
418621,0,1,1,2
418622,0,1,1,2
418633,0,1,1,2
418653,0,1,1,2
418664,0,1,1,2
418690,0,6,1,7
418700,0,6,1,7
418740,6,0,7,1
418741,6,0,7,1
418742,6,0,7,1
418744,0,6,1,7
418745,0,6,1,7
418749,0,1,1,2
418820,1,0,2,1
418834,0,1,1,2
418844,1,0,2,1
418857,1,0,2,1
418858,1,0,2,1
418893,0,1,1,2
419013,0,1,1,2
419019,4,1,5,2
419020,4,1,5,2
419039,4,1,5,2
419069,1,2,2,3
419097,5,1,6,2
419099,5,1,6,2
419101,5,1,6,2
419104,5,1,6,2
419209,0,1,1,2
419212,0,1,1,2
419221,0,1,1,2
419222,0,1,1,2
419224,0,1,1,2
419228,0,1,1,2
419229,0,1,1,2
419250,0,1,1,2
419288,0,6,1,7
419294,0,6,1,7
419333,6,0,7,1
419380,0,1,1,2
419412,0,1,1,2
419414,0,1,1,2
419417,1,0,2,1
419433,1,0,2,1
419438,1,0,2,1
419462,0,1,1,2
419466,0,1,1,2
419520,1,0,2,1
419581,0,1,1,2
419586,4,1,5,2
419589,4,1,5,2
419594,4,1,5,2
419612,4,1,5,2
419613,4,1,5,2
419645,1,2,2,3
419663,5,1,6,2
419666,5,1,6,2
419680,5,1,6,2
419782,0,1,1,2
419783,0,1,1,2
419793,0,1,1,2
419796,0,1,1,2
419873,0,6,1,7
419875,0,6,1,7
419876,0,6,1,7
419911,6,0,7,1
419938,0,1,1,2
419952,0,1,1,2
419956,0,1,1,2
419957,0,1,1,2
419977,0,1,1,2
419997,1,0,2,1
420036,0,1,1,2
420142,0,1,1,2
420146,0,1,1,2
420175,4,1,5,2
420178,4,1,5,2
420179,4,1,5,2
420208,1,2,2,3
420213,1,5,2,6
420237,5,1,6,2
420244,5,1,6,2
420246,5,1,6,2
420329,0,1,1,2
420360,0,1,1,2
420374,0,1,1,2
420461,0,6,1,7
420498,0,6,1,7
420540,0,1,1,2
420541,0,1,1,2
420543,0,1,1,2
420551,1,0,2,1
420561,0,1,1,2
420573,1,0,2,1
420582,1,0,2,1
420583,1,0,2,1
420586,1,0,2,1
420625,0,1,1,2
420763,4,1,5,2
420797,1,5,2,6
420811,1,5,2,6
420826,5,1,6,2
420828,5,1,6,2
420894,0,1,1,2
420895,0,1,1,2
420941,0,1,1,2
420943,0,1,1,2
420961,0,1,1,2
421053,0,6,1,7
421111,0,1,1,2
421116,0,1,1,2
421125,0,1,1,2
421150,0,1,1,2
421153,0,1,1,2
421155,0,1,1,2
421161,1,0,2,1
421173,1,0,2,1
421178,1,0,2,1
421206,0,1,1,2
421207,0,1,1,2
421214,0,1,1,2
421247,0,1,1,2
421255,1,0,2,1
421257,1,0,2,1
421345,4,1,5,2
421394,5,1,6,2
421399,5,1,6,2
421402,5,1,6,2
421404,5,1,6,2
421409,5,1,6,2
421544,0,1,1,2
421546,0,1,1,2
421625,0,6,1,7
421664,0,6,1,7
421737,1,0,2,1
421739,1,0,2,1
421745,1,0,2,1
421747,1,0,2,1
421749,1,0,2,1
421750,1,0,2,1
421775,0,1,1,2
421776,0,1,1,2
421780,0,1,1,2
421781,0,1,1,2
421808,0,1,1,2
421918,4,1,5,2
421969,5,1,6,2
421970,5,1,6,2
421974,5,1,6,2
421976,5,1,6,2
421981,5,1,6,2
422068,0,1,1,2
422092,0,1,1,2
422100,0,1,1,2
422104,0,1,1,2
422118,0,1,1,2
422198,0,6,1,7
422273,0,1,1,2
422319,1,0,2,1
422326,1,0,2,1
422327,1,0,2,1
422355,0,1,1,2
422356,0,1,1,2
422393,0,1,1,2
422396,1,0,2,1
422490,4,1,5,2
422544,5,1,6,2
422653,0,1,1,2
422655,0,1,1,2
422662,0,1,1,2
422665,0,1,1,2
422680,0,1,1,2
422837,0,1,1,2
422838,0,1,1,2
422883,1,0,2,1
422911,0,1,1,2
422927,0,1,1,2
422956,1,0,2,1
423086,4,1,5,2
423219,0,1,1,2
423220,0,1,1,2
423221,0,1,1,2
423225,0,1,1,2
423229,0,1,1,2
423238,0,1,1,2
423241,0,1,1,2
423331,0,6,1,7
423362,6,0,7,1
423427,1,0,2,1
423437,1,0,2,1
423441,1,0,2,1
423442,1,0,2,1
423447,1,0,2,1
423450,1,0,2,1
423472,0,1,1,2
423476,0,1,1,2
423477,0,1,1,2
423529,1,0,2,1
423650,5,1,6,2
423657,5,1,6,2
423661,5,1,6,2
423668,0,6,1,7
423717,0,1,1,2
423719,0,1,1,2
423761,0,1,1,2
423765,0,1,1,2
423767,0,1,1,2
423771,0,1,1,2
423773,0,1,1,2
423787,0,1,1,2
423878,0,6,1,7
423879,0,6,1,7
423937,0,1,1,2
423967,0,1,1,2
423994,1,0,2,1
423995,1,0,2,1
424019,0,1,1,2
424022,0,1,1,2
424054,1,0,2,1
424057,1,0,2,1
424178,4,1,5,2
424197,1,5,2,6
424203,5,1,6,2
424207,5,1,6,2
424214,0,6,1,7
424265,0,1,1,2
424286,0,1,1,2
424288,0,1,1,2
424289,0,1,1,2
424309,0,1,1,2
424319,0,1,1,2
424429,0,6,1,7
424454,0,6,1,7
424486,0,1,1,2
424496,0,1,1,2
424518,0,1,1,2
424533,1,0,2,1
424562,0,1,1,2
424568,0,1,1,2
424584,0,1,1,2
424605,1,0,2,1
424731,4,1,5,2
424754,5,1,6,2
424818,0,1,1,2
424850,0,1,1,2
424860,0,1,1,2
424875,0,1,1,2
425001,0,6,1,7
425039,0,1,1,2
425047,0,1,1,2
425080,1,0,2,1
425118,0,1,1,2
425140,0,1,1,2
425150,1,0,2,1
425272,2,1,3,2
425273,2,1,3,2
425275,2,1,3,2
425284,5,1,6,2
425287,5,1,6,2
425355,0,1,1,2
425377,0,1,1,2
425379,0,1,1,2
425381,0,1,1,2
425388,0,1,1,2
425389,0,1,1,2
425406,0,1,1,2
425407,0,1,1,2
425414,0,1,1,2
425545,6,0,7,1
425577,0,1,1,2
425578,0,1,1,2
425586,0,1,1,2
425587,0,1,1,2
425649,0,1,1,2
425655,0,1,1,2
425656,0,1,1,2
425792,4,1,5,2
425808,4,1,5,2
425809,4,1,5,2
425812,2,1,3,2
425813,2,1,3,2
425814,2,1,3,2
425816,2,1,3,2
425911,0,1,1,2
425913,0,1,1,2
425916,0,1,1,2
425926,0,1,1,2
425936,0,1,1,2
425942,0,1,1,2
425943,0,1,1,2
425945,0,1,1,2
425949,0,1,1,2
425950,0,1,1,2
426056,0,6,1,7
426112,0,1,1,2
426114,0,1,1,2
426181,0,1,1,2
426185,0,1,1,2
426186,0,1,1,2
426211,0,1,1,2
426331,4,1,5,2
426337,2,1,3,2
426346,2,1,3,2
426411,0,1,1,2
426416,0,1,1,2
426419,0,1,1,2
426443,0,1,1,2
426451,0,1,1,2
426453,0,1,1,2
426456,0,1,1,2
426470,0,1,1,2
426579,0,6,1,7
426601,6,0,7,1
426640,0,1,1,2
426644,0,1,1,2
426843,4,1,5,2
426845,4,1,5,2
426851,2,1,3,2
426853,2,1,3,2
426857,2,1,3,2
426922,0,1,1,2
426944,0,1,1,2
426946,0,1,1,2
426949,0,1,1,2
426965,0,1,1,2
426968,0,1,1,2
426972,0,1,1,2
426973,0,1,1,2
426977,0,1,1,2
426978,0,1,1,2
426987,0,1,1,2
427156,0,1,1,2
427159,0,1,1,2
427219,0,1,1,2
427334,4,1,5,2
427428,0,1,1,2
427430,0,1,1,2
427431,0,1,1,2
427456,0,1,1,2
427462,0,1,1,2
427463,0,1,1,2
427478,0,1,1,2
427483,0,1,1,2
427485,0,1,1,2
427612,6,0,7,1
427645,0,1,1,2
427658,0,1,1,2
427729,0,1,1,2
427743,0,1,1,2
427843,4,1,5,2
427848,4,1,5,2
427855,2,1,3,2
427926,0,1,1,2
427933,0,1,1,2
427938,0,1,1,2
427939,0,1,1,2
427941,1,0,2,1
427946,1,0,2,1
427955,0,1,1,2
427958,0,1,1,2
427963,0,1,1,2
427977,0,1,1,2
428117,6,0,7,1
428165,0,1,1,2
428166,0,1,1,2
428224,0,1,1,2
428235,0,1,1,2
428249,0,1,1,2
428348,4,1,5,2
428362,2,1,3,2
428364,2,1,3,2
428428,0,1,1,2
428439,0,1,1,2
428440,0,1,1,2
428444,1,0,2,1
428460,0,1,1,2
428462,0,1,1,2
428480,0,1,1,2
428661,0,1,1,2
428671,0,1,1,2
428683,0,1,1,2
428726,0,1,1,2
428834,4,1,5,2
428846,4,1,5,2
428928,0,1,1,2
428939,0,1,1,2
428945,1,0,2,1
428946,1,0,2,1
428950,1,0,2,1
428965,0,1,1,2
428967,0,1,1,2
429164,0,1,1,2
429170,0,1,1,2
429175,0,1,1,2
429178,0,1,1,2
429180,0,1,1,2
429185,0,1,1,2
429190,0,1,1,2
429194,1,0,2,1
429244,0,1,1,2
429324,4,1,5,2
429424,0,1,1,2
429428,0,1,1,2
429429,0,1,1,2
429431,0,1,1,2
429432,0,1,1,2
429440,1,0,2,1
429442,1,0,2,1
429448,0,1,1,2
429451,0,1,1,2
429459,0,1,1,2
429656,0,1,1,2
429670,0,1,1,2
429682,0,1,1,2
429714,1,0,2,1
429723,0,1,1,2
429729,0,1,1,2
429806,4,1,5,2
429807,4,1,5,2
429888,1,0,2,1
429893,1,0,2,1
429904,0,1,1,2
429916,0,1,1,2
429917,0,1,1,2
429924,1,0,2,1
429925,1,0,2,1
429930,0,1,1,2
429932,0,1,1,2
429935,0,1,1,2
429942,0,1,1,2
430053,0,6,1,7
430133,0,1,1,2
430137,0,1,1,2
430140,0,1,1,2
430146,0,1,1,2
430208,0,1,1,2
430267,4,1,5,2
430269,4,1,5,2
430368,0,1,1,2
430378,0,1,1,2
430379,0,1,1,2
430380,0,1,1,2
430394,0,1,1,2
430395,0,1,1,2
430398,0,1,1,2
430403,0,1,1,2
430413,0,1,1,2
430414,0,1,1,2
430420,0,1,1,2
430583,0,1,1,2
430592,0,1,1,2
430594,0,1,1,2
430651,1,0,2,1
430819,0,1,1,2
430820,0,1,1,2
430824,0,1,1,2
430839,0,1,1,2
431039,0,1,1,2
431095,1,0,2,1
431105,0,1,1,2
431151,4,1,5,2
431253,0,1,1,2
431257,0,1,1,2
431263,0,1,1,2
431264,0,1,1,2
431278,0,1,1,2
431284,0,1,1,2
431289,0,1,1,2
431296,0,1,1,2
431298,0,1,1,2
431302,0,1,1,2
431303,0,1,1,2
431306,0,1,1,2
431309,0,1,1,2
431420,0,6,1,7
431449,0,1,1,2
431499,0,1,1,2
431501,0,1,1,2
431641,1,0,2,1
431642,1,0,2,1
431675,0,1,1,2
431683,0,1,1,2
431685,0,1,1,2
431696,0,1,1,2
431697,0,1,1,2
431699,0,1,1,2
431830,0,6,1,7
431876,0,1,1,2
431878,0,1,1,2
431881,0,1,1,2
431883,0,1,1,2
431944,0,1,1,2
431945,0,1,1,2
431971,4,1,5,2
432068,0,1,1,2
432077,0,1,1,2
432085,0,1,1,2
432094,0,1,1,2
432095,0,1,1,2
432097,0,1,1,2
432098,0,1,1,2
432103,0,1,1,2
432107,0,1,1,2
432353,4,1,5,2
432453,0,1,1,2
432455,0,1,1,2
432458,0,1,1,2
432463,0,1,1,2
432468,0,1,1,2
432471,0,1,1,2
432481,0,1,1,2
432488,0,1,1,2
432489,0,1,1,2
432500,1,0,2,1
432534,0,1,1,2
432598,0,6,1,7
432732,4,1,5,2
432733,4,1,5,2
432806,1,0,2,1
432834,0,1,1,2
432838,0,1,1,2
432847,0,1,1,2
432848,0,1,1,2
432850,0,1,1,2
432852,0,1,1,2
432856,0,1,1,2
432859,0,1,1,2
432864,0,1,1,2
432867,0,1,1,2
432910,1,0,2,1
433095,1,0,2,1
433186,1,0,2,1
433188,1,0,2,1
433207,0,1,1,2
433210,0,1,1,2
433212,0,1,1,2
433234,0,1,1,2
433238,0,1,1,2
433239,0,1,1,2
433241,0,1,1,2
433244,0,1,1,2
433247,0,1,1,2
433256,1,0,2,1
433283,1,0,2,1
433404,1,0,2,1
433466,0,1,1,2
433551,1,0,2,1
433571,0,1,1,2
433572,0,1,1,2
433577,0,1,1,2
433585,0,1,1,2
433588,0,1,1,2
433589,0,1,1,2
433600,0,1,1,2
433603,0,1,1,2
433606,0,1,1,2
433621,1,0,2,1
433623,1,0,2,1
433635,0,1,1,2
433645,1,0,2,1
433766,1,0,2,1
433904,1,0,2,1
433913,1,0,2,1
433941,0,1,1,2
433946,0,1,1,2
433948,0,1,1,2
433951,0,1,1,2
433952,0,1,1,2
433954,0,1,1,2
433961,0,1,1,2
433965,0,1,1,2
433970,0,1,1,2
433975,0,1,1,2
434003,1,0,2,1
434080,0,6,1,7
434131,1,0,2,1
434301,0,1,1,2
434307,0,1,1,2
434323,0,1,1,2
434334,0,1,1,2
434382,1,0,2,1
434385,1,0,2,1
434436,0,6,1,7
434442,0,6,1,7
434443,0,6,1,7
434632,1,0,2,1
434633,1,0,2,1
434634,1,0,2,1
434655,0,1,1,2
434670,0,1,1,2
434680,0,1,1,2
434722,1,0,2,1
434738,1,0,2,1
434786,0,6,1,7
434845,1,0,2,1
434873,0,1,1,2
434878,0,1,1,2
434883,0,1,1,2
434894,0,1,1,2
434984,1,0,2,1
435014,0,1,1,2
435018,0,1,1,2
435030,0,1,1,2
435035,0,1,1,2
435079,1,0,2,1
435097,1,0,2,1
435136,0,6,1,7
435137,0,6,1,7
435143,0,6,1,7
435156,0,6,1,7
435161,0,6,1,7
435231,0,1,1,2
435235,0,1,1,2
435241,0,1,1,2
435242,0,1,1,2
435244,0,1,1,2
435343,1,0,2,1
435349,1,0,2,1
435367,0,1,1,2
435453,1,0,2,1
435487,0,6,1,7
435502,0,6,1,7
435514,0,6,1,7
435593,0,1,1,2
435699,1,0,2,1
435700,1,0,2,1
435701,1,0,2,1
435706,1,0,2,1
435729,0,1,1,2
435733,0,1,1,2
435745,0,1,1,2
435804,1,0,2,1
435807,1,0,2,1
435852,0,6,1,7
435853,0,6,1,7
435854,0,6,1,7
435859,0,6,1,7
435860,0,6,1,7
435863,0,6,1,7
435881,0,6,1,7
435951,0,1,1,2
435952,0,1,1,2
435953,0,1,1,2
435970,0,1,1,2
436052,1,0,2,1
436055,1,0,2,1
436081,0,1,1,2
436083,0,1,1,2
436085,0,1,1,2
436086,0,1,1,2
436155,1,0,2,1
436158,1,0,2,1
436159,1,0,2,1
436162,1,0,2,1
436164,1,0,2,1
436210,0,6,1,7
436229,0,6,1,7
436310,0,1,1,2
436323,0,1,1,2
436409,1,0,2,1
436410,1,0,2,1
436508,1,0,2,1
436511,1,0,2,1
436514,1,0,2,1
436557,0,6,1,7
436558,0,6,1,7
436563,0,6,1,7
436585,0,6,1,7
436682,0,1,1,2
436762,1,0,2,1
436792,0,1,1,2
436794,0,1,1,2
436797,0,1,1,2
436807,0,1,1,2
436861,1,0,2,1
436908,0,6,1,7
436909,0,6,1,7
436933,0,6,1,7
436934,0,6,1,7
436937,0,6,1,7
436973,1,0,2,1
437014,0,1,1,2
437027,0,1,1,2
437126,0,1,1,2
437129,0,1,1,2
437131,0,1,1,2
437133,0,1,1,2
437191,1,0,2,1
437193,1,0,2,1
437201,1,0,2,1
437313,1,0,2,1
437354,0,1,1,2
437356,0,1,1,2
437423,0,1,1,2
437424,0,1,1,2
437476,0,1,1,2
437484,0,1,1,2
437499,0,1,1,2
437516,0,1,1,2
437531,1,0,2,1
437540,1,0,2,1
437547,0,1,1,2
437690,0,1,1,2
437797,0,1,1,2
437800,0,1,1,2
437808,0,1,1,2
437817,0,1,1,2
437820,0,1,1,2
437833,0,1,1,2
437835,0,1,1,2
437878,0,1,1,2
437881,0,1,1,2
438084,1,0,2,1
438091,0,1,1,2
438130,0,1,1,2
438135,0,1,1,2
438138,0,1,1,2
438140,0,1,1,2
438141,0,1,1,2
438143,0,1,1,2
438154,0,1,1,2
438162,0,1,1,2
438163,0,1,1,2
438167,0,1,1,2
438205,1,0,2,1
438206,1,0,2,1
438207,1,0,2,1
438315,1,0,2,1
438411,1,0,2,1
438423,0,1,1,2
438429,1,0,2,1
438460,0,1,1,2
438465,0,1,1,2
438467,0,1,1,2
438472,0,1,1,2
438473,0,1,1,2
438474,0,1,1,2
438477,0,1,1,2
438482,0,1,1,2
438484,0,1,1,2
438509,0,1,1,2
438532,1,0,2,1
438534,1,0,2,1
438535,1,0,2,1
438541,0,1,1,2
438629,1,0,2,1
438630,1,0,2,1
438657,0,1,1,2
438683,0,1,1,2
438746,1,0,2,1
438786,0,1,1,2
438788,0,1,1,2
438793,0,1,1,2
438795,0,1,1,2
438797,0,1,1,2
438819,0,1,1,2
438820,0,1,1,2
438843,1,0,2,1
438864,0,1,1,2
438944,1,0,2,1
439042,1,0,2,1
439053,0,1,1,2
439061,1,0,2,1
439062,1,0,2,1
439099,0,1,1,2
439100,0,1,1,2
439105,0,1,1,2
439175,1,0,2,1
439258,1,0,2,1
439263,1,0,2,1
439377,1,0,2,1
439418,0,1,1,2
439426,0,1,1,2
439448,0,1,1,2
439451,0,1,1,2
439488,1,0,2,1
439679,0,1,1,2
439681,0,1,1,2
439719,1,0,2,1
439726,0,1,1,2
439729,0,1,1,2
439731,0,1,1,2
439733,0,1,1,2
439735,0,1,1,2
439741,1,0,2,1
439762,0,1,1,2
439764,0,1,1,2
439827,1,0,2,1
439883,0,1,1,2
439931,0,1,1,2
439941,0,1,1,2
439993,0,1,1,2
440018,0,1,1,2
440040,0,1,1,2
440049,0,1,1,2
440050,0,1,1,2
440086,0,1,1,2
440139,1,0,2,1
440180,0,1,1,2
440188,1,0,2,1
440197,0,1,1,2
440233,0,1,1,2
440304,0,1,1,2
440323,0,1,1,2
440344,0,1,1,2
440348,0,1,1,2
440381,0,1,1,2
440441,1,0,2,1
440445,1,0,2,1
440448,0,1,1,2
440481,0,1,1,2
440485,0,1,1,2
440487,0,1,1,2
440490,0,1,1,2
440537,0,1,1,2
440559,0,1,1,2
440604,0,1,1,2
440608,0,1,1,2
440612,0,1,1,2
440658,0,1,1,2
440688,0,1,1,2
440750,1,0,2,1
440791,0,1,1,2
440804,0,1,1,2
440805,0,1,1,2
440841,0,1,1,2
440907,0,1,1,2
440914,0,1,1,2
440916,0,1,1,2
440933,0,1,1,2
440954,1,0,2,1
440956,0,1,1,2
440980,1,0,2,1
440981,1,0,2,1
440992,0,1,1,2
441039,1,0,2,1
441054,1,0,2,1
441060,0,1,1,2
441091,0,1,1,2
441143,0,1,1,2
441215,0,1,1,2
441217,0,1,1,2
441237,0,1,1,2
441238,0,1,1,2
441348,1,0,2,1
441349,1,0,2,1
441362,0,1,1,2
441364,0,1,1,2
441410,0,1,1,2
441413,0,1,1,2
441522,0,1,1,2
441529,0,1,1,2
441531,0,1,1,2
441535,0,1,1,2
441537,0,1,1,2
441543,0,1,1,2
441578,0,1,1,2
441597,1,0,2,1
441598,1,0,2,1
441603,1,0,2,1
441668,1,0,2,1
441721,0,1,1,2
441758,0,1,1,2
441786,0,1,1,2
441861,0,1,1,2
441865,0,1,1,2
441893,0,1,1,2
441897,0,1,1,2
441910,1,0,2,1
441918,1,0,2,1
441923,0,1,1,2
441989,1,0,2,1
442044,0,1,1,2
442077,0,1,1,2
442083,0,1,1,2
442175,0,1,1,2
442185,0,1,1,2
442187,0,1,1,2
442188,0,1,1,2
442191,0,1,1,2
442193,0,1,1,2
442194,0,1,1,2
442195,0,1,1,2
442200,0,1,1,2
442227,0,1,1,2
442329,1,0,2,1
442338,0,1,1,2
442418,0,1,1,2
442424,0,1,1,2
442455,0,1,1,2
442518,0,1,1,2
442531,0,1,1,2
442534,0,1,1,2
442536,0,1,1,2
442548,0,1,1,2
442550,0,1,1,2
442552,0,1,1,2
442575,0,1,1,2
442599,1,0,2,1
442769,0,1,1,2
442799,0,1,1,2
442800,0,1,1,2
442859,0,1,1,2
442871,0,1,1,2
442872,0,1,1,2
442873,0,1,1,2
442882,0,1,1,2
442883,0,1,1,2
442886,0,1,1,2
442888,0,1,1,2
442889,0,1,1,2
442891,0,1,1,2
442892,0,1,1,2
442896,0,1,1,2
443004,1,0,2,1
443128,0,1,1,2
443129,0,1,1,2
443169,1,0,2,1
443205,0,1,1,2
443226,0,1,1,2
443234,0,1,1,2
443237,0,1,1,2
443241,0,1,1,2
443243,0,1,1,2
443246,0,1,1,2
443252,0,1,1,2
443307,1,0,2,1
443310,1,0,2,1
443380,1,0,2,1
443399,0,6,1,7
443490,0,1,1,2
443504,0,1,1,2
443506,0,1,1,2
443591,0,1,1,2
443603,0,1,1,2
443604,0,1,1,2
443610,0,1,1,2
443611,0,1,1,2
443622,0,1,1,2
443624,0,1,1,2
443682,1,0,2,1
443684,1,0,2,1
443685,1,0,2,1
443776,0,6,1,7
443784,0,6,1,7
443789,0,6,1,7
443964,0,1,1,2
443971,0,1,1,2
443974,0,1,1,2
443975,0,1,1,2
443976,0,1,1,2
443988,0,1,1,2
443993,0,1,1,2
443994,0,1,1,2
443996,0,1,1,2
444001,0,1,1,2
444004,0,1,1,2
444132,1,0,2,1
444133,1,0,2,1
444135,1,0,2,1
444163,0,6,1,7
444164,0,6,1,7
444363,0,1,1,2
444379,0,1,1,2
444380,0,1,1,2
444385,0,1,1,2
444386,0,1,1,2
444387,0,1,1,2
444394,0,1,1,2
444396,0,1,1,2
444403,0,1,1,2
444453,1,0,2,1
444459,1,0,2,1
444461,1,0,2,1
444475,0,1,1,2
444699,1,0,2,1
444767,0,1,1,2
444768,0,1,1,2
444790,0,1,1,2
444801,0,1,1,2
444804,0,1,1,2
444853,1,0,2,1
444854,1,0,2,1
444855,1,0,2,1
444891,0,1,1,2
444954,0,6,1,7
445153,0,1,1,2
445170,0,1,1,2
445171,0,1,1,2
445172,0,1,1,2
445189,0,1,1,2
445196,1,0,2,1
445201,0,1,1,2
445203,0,1,1,2
445207,0,1,1,2
445258,1,0,2,1
445298,1,0,2,1
445306,0,1,1,2
445472,1,0,2,1
445475,1,0,2,1
445491,1,0,2,1
445581,0,1,1,2
445605,1,0,2,1
445615,0,1,1,2
445708,1,0,2,1
445718,1,0,2,1
445734,0,1,1,2
445764,0,6,1,7
445766,0,6,1,7
445896,1,0,2,1
445912,1,0,2,1
446007,0,1,1,2
446021,0,1,1,2
446026,1,0,2,1
446043,0,1,1,2
446094,1,0,2,1
446335,1,0,2,1
446348,1,0,2,1
446470,0,1,1,2
446533,1,0,2,1
446592,0,1,1,2
446594,0,1,1,2
446631,0,6,1,7
446763,1,0,2,1
446766,1,0,2,1
446772,1,0,2,1
446788,0,1,1,2
446793,6,0,7,1
446797,6,0,7,1
446875,0,1,1,2
446891,0,1,1,2
446901,0,1,1,2
446905,1,0,2,1
446906,1,0,2,1
446918,0,1,1,2
446921,0,1,1,2
446924,0,1,1,2
446929,1,0,2,1
447100,6,0,7,1
447107,6,0,7,1
447215,1,0,2,1
447219,1,0,2,1
447220,1,0,2,1
447237,0,1,1,2
447244,6,0,7,1
447245,6,0,7,1
447247,6,0,7,1
447342,0,1,1,2
447358,0,1,1,2
447384,1,0,2,1
447388,1,0,2,1
447455,0,1,1,2
447668,1,0,2,1
447682,0,1,1,2
447684,0,1,1,2
447708,6,0,7,1
447711,6,0,7,1
447838,0,1,1,2
447857,1,0,2,1
447921,0,1,1,2
447923,0,1,1,2
448017,6,0,7,1
448077,0,1,1,2
448078,1,0,2,1
448079,1,0,2,1
448146,0,1,1,2
448154,0,1,1,2
448155,0,1,1,2
448158,0,1,1,2
448161,0,1,1,2
448163,0,1,1,2
448167,6,0,7,1
448175,6,0,7,1
448271,0,1,1,2
448282,0,1,1,2
448313,0,1,1,2
448317,0,1,1,2
448387,1,0,2,1
448391,0,1,1,2
448395,0,1,1,2
448499,6,0,7,1
448503,6,0,7,1
448640,0,1,1,2
448641,0,1,1,2
448645,0,1,1,2
448648,0,1,1,2
448650,6,0,7,1
448652,6,0,7,1
448753,0,1,1,2
448754,0,1,1,2
448762,0,1,1,2
448790,0,1,1,2
448795,0,1,1,2
448802,1,0,2,1
448803,1,0,2,1
448867,1,0,2,1
448875,0,1,1,2
448910,1,0,2,1
448983,6,0,7,1
448984,6,0,7,1
448987,6,0,7,1
449041,1,0,2,1
449110,0,1,1,2
449114,0,1,1,2
449117,0,1,1,2
449132,0,1,1,2
449139,6,0,7,1
449249,0,1,1,2
449253,0,1,1,2
449277,0,1,1,2
449360,0,1,1,2
449464,6,0,7,1
449465,6,0,7,1
449469,6,0,7,1
449471,6,0,7,1
449527,1,0,2,1
449601,0,1,1,2
449603,0,1,1,2
449607,0,1,1,2
449613,0,1,1,2
449617,0,1,1,2
449620,6,0,7,1
449622,6,0,7,1
449721,0,1,1,2
449722,0,1,1,2
449729,0,1,1,2
449730,0,1,1,2
449732,0,1,1,2
449733,0,1,1,2
449766,0,1,1,2
449773,1,0,2,1
449951,6,0,7,1
449952,6,0,7,1
449956,6,0,7,1
449960,6,0,7,1
449961,6,0,7,1
450088,0,1,1,2
450090,0,1,1,2
450098,0,1,1,2
450107,6,0,7,1
450115,6,0,7,1
450211,0,1,1,2
450219,0,1,1,2
450221,0,1,1,2
450224,0,1,1,2
450247,0,1,1,2
450259,1,0,2,1
450359,1,0,2,1
450361,1,0,2,1
450444,6,0,7,1
450449,6,0,7,1
450585,0,1,1,2
450588,0,1,1,2
450601,6,0,7,1
450604,6,0,7,1
450610,6,0,7,1
450705,0,1,1,2
450719,0,1,1,2
450750,1,0,2,1
450754,1,0,2,1
450825,0,1,1,2
450858,1,0,2,1
450930,6,0,7,1
450938,6,0,7,1
450939,6,0,7,1
450942,6,0,7,1
451075,0,1,1,2
451081,0,1,1,2
451084,0,1,1,2
451093,6,0,7,1
451094,6,0,7,1
451201,0,1,1,2
451204,0,1,1,2
451243,1,0,2,1
451252,1,0,2,1
451313,0,1,1,2
451416,6,0,7,1
451423,6,0,7,1
451427,6,0,7,1
451562,0,1,1,2
451569,0,1,1,2
451593,6,0,7,1
451680,0,1,1,2
451683,0,1,1,2
451689,0,1,1,2
451690,0,1,1,2
451719,0,1,1,2
451721,0,1,1,2
451726,1,0,2,1
451728,1,0,2,1
451731,1,0,2,1
451732,1,0,2,1
451744,1,0,2,1
451972,1,0,2,1
452058,0,1,1,2
452061,0,1,1,2
452089,6,0,7,1
452178,0,1,1,2
452180,0,1,1,2
452182,0,1,1,2
452187,0,1,1,2
452214,0,1,1,2
452221,1,0,2,1
452223,1,0,2,1
452226,1,0,2,1
452227,1,0,2,1
452303,0,1,1,2
452319,0,1,1,2
452408,6,0,7,1
452477,1,0,2,1
452559,0,1,1,2
452561,0,1,1,2
452577,6,0,7,1
452580,6,0,7,1
452592,6,0,7,1
452682,0,1,1,2
452688,0,1,1,2
452702,1,0,2,1
452765,0,1,1,2
452800,0,1,1,2
452803,0,1,1,2
452817,0,1,1,2
452920,6,0,7,1
453069,0,1,1,2
453093,6,0,7,1
453199,0,1,1,2
453216,1,0,2,1
453221,1,0,2,1
453222,1,0,2,1
453231,0,1,1,2
453276,0,1,1,2
453363,0,1,1,2
453490,1,0,2,1
453571,0,1,1,2
453595,6,0,7,1
453600,6,0,7,1
453612,6,0,7,1
453717,1,0,2,1
453814,0,1,1,2
453815,0,1,1,2
453849,1,0,2,1
453851,1,0,2,1
453852,1,0,2,1
453908,0,6,1,7
453909,0,6,1,7
453935,6,0,7,1
453993,1,0,2,1
454016,6,0,7,1
454132,0,6,1,7
454211,0,1,1,2
454212,0,1,1,2
454244,0,1,1,2
454255,1,0,2,1
454256,1,0,2,1
454455,0,6,1,7
454456,0,6,1,7
454492,0,1,1,2
454529,6,0,7,1
454643,0,6,1,7
454725,0,1,1,2
454726,0,1,1,2
454811,0,1,1,2
454844,0,1,1,2
454881,1,0,2,1
454885,1,0,2,1
454888,1,0,2,1
454891,0,1,1,2
454892,0,1,1,2
454939,0,6,1,7
454946,6,0,7,1
454949,6,0,7,1
454950,6,0,7,1
454973,0,6,1,7
455023,1,0,2,1
455030,1,6,2,7
455045,6,0,7,1
455047,6,0,7,1
455162,0,6,1,7
455240,0,1,1,2
455241,0,1,1,2
455244,0,1,1,2
455263,1,0,2,1
455281,1,0,2,1
455285,1,0,2,1
455453,0,6,1,7
455458,6,0,7,1
455460,6,0,7,1
455468,6,0,7,1
455535,1,0,2,1
455537,1,6,2,7
455539,1,6,2,7
455554,6,0,7,1
455556,6,0,7,1
455564,6,0,7,1
455673,0,6,1,7
455674,0,6,1,7
455755,0,1,1,2
455757,0,1,1,2
455759,0,1,1,2
455774,1,0,2,1
455841,0,1,1,2
455871,0,1,1,2
455884,0,1,1,2
455899,1,0,2,1
455994,0,6,1,7
456039,0,6,1,7
456060,1,0,2,1
456070,6,0,7,1
456072,6,0,7,1
456077,6,0,7,1
456081,6,0,7,1
456084,6,0,7,1
456087,6,0,7,1
456187,0,6,1,7
456264,0,1,1,2
456266,0,1,1,2
456290,0,1,1,2
456303,1,0,2,1
456502,0,6,1,7
456551,6,0,7,1
456554,0,6,1,7
456561,1,6,2,7
456563,1,6,2,7
456564,1,6,2,7
456585,6,0,7,1
456587,6,0,7,1
456594,6,0,7,1
456689,6,0,7,1
456690,6,0,7,1
456778,0,1,1,2
456782,0,1,1,2
456808,0,1,1,2
456809,0,1,1,2
456823,1,0,2,1
456870,0,1,1,2
456871,0,1,1,2
456901,0,1,1,2
457021,0,6,1,7
457023,0,6,1,7
457028,0,6,1,7
457063,6,0,7,1
457081,1,6,2,7
457084,1,6,2,7
457085,1,6,2,7
457086,1,6,2,7
457087,1,6,2,7
457088,1,0,2,1
457089,1,0,2,1
457092,0,6,1,7
457102,6,0,7,1
457205,6,0,7,1
457206,6,0,7,1
457212,0,6,1,7
457297,0,1,1,2
457320,0,1,1,2
457327,0,1,1,2
457334,1,0,2,1
457408,0,1,1,2
457458,1,0,2,1
457500,0,6,1,7
457534,0,6,1,7
457539,0,6,1,7
457607,6,0,7,1
457608,6,0,7,1
457609,6,0,7,1
457611,6,0,7,1
457692,0,1,1,2
457714,6,0,7,1
457829,1,0,2,1
457848,1,0,2,1
457893,0,1,1,2
457925,0,1,1,2
457945,1,0,2,1
457947,1,0,2,1
457969,1,0,2,1
458016,0,6,1,7
458044,0,6,1,7
458118,6,0,7,1
458125,6,0,7,1
458225,6,0,7,1
458230,0,6,1,7
458234,0,6,1,7
458311,0,1,1,2
458313,0,1,1,2
458330,0,1,1,2
458354,0,1,1,2
458407,0,1,1,2
458408,0,1,1,2
458435,0,1,1,2
458436,0,1,1,2
458444,0,1,1,2
458449,0,1,1,2
458451,0,1,1,2
458522,6,0,7,1
458559,0,6,1,7
458561,0,6,1,7
458627,6,0,7,1
458640,0,6,1,7
458827,0,1,1,2
458832,0,1,1,2
458834,0,1,1,2
458848,0,1,1,2
458863,1,0,2,1
458880,1,0,2,1
458930,0,1,1,2
458953,0,1,1,2
458954,0,1,1,2
458958,0,1,1,2
458961,0,1,1,2
458998,1,0,2,1
459039,6,0,7,1
459131,6,0,7,1
459136,6,0,7,1
459141,6,0,7,1
459142,6,0,7,1
459360,0,1,1,2
459377,0,1,1,2
459390,1,0,2,1
459474,0,1,1,2
459476,0,1,1,2
459508,1,0,2,1
459645,6,0,7,1
459646,6,0,7,1
459770,0,6,1,7
459898,1,0,2,1
459945,0,1,1,2
459966,0,1,1,2
459974,0,1,1,2
459977,0,1,1,2
459983,0,1,1,2
459984,0,1,1,2
460008,1,0,2,1
460009,1,0,2,1
460012,1,0,2,1
460013,1,0,2,1
460052,6,1,7,2
460100,0,6,1,7
460146,6,0,7,1
460233,0,1,1,2
460262,6,0,7,1
460327,0,1,1,2
460364,0,1,1,2
460381,0,1,1,2
460447,0,1,1,2
460468,0,1,1,2
460475,0,1,1,2
460478,0,1,1,2
460480,0,1,1,2
460503,1,0,2,1
460504,1,0,2,1
460555,0,6,1,7
460559,0,6,1,7
460570,6,0,7,1
460599,6,0,7,1
460613,6,0,7,1
460614,6,0,7,1
460735,0,1,1,2
460762,6,0,7,1
460826,0,1,1,2
460827,0,1,1,2
460851,0,1,1,2
460862,0,1,1,2
460867,0,1,1,2
460967,0,1,1,2
460993,0,1,1,2
460995,0,1,1,2
460997,0,1,1,2
460999,0,1,1,2
461028,1,0,2,1
461030,1,0,2,1
461031,1,0,2,1
461073,6,1,7,2
461074,6,1,7,2
461094,6,0,7,1
461096,6,0,7,1
461250,0,1,1,2
461256,0,1,1,2
461313,0,1,1,2
461316,0,1,1,2
461454,0,1,1,2
461512,1,0,2,1
461513,1,0,2,1
461514,1,0,2,1
461516,1,0,2,1
461558,1,0,2,1
461559,1,0,2,1
461562,1,0,2,1
461667,6,0,7,1
461811,0,1,1,2
461895,1,0,2,1
461947,0,1,1,2
461969,0,1,1,2
461993,1,0,2,1
461995,1,0,2,1
461996,1,0,2,1
462053,1,0,2,1
462057,1,0,2,1
462086,6,0,7,1
462087,6,0,7,1
462166,0,6,1,7
462335,0,1,1,2
462336,0,1,1,2
462339,0,1,1,2
462460,0,1,1,2
462463,0,1,1,2
462464,0,1,1,2
462491,1,0,2,1
462512,0,1,1,2
462552,1,0,2,1
462582,6,0,7,1
462809,0,1,1,2
462822,0,1,1,2
462853,0,1,1,2
462854,1,0,2,1
462858,1,0,2,1
462926,0,1,1,2
462927,0,1,1,2
462931,0,1,1,2
462954,0,1,1,2
462957,0,1,1,2
462975,1,0,2,1
463033,1,0,2,1
463034,1,0,2,1
463038,1,0,2,1
463066,6,0,7,1
463072,0,6,1,7
463328,1,0,2,1
463344,0,1,1,2
463345,0,1,1,2
463373,1,0,2,1
463420,0,1,1,2
463424,0,1,1,2
463428,0,1,1,2
463443,0,1,1,2
463444,0,1,1,2
463471,1,0,2,1
463472,1,0,2,1
463473,1,0,2,1
463477,1,0,2,1
463556,6,0,7,1
463568,0,6,1,7
463577,6,0,7,1
463600,6,0,7,1
463638,0,6,1,7
463815,0,1,1,2
463825,1,0,2,1
463844,1,0,2,1
463862,0,1,1,2
463968,1,0,2,1
463969,1,0,2,1
463986,0,1,1,2
464022,1,0,2,1
464034,0,6,1,7
464048,6,0,7,1
464073,6,0,7,1
464090,6,0,7,1
464092,6,0,7,1
464307,1,0,2,1
464309,1,0,2,1
464317,1,0,2,1
464320,1,0,2,1
464322,1,0,2,1
464323,1,0,2,1
464325,1,0,2,1
464326,1,0,2,1
464327,1,0,2,1
464331,0,1,1,2
464421,0,1,1,2
464436,0,1,1,2
464465,1,0,2,1
464466,1,0,2,1
464467,1,0,2,1
464486,0,1,1,2
464525,1,0,2,1
464538,0,6,1,7
464551,0,6,1,7
464578,6,0,7,1
464580,6,0,7,1
464599,6,0,7,1
464600,6,0,7,1
464809,1,0,2,1
464814,1,0,2,1
464836,0,1,1,2
464914,0,1,1,2
464919,0,1,1,2
464920,0,1,1,2
464921,0,1,1,2
464936,0,1,1,2
464966,1,0,2,1
464969,1,0,2,1
465020,1,0,2,1
465025,1,0,2,1
465039,0,6,1,7
465040,0,6,1,7
465103,6,0,7,1
465230,6,0,7,1
465308,1,0,2,1
465309,1,0,2,1
465314,1,0,2,1
465322,1,0,2,1
465325,1,0,2,1
465334,1,0,2,1
465359,0,1,1,2
465361,0,1,1,2
465414,0,1,1,2
465415,0,1,1,2
465468,1,0,2,1
465497,0,1,1,2
465523,1,0,2,1
465726,6,0,7,1
465727,6,0,7,1
465802,1,0,2,1
465812,1,0,2,1
465825,1,0,2,1
465830,1,0,2,1
465831,1,0,2,1
465832,1,0,2,1
465834,0,1,1,2
465919,0,1,1,2
465930,0,1,1,2
465961,1,0,2,1
465973,0,1,1,2
466014,1,0,2,1
466088,6,0,7,1
466224,6,0,7,1
466271,0,1,1,2
466273,0,1,1,2
466286,0,1,1,2
466298,1,0,2,1
466300,1,0,2,1
466301,1,0,2,1
466302,1,0,2,1
466304,1,0,2,1
466306,1,0,2,1
466312,1,0,2,1
466314,1,0,2,1
466325,1,0,2,1
466405,0,1,1,2
466408,0,1,1,2
466411,0,1,1,2
466415,0,1,1,2
466467,0,1,1,2
466488,0,1,1,2
466518,1,0,2,1
466712,6,0,7,1
466715,6,0,7,1
466716,6,0,7,1
466717,6,0,7,1
466768,0,1,1,2
466783,1,0,2,1
466790,1,0,2,1
466799,1,0,2,1
466808,1,0,2,1
466809,1,0,2,1
466818,0,1,1,2
466831,0,1,1,2
466883,0,1,1,2
466884,0,1,1,2
466896,0,1,1,2
466897,0,1,1,2
466901,0,1,1,2
466906,0,1,1,2
466941,1,0,2,1
466947,0,1,1,2
466950,0,1,1,2
466954,0,1,1,2
466994,1,0,2,1
466995,1,0,2,1
467004,1,0,2,1
467114,6,0,7,1
467195,6,0,7,1
467198,6,0,7,1
467261,1,0,2,1
467266,1,0,2,1
467274,1,0,2,1
467282,1,0,2,1
467294,0,1,1,2
467298,0,1,1,2
467362,0,1,1,2
467363,0,1,1,2
467374,0,1,1,2
467382,0,1,1,2
467421,1,0,2,1
467436,0,1,1,2
467438,0,1,1,2
467474,1,0,2,1
467479,1,0,2,1
467547,6,0,7,1
467595,6,0,7,1
467596,6,0,7,1
467681,6,0,7,1
467732,0,1,1,2
467736,1,0,2,1
467743,1,0,2,1
467747,1,0,2,1
467748,1,0,2,1
467751,1,0,2,1
467752,1,0,2,1
467761,1,0,2,1
467775,1,0,2,1
467784,0,1,1,2
467846,0,1,1,2
467860,0,1,1,2
467862,0,1,1,2
467867,0,1,1,2
467905,1,0,2,1
467908,1,0,2,1
467910,0,1,1,2
467913,0,1,1,2
467914,0,1,1,2
467963,1,0,2,1
467966,1,0,2,1
467969,1,0,2,1
468076,6,0,7,1
468116,0,6,1,7
468210,1,0,2,1
468218,1,0,2,1
468229,1,0,2,1
468238,1,0,2,1
468243,1,0,2,1
468244,1,0,2,1
468250,1,0,2,1
468266,0,1,1,2
468267,0,1,1,2
468326,0,1,1,2
468344,0,1,1,2
468346,0,1,1,2
468350,0,1,1,2
468446,1,0,2,1
468447,1,0,2,1
468454,1,0,2,1
468455,1,0,2,1
468457,1,0,2,1
468478,6,0,7,1
468592,0,6,1,7
468593,0,6,1,7
468602,6,0,7,1
468703,0,1,1,2
468706,1,0,2,1
468708,1,0,2,1
468709,1,0,2,1
468710,1,0,2,1
468718,1,0,2,1
468760,1,0,2,1
468809,0,1,1,2
468822,0,1,1,2
468828,0,1,1,2
468829,0,1,1,2
468830,0,1,1,2
468880,0,1,1,2
468925,1,0,2,1
468927,1,0,2,1
469017,6,0,7,1
469070,6,0,7,1
469071,6,0,7,1
469073,6,0,7,1
469075,6,0,7,1
469105,6,0,7,1
469162,1,0,2,1
469166,1,0,2,1
469182,1,0,2,1
469214,0,1,1,2
469275,0,1,1,2
469294,0,1,1,2
469295,0,1,1,2
469386,1,0,2,1
469483,6,0,7,1
469613,0,1,1,2
469637,1,0,2,1
469670,1,0,2,1
469681,0,1,1,2
469690,1,0,2,1
469736,0,1,1,2
469761,0,1,1,2
469764,0,1,1,2
469826,0,1,1,2
469851,1,0,2,1
469861,1,0,2,1
469877,1,0,2,1
469880,1,0,2,1
469944,6,0,7,1
469945,6,0,7,1
469947,6,0,7,1
469970,6,0,7,1
470003,6,0,7,1
470006,6,0,7,1
470007,6,0,7,1
470080,1,0,2,1
470098,1,0,2,1
470100,1,0,2,1
470102,1,0,2,1
470168,1,0,2,1
470190,0,1,1,2
470193,0,1,1,2
470199,0,1,1,2
470200,0,1,1,2
470203,0,1,1,2
470216,0,1,1,2
470275,0,1,1,2
470311,1,0,2,1
470316,1,0,2,1
470317,1,0,2,1
470339,1,0,2,1
470404,6,0,7,1
470425,6,0,7,1
470428,6,0,7,1
470453,6,0,7,1
470463,0,1,1,2
470464,0,1,1,2
470466,0,1,1,2
470529,1,0,2,1
470531,1,0,2,1
470533,1,0,2,1
470536,1,0,2,1
470548,1,0,2,1
470552,1,0,2,1
470563,1,0,2,1
470565,1,0,2,1
470628,0,1,1,2
470631,0,1,1,2
470649,0,1,1,2
470712,1,0,2,1
470719,0,1,1,2
470746,1,0,2,1
470772,1,0,2,1
470777,1,0,2,1
470864,6,0,7,1
470865,6,0,7,1
470886,6,0,7,1
470890,6,0,7,1
470913,1,0,2,1
470960,1,0,2,1
470961,1,0,2,1
470966,1,0,2,1
470967,1,0,2,1
470977,1,0,2,1
470978,1,0,2,1
470979,1,0,2,1
470996,1,0,2,1
471015,0,1,1,2
471025,1,0,2,1
471031,1,0,2,1
471045,1,0,2,1
471047,1,0,2,1
471058,0,1,1,2
471063,0,1,1,2
471073,0,1,1,2
471074,0,1,1,2
471076,0,1,1,2
471080,0,1,1,2
471086,0,1,1,2
471087,0,1,1,2
471088,0,1,1,2
471200,1,0,2,1
471202,1,0,2,1
471206,1,0,2,1
471323,0,1,1,2
471365,0,1,1,2
471367,0,1,1,2
471378,1,0,2,1
471394,1,0,2,1
471419,1,0,2,1
471432,1,0,2,1
471433,0,1,1,2
471451,1,0,2,1
471473,0,1,1,2
471496,0,1,1,2
471503,0,1,1,2
471504,0,1,1,2
471509,0,1,1,2
471510,0,1,1,2
471511,0,1,1,2
471563,0,1,1,2
471571,1,0,2,1
471573,0,1,1,2
471601,1,0,2,1
471632,1,0,2,1
471694,6,0,7,1
471696,6,0,7,1
471708,0,6,1,7
471728,6,0,7,1
471736,0,1,1,2
471752,1,0,2,1
471753,1,0,2,1
471755,1,0,2,1
471796,1,0,2,1
471798,1,0,2,1
471806,1,0,2,1
471815,1,0,2,1
471835,1,0,2,1
471836,1,0,2,1
471837,1,0,2,1
471838,1,0,2,1
471839,1,0,2,1
471850,0,1,1,2
471889,0,1,1,2
471892,0,1,1,2
471896,0,1,1,2
471920,0,1,1,2
471927,0,1,1,2
471971,1,0,2,1
471983,1,0,2,1
471985,1,0,2,1
472016,1,0,2,1
472019,1,0,2,1
472024,1,0,2,1
472041,1,0,2,1
472046,1,0,2,1
472113,6,0,7,1
472116,6,0,7,1
472118,6,0,7,1
472121,0,6,1,7
472122,0,6,1,7
472151,0,1,1,2
472154,0,1,1,2
472155,0,1,1,2
472158,0,1,1,2
472165,1,0,2,1
472166,1,0,2,1
472171,1,0,2,1
472200,1,0,2,1
472214,1,0,2,1
472237,1,0,2,1
472253,1,0,2,1
472254,1,0,2,1
472256,1,0,2,1
472272,0,1,1,2
472279,1,0,2,1
472309,0,1,1,2
472322,0,1,1,2
472326,0,1,1,2
472327,0,1,1,2
472329,0,1,1,2
472337,1,0,2,1
472399,1,0,2,1
472404,0,1,1,2
472422,1,0,2,1
472427,1,0,2,1
472429,1,0,2,1
472440,1,0,2,1
472441,1,0,2,1
472459,1,0,2,1
472462,1,0,2,1
472532,0,6,1,7
472538,6,0,7,1
472577,1,0,2,1
472581,1,0,2,1
472592,1,0,2,1
472598,1,0,2,1
472599,1,0,2,1
472604,1,0,2,1
472608,1,0,2,1
472621,1,0,2,1
472628,1,0,2,1
472648,1,0,2,1
472649,1,0,2,1
472665,1,0,2,1
472675,1,0,2,1
472686,1,0,2,1
472690,1,0,2,1
472720,0,1,1,2
472728,0,1,1,2
472729,0,1,1,2
472746,0,1,1,2
472749,0,1,1,2
472750,0,1,1,2
472751,0,1,1,2
472797,1,0,2,1
472837,1,0,2,1
472843,1,0,2,1
472845,1,0,2,1
472851,1,0,2,1
472852,1,0,2,1
472858,1,0,2,1
472871,1,0,2,1
472875,1,0,2,1
472876,1,0,2,1
472944,6,0,7,1
472948,6,0,7,1
472950,0,6,1,7
472975,0,1,1,2
472976,0,1,1,2
472977,0,1,1,2
472989,1,0,2,1
472990,1,0,2,1
472992,1,0,2,1
472993,1,0,2,1
472994,1,0,2,1
472995,1,0,2,1
472999,1,0,2,1
473005,1,0,2,1
473079,1,0,2,1
473086,1,0,2,1
473089,1,0,2,1
473092,0,1,1,2
473095,0,1,1,2
473105,1,0,2,1
473132,0,1,1,2
473135,0,1,1,2
473136,0,1,1,2
473138,0,1,1,2
473140,0,1,1,2
473149,0,1,1,2
473164,0,1,1,2
473165,0,1,1,2
473169,0,1,1,2
473247,1,0,2,1
473253,1,0,2,1
473256,1,0,2,1
473261,1,0,2,1
473264,1,0,2,1
473279,1,0,2,1
473282,1,0,2,1
473369,6,0,7,1
473383,0,6,1,7
473387,0,1,1,2
473397,1,0,2,1
473409,1,0,2,1
473412,1,0,2,1
473423,1,0,2,1
473429,1,0,2,1
473445,1,0,2,1
473447,1,0,2,1
473486,1,0,2,1
473491,1,0,2,1
473499,0,1,1,2
473500,0,1,1,2
473540,0,1,1,2
473542,0,1,1,2
473545,0,1,1,2
473563,0,1,1,2
473565,0,1,1,2
473566,0,1,1,2
473588,1,0,2,1
473621,0,1,1,2
473655,1,0,2,1
473658,1,0,2,1
473662,1,0,2,1
473669,1,0,2,1
473680,1,0,2,1
473687,1,0,2,1
473762,6,0,7,1
473778,0,6,1,7
473787,1,0,2,1
473790,1,0,2,1
473796,1,0,2,1
473803,1,0,2,1
473806,1,0,2,1
473817,1,0,2,1
473836,1,0,2,1
473855,1,0,2,1
473856,1,0,2,1
473857,1,0,2,1
473921,0,1,1,2
473925,0,1,1,2
473926,0,1,1,2
473941,0,1,1,2
473943,0,1,1,2
473944,0,1,1,2
473967,1,0,2,1
473968,1,0,2,1
474014,1,0,2,1
474039,1,0,2,1
474040,1,0,2,1
474055,1,0,2,1
474062,1,0,2,1
474066,1,0,2,1
474067,1,0,2,1
474140,6,0,7,1
474168,1,0,2,1
474170,1,0,2,1
474171,1,0,2,1
474174,1,0,2,1
474178,1,0,2,1
474183,1,0,2,1
474232,1,0,2,1
474257,1,0,2,1
474264,0,1,1,2
474266,0,1,1,2
474368,0,1,1,2
474372,0,1,1,2
474377,0,1,1,2
474386,1,0,2,1
474389,1,0,2,1
474404,1,0,2,1
474424,1,0,2,1
474426,1,0,2,1
474431,1,0,2,1
474522,1,0,2,1
474523,1,0,2,1
474524,1,0,2,1
474530,1,0,2,1
474539,1,0,2,1
474540,1,0,2,1
474546,1,0,2,1
474589,1,0,2,1
474609,1,0,2,1
474612,0,1,1,2
474623,0,1,1,2
474624,0,1,1,2
474629,0,1,1,2
474666,0,1,1,2
474669,0,1,1,2
474737,1,0,2,1
474738,1,0,2,1
474739,1,0,2,1
474740,1,0,2,1
474778,1,0,2,1
474781,1,0,2,1
474783,1,0,2,1
474785,1,0,2,1
474868,1,0,2,1
474871,1,0,2,1
474872,1,0,2,1
474881,1,0,2,1
474906,1,0,2,1
474908,1,0,2,1
474914,1,0,2,1
474960,1,0,2,1
474961,1,0,2,1
474981,0,1,1,2
475005,0,1,1,2
475006,0,1,1,2
475056,0,1,1,2
475058,0,1,1,2
475072,1,0,2,1
475106,1,0,2,1
475118,1,0,2,1
475121,1,0,2,1
475152,0,6,1,7
475210,1,0,2,1
475213,1,0,2,1
475228,1,0,2,1
475231,1,0,2,1
475237,1,0,2,1
475248,1,0,2,1
475296,1,0,2,1
475312,0,1,1,2
475334,0,1,1,2
475336,0,1,1,2
475386,0,1,1,2
475388,0,1,1,2
475389,0,1,1,2
475393,0,1,1,2
475394,0,1,1,2
475400,0,1,1,2
475424,1,0,2,1
475436,1,0,2,1
475449,1,0,2,1
475456,1,0,2,1
475485,0,6,1,7
475537,1,0,2,1
475538,1,0,2,1
475541,1,0,2,1
475545,1,0,2,1
475546,1,0,2,1
475549,1,0,2,1
475558,1,0,2,1
475560,1,0,2,1
475562,1,0,2,1
475574,1,0,2,1
475577,1,0,2,1
475666,0,1,1,2
475716,0,1,1,2
475717,0,1,1,2
475718,0,1,1,2
475770,1,0,2,1
475771,1,0,2,1
475774,1,0,2,1
475777,1,0,2,1
475811,0,6,1,7
475871,1,0,2,1
475873,1,0,2,1
475874,1,0,2,1
475875,1,0,2,1
475877,1,0,2,1
475882,1,0,2,1
475889,1,0,2,1
475891,1,0,2,1
475899,1,0,2,1
475946,1,0,2,1
475962,0,1,1,2
475991,0,1,1,2
476041,0,1,1,2
476082,1,0,2,1
476100,1,0,2,1
476104,1,0,2,1
476107,1,0,2,1
476108,1,0,2,1
476129,0,6,1,7
476186,1,0,2,1
476187,1,0,2,1
476191,1,0,2,1
476195,1,0,2,1
476197,1,0,2,1
476204,1,0,2,1
476228,1,0,2,1
476230,1,0,2,1
476258,1,0,2,1
476303,0,1,1,2
476351,0,1,1,2
476359,0,1,1,2
476405,1,0,2,1
476408,1,0,2,1
476414,1,0,2,1
476431,0,6,1,7
476433,0,6,1,7
476434,0,6,1,7
476473,1,0,2,1
476479,1,0,2,1
476481,1,0,2,1
476483,1,0,2,1
476494,1,0,2,1
476495,1,0,2,1
476502,1,0,2,1
476529,1,0,2,1
476562,1,0,2,1
476566,0,1,1,2
476574,1,0,2,1
476647,0,1,1,2
476648,0,1,1,2
476654,0,1,1,2
476733,0,6,1,7
476766,6,0,7,1
476770,1,0,2,1
476773,1,0,2,1
476780,1,0,2,1
476782,1,0,2,1
476783,1,0,2,1
476791,1,0,2,1
476792,1,0,2,1
476795,1,0,2,1
476796,1,0,2,1
476803,1,0,2,1
476825,1,0,2,1
476848,0,1,1,2
476849,0,1,1,2
476899,0,1,1,2
476945,0,1,1,2
476986,1,0,2,1
476990,1,0,2,1
476996,1,0,2,1
476999,1,0,2,1
477029,0,6,1,7
477036,0,6,1,7
477067,1,0,2,1
477069,1,0,2,1
477078,1,0,2,1
477090,1,0,2,1
477093,1,0,2,1
477100,1,0,2,1
477148,0,1,1,2
477149,0,1,1,2
477162,1,0,2,1
477165,0,1,1,2
477176,1,0,2,1
477241,0,1,1,2
477242,0,1,1,2
477281,1,0,2,1
477292,1,0,2,1
477293,1,0,2,1
477307,1,0,2,1
477309,1,0,2,1
477310,1,0,2,1
477311,1,0,2,1
477326,0,6,1,7
477328,0,6,1,7
477334,0,6,1,7
477362,1,0,2,1
477364,1,0,2,1
477368,1,0,2,1
477373,1,0,2,1
477375,1,0,2,1
477381,1,0,2,1
477382,1,0,2,1
477386,1,0,2,1
477395,1,0,2,1
477420,1,0,2,1
477453,1,0,2,1
477455,1,0,2,1
477477,1,0,2,1
477536,0,1,1,2
477590,1,0,2,1
477601,1,0,2,1
477602,1,0,2,1
477603,1,0,2,1
477651,1,0,2,1
477663,1,0,2,1
477666,1,0,2,1
477668,1,0,2,1
477669,1,0,2,1
477673,1,0,2,1
477680,1,0,2,1
477682,1,0,2,1
477723,1,0,2,1
477724,1,0,2,1
477742,1,0,2,1
477746,1,0,2,1
477748,1,0,2,1
477768,1,0,2,1
477784,0,1,1,2
477827,0,1,1,2
477863,1,0,2,1
477886,1,0,2,1
477890,1,0,2,1
477893,1,0,2,1
477907,0,6,1,7
477912,0,6,1,7
477914,0,6,1,7
477923,0,6,1,7
477942,1,0,2,1
477949,1,0,2,1
477957,1,0,2,1
477958,1,0,2,1
477965,1,0,2,1
477970,1,0,2,1
478035,1,0,2,1
478036,1,0,2,1
478056,1,0,2,1
478071,1,0,2,1
478114,0,1,1,2
478118,0,1,1,2
478180,1,0,2,1
478197,0,6,1,7
478200,0,6,1,7
478201,0,6,1,7
478203,0,6,1,7
478204,0,6,1,7
478205,0,6,1,7
478207,0,6,1,7
478226,1,0,2,1
478228,1,0,2,1
478235,1,0,2,1
478242,1,0,2,1
478263,1,0,2,1
478264,1,0,2,1
478283,0,1,1,2
478286,1,0,2,1
478289,1,0,2,1
478296,1,0,2,1
478298,1,0,2,1
478318,1,0,2,1
478353,1,0,2,1
478394,0,1,1,2
478395,0,1,1,2
478422,1,0,2,1
478427,1,0,2,1
478429,1,0,2,1
478436,1,0,2,1
478440,1,0,2,1
478441,1,0,2,1
478442,1,0,2,1
478445,1,0,2,1
478470,6,0,7,1
478471,6,0,7,1
478473,6,0,7,1
478475,6,0,7,1
478484,0,6,1,7
478509,1,0,2,1
478516,1,0,2,1
478518,1,0,2,1
478520,1,0,2,1
478528,1,0,2,1
478540,1,0,2,1
478577,1,0,2,1
478578,1,0,2,1
478607,1,0,2,1
478619,0,1,1,2
478705,1,0,2,1
478706,1,0,2,1
478707,1,0,2,1
478713,1,0,2,1
478714,1,0,2,1
478756,0,6,1,7
478779,1,0,2,1
478780,1,0,2,1
478783,1,0,2,1
478789,1,0,2,1
478803,1,0,2,1
478807,1,0,2,1
478808,1,0,2,1
478813,1,0,2,1
478838,0,1,1,2
478849,1,0,2,1
478889,0,1,1,2
478893,1,0,2,1
478965,1,0,2,1
478967,1,0,2,1
478971,1,0,2,1
479007,1,0,2,1
479014,6,0,7,1
479015,6,0,7,1
479018,6,0,7,1
479019,6,0,7,1
479042,1,0,2,1
479043,1,0,2,1
479045,1,0,2,1
479046,1,0,2,1
479048,1,0,2,1
479055,1,0,2,1
479069,1,0,2,1
479115,1,0,2,1
479116,1,0,2,1
479149,1,0,2,1
479235,1,0,2,1
479241,1,0,2,1
479245,1,0,2,1
479256,1,0,2,1
479280,6,0,7,1
479309,1,0,2,1
479314,1,0,2,1
479319,1,0,2,1
479326,1,0,2,1
479331,1,0,2,1
479335,1,0,2,1
479336,1,0,2,1
479337,1,0,2,1
479339,1,0,2,1
479349,1,0,2,1
479353,1,0,2,1
479388,1,0,2,1
479402,0,1,1,2
479409,0,1,1,2
479431,0,1,1,2
479432,0,1,1,2
479506,1,0,2,1
479521,1,0,2,1
479523,1,0,2,1
479554,0,6,1,7
479579,1,0,2,1
479580,1,0,2,1
479583,1,0,2,1
479587,1,0,2,1
479588,1,0,2,1
479590,1,0,2,1
479600,1,0,2,1
479601,1,0,2,1
479603,1,0,2,1
479608,1,0,2,1
479615,1,0,2,1
479621,1,0,2,1
479622,1,0,2,1
479678,0,1,1,2
479746,0,1,1,2
479748,0,1,1,2
479768,1,0,2,1
479770,1,0,2,1
479771,1,0,2,1
479773,1,0,2,1
479848,1,0,2,1
479868,1,0,2,1
479871,1,0,2,1
479883,1,0,2,1
479889,1,0,2,1
479890,1,0,2,1
479927,1,0,2,1
479928,1,0,2,1
479948,1,0,2,1
479992,1,0,2,1
480019,0,1,1,2
480054,1,0,2,1
480057,1,0,2,1
480142,1,0,2,1
480145,1,0,2,1
480155,1,0,2,1
480163,1,0,2,1
480269,1,0,2,1
480305,1,0,2,1
480321,1,0,2,1
480322,1,0,2,1
480323,1,0,2,1
480329,1,0,2,1
480337,1,0,2,1
480340,1,0,2,1
480423,1,0,2,1
480424,1,0,2,1
480437,1,0,2,1
480485,1,0,2,1
480506,1,0,2,1
480508,1,0,2,1
480521,1,0,2,1
480522,1,0,2,1
480552,1,0,2,1
480609,1,0,2,1
480653,0,6,1,7
480654,0,6,1,7
480656,0,6,1,7
480704,1,0,2,1
480711,1,0,2,1
480723,1,0,2,1
480777,1,0,2,1
480788,1,0,2,1
480864,1,0,2,1
480876,1,0,2,1
480877,1,0,2,1
480885,1,0,2,1
480887,1,0,2,1
480895,1,0,2,1
480979,1,0,2,1
480981,1,0,2,1
480983,1,0,2,1
481027,0,1,1,2
481035,1,0,2,1
481047,1,0,2,1
481063,1,0,2,1
481150,1,0,2,1
481162,1,0,2,1
481164,1,0,2,1
481170,1,0,2,1
481243,1,0,2,1
481244,1,0,2,1
481249,1,0,2,1
481253,1,0,2,1
481254,1,0,2,1
481260,1,0,2,1
481264,1,0,2,1
481302,1,0,2,1
481303,1,0,2,1
481308,0,1,1,2
481326,1,0,2,1
481327,1,0,2,1
481415,1,0,2,1
481417,1,0,2,1
481419,1,0,2,1
481424,1,0,2,1
481432,1,0,2,1
481441,1,0,2,1
481442,1,0,2,1
481505,1,0,2,1
481508,1,0,2,1
481509,1,0,2,1
481527,1,0,2,1
481554,0,1,1,2
481566,1,0,2,1
481571,0,1,1,2
481574,0,1,1,2
481697,1,0,2,1
481706,1,0,2,1
481707,1,0,2,1
481708,1,0,2,1
481772,1,0,2,1
481774,1,0,2,1
481775,1,0,2,1
481781,1,0,2,1
481821,0,1,1,2
481833,0,1,1,2
481834,0,1,1,2
481836,0,1,1,2
481853,1,0,2,1
481863,1,0,2,1
481874,0,1,1,2
481966,1,0,2,1
481979,1,0,2,1
482063,1,0,2,1
482069,1,0,2,1
482122,1,0,2,1
482124,1,0,2,1
482128,0,1,1,2
482129,0,1,1,2
482149,1,0,2,1
482165,0,1,1,2
482166,0,1,1,2
482190,1,0,2,1
482283,1,0,2,1
482284,1,0,2,1
482392,1,0,2,1
482394,1,0,2,1
482461,1,0,2,1
482465,1,0,2,1
482466,1,0,2,1
482592,1,0,2,1
482602,1,0,2,1
482707,1,0,2,1
482720,1,0,2,1
482760,1,0,2,1
482787,1,0,2,1
483044,1,0,2,1
483087,1,0,2,1
483114,1,0,2,1
483159,1,0,2,1
483160,1,0,2,1
483161,1,0,2,1
483255,1,0,2,1
483284,0,6,1,7
483351,0,1,1,2
483375,1,0,2,1
483494,1,0,2,1
483585,1,0,2,1
483589,1,0,2,1
483698,1,0,2,1
483699,1,0,2,1
483819,1,0,2,1
483825,1,0,2,1
483827,1,0,2,1
483903,1,0,2,1
483913,1,0,2,1
483915,1,0,2,1
484019,1,0,2,1
484073,0,1,1,2
484128,0,1,1,2
484225,1,0,2,1
484230,1,0,2,1
484235,1,0,2,1
484238,1,0,2,1
484268,0,6,1,7
484274,6,0,7,1
484466,1,0,2,1
484542,1,0,2,1
484557,1,0,2,1
484776,1,0,2,1
484783,1,0,2,1
484972,1,0,2,1
484974,1,0,2,1
484975,1,0,2,1
485005,0,1,1,2
485088,1,0,2,1
485162,1,0,2,1
485166,1,0,2,1
485183,1,0,2,1
485201,1,0,2,1
485205,1,0,2,1
485248,6,1,7,2
485288,1,0,2,1
485289,1,0,2,1
485401,1,0,2,1
485403,1,0,2,1
485404,1,0,2,1
485407,1,0,2,1
485415,0,1,1,2
485483,1,0,2,1
485492,1,0,2,1
485500,1,0,2,1
485515,1,0,2,1
485519,1,0,2,1
485568,6,1,7,2
485629,1,0,2,1
485720,0,1,1,2
485724,1,0,2,1
485733,0,1,1,2
485738,1,0,2,1
485797,1,0,2,1
485803,1,0,2,1
485804,1,0,2,1
485805,1,0,2,1
485826,1,0,2,1
485834,1,0,2,1
485838,1,0,2,1
485839,1,0,2,1
485840,1,0,2,1
485844,1,0,2,1
485845,1,0,2,1
485847,1,0,2,1
485851,1,0,2,1
485885,6,1,7,2
485916,0,1,1,2
485918,0,1,1,2
485919,0,1,1,2
485932,0,1,1,2
485933,0,1,1,2
485951,0,1,1,2
485978,1,0,2,1
486062,0,1,1,2
486066,1,0,2,1
486067,1,0,2,1
486069,1,0,2,1
486076,0,1,1,2
486141,1,0,2,1
486151,1,0,2,1
486157,1,0,2,1
486169,1,0,2,1
486172,1,0,2,1
486173,1,0,2,1
486179,1,0,2,1
486185,1,0,2,1
486189,1,0,2,1
486194,1,6,2,7
486224,1,0,2,1
486225,1,0,2,1
486251,0,1,1,2
486281,0,1,1,2
486282,0,1,1,2
486285,0,1,1,2
486414,1,0,2,1
486422,0,1,1,2
486425,0,1,1,2
486485,1,0,2,1
486491,1,0,2,1
486509,1,0,2,1
486513,1,0,2,1
486516,1,0,2,1
486521,1,0,2,1
486526,1,0,2,1
486537,1,6,2,7
486562,1,0,2,1
486592,0,1,1,2
486596,0,1,1,2
486600,0,1,1,2
486612,0,1,1,2
486623,0,1,1,2
486630,0,1,1,2
486636,0,1,1,2
486637,0,1,1,2
486655,0,1,1,2
486671,0,1,1,2
486775,0,1,1,2
486779,1,0,2,1
486784,1,0,2,1
486796,0,1,1,2
486849,1,0,2,1
486852,1,0,2,1
486853,1,0,2,1
486856,1,0,2,1
486876,1,0,2,1
486880,1,0,2,1
486881,1,0,2,1
486888,1,0,2,1
486928,1,0,2,1
486933,1,0,2,1
486970,0,1,1,2
486983,0,1,1,2
486992,0,1,1,2
486994,0,1,1,2
486996,0,1,1,2
486999,0,1,1,2
487001,0,1,1,2
487004,0,1,1,2
487009,0,1,1,2
487016,0,1,1,2
487020,0,1,1,2
487025,0,1,1,2
487033,0,1,1,2
487046,0,1,1,2
487047,0,1,1,2
487062,0,1,1,2
487066,0,1,1,2
487072,1,0,2,1
487091,1,0,2,1
487174,1,0,2,1
487179,0,1,1,2
487181,0,1,1,2
487264,1,0,2,1
487273,1,0,2,1
487288,1,0,2,1
487293,1,0,2,1
487383,0,1,1,2
487384,0,1,1,2
487390,0,1,1,2
487395,0,1,1,2
487396,0,1,1,2
487400,0,1,1,2
487402,0,1,1,2
487414,0,1,1,2
487415,0,1,1,2
487416,0,1,1,2
487417,0,1,1,2
487422,0,1,1,2
487423,0,1,1,2
487427,0,1,1,2
487442,0,1,1,2
487484,1,0,2,1
487487,1,0,2,1
487564,0,1,1,2
487570,0,1,1,2
487634,1,0,2,1
487636,1,0,2,1
487662,0,1,1,2
487664,0,1,1,2
487703,1,0,2,1
487705,1,0,2,1
487733,0,1,1,2
487736,0,1,1,2
487737,0,1,1,2
487738,0,1,1,2
487747,0,1,1,2
487760,0,1,1,2
487768,0,1,1,2
487781,0,1,1,2
487786,0,1,1,2
487787,0,1,1,2
487793,0,1,1,2
487794,0,1,1,2
487796,0,1,1,2
487801,0,1,1,2
487805,0,1,1,2
487810,0,1,1,2
487822,0,1,1,2
487829,0,1,1,2
487854,1,0,2,1
487865,1,0,2,1
487867,1,0,2,1
487878,1,0,2,1
487947,0,1,1,2
488006,1,0,2,1
488010,1,0,2,1
488012,1,0,2,1
488031,1,0,2,1
488032,1,0,2,1
488041,0,1,1,2
488045,0,1,1,2
488046,0,1,1,2
488047,0,1,1,2
488058,6,1,7,2
488060,6,1,7,2
488083,1,6,2,7
488086,6,0,7,1
488111,0,1,1,2
488118,0,1,1,2
488134,0,1,1,2
488135,0,1,1,2
488173,0,1,1,2
488174,0,1,1,2
488183,0,1,1,2
488185,0,1,1,2
488186,0,1,1,2
488193,0,1,1,2
488197,0,1,1,2
488199,0,1,1,2
488203,0,1,1,2
488213,0,1,1,2
488215,0,1,1,2
488216,0,1,1,2
488238,1,0,2,1
488239,1,0,2,1
488258,1,0,2,1
488263,1,0,2,1
488265,1,0,2,1
488331,0,1,1,2
488393,1,0,2,1
488400,1,0,2,1
488412,1,0,2,1
488425,0,1,1,2
488428,0,1,1,2
488440,1,0,2,1
488476,6,0,7,1
488478,6,0,7,1
488479,6,0,7,1
488480,6,0,7,1
488515,0,1,1,2
488528,0,1,1,2
488529,0,1,1,2
488531,0,1,1,2
488555,0,1,1,2
488578,0,1,1,2
488585,0,1,1,2
488598,0,1,1,2
488602,0,1,1,2
488616,0,1,1,2
488617,0,1,1,2
488618,0,1,1,2
488637,1,0,2,1
488648,1,0,2,1
488649,1,0,2,1
488652,1,0,2,1
488661,1,0,2,1
488665,1,0,2,1
488805,1,0,2,1
488812,0,1,1,2
488830,1,0,2,1
488831,1,0,2,1
488862,6,0,7,1
488864,6,0,7,1
488865,6,0,7,1
488866,6,0,7,1
488887,0,1,1,2
488888,0,1,1,2
488889,0,1,1,2
488924,0,1,1,2
488945,0,1,1,2
488958,0,1,1,2
488960,0,1,1,2
488961,0,1,1,2
488962,0,1,1,2
488963,0,1,1,2
488971,0,1,1,2
488982,0,1,1,2
488983,0,1,1,2
488994,0,1,1,2
488996,0,1,1,2
488998,0,1,1,2
489004,0,1,1,2
489028,1,0,2,1
489039,1,0,2,1
489040,1,0,2,1
489051,1,0,2,1
489052,1,0,2,1
489106,1,0,2,1
489194,0,1,1,2
489195,0,1,1,2
489245,6,0,7,1
489268,0,1,1,2
489271,0,1,1,2
489296,0,1,1,2
489303,0,1,1,2
489305,0,1,1,2
489310,0,1,1,2
489314,0,1,1,2
489373,0,1,1,2
489383,0,1,1,2
489413,1,0,2,1
489428,1,0,2,1
489436,1,0,2,1
489578,0,1,1,2
489581,0,1,1,2
489582,0,1,1,2
489597,1,0,2,1
489637,1,0,2,1
489638,1,0,2,1
489659,0,1,1,2
489662,0,1,1,2
489685,0,1,1,2
489695,0,1,1,2
489700,0,1,1,2
489704,0,1,1,2
489730,0,1,1,2
489758,0,1,1,2
489760,0,1,1,2
489763,0,1,1,2
489769,0,1,1,2
489777,0,1,1,2
489780,0,1,1,2
489781,0,1,1,2
489782,0,1,1,2
489802,1,0,2,1
489808,1,0,2,1
489810,1,0,2,1
489816,1,0,2,1
489818,1,0,2,1
489819,1,0,2,1
489820,1,0,2,1
489823,1,0,2,1
489852,0,1,1,2
489969,0,1,1,2
489973,0,1,1,2
489974,0,1,1,2
490032,1,0,2,1
490035,1,0,2,1
490037,1,0,2,1
490054,0,1,1,2
490057,0,1,1,2
490064,0,1,1,2
490083,0,1,1,2
490100,0,1,1,2
490130,0,1,1,2
490131,0,1,1,2
490154,0,1,1,2
490157,0,1,1,2
490160,0,1,1,2
490170,0,1,1,2
490175,0,1,1,2
490203,1,0,2,1
490209,1,0,2,1
490211,1,0,2,1
490214,1,0,2,1
490215,1,0,2,1
490218,1,0,2,1
490291,1,0,2,1
490359,0,1,1,2
490380,0,1,1,2
490439,1,0,2,1
490441,1,0,2,1
490502,0,1,1,2
490503,0,1,1,2
490505,0,1,1,2
490506,0,1,1,2
490536,0,1,1,2
490584,0,1,1,2
490586,0,1,1,2
490587,0,1,1,2
490589,0,1,1,2
490612,1,0,2,1
490618,1,0,2,1
490626,1,0,2,1
490627,1,0,2,1
490630,1,0,2,1
490635,1,0,2,1
490692,1,0,2,1
490711,1,0,2,1
490736,0,1,1,2
490770,0,1,1,2
490867,0,1,1,2
490894,0,1,1,2
490900,0,1,1,2
490906,0,1,1,2
490916,0,1,1,2
490919,0,1,1,2
490940,0,1,1,2
490943,0,1,1,2
490945,0,1,1,2
490946,0,1,1,2
490988,0,1,1,2
490991,0,1,1,2
491017,1,0,2,1
491019,1,0,2,1
491022,1,0,2,1
491023,1,0,2,1
491027,1,0,2,1
491036,1,0,2,1
491106,1,0,2,1
491143,0,1,1,2
491146,0,1,1,2
491198,0,1,1,2
491222,1,6,2,7
491254,1,0,2,1
491275,0,1,1,2
491300,0,1,1,2
491301,0,1,1,2
491303,0,1,1,2
491304,0,1,1,2
491312,0,1,1,2
491315,0,1,1,2
491329,0,1,1,2
491330,0,1,1,2
491334,0,1,1,2
491338,0,1,1,2
491410,0,1,1,2
491414,0,1,1,2
491421,0,1,1,2
491453,1,0,2,1
491454,1,0,2,1
491459,1,0,2,1
491460,1,0,2,1
491462,1,0,2,1
491467,1,0,2,1
491468,1,0,2,1
491481,1,0,2,1
491529,0,1,1,2
491537,1,0,2,1
491539,1,0,2,1
491610,0,1,1,2
491629,0,1,1,2
491678,1,6,2,7
491680,1,0,2,1
491684,1,0,2,1
491693,0,1,1,2
491701,0,1,1,2
491724,0,1,1,2
491731,0,1,1,2
491736,0,1,1,2
491756,0,1,1,2
491761,0,1,1,2
491767,0,1,1,2
491768,0,1,1,2
491835,0,1,1,2
491845,0,1,1,2
491846,0,1,1,2
491849,0,1,1,2
491893,1,0,2,1
491894,1,0,2,1
491895,1,0,2,1
491899,1,0,2,1
491911,0,1,1,2
491962,1,0,2,1
491967,1,0,2,1
491970,1,0,2,1
492045,0,1,1,2
492046,0,1,1,2
492080,1,6,2,7
492110,1,0,2,1
492123,0,1,1,2
492125,0,1,1,2
492166,0,1,1,2
492172,0,1,1,2
492175,0,1,1,2
492177,0,1,1,2
492186,0,1,1,2
492194,0,1,1,2
492236,0,1,1,2
492239,0,1,1,2
492240,0,1,1,2
492278,0,1,1,2
492294,0,1,1,2
492319,1,0,2,1
492321,1,0,2,1
492324,1,0,2,1
492329,1,0,2,1
492336,1,0,2,1
492339,1,0,2,1
492433,1,0,2,1
492448,0,1,1,2
492479,0,1,1,2
492494,0,1,1,2
492513,1,6,2,7
492536,6,0,7,1
492542,1,0,2,1
492549,1,0,2,1
492554,0,1,1,2
492593,0,1,1,2
492609,0,1,1,2
492613,0,1,1,2
492621,0,1,1,2
492632,0,1,1,2
492651,1,0,2,1
492709,0,1,1,2
492710,0,1,1,2
492724,0,1,1,2
492726,0,1,1,2
492730,0,1,1,2
492754,1,0,2,1
492755,1,0,2,1
492758,1,0,2,1
492761,1,0,2,1
492763,1,0,2,1
492825,1,0,2,1
492835,1,0,2,1
492889,0,1,1,2
492914,0,1,1,2
492919,0,1,1,2
492921,0,1,1,2
492949,1,6,2,7
492987,1,0,2,1
493032,0,1,1,2
493033,0,1,1,2
493038,0,1,1,2
493039,0,1,1,2
493040,0,1,1,2
493044,0,1,1,2
493052,0,1,1,2
493074,0,1,1,2
493075,0,1,1,2
493077,0,1,1,2
493166,0,1,1,2
493174,0,1,1,2
493175,0,1,1,2
493178,0,1,1,2
493203,1,0,2,1
493219,1,0,2,1
493220,1,0,2,1
493270,1,0,2,1
493292,1,0,2,1
493326,1,0,2,1
493331,1,0,2,1
493375,0,1,1,2
493383,0,1,1,2
493399,1,6,2,7
493429,0,6,1,7
493481,0,1,1,2
493482,0,1,1,2
493487,0,1,1,2
493489,0,1,1,2
493491,0,1,1,2
493494,0,1,1,2
493495,0,1,1,2
493503,0,1,1,2
493505,0,1,1,2
493536,0,1,1,2
493603,0,1,1,2
493614,0,1,1,2
493619,0,1,1,2
493621,0,1,1,2
493625,0,1,1,2
493626,0,1,1,2
493665,1,0,2,1
493715,1,0,2,1
493726,1,0,2,1
493728,1,0,2,1
493731,1,0,2,1
493737,1,0,2,1
493738,1,0,2,1
493775,1,0,2,1
493792,0,1,1,2
493829,0,1,1,2
493834,0,1,1,2
493848,1,0,2,1
493854,1,6,2,7
493931,0,1,1,2
493938,0,1,1,2
493939,0,1,1,2
493943,0,1,1,2
493949,0,1,1,2
493952,0,1,1,2
493973,0,1,1,2
493974,0,1,1,2
493976,0,1,1,2
494051,0,1,1,2
494062,0,1,1,2
494064,0,1,1,2
494065,0,1,1,2
494073,0,1,1,2
494074,0,1,1,2
494077,0,1,1,2
494087,0,1,1,2
494121,1,0,2,1
494123,1,0,2,1
494177,1,0,2,1
494187,1,0,2,1
494192,1,0,2,1
494201,1,0,2,1
494205,1,0,2,1
494211,1,0,2,1
494243,1,0,2,1
494244,1,0,2,1
494261,0,1,1,2
494298,0,1,1,2
494299,0,1,1,2
494319,1,0,2,1
494325,1,6,2,7
494396,0,1,1,2
494404,0,1,1,2
494407,0,1,1,2
494413,0,1,1,2
494419,0,1,1,2
494423,0,1,1,2
494438,0,1,1,2
494439,0,1,1,2
494441,0,1,1,2
494443,0,1,1,2
494458,0,1,1,2
494459,0,1,1,2
494460,0,1,1,2
494479,0,1,1,2
494518,0,1,1,2
494530,0,1,1,2
494533,0,1,1,2
494536,0,1,1,2
494540,0,1,1,2
494596,1,0,2,1
494601,1,0,2,1
494606,0,1,1,2
494652,1,0,2,1
494656,1,0,2,1
494671,1,0,2,1
494695,1,0,2,1
494721,1,0,2,1
494738,0,1,1,2
494744,0,1,1,2
494746,0,1,1,2
494778,0,1,1,2
494784,0,1,1,2
494880,0,1,1,2
494881,0,1,1,2
494886,0,1,1,2
494896,0,1,1,2
494917,0,1,1,2
494930,0,1,1,2
494931,0,1,1,2
494936,0,1,1,2
494957,0,1,1,2
494986,1,0,2,1
494987,1,0,2,1
494990,1,0,2,1
495003,0,1,1,2
495006,0,1,1,2
495013,0,1,1,2
495016,0,1,1,2
495021,0,1,1,2
495044,0,1,1,2
495048,0,1,1,2
495049,0,1,1,2
495098,0,1,1,2
495099,0,1,1,2
495101,0,1,1,2
495149,1,0,2,1
495159,1,0,2,1
495161,1,0,2,1
495179,1,0,2,1
495218,1,0,2,1
495221,1,0,2,1
495230,1,0,2,1
495237,0,1,1,2
495276,0,1,1,2
495283,0,1,1,2
495295,1,0,2,1
495314,0,6,1,7
495368,0,1,1,2
495372,0,1,1,2
495377,0,1,1,2
495382,0,1,1,2
495429,0,1,1,2
495478,0,1,1,2
495479,0,1,1,2
495480,0,1,1,2
495481,0,1,1,2
495482,0,1,1,2
495499,0,1,1,2
495507,0,1,1,2
495508,0,1,1,2
495511,0,1,1,2
495517,0,1,1,2
495520,0,1,1,2
495522,0,1,1,2
495524,0,1,1,2
495549,0,1,1,2
495557,0,1,1,2
495638,1,0,2,1
495642,1,0,2,1
495646,1,0,2,1
495653,1,0,2,1
495666,1,0,2,1
495671,1,0,2,1
495673,1,0,2,1
495674,1,0,2,1
495684,1,0,2,1
495689,1,0,2,1
495727,1,0,2,1
495744,0,1,1,2
495745,0,1,1,2
495775,0,1,1,2
495828,6,0,7,1
495867,0,1,1,2
495869,0,1,1,2
495875,0,1,1,2
495884,0,1,1,2
495885,0,1,1,2
495886,0,1,1,2
495893,0,1,1,2
495911,1,0,2,1
495912,0,1,1,2
495915,0,1,1,2
495931,0,1,1,2
495932,0,1,1,2
495978,0,1,1,2
495989,0,1,1,2
495993,0,1,1,2
496003,0,1,1,2
496010,0,1,1,2
496013,0,1,1,2
496018,0,1,1,2
496048,0,1,1,2
496050,0,1,1,2
496053,0,1,1,2
496057,0,1,1,2
496064,0,1,1,2
496099,0,1,1,2
496137,1,0,2,1
496139,1,0,2,1
496141,1,0,2,1
496143,1,0,2,1
496155,1,0,2,1
496158,1,0,2,1
496160,1,0,2,1
496174,1,0,2,1
496190,1,0,2,1
496196,1,0,2,1
496241,1,0,2,1
496254,0,1,1,2
496259,0,1,1,2
496274,0,1,1,2
496283,0,1,1,2
496284,0,1,1,2
496285,0,1,1,2
496288,0,1,1,2
496292,0,1,1,2
496310,6,0,7,1
496329,0,6,1,7
496344,6,0,7,1
496408,0,1,1,2
496416,0,1,1,2
496431,0,1,1,2
496432,0,1,1,2
496456,0,1,1,2
496461,0,1,1,2
496462,0,1,1,2
496464,0,1,1,2
496527,0,1,1,2
496535,0,1,1,2
496569,0,1,1,2
496570,0,1,1,2
496573,0,1,1,2
496576,0,1,1,2
496579,0,1,1,2
496581,0,1,1,2
496594,0,1,1,2
496713,1,0,2,1
496714,1,0,2,1
496720,1,0,2,1
496772,0,1,1,2
496773,0,1,1,2
496781,0,1,1,2
496798,0,1,1,2
496800,0,1,1,2
496805,0,1,1,2
496807,0,1,1,2
496809,0,1,1,2
496813,0,1,1,2
496874,6,0,7,1
496930,0,1,1,2
496931,0,1,1,2
496948,0,1,1,2
496955,0,1,1,2
496959,1,0,2,1
496961,0,1,1,2
496976,0,1,1,2
496980,0,1,1,2
497003,0,1,1,2
497008,0,1,1,2
497058,0,1,1,2
497072,0,1,1,2
497074,0,1,1,2
497077,0,1,1,2
497078,0,1,1,2
497085,0,1,1,2
497088,0,1,1,2
497091,0,1,1,2
497092,0,1,1,2
497096,0,1,1,2
497122,0,1,1,2
497132,0,1,1,2
497135,0,1,1,2
497138,0,1,1,2
497197,1,0,2,1
497198,1,0,2,1
497204,1,0,2,1
497214,1,0,2,1
497228,0,1,1,2
497230,0,1,1,2
497238,1,0,2,1
497264,1,0,2,1
497267,1,0,2,1
497270,1,0,2,1
497273,1,0,2,1
497308,1,0,2,1
497323,0,1,1,2
497325,0,1,1,2
497329,0,1,1,2
497347,0,1,1,2
497348,0,1,1,2
497358,0,1,1,2
497405,6,0,7,1
497406,6,0,7,1
497407,0,6,1,7
497413,6,0,7,1
497446,0,1,1,2
497447,0,1,1,2
497448,0,1,1,2
497474,0,1,1,2
497476,0,1,1,2
497478,0,1,1,2
497528,0,1,1,2
497552,0,1,1,2
497554,0,1,1,2
497555,0,1,1,2
497559,0,1,1,2
497563,0,1,1,2
497564,0,1,1,2
497606,0,1,1,2
497614,0,1,1,2
497615,0,1,1,2
497620,0,1,1,2
497621,0,1,1,2
497623,0,1,1,2
497634,0,1,1,2
497639,0,1,1,2
497640,0,1,1,2
497643,0,1,1,2
497668,0,1,1,2
497675,0,1,1,2
497685,0,1,1,2
497686,0,1,1,2
497693,0,1,1,2
497694,0,1,1,2
497695,0,1,1,2
497737,1,0,2,1
497743,1,0,2,1
497757,1,0,2,1
497760,1,0,2,1
497771,0,1,1,2
497785,1,0,2,1
497817,1,0,2,1
497823,1,0,2,1
497827,1,0,2,1
497857,1,0,2,1
497874,0,1,1,2
497902,0,1,1,2
497963,6,0,7,1
497973,6,0,7,1
497978,6,0,7,1
497995,0,1,1,2
498029,0,1,1,2
498060,1,0,2,1
498084,0,1,1,2
498089,0,1,1,2
498106,0,1,1,2
498110,0,1,1,2
498111,0,1,1,2
498117,0,1,1,2
498120,0,1,1,2
498145,1,0,2,1
498159,0,1,1,2
498168,0,1,1,2
498170,0,1,1,2
498172,0,1,1,2
498176,0,1,1,2
498178,0,1,1,2
498184,0,1,1,2
498186,0,1,1,2
498191,0,1,1,2
498193,0,1,1,2
498229,0,1,1,2
498233,0,1,1,2
498238,0,1,1,2
498240,0,1,1,2
498246,0,1,1,2
498248,0,1,1,2
498251,0,1,1,2
498253,0,1,1,2
498254,0,1,1,2
498288,1,0,2,1
498289,1,0,2,1
498293,1,0,2,1
498295,1,0,2,1
498297,1,0,2,1
498308,1,0,2,1
498310,1,0,2,1
498323,0,1,1,2
498338,1,0,2,1
498347,1,0,2,1
498351,1,0,2,1
498353,1,0,2,1
498372,1,0,2,1
498385,1,0,2,1
498397,1,0,2,1
498398,1,0,2,1
498399,1,0,2,1
498403,1,0,2,1
498404,1,0,2,1
498409,1,0,2,1
498410,1,0,2,1
498428,0,1,1,2
498431,0,1,1,2
498463,0,1,1,2
498479,1,6,2,7
498529,6,0,7,1
498579,0,1,1,2
498633,0,1,1,2
498634,0,1,1,2
498670,0,1,1,2
498695,1,0,2,1
498718,0,1,1,2
498735,0,1,1,2
498741,0,1,1,2
498742,0,1,1,2
498743,0,1,1,2
498746,0,1,1,2
498753,0,1,1,2
498754,0,1,1,2
498788,0,1,1,2
498792,0,1,1,2
498794,0,1,1,2
498809,0,1,1,2
498811,0,1,1,2
498847,1,0,2,1
498866,1,0,2,1
498879,0,1,1,2
498891,1,0,2,1
498898,0,1,1,2
498907,1,0,2,1
498909,1,0,2,1
498921,1,0,2,1
498932,1,0,2,1
498939,1,0,2,1
498951,1,0,2,1
498961,1,0,2,1
498964,1,0,2,1
499005,0,1,1,2
499006,0,1,1,2
499012,0,1,1,2
499019,0,1,1,2
499090,6,0,7,1
499131,0,1,1,2
499166,1,0,2,1
499185,0,1,1,2
499187,0,1,1,2
499192,0,1,1,2
499207,0,1,1,2
499227,0,1,1,2
499231,0,1,1,2
499234,0,1,1,2
499274,0,1,1,2
499283,0,1,1,2
499285,0,1,1,2
499287,0,1,1,2
499290,0,1,1,2
499302,0,1,1,2
499309,0,1,1,2
499341,0,1,1,2
499344,0,1,1,2
499347,0,1,1,2
499351,0,1,1,2
499353,0,1,1,2
499356,4,1,5,2
499358,0,1,1,2
499361,0,1,1,2
499366,0,1,1,2
499374,0,1,1,2
499406,1,0,2,1
499410,1,0,2,1
499451,0,1,1,2
499477,1,0,2,1
499479,1,0,2,1
499488,1,0,2,1
499492,1,0,2,1
499502,1,0,2,1
499503,1,0,2,1
499509,1,0,2,1
499513,1,0,2,1
499522,1,0,2,1
499529,1,0,2,1
499531,1,0,2,1
499570,0,1,1,2
499655,6,0,7,1
499656,6,0,7,1
499698,0,1,1,2
499725,0,1,1,2
499726,0,1,1,2
499727,0,1,1,2
499831,0,1,1,2
499832,0,1,1,2
499846,0,1,1,2
499851,0,1,1,2
499863,0,1,1,2
499875,0,1,1,2
499877,0,1,1,2
499915,0,1,1,2
499916,0,1,1,2
499922,0,1,1,2
499924,4,1,5,2
499926,0,1,1,2
499930,0,1,1,2
499940,0,1,1,2
499941,0,1,1,2
499949,0,1,1,2
499994,1,0,2,1
500020,0,1,1,2
500065,1,0,2,1
500086,1,0,2,1
500088,1,0,2,1
500090,1,0,2,1
500103,1,0,2,1
500139,0,1,1,2
500141,0,1,1,2
500221,6,0,7,1
500222,6,0,7,1
500261,0,1,1,2
500279,1,0,2,1
500292,0,1,1,2
500299,1,0,2,1
500320,0,1,1,2
500339,0,1,1,2
500340,0,1,1,2
500364,0,1,1,2
500393,0,1,1,2
500396,0,1,1,2
500410,0,1,1,2
500413,0,1,1,2
500424,0,1,1,2
500425,0,1,1,2
500426,0,1,1,2
500428,0,1,1,2
500429,0,1,1,2
500431,0,1,1,2
500436,0,1,1,2
500437,0,1,1,2
500470,0,1,1,2
500487,4,1,5,2
500499,0,1,1,2
500502,0,1,1,2
500517,0,1,1,2
500533,1,0,2,1
500537,1,0,2,1
500538,1,0,2,1
500553,1,0,2,1
500556,1,0,2,1
500559,0,1,1,2
500580,0,1,1,2
500588,0,1,1,2
500632,1,0,2,1
500633,1,0,2,1
500638,1,0,2,1
500646,1,0,2,1
500652,1,0,2,1
500663,1,0,2,1
500679,0,1,1,2
500703,0,1,1,2
500712,1,0,2,1
500783,6,0,7,1
500823,0,1,1,2
500881,0,1,1,2
500882,0,1,1,2
500927,0,1,1,2
500938,1,0,2,1
500970,0,1,1,2
500981,0,1,1,2
500989,0,1,1,2
500990,0,1,1,2
500997,0,1,1,2
501003,0,1,1,2
501010,0,1,1,2
501046,0,1,1,2
501056,0,1,1,2
501057,0,1,1,2
501058,0,1,1,2
501070,0,1,1,2
501072,0,1,1,2
501073,0,1,1,2
501082,0,1,1,2
501106,1,0,2,1
501121,1,0,2,1
501141,0,1,1,2
501154,0,1,1,2
501156,0,1,1,2
501157,0,1,1,2
501160,1,0,2,1
501192,1,0,2,1
501200,1,0,2,1
501204,1,0,2,1
501206,1,0,2,1
501216,1,0,2,1
501244,0,1,1,2
501245,0,1,1,2
501247,0,1,1,2
501281,0,1,1,2
501348,6,0,7,1
501429,0,1,1,2
501438,0,1,1,2
501447,0,1,1,2
501492,0,1,1,2
501539,0,1,1,2
501547,0,1,1,2
501548,0,1,1,2
501559,0,1,1,2
501560,0,1,1,2
501564,0,1,1,2
501566,0,1,1,2
501608,0,1,1,2
501623,4,1,5,2
501640,0,1,1,2
501641,0,1,1,2
501646,0,1,1,2
501648,0,1,1,2
501706,0,1,1,2
501726,0,1,1,2
501728,0,1,1,2
501760,1,0,2,1
501765,1,0,2,1
501768,1,0,2,1
501769,1,0,2,1
501775,1,0,2,1
501777,1,0,2,1
501778,1,0,2,1
501779,1,0,2,1
501784,1,0,2,1
501786,1,0,2,1
501787,1,0,2,1
501805,1,0,2,1
501830,0,1,1,2
501843,0,1,1,2
501856,0,1,1,2
501897,6,0,7,1
501899,6,0,7,1
501947,0,1,1,2
501949,1,0,2,1
501991,0,1,1,2
501995,0,1,1,2
501996,0,1,1,2
502010,0,1,1,2
502011,0,1,1,2
502053,0,1,1,2
502073,0,1,1,2
502096,0,1,1,2
502097,0,1,1,2
502106,0,1,1,2
502108,0,1,1,2
502123,0,1,1,2
502138,0,1,1,2
502143,0,1,1,2
502170,0,1,1,2
502171,0,1,1,2
502173,0,1,1,2
502190,0,1,1,2
502260,0,1,1,2
502281,0,1,1,2
502305,1,0,2,1
502306,1,0,2,1
502309,1,0,2,1
502311,1,0,2,1
502314,1,0,2,1
502321,1,0,2,1
502322,1,0,2,1
502323,1,0,2,1
502330,1,0,2,1
502339,1,0,2,1
502344,1,0,2,1
502347,1,0,2,1
502349,1,0,2,1
502354,1,0,2,1
502356,1,0,2,1
502362,1,0,2,1
502374,0,1,1,2
502377,0,1,1,2
502400,0,1,1,2
502401,0,1,1,2
502413,0,1,1,2
502456,6,0,7,1
502461,6,0,7,1
502549,0,1,1,2
502550,0,1,1,2
502551,0,1,1,2
502555,0,1,1,2
502558,0,1,1,2
502582,0,1,1,2
502607,0,1,1,2
502612,0,1,1,2
502654,0,1,1,2
502655,0,1,1,2
502661,0,1,1,2
502664,0,1,1,2
502672,0,1,1,2
502677,0,1,1,2
502690,0,1,1,2
502743,0,1,1,2
502747,0,1,1,2
502765,0,1,1,2
502799,1,0,2,1
502835,0,1,1,2
502877,1,0,2,1
502884,1,0,2,1
502888,1,0,2,1
502890,1,0,2,1
502893,1,0,2,1
502898,1,0,2,1
502909,1,0,2,1
502913,1,0,2,1
502915,1,0,2,1
502916,1,0,2,1
502938,0,1,1,2
502963,0,1,1,2
503009,6,0,7,1
503098,0,1,1,2
503103,0,1,1,2
503114,0,1,1,2
503117,0,1,1,2
503205,0,1,1,2
503208,0,1,1,2
503227,0,1,1,2
503231,0,1,1,2
503246,0,1,1,2
503249,0,1,1,2
503252,0,1,1,2
503254,0,1,1,2
503255,0,1,1,2
503300,0,1,1,2
503301,0,1,1,2
503303,0,1,1,2
503330,0,1,1,2
503366,0,1,1,2
503367,0,1,1,2
503375,0,1,1,2
503400,0,1,1,2
503434,1,0,2,1
503436,1,0,2,1
503438,1,0,2,1
503445,1,0,2,1
503446,1,0,2,1
503448,1,0,2,1
503451,1,0,2,1
503457,1,0,2,1
503471,1,0,2,1
503472,1,0,2,1
503593,0,1,1,2
503641,0,1,1,2
503659,0,1,1,2
503674,0,1,1,2
503734,0,1,1,2
503771,0,1,1,2
503774,0,1,1,2
503775,0,1,1,2
503787,0,1,1,2
503791,0,1,1,2
503793,0,1,1,2
503821,0,1,1,2
503837,4,1,5,2
503860,0,1,1,2
503867,0,1,1,2
503885,0,1,1,2
503886,0,1,1,2
503904,1,0,2,1
503908,1,0,2,1
503910,0,1,1,2
503940,0,1,1,2
503942,0,1,1,2
503972,1,0,2,1
503982,1,0,2,1
503983,1,0,2,1
503985,1,0,2,1
503989,1,0,2,1
503990,1,0,2,1
503994,1,0,2,1
504001,1,0,2,1
504012,1,0,2,1
504014,1,0,2,1
504024,1,0,2,1
504025,1,0,2,1
504027,1,0,2,1
504030,1,0,2,1
504104,6,0,7,1
504193,0,1,1,2
504327,0,1,1,2
504333,0,1,1,2
504336,0,1,1,2
504384,4,1,5,2
504401,0,1,1,2
504402,0,1,1,2
504412,0,1,1,2
504415,0,1,1,2
504416,0,1,1,2
504440,0,1,1,2
504466,0,1,1,2
504482,0,1,1,2
504494,0,1,1,2
504529,1,0,2,1
504531,1,0,2,1
504556,1,0,2,1
504565,1,0,2,1
504574,1,0,2,1
504577,1,0,2,1
504578,1,0,2,1
504580,1,0,2,1
504582,1,0,2,1
504595,0,1,1,2
504602,0,1,1,2
504603,0,1,1,2
504604,0,1,1,2
504619,1,0,2,1
504729,0,1,1,2
504731,0,1,1,2
504733,0,1,1,2
504739,0,1,1,2
504771,0,1,1,2
504857,0,1,1,2
504869,0,1,1,2
504876,0,1,1,2
504878,0,1,1,2
504924,0,1,1,2
504925,0,1,1,2
504941,0,1,1,2
504942,0,1,1,2
504979,0,1,1,2
505003,1,0,2,1
505004,1,6,2,7
505007,1,6,2,7
505009,1,0,2,1
505012,0,1,1,2
505013,0,1,1,2
505033,0,1,1,2
505043,0,1,1,2
505052,1,0,2,1
505072,1,0,2,1
505080,1,0,2,1
505082,1,0,2,1
505089,1,0,2,1
505092,1,0,2,1
505098,1,0,2,1
505102,1,0,2,1
505104,1,0,2,1
505113,1,0,2,1
505116,1,0,2,1
505119,1,0,2,1
505121,1,0,2,1
505124,1,0,2,1
505128,1,0,2,1
505130,1,0,2,1
505169,0,1,1,2
505171,1,0,2,1
505272,0,1,1,2
505275,0,1,1,2
505278,0,1,1,2
505281,0,1,1,2
505284,0,1,1,2
505286,0,1,1,2
505400,0,1,1,2
505408,0,1,1,2
505490,0,1,1,2
505559,1,6,2,7
505584,0,1,1,2
505586,0,1,1,2
505593,0,1,1,2
505597,0,1,1,2
505603,1,0,2,1
505636,1,0,2,1
505637,1,0,2,1
505653,1,0,2,1
505654,1,0,2,1
505655,1,0,2,1
505667,1,0,2,1
505671,1,0,2,1
505674,1,0,2,1
505683,1,0,2,1
505704,0,1,1,2
505706,0,1,1,2
505721,0,1,1,2
505774,0,1,1,2
505817,0,1,1,2
505827,0,1,1,2
505830,0,1,1,2
505831,0,1,1,2
505880,0,1,1,2
505881,0,1,1,2
505963,0,1,1,2
505964,0,1,1,2
505965,0,1,1,2
505973,0,1,1,2
506013,4,1,5,2
506018,0,1,1,2
506021,0,1,1,2
506037,0,1,1,2
506038,0,1,1,2
506042,0,1,1,2
506047,0,1,1,2
506049,0,1,1,2
506068,0,1,1,2
506092,0,1,1,2
506113,1,6,2,7
506114,1,6,2,7
506118,1,6,2,7
506133,0,1,1,2
506137,0,1,1,2
506141,0,1,1,2
506148,0,1,1,2
506160,1,0,2,1
506192,1,0,2,1
506201,1,0,2,1
506214,1,0,2,1
506217,1,0,2,1
506218,1,0,2,1
506220,1,0,2,1
506233,1,0,2,1
506238,1,0,2,1
506240,1,0,2,1
506266,0,1,1,2
506307,6,0,7,1
506332,0,1,1,2
506378,0,1,1,2
506383,0,1,1,2
506415,0,1,1,2
506513,0,1,1,2
506514,0,1,1,2
506565,4,1,5,2
506570,0,1,1,2
506573,0,1,1,2
506596,0,1,1,2
506623,0,1,1,2
506670,1,6,2,7
506671,1,6,2,7
506672,1,6,2,7
506676,1,0,2,1
506677,0,1,1,2
506704,0,1,1,2
506705,0,1,1,2
506747,1,0,2,1
506750,1,0,2,1
506756,1,0,2,1
506767,1,0,2,1
506773,1,0,2,1
506774,1,0,2,1
506778,1,0,2,1
506782,1,0,2,1
506788,1,0,2,1
506819,0,1,1,2
506852,6,0,7,1
506869,6,0,7,1
506879,0,1,1,2
506921,0,1,1,2
506925,0,1,1,2
506931,0,1,1,2
506932,0,1,1,2
507059,0,1,1,2
507062,0,1,1,2
507066,0,1,1,2
507068,0,1,1,2
507113,4,1,5,2
507116,0,1,1,2
507138,0,1,1,2
507140,0,1,1,2
507181,0,1,1,2
507215,1,6,2,7
507216,1,6,2,7
507217,1,6,2,7
507221,1,6,2,7
507246,0,1,1,2
507248,0,1,1,2
507249,0,1,1,2
507254,0,1,1,2
507255,0,1,1,2
507259,0,1,1,2
507268,1,0,2,1
507283,1,0,2,1
507307,1,0,2,1
507310,1,0,2,1
507313,1,0,2,1
507314,1,0,2,1
507315,1,0,2,1
507317,1,0,2,1
507320,1,0,2,1
507327,1,0,2,1
507333,1,0,2,1
507337,1,0,2,1
507340,1,0,2,1
507372,0,1,1,2
507403,6,0,7,1
507417,6,0,7,1
507423,6,0,7,1
507595,0,1,1,2
507597,0,1,1,2
507607,0,1,1,2
507649,4,1,5,2
507650,4,1,5,2
507655,4,1,5,2
507657,0,1,1,2
507679,0,1,1,2
507682,0,1,1,2
507695,0,1,1,2
507719,0,1,1,2
507763,1,6,2,7
507767,0,6,1,7
507784,0,1,1,2
507786,0,1,1,2
507791,0,1,1,2
507830,1,0,2,1
507848,1,0,2,1
507850,1,0,2,1
507854,1,0,2,1
507874,1,0,2,1
507878,1,0,2,1
507880,1,0,2,1
507881,1,0,2,1
507884,1,0,2,1
507918,0,1,1,2
507919,0,1,1,2
507920,0,1,1,2
507956,6,0,7,1
508137,0,1,1,2
508141,0,1,1,2
508144,0,1,1,2
508146,0,1,1,2
508195,0,1,1,2
508230,0,1,1,2
508232,0,1,1,2
508235,0,1,1,2
508236,0,1,1,2
508237,0,1,1,2
508240,0,1,1,2
508256,1,0,2,1
508312,0,6,1,7
508316,1,0,2,1
508318,1,0,2,1
508345,0,1,1,2
508346,0,1,1,2
508347,0,1,1,2
508398,1,0,2,1
508399,1,0,2,1
508403,1,0,2,1
508404,1,0,2,1
508405,1,0,2,1
508408,1,0,2,1
508410,1,0,2,1
508415,1,0,2,1
508418,1,0,2,1
508423,1,0,2,1
508464,0,1,1,2
508499,6,0,7,1
508536,0,1,1,2
508672,0,1,1,2
508673,0,1,1,2
508679,0,1,1,2
508681,0,1,1,2
508683,0,1,1,2
508730,0,1,1,2
508768,0,1,1,2
508772,0,1,1,2
508773,0,1,1,2
508774,0,1,1,2
508779,0,1,1,2
508780,0,1,1,2
508794,1,0,2,1
508849,1,6,2,7
508854,0,1,1,2
508917,1,0,2,1
508918,1,0,2,1
508935,1,0,2,1
508937,1,0,2,1
508962,1,0,2,1
508963,1,0,2,1
509008,0,1,1,2
509203,0,1,1,2
509206,0,1,1,2
509209,0,1,1,2
509256,4,1,5,2
509262,4,1,5,2
509295,0,1,1,2
509296,0,1,1,2
509306,0,1,1,2
509312,0,1,1,2
509315,0,1,1,2
509390,0,6,1,7
509393,0,1,1,2
509461,1,0,2,1
509463,1,0,2,1
509476,1,0,2,1
509485,1,0,2,1
509493,1,0,2,1
509498,1,0,2,1
509553,0,1,1,2
509601,6,1,7,2
509737,0,1,1,2
509745,0,1,1,2
509749,0,1,1,2
509762,0,1,1,2
509827,0,1,1,2
509834,0,1,1,2
509835,0,1,1,2
509836,0,1,1,2
509837,0,1,1,2
509838,0,1,1,2
509839,0,1,1,2
509840,0,1,1,2
509842,0,1,1,2
509845,0,1,1,2
509846,0,1,1,2
509847,0,1,1,2
509868,0,1,1,2
509871,1,0,2,1
509873,1,0,2,1
509876,1,0,2,1
509933,0,1,1,2
509935,1,0,2,1
509937,1,0,2,1
509943,0,1,1,2
509958,0,1,1,2
509962,0,1,1,2
510022,1,0,2,1
510036,1,0,2,1
510093,0,1,1,2
510261,0,1,1,2
510276,0,1,1,2
510342,0,1,1,2
510343,0,1,1,2
510351,0,1,1,2
510357,0,1,1,2
510386,1,0,2,1
510450,0,1,1,2
510457,0,1,1,2
510460,0,1,1,2
510478,0,1,1,2
510496,0,1,1,2
510540,1,0,2,1
510541,1,0,2,1
510545,1,0,2,1
510550,1,0,2,1
510754,0,1,1,2
510759,0,1,1,2
510761,0,1,1,2
510776,0,1,1,2
510852,0,1,1,2
510857,0,1,1,2
510859,0,1,1,2
510893,1,0,2,1
510898,1,0,2,1
510962,1,0,2,1
510999,0,1,1,2
511014,1,0,2,1
511021,1,0,2,1
511032,1,0,2,1
511036,1,0,2,1
511045,1,0,2,1
511054,1,0,2,1
511056,1,0,2,1
511147,6,0,7,1
511244,0,1,1,2
511301,4,1,5,2
511343,0,1,1,2
511345,0,1,1,2
511349,0,1,1,2
511350,0,1,1,2
511352,0,1,1,2
511354,0,1,1,2
511356,0,1,1,2
511359,0,1,1,2
511363,0,1,1,2
511391,1,0,2,1
511392,1,0,2,1
511396,1,0,2,1
511409,0,1,1,2
511457,0,1,1,2
511460,1,0,2,1
511500,0,1,1,2
511512,1,0,2,1
511548,1,0,2,1
511549,1,0,2,1
511643,6,0,7,1
511754,0,1,1,2
511755,0,1,1,2
511759,0,1,1,2
511789,4,1,5,2
511790,4,1,5,2
511835,0,1,1,2
511843,0,1,1,2
511845,0,1,1,2
511849,0,1,1,2
511850,0,1,1,2
511886,1,0,2,1
511887,1,0,2,1
511889,1,0,2,1
511891,1,0,2,1
511903,0,1,1,2
511929,0,1,1,2
511948,0,1,1,2
511951,0,1,1,2
511955,1,0,2,1
511960,0,1,1,2
511976,0,1,1,2
511991,0,1,1,2
512002,1,0,2,1
512031,1,0,2,1
512042,1,0,2,1
512104,0,1,1,2
512229,0,1,1,2
512234,0,1,1,2
512261,4,1,5,2
512263,4,1,5,2
512265,4,1,5,2
512266,4,1,5,2
512269,0,1,1,2
512314,0,1,1,2
512319,0,1,1,2
512321,0,1,1,2
512323,0,1,1,2
512428,0,1,1,2
512431,0,1,1,2
512432,0,1,1,2
512436,1,0,2,1
512456,0,1,1,2
512457,0,1,1,2
512472,0,1,1,2
512473,0,1,1,2
512494,1,0,2,1
512506,1,0,2,1
512511,1,0,2,1
512584,0,1,1,2
512604,6,0,7,1
512715,0,1,1,2
512719,1,0,2,1
512748,0,1,1,2
512794,0,1,1,2
512798,0,1,1,2
512805,0,1,1,2
512806,0,1,1,2
512854,1,0,2,1
512858,1,0,2,1
512859,1,0,2,1
512916,0,1,1,2
512936,0,1,1,2
512949,0,1,1,2
512977,1,0,2,1
512981,1,0,2,1
512994,1,0,2,1
512997,1,0,2,1
513008,1,0,2,1
513009,1,0,2,1
513189,0,1,1,2
513198,0,1,1,2
513232,0,1,1,2
513238,0,1,1,2
513279,0,1,1,2
513288,0,1,1,2
513337,1,0,2,1
513346,1,0,2,1
513391,6,0,7,1
513400,0,6,1,7
513404,0,1,1,2
513406,0,1,1,2
513407,0,1,1,2
513412,1,0,2,1
513427,0,1,1,2
513448,0,1,1,2
513468,1,0,2,1
513481,1,0,2,1
513482,1,0,2,1
513485,1,0,2,1
513498,1,0,2,1
513503,1,0,2,1
513560,0,1,1,2
513611,6,0,7,1
513613,6,0,7,1
513671,1,0,2,1
513672,1,0,2,1
513676,1,0,2,1
513687,0,1,1,2
513712,4,1,5,2
513716,4,1,5,2
513728,0,1,1,2
513760,0,1,1,2
513761,0,1,1,2
513765,0,1,1,2
513833,1,0,2,1
513834,1,0,2,1
513836,1,0,2,1
513888,6,0,7,1
513904,0,1,1,2
513905,0,1,1,2
513907,1,0,2,1
513909,1,0,2,1
513921,0,1,1,2
513971,1,0,2,1
513978,1,0,2,1
513980,1,0,2,1
513981,1,0,2,1
513984,1,0,2,1
513988,1,0,2,1
513991,1,0,2,1
513994,1,0,2,1
513996,1,0,2,1
513997,1,0,2,1
513998,1,0,2,1
514075,6,0,7,1
514106,6,0,7,1
514157,1,0,2,1
514169,0,1,1,2
514198,4,1,5,2
514200,4,1,5,2
514201,4,1,5,2
514210,0,1,1,2
514255,0,1,1,2
514326,1,0,2,1
514329,1,0,2,1
514350,0,1,1,2
514392,0,1,1,2
514400,1,0,2,1
514401,1,0,2,1
514461,1,0,2,1
514469,1,0,2,1
514491,1,0,2,1
514583,0,6,1,7
514585,0,6,1,7
514590,0,6,1,7
514650,1,0,2,1
514693,4,1,5,2
514696,4,1,5,2
514703,0,1,1,2
514738,0,1,1,2
514789,0,1,1,2
514791,0,1,1,2
514813,0,1,1,2
514820,1,0,2,1
514888,0,1,1,2
514922,0,1,1,2
514975,1,0,2,1
514979,1,0,2,1
514981,1,0,2,1
515003,0,1,1,2
515036,0,1,1,2
515037,0,1,1,2
515038,0,1,1,2
515055,6,0,7,1
515056,6,0,7,1
515126,1,0,2,1
515136,1,0,2,1
515146,0,1,1,2
515182,0,1,1,2
515184,0,1,1,2
515216,0,1,1,2
515219,0,1,1,2
515271,0,1,1,2
515296,0,1,1,2
515297,0,1,1,2
515338,0,1,1,2
515378,1,0,2,1
515391,0,1,1,2
515402,0,1,1,2
515408,0,1,1,2
515436,1,0,2,1
515468,1,0,2,1
515527,0,1,1,2
515559,0,6,1,7
515563,0,6,1,7
515605,0,1,1,2
515610,1,0,2,1
515612,1,0,2,1
515663,4,1,5,2
515666,0,1,1,2
515667,0,1,1,2
515668,0,1,1,2
515781,0,1,1,2
515782,0,1,1,2
515862,0,1,1,2
515869,1,0,2,1
515880,0,1,1,2
515881,0,1,1,2
515896,0,1,1,2
515925,1,0,2,1
515928,1,0,2,1
515929,1,0,2,1
515930,1,0,2,1
515933,1,0,2,1
515937,1,0,2,1
515938,1,0,2,1
515939,1,0,2,1
515946,1,0,2,1
515963,1,0,2,1
516083,0,1,1,2
516096,1,0,2,1
516149,0,1,1,2
516164,0,1,1,2
516190,0,1,1,2
516192,0,1,1,2
516339,0,6,1,7
516370,0,1,1,2
516382,0,1,1,2
516408,1,0,2,1
516409,1,0,2,1
516410,1,0,2,1
516414,1,0,2,1
516426,1,0,2,1
516427,1,0,2,1
516447,1,0,2,1
516451,1,0,2,1
516503,0,1,1,2
516505,0,1,1,2
516530,0,6,1,7
516538,0,6,1,7
516540,0,6,1,7
516587,1,0,2,1
516589,1,0,2,1
516641,0,1,1,2
516654,0,1,1,2
516657,0,1,1,2
516764,0,1,1,2
516765,0,1,1,2
516779,0,1,1,2
516824,6,0,7,1
516827,0,6,1,7
516896,1,0,2,1
516898,1,0,2,1
516919,1,0,2,1
516920,1,0,2,1
516921,1,0,2,1
516926,1,0,2,1
516943,1,0,2,1
516949,1,0,2,1
516995,0,1,1,2
517072,1,0,2,1
517075,1,0,2,1
517077,1,0,2,1
517101,0,1,1,2
517104,0,1,1,2
517105,0,1,1,2
517106,0,1,1,2
517127,4,1,5,2
517129,0,1,1,2
517130,0,1,1,2
517132,0,1,1,2
517147,0,1,1,2
517148,0,1,1,2
517151,0,1,1,2
517258,0,1,1,2
517395,1,0,2,1
517397,1,0,2,1
517426,1,0,2,1
517442,1,0,2,1
517459,0,1,1,2
517460,1,0,2,1
517492,0,1,1,2
517563,1,0,2,1
517595,0,1,1,2
517605,0,1,1,2
517628,0,1,1,2
517644,0,1,1,2
517829,1,0,2,1
517854,0,1,1,2
517856,0,1,1,2
517873,0,1,1,2
517888,1,0,2,1
517893,1,0,2,1
517920,1,0,2,1
517924,1,0,2,1
517954,0,1,1,2
517963,0,1,1,2
517985,0,1,1,2
517986,0,1,1,2
517988,0,1,1,2
518004,0,6,1,7
518010,0,6,1,7
518094,0,1,1,2
518097,0,1,1,2
518098,0,1,1,2
518108,4,1,5,2
518113,0,1,1,2
518115,0,1,1,2
518129,0,1,1,2
518168,0,1,1,2
518210,0,1,1,2
518312,1,0,2,1
518379,1,0,2,1
518409,1,0,2,1
518410,1,0,2,1
518411,1,0,2,1
518420,1,0,2,1
518423,1,0,2,1
518425,1,0,2,1
518450,0,1,1,2
518472,0,1,1,2
518474,0,1,1,2
518531,1,0,2,1
518574,0,1,1,2
518583,0,1,1,2
518594,0,1,1,2
518688,0,1,1,2
518689,0,1,1,2
518781,0,6,1,7
518784,1,0,2,1
518820,0,1,1,2
518860,1,0,2,1
518886,1,0,2,1
518899,1,0,2,1
518902,1,0,2,1
518905,1,0,2,1
518920,0,1,1,2
518922,0,1,1,2
518952,0,1,1,2
518967,0,6,1,7
518974,0,6,1,7
519009,1,0,2,1
519014,1,0,2,1
519021,0,1,1,2
519055,0,1,1,2
519063,0,1,1,2
519070,0,1,1,2
519077,0,1,1,2
519079,1,0,2,1
519168,0,1,1,2
519203,0,1,1,2
519204,0,1,1,2
519300,0,1,1,2
519314,0,1,1,2
519381,1,0,2,1
519396,0,1,1,2
519477,1,0,2,1
519483,1,0,2,1
519490,0,1,1,2
519526,0,1,1,2
519527,0,1,1,2
519529,0,1,1,2
519534,4,1,5,2
519541,0,1,1,2
519544,0,1,1,2
519671,0,1,1,2
519771,0,1,1,2
519807,1,0,2,1
519808,1,0,2,1
519853,1,0,2,1
519854,0,1,1,2
519855,0,1,1,2
519877,1,0,2,1
519947,1,0,2,1
519953,1,0,2,1
519954,1,0,2,1
519956,0,1,1,2
519992,0,1,1,2
519995,0,1,1,2
519996,0,1,1,2
519997,0,1,1,2
520032,1,0,2,1
520191,1,0,2,1
520203,1,0,2,1
520323,0,1,1,2
520344,1,0,2,1
520345,1,0,2,1
520354,1,0,2,1
520411,1,0,2,1
520415,1,0,2,1
520459,0,1,1,2
520462,0,1,1,2
520469,0,1,1,2
520475,0,1,1,2
520478,0,1,1,2
520513,0,1,1,2
520567,0,1,1,2
520601,0,1,1,2
520651,6,0,7,1
520656,1,0,2,1
520662,1,0,2,1
520665,1,0,2,1
520738,1,0,2,1
520796,1,0,2,1
520802,1,0,2,1
520803,1,0,2,1
520828,0,1,1,2
520829,1,0,2,1
520866,1,0,2,1
520916,0,1,1,2
520917,0,1,1,2
520919,0,1,1,2
520924,0,1,1,2
521119,1,0,2,1
521163,0,1,1,2
521232,1,0,2,1
521237,1,0,2,1
521238,1,0,2,1
521253,1,0,2,1
521260,1,0,2,1
521264,1,0,2,1
521321,1,0,2,1
521328,1,0,2,1
521333,1,0,2,1
521337,0,1,1,2
521375,0,1,1,2
521378,0,1,1,2
521380,0,1,1,2
521403,1,0,2,1
521484,0,1,1,2
521524,0,1,1,2
521573,1,0,2,1
521574,0,1,1,2
521593,0,6,1,7
521704,1,0,2,1
521707,1,0,2,1
521710,1,0,2,1
521714,1,0,2,1
521721,1,0,2,1
521725,1,0,2,1
521754,0,6,1,7
521793,1,0,2,1
521834,0,1,1,2
521840,0,1,1,2
521845,0,1,1,2
522011,6,0,7,1
522015,1,0,2,1
522016,1,0,2,1
522019,1,0,2,1
522023,1,0,2,1
522025,1,0,2,1
522027,0,1,1,2
522051,0,6,1,7
522138,1,0,2,1
522160,1,0,2,1
522167,1,0,2,1
522172,1,0,2,1
522173,1,0,2,1
522174,1,0,2,1
522175,1,0,2,1
522244,1,0,2,1
522253,0,1,1,2
522254,0,1,1,2
522299,0,1,1,2
522301,0,1,1,2
522302,0,1,1,2
522314,0,1,1,2
522469,1,0,2,1
522471,1,0,2,1
522485,0,1,1,2
522600,1,0,2,1
522604,1,0,2,1
522617,1,0,2,1
522619,1,0,2,1
522628,1,0,2,1
522637,1,0,2,1
522639,1,0,2,1
522649,0,1,1,2
522669,0,6,1,7
522710,1,0,2,1
522769,0,1,1,2
522772,0,1,1,2
522859,0,1,1,2
522893,0,1,1,2
522924,6,0,7,1
523057,1,0,2,1
523088,1,0,2,1
523090,1,0,2,1
523091,1,0,2,1
523109,0,1,1,2
523153,1,0,2,1
523154,1,0,2,1
523155,1,0,2,1
523157,1,0,2,1
523160,1,0,2,1
523208,0,1,1,2
523218,0,1,1,2
523228,0,1,1,2
523239,0,1,1,2
523348,0,1,1,2
523437,0,1,1,2
523438,0,1,1,2
523506,1,0,2,1
523516,1,0,2,1
523539,1,0,2,1
523543,1,0,2,1
523556,0,1,1,2
523559,0,1,1,2
523560,0,1,1,2
523561,0,1,1,2
523609,1,0,2,1
523616,1,0,2,1
523619,1,0,2,1
523623,1,0,2,1
523664,0,1,1,2
523668,0,1,1,2
523695,0,1,1,2
523768,0,6,1,7
523769,0,1,1,2
523824,6,0,7,1
523826,1,0,2,1
523836,1,0,2,1
523897,0,1,1,2
523900,0,1,1,2
523968,1,0,2,1
523969,1,0,2,1
523978,1,0,2,1
523983,1,0,2,1
523986,1,0,2,1
523997,1,0,2,1
523999,1,0,2,1
524004,1,0,2,1
524067,1,0,2,1
524070,1,0,2,1
524074,1,0,2,1
524077,1,0,2,1
524080,1,0,2,1
524084,1,0,2,1
524135,0,1,1,2
524150,0,1,1,2
524151,0,1,1,2
524161,0,1,1,2
524297,1,0,2,1
524363,0,1,1,2
524432,1,0,2,1
524433,1,0,2,1
524440,1,0,2,1
524463,1,0,2,1
524467,0,1,1,2
524481,0,1,1,2
524482,0,1,1,2
524491,1,0,2,1
524534,1,0,2,1
524536,1,0,2,1
524541,1,0,2,1
524545,1,0,2,1
524599,0,1,1,2
524600,0,1,1,2
524603,0,1,1,2
524614,0,1,1,2
524632,0,1,1,2
524905,1,0,2,1
524906,1,0,2,1
524922,1,0,2,1
524965,1,0,2,1
524967,1,0,2,1
525020,1,0,2,1
525021,1,0,2,1
525092,0,1,1,2
525238,1,0,2,1
525381,1,0,2,1
525387,1,0,2,1
525391,1,0,2,1
525392,1,0,2,1
525432,0,1,1,2
525491,1,0,2,1
525495,1,0,2,1
525499,1,0,2,1
525502,1,0,2,1
525514,0,1,1,2
525543,0,1,1,2
525553,0,1,1,2
525556,0,1,1,2
525649,0,1,1,2
525717,1,0,2,1
525813,0,1,1,2
525860,1,0,2,1
525901,0,1,1,2
525981,1,0,2,1
525982,1,0,2,1
525989,0,1,1,2
525997,0,1,1,2
526024,0,1,1,2
526035,0,1,1,2
526038,0,1,1,2
526054,0,1,1,2
526282,0,1,1,2
526286,0,1,1,2
526336,1,0,2,1
526399,1,0,2,1
526414,0,6,1,7
526450,1,0,2,1
526508,0,1,1,2
526529,0,1,1,2
526530,0,1,1,2
526531,0,1,1,2
526550,0,1,1,2
526817,1,0,2,1
526823,1,0,2,1
526929,1,0,2,1
526931,1,0,2,1
526948,0,1,1,2
526993,0,1,1,2
526997,0,1,1,2
527034,0,1,1,2
527035,0,1,1,2
527037,0,1,1,2
527264,1,0,2,1
527286,1,0,2,1
527302,1,0,2,1
527336,1,0,2,1
527365,1,0,2,1
527377,0,6,1,7
527389,0,6,1,7
527471,0,1,1,2
527490,0,1,1,2
527491,0,1,1,2
527493,0,1,1,2
527511,0,1,1,2
527515,0,1,1,2
527752,1,0,2,1
527753,1,0,2,1
527754,1,0,2,1
527756,1,0,2,1
527805,1,0,2,1
527818,1,0,2,1
527824,1,0,2,1
527825,1,0,2,1
527827,1,0,2,1
527828,1,0,2,1
527857,0,6,1,7
527884,0,1,1,2
527953,0,1,1,2
527955,0,1,1,2
527972,0,1,1,2
527976,0,1,1,2
527981,0,1,1,2
528221,1,0,2,1
528266,1,0,2,1
528267,1,0,2,1
528270,1,0,2,1
528271,1,0,2,1
528276,1,0,2,1
528280,1,0,2,1
528288,1,0,2,1
528290,1,0,2,1
528321,0,6,1,7
528324,0,6,1,7
528348,0,1,1,2
528455,0,1,1,2
528573,1,0,2,1
528691,1,0,2,1
528692,1,0,2,1
528750,1,0,2,1
528751,1,0,2,1
528790,0,6,1,7
528810,0,1,1,2
528895,0,1,1,2
528911,0,1,1,2
528926,0,1,1,2
529150,1,0,2,1
529212,1,0,2,1
529220,1,0,2,1
529221,1,0,2,1
529270,0,1,1,2
529355,0,1,1,2
529384,0,1,1,2
529492,1,0,2,1
529494,0,1,1,2
529654,1,0,2,1
529658,1,0,2,1
529675,1,0,2,1
529676,1,0,2,1
529725,0,1,1,2
529803,0,1,1,2
529811,0,1,1,2
529946,0,1,1,2
529947,0,1,1,2
530124,1,0,2,1
530247,0,1,1,2
530389,0,1,1,2
530496,1,0,2,1
530580,0,6,1,7
530678,0,1,1,2
530745,0,6,1,7
530997,0,6,1,7
531165,0,6,1,7
531577,0,6,1,7
531634,6,0,7,1
531892,0,1,1,2
531913,0,1,1,2
531914,0,1,1,2
531983,0,6,1,7
531984,0,6,1,7
532092,0,6,1,7
532093,0,6,1,7
532153,1,0,2,1
532298,0,1,1,2
532424,0,6,1,7
532476,1,0,2,1
532481,0,1,1,2
532507,0,6,1,7
532602,1,0,2,1
532716,0,1,1,2
532717,0,1,1,2
532833,0,6,1,7
532834,0,6,1,7
532838,0,6,1,7
532839,0,6,1,7
532884,1,0,2,1
532890,0,1,1,2
532916,0,6,1,7
533043,0,6,1,7
533102,0,1,1,2
533115,0,1,1,2
533121,0,1,1,2
533123,0,1,1,2
533219,0,6,1,7
533227,0,6,1,7
533228,0,6,1,7
533230,0,6,1,7
533279,0,1,1,2
533391,1,0,2,1
533502,0,1,1,2
533597,0,6,1,7
533598,0,6,1,7
533599,0,6,1,7
533610,0,6,1,7
533611,0,6,1,7
533613,0,6,1,7
533654,1,0,2,1
533731,1,0,2,1
533779,1,0,2,1
533802,0,6,1,7
533861,0,1,1,2
533975,0,6,1,7
533976,0,6,1,7
533977,0,6,1,7
533981,0,6,1,7
534021,0,1,1,2
534046,0,6,1,7
534048,0,6,1,7
534122,1,0,2,1
534125,1,0,2,1
534212,0,1,1,2
534225,0,1,1,2
534227,0,1,1,2
534245,0,1,1,2
534248,0,1,1,2
534253,1,0,2,1
534326,0,6,1,7
534351,6,0,7,1
534397,0,6,1,7
534554,0,1,1,2
534582,1,0,2,1
534683,6,1,7,2
534689,1,0,2,1
534702,0,1,1,2
534885,0,1,1,2
534897,0,1,1,2
534910,1,0,2,1
535007,6,1,7,2
535008,6,1,7,2
535232,1,0,2,1
535234,1,0,2,1
535313,6,0,7,1
535509,0,1,1,2
535532,0,1,1,2
535733,0,1,1,2
535743,1,0,2,1
535785,0,1,1,2
535823,1,0,2,1
535825,1,0,2,1
535896,6,1,7,2
535977,0,1,1,2
535978,0,1,1,2
536011,0,1,1,2
536060,0,1,1,2
536061,0,1,1,2
536069,0,1,1,2
536106,0,1,1,2
536110,1,0,2,1
536175,6,1,7,2
536183,1,0,2,1
536212,0,6,1,7
536213,0,6,1,7
536236,1,0,2,1
536373,1,0,2,1
536379,0,1,1,2
536380,0,1,1,2
536382,0,1,1,2
536447,6,1,7,2
536481,0,6,1,7
536485,0,6,1,7
536511,1,0,2,1
536559,0,1,1,2
536608,0,1,1,2
536610,0,1,1,2
536611,0,1,1,2
536616,0,1,1,2
536619,0,1,1,2
536654,0,1,1,2
536723,6,0,7,1
536735,1,0,2,1
536737,1,0,2,1
536763,0,6,1,7
536764,0,6,1,7
536792,1,0,2,1
536794,1,0,2,1
536795,1,0,2,1
536796,1,0,2,1
536798,1,0,2,1
536841,0,1,1,2
536842,0,1,1,2
536850,1,0,2,1
536851,1,0,2,1
536904,0,1,1,2
536931,1,0,2,1
536932,1,0,2,1
536934,1,0,2,1
536940,0,1,1,2
536947,1,0,2,1
537000,6,0,7,1
537005,6,0,7,1
537008,6,0,7,1
537011,6,1,7,2
537012,6,1,7,2
537013,6,1,7,2
537021,1,0,2,1
537025,1,0,2,1
537036,0,6,1,7
537073,1,0,2,1
537077,1,0,2,1
537080,1,0,2,1
537085,1,0,2,1
537131,0,1,1,2
537135,1,0,2,1
537137,1,0,2,1
537181,0,1,1,2
537217,1,0,2,1
537295,6,1,7,2
537300,1,0,2,1
537301,1,0,2,1
537319,0,6,1,7
537354,1,0,2,1
537355,1,0,2,1
537356,1,0,2,1
537361,1,0,2,1
537363,1,0,2,1
537364,1,0,2,1
537380,1,0,2,1
537381,1,0,2,1
537412,0,1,1,2
537503,1,0,2,1
537511,1,0,2,1
537569,6,0,7,1
537580,6,1,7,2
537588,1,0,2,1
537591,1,0,2,1
537602,6,0,7,1
537617,0,6,1,7
537635,0,1,1,2
537648,1,0,2,1
537663,0,1,1,2
537752,0,1,1,2
537782,0,1,1,2
537784,1,0,2,1
537870,1,0,2,1
537871,1,0,2,1
537872,1,0,2,1
537873,1,0,2,1
537874,1,0,2,1
537900,0,6,1,7
537920,1,0,2,1
537924,1,0,2,1
537926,1,0,2,1
537932,1,0,2,1
537945,1,0,2,1
538062,0,1,1,2
538066,0,1,1,2
538070,1,0,2,1
538078,1,0,2,1
538141,6,0,7,1
538156,1,0,2,1
538184,6,0,7,1
538190,1,0,2,1
538191,1,0,2,1
538198,1,0,2,1
538199,1,0,2,1
538203,1,0,2,1
538211,1,0,2,1
538213,1,0,2,1
538216,1,0,2,1
538217,1,0,2,1
538219,1,0,2,1
538262,1,0,2,1
538263,1,0,2,1
538279,1,0,2,1
538280,1,0,2,1
538325,0,1,1,2
538369,1,0,2,1
538435,6,0,7,1
538442,1,0,2,1
538480,1,0,2,1
538488,1,0,2,1
538491,1,0,2,1
538497,1,0,2,1
538498,1,0,2,1
538499,1,0,2,1
538503,1,0,2,1
538515,1,0,2,1
538537,1,0,2,1
538561,1,0,2,1
538563,1,0,2,1
538564,1,0,2,1
538610,0,1,1,2
538703,6,0,7,1
538711,0,6,1,7
538712,0,6,1,7
538761,1,0,2,1
538771,1,0,2,1
538776,1,0,2,1
538782,1,0,2,1
538794,1,0,2,1
538795,1,0,2,1
538797,1,0,2,1
538837,0,6,1,7
538917,1,0,2,1
538959,0,1,1,2
538960,0,1,1,2
538977,6,0,7,1
538978,6,0,7,1
539027,1,0,2,1
539029,1,0,2,1
539030,1,0,2,1
539034,1,0,2,1
539044,1,0,2,1
539057,1,0,2,1
539058,1,0,2,1
539090,1,0,2,1
539095,1,0,2,1
539101,1,0,2,1
539103,1,0,2,1
539106,1,0,2,1
539157,0,1,1,2
539201,1,0,2,1
539243,6,0,7,1
539244,6,0,7,1
539245,6,0,7,1
539252,0,6,1,7
539292,1,0,2,1
539293,1,0,2,1
539298,1,0,2,1
539299,1,0,2,1
539300,1,0,2,1
539302,1,0,2,1
539307,1,0,2,1
539312,1,0,2,1
539316,1,0,2,1
539333,1,0,2,1
539420,0,1,1,2
539516,6,0,7,1
539559,1,0,2,1
539560,1,0,2,1
539565,1,0,2,1
539566,1,0,2,1
539567,1,0,2,1
539577,1,0,2,1
539604,1,0,2,1
539612,1,0,2,1
539622,1,0,2,1
539724,1,0,2,1
539766,6,0,7,1
539778,0,6,1,7
539813,1,0,2,1
539816,1,0,2,1
539822,1,0,2,1
539824,1,0,2,1
539839,1,0,2,1
539840,1,0,2,1
539848,1,0,2,1
539858,1,0,2,1
539868,1,0,2,1
539871,1,0,2,1
539878,1,0,2,1
540072,1,0,2,1
540073,1,0,2,1
540087,1,0,2,1
540091,1,0,2,1
540094,1,0,2,1
540096,1,0,2,1
540123,1,0,2,1
540132,1,0,2,1
540134,1,0,2,1
540268,6,0,7,1
540279,0,6,1,7
540320,1,0,2,1
540321,1,0,2,1
540323,1,0,2,1
540330,1,0,2,1
540339,1,0,2,1
540342,1,0,2,1
540348,1,0,2,1
540349,1,0,2,1
540393,1,0,2,1
540394,1,0,2,1
540396,1,0,2,1
540530,6,0,7,1
540544,6,0,7,1
540569,1,0,2,1
540570,1,0,2,1
540571,1,0,2,1
540573,1,0,2,1
540574,1,0,2,1
540576,1,0,2,1
540579,1,0,2,1
540585,1,0,2,1
540586,1,0,2,1
540599,1,0,2,1
540603,1,0,2,1
540634,1,0,2,1
540639,1,0,2,1
540676,0,1,1,2
540788,6,0,7,1
540794,6,0,7,1
540819,1,0,2,1
540824,1,0,2,1
540825,1,0,2,1
540827,1,0,2,1
540830,1,0,2,1
540836,1,0,2,1
540838,1,0,2,1
540847,1,0,2,1
540850,1,0,2,1
540857,1,0,2,1
540858,1,0,2,1
540882,1,0,2,1
540884,1,0,2,1
540886,1,0,2,1
540893,1,0,2,1
541027,6,0,7,1
541070,1,0,2,1
541074,1,0,2,1
541076,1,0,2,1
541080,1,0,2,1
541081,1,0,2,1
541085,1,0,2,1
541091,1,0,2,1
541092,1,0,2,1
541098,1,0,2,1
541102,1,0,2,1
541103,1,0,2,1
541105,1,0,2,1
541106,1,0,2,1
541142,1,0,2,1
541278,6,0,7,1
541316,1,0,2,1
541328,1,0,2,1
541331,1,0,2,1
541332,1,0,2,1
541334,1,0,2,1
541336,1,0,2,1
541355,1,0,2,1
541358,1,0,2,1
541567,1,0,2,1
541580,1,0,2,1
541584,1,0,2,1
541594,1,0,2,1
541598,1,0,2,1
541604,1,0,2,1
541625,1,0,2,1
541710,0,6,1,7
541712,0,6,1,7
541740,0,1,1,2
541741,0,1,1,2
541763,6,0,7,1
541811,1,0,2,1
541812,1,0,2,1
541814,1,0,2,1
541823,1,0,2,1
541825,1,0,2,1
541828,1,0,2,1
541835,1,0,2,1
541957,0,6,1,7
541992,0,1,1,2
541993,0,1,1,2
542054,1,0,2,1
542058,1,0,2,1
542061,1,0,2,1
542074,1,0,2,1
542078,1,0,2,1
542115,1,0,2,1
542230,0,1,1,2
542247,6,0,7,1
542281,0,6,1,7
542294,1,0,2,1
542304,1,0,2,1
542310,1,0,2,1
542311,1,0,2,1
542312,1,0,2,1
542313,1,0,2,1
542353,1,0,2,1
542356,1,0,2,1
542437,0,6,1,7
542467,0,1,1,2
542468,0,1,1,2
542470,0,1,1,2
542538,1,0,2,1
542540,1,0,2,1
542546,1,0,2,1
542547,1,0,2,1
542548,1,0,2,1
542551,1,0,2,1
542561,1,0,2,1
542667,0,6,1,7
542755,1,0,2,1
542764,1,0,2,1
542765,1,0,2,1
542766,1,0,2,1
542769,1,0,2,1
542771,1,0,2,1
542772,1,0,2,1
542810,1,0,2,1
542911,0,1,1,2
542980,1,0,2,1
543119,6,0,7,1
543267,1,6,2,7
543270,0,1,1,2
543316,1,0,2,1
543318,1,0,2,1
543419,1,0,2,1
543420,1,0,2,1
543450,1,0,2,1
543458,1,0,2,1
543546,1,0,2,1
543575,1,0,2,1
543587,1,0,2,1
543702,1,0,2,1
543705,1,0,2,1
543802,6,1,7,2
543831,1,0,2,1
543832,1,0,2,1
543928,6,1,7,2
543930,6,1,7,2
543935,6,0,7,1
543950,1,0,2,1
543958,1,0,2,1
544060,6,0,7,1
544076,1,0,2,1
544080,1,0,2,1
544178,6,1,7,2
544181,6,1,7,2
544190,1,0,2,1
544191,1,0,2,1
544195,1,0,2,1
544196,1,0,2,1
544320,1,0,2,1
544331,1,0,2,1
544337,1,0,2,1
544345,0,1,1,2
544347,0,1,1,2
544439,6,1,7,2
544452,1,0,2,1
544453,1,0,2,1
544455,1,0,2,1
544458,1,0,2,1
544470,1,0,2,1
544472,1,0,2,1
544483,0,1,1,2
544487,0,1,1,2
544488,0,1,1,2
544570,1,0,2,1
544574,6,1,7,2
544593,1,0,2,1
544595,1,0,2,1
544596,1,0,2,1
544599,1,0,2,1
544611,1,0,2,1
544627,0,1,1,2
544714,6,1,7,2
544733,1,0,2,1
544743,1,0,2,1
544767,0,1,1,2
544771,0,1,1,2
544878,1,0,2,1
544880,1,0,2,1
544881,1,0,2,1
544884,1,0,2,1
544886,1,0,2,1
544889,1,0,2,1
545162,1,0,2,1
545163,1,0,2,1
545166,1,0,2,1
545170,1,0,2,1
545186,0,1,1,2
545298,1,0,2,1
545305,1,0,2,1
545308,1,0,2,1
545447,1,0,2,1
545448,1,0,2,1
545580,1,0,2,1
545581,1,0,2,1
545583,1,0,2,1
545714,1,0,2,1
545963,1,0,2,1
545967,1,0,2,1
546087,1,0,2,1
546101,1,0,2,1
546227,1,0,2,1
546232,1,0,2,1
546365,1,0,2,1
546366,1,0,2,1
546370,1,0,2,1
546376,1,0,2,1
546512,1,0,2,1
546517,1,0,2,1
546519,1,0,2,1
546638,0,1,1,2
546646,1,0,2,1
546650,1,0,2,1
546651,1,0,2,1
546652,1,0,2,1
546653,1,0,2,1
546757,1,0,2,1
546788,1,0,2,1
546791,1,0,2,1
546793,1,0,2,1
546797,1,0,2,1
546899,1,0,2,1
546943,1,0,2,1
546945,1,0,2,1
546962,0,1,1,2
547039,1,0,2,1
547047,1,0,2,1
547049,1,0,2,1
547079,1,0,2,1
547081,1,0,2,1
547085,1,0,2,1
547088,1,0,2,1
547092,1,0,2,1
547093,1,0,2,1
547094,1,0,2,1
547112,1,0,2,1
547188,1,0,2,1
547202,1,0,2,1
547228,1,0,2,1
547238,1,0,2,1
547242,1,0,2,1
547257,1,0,2,1
547350,1,0,2,1
547376,1,0,2,1
547384,1,0,2,1
547390,1,0,2,1
547412,1,0,2,1
547481,1,0,2,1
547497,1,0,2,1
547504,0,6,1,7
547532,1,0,2,1
547534,1,0,2,1
547538,1,0,2,1
547541,1,0,2,1
547545,1,0,2,1
547547,1,0,2,1
547644,1,0,2,1
547657,0,6,1,7
547659,0,6,1,7
547660,0,6,1,7
547677,1,0,2,1
547678,1,0,2,1
547679,1,0,2,1
547681,1,0,2,1
547696,1,0,2,1
547702,1,0,2,1
547719,1,0,2,1
547726,1,0,2,1
547797,1,0,2,1
547811,0,6,1,7
547843,1,0,2,1
547844,1,0,2,1
547845,1,0,2,1
547870,1,0,2,1
547871,1,0,2,1
547936,1,0,2,1
547950,1,0,2,1
547955,1,0,2,1
548024,1,0,2,1
548037,1,0,2,1
548108,0,6,1,7
548110,0,6,1,7
548111,0,6,1,7
548135,1,0,2,1
548136,1,0,2,1
548137,1,0,2,1
548138,1,0,2,1
548140,1,0,2,1
548170,1,0,2,1
548182,1,0,2,1
548278,1,0,2,1
548416,1,0,2,1
548420,1,0,2,1
548429,1,0,2,1
548431,1,0,2,1
548432,1,0,2,1
548433,1,0,2,1
548436,1,0,2,1
548537,1,0,2,1
548540,1,0,2,1
548541,1,0,2,1
548555,1,0,2,1
548603,1,0,2,1
548617,1,0,2,1
548674,1,0,2,1
548677,1,0,2,1
548678,1,0,2,1
548686,1,0,2,1
548696,1,0,2,1
548795,1,0,2,1
548975,1,0,2,1
549033,1,0,2,1
549046,1,0,2,1
549070,0,1,1,2
549148,0,1,1,2
549192,0,1,1,2
549193,0,1,1,2
549202,0,1,1,2
549229,1,0,2,1
549276,0,1,1,2
549310,1,0,2,1
549315,1,0,2,1
549414,0,1,1,2
549415,0,1,1,2
549442,1,0,2,1
549446,1,0,2,1
549449,1,0,2,1
549451,1,0,2,1
549466,0,1,1,2
549549,0,1,1,2
549553,0,1,1,2
549583,1,0,2,1
549595,0,1,1,2
549600,0,1,1,2
549601,0,1,1,2
549663,0,1,1,2
549698,0,1,1,2
549700,0,1,1,2
549732,1,0,2,1
549738,0,1,1,2
549745,0,1,1,2
549749,0,1,1,2
549750,0,1,1,2
549751,0,1,1,2
549846,0,1,1,2
549888,0,1,1,2
549889,0,1,1,2
549893,0,1,1,2
550004,0,1,1,2
550006,0,1,1,2
550041,0,1,1,2
550049,0,1,1,2
550050,0,1,1,2
550192,1,0,2,1
550193,1,0,2,1
550212,0,1,1,2
550219,0,1,1,2
550375,0,1,1,2
550379,0,1,1,2
550382,0,1,1,2
550383,0,1,1,2
550385,0,1,1,2
550386,0,1,1,2
550389,0,1,1,2
550520,0,1,1,2
550552,0,1,1,2
550556,0,1,1,2
550560,0,1,1,2
550734,0,1,1,2
550735,0,1,1,2
550738,0,1,1,2
550745,0,1,1,2
550923,0,1,1,2
550926,0,1,1,2
550938,0,1,1,2
551087,1,0,2,1
551110,0,1,1,2
551112,0,1,1,2
551116,0,1,1,2
551118,0,1,1,2
551119,0,1,1,2
551122,0,1,1,2
551123,0,1,1,2
551128,0,1,1,2
551133,0,1,1,2
551301,0,1,1,2
551303,0,1,1,2
551317,0,1,1,2
551322,0,1,1,2
551466,1,0,2,1
551469,1,0,2,1
551488,0,1,1,2
551496,0,1,1,2
551498,0,1,1,2
551655,1,0,2,1
551679,0,1,1,2
551681,0,1,1,2
551684,0,1,1,2
551685,0,1,1,2
551693,0,1,1,2
551701,0,1,1,2
551768,6,0,7,1
551829,0,1,1,2
551869,0,1,1,2
551875,0,1,1,2
551877,0,1,1,2
551878,0,1,1,2
551884,0,1,1,2
551889,0,1,1,2
552020,0,1,1,2
552022,0,1,1,2
552023,1,0,2,1
552024,1,0,2,1
552062,0,1,1,2
552068,0,1,1,2
552070,0,1,1,2
552073,0,1,1,2
552076,0,1,1,2
552078,0,1,1,2
552150,6,0,7,1
552212,0,1,1,2
552217,1,0,2,1
552255,0,1,1,2
552256,0,1,1,2
552261,0,1,1,2
552263,0,1,1,2
552268,0,1,1,2
552271,0,1,1,2
552343,6,0,7,1
552345,6,0,7,1
552407,0,1,1,2
552414,1,0,2,1
552458,0,1,1,2
552461,0,1,1,2
552609,0,1,1,2
552618,1,0,2,1
552654,0,1,1,2
552655,0,1,1,2
552816,1,0,2,1
552819,1,0,2,1
552821,1,0,2,1
552857,0,1,1,2
552860,0,1,1,2
552862,0,1,1,2
552863,0,1,1,2
552864,0,1,1,2
552950,6,0,7,1
553023,1,0,2,1
553028,1,0,2,1
553062,0,1,1,2
553064,0,1,1,2
553067,0,1,1,2
553218,0,1,1,2
553225,0,1,1,2
553274,0,1,1,2
553362,6,0,7,1
553363,6,0,7,1
553419,0,1,1,2
553424,0,1,1,2
553426,0,1,1,2
553428,0,1,1,2
553472,0,1,1,2
553560,6,0,7,1
553561,6,0,7,1
553564,6,0,7,1
553616,1,0,2,1
553618,1,0,2,1
553674,0,1,1,2
553761,6,0,7,1
553805,0,1,1,2
553815,1,0,2,1
553817,1,0,2,1
553829,0,1,1,2
553831,0,1,1,2
553874,0,1,1,2
554012,1,0,2,1
554028,0,1,1,2
554029,0,1,1,2
554093,4,1,5,2
554196,0,1,1,2
554198,0,1,1,2
554400,1,0,2,1
554479,4,1,5,2
554583,0,1,1,2
554586,0,1,1,2
554648,0,1,1,2
554775,0,1,1,2
554778,0,1,1,2
554980,1,0,2,1
555077,1,2,2,3
555185,0,1,1,2
555271,1,2,2,3
555358,0,1,1,2
555359,0,1,1,2
555370,1,0,2,1
555371,1,0,2,1
555381,0,1,1,2
555444,4,1,5,2
555458,1,2,2,3
555459,1,2,2,3
555551,0,1,1,2
555573,0,1,1,2
555574,0,1,1,2
555638,4,1,5,2
555652,1,2,2,3
556151,0,1,1,2
556319,1,0,2,1
556321,1,0,2,1
556343,0,1,1,2
556402,4,1,5,2
556409,1,2,2,3
556507,1,0,2,1
556514,1,0,2,1
556536,0,1,1,2
556724,0,1,1,2
556883,1,0,2,1
556884,1,0,2,1
556908,0,1,1,2
557063,1,0,2,1
557090,0,1,1,2
557249,1,0,2,1
557250,1,0,2,1
557252,1,0,2,1
557432,1,0,2,1
557437,1,0,2,1
557538,2,1,3,2
557623,1,0,2,1
557626,1,0,2,1
557718,1,2,2,3
557723,2,1,3,2
557766,0,6,1,7
557814,1,0,2,1
557856,0,1,1,2
557899,1,2,2,3
557989,1,0,2,1
557998,1,0,2,1
558040,0,1,1,2
558043,0,1,1,2
558054,0,1,1,2
558081,1,2,2,3
558096,1,2,2,3
558174,1,0,2,1
558223,0,1,1,2
558232,0,1,1,2
558233,0,1,1,2
558236,0,1,1,2
558266,2,1,3,2
558268,2,1,3,2
558395,0,1,1,2
558400,0,1,1,2
558410,0,1,1,2
558451,1,2,2,3
558493,0,6,1,7
558573,0,1,1,2
558574,0,1,1,2
558578,0,1,1,2
558583,0,1,1,2
558588,0,1,1,2
558610,4,1,5,2
558612,4,2,5,3
558628,1,2,2,3
558748,0,1,1,2
558749,0,1,1,2
558753,0,1,1,2
558755,0,1,1,2
558756,0,1,1,2
558759,0,1,1,2
558763,0,1,1,2
558785,1,2,2,3
558849,0,6,1,7
558923,0,1,1,2
558926,0,1,1,2
558932,0,1,1,2
558933,0,1,1,2
558935,0,1,1,2
558964,4,2,5,3
558981,1,2,2,3
558986,1,2,2,3
559102,0,1,1,2
559103,0,1,1,2
559104,0,1,1,2
559278,0,1,1,2
559288,0,1,1,2
559333,1,2,2,3
559453,0,1,1,2
559455,0,1,1,2
559456,0,1,1,2
559457,0,1,1,2
559458,0,1,1,2
559488,5,1,6,2
559504,1,2,2,3
559506,1,2,2,3
559509,1,2,2,3
559520,1,2,2,3
559624,0,1,1,2
559628,0,1,1,2
559632,0,1,1,2
559633,0,1,1,2
559638,0,1,1,2
559677,5,2,6,3
559679,1,5,2,6
559694,1,2,2,3
559695,1,2,2,3
559696,1,2,2,3
559806,0,1,1,2
559808,0,1,1,2
559823,5,1,6,2
559838,2,5,3,6
559847,1,2,2,3
559848,1,2,2,3
559858,1,2,2,3
559860,1,2,2,3
559952,0,1,1,2
559958,0,1,1,2
559973,5,1,6,2
559977,5,1,6,2
559998,1,5,2,6
559999,1,2,2,3
560006,1,2,2,3
560016,1,2,2,3
560079,1,0,2,1
560104,0,1,1,2
560121,0,1,1,2
560128,0,1,1,2
560138,1,5,2,6
560160,1,5,2,6
560162,1,2,2,3
560170,1,2,2,3
560256,0,1,1,2
560258,0,1,1,2
560260,0,1,1,2
560266,0,1,1,2
560276,0,1,1,2
560279,0,1,1,2
560296,0,5,1,6
560318,1,2,2,3
560324,1,2,2,3
560327,1,2,2,3
560330,1,2,2,3
560405,0,1,1,2
560410,0,1,1,2
560421,0,1,1,2
560429,0,1,1,2
560433,0,1,1,2
560437,0,1,1,2
560438,0,1,1,2
560442,1,5,2,6
560445,1,5,2,6
560452,1,5,2,6
560453,1,5,2,6
560473,1,2,2,3
560477,1,2,2,3
560481,1,2,2,3
560485,1,2,2,3
560488,1,2,2,3
560542,1,0,2,1
560547,1,0,2,1
560566,0,1,1,2
560572,0,1,1,2
560577,0,1,1,2
560578,0,1,1,2
560582,0,1,1,2
560585,0,1,1,2
560587,0,1,1,2
560589,0,1,1,2
560590,0,1,1,2
560608,1,5,2,6
560631,1,2,2,3
560635,1,2,2,3
560699,1,0,2,1
560706,1,0,2,1
560717,0,1,1,2
560718,0,1,1,2
560727,0,1,1,2
560729,0,1,1,2
560731,0,1,1,2
560743,0,1,1,2
560760,0,5,1,6
560765,1,5,2,6
560770,1,5,2,6
560775,1,5,2,6
560776,1,5,2,6
560778,1,5,2,6
560779,1,5,2,6
560781,1,5,2,6
560783,1,5,2,6
560791,1,2,2,3
560866,1,0,2,1
560879,0,1,1,2
560880,0,1,1,2
560888,0,1,1,2
560899,0,1,1,2
560900,0,1,1,2
560924,1,5,2,6
560928,1,5,2,6
560931,1,5,2,6
560932,1,5,2,6
560955,1,2,2,3
560957,1,2,2,3
561021,1,0,2,1
561025,1,0,2,1
561041,0,1,1,2
561047,0,1,1,2
561048,0,1,1,2
561061,0,1,1,2
561084,1,5,2,6
561090,1,5,2,6
561104,5,1,6,2
561117,1,2,2,3
561119,1,2,2,3
561204,0,1,1,2
561205,0,1,1,2
561234,0,5,1,6
561244,1,5,2,6
561247,1,5,2,6
561259,1,5,2,6
561363,0,1,1,2
561364,0,1,1,2
561366,0,1,1,2
561367,0,1,1,2
561368,0,1,1,2
561390,1,5,2,6
561420,1,5,2,6
561427,1,2,2,3
561501,1,0,2,1
561525,0,1,1,2
561530,0,1,1,2
561547,0,1,1,2
561550,1,5,2,6
561562,1,5,2,6
561563,1,5,2,6
561578,1,5,2,6
561581,1,5,2,6
561592,1,2,2,3
561594,1,2,2,3
561601,1,2,2,3
561696,0,1,1,2
561697,0,1,1,2
561698,0,1,1,2
561716,0,1,1,2
561751,1,5,2,6
561763,1,2,2,3
561764,1,2,2,3
561767,1,2,2,3
561769,1,2,2,3
561778,1,2,2,3
561866,0,1,1,2
561868,0,1,1,2
561869,0,1,1,2
561870,0,1,1,2
561888,0,1,1,2
561937,1,2,2,3
561939,1,2,2,3
561942,1,2,2,3
562038,0,1,1,2
562092,1,5,2,6
562096,1,5,2,6
562099,1,5,2,6
562102,1,5,2,6
562267,1,5,2,6
562380,0,1,1,2
562381,0,1,1,2
562383,0,1,1,2
562386,0,1,1,2
562431,1,5,2,6
562438,1,5,2,6
562446,1,5,2,6
562454,1,5,2,6
562455,1,5,2,6
562471,1,2,2,3
562477,1,2,2,3
562489,1,2,2,3
562554,0,1,1,2
562606,1,5,2,6
562617,1,5,2,6
562627,1,5,2,6
562628,1,5,2,6
562632,5,1,6,2
562633,5,1,6,2
562641,1,5,2,6
562736,1,5,2,6
562770,1,5,2,6
562772,1,5,2,6
562779,1,5,2,6
562796,1,5,2,6
562799,5,1,6,2
562883,0,1,1,2
562885,0,1,1,2
562904,0,1,1,2
562946,1,5,2,6
562961,1,5,2,6
562962,1,5,2,6
562964,1,5,2,6
562978,1,2,2,3
562980,1,2,2,3
562994,1,2,2,3
563050,0,1,1,2
563052,0,1,1,2
563053,0,1,1,2
563073,0,1,1,2
563129,1,5,2,6
563219,0,1,1,2
563276,1,5,2,6
563289,1,5,2,6
563309,1,5,2,6
563310,1,5,2,6
563318,1,2,2,3
563389,0,1,1,2
563412,0,1,1,2
563446,1,5,2,6
563453,1,2,2,3
563458,1,2,2,3
563472,1,5,2,6
563477,1,5,2,6
563542,1,2,2,3
563546,0,1,1,2
563578,1,5,2,6
563588,1,2,2,3
563592,1,2,2,3
563609,1,5,2,6
563617,0,1,1,2
563638,0,1,1,2
563641,0,1,1,2
563646,0,1,1,2
563718,1,2,2,3
563731,1,5,2,6
563759,0,1,1,2
563761,0,1,1,2
563763,0,1,1,2
563764,0,1,1,2
563834,1,2,2,3
563835,1,2,2,3
563840,1,2,2,3
563875,0,1,1,2
563889,0,1,1,2
563905,0,1,1,2
563940,1,5,2,6
563949,1,2,2,3
563992,0,1,1,2
564008,0,1,1,2
564053,1,5,2,6
564121,0,1,1,2
564135,0,1,1,2
564217,0,1,1,2
564244,0,1,1,2
564326,0,1,1,2
564339,0,1,1,2
564343,0,1,1,2
564444,0,1,1,2
564446,0,1,1,2
564449,0,1,1,2
564458,0,1,1,2
564549,0,1,1,2
564551,0,1,1,2
564553,0,1,1,2
564657,0,1,1,2
564665,0,1,1,2
564745,0,1,1,2
564747,0,1,1,2
564764,0,1,1,2
564840,0,1,1,2
564846,0,1,1,2
564851,0,1,1,2
564856,0,1,1,2
564862,0,1,1,2
564863,0,1,1,2
564922,2,1,3,2
564924,2,1,3,2
564948,0,1,1,2
564950,0,1,1,2
564963,0,1,1,2
565020,5,1,6,2
565032,1,2,2,3
565033,1,2,2,3
565041,0,1,1,2
565117,5,1,6,2
565128,5,1,6,2
565130,5,2,6,3
565139,0,1,1,2
565159,0,1,1,2
565214,5,1,6,2
565230,0,1,1,2
565247,0,1,1,2
565248,0,1,1,2
565415,5,2,6,3
565416,5,2,6,3
565709,5,1,6,2
565922,2,5,3,6
566028,2,5,3,6
566141,2,5,3,6
566142,2,5,3,6
566262,2,5,3,6
566381,5,2,6,3
566383,5,2,6,3
566386,2,5,3,6
566516,5,2,6,3
566517,5,2,6,3
566529,5,2,6,3
566530,5,2,6,3
566648,1,2,2,3
566649,1,2,2,3
566774,1,2,2,3
566897,1,2,2,3
566899,1,5,2,6
566913,5,2,6,3
566916,5,2,6,3
566990,2,1,3,2
567013,1,2,2,3
567015,1,5,2,6
567019,1,5,2,6
567034,5,2,6,3
567109,2,1,3,2
567133,1,2,2,3
567136,1,5,2,6
567144,2,5,3,6
567149,5,2,6,3
567156,5,2,6,3
567222,2,1,3,2
567247,1,2,2,3
567248,1,2,2,3
567249,1,2,2,3
567254,1,5,2,6
567272,5,2,6,3
567282,1,0,2,1
567342,2,1,3,2
567345,2,1,3,2
567346,2,1,3,2
567352,2,1,3,2
567368,1,2,2,3
567371,1,5,2,6
567375,1,5,2,6
567378,1,5,2,6
567408,5,1,6,2
567513,1,5,2,6
567520,1,5,2,6
567550,5,2,6,3
567552,5,1,6,2
567621,2,1,3,2
567625,1,2,2,3
567630,2,1,3,2
567652,1,5,2,6
567655,1,5,2,6
567660,1,5,2,6
567661,1,5,2,6
567690,5,2,6,3
567695,5,2,6,3
567697,5,1,6,2
567764,2,1,3,2
567766,2,1,3,2
567795,1,5,2,6
567799,1,5,2,6
567802,1,5,2,6
567806,1,5,2,6
567808,1,5,2,6
567809,1,5,2,6
567830,5,2,6,3
567831,5,2,6,3
567912,1,2,2,3
567935,1,5,2,6
567936,1,5,2,6
568049,2,1,3,2
568051,2,1,3,2
568082,1,5,2,6
568198,2,1,3,2
568213,1,5,2,6
568221,1,5,2,6
568246,5,2,6,3
568363,1,5,2,6
568365,5,2,6,3
568374,2,5,3,6
568376,5,2,6,3
568384,5,2,6,3
568461,1,2,2,3
568462,1,2,2,3
568486,1,5,2,6
568508,1,5,2,6
568509,2,5,3,6
568516,5,2,6,3
568523,5,2,6,3
568597,2,1,3,2
568611,1,2,2,3
568638,1,2,2,3
568643,1,2,2,3
568646,1,2,2,3
568660,5,2,6,3
568668,5,2,6,3
568743,2,1,3,2
568757,1,2,2,3
568784,1,2,2,3
568805,5,2,6,3
568889,2,1,3,2
568898,1,2,2,3
568903,2,1,3,2
568909,1,2,2,3
568932,1,2,2,3
569032,2,1,3,2
569045,1,2,2,3
569049,1,2,2,3
569051,1,2,2,3
569058,1,2,2,3
569059,1,2,2,3
569093,5,2,6,3
569099,5,2,6,3
569180,1,5,2,6
569190,1,2,2,3
569191,1,2,2,3
569193,1,2,2,3
569218,2,1,3,2
569234,5,2,6,3
569313,2,1,3,2
569328,1,2,2,3
569329,1,2,2,3
569355,1,2,2,3
569370,5,2,6,3
569371,5,2,6,3
569373,5,2,6,3
569468,1,2,2,3
569473,1,2,2,3
569476,1,2,2,3
569480,1,2,2,3
569495,1,2,2,3
569502,1,5,2,6
569514,5,2,6,3
569590,1,2,2,3
569605,1,2,2,3
569607,1,2,2,3
569611,1,2,2,3
569637,1,5,2,6
569648,5,2,6,3
569651,5,2,6,3
569731,1,2,2,3
569749,1,2,2,3
569752,1,2,2,3
569754,1,2,2,3
569783,1,5,2,6
569794,5,2,6,3
569795,5,2,6,3
569874,1,2,2,3
569894,1,2,2,3
569925,1,5,2,6
569935,5,2,6,3
570035,1,2,2,3
570044,1,2,2,3
570072,1,5,2,6
570075,5,2,6,3
570079,5,2,6,3
570080,5,2,6,3
570192,1,2,2,3
570209,1,5,2,6
570214,1,5,2,6
570221,5,2,6,3
570222,5,2,6,3
570273,1,0,2,1
570298,1,2,2,3
570321,1,2,2,3
570327,1,2,2,3
570342,1,5,2,6
570354,1,5,2,6
570364,5,2,6,3
570442,1,2,2,3
570453,1,5,2,6
570482,1,5,2,6
570485,1,5,2,6
570498,1,5,2,6
570506,1,2,2,3
570509,5,2,6,3
570511,2,1,3,2
570583,1,2,2,3
570637,1,5,2,6
570644,1,5,2,6
570645,1,5,2,6
570647,5,2,6,3
570722,1,2,2,3
570734,5,2,6,3
570777,1,5,2,6
570782,1,5,2,6
570788,2,1,3,2
570895,2,1,3,2
570916,1,2,2,3
570931,5,2,6,3
570990,2,1,3,2
571005,1,2,2,3
571007,2,1,3,2
571058,1,2,2,3
571061,1,5,2,6
571067,1,5,2,6
571070,1,5,2,6
571075,2,1,3,2
571077,2,1,3,2
571176,1,2,2,3
571179,2,1,3,2
571208,1,5,2,6
571209,1,5,2,6
571210,1,5,2,6
571211,1,5,2,6
571212,1,5,2,6
571214,1,5,2,6
571348,1,5,2,6
571414,2,0,3,1
571476,1,2,2,3
571478,1,2,2,3
571496,1,5,2,6
571499,5,2,6,3
571571,5,1,6,2
571599,1,2,2,3
571621,1,2,2,3
571637,1,5,2,6
571720,5,2,6,3
571781,1,5,2,6
571857,5,1,6,2
571860,5,1,6,2
571908,1,5,2,6
571913,1,5,2,6
571985,5,1,6,2
572038,1,5,2,6
572039,1,5,2,6
572041,1,5,2,6
572047,2,1,3,2
572071,1,2,2,3
572078,2,1,3,2
572080,1,2,2,3
572089,2,1,3,2
572091,2,1,3,2
572129,5,2,6,3
572130,5,2,6,3
572161,1,5,2,6
572166,1,5,2,6
572176,2,1,3,2
572180,2,1,3,2
572200,1,2,2,3
572214,2,1,3,2
572286,1,2,2,3
572295,1,5,2,6
572297,1,5,2,6
572325,1,2,2,3
572338,2,1,3,2
572342,2,1,3,2
572413,1,5,2,6
572415,1,5,2,6
572431,2,1,3,2
572450,5,2,6,3
572462,2,1,3,2
572465,2,1,3,2
572468,2,1,3,2
572527,1,2,2,3
572533,1,2,2,3
572534,1,2,2,3
572538,1,5,2,6
572544,1,5,2,6
572555,2,1,3,2
572560,2,1,3,2
572594,2,1,3,2
572625,5,1,6,2
572660,1,2,2,3
572665,2,5,3,6
572670,1,5,2,6
572706,5,2,6,3
572721,2,1,3,2
572723,2,1,3,2
572773,1,2,2,3
572834,2,1,3,2
572838,2,1,3,2
572840,2,1,3,2
572850,1,2,2,3
572851,1,2,2,3
572868,2,1,3,2
572934,5,1,6,2
572955,2,1,3,2
572963,2,1,3,2
572965,1,2,2,3
572975,2,1,3,2
573056,5,2,6,3
573071,2,1,3,2
573108,5,2,6,3
573167,5,1,6,2
573168,5,1,6,2
573171,5,2,6,3
573187,2,1,3,2
573226,5,2,6,3
573291,5,1,6,2
573354,2,5,3,6
573382,2,1,3,2
573389,2,1,3,2
573407,1,2,2,3
573453,1,2,2,3
573456,2,1,3,2
573457,2,1,3,2
573511,2,1,3,2
573512,2,1,3,2
573518,2,1,3,2
573542,5,1,6,2
573566,1,2,2,3
573585,2,1,3,2
573639,2,1,3,2
573648,2,1,3,2
573663,2,1,3,2
573664,1,2,2,3
573762,5,0,6,1
573765,2,1,3,2
573792,5,1,6,2
573793,5,1,6,2
573890,5,1,6,2
573917,5,1,6,2
573920,5,1,6,2
573928,5,2,6,3
573940,2,1,3,2
573941,2,1,3,2
573943,2,1,3,2
573982,5,2,6,3
574019,5,1,6,2
574020,5,1,6,2
574050,5,1,6,2
574051,5,1,6,2
574055,5,1,6,2
574073,2,1,3,2
574074,2,1,3,2
574098,5,2,6,3
574106,5,2,6,3
574110,5,2,6,3
574150,5,1,6,2
574200,2,1,3,2
574223,5,2,6,3
574224,5,2,6,3
574230,5,2,6,3
574232,5,2,6,3
574271,5,1,6,2
574272,2,1,3,2
574298,5,1,6,2
574302,5,1,6,2
574421,5,1,6,2
574470,5,2,6,3
574471,5,2,6,3
574472,5,2,6,3
574474,2,5,3,6
574538,5,2,6,3
574585,5,2,6,3
574587,5,2,6,3
574631,5,1,6,2
574633,5,1,6,2
574703,5,2,6,3
574711,5,2,6,3
574732,2,5,3,6
574745,5,1,6,2
574746,5,1,6,2
574781,5,2,6,3
574869,5,1,6,2
574913,5,1,6,2
574951,2,1,3,2
574967,5,1,6,2
575000,5,2,6,3
575033,5,2,6,3
575055,5,2,6,3
575151,5,2,6,3
575328,5,1,6,2
575333,5,2,6,3
575381,5,2,6,3
575460,5,2,6,3
575461,5,2,6,3
575472,2,5,3,6
575514,5,1,6,2
575518,5,1,6,2
575550,5,2,6,3
575551,5,2,6,3
575608,5,1,6,2
575708,5,2,6,3
575712,5,2,6,3
575734,2,5,3,6
575811,5,2,6,3
575812,5,2,6,3
575824,2,5,3,6
575827,2,5,3,6
575838,2,5,3,6
575917,2,5,3,6
575925,5,2,6,3
575964,1,2,2,3
575974,1,5,2,6
576006,2,5,3,6
576051,1,2,2,3
576064,1,5,2,6
576065,1,5,2,6
576138,1,2,2,3
576150,1,5,2,6
576185,2,5,3,6
576186,2,5,3,6
576200,2,5,3,6
576233,1,2,2,3
576244,1,5,2,6
576280,2,5,3,6
576281,2,5,3,6
576289,2,1,3,2
576293,2,5,3,6
576363,2,5,3,6
576364,2,5,3,6
576379,2,5,3,6
576382,2,5,3,6
576461,2,5,3,6
576496,2,5,3,6
576534,5,1,6,2
576542,5,1,6,2
576625,5,1,6,2
576626,5,1,6,2
576664,2,5,3,6
576716,5,1,6,2
576733,2,5,3,6
576803,5,1,6,2
576809,5,1,6,2
576810,5,1,6,2
576880,2,1,3,2
576978,5,2,6,3
577034,5,2,6,3
577117,2,5,3,6
577123,5,2,6,3
577212,5,2,6,3
577477,2,5,3,6
578025,5,1,6,2
578037,2,1,3,2
578119,5,1,6,2
578225,2,5,3,6
578305,2,1,3,2
578326,5,2,6,3
578377,2,5,3,6
578384,2,5,3,6
578387,2,5,3,6
578401,2,5,3,6
578402,2,5,3,6
578405,5,2,6,3
578462,2,5,3,6
578463,2,5,3,6
578464,2,5,3,6
578540,2,5,3,6
578552,2,5,3,6
578553,2,5,3,6
578558,2,5,3,6
578623,2,5,3,6
578625,2,5,3,6
578626,2,5,3,6
578637,2,5,3,6
578709,2,5,3,6
578712,2,5,3,6
578715,2,5,3,6
578716,2,5,3,6
578717,2,5,3,6
578779,2,5,3,6
578784,2,5,3,6
578789,2,5,3,6
578791,2,5,3,6
578792,2,5,3,6
578793,2,5,3,6
578794,2,5,3,6
578799,2,5,3,6
578862,2,5,3,6
578864,2,5,3,6
578866,2,5,3,6
578867,2,5,3,6
578869,2,5,3,6
578874,2,5,3,6
578879,2,5,3,6
578881,5,2,6,3
578942,2,5,3,6
578943,2,5,3,6
578948,2,5,3,6
579030,2,5,3,6
579039,2,5,3,6
579044,5,2,6,3
579101,2,5,3,6
579104,2,5,3,6
579105,2,5,3,6
579121,2,5,3,6
579122,2,5,3,6
579124,2,5,3,6
579190,2,5,3,6
579200,2,5,3,6
579211,5,2,6,3
579267,2,5,3,6
579268,2,5,3,6
579269,2,5,3,6
579283,2,5,3,6
579284,2,5,3,6
579285,2,5,3,6
579294,5,2,6,3
579310,2,1,3,2
579312,2,1,3,2
579322,2,1,3,2
579329,2,5,3,6
579330,2,5,3,6
579332,2,5,3,6
579375,2,5,3,6
579410,2,1,3,2
579414,2,5,3,6
579417,2,5,3,6
579418,2,5,3,6
579451,2,1,3,2
579457,2,5,3,6
579460,2,5,3,6
579462,2,5,3,6
579475,2,5,3,6
579480,2,1,3,2
579481,2,1,3,2
579482,2,1,3,2
579495,2,1,3,2
579502,2,5,3,6
579503,2,5,3,6
579523,2,5,3,6
579542,2,1,3,2
579550,2,5,3,6
579552,2,5,3,6
579575,2,1,3,2
579578,2,1,3,2
579593,2,5,3,6
579620,2,1,3,2
579636,2,5,3,6
579639,2,5,3,6
579642,5,2,6,3
579666,2,1,3,2
579670,2,1,3,2
579688,2,5,3,6
579690,5,2,6,3
579708,2,1,3,2
579710,2,1,3,2
579732,2,5,3,6
579754,2,1,3,2
579757,2,1,3,2
579801,2,1,3,2
579803,2,1,3,2
579807,2,1,3,2
579808,2,1,3,2
579824,2,5,3,6
579825,2,5,3,6
579851,2,1,3,2
579872,2,5,3,6
579875,2,5,3,6
579912,2,5,3,6
579913,2,5,3,6
579937,2,1,3,2
579971,5,1,6,2
579988,2,1,3,2
580011,2,5,3,6
580061,2,5,3,6
580062,2,5,3,6
580065,5,1,6,2
580067,5,1,6,2
580107,2,5,3,6
580109,5,1,6,2
580125,2,1,3,2
580153,2,1,3,2
580222,2,1,3,2
580223,2,1,3,2
580225,2,1,3,2
580297,2,1,3,2
580300,5,1,6,2
580318,2,1,3,2
580346,5,1,6,2
580348,5,1,6,2
580362,2,1,3,2
580512,2,1,3,2
580513,2,1,3,2
580564,2,1,3,2
580611,2,1,3,2
580613,2,1,3,2
580614,2,1,3,2
