prob_class_0,prob_class_1,true_label
0.90953916,0.090460815,1
0.98288745,0.017112574,0
0.9710047,0.028995238,1
0.9290283,0.070971735,0
0.9495104,0.05048958,0
0.926694,0.073306076,0
0.9197321,0.080267884,1
0.9329244,0.06707556,1
0.9493236,0.05067635,0
0.89730686,0.10269311,1
0.97899264,0.021007357,0
0.97956973,0.020430243,0
0.93096966,0.06903041,1
0.9056605,0.09433955,1
0.93234676,0.06765322,0
0.93566006,0.06433988,0
0.9439416,0.05605837,0
0.9314054,0.06859459,0
0.92547446,0.07452558,0
0.93789166,0.062108345,0
0.9487848,0.051215205,0
0.8857963,0.11420374,1
0.97317725,0.026822766,0
0.91641617,0.08358384,1
0.8934739,0.10652605,1
0.89962703,0.100373015,1
0.8942058,0.105794184,1
0.9084431,0.09155694,1
0.93378323,0.06621682,0
0.8903767,0.10962332,1
0.91107625,0.08892377,1
0.55376273,0.44623733,1
0.6063136,0.39368638,1
0.62599534,0.37400466,1
0.59022856,0.40977144,1
0.6211483,0.37885168,1
0.5956967,0.4043033,1
0.90612185,0.09387819,0
0.05392518,0.94607484,1
0.06437147,0.93562853,1
0.07269408,0.92730594,1
0.65353316,0.34646678,0
0.29228586,0.70771414,0
0.88369006,0.11630992,0
0.31400535,0.68599457,0
0.5306994,0.46930063,0
0.49193576,0.5080642,0
0.5178301,0.4821699,0
0.9527716,0.047228448,0
0.96211153,0.037888464,0
0.97127354,0.028726442,0
0.9447789,0.055221062,0
0.34679767,0.65320235,0
0.8856634,0.1143366,0
0.89238364,0.1076164,0
0.26787615,0.73212385,1
0.2902486,0.70975137,1
0.9169508,0.08304924,0
0.927933,0.07206702,0
0.95623493,0.043765128,0
0.87714374,0.12285626,1
0.8410203,0.15897974,1
0.96290356,0.037096456,0
0.95409995,0.04590001,0
0.93884087,0.06115913,0
0.9109238,0.08907619,0
0.90422845,0.09577152,0
0.96549183,0.034508135,0
0.02459901,0.9754009,1
0.02625061,0.97374946,1
0.2304869,0.76951313,1
0.035771888,0.9642281,1
0.03531309,0.96468693,1
0.021147793,0.9788522,1
0.008570967,0.99142903,1
0.0091160145,0.990884,1
0.012012657,0.9879873,1
0.93063295,0.069367036,0
0.9482163,0.051783703,0
0.60948026,0.39051974,0
0.03074699,0.96925306,1
0.041679326,0.9583206,0
0.049672984,0.95032704,1
0.024140973,0.975859,1
0.034170575,0.96582943,1
0.06642909,0.9335709,0
0.18688315,0.81311685,0
0.13161436,0.8683857,0
0.44870555,0.5512944,0
0.04566958,0.9543304,1
0.03558252,0.96441746,0
0.23667443,0.76332563,0
0.08497061,0.9150294,1
0.18901666,0.8109833,1
0.1439832,0.85601676,1
0.09218763,0.9078124,1
0.4453929,0.5546071,0
0.46732217,0.5326779,0
0.803984,0.19601607,0
0.11789606,0.8821039,0
0.03949066,0.9605093,1
0.033789553,0.9662104,0
0.036601156,0.9633989,0
0.033864997,0.96613497,0
0.045280315,0.95471966,0
0.48794025,0.51205975,0
0.50061923,0.4993808,0
0.11679086,0.8832091,1
0.1646991,0.8353009,1
0.917097,0.08290307,0
0.030911958,0.969088,1
0.027048877,0.97295105,1
0.032790557,0.9672094,1
0.04123448,0.95876557,1
0.055330068,0.94466996,1
0.031277932,0.96872205,0
0.22136672,0.7786333,0
0.5735994,0.42640057,0
0.7622235,0.23777652,0
0.259424,0.74057597,0
0.10559866,0.8944013,1
0.25347593,0.74652404,0
0.3190591,0.68094087,0
0.09322302,0.90677696,1
0.24033415,0.75966585,1
0.32613486,0.67386514,0
0.39503974,0.60496026,0
0.81400913,0.18599087,0
0.19667514,0.8033248,1
0.20167568,0.7983243,1
0.26595387,0.73404616,1
0.19959344,0.8004066,1
0.86739147,0.13260856,0
0.96639484,0.03360513,0
0.96415275,0.035847258,0
0.95391756,0.046082426,0
0.8977492,0.102250814,0
0.021552902,0.97844714,1
0.022311166,0.9776888,1
0.02285545,0.97714454,1
0.026609948,0.97339004,1
0.030512702,0.9694873,1
0.100837335,0.8991627,1
0.018807814,0.9811921,1
0.023252059,0.97674793,1
0.06925028,0.9307497,1
0.17405678,0.82594323,1
0.10986795,0.89013207,1
0.083165675,0.91683435,1
0.25235903,0.74764097,0
0.5791671,0.42083284,0
0.65238756,0.34761247,0
0.55362064,0.4463794,0
0.029049344,0.97095066,1
0.066703886,0.9332961,0
0.098798774,0.9012012,0
0.11054713,0.8894529,0
0.07693943,0.92306054,1
0.027048588,0.9729514,1
0.06130212,0.9386979,0
0.08710749,0.9128926,1
0.16745353,0.8325464,1
0.040327184,0.95967287,1
0.059909694,0.9400903,1
0.02686791,0.97313213,1
0.016631005,0.98336905,1
0.0410142,0.95898575,1
0.091760375,0.9082396,1
0.07869042,0.92130953,1
0.06091837,0.93908167,1
0.96744597,0.03255406,0
0.3962949,0.6037051,0
0.07442567,0.92557436,1
0.060526162,0.93947387,0
0.9116757,0.08832434,0
0.03451766,0.96548235,1
0.9668317,0.033168297,0
0.08533639,0.9146636,1
0.9195347,0.080465294,0
0.9210441,0.078955896,0
0.91646916,0.08353085,0
0.08732963,0.9126704,1
0.9325014,0.067498624,0
0.15677325,0.8432267,1
0.40601513,0.59398484,0
0.1496563,0.85034364,1
0.047930464,0.9520696,1
0.14761098,0.85238904,1
0.122397065,0.87760293,1
0.11681558,0.8831844,1
0.111031964,0.888968,1
0.12289833,0.87710166,0
0.04953581,0.9504642,1
0.1705783,0.82942176,0
0.11320474,0.8867953,1
0.08193279,0.9180672,0
0.2319353,0.76806474,0
0.017002793,0.9829972,1
0.05910942,0.9408906,1
0.06671476,0.9332853,1
0.33674425,0.66325575,0
0.52077156,0.4792284,0
0.0141053945,0.98589456,1
0.01295461,0.98704547,1
0.0041546947,0.99584526,1
0.0042086556,0.9957913,1
0.017476317,0.9825236,1
0.07830371,0.9216963,0
0.06921795,0.930782,0
0.50142616,0.4985738,0
0.6176566,0.38234344,0
0.62657154,0.37342846,0
0.9516936,0.048306353,0
0.9492021,0.05079786,0
0.91524696,0.084753044,0
0.9225278,0.07747222,0
0.94651765,0.05348238,0
0.94622827,0.05377175,0
0.9467816,0.053218447,0
0.93949234,0.060507663,0
0.47882986,0.52117014,1
0.07667027,0.9233298,1
0.92846966,0.07153038,0
0.9230911,0.07690886,0
0.92474794,0.07525204,0
0.9465792,0.05342071,0
0.9473487,0.052651316,0
0.4359977,0.5640023,1
0.5108912,0.48910883,1
0.51628876,0.48371118,1
0.93574315,0.06425687,0
0.9359997,0.06400035,0
0.9350662,0.06493382,0
0.92581725,0.07418274,0
0.91385525,0.08614475,0
0.9158298,0.08417018,0
0.9165696,0.08343042,0
0.45007578,0.54992425,1
0.450107,0.549893,1
0.4168137,0.5831863,1
0.33369058,0.6663094,1
0.06338015,0.9366198,1
0.9301365,0.06986355,0
0.9252829,0.07471715,0
0.9203095,0.07969054,0
0.9128999,0.08710007,0
0.9160394,0.08396061,0
0.9065924,0.09340764,0
0.8674977,0.13250233,1
0.8695445,0.13045552,1
0.22940366,0.7705964,1
0.18882999,0.81117004,1
0.07060715,0.9293929,1
0.031923145,0.9680769,1
0.9012656,0.09873444,0
0.9025122,0.097487815,0
0.90566933,0.09433073,0
0.9227895,0.07721048,0
0.92046803,0.079532,0
0.9049049,0.09509509,0
0.924868,0.07513203,0
0.910773,0.08922701,0
0.9719957,0.028004248,0
0.97573674,0.024263218,0
0.94410884,0.055891138,0
0.21683015,0.7831698,1
0.19160992,0.8083901,1
0.18865632,0.81134367,1
0.21802983,0.7819702,1
0.17903823,0.8209618,1
0.14998814,0.8500118,1
0.89706,0.10294001,0
0.96457326,0.035426743,0
0.85955954,0.1404405,0
0.879873,0.120127,0
0.8749745,0.12502545,0
0.06642306,0.93357694,1
0.8459072,0.15409285,0
0.84939593,0.15060405,0
0.84982836,0.15017162,0
0.9002458,0.099754184,0
0.90186197,0.098138034,0
0.9145023,0.085497685,0
0.39711788,0.60288215,1
0.52085906,0.47914088,1
0.53758776,0.46241218,1
0.9711397,0.028860288,0
0.94302,0.056979995,0
0.92074686,0.07925308,0
0.90408725,0.09591276,0
0.90296644,0.09703356,0
0.9118629,0.08813711,0
0.9354248,0.06457516,0
0.9330976,0.0669024,0
0.9470996,0.05290042,0
0.96522516,0.03477484,0
0.5536132,0.4463868,1
0.9303978,0.06960225,0
0.92806727,0.07193273,0
0.91855973,0.0814403,0
0.907501,0.09249904,0
0.91060877,0.08939124,0
0.9204926,0.07950746,0
0.931432,0.068568036,0
0.9308868,0.069113225,0
0.9566733,0.043326665,0
0.40590626,0.59409374,1
0.9035616,0.09643846,0
0.8878621,0.11213795,0
0.8902699,0.10973016,0
0.8691732,0.13082674,0
0.8707498,0.12925021,0
0.90814865,0.09185137,0
0.96598923,0.034010768,0
0.9698592,0.030140767,0
0.8867909,0.113209166,1
0.20548266,0.79451734,1
0.13037257,0.8696274,1
0.113768496,0.8862315,1
0.39847252,0.6015275,1
0.9113352,0.088664815,0
0.94102633,0.058973685,0
0.46401462,0.53598535,1
0.36858776,0.6314122,1
0.14283521,0.8571648,1
0.8806087,0.119391315,0
0.0623974,0.93760264,1
0.055350557,0.94464946,1
0.8806239,0.119376116,0
0.88271236,0.11728765,0
0.8925935,0.10740656,0
0.8902006,0.109799325,0
0.8265925,0.1734075,0
0.81305814,0.1869418,0
0.055090662,0.9449093,1
0.17863496,0.82136506,1
0.10230029,0.8976997,1
0.1281079,0.8718921,1
0.10948968,0.8905103,1
0.010833906,0.9891661,1
0.92168987,0.07831021,0
0.7073322,0.29266784,0
0.90639436,0.09360569,0
0.9546208,0.045379233,0
0.036737412,0.9632626,1
0.14592569,0.85407424,1
0.028423969,0.97157604,1
0.028342083,0.9716579,1
0.029592443,0.9704076,1
0.035572954,0.9644271,1
0.13973938,0.86026067,1
0.20757712,0.7924229,1
0.024913771,0.9750862,1
0.03415055,0.9658494,1
0.02846466,0.9715353,1
0.029851625,0.9701484,1
0.024437398,0.9755626,1
0.035751827,0.9642482,1
0.094876766,0.90512323,0
0.048450213,0.95154977,1
0.7398351,0.26016492,0
0.5130666,0.48693344,0
0.16291471,0.83708537,0
0.030805916,0.96919405,0
0.012606513,0.9873935,1
0.5593524,0.4406476,0
0.5352318,0.46476823,0
0.37541783,0.6245822,0
0.064199194,0.9358008,1
0.05339689,0.94660306,1
0.6940707,0.30592933,0
0.024423886,0.9755761,1
0.014782934,0.98521703,1
0.078273684,0.9217263,0
0.644812,0.355188,0
0.40146974,0.59853023,0
0.40601104,0.5939889,0
0.70130736,0.29869264,0
0.698863,0.30113697,0
0.8479055,0.1520945,0
0.7826778,0.21732214,0
0.76076055,0.23923945,0
0.73710436,0.26289567,0
0.26757497,0.7324251,0
0.25160027,0.7483998,1
0.32819855,0.67180145,0
0.014718224,0.98528177,1
0.016361518,0.9836385,1
0.52052045,0.47947946,0
0.27880946,0.7211905,1
0.55469775,0.44530228,1
0.86207795,0.13792211,0
0.2861431,0.7138569,0
0.06360395,0.9363961,1
0.23735887,0.76264113,0
0.025195433,0.97480464,1
0.015547136,0.9844529,1
0.12706378,0.8729362,1
0.5082222,0.49177778,0
0.63190544,0.3680945,0
0.15404525,0.84595484,0
0.16213837,0.83786166,0
0.31271017,0.68728983,0
0.28777757,0.7122224,0
0.15025489,0.8497451,1
0.53776854,0.46223146,0
0.56925845,0.43074155,0
0.9372362,0.06276377,0
0.8173463,0.18265371,0
0.9515605,0.048439484,0
0.9382844,0.061715543,0
0.93105066,0.068949364,0
0.8606959,0.13930415,1
0.93430305,0.06569702,0
0.8960783,0.10392172,1
0.8647517,0.13524829,1
0.916915,0.08308493,0
0.9321722,0.067827865,0
0.92125934,0.0787407,0
0.945269,0.05473098,0
0.9338119,0.066188104,0
0.10028785,0.8997121,1
0.8983577,0.101642296,0
0.88648415,0.113515876,1
0.9384302,0.06156973,0
0.81145686,0.18854314,1
0.84852225,0.15147778,1
0.78239495,0.21760501,1
0.44159406,0.5584059,1
0.4415261,0.55847394,1
0.43883064,0.5611693,1
0.691749,0.30825102,1
0.80428654,0.19571346,0
0.4034298,0.5965702,1
0.051687337,0.9483127,1
0.018255398,0.9817446,1
0.27920997,0.72079,1
0.5710108,0.4289891,0
0.5132079,0.48679206,1
0.97513366,0.024866285,0
0.90075654,0.099243395,0
0.564184,0.43581602,1
0.36056373,0.63943624,1
0.32777485,0.6722251,1
0.25798902,0.742011,1
0.2139646,0.7860354,1
0.74314743,0.25685254,0
0.8836001,0.116399914,0
0.9630669,0.036933098,0
0.9734616,0.026538314,0
0.4284246,0.57157534,1
0.8483855,0.15161444,0
0.18579668,0.8142033,1
0.718088,0.28191206,0
0.8012099,0.19879009,0
0.81319225,0.18680777,0
0.7376934,0.26230654,0
0.8246576,0.17534234,0
0.82715344,0.17284659,0
0.926192,0.073808,0
0.8991913,0.10080871,0
0.5984063,0.40159371,1
0.95133257,0.048667468,0
0.21784395,0.78215605,1
0.050667163,0.94933283,1
0.5014106,0.49858943,1
0.8504341,0.14956588,0
0.39606068,0.6039393,1
0.45201153,0.5479884,1
0.4459581,0.55404186,0
0.3424471,0.65755296,0
0.3959443,0.60405576,0
0.24685399,0.753146,1
0.048273746,0.9517262,1
0.21476361,0.78523636,0
0.20655018,0.7934498,0
0.19781104,0.802189,0
0.7944576,0.20554239,0
0.266785,0.7332151,0
0.04902722,0.9509728,1
0.09629935,0.9037006,1
0.20473993,0.79526013,1
0.27494234,0.7250577,0
0.27575234,0.7242476,0
0.46692434,0.53307563,0
0.31718057,0.6828194,0
0.7999419,0.20005813,0
0.80318964,0.19681038,0
0.848137,0.15186295,0
0.83350927,0.16649078,0
0.30538654,0.6946134,0
0.21823664,0.7817634,1
0.1547466,0.84525347,1
0.122855805,0.8771442,1
0.37131864,0.62868136,1
0.8472602,0.15273978,0
0.10672377,0.8932762,1
0.6092618,0.39073816,0
0.79899025,0.20100974,0
0.20659551,0.7934045,1
0.1812949,0.8187051,1
0.69339436,0.30660564,0
0.91338915,0.08661087,0
0.15298739,0.84701264,1
0.037534095,0.9624659,1
0.43109637,0.5689036,1
0.76236236,0.23763762,0
0.3946592,0.6053409,1
0.4289615,0.5710385,0
0.8953726,0.104627416,0
0.91912735,0.080872595,0
0.93715674,0.0628433,0
0.87789464,0.12210532,0
0.16487691,0.8351231,1
0.2787039,0.7212961,1
0.70153964,0.29846036,0
0.82112557,0.17887442,0
0.31809238,0.6819076,1
0.2096895,0.79031044,1
0.6770233,0.3229767,0
0.96424806,0.035751898,0
0.018420188,0.98157984,1
0.06382807,0.93617195,1
0.02432252,0.97567755,1
0.103265755,0.89673424,1
0.17211312,0.8278868,1
0.5626474,0.4373526,0
0.5411149,0.45888513,0
0.5593658,0.44063416,0
0.8384925,0.1615075,0
0.83571106,0.16428891,0
0.790522,0.2094781,0
0.83023024,0.16976973,0
0.82094693,0.17905308,0
0.3383431,0.6616569,0
0.35528013,0.64471984,0
0.38225392,0.61774606,1
0.783416,0.21658401,0
0.8121729,0.18782708,0
0.866823,0.13317694,0
0.22911872,0.77088124,1
0.5247353,0.47526476,1
0.19040304,0.80959696,1
0.4171626,0.5828374,1
0.5034608,0.4965392,1
0.4713955,0.5286045,1
0.11514532,0.8848547,1
0.033102624,0.96689737,1
0.03449807,0.9655019,1
0.40942693,0.590573,0
0.36748162,0.63251835,0
0.053283054,0.94671696,1
0.15410854,0.84589154,1
0.9523174,0.04768253,0
0.3774977,0.62250227,0
0.048349697,0.9516503,1
0.47831374,0.52168626,0
0.0530969,0.9469031,1
0.3477366,0.6522634,0
0.046690267,0.9533097,1
0.40460244,0.59539753,0
0.058864035,0.94113594,1
0.054214794,0.9457852,1
0.443301,0.55669904,0
0.5024949,0.4975051,0
0.5459278,0.4540722,0
0.033967726,0.96603227,1
0.08679131,0.91320866,0
0.026983699,0.9730163,1
0.02423626,0.9757638,1
0.3996212,0.6003788,0
0.9348874,0.06511266,0
0.26190206,0.7380979,0
0.9272148,0.07278521,0
0.9590478,0.04095216,0
0.9581802,0.04181984,0
0.9314291,0.06857093,0
0.9308522,0.06914785,0
0.92442083,0.075579144,0
0.9104536,0.08954645,0
0.9091203,0.09087968,0
0.92994076,0.07005921,0
0.92994076,0.07005921,0
0.9710424,0.028957572,0
0.88627744,0.113722555,0
0.9051018,0.094898276,0
0.9139334,0.08606662,0
0.90320736,0.09679264,0
0.022272514,0.9777274,1
0.8963614,0.10363857,0
0.96565294,0.03434703,0
0.93493706,0.06506289,0
0.90424025,0.095759705,0
0.11095768,0.8890424,1
0.9334507,0.06654931,0
0.92105716,0.078942835,0
0.36614504,0.633855,1
0.032349914,0.9676501,1
0.014252213,0.98574775,1
0.027462006,0.972538,1
0.11688027,0.88311976,1
0.020248154,0.9797519,1
0.28322583,0.71677417,1
0.94818264,0.051817294,0
0.5620308,0.4379692,0
0.05123017,0.9487698,1
0.3948628,0.6051372,0
0.16844554,0.8315544,0
0.031612463,0.9683876,1
0.017297186,0.98270285,1
0.016139096,0.98386097,1
0.22579245,0.77420753,0
0.04047602,0.95952404,1
0.17216367,0.82783633,0
0.13446204,0.865538,0
0.9438716,0.056128394,0
0.5939278,0.40607223,0
0.9287771,0.071222946,0
0.24742346,0.75257653,0
0.81684345,0.18315655,0
0.91222703,0.08777299,0
0.91373974,0.08626019,0
0.9068389,0.09316113,0
0.8968677,0.1031323,0
0.93976593,0.06023406,0
0.9344505,0.06554953,0
0.9246825,0.07531745,0
0.93870586,0.06129414,0
0.19565126,0.80434877,1
0.90385455,0.096145466,0
0.91014946,0.089850545,0
0.27257258,0.7274274,1
0.93448204,0.065517955,0
0.9202393,0.07976064,0
0.8737427,0.12625727,0
0.35232252,0.6476775,1
0.5838686,0.41613138,1
0.2994388,0.70056117,1
0.013940154,0.9860598,1
0.48322856,0.51677144,0
0.18267503,0.81732494,1
0.49150085,0.50849915,0
0.9097929,0.09020708,0
0.94109446,0.058905553,0
0.9668178,0.033182275,0
0.20218682,0.7978132,1
0.1010923,0.89890766,1
0.48128712,0.5187129,0
0.29988602,0.700114,1
0.22209688,0.77790314,1
0.0117433835,0.98825663,1
0.05065751,0.94934255,1
0.05772915,0.9422709,1
0.09144729,0.9085527,1
0.12253021,0.87746984,1
0.8588037,0.14119631,0
0.8599293,0.14007069,0
0.84421456,0.15578543,0
0.30068296,0.69931704,0
0.924793,0.07520697,0
0.9227941,0.07720593,0
0.9169548,0.083045185,0
0.030237358,0.9697627,1
0.032533944,0.96746606,1
0.05911078,0.94088924,1
0.05189424,0.9481057,1
0.9150825,0.084917456,0
0.2763609,0.7236391,1
0.88116324,0.11883673,0
0.7954647,0.20453528,0
0.43897972,0.56102026,1
0.017436007,0.98256403,1
0.023300191,0.9766998,1
0.021591637,0.97840834,1
0.020361856,0.97963816,1
0.04015681,0.95984316,1
0.07673939,0.92326057,0
0.40170538,0.5982946,0
0.38262096,0.617379,0
0.72138685,0.27861312,0
0.6195689,0.38043112,0
0.09963516,0.9003648,1
0.08010553,0.9198945,0
0.09424523,0.9057548,1
0.03793024,0.9620698,1
0.042488158,0.95751184,1
0.046941094,0.9530589,1
0.14718853,0.85281146,0
0.08733336,0.9126667,1
0.08349912,0.91650087,1
0.48755863,0.5124414,0
0.6567901,0.34320995,0
0.66305405,0.33694592,0
0.4512023,0.5487977,0
0.053681,0.94631904,1
0.06871549,0.93128455,1
0.050133485,0.9498665,1
0.070886575,0.9291134,1
0.10936338,0.8906366,1
0.038310412,0.96168965,1
0.058223512,0.9417765,1
0.0507676,0.9492324,1
0.058393646,0.94160634,1
0.044759233,0.9552407,1
0.6789831,0.32101694,0
0.95556676,0.044433296,0
0.9360797,0.06392025,0
0.924485,0.07551499,0
0.941138,0.05886198,0
0.9437892,0.056210764,0
0.9242185,0.075781554,0
0.92684746,0.073152564,0
0.9216024,0.078397505,0
0.92202985,0.07797022,0
0.9179303,0.08206967,0
0.92422426,0.075775735,0
0.9554271,0.04457283,0
0.9700855,0.029914437,0
0.9684571,0.03154289,0
0.9400593,0.059940636,0
0.9322481,0.06775186,0
0.9112433,0.08875672,0
0.90247774,0.097522244,0
0.92025316,0.07974684,0
0.92924184,0.07075816,0
0.9297372,0.07026273,0
0.9296761,0.07032392,0
0.82306254,0.17693748,1
0.95572877,0.04427128,0
0.74167573,0.25832418,1
0.6081737,0.3918263,1
0.89152896,0.1084711,0
0.88653,0.11347007,0
0.8889585,0.11104147,0
0.89018637,0.10981366,0
0.4615461,0.53845394,1
0.5133732,0.48662686,1
0.8600874,0.13991255,0
0.96913356,0.030866394,0
0.7398826,0.2601175,1
0.9195352,0.080464765,0
0.92692477,0.07307521,0
0.89436567,0.10563433,0
0.8956968,0.10430319,0
0.8825012,0.11749884,0
0.88517934,0.11482065,0
0.7017995,0.29820055,1
0.8271091,0.17289089,1
0.9507417,0.049258348,0
0.94979817,0.05020186,0
0.9508619,0.049138162,0
0.95186603,0.048133977,0
0.9525961,0.04740386,0
0.943503,0.056497026,0
0.9289571,0.07104288,0
0.92892665,0.07107338,0
0.92844355,0.07155642,0
0.47694203,0.52305806,1
0.92756104,0.07243895,0
0.9294733,0.070526674,0
0.9313483,0.068651676,0
0.94336784,0.0566322,0
0.95049953,0.0495005,0
0.9726538,0.02734625,0
0.97313684,0.026863147,0
0.6589507,0.3410493,1
0.9527278,0.047272246,0
0.9119676,0.08803239,1
0.932581,0.06741896,0
0.9277124,0.07228765,1
0.94075704,0.059243016,0
0.9266483,0.07335171,0
0.92652947,0.07347048,0
0.9207576,0.07924243,0
0.9192203,0.08077964,0
0.08715887,0.9128411,1
0.2910224,0.70897764,1
0.20916066,0.7908394,1
0.9433938,0.056606166,0
0.34072703,0.65927297,1
0.9473944,0.052605595,0
0.82560194,0.17439805,0
0.38687423,0.6131258,1
0.0782942,0.92170584,1
0.9548237,0.045176342,0
0.94983625,0.050163716,0
0.9210723,0.07892769,0
0.5362426,0.46375743,1
0.9292129,0.070787095,0
0.1854494,0.8145505,1
0.11148262,0.8885174,1
0.9116339,0.088366106,0
0.92615896,0.07384099,0
0.96331006,0.036689907,0
0.97212267,0.027877277,0
0.5303906,0.46960935,1
0.34293357,0.6570664,1
0.06366264,0.93633735,1
0.08811795,0.91188204,1
0.88404644,0.11595353,0
0.9658829,0.03411707,0
0.9712899,0.028710116,0
0.9771299,0.022870194,0
0.9617168,0.038283262,0
0.91813296,0.081867106,0
0.94104385,0.058956083,0
0.9193008,0.08069922,0
0.8730039,0.12699611,0
0.8931757,0.10682428,0
0.9051024,0.0948977,0
0.89585197,0.104148045,1
0.6351407,0.36485925,1
0.24010321,0.75989676,1
0.9305265,0.06947354,0
0.4915414,0.5084587,1
0.44553006,0.5544699,1
0.30773202,0.69226795,1
0.92815673,0.07184332,0
0.92773414,0.07226593,0
0.900146,0.09985406,0
0.5577976,0.44220233,1
0.9259025,0.074097544,0
0.9385203,0.061479658,0
0.9318435,0.06815653,0
0.931842,0.06815795,0
0.2181648,0.78183514,1
0.93369406,0.06630597,0
0.9403849,0.059614997,0
0.9406602,0.05933979,0
0.94525874,0.054741245,0
0.96627796,0.033722036,0
0.7023986,0.2976014,1
0.41003546,0.58996457,1
0.9065112,0.093488805,1
0.9248888,0.0751112,0
0.21089451,0.7891055,1
0.23776717,0.76223284,1
0.8738598,0.12614012,0
0.9315351,0.06846483,0
0.82045084,0.17954913,1
0.9443118,0.055688236,0
0.9410044,0.05899565,0
0.92423356,0.075766474,0
0.9025247,0.09747531,0
0.9282752,0.07172474,0
0.92176527,0.0782347,0
0.92094237,0.079057604,0
0.8925018,0.107498266,1
0.9089577,0.091042295,1
0.9105579,0.08944203,1
0.92342186,0.076578125,1
0.89998305,0.100016974,1
0.89135575,0.10864418,1
0.92449796,0.075501986,0
0.9247709,0.0752291,0
0.926548,0.07345199,0
0.9293693,0.07063071,0
0.929892,0.07010794,0
0.91384935,0.08615063,0
0.943914,0.056085978,0
0.9586379,0.0413621,0
0.976917,0.023082895,0
0.8962549,0.10374505,0
0.891251,0.10874893,0
0.89599615,0.10400383,0
0.90229446,0.09770561,0
0.88802874,0.11197123,0
0.89247316,0.10752686,0
0.8945529,0.10544707,0
0.9630555,0.036944546,0
0.96319413,0.03680586,0
0.97259855,0.027401501,0
0.9325262,0.067473836,1
0.9146359,0.085364126,1
0.88192314,0.11807683,0
0.89110655,0.1088935,1
0.8832949,0.11670517,1
0.9509687,0.049031332,1
0.1920052,0.80799484,1
0.351137,0.648863,1
0.92077696,0.079222985,0
0.22092889,0.77907115,1
0.90144765,0.098552294,0
0.880891,0.11910898,0
0.9169413,0.08305873,0
0.35593525,0.6440648,1
0.19050767,0.80949235,1
0.3781465,0.6218535,1
0.909443,0.09055698,0
0.9509164,0.04908363,0
0.94104606,0.05895397,0
0.30182022,0.6981798,1
0.11838887,0.8816111,1
0.9102164,0.089783594,0
0.082286604,0.9177134,1
0.9255857,0.07441429,0
0.7967688,0.20323122,0
0.36073232,0.6392677,1
0.90075326,0.0992467,0
0.8960736,0.10392643,0
0.88870883,0.11129119,0
0.28797427,0.71202576,1
0.22260164,0.77739835,1
0.13360804,0.86639196,1
0.34248596,0.65751404,1
0.1823964,0.8176036,1
0.5719457,0.4280542,0
0.1691615,0.8308385,1
0.10056182,0.89943814,1
0.052198857,0.9478012,1
0.13051312,0.8694869,1
0.17602168,0.82397836,0
0.7942251,0.20577489,0
0.7939562,0.20604374,0
0.7909467,0.20905325,0
0.31798118,0.68201876,0
0.75863403,0.24136594,0
0.044088233,0.9559118,1
0.03530037,0.96469957,1
0.039392147,0.9606078,1
0.034578286,0.9654217,1
0.6871197,0.3128802,0
0.79340243,0.20659757,0
0.53749067,0.46250933,0
0.7509846,0.24901536,0
0.28478274,0.71521723,1
0.43943807,0.56056195,0
0.46415025,0.53584975,0
0.40630898,0.59369105,0
0.10060462,0.8993954,1
0.17401847,0.8259815,1
0.20190762,0.7980923,1
0.36970556,0.63029444,1
0.4626058,0.53739417,0
0.96156484,0.038435165,0
0.96056,0.039440002,0
0.32885206,0.67114794,1
0.09946599,0.90053403,1
0.1379418,0.86205816,1
0.8182337,0.18176635,0
0.90974605,0.090254,0
0.8895235,0.11047647,0
0.7959237,0.2040762,0
0.79679185,0.20320816,0
0.84827906,0.15172096,0
0.9169292,0.083070844,0
0.2217804,0.7782196,1
0.87183243,0.12816758,0
0.84233457,0.15766536,0
0.11643232,0.88356775,1
0.15734552,0.8426545,1
0.03338963,0.9666104,1
0.20055765,0.79944235,1
0.7019313,0.2980687,0
0.1683278,0.83167213,1
0.20940422,0.79059577,1
0.96160376,0.03839631,0
0.9683945,0.031605437,0
0.42426494,0.5757351,1
0.95638037,0.043619614,0
0.13464405,0.8653559,1
0.1304754,0.8695246,1
0.3838909,0.6161091,1
0.25503755,0.74496245,1
0.43538627,0.56461376,1
0.39245313,0.60754687,1
0.94405943,0.05594059,0
0.90523833,0.094761685,0
0.9508013,0.04919873,0
0.9686159,0.03138414,0
0.93204767,0.067952365,0
0.9220281,0.07797186,0
0.51200086,0.48799908,1
0.41487652,0.58512354,1
0.9286215,0.071378574,0
0.9069377,0.09306223,1
0.9262501,0.07374997,0
0.94536644,0.054633576,0
0.92459357,0.0754064,0
0.92677003,0.073230006,0
0.92944086,0.07055916,0
0.9282962,0.07170382,0
0.9380193,0.06198066,0
0.93740094,0.062599026,0
0.68766797,0.31233203,1
0.9740468,0.025953144,0
0.91540825,0.08459172,0
0.9015433,0.09845669,0
0.89342505,0.10657499,0
0.89157516,0.10842483,0
0.9277763,0.07222377,0
0.9090551,0.09094483,0
0.9059796,0.09402041,0
0.9147205,0.08527953,0
0.9158228,0.08417722,0
0.9163214,0.08367863,0
0.91400486,0.08599514,0
0.92040014,0.07959984,0
0.94958466,0.050415322,0
0.9613882,0.038611818,1
0.9596031,0.040396906,1
0.8830807,0.1169193,1
0.8861748,0.11382513,0
0.8957291,0.104270846,0
0.46156508,0.538435,1
0.402831,0.597169,1
0.3163438,0.68365616,1
0.86435235,0.13564762,0
0.9642522,0.035747867,0
0.96221405,0.037786,0
0.015582952,0.984417,1
0.015649341,0.9843507,1
0.015221451,0.9847786,1
0.014319333,0.9856807,1
0.02024626,0.9797537,1
0.02133755,0.97866243,1
0.043156557,0.95684344,1
0.46771407,0.53228587,0
0.82535386,0.17464615,0
0.8090685,0.19093156,0
0.5259276,0.47407237,0
0.38655674,0.61344326,0
0.51457554,0.48542446,0
0.29362243,0.70637757,0
0.13015088,0.8698492,0
0.12141163,0.8785884,0
0.036342517,0.96365756,1
0.27787775,0.7221223,0
0.44503823,0.5549617,0
0.62666714,0.3733328,0
0.7017098,0.29829022,0
0.7940481,0.20595191,0
0.35139957,0.64860046,1
0.35442302,0.645577,1
0.8026944,0.19730566,0
0.9315482,0.068451785,0
0.926359,0.07364102,0
0.93294775,0.06705229,0
0.931365,0.06863503,0
0.41230682,0.5876932,1
0.28022927,0.7197707,1
0.6598678,0.3401322,0
0.9351514,0.06484867,0
0.61452925,0.38547078,1
0.03005981,0.9699402,1
0.034199353,0.9658006,1
0.035758432,0.9642415,1
0.040439367,0.9595607,1
0.037745908,0.9622541,1
0.04670557,0.95329446,1
0.19794491,0.80205506,0
0.9332938,0.06670618,0
0.8174649,0.18253511,0
0.51892936,0.48107064,0
0.3811852,0.6188148,0
0.32797924,0.67202073,0
0.6503874,0.34961268,0
0.9388669,0.06113304,0
0.9525121,0.04748795,0
0.87562424,0.12437574,0
0.7197939,0.28020608,1
0.82666934,0.17333071,0
0.9095566,0.09044338,0
0.91365993,0.08634006,0
0.9199185,0.08008145,0
0.9262725,0.07372753,0
0.9251233,0.074876696,0
0.9204929,0.07950715,0
0.84588766,0.15411235,0
0.5007165,0.49928346,1
0.509949,0.49005106,1
0.8901437,0.10985629,0
0.888931,0.11106896,0
0.90305614,0.096943855,0
0.92606544,0.07393455,0
0.92587215,0.07412789,0
0.7316616,0.26833835,1
0.77987397,0.22012606,1
0.8079987,0.19200127,1
0.9644966,0.035503384,0
0.17647232,0.8235277,1
0.33136702,0.668633,1
0.2362713,0.7637287,1
0.55490327,0.44509673,1
0.5626433,0.4373567,1
0.65144503,0.348555,1
0.5636853,0.4363147,1
0.5084881,0.49151185,1
0.3573718,0.64262825,1
0.6646633,0.3353367,1
0.6165316,0.38346842,1
0.71601117,0.28398883,1
0.69945765,0.30054238,0
0.9530166,0.04698346,0
0.95683664,0.0431634,0
0.94835997,0.051640026,0
0.94878376,0.051216196,0
0.78182715,0.21817291,1
0.40364042,0.59635955,1
0.38096705,0.619033,1
0.5517199,0.44828013,1
0.7434293,0.25657073,1
0.2564743,0.7435257,1
0.77782357,0.22217642,1
0.77318835,0.2268117,1
0.9525603,0.047439646,0
0.93024874,0.069751255,0
0.9299748,0.07002518,0
0.93588805,0.0641119,0
0.9628193,0.037180778,0
0.9730157,0.026984314,0
0.9222158,0.07778417,0
0.9284758,0.07152416,0
0.9269768,0.073023155,0
0.92456114,0.07543882,0
0.9459606,0.054039486,0
0.9441121,0.055887893,0
0.96570665,0.03429338,0
0.96993095,0.030069003,0
0.9656826,0.03431731,0
0.8592778,0.14072223,1
0.8468377,0.15316229,1
0.17728722,0.8227128,1
0.040385153,0.9596149,1
0.03470054,0.9652995,1
0.024882153,0.9751178,1
0.023962159,0.97603786,1
0.40629688,0.5937032,1
0.9184343,0.08156574,0
0.38277456,0.6172254,1
0.9406261,0.059373867,0
0.9184154,0.0815846,0
0.78801984,0.21198024,0
0.03543478,0.9645653,1
0.112791166,0.8872088,1
0.014059324,0.9859407,1
0.020569509,0.97943056,1
0.8380639,0.1619361,0
0.20479698,0.79520303,0
0.24417107,0.7558289,0
0.23587777,0.76412225,0
0.22584946,0.7741505,0
0.17467496,0.8253251,0
0.019996718,0.98000336,1
0.83789563,0.16210435,0
0.09066195,0.90933806,1
0.018913522,0.98108643,1
0.07087601,0.929124,1
0.07848341,0.9215166,1
0.2715112,0.7284888,0
0.11831151,0.8816885,1
0.038619056,0.9613809,1
0.026086692,0.97391325,1
0.41505823,0.5849418,0
0.511775,0.488225,0
0.70389086,0.2961092,0
0.83639395,0.16360602,0
0.3899933,0.6100067,0
0.3105147,0.6894853,0
0.13807026,0.8619298,0
0.139245,0.86075497,1
0.035785902,0.96421415,1
0.05779084,0.9422092,1
0.084422424,0.9155776,1
0.9352999,0.06470019,0
0.3151011,0.6848989,0
0.07312224,0.92687774,1
0.5672688,0.4327312,0
0.6983291,0.30167088,0
0.48653847,0.5134616,0
0.15687945,0.8431206,1
0.32816443,0.6718355,0
0.3517638,0.6482362,1
0.35235587,0.6476441,1
0.3225186,0.6774814,1
0.30223966,0.6977604,1
0.6315285,0.36847153,0
0.8597334,0.14026655,0
0.779536,0.22046402,0
0.58123374,0.41876623,0
0.8548098,0.14519018,0
0.37337184,0.62662816,1
0.5173889,0.48261115,0
0.4040999,0.5959001,1
0.2233861,0.77661395,1
0.22953397,0.77046597,1
0.6626911,0.33730888,0
0.4828856,0.5171144,0
0.6281797,0.37182024,0
0.76982623,0.23017372,0
0.8206281,0.17937192,0
0.19638252,0.80361754,1
0.65775967,0.34224036,0
0.86134624,0.13865378,0
0.8641704,0.13582961,0
0.57368296,0.42631707,0
0.8931717,0.106828265,0
0.91452354,0.08547642,0
0.91631025,0.08368973,0
0.5962621,0.4037379,1
0.6063278,0.3936723,1
0.9528415,0.04715849,0
0.91372025,0.086279705,0
0.848673,0.15132706,1
0.66080254,0.33919743,1
0.5196676,0.48033237,1
0.9039759,0.09602408,0
0.9245438,0.075456224,0
0.89929295,0.100707024,0
0.4657173,0.53428274,1
0.96620786,0.03379213,0
0.96867007,0.031329975,0
0.95597106,0.044028893,0
0.11669612,0.8833039,1
0.11917672,0.8808232,1
0.12227217,0.8777278,1
0.14239833,0.85760164,1
0.23397534,0.76602465,1
0.88062286,0.11937716,0
0.896853,0.10314695,0
0.783485,0.21651493,0
0.8571749,0.14282514,0
0.7462336,0.25376642,0
0.34595987,0.65404004,1
0.2089072,0.7910928,1
0.303752,0.696248,1
0.8370596,0.1629404,0
0.46372366,0.53627634,1
0.40185955,0.5981405,1
0.37531558,0.62468445,1
0.42125988,0.5787401,1
0.2982319,0.7017681,1
0.22321562,0.77678436,1
0.56475675,0.43524316,0
0.8285399,0.17146008,0
0.273545,0.726455,1
0.2440518,0.7559482,1
0.84125483,0.1587452,0
0.7018938,0.29810622,0
0.470264,0.529736,1
0.08783337,0.9121666,1
0.07058318,0.92941684,1
0.23849948,0.7615005,1
0.27590245,0.72409755,1
0.5574057,0.4425943,0
0.3706052,0.6293948,1
0.363333,0.6366671,1
0.6033076,0.3966924,0
0.2745252,0.72547483,1
0.57055914,0.4294408,0
0.21477999,0.78521997,1
0.13936463,0.8606354,1
0.15436925,0.84563076,1
0.22640933,0.7735906,1
0.4266346,0.5733654,1
0.26961282,0.7303872,1
0.31805426,0.6819457,1
0.8142351,0.18576491,0
0.7891109,0.21088907,0
0.79247075,0.20752928,0
0.47360843,0.52639157,1
0.28529924,0.71470076,1
0.13563803,0.864362,1
0.11231653,0.88768345,1
0.2567241,0.7432759,0
0.34749058,0.65250945,0
0.6639143,0.3360857,0
0.27829555,0.7217045,1
0.033751152,0.9662488,1
0.4490745,0.55092555,0
0.19217001,0.80783004,1
0.35575917,0.6442408,0
0.35092196,0.649078,0
0.45323223,0.54676783,0
0.73760736,0.26239267,0
0.70601016,0.2939898,0
0.3924726,0.60752743,0
0.5088552,0.49114478,0
0.5637313,0.4362687,0
0.47070912,0.52929085,0
0.5351157,0.46488428,0
0.5524948,0.44750518,0
0.5271336,0.47286636,0
0.9198529,0.080147065,0
0.8874556,0.11254442,0
0.382883,0.617117,1
0.37569436,0.6243056,1
0.2025353,0.7974647,1
0.43330705,0.566693,1
0.54746693,0.45253307,0
0.9161637,0.08383631,0
0.92573243,0.074267514,0
0.12673967,0.8732604,1
0.16270281,0.83729714,1
0.0821494,0.91785055,1
0.082328774,0.9176712,1
0.062574275,0.9374257,1
0.033386756,0.96661323,1
0.13400592,0.86599416,1
0.8937237,0.10627624,0
0.4593831,0.5406169,0
0.54832035,0.45167968,0
0.82933044,0.17066951,0
0.12401852,0.87598145,1
0.29576954,0.7042305,1
0.2776852,0.7223148,1
0.25910565,0.74089444,1
0.27296522,0.72703487,1
0.6466249,0.35337508,0
0.8430952,0.15690482,0
0.8857847,0.11421527,0
0.84452283,0.15547714,0
0.8161731,0.18382694,0
0.96498924,0.03501079,0
0.83575857,0.16424146,0
0.91360843,0.086391576,0
0.91320837,0.08679167,0
0.8658614,0.1341386,0
0.93108857,0.06891147,0
0.8556947,0.14430524,1
0.9060329,0.0939671,0
0.86507756,0.13492242,1
0.96829647,0.03170347,0
0.9784726,0.021527372,0
0.90467,0.09532997,0
0.90663946,0.09336056,0
0.76260585,0.23739418,1
0.8996166,0.10038341,0
0.051345903,0.9486541,1
0.08210534,0.91789466,1
0.89813685,0.101863146,0
0.90654266,0.09345738,0
0.92005986,0.07994015,0
0.9220431,0.07795694,0
0.9217053,0.07829472,0
0.90290076,0.09709926,0
0.95859027,0.041409794,0
0.9661778,0.033822134,0
0.97068024,0.029319754,0
0.88605696,0.11394303,1
0.83543086,0.16456911,1
0.8389178,0.16108227,1
0.53395605,0.46604398,1
0.48331812,0.5166819,1
0.5614021,0.43859792,1
0.9378078,0.062192228,0
0.92654556,0.073454455,0
0.94689465,0.053105388,0
0.39514723,0.6048528,1
0.4928652,0.50713485,1
0.6848033,0.31519675,0
0.4557025,0.5442975,1
0.12795798,0.872042,1
0.30470783,0.69529223,1
0.9631083,0.036891643,0
0.9749909,0.025009075,0
0.9759236,0.02407642,0
0.77604157,0.22395842,0
0.10488965,0.89511037,1
0.62976027,0.3702397,0
0.32755068,0.67244935,1
0.90702903,0.092971,0
0.9168466,0.08315342,0
0.9523743,0.04762575,0
0.8495739,0.15042602,0
0.9016734,0.09832666,0
0.80083615,0.19916387,0
0.7973743,0.20262574,0
0.8222067,0.17779337,0
0.8138449,0.18615508,0
0.15573843,0.8442615,1
0.15993527,0.8400647,1
0.87914103,0.12085895,0
0.8786019,0.12139807,0
0.8603704,0.13962959,1
0.9048556,0.095144354,0
0.9109421,0.08905793,0
0.90444326,0.09555671,0
0.9006108,0.09938917,0
0.8917823,0.10821777,0
0.93987244,0.060127582,0
0.48717722,0.5128228,1
0.8722243,0.12777574,1
0.9592379,0.040762164,0
0.766057,0.23394299,1
0.04671642,0.9532836,1
0.32706204,0.672938,1
0.86431396,0.13568597,0
0.92508805,0.07491198,0
0.96985906,0.030140914,0
0.900836,0.09916402,0
0.13283254,0.8671675,1
0.8512069,0.14879315,0
0.8542348,0.14576517,0
0.8527347,0.14726526,0
0.92423916,0.07576086,0
0.9721691,0.027830899,0
0.74921376,0.25078627,1
0.830344,0.16965592,1
0.33901033,0.66098964,1
0.31395575,0.6860442,1
0.05309901,0.94690096,1
0.38830736,0.61169267,1
0.4252443,0.57475567,1
0.43137044,0.5686296,1
0.53814363,0.46185634,0
0.94350916,0.056490876,0
0.45595887,0.54404116,1
0.44937012,0.55062985,1
0.4482206,0.5517794,1
0.7477359,0.25226402,0
0.75177234,0.24822764,0
0.43391806,0.5660819,1
0.31083143,0.6891686,1
0.8218863,0.1781137,0
0.90430576,0.095694184,0
0.97661555,0.023384416,0
0.9891192,0.010880808,0
0.89982057,0.10017944,0
0.8553859,0.1446141,0
0.7681477,0.23185228,1
0.84482193,0.15517804,0
0.7605431,0.23945689,1
0.839923,0.16007698,0
0.8514483,0.1485517,0
0.8567392,0.14326075,0
0.80954146,0.19045849,0
0.71700823,0.28299177,1
0.80846196,0.19153805,1
0.35765663,0.6423434,1
0.42675716,0.5732428,1
0.34872717,0.65127283,1
0.5475261,0.45247394,1
0.84934676,0.15065327,1
0.82741535,0.17258465,1
0.8182119,0.18178812,1
0.89183366,0.10816637,0
0.543786,0.456214,1
0.042513132,0.9574869,1
0.048419446,0.9515806,1
0.06478051,0.93521947,1
0.19007283,0.8099272,1
0.93062264,0.06937738,0
0.8657395,0.13426046,0
0.9231507,0.076849245,0
0.8300326,0.16996746,0
0.8047931,0.1952069,0
0.941532,0.058467906,0
0.45723167,0.5427683,0
0.45197612,0.5480239,1
0.8283176,0.17168246,0
0.8677176,0.13228239,0
0.87807655,0.121923395,0
0.9184285,0.081571504,0
0.8995781,0.10042187,0
0.36389896,0.63610107,1
0.9111768,0.08882322,0
0.8390802,0.1609198,1
0.9380829,0.06191716,0
0.8978881,0.102111876,0
0.88438374,0.11561628,0
0.8293429,0.17065708,1
0.8463262,0.15367383,0
0.8034608,0.19653915,1
0.8035707,0.19642928,1
0.8859708,0.114029184,0
0.8381746,0.16182539,1
0.86324054,0.13675947,1
0.9495155,0.05048442,0
0.9658558,0.034144178,0
0.8997233,0.10027664,1
0.44931942,0.5506805,1
0.5515196,0.4484804,1
0.81614876,0.18385124,0
0.6389129,0.36108705,1
0.5484203,0.4515797,1
0.80373865,0.19626136,1
0.9368959,0.06310404,0
0.9446747,0.05532538,0
0.5956378,0.40436223,1
0.9279106,0.0720894,0
0.8724239,0.12757613,1
0.90266323,0.09733685,1
0.87342536,0.1265746,1
0.77950317,0.2204968,0
0.48392445,0.51607555,1
0.4041678,0.5958322,1
0.3809639,0.61903614,1
0.12791918,0.8720808,1
0.9736572,0.026342826,0
0.94310015,0.056899816,0
0.9858418,0.014158142,0
0.7324662,0.2675338,1
0.87918955,0.12081046,0
0.94602,0.053979974,0
0.52927595,0.4707241,1
0.12837501,0.871625,1
0.5754616,0.4245384,1
0.98091644,0.019083519,0
0.800804,0.19919601,0
0.8075108,0.19248916,0
0.44218272,0.5578173,1
0.8743145,0.12568547,0
0.8015062,0.19849376,0
0.9292237,0.07077623,0
0.87745714,0.12254279,0
0.4624541,0.5375459,1
0.4299333,0.5700667,1
0.46935707,0.5306429,1
0.93361706,0.066382945,0
0.9278034,0.07219657,0
0.9348511,0.06514888,0
0.8911508,0.10884922,0
0.9331924,0.0668076,0
0.83441454,0.16558546,0
0.89009124,0.10990874,0
0.9641503,0.035849664,0
0.91144687,0.088553146,0
0.7385696,0.2614304,1
0.40861154,0.59138846,1
0.33585918,0.6641408,1
0.77731746,0.22268249,1
0.9325,0.06749999,0
0.83819675,0.16180325,1
0.85217357,0.14782646,0
0.9525722,0.047427837,0
0.9570745,0.04292544,0
0.44909164,0.5509084,1
0.36259258,0.6374074,1
0.15899575,0.84100425,1
0.11733009,0.8826699,1
0.09807784,0.9019221,1
0.1915754,0.8084246,1
0.1982891,0.8017109,1
0.3602126,0.6397874,1
0.8694196,0.13058044,0
0.5160241,0.48397592,1
0.47171396,0.528286,1
0.48642704,0.51357293,1
0.43707934,0.56292063,1
0.48947597,0.5105241,1
0.5772202,0.42277986,1
0.4693084,0.5306917,1
0.8692494,0.13075057,0
0.7796659,0.22033413,0
0.40942776,0.5905722,1
0.4007046,0.5992954,1
0.74586207,0.25413784,0
0.35474744,0.6452526,1
0.43913165,0.5608683,1
0.96304196,0.036957994,0
0.8697552,0.1302448,0
0.7134953,0.2865047,0
0.33094862,0.66905135,1
0.66098094,0.3390191,0
0.668656,0.33134392,0
0.7326242,0.26737586,0
0.7033482,0.29665178,0
0.3262151,0.673785,1
0.86321044,0.13678958,0
0.9677187,0.032281246,0
0.9942621,0.0057379347,0
0.9977496,0.0022503373,0
0.822941,0.17705895,1
0.8103525,0.18964751,1
0.7816139,0.2183861,1
0.40826672,0.5917333,1
0.1886418,0.8113582,1
0.04544125,0.9545588,1
0.050173804,0.9498261,1
0.056887764,0.94311225,1
0.18078324,0.8192168,1
0.35404554,0.64595443,0
0.54118294,0.45881703,0
0.35819274,0.64180726,1
0.4440376,0.55596244,0
0.95633954,0.043660447,0
0.800121,0.199879,0
0.7211587,0.27884135,0
0.13611789,0.8638821,1
0.049986754,0.9500132,1
0.1437935,0.85620654,1
0.9332467,0.066753365,0
0.57126546,0.42873454,0
0.5776144,0.4223856,0
0.97795165,0.02204837,0
0.83003396,0.16996606,0
0.31264186,0.68735814,1
0.062150557,0.9378495,1
0.44801944,0.55198056,1
0.44069514,0.5593049,1
0.86570704,0.13429287,0
0.29686266,0.7031373,1
0.69484395,0.305156,0
0.96732306,0.032676924,0
0.83326614,0.16673383,0
0.34503785,0.65496224,1
0.044295922,0.95570403,1
0.058523953,0.94147605,1
0.30895326,0.6910467,1
0.90309125,0.096908756,0
0.9090267,0.0909733,0
0.2555995,0.74440056,1
0.50023866,0.4997613,1
0.771549,0.22845094,0
0.1222118,0.87778825,1
0.11209153,0.8879085,1
0.12941514,0.87058485,1
0.20746444,0.7925356,1
0.3087217,0.6912783,0
0.19051285,0.80948716,1
0.46430323,0.5356968,0
0.8578361,0.14216389,0
0.60853416,0.39146584,0
0.13049504,0.8695049,1
0.34872314,0.6512768,1
0.90440404,0.09559591,0
0.80184025,0.19815978,0
0.7341,0.26590002,0
0.6613736,0.33862635,0
0.047260165,0.9527398,1
0.061064735,0.9389352,1
0.26138133,0.73861873,1
0.27116898,0.728831,1
0.24169561,0.75830436,1
0.2893197,0.71068037,1
0.15245256,0.8475475,1
0.19875427,0.80124575,1
0.76865035,0.23134965,0
0.74032575,0.25967425,0
0.12765115,0.8723489,1
0.16384433,0.83615565,1
0.046387885,0.9536121,1
0.8202659,0.1797341,0
0.30799118,0.69200885,0
0.23356494,0.7664351,1
0.14229257,0.8577074,1
0.28033388,0.7196661,1
0.22188108,0.77811897,1
0.73577416,0.26422584,0
0.7545775,0.24542245,0
0.91567165,0.08432836,0
0.75421464,0.24578537,0
0.7640091,0.23599082,0
0.8657446,0.1342554,0
0.9104032,0.08959678,0
0.8242172,0.1757828,0
0.8712609,0.12873915,0
0.8920172,0.10798286,0
0.9196692,0.08033084,0
0.8707991,0.12920089,0
0.84980696,0.15019302,0
0.9180604,0.08193961,0
0.7206319,0.27936807,1
0.28556877,0.71443117,1
0.051060554,0.9489395,1
0.08303916,0.91696084,1
0.9256072,0.07439271,0
0.17093435,0.8290656,1
0.7740999,0.22590008,0
0.9597639,0.0402361,0
0.97159463,0.028405353,0
0.21510753,0.78489244,1
0.2649444,0.73505557,1
0.37801427,0.62198573,1
0.13958782,0.86041224,1
0.17761444,0.82238555,1
0.93062335,0.06937667,0
0.7617986,0.23820142,0
0.7140687,0.28593132,0
0.11154744,0.88845253,1
0.116356954,0.88364303,1
0.35648942,0.6435106,0
0.2948735,0.7051265,1
0.16663156,0.8333684,1
0.11904557,0.8809544,1
0.38146302,0.618537,0
0.14378731,0.85621274,1
0.38071358,0.6192864,0
0.92862207,0.071377955,0
0.974596,0.025404006,0
0.4944171,0.50558287,0
0.089336134,0.9106639,1
0.06275565,0.93724436,1
0.06264043,0.9373596,1
0.040818993,0.9591811,1
0.25373855,0.7462615,1
0.42227787,0.57772213,0
0.9720659,0.027934117,0
0.05589874,0.9441013,1
0.1869893,0.81301063,1
0.31400967,0.68599033,1
0.32045385,0.6795462,0
0.19833854,0.8016615,1
0.19939134,0.8006087,1
0.7431297,0.25687033,0
0.46453908,0.5354608,0
0.047004044,0.95299596,1
0.046684705,0.95331526,1
0.05195488,0.9480452,1
0.15755177,0.8424483,0
0.5003303,0.49966973,0
0.28548017,0.71451986,1
0.9563133,0.043686736,0
0.9673812,0.032618888,0
0.36891097,0.63108903,0
0.267305,0.732695,1
0.32391366,0.6760863,1
0.34525785,0.6547421,1
0.33282766,0.6671723,1
0.7375573,0.26244265,0
0.8568487,0.14315128,0
0.20414276,0.7958572,1
0.40122336,0.59877664,1
0.050347865,0.94965214,1
0.15796214,0.8420378,1
0.35123217,0.6487678,1
0.33761662,0.6623833,1
0.3180105,0.68198943,1
0.79920477,0.2007953,0
0.8110864,0.18891352,0
0.909924,0.09007603,0
0.8987023,0.10129767,0
0.9712243,0.028775724,0
0.44494802,0.555052,1
0.34505603,0.654944,1
0.42194998,0.57805,1
0.48036408,0.519636,1
0.38222772,0.6177722,1
0.6245135,0.37548646,0
0.9531827,0.046817373,0
0.9709543,0.029045714,0
0.962187,0.03781302,0
0.61262244,0.38737753,0
0.3908835,0.6091165,1
0.34506777,0.65493226,1
0.82103306,0.17896694,0
0.8279546,0.17204545,0
0.36419347,0.6358065,1
0.17189097,0.828109,1
0.27470994,0.72529,1
0.22275259,0.77724737,1
0.2835876,0.71641237,1
0.3198709,0.68012905,1
0.9655816,0.034418367,0
0.971747,0.028253045,0
0.6094868,0.39051315,1
0.12181956,0.87818044,1
0.09644145,0.90355855,1
0.06347358,0.9365265,1
0.18663228,0.8133677,1
0.8783097,0.12169028,0
0.865714,0.13428593,0
0.9709626,0.029037395,0
0.971134,0.028866041,0
0.3931845,0.6068155,1
0.4430888,0.55691123,0
0.34108654,0.6589135,1
0.33525637,0.66474366,1
0.35231662,0.6476833,1
0.4726392,0.5273608,1
0.8422593,0.15774073,0
0.8232,0.17680003,0
0.061815538,0.9381845,1
0.0774789,0.9225211,1
0.33954176,0.6604582,1
0.14250268,0.8574973,1
0.43344426,0.56655574,1
0.8355214,0.16447861,0
0.6214726,0.3785274,0
0.83780766,0.16219231,0
0.8945361,0.10546389,0
0.81063694,0.18936305,0
0.8140988,0.18590125,0
0.17040986,0.82959014,1
0.1309956,0.86900437,1
0.18463661,0.8153634,1
0.19731067,0.8026893,1
0.20912081,0.7908792,1
0.22312213,0.7768779,0
0.59249187,0.40750805,0
0.085518874,0.91448116,0
0.41303477,0.58696526,0
0.8789602,0.12103979,0
0.8868158,0.11318423,0
0.51897633,0.48102364,0
0.31588483,0.6841152,0
0.528008,0.47199202,0
0.26006958,0.7399304,1
0.5227062,0.47729376,0
0.24978404,0.75021595,1
0.9247447,0.07525531,0
0.9383558,0.061644163,0
0.2761223,0.72387767,1
0.21406557,0.7859344,1
0.3251456,0.6748544,1
0.8248274,0.1751727,0
0.4589001,0.54109997,1
0.41978043,0.58021957,1
0.2869815,0.7130185,1
0.77561575,0.22438422,0
0.49185696,0.508143,1
0.9288912,0.07110881,0
0.94375,0.056249976,0
0.9092351,0.090764835,0
0.9039042,0.09609575,0
0.89626306,0.103736944,0
0.3625323,0.6374678,1
0.84142226,0.1585777,0
0.8514182,0.14858183,0
0.8769675,0.123032495,0
0.9620405,0.037959535,0
0.39471287,0.6052871,1
0.17382444,0.8261755,1
0.791047,0.20895301,0
0.7639013,0.23609874,1
0.94862014,0.051379833,0
0.74487334,0.25512666,1
0.3376207,0.66237926,1
0.357794,0.642206,1
0.8701528,0.12984715,0
0.8329858,0.1670142,0
0.90354663,0.096453376,0
0.33285376,0.6671462,1
0.880308,0.119692,0
0.19928212,0.8007179,1
0.24830157,0.75169843,1
0.792649,0.20735103,0
0.033313263,0.9666868,1
0.037606135,0.9623939,1
0.08563989,0.91436017,1
0.09430439,0.9056956,1
0.27456132,0.72543865,1
0.26296094,0.7370391,1
0.24021609,0.7597839,1
0.9490809,0.05091907,0
0.6269611,0.37303892,0
0.8549358,0.14506418,0
0.039998095,0.9600019,1
0.03305085,0.96694916,1
0.029352214,0.9706478,1
0.03206566,0.96793437,1
0.051182516,0.94881743,1
0.04127269,0.9587273,1
0.18395266,0.8160474,1
0.22443406,0.7755659,0
0.87896156,0.12103845,0
0.10721212,0.8927879,1
0.03431796,0.9656821,1
0.028819988,0.97118,1
0.10654999,0.89344996,0
0.15275972,0.84724027,0
0.37338448,0.62661546,0
0.16195846,0.83804154,0
0.82732326,0.17267667,0
0.9014062,0.09859378,0
0.29387146,0.70612854,0
0.39458796,0.605412,0
0.41466033,0.58533967,0
0.41009414,0.58990586,1
0.8111497,0.18885024,0
0.82270354,0.17729639,0
0.9188518,0.081148185,0
0.96019024,0.03980973,0
0.9655654,0.03443464,0
0.76352364,0.2364764,0
0.09529276,0.9047072,1
0.27248156,0.72751844,0
0.70950764,0.29049233,0
0.027532978,0.97246706,1
0.10926667,0.89073336,1
0.09730518,0.9026949,1
0.1458935,0.85410655,1
0.358197,0.641803,0
0.13404186,0.8659582,1
0.15997304,0.8400269,1
0.13245805,0.8675419,1
0.4395397,0.5604603,0
0.5466773,0.45332274,0
0.48411375,0.5158862,0
0.91017896,0.089821085,0
0.93451786,0.06548219,0
0.31779927,0.68220073,1
0.39869794,0.6013021,1
0.10079648,0.89920354,1
0.11074281,0.88925725,1
0.4359459,0.5640541,1
0.90831363,0.09168632,0
0.90800667,0.091993295,0
0.48092487,0.5190752,1
0.59637725,0.40362278,1
0.8600159,0.13998413,0
0.24237685,0.75762314,1
0.29248986,0.7075101,1
0.41120654,0.58879346,1
0.4111539,0.5888461,1
0.39758125,0.6024188,1
0.88227785,0.11772209,0
0.89527285,0.10472721,0
0.53657955,0.46342042,1
0.9048663,0.09513371,0
0.9419855,0.058014534,0
0.29848164,0.7015183,1
0.095563814,0.90443623,1
0.08040939,0.91959065,1
0.21751224,0.78248775,1
0.23169681,0.7683032,1
0.15764292,0.8423571,1
0.67244667,0.32755333,0
0.117725044,0.882275,1
0.11596158,0.88403845,1
0.18257894,0.8174211,0
0.36977956,0.6302205,0
0.41474336,0.58525664,0
0.40087518,0.59912485,0
0.3168174,0.6831826,0
0.3519977,0.6480023,0
0.24229813,0.75770193,0
0.37464938,0.6253506,0
0.93410486,0.065895215,0
0.9447918,0.05520815,0
0.6033068,0.3966933,0
0.28991476,0.7100853,1
0.36490434,0.63509566,1
0.37944284,0.6205571,1
0.7746575,0.22534248,0
0.90727985,0.0927201,0
0.38310462,0.6168953,1
0.74448085,0.25551906,0
0.29473928,0.7052607,1
0.24226786,0.75773215,1
0.9709161,0.02908391,0
0.9724769,0.027523084,0
0.95279324,0.047206756,0
0.38640383,0.61359614,1
0.23395665,0.7660433,1
0.16100475,0.8389952,1
0.8580465,0.14195356,0
0.4436062,0.5563938,1
0.28226474,0.71773523,1
0.8811534,0.118846536,0
0.040565807,0.9594343,1
0.040008076,0.95999193,1
0.04314888,0.9568512,1
0.03291555,0.9670844,1
0.03283739,0.96716255,1
0.91956836,0.080431625,0
0.9094541,0.09054595,0
0.58613795,0.41386202,0
0.50581616,0.4941838,0
0.520552,0.47944805,0
0.2984866,0.70151347,1
0.05998466,0.94001526,1
0.057692643,0.9423074,1
0.9150748,0.08492513,0
0.9163833,0.08361666,0
0.8294677,0.1705322,0
0.55590624,0.44409373,1
0.8311612,0.16883881,0
0.48796016,0.51203984,1
0.53460485,0.46539518,1
0.35912776,0.64087224,1
0.32269755,0.6773025,1
0.31900367,0.6809963,1
0.8823568,0.11764314,0
0.9018036,0.098196395,0
0.9044176,0.09558235,0
0.8957169,0.1042831,0
0.88628775,0.11371224,0
0.9536447,0.046355262,0
0.946758,0.05324202,0
0.8578743,0.14212573,0
0.337693,0.66230696,1
0.046130367,0.95386964,1
0.8894311,0.11056894,0
0.6617607,0.33823928,1
0.6646405,0.3353595,1
0.79459697,0.205403,0
0.9025338,0.097466215,0
0.94658417,0.05341588,0
0.3786499,0.6213501,1
0.37741137,0.6225886,1
0.4096448,0.5903552,1
0.34622756,0.6537725,1
0.23308009,0.76691985,1
0.38422388,0.61577606,1
0.9707445,0.029255483,0
0.96037996,0.039620034,0
0.115423515,0.8845765,1
0.20821616,0.79178387,1
0.09390417,0.9060958,1
0.089007325,0.9109926,1
0.8349266,0.16507335,0
0.17502609,0.82497394,1
0.07584842,0.9241516,1
0.08582772,0.91417223,1
0.019959385,0.98004067,1
0.122982845,0.8770172,1
0.22949718,0.7705028,1
0.5574239,0.4425761,0
0.73874223,0.26125777,0
0.056889404,0.94311064,1
0.031012923,0.96898705,1
0.0530227,0.9469773,1
0.053335298,0.9466647,1
0.03408202,0.96591794,1
0.21265347,0.78734654,1
0.21069467,0.78930527,1
0.93661785,0.063382134,0
0.9395191,0.060480926,0
0.16647552,0.83352447,1
0.074165896,0.9258341,1
0.8730649,0.12693514,0
0.6260409,0.3739591,0
0.11220485,0.8877952,1
0.14683414,0.8531658,1
0.124900214,0.8750997,1
0.7872772,0.21272276,0
0.76377624,0.23622373,0
0.76243645,0.23756352,0
0.4261945,0.5738056,0
0.3912584,0.60874164,0
0.033095777,0.9669043,1
0.8728387,0.12716137,0
0.55607134,0.44392866,0
0.94941956,0.050580394,0
0.65356976,0.34643024,0
0.55983996,0.4401601,0
0.111923404,0.8880766,1
0.026278278,0.97372174,1
0.039744236,0.96025574,1
0.8166259,0.18337418,0
0.51849437,0.48150563,0
0.18197031,0.8180297,1
0.1935544,0.80644554,1
0.9194334,0.0805666,0
0.48549813,0.51450187,0
0.21404843,0.78595155,1
0.28557,0.71443003,1
0.357287,0.642713,0
0.3213253,0.6786747,1
0.7975204,0.2024796,0
0.8048996,0.19510041,0
0.9429016,0.057098396,0
0.96383804,0.03616204,0
0.500665,0.49933505,1
0.38747615,0.6125238,1
0.24397427,0.7560258,1
0.31793475,0.68206525,1
0.32422274,0.6757773,1
0.7786389,0.22136107,0
0.7650903,0.23490973,0
0.34217465,0.6578254,1
0.25683415,0.74316585,1
0.73616886,0.26383117,0
0.9106657,0.08933425,0
0.96330863,0.036691334,0
0.23775929,0.76224065,1
0.118165545,0.88183445,1
0.06464954,0.9353504,1
0.12080123,0.8791988,1
0.2981309,0.70186913,1
0.9317634,0.068236634,0
0.6077358,0.39226416,0
0.15853469,0.8414653,1
0.04894174,0.95105827,1
0.04870142,0.9512986,1
0.06541533,0.9345847,1
0.8672893,0.1327107,0
0.8357721,0.16422792,0
0.5553375,0.44466248,0
0.8339807,0.16601929,0
0.557372,0.44262794,0
0.24201542,0.7579846,1
0.94423765,0.05576236,0
0.15628266,0.84371734,1
0.3720338,0.6279662,0
0.6877172,0.31228277,0
0.8287565,0.17124346,0
0.86417884,0.13582113,0
0.5727561,0.42724386,1
0.13406976,0.8659303,1
0.03178681,0.9682132,1
0.04666852,0.95333153,1
0.3224226,0.6775774,0
0.05356214,0.94643784,1
0.120401554,0.87959844,1
0.18237245,0.8176276,1
0.18268827,0.8173117,1
0.18561769,0.81438226,1
0.18864858,0.8113514,1
0.15172948,0.8482705,1
0.49898973,0.50101024,0
0.9280742,0.07192584,0
0.6306893,0.36931068,0
0.14364365,0.8563563,0
0.15561935,0.8443807,1
0.06709272,0.9329073,1
0.10960881,0.89039123,1
0.7254397,0.2745602,0
0.4292231,0.57077694,1
0.84158915,0.15841083,0
0.85688287,0.14311719,0
0.8346059,0.16539407,0
0.8735901,0.12640984,0
0.9445184,0.055481583,0
0.9326886,0.067311406,0
0.8707073,0.12929271,0
0.40018266,0.5998174,1
0.35930902,0.640691,1
0.36223567,0.6377644,1
0.8082034,0.1917966,0
0.29271764,0.70728236,1
0.8055353,0.19446467,0
0.82635766,0.17364226,0
0.70937586,0.29062408,1
0.5009444,0.49905565,1
0.37762892,0.6223711,1
0.14395969,0.85604036,1
0.6529841,0.347016,0
0.76701593,0.23298405,0
0.3642442,0.63575584,0
0.052255154,0.94774485,1
0.38588694,0.6141131,0
0.77210146,0.22789855,0
0.87243634,0.12756367,0
0.55752057,0.4424794,0
0.93617296,0.063826956,0
0.6569434,0.34305662,0
0.44757324,0.55242676,1
0.6214128,0.37858716,0
0.38225248,0.61774755,1
0.64398414,0.3560159,0
0.89189637,0.1081037,0
0.89421296,0.10578705,0
0.7220781,0.27792186,0
0.49496657,0.5050335,1
0.19169827,0.80830175,1
0.5294391,0.47056088,1
0.9332368,0.06676319,0
0.46348757,0.53651243,1
0.6200469,0.37995306,0
0.5327357,0.46726426,0
0.5177373,0.48226267,0
0.52524894,0.47475109,0
0.8667701,0.13322991,0
0.19551562,0.80448437,1
0.7709792,0.22902076,0
0.50013024,0.49986985,1
0.90598416,0.09401585,0
0.92171687,0.078283116,0
0.595114,0.40488607,0
0.77322334,0.22677669,0
0.81579685,0.1842032,0
0.7928793,0.2071207,0
0.825154,0.17484598,0
0.6753666,0.32463348,1
0.92912644,0.070873514,0
0.4124489,0.5875511,1
0.523449,0.47655106,1
0.54271454,0.45728543,1
0.80929965,0.19070032,0
0.21870337,0.7812967,1
0.27978882,0.7202112,1
0.8348582,0.16514184,0
0.32587394,0.6741261,1
0.84101355,0.15898643,0
0.8453256,0.1546744,0
0.84933084,0.15066919,0
0.96300817,0.03699189,0
0.9186896,0.08131037,0
0.31246942,0.6875306,1
0.12509571,0.8749042,1
0.25710574,0.7428943,1
0.27923048,0.72076946,1
0.41164955,0.58835036,1
0.21727218,0.7827278,1
0.83631814,0.1636819,0
0.96157396,0.038425952,0
0.93161553,0.068384476,0
0.82037455,0.17962542,0
0.7844366,0.2155634,0
0.7864549,0.21354505,0
0.69853634,0.3014637,0
0.7608214,0.23917864,0
0.8179992,0.18200079,0
0.9445543,0.055445597,0
0.89704734,0.1029527,0
0.8905382,0.109461784,0
0.57313323,0.4268668,1
0.34005323,0.65994674,1
0.87840825,0.121591754,0
0.5517625,0.44823748,1
0.85145974,0.1485402,0
0.96728957,0.032710392,0
0.9681625,0.03183755,0
0.63658684,0.36341313,1
0.61443806,0.38556197,1
0.15759489,0.84240514,1
0.16863912,0.8313608,1
0.6121873,0.38781273,0
0.9129625,0.08703745,0
0.85710555,0.14289446,0
0.86656266,0.13343732,0
0.61779034,0.38220972,0
0.6531635,0.34683654,0
0.9898307,0.01016937,0
0.95325154,0.046748463,0
0.93165267,0.06834729,0
0.8096325,0.1903675,0
0.83031946,0.16968054,0
0.86136925,0.13863072,0
0.8343511,0.16564889,0
0.87684,0.12316003,0
0.87900984,0.12099015,0
0.51378834,0.48621172,1
0.9616191,0.038380887,0
0.95704776,0.042952277,0
0.9091638,0.090836234,0
0.8753373,0.12466261,0
0.6668283,0.33317176,1
0.8623616,0.13763842,0
0.83568704,0.16431294,1
0.84795374,0.15204625,1
0.8547103,0.1452897,1
0.85956514,0.14043488,1
0.9585423,0.041457746,0
0.9620037,0.037996322,0
0.9363533,0.06364666,0
0.7924178,0.20758222,0
0.7931807,0.20681924,0
0.42583582,0.5741642,1
0.7440543,0.2559457,0
0.36768645,0.63231355,1
0.2399422,0.76005787,1
0.9441994,0.055800628,0
0.9475422,0.05245776,0
0.908051,0.09194898,0
0.5919157,0.40808427,1
0.27168092,0.7283191,1
0.78270644,0.2172935,0
0.79739016,0.20260993,0
0.8000523,0.19994776,0
0.8021811,0.19781882,0
0.8614001,0.13859987,0
0.9884654,0.011534569,0
0.9519542,0.048045777,0
0.5302345,0.4697655,1
0.54763526,0.4523647,1
0.3043614,0.69563854,1
0.5771622,0.42283776,1
0.93809336,0.061906677,0
0.94346166,0.05653841,0
0.44363496,0.5563651,1
0.26618698,0.733813,1
0.6747057,0.32529432,0
0.76794034,0.23205961,0
0.8869795,0.11302044,0
0.8406042,0.15939572,0
0.41293153,0.5870685,1
0.8852999,0.11470005,0
0.91624415,0.08375584,0
0.92123204,0.078767926,0
0.7793713,0.22062866,0
0.8176715,0.18232849,0
0.8361537,0.16384628,0
0.82190025,0.17809977,0
0.81898427,0.18101569,0
0.8108312,0.18916883,0
0.7512635,0.24873658,0
0.77807015,0.22192979,0
0.9386892,0.06131082,0
0.76480687,0.23519318,0
0.64150536,0.35849455,1
0.6294528,0.37054715,1
0.6369288,0.3630712,1
0.6456531,0.3543469,1
0.67919505,0.32080495,1
0.69118977,0.30881023,1
0.69747645,0.30252358,1
0.7240342,0.27596578,1
0.7600726,0.2399274,0
0.7406682,0.2593318,1
0.72291917,0.27708086,1
0.7318659,0.26813412,1
0.89839816,0.1016018,0
0.7217501,0.2782499,1
0.6951766,0.30482337,1
0.37639862,0.6236014,1
0.715576,0.284424,0
0.23248006,0.76751995,1
0.23424695,0.76575303,1
0.23175304,0.76824695,1
0.6721967,0.32780328,1
0.89097047,0.109029554,0
0.7194648,0.28053528,1
0.7403607,0.2596393,0
0.36626872,0.63373125,1
0.24994227,0.7500577,1
0.23895563,0.7610443,1
0.31280184,0.68719816,1
0.24130245,0.75869757,1
0.3904265,0.6095735,0
0.37121627,0.62878376,0
0.74980646,0.25019354,0
0.8441712,0.15582877,0
0.8904431,0.1095569,0
0.89309555,0.10690448,0
0.6202982,0.37970173,0
0.43748522,0.5625148,1
0.18584405,0.814156,1
0.3062128,0.6937872,1
0.14930294,0.85069704,1
0.12235929,0.87764066,1
0.105623364,0.89437664,1
0.106739365,0.89326066,1
0.11565056,0.88434947,1
0.2509941,0.7490059,1
0.84619784,0.15380216,0
0.873121,0.12687895,0
0.28689927,0.7131008,1
0.062736526,0.9372634,1
0.06102388,0.9389761,1
0.0493062,0.9506938,1
0.042162094,0.9578379,1
0.07718931,0.9228106,1
0.24793871,0.75206137,0
0.2525436,0.7474564,1
0.22488663,0.7751134,1
0.5794563,0.42054367,0
0.5873226,0.41267735,0
0.09536538,0.9046346,1
0.16563348,0.83436656,1
0.20960738,0.79039264,0
0.31278676,0.68721324,0
0.31279054,0.6872095,0
0.31354475,0.68645525,0
0.7344287,0.26557124,0
0.6763003,0.3236997,0
0.72732973,0.27267027,0
0.75841266,0.24158742,0
0.64231676,0.3576832,0
0.6513647,0.34863526,0
0.64315206,0.35684788,0
0.66450393,0.33549607,0
0.7183404,0.28165963,0
0.72997344,0.27002656,0
0.7316442,0.26835576,0
0.74753904,0.25246093,0
0.7167237,0.28327626,1
0.8843043,0.11569567,0
0.88322854,0.11677149,0
0.8737653,0.12623474,0
0.5518144,0.44818568,1
0.58369386,0.4163061,1
0.61072415,0.38927582,1
0.6907794,0.3092206,1
0.46284935,0.5371506,1
0.87774533,0.12225465,0
0.8256538,0.17434615,0
0.4216813,0.57831866,1
0.8953363,0.10466368,0
0.23276503,0.767235,1
0.33661097,0.6633891,1
0.39001188,0.60998815,0
0.5332546,0.4667454,0
0.51227146,0.4877285,0
0.2724754,0.72752464,1
0.5524535,0.44754642,0
0.7196013,0.28039873,0
0.76280355,0.23719642,0
0.87506753,0.1249325,0
0.6941502,0.30584976,1
0.440174,0.559826,1
0.6691813,0.33081877,0
0.669167,0.33083305,0
0.66389954,0.33610055,0
0.6355919,0.36440817,0
0.41567367,0.5843263,1
0.26160556,0.73839444,1
0.86827284,0.1317272,0
0.73390377,0.2660962,1
0.82273567,0.17726427,0
0.4431419,0.55685806,0
0.5501584,0.44984165,0
0.3617982,0.63820183,0
0.22627187,0.77372813,1
0.48152196,0.518478,0
0.54413307,0.455867,0
0.6138095,0.3861905,0
0.32004777,0.6799522,1
0.5892784,0.41072157,1
0.8356359,0.16436404,0
0.6556457,0.3443543,0
0.49690995,0.50309,0
0.30615848,0.6938415,1
0.35033396,0.6496661,1
0.49421984,0.50578016,0
0.33007646,0.6699235,1
0.49799427,0.50200564,1
0.3670905,0.63290954,1
0.30948988,0.69051015,1
0.30335084,0.69664913,1
0.30603302,0.693967,1
0.83646226,0.1635378,0
0.6982644,0.30173555,0
0.67169243,0.32830757,0
0.6983752,0.30162475,0
0.3600645,0.63993543,1
0.5398292,0.4601708,0
0.8356787,0.1643213,0
0.83989924,0.1601008,0
0.7098992,0.29010087,0
0.521654,0.4783459,0
0.44258133,0.55741864,0
0.4392571,0.5607429,0
0.43074426,0.56925577,0
0.4310735,0.5689265,0
0.42331025,0.5766897,0
0.42621082,0.5737891,0
0.67771024,0.3222898,0
0.711209,0.28879097,0
0.7385587,0.26144132,0
0.7385848,0.26141515,0
0.66880774,0.33119228,1
0.8311516,0.16884834,0
0.82148963,0.17851034,0
0.70591664,0.2940834,0
0.49428028,0.50571966,0
0.50645804,0.49354205,0
0.48906252,0.5109375,0
0.5002742,0.49972582,0
0.32463634,0.67536366,1
0.61454844,0.3854516,0
0.69511855,0.30488142,0
0.3344321,0.6655679,1
0.38715708,0.6128429,1
0.6443768,0.35562322,1
0.76169705,0.23830296,0
0.27767324,0.72232676,1
0.3330199,0.66698,0
0.34612408,0.6538759,0
0.33325526,0.66674477,1
0.39763826,0.60236174,0
0.32386798,0.67613196,1
0.7003921,0.29960784,0
0.7324334,0.26756662,0
0.69861037,0.30138966,0
0.69149435,0.30850568,0
0.31308562,0.6869144,1
0.35755795,0.6424421,1
0.27442926,0.7255707,1
0.23079202,0.769208,1
0.22417755,0.77582246,1
0.19183613,0.8081638,1
0.17702213,0.82297784,1
0.81961775,0.18038225,0
0.32564157,0.6743584,1
0.06575378,0.93424624,1
0.20661326,0.79338676,1
0.26925585,0.7307441,1
0.085404895,0.9145951,1
0.087544024,0.9124559,1
0.084834784,0.9151652,1
0.08414065,0.9158594,1
0.08953715,0.91046286,1
0.33363134,0.6663686,1
0.374129,0.625871,0
0.3692325,0.6307676,0
0.6238509,0.37614912,0
0.6197677,0.38023221,0
0.49804327,0.50195676,0
0.11539045,0.8846095,0
0.08419248,0.9158075,1
0.09674983,0.90325016,1
0.08886869,0.91113126,1
0.0424151,0.95758486,1
0.012433203,0.9875668,1
0.33361977,0.6663803,0
0.25591156,0.7440884,0
0.18979727,0.8102027,0
0.109329,0.89067096,0
0.036281094,0.9637189,1
0.06803637,0.93196356,1
0.058267605,0.94173235,1
0.0389206,0.9610794,1
0.06674077,0.93325925,1
0.07997377,0.92002624,0
0.085913375,0.91408664,0
0.18366228,0.8163377,0
0.2839446,0.71605545,0
0.33069563,0.6693044,0
0.6135915,0.38640848,0
0.41216853,0.5878315,0
0.3195134,0.6804867,0
0.24537547,0.7546245,0
0.4417349,0.5582651,0
0.40113783,0.5988622,0
0.36658317,0.63341683,0
0.4306251,0.56937486,0
0.4544925,0.5455075,0
0.5757929,0.42420712,0
0.86306655,0.13693352,0
0.7172787,0.2827213,0
0.60643023,0.39356977,1
0.34997353,0.65002656,1
0.28681386,0.71318614,1
0.68009806,0.31990194,0
0.7002692,0.29973075,0
0.8539515,0.14604855,0
0.30706888,0.6929312,1
0.3109848,0.6890152,1
0.34436044,0.6556396,1
0.6494715,0.35052848,0
0.47174785,0.5282521,0
0.63938975,0.36061028,0
0.63019353,0.36980653,0
0.61851096,0.3814891,0
0.6114812,0.3885188,0
0.5714457,0.42855427,0
0.61822605,0.38177398,0
0.4045125,0.59548753,1
0.58487684,0.41512313,0
0.5937854,0.40621465,0
0.8328741,0.16712591,0
0.5493982,0.4506018,1
0.14829437,0.8517056,1
0.13213047,0.8678695,1
0.19243515,0.80756485,1
0.19368626,0.80631375,1
0.44293544,0.5570646,0
0.33026344,0.6697365,1
0.2619562,0.73804384,1
0.32808784,0.67191213,1
0.8300206,0.16997941,0
0.8821773,0.117822744,0
0.85219604,0.14780395,0
0.54551876,0.4544812,0
0.07911823,0.9208818,1
0.22611229,0.77388775,1
0.14248982,0.8575102,1
0.74875504,0.25124493,0
0.794634,0.20536596,0
0.5509296,0.4490704,1
0.3038381,0.6961619,1
0.27796516,0.7220348,1
0.09208916,0.9079109,1
0.096180275,0.9038197,1
0.24612588,0.7538742,1
0.25322235,0.74677765,1
0.4609529,0.53904706,0
0.47094086,0.5290591,0
0.76919353,0.23080641,0
0.68742096,0.312579,0
0.60479504,0.395205,0
0.41548246,0.5845175,0
0.2891587,0.71084136,1
0.19711171,0.8028883,1
0.094805464,0.9051945,1
0.10673408,0.89326584,1
0.15094078,0.84905916,1
0.14384167,0.8561584,1
0.3012478,0.69875216,1
0.3118505,0.68814945,1
0.3011587,0.69884133,1
0.36313272,0.6368673,1
0.39341787,0.6065821,0
0.8609699,0.1390301,0
0.10017179,0.8998282,1
0.22344156,0.77655846,1
0.33905983,0.6609402,1
0.5804224,0.41957763,0
0.30634236,0.6936576,0
0.2566838,0.7433163,1
0.26467896,0.73532104,1
0.16397414,0.83602583,1
0.16032676,0.8396733,1
0.69160956,0.30839044,0
0.8681827,0.13181728,0
0.44035766,0.5596424,0
0.44445145,0.55554855,0
0.6137783,0.3862217,0
0.56756115,0.43243888,0
0.38422394,0.61577606,0
0.55449843,0.4455015,0
0.8214659,0.17853409,0
0.9366152,0.06338474,0
0.8347585,0.1652414,0
0.4397259,0.5602741,1
0.40901908,0.59098095,1
0.05016974,0.94983023,1
0.062361035,0.937639,1
0.066514984,0.933485,1
0.07581731,0.9241827,1
0.071738146,0.9282619,1
0.5953748,0.40462518,0
0.45802993,0.54197013,0
0.25628394,0.74371606,1
0.74870557,0.25129446,0
0.2639729,0.73602706,1
0.2511678,0.74883217,1
0.087314926,0.91268504,1
0.09787103,0.902129,1
0.09604279,0.9039572,1
0.09716528,0.90283465,1
0.098554544,0.90144545,1
0.7389046,0.26109546,0
0.60958564,0.39041433,0
0.47158808,0.52841187,0
0.39542228,0.6045777,1
0.7269445,0.27305555,0
0.8427809,0.15721911,0
0.8585419,0.14145806,0
0.47886616,0.5211338,1
0.101789825,0.8982102,1
0.13392614,0.8660739,1
0.12215505,0.8778449,1
0.13025174,0.86974823,1
0.12939498,0.87060505,1
0.12892245,0.8710776,1
0.4690908,0.5309092,0
0.7844578,0.2155422,0
0.85367525,0.14632481,0
0.8534874,0.14651269,0
0.4934697,0.5065304,0
0.39336717,0.6066328,0
0.23547243,0.7645276,0
0.20856985,0.7914302,1
0.1577238,0.8422762,1
0.12827197,0.87172806,1
0.17110555,0.82889444,1
0.22515221,0.77484775,1
0.11208548,0.88791454,1
0.31156164,0.68843836,1
0.6914551,0.3085448,0
0.11771839,0.8822816,1
0.11675308,0.88324696,1
0.08232359,0.91767645,1
0.07412487,0.92587507,1
0.0737166,0.9262834,1
0.32659706,0.67340297,0
0.33179668,0.6682033,0
0.7624226,0.23757736,0
0.847247,0.15275292,0
0.8431965,0.15680353,0
0.82304144,0.17695858,0
0.3884622,0.6115379,0
0.4749861,0.5250139,0
0.1808,0.8192,1
0.165272,0.834728,1
0.2809589,0.7190411,1
0.80199915,0.19800086,0
0.844865,0.15513502,0
0.71286106,0.287139,0
0.2995275,0.70047253,1
0.24190108,0.75809884,1
0.20893092,0.7910691,1
0.13910897,0.860891,1
0.12705563,0.8729444,1
0.11940836,0.8805917,1
0.44702566,0.5529743,0
0.21132688,0.7886731,0
0.058581755,0.94141823,1
0.066945426,0.9330545,1
0.065955184,0.93404484,1
0.071775146,0.9282249,1
0.33511117,0.66488886,0
0.42082426,0.5791757,0
0.62521476,0.3747852,0
0.8538213,0.14617874,0
0.8554935,0.14450651,0
0.115579836,0.8844202,1
0.24110913,0.75889087,0
0.44627744,0.55372256,0
0.24932083,0.75067914,1
0.69835895,0.30164105,0
0.7367313,0.26326874,0
0.5809373,0.41906264,0
0.5926815,0.40731853,0
0.8255891,0.17441086,0
0.38623607,0.6137639,1
0.23202449,0.7679755,1
0.14782289,0.8521771,1
0.15398848,0.8460115,1
0.33524486,0.6647551,1
0.5653451,0.43465486,0
0.33834064,0.6616593,1
0.28288576,0.71711415,1
0.62445885,0.37554115,0
0.7644278,0.23557222,0
0.8103237,0.18967631,0
0.37978685,0.62021315,1
0.099679835,0.9003202,1
0.1078292,0.8921708,1
0.23952574,0.7604742,1
0.6160164,0.38398367,0
0.7344123,0.2655877,0
0.7635349,0.23646508,0
0.8063124,0.1936876,0
0.5966753,0.40332466,0
0.18219215,0.8178078,1
0.15846199,0.841538,1
0.57936627,0.4206338,0
0.58103055,0.4189694,0
0.7340493,0.26595065,0
0.8763695,0.12363046,0
0.28953865,0.7104614,1
0.29707408,0.7029259,1
0.2094808,0.7905192,1
0.20658216,0.7934179,1
0.20367503,0.79632497,1
0.20935532,0.7906447,1
0.28760457,0.7123954,1
0.33380854,0.66619146,1
0.47542536,0.52457464,0
0.73620576,0.2637942,0
0.7215935,0.27840653,0
0.7658835,0.23411651,0
0.8596275,0.14037251,0
0.8618658,0.13813423,0
0.86510533,0.13489465,0
0.211418,0.78858197,1
0.29073277,0.70926726,1
0.20845497,0.7915451,1
0.4875562,0.51244384,0
0.5540802,0.44591978,0
0.7947544,0.20524563,0
0.93195987,0.06804013,0
0.8332762,0.16672388,0
0.4337109,0.56628907,1
0.056126714,0.9438733,1
0.061127435,0.93887264,1
0.07978422,0.9202158,1
0.07893604,0.9210639,1
0.09132994,0.9086701,1
0.08256858,0.9174315,1
0.08027966,0.9197203,1
0.21389467,0.78610533,0
0.7420173,0.25798273,0
0.5364279,0.46357208,0
0.3386801,0.6613199,0
0.092589945,0.9074101,1
0.10191972,0.8980803,1
0.08586997,0.9141301,1
0.23072474,0.76927525,0
0.25406495,0.745935,0
0.6360152,0.36398473,0
0.8737233,0.12627667,0
0.7858338,0.21416622,0
0.14009659,0.8599034,1
0.18466899,0.815331,1
0.3324496,0.6675504,0
0.3102011,0.68979883,0
0.24469686,0.75530314,1
0.21854113,0.7814589,1
0.3142919,0.68570817,1
0.111964546,0.8880354,1
0.106988266,0.8930117,1
0.3053066,0.69469345,1
0.4763942,0.5236058,0
0.6617213,0.3382787,0
0.8013674,0.1986326,0
0.21453725,0.78546274,1
0.11281168,0.8871883,1
0.169757,0.83024293,1
0.4345756,0.56542444,0
0.66250396,0.33749604,0
0.63168347,0.36831653,0
0.687989,0.31201097,0
0.7990385,0.20096146,0
0.8643953,0.13560474,0
0.44465008,0.5553499,1
0.09298736,0.90701264,1
0.18530764,0.8146924,1
0.36405587,0.6359441,0
0.7822354,0.21776459,0
0.7054972,0.2945028,0
0.69295156,0.3070485,0
0.37733483,0.6226652,0
0.41595674,0.5840432,0
0.20725095,0.79274905,1
0.181575,0.818425,1
0.17441727,0.8255828,1
0.27949625,0.72050375,0
0.2504706,0.74952936,1
0.6720376,0.3279624,0
0.8711298,0.12887023,0
0.923703,0.07629698,0
0.59816724,0.40183276,1
0.44309083,0.55690914,1
0.23132773,0.7686723,1
0.057505865,0.94249415,1
0.055806,0.94419396,1
0.050330494,0.9496695,1
0.05914908,0.9408509,1
0.050196696,0.94980335,1
0.05700062,0.9429994,1
0.18290521,0.8170948,0
0.39076072,0.6092393,0
0.46962994,0.53037,0
0.87352014,0.12647985,0
0.8589227,0.14107722,0
0.47207758,0.5279225,0
0.21279283,0.7872072,0
0.25126255,0.7487375,0
0.26836443,0.7316355,0
0.23527785,0.7647222,0
0.67350286,0.32649717,0
0.42668876,0.5733112,1
0.51500064,0.48499927,1
0.6083857,0.39161432,0
0.84163827,0.15836169,0
0.9165785,0.08342152,0
0.62729007,0.3727099,0
0.36083335,0.63916665,1
0.13143899,0.8685611,1
0.098950244,0.90104973,1
0.10779151,0.89220846,1
0.14840408,0.8515959,1
0.14667946,0.8533206,1
0.11550474,0.88449526,1
0.114947066,0.885053,1
0.50281787,0.49718216,0
0.58223003,0.41776994,0
0.5539402,0.44605982,0
0.6522231,0.3477769,0
0.077512026,0.9224879,1
0.18163686,0.8183631,1
0.30765283,0.69234717,0
0.28026986,0.71973014,0
0.3779433,0.6220567,0
0.7274272,0.27257282,0
0.6895171,0.31048298,0
0.7189817,0.28101838,0
0.59981525,0.4001848,1
0.6290449,0.37095508,0
0.86481637,0.13518369,0
0.86585426,0.13414575,0
0.87999254,0.120007455,0
0.6483929,0.35160708,1
0.5473944,0.45260558,1
0.19325486,0.8067452,1
0.10785727,0.8921427,1
0.19132453,0.80867547,1
0.21766523,0.78233474,1
0.2134448,0.7865552,1
0.20685345,0.79314655,1
0.22215372,0.7778462,1
0.2270307,0.77296937,1
0.21473853,0.78526145,1
0.23057774,0.7694223,1
0.23559912,0.7644009,1
0.7187194,0.28128052,0
0.7878194,0.21218055,0
0.7394172,0.26058277,0
0.9264939,0.0735061,0
0.93941075,0.060589273,0
0.9374354,0.06256461,0
0.68819714,0.31180295,0
0.6067723,0.39322773,0
0.39839172,0.6016083,1
0.43560806,0.56439203,1
0.7209621,0.27903792,0
0.7996013,0.20039871,0
0.8550485,0.14495149,0
0.85332793,0.14667206,0
0.81446135,0.18553866,0
0.7353543,0.2646457,0
0.66021246,0.3397875,0
0.68568045,0.3143195,0
0.6772125,0.32278752,0
0.6480178,0.3519822,0
0.6450982,0.35490185,0
0.43493682,0.5650632,1
0.66143906,0.33856097,1
0.68436813,0.3156319,1
0.93803954,0.06196049,0
0.28098312,0.71901685,1
0.31241682,0.68758315,1
0.04890252,0.95109755,1
0.13524649,0.8647535,1
0.080009095,0.91999096,1
0.23195893,0.768041,1
0.19818471,0.80181533,1
0.64723957,0.35276043,0
0.37790897,0.62209094,1
0.43023852,0.56976146,1
0.84625316,0.1537468,0
0.64904135,0.35095868,0
0.40023017,0.5997699,1
0.3686487,0.6313513,0
0.21341951,0.7865805,1
0.21135642,0.7886436,1
0.23217355,0.76782644,1
0.19669048,0.80330956,1
0.7790476,0.22095235,0
0.8761373,0.12386274,0
0.9158096,0.08419036,0
0.6185077,0.38149235,0
0.5720732,0.4279268,0
0.24139854,0.75860155,1
0.32812974,0.6718703,1
0.6077501,0.39224988,0
0.503565,0.4964349,1
0.7635949,0.23640504,0
0.91965234,0.0803476,0
0.6958007,0.3041993,1
0.558439,0.44156104,1
0.3714091,0.62859094,1
0.23231372,0.7676863,1
0.56625754,0.43374243,0
0.57445526,0.42554477,0
0.60908514,0.39091486,0
0.4234228,0.5765772,1
0.39406964,0.6059304,1
0.8056263,0.19437365,0
0.79105455,0.2089455,0
0.80973667,0.19026336,0
0.8100108,0.18998913,0
0.92187786,0.07812218,0
0.6735073,0.3264927,1
0.28073967,0.71926033,1
0.26100615,0.7389939,1
0.17730503,0.822695,1
0.13595454,0.8640455,1
0.23314312,0.76685685,1
0.46404904,0.5359509,0
0.365331,0.634669,1
0.92218876,0.0778112,0
0.48422056,0.51577944,1
0.49460077,0.5053992,1
0.479154,0.520846,1
0.4673508,0.5326491,1
0.43498513,0.56501484,1
0.39150596,0.60849404,1
0.658634,0.341366,0
0.84465235,0.15534769,0
0.9156077,0.08439228,0
0.90498906,0.09501088,0
0.7302045,0.26979545,0
0.7481896,0.2518103,0
0.3986664,0.6013336,1
0.7385637,0.2614363,0
0.8158429,0.18415706,0
0.93555313,0.064446926,0
0.2959648,0.7040352,1
0.16509414,0.83490586,1
0.12163305,0.87836695,1
0.12007443,0.8799255,1
0.13066043,0.8693396,1
0.1334828,0.8665172,1
0.1474427,0.8525573,1
0.1561442,0.84385586,1
0.38167983,0.6183202,1
0.735782,0.264218,0
0.48564142,0.51435864,1
0.9169481,0.083051905,0
0.5437299,0.45627013,0
0.9150818,0.08491814,0
0.90382504,0.09617502,0
0.8811489,0.11885111,0
0.8255667,0.17443328,0
0.35547325,0.6445267,1
0.56238055,0.43761948,1
0.5612264,0.43877354,1
0.45164225,0.5483577,1
0.8323239,0.16767612,0
0.89989626,0.1001037,0
0.91410995,0.08589,0
0.9045512,0.09544882,0
0.5248874,0.47511268,1
0.45008734,0.5499127,1
0.44596004,0.55403996,1
0.5128616,0.48713836,1
0.5587672,0.44123283,1
0.8204073,0.17959273,0
0.9126965,0.08730349,0
0.53576624,0.4642338,1
0.36862203,0.631378,1
0.51486427,0.48513576,1
0.55790126,0.4420988,1
0.69209886,0.30790108,0
0.79444844,0.20555152,0
0.7939513,0.20604879,0
0.90129745,0.098702535,0
0.7726518,0.22734822,0
0.65429187,0.34570816,1
0.6183926,0.38160744,1
0.73269016,0.2673098,0
0.7413145,0.2586855,0
0.92438716,0.07561285,0
0.93242943,0.06757054,0
0.91712105,0.08287901,0
0.90836734,0.091632634,0
0.57291096,0.42708907,1
0.567136,0.43286404,1
0.5578631,0.44213682,1
0.5529947,0.44700524,1
0.49136868,0.5086313,1
0.35731333,0.6426867,1
0.49743342,0.5025666,1
0.5780284,0.42197162,1
0.9256677,0.07433235,0
0.8473307,0.15266927,0
0.1790376,0.8209624,1
0.15640953,0.8435905,1
0.3228153,0.6771847,1
0.40995532,0.5900447,0
0.4079026,0.59209734,0
0.45872486,0.54127514,0
0.73456156,0.2654384,0
0.7397061,0.2602939,0
0.74908566,0.25091437,0
0.8976044,0.102395535,0
0.91730285,0.08269719,0
0.9199668,0.08003317,0
0.5737137,0.42628628,1
0.2996907,0.7003093,1
0.29031006,0.7096899,1
0.3452408,0.65475917,1
0.80946213,0.19053786,0
0.81280357,0.18719645,0
0.7937032,0.20629679,0
0.9025667,0.097433284,0
0.50050247,0.49949744,1
0.37656048,0.6234395,1
0.09677725,0.90322274,1
0.2171633,0.7828367,1
0.13493934,0.8650606,1
0.13620906,0.8637909,1
0.1190283,0.88097167,1
0.7343426,0.26565748,0
0.89888215,0.10111783,0
0.80258816,0.19741188,0
0.52625424,0.47374573,0
0.49601942,0.5039806,0
0.20609993,0.7939,1
0.14274816,0.8572518,1
0.31469074,0.68530923,0
0.33128482,0.6687152,0
0.32815823,0.6718418,0
0.43087482,0.5691252,0
0.6190434,0.38095662,0
0.6817006,0.3182994,0
0.672239,0.32776093,0
0.6948389,0.30516112,0
0.7528428,0.24715723,0
0.81037515,0.18962483,0
0.88703156,0.1129684,0
0.26631913,0.7336809,1
0.30204737,0.6979526,1
0.15588316,0.84411687,1
0.09140479,0.9085952,1
0.10501654,0.8949834,1
0.090781644,0.9092184,1
0.52575535,0.47424465,0
0.77571094,0.224289,0
0.7865609,0.21343914,0
0.76033646,0.2396636,0
0.51277024,0.48722976,0
0.86089224,0.1391078,0
0.8935608,0.10643917,0
0.92111015,0.0788899,0
0.88045293,0.11954704,0
0.44538984,0.55461013,0
0.76484996,0.23515008,0
0.7212349,0.2787651,0
0.7463286,0.25367144,0
0.7539908,0.24600911,0
0.74231356,0.25768638,1
0.79073894,0.20926102,0
0.79381025,0.20618974,0
0.5903264,0.4096736,1
0.5062617,0.49373826,1
0.63793266,0.3620673,1
0.49379268,0.5062073,1
0.48300028,0.5169998,1
0.58788323,0.4121168,1
0.227073,0.77292705,1
0.35731098,0.64268905,1
0.67332655,0.3266734,0
0.7278442,0.27215582,0
0.9145396,0.08546041,0
0.93685853,0.0631415,0
0.90774405,0.092255965,0
0.54883105,0.4511689,0
0.5549666,0.4450334,0
0.60060596,0.399394,0
0.605249,0.39475104,0
0.5909571,0.40904292,0
0.5877478,0.41225222,0
0.65567905,0.344321,1
0.56062436,0.43937558,1
0.73063093,0.26936907,0
0.8532908,0.14670923,0
0.9131994,0.08680051,0
0.7639112,0.2360888,0
0.68160444,0.31839558,0
0.62721115,0.37278885,1
0.558163,0.44183698,1
0.6911898,0.30881014,0
0.65455014,0.34544984,1
0.9029927,0.097007334,0
0.5533606,0.44663942,1
0.32634428,0.67365575,1
0.6983681,0.30163196,0
0.68608403,0.31391597,0
0.7762202,0.2237798,0
0.46579483,0.5342052,1
0.8322283,0.16777168,0
0.8593651,0.14063498,0
0.9021738,0.097826146,0
0.73190325,0.26809672,1
0.5523486,0.44765145,1
0.54912645,0.45087358,1
0.5420891,0.4579109,1
0.6152498,0.38475022,1
0.7551875,0.24481246,1
0.8240932,0.17590679,0
0.9159648,0.084035195,0
0.7890897,0.21091032,0
0.7972886,0.20271137,0
0.8045084,0.19549164,0
0.7967356,0.20326447,0
0.78315175,0.21684825,0
0.80143666,0.19856331,1
0.9462169,0.053783115,0
0.7332585,0.26674154,1
0.7456317,0.2543683,1
0.75415677,0.2458432,1
0.7818751,0.21812487,0
0.79125303,0.20874698,1
0.7534303,0.24656966,0
0.80936384,0.19063611,1
0.8279483,0.17205176,1
0.84675866,0.15324128,1
0.7963173,0.2036827,0
0.83045644,0.16954355,0
0.80774343,0.19225657,0
0.6720709,0.32792902,1
0.8298139,0.17018607,0
0.9083464,0.091653556,0
0.8751859,0.12481404,0
0.6495466,0.3504534,0
0.63413733,0.36586264,1
0.6221764,0.3778236,1
0.7310297,0.26897028,0
0.72636706,0.27363303,0
0.6519704,0.3480296,1
0.8492065,0.15079346,0
0.75614774,0.24385223,0
0.7283238,0.27167618,0
0.7944361,0.20556396,0
0.8196696,0.1803304,0
0.81492263,0.18507743,0
0.81765956,0.18234049,0
0.82120115,0.17879891,0
0.7887974,0.2112026,0
0.76546186,0.23453811,1
0.6429755,0.35702446,1
0.30792058,0.6920794,1
0.22099002,0.77900994,1
0.7210091,0.27899098,0
0.15220909,0.8477909,1
0.83067024,0.16932978,0
0.82895136,0.17104867,0
0.91363627,0.086363725,0
0.7541736,0.24582636,0
0.3589229,0.6410771,1
0.7939623,0.20603769,0
0.8096937,0.1903063,0
0.7936759,0.20632418,0
0.9264151,0.07358496,0
0.19486487,0.80513513,1
0.124895684,0.8751043,1
0.5060319,0.4939681,1
0.60446376,0.3955363,1
0.7761768,0.22382317,0
0.9055707,0.09442936,0
0.9148056,0.085194394,0
0.85560095,0.14439905,0
0.7172627,0.28273734,0
0.6754935,0.32450652,0
0.64980954,0.35019043,0
0.6931475,0.30685252,0
0.78661484,0.21338513,0
0.80526596,0.19473402,0
0.79433215,0.20566785,0
0.93626994,0.06373004,0
0.91604763,0.083952375,0
0.91135967,0.088640355,0
0.90498495,0.095015064,0
0.7064975,0.29350254,0
0.71121377,0.28878617,0
0.7147889,0.28521118,0
0.7268326,0.27316737,0
0.7456339,0.25436616,0
0.7496671,0.25033283,0
0.69254994,0.30745006,1
0.48985773,0.51014227,1
0.56207454,0.43792552,1
0.67916524,0.32083473,0
0.8532658,0.14673422,0
0.8864002,0.113599785,0
0.7121924,0.28780755,0
0.11506615,0.8849338,1
0.13833004,0.86166996,1
0.06763489,0.93236506,1
0.66279,0.33721006,0
0.48317188,0.5168281,0
0.5886961,0.41130385,0
0.48432755,0.51567245,0
0.1975414,0.8024585,1
0.44371262,0.5562874,1
0.24208334,0.7579167,1
0.4473471,0.5526529,1
0.55363,0.44637007,0
0.4970101,0.5029898,1
0.5089968,0.4910032,1
0.5260468,0.47395313,1
0.095513985,0.90448594,1
0.2625811,0.7374189,1
0.6035519,0.39644805,1
0.5284699,0.47153002,1
0.61154765,0.38845232,1
0.53993374,0.46006632,1
0.4109417,0.5890583,1
0.65567005,0.34432992,0
0.8108989,0.18910106,0
0.7691144,0.23088565,0
0.23110667,0.76889336,1
0.100340314,0.8996597,1
0.16817358,0.8318264,1
0.16819553,0.83180445,1
0.23229617,0.7677039,1
0.34851488,0.6514851,1
0.085662104,0.91433793,1
0.6320955,0.36790442,0
0.68465465,0.3153453,0
0.39353698,0.606463,0
0.60017365,0.39982638,0
0.23060721,0.7693928,1
0.14562908,0.8543709,1
0.2929344,0.7070656,1
0.10275331,0.8972467,1
0.32162625,0.67837375,0
0.40869048,0.59130955,0
0.38935596,0.61064404,0
0.30052748,0.69947255,1
0.532282,0.467718,0
0.6832956,0.31670436,0
0.63718325,0.36281678,0
0.8990307,0.10096936,0
0.88957965,0.11042037,0
0.7484432,0.25155684,0
0.5964134,0.4035866,0
0.59976393,0.40023613,1
0.7026329,0.2973671,0
0.6464619,0.3535381,0
0.49382886,0.50617117,1
0.7473988,0.25260118,0
0.88937134,0.110628694,0
0.90354556,0.09645448,0
0.69095063,0.30904937,0
0.5822024,0.41779765,1
0.6645995,0.3354005,0
0.6699544,0.33004555,0
0.4513851,0.54861486,1
0.5194337,0.48056626,1
0.56008923,0.4399108,1
0.57730776,0.42269224,0
0.65607953,0.34392047,0
0.7669556,0.23304433,1
0.35775226,0.64224774,1
0.11563936,0.8843606,1
0.45605156,0.5439485,0
0.5357524,0.46424755,0
0.5629503,0.4370497,0
0.641461,0.35853902,0
0.78927416,0.21072581,0
0.7309408,0.26905918,0
0.59752196,0.4024781,0
0.518117,0.481883,0
0.43604454,0.5639555,0
0.41665938,0.58334064,0
0.08242213,0.91757786,1
0.673198,0.32680196,0
0.7489615,0.25103843,0
0.78760517,0.21239483,0
0.79241455,0.20758547,0
0.7532972,0.24670278,0
0.85648364,0.14351639,0
0.6365174,0.36348262,1
0.24751207,0.7524879,1
0.47719833,0.5228017,1
0.5613176,0.43868235,0
0.5412246,0.45877537,1
0.43793073,0.5620693,1
0.418215,0.581785,1
0.7064372,0.29356277,0
0.78488445,0.2151155,0
0.7980208,0.20197923,0
0.88194793,0.118052065,0
0.88000923,0.11999076,0
0.7775521,0.22244784,0
0.5132535,0.4867465,0
0.5423281,0.45767182,0
0.41957,0.58043,1
0.61773145,0.3822685,1
0.7093664,0.29063365,0
0.7667255,0.23327449,0
0.7487194,0.2512806,0
0.8350869,0.16491313,0
0.124864526,0.87513554,1
0.55770415,0.44229582,0
0.7617692,0.23823088,0
0.78514826,0.21485172,0
0.79807734,0.20192263,0
0.67513025,0.32486975,0
0.6830914,0.3169086,0
0.6949215,0.30507848,0
0.49499315,0.5050069,1
0.54001564,0.45998433,0
0.6825492,0.3174508,0
0.66942763,0.3305723,1
0.6870441,0.31295595,0
0.7425562,0.25744376,0
0.8358529,0.1641471,0
0.90123373,0.09876627,0
0.90012306,0.099876866,0
0.875455,0.12454502,0
0.85034394,0.14965612,0
0.64044034,0.35955966,1
0.6590681,0.3409319,0
0.672983,0.32701698,0
0.7006732,0.29932675,0
0.7248019,0.27519807,0
0.5608338,0.43916622,1
0.906539,0.093460985,0
0.78681755,0.21318243,0
0.58008486,0.41991517,1
0.12501973,0.8749803,1
0.40589905,0.59410095,1
0.40710366,0.5928964,1
0.4990467,0.5009532,0
0.06253993,0.93746,1
0.632026,0.36797395,0
0.67942995,0.32057,0
0.8731492,0.12685077,0
0.6274992,0.37250072,0
0.66496456,0.33503544,0
0.06858186,0.9314181,1
0.7195083,0.28049174,0
0.7228682,0.2771318,0
0.79575396,0.20424604,0
0.6604494,0.33955067,0
0.8302746,0.16972539,0
0.5870969,0.41290307,0
0.54654676,0.4534532,1
0.43653828,0.5634618,1
0.42606142,0.57393867,1
0.08358617,0.9164138,1
0.64340323,0.35659674,1
0.7040882,0.29591185,0
0.89494085,0.10505918,0
0.8631685,0.13683149,0
0.8450767,0.15492333,0
0.7142901,0.2857099,0
0.7040012,0.29599878,0
0.53810394,0.46189603,0
0.52590156,0.47409853,0
0.60987735,0.39012265,0
0.10681701,0.89318305,1
0.65654457,0.34345543,1
0.7729742,0.22702585,0
0.7559854,0.24401465,0
0.7662739,0.23372613,0
0.8219994,0.17800063,0
0.91656315,0.08343683,0
0.81987655,0.1801235,0
0.79723334,0.20276666,0
0.71896744,0.28103256,0
0.7214134,0.2785866,0
0.7162396,0.2837604,0
0.70859534,0.29140472,0
0.6985867,0.30141336,0
0.7755955,0.22440448,0
0.79139274,0.20860727,0
0.8502306,0.14976935,0
0.88345766,0.11654236,0
0.6730209,0.32697913,1
0.72427136,0.27572864,1
0.7938599,0.2061401,0
0.85306275,0.14693724,0
0.9175153,0.08248476,0
0.9277879,0.072212175,0
0.8822946,0.117705375,0
0.84581476,0.15418522,0
0.71970177,0.28029823,0
0.76696813,0.23303185,0
0.78745127,0.2125487,0
0.77871794,0.22128212,0
0.35844308,0.6415569,1
0.48955995,0.51044,1
0.565462,0.43453807,1
0.6210759,0.3789241,1
0.7180257,0.2819743,0
0.85200816,0.14799182,0
0.87063843,0.12936163,0
0.8998095,0.10019048,0
0.90267473,0.09732519,0
0.5157725,0.48422748,1
0.32471377,0.6752863,1
0.34684566,0.65315425,1
0.4951658,0.50483423,1
0.50668716,0.49331284,1
0.5243699,0.4756301,1
0.12677693,0.87322307,1
0.6696466,0.33035335,0
0.6937939,0.30620614,0
0.89863396,0.101366006,0
0.83422774,0.16577221,0
0.38437065,0.6156294,1
0.5901098,0.40989015,0
0.614115,0.38588494,0
0.64481497,0.35518506,0
0.1956052,0.8043947,1
0.77047265,0.22952737,0
0.75191545,0.24808453,0
0.8544958,0.14550416,0
0.887454,0.11254604,0
0.6144266,0.38557336,0
0.4672339,0.5327661,1
0.6083554,0.3916446,0
0.6221061,0.37789387,0
0.61688167,0.38311833,0
0.73309505,0.26690495,0
0.7381098,0.26189014,0
0.78398764,0.21601236,0
0.74108034,0.25891963,0
0.8837177,0.116282314,0
0.8855509,0.11444903,0
0.8702378,0.1297622,0
0.67996806,0.3200319,0
0.6460351,0.35396495,1
0.10659374,0.8934063,1
0.08326902,0.91673094,1
0.14380917,0.8561908,1
0.1647501,0.83524996,1
0.10488795,0.89511204,1
0.93252647,0.06747354,0
0.8868972,0.11310279,0
0.30154875,0.6984513,1
0.65708524,0.34291473,0
0.28301662,0.7169834,0
0.5209274,0.47907254,0
0.07424009,0.92576,1
0.5538353,0.44616482,0
0.7096457,0.2903543,0
0.7498836,0.25011638,0
0.7201514,0.27984858,0
0.740504,0.25949597,0
0.87169874,0.12830131,0
0.8974928,0.102507114,0
0.8479189,0.15208104,0
0.6020697,0.39793032,0
0.63698035,0.36301965,0
0.6929405,0.30705947,0
0.3027616,0.6972384,1
0.39684677,0.6031532,1
0.7146325,0.28536752,0
0.9110911,0.08890894,0
0.89843976,0.1015602,0
0.6524783,0.3475217,1
0.6291668,0.3708332,1
0.6457537,0.3542463,1
0.55098397,0.44901603,1
0.27193937,0.7280606,1
0.5483563,0.4516437,0
0.6250207,0.37497935,1
0.62273794,0.37726206,1
0.59612477,0.40387526,1
0.59586644,0.4041336,1
0.3801041,0.6198959,1
0.41334704,0.58665305,0
0.4096962,0.59030384,0
0.96181476,0.03818525,0
0.97710586,0.022894118,0
0.32187006,0.67813,1
0.22724962,0.7727504,1
0.13523875,0.8647613,1
0.11224145,0.88775855,1
0.08426964,0.9157303,1
0.042170085,0.9578299,1
0.24048261,0.7595174,1
0.9641227,0.035877265,0
0.69024074,0.30975926,0
0.08055223,0.9194477,1
0.09337739,0.9066226,1
0.07910963,0.9208904,1
0.12106875,0.8789313,1
0.08368076,0.9163193,1
0.24394792,0.7560521,0
0.5824189,0.41758105,0
0.32218936,0.6778106,0
0.24003385,0.75996614,1
0.22844158,0.7715584,1
0.11545867,0.88454133,1
0.024520885,0.97547907,1
0.40363047,0.59636956,1
0.4270084,0.57299155,0
0.68155026,0.31844974,0
0.7939325,0.20606755,0
0.9803665,0.019633533,0
0.16053826,0.83946174,1
0.08400805,0.9159919,1
0.19913015,0.8008699,1
0.098387755,0.9016122,1
0.27223852,0.72776145,1
0.057905804,0.94209415,1
0.41871852,0.5812815,0
0.23463653,0.76536345,0
0.057865735,0.94213426,1
0.11022081,0.8897792,1
0.1809937,0.81900626,0
0.34371147,0.65628856,0
0.12467037,0.8753297,0
0.032195676,0.9678044,1
0.040724963,0.95927507,1
0.1531618,0.8468382,1
0.067624636,0.9323754,1
0.0884647,0.9115353,1
0.050941877,0.9490581,1
0.12451153,0.87548846,1
0.17523815,0.8247618,1
0.04861611,0.95138395,1
0.028949823,0.97105014,1
0.16256541,0.8374346,1
0.5969055,0.40309447,0
0.9625268,0.037473164,0
0.947612,0.052388042,0
0.041815568,0.9581845,1
0.5061599,0.49384016,0
0.4206089,0.5793911,0
0.5361659,0.46383405,0
0.5367452,0.46325484,0
0.032142896,0.96785706,1
0.31865597,0.68134403,0
0.30923906,0.69076097,0
0.92786986,0.07213012,0
0.94813895,0.051861104,0
0.9502348,0.049765192,0
0.8410418,0.15895818,0
0.30247036,0.6975297,0
0.070017874,0.9299821,1
0.3748353,0.62516475,0
0.0038973836,0.9961026,1
0.036628623,0.96337134,1
0.067018494,0.9329815,1
0.09949456,0.9005054,1
0.36483565,0.6351644,0
0.30620366,0.6937964,0
0.8329999,0.16700007,0
0.04318787,0.9568121,1
0.33754528,0.66245466,0
0.62695307,0.37304696,0
0.050617415,0.9493826,1
0.15222634,0.8477736,1
0.6381829,0.36181706,0
0.66088,0.33912,0
0.939844,0.06015591,0
0.1069746,0.8930254,0
0.10557249,0.8944275,1
0.28973597,0.710264,0
0.6465575,0.35344246,0
0.12498526,0.8750147,1
0.7251407,0.27485934,0
0.9629992,0.03700081,0
0.08973741,0.91026264,1
0.15200028,0.8479997,1
0.6329019,0.36709806,0
0.63322073,0.36677924,0
0.055424504,0.94457555,1
0.1512196,0.8487804,1
0.50269216,0.4973078,1
0.6849868,0.3150131,0
0.4341944,0.5658056,1
0.41433886,0.5856612,1
0.6465363,0.35346374,1
0.9742286,0.025771404,0
0.030370709,0.9696293,1
0.3183385,0.6816615,0
0.28795218,0.7120479,1
0.21725395,0.7827461,1
0.9126607,0.087339245,0
0.98970896,0.010290981,0
0.969841,0.030159013,0
0.70563257,0.29436737,0
0.7202823,0.27971765,0
0.7397409,0.2602591,0
0.73290014,0.2670999,0
0.6831221,0.31687793,0
0.70922863,0.29077137,0
0.7079888,0.2920112,0
0.74265134,0.25734863,0
0.7955736,0.20442642,0
0.9768544,0.023145592,0
0.9667066,0.033293363,0
0.62570447,0.3742955,0
0.54184467,0.45815536,0
0.53447664,0.4655234,0
0.44506958,0.55493045,1
0.4123886,0.5876114,1
0.3128195,0.6871804,1
0.3874308,0.6125692,1
0.9458329,0.05416707,0
0.8831657,0.116834365,0
0.7298389,0.27016103,1
0.13708404,0.862916,1
0.006463444,0.99353653,1
0.7482932,0.25170678,0
0.8542083,0.14579172,0
0.52712643,0.47287354,0
0.46540424,0.5345957,0
0.127199,0.87280095,1
0.45804667,0.5419533,1
0.77618796,0.22381198,0
0.84249914,0.1575009,0
0.66688067,0.33311936,0
0.22398412,0.7760159,1
0.6678604,0.3321397,0
0.594078,0.40592209,0
0.73410493,0.26589504,0
0.43532127,0.56467867,0
0.40139124,0.59860873,0
0.29092917,0.70907086,1
0.48513725,0.5148628,0
0.67459196,0.325408,0
0.7090032,0.29099682,0
0.6803206,0.31967935,0
0.45417142,0.5458286,1
0.72016567,0.27983436,0
0.66688144,0.3331186,0
0.739546,0.26045403,0
0.916018,0.08398197,0
0.9449152,0.055084858,0
0.750403,0.24959695,0
0.6010935,0.39890653,0
0.37735003,0.62264997,1
0.40619692,0.59380305,0
0.6075747,0.39242527,0
0.48551685,0.5144831,0
0.12773506,0.872265,1
0.4009256,0.59907436,1
0.4483655,0.5516345,1
0.670504,0.32949603,0
0.9907356,0.009264415,0
0.9709424,0.029057672,0
0.6555838,0.34441617,0
0.7154653,0.28453475,0
0.7659876,0.23401242,1
0.7896987,0.2103012,1
0.8724748,0.12752521,0
0.6636678,0.33633217,0
0.18777755,0.8122224,1
0.19365627,0.8063438,1
0.13915707,0.86084294,1
0.7435897,0.25641033,0
0.88316315,0.1168368,0
0.34862006,0.65137994,1
0.7439467,0.25605333,0
0.050675448,0.9493246,1
0.6031073,0.3968928,0
0.7568548,0.24314526,0
0.73063534,0.26936463,0
0.1486102,0.85138977,1
0.123478055,0.87652194,1
0.5460226,0.45397747,1
0.6374445,0.36255553,0
0.7176112,0.2823888,0
0.741255,0.258745,0
0.7968442,0.2031558,0
0.92334706,0.076652914,0
0.70298725,0.2970127,0
0.43394616,0.5660538,1
0.61911434,0.38088563,0
0.65019894,0.3498011,0
0.39921603,0.600784,1
0.7438426,0.25615743,0
0.6078786,0.39212137,0
0.90079707,0.09920294,0
0.96010244,0.039897576,0
0.9732255,0.026774473,0
0.63723403,0.36276597,0
0.27131608,0.72868395,1
0.40142506,0.5985749,1
0.075307235,0.9246928,1
0.07717795,0.9228221,1
0.2465461,0.7534539,1
0.6997752,0.30022478,0
0.6337226,0.36627743,0
0.75670487,0.24329513,0
0.9006229,0.09937704,0
0.9413728,0.058627147,0
0.081169344,0.9188307,1
0.04761481,0.9523852,1
0.04734341,0.95265657,1
0.83871067,0.16128935,0
0.90767145,0.09232855,0
0.99595344,0.004046522,0
0.06014641,0.9398536,1
0.07919822,0.92080176,1
0.6292171,0.3707829,0
0.72516054,0.2748394,0
0.6920672,0.3079328,0
0.3361638,0.66383624,1
0.38244814,0.61755186,1
0.8083886,0.19161136,0
0.97509617,0.024903858,0
0.5781404,0.42185956,0
0.5779361,0.4220639,0
0.60651934,0.39348057,0
0.07279496,0.9272051,1
0.3878471,0.61215293,0
0.48406672,0.5159333,0
0.7360803,0.26391965,0
0.037184197,0.9628158,1
0.04451427,0.95548576,1
0.09029235,0.90970767,1
0.17375785,0.8262422,1
0.39857808,0.60142195,0
0.670745,0.329255,0
0.028863834,0.97113615,1
0.079062544,0.92093754,1
0.028170865,0.97182906,1
0.19793375,0.80206627,1
0.036625307,0.9633747,1
0.07782478,0.92217517,1
0.5623048,0.43769518,0
0.5965745,0.40342554,0
0.77394074,0.22605932,0
0.7232639,0.27673608,0
0.4045687,0.59543127,0
0.8068293,0.19317076,0
0.8267801,0.17322,0
0.9134925,0.08650753,0
0.32906502,0.67093503,1
0.3189597,0.6810403,1
0.6636755,0.3363245,0
0.5138672,0.4861328,1
0.16900292,0.83099705,1
0.59288704,0.40711302,0
0.63778627,0.3622137,0
0.7787719,0.2212282,0
0.76108795,0.23891203,0
0.78929794,0.21070202,0
0.8457582,0.15424182,0
0.5403633,0.45963672,1
0.4868618,0.51313823,1
0.6012519,0.39874813,1
0.6639472,0.33605275,1
0.4259452,0.5740547,1
0.4910305,0.5089694,1
0.6163306,0.38366938,1
0.60443383,0.39556623,1
0.7679678,0.2320322,1
0.7414076,0.2585924,1
0.85170406,0.14829594,0
0.8060496,0.19395044,0
0.8749858,0.12501422,0
0.9835234,0.01647662,0
0.96500236,0.034997713,0
0.9309167,0.06908325,0
0.7804615,0.21953848,1
0.6766822,0.3233178,1
0.649511,0.35048902,1
0.64673376,0.35326627,1
0.7141685,0.2858315,1
0.71877325,0.28122672,1
0.25054142,0.74945855,1
0.7178867,0.28211328,1
0.8888514,0.11114861,0
0.96294016,0.037059825,0
0.9900815,0.009918524,0
0.9512196,0.048780322,0
0.850607,0.14939302,1
0.6961357,0.3038643,1
0.72175515,0.2782448,1
0.71300536,0.28699464,1
0.6605034,0.33949658,1
0.40230134,0.5976987,1
0.3937632,0.60623676,1
0.45562822,0.54437184,1
0.50679195,0.49320805,0
0.8229545,0.17704548,0
0.96611506,0.03388491,0
0.98824906,0.011750899,0
0.62853837,0.37146166,1
0.6528642,0.34713572,1
0.6794554,0.32054463,1
0.24770853,0.75229144,1
0.47923586,0.5207642,1
0.62294155,0.37705845,0
0.85333335,0.14666672,0
0.94459,0.055410024,0
0.9548097,0.045190215,0
0.34589732,0.6541027,1
0.057310052,0.94269,1
0.24537335,0.75462663,1
0.36504164,0.6349584,1
0.6555919,0.34440812,0
0.11393957,0.8860604,1
0.620469,0.37953097,0
0.54791373,0.45208627,0
0.6225228,0.3774772,0
0.83850646,0.1614936,0
0.94930726,0.05069272,0
0.05500499,0.944995,1
0.19545595,0.80454403,0
0.06421444,0.93578553,1
0.26765326,0.7323468,1
0.7477725,0.25222743,0
0.7751798,0.22482027,0
0.96948516,0.03051486,0
0.9691064,0.030893637,0
0.37145278,0.62854713,1
0.14198737,0.8580127,1
0.12859514,0.8714048,1
0.4363786,0.56362146,1
0.18568002,0.81431997,1
0.106174715,0.89382523,1
0.52875525,0.4712448,1
0.37449583,0.6255041,1
0.71825516,0.28174493,0
0.6015223,0.39847773,0
0.705377,0.2946231,0
0.90449834,0.09550168,0
0.16233575,0.8376643,1
0.3753066,0.62469333,1
0.50734717,0.49265283,0
0.45867118,0.54132885,0
0.60314584,0.3968541,0
0.63620055,0.36379948,0
0.9933074,0.0066926163,0
0.99171233,0.008287647,0
0.96398973,0.036010243,0
0.8173111,0.18268888,1
0.7268855,0.27311456,0
0.5223339,0.477666,0
0.65682256,0.34317747,0
0.38699603,0.61300397,1
0.45536798,0.544632,1
0.7653424,0.23465759,1
0.79164934,0.2083506,0
0.96692175,0.03307823,0
0.7411839,0.25881606,1
0.51412636,0.48587364,1
0.47230476,0.5276952,1
0.48014286,0.5198571,1
0.14458264,0.85541743,1
0.7826252,0.21737483,0
0.7645829,0.23541714,0
0.5684762,0.4315238,1
0.19969408,0.8003059,1
0.07331017,0.92668986,1
0.057042588,0.94295746,1
0.06700658,0.9329934,1
0.061627645,0.9383724,1
0.061692066,0.93830794,1
0.056393456,0.9436065,1
0.5364668,0.46353313,0
0.5429244,0.45707557,0
0.9342639,0.06573605,0
0.40292993,0.5970701,0
0.09319719,0.90680283,1
0.44035757,0.5596425,0
0.17962673,0.8203733,1
0.3775301,0.6224699,1
0.95859957,0.04140039,0
0.90536433,0.09463572,0
0.22946183,0.7705381,1
0.20255078,0.79744923,1
0.06752429,0.9324757,1
0.3007945,0.6992054,1
0.593265,0.406735,0
0.3932489,0.60675114,1
0.027994113,0.97200584,1
0.42039642,0.5796036,0
0.27117336,0.72882664,0
0.08556341,0.9144366,1
0.081887856,0.91811216,1
0.119929165,0.8800708,1
0.60630125,0.3936988,0
0.7133582,0.2866418,0
0.48897514,0.51102483,0
0.6784646,0.32153544,0
0.8133725,0.18662755,0
0.96876454,0.031235423,0
0.095214196,0.9047859,1
0.09610729,0.9038927,1
0.3960772,0.6039228,0
0.37153214,0.62846786,0
0.19636129,0.8036387,1
0.24247365,0.7575264,1
0.55252755,0.44747245,0
0.59093696,0.40906307,0
0.9825576,0.017442437,0
0.98198974,0.018010264,0
0.95546925,0.0445308,0
0.55408007,0.44591993,1
0.62472737,0.37527263,1
0.55316126,0.44683877,1
0.5472555,0.4527445,1
0.6760475,0.32395256,1
0.7076324,0.29236758,1
0.6990609,0.3009391,1
0.35540855,0.6445914,1
0.1421871,0.8578129,1
0.7665119,0.23348807,0
0.96812123,0.03187873,0
0.9470001,0.05299991,0
0.83609533,0.16390464,0
0.73743016,0.26256984,1
0.55455256,0.44544742,1
0.70151687,0.2984832,1
0.28545228,0.7145477,1
0.26444143,0.7355585,1
0.3056742,0.6943258,1
0.27974367,0.7202563,1
0.7969038,0.20309615,1
0.82939124,0.17060879,0
0.96237355,0.037626497,0
0.0867397,0.9132603,1
0.4498633,0.5501367,0
0.562413,0.437587,0
0.12233922,0.87766075,1
0.13715002,0.86284995,1
0.28057316,0.7194268,1
0.8643474,0.13565259,0
0.17783879,0.8221612,1
0.5288763,0.4711237,1
0.52711564,0.47288433,0
0.38597253,0.6140275,1
0.05693849,0.94306153,1
0.19031155,0.80968845,1
0.61267465,0.3873253,0
0.57056224,0.4294378,0
0.93249744,0.06750256,0
0.9462261,0.05377382,0
0.4608194,0.5391806,1
0.12851794,0.87148213,1
0.0952021,0.90479785,1
0.96765244,0.032347556,0
0.93603,0.06397006,0
0.56424123,0.43575874,0
0.31303144,0.68696856,0
0.512969,0.48703098,0
0.34115705,0.658843,0
0.42155927,0.5784408,1
0.4480437,0.5519563,1
0.56979847,0.43020162,0
0.6945184,0.30548155,1
0.7191054,0.28089452,0
0.640995,0.359005,1
0.64460087,0.35539916,0
0.9291059,0.07089415,0
0.94225067,0.05774933,0
0.9420218,0.05797816,0
0.20583293,0.79416704,1
0.508178,0.49182203,0
0.29775676,0.70224327,1
0.9023807,0.09761922,0
0.9407277,0.059272315,0
0.98606575,0.01393423,0
0.6293926,0.37060732,1
0.623278,0.37672192,1
0.60037845,0.39962152,1
0.631316,0.36868396,1
0.6229981,0.37700188,1
0.47670582,0.52329415,1
0.66921574,0.33078426,1
0.9841335,0.015866524,0
0.9806841,0.019315945,0
0.73702943,0.26297063,1
0.7114962,0.28850383,1
0.6496878,0.35031223,1
0.4805623,0.51943773,1
0.56970745,0.43029252,1
0.32698634,0.6730137,1
0.47116205,0.528838,1
0.82934284,0.17065713,0
0.98078626,0.019213757,0
0.433485,0.56651497,1
0.47908193,0.52091813,1
0.49932674,0.50067323,1
0.51696104,0.48303893,1
0.2457208,0.75427926,1
0.26350734,0.7364926,1
0.7204032,0.2795968,1
0.83773774,0.16226222,0
0.5266904,0.47330955,1
0.5366934,0.4633066,1
0.48094094,0.5190591,1
0.5872921,0.41270792,1
0.6498608,0.3501392,0
0.58050585,0.41949415,0
0.45488575,0.5451143,1
0.54938823,0.4506118,0
0.5190967,0.48090336,1
0.8636464,0.13635361,0
0.54668695,0.45331305,0
0.62041813,0.37958187,0
0.34961125,0.6503887,1
0.72821647,0.2717836,0
0.735567,0.264433,0
0.46591148,0.53408843,1
0.39797997,0.60201997,1
0.4969092,0.50309086,0
0.6138806,0.3861194,1
0.6276983,0.37230173,0
0.61233616,0.38766384,0
0.90872836,0.09127158,0
0.8374921,0.16250794,0
0.5593443,0.44065568,0
0.60258514,0.39741492,0
0.59874856,0.40125144,0
0.6265641,0.3734359,0
0.6893562,0.3106438,0
0.6989531,0.30104688,0
0.69174147,0.3082585,0
0.064042784,0.9359572,1
0.568037,0.431963,0
0.5806193,0.41938072,1
0.67389464,0.32610533,0
0.9291733,0.07082676,0
0.9145188,0.085481286,0
0.5657023,0.43429768,0
0.5456803,0.45431972,0
0.5945289,0.40547106,0
0.61394185,0.38605815,0
0.47882208,0.52117795,0
0.62158287,0.37841704,0
0.9481665,0.051833477,0
0.96076465,0.039235357,0
0.6569383,0.3430617,0
0.62987894,0.37012103,0
0.5240147,0.4759853,0
0.6795607,0.3204393,0
0.64032793,0.35967216,0
0.5730519,0.42694804,0
0.52238846,0.4776115,0
0.5903592,0.4096408,0
0.62700987,0.37299013,1
0.51386636,0.4861337,0
0.78010565,0.21989432,0
0.92201936,0.07798062,0
0.9074316,0.092568435,0
0.7196955,0.28030452,0
0.60429597,0.39570397,0
0.49699268,0.50300735,1
0.5242184,0.47578162,1
0.6098582,0.3901418,1
0.90583616,0.09416385,1
0.93184495,0.068155095,0
0.8467663,0.1532337,0
0.2543026,0.7456974,1
0.33092386,0.66907614,1
0.39705673,0.6029433,1
0.48093557,0.51906437,1
0.26831394,0.73168606,1
0.533672,0.46632802,1
0.59880245,0.40119755,1
0.74416244,0.2558376,1
0.91490895,0.085091,0
0.8569814,0.14301857,0
0.8077441,0.19225591,0
0.38633934,0.61366063,0
0.44295138,0.55704856,0
0.44598877,0.55401117,0
0.5185126,0.48148742,0
0.6917955,0.3082045,0
0.7125082,0.28749174,0
0.62130105,0.37869892,0
0.3069117,0.69308823,0
0.42208824,0.5779117,0
0.52502143,0.4749786,1
0.7477379,0.25226212,0
0.5896756,0.41032445,1
0.7916033,0.20839664,0
0.651614,0.3483859,0
0.660185,0.33981502,0
0.64126253,0.35873744,0
0.6558619,0.344138,1
0.74241936,0.25758067,1
0.739712,0.260288,1
0.7362617,0.26373827,1
0.44291526,0.55708474,1
0.30505693,0.694943,1
0.604759,0.39524108,1
0.7143475,0.28565255,0
0.71457464,0.2854254,0
0.5673266,0.43267342,1
0.57924926,0.42075074,1
0.73297507,0.26702493,0
0.7373545,0.26264554,0
0.7245738,0.27542618,0
0.06990553,0.93009454,1
0.7266605,0.27333945,0
0.60333526,0.39666477,0
0.92540026,0.074599795,0
0.7450309,0.25496912,0
0.48699784,0.5130022,0
0.5300515,0.46994847,0
0.59320724,0.40679276,0
0.5903409,0.4096591,0
0.42529002,0.5747101,0
0.40104854,0.5989515,0
0.71147007,0.28852993,1
0.96054274,0.039457254,0
0.9528598,0.04714019,0
0.90498203,0.09501797,0
0.57704544,0.4229545,0
0.61799216,0.38200787,0
0.6838609,0.3161391,0
0.7652887,0.2347113,0
0.7606693,0.23933063,0
0.5877979,0.41220215,1
0.929768,0.070232004,0
0.9217492,0.07825082,0
0.6585291,0.34147087,1
0.53800225,0.46199775,1
0.44200736,0.55799264,1
0.5643492,0.43565083,1
0.5670851,0.43291494,1
0.17246407,0.82753587,1
0.25570515,0.7442949,1
0.43879652,0.5612035,1
0.63956326,0.36043674,1
0.73442316,0.26557687,1
0.87454915,0.12545082,0
0.8161447,0.18385525,0
0.5231838,0.4768162,0
0.59300846,0.40699154,0
0.015224016,0.98477596,1
0.5176198,0.4823802,0
0.6066694,0.39333057,0
0.88791394,0.11208607,0
0.8882831,0.11171692,0
0.8513423,0.14865766,0
0.47859,0.5214099,0
0.3760353,0.62396467,0
0.72612894,0.2738711,0
0.74874306,0.2512569,0
0.74852467,0.2514754,0
0.68433696,0.31566307,0
0.8993634,0.10063664,0
0.90139866,0.09860137,0
0.7096072,0.2903928,0
0.548557,0.45144302,1
0.6997497,0.30025032,0
0.7374632,0.26253688,0
0.285707,0.714293,1
0.08741461,0.9125854,1
0.59351325,0.40648672,1
0.21894711,0.7810529,1
0.6795336,0.32046637,0
0.27880332,0.7211967,1
0.24515669,0.7548433,1
0.5770884,0.42291155,0
0.5819239,0.4180761,0
0.7791145,0.22088552,0
0.46058032,0.5394197,0
0.55281156,0.4471884,0
0.25089714,0.74910283,1
0.90538025,0.09461972,0
0.9558257,0.044174388,0
0.9512677,0.048732325,0
0.9049592,0.09504077,0
0.60637057,0.39362943,1
0.7053636,0.2946364,0
0.72584385,0.27415612,0
0.5439241,0.456076,1
0.49774227,0.50225776,1
0.16430669,0.83569336,1
0.7800133,0.2199867,0
0.9343737,0.06562632,0
0.6862416,0.31375843,0
0.52470773,0.47529227,0
0.6462123,0.35378775,0
0.4015508,0.5984492,0
0.01885032,0.9811497,1
0.68913406,0.3108659,0
0.9144387,0.08556131,0
0.16071154,0.8392885,1
0.21433955,0.78566045,0
0.12639509,0.87360495,1
0.5599836,0.44001645,0
0.0038580108,0.99614197,1
0.08014694,0.91985303,1
0.50370747,0.4962925,0
0.37837437,0.62162566,0
0.8704215,0.12957852,0
0.769937,0.23006308,0
0.08639266,0.9136073,1
0.27314284,0.7268571,0
0.12193054,0.8780694,1
0.67730314,0.32269683,0
0.69479287,0.30520716,0
0.79113346,0.20886654,0
0.08357113,0.9164289,1
0.67646325,0.32353675,0
0.72770584,0.27229416,0
0.447314,0.552686,0
0.48826665,0.51173335,0
0.7050142,0.29498577,0
0.6196443,0.38035572,0
0.89702,0.10298005,0
0.8491881,0.15081182,0
0.75000983,0.24999012,0
0.115676485,0.88432354,1
0.35099423,0.6490057,1
0.8132092,0.18679087,0
0.8201699,0.17983009,0
0.8180694,0.1819306,0
0.6070617,0.3929383,0
0.59660506,0.4033949,0
0.60865885,0.39134115,1
0.17691897,0.823081,1
0.74388516,0.2561148,0
0.930641,0.069359034,0
0.9405969,0.05940316,0
0.44916445,0.55083555,0
0.6606885,0.3393115,0
0.2194773,0.78052276,1
0.7396489,0.26035106,0
0.7329183,0.26708165,0
0.53251046,0.46748954,0
0.47701514,0.52298486,0
0.46964908,0.530351,1
0.7336013,0.26639876,0
0.71838284,0.2816172,0
0.7080203,0.2919797,0
0.67907375,0.32092625,0
0.72638583,0.27361417,0
0.7451438,0.25485623,0
0.8799316,0.12006837,0
0.92021096,0.07978901,0
0.9047649,0.0952351,0
0.6911367,0.30886328,0
0.6707133,0.32928672,0
0.66719735,0.33280268,0
0.6210467,0.37895325,0
0.6318676,0.3681325,0
0.60933113,0.39066887,0
0.62008023,0.37991974,1
0.49680004,0.50319993,0
0.7222032,0.27779686,1
0.88479,0.115210004,0
0.4914824,0.5085177,1
0.53283334,0.4671667,1
0.69286865,0.30713135,0
0.19601968,0.80398035,1
0.18839142,0.8116086,1
0.68214995,0.31785008,0
0.4836948,0.51630527,1
0.8582107,0.14178924,0
0.7916988,0.2083012,0
0.5796037,0.42039633,0
0.6554586,0.34454134,0
0.71821785,0.28178218,0
0.75756127,0.24243866,0
0.6555272,0.34447286,0
0.20768301,0.7923169,1
0.33701047,0.66298956,1
0.6697944,0.33020565,1
0.870377,0.12962298,0
0.53659093,0.46340904,1
0.58458924,0.41541073,1
0.644625,0.35537502,1
0.65889454,0.34110546,1
0.2481833,0.7518167,1
0.013797232,0.9862027,1
0.031333476,0.96866655,1
0.02432486,0.97567517,1
0.5854247,0.41457528,0
0.69168913,0.30831084,0
0.6104521,0.38954785,0
0.5879881,0.41201195,0
0.70480955,0.29519045,0
0.9438455,0.056154482,0
0.4191136,0.5808865,1
0.09628661,0.90371335,1
0.68661916,0.31338084,0
0.71108764,0.28891233,0
0.5016016,0.4983984,0
0.50404346,0.4959565,0
0.52449715,0.4755029,0
0.74650085,0.25349912,0
0.4691419,0.53085816,1
0.8363754,0.16362454,0
0.9765621,0.023437846,0
0.9710268,0.028973265,0
0.6250535,0.3749465,0
0.65639853,0.3436014,0
0.6883558,0.3116442,0
0.70896816,0.29103184,0
0.054254193,0.94574577,1
0.6730615,0.32693854,0
0.7607213,0.23927869,0
0.72493935,0.27506065,1
0.8818299,0.11817015,0
0.91713136,0.082868636,0
0.93107295,0.068927005,0
0.90332115,0.096678875,0
0.8458524,0.15414762,0
0.7022373,0.2977627,0
0.5320137,0.46798626,0
0.53527373,0.46472618,0
0.5631142,0.43688577,0
0.62751245,0.37248752,0
0.6414575,0.35854247,0
0.5634847,0.43651524,0
0.69391483,0.30608517,1
0.8105977,0.18940233,0
0.8706703,0.12932965,0
0.9370668,0.0629332,0
0.10618536,0.8938147,1
0.6299486,0.37005138,0
0.6816955,0.3183045,0
0.62498814,0.37501183,0
0.47596318,0.5240369,0
0.082024366,0.9179756,1
0.47456712,0.5254328,0
0.73176026,0.2682397,0
0.5178117,0.48218825,0
0.6282976,0.37170237,0
0.52710944,0.47289053,0
0.6962313,0.3037687,0
0.6313891,0.36861095,0
0.5496207,0.45037928,0
0.23635516,0.7636448,1
0.34939718,0.6506029,0
0.73132914,0.26867083,0
0.8222341,0.17776592,0
0.887689,0.11231092,0
0.8935345,0.1064655,0
0.85736305,0.14263697,0
0.79781127,0.20218872,0
0.677625,0.322375,0
0.5734349,0.4265651,0
0.42603943,0.57396054,1
0.63214916,0.36785084,0
0.7574637,0.24253632,0
0.3883636,0.6116364,1
0.71878535,0.28121465,0
0.7504818,0.24951819,0
0.8203219,0.17967807,0
0.39341015,0.60658985,1
0.6287812,0.3712188,0
0.7178957,0.28210437,0
0.7700238,0.22997618,0
0.55619776,0.44380224,1
0.60904974,0.3909503,1
0.9517209,0.04827913,0
0.4116825,0.5883175,1
0.6810905,0.3189095,1
0.058800273,0.9411997,1
0.0042446116,0.99575543,1
0.09555141,0.9044486,1
0.63696796,0.36303204,0
0.7156522,0.28434774,0
0.95570403,0.044295937,0
0.74064124,0.2593588,0
0.75450665,0.2454933,0
0.60935146,0.39064857,0
0.6901796,0.30982044,0
0.61812544,0.3818746,0
0.81398076,0.18601924,0
0.86939734,0.1306027,1
0.8662661,0.13373388,0
0.63188374,0.36811623,0
0.64380103,0.356199,0
0.643988,0.35601196,0
0.70183635,0.29816365,0
0.2728428,0.72715724,1
0.31921357,0.6807865,1
0.7267019,0.27329808,0
0.7508454,0.2491547,1
0.8646268,0.13537309,0
0.6059935,0.39400652,1
0.035155214,0.9648448,1
0.039671853,0.9603281,1
0.04256714,0.9574328,1
0.15937015,0.8406298,1
0.11805459,0.88194543,1
0.09855366,0.90144634,1
0.051240418,0.9487596,1
0.63776654,0.36223343,0
0.6179482,0.3820519,0
0.9247542,0.07524582,0
0.6314557,0.3685443,0
0.6118781,0.38812193,0
0.40851855,0.5914815,1
0.64498246,0.3550176,0
0.2534624,0.7465376,1
0.5083378,0.4916621,1
0.6306086,0.36939138,1
0.8573332,0.14266689,0
0.110357314,0.88964266,1
0.118137226,0.8818627,1
0.17630495,0.82369506,1
0.7135469,0.28645313,0
0.7493025,0.25069752,0
0.5499844,0.4500157,1
0.6955914,0.30440864,0
0.812901,0.1870989,0
0.6629838,0.33701622,0
0.79254556,0.20745443,0
0.6204889,0.37951103,0
0.36825877,0.63174117,1
0.8854468,0.11455317,0
0.91907287,0.0809271,0
0.79099727,0.2090028,0
0.3115584,0.68844163,1
0.6185483,0.3814518,0
0.59060776,0.40939224,0
0.68670756,0.31329244,0
0.60081387,0.39918604,0
0.67611575,0.32388428,0
0.9677622,0.032237776,0
0.72820586,0.27179417,1
0.75084215,0.24915792,0
0.8049063,0.19509365,0
0.8242303,0.17576973,0
0.8358136,0.16418636,0
0.8374666,0.16253345,0
0.7626337,0.23736636,0
0.7655935,0.23440646,0
0.75697255,0.24302748,0
0.7687122,0.23128784,0
0.7811758,0.21882421,1
0.9816232,0.01837681,0
0.72546595,0.27453408,1
0.6878198,0.31218025,1
0.64816296,0.35183707,1
0.63614774,0.3638523,1
0.6431371,0.35686293,1
0.6737269,0.32627308,1
0.70877993,0.29122007,0
0.7357997,0.26420033,0
0.6131061,0.38689393,0
0.41910747,0.5808925,1
0.46369973,0.53630024,1
0.7786601,0.22133993,1
0.92206883,0.07793111,1
0.8528409,0.14715904,1
0.76176685,0.23823315,1
0.11297787,0.88702214,1
0.49771488,0.50228506,1
0.6545336,0.3454663,0
0.6746951,0.32530493,0
0.725935,0.27406502,1
0.5631888,0.43681118,1
0.62290215,0.37709782,0
0.7645301,0.2354699,0
0.9184269,0.08157307,0
0.937745,0.062254995,0
0.5367223,0.4632777,0
0.63569635,0.36430362,1
0.8025658,0.19743422,0
0.7479156,0.25208443,0
0.38395897,0.616041,1
0.14625755,0.8537425,1
0.19814016,0.80185986,1
0.70213646,0.2978635,0
0.88864404,0.11135588,0
0.59137315,0.40862685,1
0.6061288,0.39387122,1
0.47667366,0.5233264,1
0.4313908,0.56860924,1
0.55223966,0.44776037,1
0.707299,0.29270095,0
0.7866176,0.21338236,0
0.7361086,0.26389146,0
0.77901983,0.22098017,0
0.7796203,0.22037973,0
0.74048305,0.25951695,1
0.85278803,0.14721194,0
0.9667221,0.033277955,0
0.944635,0.055364978,0
0.69731414,0.30268592,0
0.7161655,0.28383455,0
0.7443739,0.2556261,0
0.72691846,0.2730815,0
0.79275703,0.20724298,0
0.81657547,0.18342455,0
0.9064759,0.09352411,0
0.97085696,0.02914306,0
0.8702201,0.12977986,0
0.80039996,0.1996,0
0.65828884,0.3417112,1
0.6198272,0.38017282,1
0.7635831,0.23641688,0
0.7761084,0.22389156,0
0.4015802,0.5984197,1
0.78464144,0.21535856,0
0.94413537,0.05586465,0
0.983895,0.016104981,0
0.98919183,0.010808207,0
0.7134431,0.28655696,1
0.71207607,0.28792387,1
0.7333272,0.2666728,1
0.52419543,0.47580457,1
0.7178589,0.28214106,1
0.7434392,0.2565608,0
0.7261756,0.27382433,0
0.6645496,0.33545044,1
0.942613,0.057387047,0
0.8927981,0.107201844,0
0.7575802,0.24241975,0
0.6543135,0.34568653,1
0.6289716,0.37102836,1
0.64134824,0.35865176,1
0.51397693,0.4860231,1
0.42315617,0.57684386,1
0.44671732,0.5532826,1
0.78194183,0.2180582,0
0.9302177,0.069782324,0
0.4242692,0.5757308,1
0.45312002,0.54688,1
0.5254894,0.4745106,1
0.6102196,0.3897804,1
0.70534104,0.294659,1
0.75375533,0.24624464,0
0.2333291,0.76667094,1
0.63121355,0.36878648,0
0.57675344,0.42324653,0
0.9038848,0.0961152,0
0.47399774,0.5260023,0
0.46426845,0.53573155,1
0.5013445,0.49865547,1
0.6359942,0.36400577,1
0.6724293,0.32757074,0
0.30136973,0.69863033,1
0.6949074,0.30509266,1
0.59340847,0.40659162,1
0.8855152,0.11448478,0
0.9091564,0.09084357,0
0.6266886,0.3733114,0
0.6202983,0.37970164,0
0.7515355,0.24846457,0
0.8085243,0.19147567,0
0.81464833,0.18535168,0
0.81780756,0.1821924,0
0.54378647,0.4562135,1
0.7809492,0.21905084,0
0.7713064,0.2286936,0
0.71442515,0.28557485,1
0.8979461,0.102053925,0
0.96789896,0.03210108,0
0.6008487,0.3991513,1
0.7114665,0.2885335,0
0.730653,0.269347,0
0.7692722,0.23072779,0
0.7726385,0.22736149,0
0.7887709,0.21122907,0
0.6952351,0.30476493,1
0.64625084,0.35374916,1
0.61283946,0.3871605,1
0.6208323,0.3791677,1
0.7458218,0.2541783,1
0.6947506,0.3052494,1
0.80640405,0.19359587,1
0.97782326,0.022176692,0
0.92243713,0.077562936,0
0.6845551,0.31544492,0
0.57376796,0.42623204,1
0.6890082,0.3109918,0
0.69814694,0.30185306,0
0.98384804,0.016151926,0
0.71852034,0.28147966,0
0.75952274,0.24047723,0
0.76671845,0.23328163,0
0.644529,0.35547101,1
0.754136,0.24586393,1
0.95335,0.046649955,0
0.9724875,0.027512467,0
0.9551575,0.044842515,0
0.7452847,0.25471532,1
0.72745746,0.27254254,1
0.75573456,0.24426542,1
0.7276243,0.27237573,1
0.55014,0.44985998,1
0.5522226,0.44777736,1
0.50496376,0.49503627,1
0.4296267,0.5703733,1
0.94908667,0.0509133,1
0.9763424,0.023657553,0
0.14123201,0.858768,1
0.50597554,0.4940245,1
0.017863657,0.9821363,1
0.0011955246,0.99880445,1
0.16734374,0.83265626,1
0.6595769,0.34042308,0
0.638235,0.361765,0
0.90406525,0.0959348,0
0.96487635,0.03512369,0
0.04069379,0.9593062,1
0.042302854,0.95769715,1
0.49610603,0.503894,0
0.03880245,0.9611976,1
0.582716,0.417284,0
0.82662266,0.17337738,0
0.7954661,0.20453386,0
0.7120559,0.28794414,0
0.69663495,0.30336505,0
0.89998895,0.10001107,0
0.95100296,0.04899706,0
0.8822042,0.117795825,0
0.39776304,0.602237,0
0.31455207,0.68544793,0
0.42552274,0.57447726,0
0.8306034,0.1693965,0
0.81544495,0.18455505,0
0.8132158,0.18678422,0
0.89321643,0.10678364,0
0.81465024,0.18534978,0
0.89288974,0.10711024,0
0.8088635,0.19113645,0
0.82211035,0.17788957,0
0.9225298,0.07747013,0
0.6354611,0.36453894,0
0.7196806,0.28031936,0
0.76093733,0.23906264,0
0.77110744,0.22889255,0
0.8416593,0.15834068,0
0.7771015,0.22289847,0
0.8052638,0.19473618,0
0.97639465,0.023605365,0
0.9637565,0.036243483,0
0.7391955,0.2608045,0
0.71246296,0.28753707,0
0.75920206,0.24079797,0
0.773883,0.226117,0
0.7359091,0.26409093,1
0.7634542,0.23654582,0
0.79658324,0.20341669,0
0.78372556,0.21627447,1
0.7573314,0.2426687,1
0.80677485,0.19322507,0
0.9874068,0.012593284,0
0.7772117,0.22278826,0
0.7642878,0.23571213,0
0.74313945,0.25686052,1
0.7956681,0.20433185,0
0.77333117,0.2266688,0
0.75548273,0.2445173,0
0.761432,0.23856798,1
0.7717719,0.22822814,1
0.7655694,0.23443058,1
0.8147275,0.18527246,0
0.9597137,0.04028631,0
0.940338,0.059661947,0
0.8000367,0.1999633,0
0.69086236,0.30913764,1
0.6893704,0.31062955,1
0.65928036,0.3407197,1
0.4461106,0.5538894,1
0.94251555,0.0574844,1
0.71814996,0.28184998,1
0.4607656,0.5392344,1
0.42183453,0.5781655,1
0.6520912,0.34790885,1
0.8508547,0.14914532,0
0.8344313,0.16556866,0
0.7230711,0.27692893,1
0.6138043,0.3861957,1
0.9351468,0.06485322,0
0.6384922,0.3615078,1
0.018608307,0.98139167,1
0.021951968,0.97804797,1
0.4835323,0.5164677,0
0.6984999,0.30150014,0
0.85897315,0.14102688,0
0.8607645,0.13923545,0
0.7321316,0.2678684,0
0.17585564,0.82414436,1
0.16253988,0.83746016,1
0.4844418,0.5155582,1
0.54867864,0.45132133,1
0.6417783,0.3582217,1
0.011816121,0.98818386,1
0.6640809,0.33591905,0
0.84361106,0.15638892,0
0.6710636,0.3289364,0
0.79305744,0.20694253,0
0.011049774,0.9889502,1
0.5589958,0.4410042,0
0.49700764,0.50299233,0
0.59874374,0.40125626,0
0.0011670724,0.9988329,1
0.0013447035,0.9986553,1
0.011016506,0.98898345,1
0.05111122,0.94888884,1
0.35225192,0.6477481,0
0.7826591,0.21734083,0
0.94922715,0.05077284,0
0.76265395,0.23734602,0
0.7067958,0.2932042,1
0.7550452,0.24495482,1
0.7840049,0.21599506,0
0.9594869,0.040513054,0
0.98940533,0.010594593,0
0.8723286,0.1276714,0
0.8152003,0.18479963,0
0.85013497,0.149865,1
0.7556692,0.24433078,1
0.77339244,0.22660759,0
0.7156892,0.28431082,0
0.8404703,0.15952975,0
0.9663118,0.033688135,0
0.92263436,0.07736565,0
0.8371662,0.16283377,0
0.70278513,0.2972148,1
0.687517,0.31248304,1
0.71079814,0.2892019,0
0.6985752,0.3014248,0
0.89237994,0.10762001,0
0.95413566,0.045864332,0
0.98365307,0.016346904,0
0.9407357,0.059264246,0
0.6393726,0.36062744,1
0.7075125,0.29248744,1
0.7236352,0.27636477,1
0.7420634,0.25793666,1
0.7830674,0.2169326,1
0.80845714,0.1915429,1
0.7998941,0.20010588,1
0.7793687,0.2206313,1
0.82529527,0.17470472,1
0.81635314,0.18364686,1
0.9560906,0.0439094,0
0.6240027,0.37599728,0
0.7534785,0.24652149,1
0.7368567,0.26314336,1
0.74180984,0.25819016,1
0.7912079,0.20879212,1
0.7788057,0.22119428,1
0.7849,0.21509993,0
0.72038954,0.27961046,1
0.7159646,0.28403535,1
0.74337894,0.25662112,1
0.7886215,0.21137846,1
0.97484595,0.025154041,0
0.85802007,0.14197996,1
0.68240166,0.31759837,1
0.74806887,0.2519311,1
0.73586637,0.26413363,1
0.74605703,0.25394294,1
0.6978879,0.30211207,1
0.71397245,0.28602755,1
0.5971874,0.40281257,1
0.80268556,0.19731446,1
0.76335347,0.23664653,0
0.8340343,0.16596568,0
0.39158824,0.6084118,1
0.019631376,0.98036855,1
0.07660585,0.92339414,1
0.5541662,0.44583377,1
0.73691344,0.26308653,0
0.7479077,0.25209233,0
0.66481954,0.3351805,0
0.6415926,0.35840738,0
0.6844029,0.3155971,0
0.7492717,0.25072834,0
0.7674935,0.23250651,0
0.7558863,0.24411365,0
0.73623186,0.26376817,0
0.872945,0.12705499,0
0.9798299,0.020170089,0
0.9848423,0.015157741,0
0.9828279,0.017172081,0
0.92508984,0.07491015,0
0.005092681,0.9949073,1
0.00575089,0.9942491,1
0.46905196,0.5309481,0
0.8751184,0.124881625,0
0.96354693,0.03645308,0
0.690851,0.309149,0
0.76317775,0.23682222,0
0.610149,0.38985097,0
0.66598445,0.33401555,0
0.70657164,0.29342833,0
0.7275727,0.27242732,0
0.6638882,0.33611178,0
0.66108686,0.33891317,0
0.5401813,0.45981875,0
0.9543563,0.045643643,0
0.9853607,0.014639271,0
0.77137685,0.22862317,0
0.72008073,0.2799192,0
0.71191275,0.28808728,0
0.72437304,0.275627,0
0.72711486,0.27288508,0
0.72151107,0.27848893,0
0.6866351,0.3133649,0
0.33187532,0.66812474,1
0.53635466,0.4636454,1
0.520388,0.47961196,1
0.45174843,0.54825157,1
0.7056936,0.29430643,0
0.98946697,0.010532996,0
0.46452138,0.53547865,1
0.51760215,0.48239785,1
0.6198802,0.38011983,0
0.6953075,0.30469254,0
0.5490749,0.4509251,1
0.70647764,0.29352242,1
0.8402936,0.15970638,0
0.8304351,0.1695649,0
0.6952241,0.30477592,0
0.08604475,0.9139552,1
0.022753641,0.9772463,1
0.046276264,0.9537238,1
0.028631551,0.9713685,1
0.004298531,0.9957015,1
0.013306177,0.9866938,1
0.5734672,0.4265328,0
0.39289784,0.6071022,0
0.6835606,0.31643942,0
0.9678935,0.03210649,0
0.9471413,0.052858703,0
0.7714751,0.22852497,0
0.0074766134,0.9925234,1
0.009401685,0.99059826,1
0.026056752,0.97394323,1
0.025125572,0.9748744,1
0.2747774,0.72522265,0
0.8036981,0.19630189,0
0.76578325,0.23421672,0
0.7688914,0.23110862,0
0.7903976,0.20960246,0
0.82271665,0.17728333,0
0.191185,0.808815,0
0.2867579,0.7132421,0
0.65557426,0.34442574,1
0.760224,0.23977606,0
0.68236434,0.31763563,0
0.77384406,0.22615594,0
0.76227444,0.23772551,0
0.8260025,0.17399752,0
0.9531513,0.046848685,0
0.7360232,0.2639768,0
0.72391486,0.27608517,0
0.7413485,0.25865152,0
0.77134836,0.22865164,0
0.75054306,0.24945693,0
0.8003595,0.19964044,0
0.7599898,0.24001013,1
0.8354608,0.16453916,0
0.98502964,0.014970349,0
0.9816128,0.018387137,0
0.95403475,0.04596522,0
0.7135913,0.28640875,1
0.695566,0.304434,1
0.76687926,0.23312071,0
0.80301607,0.19698386,1
0.9641481,0.03585187,0
0.98316664,0.016833356,0
0.980417,0.019582955,0
0.93534166,0.06465831,0
0.71233386,0.28766617,1
0.7331712,0.2668288,1
0.74779814,0.25220186,1
0.7653921,0.23460789,1
0.78637743,0.21362256,0
0.4969295,0.5030704,1
0.42907006,0.5709299,1
0.45923245,0.5407675,1
0.52530056,0.47469944,1
0.4154248,0.58457524,1
0.7580786,0.24192144,0
0.5505878,0.4494122,0
0.59976095,0.40023902,0
0.6323439,0.36765617,0
0.8841358,0.11586418,0
0.8306309,0.1693691,0
0.79991823,0.20008183,1
0.81848204,0.18151793,1
0.87353516,0.1264648,0
0.96345246,0.036547586,0
0.6765436,0.3234564,0
0.6558737,0.34412622,0
0.7363594,0.2636406,0
0.7537474,0.24625258,0
0.815947,0.18405302,0
0.81310725,0.1868928,0
0.89136887,0.10863119,0
0.81470937,0.18529065,0
0.676678,0.32332203,1
0.68391836,0.31608167,1
0.79218286,0.20781718,1
0.83407634,0.16592358,1
0.81486183,0.18513817,0
0.7794443,0.22055571,0
0.8167959,0.18320414,0
0.8338167,0.16618326,0
0.983925,0.016074952,0
0.9942365,0.0057635386,0
0.8041397,0.19586039,1
0.737576,0.26242402,1
0.7332612,0.26673874,1
0.78195614,0.21804385,1
0.8001827,0.19981734,1
0.8173849,0.18261506,1
0.8182966,0.18170342,1
0.84392875,0.15607119,1
0.8356151,0.16438486,1
0.8004423,0.19955766,1
0.97221947,0.027780537,0
0.86531216,0.13468787,0
0.021730117,0.97826993,1
0.74476415,0.25523585,0
0.7809536,0.2190464,0
0.80185413,0.19814593,0
0.93360955,0.06639045,0
0.9930958,0.006904175,0
0.85515004,0.14484997,0
0.89125395,0.108746074,0
0.8417571,0.15824287,0
0.7772061,0.22279383,0
0.7313346,0.26866534,1
0.7099329,0.29006708,1
0.85282874,0.14717117,0
0.959944,0.04005595,0
0.9824274,0.017572502,0
0.95863056,0.04136944,0
0.94075614,0.059243836,0
0.8875607,0.112439275,0
0.6642273,0.33577266,1
0.63765997,0.36234,1
0.49134475,0.5086552,1
0.95117205,0.048827913,1
0.9653665,0.03463347,0
0.9311981,0.068801895,1
0.8142511,0.18574885,1
0.67174345,0.32825652,1
0.37765867,0.6223414,1
0.3545572,0.6454428,1
0.2821266,0.71787345,1
0.106034905,0.89396507,1
0.44443005,0.55557,0
0.5365871,0.46341288,0
0.91729325,0.08270675,0
0.86290604,0.13709393,0
0.036464084,0.9635359,1
0.030115414,0.9698845,1
0.034437276,0.9655627,1
0.030499458,0.9695005,1
0.06678671,0.93321335,1
0.031149501,0.9688505,1
0.035500534,0.9644995,1
0.06699576,0.9330043,1
0.42792693,0.57207304,0
0.43319932,0.56680065,1
0.27980852,0.7201915,1
0.9733858,0.026614185,0
0.97859293,0.021407044,0
0.8141229,0.18587704,0
0.35221657,0.6477834,0
0.02889506,0.9711049,1
0.13759373,0.8624063,0
0.1559001,0.8440999,0
0.44374606,0.55625397,1
0.4196906,0.58030933,1
0.2494279,0.7505721,1
0.23767781,0.7623221,1
0.47267437,0.52732563,0
0.8516777,0.14832233,0
0.97991,0.020089924,0
0.30879045,0.6912096,1
0.17304939,0.82695067,1
0.12955599,0.870444,1
0.2473495,0.7526505,1
0.76497424,0.23502581,0
0.6685684,0.33143166,1
0.8042949,0.19570515,0
0.86902446,0.13097551,0
0.95970523,0.040294707,0
0.9931618,0.006838228,0
0.8785425,0.121457525,0
0.6782939,0.32170606,0
0.69620717,0.3037928,0
0.51604503,0.48395503,1
0.59459776,0.40540224,0
0.7588947,0.24110527,0
0.76104987,0.23895021,0
0.8161958,0.1838042,0
0.8015312,0.19846886,0
0.7855377,0.21446224,0
0.80836236,0.19163767,0
0.8672032,0.13279685,1
0.95960665,0.0403933,0
0.9889648,0.011035214,0
0.6785288,0.3214712,1
0.6777629,0.32223707,1
0.66883475,0.33116525,1
0.5546937,0.44530627,1
0.57188594,0.4281141,1
0.4933526,0.5066474,1
0.94138813,0.058611874,1
0.9725701,0.027429886,0
0.6036947,0.39630535,1
0.062005647,0.9379943,1
0.44588605,0.55411404,1
0.44023257,0.55976737,1
0.5484309,0.45156908,1
0.5813159,0.4186841,1
0.5932104,0.40678957,1
0.6008413,0.39915875,1
0.66630423,0.33369577,0
0.7659441,0.23405588,1
0.74788254,0.25211746,0
0.72168636,0.27831367,1
0.84511995,0.15488003,0
0.97460437,0.025395576,0
0.7070255,0.29297453,1
0.32670864,0.6732913,1
0.12318751,0.8768125,1
0.10529136,0.8947086,1
0.69380724,0.30619282,0
0.08898699,0.911013,1
0.81628436,0.18371569,0
0.9638501,0.036149908,0
0.14037561,0.8596243,1
0.13978703,0.860213,1
0.615935,0.3840649,0
0.6966465,0.30335346,0
0.3681283,0.63187164,1
0.615216,0.384784,0
0.83445054,0.16554943,0
0.7838776,0.21612242,0
0.9814556,0.018544355,0
0.976588,0.023411984,0
0.54026926,0.4597307,0
0.48675597,0.5132441,0
0.35630387,0.6436961,1
0.36111757,0.6388824,1
0.10274658,0.89725345,1
0.76474786,0.2352521,0
0.8124121,0.18758789,0
0.71061337,0.28938663,0
0.83097327,0.16902669,0
0.11453608,0.8854639,1
0.10123864,0.89876133,1
0.15393713,0.84606284,1
0.760435,0.23956494,0
0.73666924,0.2633308,0
0.5123803,0.48761976,1
0.7599892,0.24001083,0
0.91086286,0.089137085,0
0.97840446,0.021595495,0
0.87683827,0.1231618,0
0.39586696,0.60413307,1
0.26007366,0.7399263,1
0.30703774,0.6929623,1
0.38641182,0.61358815,1
0.75252634,0.24747364,0
0.413587,0.58641297,1
0.40465987,0.59534013,1
0.871104,0.12889598,0
0.9863637,0.013636323,0
0.9776374,0.022362595,0
0.72899276,0.27100724,0
0.678485,0.32151496,0
0.7118477,0.28815225,0
0.6849706,0.31502938,0
0.6864451,0.31355485,0
0.45658535,0.54341465,0
0.6252039,0.37479606,0
0.8282359,0.17176408,0
0.98601925,0.013980759,0
0.3846167,0.6153833,1
0.43404168,0.5659583,1
0.39019465,0.60980535,1
0.12052231,0.87947774,1
0.28003404,0.719966,1
0.21339214,0.78660786,1
0.4837305,0.5162695,1
0.36858103,0.63141894,1
0.8322143,0.16778564,0
0.95613223,0.04386778,0
0.5053709,0.49462914,1
0.039689455,0.9603105,1
0.77311295,0.226887,0
0.7240832,0.2759168,0
0.98189443,0.0181056,0
0.76859,0.23141,0
0.71843565,0.28156444,0
0.26972923,0.7302708,1
0.33157614,0.6684239,1
0.5864765,0.41352347,0
0.5991268,0.40087312,0
0.8540484,0.14595169,0
0.7684513,0.23154865,1
0.72211176,0.27788815,1
0.7792902,0.2207098,0
0.85939616,0.14060381,0
0.10130524,0.89869475,1
0.12233054,0.8776695,1
0.3696455,0.63035446,1
0.6927836,0.3072164,0
0.81312466,0.18687536,0
0.74454147,0.25545853,0
0.7905598,0.2094402,0
0.82452375,0.17547624,0
0.64629644,0.35370356,0
0.108494036,0.8915059,1
0.07254204,0.927458,1
0.3522513,0.64774877,1
0.55167097,0.4483291,0
0.7126976,0.2873024,0
0.71803284,0.28196716,0
0.774863,0.22513704,0
0.82814544,0.17185457,0
0.8914415,0.10855846,0
0.99183935,0.008160624,0
0.7321428,0.26785725,1
0.75968903,0.2403109,1
0.6864159,0.3135841,1
0.6544778,0.34552217,1
0.648711,0.35128903,1
0.6583874,0.34161255,1
0.60523874,0.3947613,1
0.5877611,0.41223893,1
0.53457344,0.4654265,1
0.3876574,0.6123426,1
0.39004526,0.6099548,1
0.88068485,0.119315095,1
0.95182997,0.048170056,1
0.86904335,0.13095658,1
0.14793584,0.85206413,1
0.15398467,0.8460153,1
0.12269468,0.87730527,1
0.18679021,0.81320983,1
0.13334565,0.8666544,1
0.37599933,0.62400067,1
0.76323926,0.23676074,0
0.9314624,0.068537615,0
0.96137464,0.038625415,0
0.97520286,0.024797121,0
0.9826537,0.017346347,0
0.23268388,0.7673161,1
0.32941973,0.67058027,1
0.45664302,0.5433571,1
0.37895924,0.62104076,1
0.57092375,0.42907625,1
0.749633,0.25036693,0
0.8058053,0.19419475,0
0.7985925,0.2014075,0
0.71559656,0.28440344,0
0.78420454,0.21579538,0
0.7506593,0.24934068,0
0.96491754,0.03508251,0
0.65316933,0.3468307,1
0.7161984,0.28380165,0
0.76808614,0.23191394,0
0.69067574,0.3093243,0
0.0040596924,0.9959403,1
0.0041697193,0.99583024,1
0.033339467,0.96666056,1
0.78307927,0.21692076,0
0.7855409,0.2144591,0
0.8043012,0.19569881,0
0.77235514,0.22764486,0
0.8061016,0.19389836,0
0.81101376,0.18898626,0
0.8824284,0.11757154,0
0.9906978,0.0093022315,0
0.9733517,0.026648328,0
0.7893616,0.21063843,0
0.5248536,0.47514644,0
0.24512304,0.754877,1
0.26343086,0.7365691,1
0.42293298,0.5770671,1
0.320398,0.6796019,1
0.81625557,0.18374445,0
0.8042225,0.19577746,0
0.79831237,0.20168766,0
0.9696833,0.030316694,0
0.80963695,0.19036305,1
0.76270956,0.23729046,0
0.2609929,0.73900706,1
0.16957247,0.83042747,1
0.08094302,0.91905695,1
0.027576957,0.972423,1
0.52282333,0.4771767,1
0.7670567,0.23294328,0
0.8124961,0.18750392,0
0.9876177,0.012382327,0
0.9727769,0.02722319,0
0.7234777,0.27652225,0
0.79643536,0.20356473,0
0.79581636,0.20418368,0
0.7834297,0.21657029,0
0.787741,0.21225902,0
0.7916737,0.20832625,0
0.96748424,0.032515716,0
0.9815245,0.01847555,0
0.87832814,0.12167191,1
0.7561987,0.24380133,0
0.6699381,0.3300619,1
0.7177748,0.28222522,1
0.6567077,0.34329233,0
0.5628562,0.4371438,1
0.43782434,0.5621757,1
0.9811504,0.018849581,0
0.9753353,0.024664702,0
0.7947992,0.20520082,0
0.74437714,0.2556228,0
0.74708265,0.25291732,0
0.7018514,0.29814863,0
0.97536784,0.024632124,0
0.9824066,0.017593391,0
0.9708473,0.029152693,0
0.84304935,0.15695067,0
0.7603867,0.23961331,0
0.7479204,0.2520796,0
0.7313432,0.26865682,0
0.9222271,0.07777291,0
0.9855151,0.014484945,0
0.9421101,0.05788989,1
0.48495898,0.515041,1
0.48688605,0.513114,1
0.5125227,0.4874772,1
0.5734185,0.4265815,1
0.8143364,0.18566363,0
0.8114858,0.18851423,0
0.8440062,0.1559938,0
0.74913865,0.25086135,0
0.58471376,0.41528624,0
0.30324283,0.6967572,1
0.27132648,0.7286736,1
0.56953746,0.43046254,1
0.45240748,0.5475925,1
0.82506424,0.17493573,0
0.82296294,0.17703702,0
0.8155728,0.18442728,0
0.8403795,0.15962058,0
0.84878653,0.15121353,0
0.98990154,0.010098478,0
0.97887325,0.02112674,0
0.72174084,0.27825922,1
0.28585583,0.71414423,1
0.21955742,0.7804426,1
0.29919142,0.7008086,1
0.42463526,0.57536477,1
0.4131632,0.5868368,1
0.4632323,0.53676766,1
0.77202713,0.22797292,0
0.7440287,0.25597128,0
0.7404127,0.25958732,0
0.76246905,0.23753093,0
0.76593107,0.23406893,0
0.9150627,0.08493728,0
0.9937255,0.006274518,0
0.8346058,0.16539416,0
0.66808945,0.33191055,1
0.7087147,0.29128537,0
0.72148126,0.27851877,1
0.7323865,0.2676135,0
0.76603156,0.23396838,0
0.7095015,0.2904985,1
0.96732837,0.03267155,0
0.9843588,0.01564127,0
0.97474694,0.025253069,0
0.8737396,0.12626044,0
0.6730152,0.3269848,0
0.66816866,0.33183125,0
0.7088959,0.29110408,0
0.5609084,0.43909162,1
0.4692073,0.5307927,0
0.43733722,0.5626628,0
0.38642144,0.61357856,1
0.37206385,0.6279362,1
0.9253788,0.07462121,0
0.9679836,0.032016434,0
0.97819513,0.021804877,0
0.97356975,0.02643028,0
0.91481435,0.085185595,1
0.24181826,0.75818175,1
0.7198439,0.2801561,0
0.81076956,0.18923046,0
0.64766455,0.3523355,0
0.6006163,0.39938375,0
0.7962718,0.20372817,0
0.92668957,0.0733104,0
0.9703499,0.029650131,0
0.71422243,0.2857776,1
0.4094813,0.5905187,1
0.030170664,0.9698294,1
0.023337485,0.9766625,1
0.026573958,0.97342604,1
0.061506208,0.93849385,1
0.4991337,0.50086623,0
0.5385383,0.4614617,0
0.5041421,0.49585783,0
0.6298059,0.37019405,0
0.69063425,0.30936575,0
0.74641454,0.25358543,0
0.96331614,0.03668386,0
0.98207617,0.017923867,0
0.79891706,0.20108293,0
0.65533906,0.34466094,0
0.43309414,0.56690586,0
0.34656554,0.6534344,1
0.3701179,0.62988204,1
0.9693336,0.030666461,0
0.74047905,0.25952095,1
0.6518384,0.34816155,1
0.37086526,0.62913483,1
0.29719016,0.7028098,1
0.2762765,0.7237235,1
0.27496532,0.7250347,1
0.26495302,0.73504704,1
0.6785434,0.32145664,1
0.72313356,0.2768665,1
0.7171202,0.28287986,0
0.72252995,0.27747005,0
0.7422219,0.2577781,0
0.7408762,0.25912377,0
0.98414314,0.015856817,0
0.9887417,0.011258375,0
0.3380164,0.6619836,1
0.26865888,0.73134106,1
0.3063331,0.6936669,1
0.55994374,0.4400563,0
0.7167599,0.2832401,0
0.7517517,0.24824832,0
0.93750715,0.062492784,0
0.97124296,0.028757004,0
0.62367475,0.37632528,1
0.6381213,0.3618787,1
0.66112995,0.33887005,1
0.7432412,0.25675884,0
0.76166296,0.23833704,0
0.9648851,0.035114914,0
0.9781984,0.021801624,0
0.77421176,0.22578815,0
0.6678706,0.33212942,0
0.68272144,0.31727853,0
0.5351546,0.4648454,1
0.5599634,0.4400366,0
0.50397855,0.49602145,1
0.32323873,0.67676127,1
0.38692042,0.6130796,1
0.98697287,0.013027097,0
0.07731455,0.9226855,1
0.49835488,0.5016452,1
0.4858451,0.5141549,1
0.54120857,0.45879143,1
0.70885146,0.29114854,0
0.6153301,0.38466993,0
0.63205206,0.3679479,0
0.8071885,0.19281153,0
0.60469586,0.39530417,1
0.51897377,0.4810263,1
0.54295284,0.45704722,1
0.5616186,0.4383813,1
0.55637354,0.44362646,1
0.48121148,0.51878846,1
0.5425521,0.45744792,1
0.58999395,0.41000608,1
0.7690084,0.23099157,0
0.7865104,0.21348956,0
0.6713228,0.3286772,1
0.68426836,0.31573164,1
0.41656998,0.58343,1
0.5967797,0.40322033,1
0.46640745,0.5335925,1
0.47685426,0.5231458,1
0.5278023,0.47219765,1
0.7904708,0.20952924,0
0.7883193,0.21168067,0
0.7882309,0.21176907,0
0.7181366,0.2818634,0
0.9853507,0.014649291,0
0.97685575,0.023144256,0
0.5543946,0.44560537,1
0.44442922,0.5555708,1
0.30723765,0.6927624,1
0.3273024,0.6726976,1
0.6218046,0.37819543,1
0.7000579,0.2999421,1
0.72782207,0.2721779,1
0.7295597,0.2704403,1
0.7359844,0.26401561,1
0.69632816,0.30367187,1
0.8038655,0.19613457,0
0.86687547,0.13312452,0
0.66694266,0.3330573,1
0.5353883,0.46461177,1
0.2950244,0.7049756,1
0.35170233,0.64829767,1
0.48401615,0.5159839,1
0.68388194,0.31611803,0
0.66373926,0.33626074,0
0.7667631,0.23323697,0
0.6268296,0.3731704,0
0.99226016,0.0077398694,0
0.99456894,0.0054311403,0
0.99354976,0.0064502843,0
0.7831884,0.2168116,0
0.6588568,0.34114325,0
0.63070446,0.36929554,0
0.6293797,0.37062025,1
0.6283247,0.37167528,1
0.6250861,0.3749139,1
0.6386718,0.36132815,1
0.6161836,0.38381642,1
0.6216553,0.37834468,1
0.63125783,0.36874217,1
0.6767514,0.32324865,1
0.6254746,0.37452543,1
0.9744324,0.02556759,0
0.9794845,0.02051549,0
0.7407473,0.2592527,0
0.6225326,0.37746745,1
0.60042906,0.39957097,1
0.5261137,0.4738863,1
0.3405577,0.6594423,1
0.95671195,0.043288097,0
0.9764896,0.023510417,0
0.7478943,0.25210577,0
0.21377242,0.7862276,1
0.18169776,0.8183023,1
0.09579106,0.90420896,1
0.11094885,0.88905114,1
0.09863333,0.9013667,1
0.10727416,0.8927258,1
0.73169225,0.26830772,0
0.750115,0.24988504,0
0.7136852,0.2863148,0
0.66348785,0.33651215,0
0.73948455,0.26051536,0
0.8176587,0.18234126,0
0.5499416,0.45005846,1
0.0029848714,0.9970151,1
0.0006269717,0.999373,1
3.9810577e-05,0.9999602,1
0.10405994,0.89594007,0
0.67464393,0.3253561,0
0.016697632,0.9833024,0
0.015694669,0.9843053,0
4.4759258e-07,0.9999995,1
8.509777e-07,0.99999917,1
1.0997816e-06,0.9999989,1
0.8073819,0.19261804,0
0.9742218,0.025778169,0
0.90962654,0.09037342,0
0.7215932,0.2784068,0
0.008581392,0.9914186,0
0.085549,0.91445094,0
0.051938202,0.94806176,0
0.11849637,0.88150364,0
0.021766922,0.9782331,0
0.079841964,0.920158,0
0.5048846,0.4951154,0
0.7548634,0.24513657,0
0.8036669,0.19633316,0
0.7539407,0.24605931,0
0.97943383,0.020566115,0
0.20620814,0.79379183,1
0.68616456,0.31383544,0
0.5299969,0.47000313,0
0.77819794,0.22180212,0
0.7695466,0.23045336,0
0.78377753,0.21622248,0
0.9397019,0.06029804,1
0.8787056,0.12129437,1
0.6981298,0.3018702,1
0.7248538,0.27514616,0
0.7307347,0.26926532,0
0.7284034,0.27159667,1
0.66265404,0.33734593,1
0.7177398,0.28226018,0
0.7398858,0.26011413,0
0.76102656,0.2389734,0
0.74509984,0.25490022,0
0.9074506,0.09254938,0
0.96620476,0.033795267,0
0.67951155,0.32048845,0
0.59450746,0.4054926,1
0.58757967,0.4124204,1
0.5443076,0.45569238,1
0.36453226,0.63546765,1
0.97476906,0.025230978,0
0.8203857,0.17961429,1
0.7214994,0.27850062,1
0.7366256,0.26337436,0
0.2208346,0.77916545,1
0.3531792,0.6468208,1
0.2606717,0.73932827,1
0.69161546,0.30838457,1
0.75256115,0.2474388,0
0.587783,0.412217,1
0.8916512,0.108348794,0
0.49534962,0.50465035,1
0.4720059,0.52799404,1
0.47101045,0.52898955,1
0.2796289,0.72037107,1
0.23389475,0.76610523,1
0.0006726636,0.9993273,1
0.71422964,0.28577036,0
0.7615635,0.23843652,0
0.79305047,0.20694955,0
0.8526522,0.14734778,0
0.9609116,0.03908842,0
0.9746244,0.025375532,0
0.97259414,0.027405886,0
0.7436373,0.25636268,0
0.7463495,0.25365052,0
0.7416739,0.2583261,0
0.7865987,0.21340126,0
0.824951,0.17504902,0
0.8236786,0.17632143,0
0.82245964,0.17754039,0
0.80671066,0.19328935,0
0.8084674,0.19153264,0
0.8006787,0.19932128,0
0.8576106,0.14238949,0
0.7848483,0.21515176,0
0.7146462,0.28535378,0
0.75564414,0.24435583,1
0.77642876,0.22357124,1
0.70984083,0.2901591,1
0.74053454,0.2594654,1
0.7944599,0.2055401,1
0.953648,0.046352,0
0.9662592,0.033740845,0
0.025957853,0.9740422,1
0.03973645,0.96026355,1
0.7593951,0.24060489,0
0.7874023,0.21259776,0
0.75229377,0.2477062,0
0.9652756,0.03472435,0
0.6899693,0.31003076,0
0.67119074,0.32880917,1
0.6298037,0.37019625,1
0.61649805,0.38350192,1
0.5766778,0.42332217,1
0.58264285,0.41735715,1
0.5255718,0.4744282,1
0.6539849,0.34601507,1
0.7387589,0.26124114,0
0.7343997,0.26560038,0
0.7655438,0.2344562,0
0.84447783,0.15552215,0
0.97150034,0.02849972,0
0.95528686,0.044713143,0
0.94299644,0.05700351,0
0.93247736,0.067522705,0
0.8807311,0.11926892,0
0.71875197,0.28124803,0
0.65305877,0.34694117,0
0.65376246,0.34623757,0
0.6176112,0.3823888,0
0.40147528,0.59852463,1
0.32297677,0.67702323,1
0.9782236,0.021776376,0
0.9769931,0.023006884,0
0.95567584,0.044324175,0
0.918971,0.08102906,0
0.33376715,0.6662329,1
0.7010668,0.2989332,0
0.7446096,0.25539035,0
0.7510992,0.24890074,0
0.79630244,0.20369759,0
0.644645,0.35535502,0
0.73346174,0.2665382,1
0.9733576,0.026642453,0
0.7897674,0.21023262,1
0.6356915,0.3643085,0
0.76505375,0.23494627,0
0.7719844,0.22801563,0
0.7692597,0.23074032,0
0.73855233,0.26144767,0
0.7604415,0.23955846,0
0.74768853,0.2523114,0
0.7626044,0.2373956,0
0.9866052,0.013394778,0
0.8311462,0.1688538,1
0.63163644,0.3683636,1
0.7452591,0.25474086,0
0.79749674,0.20250328,1
0.8029529,0.19704707,1
0.80254036,0.19745965,0
0.7662301,0.23376991,1
0.7840891,0.2159109,0
0.82083833,0.17916174,1
0.43766522,0.5623347,1
0.6604691,0.33953086,1
0.09810345,0.90189654,1
0.76974916,0.23025084,0
0.7986154,0.2013846,0
0.80002385,0.19997612,0
0.91905135,0.08094863,0
0.9126054,0.08739454,0
0.9604532,0.039546777,0
0.9920515,0.007948523,0
0.90428656,0.09571339,0
0.8223671,0.1776329,0
0.74884105,0.25115898,0
0.7263601,0.27363992,0
0.775209,0.22479098,0
0.78378135,0.21621868,0
0.77080566,0.2291943,0
0.77645624,0.22354375,1
0.9010963,0.098903745,1
0.98959154,0.010408471,0
0.8927532,0.10724681,0
0.38022852,0.6197715,1
0.51761895,0.48238102,1
0.38125107,0.6187489,1
0.6101828,0.3898172,1
0.644223,0.355777,1
0.7193887,0.28061128,0
0.65870374,0.34129626,1
0.7033151,0.29668486,0
0.9465413,0.053458653,0
0.82203287,0.1779671,0
0.6127298,0.3872702,0
0.49188203,0.5081179,1
0.54746926,0.45253074,0
0.5278352,0.47216484,0
0.39320013,0.6067999,1
0.4119415,0.5880585,1
0.4146781,0.5853219,0
0.9037977,0.09620229,0
0.9723784,0.027621638,0
0.5011745,0.49882546,0
0.5262336,0.47376645,1
0.5020713,0.49792868,0
0.6978001,0.30219993,0
0.70215166,0.29784834,0
0.9716737,0.028326225,0
0.9589385,0.041061547,0
0.58067936,0.4193206,0
0.5746052,0.4253948,0
0.5462631,0.453737,1
0.5755634,0.42443666,1
0.587614,0.41238603,1
0.5708314,0.42916858,1
0.61450285,0.3854971,1
0.7505452,0.24945478,0
0.7461785,0.2538215,0
0.8882212,0.11177875,0
0.600327,0.39967304,1
0.32121143,0.6787886,1
0.27911273,0.7208873,1
0.7622267,0.23777337,0
0.7498357,0.25016427,0
0.9527773,0.04722263,0
0.98839974,0.011600264,0
0.94344115,0.056558833,0
0.8156832,0.1843168,1
0.7718233,0.2281767,1
0.69008476,0.30991524,0
0.1918437,0.8081564,1
0.25348294,0.74651706,1
0.43931615,0.56068385,1
0.8208802,0.17911983,0
0.817605,0.18239498,0
0.994477,0.005523002,0
0.5692275,0.43077245,1
0.5714757,0.42852437,1
0.69112486,0.3088752,0
0.7468674,0.25313258,0
0.73193365,0.26806632,0
0.7387755,0.26122454,0
0.7400971,0.2599029,0
0.748189,0.25181103,0
0.9949839,0.005016097,0
0.9958348,0.004165174,0
0.7363718,0.26362818,1
0.71201587,0.28798407,1
0.72038066,0.2796193,1
0.7417391,0.2582609,1
0.7403028,0.2596972,1
0.70079964,0.2992004,1
0.9111359,0.08886408,0
0.9458109,0.05418905,0
0.961188,0.038811956,0
0.9715925,0.028407473,0
0.9763984,0.023601608,0
0.979228,0.020771895,0
0.43153587,0.5684641,1
0.4253704,0.57462966,1
0.40312776,0.5968722,1
0.3526512,0.6473489,1
0.68143386,0.31856617,0
0.4838453,0.51615477,1
0.2883443,0.71165574,1
0.43159726,0.5684027,1
0.2088229,0.7911771,1
0.48224118,0.51775885,0
0.65962887,0.3403711,0
0.67547476,0.3245253,0
0.5956774,0.40432262,0
0.7987399,0.20126006,0
0.7384479,0.26155213,0
0.70453274,0.2954673,0
0.6618595,0.3381405,0
0.67410517,0.32589486,0
0.7226328,0.27736717,0
0.70176095,0.2982391,0
0.73774034,0.2622597,0
0.65104103,0.34895894,1
0.9712542,0.028745849,0
0.86647356,0.13352643,1
0.78876543,0.21123454,1
0.69578314,0.30421683,1
0.6836329,0.31636706,1
0.6635658,0.33643422,1
0.6725392,0.32746086,1
0.67980283,0.32019717,1
0.77910537,0.22089465,0
0.7955926,0.20440742,0
0.99384946,0.006150584,0
0.8538892,0.14611077,0
0.86564595,0.134354,0
0.9186102,0.08138976,0
0.9037773,0.09622271,0
0.8189057,0.18109427,1
0.9983494,0.0016506142,0
0.9331781,0.0668219,1
0.57337373,0.42662627,1
0.52888906,0.47111094,1
0.6324705,0.36752945,1
0.6289487,0.37105137,1
0.63217294,0.36782706,1
0.6222483,0.37775168,1
0.6810909,0.3189092,1
0.847756,0.15224394,1
0.9942368,0.0057631144,0
0.99862194,0.0013780941,0
0.86683005,0.13316998,0
0.8301217,0.16987832,0
0.9099575,0.09004249,0
0.91387296,0.08612706,0
0.899545,0.100455046,0
0.8385129,0.1614871,0
0.8302169,0.16978312,0
0.8134684,0.18653162,1
0.9737057,0.026294328,0
0.98253375,0.01746629,0
0.9921407,0.0078592785,0
0.9939142,0.006085754,0
0.9964479,0.0035520177,0
0.9895363,0.010463743,0
0.98520863,0.014791355,0
0.95418894,0.04581107,0
0.70739555,0.29260436,1
0.75953126,0.24046874,0
0.6209172,0.37908283,1
0.61435074,0.3856493,1
0.5202889,0.4797111,1
0.57595974,0.42404023,1
0.9915589,0.008441173,0
0.9488958,0.05110419,0
0.46605393,0.5339461,1
0.44426382,0.5557361,1
0.7096115,0.29038855,0
0.65499353,0.34500656,0
0.9722339,0.027766157,0
0.96159184,0.038408138,0
0.81392413,0.1860759,0
0.5909258,0.40907416,1
0.12466407,0.875336,1
0.0073433686,0.99265665,1
0.7804596,0.21954048,0
0.79116243,0.20883764,0
0.7649453,0.2350546,0
0.7203148,0.27968523,0
0.8214005,0.17859943,0
0.92449766,0.075502306,0
0.9899693,0.010030668,0
0.93069893,0.06930113,0
0.7001351,0.2998649,0
0.55909747,0.44090256,0
0.33891705,0.66108304,1
0.7940515,0.2059485,0
0.80677736,0.19322267,0
0.79695743,0.20304261,0
0.9885371,0.011462867,0
0.9955693,0.004430733,0
0.9964139,0.0035861798,0
0.6794274,0.32057258,0
0.67074925,0.32925075,0
0.71742845,0.28257155,1
0.79465467,0.20534536,0
0.7722901,0.22770992,0
0.9869136,0.013086343,0
0.9968105,0.0031894753,0
0.49184635,0.5081537,1
0.49005553,0.5099445,1
0.6401581,0.3598418,1
0.57257944,0.42742053,0
0.64771056,0.35228944,0
0.6214515,0.37854853,0
0.73936534,0.26063463,1
0.96626264,0.03373733,0
0.9853114,0.014688638,0
0.51758146,0.48241857,0
0.3876701,0.6123299,1
0.6725752,0.32742476,0
0.6815536,0.31844637,0
0.7040732,0.29592684,0
0.69660634,0.30339366,0
0.74040306,0.25959697,1
0.793085,0.206915,0
0.7809897,0.21901028,0
0.8525752,0.14742483,0
0.9874363,0.0125637185,0
0.6583369,0.34166315,0
0.6408455,0.35915455,1
0.66421515,0.3357849,1
0.49003455,0.5099655,1
0.8380624,0.1619376,1
0.71200585,0.28799418,1
0.55779254,0.44220746,1
0.28253502,0.717465,1
0.51771945,0.48228052,0
0.58366954,0.41633043,0
0.69890857,0.30109146,0
0.66984874,0.33015132,0
0.7208237,0.27917635,0
0.98143035,0.018569617,0
0.85302496,0.14697506,0
0.60166353,0.39833644,1
0.60885227,0.3911477,1
0.7454646,0.2545354,0
0.83876324,0.16123676,0
0.9859767,0.014023259,0
0.7444782,0.25552174,0
0.61082226,0.38917774,1
0.74605197,0.25394812,0
0.7739535,0.22604652,0
0.7978232,0.20217688,0
0.7751484,0.22485164,0
0.98175895,0.018241074,0
0.7359548,0.2640452,0
0.6313012,0.36869878,1
0.7780263,0.22197369,0
0.77129,0.22871001,0
0.7513598,0.2486401,0
0.7219866,0.27801338,1
0.9789683,0.02103167,0
0.7433907,0.25660926,1
0.6277133,0.3722867,1
0.7105115,0.2894885,1
0.6955404,0.30445954,1
0.77136827,0.22863181,0
0.77158576,0.22841427,0
0.71399045,0.28600952,0
0.9951649,0.0048351265,0
0.9956986,0.0043013887,0
0.48022994,0.51977,1
0.6353794,0.36462066,1
0.64583266,0.35416737,1
0.66581535,0.33418468,1
0.8971264,0.10287365,0
0.93341124,0.0665888,0
0.9731665,0.026833463,0
0.97697556,0.023024509,0
0.68336415,0.31663588,1
0.33200023,0.66799974,1
0.34459263,0.65540737,1
0.30917808,0.69082195,1
0.3673289,0.63267106,1
0.3704816,0.6295184,1
0.3366247,0.66337526,1
0.3308863,0.66911376,1
0.29718265,0.70281744,1
0.97119665,0.028803376,0
0.9813122,0.018687747,0
0.74409777,0.2559022,0
0.68671733,0.31328267,0
0.3663522,0.63364774,1
0.3379974,0.66200256,1
0.27248898,0.72751105,1
0.2615849,0.73841506,1
0.69408447,0.30591547,0
0.66906613,0.3309339,0
0.5859708,0.41402918,0
0.57956916,0.42043084,0
0.5914461,0.4085539,0
0.9607522,0.039247762,0
0.9624748,0.03752521,0
0.9503084,0.049691647,0
0.5457672,0.45423275,1
0.5308739,0.46912605,1
0.49274948,0.50725055,1
0.5444357,0.45556435,1
0.7428131,0.25718683,0
0.72759724,0.27240276,0
0.7224564,0.27754363,0
0.7117718,0.2882282,0
0.68649656,0.31350344,0
0.6447269,0.3552731,1
0.63661844,0.36338156,1
0.63640046,0.3635995,1
0.6348984,0.36510164,1
0.95824623,0.041753855,0
0.57383764,0.4261624,1
0.6726956,0.32730445,0
0.596491,0.403509,1
0.5617785,0.43822154,1
0.6448006,0.35519943,1
0.694606,0.305394,1
0.69607776,0.3039222,1
0.69331765,0.30668238,0
0.6352024,0.36479762,1
0.4527614,0.5472386,0
0.5365694,0.4634306,0
0.66600335,0.33399662,0
0.70248795,0.29751205,0
0.7299243,0.27007565,0
0.67847866,0.3215214,0
0.84585494,0.15414512,0
0.99147415,0.008525858,0
0.95635265,0.0436474,0
0.7332178,0.26678222,0
0.76514715,0.23485282,0
0.7405777,0.2594223,0
0.692235,0.30776504,0
0.73761296,0.262387,0
0.7386649,0.2613351,1
0.6963623,0.3036377,1
0.6582933,0.34170672,1
0.7654362,0.2345638,0
0.7566593,0.24334069,0
0.86458963,0.13541043,1
0.57570636,0.42429367,1
0.55365586,0.4463441,1
0.6705866,0.32941338,1
0.64203614,0.35796386,1
0.61907697,0.38092306,1
0.6389336,0.36106634,1
0.6460728,0.35392722,0
0.9003849,0.099615104,0
0.95014983,0.04985016,0
0.40684322,0.5931569,0
0.4026006,0.5973994,0
0.40441552,0.59558445,1
0.4459043,0.5540956,0
0.45453474,0.5454653,0
0.3650774,0.63492256,0
0.38050655,0.6194935,0
0.92901874,0.070981294,0
0.69479984,0.30520022,0
0.49361417,0.5063858,0
0.5783933,0.42160675,0
0.6296682,0.37033182,0
0.6517444,0.3482556,1
0.600576,0.39942402,1
0.7868054,0.21319462,0
0.95342165,0.046578296,0
0.9107991,0.08920092,1
0.7247058,0.27529424,1
0.645497,0.354503,1
0.49084353,0.5091565,1
0.46519804,0.534802,1
0.43151575,0.5684843,1
0.45797986,0.5420202,1
0.55415237,0.44584757,1
0.7141918,0.2858082,0
0.7350536,0.26494646,0
0.71573746,0.28426248,0
0.9002628,0.099737234,0
0.77296597,0.22703403,0
0.6693724,0.33062768,0
0.72856593,0.2714341,1
0.68114233,0.31885764,1
0.750211,0.24978901,0
0.7585531,0.24144696,0
0.7613818,0.23861817,0
0.76035947,0.23964049,0
0.92328244,0.07671758,0
0.96171093,0.03828908,0
0.71944314,0.28055683,0
0.6725967,0.32740328,1
0.81456304,0.18543696,0
0.7763809,0.22361912,0
0.85963035,0.14036965,0
0.6926035,0.3073965,0
0.7135183,0.2864817,1
0.6938267,0.3061733,1
0.5231625,0.47683752,1
0.5160062,0.48399383,1
0.5300772,0.46992278,1
0.6300551,0.36994493,1
0.6424133,0.35758668,1
0.73639935,0.26360065,0
0.6778672,0.3221328,0
0.9698657,0.030134251,1
0.6724239,0.32757607,1
0.33095875,0.6690412,1
0.5453754,0.45462456,1
0.63791007,0.36208996,0
0.97034204,0.02965798,0
0.67812544,0.32187462,0
0.51505244,0.4849475,0
0.64390856,0.35609135,0
0.6295147,0.37048534,0
0.8908572,0.109142765,0
0.9327868,0.0672131,0
0.98624724,0.013752748,0
0.6800296,0.31997046,1
0.59882885,0.40117115,1
0.6754473,0.32455274,1
0.663153,0.33684704,1
0.578655,0.421345,1
0.7578762,0.24212378,1
0.9712359,0.028764091,0
0.97584516,0.024154782,0
0.6750734,0.32492653,0
0.66160107,0.33839893,0
0.6583478,0.34165227,0
0.7221359,0.2778641,0
0.7203769,0.27962312,0
0.737059,0.26294097,0
0.8839079,0.116092026,0
0.96891147,0.031088453,0
0.9137753,0.08622469,0
0.67367965,0.32632032,1
0.63307744,0.3669225,0
0.47370437,0.52629566,1
0.4127462,0.5872538,1
0.17655706,0.8234429,1
0.53421724,0.4657827,0
0.53457594,0.46542403,0
0.67356986,0.3264301,0
0.7086108,0.2913892,0
0.73819274,0.2618073,0
0.76065075,0.23934922,0
0.79206455,0.20793544,0
0.9870027,0.012997285,0
0.75069344,0.24930657,1
0.68739283,0.3126072,1
0.6775532,0.3224468,1
0.7073839,0.29261616,1
0.6931228,0.30687723,1
0.70494735,0.2950526,0
0.70793325,0.29206678,1
0.7612668,0.23873317,0
0.9541029,0.045897126,0
0.9102226,0.089777336,0
0.80757815,0.19242184,0
0.6870778,0.3129222,0
0.47999525,0.52000475,0
0.42622316,0.57377684,1
0.4375795,0.56242055,1
0.4175938,0.5824062,1
0.3884387,0.6115613,0
0.64818245,0.35181755,0
0.6547489,0.34525102,1
0.61676264,0.38323742,1
0.9720671,0.027932813,0
0.9680977,0.031902283,0
0.70015955,0.29984045,0
0.4510072,0.5489928,1
0.42208907,0.57791096,1
0.35018772,0.6498123,1
0.3805944,0.6194056,1
0.38287163,0.6171284,1
0.39904228,0.60095775,1
0.9500917,0.04990821,0
0.9467802,0.053219806,0
0.44240376,0.5575962,1
0.070226036,0.929774,1
0.56504846,0.43495148,0
0.66322196,0.336778,0
0.64330864,0.35669133,0
0.66483593,0.33516407,0
0.5395063,0.46049365,0
0.7888383,0.21116169,0
0.9344096,0.06559041,0
0.5706511,0.42934883,0
0.28973642,0.7102636,1
0.26350597,0.736494,1
0.71394247,0.2860575,0
0.6803731,0.31962693,0
0.67684454,0.32315546,0
0.81996864,0.18003137,0
0.9328222,0.06717777,0
0.93814415,0.061855838,0
0.9377915,0.062208526,0
0.74969923,0.25030074,0
0.7045286,0.29547143,0
0.33986482,0.66013515,1
0.094754875,0.9052451,1
0.7469569,0.25304314,0
0.7798654,0.22013466,0
0.7827634,0.21723655,0
0.7475316,0.2524684,0
0.72755736,0.27244273,0
0.9669835,0.033016518,0
0.96835124,0.03164877,0
0.92500925,0.0749908,0
0.70054656,0.2994534,0
0.58116627,0.41883373,0
0.6535866,0.3464134,1
0.7717561,0.2282439,0
0.34038356,0.6596164,1
0.9429712,0.057028737,0
0.7188278,0.28117228,1
0.58390033,0.41609967,0
0.6280603,0.37193975,0
0.65820956,0.34179047,0
0.763532,0.23646809,0
0.81701976,0.18298031,0
0.81561613,0.18438384,0
0.7995979,0.2004021,0
0.85021776,0.14978224,0
0.90411764,0.09588237,0
0.9862584,0.0137415575,0
0.98442274,0.015577263,0
0.3902165,0.60978353,1
0.41987452,0.58012545,1
0.44150826,0.5584917,1
0.45466945,0.5453305,1
0.6450091,0.35499093,0
0.67021996,0.32977998,1
0.9177342,0.08226586,0
0.9256243,0.074375704,0
0.6603007,0.33969924,0
0.4868612,0.51313883,0
0.49467218,0.5053278,0
0.6120067,0.38799325,0
0.6260859,0.37391406,0
0.6159435,0.38405648,0
0.5671711,0.43282893,1
0.55562603,0.44437397,1
0.37873617,0.6212638,1
0.42474398,0.57525605,0
0.962984,0.03701595,0
0.56145144,0.43854854,1
0.59497815,0.4050218,1
0.6052646,0.39473534,1
0.62546456,0.3745355,0
0.64744276,0.35255727,0
0.6174507,0.3825493,0
0.6159633,0.38403675,0
0.74971557,0.2502844,1
0.8244875,0.17551251,0
0.95017534,0.049824644,0
0.66441506,0.335585,1
0.5663037,0.43369627,1
0.58858174,0.41141823,1
0.95260227,0.04739777,1
0.6636391,0.33636084,0
0.669897,0.33010298,0
0.67985725,0.3201427,0
0.48842752,0.5115725,1
0.76240987,0.23759013,0
0.7892729,0.21072711,1
0.9729445,0.027055532,0
0.67944914,0.3205509,0
0.48542127,0.51457876,1
0.044490565,0.95550936,1
0.6925891,0.3074109,0
0.7823128,0.21768719,0
0.7415145,0.25848556,0
0.7015841,0.29841593,1
0.79122186,0.20877813,1
0.9580389,0.041961025,0
0.68842643,0.3115736,0
0.67873955,0.32126045,0
0.7004159,0.29958412,0
0.70042574,0.2995743,0
0.6960629,0.3039371,0
0.636643,0.36335698,0
0.767459,0.23254104,0
0.77315086,0.22684918,0
0.7496516,0.2503484,0
0.42708746,0.5729126,1
0.46780422,0.5321958,0
0.45646754,0.54353243,0
0.479094,0.52090603,0
0.049341455,0.9506585,1
0.5840276,0.41597238,1
0.56533235,0.43466765,1
0.80535185,0.19464816,0
0.93902665,0.06097335,0
0.96799904,0.032000955,0
0.9513853,0.048614725,0
0.93303585,0.066964105,0
0.5314501,0.46854994,0
0.44412658,0.5558734,0
0.4332057,0.56679434,0
0.38127348,0.61872655,1
0.36313105,0.636869,1
0.3820959,0.6179041,1
0.38290173,0.6170983,1
0.3923554,0.6076445,0
0.85925347,0.14074658,0
0.8939647,0.106035285,0
0.9525113,0.047488652,0
0.7692853,0.23071466,0
0.63212377,0.36787623,0
0.46936125,0.53063875,0
0.457438,0.542562,0
0.57407165,0.4259284,0
0.6517199,0.3482801,0
0.62284625,0.37715372,1
0.61404073,0.38595924,0
0.52434605,0.4756539,1
0.55754995,0.44245,1
0.80770177,0.19229826,0
0.961582,0.038417947,0
0.96345234,0.036547642,0
0.9464218,0.05357819,0
0.82966924,0.17033075,0
0.6345427,0.36545733,0
0.62962365,0.37037632,0
0.62101907,0.37898096,0
0.61299723,0.38700274,0
0.66736794,0.33263212,1
0.67537415,0.3246259,1
0.60916173,0.39083824,1
0.65561867,0.34438133,1
0.6548059,0.3451941,1
0.73290044,0.26709953,1
0.9773107,0.022689309,0
0.80788785,0.1921122,1
0.6135881,0.38641188,1
0.62201107,0.37798896,1
0.6797115,0.3202885,1
0.66514057,0.33485946,0
0.71260005,0.28739995,0
0.71080995,0.28919005,1
0.7295457,0.27045426,1
0.7883236,0.21167643,1
0.65036786,0.3496321,1
0.6224317,0.37756827,1
0.7000793,0.29992074,1
0.68935,0.31064996,1
0.74918294,0.2508171,0
0.96874803,0.03125199,0
0.96837616,0.03162379,0
0.7308109,0.2691892,0
0.4974459,0.5025541,1
0.6502435,0.34975645,0
0.7116458,0.28835422,0
0.7019162,0.29808375,0
0.75545794,0.24454208,0
0.7433386,0.25666142,0
0.72566843,0.27433154,0
0.680636,0.31936398,0
0.77807987,0.22192013,0
0.96209395,0.037906032,0
0.9852904,0.014709624,0
0.99264866,0.007351371,0
0.96442866,0.035571408,1
0.6678643,0.33213577,1
0.4515222,0.54847777,1
0.381781,0.618219,1
0.42280394,0.57719606,0
0.6356646,0.36433542,0
0.6507295,0.3492705,0
0.6850651,0.31493488,0
0.63962007,0.36038,1
0.67853045,0.32146955,1
0.6685688,0.3314312,1
0.9774055,0.022594528,0
0.98179364,0.018206313,0
0.97906756,0.020932358,0
0.96827155,0.03172844,0
0.7137383,0.28626168,0
0.5509117,0.44908825,1
0.513568,0.48643202,1
0.5098276,0.49017233,1
0.52704966,0.4729503,1
0.34756616,0.6524338,1
0.4043568,0.5956432,1
0.38051757,0.61948246,1
0.3646543,0.6353457,1
0.34665704,0.653343,1
0.37089106,0.62910897,1
0.89189243,0.10810749,1
0.965749,0.03425103,0
0.6589434,0.3410566,1
0.518136,0.481864,1
0.5208594,0.47914055,0
0.6504451,0.349555,0
0.67052186,0.32947814,0
0.6351397,0.36486027,0
0.72851795,0.27148205,0
0.6892327,0.31076726,0
0.5871957,0.4128043,0
0.56361306,0.436387,0
0.60575265,0.39424735,1
0.5727828,0.42721716,1
0.5706531,0.42934695,1
0.52124816,0.4787518,1
0.88941884,0.110581204,1
0.7485379,0.25146207,1
0.6186745,0.38132542,1
0.65970594,0.34029412,0
0.6246239,0.37537614,1
0.63569957,0.36430043,1
0.6599908,0.3400092,1
0.6701741,0.32982585,1
0.75599796,0.24400206,0
0.656187,0.34381297,1
0.66260886,0.3373911,1
0.9449057,0.055094313,0
0.88973486,0.11026518,0
0.67819047,0.32180947,0
0.697649,0.30235097,1
0.64681107,0.35318896,1
0.092711024,0.90728897,1
0.006427783,0.99357224,1
0.0060277916,0.99397224,1
0.56802535,0.43197465,0
0.6537926,0.34620732,0
0.69581366,0.3041863,0
0.8095786,0.19042143,0
0.9582091,0.04179085,0
0.71852803,0.281472,1
0.61108524,0.38891476,0
0.58077663,0.4192234,0
1.2054421e-05,0.99998796,1
0.00042355974,0.9995764,1
0.6650283,0.3349718,0
0.96421623,0.035783727,0
0.5301237,0.4698762,0
0.49968234,0.50031763,0
0.45002186,0.54997814,0
0.47173253,0.52826744,0
0.563718,0.43628198,0
0.64127016,0.35872987,0
0.6893498,0.31065023,0
0.7010955,0.29890448,0
0.6942934,0.30570665,0
0.69609183,0.30390814,0
0.65721655,0.34278342,1
0.8996177,0.100382335,1
0.469617,0.530383,1
0.405675,0.594325,0
0.62691313,0.37308687,0
0.6547506,0.34524938,0
0.66492724,0.3350727,0
0.6389002,0.36109972,0
0.67351717,0.3264828,0
0.8827949,0.117205024,0
0.9219658,0.078034244,0
0.97349924,0.02650075,0
0.97772914,0.022270864,0
0.9782825,0.02171754,0
0.93941736,0.060582668,0
0.5084321,0.49156794,1
0.5378932,0.46210685,1
0.5644602,0.43553978,1
0.57305056,0.42694944,1
0.60555375,0.39444616,1
0.3986073,0.6013927,1
0.34539294,0.65460706,1
0.87518793,0.12481205,1
0.57518315,0.42481688,1
0.5392262,0.46077377,1
0.490041,0.50995904,1
0.46997637,0.53002363,1
0.46326694,0.5367331,1
0.5013075,0.49869254,1
0.5478026,0.4521974,1
0.57897,0.42102998,1
0.52145624,0.47854382,1
0.63730776,0.36269227,0
0.7110436,0.2889564,0
0.7671766,0.23282336,0
0.93993556,0.06006444,0
0.565979,0.434021,1
0.58891827,0.4110817,1
0.6910881,0.3089119,0
0.7309197,0.26908028,0
0.69437045,0.30562958,0
0.6865991,0.31340095,0
0.9068529,0.09314711,0
0.95939374,0.04060628,0
0.9473588,0.052641284,0
0.7419288,0.25807118,1
0.6386421,0.36135796,0
0.6530687,0.34693128,0
0.6121993,0.38780066,0
0.5920459,0.40795407,0
0.45813385,0.5418662,1
0.5161992,0.4838008,1
0.9612442,0.038755804,0
0.26806444,0.73193556,1
0.64925706,0.35074294,0
0.7549471,0.24505286,0
0.7402295,0.2597705,0
0.757984,0.24201602,0
0.6676214,0.33237863,1
0.71339,0.28661,0
0.7550963,0.2449037,0
0.75941217,0.24058789,0
0.7472307,0.2527693,0
0.7479853,0.2520147,1
0.78400695,0.21599308,1
0.98942995,0.010570009,0
0.9932702,0.0067298166,0
0.9726123,0.027387729,0
0.7310056,0.26899445,1
0.48683316,0.5131668,1
0.48931283,0.5106871,1
0.5554628,0.44453716,1
0.6238153,0.3761847,1
0.76329976,0.23670025,0
0.71012807,0.28987196,1
0.9750674,0.024932638,0
0.73451996,0.26548004,1
0.54245454,0.4575455,1
0.53640634,0.4635936,1
0.70122886,0.29877114,0
0.3812489,0.6187511,1
0.37033826,0.62966174,1
0.4157553,0.5842447,1
0.9509,0.04909992,0
0.6270426,0.37295738,0
0.5738298,0.42617017,0
0.5537308,0.44626924,0
0.60152113,0.39847884,1
0.60910445,0.39089552,1
0.53787476,0.46212515,1
0.6006972,0.39930278,1
0.93186235,0.06813764,0
0.9578325,0.042167507,0
0.92508686,0.0749131,0
0.65394664,0.3460533,1
0.7372091,0.2627909,1
0.7390078,0.26099226,1
0.72375834,0.27624163,1
0.7285699,0.27143005,1
0.68759,0.31241003,1
0.6099689,0.3900311,1
0.70450974,0.2954903,0
0.96413636,0.03586366,0
0.6413146,0.35868537,1
0.6362576,0.36374238,1
0.68963605,0.31036395,1
0.67736167,0.32263833,1
0.61591405,0.38408586,1
0.5826006,0.41739938,1
0.75682193,0.2431781,0
0.7378329,0.26216716,0
0.97323656,0.026763456,0
0.968821,0.031179013,0
0.73643684,0.2635631,1
0.61664593,0.3833541,1
0.6476699,0.3523301,1
0.57870716,0.42129284,1
0.22872853,0.7712715,0
0.24830733,0.75169265,1
0.6457599,0.35424018,1
0.9741398,0.0258602,0
0.9002617,0.09973833,0
0.60144126,0.39855874,0
0.6676826,0.3323174,0
0.5769058,0.42309418,1
0.56938285,0.4306171,1
0.5326066,0.46739343,1
0.68902206,0.3109779,0
0.9331039,0.066896096,0
0.9821545,0.017845528,0
0.98262686,0.017373074,0
0.8911051,0.108894825,0
0.3572933,0.6427067,1
0.33775425,0.66224575,1
0.31980056,0.68019944,1
0.42519003,0.57480997,1
0.6349323,0.3650677,1
0.71159273,0.28840727,0
0.72148216,0.27851784,0
0.73338497,0.26661506,0
0.85634786,0.14365213,0
0.92794734,0.07205263,0
0.62182975,0.37817016,1
0.5452921,0.45470795,1
0.88409936,0.115900606,1
0.9544221,0.045577873,0
0.77385896,0.22614104,0
0.5885406,0.41145945,1
0.5886454,0.41135466,1
0.6060598,0.3939402,1
0.4719307,0.52806926,1
0.6646056,0.33539438,0
0.6896532,0.31034678,0
0.66716874,0.33283126,0
0.70279837,0.29720163,0
0.9057069,0.094293155,0
0.6911264,0.30887362,1
0.54455125,0.45544884,1
0.5382156,0.46178436,1
0.538977,0.461023,1
0.5945491,0.40545085,1
0.70334464,0.2966554,1
0.7067601,0.29323983,0
0.73134005,0.2686599,0
0.85438055,0.14561947,1
0.749083,0.250917,1
0.584522,0.415478,0
0.65111476,0.3488852,0
0.6691577,0.33084238,0
0.5980581,0.40194196,1
0.48087978,0.5191202,1
0.5331631,0.46683693,1
0.7610897,0.23891033,0
0.6398384,0.36016163,0
0.7201297,0.2798703,0
0.9087732,0.09122678,0
0.6864959,0.3135041,1
0.68911767,0.31088236,1
0.7080588,0.29194123,1
0.77292424,0.22707574,0
0.79598325,0.20401677,0
0.8060028,0.19399716,0
0.9383921,0.06160785,0
0.7665146,0.23348537,1
0.6133829,0.38661715,1
0.5749007,0.42509934,1
0.7311346,0.26886538,0
0.9914106,0.0085893,0
0.9858379,0.014162083,0
0.48639664,0.5136034,1
0.7333053,0.26669475,0
0.9546609,0.0453391,0
0.9639461,0.036053833,0
0.9662792,0.03372082,0
0.94511634,0.054883666,0
0.91533345,0.08466661,0
0.79072076,0.20927927,0
0.52613187,0.4738681,1
0.4789696,0.52103037,1
0.4671704,0.53282964,1
0.52669823,0.47330174,1
0.43929487,0.56070507,1
0.39491355,0.60508645,0
0.8958326,0.10416734,0
0.7492638,0.25073612,0
0.569167,0.43083298,0
0.63971186,0.3602882,1
0.64996266,0.35003728,0
0.56483525,0.43516475,1
0.5296073,0.4703927,1
0.4458847,0.5541153,1
0.6048723,0.3951278,1
0.6103014,0.3896986,0
0.6912039,0.3087961,0
0.7256767,0.27432325,0
0.7143115,0.28568852,0
0.8179421,0.18205795,0
0.8779922,0.12200778,0
0.83627343,0.16372652,0
0.7658502,0.23414989,0
0.53105354,0.46894646,0
0.5519049,0.44809514,0
0.6395782,0.36042178,0
0.7540208,0.24597922,0
0.7123354,0.28766453,0
0.7433847,0.25661528,0
0.9557713,0.04422863,0
0.9409993,0.059000723,0
0.77212346,0.22787653,1
0.7325297,0.26747027,1
0.6847793,0.31522065,1
0.80302286,0.1969771,0
0.8070359,0.19296409,0
0.76816434,0.2318357,0
0.7779113,0.22208868,0
0.9019964,0.09800359,0
0.766713,0.23328699,0
0.7780245,0.22197552,0
0.7429959,0.25700405,0
0.7891076,0.21089233,1
0.8832329,0.116767086,1
0.934816,0.06518398,0
0.63854325,0.36145672,1
0.6364408,0.36355922,1
0.68701595,0.312984,1
0.7516652,0.24833483,0
0.74222386,0.2577761,0
0.98260176,0.017398262,0
0.53045964,0.46954036,1
0.5138063,0.48619372,1
0.579335,0.42066506,1
0.64309514,0.3569049,1
0.5981927,0.40180734,1
0.6045795,0.39542046,1
0.936687,0.06331298,0
0.9654588,0.034541186,0
0.9025747,0.09742533,0
0.67674905,0.323251,0
0.56640095,0.43359908,1
0.5744853,0.4255147,1
0.64204085,0.35795918,0
0.62477756,0.37522244,0
0.5784221,0.42157787,1
0.43134516,0.56865484,1
0.83980364,0.16019632,1
0.9676958,0.03230425,0
0.9495844,0.05041562,0
0.9463017,0.05369832,0
0.7942483,0.20575173,0
0.27907923,0.72092074,1
0.51051754,0.48948246,1
0.436241,0.563759,1
0.609887,0.39011303,1
0.7577518,0.24224825,0
0.73232013,0.26767984,0
0.91928357,0.08071637,0
0.6485498,0.35145018,0
0.58032346,0.41967657,1
0.6822535,0.31774658,0
0.6277996,0.37220046,1
0.7184295,0.28157046,1
0.83119065,0.16880938,0
0.7999171,0.20008296,0
0.94589263,0.05410736,0
0.95079976,0.04920025,0
0.6891824,0.31081763,1
0.6669463,0.33305362,0
0.6916623,0.30833772,0
0.7416172,0.25838277,0
0.63586164,0.36413833,1
0.82476854,0.17523147,0
0.7186554,0.28134456,0
0.9518745,0.04812551,0
0.9197399,0.080260165,1
0.59983367,0.40016636,1
0.65778506,0.34221488,1
0.72325623,0.27674374,0
0.724037,0.27596298,0
0.7149986,0.28500137,0
0.7096056,0.29039446,1
0.71584475,0.28415528,1
0.94507706,0.054922972,1
0.93399554,0.06600445,0
0.8580896,0.14191037,0
0.6617536,0.33824646,0
0.42182854,0.57817143,1
0.50990885,0.49009117,1
0.64707494,0.35292515,0
0.64990467,0.3500953,0
0.7198148,0.2801852,0
0.73610175,0.26389828,0
0.39015526,0.60984474,1
0.49821347,0.50178653,1
0.6523023,0.34769768,1
0.90296584,0.097034104,0
0.65523666,0.3447633,0
0.44021827,0.55978173,1
0.43486175,0.56513834,1
0.4172911,0.58270895,0
0.53339344,0.46660656,0
0.6127134,0.3872866,0
0.6528298,0.34717017,0
0.6525724,0.34742758,0
0.6586531,0.34134692,0
0.62260133,0.3773986,0
0.779758,0.22024205,0
0.49926353,0.5007364,0
0.5204107,0.4795892,1
0.5634306,0.43656936,1
0.464366,0.535634,1
0.410483,0.58951706,1
0.34391293,0.65608704,1
0.81882995,0.1811701,0
0.8602264,0.13977359,1
0.9125487,0.08745121,0
0.5298323,0.47016773,1
0.46433714,0.5356628,1
0.5091674,0.49083257,1
0.81585807,0.18414192,0
0.74096876,0.2590312,0
0.6869076,0.3130924,0
0.6997517,0.30024827,0
0.7283309,0.2716691,0
0.76192147,0.23807855,0
0.9209795,0.07902052,0
0.118267484,0.88173246,1
0.57248163,0.4275184,0
0.52850187,0.4714981,1
0.70531756,0.29468247,0
0.75612,0.24388,1
0.701323,0.29867703,1
0.6191689,0.3808311,0
0.9336484,0.0663516,0
0.6038368,0.39616323,0
0.5870914,0.41290858,0
0.6022757,0.39772427,0
0.68151116,0.31848878,0
0.7270547,0.27294528,0
0.7344868,0.26551315,0
0.73410046,0.2658995,1
0.9565446,0.04345543,0
0.8472503,0.15274973,0
0.6576839,0.34231606,0
0.59303933,0.4069606,1
0.59883064,0.40116933,1
0.61290866,0.38709134,1
0.6239683,0.3760317,1
0.63481444,0.3651856,0
0.70786554,0.2921345,1
0.74851996,0.25148004,0
0.74977046,0.25022957,0
0.72652143,0.27347857,1
0.72739065,0.2726093,1
0.9939703,0.0060297116,0
0.99284345,0.007156552,0
0.563567,0.43643305,0
0.77793133,0.22206867,0
0.74192566,0.25807425,0
0.6891217,0.31087825,0
0.697268,0.30273208,0
0.84457314,0.15542679,0
0.99568695,0.0043130782,0
0.9951918,0.004808224,0
0.99442357,0.0055764765,0
0.62491727,0.37508273,0
0.7513458,0.24865411,0
0.6904667,0.30953327,0
0.7048104,0.29518968,0
0.82487166,0.17512839,0
0.9690083,0.030991724,0
0.9689068,0.031093203,0
0.955647,0.04435307,0
0.6353559,0.3646441,0
0.5637463,0.4362537,0
0.4995845,0.5004155,0
0.42973322,0.57026684,1
0.7201048,0.27989522,1
0.6988408,0.30115923,1
0.6115151,0.3884849,1
0.56989676,0.4301033,1
0.517937,0.48206303,1
0.5008478,0.49915218,1
0.5061605,0.4938395,1
0.5505906,0.44940943,1
0.9529648,0.04703514,0
0.9776823,0.022317732,0
0.984571,0.015429028,0
0.67899483,0.32100517,1
0.62078124,0.3792188,1
0.58237207,0.417628,1
0.55917835,0.44082165,0
0.5970908,0.40290928,0
0.6374476,0.36255237,0
0.63609207,0.36390796,1
0.7381753,0.26182473,1
0.6725826,0.32741737,0
0.66318023,0.33681974,1
0.7121627,0.2878374,1
0.62103146,0.37896854,1
0.6024512,0.39754876,1
0.5740146,0.42598546,1
0.7213062,0.27869383,1
0.70933807,0.29066196,1
0.7338774,0.26612252,1
0.46483344,0.53516656,1
0.56885433,0.4311456,1
0.74586034,0.25413963,1
0.9767779,0.023222025,0
0.8064231,0.19357686,0
0.6490845,0.35091546,0
0.71438104,0.28561896,0
0.6773331,0.32266685,0
0.7031637,0.29683626,0
0.7745974,0.22540264,0
0.78419995,0.21580003,0
0.7765544,0.22344562,0
0.7742871,0.22571293,0
0.7936601,0.20633987,0
0.89305836,0.106941625,1
0.9446991,0.0553009,0
0.98873085,0.011269215,0
0.98813707,0.011862926,0
0.9812577,0.01874234,0
0.8307903,0.16920976,1
0.77832085,0.22167915,1
0.67579544,0.32420453,1
0.7060823,0.2939177,1
0.71240216,0.28759786,1
0.70106107,0.29893887,0
0.6637245,0.33627555,0
0.7420861,0.25791392,0
0.77915144,0.22084853,1
0.76725644,0.23274352,1
0.749545,0.25045508,1
0.6971361,0.30286396,1
0.7742788,0.2257212,1
0.99329764,0.0067023262,0
0.92286533,0.07713469,1
0.5280862,0.47191387,1
0.761869,0.23813102,1
0.6791524,0.32084763,1
0.8534403,0.1465597,1
0.9703803,0.029619718,0
0.9627659,0.037234068,0
0.6653696,0.3346305,1
0.70395106,0.29604897,1
0.69288254,0.3071175,1
0.44953638,0.5504637,1
0.40493506,0.59506494,1
0.40445408,0.59554595,1
0.37222555,0.62777454,1
0.9715398,0.028460218,0
0.96239364,0.037606303,0
0.6115943,0.38840574,1
0.60822874,0.39177132,1
0.16499703,0.835003,1
0.8514214,0.14857858,1
0.764014,0.23598598,0
0.66147053,0.3385294,0
0.95800173,0.04199823,0
0.94004875,0.059951227,0
0.7592154,0.24078463,0
0.6679726,0.33202738,0
0.6674961,0.33250394,0
0.62753165,0.37246844,0
0.7077351,0.2922649,0
0.749257,0.25074297,0
0.76057655,0.23942344,0
0.78696734,0.21303268,0
0.7098526,0.29014742,1
0.6025612,0.3974388,1
0.71658933,0.28341073,1
0.71599185,0.28400812,1
0.76928806,0.23071188,0
0.7684089,0.23159109,0
0.6953429,0.30465704,0
0.6525917,0.3474083,1
0.76860994,0.23139004,0
0.75298184,0.24701817,0
0.6634528,0.33654717,1
0.7493789,0.2506211,0
0.76910603,0.23089397,0
0.7044131,0.2955869,0
0.7516243,0.24837568,0
0.9435201,0.05647984,0
0.9141544,0.08584558,0
0.711138,0.288862,0
0.7057054,0.29429457,0
0.6980026,0.30199745,1
0.69806564,0.30193433,1
0.68078077,0.31921917,1
0.71326226,0.2867378,0
0.73065364,0.26934642,0
0.72088087,0.2791191,0
0.7670437,0.23295628,0
0.7899945,0.2100055,0
0.9870635,0.012936446,0
0.7388854,0.26111463,1
0.59956473,0.40043527,1
0.7794457,0.22055437,0
0.7970914,0.20290856,0
0.78424567,0.21575427,0
0.7458389,0.25416112,0
0.64961445,0.35038552,1
0.70915025,0.29084972,0
0.8366684,0.16333166,0
0.9536645,0.0463355,0
0.5758056,0.42419446,1
0.5581692,0.4418308,1
0.44750723,0.55249274,1
0.37592182,0.62407815,0
0.9515758,0.048424225,0
0.95949703,0.040502995,0
0.7301493,0.2698507,0
0.55371344,0.44628656,0
0.6326641,0.36733598,0
0.6012563,0.39874366,1
0.6858159,0.31418416,0
0.7305803,0.26941976,0
0.4947769,0.5052231,1
0.8617947,0.13820533,0
0.84808165,0.15191837,0
0.81809884,0.18190114,0
0.68674815,0.31325188,1
0.9420361,0.05796395,0
0.64246815,0.35753185,0
0.6949274,0.30507267,0
0.75605124,0.24394873,0
0.750466,0.24953407,0
0.7719083,0.22809173,0
0.7852841,0.2147159,0
0.5709645,0.42903548,0
0.85512084,0.14487915,0
0.80235296,0.19764711,0
0.9466152,0.05338472,0
0.94723487,0.05276511,0
0.6775841,0.3224159,0
0.687115,0.312885,0
0.6707784,0.3292217,0
0.705625,0.294375,0
0.7386184,0.2613816,0
0.7754496,0.22455043,0
0.77493274,0.2250673,0
0.7852747,0.21472533,1
0.7678217,0.23217829,0
0.7789623,0.22103769,0
0.8063454,0.19365461,0
0.80673265,0.19326727,0
0.7949872,0.20501281,0
0.79189706,0.20810297,0
0.7926651,0.20733482,0
0.7644011,0.23559894,1
0.9663957,0.033604387,0
0.94702345,0.052976508,1
0.70703834,0.29296166,1
0.68749905,0.312501,1
0.7383227,0.26167738,1
0.7786933,0.22130665,0
0.7441711,0.25582895,1
0.7642355,0.23576447,1
0.82834536,0.17165466,1
0.8018918,0.19810817,0
0.750788,0.24921204,1
0.95063514,0.049364895,0
0.97385776,0.026142275,0
0.97472906,0.025270987,0
0.5612266,0.4387734,1
0.5580136,0.44198638,1
0.72032225,0.27967778,0
0.85252154,0.14747846,0
0.9323198,0.06768024,0
0.6416338,0.35836622,0
0.61533797,0.38466203,0
0.60119534,0.39880463,0
0.47064555,0.52935445,1
0.7839714,0.21602857,0
0.913807,0.086193025,0
0.70289296,0.297107,0
0.7265022,0.27349782,0
0.7470482,0.2529518,0
0.7443217,0.2556783,0
0.7806924,0.21930754,0
0.7893003,0.21069968,0
0.5023037,0.49769628,1
0.8294733,0.17052664,0
0.7111721,0.28882787,0
0.8567011,0.14329888,1
0.91692215,0.08307786,0
0.7443762,0.25562385,0
0.6252883,0.37471163,1
0.7701694,0.22983061,0
0.77655977,0.22344026,1
0.8349218,0.16507816,0
0.8567076,0.14329246,0
0.82998943,0.17001057,0
0.75852,0.24148001,0
0.7276725,0.27232745,0
0.57363373,0.42636627,1
0.69980764,0.30019242,1
0.7067081,0.29329196,1
0.74155265,0.25844738,0
0.7467534,0.25324664,0
0.76380056,0.23619942,0
0.749352,0.25064805,0
0.807116,0.19288406,0
0.7715168,0.2284832,0
0.8486081,0.15139186,0
0.78176737,0.21823259,0
0.7528795,0.24712053,1
0.70768833,0.29231164,1
0.90081036,0.09918962,0
0.71592534,0.2840747,0
0.7608659,0.23913404,0
0.75271606,0.24728394,0
0.7843654,0.21563452,0
0.79132056,0.20867945,0
0.77836895,0.22163112,1
0.91787004,0.08212997,1
0.845813,0.15418705,0
0.46078408,0.5392159,1
0.67232734,0.32767263,0
0.7624086,0.23759143,0
0.78417933,0.2158206,0
0.74207926,0.25792074,0
0.7063991,0.29360095,0
0.9608731,0.03912689,0
0.9684411,0.03155884,0
0.96632576,0.033674274,0
0.026868735,0.9731313,1
0.54113656,0.45886347,0
0.6103452,0.38965482,0
0.694256,0.305744,0
0.69907606,0.30092388,0
0.63019615,0.36980382,0
0.47368136,0.52631867,1
0.77510315,0.22489683,0
0.54356223,0.45643783,0
0.44612446,0.55387545,0
0.4586827,0.5413173,0
0.038145773,0.9618543,1
0.74664557,0.25335437,0
0.875276,0.12472393,0
0.936127,0.06387302,0
0.91126627,0.088733666,0
0.57590675,0.4240933,1
0.37786466,0.62213534,0
0.33664185,0.66335815,0
0.31593332,0.68406665,0
0.00091045984,0.9990896,1
0.7356634,0.26433665,0
0.65834165,0.34165838,0
0.80797076,0.1920292,0
0.7068045,0.29319552,0
0.75913674,0.24086334,0
0.772446,0.22755402,0
0.62942624,0.37057373,0
0.8760062,0.12399384,0
0.9371634,0.062836595,0
0.03633702,0.963663,1
0.7384973,0.26150268,0
0.7504626,0.24953742,0
0.76416975,0.23583023,0
0.7941429,0.20585707,0
0.6634622,0.3365378,1
0.8868048,0.11319513,0
0.65829724,0.34170273,1
0.66825926,0.33174074,0
0.70626235,0.2937376,0
0.9288675,0.071132466,1
0.60023105,0.39976895,0
0.74586487,0.25413507,0
0.7756932,0.22430682,0
0.809353,0.19064702,0
0.7987045,0.20129551,0
0.7172514,0.28274864,0
0.81406075,0.18593918,0
0.7666111,0.23338889,0
0.7233472,0.27665278,1
0.8911263,0.10887379,0
0.96589357,0.034106452,0
0.67966396,0.3203361,0
0.66355944,0.33644056,0
0.66829413,0.33170587,0
0.6615592,0.3384408,1
0.7797108,0.22028916,0
0.6544086,0.34559143,0
0.7412144,0.2587856,0
0.5776406,0.42235935,1
0.8196125,0.1803875,0
0.9890359,0.010964055,0
0.95422965,0.045770336,0
0.8324774,0.16752265,1
0.33735728,0.6626428,1
0.6022478,0.39775223,0
0.13392983,0.86607015,1
0.14470081,0.8552991,1
0.32274863,0.67725134,0
0.1356717,0.8643283,1
0.18224104,0.8177589,1
0.66139525,0.33860478,0
0.6555189,0.3444811,0
0.7332472,0.2667528,0
0.94441336,0.05558664,0
0.96431565,0.035684325,0
0.84175587,0.15824413,0
0.53180474,0.4681953,0
0.57210654,0.42789346,0
0.54595715,0.4540428,0
0.035998706,0.9640013,1
0.032155022,0.967845,1
0.8574753,0.14252472,0
0.9630348,0.036965255,0
0.9450577,0.054942306,0
0.92511564,0.07488441,0
0.8659541,0.13404594,0
0.72149086,0.27850914,0
0.66421074,0.3357893,0
0.67768097,0.32231906,0
0.6690193,0.3309807,0
0.7499476,0.25005233,0
0.78198403,0.21801592,0
0.7412609,0.25873908,0
0.6830432,0.31695682,0
0.66248804,0.3375119,1
0.3335075,0.6664925,1
0.86258376,0.13741627,0
0.91299933,0.08700063,0
0.7234769,0.27652314,0
0.7459476,0.2540524,0
0.7833864,0.21661364,0
0.75823605,0.24176398,0
0.725597,0.274403,1
0.9470245,0.052975506,0
0.929861,0.07013897,0
0.8685243,0.13147569,0
0.6573982,0.34260175,0
0.7277071,0.27229288,0
0.7303714,0.26962852,0
0.7579156,0.24208435,0
0.7217166,0.2782834,1
0.7665046,0.23349541,0
0.7327685,0.26723158,1
0.70784277,0.29215723,1
0.018617917,0.98138213,1
0.7151503,0.28484967,1
0.7370409,0.26295912,1
0.914325,0.08567507,0
0.7865548,0.2134452,0
0.5791734,0.42082658,0
0.6593351,0.34066498,0
0.7642398,0.2357602,0
0.7741449,0.22585507,0
0.7754191,0.2245809,0
0.5943693,0.4056307,0
0.78571516,0.2142848,0
0.84088236,0.15911764,0
0.8828196,0.11718045,0
0.3277846,0.6722154,1
0.00783019,0.9921698,1
0.6416969,0.35830316,0
0.7534052,0.24659479,0
0.77559125,0.22440876,0
0.051022124,0.94897795,1
0.032259405,0.96774065,1
0.6863632,0.31363675,0
0.07457107,0.9254289,1
0.16917804,0.83082193,1
0.75685495,0.24314508,0
0.884275,0.115724914,0
0.89967775,0.10032219,0
0.6138991,0.38610086,0
0.60711896,0.39288107,0
0.7120123,0.28798765,0
0.72363836,0.27636164,0
0.10198407,0.8980159,1
0.6336713,0.36632875,0
0.13186732,0.86813265,1
0.7985928,0.20140721,0
0.88542765,0.11457233,0
0.8244265,0.17557351,0
0.5087902,0.49120986,0
0.5002039,0.49979603,0
0.49552944,0.5044706,0
0.17993192,0.82006806,1
0.13273701,0.86726296,0
0.008391179,0.9916088,1
0.90903264,0.09096728,0
0.5633529,0.4366471,0
0.64377683,0.35622314,0
0.6161968,0.38380313,0
0.6646464,0.33535358,0
0.7542849,0.24571505,0
0.009498338,0.99050164,1
0.048628945,0.9513711,1
0.011943833,0.9880562,1
0.6685814,0.33141857,0
0.6669372,0.33306286,0
0.014628126,0.9853719,1
0.047234155,0.9527659,1
0.70872146,0.2912785,0
0.7566886,0.2433114,0
0.61711913,0.38288084,0
0.8609607,0.1390393,0
0.16348796,0.836512,1
0.011872438,0.9881275,1
0.042669695,0.95733035,1
0.7524701,0.24752991,0
0.4400809,0.5599192,0
0.07209418,0.9279058,1
0.43911925,0.5608807,0
0.017258711,0.9827413,1
0.74999696,0.25000307,0
0.21651244,0.7834875,0
0.56641996,0.43358,0
0.16607685,0.83392316,1
0.74615836,0.25384158,0
0.90515584,0.094844095,0
0.024740973,0.97525907,1
0.47183257,0.5281674,0
0.5239089,0.47609118,0
0.70006883,0.29993114,0
0.7507678,0.24923216,0
0.0050045964,0.99499536,1
0.013021979,0.986978,1
0.41005856,0.5899414,0
0.77841634,0.22158368,0
0.69809604,0.301904,0
0.7089383,0.29106173,0
0.7414482,0.25855178,0
0.73198706,0.26801303,0
0.69827545,0.30172458,0
0.7167747,0.28322533,0
0.7586845,0.24131541,0
0.7686302,0.23136976,0
0.9721175,0.027882513,0
0.97177416,0.02822584,0
0.66637075,0.33362922,1
0.42401493,0.5759851,1
0.4264875,0.5735125,1
0.56406593,0.43593407,0
0.62648654,0.37351343,0
0.7141059,0.28589413,0
0.6073336,0.39266643,1
0.756638,0.24336196,1
0.7558023,0.24419771,0
0.06312661,0.9368734,1
0.60493183,0.39506814,1
0.8613984,0.13860157,0
0.9478785,0.052121557,0
0.51440793,0.48559207,0
0.62594885,0.37405112,0
0.64174485,0.35825506,0
0.40391287,0.59608716,0
0.4310255,0.5689745,0
0.9020565,0.0979435,0
0.671722,0.328278,0
0.68551666,0.31448343,0
0.7701776,0.22982246,0
0.76700866,0.23299132,0
0.7773389,0.22266111,1
0.74383026,0.25616974,1
0.7081406,0.29185942,1
0.70984614,0.29015383,1
0.8946366,0.10536339,0
0.9210794,0.07892062,0
0.7908852,0.20911482,0
0.65564066,0.34435937,1
0.6570425,0.34295753,1
0.75427437,0.2457256,1
0.7833229,0.21667714,1
0.57914686,0.42085317,1
0.8603822,0.13961776,0
0.7828945,0.21710555,0
0.7871917,0.21280837,0
0.80376035,0.19623965,0
0.7250878,0.27491218,1
0.79329807,0.20670201,0
0.8029606,0.19703941,0
0.7006808,0.29931924,1
0.6543175,0.34568253,1
0.71128505,0.28871495,1
0.9516675,0.048332565,0
0.8602804,0.13971958,0
0.75216615,0.24783383,0
0.7794868,0.22051324,0
0.8100731,0.18992697,0
0.80008936,0.19991069,1
0.8133692,0.18663076,1
0.91148746,0.08851249,1
0.6237039,0.37629604,1
0.73817575,0.26182425,1
0.7575457,0.24245426,0
0.7812402,0.21875979,0
0.7538362,0.2461638,0
0.77850914,0.22149089,0
0.761914,0.23808599,0
0.66833913,0.33166087,1
0.81589663,0.18410333,1
0.9766425,0.023357457,0
0.91298485,0.08701514,1
0.80678016,0.1932198,1
0.4991543,0.5008457,1
0.6588128,0.34118715,0
0.6840518,0.31594822,0
0.614686,0.38531402,1
0.71011007,0.28989002,0
0.7269802,0.2730198,0
0.7303927,0.26960737,0
0.7937507,0.20624937,0
0.92497456,0.07502543,0
0.960863,0.039137032,0
0.96043587,0.039564196,0
0.6582669,0.34173307,0
0.5450602,0.45493978,1
0.52324337,0.4767566,1
0.58342475,0.41657528,1
0.39579916,0.6042009,1
0.43079764,0.56920236,1
0.412572,0.587428,1
0.700665,0.299335,0
0.7183004,0.28169966,0
0.8191202,0.18087974,0
0.9356373,0.064362615,0
0.67084056,0.3291595,0
0.54185146,0.45814863,1
0.5266207,0.4733793,1
0.59292185,0.40707815,1
0.534517,0.46548295,0
0.4893964,0.5106036,1
0.8720159,0.12798415,0
0.9247227,0.07527731,0
0.73453504,0.26546496,0
0.709272,0.29072794,0
0.71364456,0.2863554,1
0.8054223,0.19457768,1
0.7004904,0.29950964,1
0.8082085,0.19179147,1
0.5720991,0.42790094,1
0.7616376,0.23836243,0
0.8085582,0.1914418,0
0.8084552,0.19154483,0
0.8892365,0.11076348,0
0.7563704,0.2436296,0
0.8796026,0.12039738,0
0.90366983,0.09633015,0
0.74822724,0.25177276,0
0.7839627,0.21603727,0
0.7633882,0.23661181,0
0.668813,0.33118704,1
0.6565,0.3435,0
0.69969624,0.30030376,0
0.79106736,0.20893267,0
0.6863063,0.31369364,0
0.73248893,0.26751107,0
0.76819324,0.23180676,1
0.9339369,0.06606312,0
0.9450474,0.054952618,0
0.60441685,0.39558324,1
0.6468909,0.35310906,1
0.7739755,0.22602446,0
0.6585374,0.3414626,1
0.7969485,0.20305152,0
0.78665704,0.21334292,0
0.81040084,0.18959914,0
0.62407434,0.3759257,1
0.6335618,0.36643824,1
0.75183237,0.24816763,0
0.9370752,0.06292483,0
0.9510902,0.04890985,0
0.931129,0.068870984,0
0.038231418,0.96176857,1
0.18196031,0.8180397,1
0.5274055,0.47259453,1
0.20599858,0.79400146,1
0.13035084,0.8696492,1
0.47736785,0.5226322,1
0.6769764,0.32302362,0
0.7612868,0.23871318,0
0.92918843,0.07081162,0
0.9617496,0.038250413,0
0.49192938,0.50807065,0
0.6686944,0.3313056,0
0.6922459,0.30775413,0
0.621838,0.37816203,0
0.025386162,0.9746139,1
0.0074776043,0.9925224,1
0.03816999,0.96183,1
0.0369989,0.9630011,1
0.16458133,0.8354187,1
0.7356836,0.2643164,0
0.90290296,0.09709705,0
0.91084456,0.08915544,0
0.87202394,0.12797603,0
0.040646926,0.959353,1
0.6794189,0.32058108,0
0.5171624,0.48283762,0
0.57727593,0.422724,0
0.025110137,0.9748898,1
0.3401397,0.6598604,0
0.7600367,0.23996331,0
0.8358678,0.16413216,0
0.76681453,0.2331855,0
0.4757307,0.52426934,1
0.8009268,0.19907315,0
0.55739117,0.4426088,0
0.5300122,0.46998775,0
0.62707067,0.37292936,0
0.48097894,0.5190211,1
0.62255055,0.37744942,1
0.8232973,0.17670265,0
0.02848256,0.97151744,1
0.09175333,0.9082467,1
0.47110832,0.5288917,1
0.6490303,0.35096967,0
0.63429207,0.36570793,0
0.0001391898,0.99986076,1
0.80007976,0.19992027,0
0.7050505,0.29494947,0
0.74093515,0.2590648,0
0.6458089,0.35419115,0
0.7573334,0.24266663,0
0.78813523,0.21186474,0
0.15512088,0.84487915,1
0.1335551,0.86644495,1
0.015659599,0.9843404,1
0.38222834,0.61777157,0
0.000117194264,0.9998828,1
0.037994448,0.9620056,1
0.62144464,0.3785553,0
0.60806453,0.3919354,0
0.60320175,0.39679822,0
0.49936998,0.50062996,0
0.15773539,0.84226453,1
0.65055734,0.3494427,0
0.69311196,0.30688798,0
0.5894374,0.41056257,0
0.7799625,0.22003755,0
0.6590547,0.3409452,0
0.6140108,0.38598922,0
0.56106484,0.43893516,0
0.78452724,0.21547276,0
0.028375875,0.9716241,0
0.01483121,0.9851688,1
0.04573303,0.95426697,0
0.060071517,0.9399285,0
0.76905787,0.23094207,0
0.89339423,0.10660583,0
0.7719162,0.2280838,0
0.2023953,0.7976047,1
0.0004444882,0.9995555,1
0.0010445028,0.9989555,1
0.007346314,0.9926537,1
3.7471993e-05,0.99996257,1
0.0002925821,0.9997074,1
0.009894102,0.9901059,0
0.06347585,0.93652415,0
0.026318291,0.97368175,0
0.77567214,0.22432788,0
0.8127149,0.1872851,0
0.9038851,0.096114844,0
0.4107266,0.58927333,0
0.4997062,0.50029373,0
0.48662448,0.5133756,0
0.5333989,0.466601,0
0.49439076,0.5056092,0
0.67826027,0.32173973,0
0.58297426,0.41702577,0
0.5303072,0.4696928,0
0.56130683,0.4386932,0
0.8011983,0.1988017,0
0.84111035,0.15888965,0
0.5338989,0.46610114,0
0.5381546,0.46184537,0
0.54947406,0.45052603,0
0.4488761,0.55112386,1
0.58381546,0.4161846,1
0.7724926,0.2275074,0
0.6522494,0.34775066,0
6.5350556e-05,0.9999347,1
0.21115899,0.788841,0
0.7516709,0.24832909,0
0.71434605,0.28565392,0
0.7248804,0.2751196,0
0.13237773,0.8676223,0
0.743682,0.256318,0
0.41707745,0.5829225,0
0.76791346,0.2320866,0
0.5019791,0.49802083,0
0.40063286,0.59936714,0
0.42937604,0.57062405,0
0.19641107,0.8035889,0
0.5130745,0.48692554,0
0.39541382,0.6045862,0
0.27832317,0.7216769,0
0.41984332,0.5801566,0
0.5356178,0.4643821,0
0.6023786,0.39762142,0
0.34878907,0.65121084,0
0.55233365,0.44766635,0
0.5710774,0.4289226,0
0.61109376,0.38890624,0
0.62029153,0.37970847,0
0.07477975,0.9252203,1
0.39066142,0.6093386,1
0.67492884,0.32507116,0
0.62265456,0.37734535,0
0.7069193,0.29308066,0
0.7563078,0.24369222,0
0.5370123,0.46298775,0
0.60300606,0.39699388,0
0.624707,0.37529305,0
0.5871406,0.41285938,0
0.67685515,0.32314485,0
0.75761026,0.24238966,0
0.5762577,0.42374223,0
0.66927487,0.33072516,0
0.34741238,0.65258765,1
0.65407515,0.34592485,1
0.7372094,0.26279068,0
1.8551022e-05,0.9999814,1
4.517093e-05,0.9999548,1
0.011329958,0.98867,1
6.756073e-05,0.9999324,1
0.00043069318,0.99956936,0
0.006025846,0.99397415,0
0.040103745,0.9598962,0
0.91827756,0.08172244,0
0.5488186,0.45118135,0
0.0066845254,0.9933155,1
0.0018601144,0.99813986,1
0.18606582,0.8139342,0
0.89274263,0.1072574,0
0.6435175,0.35648254,0
0.5952378,0.40476215,0
0.7144649,0.28553513,0
0.3133378,0.68666226,0
0.5164763,0.48352373,0
0.6032084,0.39679167,0
0.7521828,0.2478172,0
0.5880245,0.4119755,1
0.42942545,0.5705745,1
0.48685384,0.5131461,1
0.17009017,0.8299098,1
0.6964779,0.30352208,0
0.73719925,0.26280078,0
0.45290673,0.5470933,1
0.09227416,0.9077259,1
0.033469737,0.96653026,1
0.17367743,0.8263225,1
0.07559119,0.92440885,1
0.30299315,0.6970069,0
0.032547604,0.96745247,1
0.050997723,0.94900227,1
0.09902343,0.90097654,1
0.1926043,0.8073957,0
0.038200222,0.9617998,1
0.16024575,0.8397542,0
0.21791531,0.7820847,0
0.05329188,0.9467081,1
0.0037720199,0.996228,1
0.051900346,0.94809973,1
0.0405646,0.95943546,1
0.71956164,0.2804384,0
0.33374724,0.6662528,0
0.3248108,0.67518926,0
0.61499923,0.3850008,0
0.6747474,0.32525262,0
0.4065885,0.59341156,0
0.06361156,0.9363885,1
0.66143185,0.3385682,0
0.18832737,0.8116726,1
0.0152366245,0.9847633,1
0.45206708,0.54793286,0
0.13471045,0.8652896,0
0.28275505,0.717245,0
0.2875727,0.7124273,0
0.45971555,0.54028445,0
0.5281861,0.47181386,0
0.5151179,0.4848821,0
0.1211892,0.8788108,0
0.06179206,0.9382079,1
0.780105,0.21989496,0
0.8751042,0.12489578,0
0.15898857,0.8410114,1
0.09811021,0.9018898,1
0.5070045,0.4929956,0
0.48979276,0.5102073,0
0.4768378,0.52316225,0
0.5206153,0.47938478,0
0.85068154,0.14931847,0
0.9065354,0.09346458,0
0.9051905,0.09480943,0
0.39323166,0.6067683,0
0.46328634,0.5367137,0
0.49443445,0.5055656,0
0.5611974,0.43880257,0
0.48129475,0.51870525,1
0.3640233,0.63597673,1
0.40980184,0.59019816,1
0.3322403,0.66775966,1
0.71737415,0.28262588,0
0.47423798,0.52576196,0
0.5515229,0.44847712,0
0.4373669,0.5626331,1
0.588422,0.4115779,0
0.71656716,0.28343284,0
0.781533,0.21846704,0
0.77234006,0.22765994,0
0.257953,0.74204695,1
0.38794145,0.61205846,1
0.5251138,0.4748862,1
0.41576532,0.58423465,1
0.08673184,0.91326815,1
0.74301594,0.25698403,0
0.6386902,0.3613098,0
0.6982835,0.30171654,0
0.3809639,0.61903614,1
0.03205061,0.96794945,1
0.5245818,0.47541827,1
0.73858714,0.2614129,0
0.7304001,0.26959988,0
0.6003297,0.3996703,0
0.6148034,0.3851966,0
0.65858585,0.3414142,0
0.8219661,0.17803387,0
0.78405297,0.215947,0
0.7599475,0.2400525,0
0.35824937,0.6417507,1
0.59965485,0.4003451,0
0.046360347,0.9536396,1
0.2530262,0.7469738,1
0.041977324,0.9580226,1
0.009896783,0.99010324,1
0.017181693,0.9828183,1
0.7010045,0.29899555,0
0.33512202,0.6648781,0
0.71541363,0.28458637,0
0.81286484,0.18713519,0
0.72145855,0.2785414,0
0.08982282,0.9101772,1
0.017097916,0.98290205,1
0.014988015,0.98501194,1
0.18347637,0.8165237,0
0.6394551,0.36054492,0
0.59601986,0.40398017,0
0.37259474,0.6274053,0
0.45187426,0.5481257,0
0.67700684,0.3229932,0
0.75726587,0.24273416,0
0.83918506,0.16081499,0
0.8658615,0.13413855,0
0.3822418,0.6177582,0
0.42071813,0.5792819,0
0.08129771,0.9187023,1
0.12687859,0.8731214,1
0.4096651,0.5903349,1
0.54760635,0.45239365,0
0.7732782,0.2267219,0
0.80226564,0.19773434,0
0.8497672,0.15023275,0
0.74871415,0.25128594,0
0.3296083,0.6703916,0
0.43126655,0.56873345,0
0.51026225,0.48973778,0
0.51740146,0.4825985,0
0.50603044,0.49396962,0
0.46175694,0.5382431,0
0.032080933,0.96791905,1
0.7198411,0.28015888,1
0.75166494,0.24833508,0
0.4808439,0.5191561,0
0.22477347,0.7752265,1
0.24743651,0.75256354,1
0.23817272,0.7618273,1
0.049733344,0.95026666,1
0.0051156557,0.9948843,1
0.010172044,0.989828,1
0.06624813,0.9337518,1
0.30371442,0.69628555,0
0.08401136,0.9159886,1
0.72704995,0.27295008,0
0.73925644,0.2607436,0
0.5868653,0.41313472,0
0.5590205,0.44097948,0
0.33169994,0.6683001,0
0.26938823,0.73061174,0
0.314126,0.685874,0
0.35445625,0.64554375,0
0.2644303,0.73556966,0
0.070442855,0.92955714,1
0.0049738823,0.99502605,1
0.02346492,0.9765351,1
0.34524184,0.65475816,0
0.042327028,0.95767295,1
0.625444,0.374556,0
0.7419019,0.25809813,0
0.2606162,0.7393838,0
0.06746408,0.9325359,1
0.2252368,0.7747632,0
0.3394773,0.6605227,0
0.38216075,0.6178392,0
0.65581936,0.34418064,0
0.6271147,0.3728853,0
0.64933187,0.35066813,0
0.13982178,0.86017823,1
0.59437853,0.40562144,0
0.46371767,0.5362823,0
0.07781605,0.922184,1
0.7912964,0.20870352,0
0.7135575,0.28644255,0
0.64293903,0.35706094,0
0.30921245,0.69078755,1
0.6098809,0.39011914,0
0.6617612,0.33823878,0
0.53774005,0.46225998,0
0.49676195,0.5032381,0
0.36991626,0.6300838,1
0.68416137,0.3158386,0
0.6508769,0.3491231,0
0.77184045,0.22815958,0
0.7801329,0.2198671,0
0.79054326,0.20945668,0
0.49688196,0.50311804,0
0.26688188,0.7331181,1
0.49010223,0.5098977,0
0.59681857,0.4031814,0
0.24518219,0.7548178,1
0.62632376,0.3736762,0
0.18102895,0.81897104,1
0.7346622,0.26533785,0
0.76781934,0.23218071,0
0.7407359,0.25926408,0
0.2696016,0.7303984,1
0.102405585,0.89759445,1
0.09430325,0.9056968,1
0.09288703,0.90711296,1
0.07651207,0.92348796,1
0.1585547,0.8414453,1
0.20149663,0.79850334,1
0.6093572,0.39064282,0
0.52040935,0.4795907,0
0.53075594,0.46924403,0
0.24491915,0.7550808,1
0.10894561,0.8910544,1
0.13285111,0.8671488,1
0.8867899,0.11321002,0
0.7403228,0.2596772,0
0.47890854,0.52109146,1
0.28242812,0.7175719,1
0.2395046,0.7604954,1
0.053563975,0.94643605,1
0.00955893,0.9904411,1
0.15251458,0.8474854,1
0.6591183,0.34088168,0
0.22272582,0.7772742,1
0.73776084,0.2622392,0
0.7889931,0.21100692,0
0.4180865,0.58191353,0
0.54203755,0.45796245,0
0.3178072,0.6821928,0
0.29041508,0.70958495,1
0.2514248,0.7485752,1
0.40484077,0.5951592,1
0.62546057,0.37453946,0
0.63217586,0.3678242,0
0.6417708,0.35822925,0
0.34746656,0.6525335,1
0.36148226,0.6385177,1
0.5033629,0.49663714,0
0.55047005,0.44952992,0
0.5735129,0.42648703,0
0.61904305,0.3809569,0
0.5972851,0.4027149,0
0.15471779,0.84528226,1
0.3860378,0.61396223,1
0.6656651,0.33433494,1
0.6300202,0.36997986,0
0.41542357,0.58457637,1
0.626521,0.373479,1
0.6905709,0.3094291,1
0.7206584,0.2793416,0
0.07125877,0.9287412,1
0.45265943,0.54734063,0
0.5725115,0.4274885,0
0.59130496,0.4086951,0
0.5034677,0.49653232,1
0.6505095,0.34949052,0
0.24776733,0.75223273,1
0.20002003,0.79998,1
0.2241756,0.7758244,1
0.4180968,0.58190316,0
0.18881592,0.8111841,1
0.19238602,0.80761397,1
0.22039628,0.7796037,1
0.31064314,0.6893568,1
0.5897113,0.41028866,0
0.6317415,0.3682585,0
0.484081,0.51591897,0
0.11828744,0.88171256,1
0.09002977,0.9099702,1
0.074823305,0.92517674,1
0.080532,0.919468,1
0.12640208,0.8735979,1
0.09002395,0.90997607,1
0.16227412,0.8377259,1
0.6068529,0.39314714,0
0.74987036,0.2501296,0
0.92671853,0.073281504,0
0.9400748,0.059925206,0
0.77934545,0.22065452,0
0.5303528,0.46964723,0
0.2960133,0.7039867,1
0.030847274,0.96915275,1
0.08450388,0.91549605,1
0.07629459,0.92370534,1
0.051908273,0.9480917,1
0.027292537,0.9727075,1
0.025663363,0.9743367,1
0.0287224,0.9712776,1
0.15794061,0.8420594,1
0.13660742,0.86339253,1
0.14305775,0.8569423,1
0.14184183,0.85815823,1
0.105747916,0.8942521,1
0.58514345,0.41485658,0
0.5808511,0.41914895,0
0.5601741,0.43982586,0
0.71230274,0.28769723,0
0.71984583,0.28015423,0
0.8098697,0.19013031,0
0.12959589,0.87040406,1
0.2032082,0.7967918,0
0.013601202,0.9863988,1
0.5431819,0.45681816,0
0.015261688,0.98473835,1
0.17260332,0.82739663,0
0.48102114,0.5189789,0
0.48906973,0.51093024,0
0.23234695,0.767653,0
0.020310273,0.9796897,1
0.056382116,0.9436179,0
0.11284146,0.8871585,0
0.16927107,0.83072895,0
0.1597128,0.8402872,0
0.17370977,0.8262903,0
0.02368634,0.97631365,1
0.004818795,0.99518114,1
0.028935712,0.9710643,0
0.051874775,0.94812524,0
0.019803645,0.9801964,1
0.024227126,0.97577286,1
0.21492678,0.7850732,0
0.54353654,0.4564635,0
0.4445475,0.55545247,0
0.31868327,0.6813168,0
0.078380734,0.92161924,1
0.12335329,0.87664676,0
0.5498728,0.45012712,0
0.23842223,0.7615777,0
0.58431095,0.41568908,0
0.3861318,0.61386824,0
0.3287345,0.67126554,0
0.46222064,0.5377794,0
0.21517877,0.7848212,1
0.4909803,0.5090196,0
0.56721807,0.4327819,0
0.124088064,0.87591195,1
0.8741897,0.12581034,0
0.9111005,0.088899516,0
0.054556638,0.9454434,1
0.06994744,0.9300525,1
0.38474423,0.6152558,0
0.045318756,0.9546812,1
0.37495816,0.62504184,1
0.27038306,0.72961694,1
0.44923684,0.5507632,1
0.5766184,0.4233816,1
0.81349015,0.18650988,0
0.34530297,0.654697,0
0.097491845,0.9025082,1
0.09734646,0.9026536,1
0.09861416,0.9013858,1
0.009490293,0.99050975,1
0.012197063,0.9878029,1
0.011997748,0.9880022,1
0.04494378,0.9550562,1
0.29852167,0.70147836,0
0.7070006,0.29299942,0
0.797275,0.20272498,0
0.8315318,0.16846816,0
0.42118627,0.57881373,0
0.3914887,0.60851127,0
0.15962352,0.8403765,1
0.012708245,0.9872917,1
0.76742077,0.23257925,0
0.18429264,0.8157073,1
0.16109182,0.8389082,1
0.2436942,0.7563058,0
0.583385,0.41661504,0
0.6318137,0.36818624,0
0.61322063,0.38677937,0
0.74363005,0.25636992,0
0.7806544,0.21934563,0
0.8514864,0.14851359,0
0.26837742,0.73162264,1
0.43413213,0.56586784,0
0.3512549,0.64874506,1
0.5804606,0.41953942,0
0.6970996,0.30290037,0
0.77827317,0.22172679,0
0.23398486,0.7660151,1
0.78259856,0.21740144,0
0.5566,0.44340003,0
0.03134873,0.96865124,1
0.0077356007,0.9922644,1
1.7798523e-06,0.9999982,1
0.0050042975,0.9949957,1
0.7299886,0.27001148,0
0.3495016,0.6504984,0
0.10845017,0.8915499,0
0.010361499,0.98963845,1
0.018021306,0.9819787,1
0.017445525,0.9825545,1
0.025314776,0.97468525,1
0.10185597,0.89814407,0
0.4765188,0.5234812,0
0.12689309,0.87310696,1
0.74912095,0.25087902,0
0.79089206,0.20910786,0
0.85049003,0.14950997,0
0.041121162,0.9588789,1
0.03990493,0.9600951,1
0.03564421,0.96435577,1
0.1526971,0.8473029,1
0.13019875,0.8698013,1
0.5854758,0.41452423,0
0.8634456,0.13655438,0
0.053917833,0.9460822,1
0.13249604,0.86750394,1
0.07877509,0.92122495,1
0.15791667,0.8420833,1
0.53353304,0.4664669,0
0.6009593,0.39904073,0
0.26150852,0.7384915,1
0.74535817,0.2546418,0
0.64017403,0.35982597,0
0.22649306,0.7735069,1
0.25361803,0.746382,1
0.2652425,0.73475754,1
0.5818194,0.41818064,0
0.71846265,0.28153738,0
0.3854635,0.61453646,1
0.070602015,0.929398,1
0.2447278,0.7552722,1
0.47204137,0.5279587,1
0.7421013,0.25789872,0
0.27413097,0.72586906,1
0.81873715,0.18126285,0
0.12024668,0.8797533,1
0.08506274,0.91493726,1
0.26939556,0.7306044,1
0.080977514,0.91902256,1
0.6912049,0.30879506,0
0.7843061,0.21569386,0
0.80929536,0.19070466,0
0.20783296,0.792167,1
0.7450658,0.2549342,0
0.08826554,0.91173446,1
0.21538956,0.7846104,1
0.09533656,0.9046635,1
0.108981505,0.8910185,1
0.11398661,0.8860134,1
0.2178916,0.78210837,1
0.17216381,0.82783616,1
0.76151276,0.23848723,0
0.8615419,0.13845806,0
0.85329634,0.14670368,0
0.051354542,0.9486455,1
0.031060433,0.9689396,1
0.037001573,0.96299845,1
0.09685928,0.9031408,1
0.09888989,0.9011101,1
0.18838419,0.8116158,0
0.06629207,0.93370795,1
0.06518965,0.9348104,1
0.67423147,0.32576853,0
0.9550951,0.044904843,0
0.045428697,0.95457125,1
0.08153018,0.9184698,1
0.037159026,0.96284103,1
0.9070711,0.09292888,0
0.5524405,0.4475595,0
0.25702706,0.742973,0
0.025735224,0.9742648,1
0.021755503,0.9782445,1
0.032337632,0.9676624,1
0.031819507,0.9681805,1
0.009745137,0.9902548,1
0.056309935,0.94369006,1
0.11016433,0.88983566,1
0.35953468,0.64046526,1
0.8375052,0.16249484,0
0.78474545,0.21525456,0
0.6864488,0.3135511,0
0.14889894,0.8511011,0
0.01475128,0.98524874,1
0.016251886,0.9837481,1
0.01474771,0.98525226,1
0.039583642,0.9604164,0
0.012687395,0.9873126,1
0.23413095,0.765869,0
0.76401645,0.23598352,0
0.055222467,0.94477755,1
0.08942563,0.9105744,1
0.10340246,0.89659756,1
0.0688624,0.93113756,1
0.1933643,0.8066357,0
0.088794835,0.91120523,1
0.15745035,0.8425496,1
0.191479,0.808521,1
0.08764077,0.9123592,1
0.7006629,0.29933712,0
0.80264467,0.19735533,0
0.043619674,0.95638037,1
0.07505684,0.92494315,1
0.06940743,0.93059254,1
0.11635872,0.88364124,1
0.44627708,0.5537229,0
0.71019447,0.28980556,0
0.6825919,0.31740808,0
0.16023408,0.8397659,1
0.76110363,0.23889636,0
0.86609375,0.1339063,0
0.25716797,0.742832,1
0.6613555,0.33864447,0
0.5747964,0.4252036,0
0.5837647,0.4162353,0
0.5425547,0.45744535,1
0.6898697,0.3101303,0
0.3259693,0.67403066,1
0.6996789,0.30032107,0
0.7664602,0.23353983,0
0.7945755,0.20542449,0
0.87558776,0.12441221,0
0.9562565,0.04374352,0
0.8899883,0.11001167,0
0.53929484,0.46070516,0
0.529283,0.47071698,0
0.15647785,0.84352213,1
0.3238714,0.6761286,1
0.53029186,0.46970823,0
0.602994,0.39700598,0
0.71203244,0.2879675,0
0.62771684,0.3722832,0
0.70199734,0.29800263,0
0.09224148,0.9077585,1
0.9821748,0.017825121,0
0.354447,0.645553,1
0.20892154,0.79107845,1
0.124961965,0.875038,1
0.031416755,0.9685832,1
0.029526783,0.9704732,1
0.36460957,0.63539046,1
0.2583698,0.7416302,1
0.04951287,0.95048714,1
0.18852848,0.8114715,1
0.21354336,0.7864567,1
0.64128125,0.35871878,0
0.83200085,0.1679991,0
0.9442862,0.055713844,0
0.43623146,0.56376857,0
0.54412526,0.4558748,0
0.56476045,0.43523955,0
0.48871955,0.51128054,0
0.027769476,0.9722305,1
0.16522746,0.8347726,1
0.5064862,0.49351382,0
0.84091693,0.15908305,0
0.1319857,0.8680143,1
0.04610253,0.9538975,1
0.07365934,0.9263407,1
0.20393492,0.79606515,1
0.4899741,0.510026,0
0.036562942,0.9634371,1
0.79858685,0.20141312,0
0.15784945,0.84215057,1
0.081087485,0.91891253,1
0.7828725,0.21712747,0
0.06700544,0.93299454,1
0.061750107,0.9382499,1
0.17380376,0.8261963,0
0.7171267,0.28287324,0
0.19328538,0.8067146,0
0.060910124,0.93908983,0
0.10698903,0.8930109,0
0.32642773,0.6735723,0
0.65952486,0.34047517,0
0.07378333,0.92621666,0
0.07064005,0.9293599,1
0.07547706,0.92452294,1
0.07288155,0.9271185,1
0.05045241,0.9495476,1
0.061272472,0.9387275,1
0.09897307,0.90102696,1
0.34622374,0.6537762,1
0.7367616,0.26323837,0
0.61903703,0.38096297,0
0.6039496,0.39605042,0
0.5735407,0.42645928,0
0.5613395,0.43866053,0
0.118813924,0.8811861,1
0.6533769,0.34662306,0
0.0995446,0.90045536,1
0.74498963,0.25501037,0
0.8356632,0.16433676,0
0.86934805,0.13065197,0
0.5542784,0.44572163,0
0.2985429,0.70145714,1
0.046258926,0.95374113,1
0.7258039,0.2741961,0
0.47898567,0.52101433,0
0.66111314,0.33888692,0
0.25821316,0.74178684,0
0.1580977,0.84190226,1
0.10646195,0.8935381,1
0.08507369,0.9149263,1
0.10407587,0.8959242,1
0.037811015,0.96218896,1
0.2171768,0.7828232,1
0.6454042,0.35459575,0
0.93229216,0.067707814,0
0.9226051,0.07739485,0
0.067228585,0.9327714,1
0.06190204,0.93809795,1
0.20009892,0.7999011,1
0.6466251,0.35337493,0
0.29499424,0.7050057,1
0.23497601,0.76502395,1
0.33566782,0.6643322,1
0.31804228,0.6819577,1
0.39703006,0.60296994,1
0.95748955,0.04251041,0
0.1820338,0.81796616,1
0.17619255,0.8238075,1
0.28876904,0.711231,1
0.07697896,0.923021,1
0.25474802,0.74525195,1
0.29133025,0.7086697,1
0.7150581,0.28494197,1
0.13257478,0.8674252,1
0.28087854,0.71912146,1
0.40259597,0.597404,1
0.42451623,0.57548386,1
0.6688476,0.33115238,0
0.7637463,0.23625362,0
0.6821338,0.31786618,0
0.31413066,0.68586934,1
0.8228585,0.17714147,0
0.24594244,0.7540575,1
0.3593674,0.6406326,0
0.59796643,0.4020336,0
0.24878745,0.75121254,1
0.34306937,0.65693057,1
0.7465712,0.2534288,0
0.7063834,0.2936166,0
0.59246826,0.40753165,0
0.7076247,0.29237533,0
0.6963188,0.30368125,0
0.5342013,0.46579865,1
0.764524,0.23547599,0
0.1665135,0.8334865,1
0.038595345,0.96140474,1
0.49907896,0.500921,1
0.7359907,0.26400927,0
0.75038016,0.24961987,0
0.7287843,0.27121565,0
0.3575414,0.6424586,1
0.73053503,0.26946494,0
0.7942399,0.20576015,0
0.8116751,0.18832502,0
0.3257151,0.67428493,1
0.31265306,0.687347,1
0.8989533,0.10104673,0
0.57806987,0.4219301,1
0.24453202,0.755468,1
0.020222912,0.97977704,1
0.4216226,0.57837737,1
0.40321732,0.5967827,1
0.0627683,0.9372317,1
0.6648072,0.3351928,0
0.55185264,0.44814733,0
0.43458712,0.5654129,0
0.8837542,0.11624584,0
0.9319687,0.06803136,0
0.95126873,0.04873132,0
0.5018855,0.49811453,0
0.23198812,0.76801187,0
0.026280412,0.9737196,1
0.06224378,0.9377562,1
0.43213588,0.5678641,0
0.72546935,0.27453065,0
0.23159382,0.76840615,1
0.5144669,0.4855331,0
0.6967937,0.3032063,0
0.05051602,0.94948393,1
0.07732515,0.92267483,1
0.07312069,0.9268793,1
0.11410807,0.8858919,1
0.123247474,0.87675256,1
0.23913649,0.7608635,1
0.009789523,0.99021053,1
0.080080226,0.9199198,1
0.5148632,0.48513678,0
0.15212868,0.8478713,1
0.627456,0.372544,0
0.9012808,0.09871921,0
0.9548567,0.04514331,0
0.6441875,0.35581246,0
0.58599997,0.41400006,0
0.5076693,0.49233064,0
0.32659727,0.6734027,1
0.41507384,0.5849262,0
0.13055612,0.86944395,1
0.14411868,0.8558814,1
0.45634606,0.5436539,1
0.016925858,0.9830741,1
0.013023737,0.9869762,1
0.018909143,0.9810908,1
0.032387864,0.96761215,1
0.027493987,0.972506,1
0.10379049,0.89620954,1
0.069024965,0.930975,1
0.12875187,0.8712481,1
0.54199475,0.4580052,0
0.7970647,0.20293528,0
0.09419903,0.90580094,1
0.09889433,0.90110564,1
0.655185,0.34481502,0
0.029737698,0.9702622,1
0.06418159,0.93581843,1
0.16367099,0.836329,1
0.27976277,0.7202372,0
0.28241503,0.71758497,0
0.22464074,0.7753593,0
0.89380217,0.10619783,0
0.12399093,0.876009,1
0.096293874,0.90370613,1
0.75910896,0.24089108,0
0.77140796,0.22859207,0
0.021767147,0.97823286,1
0.8325851,0.16741484,0
0.64164484,0.3583551,1
0.90973705,0.09026299,0
0.059092507,0.9409075,1
0.08636925,0.91363066,1
0.08572466,0.91427535,1
0.76398313,0.23601688,0
0.7758295,0.22417049,0
0.77232075,0.22767922,0
0.12735122,0.8726488,1
0.794671,0.20532903,0
0.08447066,0.9155293,1
0.13374925,0.8662508,1
0.7727229,0.2272771,0
0.82840306,0.17159696,0
0.85804355,0.14195642,0
0.08051855,0.9194815,1
0.08341091,0.91658914,1
0.06833755,0.9316625,1
0.068924405,0.93107563,1
0.09378859,0.90621144,1
0.6767349,0.32326505,0
0.1149387,0.8850614,1
0.5783389,0.4216611,0
0.34041128,0.65958875,1
0.858965,0.14103505,0
0.96363497,0.036365,0
0.91006404,0.08993596,0
0.13030134,0.86969864,1
0.086242504,0.9137575,1
0.52006346,0.4799365,1
0.6911032,0.30889678,0
0.93029463,0.06970532,0
0.9656843,0.03431573,0
0.5228971,0.47710288,0
0.48483363,0.51516634,0
0.41635668,0.5836433,0
0.5172923,0.48270762,1
0.39101395,0.608986,1
0.36327225,0.63672775,1
0.3360624,0.6639376,0
0.66871494,0.3312851,0
0.6643822,0.33561784,0
0.94844186,0.05155807,0
0.5308287,0.4691713,1
0.107459426,0.8925406,1
0.12402828,0.8759717,1
0.027108751,0.9728913,1
0.2781351,0.7218648,1
0.7711399,0.22886007,0
0.76084447,0.2391555,0
0.18915012,0.81084985,1
0.2547079,0.74529207,1
0.74785507,0.252145,0
0.8665613,0.13343869,0
0.8795196,0.12048044,0
0.85058725,0.14941277,0
0.80393684,0.19606318,0
0.03127454,0.96872544,1
0.018147008,0.98185295,1
0.01792588,0.98207414,1
0.025387729,0.9746123,1
0.043886945,0.95611304,1
0.07714623,0.92285377,1
0.06338053,0.9366195,1
0.40476587,0.5952341,0
0.42319137,0.57680863,0
0.037098695,0.96290123,0
0.052303344,0.9476966,0
0.055889424,0.9441105,0
0.10156268,0.8984373,0
0.14882067,0.8511793,0
0.1503361,0.8496639,1
0.6013049,0.3986951,0
0.12491324,0.8750868,1
0.18107055,0.81892943,1
0.337655,0.662345,0
0.88607305,0.11392691,0
0.04438431,0.95561576,1
0.049382992,0.9506171,1
0.033271316,0.9667286,1
0.4567999,0.54320014,0
0.7445368,0.25546318,0
0.7834771,0.21652292,0
0.120042674,0.87995726,1
0.14095889,0.85904115,1
0.81883544,0.18116455,0
0.27027756,0.7297225,1
0.69834846,0.30165148,0
0.23569722,0.76430273,1
0.67594856,0.32405144,0
0.6948012,0.3051988,0
0.6969321,0.30306795,0
0.30447206,0.6955279,1
0.6898355,0.31016454,0
0.9434767,0.056523282,0
0.9839955,0.016004467,0
0.95139503,0.048604947,0
0.14706467,0.8529353,1
0.1585297,0.8414703,1
0.14708446,0.85291547,1
0.6863587,0.31364128,0
0.058566377,0.94143367,1
0.120880224,0.87911975,1
0.13744369,0.86255634,1
0.19556734,0.8044327,1
0.95402116,0.045978863,0
0.8924069,0.10759309,0
0.5361642,0.46383575,0
0.16556591,0.83443415,1
0.14129393,0.858706,1
0.3160508,0.6839492,0
0.039404385,0.96059567,1
0.7839731,0.21602683,0
0.82215536,0.17784464,0
0.8344049,0.16559508,0
0.8665552,0.13344483,0
0.9410239,0.058976077,0
0.9439459,0.056054104,0
0.94744223,0.05255778,0
0.44056883,0.55943114,1
0.36267263,0.6373274,1
0.2850957,0.71490425,1
0.0116930865,0.98830694,1
0.15305798,0.846942,1
0.96596307,0.03403692,0
0.84445363,0.15554641,0
0.123167574,0.8768325,1
0.05401889,0.94598114,1
0.07604804,0.923952,1
0.08356671,0.91643333,1
0.14128226,0.8587178,1
0.82142055,0.17857946,0
0.7575505,0.24244948,0
0.66017336,0.33982655,0
0.74642617,0.25357386,0
0.96275806,0.037241977,0
0.9682371,0.031762913,0
0.9637304,0.03626962,0
0.8518357,0.14816426,0
0.5743477,0.42565233,0
0.14416006,0.85583997,1
0.78108984,0.21891013,0
0.65852356,0.34147635,1
0.5727436,0.42725638,1
0.07150558,0.9284944,1
0.7141432,0.2858568,0
0.10452328,0.8954767,1
0.77340126,0.2265987,0
0.82051533,0.17948472,0
0.66599995,0.33399996,0
0.64324147,0.3567585,0
0.23508973,0.7649103,1
0.677686,0.32231402,0
0.6959854,0.3040146,0
0.34193447,0.6580655,1
0.6963128,0.30368727,0
0.7330044,0.26699564,0
0.35295355,0.64704645,1
0.9690383,0.030961663,0
0.9799549,0.020045057,0
0.9831729,0.016827077,0
0.7356788,0.2643213,0
0.78059024,0.21940978,0
0.6609201,0.33907995,0
0.6518734,0.34812665,0
0.9704305,0.029569527,0
0.97902167,0.02097836,0
0.9742842,0.025715852,0
0.6377285,0.36227146,0
0.5161532,0.48384675,1
0.42221835,0.5777817,1
0.45102888,0.5489711,0
0.6786681,0.32133195,1
0.73736596,0.262634,1
0.928208,0.07179208,1
0.91754097,0.082459085,1
0.9090642,0.090935804,0
0.6169567,0.3830433,1
0.46527585,0.5347241,1
0.081909984,0.91809005,1
0.19875549,0.80124456,1
0.4492234,0.5507766,1
0.72778344,0.27221662,0
0.68850887,0.31149116,0
0.68488,0.31511992,0
0.8731282,0.1268718,0
0.5354294,0.46457058,1
0.6886828,0.3113172,0
0.07621754,0.92378247,1
0.08562923,0.9143707,1
0.03898136,0.9610187,1
0.09494854,0.90505147,1
0.62886137,0.3711387,0
0.9824541,0.017545817,0
0.97979385,0.020206127,0
0.6990811,0.30091885,0
0.648441,0.35155898,0
0.1510807,0.84891933,1
0.76282585,0.23717415,0
0.7441693,0.25583073,0
0.71066356,0.2893364,0
0.27331483,0.72668517,1
0.728631,0.271369,0
0.94500405,0.054996,0
0.96460986,0.035390116,0
0.9273989,0.07260106,0
0.007603274,0.99239665,1
0.0072704377,0.9927295,1
0.008917185,0.9910828,1
0.015641741,0.9843583,1
0.70211613,0.2978839,0
0.73954535,0.26045468,0
0.6720976,0.32790238,0
0.012615495,0.98738444,1
0.2247603,0.77523977,0
0.68150425,0.31849572,0
0.66504145,0.33495855,0
0.6547424,0.3452576,0
0.6703741,0.3296259,0
0.6299345,0.37006548,0
0.9678867,0.032113284,0
0.96524584,0.034754116,0
0.5607638,0.43923616,0
0.57327425,0.42672575,0
0.56903875,0.43096116,0
0.6519069,0.34809306,0
0.6863731,0.31362683,0
0.53651166,0.46348837,1
0.9833958,0.01660419,0
0.9237455,0.07625452,0
0.6223791,0.3776209,0
0.59171486,0.40828508,0
0.5752932,0.42470685,1
0.66543275,0.33456725,1
0.5881837,0.41181627,1
0.5586359,0.44136414,0
0.83585674,0.16414332,0
0.9318725,0.06812757,0
0.9840217,0.015978236,0
0.5880624,0.41193762,1
0.7258283,0.27417174,1
0.063709535,0.93629044,1
0.069562666,0.9304373,1
0.65599537,0.34400466,1
0.69516283,0.3048371,0
0.59950906,0.40049097,1
0.7158285,0.28417152,1
0.8732439,0.12675613,0
0.90569884,0.09430117,0
0.005699913,0.9943001,1
0.0252601,0.9747399,1
0.0042593554,0.99574065,1
0.38802934,0.61197066,0
0.2519176,0.7480824,1
0.69100994,0.30899006,0
0.8111658,0.18883413,0
0.8786759,0.12132407,0
0.93683916,0.06316076,0
0.093006946,0.90699303,1
0.095753334,0.9042467,1
0.13699245,0.8630076,1
0.45495144,0.54504865,1
0.024096407,0.97590363,1
0.13792497,0.86207503,1
0.47195137,0.52804863,1
0.6909352,0.30906487,0
0.8491118,0.15088823,0
0.880228,0.11977203,0
0.62648904,0.37351093,0
0.13971774,0.86028224,1
0.08783834,0.91216165,1
0.3582332,0.6417668,0
0.36832258,0.63167745,1
0.6584546,0.34154543,0
0.008980004,0.99102,1
0.011217931,0.9887821,1
0.52451414,0.47548586,0
0.15248413,0.8475159,1
0.94911665,0.050883356,0
0.9264955,0.07350449,0
0.7249919,0.2750081,0
0.024804562,0.97519547,1
0.01657366,0.98342633,1
0.042719293,0.95728076,1
0.1535447,0.8464554,1
0.12531646,0.87468356,0
0.030709906,0.96929014,1
0.38696417,0.6130358,0
0.5385447,0.46145526,0
0.8995266,0.10047345,0
0.04022592,0.9597741,1
0.10502192,0.89497805,1
0.0806084,0.9193916,1
0.31476334,0.6852367,0
0.3178997,0.68210024,0
0.011719281,0.9882808,1
0.18749559,0.8125045,1
0.93999505,0.060004886,0
0.93249017,0.067509785,0
0.21042913,0.78957087,0
0.43835625,0.5616437,0
0.56566423,0.43433574,0
0.5272954,0.47270456,0
0.5623473,0.43765268,0
0.10622915,0.8937709,1
0.052058462,0.9479416,1
0.20639446,0.7936055,1
0.8566565,0.14334358,0
0.044161376,0.9558386,1
0.04947171,0.95052826,1
0.033770457,0.96622956,1
0.19151166,0.8084883,0
0.1696179,0.8303821,0
0.34432736,0.65567267,0
0.84446126,0.15553872,0
0.36763862,0.63236135,0
0.25647286,0.7435272,0
0.045801047,0.95419896,0
0.044554688,0.9554453,0
0.05648795,0.943512,1
0.043816153,0.9561839,0
0.021039981,0.9789601,1
0.019624284,0.98037565,1
0.3210128,0.67898715,0
0.38714775,0.6128522,0
0.38286006,0.61713994,0
0.69823676,0.3017633,0
0.6597721,0.3402279,0
0.51396626,0.48603368,0
0.81305206,0.1869479,0
0.795702,0.20429802,0
0.7875224,0.21247765,0
0.46147203,0.53852797,1
0.4261361,0.57386386,1
0.6945392,0.30546084,1
0.83825225,0.16174778,0
0.57144105,0.428559,1
0.3144192,0.6855808,1
0.3400041,0.659996,1
0.38949156,0.61050844,1
0.28849015,0.7115099,1
0.935486,0.064514,0
0.94982934,0.05017067,0
0.044744827,0.9552552,1
0.033640653,0.9663594,1
0.16513427,0.8348657,1
0.21563934,0.78436065,1
0.25668725,0.7433127,1
0.21240568,0.7875943,1
0.31901944,0.6809806,1
0.32299253,0.67700756,1
0.60828537,0.39171466,0
0.838489,0.16151103,0
0.13845323,0.8615468,1
0.6600543,0.33994567,0
0.6205596,0.37944043,0
0.36997285,0.6300271,1
0.5171205,0.48287952,1
0.24121223,0.75878775,1
0.64344513,0.35655484,0
0.85381156,0.14618842,0
0.96429026,0.035709664,0
0.9699823,0.030017674,0
0.90697193,0.093028046,0
0.5149655,0.48503456,0
0.48570278,0.51429725,0
0.52199423,0.47800577,0
0.5252307,0.47476923,0
0.49614945,0.5038505,1
0.38300586,0.61699414,0
0.82551354,0.17448647,0
0.9465881,0.0534119,0
0.8483249,0.15167512,0
0.06666428,0.9333358,1
0.06828274,0.9317172,1
0.06838705,0.9316129,1
0.07460276,0.9253973,1
0.0630824,0.93691754,1
0.08456977,0.91543025,1
0.85463834,0.14536166,0
0.8996594,0.10034052,0
0.51528126,0.48471874,0
0.046206903,0.95379305,1
0.31093717,0.68906283,1
0.7050974,0.2949026,0
0.36563334,0.6343667,1
0.57507336,0.42492664,1
0.51463205,0.48536798,1
0.79053164,0.20946832,0
0.80976105,0.19023888,0
0.63062954,0.36937037,0
0.6070497,0.3929503,0
0.6707183,0.32928172,0
0.6718781,0.3281219,0
0.7514725,0.24852757,0
0.77020943,0.22979063,0
0.72385615,0.27614385,0
0.44116506,0.55883497,1
0.78756166,0.21243834,0
0.80397475,0.19602522,0
0.7778646,0.22213548,1
0.7972495,0.2027505,0
0.9297059,0.07029411,0
0.84444785,0.15555216,0
0.65481365,0.3451864,1
0.7243611,0.27563888,0
0.7368926,0.2631075,0
0.7475593,0.2524407,0
0.7651258,0.23487425,0
0.2791587,0.7208413,1
0.95417106,0.045829024,0
0.5741479,0.42585218,1
0.01260548,0.9873946,1
0.017183134,0.9828168,1
0.059872136,0.9401279,1
0.18371823,0.8162818,1
0.7569585,0.24304155,0
0.77265507,0.22734487,0
0.7546439,0.24535613,0
0.48030373,0.5196963,1
0.6698324,0.33016756,0
0.98785365,0.012146421,0
0.98799384,0.012006197,0
0.6507387,0.34926128,0
0.58105,0.41895,0
0.66309035,0.33690968,1
0.65513563,0.34486434,0
0.671056,0.3289441,0
0.6809304,0.31906962,0
0.66863614,0.33136386,1
0.7556854,0.24431458,1
0.8695114,0.13048853,1
0.904943,0.095057055,1
0.97318935,0.02681067,0
0.7810751,0.21892485,0
0.5212415,0.47875854,1
0.5407763,0.45922363,1
0.5850022,0.41499788,0
0.60003996,0.39996,1
0.5875551,0.4124449,1
0.57959384,0.42040613,0
0.53964704,0.46035293,0
0.50380254,0.49619746,1
0.36787108,0.6321289,0
0.8748483,0.12515171,1
0.903051,0.096948944,1
0.9453537,0.054646358,0
0.07374413,0.9262558,1
0.261556,0.73844403,1
0.21406128,0.7859387,1
0.23968577,0.7603142,1
0.8051082,0.19489187,0
0.7978624,0.20213762,0
0.826777,0.173223,0
0.89434004,0.10566002,0
0.9088386,0.091161355,0
0.35564628,0.64435375,1
0.28112048,0.7188795,1
0.17572705,0.8242729,1
0.37353873,0.62646127,1
0.6224004,0.37759957,0
0.6498471,0.35015288,0
0.65447336,0.34552655,0
0.8033928,0.19660711,0
0.75023663,0.2497634,0
0.34538534,0.6546147,1
0.27505258,0.7249474,1
0.77230537,0.22769466,0
0.009722445,0.99027747,1
0.4646031,0.5353969,0
0.60195845,0.39804155,0
0.6371452,0.36285484,0
0.7703009,0.2296991,0
0.7921173,0.20788272,0
0.8004971,0.19950287,0
0.80823314,0.19176683,0
0.11596062,0.88403934,1
0.081516266,0.9184838,1
0.7052005,0.29479957,0
0.71550524,0.28449473,0
0.053632934,0.9463671,1
0.75398207,0.2460179,0
0.8073602,0.19263975,0
0.3202277,0.67977226,1
0.9017985,0.09820152,0
0.94654226,0.053457722,0
0.37837,0.6216301,1
0.08920454,0.91079545,1
0.7137787,0.28622136,0
0.71239233,0.2876076,0
0.66927046,0.33072954,0
0.67656296,0.32343706,0
0.9588643,0.041135672,0
0.9655027,0.034497306,0
0.3877459,0.6122541,1
0.14419633,0.85580367,1
0.5694895,0.43051052,1
0.64763695,0.35236305,0
0.7075658,0.29243416,0
0.68261355,0.31738648,0
0.7059782,0.29402182,0
0.79201746,0.20798254,0
0.8821651,0.117834955,0
0.9501393,0.04986066,0
0.8598544,0.14014557,0
0.7405361,0.2594639,0
0.6457234,0.35427663,0
0.57037514,0.42962477,0
0.52443206,0.47556797,0
0.5146461,0.48535392,0
0.62499774,0.37500226,0
0.51526606,0.48473397,0
0.31686816,0.6831319,1
0.13789997,0.86210006,1
0.37473163,0.6252684,1
0.69765,0.30234998,0
0.8436551,0.15634486,1
0.8748358,0.12516424,1
0.91891754,0.08108243,0
0.83790493,0.16209507,1
0.63894635,0.36105368,1
0.63939583,0.36060417,0
0.64970773,0.3502923,0
0.5886794,0.41132063,0
0.6452558,0.35474426,0
0.5790701,0.4209299,0
0.5819512,0.41804883,1
0.6368128,0.36318716,1
0.66611993,0.33388004,0
0.8492825,0.15071744,0
0.5589493,0.44105068,0
0.6241186,0.37588137,0
0.597371,0.40262908,0
0.59869945,0.4013005,0
0.6061838,0.3938161,0
0.57398427,0.4260158,0
0.5842298,0.41577017,0
0.64781326,0.3521867,0
0.066718295,0.9332818,1
0.68921554,0.31078446,1
0.70578086,0.29421908,1
0.054187953,0.9458121,1
0.024216149,0.9757839,1
0.8216742,0.17832574,0
0.72167397,0.27832606,0
0.34664735,0.6533527,1
0.760526,0.23947394,0
0.7602386,0.23976144,0
0.05254947,0.9474506,1
0.65982723,0.34017277,0
0.5343439,0.46565607,1
0.63216263,0.36783734,0
0.6381481,0.3618518,0
0.75118196,0.24881802,0
0.7427914,0.25720853,0
0.74126667,0.25873336,0
0.72570574,0.27429432,0
0.76180035,0.23819965,0
0.92002594,0.07997407,0
0.7563396,0.2436604,0
0.64008456,0.35991544,0
0.6534713,0.3465287,0
0.6367486,0.3632514,1
0.6865198,0.31348023,1
0.7164767,0.28352332,0
0.7384494,0.2615506,1
0.7569072,0.24309278,0
0.73999953,0.26000053,0
0.7154497,0.2845503,0
0.68952376,0.31047624,1
0.74631596,0.253684,1
0.78029346,0.21970652,1
0.9902159,0.009784144,0
0.19750318,0.80249685,1
0.5616002,0.43839976,0
0.66076,0.3392401,1
0.67732495,0.32267505,0
0.7007035,0.2992965,0
0.6728913,0.32710865,0
0.6026844,0.3973156,0
0.5329929,0.46700716,0
0.4995017,0.5004983,0
0.45349503,0.546505,1
0.5706335,0.42936656,0
0.5143219,0.48567802,1
0.4173922,0.58260787,1
0.41604868,0.58395135,1
0.772319,0.227681,1
0.9597415,0.040258553,0
0.9614994,0.03850067,0
0.6970958,0.3029042,1
0.70417356,0.2958264,1
0.7069909,0.29300913,0
0.7430364,0.25696364,0
0.62591493,0.3740851,0
0.23699681,0.7630032,1
0.5889215,0.4110785,1
0.70569474,0.2943053,0
0.5276844,0.4723156,1
0.6551066,0.3448934,0
0.18316415,0.8168359,1
0.37466606,0.62533396,1
0.61945474,0.3805452,1
0.76513624,0.23486379,0
0.7762417,0.22375831,0
0.019820081,0.9801799,1
0.020489465,0.9795106,1
0.077071376,0.92292863,1
0.8181716,0.18182835,0
0.62626773,0.37373224,0
0.78383,0.21617007,0
0.87788004,0.12211999,0
0.9376731,0.06232691,0
0.014827059,0.985173,1
0.013854224,0.9861458,1
0.01791811,0.98208195,1
0.15885663,0.8411433,1
0.8113057,0.18869427,0
0.70979536,0.2902046,0
0.8789511,0.12104892,0
0.9292898,0.07071021,0
0.67882055,0.32117945,0
0.048002325,0.95199776,1
0.025600433,0.97439957,1
0.2648666,0.73513347,1
0.72853154,0.2714685,0
0.7464628,0.25353718,0
0.73718554,0.2628145,0
0.9729661,0.02703393,0
0.85849345,0.14150657,0
0.64474654,0.35525346,0
0.5631942,0.43680578,1
0.5798589,0.42014104,0
0.6975928,0.3024072,0
0.6929847,0.3070153,0
0.6998875,0.30011246,0
0.6910495,0.30895048,0
0.73309857,0.26690143,0
0.6544183,0.34558168,1
0.7735504,0.2264496,0
0.8605026,0.13949741,0
0.8833608,0.11663922,0
0.9759019,0.02409802,0
0.71253115,0.28746882,0
0.5874374,0.41256258,1
0.48849326,0.5115068,1
0.9246002,0.075399786,0
0.6987472,0.30125272,1
0.6340969,0.36590308,1
0.2515615,0.7484385,1
0.40780368,0.5921962,1
0.7030754,0.29692456,1
0.74053496,0.2594651,1
0.71952283,0.28047714,0
0.7827503,0.21724975,0
0.8378938,0.16210622,0
0.030281724,0.9697183,1
0.084744036,0.9152559,1
0.106004804,0.89399517,1
0.7307647,0.2692353,0
0.7523122,0.24768783,0
0.78674537,0.21325463,0
0.7161863,0.28381374,0
0.87545186,0.12454809,0
0.027713185,0.9722868,1
0.021110505,0.97888947,1
0.32967776,0.6703223,1
0.59569156,0.4043085,1
0.74762213,0.2523779,0
0.76603955,0.2339604,0
0.7964786,0.20352134,0
0.20428608,0.7957139,1
0.54344875,0.45655125,1
0.8924638,0.1075362,0
0.6524351,0.3475649,0
0.6235483,0.3764517,0
0.46362016,0.5363798,1
0.77023363,0.22976635,0
0.7712413,0.22875866,0
0.70674956,0.2932504,0
0.16524382,0.83475614,1
0.6724491,0.3275508,0
0.93545526,0.064544715,0
0.5968081,0.40319186,1
0.2853325,0.7146675,1
0.30878434,0.69121563,1
0.7290404,0.2709596,0
0.72550523,0.2744947,0
0.9747191,0.025280913,0
0.9553168,0.044683255,0
0.17163011,0.8283699,1
0.3687699,0.6312301,1
0.5448874,0.45511255,1
0.6398806,0.36011946,0
0.6580885,0.34191146,0
0.6907693,0.3092307,0
0.69324434,0.30675563,0
0.7017234,0.29827663,0
0.712711,0.28728905,0
0.76313066,0.23686929,0
0.90987754,0.09012239,0
0.95357835,0.046421606,0
0.97583747,0.024162507,0
0.8856612,0.11433883,0
0.80529654,0.19470343,0
0.5765364,0.42346364,1
0.55165774,0.44834226,1
0.5907082,0.4092918,1
0.5044046,0.49559534,1
0.39144355,0.60855645,1
0.37471044,0.62528956,1
0.9335298,0.066470206,0
0.9644152,0.035584778,0
0.89340514,0.106594875,0
0.03312154,0.96687853,1
0.005154777,0.9948453,1
0.0053430535,0.9946569,1
0.005911629,0.9940884,1
0.016696496,0.9833034,1
0.014884645,0.98511535,1
0.017856982,0.982143,1
0.7810742,0.21892583,0
0.55961764,0.44038233,0
0.07661961,0.9233804,1
0.58533996,0.41466,0
0.9244664,0.07553363,0
0.9246393,0.07536066,0
0.5865591,0.41344085,0
0.044151038,0.955849,1
0.065282695,0.9347173,1
0.026893727,0.97310627,1
0.063998446,0.9360016,1
0.088368155,0.9116318,1
0.81809384,0.18190624,0
0.7910967,0.20890334,0
0.55211186,0.4478881,0
0.6363422,0.3636578,0
0.91284925,0.0871508,0
0.34467435,0.6553257,0
0.019612527,0.98038745,1
0.79607725,0.20392281,0
0.7168907,0.28310934,0
0.52464,0.47536,0
0.8476151,0.15238486,0
0.32190987,0.6780901,1
0.31727055,0.6827294,0
0.016298225,0.9837017,1
0.019391427,0.9806085,1
0.038091447,0.9619085,1
0.013356782,0.9866432,1
0.19350255,0.80649745,1
0.79129833,0.2087017,0
0.7849348,0.21506517,0
0.79762644,0.2023735,0
0.6737873,0.32621273,0
0.8658296,0.13417043,0
0.9326345,0.067365535,0
0.2885709,0.7114291,1
0.1256945,0.8743055,1
0.06188471,0.9381153,1
0.3015779,0.6984221,0
0.5858683,0.41413173,0
0.71152467,0.28847536,0
0.21339406,0.78660595,1
0.6706934,0.32930657,0
0.71754515,0.28245485,0
0.6350994,0.3649006,0
0.59560764,0.40439236,0
0.5893116,0.41068837,0
0.6008725,0.39912745,0
0.61382663,0.3861734,0
0.65260565,0.34739435,0
0.6965762,0.30342382,0
0.69749004,0.30251002,0
0.71726036,0.28273964,0
0.6612028,0.3387973,0
0.7688397,0.23116028,0
0.7791099,0.22089009,0
0.87479055,0.1252095,0
0.95108837,0.04891162,0
0.897956,0.10204401,0
0.5727519,0.42724815,1
0.5538459,0.44615418,1
0.5407286,0.45927134,1
0.36910185,0.6308982,1
0.85752535,0.14247465,1
0.94495547,0.05504446,0
0.23086096,0.76913905,1
0.03540938,0.96459067,1
0.3842928,0.6157072,1
0.17284554,0.8271544,1
0.14865951,0.85134053,1
0.10413572,0.8958643,1
0.17329955,0.82670045,1
0.083638586,0.91636145,1
0.77959836,0.22040157,0
0.1672216,0.83277845,1
0.6974762,0.30252373,0
0.10714445,0.8928555,1
0.10276246,0.8972376,1
0.28285915,0.71714085,1
0.69501746,0.30498245,0
0.3621841,0.6378159,1
0.8360344,0.16396561,0
0.6566103,0.34338966,0
0.055992424,0.9440076,1
0.17962624,0.8203738,1
0.016361685,0.9836383,1
0.018391594,0.98160845,1
0.013116277,0.9868837,1
0.77053154,0.22946848,0
0.78852385,0.21147612,0
0.61277544,0.38722458,0
0.7639316,0.23606844,0
0.874135,0.12586497,0
0.21411502,0.7858849,1
0.022369793,0.97763026,1
0.3452047,0.6547953,0
0.01758993,0.9824101,1
0.034797307,0.96520275,1
0.015810695,0.98418933,1
0.016113855,0.9838861,1
0.022055391,0.97794455,1
0.025525058,0.97447497,1
0.025090618,0.9749094,1
0.017034624,0.9829654,1
0.033616155,0.9663839,1
0.13372959,0.86627036,1
0.6571459,0.34285414,0
0.94450766,0.05549229,0
0.47185865,0.5281413,0
0.014774325,0.9852256,1
0.019907903,0.98009205,1
0.4782713,0.5217287,0
0.5807138,0.41928616,0
0.60212713,0.39787287,0
0.2806825,0.7193175,1
0.31676093,0.6832391,1
0.577157,0.422843,0
0.96725893,0.032741144,0
0.2339035,0.7660965,1
0.55224174,0.44775826,0
0.57304317,0.4269569,0
0.613894,0.38610607,0
