prob_class_0,prob_class_1,true_label
0.99230814,0.00769181,0
0.9933396,0.006660411,0
0.9225506,0.077449344,1
0.9271035,0.072896436,1
0.93460774,0.06539227,1
0.94039685,0.059603162,1
0.9510324,0.04896763,0
0.9552592,0.044740807,0
0.8243606,0.17563932,1
0.8835093,0.11649073,1
0.82111335,0.17888664,1
0.8530212,0.14697881,1
0.9565305,0.043469444,0
0.9608943,0.039105736,0
0.9639523,0.036047652,0
0.96308154,0.03691844,0
0.96239036,0.03760969,0
0.9619058,0.038094264,0
0.81901175,0.18098827,1
0.9901562,0.009843836,0
0.9812061,0.018793916,1
0.9297157,0.07028428,1
0.95614684,0.043853123,0
0.9593261,0.040673934,0
0.9582078,0.04179223,0
0.4166317,0.5833683,1
0.3229194,0.6770806,1
0.13814537,0.8618547,1
0.15953933,0.8404607,1
0.49803445,0.5019656,0
0.9400903,0.059909694,0
0.9418753,0.058124647,0
0.27173012,0.7282698,1
0.45442593,0.54557407,0
0.6280675,0.3719325,0
0.61031234,0.38968763,0
0.95250267,0.047497336,0
0.35931152,0.6406884,1
0.17537978,0.82462025,1
0.38505292,0.6149471,1
0.49986166,0.50013834,1
0.9751356,0.024864415,0
0.90775406,0.09224594,1
0.8653815,0.13461852,1
0.8665181,0.13348192,1
0.9102576,0.08974243,0
0.40460995,0.5953901,1
0.9587285,0.041271456,0
0.96551925,0.034480706,0
0.9683511,0.03164887,0
0.9605029,0.039497044,0
0.87544715,0.12455287,0
0.86256725,0.13743278,0
0.9284971,0.07150289,0
0.98797625,0.0120237665,0
0.9685383,0.03146165,0
0.887472,0.11252803,0
0.08245969,0.9175404,1
0.040080704,0.9599193,1
0.05382365,0.9461763,1
0.07984257,0.92015743,1
0.013885784,0.98611414,1
0.1104363,0.8895637,1
0.13287608,0.8671239,1
0.35558513,0.64441484,0
0.9845807,0.015419251,0
0.9026247,0.097375266,0
0.6748558,0.3251441,0
0.045287985,0.95471203,1
0.020267518,0.9797325,1
0.07528429,0.92471576,1
0.100917295,0.8990827,1
0.035879835,0.96412015,1
0.016805308,0.98319465,1
0.17563382,0.82436615,0
0.14420885,0.85579115,0
0.65228367,0.34771636,0
0.5985616,0.40143844,0
0.4972027,0.5027973,0
0.15620343,0.8437966,0
0.15746388,0.8425361,1
0.039405376,0.96059465,1
0.046392992,0.953607,0
0.094798155,0.90520185,0
0.19236268,0.8076374,0
0.023547525,0.9764525,1
0.12194395,0.8780561,1
0.11092362,0.88907635,1
0.16910979,0.83089024,0
0.042102166,0.9578978,1
0.36906967,0.6309303,0
0.0449001,0.9550999,1
0.050304133,0.94969594,1
0.09837727,0.9016228,1
0.11517,0.88483,1
0.17453545,0.8254646,1
0.23791946,0.76208055,0
0.16660003,0.83339995,1
0.17553769,0.8244623,1
0.16939671,0.8306033,1
0.069783874,0.93021613,1
0.044442788,0.95555717,1
0.046345696,0.9536543,1
0.9601165,0.039883543,0
0.19247526,0.80752474,0
0.25997695,0.740023,0
0.41816014,0.5818399,0
0.9778685,0.022131512,0
0.9920779,0.007922133,0
0.315995,0.68400496,1
0.17515327,0.82484674,1
0.21504202,0.78495795,1
0.20621517,0.7937848,1
0.14744012,0.8525599,1
0.2990176,0.70098233,0
0.090841234,0.90915877,1
0.27948648,0.7205136,1
0.9624662,0.037533857,0
0.9731684,0.02683161,0
0.9873045,0.012695545,0
0.9900558,0.009944209,0
0.8952882,0.104711756,0
0.059187677,0.9408123,1
0.02542836,0.97457165,1
0.051372457,0.94862753,1
0.14830934,0.85169065,1
0.15642291,0.8435771,1
0.96138,0.038619924,0
0.0445953,0.9554047,1
0.06219805,0.9378019,1
0.08905625,0.9109438,1
0.030497625,0.9695024,1
0.054266844,0.9457332,1
0.07584876,0.9241513,0
0.1989727,0.8010273,1
0.14269353,0.8573064,1
0.119233854,0.88076615,1
0.30502695,0.69497305,0
0.059937898,0.94006205,1
0.058911897,0.9410881,1
0.042340536,0.9576594,1
0.073747426,0.92625254,1
0.36407247,0.63592756,0
0.9869632,0.013036726,0
0.052406568,0.94759345,1
0.94879663,0.051203314,0
0.94473433,0.05526562,0
0.95086163,0.049138293,0
0.1356947,0.86430526,1
0.952823,0.047176972,0
0.974585,0.025414938,0
0.48952812,0.5104719,1
0.07248586,0.9275142,1
0.058100928,0.9418991,1
0.05994056,0.9400594,1
0.11511154,0.88488847,1
0.95006764,0.049932394,0
0.9483755,0.051624447,0
0.14732231,0.8526777,1
0.11697791,0.88302207,1
0.6231405,0.37685952,0
0.441841,0.558159,0
0.1937106,0.80628943,1
0.1602846,0.8397155,0
0.09517583,0.9048242,1
0.021194762,0.9788053,1
0.09175218,0.9082478,1
0.26907155,0.7309284,0
0.2470212,0.75297874,0
0.1567073,0.8432927,0
0.16067138,0.83932865,0
0.44490105,0.55509895,0
0.6060592,0.39394078,0
0.6896114,0.31038862,0
0.5618189,0.43818104,0
0.14983957,0.8501605,0
0.025894657,0.9741054,1
0.040696286,0.9593037,1
0.08627291,0.9137271,1
0.106499694,0.8935003,1
0.34319437,0.65680563,0
0.4301106,0.5698893,0
0.57719743,0.4228025,0
0.5793436,0.4206564,0
0.33406183,0.66593814,0
0.0668061,0.9331939,1
0.01407319,0.98592675,1
0.01606323,0.9839368,1
0.035301987,0.964698,1
0.04104216,0.9589578,1
0.045794785,0.9542052,1
0.00438852,0.9956115,1
0.009094722,0.9909053,1
0.94968796,0.050312016,0
0.93711907,0.06288092,0
0.9409286,0.059071433,0
0.94772524,0.052274805,0
0.9478946,0.052105498,0
0.94284874,0.057151325,0
0.948344,0.05165606,0
0.94705737,0.05294262,0
0.9500896,0.04991044,0
0.94886434,0.05113566,0
0.9501459,0.04985416,0
0.9546171,0.045382854,0
0.5632593,0.43674076,1
0.938974,0.06102601,0
0.9446716,0.055328418,0
0.95282483,0.047175128,0
0.95145935,0.04854068,0
0.2850022,0.7149979,1
0.9241262,0.075873755,0
0.95682335,0.04317667,0
0.9145554,0.08544461,0
0.9562311,0.043768927,0
0.95971,0.04028998,0
0.97811335,0.021886699,0
0.98748034,0.012519618,0
0.98915243,0.010847548,0
0.035765454,0.96423453,1
0.9327968,0.06720323,0
0.9567975,0.043202497,0
0.1051227,0.8948774,1
0.9519748,0.04802514,0
0.9570312,0.042968813,0
0.98863846,0.011361597,0
0.9919503,0.008049761,0
0.98398006,0.01601999,0
0.9822443,0.017755672,0
0.9797207,0.020279294,0
0.9216391,0.07836083,0
0.294707,0.70529306,1
0.20462364,0.79537636,1
0.17969592,0.82030416,1
0.022416277,0.97758377,1
0.87551916,0.12448088,0
0.88528943,0.11471051,0
0.9055486,0.0944514,0
0.9338975,0.06610251,0
0.9678022,0.0321978,0
0.98811907,0.011880972,0
0.98941445,0.010585571,0
0.98273015,0.017269835,0
0.42585415,0.57414585,1
0.8579976,0.14200242,0
0.8559716,0.14402841,0
0.87967306,0.12032694,0
0.11273675,0.88726324,1
0.021048272,0.97895175,1
0.8158767,0.18412331,0
0.9174395,0.082560495,0
0.36581522,0.6341848,1
0.991723,0.008277033,0
0.9202808,0.079719156,0
0.92233264,0.077667415,0
0.92202425,0.077975735,0
0.9442377,0.055762246,0
0.95901686,0.04098313,0
0.93889606,0.061103933,0
0.9501939,0.049806066,0
0.9871088,0.01289112,0
0.32504722,0.67495275,1
0.2971168,0.7028832,1
0.9532939,0.046706103,0
0.94961154,0.05038849,0
0.94715273,0.05284727,0
0.9487787,0.051221285,0
0.95652264,0.043477304,0
0.95061374,0.049386326,0
0.95386434,0.046135653,0
0.95421183,0.045788214,0
0.9484836,0.051516373,0
0.9340672,0.06593283,0
0.941179,0.058820967,0
0.95280623,0.04719373,0
0.93932843,0.06067149,0
0.9466067,0.05339329,0
0.955186,0.044813946,0
0.8823576,0.117642425,0
0.88616115,0.1138388,0
0.91920877,0.080791265,0
0.90698165,0.09301833,0
0.28427568,0.7157243,1
0.2696982,0.73030174,1
0.9378911,0.062108856,0
0.77836454,0.22163546,1
0.5827807,0.41721928,1
0.061846398,0.93815356,1
0.9405841,0.05941592,0
0.95057654,0.04942348,0
0.95902807,0.040971905,0
0.052289654,0.94771034,1
0.9472658,0.05273424,0
0.27242482,0.7275751,1
0.96161,0.038389996,0
0.90413445,0.09586555,0
0.7683749,0.2316251,0
0.9739586,0.026041456,0
0.06066413,0.9393358,1
0.211177,0.788823,1
0.94817674,0.051823225,0
0.9571728,0.042827178,0
0.8625327,0.13746735,0
0.9627317,0.037268296,0
0.8943744,0.10562566,0
0.76214314,0.23785686,1
0.67843926,0.32156077,1
0.5813868,0.4186132,1
0.2603634,0.73963654,1
0.15270458,0.84729546,1
0.14494595,0.8550541,1
0.10471703,0.895283,1
0.015679551,0.9843204,1
0.0267806,0.9732194,1
0.034775913,0.9652241,1
0.96010935,0.039890666,0
0.6826228,0.31737718,0
0.60183877,0.39816123,0
0.9412957,0.05870429,0
0.124435805,0.8755642,1
0.11012625,0.8898738,1
0.04725757,0.9527424,1
0.06663473,0.9333652,1
0.07315793,0.92684203,1
0.28072736,0.7192727,0
0.4994195,0.5005805,0
0.60228735,0.39771268,0
0.6088667,0.39113328,0
0.60234505,0.39765498,0
0.06552581,0.9344741,1
0.049962666,0.9500373,1
0.045589287,0.95441073,1
0.02824036,0.9717596,1
0.017794678,0.98220533,1
0.016370285,0.98362976,1
0.012219069,0.9877809,1
0.031904686,0.9680953,1
0.036939148,0.9630609,1
0.106387846,0.89361215,0
0.10016018,0.8998398,0
0.3673135,0.6326865,0
0.05228357,0.9477165,0
0.044033702,0.9559663,0
0.04562515,0.9543749,0
0.033027038,0.9669729,1
0.045839727,0.9541603,1
0.011502,0.98849803,1
0.061890043,0.93810993,0
0.058275234,0.9417247,0
0.07755991,0.92244005,0
0.2258286,0.77417135,0
0.98298705,0.017012894,0
0.40693852,0.5930615,0
0.38653904,0.61346096,0
0.40451038,0.5954896,0
0.38284576,0.6171543,0
0.37115234,0.62884766,0
0.41808128,0.5819187,0
0.047778785,0.9522212,1
0.19461633,0.8053837,0
0.062029757,0.9379702,1
0.42951536,0.57048464,0
0.06382898,0.936171,1
0.07455486,0.9254452,1
0.53703225,0.46296778,0
0.9692245,0.030775523,0
0.869623,0.13037698,0
0.04060719,0.9593928,1
0.046956774,0.95304316,1
0.10453076,0.89546925,0
0.3793552,0.6206448,0
0.83531123,0.16468872,0
0.71245974,0.28754026,0
0.0073143085,0.9926857,1
0.0377784,0.9622217,1
0.040898744,0.9591012,1
0.051891733,0.94810826,1
0.75007004,0.24992992,0
0.8789906,0.121009424,0
0.5936643,0.40633574,0
0.6613949,0.33860502,0
0.64046264,0.3595374,0
0.36849478,0.6315052,0
0.63473135,0.36526868,0
0.9585184,0.041481648,0
0.86999947,0.13000052,0
0.8703243,0.12967569,0
0.8943789,0.105621114,0
0.83030117,0.1696989,0
0.04226651,0.9577335,1
0.11416352,0.88583654,1
0.26940447,0.7305955,0
0.2676564,0.7323436,0
0.054741412,0.9452586,1
0.5087224,0.49127755,0
0.68603015,0.31396985,0
0.36158594,0.6384141,0
0.16055131,0.8394487,0
0.09747168,0.9025283,0
0.26262376,0.7373762,0
0.28098953,0.7190105,0
0.2730627,0.7269373,0
0.16966225,0.8303377,0
0.18018365,0.8198164,1
0.14864165,0.8513584,1
0.15888633,0.8411136,1
0.111898996,0.88810104,1
0.16092688,0.83907306,1
0.9203227,0.07967732,0
0.8857617,0.11423828,0
0.8263834,0.17361656,0
0.95589745,0.04410258,0
0.90423137,0.09576861,0
0.95539904,0.044600926,0
0.9539911,0.046008863,0
0.94936705,0.050633013,0
0.95633954,0.04366047,0
0.9559346,0.04406546,0
0.96049184,0.03950824,0
0.90820694,0.09179301,1
0.36624762,0.6337523,1
0.95427,0.045729995,0
0.8832536,0.11674643,1
0.954053,0.045946993,0
0.9578396,0.042160377,0
0.9480045,0.051995575,0
0.52603185,0.47396812,1
0.924204,0.07579599,0
0.9513636,0.04863638,0
0.90195644,0.09804351,0
0.9500656,0.04993438,0
0.9517596,0.04824044,0
0.9537721,0.046227917,0
0.9291953,0.070804685,1
0.9297907,0.07020933,1
0.9586113,0.04138877,0
0.9586436,0.041356374,0
0.95703685,0.042963117,0
0.8346905,0.16530947,1
0.9593244,0.040675532,0
0.45297158,0.5470284,1
0.8923512,0.10764883,1
0.8590952,0.1409048,1
0.32848296,0.6715171,1
0.59745,0.40254998,1
0.06852174,0.93147826,1
0.34730378,0.65269625,1
0.9598233,0.040176645,0
0.987045,0.012955061,0
0.6549734,0.34502658,1
0.2722571,0.7277429,1
0.9336418,0.066358194,0
0.11385376,0.88614625,1
0.13058482,0.86941516,1
0.77282757,0.22717242,0
0.81679076,0.18320923,0
0.9439144,0.056085575,0
0.9512467,0.04875335,0
0.63578814,0.3642118,1
0.4323952,0.5676048,1
0.94791746,0.05208251,0
0.39542085,0.60457915,1
0.9479432,0.052056864,0
0.17106731,0.8289327,1
0.18612684,0.8138732,1
0.07496659,0.9250334,1
0.16232936,0.8376706,1
0.1602505,0.8397495,1
0.3371949,0.66280514,1
0.6475463,0.3524537,0
0.10148704,0.89851296,1
0.79550165,0.20449829,0
0.25330374,0.74669623,0
0.24703562,0.75296444,0
0.09493313,0.9050669,1
0.17421415,0.8257858,0
0.3345237,0.66547626,0
0.3803945,0.61960554,0
0.5742732,0.42572674,0
0.4453017,0.5546983,0
0.08575148,0.9142485,1
0.32647863,0.6735214,0
0.18337227,0.8166277,1
0.8093309,0.19066904,0
0.3295628,0.6704372,1
0.13507144,0.86492854,1
0.1851592,0.81484085,1
0.12661809,0.8733819,1
0.81708884,0.18291117,0
0.8639,0.13609998,0
0.6837201,0.31627986,0
0.67907315,0.3209268,0
0.85405755,0.14594243,0
0.70290345,0.29709655,0
0.28479406,0.71520597,1
0.2208325,0.77916753,1
0.047603756,0.9523962,1
0.08727755,0.9127225,1
0.13108972,0.8689103,1
0.15262885,0.8473711,1
0.042752337,0.9572476,1
0.17627458,0.8237254,1
0.2753107,0.7246893,1
0.20864618,0.79135376,1
0.72021425,0.27978575,0
0.7177342,0.28226572,0
0.7157774,0.28422263,0
0.7151108,0.2848892,0
0.94453114,0.055468854,0
0.91752297,0.08247703,0
0.22341153,0.7765885,1
0.23735256,0.76264745,1
0.18858945,0.81141055,1
0.3442545,0.65574557,1
0.82932085,0.1706791,0
0.9338742,0.0661258,0
0.9594267,0.040573284,0
0.96794164,0.032058343,0
0.97763216,0.022367852,0
0.65597254,0.34402746,1
0.30864826,0.6913518,1
0.029188626,0.97081137,1
0.031194028,0.96880597,1
0.07767011,0.9223299,1
0.024836209,0.9751638,1
0.027193869,0.9728061,1
0.02827063,0.97172934,1
0.16268381,0.8373162,1
0.22432353,0.7756765,1
0.4351532,0.5648468,0
0.37016642,0.6298335,0
0.36773682,0.6322632,0
0.7685239,0.23147614,0
0.3581336,0.6418664,1
0.44502583,0.55497414,1
0.8594286,0.14057148,0
0.079109386,0.9208906,1
0.9865562,0.013443842,0
0.4089881,0.59101194,1
0.9523242,0.04767578,0
0.27741346,0.7225865,1
0.29671156,0.70328844,1
0.35161185,0.64838815,1
0.059139848,0.9408602,1
0.060899705,0.93910027,1
0.4166051,0.58339494,0
0.13490033,0.8650996,1
0.0802164,0.91978365,1
0.95298886,0.047011115,0
0.52122724,0.47877276,0
0.5008901,0.49910998,0
0.28297552,0.71702445,0
0.3416495,0.6583505,0
0.34564245,0.65435755,0
0.26703292,0.73296714,0
0.43593442,0.56406564,0
0.07840796,0.921592,1
0.0755664,0.9244336,1
0.121678405,0.8783216,1
0.14290185,0.85709816,1
0.23640345,0.76359653,1
0.061626393,0.9383736,1
0.95678353,0.043216474,0
0.96039164,0.039608352,0
0.9681514,0.031848606,0
0.97544265,0.024557343,0
0.9878501,0.012149807,0
0.93719524,0.06280476,0
0.92573386,0.074266076,0
0.92359227,0.076407686,0
0.9538759,0.046124093,0
0.9472118,0.05278827,0
0.9551483,0.044851724,0
0.9576653,0.042334653,0
0.96309495,0.03690503,0
0.9908488,0.009151198,0
0.9806224,0.019377606,0
0.19865271,0.8013473,1
0.9515714,0.04842856,0
0.9477639,0.0522361,0
0.95561814,0.04438186,0
0.942044,0.057955954,0
0.8968068,0.10319323,0
0.907576,0.09242402,0
0.918411,0.081588976,0
0.9311483,0.06885167,0
0.933827,0.06617302,0
0.9758531,0.024146836,0
0.9817007,0.01829927,0
0.98443747,0.015562535,0
0.91308165,0.086918384,0
0.0338875,0.9661125,1
0.020774785,0.9792252,1
0.07972839,0.92027164,1
0.08203428,0.91796577,1
0.116195016,0.8838049,1
0.93682635,0.06317368,0
0.46401492,0.53598505,0
0.30366656,0.69633347,0
0.49748075,0.50251925,0
0.35795814,0.64204186,0
0.10588026,0.89411974,1
0.18077114,0.8192289,1
0.4718847,0.5281153,0
0.063006386,0.93699366,1
0.09706134,0.90293866,1
0.059198912,0.94080114,1
0.1607513,0.8392487,0
0.15589081,0.84410924,0
0.2222418,0.7777582,0
0.38126534,0.61873466,0
0.48897013,0.51102984,0
0.1353479,0.8646521,0
0.17222574,0.8277742,0
0.9288416,0.07115847,0
0.94392145,0.056078613,0
0.9472883,0.052711688,0
0.18848763,0.81151235,1
0.9514615,0.04853844,0
0.9609176,0.03908241,0
0.18029277,0.8197072,1
0.506544,0.49345604,1
0.9509936,0.049006462,0
0.9530722,0.04692784,0
0.9752533,0.024746653,0
0.9426801,0.05731986,0
0.9562603,0.04373968,0
0.82178783,0.17821218,0
0.18275669,0.81724334,1
0.9459494,0.054050595,0
0.90895075,0.091049284,0
0.293832,0.70616794,1
0.20281714,0.7971828,1
0.90204245,0.097957574,0
0.94965345,0.05034659,0
0.9711179,0.02888212,0
0.83681595,0.16318403,1
0.23761219,0.7623878,1
0.13880461,0.8611954,1
0.26439938,0.7356006,1
0.04807683,0.9519232,1
0.13283448,0.8671655,1
0.25330386,0.7466961,1
0.95431095,0.04568904,0
0.7662968,0.2337032,0
0.76561266,0.2343874,0
0.8480115,0.15198842,0
0.987282,0.012718085,0
0.09320282,0.9067971,1
0.5254416,0.47455835,0
0.76703054,0.23296948,0
0.59651905,0.40348095,0
0.27649057,0.7235094,1
0.07605244,0.9239476,1
0.083149716,0.91685027,1
0.4537913,0.54620874,0
0.04149693,0.95850307,1
0.91328233,0.0867177,0
0.9221468,0.07785316,0
0.1736777,0.82632226,1
0.031827163,0.96817285,1
0.9288852,0.07111486,0
0.40866932,0.59133065,1
0.48806548,0.5119345,1
0.071688876,0.9283111,1
0.3186006,0.6813994,1
0.06821885,0.9317812,1
0.06582869,0.9341713,1
0.07379867,0.9262013,1
0.046160515,0.9538395,1
0.040203966,0.9597961,1
0.04565917,0.9543408,1
0.05775158,0.94224846,1
0.08422491,0.9157751,1
0.0728399,0.9271601,1
0.06893553,0.9310645,1
0.061598364,0.93840164,1
0.061019596,0.93898046,1
0.5701199,0.42988008,0
0.054619808,0.9453802,1
0.9446604,0.05533964,0
0.97357136,0.026428722,0
0.9588701,0.041129936,0
0.06790702,0.932093,1
0.07462457,0.92537546,1
0.046709858,0.9532901,1
0.056970324,0.94302964,1
0.06063759,0.9393624,1
0.6460061,0.3539938,0
0.9607567,0.03924332,0
0.96056473,0.03943528,0
0.9593688,0.040631123,0
0.96132386,0.038676213,0
0.95213926,0.047860656,0
0.9597135,0.040286534,0
0.94810337,0.051896676,0
0.9346223,0.06537768,0
0.9501349,0.049865063,0
0.9507765,0.04922351,0
0.9485016,0.051498387,0
0.95070624,0.049293797,0
0.9541063,0.04589371,0
0.95482117,0.045178853,0
0.9538477,0.046152253,0
0.9552329,0.044767126,0
0.96226794,0.03773212,0
0.9886026,0.011397486,0
0.98292947,0.017070541,0
0.5231739,0.47682616,1
0.9187058,0.081294216,0
0.94612336,0.05387667,0
0.89040285,0.10959712,0
0.49891296,0.5010871,1
0.92533463,0.074665375,0
0.95550305,0.044496913,0
0.9849353,0.015064701,0
0.9734281,0.026571885,0
0.9147252,0.08527481,0
0.9293419,0.07065814,0
0.9285311,0.071468964,0
0.92100084,0.07899916,0
0.9193346,0.08066545,0
0.89221793,0.1077821,0
0.12241989,0.87758017,1
0.93157226,0.06842776,0
0.9493104,0.05068965,0
0.9518136,0.04818646,0
0.23691751,0.76308244,1
0.9562751,0.043724854,0
0.9792515,0.020748505,0
0.9830466,0.016953437,0
0.84731275,0.1526872,1
0.42540732,0.5745927,1
0.9518366,0.048163436,0
0.9515155,0.04848452,0
0.949846,0.050153926,0
0.9493198,0.050680287,0
0.94976395,0.05023599,0
0.94777966,0.052220378,0
0.95359075,0.0464093,0
0.9548056,0.045194414,0
0.9712157,0.028784294,0
0.95917404,0.040826023,0
0.9587257,0.04127439,0
0.95269823,0.04730175,0
0.9400197,0.059980325,1
0.95792055,0.042079505,0
0.9624884,0.037511624,0
0.9634128,0.036587205,0
0.61650157,0.38349843,1
0.7428499,0.25715008,1
0.95361066,0.046389345,0
0.3933437,0.6066563,1
0.23434617,0.76565385,1
0.28254473,0.71745527,1
0.10679094,0.8932091,1
0.960995,0.039005056,0
0.94544435,0.05455568,0
0.24167317,0.75832677,1
0.14336571,0.85663426,1
0.40458757,0.59541243,1
0.98464036,0.015359695,0
0.8690486,0.13095142,0
0.51277816,0.48722178,1
0.94605553,0.053944472,0
0.10711138,0.8928886,1
0.11301691,0.8869831,1
0.9580139,0.04198609,0
0.5252908,0.47470915,1
0.9400785,0.059921514,0
0.98789656,0.012103412,0
0.8680412,0.13195877,0
0.9489292,0.051070858,0
0.2585412,0.74145883,1
0.16279736,0.8372026,1
0.5302971,0.46970284,1
0.95346195,0.046538007,0
0.9504846,0.04951549,0
0.957816,0.042183954,0
0.9554539,0.04454616,0
0.9548543,0.045145717,0
0.9673515,0.03264847,0
0.99006116,0.009938897,0
0.13371778,0.8662823,1
0.25691834,0.7430817,1
0.3039347,0.6960653,1
0.35407212,0.64592797,1
0.13281153,0.86718845,1
0.21882632,0.7811737,1
0.9167665,0.08323342,0
0.9367122,0.063287795,0
0.9388874,0.06111256,0
0.9702234,0.02977655,0
0.98490196,0.015098049,0
0.9877186,0.012281459,0
0.98870057,0.011299496,0
0.98340994,0.016589995,0
0.95641905,0.04358099,0
0.8987553,0.10124467,0
0.8887598,0.11124027,0
0.89724386,0.102756165,0
0.89800227,0.10199774,0
0.42352656,0.5764734,1
0.094015256,0.90598476,1
0.48145604,0.5185439,1
0.97939223,0.020607723,0
0.56404024,0.43595985,1
0.3009108,0.69908917,1
0.9130244,0.08697562,0
0.9362774,0.06372268,0
0.94272304,0.05727695,0
0.96612906,0.033870876,0
0.9454245,0.054575503,0
0.9164248,0.08357522,0
0.37404323,0.62595683,1
0.6891163,0.3108837,1
0.95861053,0.041389484,0
0.95788294,0.04211712,0
0.9563823,0.043617733,0
0.95621604,0.043783896,0
0.9661927,0.03380728,0
0.93657476,0.0634252,0
0.9664746,0.033525437,0
0.1102751,0.88972497,1
0.9550354,0.044964567,0
0.9604743,0.039525654,0
0.8291451,0.17085494,1
0.95548177,0.044518244,0
0.95141435,0.04858568,0
0.9562356,0.043764405,0
0.9606878,0.039312135,0
0.95694965,0.043050393,0
0.98457676,0.015423205,0
0.9460997,0.05390036,0
0.96146333,0.03853668,0
0.9261525,0.07384749,0
0.9297369,0.07026306,1
0.93469375,0.065306306,1
0.96705675,0.03294325,0
0.95163333,0.0483666,1
0.9656397,0.03436023,1
0.93375194,0.066248044,0
0.9497614,0.05023862,0
0.95440626,0.04559368,0
0.9494925,0.05050742,0
0.91791403,0.08208598,1
0.95496184,0.04503817,0
0.9724253,0.027574746,0
0.9803595,0.019640425,0
0.8689645,0.13103549,1
0.9412224,0.0587776,0
0.95943195,0.040568076,0
0.9674787,0.032521352,0
0.89075816,0.10924189,0
0.88992333,0.110076666,0
0.9682543,0.031745624,1
0.91197133,0.08802859,1
0.91874623,0.081253715,0
0.9190638,0.08093612,0
0.92302465,0.0769753,0
0.9254815,0.07451846,1
0.9286204,0.07137955,0
0.9261825,0.07381752,0
0.9235457,0.076454304,1
0.79598826,0.20401177,1
0.8184634,0.1815366,1
0.8964661,0.10353394,0
0.9246336,0.07536635,0
0.95279574,0.047204226,0
0.920205,0.079794966,1
0.90904796,0.090952076,1
0.98456186,0.015438136,0
0.29283795,0.707162,1
0.8953581,0.10464193,0
0.90951985,0.09048011,0
0.89714587,0.10285411,0
0.4520806,0.5479194,1
0.19925402,0.800746,1
0.9203549,0.07964507,0
0.9423938,0.05760622,0
0.9869336,0.013066393,0
0.9722401,0.0277599,0
0.4856105,0.51438946,1
0.95738846,0.04261157,0
0.9523154,0.04768467,0
0.9573098,0.042690206,0
0.21044615,0.7895539,1
0.19679625,0.80320376,1
0.15220037,0.84779966,1
0.15457135,0.8454287,1
0.094711795,0.9052882,1
0.9343404,0.06565964,0
0.95445013,0.04554988,0
0.8608045,0.13919546,0
0.8206286,0.17937142,0
0.4018381,0.5981619,1
0.8988153,0.10118475,0
0.25463948,0.74536055,1
0.24211784,0.7578822,1
0.17693177,0.82306826,1
0.05590913,0.94409084,1
0.05256649,0.9474335,1
0.14902887,0.85097116,1
0.91720366,0.082796305,0
0.8173083,0.18269171,0
0.49821636,0.5017836,0
0.4030278,0.5969722,0
0.8168268,0.18317316,0
0.064852566,0.9351474,1
0.21964678,0.7803532,1
0.06735986,0.9326402,1
0.06266479,0.9373352,1
0.09062726,0.90937275,1
0.121523365,0.8784767,0
0.37360364,0.6263964,0
0.47701296,0.52298707,0
0.25824848,0.7417515,0
0.21696427,0.7830357,0
0.9541019,0.045898065,0
0.0638832,0.93611676,1
0.13341436,0.8665857,1
0.17046462,0.8295354,1
0.3227189,0.677281,0
0.6120366,0.38796338,0
0.8849195,0.11508045,0
0.89239174,0.107608296,0
0.6286491,0.3713509,0
0.37370017,0.62629986,0
0.52195156,0.4780484,0
0.95390576,0.04609425,0
0.66148335,0.33851662,1
0.039161924,0.960838,1
0.9185736,0.081426404,0
0.78863466,0.2113654,0
0.8133089,0.18669106,0
0.9272159,0.07278417,0
0.92647374,0.073526345,0
0.7542689,0.24573112,0
0.5913118,0.40868816,0
0.3755106,0.6244894,1
0.13998309,0.8600169,1
0.758864,0.241136,1
0.9588575,0.041142456,0
0.06866273,0.9313373,1
0.051854536,0.94814545,1
0.06934374,0.93065625,1
0.88580596,0.114194095,0
0.89392287,0.10607713,0
0.9486774,0.05132254,0
0.9459652,0.054034825,0
0.9629061,0.03709393,0
0.9584549,0.041545093,0
0.93947524,0.06052481,0
0.16590749,0.83409256,1
0.22217512,0.7778249,1
0.4609419,0.539058,1
0.105658844,0.8943412,1
0.9510757,0.04892432,0
0.95280904,0.047190998,0
0.93410766,0.06589233,0
0.58787495,0.41212505,1
0.3869069,0.6130931,1
0.9406089,0.059391074,0
0.9600665,0.039933436,0
0.9598826,0.04011741,0
0.9476147,0.05238526,0
0.9557591,0.04424084,0
0.94522107,0.054779,0
0.96748704,0.03251295,0
0.97255003,0.027449932,0
0.9852681,0.014731958,0
0.98752034,0.012479665,0
0.9306383,0.06936171,0
0.9522074,0.047792632,0
0.96092397,0.039076015,0
0.9613113,0.038688675,0
0.90596116,0.09403877,1
0.95855093,0.041449107,0
0.9486391,0.051360883,1
0.9450616,0.054938406,1
0.95683295,0.043167014,1
0.9885507,0.0114493035,0
0.9877144,0.012285588,0
0.9092099,0.09079011,1
0.37256464,0.6274353,1
0.91073424,0.08926575,0
0.9636292,0.03637085,0
0.9559992,0.044000845,0
0.957006,0.04299409,0
0.9396655,0.06033456,0
0.9796865,0.020313509,0
0.98436767,0.015632309,1
0.9884073,0.011592707,0
0.41320366,0.5867964,1
0.477245,0.52275497,1
0.94300634,0.05699364,0
0.94400024,0.055999704,0
0.6233059,0.37669414,1
0.41637006,0.58362997,1
0.28426206,0.715738,1
0.6462915,0.35370854,1
0.91255945,0.08744052,0
0.95936805,0.040631905,0
0.96423876,0.035761263,0
0.97954047,0.020459576,0
0.982884,0.017116072,0
0.09815021,0.90184975,1
0.0870205,0.9129795,1
0.12336696,0.876633,1
0.029501738,0.9704983,1
0.024314743,0.97568524,1
0.046564825,0.9534352,1
0.12652129,0.8734787,0
0.9588453,0.041154638,0
0.7482122,0.25178775,0
0.6986772,0.30132282,0
0.4298264,0.5701736,0
0.24932861,0.7506714,0
0.050225575,0.9497744,1
0.04922737,0.95077264,1
0.1290929,0.8709071,0
0.19726211,0.8027379,0
0.13822506,0.86177486,0
0.08964864,0.91035134,1
0.2889418,0.7110582,1
0.7736414,0.22635853,0
0.7799202,0.22007982,0
0.41232717,0.5876728,0
0.25361228,0.7463877,1
0.71345365,0.2865464,0
0.76428527,0.23571473,0
0.70360994,0.29639003,0
0.23421146,0.7657885,1
0.067231394,0.9327686,1
0.055167817,0.94483227,1
0.82803726,0.1719627,0
0.7176397,0.28236035,0
0.21970138,0.7802986,0
0.41019428,0.58980566,0
0.74304533,0.25695464,0
0.4411632,0.55883676,0
0.6104342,0.3895658,0
0.74110097,0.25889906,0
0.46466124,0.53533876,1
0.9638435,0.036156483,0
0.9863338,0.01366619,0
0.8582075,0.14179249,0
0.326113,0.6738871,1
0.36173138,0.6382686,1
0.8132173,0.1867827,0
0.9640123,0.035987686,0
0.52355236,0.47644764,1
0.430408,0.569592,1
0.33442116,0.66557884,1
0.56232506,0.4376749,1
0.4963047,0.5036953,1
0.8349973,0.1650028,0
0.8334757,0.16652428,0
0.98299164,0.017008366,0
0.8227774,0.17722262,0
0.9770725,0.022927562,0
0.97524816,0.02475181,0
0.8980845,0.101915464,0
0.74944574,0.2505543,1
0.7499931,0.25000694,1
0.9629218,0.037078194,0
0.96074736,0.039252672,0
0.9784147,0.02158522,0
0.9873812,0.012618853,0
0.88080734,0.11919272,1
0.37554857,0.6244514,1
0.5350963,0.46490374,1
0.6032632,0.39673683,1
0.8910941,0.10890599,0
0.6440835,0.3559165,1
0.62305397,0.376946,1
0.6126506,0.3873494,1
0.29065406,0.70934594,1
0.5530901,0.4469099,1
0.84956634,0.15043363,1
0.60182494,0.3981751,1
0.33976048,0.66023946,1
0.3088009,0.6911991,1
0.6947506,0.30524936,1
0.14928915,0.85071087,1
0.96128637,0.038713653,0
0.7628254,0.23717463,0
0.9552738,0.04472619,0
0.95232713,0.047672853,0
0.9572742,0.042725787,0
0.95585966,0.04414039,0
0.9602198,0.039780136,0
0.96029896,0.039701067,0
0.95986545,0.040134523,0
0.98473155,0.015268497,0
0.9751339,0.024866043,0
0.9577394,0.042260565,0
0.9513953,0.048604727,0
0.95611316,0.043886784,0
0.9572161,0.04278396,0
0.9618538,0.038146213,0
0.9616849,0.03831509,0
0.95973635,0.04026362,0
0.9630299,0.0369701,0
0.16534154,0.83465844,1
0.06654358,0.9334564,1
0.059463974,0.940536,1
0.20677067,0.79322934,1
0.434214,0.565786,1
0.34282875,0.65717125,1
0.21247782,0.7875222,1
0.12137774,0.87862223,1
0.19712989,0.80287015,1
0.21056569,0.7894343,1
0.4709329,0.52906716,0
0.75645596,0.24354401,0
0.9499022,0.050097827,0
0.9493818,0.05061817,0
0.13323654,0.8667635,1
0.092887156,0.9071129,1
0.19900364,0.8009964,1
0.38145798,0.618542,0
0.964919,0.035081074,0
0.96266735,0.03733266,0
0.80960435,0.19039561,0
0.2734259,0.72657406,0
0.081716344,0.9182837,1
0.06919702,0.930803,1
0.14500646,0.8549935,1
0.01639195,0.98360807,1
0.03537859,0.96462137,1
0.050134,0.94986606,1
0.15042941,0.8495706,1
0.17031386,0.8296861,1
0.20058417,0.7994159,0
0.68689,0.31310993,0
0.6869903,0.31300965,0
0.9819049,0.018095043,0
0.96669185,0.033308133,0
0.28071055,0.7192894,0
0.3468168,0.65318316,0
0.19505651,0.80494344,0
0.5931957,0.4068043,0
0.5930615,0.40693846,0
0.057784665,0.9422153,1
0.10877232,0.89122766,1
0.4336831,0.56631684,0
0.078787446,0.9212126,1
0.08682492,0.9131751,1
0.27159822,0.7284017,0
0.88650286,0.113497086,0
0.892681,0.10731904,0
0.95090044,0.04909957,0
0.732989,0.267011,0
0.3627296,0.6372704,0
0.08062618,0.91937387,1
0.6849716,0.31502843,0
0.7048117,0.29518828,0
0.5994521,0.40054792,0
0.58612955,0.41387045,0
0.17858674,0.8214132,1
0.35526812,0.6447319,0
0.27564344,0.72435653,0
0.97538054,0.024619464,0
0.28807214,0.7119279,1
0.65997106,0.34002894,0
0.4510864,0.54891366,1
0.21069288,0.7893072,1
0.17115557,0.8288445,1
0.24908848,0.7509115,1
0.7204038,0.2795962,0
0.7786887,0.22131133,0
0.64949393,0.350506,0
0.82774144,0.17225863,0
0.8046631,0.19533692,0
0.28085744,0.71914256,1
0.28359085,0.71640915,1
0.21084298,0.78915703,1
0.85299414,0.14700586,0
0.8782197,0.12178027,0
0.88463473,0.115365244,0
0.30576566,0.6942343,1
0.1294464,0.87055355,1
0.050665535,0.9493345,1
0.91749436,0.08250559,0
0.9408986,0.059101358,0
0.94239825,0.05760177,0
0.9320065,0.067993574,0
0.94105905,0.058940932,0
0.98731923,0.012680707,0
0.98997796,0.010022026,0
0.94721866,0.05278135,0
0.9888657,0.011134328,0
0.93495136,0.06504864,0
0.32563314,0.67436695,1
0.33305573,0.6669443,1
0.9347857,0.06521426,0
0.9602685,0.039731454,0
0.49200422,0.5079957,1
0.49583277,0.50416726,1
0.91948634,0.08051368,0
0.9815569,0.018443113,0
0.984734,0.0152660385,0
0.98548293,0.014517109,0
0.17369096,0.826309,1
0.12655601,0.873444,1
0.10794132,0.89205873,1
0.08630258,0.9136975,1
0.15779646,0.8422036,1
0.356306,0.6436939,1
0.15987743,0.8401226,1
0.019846816,0.9801532,1
0.023744445,0.9762556,1
0.7736121,0.2263879,0
0.26533824,0.7346618,1
0.39645875,0.6035412,1
0.9863268,0.013673146,0
0.907069,0.09293098,0
0.3239475,0.6760526,0
0.086085185,0.9139148,1
0.08888882,0.9111112,1
0.6340852,0.36591485,0
0.6504483,0.3495517,0
0.40900263,0.59099734,1
0.6486731,0.35132688,0
0.23119703,0.768803,1
0.57310814,0.4268918,0
0.9325897,0.06741025,0
0.4679823,0.53201777,1
0.15536602,0.84463394,1
0.101364814,0.89863515,1
0.1867795,0.8132205,1
0.7018637,0.29813632,0
0.8318722,0.16812776,0
0.42527977,0.57472026,1
0.37238014,0.62761986,1
0.377904,0.62209606,0
0.12924127,0.8707588,1
0.7231715,0.2768286,0
0.27290002,0.7271,1
0.46503386,0.5349661,0
0.457651,0.54234904,0
0.5051586,0.49484146,0
0.30421057,0.69578946,1
0.6522916,0.34770846,0
0.66454977,0.3354502,0
0.30249935,0.69750065,1
0.28448978,0.7155102,1
0.1971363,0.8028638,1
0.6369368,0.36306322,0
0.46229652,0.5377035,1
0.08259561,0.91740435,1
0.04488996,0.95511,1
0.45780963,0.5421904,0
0.793587,0.20641291,0
0.585438,0.41456193,0
0.17575173,0.82424825,0
0.18851328,0.8114868,0
0.51803327,0.48196673,0
0.5430821,0.4569179,0
0.5532078,0.4467921,0
0.5655925,0.43440747,0
0.5937607,0.40623918,0
0.6740967,0.32590336,0
0.9020324,0.097967625,0
0.33588216,0.6641179,1
0.65411705,0.34588298,0
0.42160285,0.57839715,1
0.34270206,0.657298,1
0.2832876,0.71671236,1
0.4064665,0.59353346,1
0.5404384,0.45956156,0
0.39591438,0.60408556,1
0.075250834,0.9247492,1
0.09316016,0.90683985,1
0.11079306,0.889207,1
0.040750705,0.95924926,1
0.77158356,0.2284164,0
0.3831127,0.61688733,0
0.7913499,0.20865011,0
0.7723654,0.22763462,0
0.9485213,0.051478688,0
0.2629215,0.7370785,1
0.6902439,0.30975613,0
0.12013858,0.8798615,1
0.27112985,0.7288702,1
0.9505517,0.049448375,0
0.86848956,0.13151038,0
0.9900591,0.0099409,0
0.9594488,0.0405512,0
0.49126676,0.5087333,1
0.8387703,0.16122967,0
0.8434843,0.15651578,0
0.8538827,0.14611739,0
0.9358723,0.06412769,0
0.94182897,0.058170974,0
0.85014194,0.14985807,1
0.99012136,0.009878714,0
0.98863274,0.011367221,0
0.94639504,0.053604964,0
0.90208846,0.0979116,0
0.9357377,0.06426222,0
0.9525043,0.047495697,0
0.93800914,0.061990887,1
0.9469997,0.05300027,1
0.9832322,0.016767824,0
0.98758507,0.01241493,0
0.82609326,0.17390676,1
0.17707981,0.8229202,1
0.92281234,0.07718769,0
0.9084496,0.091550395,0
0.9415939,0.058406126,0
0.9374825,0.06251751,0
0.8412312,0.15876882,0
0.45901492,0.54098505,1
0.8805712,0.11942885,0
0.41666117,0.58333886,1
0.2566466,0.7433534,1
0.20110728,0.7988927,1
0.310148,0.689852,1
0.8476075,0.1523925,0
0.9528751,0.04712496,0
0.89817965,0.10182031,0
0.87540346,0.12459651,0
0.8511639,0.14883603,0
0.8343082,0.16569181,0
0.60527176,0.39472818,1
0.19783077,0.80216926,1
0.34312353,0.65687644,1
0.41455507,0.5854449,1
0.43702525,0.56297475,1
0.94114745,0.058852606,0
0.98792934,0.012070621,0
0.7107015,0.28929844,0
0.15408719,0.8459128,1
0.11734731,0.88265276,1
0.0650662,0.9349337,1
0.061848294,0.93815166,1
0.08149977,0.9185003,1
0.76417243,0.23582762,0
0.76081353,0.23918645,0
0.068177976,0.93182206,1
0.059019398,0.9409806,1
0.862637,0.13736303,0
0.9007132,0.099286735,0
0.90453017,0.09546991,0
0.9900445,0.0099555245,0
0.8888964,0.111103624,0
0.91573113,0.08426883,0
0.77724755,0.22275245,0
0.17110948,0.8288905,1
0.7953131,0.20468691,0
0.9335793,0.0664207,0
0.95538557,0.04461442,0
0.9203303,0.07966967,0
0.9595205,0.04047954,0
0.97756064,0.022439342,0
0.91908586,0.08091414,0
0.93852085,0.061479185,0
0.940331,0.05966901,0
0.93903047,0.060969513,0
0.8289938,0.17100626,1
0.9457186,0.054281406,0
0.9871704,0.012829545,0
0.9278565,0.07214348,0
0.19616728,0.80383277,1
0.21812348,0.78187656,1
0.76448095,0.23551907,0
0.3541605,0.6458395,1
0.945851,0.054149024,0
0.86389476,0.13610524,0
0.86037904,0.1396209,0
0.8652793,0.13472071,0
0.94190913,0.05809088,0
0.9699818,0.030018216,0
0.9829396,0.017060408,0
0.64636385,0.35363623,0
0.86762,0.13237998,0
0.86978316,0.13021685,0
0.8702247,0.1297753,0
0.9260659,0.073934086,0
0.8659406,0.13405941,1
0.8716089,0.12839112,1
0.9508873,0.049112726,0
0.9094125,0.09058754,1
0.8904198,0.109580226,1
0.29422307,0.70577693,1
0.43508384,0.56491613,1
0.28963408,0.71036595,1
0.47875813,0.52124184,0
0.7855952,0.21440484,0
0.98955745,0.010442553,0
0.99081916,0.009180837,0
0.9855805,0.01441945,0
0.8880455,0.111954555,0
0.6706366,0.3293634,0
0.8170675,0.18293247,0
0.89709187,0.1029082,0
0.6437906,0.35620946,0
0.7727555,0.22724447,0
0.9306794,0.0693206,0
0.97808516,0.02191487,0
0.990973,0.009027008,0
0.98766774,0.012332232,0
0.5973406,0.40265942,1
0.72627646,0.27372354,1
0.8829781,0.11702194,0
0.89261955,0.107380524,0
0.7618401,0.23815991,1
0.50723135,0.4927687,1
0.59372866,0.40627137,1
0.5035377,0.49646226,1
0.34803253,0.6519674,1
0.17485303,0.82514703,1
0.43654087,0.5634592,1
0.43500873,0.5649913,1
0.068874665,0.93112534,1
0.51943153,0.4805685,0
0.8314885,0.16851152,0
0.70180035,0.29819968,0
0.79768914,0.20231092,0
0.9292898,0.07071019,0
0.80769026,0.19230975,0
0.18756591,0.8124341,1
0.47404602,0.52595395,1
0.82073313,0.17926694,0
0.9345389,0.065461054,0
0.49240565,0.5075943,1
0.81877774,0.18122223,0
0.8037979,0.1962021,0
0.9277542,0.07224577,0
0.965502,0.03449799,0
0.97662795,0.023372049,0
0.98272854,0.017271454,0
0.9325385,0.06746154,0
0.91772646,0.082273565,1
0.8065128,0.19348718,1
0.36283097,0.637169,1
0.7836961,0.21630388,1
0.7887489,0.21125108,1
0.80541193,0.19458804,1
0.80541193,0.19458804,1
0.79359907,0.20640096,1
0.8106901,0.18930987,0
0.92988354,0.07011645,0
0.93685156,0.06314841,0
0.97858787,0.021412078,0
0.29014853,0.70985144,1
0.83652467,0.16347535,1
0.8423532,0.15764678,1
0.93369395,0.06630601,0
0.9597396,0.040260322,0
0.9077568,0.092243224,0
0.90775347,0.09224654,0
0.83979213,0.16020784,1
0.34667537,0.65332466,1
0.76406264,0.23593736,1
0.77108973,0.22891024,1
0.41470435,0.58529574,1
0.83795875,0.16204125,0
0.98234814,0.017651785,0
0.9834902,0.016509786,0
0.9387827,0.06121731,0
0.9137979,0.08620216,1
0.8829556,0.11704445,1
0.88691527,0.11308473,1
0.34475446,0.65524554,1
0.2063897,0.79361033,1
0.2321013,0.7678987,1
0.3236551,0.6763449,1
0.51734173,0.4826583,1
0.9560338,0.04396617,0
0.9082315,0.09176842,0
0.8926635,0.107336506,0
0.6979002,0.30209982,1
0.32965022,0.6703498,1
0.22910775,0.7708923,1
0.095663555,0.90433645,1
0.36309153,0.6369085,1
0.97793067,0.022069385,0
0.98770344,0.012296587,0
0.99335855,0.0066414205,0
0.99003345,0.009966557,0
0.3048569,0.69514316,1
0.3258101,0.6741899,1
0.7904723,0.20952769,0
0.78869045,0.21130951,0
0.7889194,0.21108069,0
0.7904071,0.20959294,0
0.82751334,0.17248668,0
0.8323436,0.16765642,0
0.52315396,0.47684604,1
0.82393813,0.1760619,1
0.8817122,0.11828787,1
0.9077839,0.09221604,1
0.94247574,0.05752421,0
0.19111472,0.8088853,1
0.20737024,0.7926297,1
0.41162166,0.5883783,1
0.27491465,0.7250853,1
0.43895823,0.5610418,1
0.4450906,0.5549094,1
0.7417951,0.25820488,0
0.95483977,0.04516027,0
0.8172047,0.18279533,0
0.8075396,0.1924604,0
0.9534814,0.046518587,0
0.99254507,0.007454904,0
0.7570471,0.24295288,0
0.28826696,0.71173304,1
0.3415664,0.6584337,1
0.3492414,0.6507586,1
0.8291482,0.1708518,0
0.84125984,0.15874018,0
0.9087847,0.091215275,1
0.9215398,0.07846022,1
0.51084363,0.48915637,1
0.7853003,0.21469966,0
0.9277444,0.072255634,0
0.10553167,0.89446837,1
0.10024694,0.89975303,1
0.1223199,0.87768006,1
0.55627626,0.4437237,1
0.85035366,0.1496463,0
0.42708185,0.5729182,1
0.5191872,0.4808128,1
0.9416816,0.058318365,0
0.91530335,0.08469662,0
0.46602628,0.5339737,1
0.41375798,0.586242,1
0.29714835,0.7028517,1
0.9300045,0.069995455,0
0.26240566,0.7375943,1
0.1875178,0.8124822,1
0.14977518,0.8502248,1
0.11498131,0.8850187,1
0.37764505,0.622355,1
0.7519591,0.24804093,0
0.8419819,0.15801814,0
0.8502444,0.14975557,0
0.9550526,0.044947382,0
0.3500658,0.6499342,1
0.059769932,0.94023013,1
0.081372835,0.91862714,1
0.092850916,0.9071491,1
0.54021835,0.45978168,0
0.8660104,0.13398956,0
0.33868298,0.661317,0
0.47267145,0.52732855,0
0.45243776,0.54756224,0
0.4303328,0.56966716,0
0.12771511,0.8722848,1
0.14634019,0.85365987,1
0.44926137,0.55073863,0
0.92594266,0.074057326,0
0.31023198,0.6897681,1
0.9514095,0.04859046,0
0.97045106,0.029548913,0
0.98532003,0.014679951,0
0.98199815,0.018001858,0
0.23101638,0.76898354,1
0.8076487,0.19235125,0
0.23791525,0.7620847,1
0.91993,0.08006999,0
0.28493008,0.7150699,1
0.3680436,0.6319564,1
0.748263,0.25173703,0
0.8164505,0.18354954,0
0.59718233,0.40281764,0
0.9040585,0.0959415,0
0.035872165,0.9641278,1
0.081368454,0.91863155,1
0.3082515,0.69174844,1
0.83079344,0.1692065,0
0.75362855,0.24637142,0
0.78914714,0.21085286,0
0.8386583,0.16134173,0
0.8349907,0.1650093,0
0.7914284,0.20857164,0
0.18941104,0.810589,1
0.21361303,0.7863869,1
0.209043,0.790957,1
0.28196415,0.7180358,1
0.5332062,0.46679375,0
0.6883938,0.31160623,0
0.86829525,0.13170475,0
0.867737,0.13226299,0
0.7916153,0.20838466,0
0.18143347,0.81856656,1
0.372616,0.62738395,0
0.40152642,0.5984736,0
0.11025523,0.88974476,1
0.15395407,0.8460459,1
0.16736959,0.8326304,1
0.16087393,0.83912605,1
0.8680038,0.13199626,0
0.8251074,0.17489257,0
0.082295425,0.9177046,1
0.15152131,0.8484786,1
0.18270312,0.8172969,1
0.1712422,0.8287578,1
0.17126726,0.8287328,1
0.1308892,0.8691108,1
0.21738087,0.7826191,1
0.1393151,0.8606848,1
0.16593187,0.8340682,1
0.3731821,0.62681794,0
0.39457983,0.60542023,0
0.7721958,0.22780415,0
0.0638091,0.93619084,1
0.15691388,0.8430861,1
0.19626947,0.80373055,1
0.33678216,0.66321784,0
0.28528854,0.7147114,1
0.3152694,0.6847306,1
0.34625083,0.6537492,1
0.31818974,0.6818103,1
0.8986306,0.101369426,0
0.87603354,0.1239665,0
0.88228446,0.11771553,0
0.8612778,0.13872215,0
0.7728466,0.22715347,0
0.9120163,0.087983705,0
0.8942563,0.10574369,0
0.8149521,0.1850479,0
0.7304005,0.26959953,1
0.8871326,0.11286741,1
0.98656905,0.01343101,0
0.6347546,0.36524537,1
0.14722218,0.8527778,1
0.1049068,0.89509326,1
0.17588213,0.82411784,1
0.8385316,0.16146846,0
0.26662204,0.733378,1
0.90610236,0.09389757,0
0.94138706,0.058612965,0
0.840676,0.15932396,0
0.98737955,0.012620378,0
0.88039213,0.11960786,0
0.056033004,0.943967,1
0.2213205,0.7786795,1
0.84173834,0.15826167,0
0.25913218,0.74086785,1
0.9549863,0.04501373,0
0.80707836,0.19292158,0
0.7182161,0.2817838,0
0.26352912,0.7364709,1
0.2687546,0.7312454,1
0.29316756,0.7068324,1
0.2547823,0.7452176,1
0.20645304,0.793547,1
0.3727946,0.6272054,1
0.3282072,0.6717928,1
0.9578314,0.042168543,0
0.90688634,0.09311364,0
0.9055765,0.094423436,0
0.8713289,0.1286711,0
0.7916165,0.20838349,0
0.17547679,0.82452327,1
0.1999377,0.80006236,1
0.14898893,0.85101104,1
0.17235209,0.8276479,1
0.3271006,0.6728994,0
0.34317958,0.6568204,0
0.13954659,0.86045337,1
0.22636408,0.77363586,0
0.26533914,0.7346609,0
0.4890505,0.51094955,0
0.1685648,0.83143514,1
0.049416713,0.95058334,1
0.049850475,0.95014954,1
0.3262237,0.6737763,0
0.67416805,0.32583192,0
0.37947324,0.62052673,0
0.33703208,0.66296786,0
0.302645,0.697355,0
0.3353932,0.66460687,1
0.99132603,0.008673968,0
0.8598099,0.14019006,0
0.5008754,0.49912456,0
0.1754254,0.82457465,1
0.2149714,0.7850286,1
0.14652574,0.85347426,1
0.061746687,0.93825334,1
0.052378915,0.94762105,1
0.061636854,0.93836313,1
0.26561263,0.73438746,1
0.28261817,0.7173818,0
0.50533366,0.49466634,0
0.78889304,0.21110699,0
0.14160332,0.8583967,1
0.27718768,0.72281235,0
0.13623369,0.8637663,1
0.1266877,0.8733123,1
0.47768822,0.52231175,0
0.17575222,0.8242478,1
0.30273464,0.6972653,1
0.9648888,0.035111196,0
0.9886953,0.011304733,0
0.7111741,0.288826,0
0.23158465,0.7684154,1
0.3523319,0.6476681,1
0.82711655,0.17288347,0
0.27804074,0.7219593,1
0.986527,0.013473003,0
0.9865433,0.013456724,0
0.6464776,0.3535224,1
0.36854398,0.631456,1
0.3744758,0.6255242,1
0.8508587,0.14914136,0
0.9142618,0.08573821,0
0.20282881,0.79717124,1
0.41676757,0.58323246,1
0.6802308,0.3197692,0
0.13507448,0.8649255,1
0.32967308,0.67032695,1
0.80489826,0.19510172,0
0.28134954,0.7186504,1
0.1826601,0.8173399,1
0.95501107,0.044988982,0
0.86755455,0.13244545,0
0.2944322,0.70556784,1
0.19130833,0.8086917,1
0.29197648,0.70802355,1
0.8877351,0.11226489,0
0.36445948,0.63554054,1
0.36112213,0.63887787,1
0.09160581,0.9083942,1
0.26379436,0.73620564,1
0.9871885,0.012811428,0
0.9915542,0.0084458105,0
0.12393706,0.876063,1
0.04027072,0.9597293,1
0.041929066,0.9580709,1
0.112730674,0.8872693,1
0.09417162,0.9058284,1
0.11205243,0.8879476,1
0.89602995,0.10397009,0
0.8782403,0.12175965,0
0.82406723,0.17593275,0
0.7411893,0.25881067,0
0.8787374,0.1212626,0
0.93372256,0.06627753,0
0.9847888,0.015211248,0
0.9871459,0.01285405,0
0.084293745,0.9157062,1
0.3437038,0.65629613,1
0.91649145,0.08350852,0
0.96583873,0.03416126,0
0.35137624,0.64862376,1
0.18649276,0.8135072,1
0.17867686,0.82132316,1
0.09665207,0.9033479,1
0.06640487,0.9335951,1
0.18201277,0.81798726,1
0.8869091,0.11309087,0
0.24866125,0.7513387,1
0.48111254,0.5188874,0
0.20567861,0.7943215,1
0.13511944,0.86488056,1
0.26808837,0.73191166,0
0.05578583,0.94421417,1
0.15079036,0.8492096,1
0.22759452,0.7724055,1
0.75913686,0.24086314,0
0.71084815,0.28915185,0
0.038374115,0.96162593,1
0.03573088,0.9642691,1
0.036327586,0.96367234,1
0.21268432,0.7873157,0
0.26850125,0.7314987,0
0.44018894,0.5598111,0
0.89695543,0.10304454,0
0.9290607,0.070939295,0
0.981925,0.018075027,0
0.9861377,0.013862331,0
0.12571514,0.8742849,1
0.3427451,0.65725493,1
0.9212618,0.078738265,0
0.957892,0.042108025,0
0.9938176,0.0061824163,0
0.98524404,0.014756029,0
0.9787188,0.021281164,0
0.706333,0.29366702,1
0.9339418,0.066058256,0
0.82619214,0.17380786,0
0.91396886,0.08603116,0
0.8956787,0.1043213,0
0.98691326,0.013086726,0
0.98525524,0.014744801,0
0.88814944,0.111850575,1
0.14802365,0.8519764,1
0.77737826,0.2226217,0
0.8139206,0.18607937,0
0.827555,0.17244501,0
0.8111018,0.18889818,0
0.8166192,0.18338075,0
0.20501822,0.7949818,1
0.7056372,0.2943628,1
0.8609874,0.13901258,0
0.5443391,0.45566088,1
0.9251475,0.07485253,0
0.990703,0.009297083,0
0.8407707,0.15922932,1
0.6655011,0.33449885,1
0.35240442,0.64759564,1
0.117391236,0.8826087,1
0.3843013,0.6156987,1
0.8700809,0.12991916,0
0.7499139,0.2500861,0
0.3854678,0.61453223,1
0.75420266,0.24579732,0
0.7565057,0.24349433,0
0.9084601,0.09153992,0
0.3203278,0.6796722,1
0.24448055,0.75551945,1
0.10678807,0.89321196,1
0.04631761,0.95368236,1
0.04978698,0.950213,1
0.08119976,0.9188003,1
0.2944894,0.70551056,1
0.9499153,0.050084747,0
0.98076665,0.019233365,0
0.91720444,0.08279552,0
0.14712973,0.8528702,1
0.18787009,0.81212986,1
0.05737338,0.94262666,1
0.035045266,0.96495473,1
0.048721336,0.9512786,1
0.045111224,0.95488876,1
0.047086038,0.95291394,1
0.058684874,0.9413151,1
0.27161086,0.72838914,0
0.27257726,0.7274228,0
0.923812,0.076188,0
0.959278,0.04072196,0
0.75181925,0.24818082,0
0.17494819,0.82505184,1
0.036459193,0.96354073,1
0.038110916,0.9618891,1
0.039830364,0.9601696,1
0.38487402,0.615126,0
0.7715554,0.22844464,0
0.6618745,0.33812553,0
0.27596548,0.72403455,0
0.20396125,0.7960387,0
0.31499597,0.6850041,0
0.3021777,0.6978223,0
0.701237,0.298763,0
0.98983675,0.010163257,0
0.47558776,0.5244123,1
0.13704742,0.86295253,1
0.15278088,0.8472191,1
0.15573698,0.84426296,1
0.14082445,0.85917556,1
0.06331952,0.9366805,1
0.9854349,0.014565116,0
0.66528034,0.33471963,0
0.13552737,0.8644726,1
0.062261462,0.9377386,1
0.14729947,0.85270053,1
0.0979058,0.9020942,1
0.093757875,0.9062422,1
0.16656597,0.83343405,1
0.16219154,0.8378085,1
0.18101195,0.818988,1
0.31524158,0.6847584,0
0.98390466,0.01609533,0
0.7445668,0.25543326,0
0.1387074,0.86129254,1
0.063689165,0.9363108,1
0.13711129,0.8628887,0
0.14418182,0.85581815,0
0.28947398,0.710526,0
0.36307314,0.63692683,0
0.35196057,0.64803946,0
0.35388815,0.64611185,0
0.42693403,0.573066,0
0.4222204,0.5777796,0
0.8973606,0.10263932,0
0.47058007,0.52941996,0
0.42535475,0.5746452,0
0.41639742,0.5836026,0
0.94629115,0.053708885,0
0.9842757,0.015724255,0
0.9852598,0.014740202,0
0.33753815,0.6624619,1
0.36491236,0.6350876,1
0.8900162,0.10998385,0
0.40820736,0.59179264,1
0.26732162,0.7326784,1
0.18766811,0.8123319,1
0.90198505,0.09801493,0
0.3845594,0.6154406,1
0.91393995,0.08606001,0
0.9810823,0.01891763,0
0.32873073,0.6712693,1
0.33078247,0.6692176,1
0.33582667,0.6641733,1
0.45385116,0.5461489,1
0.45395717,0.5460429,1
0.88668805,0.11331198,0
0.35843265,0.6415673,1
0.88187534,0.118124686,0
0.348324,0.651676,1
0.3551159,0.64488417,1
0.97445834,0.025541676,0
0.059624664,0.9403753,1
0.05277551,0.9472245,1
0.072613165,0.9273868,1
0.25973797,0.74026203,1
0.13834392,0.86165607,1
0.06530094,0.93469906,1
0.22882526,0.7711747,1
0.34802994,0.6519701,0
0.3437451,0.6562549,0
0.36581734,0.63418263,0
0.08588099,0.914119,1
0.2706145,0.7293855,0
0.29324007,0.70675987,0
0.27529386,0.7247061,0
0.27180067,0.72819936,0
0.24477032,0.7552297,0
0.28532118,0.7146788,0
0.33009693,0.6699031,0
0.2809922,0.7190078,0
0.9873301,0.012669984,0
0.78909177,0.21090825,0
0.76158136,0.23841862,0
0.54156375,0.45843625,0
0.2156088,0.78439116,1
0.18212993,0.8178701,1
0.10552932,0.8944707,1
0.13354178,0.8664582,1
0.29069394,0.70930606,1
0.123341545,0.87665844,1
0.1405477,0.8594523,1
0.1447454,0.8552546,1
0.13955358,0.8604464,1
0.05750376,0.9424963,1
0.03464455,0.96535546,1
0.1318477,0.86815226,1
0.31286448,0.6871355,1
0.92712176,0.072878264,0
0.5253401,0.4746599,1
0.21361259,0.7863874,1
0.050019596,0.9499804,1
0.05120272,0.9487973,1
0.49427834,0.5057216,0
0.98638123,0.013618734,0
0.4611686,0.5388315,0
0.73202145,0.26797855,0
0.09937162,0.90062845,1
0.057854634,0.94214535,1
0.484409,0.515591,1
0.89802283,0.10197717,0
0.97189856,0.028101435,0
0.47030333,0.52969676,1
0.5576747,0.44232523,1
0.3208135,0.6791865,1
0.3186487,0.6813513,1
0.35879886,0.6412012,1
0.36066458,0.63933533,1
0.71787477,0.2821252,0
0.8500611,0.14993887,0
0.7370789,0.26292112,0
0.7374217,0.2625784,0
0.5843429,0.41565716,1
0.9516168,0.04838321,0
0.40347558,0.5965244,1
0.8474233,0.15257661,0
0.71054214,0.2894579,0
0.28170276,0.7182972,1
0.36072227,0.6392777,1
0.08351474,0.91648525,1
0.09611708,0.90388286,1
0.17191447,0.8280855,1
0.8747723,0.1252277,0
0.88988614,0.11011386,0
0.8958043,0.10419568,0
0.66331637,0.33668363,1
0.668807,0.33119297,1
0.44492406,0.55507594,1
0.29192537,0.7080747,1
0.33296824,0.6670318,1
0.29992557,0.70007443,1
0.3048577,0.6951423,1
0.3546397,0.64536023,1
0.35160917,0.6483908,1
0.2147288,0.7852712,1
0.2361299,0.7638701,1
0.25006422,0.7499358,1
0.30301768,0.6969823,1
0.24596684,0.75403315,1
0.9842359,0.015764128,0
0.9872005,0.012799542,0
0.98994,0.0100599965,0
0.82711184,0.17288817,0
0.18350141,0.8164985,1
0.17708763,0.82291234,1
0.08171888,0.9182811,1
0.057294052,0.942706,1
0.15295255,0.84704745,1
0.74313545,0.25686458,0
0.98069143,0.019308513,0
0.11938562,0.8806144,1
0.08447822,0.91552174,1
0.09279795,0.90720206,1
0.089079514,0.91092044,1
0.032177348,0.9678227,1
0.030618215,0.96938175,1
0.025025928,0.9749741,1
0.021168295,0.97883165,1
0.019192314,0.9808077,1
0.04141227,0.95858777,1
0.16556622,0.8344338,1
0.95636714,0.043632884,0
0.7089537,0.29104626,0
0.094581574,0.90541846,1
0.06610027,0.93389976,1
0.06784524,0.9321548,1
0.04829065,0.95170933,1
0.21052681,0.7894732,1
0.23725647,0.7627435,1
0.49134967,0.5086503,0
0.19646542,0.8035345,1
0.15690914,0.84309095,1
0.05427401,0.9457259,1
0.052525163,0.94747484,1
0.050671082,0.9493289,1
0.050994676,0.9490053,1
0.05072825,0.94927174,1
0.10869052,0.89130944,1
0.4137398,0.58626026,0
0.1998943,0.8001057,1
0.18494128,0.8150587,1
0.20840268,0.79159737,1
0.9410014,0.058998533,0
0.15654254,0.84345746,1
0.34966886,0.65033114,0
0.33641952,0.66358054,0
0.05605154,0.9439484,1
0.057131417,0.94286853,1
0.04942314,0.95057684,1
0.18674545,0.8132546,1
0.45717308,0.5428269,0
0.5050618,0.4949382,0
0.4003893,0.5996107,0
0.06682734,0.93317264,1
0.058258973,0.941741,1
0.059234217,0.9407658,1
0.08622255,0.9137775,1
0.67439336,0.32560655,0
0.6967125,0.3032875,0
0.6973861,0.30261394,0
0.6963508,0.30364916,0
0.23893552,0.76106447,1
0.97669196,0.02330805,0
0.677489,0.32251108,0
0.19682203,0.80317795,1
0.2662164,0.7337836,1
0.24071282,0.7592872,1
0.2554842,0.7445158,0
0.24686788,0.75313216,0
0.2439899,0.7560101,1
0.23144239,0.7685576,1
0.77688897,0.223111,0
0.8013131,0.19868691,0
0.9024244,0.09757555,0
0.94129896,0.058701023,0
0.98241454,0.017585415,0
0.9836035,0.016396541,0
0.2675444,0.7324557,1
0.85105175,0.14894822,0
0.19263108,0.8073689,1
0.65681183,0.3431882,0
0.22101179,0.77898824,1
0.7567962,0.24320383,0
0.98115796,0.018842068,0
0.57465625,0.42534378,1
0.236841,0.76315904,1
0.6449338,0.35506615,0
0.41565996,0.58434004,1
0.28959122,0.7104088,1
0.96745324,0.032546792,0
0.08561299,0.914387,1
0.05797816,0.9420218,1
0.75624835,0.24375166,0
0.95813894,0.041861005,0
0.9691209,0.030879129,0
0.75753504,0.242465,0
0.9665736,0.033426385,0
0.14864194,0.85135806,1
0.741835,0.258165,0
0.55090475,0.44909525,0
0.5401499,0.45985013,0
0.3806591,0.6193409,1
0.5697895,0.43021047,0
0.8220019,0.17799816,0
0.79314905,0.20685093,0
0.78566927,0.21433076,0
0.7884488,0.21155116,0
0.94443834,0.055561703,0
0.95617956,0.043820444,0
0.19590889,0.8040911,1
0.06392904,0.9360709,1
0.05741036,0.9425897,1
0.07337923,0.9266208,1
0.12699872,0.8730013,1
0.1590745,0.8409255,1
0.17761059,0.8223894,1
0.16532916,0.83467084,1
0.1661989,0.83380115,1
0.6897538,0.31024623,0
0.21119498,0.78880507,0
0.22854212,0.7714579,0
0.1208954,0.8791046,1
0.06534327,0.93465674,1
0.11261249,0.8873875,1
0.5740805,0.4259194,0
0.83229053,0.16770944,0
0.7022331,0.2977669,0
0.5488173,0.4511828,0
0.9726283,0.02737169,0
0.977416,0.022584077,0
0.97900623,0.020993784,0
0.97621787,0.023782102,0
0.9732203,0.026779706,0
0.79634875,0.20365122,0
0.32778,0.67222,1
0.588223,0.411777,0
0.79818374,0.20181623,0
0.8468004,0.15319964,0
0.31846106,0.681539,1
0.8208359,0.17916414,0
0.96723413,0.03276587,0
0.9717972,0.02820283,0
0.9812251,0.018774977,0
0.9921216,0.007878485,0
0.32891455,0.6710854,1
0.847499,0.15250093,0
0.83841914,0.16158088,0
0.16821453,0.83178544,1
0.16885883,0.8311412,1
0.18995836,0.8100416,1
0.96905375,0.030946257,0
0.9716474,0.028352657,0
0.4061531,0.59384686,1
0.45936435,0.54063565,1
0.59026194,0.40973803,0
0.42507195,0.5749281,1
0.42305258,0.57694733,1
0.054045465,0.9459545,1
0.027669137,0.9723309,1
0.032693744,0.9673063,1
0.29199588,0.70800406,1
0.11540079,0.88459915,1
0.22636998,0.77363,1
0.16863953,0.8313605,1
0.15865807,0.8413419,1
0.9256644,0.074335545,0
0.61872226,0.3812777,0
0.17567593,0.8243241,1
0.6874626,0.3125374,0
0.340101,0.659899,0
0.86113155,0.1388685,0
0.48504716,0.5149528,0
0.4978061,0.5021939,0
0.2507784,0.7492216,1
0.5004194,0.49958056,0
0.92373496,0.07626506,0
0.9759976,0.024002314,0
0.76613003,0.23387001,0
0.6286657,0.3713343,0
0.6361519,0.36384815,0
0.6616978,0.33830214,0
0.66042227,0.3395777,0
0.66284406,0.3371559,0
0.8308476,0.16915244,0
0.16586466,0.83413535,1
0.13102183,0.8689782,1
0.3328171,0.6671829,1
0.36041975,0.63958025,1
0.6405347,0.3594653,0
0.6421716,0.35782832,0
0.8109381,0.1890619,0
0.38129357,0.6187064,1
0.38110328,0.6188967,1
0.9234129,0.076587066,0
0.7450029,0.25499701,1
0.9320183,0.06798174,0
0.91360193,0.08639804,0
0.79103357,0.20896643,0
0.7787927,0.22120737,0
0.7760126,0.22398739,0
0.83064276,0.16935728,0
0.83405614,0.16594389,0
0.7974086,0.20259148,0
0.9763387,0.023661332,0
0.4879638,0.5120362,1
0.22493628,0.77506375,1
0.22934972,0.7706503,1
0.77027804,0.22972196,0
0.28530562,0.7146944,1
0.1966074,0.80339265,1
0.8209334,0.17906661,0
0.9698443,0.030155692,0
0.9753853,0.024614714,0
0.98209846,0.017901493,0
0.9586641,0.041335963,0
0.3451536,0.65484643,1
0.2636139,0.73638606,1
0.47608873,0.52391124,0
0.41811252,0.5818875,1
0.47233808,0.52766186,1
0.17532095,0.824679,1
0.21046343,0.78953654,1
0.14984672,0.8501533,1
0.9556337,0.044366255,0
0.96677613,0.033223838,0
0.9804318,0.01956818,0
0.9781259,0.021874145,0
0.65529346,0.34470654,0
0.80022144,0.19977856,0
0.81967694,0.18032312,0
0.79005694,0.20994306,0
0.7572557,0.24274433,1
0.9742138,0.025786217,0
0.97960186,0.020398127,0
0.7774877,0.2225123,1
0.5986435,0.40135655,1
0.34202677,0.6579732,1
0.34222168,0.6577784,1
0.7709592,0.22904077,0
0.79860497,0.20139503,0
0.833109,0.16689102,0
0.84327096,0.15672906,0
0.6731297,0.32687035,1
0.68346685,0.31653324,1
0.7648201,0.23517989,1
0.8385943,0.16140567,1
0.9848326,0.015167438,0
0.83547515,0.16452487,1
0.735233,0.264767,1
0.6051056,0.39489436,1
0.39984563,0.6001544,1
0.2504643,0.7495357,1
0.24144551,0.75855446,1
0.2036345,0.79636544,1
0.17827867,0.8217213,1
0.2031436,0.7968564,1
0.24614812,0.75385195,1
0.25966215,0.74033785,1
0.31306645,0.6869336,1
0.97037405,0.02962591,0
0.9670261,0.032973938,0
0.8460854,0.15391454,0
0.6712519,0.32874817,0
0.85852665,0.14147332,0
0.9949409,0.005059178,0
0.91982245,0.08017747,0
0.7938872,0.20611283,0
0.85369384,0.14630622,1
0.85768056,0.14231952,1
0.897262,0.10273803,0
0.58117014,0.41882986,1
0.5730381,0.4269619,1
0.30174837,0.6982516,1
0.40972397,0.59027606,1
0.38474727,0.61525273,1
0.96606743,0.033932604,0
0.7265876,0.27341244,1
0.79275584,0.20724408,0
0.80613345,0.19386649,0
0.3773645,0.6226354,1
0.7171275,0.2828725,1
0.16084951,0.8391505,1
0.9416018,0.05839818,0
0.97200596,0.027994024,0
0.9371663,0.062833786,0
0.2211231,0.77887684,1
0.3922481,0.6077519,1
0.60177517,0.39822483,1
0.8672459,0.13275412,0
0.21854505,0.781455,1
0.08643215,0.9135678,1
0.6922007,0.3077993,0
0.68988615,0.31011385,0
0.7624747,0.23752524,0
0.8374837,0.1625163,0
0.99453014,0.0054699285,0
0.83576554,0.16423443,0
0.5299499,0.47005007,1
0.356448,0.643552,1
0.6106762,0.38932377,0
0.19767462,0.80232537,1
0.77208674,0.2279133,0
0.28982964,0.7101704,1
0.19061999,0.80938,1
0.94115955,0.05884045,0
0.9783216,0.021678379,0
0.9249565,0.07504347,0
0.8971956,0.1028044,0
0.7962402,0.20375976,0
0.35262993,0.64737004,1
0.3385225,0.6614775,1
0.33057502,0.669425,1
0.83982474,0.1601752,0
0.8575937,0.14240627,0
0.60180545,0.3981946,1
0.6928123,0.30718762,1
0.93779016,0.06220986,0
0.93644303,0.06355701,0
0.93858385,0.061416212,0
0.92125964,0.07874031,0
0.87821734,0.121782646,0
0.8151278,0.18487218,0
0.7580619,0.2419381,0
0.9706899,0.029310092,0
0.8686447,0.13135533,0
0.8389411,0.16105895,1
0.7843439,0.21565613,1
0.605091,0.39490902,1
0.5564056,0.44359437,1
0.5665436,0.43345645,1
0.632223,0.36777696,1
0.6547696,0.3452304,1
0.76644325,0.23355679,1
0.94619703,0.05380297,0
0.9466458,0.05335415,0
0.5062926,0.49370742,1
0.25126418,0.7487358,1
0.27747077,0.72252923,1
0.27016386,0.7298361,1
0.27965727,0.72034276,1
0.27212808,0.7278719,1
0.6316879,0.36831206,0
0.31468463,0.68531543,1
0.34352103,0.656479,1
0.19502755,0.8049725,1
0.34601954,0.65398043,1
0.24487546,0.75512457,1
0.15649219,0.8435078,1
0.19526371,0.80473626,1
0.3033099,0.6966901,0
0.9275506,0.07244941,0
0.92014647,0.07985357,0
0.7285122,0.27148774,0
0.6685375,0.3314625,0
0.85996246,0.14003749,0
0.21210226,0.7878977,1
0.16155836,0.83844155,1
0.15759745,0.8424026,1
0.88372475,0.11627526,0
0.5657131,0.43428692,0
0.10482538,0.8951746,1
0.060047552,0.9399525,1
0.037842736,0.9621572,1
0.042642325,0.95735765,1
0.2224443,0.77755576,0
0.32481888,0.6751811,1
0.3776635,0.62233657,0
0.6637844,0.33621562,0
0.66794664,0.3320534,0
0.5420985,0.4579015,0
0.25860074,0.7413993,1
0.24738204,0.75261796,0
0.19642265,0.8035773,1
0.21253516,0.78746486,1
0.26055896,0.73944104,0
0.34448573,0.65551424,0
0.58592784,0.4140722,0
0.59339315,0.40660688,0
0.32096782,0.67903215,0
0.6471334,0.35286653,0
0.7058571,0.29414293,0
0.7052848,0.29471523,0
0.91385466,0.08614542,0
0.68345124,0.31654876,0
0.64777386,0.35222614,0
0.6516125,0.34838754,0
0.63669497,0.36330506,0
0.6340089,0.3659911,0
0.6705188,0.3294812,0
0.67804056,0.32195947,0
0.6922438,0.30775613,0
0.78581387,0.21418609,0
0.8526424,0.14735763,0
0.89599156,0.10400845,0
0.91060805,0.089391895,0
0.69362915,0.30637088,1
0.6205531,0.3794469,0
0.5751749,0.42482504,1
0.6132873,0.3867127,1
0.21771787,0.7822821,1
0.23536696,0.76463306,1
0.18679366,0.8132063,1
0.13222791,0.8677721,1
0.15645707,0.843543,1
0.19417971,0.8058203,1
0.2940139,0.7059861,1
0.32926485,0.6707351,1
0.2907264,0.7092735,1
0.27344933,0.7265506,1
0.30457854,0.69542146,1
0.4053314,0.59466857,0
0.94053626,0.059463788,0
0.68615216,0.3138479,0
0.33407465,0.6659253,0
0.19433974,0.80566025,1
0.24042465,0.7595754,1
0.2819751,0.71802497,1
0.22533455,0.7746654,1
0.26826096,0.73173904,1
0.64409125,0.35590884,0
0.9802792,0.01972075,0
0.93264246,0.06735751,0
0.80817777,0.19182225,0
0.83402514,0.1659749,0
0.45356092,0.54643905,1
0.24687879,0.75312126,1
0.5783064,0.4216936,0
0.1510772,0.84892285,1
0.33538398,0.66461605,1
0.316835,0.683165,1
0.5128104,0.48718962,0
0.5610785,0.43892145,0
0.23153903,0.768461,1
0.37601495,0.62398505,1
0.65524924,0.3447508,1
0.18925911,0.8107409,1
0.42956638,0.5704336,0
0.49975532,0.5002447,0
0.5314834,0.46851656,0
0.24473472,0.75526524,1
0.33065298,0.669347,1
0.898895,0.10110496,0
0.92343426,0.07656572,0
0.5854358,0.4145642,0
0.5331793,0.46682075,0
0.3970035,0.60299647,0
0.4116328,0.58836716,1
0.31101152,0.68898845,1
0.33268547,0.6673145,1
0.75252163,0.2474783,0
0.71150374,0.28849626,0
0.5001551,0.49984497,0
0.5365592,0.46344072,0
0.18409362,0.8159064,1
0.1539871,0.8460129,1
0.17719702,0.82280296,1
0.32809508,0.6719049,1
0.4574244,0.5425756,0
0.8376532,0.16234677,0
0.9080477,0.09195228,0
0.47072914,0.5292709,0
0.40765926,0.59234077,0
0.42967626,0.57032365,0
0.5474863,0.45251372,0
0.6077022,0.39229786,0
0.6293276,0.3706724,0
0.62841946,0.3715805,0
0.66067314,0.3393268,0
0.6489014,0.35109857,0
0.6472511,0.35274884,0
0.65050894,0.34949106,0
0.7019603,0.29803962,0
0.59348065,0.40651932,0
0.25559968,0.74440026,1
0.512659,0.48734096,0
0.35657015,0.6434299,1
0.63137114,0.3686289,1
0.8806313,0.11936869,0
0.87246156,0.12753844,0
0.7520128,0.2479872,1
0.18665428,0.81334573,1
0.344271,0.65572894,1
0.28144345,0.7185565,0
0.30947936,0.69052064,0
0.7895834,0.2104166,0
0.80293626,0.19706379,0
0.7563245,0.24367546,0
0.49918172,0.5008182,0
0.40232137,0.59767866,1
0.31756377,0.6824362,1
0.23299982,0.76700026,1
0.26560926,0.7343908,1
0.11606414,0.88393587,1
0.24193414,0.7580658,0
0.24339929,0.75660074,1
0.840798,0.15920202,0
0.6066145,0.39338556,0
0.40960288,0.5903971,0
0.08906607,0.9109339,1
0.06640482,0.93359524,1
0.07695044,0.92304957,1
0.066608876,0.9333911,1
0.062250998,0.93774897,1
0.05739504,0.94260496,1
0.22279523,0.77720475,1
0.2781737,0.7218263,0
0.29620922,0.70379084,0
0.32705617,0.67294383,0
0.5013047,0.4986953,0
0.19129631,0.8087038,1
0.09032251,0.90967745,1
0.326755,0.673245,1
0.37217236,0.6278277,0
0.34765664,0.6523434,0
0.7812328,0.21876726,0
0.3968043,0.6031957,0
0.35875738,0.64124256,0
0.12250607,0.877494,1
0.10974276,0.89025724,1
0.10422846,0.8957715,1
0.0664664,0.9335336,1
0.038699068,0.9613009,1
0.2193022,0.7806978,1
0.33933204,0.66066796,0
0.34253824,0.6574617,0
0.35519072,0.64480925,0
0.35231027,0.64768976,0
0.66447437,0.33552566,0
0.29146066,0.7085393,0
0.25518876,0.74481124,0
0.32293165,0.67706835,0
0.32332355,0.67667645,0
0.32227927,0.6777207,0
0.52279425,0.47720572,0
0.3927689,0.6072311,0
0.16851269,0.83148736,0
0.19947222,0.80052775,0
0.10779975,0.8922003,0
0.32779613,0.67220384,1
0.6429748,0.35702524,0
0.922648,0.07735196,0
0.2495767,0.75042325,1
0.295254,0.704746,1
0.27429548,0.72570455,1
0.24521776,0.7547822,1
0.2565108,0.7434892,1
0.1901292,0.80987084,1
0.22859888,0.77140117,1
0.5605185,0.43948147,0
0.638874,0.36112598,0
0.92036986,0.07963013,0
0.68688494,0.31311503,0
0.64762914,0.35237083,0
0.2885726,0.7114274,1
0.21931778,0.7806822,1
0.32631516,0.67368484,1
0.50586563,0.4941344,0
0.48709986,0.51290005,0
0.67543095,0.32456905,0
0.48329023,0.51670974,0
0.9164945,0.08350547,0
0.9080858,0.09191415,0
0.26263887,0.73736113,1
0.15573922,0.84426075,1
0.15758534,0.8424146,1
0.15070455,0.84929544,1
0.20848235,0.7915176,1
0.23784211,0.7621579,1
0.2970511,0.70294887,1
0.28592455,0.71407545,1
0.2545714,0.74542856,1
0.7604055,0.23959444,0
0.54493135,0.45506865,0
0.25419122,0.7458088,1
0.116285644,0.8837143,1
0.10564339,0.8943566,1
0.27420238,0.72579765,0
0.39351326,0.60648674,0
0.13029426,0.8697058,1
0.19774503,0.802255,1
0.57295245,0.42704752,0
0.38914827,0.6108517,1
0.120646164,0.8793538,1
0.13897908,0.8610209,1
0.1340576,0.8659425,1
0.17538935,0.8246107,1
0.7771988,0.22280118,0
0.2872956,0.7127044,1
0.16997017,0.8300298,1
0.10984394,0.89015603,1
0.10520788,0.8947921,1
0.09890238,0.90109766,1
0.10566754,0.89433247,1
0.135335,0.864665,1
0.1589127,0.84108734,1
0.14903624,0.85096383,1
0.3028765,0.69712347,0
0.67607987,0.32392016,0
0.3032264,0.6967736,0
0.57484955,0.42515045,0
0.08644692,0.91355306,1
0.20432654,0.7956734,0
0.12286295,0.87713706,1
0.14316511,0.8568349,1
0.26878726,0.7312127,1
0.32604155,0.6739584,1
0.33609557,0.6639044,1
0.7962264,0.20377366,0
0.61411095,0.38588902,0
0.7606249,0.23937514,0
0.8543942,0.14560579,0
0.56149864,0.4385014,0
0.20495342,0.79504657,1
0.31292745,0.6870725,1
0.26448473,0.7355153,1
0.27339727,0.72660273,1
0.31087583,0.68912417,0
0.85307837,0.1469216,0
0.92894185,0.071058154,0
0.8451536,0.15484637,0
0.61072916,0.38927087,0
0.22032061,0.7796794,0
0.22723351,0.7727665,1
0.28603384,0.7139662,1
0.38356096,0.6164391,0
0.27163175,0.7283682,0
0.41102874,0.58897126,0
0.55976504,0.44023493,0
0.68769825,0.31230173,0
0.94486916,0.055130813,0
0.94533736,0.054662626,0
0.07168694,0.928313,1
0.09605275,0.90394723,1
0.11252655,0.8874734,1
0.35918385,0.64081615,0
0.32405683,0.6759432,0
0.47421154,0.5257885,0
0.13839056,0.86160946,1
0.2755149,0.7244851,0
0.52520955,0.47479042,0
0.7231516,0.27684835,0
0.42890528,0.5710947,0
0.17662708,0.8233729,1
0.12423862,0.87576133,1
0.12691624,0.8730838,1
0.56434816,0.43565175,0
0.34652156,0.6534784,1
0.34462082,0.6553792,1
0.1885566,0.81144345,1
0.1406506,0.8593494,1
0.16814883,0.8318512,1
0.15955593,0.840444,1
0.3019519,0.6980481,1
0.30158463,0.6984154,1
0.67048806,0.32951197,0
0.6428484,0.3571517,0
0.51820326,0.4817967,0
0.1270126,0.87298745,1
0.09919251,0.90080756,1
0.36571196,0.6342881,0
0.29034537,0.7096546,0
0.2756683,0.72433174,1
0.49310112,0.5068988,0
0.32285005,0.67714995,0
0.91696465,0.08303535,0
0.7733696,0.22663037,0
0.26603696,0.7339631,1
0.26961744,0.73038256,1
0.27246532,0.72753465,1
0.27112076,0.7288792,1
0.3095023,0.6904977,1
0.64932466,0.35067534,0
0.72131884,0.27868113,0
0.23721768,0.76278234,1
0.2478054,0.7521946,1
0.23559202,0.76440793,1
0.09630654,0.9036935,1
0.20306154,0.7969385,1
0.2357707,0.7642293,0
0.06081354,0.9391865,1
0.06468414,0.9353158,1
0.07607233,0.92392766,1
0.0621285,0.9378715,1
0.06741304,0.932587,1
0.053176474,0.9468235,0
0.22530268,0.77469736,0
0.43933284,0.56066716,0
0.45306867,0.5469313,0
0.8707145,0.12928547,0
0.7968153,0.20318475,0
0.5648462,0.4351538,0
0.33923057,0.6607694,0
0.13202351,0.8679765,1
0.14140171,0.85859823,1
0.5858311,0.41416883,0
0.6726062,0.3273937,0
0.6282138,0.3717862,0
0.5903557,0.4096443,0
0.5863169,0.4136831,0
0.7132644,0.28673556,0
0.67411137,0.3258886,0
0.8993471,0.100652836,0
0.44255406,0.55744594,1
0.31727183,0.6827282,1
0.22100738,0.77899265,1
0.7067525,0.29324746,0
0.7696969,0.23030312,0
0.93897593,0.0610241,0
0.6792798,0.32072017,1
0.37216905,0.6278309,1
0.32779813,0.67220193,1
0.18145825,0.8185418,1
0.1120138,0.88798624,1
0.11467518,0.8853248,1
0.14655629,0.85344374,1
0.1465226,0.8534775,1
0.16402155,0.83597845,1
0.22548269,0.7745173,1
0.63205785,0.36794215,0
0.6638829,0.3361171,0
0.6744829,0.32551712,0
0.89341515,0.10658484,0
0.9528106,0.04718945,0
0.8571594,0.14284061,0
0.28494734,0.7150527,0
0.13741301,0.86258703,1
0.22533359,0.77466637,1
0.22116068,0.7788393,1
0.16404784,0.83595216,1
0.32854214,0.6714579,1
0.6497382,0.3502618,0
0.646954,0.353046,0
0.87704,0.12295999,0
0.96684194,0.033158064,0
0.6838544,0.31614566,1
0.45448944,0.5455106,1
0.2169289,0.78307116,1
0.46655175,0.5334482,0
0.31021747,0.6897825,1
0.25972953,0.7402705,1
0.2493279,0.75067216,1
0.7709473,0.22905277,0
0.25530994,0.74469006,1
0.21992071,0.7800793,1
0.20616953,0.79383045,1
0.51615196,0.48384798,0
0.8410321,0.15896793,0
0.61500967,0.38499027,1
0.15899222,0.8410078,1
0.070484236,0.9295157,1
0.07802704,0.921973,1
0.072272405,0.9277275,1
0.07438169,0.92561823,1
0.5919841,0.40801594,0
0.53845805,0.46154195,0
0.58051187,0.4194882,0
0.86608195,0.13391812,0
0.3178132,0.68218684,0
0.101283565,0.8987165,1
0.101229265,0.8987707,1
0.0926046,0.90739536,1
0.098619506,0.9013805,1
0.9484539,0.051546138,0
0.61293554,0.38706443,0
0.4308385,0.5691615,0
0.16873008,0.8312699,1
0.12881015,0.8711899,1
0.4227446,0.5772554,0
0.6327934,0.36720666,0
0.75077176,0.24922821,0
0.62813,0.37186998,0
0.90468466,0.09531538,0
0.95131314,0.04868684,0
0.72904086,0.27095914,0
0.37250474,0.62749517,1
0.17748642,0.8225136,1
0.5086682,0.49133176,0
0.32049766,0.6795024,1
0.6711724,0.32882762,0
0.9564064,0.043593623,0
0.76231176,0.23768829,0
0.3283778,0.67162216,1
0.17832774,0.82167226,1
0.18089575,0.81910425,1
0.20924693,0.7907531,1
0.2404725,0.75952756,1
0.14135239,0.85864764,1
0.24389906,0.75610095,1
0.59695625,0.40304378,0
0.5749243,0.42507574,0
0.73099816,0.26900184,0
0.6728495,0.32715058,0
0.48184115,0.51815885,1
0.29318762,0.7068123,1
0.21039663,0.78960335,1
0.19800653,0.8019935,1
0.14397429,0.85602576,1
0.11758717,0.8824128,1
0.1403898,0.85961026,1
0.15257867,0.8474213,1
0.28162324,0.7183768,1
0.28374043,0.7162596,0
0.35432833,0.6456717,0
0.35333475,0.64666516,0
0.28786588,0.7121341,0
0.28182444,0.7181756,1
0.1950157,0.80498433,1
0.71876156,0.28123844,0
0.5938192,0.40618083,1
0.34368792,0.65631205,1
0.05737255,0.9426275,1
0.05955576,0.9404442,1
0.05934046,0.9406595,1
0.054059558,0.9459404,1
0.043771703,0.95622826,1
0.086835906,0.91316414,0
0.108405426,0.8915946,0
0.61054987,0.3894501,0
0.4224424,0.57755756,0
0.55935097,0.44064906,0
0.5090066,0.49099344,0
0.18387203,0.81612796,0
0.17200205,0.827998,0
0.17043109,0.829569,0
0.27812555,0.7218745,0
0.2406558,0.7593442,0
0.68247485,0.3175252,0
0.436915,0.5630851,1
0.76845145,0.23154856,0
0.13224147,0.8677586,1
0.13571411,0.8642858,1
0.13593933,0.8640607,1
0.17775804,0.82224196,1
0.18451326,0.8154867,1
0.33550945,0.6644905,0
0.5439125,0.45608747,0
0.46313044,0.5368696,0
0.31598842,0.6840116,0
0.21380678,0.78619325,0
0.33887917,0.66112083,0
0.3092141,0.69078594,1
0.6538291,0.34617093,0
0.6990297,0.30097026,0
0.83453804,0.1654619,0
0.96750814,0.032491837,0
0.28128317,0.7187168,1
0.27461106,0.72538894,1
0.29802772,0.70197225,1
0.29726365,0.7027363,1
0.74112463,0.2588754,0
0.82904017,0.17095982,0
0.9573225,0.04267751,0
0.5044648,0.49553514,1
0.63134664,0.3686534,0
0.69605917,0.3039408,0
0.7181942,0.28180578,0
0.7181942,0.28180578,0
0.43227246,0.5677275,1
0.27725533,0.7227447,1
0.46604908,0.5339509,1
0.40124568,0.59875435,1
0.97674555,0.023254463,0
0.97753626,0.022463711,0
0.97497016,0.025029836,0
0.65691483,0.3430851,0
0.6644019,0.3355981,0
0.7068065,0.29319352,0
0.727123,0.272877,0
0.73491144,0.26508853,0
0.616399,0.38360098,0
0.27384448,0.7261555,1
0.7188927,0.28110725,1
0.9139692,0.08603076,0
0.063010156,0.9369899,1
0.07406715,0.9259328,1
0.115334764,0.88466525,1
0.07012446,0.92987555,1
0.089309774,0.9106902,1
0.0738862,0.9261138,1
0.14107089,0.85892916,1
0.70760447,0.29239553,0
0.7386061,0.26139385,0
0.55654347,0.4434565,1
0.19471458,0.8052854,1
0.20273368,0.7972663,1
0.13191895,0.8680811,1
0.80536234,0.19463766,0
0.9288508,0.071149185,0
0.5300399,0.46996012,0
0.46029863,0.53970134,0
0.2827853,0.7172147,1
0.34149662,0.6585034,1
0.4070492,0.59295076,1
0.60405064,0.3959494,0
0.95191574,0.048084296,0
0.44326097,0.55673903,1
0.24251679,0.7574832,1
0.2594242,0.7405758,1
0.3289814,0.67101866,1
0.4444858,0.55551416,1
0.5776294,0.42237058,0
0.45729297,0.542707,1
0.5360913,0.46390864,1
0.92268986,0.07731015,0
0.9595671,0.040432855,0
0.96977365,0.030226354,0
0.648746,0.35125405,1
0.28709355,0.7129065,1
0.08483646,0.9151636,1
0.10216697,0.897833,1
0.090876065,0.9091239,1
0.15155895,0.84844106,1
0.31923246,0.6807676,1
0.21402384,0.7859762,1
0.4027727,0.5972273,1
0.54152954,0.45847043,0
0.9416145,0.058385476,0
0.96728265,0.032717366,0
0.36061448,0.6393856,1
0.43999767,0.5600024,1
0.3528024,0.6471976,1
0.6886078,0.31139222,0
0.7573031,0.24269688,0
0.7746145,0.22538547,0
0.4349615,0.56503844,1
0.9681961,0.031803872,0
0.9763041,0.023695868,0
0.9475099,0.052490097,0
0.8872824,0.11271765,0
0.82633907,0.17366096,0
0.7504855,0.24951446,0
0.80182105,0.19817895,0
0.6337874,0.36621258,0
0.70890635,0.29109368,0
0.64856815,0.35143185,1
0.18963373,0.8103662,1
0.13269512,0.86730486,1
0.69816166,0.30183828,0
0.9036354,0.09636465,0
0.9630002,0.03699982,0
0.7400163,0.25998366,0
0.70186317,0.29813686,0
0.70368606,0.29631385,0
0.7025869,0.29741308,0
0.60190225,0.39809772,0
0.6633789,0.33662114,0
0.79221106,0.20778894,0
0.82495755,0.17504245,0
0.8220198,0.17798018,0
0.82734966,0.17265038,0
0.89494294,0.10505706,0
0.77515686,0.2248431,0
0.7621516,0.23784843,0
0.6509007,0.3490993,1
0.65242225,0.3475777,1
0.76174426,0.2382558,0
0.81757265,0.18242729,0
0.8097131,0.19028682,0
0.8188591,0.18114093,0
0.8167515,0.18324849,0
0.8993949,0.100605026,0
0.9072473,0.09275268,0
0.68958807,0.3104119,0
0.5408258,0.45917422,1
0.56341094,0.43658906,1
0.69802165,0.3019783,1
0.7190395,0.28096047,0
0.73644274,0.26355726,1
0.74527377,0.25472623,1
0.88430303,0.115697,0
0.9669679,0.033032127,0
0.95316654,0.04683345,0
0.41359952,0.5864005,1
0.59434575,0.40565425,1
0.5354766,0.46452335,1
0.76856846,0.23143157,0
0.7740666,0.2259334,0
0.7972093,0.2027907,0
0.79369646,0.20630355,0
0.83409286,0.16590713,0
0.96882087,0.031179113,0
0.9337019,0.066298164,0
0.7529343,0.24706574,0
0.7701107,0.22988935,0
0.7335876,0.2664124,1
0.65979654,0.34020343,1
0.76848656,0.23151343,1
0.75315666,0.24684325,1
0.83877045,0.16122955,0
0.96866703,0.03133294,0
0.34501907,0.65498096,1
0.5515601,0.4484399,1
0.41939324,0.58060676,1
0.4824591,0.5175409,1
0.53358024,0.46641976,0
0.22296348,0.7770365,1
0.2484408,0.75155914,1
0.32552883,0.6744712,1
0.36183748,0.6381625,0
0.5035986,0.49640134,1
0.811246,0.18875396,0
0.8940337,0.10596631,0
0.94337124,0.05662873,0
0.95039606,0.049603973,0
0.9355864,0.064413585,0
0.83339393,0.16660608,1
0.5698897,0.4301103,1
0.6708712,0.32912886,0
0.23385334,0.76614666,1
0.258584,0.74141604,1
0.395341,0.604659,1
0.37930003,0.6207,1
0.8253603,0.17463973,0
0.8098342,0.19016583,0
0.9224448,0.07755517,0
0.95177996,0.04822004,0
0.1157269,0.8842731,1
0.14364357,0.85635644,1
0.14065206,0.85934794,1
0.15280145,0.8471985,1
0.14238691,0.8576131,1
0.12877502,0.871225,1
0.111568145,0.88843185,1
0.12740059,0.8725994,1
0.68415177,0.3158482,0
0.6927779,0.3072222,0
0.7452781,0.2547219,0
0.51396084,0.48603913,0
0.52955294,0.47044703,0
0.33450234,0.6654977,0
0.165553,0.83444697,1
0.12428587,0.8757142,1
0.110115305,0.88988465,1
0.14315408,0.8568459,1
0.4437505,0.5562495,0
0.63580877,0.3641912,0
0.76141626,0.23858379,0
0.6620506,0.33794942,0
0.67345524,0.32654476,0
0.77580106,0.224199,0
0.86783683,0.13216321,0
0.7452402,0.2547598,0
0.7396044,0.26039565,0
0.7581981,0.24180196,0
0.971329,0.028671017,0
0.9603845,0.039615557,0
0.95866936,0.04133067,0
0.92319626,0.07680378,0
0.7591492,0.24085078,0
0.64133453,0.3586655,1
0.5729211,0.42707893,1
0.17294608,0.82705396,1
0.7057824,0.29421753,0
0.879987,0.12001298,0
0.94765556,0.05234444,0
0.8532023,0.14679769,1
0.8569816,0.14301841,0
0.3788216,0.6211784,1
0.34382644,0.6561735,1
0.6193197,0.38068038,0
0.6026494,0.39735064,1
0.7010319,0.2989681,0
0.7605696,0.2394304,0
0.66002643,0.33997357,1
0.90950733,0.090492636,0
0.94392693,0.056073003,0
0.70155746,0.29844257,0
0.5777871,0.42221287,1
0.6193122,0.38068768,0
0.621797,0.37820292,1
0.6413379,0.3586622,1
0.6883259,0.31167412,0
0.73037505,0.26962492,0
0.8240605,0.17593947,0
0.8259094,0.17409064,0
0.8244959,0.17550401,0
0.8354257,0.16457425,0
0.8264728,0.1735272,0
0.77376306,0.22623703,0
0.79366684,0.20633315,0
0.88518596,0.11481406,1
0.44323125,0.5567688,1
0.19482201,0.80517805,1
0.35417673,0.64582324,1
0.45991677,0.5400833,1
0.82127917,0.17872085,0
0.81262386,0.18737619,0
0.8211892,0.17881076,0
0.91678536,0.083214685,0
0.9456929,0.054307155,0
0.7430991,0.25690088,0
0.54066455,0.45933548,1
0.4298337,0.5701663,1
0.49812737,0.5018726,1
0.59199077,0.40800923,1
0.60487574,0.39512423,1
0.7836778,0.21632214,0
0.94577414,0.05422592,0
0.94810647,0.051893517,0
0.9312377,0.06876231,0
0.7034832,0.2965168,0
0.79641265,0.20358731,0
0.83870834,0.16129166,0
0.84683615,0.15316384,1
0.8186231,0.18137684,1
0.90438044,0.095619544,1
0.9754267,0.024573345,0
0.97044075,0.029559324,0
0.9636085,0.03639153,0
0.9533285,0.046671517,0
0.71645397,0.283546,1
0.63880736,0.36119264,1
0.64269847,0.35730156,1
0.81873304,0.18126692,1
0.7340541,0.2659459,1
0.7598586,0.24014138,1
0.8021952,0.19780478,0
0.78247,0.21752998,1
0.96029085,0.03970922,0
0.97102386,0.02897612,1
0.7674594,0.23254065,0
0.8819256,0.118074395,0
0.864827,0.135173,0
0.66311383,0.3368862,0
0.74182284,0.2581772,0
0.68776625,0.31223378,1
0.7849451,0.21505494,0
0.68582135,0.31417865,1
0.6994317,0.30056828,1
0.49703714,0.5029628,1
0.65539074,0.3446093,1
0.64304614,0.35695386,1
0.530361,0.469639,1
0.73566717,0.2643329,1
0.7001343,0.29986566,1
0.63646376,0.36353615,1
0.7219025,0.27809754,0
0.73155904,0.268441,0
0.73262507,0.26737493,0
0.7323534,0.2676466,0
0.5060367,0.4939633,1
0.7643568,0.23564324,1
0.823995,0.17600499,0
0.8217554,0.17824465,0
0.7398643,0.26013565,1
0.9502377,0.049762286,1
0.9481517,0.051848326,1
0.7742734,0.22572656,1
0.55329907,0.446701,1
0.5870186,0.4129814,1
0.67702866,0.3229713,1
0.586109,0.41389102,1
0.44533545,0.55466455,1
0.7405619,0.2594382,0
0.9128634,0.087136716,0
0.91764796,0.08235205,0
0.68052536,0.31947467,0
0.53394854,0.46605152,1
0.58246005,0.41753995,1
0.7044573,0.2955428,0
0.62360287,0.3763971,1
0.77273417,0.22726588,0
0.79462117,0.20537885,0
0.95283914,0.047160838,0
0.96447563,0.035524353,0
0.8012439,0.19875607,0
0.6534954,0.34650463,1
0.715423,0.28457695,0
0.74119395,0.258806,0
0.80428916,0.19571082,0
0.7447853,0.25521463,0
0.7375908,0.26240924,0
0.7403061,0.25969392,0
0.8389012,0.16109873,0
0.89287406,0.107125975,0
0.9522349,0.04776501,0
0.9604485,0.039551478,0
0.6086857,0.3913143,1
0.64449275,0.35550725,0
0.6454929,0.35450706,0
0.7242373,0.27576268,0
0.7449571,0.2550429,0
0.5938363,0.4061637,1
0.73814905,0.26185095,0
0.72073835,0.27926168,0
0.96923304,0.03076702,0
0.98263997,0.017360022,0
0.9059939,0.09400612,0
0.8177512,0.1822488,0
0.80653363,0.19346634,0
0.73180324,0.26819673,1
0.566406,0.43359396,1
0.5890152,0.41098487,1
0.85163,0.14836998,0
0.91815746,0.08184258,0
0.9303099,0.06969009,0
0.51734674,0.4826533,1
0.13157707,0.868423,1
0.07986787,0.9201321,1
0.22597116,0.77402884,1
0.26006544,0.7399345,1
0.27253658,0.7274634,1
0.17352861,0.8264713,1
0.048781082,0.95121896,1
0.727154,0.27284595,0
0.58177096,0.418229,0
0.56727004,0.43272993,1
0.67581147,0.3241885,0
0.6923814,0.30761868,0
0.9260392,0.073960714,0
0.9301064,0.06989364,0
0.18736188,0.8126381,1
0.6485139,0.35148612,0
0.65470046,0.34529957,0
0.33162162,0.66837835,1
0.63882685,0.36117312,0
0.46995318,0.5300468,1
0.31714895,0.6828511,1
0.4305812,0.56941885,1
0.78748095,0.21251905,0
0.58380234,0.41619766,0
0.22546427,0.7745358,1
0.12013782,0.8798622,1
0.16353473,0.83646524,1
0.20199053,0.7980095,1
0.30493775,0.6950623,1
0.30568388,0.69431615,0
0.30038148,0.6996185,0
0.8498656,0.15013435,0
0.8353487,0.16465127,0
0.5564072,0.44359282,0
0.102868944,0.8971311,1
0.14851278,0.8514872,1
0.18331432,0.8166857,1
0.6323326,0.36766738,0
0.7364052,0.2635948,0
0.7084533,0.29154667,0
0.5257178,0.47428212,0
0.58188426,0.41811576,0
0.638002,0.36199805,0
0.6109827,0.3890173,0
0.7402301,0.2597699,0
0.6275398,0.37246016,0
0.59355366,0.4064463,1
0.9566456,0.043354377,0
0.79731625,0.20268376,1
0.787775,0.21222496,1
0.5156604,0.48433954,1
0.6466189,0.35338104,0
0.6761303,0.3238697,1
0.59020156,0.40979847,1
0.4108711,0.5891289,1
0.5106062,0.4893937,0
0.55870456,0.44129547,1
0.65538794,0.34461206,0
0.6344554,0.36554456,1
0.68985116,0.31014884,1
0.74194735,0.2580527,1
0.83401185,0.16598816,1
0.790162,0.20983797,0
0.12418748,0.87581253,1
0.07825823,0.9217418,1
0.0634262,0.9365738,1
0.13870439,0.86129564,1
0.097956605,0.90204346,1
0.14053865,0.8594614,1
0.6194476,0.38055244,0
0.79930204,0.20069788,0
0.89558107,0.10441889,0
0.8721104,0.12788953,0
0.6059568,0.39404324,0
0.52912456,0.4708755,0
0.6117813,0.38821876,0
0.6179283,0.3820717,0
0.7583683,0.24163164,0
0.6602681,0.3397319,0
0.91410446,0.08589551,0
0.2804055,0.7195945,1
0.5753227,0.4246773,1
0.59061635,0.4093837,1
0.59479064,0.4052094,1
0.16824259,0.8317574,1
0.70825225,0.29174775,0
0.53448373,0.4655162,1
0.85159165,0.14840837,0
0.6106403,0.3893597,0
0.4017627,0.59823734,1
0.38850373,0.6114963,1
0.41966334,0.5803367,1
0.41630366,0.5836963,1
0.48879567,0.51120436,1
0.65830946,0.3416905,0
0.8392506,0.16074936,0
0.5709286,0.4290714,0
0.3595689,0.6404311,1
0.35039276,0.64960724,0
0.3820363,0.61796373,0
0.45808795,0.5419121,0
0.6619118,0.3380882,0
0.71000695,0.28999302,0
0.14763208,0.85236794,1
0.7525983,0.24740171,0
0.6369436,0.36305648,1
0.5796993,0.42030072,0
0.5740175,0.4259825,0
0.62938917,0.37061092,0
0.71061623,0.28938374,0
0.70465857,0.29534137,0
0.6289536,0.3710464,0
0.6574276,0.3425724,0
0.62994933,0.37005073,1
0.6777666,0.3222333,0
0.6965222,0.30347785,0
0.94877666,0.05122337,0
0.9591098,0.04089019,0
0.95448524,0.045514766,0
0.91504717,0.08495281,0
0.7822311,0.21776892,0
0.6287332,0.3712667,0
0.6169537,0.38304636,0
0.50375235,0.49624768,1
0.4079545,0.59204555,1
0.6645947,0.33540532,0
0.65402746,0.34597254,0
0.76021916,0.2397808,0
0.8166626,0.18333744,0
0.9268756,0.07312437,0
0.86207175,0.13792832,0
0.49785873,0.50214124,0
0.37121168,0.62878835,0
0.04424899,0.95575094,1
0.7806425,0.21935749,0
0.69579357,0.3042064,0
0.71955895,0.2804411,0
0.82180536,0.17819464,0
0.94295734,0.05704269,0
0.6391692,0.36083078,0
0.55076754,0.44923246,0
0.45520347,0.5447966,1
0.48351532,0.5164846,1
0.7740383,0.22596167,0
0.7970439,0.20295611,0
0.8146719,0.18532816,0
0.72989774,0.27010223,0
0.8992686,0.10073139,0
0.9327753,0.06722467,0
0.9131588,0.08684125,0
0.90217763,0.097822435,0
0.88360757,0.116392404,0
0.77100664,0.22899336,0
0.71225154,0.28774852,0
0.6854469,0.31455308,0
0.4176717,0.5823283,1
0.528542,0.471458,1
0.52018803,0.47981197,1
0.46514633,0.5348537,1
0.14885175,0.85114825,1
0.73647887,0.26352113,0
0.76678544,0.23321459,0
0.8484778,0.15152226,0
0.89019316,0.109806836,0
0.9040849,0.09591503,0
0.30599615,0.6940039,1
0.15348577,0.8465142,1
0.322599,0.67740107,1
0.53580457,0.46419546,1
0.5957172,0.40428287,0
0.7227366,0.2772634,0
0.73569894,0.26430106,0
0.5685897,0.43141034,1
0.9220684,0.07793159,0
0.7479928,0.2520072,1
0.6558175,0.3441824,0
0.66154736,0.3384526,1
0.6854659,0.3145341,1
0.822056,0.17794396,0
0.6460792,0.35392082,1
0.71938837,0.28061157,0
0.82684916,0.17315084,0
0.75472915,0.24527077,0
0.7723634,0.22763656,0
0.9696848,0.030315194,0
0.97152394,0.028476082,0
0.6285916,0.3714083,0
0.79323345,0.20676652,0
0.79670477,0.20329526,0
0.7826842,0.21731581,0
0.75044113,0.24955885,0
0.6878652,0.31213483,1
0.7260961,0.27390385,0
0.9142752,0.08572475,0
0.9363919,0.06360804,0
0.96247876,0.037521247,0
0.9670739,0.03292612,0
0.9348993,0.0651007,0
0.9288056,0.07119444,0
0.9246166,0.0753834,0
0.72166204,0.278338,0
0.7465708,0.25342917,0
0.75369656,0.2463034,0
0.7964288,0.20357113,0
0.51551753,0.48448247,1
0.65489596,0.3451041,1
0.70824903,0.29175094,0
0.84923404,0.150766,0
0.90542823,0.09457178,0
0.48043588,0.51956403,1
0.4226234,0.5773766,1
0.4974896,0.50251037,1
0.69366217,0.30633783,0
0.6492562,0.35074377,1
0.94769204,0.052307956,0
0.7173379,0.28266212,0
0.6365907,0.36340925,0
0.47289076,0.52710927,1
0.6448304,0.35516953,0
0.6522107,0.3477892,0
0.7651808,0.23481914,0
0.7673929,0.23260716,0
0.756426,0.24357408,0
0.7332686,0.26673138,0
0.70384836,0.2961516,0
0.6194169,0.38058308,1
0.49448398,0.505516,1
0.6714756,0.32852444,0
0.6737048,0.32629517,0
0.582265,0.41773495,0
0.14562394,0.8543761,1
0.7291856,0.2708144,0
0.751234,0.24876603,0
0.80003464,0.19996536,0
0.68820584,0.31179413,0
0.7961474,0.20385256,0
0.83081913,0.1691809,0
0.2968394,0.70316064,1
0.31592458,0.6840754,1
0.5604238,0.43957618,0
0.6983878,0.30161226,0
0.9382467,0.06175324,0
0.9581384,0.04186156,0
0.70473033,0.29526973,0
0.23983802,0.760162,0
0.14742379,0.8525762,0
0.7172268,0.28277323,0
0.71940297,0.28059697,0
0.7370565,0.26294354,0
0.9278752,0.07212478,0
0.8960265,0.10397351,0
0.571947,0.42805305,0
0.67624533,0.3237547,0
0.62121826,0.3787817,1
0.5263121,0.4736879,1
0.6727423,0.32725772,0
0.68060637,0.31939366,0
0.8627458,0.1372542,0
0.92051804,0.07948199,0
0.9122893,0.08771066,1
0.96117765,0.038822275,0
0.5851188,0.41488123,1
0.5379599,0.46204022,1
0.57738554,0.42261443,1
0.5337548,0.46624514,1
0.6146595,0.38534048,0
0.63437873,0.36562133,0
0.9456522,0.054347835,0
0.9966863,0.0033136965,1
0.9978131,0.0021869203,0
0.4098068,0.59019315,1
0.6271499,0.37285015,0
0.6053136,0.39468643,0
0.067306645,0.9326934,1
0.5302115,0.4697885,1
0.92983633,0.07016367,0
0.9907182,0.009281824,0
0.3299624,0.67003757,1
0.06470076,0.9352992,1
0.2222366,0.7777634,1
0.20282166,0.7971783,1
0.5812114,0.41878855,0
0.35018358,0.64981645,1
0.9336719,0.06632809,0
0.95945424,0.040545747,0
0.78613526,0.21386471,0
0.047097456,0.95290256,1
0.15169187,0.84830815,1
0.16832921,0.8316708,1
0.065618284,0.9343817,1
0.61952513,0.3804749,0
0.48966578,0.51033425,0
0.9071908,0.09280919,0
0.94502157,0.054978427,0
0.9752729,0.02472711,0
0.9798892,0.020110786,0
0.924125,0.075875,0
0.79605675,0.20394327,0
0.47919384,0.52080613,0
0.33687243,0.6631276,0
0.3227773,0.6772227,0
0.19938515,0.8006148,1
0.38106924,0.6189308,1
0.0573609,0.9426392,1
0.20557803,0.794422,1
0.549173,0.45082697,0
0.06976617,0.93023384,1
0.2819549,0.7180451,1
0.2447268,0.7552732,1
0.073659845,0.9263401,1
0.059955716,0.9400442,1
0.060135365,0.9398647,1
0.069560565,0.9304394,1
0.4075884,0.5924116,0
0.7569448,0.24305524,0
0.8939363,0.1060637,0
0.94413805,0.05586201,0
0.6812808,0.3187192,0
0.03309038,0.9669096,1
0.08046102,0.9195389,1
0.37184495,0.6281551,0
0.049282577,0.95071745,1
0.168621,0.831379,1
0.35160333,0.6483967,0
0.43495947,0.5650406,0
0.047082238,0.9529177,1
0.061583288,0.93841666,1
0.16221614,0.83778393,1
0.85076755,0.14923245,0
0.9442392,0.055760767,0
0.98107255,0.01892742,0
0.4461611,0.55383897,0
0.2129368,0.78706324,0
0.3710429,0.6289571,0
0.042250566,0.95774937,1
0.42689148,0.57310855,0
0.7330268,0.26697317,0
0.7991242,0.20087585,0
0.96549535,0.034504663,0
0.94803584,0.051964153,0
0.039707556,0.96029246,1
0.013535402,0.9864646,1
0.014969921,0.9850301,1
0.6963557,0.30364427,0
0.69293475,0.30706522,0
0.26456928,0.7354307,0
0.36152634,0.6384737,0
0.35491514,0.64508486,0
0.3542539,0.6457462,0
0.49722975,0.5027703,0
0.0479038,0.95209616,1
0.38116613,0.6188339,0
0.8042449,0.19575506,0
0.7661527,0.23384732,0
0.06312071,0.9368793,1
0.05628617,0.94371384,1
0.051425114,0.94857484,1
0.438517,0.56148297,0
0.57922316,0.42077684,0
0.45285302,0.5471469,0
0.029260635,0.9707393,1
0.032784812,0.9672152,1
0.6663967,0.33360332,0
0.64639324,0.35360673,0
0.7529953,0.24700469,0
0.97304565,0.02695433,0
0.8896248,0.11037528,0
0.2588034,0.7411966,1
0.37080202,0.629198,1
0.57499504,0.42500502,0
0.69209576,0.30790424,0
0.48466974,0.51533026,0
0.045689374,0.95431066,1
0.33702895,0.662971,1
0.78187764,0.2181224,0
0.63342893,0.36657113,1
0.8193111,0.18068895,0
0.8508473,0.14915274,0
0.32260567,0.67739433,1
0.10467692,0.8953231,1
0.1179983,0.8820017,1
0.6795762,0.32042375,0
0.2699548,0.7300452,1
0.13363826,0.86636174,1
0.96057737,0.039422654,0
0.8351456,0.16485445,0
0.7248574,0.27514264,0
0.6500358,0.3499642,0
0.47535634,0.52464366,0
0.44691628,0.5530837,0
0.72510445,0.27489558,0
0.70071816,0.2992819,0
0.28188962,0.7181104,1
0.4411852,0.55881476,1
0.7109115,0.2890885,0
0.82784337,0.17215663,0
0.9173852,0.08261476,0
0.9797974,0.02020263,0
0.9881023,0.011897699,0
0.8293877,0.17061229,0
0.62376654,0.37623346,0
0.58495355,0.41504648,0
0.58583647,0.41416356,0
0.22093987,0.7790601,1
0.63708806,0.36291194,1
0.94128686,0.058713116,0
0.7598815,0.24011846,0
0.7305027,0.26949725,0
0.044147007,0.955853,1
0.43648225,0.56351775,1
0.2606926,0.73930746,1
0.050767094,0.9492329,1
0.15283944,0.8471606,1
0.47487932,0.5251206,0
0.7048265,0.2951735,0
0.59056985,0.4094301,0
0.78614086,0.21385914,0
0.8356972,0.16430286,0
0.7836995,0.21630047,0
0.2660964,0.73390365,1
0.5301492,0.46985075,0
0.58206207,0.41793793,0
0.18185091,0.8181491,1
0.66077745,0.33922255,0
0.675609,0.32439098,0
0.78125644,0.21874356,0
0.63268244,0.36731756,0
0.24669364,0.7533064,1
0.63601875,0.36398122,0
0.2725554,0.7274446,1
0.6766425,0.32335755,0
0.34593138,0.65406865,1
0.7081338,0.29186618,0
0.9486203,0.051379636,0
0.968982,0.03101798,0
0.94417536,0.05582465,0
0.8963559,0.10364403,0
0.75568163,0.24431837,0
0.044941075,0.9550589,1
0.73138386,0.26861614,0
0.6520769,0.34792316,1
0.7754634,0.22453663,0
0.78256315,0.21743688,0
0.4089388,0.59106123,1
0.032275558,0.96772444,1
0.6253841,0.3746159,0
0.63870895,0.36129108,0
0.63114774,0.36885226,0
0.6780477,0.32195222,0
0.44003287,0.5599671,1
0.8134326,0.18656743,0
0.87089974,0.12910031,0
0.5509801,0.44901994,0
0.5385067,0.4614933,0
0.54287523,0.4571248,1
0.7130959,0.28690404,0
0.72927153,0.27072838,0
0.74015695,0.25984302,0
0.7524763,0.2475237,0
0.73567253,0.2643275,0
0.5345565,0.46544352,1
0.70373416,0.2962659,0
0.7077827,0.29221728,0
0.9437435,0.05625644,0
0.9891516,0.010848413,0
0.54724604,0.4527539,0
0.4406119,0.55938804,0
0.5955869,0.40441313,0
0.54546654,0.45453346,0
0.9743707,0.025629234,0
0.9360424,0.06395759,0
0.83537304,0.16462697,0
0.5587444,0.44125563,1
0.030412922,0.96958715,1
0.03541475,0.96458524,1
0.6631295,0.33687046,0
0.02668958,0.9733104,1
0.33028015,0.6697198,1
0.7067593,0.29324067,0
0.72451794,0.275482,0
0.7148899,0.28511006,0
0.94537264,0.05462737,0
0.8869471,0.113052964,0
0.7282637,0.2717363,0
0.6810282,0.3189718,0
0.6621715,0.33782855,0
0.40230227,0.59769773,1
0.6063528,0.3936472,0
0.6918616,0.3081383,0
0.35088202,0.64911795,1
0.13103805,0.868962,1
0.75348765,0.24651232,0
0.7200188,0.2799812,0
0.9440365,0.055963576,0
0.6048518,0.39514825,0
0.057673976,0.942326,1
0.664457,0.33554295,0
0.6807856,0.3192144,0
0.6747642,0.3252358,0
0.648478,0.35152203,0
0.635366,0.36463398,0
0.6495385,0.35046145,0
0.66444254,0.33555755,0
0.66606367,0.33393636,0
0.748759,0.25124103,0
0.73655546,0.26344454,0
0.6895536,0.31044635,0
0.7428509,0.25714916,0
0.36995116,0.6300489,1
0.36679834,0.63320166,1
0.28330302,0.7166969,1
0.24698551,0.7530145,1
0.6981003,0.30189964,1
0.5677384,0.43226153,1
0.7237303,0.27626964,0
0.68262005,0.31737992,0
0.75506926,0.24493074,0
0.9293671,0.07063288,0
0.93276143,0.06723858,0
0.9106888,0.089311115,0
0.0403552,0.95964473,1
0.10430742,0.8956926,1
0.27889043,0.7211095,1
0.26039097,0.73960906,1
0.24115437,0.7588456,1
0.29646903,0.70353097,1
0.61747295,0.38252702,0
0.72350514,0.27649483,0
0.6835848,0.31641525,0
0.96980417,0.030195901,0
0.74627465,0.25372532,0
0.61205536,0.38794464,0
0.70557445,0.29442552,0
0.7056065,0.29439348,0
0.071965106,0.92803496,1
0.5749757,0.42502436,1
0.707805,0.292195,0
0.8844918,0.11550815,0
0.96398985,0.03601012,0
0.4153378,0.5846622,0
0.5109091,0.4890909,0
0.4562978,0.5437022,0
0.49597922,0.5040208,0
0.14780502,0.852195,1
0.012256714,0.98774326,1
0.34006298,0.659937,1
0.2946913,0.70530874,1
0.4491811,0.550819,0
0.9423922,0.057607796,0
0.94800395,0.05199608,0
0.016812565,0.9831874,1
0.02073418,0.97926575,1
0.024958767,0.9750412,1
0.017270822,0.9827292,1
0.67911524,0.32088476,0
0.8984868,0.101513155,0
0.94787943,0.05212057,0
0.95320976,0.046790224,0
0.9042758,0.09572425,0
0.57370746,0.42629257,0
0.022266088,0.9777339,1
0.16934973,0.8306502,1
0.13824236,0.86175764,1
0.16779985,0.8322002,1
0.70913875,0.29086125,0
0.72325784,0.27674213,0
0.7882347,0.21176532,0
0.9312151,0.06878487,0
0.032588046,0.96741194,1
0.042748895,0.95725113,1
0.6061831,0.3938169,0
0.6204584,0.37954152,0
0.6167058,0.3832942,0
0.706574,0.29342592,0
0.9897426,0.010257424,0
0.58765954,0.4123405,1
0.5418094,0.45819068,1
0.55258006,0.44741994,1
0.041004125,0.9589958,1
0.17349254,0.8265075,1
0.67806876,0.32193124,0
0.98916936,0.010830631,0
0.65129817,0.3487018,0
0.5684703,0.43152967,0
0.579498,0.42050195,1
0.6683489,0.33165112,1
0.5725613,0.42743868,1
0.99476635,0.0052336077,0
0.9906185,0.009381452,0
0.60257256,0.3974274,1
0.69513834,0.30486172,1
0.74067914,0.2593209,1
0.62940955,0.37059045,1
0.5382346,0.46176535,1
0.27642253,0.72357756,1
0.5970232,0.40297684,1
0.6369188,0.36308122,1
0.6854965,0.31450346,1
0.73368615,0.26631385,1
0.6429062,0.35709384,1
0.8991282,0.10087182,0
0.9205131,0.079486944,1
0.6079107,0.39208937,1
0.58815414,0.41184583,1
0.6108254,0.38917455,1
0.27073857,0.7292614,1
0.3570712,0.64292884,1
0.40330458,0.5966954,1
0.7936886,0.20631143,0
0.88612354,0.11387648,0
0.9938991,0.006100933,0
0.9965126,0.0034873923,0
0.9762359,0.023764025,0
0.5171153,0.4828847,1
0.58285576,0.41714427,1
0.59249705,0.40750295,1
0.036305293,0.96369475,1
0.19630721,0.8036928,1
0.24179447,0.7582055,1
0.5779362,0.42206383,0
0.76015,0.23985004,0
0.9913214,0.008678681,0
0.093990974,0.906009,1
0.08224088,0.91775906,1
0.25750196,0.74249804,1
0.20137788,0.7986221,1
0.016578184,0.98342186,1
0.12921421,0.87078583,1
0.7246312,0.2753688,0
0.72272176,0.27727833,0
0.580485,0.41951498,0
0.9443122,0.05568775,0
0.8440004,0.15599959,0
0.568738,0.431262,0
0.023779996,0.97622,1
0.5960025,0.40399748,0
0.7067966,0.29320338,0
0.73495996,0.2650401,0
0.75310576,0.24689424,0
0.8222657,0.17773435,0
0.4628258,0.5371742,1
0.6296346,0.3703654,0
0.022206075,0.977794,1
0.64365965,0.35634038,0
0.75934714,0.24065287,0
0.9799871,0.020012984,0
0.6195195,0.3804805,0
0.27687633,0.72312367,1
0.31183723,0.6881628,1
0.5443561,0.45564392,0
0.028420664,0.9715793,1
0.63382024,0.3661798,0
0.8199068,0.18009321,0
0.9178256,0.082174435,0
0.98863274,0.011367237,0
0.49184433,0.50815564,0
0.48032537,0.51967466,0
0.677808,0.322192,0
0.6920718,0.3079282,0
0.70621604,0.29378393,1
0.19456692,0.8054331,1
0.66085875,0.33914128,1
0.9524954,0.04750465,0
0.9833165,0.016683498,0
0.989036,0.010963998,0
0.99262154,0.007378464,0
0.760663,0.23933698,1
0.53591245,0.46408746,1
0.5167043,0.48329562,1
0.13818495,0.8618151,1
0.20155063,0.79844934,1
0.14663026,0.8533697,1
0.23027997,0.7697201,1
0.69024897,0.309751,1
0.8892481,0.11075196,0
0.020900182,0.9790998,1
0.0160704,0.98392963,1
0.019717809,0.9802822,1
0.08625153,0.9137485,1
0.016108269,0.9838918,1
0.5943121,0.40568796,0
0.67811954,0.32188043,0
0.8582864,0.14171356,0
0.66331303,0.336687,0
0.14325926,0.8567407,1
0.0558935,0.94410646,1
0.21688943,0.7831106,1
0.08354838,0.91645163,1
0.07760063,0.9223994,1
0.6242999,0.37570012,0
0.60719436,0.39280564,0
0.67227197,0.3277281,0
0.7774055,0.22259445,0
0.6279865,0.3720136,0
0.39931718,0.60068285,1
0.6295588,0.3704412,0
0.49923265,0.5007674,1
0.6051461,0.3948539,1
0.6940712,0.30592883,0
0.698721,0.30127907,0
0.6554572,0.3445428,1
0.68225485,0.31774515,0
0.9731872,0.026812842,0
0.9748165,0.025183512,0
0.858691,0.141309,0
0.09544495,0.904555,1
0.2461031,0.7538969,1
0.37626162,0.6237384,1
0.19848096,0.8015191,1
0.6555793,0.34442067,0
0.69457686,0.30542317,0
0.83867806,0.16132198,0
0.13283813,0.86716187,1
0.34869626,0.6513037,1
0.62288857,0.3771114,0
0.6490391,0.35096094,0
0.5756594,0.42434064,1
0.7675016,0.23249839,0
0.93867373,0.061326303,0
0.6203875,0.37961254,1
0.72189575,0.27810425,1
0.20503643,0.79496354,1
0.6735607,0.32643938,0
0.6315777,0.36842236,1
0.6659204,0.33407962,0
0.5702851,0.429715,1
0.704838,0.29516208,0
0.9620129,0.0379871,0
0.59952503,0.40047503,1
0.56681377,0.43318626,1
0.5761383,0.42386168,1
0.7004306,0.29956946,1
0.38469043,0.6153096,1
0.37877443,0.62122554,1
0.706239,0.29376101,1
0.7232232,0.27677685,0
0.98003197,0.019968046,0
0.97623944,0.023760566,0
0.35623977,0.64376026,0
0.53821695,0.4617831,0
0.6390945,0.36090562,0
0.6976341,0.30236587,0
0.7150337,0.28496632,0
0.61283606,0.38716394,0
0.638799,0.3612009,0
0.714851,0.28514898,0
0.9671349,0.03286508,0
0.14327815,0.85672194,1
0.07611779,0.9238822,1
0.13248274,0.86751723,1
0.10712644,0.8928736,1
0.6243037,0.37569633,0
0.70478106,0.29521894,0
0.20538123,0.7946188,1
0.22234046,0.77765954,1
0.09929633,0.90070367,1
0.009399154,0.9906008,1
0.008835033,0.991165,1
0.09520634,0.9047937,1
0.04085404,0.95914596,1
0.712242,0.28775802,0
0.64087427,0.35912582,0
0.93702567,0.06297437,0
0.9748532,0.025146829,0
0.9101,0.08989998,0
0.6418308,0.3581692,0
0.13780561,0.86219436,1
0.08111841,0.9188816,1
0.69712573,0.30287427,0
0.5547608,0.44523913,0
0.68597656,0.3140234,0
0.1339089,0.86609113,1
0.9804002,0.019599758,0
0.66323566,0.33676434,0
0.13730042,0.8626996,1
0.66076815,0.33923188,0
0.6647852,0.33521485,1
0.48718163,0.5128184,1
0.55895144,0.44104856,1
0.39433417,0.60566586,1
0.57216,0.42783996,1
0.97621924,0.023780765,0
0.5881476,0.41185236,1
0.656611,0.3433889,1
0.72834015,0.27165988,1
0.6577411,0.34225893,1
0.69064814,0.30935192,1
0.65637636,0.3436236,1
0.73383164,0.26616833,1
0.8593417,0.14065836,0
0.991071,0.00892909,0
0.88102025,0.11897974,0
0.47962755,0.52037245,1
0.49437693,0.50562304,1
0.43948194,0.5605181,1
0.43582982,0.5641702,1
0.34166014,0.6583399,1
0.25946602,0.74053395,1
0.72856987,0.2714301,0
0.98535526,0.0146447895,0
0.6900785,0.30992153,1
0.45873496,0.5412651,1
0.55696833,0.44303167,1
0.5595519,0.4404481,1
0.5133558,0.48664427,1
0.4571941,0.5428059,1
0.36515382,0.6348462,1
0.6359126,0.36408743,1
0.6030985,0.39690152,1
0.5543268,0.4456732,1
0.7554415,0.2445585,1
0.64300793,0.35699207,0
0.6821748,0.31782523,0
0.6488295,0.3511705,0
0.5991309,0.4008691,1
0.5931485,0.40685153,1
0.6870032,0.31299677,1
0.53735507,0.4626449,1
0.6939491,0.30605096,0
0.78618264,0.21381737,0
0.73739004,0.26260996,0
0.6248061,0.3751939,0
0.7214798,0.27852017,0
0.69410163,0.3058984,0
0.6269967,0.3730033,1
0.5776339,0.4223661,1
0.665715,0.33428505,0
0.78708375,0.2129162,0
0.8239237,0.17607631,0
0.870224,0.129776,0
0.87022454,0.1297754,0
0.6606056,0.33939436,0
0.6153719,0.38462812,1
0.7337153,0.2662847,0
0.7172484,0.2827516,0
0.66345465,0.33654538,0
0.7047425,0.29525748,0
0.72211915,0.27788094,0
0.69355756,0.3064424,0
0.58048683,0.4195132,0
0.68544203,0.314558,0
0.7072081,0.2927919,0
0.70441,0.29559004,0
0.3752498,0.6247502,1
0.6463802,0.35361987,0
0.58651733,0.4134827,0
0.52016544,0.47983456,0
0.519628,0.48037207,0
0.13931815,0.86068183,1
0.65669394,0.34330603,0
0.6364489,0.36355108,0
0.7123891,0.2876109,0
0.9393016,0.060698394,0
0.9626437,0.0373563,0
0.50970984,0.49029016,1
0.52827626,0.47172377,0
0.1893201,0.81067985,1
0.20710824,0.7928918,1
0.26725888,0.7327411,1
0.30145004,0.6985499,1
0.829865,0.17013498,0
0.9149088,0.08509114,0
0.7111231,0.28887686,0
0.6419596,0.35804042,0
0.5265196,0.47348034,1
0.44738016,0.5526199,1
0.5374501,0.46254992,1
0.49755433,0.5024457,0
0.4101081,0.58989185,1
0.64603674,0.3539633,1
0.5869055,0.4130945,1
0.6965716,0.3034284,1
0.48972884,0.5102712,0
0.47292,0.52708,0
0.6303761,0.36962393,0
0.630824,0.36917606,0
0.39427242,0.6057276,1
0.7522285,0.24777149,0
0.6060649,0.3939351,1
0.8886539,0.1113462,0
0.82734597,0.17265408,0
0.5849962,0.41500375,0
0.6607708,0.33922926,0
0.6981884,0.3018116,1
0.7526114,0.24738866,1
0.47768924,0.52231073,1
0.33417082,0.66582924,1
0.604972,0.39502797,1
0.66701037,0.3329896,1
0.86014634,0.13985373,0
0.8869133,0.11308664,0
0.58293504,0.41706493,0
0.8281065,0.17189352,0
0.56884944,0.43115056,0
0.56454027,0.43545967,0
0.6786824,0.32131764,0
0.61511177,0.38488826,0
0.50466436,0.49533564,0
0.6101355,0.38986453,0
0.7337097,0.26629028,1
0.6236361,0.37636387,1
0.63121074,0.36878926,1
0.87817484,0.12182516,0
0.65106803,0.34893197,0
0.61773664,0.3822633,0
0.6344925,0.36550742,0
0.7486654,0.25133455,0
0.49667615,0.50332385,1
0.54283154,0.45716846,1
0.7121179,0.2878821,1
0.73803,0.26196995,1
0.7101743,0.28982568,0
0.71172523,0.28827477,0
0.6996865,0.3003135,0
0.9523049,0.047695085,0
0.6552303,0.3447697,1
0.61688423,0.38311574,1
0.18650928,0.8134907,1
0.24933665,0.75066334,1
0.5918656,0.40813434,1
0.6922373,0.30776265,0
0.71308476,0.28691518,0
0.37691587,0.62308407,0
0.2955867,0.70441324,0
0.3733523,0.6266477,0
0.64414155,0.35585842,0
0.6493997,0.35060033,0
0.6623201,0.33767995,0
0.6371618,0.3628383,0
0.40623936,0.5937606,1
0.5592831,0.44071692,1
0.75012964,0.24987043,0
0.88430786,0.11569215,0
0.4826128,0.5173872,0
0.6862618,0.31373823,0
0.5245699,0.47543,0
0.5878551,0.41214487,1
0.5758592,0.42414072,1
0.58084106,0.4191589,1
0.5167386,0.48326144,0
0.75667596,0.24332403,0
0.6845837,0.31541628,0
0.39314768,0.6068523,1
0.5108641,0.48913586,1
0.6715484,0.3284516,0
0.72838974,0.27161026,0
0.7097632,0.29023674,1
0.8899732,0.11002682,0
0.6598085,0.3401915,0
0.66321945,0.33678055,1
0.6885904,0.31140956,0
0.68387574,0.31612423,0
0.6607745,0.3392255,0
0.7194907,0.28050932,0
0.7558886,0.2441114,0
0.75222677,0.24777323,0
0.74465454,0.25534543,0
0.44948548,0.5505145,1
0.053446904,0.94655305,1
0.01865434,0.9813456,1
0.7600665,0.23993345,0
0.7261041,0.2738959,0
0.75621456,0.24378549,0
0.50186235,0.49813762,1
0.6550208,0.34497923,0
0.80309284,0.19690718,0
0.83791447,0.16208555,0
0.81277126,0.18722878,0
0.6318169,0.36818308,0
0.62931126,0.3706888,0
0.6136928,0.3863071,0
0.5854477,0.41455224,0
0.74509954,0.2549004,0
0.7432291,0.25677088,0
0.7466058,0.25339422,0
0.6217191,0.37828088,1
0.6555993,0.3444007,0
0.669712,0.33028796,0
0.7118918,0.2881082,0
0.73610723,0.26389277,0
0.7047184,0.29528156,0
0.2812557,0.71874434,1
0.05108858,0.9489115,1
0.5389557,0.46104437,0
0.5440682,0.45593175,0
0.45425898,0.545741,0
0.18067834,0.81932163,1
0.25234172,0.7476583,0
0.25551355,0.74448645,0
0.3499467,0.65005326,0
0.24259588,0.7574041,1
0.7256249,0.27437508,0
0.667356,0.33264402,0
0.38897884,0.61102116,0
0.37743622,0.6225637,0
0.42914566,0.5708543,0
0.13262571,0.86737424,1
0.5536895,0.44631058,0
0.32470393,0.67529607,0
0.7275528,0.27244717,0
0.82106334,0.17893662,0
0.52245957,0.47754037,0
0.02955764,0.9704424,1
0.19569671,0.8043033,0
0.7340607,0.2659393,0
0.059827145,0.9401729,1
0.034904588,0.9650954,1
0.16031711,0.8396829,1
0.67840314,0.3215969,0
0.60340804,0.39659196,0
0.63691384,0.36308616,0
0.74035543,0.25964463,0
0.6905158,0.30948415,0
0.03889658,0.96110344,1
0.6704828,0.32951722,0
0.020955581,0.9790444,1
0.8751212,0.12487884,0
0.8947006,0.10529946,0
0.55602145,0.44397858,0
0.7266964,0.27330366,0
0.7636849,0.23631506,0
0.765714,0.23428603,0
0.61608124,0.3839187,0
0.30288354,0.6971164,1
0.69628,0.30372,0
0.68504274,0.31495726,0
0.6326282,0.3673718,1
0.75465196,0.24534804,0
0.887303,0.112696975,0
0.8094415,0.19055852,0
0.76190484,0.23809515,0
0.6867624,0.3132376,1
0.5851684,0.4148316,1
0.7193917,0.28060824,0
0.70959413,0.2904059,0
0.76177406,0.23822594,0
0.75733626,0.24266374,0
0.72801924,0.27198076,0
0.73919576,0.2608042,0
0.63618326,0.36381677,1
0.75557977,0.24442022,0
0.6536165,0.34638348,0
0.67835456,0.3216454,0
0.7378708,0.2621292,0
0.76818204,0.23181796,0
0.59268403,0.40731597,0
0.12261591,0.8773841,1
0.73075455,0.26924545,0
0.74436486,0.2556351,0
0.73174185,0.26825818,0
0.8964937,0.1035063,0
0.9843336,0.015666466,0
0.98051375,0.019486185,0
0.6749976,0.32500234,0
0.70483494,0.29516503,0
0.66329205,0.33670798,0
0.46024463,0.53975534,0
0.7274693,0.2725307,1
0.76475894,0.23524103,0
0.94339883,0.056601215,0
0.76461047,0.2353895,0
0.5483128,0.45168722,1
0.522674,0.47732598,0
0.50089484,0.49910513,0
0.5736035,0.4263965,0
0.68018925,0.3198108,0
0.5936729,0.4063271,0
0.7424848,0.25751525,0
0.6522978,0.34770218,1
0.8592391,0.14076091,0
0.547186,0.45281404,0
0.7066913,0.29330876,0
0.5493514,0.45064855,1
0.4878492,0.5121507,1
0.7023239,0.2976761,0
0.85790914,0.14209092,0
0.54850334,0.45149663,1
0.71464455,0.28535542,0
0.73374325,0.26625672,0
0.7509083,0.24909164,0
0.7694281,0.23057188,0
0.4761619,0.52383816,1
0.89347607,0.10652392,0
0.8314111,0.16858888,0
0.46830717,0.5316928,1
0.4407014,0.5592986,0
0.7328123,0.2671877,0
0.021715019,0.978285,1
0.54965764,0.4503424,0
0.56207895,0.43792105,0
0.60716397,0.392836,0
0.83910096,0.16089901,0
0.74471515,0.25528482,0
0.6886266,0.31137338,0
0.059696242,0.9403038,1
0.43902665,0.5609734,1
0.7194598,0.28054023,0
0.6950118,0.30498824,0
0.6197251,0.38027486,0
0.44461027,0.5553897,1
0.8950638,0.104936175,0
0.7836378,0.2163621,0
0.66838527,0.3316148,0
0.6611879,0.33881208,0
0.75267863,0.2473214,0
0.4491845,0.55081546,1
0.41946915,0.5805308,1
0.54268223,0.4573178,0
0.63549626,0.36450377,0
0.7386829,0.2613171,0
0.9149875,0.08501251,0
0.9495987,0.050401267,0
0.796943,0.20305696,0
0.67823255,0.32176748,0
0.5818109,0.4181891,0
0.57953894,0.42046103,0
0.56684196,0.43315804,0
0.28930014,0.71069986,0
0.2389979,0.76100206,1
0.31302986,0.6869701,1
0.6036631,0.3963369,1
0.7493217,0.25067827,0
0.03278025,0.96721977,1
0.021186175,0.9788138,1
0.22064385,0.7793562,1
0.6041432,0.39585677,0
0.6509205,0.34907952,0
0.075768135,0.9242318,1
0.17590083,0.8240992,1
0.26666948,0.7333305,1
0.03940376,0.9605962,1
0.7283857,0.27161434,0
0.59278315,0.40721685,0
0.84122634,0.15877363,0
0.83719647,0.16280358,0
0.7174638,0.28253618,0
0.70680374,0.29319635,0
0.71736103,0.28263897,0
0.6942426,0.30575743,0
0.62517273,0.37482727,0
0.5658894,0.43411055,0
0.027077792,0.9729222,1
0.11162429,0.88837564,1
0.72163135,0.27836865,0
0.5987912,0.40120885,1
0.4376386,0.56236136,1
0.74390507,0.25609493,0
0.72066927,0.27933076,0
0.42623785,0.5737621,1
0.6157547,0.38424528,0
0.9107455,0.08925447,0
0.4944947,0.5055053,1
0.7797829,0.22021715,0
0.7292336,0.27076635,0
0.5757748,0.42422524,0
0.6672579,0.3327421,1
0.5705778,0.4294222,1
0.80167127,0.1983287,0
0.6260901,0.37390995,0
0.5784824,0.42151767,1
0.003203158,0.9967969,1
0.002132092,0.9978678,1
0.01631324,0.98368675,1
0.0013607958,0.99863917,1
0.62585497,0.374145,0
0.080471255,0.9195288,1
0.10699599,0.893004,1
0.76178575,0.23821422,0
0.90991753,0.09008248,0
0.8931229,0.106877066,0
0.6072438,0.39275625,0
0.7439553,0.2560447,0
0.73323256,0.2667674,0
0.59590644,0.40409353,0
0.5836886,0.4163114,0
0.6292774,0.37072262,0
0.5810103,0.4189897,0
0.7660198,0.23398022,0
0.8409611,0.15903889,0
0.5560378,0.44396228,0
0.5422132,0.4577868,0
0.5931347,0.4068653,0
0.21693742,0.7830626,1
0.24898142,0.7510186,1
0.5510463,0.44895372,1
0.7995791,0.2004209,0
0.8915117,0.10848832,0
0.905957,0.094043,0
0.026604181,0.97339576,1
0.040647727,0.95935225,1
0.010231203,0.98976874,1
0.14473669,0.8552633,1
0.46778584,0.53221416,0
0.5958673,0.40413275,0
0.6793984,0.32060158,0
0.76697654,0.23302348,0
0.8439249,0.1560752,0
0.9000489,0.099951036,0
0.56446946,0.4355305,0
0.48751643,0.51248354,0
0.68424606,0.3157539,0
0.6996205,0.3003795,0
0.7613562,0.23864378,0
0.3341773,0.6658227,1
0.6312392,0.3687608,1
0.716646,0.28335404,1
0.56423473,0.43576527,1
0.6190735,0.38092655,0
0.68010086,0.31989917,0
0.8873705,0.11262948,0
0.14630692,0.853693,1
0.7541796,0.24582039,0
0.7249398,0.27506015,0
0.6273407,0.37265936,0
0.5077532,0.49224678,1
0.33577788,0.6642222,1
0.93157685,0.06842317,0
0.74171674,0.25828326,0
0.55486727,0.4451327,1
0.6152762,0.38472378,0
0.7115826,0.28841737,0
0.7643978,0.23560217,0
0.7618536,0.23814641,0
0.19070727,0.80929273,1
0.64853877,0.3514612,0
0.58173126,0.4182688,1
0.7660423,0.23395772,0
0.5004296,0.49957037,1
0.4575234,0.5424766,1
0.86525613,0.1347439,0
0.89349157,0.1065084,0
0.6560044,0.34399557,0
0.54831374,0.45168623,1
0.75201374,0.24798621,0
0.6050187,0.3949813,0
0.70124215,0.29875782,0
0.61077744,0.3892226,0
0.7600393,0.23996066,1
0.8508076,0.14919242,0
0.89994967,0.10005035,0
0.9844833,0.015516747,0
0.8966567,0.10334332,0
0.62468857,0.37531137,1
0.60479087,0.3952091,1
0.5476605,0.4523395,1
0.43023983,0.56976014,1
0.46627757,0.53372246,1
0.5748692,0.42513072,1
0.9032511,0.096748866,1
0.76729363,0.23270637,0
0.6076041,0.39239594,1
0.3531135,0.64688647,1
0.6965493,0.3034507,1
0.70965827,0.29034176,1
0.48350152,0.51649845,1
0.64878815,0.35121182,1
0.691402,0.30859798,1
0.7828654,0.21713461,0
0.817107,0.18289295,0
0.7413208,0.25867927,0
0.6115846,0.38841537,1
0.7271498,0.27285025,0
0.75978744,0.24021256,0
0.6050868,0.39491323,1
0.7719246,0.22807541,0
0.7420448,0.2579552,0
0.9137343,0.08626568,0
0.6226072,0.3773928,0
0.6803653,0.31963465,1
0.7138169,0.28618318,0
0.6536015,0.3463984,0
0.7875383,0.21246174,0
0.60711396,0.392886,1
0.54466164,0.45533836,1
0.5788849,0.42111507,0
0.7598191,0.24018092,0
0.73726445,0.2627356,0
0.7335291,0.26647088,0
0.74922055,0.25077945,0
0.67000896,0.32999107,1
0.711697,0.28830302,1
0.7864625,0.2135375,0
0.7750944,0.22490557,0
0.7825175,0.21748249,0
0.7153228,0.28467724,0
0.7270486,0.27295145,0
0.54587054,0.4541294,1
0.64639586,0.35360414,0
0.7421205,0.25787956,0
0.7637379,0.23626207,0
0.7967071,0.20329286,0
0.7427053,0.2572947,0
0.61425465,0.38574532,1
0.70520186,0.29479817,1
0.73802525,0.26197478,0
0.7259227,0.27407733,1
0.73411924,0.26588076,1
0.8285214,0.17147869,0
0.9620697,0.037930287,0
0.97850615,0.021493865,0
0.7620321,0.23796788,0
0.7679314,0.23206854,0
0.77611625,0.22388378,0
0.7487198,0.2512802,0
0.62479985,0.37520012,1
0.6499797,0.35002032,1
0.5626142,0.43738583,1
0.95787954,0.04212044,0
0.97902745,0.020972567,0
0.67604756,0.32395238,1
0.6960232,0.3039768,1
0.5538344,0.44616556,1
0.5919243,0.40807566,1
0.5670426,0.43295738,1
0.7803392,0.21966079,1
0.8201629,0.17983706,0
0.8772041,0.122795925,0
0.26625535,0.7337447,1
0.074477315,0.9255227,1
0.37759873,0.62240124,1
0.66901875,0.33098125,0
0.5933418,0.40665817,1
0.4336308,0.5663692,1
0.6725932,0.32740685,1
0.7251133,0.27488667,0
0.74696577,0.25303417,0
0.22396274,0.7760373,1
0.6260171,0.3739829,1
0.7400968,0.25990316,0
0.65180653,0.34819347,0
0.6069601,0.3930399,0
0.7513423,0.24865772,0
0.77641946,0.22358058,0
0.67898506,0.32101488,0
0.5382708,0.46172923,1
0.58268625,0.41731378,1
0.72144634,0.27855366,1
0.7282478,0.27175218,1
0.7072167,0.29278332,1
0.95125175,0.048748273,0
0.79213417,0.20786588,0
0.6708482,0.32915175,0
0.5939368,0.40606317,1
0.7802382,0.21976182,0
0.78418595,0.21581401,0
0.7232697,0.27673024,1
0.7845983,0.21540172,1
0.8710008,0.1289992,0
0.925777,0.07422302,0
0.9366397,0.06336029,0
0.61318725,0.38681278,1
0.6043145,0.3956855,0
0.7581352,0.24186487,0
0.7607171,0.23928285,0
0.6991667,0.30083326,1
0.7508167,0.24918331,0
0.75115585,0.2488442,0
0.9742854,0.025714573,0
0.8398641,0.16013592,0
0.8915749,0.10842511,0
0.54091734,0.45908263,0
0.63847727,0.3615227,0
0.705747,0.29425296,0
0.7174753,0.28252468,0
0.91696954,0.08303046,0
0.6564605,0.34353948,1
0.60202175,0.39797822,1
0.67304736,0.3269526,0
0.62640053,0.37359947,0
0.27410036,0.72589964,1
0.48947757,0.5105224,1
0.46688327,0.5331167,1
0.4935799,0.50642,1
0.56305647,0.43694347,1
0.76527655,0.23472348,1
0.85785174,0.1421482,1
0.9155887,0.08441129,0
0.9610595,0.03894047,0
0.90411377,0.095886186,1
0.20544,0.79455996,1
0.5419541,0.45804587,1
0.55638134,0.44361869,1
0.53233635,0.46766365,1
0.009212321,0.9907877,1
0.9216692,0.07833082,0
0.75181377,0.24818623,0
0.014062014,0.985938,1
0.02991723,0.9700827,1
0.02504391,0.9749561,1
0.41277695,0.5872231,0
0.026224367,0.9737757,0
0.0038670613,0.99613297,1
0.8303635,0.16963652,0
0.7499362,0.25006375,0
0.9182682,0.081731796,0
0.9533623,0.046637744,0
0.78737885,0.21262114,0
0.60181963,0.39818037,0
0.72442174,0.27557826,0
0.47447956,0.5255205,0
0.47524625,0.5247537,0
0.4899076,0.51009244,0
0.7488569,0.25114316,0
0.7854386,0.21456145,0
0.7806773,0.2193227,0
0.8275232,0.17247684,0
0.9710174,0.028982576,0
0.9624005,0.037599463,0
0.80434376,0.19565621,0
0.6471444,0.35285553,1
0.67995936,0.3200407,1
0.830778,0.16922197,0
0.8560093,0.14399064,0
0.84222525,0.15777478,0
0.77745306,0.222547,0
0.8630225,0.13697754,0
0.6873666,0.31263345,1
0.66028416,0.33971587,0
0.7820167,0.21798329,0
0.7008208,0.29917917,1
0.75427854,0.24572138,1
0.94418436,0.055815626,0
0.84782475,0.15217526,0
0.6460096,0.35399035,0
0.727982,0.27201802,1
0.84285766,0.15714237,0
0.67290294,0.32709706,1
0.8957181,0.10428185,0
0.6947345,0.3052655,1
0.65916866,0.3408313,1
0.6771315,0.3228686,0
0.70592,0.29408,1
0.74076885,0.25923115,0
0.7408118,0.25918812,0
0.73156565,0.26843435,0
0.61199147,0.38800853,0
0.6118057,0.3881944,1
0.58977354,0.41022646,1
0.96000135,0.03999869,0
0.79187953,0.20812042,1
0.6668074,0.33319256,1
0.20806748,0.7919325,1
0.1421753,0.85782474,1
0.46813503,0.531865,1
0.07040987,0.9295901,1
0.5552083,0.4447917,1
0.78542006,0.21457995,0
0.87436754,0.12563246,0
0.35339758,0.64660245,1
0.04281006,0.95719,1
0.7032323,0.29676774,0
0.77021897,0.22978103,0
0.8109555,0.18904449,0
0.8089856,0.19101435,0
0.7416979,0.25830212,0
0.9347626,0.06523741,0
0.95199263,0.048007354,0
0.8645511,0.13544886,0
0.6447051,0.35529482,1
0.54378444,0.4562156,1
0.59193593,0.40806407,1
0.63856125,0.36143875,1
0.6865947,0.31340525,1
0.0644006,0.93559945,1
0.76018864,0.23981133,0
0.8544275,0.14557245,0
0.9611375,0.038862564,0
0.7960559,0.20394403,0
0.6714647,0.32853538,0
0.6544971,0.3455029,0
0.6623626,0.33763742,0
0.74316883,0.25683117,0
0.76542383,0.23457617,0
0.76862967,0.23137033,0
0.745394,0.254606,0
0.86534697,0.13465296,0
0.8749174,0.12508266,0
0.79497033,0.20502962,0
0.64379096,0.356209,0
0.5494541,0.45054594,0
0.5530723,0.44692767,0
0.7225242,0.2774758,0
0.76636523,0.2336347,0
0.7851774,0.21482253,0
0.73865795,0.26134208,0
0.7227865,0.2772135,0
0.734215,0.26578492,1
0.74420017,0.2557998,0
0.615475,0.38452503,0
0.62510115,0.37489885,0
0.7042713,0.2957287,1
0.7684926,0.23150747,0
0.83066076,0.16933925,0
0.8848248,0.11517523,0
0.74201506,0.25798497,0
0.99534,0.004660066,0
0.6910268,0.3089732,0
0.72887844,0.27112162,0
0.75762576,0.2423743,0
0.71338964,0.2866104,1
0.5198405,0.48015943,1
0.6261202,0.37387976,1
0.5539986,0.44600147,1
0.54185766,0.45814234,0
0.53142667,0.46857336,0
0.53897524,0.4610248,0
0.8446157,0.1553843,0
0.93369985,0.06630007,0
0.9620417,0.03795833,0
0.9862082,0.013791816,0
0.98434424,0.01565574,0
0.8410747,0.15892534,1
0.5544097,0.44559032,1
0.724666,0.275334,1
0.74664176,0.2533583,1
0.76060927,0.23939076,1
0.7573204,0.24267954,1
0.7572734,0.24272667,1
0.89062166,0.10937827,0
0.9272501,0.07274995,0
0.96959823,0.03040183,0
0.9458567,0.05414327,0
0.7404195,0.2595805,1
0.72138137,0.27861857,1
0.8007929,0.19920713,0
0.8221962,0.17780381,0
0.80441046,0.19558953,1
0.707613,0.29238695,1
0.94043344,0.059566613,0
0.9674606,0.032539435,0
0.97249687,0.027503176,0
0.92216724,0.077832684,0
0.60865754,0.39134252,1
0.75683767,0.2431623,1
0.14787708,0.8521229,1
0.6962146,0.30378538,1
0.7707751,0.22922492,0
0.95970196,0.040298074,0
0.91309386,0.086906075,0
0.56192994,0.43807012,1
0.4691681,0.530832,1
0.4751379,0.5248621,1
0.5971805,0.4028195,0
0.63932306,0.36067685,0
0.6659796,0.33402038,0
0.75231427,0.24768573,0
0.7595907,0.24040928,0
0.7407277,0.2592723,0
0.03214678,0.9678532,1
0.010985616,0.9890143,1
0.016946603,0.9830534,1
0.025242588,0.9747574,1
0.015573754,0.98442626,1
0.0071716923,0.9928283,1
0.54389304,0.45610693,0
0.8120053,0.18799472,0
0.7403923,0.2596077,0
0.7268903,0.27310973,0
0.6065649,0.39343512,0
0.72191703,0.27808294,0
0.9485869,0.051413067,0
0.9805283,0.019471634,0
0.9917299,0.008270085,0
0.6153724,0.38462752,0
0.6302428,0.3697571,0
0.73989326,0.26010677,0
0.77417636,0.22582363,0
0.7895434,0.21045661,0
0.4605925,0.53940755,0
0.23641446,0.76358557,1
0.6474382,0.35256174,0
0.58238095,0.41761908,0
0.93724597,0.06275404,0
0.6964522,0.30354783,0
0.72851104,0.27148893,0
0.2998952,0.7001048,1
0.5553403,0.4446597,1
0.58345145,0.41654858,0
0.9901996,0.009800391,0
0.23768021,0.7623198,1
0.018330945,0.9816691,1
0.20116372,0.79883623,1
0.3139199,0.6860801,1
0.53793335,0.46206665,0
0.72053516,0.2794648,0
0.6434082,0.3565918,0
0.75609344,0.24390656,0
0.7417614,0.25823855,0
0.7982454,0.20175464,0
0.86460644,0.13539359,0
0.9122193,0.0877807,0
0.94540757,0.054592434,0
0.9480244,0.051975597,0
0.65433794,0.34566203,1
0.024296094,0.97570384,1
0.11935577,0.8806442,1
0.14419882,0.8558012,1
0.09048046,0.90951955,1
0.0066135186,0.99338645,1
0.048894323,0.9511057,1
0.7395963,0.26040366,0
0.6412216,0.35877848,0
0.8216194,0.17838064,0
0.8913078,0.10869224,0
0.9256883,0.07431166,0
0.009756372,0.9902436,1
0.16955154,0.83044845,0
0.041783195,0.9582168,1
0.10962409,0.8903759,0
0.75578374,0.24421623,0
0.7683612,0.2316388,0
0.89869887,0.10130116,0
0.94508505,0.054914966,0
0.46348977,0.5365102,0
0.716984,0.28301606,0
0.5392383,0.4607618,0
0.50612396,0.493876,0
0.6398191,0.36018085,0
0.767697,0.23230298,0
0.76687497,0.23312508,0
0.75356174,0.24643822,0
0.6655909,0.33440918,0
0.74125195,0.25874808,0
0.65839005,0.34160998,1
0.51303375,0.48696628,1
0.93653536,0.063464664,0
0.8921886,0.107811406,0
0.75789964,0.24210042,0
0.7638722,0.23612772,0
0.8056173,0.19438277,1
0.7547429,0.24525706,1
0.9896095,0.010390501,0
0.63428694,0.36571303,1
0.5962911,0.40370888,1
0.8138539,0.18614607,0
0.8775697,0.12243025,0
0.8709104,0.12908964,0
0.7912362,0.2087638,1
0.99494934,0.0050506904,0
0.9959557,0.004044338,0
0.8154414,0.18455857,1
0.68000245,0.31999758,1
0.73944104,0.26055893,1
0.57287055,0.42712948,1
0.55901146,0.44098857,1
0.94904214,0.050957836,0
0.9688938,0.031106217,0
0.97969913,0.020300902,0
0.9879117,0.012088366,0
0.6983067,0.30169332,0
0.35019097,0.649809,1
0.73808765,0.26191238,0
0.5147852,0.48521477,0
0.76315385,0.23684612,0
0.7144405,0.28555942,0
0.622257,0.377743,0
0.8072281,0.19277185,0
0.8434656,0.15653442,0
0.8710809,0.12891918,1
0.77181876,0.2281812,0
0.7768333,0.22316664,1
0.8206008,0.17939927,1
0.9249876,0.07501236,0
0.7972661,0.20273387,0
0.70692307,0.2930769,1
0.71373665,0.2862634,0
0.7197037,0.2802963,0
0.7955776,0.2044224,0
0.8096983,0.19030166,0
0.86352646,0.13647349,0
0.88271517,0.117284805,0
0.62688947,0.37311053,1
0.7891127,0.21088733,0
0.7979024,0.20209765,1
0.94531703,0.054683,0
0.99058294,0.009417091,0
0.9945927,0.0054073106,0
0.9814819,0.018518152,0
0.8265343,0.17346571,1
0.65689176,0.34310824,0
0.61343235,0.38656768,1
0.74595815,0.25404188,1
0.76483417,0.23516582,1
0.8495017,0.15049829,0
0.8665529,0.13344711,1
0.98892725,0.011072756,0
0.18251581,0.81748414,1
0.47318998,0.52681005,1
0.5148764,0.4851236,1
0.7068011,0.29319894,1
0.74808264,0.2519174,0
0.78494644,0.2150536,0
0.8032565,0.19674346,0
0.8388123,0.16118765,0
0.96360916,0.036390867,0
0.9883803,0.01161964,0
0.75908554,0.24091448,0
0.6942553,0.30574474,0
0.60847485,0.39152512,0
0.7954405,0.20455949,0
0.8897711,0.110228926,0
0.81715274,0.18284729,1
0.79968876,0.20031123,1
0.7077419,0.29225805,1
0.9418776,0.058122367,0
0.8010283,0.1989717,0
0.7904702,0.20952979,0
0.8098125,0.19018747,0
0.510586,0.48941392,1
0.90191424,0.09808573,0
0.9937343,0.006265748,0
0.9907414,0.009258605,0
0.96125025,0.038749784,0
0.6249716,0.37502837,1
0.16751663,0.8324833,1
0.06493656,0.9350634,1
0.12528808,0.87471193,1
0.121845,0.878155,1
0.25077716,0.7492229,1
0.78667116,0.2133289,0
0.98950213,0.010497865,0
0.98994434,0.010055648,0
0.9655056,0.03449442,0
0.77692324,0.22307676,0
0.59862924,0.40137076,0
0.12523985,0.87476015,1
0.038374536,0.96162546,1
0.03449223,0.9655078,1
0.041066106,0.9589339,1
0.46796525,0.53203475,0
0.22728465,0.7727154,1
0.93581915,0.06418081,0
0.23577847,0.76422155,0
0.032774664,0.9672253,1
0.054400302,0.94559973,1
0.39449358,0.60550636,0
0.5037153,0.49628472,0
0.43653598,0.563464,0
0.7966382,0.20336187,0
0.8412268,0.15877317,0
0.7487661,0.25123388,0
0.51401997,0.48598003,0
0.15023082,0.8497692,1
0.18005003,0.81995,1
0.19442296,0.80557704,1
0.49304682,0.5069531,1
0.8657564,0.1342436,0
0.83995503,0.16004501,0
0.8380149,0.16198508,0
0.8193912,0.18060884,0
0.966854,0.033146027,0
0.9822641,0.01773597,0
0.80117357,0.19882636,0
0.24159856,0.75840145,1
0.48410723,0.51589274,1
0.5849596,0.41504034,1
0.73814034,0.26185963,0
0.777464,0.222536,0
0.7843719,0.21562806,0
0.80050874,0.19949129,0
0.8100281,0.18997186,0
0.9938778,0.0061221397,0
0.9940777,0.0059223548,0
0.7971956,0.20280442,0
0.743004,0.256996,0
0.8015743,0.19842567,0
0.82095975,0.17904025,0
0.834353,0.16564699,0
0.8025449,0.19745508,1
0.8127255,0.18727452,0
0.76228654,0.23771353,0
0.996335,0.003664969,0
0.8725761,0.12742391,1
0.7209221,0.27907783,1
0.70545137,0.29454872,1
0.60442346,0.3955765,1
0.5956934,0.40430653,1
0.7125935,0.28740653,1
0.81535625,0.18464373,1
0.9505815,0.049418457,1
0.9907575,0.009242488,0
0.8611197,0.13888027,1
0.66082555,0.33917442,1
0.41438442,0.58561563,1
0.08399041,0.9160096,1
0.65910196,0.3408981,0
0.7805105,0.21948954,0
0.9500468,0.04995318,0
0.97397214,0.026027797,0
0.9796551,0.02034497,0
0.8597119,0.14028814,0
0.4463394,0.5536606,1
0.3702885,0.6297115,1
0.096948616,0.90305144,1
0.5790691,0.42093095,0
0.029402576,0.97059745,1
0.19559689,0.8044031,1
0.7431563,0.2568437,0
0.9068438,0.093156256,0
0.97597015,0.024029871,0
0.94821864,0.051781274,0
0.035771888,0.9642281,1
0.77603155,0.22396837,0
0.62382025,0.37617972,1
0.9766457,0.02335428,0
0.40633616,0.5936639,0
0.5103794,0.48962066,0
0.42325214,0.5767479,1
0.81121624,0.18878374,0
0.8503449,0.14965512,0
0.8202891,0.17971097,0
0.6800362,0.31996384,0
0.918518,0.081481986,0
0.96134126,0.038658723,0
0.9846378,0.015362137,0
0.9538952,0.04610475,0
0.1606222,0.83937776,1
0.6678497,0.33215025,0
0.68868405,0.311316,0
0.6810919,0.3189081,1
0.7862167,0.21378337,1
0.78001434,0.21998562,0
0.8136797,0.18632029,1
0.41245785,0.58754224,1
0.48761284,0.5123871,1
0.4827054,0.51729465,1
0.9750243,0.024975678,0
0.21239087,0.7876091,1
0.26560292,0.73439705,1
0.3988084,0.6011916,1
0.7407084,0.2592916,0
0.66836184,0.33163813,0
0.38698637,0.6130136,1
0.46470743,0.5352926,1
0.49730337,0.50269663,1
0.73661715,0.26338288,0
0.9764231,0.023576856,0
0.9941294,0.005870551,0
0.99777895,0.0022210036,0
0.8536485,0.14635158,0
0.7529981,0.2470019,0
0.7204617,0.2795383,0
0.76059085,0.23940922,0
0.77936834,0.22063166,0
0.8090386,0.19096142,0
0.80904216,0.19095784,0
0.7733713,0.22662877,0
0.6233014,0.37669864,1
0.58588934,0.41411063,1
0.90562063,0.09437935,0
0.9600846,0.03991533,0
0.08841288,0.9115871,1
0.11101173,0.88898826,1
0.27025852,0.7297415,1
0.3431132,0.6568868,1
0.38518134,0.6148187,1
0.062729664,0.93727034,1
0.40485963,0.59514034,1
0.6807745,0.31922546,0
0.51785254,0.48214749,1
0.97048396,0.02951609,0
0.9701801,0.02981988,0
0.2630672,0.7369328,1
0.051478226,0.9485218,1
0.051465977,0.948534,1
0.09223524,0.9077648,1
0.46147335,0.53852665,0
0.7100133,0.28998673,0
0.7845619,0.2154381,0
0.6608314,0.33916867,0
0.9361113,0.06388875,0
0.9677416,0.032258343,0
0.9763866,0.023613395,0
0.6117108,0.3882892,1
0.27775308,0.7222469,1
0.27756998,0.72243,1
0.7079471,0.29205287,0
0.78292954,0.21707043,0
0.8284442,0.17155585,0
0.7904961,0.20950386,0
0.7979811,0.20201889,1
0.695227,0.30477297,1
0.9518435,0.048156504,0
0.35320663,0.64679337,1
0.07735293,0.922647,1
0.08303353,0.91696644,1
0.66963524,0.33036473,1
0.72911435,0.27088568,0
0.47736883,0.5226311,1
0.81317,0.18683001,0
0.80448806,0.1955119,0
0.97808594,0.021914061,0
0.98489326,0.015106729,0
0.985038,0.014962019,0
0.97975105,0.020248914,0
0.9485342,0.051465802,0
0.569304,0.43069604,0
0.14971991,0.85028005,1
0.17161024,0.82838976,1
0.12346097,0.876539,1
0.7786189,0.22138111,0
0.7506396,0.24936041,0
0.99314284,0.0068570846,0
0.9524032,0.047596842,0
0.79489875,0.20510128,0
0.6806151,0.31938487,0
0.7534673,0.24653268,0
0.7627939,0.23720612,0
0.77406955,0.22593047,0
0.7814304,0.21856959,0
0.77334565,0.22665434,0
0.92606574,0.073934264,0
0.9655439,0.03445609,0
0.9975261,0.0024739257,0
0.9977124,0.0022876216,0
0.9970862,0.0029138015,0
0.681949,0.31805098,1
0.546275,0.45372498,1
0.7520236,0.24797645,1
0.92403597,0.07596403,0
0.96199095,0.038009107,0
0.81673425,0.18326576,1
0.5755127,0.42448732,1
0.28900418,0.7109958,1
0.31164944,0.6883506,1
0.62896353,0.37103647,0
0.7812561,0.21874392,0
0.7959923,0.20400771,0
0.9219726,0.078027375,0
0.9310739,0.06892612,0
0.30253047,0.69746953,1
0.31325006,0.68674994,1
0.60434943,0.39565057,1
0.755508,0.24449202,0
0.98266244,0.017337572,0
0.98704773,0.012952188,0
0.8189111,0.18108897,1
0.82842195,0.17157805,0
0.7217948,0.2782052,0
0.40287656,0.59712344,1
0.7451516,0.25484845,0
0.82803553,0.17196444,0
0.8331299,0.16687015,0
0.84233296,0.15766704,0
0.8348849,0.16511513,0
0.77359384,0.22640617,0
0.5505846,0.44941536,0
0.37339586,0.6266041,1
0.42289498,0.577105,1
0.4616104,0.53838956,1
0.44443887,0.5555611,1
0.6709528,0.3290472,1
0.7317905,0.26820946,1
0.93533695,0.064663045,0
0.95827806,0.041721918,0
0.6363286,0.3636714,1
0.469984,0.530016,1
0.49877974,0.5012202,0
0.14604555,0.85395443,1
0.22368278,0.77631724,1
0.19834352,0.8016565,1
0.064812645,0.93518734,1
0.34401926,0.6559807,1
0.65563846,0.3443615,0
0.69558066,0.30441937,0
0.74931806,0.2506819,0
0.81410843,0.18589158,0
0.9574196,0.042580344,0
0.98206526,0.017934773,0
0.7828488,0.21715122,0
0.67554766,0.32445237,0
0.621132,0.37886795,0
0.5888094,0.41119066,0
0.78670853,0.21329142,0
0.8366061,0.1633939,0
0.7806826,0.21931739,0
0.9395151,0.060484882,0
0.9616095,0.03839055,0
0.7018963,0.2981037,1
0.5708569,0.42914313,1
0.5633992,0.43660086,1
0.57471865,0.42528132,1
0.5743219,0.42567804,1
0.5559515,0.44404858,1
0.5713247,0.4286753,1
0.50283694,0.4971631,1
0.49689272,0.50310725,1
0.40042636,0.5995736,1
0.98384213,0.016157877,0
0.8096286,0.19037141,0
0.6405813,0.35941866,1
0.5541125,0.44588748,1
0.5532608,0.4467392,1
0.70216066,0.29783934,1
0.77684325,0.22315682,0
0.76379836,0.23620161,0
0.75677615,0.24322379,0
0.78211004,0.21788993,0
0.76033646,0.23966354,0
0.7655883,0.23441175,0
0.7706503,0.2293497,0
0.7215919,0.27840817,0
0.82436466,0.17563537,0
0.84950984,0.15049013,0
0.9107689,0.08923106,0
0.9866268,0.013373167,0
0.85867286,0.14132714,0
0.53659886,0.4634012,1
0.8127646,0.18723544,0
0.83039325,0.16960667,0
0.8487513,0.15124875,0
0.79337066,0.20662935,1
0.83138126,0.16861871,0
0.846731,0.15326901,0
0.7937996,0.20620042,0
0.80249995,0.19750005,1
0.4917269,0.50827307,1
0.4775985,0.52240145,1
0.54398626,0.45601377,1
0.59708744,0.40291256,1
0.68719816,0.3128018,1
0.8188973,0.18110265,0
0.8420515,0.15794851,0
0.90761656,0.09238338,0
0.94711834,0.052881714,0
0.96490324,0.035096794,0
0.97906864,0.020931382,0
0.41770956,0.5822904,1
0.35186636,0.64813364,1
0.39279816,0.60720176,1
0.5016414,0.4983586,1
0.7349968,0.2650032,1
0.84415925,0.15584075,0
0.8057953,0.1942047,0
0.831505,0.16849498,0
0.80899733,0.19100268,0
0.49194297,0.508057,1
0.3939252,0.6060748,1
0.38613605,0.61386395,1
0.4173874,0.5826125,1
0.74073035,0.25926968,0
0.7566851,0.24331492,1
0.95842147,0.041578513,0
0.99004155,0.009958434,0
0.95328015,0.046719838,0
0.9032877,0.09671225,0
0.72318715,0.2768128,0
0.5313673,0.46863273,1
0.83662665,0.16337329,0
0.79753286,0.20246713,0
0.68215746,0.31784254,1
0.7842386,0.21576142,0
0.7144148,0.28558522,1
0.8056254,0.19437465,0
0.91672176,0.08327831,0
0.99748045,0.0025195298,0
0.9973399,0.0026600864,0
0.9690475,0.030952495,0
0.8093663,0.19063374,0
0.6331646,0.36683545,0
0.706195,0.293805,0
0.7814637,0.2185363,0
0.41245174,0.5875483,1
0.33534494,0.6646551,1
0.91278416,0.08721583,1
0.9952832,0.00471682,0
0.7422375,0.2577625,1
0.5618456,0.43815443,1
0.48825222,0.5117478,1
0.20023078,0.7997692,1
0.22223589,0.77776414,1
0.0398101,0.96018994,1
0.3681752,0.63182485,1
0.7331402,0.26685986,0
0.8667487,0.13325126,0
0.93272513,0.06727486,0
0.92877513,0.07122483,0
0.8238049,0.1761951,0
0.029356314,0.97064364,1
0.13222408,0.867776,1
0.50028104,0.49971893,0
0.8541054,0.14589463,0
0.9796413,0.020358631,0
0.6913839,0.30861607,0
0.76710516,0.23289478,0
0.78622323,0.21377674,0
0.80662405,0.19337595,0
0.9882245,0.011775546,0
0.81777143,0.1822286,0
0.2705779,0.7294221,1
0.3108099,0.6891901,1
0.27707577,0.7229243,1
0.31460947,0.68539053,1
0.35143635,0.6485637,1
0.5902796,0.40972042,1
0.6665857,0.33341435,1
0.7703623,0.22963764,0
0.95472485,0.045275133,0
0.9084103,0.091589615,0
0.3061393,0.6938607,1
0.2336002,0.76639974,1
0.75765485,0.24234518,0
0.7996934,0.20030656,0
0.99129117,0.008708898,0
0.80281156,0.19718844,0
0.7451909,0.25480914,0
0.49061668,0.50938326,1
0.81023747,0.18976255,0
0.8226159,0.17738405,0
0.7775143,0.22248568,0
0.7645016,0.23549849,0
0.8178728,0.18212718,0
0.8153696,0.1846304,0
0.8728146,0.12718543,0
0.99048305,0.009517001,0
0.9945563,0.005443688,0
0.9963714,0.0036286092,0
0.99478525,0.005214825,0
0.9566949,0.04330507,0
0.8846153,0.115384705,0
0.6645025,0.33549753,0
0.51771396,0.48228613,1
0.5968503,0.4031497,1
0.6031608,0.39683917,1
0.4602116,0.5397884,1
0.4753604,0.5246396,1
0.9063723,0.09362771,0
0.9156142,0.08438579,0
0.9777518,0.022248147,0
0.85184443,0.14815554,1
0.38999692,0.6100031,1
0.35786715,0.6421329,1
0.13154955,0.86845046,1
0.13249332,0.8675066,1
0.31800053,0.68199944,1
0.44197294,0.5580271,1
0.975873,0.02412705,0
0.9815214,0.01847856,0
0.634525,0.365475,1
0.61478144,0.3852186,1
0.5660333,0.4339667,1
0.5740196,0.42598042,1
0.626294,0.37370595,1
0.6290441,0.3709559,1
0.7508686,0.2491314,0
0.8066706,0.19332938,0
0.80790514,0.19209488,0
0.74296755,0.25703248,1
0.94066364,0.05933633,0
0.9383085,0.061691597,0
0.8971056,0.10289445,1
0.5554633,0.4445367,1
0.6176783,0.3823217,1
0.57756346,0.4224365,1
0.5997153,0.40028474,1
0.76637167,0.2336283,0
0.776553,0.22344697,0
0.89461213,0.105387844,0
0.82742584,0.17257413,1
0.5939656,0.4060344,1
0.39387324,0.6061268,1
0.38486382,0.61513627,1
0.41245818,0.5875418,1
0.3720225,0.62797755,1
0.47011098,0.52988905,1
0.7388287,0.2611713,1
0.7271887,0.2728113,1
0.7523131,0.24768691,1
0.72736615,0.27263388,1
0.75259113,0.2474089,1
0.094191715,0.90580827,1
0.36247635,0.6375237,1
0.11223291,0.8877671,1
0.39176753,0.60823244,1
0.519146,0.48085397,1
0.3888591,0.6111409,1
0.45798478,0.5420153,1
0.73872167,0.2612783,0
0.7193114,0.28068858,0
0.7829817,0.21701837,0
0.84217507,0.1578249,0
0.9115052,0.08849482,0
0.6938246,0.30617538,1
0.59599346,0.4040065,1
0.58791023,0.41208974,1
0.6677781,0.33222196,1
0.74477804,0.25522193,1
0.7718126,0.22818741,0
0.4680926,0.5319074,1
0.42589387,0.57410616,1
0.40247425,0.5975258,1
0.38169903,0.618301,1
0.38990074,0.6100993,0
0.9174472,0.08255277,0
0.9305306,0.06946941,0
0.991021,0.008979053,0
0.91949356,0.08050642,1
0.06936087,0.93063915,1
0.14697072,0.85302925,1
0.66344887,0.33655113,0
0.7229021,0.27709794,0
0.7630964,0.23690362,0
0.80540514,0.19459482,0
0.95266926,0.047330726,0
3.2443242e-14,1.0,1
1.7288661e-16,1.0,1
0.83735263,0.16264735,0
0.8888662,0.111133836,0
0.22272325,0.7772767,0
0.023802035,0.976198,0
0.0012250878,0.99877495,1
2.8256866e-06,0.99999714,1
0.00014266782,0.9998573,1
0.00013975197,0.9998603,1
0.40384674,0.5961533,0
0.7658872,0.23411277,0
0.79977185,0.2002281,0
0.8977063,0.10229376,0
0.9317498,0.068250135,0
0.8668288,0.13317128,0
0.65558034,0.34441963,0
0.22495596,0.77504396,0
0.099933244,0.9000668,0
0.3508187,0.6491813,0
0.045412634,0.95458734,0
0.03120227,0.9687977,1
0.20313212,0.79686785,0
0.16983211,0.83016795,0
0.62253684,0.3774632,0
0.7007466,0.2992534,0
0.7940767,0.20592327,0
0.7825383,0.21746169,0
0.8490422,0.15095781,0
0.9062104,0.09378951,0
0.79607934,0.2039207,0
0.658166,0.341834,0
0.58543706,0.414563,0
0.4315504,0.5684496,0
0.6090133,0.39098668,0
0.7346731,0.26532692,0
0.76915604,0.23084399,0
0.7785455,0.22145453,0
0.980099,0.019900937,0
0.98627615,0.013723817,0
0.98897076,0.011029325,0
0.58759356,0.41240644,1
0.6645957,0.33540425,0
0.7155619,0.28443816,1
0.76852316,0.23147681,0
0.9288987,0.071101345,0
0.951358,0.04864196,0
0.96928835,0.03071165,0
0.992728,0.007272053,0
0.98419446,0.015805556,0
0.70659983,0.2934002,0
0.72003263,0.27996734,0
0.72303283,0.27696714,0
0.68829876,0.3117013,1
0.6383052,0.36169484,1
0.58732486,0.41267517,1
0.52640694,0.47359315,1
0.5578236,0.44217643,1
0.47853595,0.52146405,1
0.60739195,0.39260796,1
0.64967436,0.3503257,1
0.9367787,0.06322129,1
0.9865905,0.013409551,0
0.98746103,0.0125389565,0
0.4637534,0.53624654,1
0.33598062,0.66401947,1
0.50440156,0.49559844,1
0.5051404,0.49485964,1
0.75812656,0.24187346,1
0.68882996,0.31117,1
0.81256664,0.18743336,0
0.84703195,0.15296811,1
0.9143425,0.08565747,1
0.9716906,0.02830935,0
0.79751444,0.20248552,1
0.65459454,0.34540552,0
0.19654194,0.80345803,1
0.21572332,0.7842767,1
0.037042573,0.9629574,1
0.009587449,0.99041253,1
0.3593405,0.64065945,0
0.6720533,0.32794675,0
0.61541694,0.38458306,0
0.78192157,0.21807839,0
0.7840605,0.21593952,0
0.9235105,0.076489516,0
0.7453919,0.25460806,0
0.61663514,0.3833649,0
0.808561,0.19143894,0
0.8233479,0.17665209,0
0.8089223,0.1910778,0
0.80792433,0.19207567,0
0.9706636,0.029336432,0
0.9800873,0.019912735,0
0.7333489,0.26665112,1
0.80861396,0.19138601,1
0.816315,0.18368497,1
0.80072415,0.19927582,1
0.7603371,0.23966289,0
0.8768167,0.12318326,1
0.962991,0.037009016,0
0.9684702,0.03152975,0
0.78678745,0.2132126,1
0.39183182,0.60816824,1
0.34725785,0.6527421,1
0.04633734,0.95366263,1
0.8065228,0.19347724,0
0.7939122,0.20608778,0
0.83579224,0.16420777,0
0.75853306,0.2414669,0
0.8299691,0.17003088,0
0.934506,0.06549396,0
0.95449674,0.045503218,0
0.8276021,0.17239794,0
0.4823273,0.5176727,1
0.54035753,0.4596424,1
0.5767178,0.4232822,1
0.69526184,0.3047382,1
0.65162206,0.34837797,1
0.8369386,0.1630614,0
0.7948226,0.20517749,0
0.9888136,0.011186436,0
0.99196,0.0080400305,0
0.97413075,0.02586932,0
0.8341242,0.16587578,0
0.65134066,0.34865934,0
0.6465031,0.3534969,0
0.64620876,0.35379127,0
0.5689314,0.43106863,0
0.5414513,0.4585487,0
0.44550768,0.55449235,1
0.43615028,0.5638497,0
0.92544395,0.07455604,0
0.95872295,0.041277044,0
0.96233505,0.03766502,0
0.3222942,0.6777058,1
0.49117488,0.5088251,0
0.69444454,0.3055555,0
0.53602463,0.46397537,0
0.7086384,0.2913616,0
0.77339065,0.2266094,0
0.74521023,0.25478974,0
0.92907995,0.070920095,0
0.96403086,0.035969105,0
0.96412295,0.035877056,0
0.48656577,0.5134342,1
0.7626398,0.23736021,0
0.801038,0.19896193,0
0.8166126,0.18338741,0
0.8422759,0.15772416,0
0.83919513,0.16080481,0
0.75078595,0.2492141,1
0.7866707,0.21332927,1
0.8697192,0.13028078,0
0.95055586,0.04944416,0
0.7426334,0.2573666,1
0.709627,0.29037312,1
0.72203565,0.27796435,0
0.7678673,0.23213273,0
0.79019,0.20981002,0
0.8067619,0.1932381,0
0.82382566,0.17617434,1
0.82311904,0.17688096,1
0.795349,0.20465101,0
0.8217252,0.17827478,0
0.81513,0.18486999,0
0.8149782,0.18502177,0
0.9525611,0.04743893,0
0.9757018,0.024298228,0
0.9891065,0.010893481,0
0.74961513,0.25038484,1
0.7288868,0.27111316,1
0.32864434,0.6713556,1
0.7852593,0.21474071,0
0.82612234,0.17387769,0
0.7780039,0.22199614,0
0.82243586,0.17756413,0
0.9695757,0.030424312,0
0.9704953,0.029504733,0
0.767986,0.23201402,0
0.7720728,0.22792725,0
0.77837825,0.22162177,0
0.749599,0.25040096,0
0.7650978,0.2349022,1
0.7493466,0.2506534,1
0.78450847,0.21549153,1
0.8645718,0.1354282,0
0.9603614,0.039638594,0
0.9787217,0.021278283,0
0.6907666,0.30923343,0
0.37016356,0.62983644,1
0.6388572,0.36114284,1
0.61560196,0.384398,1
0.6577063,0.34229368,1
0.79773617,0.20226388,0
0.7499787,0.25002128,0
0.90726894,0.09273105,0
0.98495007,0.015049886,0
0.99040484,0.009595205,0
0.99332505,0.006674977,0
0.9934776,0.0065223477,0
0.7255007,0.27449924,0
0.58147943,0.41852054,0
0.6374053,0.3625947,0
0.577206,0.42279395,0
0.51161724,0.48838282,1
0.50069237,0.49930763,1
0.43010667,0.56989336,0
0.91647536,0.08352469,0
0.9475133,0.052486736,0
0.94874793,0.05125208,0
0.5653879,0.4346121,1
0.69199747,0.3080025,0
0.59588265,0.40411732,0
0.66287065,0.33712932,0
0.7190629,0.28093714,0
0.70693684,0.29306316,0
0.9243691,0.07563088,0
0.9504441,0.04955591,0
0.88165975,0.11834031,0
0.72274554,0.27725452,0
0.6735904,0.3264096,1
0.7039807,0.29601932,1
0.7396011,0.2603989,0
0.7844117,0.2155883,1
0.79368144,0.20631851,1
0.81519264,0.18480732,0
0.9682737,0.03172631,0
0.9346559,0.06534406,0
0.6027694,0.39723065,1
0.68161255,0.31838745,0
0.20034039,0.79965967,1
0.2554241,0.7445759,1
0.3435934,0.6564066,1
0.73313665,0.2668634,0
0.7707494,0.22925068,0
0.7817824,0.21821764,0
0.7853975,0.21460247,0
0.7351131,0.2648869,0
0.81937116,0.18062885,0
0.8896026,0.11039745,0
0.9658585,0.03414141,0
0.65559435,0.34440565,1
0.51688737,0.48311263,1
0.21985222,0.7801478,1
0.7810135,0.21898648,0
0.7829906,0.21700941,0
0.8337679,0.16623211,0
0.79642814,0.20357186,1
0.8102567,0.18974327,0
0.9556807,0.044319328,0
0.97508234,0.024917629,0
0.9382921,0.06170797,0
0.7307543,0.2692457,1
0.7347887,0.26521125,0
0.73446614,0.26553386,0
0.8377773,0.16222271,0
0.82091486,0.17908512,0
0.8421548,0.15784515,0
0.8211697,0.17883036,1
0.86341476,0.13658525,0
0.6925304,0.3074696,1
0.7419812,0.25801876,1
0.68825185,0.31174806,1
0.6327056,0.36729437,1
0.76075006,0.23925002,1
0.75367975,0.24632026,1
0.809981,0.19001903,0
0.927183,0.072817035,0
0.9918908,0.008109206,0
0.9130772,0.08692285,0
0.6505429,0.3494571,1
0.35602748,0.6439726,1
0.27849182,0.72150815,1
0.3218702,0.6781298,1
0.39833504,0.6016649,0
0.92705387,0.07294621,0
0.34705722,0.6529428,1
0.42073685,0.57926315,1
0.07123786,0.9287621,1
0.26630187,0.73369807,1
0.5793777,0.42062226,0
0.6802753,0.3197247,0
0.7541803,0.2458197,0
0.7503274,0.2496726,0
0.45411667,0.5458833,1
0.68345886,0.31654117,0
0.6377756,0.3622244,0
0.63048637,0.36951363,0
0.55270725,0.44729275,0
0.64128256,0.3587175,0
0.7432412,0.25675878,0
0.7987768,0.20122318,1
0.992159,0.007841049,0
0.9936195,0.0063804802,0
0.9858687,0.014131307,0
0.65856403,0.341436,1
0.7351846,0.26481536,1
0.7688192,0.23118079,1
0.78289396,0.21710598,1
0.7961545,0.20384546,1
0.81577677,0.18422319,0
0.8407749,0.15922514,0
0.71962386,0.28037608,0
0.8102294,0.18977064,0
0.6978763,0.30212376,0
0.8036918,0.19630821,1
0.99920803,0.0007920481,0
0.9992494,0.0007505707,0
0.90272117,0.09727881,1
0.93452746,0.06547261,0
0.9362732,0.06372682,0
0.99299014,0.0070098704,0
0.99199283,0.008007201,0
0.998323,0.0016769726,0
0.989763,0.010236942,0
0.62526315,0.37473682,1
0.6071813,0.39281875,1
0.5073173,0.49268275,1
0.420945,0.579055,1
0.53553265,0.4644673,1
0.43848187,0.5615182,1
0.9880763,0.011923636,0
0.9969593,0.0030406553,0
0.994476,0.005523981,0
0.97639525,0.023604803,0
0.8301052,0.16989478,0
0.887397,0.11260304,0
0.7625772,0.23742281,0
0.70556825,0.2944318,0
0.8305744,0.16942562,1
0.99636406,0.003635909,0
0.92784566,0.072154365,1
0.8173884,0.18261161,1
0.7249257,0.2750743,1
0.7545989,0.24540111,1
0.5500092,0.44999078,1
0.74605596,0.253944,1
0.76123035,0.23876959,1
0.17579797,0.82420206,1
0.7156061,0.28439388,0
0.6879193,0.31208065,0
0.62960833,0.37039167,0
0.57222,0.42778,0
0.5600146,0.43998542,0
0.6829658,0.31703424,0
0.6735595,0.32644057,0
0.9820405,0.017959489,0
0.9959468,0.0040532444,0
0.8433968,0.15660329,0
0.74376774,0.25623226,0
0.7000944,0.2999056,1
0.31860977,0.6813902,1
0.056924306,0.94307566,1
0.14524283,0.85475725,1
0.16175511,0.83824486,1
0.75376534,0.24623461,0
0.9362451,0.06375489,0
0.8452442,0.1547557,0
0.63224673,0.36775327,0
0.6277252,0.37227482,0
0.76822174,0.23177826,0
0.76180845,0.23819157,0
0.97059095,0.029409053,0
0.9979401,0.0020598862,0
0.9890715,0.010928557,0
0.5915302,0.40846983,1
0.5827235,0.41727653,1
0.78491706,0.21508296,0
0.97757906,0.022420892,0
0.9961934,0.0038065403,0
0.99692947,0.003070549,0
0.9638298,0.036170144,0
0.87322855,0.12677145,0
0.6010585,0.3989415,1
0.33063033,0.66936964,1
0.37291303,0.6270869,1
0.35156462,0.6484353,1
0.36495644,0.63504356,1
0.40144485,0.59855515,1
0.44679937,0.5532006,1
0.7552124,0.2447876,0
0.7358493,0.26415068,0
0.7108816,0.28911844,1
0.9946931,0.005306871,0
0.97480243,0.025197526,0
0.46150032,0.5384998,1
0.5601994,0.43980056,1
0.47546905,0.524531,1
0.4862717,0.5137283,1
0.7358109,0.26418915,0
0.69001323,0.3099868,0
0.75219554,0.24780442,0
0.7474495,0.25255048,0
0.91164964,0.08835034,0
0.95642745,0.043572593,0
0.974964,0.025035989,0
0.99188894,0.008111033,0
0.9957911,0.004208837,0
0.99024606,0.009753957,0
0.9758257,0.024174282,0
0.84790874,0.15209128,0
0.59762156,0.40237847,0
0.6078954,0.3921046,0
0.6385374,0.3614625,1
0.59202164,0.4079784,1
0.5509349,0.44906506,1
0.52329475,0.47670525,1
0.48117518,0.51882476,1
0.42484495,0.575155,1
0.40792215,0.5920779,1
0.42833695,0.571663,1
0.95143163,0.0485684,0
0.82943773,0.17056222,1
0.7354017,0.26459825,1
0.7189817,0.28101835,1
0.4733826,0.52661735,1
0.13432781,0.8656721,1
0.24488294,0.7551171,1
0.7319699,0.2680301,0
0.8564307,0.14356929,0
0.98925275,0.0107472725,0
0.660664,0.33933607,0
0.5948312,0.40516877,1
0.5912974,0.40870264,1
0.6261977,0.3738023,1
0.6432183,0.35678175,1
0.6448905,0.3551095,0
0.7359026,0.2640974,0
0.7877023,0.21229774,0
0.76487154,0.23512839,0
0.7402949,0.2597051,0
0.74256444,0.25743556,0
0.9383706,0.061629366,0
0.98033834,0.019661732,0
0.66075027,0.33924976,1
0.6339178,0.36608222,1
0.7182819,0.28171808,0
0.7384623,0.26153764,0
0.7276192,0.27238077,0
0.6737063,0.3262937,1
0.91485584,0.085144185,0
0.9901264,0.009873598,0
0.9286672,0.07133283,0
0.7934659,0.20653407,0
0.76029783,0.23970214,0
0.62248373,0.37751624,1
0.6696135,0.3303865,1
0.7014617,0.29853833,1
0.7619967,0.23800336,0
0.78490794,0.21509205,0
0.71896905,0.28103092,1
0.6670977,0.33290234,1
0.7923585,0.20764142,0
0.9185586,0.08144139,0
0.9880591,0.011940941,0
0.48441374,0.5155862,1
0.47616714,0.5238328,1
0.4074792,0.5925208,1
0.4433284,0.5566716,1
0.59087473,0.40912533,1
0.6811812,0.3188188,1
0.71730536,0.28269467,0
0.73737335,0.26262662,0
0.6793104,0.32068962,1
0.6175516,0.38244832,1
0.58734584,0.41265413,1
0.783886,0.21611398,0
0.8791618,0.12083829,1
0.9284498,0.07155021,0
0.3588179,0.64118207,0
0.34384662,0.6561534,1
0.40074515,0.5992548,0
0.5157906,0.48420933,0
0.5624094,0.43759066,0
0.6557248,0.34427515,0
0.7187263,0.2812737,0
0.6299162,0.3700838,0
0.52320343,0.47679657,1
0.5554382,0.44456175,1
0.9470439,0.05295616,0
0.9918228,0.0081772525,0
0.97231257,0.027687421,0
0.31696165,0.6830383,1
0.31072426,0.68927574,1
0.30040652,0.6995935,0
0.25048125,0.74951875,1
0.27917287,0.72082716,1
0.9756678,0.024332194,0
0.9842016,0.015798436,0
0.7064042,0.29359582,0
0.5897482,0.4102518,0
0.33198333,0.6680167,0
0.27637187,0.7236281,0
0.2382378,0.76176226,1
0.48476073,0.51523924,0
0.59423363,0.40576643,0
0.863458,0.13654208,1
0.33733323,0.66266674,1
0.22172137,0.77827865,1
0.28526112,0.7147389,1
0.78362805,0.216372,0
0.7060877,0.2939123,1
0.6471909,0.352809,1
0.92853427,0.07146577,0
0.95750755,0.042492412,0
0.53634506,0.46365494,1
0.5243532,0.47564676,0
0.42660838,0.5733917,1
0.28721082,0.7127892,1
0.24909458,0.75090545,1
0.24458532,0.75541466,1
0.579391,0.42060897,0
0.72777724,0.2722227,0
0.71438676,0.28561327,0
0.720351,0.279649,0
0.9620225,0.03797751,0
0.79186517,0.20813479,0
0.6505936,0.3494064,0
0.5972707,0.40272918,1
0.0015978729,0.9984022,1
0.62176305,0.37823695,0
0.7643689,0.23563105,0
0.780088,0.21991192,0
0.6986564,0.30134356,0
0.6469267,0.3530733,0
0.63720703,0.362793,0
0.702437,0.29756302,0
0.71531016,0.28468987,0
0.7196524,0.2803476,0
0.6681358,0.33186418,1
0.774792,0.22520797,0
0.6018111,0.39818883,1
0.60586095,0.39413905,1
0.909587,0.09041304,1
0.9683147,0.031685334,0
0.4414888,0.5585112,1
0.6798894,0.32011062,1
0.597187,0.40281296,1
0.60950863,0.3904913,1
0.37296665,0.62703335,1
0.9911788,0.008821193,0
0.7316972,0.26830277,0
0.66085887,0.3391412,0
0.58562577,0.4143742,0
0.5550726,0.44492736,0
0.35311237,0.64688766,1
0.43978426,0.5602158,1
0.45738572,0.5426143,0
0.5308303,0.46916962,0
0.3866395,0.61336046,0
0.38574195,0.61425805,0
0.41223982,0.58776015,0
0.32509616,0.67490387,0
0.9817168,0.018283186,0
0.9822824,0.017717635,0
0.7007279,0.29927218,0
0.7108797,0.2891203,0
0.3730493,0.6269507,0
0.4076582,0.59234184,0
0.5207659,0.4792341,0
0.55985427,0.44014576,0
0.7473102,0.25268975,1
0.9237839,0.076216094,0
0.94138074,0.058619294,0
0.74843293,0.25156704,1
0.40607402,0.59392595,1
0.4375426,0.56245744,1
0.61940956,0.38059044,0
0.7519613,0.24803872,0
0.74956733,0.25043267,0
0.75963956,0.2403604,0
0.7431228,0.25687724,0
0.44402644,0.55597353,0
0.4944245,0.50557554,0
0.5417575,0.45824248,1
0.6178428,0.3821572,1
0.73500556,0.2649945,1
0.73664594,0.26335406,0
0.8461882,0.15381178,0
0.47606745,0.5239326,0
0.47059402,0.52940595,1
0.47650006,0.52349985,1
0.3471927,0.6528073,1
0.84485656,0.15514342,0
0.7961762,0.20382375,0
0.77376866,0.2262313,0
0.7673971,0.23260292,0
0.7308479,0.26915208,0
0.919752,0.08024798,0
0.9474005,0.052599486,0
0.91996473,0.08003524,0
0.7673798,0.23262021,0
0.6268426,0.37315738,0
0.58189225,0.41810778,1
0.6176062,0.38239384,1
0.6652102,0.33478975,1
0.7962545,0.20374556,0
0.8097943,0.1902057,0
0.7499593,0.25004074,1
0.73492724,0.2650727,0
0.74307555,0.25692448,0
0.97134835,0.02865162,0
0.8603756,0.13962442,0
0.67289525,0.3271048,1
0.32745418,0.67254585,1
0.51915807,0.4808419,1
0.57365763,0.4263424,1
0.5936606,0.40633935,0
0.5880899,0.41191006,0
0.69416827,0.30583167,0
0.8475539,0.15244606,0
0.89839375,0.10160627,0
0.9693757,0.030624334,0
0.9901631,0.009836965,0
0.98162603,0.018374017,0
0.69166607,0.30833384,0
0.5066817,0.49331832,0
0.59781647,0.40218353,0
0.46085474,0.5391453,0
0.4131588,0.58684117,1
0.9585405,0.041459486,0
0.98530746,0.014692516,0
0.99617565,0.0038243784,0
0.99164337,0.008356632,0
0.98944527,0.010554732,0
0.64265424,0.35734582,1
0.67157537,0.3284247,1
0.6637018,0.3362982,1
0.87444055,0.12555945,0
0.9553227,0.044677395,0
0.7088222,0.29117784,1
0.76316625,0.23683377,0
0.6937321,0.3062679,0
0.7026639,0.29733616,0
0.6926654,0.3073346,0
0.7219568,0.27804318,0
0.65867615,0.3413238,1
0.71102554,0.2889745,1
0.7308647,0.26913527,0
0.90357417,0.096425824,0
0.7187012,0.28129885,1
0.6856668,0.31433317,1
0.018715458,0.98128456,1
0.61114186,0.3888581,1
0.07100334,0.9289967,1
0.6334928,0.3665072,0
0.7155438,0.2844561,0
0.6650071,0.3349929,0
0.9754146,0.024585506,0
0.4938869,0.5061131,0
0.65686285,0.34313712,0
0.6865892,0.31341082,0
0.6777491,0.3222508,0
0.67002386,0.32997614,0
0.64278877,0.3572113,0
0.80763364,0.1923663,0
0.83117265,0.16882738,0
0.8434434,0.15655662,0
0.79896194,0.20103806,0
0.8024939,0.19750616,0
0.80013,0.19986993,1
0.92445475,0.075545184,0
0.6112763,0.38872367,1
0.54947764,0.45052236,1
0.58719987,0.41280013,1
0.6095511,0.39044893,1
0.6831849,0.316815,1
0.6712775,0.3287225,1
0.7611921,0.23880786,0
0.9620125,0.03798742,0
0.97660816,0.023391835,0
0.9694742,0.03052578,0
0.5537407,0.44625926,1
0.25307497,0.746925,1
0.6030638,0.39693624,0
0.55156255,0.44843742,1
0.57862735,0.42137262,1
0.5591977,0.44080228,1
0.9634986,0.03650136,0
0.99138427,0.008615743,0
0.9432277,0.056772333,0
0.832818,0.16718203,0
0.5888376,0.4111624,0
0.36927733,0.6307227,1
0.32760906,0.67239094,1
0.3797266,0.6202735,0
0.43521073,0.56478924,1
0.31768265,0.6823173,0
0.46321645,0.5367835,0
0.6611986,0.33880138,1
0.5279178,0.4720822,0
0.43769237,0.56230766,0
0.2117143,0.78828573,0
0.20486046,0.79513955,0
0.17968579,0.8203142,1
0.12472878,0.8752712,1
0.16115662,0.83884335,1
0.18579024,0.81420976,1
0.07074808,0.9292519,1
0.23164529,0.7683547,1
0.40443176,0.5955683,0
0.72910255,0.27089742,0
0.6829089,0.31709117,1
0.6767154,0.3232846,1
0.7451738,0.2548262,0
0.35079262,0.64920735,1
0.4084883,0.5915117,1
0.36989528,0.6301047,1
0.32308275,0.67691725,1
0.6867546,0.31324548,0
0.6511026,0.34889743,1
0.77668154,0.2233185,0
0.8160192,0.18398078,0
0.7089876,0.2910124,1
0.56841207,0.43158793,0
0.50215995,0.49784002,0
0.015410213,0.98458976,1
0.48940155,0.5105984,1
0.78520817,0.21479186,0
0.6329218,0.36707819,0
0.972658,0.027341973,0
0.41978264,0.5802174,0
0.47572926,0.5242708,0
0.49062142,0.50937855,0
0.4493128,0.5506872,0
0.5395195,0.46048054,1
0.40157,0.59843,1
0.8348559,0.16514409,0
0.8176116,0.18238844,0
0.8314803,0.16851969,0
0.719495,0.28050497,0
0.769119,0.23088102,0
0.67643815,0.32356194,0
0.95260555,0.047394477,0
0.83677024,0.16322982,0
0.5724983,0.4275017,0
0.4265317,0.57346827,0
0.4983849,0.50161505,0
0.491088,0.50891197,0
0.5134508,0.48654917,0
0.6344268,0.3655732,0
0.55989665,0.44010338,0
0.690589,0.30941096,0
0.7673198,0.23268019,0
0.76909447,0.23090553,0
0.75547385,0.24452613,0
0.71043843,0.2895616,1
0.9714346,0.028565355,0
0.4956131,0.5043869,1
0.49339366,0.50660634,1
0.5745511,0.42544883,1
0.6544438,0.34555623,1
0.7324794,0.26752064,0
0.6481266,0.35187343,0
0.96685624,0.03314381,0
0.9865659,0.013434132,0
0.97354025,0.026459768,0
0.9296481,0.070351906,0
0.6458353,0.3541647,0
0.5580709,0.4419291,0
0.57181245,0.4281875,0
0.5602215,0.43977845,0
0.4443391,0.5556609,1
0.46011862,0.5398814,1
0.9615981,0.03840192,0
0.98808575,0.01191427,0
0.91890776,0.08109224,1
0.6091913,0.39080873,1
0.5024518,0.49754822,1
0.4483975,0.55160254,1
0.5894322,0.4105678,1
0.6245778,0.37542218,1
0.6627645,0.33723554,1
0.9350547,0.06494523,1
0.66350263,0.33649737,0
0.5886056,0.41139448,0
0.5026048,0.49739522,1
0.29807967,0.70192033,1
0.5860245,0.4139755,1
0.65253025,0.34746975,1
0.7888424,0.2111576,0
0.82459515,0.17540486,0
0.9287988,0.07120116,1
0.8937617,0.10623827,1
0.721416,0.278584,1
0.37997246,0.62002754,0
0.42973328,0.5702668,1
0.4257896,0.5742104,1
0.7864383,0.21356167,0
0.7481165,0.25188348,0
0.75959355,0.24040641,0
0.6427245,0.35727552,1
0.95262444,0.047375523,0
0.9766109,0.023389101,0
0.48192856,0.5180714,1
0.529031,0.47096905,1
0.49939856,0.5006014,1
0.43184924,0.5681507,1
0.62629485,0.37370518,1
0.62865365,0.37134632,0
0.9247673,0.07523263,0
0.8419842,0.15801574,0
0.50757027,0.49242976,0
0.54436517,0.4556349,0
0.7011534,0.2988465,0
0.780045,0.21995501,0
0.7742227,0.22577737,0
0.7641141,0.2358859,0
0.74594474,0.25405523,0
0.7550295,0.2449705,0
0.9629184,0.037081648,0
0.97137535,0.028624687,0
0.81588835,0.18411171,0
0.33172458,0.66827536,1
0.45900935,0.54099065,1
0.5626375,0.43736246,1
0.6286764,0.37132356,1
0.63410676,0.36589321,0
0.98754764,0.01245238,0
0.9703592,0.02964079,0
0.54472846,0.45527154,0
0.50704587,0.49295416,0
0.5028591,0.49714094,0
0.5854932,0.41450682,0
0.5901494,0.40985057,0
0.367686,0.63231397,1
0.3287368,0.67126316,1
0.27215758,0.7278424,1
0.6130231,0.38697687,1
0.8003466,0.19965343,0
0.7108633,0.28913665,0
0.582902,0.41709793,0
0.56375253,0.43624744,0
0.45346567,0.54653436,1
0.5060661,0.49393386,0
0.53914124,0.46085876,0
0.62983114,0.3701689,1
0.96891856,0.031081498,0
0.70130825,0.29869178,0
0.6549298,0.34507018,0
0.59329444,0.40670556,0
0.5890809,0.41091904,0
0.6102755,0.3897245,1
0.6696717,0.3303283,1
0.7095118,0.2904882,1
0.74252445,0.25747558,1
0.7580249,0.24197513,1
0.9859271,0.01407286,0
0.6124067,0.38759336,1
0.6103514,0.3896487,0
0.6584448,0.34155524,0
0.48604447,0.5139555,1
0.5257131,0.47428697,1
0.67869294,0.32130712,1
0.7658296,0.23417042,0
0.72384673,0.2761532,1
0.7719676,0.22803241,1
0.9643068,0.03569324,0
0.99052787,0.009472138,0
0.9900035,0.009996444,0
0.55554116,0.44445887,0
0.45039883,0.5496012,1
0.33129033,0.66870964,1
0.34372455,0.65627545,1
0.3671196,0.6328804,1
0.7793763,0.2206237,0
0.71418977,0.2858102,0
0.69198096,0.3080191,0
0.95969737,0.040302675,0
0.482464,0.517536,0
0.5622564,0.43774357,0
0.52226675,0.47773322,0
0.74555737,0.25444266,0
0.7441344,0.25586557,0
0.7387846,0.26121545,1
0.9842026,0.015797345,0
0.9730142,0.026985873,0
0.93842536,0.061574638,0
0.25308108,0.7469189,1
0.6635025,0.33649752,0
0.6097812,0.3902187,0
0.9605861,0.03941395,0
0.995856,0.0041440115,0
0.6348188,0.3651812,1
0.5918398,0.40816024,1
0.5570493,0.4429507,1
0.55533063,0.4446694,1
0.4801417,0.51985836,1
0.98440635,0.015593658,0
0.75903517,0.24096484,1
0.80336636,0.19663364,0
0.5758976,0.42410237,0
0.6083769,0.3916231,0
0.58433,0.41566998,0
0.6075059,0.3924941,0
0.6405097,0.35949028,0
0.62599885,0.37400118,1
0.69414306,0.30585688,1
0.9190302,0.0809698,0
0.6294073,0.37059268,0
0.35595185,0.64404815,1
0.5335459,0.46645406,1
0.43066004,0.56933993,1
0.41580454,0.58419544,1
0.7327649,0.26723513,0
0.66222143,0.3377786,1
0.6313506,0.36864942,1
0.64662004,0.35338002,1
0.92159516,0.07840485,1
0.9719529,0.028047055,0
0.9360915,0.06390847,0
0.7256929,0.27430704,1
0.4359867,0.5640133,1
0.47754037,0.52245957,1
0.3780106,0.62198937,0
0.81836706,0.18163294,0
0.82287586,0.17712413,0
0.4643213,0.53567874,0
0.5302159,0.46978402,0
0.49575728,0.5042427,0
0.00014353867,0.9998565,1
0.45101625,0.54898375,0
0.4545779,0.54542214,0
0.7439775,0.2560225,0
0.59464496,0.405355,0
0.6760006,0.32399932,0
0.69387203,0.306128,0
0.8811346,0.11886538,0
0.65861315,0.34138685,0
0.38843828,0.61156166,0
0.55000645,0.4499935,0
0.823753,0.176247,0
0.7132486,0.28675136,0
0.73765224,0.26234773,0
0.6511466,0.3488534,1
0.64008194,0.35991803,1
0.9691065,0.030893568,0
0.9605503,0.03944963,0
0.57004654,0.4299535,1
0.5902496,0.40975037,0
0.62917745,0.37082255,0
0.70549107,0.2945089,0
0.6917382,0.3082618,0
0.6197243,0.38027567,0
0.6092288,0.3907712,0
0.72086346,0.27913657,0
0.9616648,0.038335152,0
0.9936336,0.006366366,0
0.9949492,0.0050508194,0
0.98935086,0.010649145,0
0.9633849,0.036615055,0
0.8928282,0.10717173,0
0.37674683,0.6232531,1
0.34242257,0.6575774,1
0.9562626,0.043737408,0
0.98520446,0.014795559,0
0.3750925,0.62490755,1
0.4472095,0.5527905,1
0.4801282,0.51987183,1
0.70983917,0.29016083,0
0.6604162,0.33958378,0
0.6390446,0.36095536,0
0.49972293,0.5002771,0
0.41151786,0.5884822,0
0.28406087,0.7159392,1
0.6532602,0.34673986,0
0.6756403,0.32435971,0
0.68330324,0.3166967,0
0.7233272,0.2766728,0
0.9328336,0.06716635,0
0.6539132,0.34608677,1
0.41291595,0.58708405,0
0.50427645,0.49572346,0
0.48073396,0.51926607,1
0.7199309,0.2800691,0
0.68297744,0.31702256,0
0.6410701,0.35892984,0
0.77874184,0.22125816,0
0.89139444,0.108605616,0
0.971219,0.028781028,0
0.6046285,0.3953715,1
0.5363586,0.46364135,1
0.49196872,0.50803125,1
0.5481783,0.45182174,1
0.6596841,0.34031582,0
0.5874084,0.4125916,0
0.6264562,0.3735438,0
0.69736606,0.30263394,0
0.7922967,0.20770322,0
0.75642,0.24357995,0
0.7719741,0.22802587,0
0.7504616,0.24953839,0
0.7053251,0.29467493,0
0.742813,0.257187,0
0.8347521,0.16524796,0
0.5283652,0.4716348,0
0.3613811,0.6386189,1
0.4290222,0.57097787,1
0.4477492,0.5522508,1
0.43510002,0.5649,1
0.8062115,0.19378848,0
0.80044323,0.19955677,0
0.7585453,0.24145478,0
0.7476736,0.25232643,0
0.7280601,0.27193996,0
0.74731344,0.25268656,0
0.74498576,0.25501427,0
0.9534027,0.046597328,0
0.99027175,0.009728245,0
0.9851693,0.014830744,0
0.31476203,0.685238,1
0.6116301,0.3883699,1
0.78795916,0.2120408,0
0.7359387,0.26406127,1
0.64119214,0.35880783,1
0.6586162,0.3413838,1
0.74613935,0.25386068,0
0.9880696,0.011930442,0
0.9671474,0.03285262,0
0.70151395,0.29848602,1
0.61900795,0.38099205,1
0.605978,0.39402196,1
0.69904053,0.30095944,0
0.58146334,0.4185366,0
0.5081884,0.49181163,1
0.5157784,0.48422152,1
0.46748352,0.53251654,1
0.38052356,0.61947644,1
0.96521074,0.034789216,0
0.98917913,0.010820914,0
0.9893957,0.0106042735,0
0.66345835,0.33654162,0
0.6258395,0.37416056,0
0.70439345,0.29560655,0
0.676248,0.32375193,0
0.6835689,0.3164311,0
0.86423075,0.13576925,1
0.84012586,0.15987408,1
0.50604343,0.49395654,1
0.4725355,0.52746445,1
0.667338,0.33266196,1
0.68606764,0.31393233,1
0.591829,0.40817103,1
0.73216593,0.26783413,1
0.7534284,0.24657157,1
0.69725037,0.30274963,1
0.98000777,0.019992242,0
0.9106508,0.089349195,1
0.69495434,0.3050457,1
0.549268,0.45073202,1
0.39816767,0.6018324,1
0.49544665,0.5045533,1
0.96839136,0.03160864,0
0.57259375,0.42740628,1
0.46782312,0.5321769,1
0.2746869,0.7253131,1
0.5615199,0.4384801,1
0.5674517,0.43254828,1
0.8099628,0.19003725,0
0.7862543,0.2137458,0
0.90909296,0.09090708,0
0.9592654,0.040734597,0
0.94151336,0.058486633,0
0.6549093,0.3450907,1
0.43910846,0.5608915,1
0.51160467,0.48839533,1
0.79068166,0.20931837,1
0.79981905,0.20018095,0
0.8056405,0.1943594,0
0.7797781,0.22022195,0
0.7469284,0.25307158,0
0.708244,0.291756,0
0.6972393,0.30276072,0
0.9045074,0.09549257,0
0.4352117,0.5647883,0
0.2989357,0.7010643,1
0.60121644,0.3987835,1
0.58914405,0.41085595,1
0.6500891,0.34991086,0
0.882465,0.11753505,0
0.6223353,0.37766474,1
0.55150795,0.44849202,1
0.47413605,0.525864,1
0.47711214,0.5228878,1
0.33012712,0.6698729,1
0.36514077,0.6348592,1
0.29354197,0.70645803,1
0.93792343,0.06207659,1
0.9709809,0.029019099,0
0.9776102,0.022389837,0
0.9734195,0.02658047,0
0.64483887,0.35516107,1
0.5969406,0.4030594,1
0.47464946,0.5253506,1
0.5290213,0.4709786,1
0.53950596,0.46049398,0
0.65615886,0.34384117,0
0.6982194,0.30178052,0
0.6869094,0.31309062,0
0.93303835,0.06696166,0
0.6009775,0.39902255,0
0.45297644,0.5470236,1
0.44323483,0.55676514,1
0.48666745,0.51333255,1
0.5799123,0.42008767,1
0.729695,0.270305,1
0.76709336,0.23290665,0
0.766736,0.2332641,1
0.7345612,0.26543882,1
0.95734674,0.04265326,0
0.43742004,0.56258,1
0.6442209,0.35577902,1
0.63170844,0.36829156,1
0.749946,0.25005394,0
0.7628719,0.23712806,0
0.7105767,0.28942326,0
0.9442403,0.05575969,0
0.9609077,0.039092306,0
0.97435826,0.025641765,0
0.57219195,0.42780805,0
0.44791293,0.552087,0
0.6789578,0.32104215,0
0.67774075,0.32225928,1
0.76005304,0.23994699,0
0.8408423,0.15915771,0
0.8306671,0.1693329,0
0.8063963,0.19360368,0
0.93167585,0.0683242,0
0.9694397,0.030560287,0
0.9840388,0.015961165,0
0.690386,0.30961406,1
0.64197636,0.35802364,1
0.5613791,0.43862095,1
0.86157906,0.13842085,0
0.7592124,0.24078764,0
0.75145113,0.24854888,0
0.79404473,0.20595524,0
0.9061279,0.093872085,0
0.9251895,0.0748105,0
0.9477953,0.052204758,0
0.97411853,0.025881477,0
0.86595374,0.13404623,0
0.7973771,0.2026229,0
0.43205518,0.5679449,1
0.30101904,0.6989809,1
0.5341351,0.46586493,1
0.6617495,0.33825052,1
0.9782753,0.021724652,0
0.6256174,0.37438262,0
0.59501386,0.40498617,0
0.57283837,0.4271616,0
0.229182,0.770818,1
0.31912205,0.680878,1
0.21291274,0.7870872,1
0.3860176,0.6139824,0
0.94252086,0.057479147,0
0.9615032,0.03849682,0
0.63136053,0.36863944,0
0.6044175,0.39558244,1
0.4341281,0.5658719,1
0.50764567,0.49235436,1
0.6852937,0.31470633,0
0.59923387,0.40076616,0
0.93243235,0.06756763,0
0.9416621,0.058337927,0
0.73390454,0.26609543,0
0.7501474,0.24985258,0
0.77421635,0.2257836,0
0.75487983,0.24512023,0
0.7593459,0.24065405,0
0.7659924,0.23400764,0
0.7160849,0.28391516,0
0.7767379,0.2232621,0
0.9157865,0.084213555,0
0.9472234,0.05277652,0
0.5095612,0.49043888,1
0.7056057,0.29439428,1
0.5871111,0.41288897,1
0.5866282,0.41337177,1
0.59043753,0.4095625,1
0.75638163,0.24361834,0
0.790701,0.2092991,1
0.8232661,0.17673393,0
0.7737676,0.2262324,0
0.75509465,0.24490534,0
0.697653,0.30234706,1
0.7122512,0.28774884,1
0.94302446,0.05697553,0
0.6747536,0.32524642,0
0.5704401,0.4295599,1
0.70299256,0.2970074,1
0.80689836,0.19310161,0
0.7580318,0.2419682,0
0.77005196,0.22994804,0
0.68705994,0.3129401,1
0.6222745,0.37772542,1
0.6167071,0.38329288,1
0.5084379,0.49156207,1
0.53651994,0.46348011,1
0.6530378,0.3469622,1
0.7028183,0.29718167,1
0.8028526,0.19714743,1
0.78478634,0.21521363,1
0.74112177,0.2588783,0
0.72647727,0.27352276,0
0.74965703,0.25034294,0
0.7548569,0.24514319,0
0.7342383,0.26576167,1
0.72248167,0.27751836,1
0.63879037,0.36120963,1
0.4118649,0.5881351,1
0.44734618,0.55265385,1
0.51812917,0.48187086,1
0.555265,0.444735,1
0.55716246,0.44283754,1
0.5413505,0.45864952,1
0.73312503,0.266875,0
0.7590409,0.24095908,0
0.75386417,0.2461358,0
0.8863269,0.11367314,0
0.9402218,0.05977826,0
0.98523396,0.014766097,0
0.9902262,0.009773792,0
0.98273563,0.017264398,0
0.5560936,0.4439065,1
0.5143539,0.48564607,1
0.4334161,0.5665838,1
0.42760006,0.5723999,1
0.6354729,0.36452714,1
0.6109986,0.38900146,1
0.8257524,0.17424762,1
0.28227592,0.717724,1
0.13440406,0.86559594,1
0.2491641,0.7508359,0
0.28351712,0.7164829,0
0.6754305,0.32456952,0
0.74728763,0.2527123,0
0.7272567,0.2727433,1
0.75909126,0.24090876,1
0.68417335,0.3158267,0
0.7591675,0.24083246,1
0.85315514,0.14684483,0
0.9091158,0.09088423,0
0.7945823,0.20541768,0
0.69522464,0.3047754,0
0.35882887,0.64117116,1
0.5580607,0.44193923,0
0.4437189,0.55628103,1
0.513692,0.48630798,0
0.492638,0.50736195,1
0.8658605,0.13413952,0
0.87208825,0.12791173,0
0.81960094,0.18039909,0
0.602753,0.39724702,0
0.8303357,0.16966438,0
0.940872,0.059128013,0
0.6855997,0.31440035,1
0.58480304,0.4151969,0
0.65982074,0.34017923,0
0.6723224,0.32767764,0
0.6590844,0.3409156,0
0.5889133,0.41108668,0
0.6783736,0.32162645,0
0.760841,0.23915897,0
0.7481261,0.25187382,0
0.76732564,0.23267432,0
0.7279016,0.2720984,1
0.70121515,0.29878488,1
0.8303207,0.1696793,1
0.60711485,0.39288518,1
0.6172379,0.3827621,1
0.75552,0.24448,0
0.75533074,0.24466921,1
0.7096213,0.2903787,1
0.69604236,0.3039576,1
0.76384413,0.23615585,1
0.8371948,0.1628052,1
0.5614,0.4386,0
0.48664993,0.51335007,1
0.53068864,0.46931133,0
0.48909098,0.510909,1
0.6916171,0.30838296,0
0.7322733,0.2677267,0
0.6981197,0.3018803,0
0.67217237,0.32782763,0
0.72341067,0.2765893,0
0.748012,0.25198802,1
0.3283937,0.67160624,1
0.7050927,0.29490733,1
0.9739183,0.02608168,0
0.9796836,0.02031642,0
0.97242326,0.027576752,0
0.49539867,0.50460136,0
0.6525425,0.34745756,1
0.60940945,0.39059046,0
0.58586466,0.41413537,0
0.53773475,0.46226525,0
0.45389363,0.5461064,0
0.6013567,0.39864329,0
0.61499727,0.38500273,0
0.63770354,0.36229646,0
0.64628905,0.353711,0
0.68533355,0.31466645,0
0.9179346,0.08206538,0
0.9896818,0.0103182,0
0.9890904,0.0109095955,0
0.44645265,0.5535474,0
0.42116776,0.5788322,0
0.38789976,0.6121003,1
0.31918588,0.6808141,0
0.21706893,0.782931,1
0.9710525,0.028947547,0
0.6999849,0.30001512,1
0.5420692,0.4579308,1
0.584923,0.41507697,1
0.48294365,0.51705635,1
0.48445573,0.5155443,1
0.6588833,0.34111673,1
0.62186027,0.3781397,0
0.5739801,0.42601988,0
0.8513435,0.14865649,0
0.6927117,0.3072883,0
0.6364855,0.3635145,0
0.20513067,0.7948693,1
0.04630603,0.9536939,1
0.7437285,0.25627145,0
0.68486655,0.31513345,1
0.5932777,0.40672228,0
0.66293746,0.33706254,0
0.67116714,0.3288328,0
0.6665862,0.33341378,0
0.74380827,0.2561917,1
0.7961028,0.20389716,1
0.7342958,0.2657043,1
0.666901,0.33309904,0
0.6159696,0.38403034,0
0.6225805,0.3774194,0
0.62667894,0.373321,0
0.67764217,0.3223579,0
0.67732555,0.32267448,0
0.6564564,0.34354368,1
0.75106454,0.24893548,1
0.707434,0.29256606,1
0.19849439,0.80150557,1
0.76945674,0.23054329,1
0.9294219,0.07057808,0
0.9835085,0.016491493,0
0.7488415,0.25115845,0
0.58598506,0.41401497,0
0.7935138,0.20648618,0
0.9815104,0.018489668,0
0.51013994,0.48986006,0
0.762813,0.237187,0
0.7916583,0.20834178,0
0.76010114,0.23989882,0
0.6540615,0.34593853,0
0.6131135,0.38688645,0
0.54939586,0.45060408,0
0.8483369,0.15166312,0
0.9839077,0.016092347,0
0.5538409,0.44615915,0
0.54384756,0.4561525,0
0.6355693,0.3644307,0
0.3980352,0.6019648,0
0.3158739,0.68412614,1
0.317201,0.68279904,1
0.34606335,0.6539367,1
0.33397028,0.6660297,1
0.9472265,0.052773435,0
0.99317884,0.006821176,0
0.99617153,0.0038284168,0
0.99520147,0.0047984947,0
0.61268896,0.38731104,1
0.58847034,0.4115296,1
0.58610064,0.41389927,1
0.6934427,0.3065573,1
0.70649606,0.29350394,0
0.47760266,0.5223974,1
0.81629425,0.18370576,0
0.63523036,0.36476967,0
0.6540422,0.34595782,0
0.6408885,0.3591114,0
0.67420185,0.32579818,1
0.70440304,0.295597,1
0.6420102,0.35798982,1
0.72197783,0.27802214,1
0.7630537,0.2369463,0
0.83305866,0.16694136,1
0.88989246,0.11010755,1
0.96530414,0.03469582,0
0.9842337,0.015766274,0
0.98251075,0.017489241,0
0.9310166,0.0689834,0
0.6015125,0.39848757,1
0.678524,0.32147595,1
0.6994612,0.30053884,1
0.68488145,0.31511858,1
0.69917864,0.30082136,1
0.75232357,0.24767646,1
0.7381741,0.26182592,1
0.7342632,0.26573682,1
0.64558226,0.35441774,1
0.91861814,0.08138187,1
0.98574096,0.014259081,0
0.49483654,0.50516343,0
0.45916477,0.54083526,0
0.49409252,0.5059074,0
0.7209268,0.27907312,0
0.75902367,0.2409764,0
0.8364398,0.16356017,0
0.7847242,0.21527581,0
0.7607956,0.23920442,0
0.75980955,0.24019045,0
0.98620945,0.013790585,0
0.45384446,0.5461555,1
0.49063998,0.5093601,1
0.72719496,0.272805,0
0.74040633,0.25959367,0
0.734385,0.26561502,0
0.7814321,0.21856794,0
0.71094704,0.28905296,1
0.7125309,0.28746903,1
0.6052908,0.39470923,1
0.87751234,0.12248766,1
0.9583333,0.041666683,0
0.9855075,0.014492536,0
0.9898273,0.010172682,0
0.961722,0.038277905,0
0.411923,0.588077,1
0.7215877,0.27841228,1
0.74085474,0.2591452,1
0.6182731,0.38172692,1
0.67274874,0.32725117,1
0.78099996,0.21900007,1
0.8880026,0.111997426,1
0.9919241,0.008075879,0
0.6551527,0.3448473,1
0.4395954,0.5604046,1
0.35841495,0.64158505,1
0.30363756,0.6963625,1
0.29155433,0.70844567,1
0.36843476,0.6315653,1
0.33158123,0.66841877,1
0.30181944,0.6981805,1
0.4036422,0.5963578,1
0.6872865,0.31271347,1
0.4665602,0.5334398,1
0.47767743,0.52232265,1
0.48280287,0.5171972,1
0.5685159,0.43148416,1
0.7259962,0.27400383,0
0.6000444,0.3999556,1
0.5869233,0.4130767,0
0.72119194,0.27880806,0
0.57058805,0.42941195,0
0.6209482,0.37905174,0
0.76970047,0.2302996,0
0.7455664,0.2544335,0
0.7737752,0.22622475,1
0.74407554,0.25592446,1
0.8059792,0.19402085,0
0.74498653,0.25501347,0
0.94178385,0.058216218,0
0.9468732,0.05312678,0
0.9655664,0.034433648,0
0.5237312,0.4762689,0
0.6525199,0.3474801,0
0.7031167,0.29688329,0
0.57151705,0.428483,1
0.9107283,0.08927176,0
0.9678077,0.032192226,0
0.49280468,0.5071954,0
0.54898655,0.4510134,0
0.52590066,0.4740993,0
0.7845418,0.21545815,0
0.7552964,0.2447036,1
0.9000159,0.09998412,0
0.7607915,0.23920852,0
0.75495374,0.24504623,0
0.62494195,0.375058,1
0.71715677,0.28284323,0
0.60596764,0.3940323,0
0.620318,0.379682,0
0.72980744,0.27019256,0
0.7418664,0.25813353,0
0.7654693,0.23453067,0
0.8049372,0.19506283,1
0.8920773,0.1079227,1
0.98526055,0.014739383,0
0.9851312,0.01486881,0
0.53866,0.46134004,1
0.44186866,0.5581313,1
0.42356429,0.57643574,1
0.53034204,0.46965793,1
0.69212866,0.30787128,0
0.7051896,0.29481044,0
0.5523107,0.44768924,1
0.8507635,0.14923649,0
0.96812016,0.03187985,0
0.99343115,0.006568878,0
0.9936207,0.006379277,0
0.99142355,0.008576521,0
0.78788155,0.21211845,0
0.60572183,0.39427814,1
0.49836132,0.50163865,1
0.53957385,0.46042612,1
0.53072274,0.46927726,1
0.30054915,0.6994508,1
0.3692704,0.6307296,1
0.8890599,0.110940136,1
0.90799236,0.092007644,0
0.93099403,0.069005996,0
0.9037293,0.09627066,0
0.72129816,0.27870184,0
0.7739419,0.22605817,0
0.6909284,0.30907157,0
0.7888148,0.21118525,0
0.84656566,0.15343434,0
0.843011,0.15698898,0
0.8325614,0.16743857,0
0.66294795,0.33705205,1
0.7477583,0.25224164,1
0.6344893,0.36551076,1
0.7667354,0.2332646,0
0.78570986,0.21429011,1
0.8290102,0.17098984,0
0.7984981,0.20150195,0
0.84088683,0.15911312,0
0.90023786,0.09976213,0
0.7684475,0.23155247,0
0.8255355,0.17446446,0
0.7494714,0.25052857,0
0.89389503,0.10610494,0
0.7712961,0.22870386,0
0.8859913,0.114008665,1
0.8764033,0.12359667,0
0.8579928,0.14200719,0
0.82453656,0.17546348,1
0.91146076,0.088539295,1
0.7408312,0.25916877,0
0.71320176,0.28679827,1
0.73718476,0.2628153,1
0.75514436,0.24485561,1
0.8855976,0.114402436,1
0.9101365,0.08986345,1
0.93185997,0.06813999,1
0.96740055,0.032599397,0
0.96611094,0.03388911,0
0.5832633,0.41673672,1
0.60705817,0.3929418,0
0.606889,0.39311102,0
0.84426624,0.15573381,0
0.8476501,0.15234989,0
0.91858155,0.08141849,0
0.76048464,0.2395153,0
0.7498049,0.2501951,1
0.69544756,0.30455247,1
0.852178,0.14782201,1
0.69548714,0.30451286,1
0.7839362,0.21606378,1
0.79713726,0.20286271,0
0.8182547,0.1817453,0
0.80953944,0.1904605,0
0.8016224,0.19837764,0
0.84554154,0.15445848,1
0.9340757,0.06592433,0
0.8960222,0.10397787,0
0.6942927,0.30570725,1
0.77108645,0.22891353,1
0.94681513,0.05318483,0
0.6687511,0.33124888,0
0.37940207,0.6205979,1
0.6415517,0.35844827,0
0.62706655,0.37293345,1
0.66491526,0.3350847,0
0.77144426,0.22855574,0
0.8978487,0.10215123,0
0.969714,0.030285968,0
0.9821707,0.017829264,0
0.8688561,0.13114397,0
0.7213677,0.27863222,0
0.6584658,0.3415342,0
0.5758506,0.42414945,0
0.5009511,0.4990489,0
0.2349554,0.76504457,1
0.3937347,0.6062653,1
0.3354473,0.66455275,0
0.36358473,0.6364152,0
0.9520084,0.04799153,0
0.9590941,0.040905952,0
0.96814716,0.031852864,0
0.8825521,0.11744797,0
0.8193767,0.18062328,0
0.7988837,0.2011163,0
0.8394379,0.16056207,0
0.8589435,0.14105648,0
0.7408199,0.25918013,1
0.8684916,0.13150844,1
0.9498867,0.0501133,0
0.6372589,0.36274108,1
0.6021391,0.39786085,1
0.6760826,0.32391736,1
0.7966438,0.2033562,1
0.9466908,0.05330928,0
0.9471414,0.052858546,0
0.6139804,0.38601965,0
0.72877884,0.27122116,0
0.73255366,0.2674464,0
0.83668464,0.16331533,0
0.87855273,0.12144725,0
0.76874983,0.23125021,0
0.6894867,0.31051332,1
0.62809914,0.37190086,1
0.739086,0.26091406,1
0.7444628,0.25553718,0
0.86841255,0.13158749,0
0.89253414,0.10746588,0
0.89741063,0.102589354,0
0.8822207,0.11777927,0
0.72290653,0.2770935,1
0.6815991,0.31840092,1
0.90175813,0.098241866,0
0.9271421,0.07285794,1
0.8991896,0.10081044,0
0.74267566,0.25732434,0
0.8947276,0.10527241,1
0.023857806,0.9761422,1
0.8274324,0.17256758,0
0.871317,0.12868297,0
0.5987381,0.401262,0
0.6475722,0.35242778,0
0.85239226,0.14760776,0
0.05708867,0.9429113,1
0.57285655,0.42714342,1
0.78514344,0.2148566,1
0.87602293,0.12397708,0
0.9054907,0.09450926,0
0.82698137,0.17301857,0
0.7636122,0.23638773,0
0.117841326,0.88215864,1
0.52053773,0.4794623,0
0.61363584,0.38636413,0
0.5281167,0.47188327,0
0.23166628,0.76833373,1
0.31605387,0.68394613,1
0.6515877,0.34841225,0
0.62000024,0.37999973,0
0.92787015,0.072129816,0
0.96733373,0.032666277,0
0.96596867,0.034031376,0
0.8232225,0.17677741,0
0.5231702,0.4768298,0
0.49825916,0.5017409,0
0.5693213,0.43067873,0
0.5833956,0.41660437,0
0.65336573,0.34663427,0
0.04355513,0.9564449,1
0.019617828,0.9803822,1
0.008334776,0.9916652,1
0.011057571,0.9889424,1
0.28349975,0.7165003,1
0.708993,0.29100698,0
0.91037136,0.08962859,0
0.49590898,0.5040911,1
0.7350452,0.2649548,0
0.26308352,0.7369165,1
0.40036035,0.59963965,0
0.3926243,0.6073757,0
0.41297,0.58703005,0
0.6287401,0.37125993,0
0.88871306,0.11128697,0
0.84596246,0.1540375,0
0.6641999,0.33580014,0
0.73325044,0.26674953,0
0.6488906,0.3511094,0
0.75471073,0.24528934,0
0.8462162,0.15378377,0
0.74370325,0.25629672,0
0.059782296,0.9402177,1
0.7758795,0.22412053,0
0.78826505,0.2117349,0
0.1646916,0.8353084,1
0.77267057,0.22732937,0
0.88499916,0.115000814,0
0.81561553,0.18438451,0
0.6874218,0.31257823,0
0.5204492,0.4795508,0
0.63572514,0.36427483,0
0.8181867,0.18181325,0
0.640854,0.35914597,0
0.83050704,0.16949297,0
0.87295127,0.12704873,0
0.8894313,0.110568754,0
0.8177012,0.18229876,0
0.3669765,0.63302344,1
0.9110634,0.0889366,0
0.75482297,0.24517702,0
0.8125348,0.18746519,0
0.93301034,0.066989675,1
0.9030837,0.09691629,1
0.8039142,0.19608589,0
0.25188902,0.74811095,1
0.88828045,0.11171953,0
0.8935582,0.1064418,0
0.700134,0.29986602,0
0.7401067,0.2598933,0
0.7737024,0.2262976,0
0.81221354,0.18778649,1
0.9243643,0.07563574,0
0.9357726,0.06422746,0
0.72196865,0.27803135,1
0.9294225,0.07057748,0
0.9886635,0.011336455,0
0.977541,0.02245892,0
0.03069993,0.9693001,1
0.034177862,0.96582216,1
0.03248642,0.9675136,1
0.088854834,0.91114515,1
0.5947207,0.40527925,0
0.0071172426,0.9928827,1
0.5547787,0.44522128,0
0.66767186,0.33232814,0
0.9939253,0.006074709,0
0.99056214,0.009437935,0
0.97039706,0.029602988,0
0.0015885555,0.9984114,1
0.09379247,0.9062075,0
0.0061081657,0.99389184,1
0.28072953,0.7192705,0
0.32934475,0.6706553,0
0.039520077,0.9604799,0
0.31798035,0.68201965,0
0.9543745,0.045625556,0
0.7478417,0.25215825,0
0.8044624,0.19553764,0
0.5128103,0.48718977,0
0.73351663,0.2664833,0
0.7963147,0.20368528,0
0.49536636,0.5046336,1
0.85268384,0.14731623,0
0.2780802,0.72191983,1
0.9537597,0.04624033,0
0.88394314,0.11605689,0
0.7495975,0.25040254,0
0.7218181,0.27818194,0
0.6405756,0.35942432,0
0.7327556,0.26724443,0
0.74188906,0.2581109,0
0.69386846,0.30613154,0
0.43064862,0.5693514,1
0.5510772,0.44892278,0
0.7389612,0.26103878,0
0.877149,0.12285102,0
0.8211212,0.1788788,0
0.7904262,0.20957386,0
0.77943915,0.22056088,0
0.840042,0.15995798,0
0.94593465,0.054065403,0
0.61978847,0.38021156,0
0.6905736,0.3094264,0
0.8134329,0.18656714,1
0.8391653,0.16083477,0
0.0951358,0.9048642,1
0.6030672,0.3969328,1
0.051584173,0.9484158,1
0.5459261,0.45407385,1
0.1897164,0.81028366,1
0.88038236,0.119617626,0
0.47020575,0.5297943,0
0.6392483,0.36075172,1
0.7359378,0.26406223,0
0.8721111,0.12788895,0
0.8545432,0.14545684,0
0.7520693,0.24793075,0
0.42254892,0.57745105,0
0.84053135,0.15946862,0
0.44649762,0.55350244,1
0.8319673,0.16803272,0
0.70023257,0.2997675,0
0.81058514,0.18941478,0
0.8670568,0.13294323,0
0.7822819,0.21771812,0
0.5790114,0.42098862,0
0.11658149,0.8834185,1
0.92809755,0.07190238,0
0.8563065,0.14369345,0
0.3503502,0.6496498,1
0.5256089,0.47439104,0
0.5995073,0.40049276,0
0.015109859,0.98489016,1
0.43886286,0.5611372,0
0.06437738,0.93562263,1
0.6705605,0.3294395,0
0.875902,0.124098,0
0.90859276,0.091407254,0
0.9725303,0.027469646,0
0.67431456,0.32568547,0
0.56539595,0.4346041,0
0.5101447,0.48985535,1
0.43524516,0.5647549,0
0.40412885,0.5958712,0
0.0010157243,0.9989843,1
0.00017804248,0.99982196,1
0.0019618957,0.9980381,1
0.00381631,0.9961837,1
0.00067327166,0.9993267,1
0.012286526,0.98771346,0
0.8257108,0.17428918,0
0.21762855,0.7823714,0
0.4306953,0.5693047,0
0.8830259,0.11697416,0
0.6618186,0.33818135,0
0.030865027,0.9691349,1
0.75089467,0.24910527,0
0.04391954,0.9560805,1
0.7594367,0.2405633,0
0.58099806,0.41900194,0
0.7457598,0.2542402,0
0.8838976,0.11610238,0
0.7014521,0.29854795,1
0.8434278,0.1565722,0
0.041005477,0.9589945,1
0.048964005,0.951036,1
0.66485095,0.335149,1
0.0017563676,0.9982437,1
0.5781978,0.4218022,0
0.818431,0.18156898,0
0.83571786,0.1642822,0
0.05552784,0.94447213,1
0.06761607,0.93238395,1
0.8709596,0.12904046,0
0.88858825,0.11141172,0
0.8381342,0.1618658,0
0.023151955,0.976848,1
0.19954306,0.80045694,1
0.859214,0.14078599,0
0.87092584,0.1290741,0
0.8670201,0.1329799,0
0.45153973,0.54846025,0
0.7469555,0.2530444,0
0.79844695,0.20155305,0
0.06518869,0.93481135,1
0.808335,0.191665,0
0.84042543,0.15957458,0
0.79814714,0.20185287,0
0.75041205,0.24958792,0
0.78309625,0.21690369,0
0.62502736,0.3749726,0
0.8597943,0.14020568,0
0.22639064,0.77360934,1
0.35409072,0.64590925,1
0.24510218,0.75489783,1
0.72483563,0.2751644,0
0.13033666,0.8696633,1
0.5491932,0.45080677,1
0.6058916,0.39410847,1
0.21213003,0.78787,1
0.12048239,0.87951756,1
0.22484434,0.7751557,1
0.47551548,0.5244846,1
0.7683931,0.23160692,1
0.94327474,0.05672528,0
0.4056285,0.59437156,0
0.45871583,0.54128414,0
0.3134136,0.6865864,0
0.25181845,0.7481816,0
0.70348006,0.29651994,0
0.74859273,0.2514073,0
0.72200537,0.2779946,0
0.7722713,0.22772871,0
0.73864084,0.2613592,0
0.6387994,0.36120054,0
0.5279657,0.47203428,0
0.68441087,0.31558907,0
0.7870519,0.2129481,0
0.8163334,0.1836666,0
0.52117217,0.47882786,0
0.8701239,0.12987609,0
0.756081,0.24391903,0
0.8146491,0.18535091,0
0.88296515,0.11703479,0
0.88350314,0.11649685,0
0.8204999,0.17950012,1
0.75851125,0.24148872,1
0.7588506,0.24114946,1
0.8859983,0.114001736,0
0.57695365,0.42304638,1
0.8194305,0.18056951,0
0.90727603,0.09272398,0
0.7640673,0.23593272,0
0.5790829,0.4209171,1
0.6803551,0.3196449,1
0.78476405,0.21523592,0
0.6733595,0.32664043,0
0.585844,0.41415602,1
0.6504013,0.34959865,1
0.81269896,0.18730101,0
0.6559786,0.34402138,1
0.7068247,0.29317522,1
0.9033048,0.096695125,0
0.82107085,0.17892917,0
0.5459251,0.45407495,1
0.6846218,0.3153782,0
0.95052993,0.04947012,0
0.5429519,0.45704812,1
0.6619705,0.3380295,0
0.75101787,0.24898216,0
0.8438645,0.15613553,0
0.86491835,0.13508157,0
0.8781928,0.12180725,1
0.7950077,0.20499235,0
0.81079084,0.18920916,0
0.81879604,0.18120395,1
0.6617584,0.33824158,1
0.7830144,0.21698557,1
0.8941153,0.105884716,0
0.92473584,0.07526418,0
0.8120413,0.1879587,0
0.74591225,0.25408775,1
0.8478187,0.15218127,0
0.8494441,0.15055586,0
0.8372845,0.16271544,0
0.7251453,0.2748547,1
0.7642538,0.2357462,1
0.9263135,0.07368647,1
0.9809281,0.01907187,0
0.44964796,0.55035204,1
0.41984516,0.58015484,1
0.70557714,0.2944229,0
0.7427258,0.25727415,0
0.6231247,0.37687525,0
0.65606004,0.34393996,0
0.9738964,0.026103599,0
0.9640582,0.03594178,0
0.5592074,0.44079262,1
0.5521061,0.44789392,1
0.49245045,0.5075495,1
0.41957027,0.58042973,1
0.36949396,0.63050604,1
0.15909591,0.8409041,1
0.8827822,0.11721776,0
0.987512,0.0124880355,0
0.91900843,0.080991544,0
0.49168783,0.50831217,1
0.24655494,0.7534451,1
0.45788002,0.54212,1
0.49794164,0.5020584,1
0.48752528,0.5124747,1
0.14653876,0.8534612,1
0.045968615,0.95403135,1
0.68984735,0.31015265,0
0.7722806,0.22771947,0
0.8717743,0.12822574,0
0.62086743,0.3791326,0
0.65881765,0.34118238,0
0.75005627,0.24994376,0
0.8037802,0.19621979,0
0.84779626,0.15220381,1
0.7084245,0.29157552,1
0.8141698,0.18583016,1
0.9134357,0.08656424,0
0.91462564,0.08537436,0
0.8051478,0.19485223,0
0.5215316,0.47846836,1
0.7138502,0.28614974,0
0.7640382,0.23596178,0
0.8110344,0.18896562,0
0.86340046,0.13659954,0
0.88139945,0.11860059,0
0.8710693,0.12893069,0
0.80118054,0.19881946,0
0.49733526,0.50266474,1
0.9056052,0.0943948,0
0.9049998,0.095000125,0
0.8188176,0.1811824,0
0.6092513,0.39074874,1
0.58014214,0.4198579,0
0.6327144,0.3672857,0
0.85602283,0.14397714,0
0.58972466,0.41027534,1
0.507707,0.492293,1
0.8268764,0.17312358,0
0.9055411,0.094458856,0
0.13771647,0.8622835,1
0.1398823,0.8601177,1
0.2635811,0.7364189,1
0.24463351,0.7553665,1
0.0074055796,0.9925944,1
0.017486317,0.9825137,1
0.08851324,0.9114868,1
0.63612473,0.36387527,0
0.638095,0.36190498,0
0.86651045,0.13348952,0
0.9828629,0.017137084,0
0.4903139,0.5096861,0
0.5631014,0.43689862,0
0.5989866,0.40101334,0
0.033209655,0.9667904,1
0.905588,0.094412,0
0.38123992,0.6187601,1
0.34695604,0.6530439,0
0.38081038,0.6191896,0
0.26558265,0.7344173,0
0.38640016,0.61359984,0
0.019332454,0.9806676,0
0.22739056,0.7726095,0
0.49016723,0.5098328,0
0.6297262,0.37027386,0
0.8335852,0.16641478,0
0.544644,0.45535603,1
0.8864584,0.11354163,0
0.47121194,0.52878803,0
0.46055838,0.53944165,0
0.4971394,0.50286067,0
0.7445489,0.25545102,0
0.7938119,0.20618808,0
0.18243498,0.817565,1
0.5426728,0.45732725,1
0.52944106,0.47055897,1
0.6865677,0.3134323,1
0.015043696,0.9849563,1
0.6108374,0.3891626,0
0.42070097,0.57929903,1
0.17484556,0.8251545,0
0.14185141,0.8581486,0
0.07275889,0.92724115,1
0.37924877,0.62075126,0
0.09678576,0.9032143,0
0.8742079,0.1257921,0
0.90299666,0.097003356,0
0.060254402,0.9397456,1
0.18660375,0.8133963,1
0.09651783,0.9034822,1
0.13559648,0.8644035,1
0.72870964,0.27129036,0
0.009064597,0.9909354,1
0.09748044,0.9025196,1
0.87662596,0.12337406,0
0.1243429,0.87565714,0
0.19471729,0.8052827,0
0.79760075,0.20239924,0
0.06536791,0.93463206,1
0.072822966,0.927177,1
0.070825815,0.9291742,1
0.06054701,0.939453,1
1.1767909e-05,0.9999882,1
0.12492607,0.8750739,0
0.75569654,0.2443034,0
0.93131816,0.068681866,0
0.93085074,0.06914926,0
0.89797205,0.10202789,0
0.35790372,0.6420963,0
0.33301252,0.66698754,0
0.35812578,0.6418742,0
0.46927986,0.5307201,0
0.29589832,0.70410174,0
0.4697182,0.5302818,0
0.7378572,0.26214278,0
0.8737143,0.12628573,0
0.89474523,0.10525474,0
0.72514963,0.2748503,0
0.5774011,0.4225989,0
0.5489211,0.45107886,0
0.36939105,0.6306089,1
0.69168013,0.30831984,0
0.28637618,0.7136238,1
0.07680573,0.9231942,1
0.11274448,0.88725555,1
0.25180015,0.74819976,0
0.78516155,0.21483846,0
0.7159146,0.2840854,1
0.5911898,0.4088102,1
0.78250945,0.21749046,0
0.5980468,0.40195328,1
0.15359385,0.84640616,1
0.080910355,0.9190896,1
0.0028266646,0.9971733,1
0.0037617486,0.99623823,1
0.032644264,0.9673557,1
0.008018985,0.991981,1
0.5574395,0.44256055,0
0.56719667,0.4328033,0
0.30480257,0.6951974,0
0.29973695,0.7002631,0
0.24826732,0.7517327,0
0.012410665,0.9875894,1
0.5948202,0.40517983,0
0.7911778,0.2088222,0
0.2519623,0.74803764,0
0.6060298,0.39397022,0
0.59138864,0.40861142,0
0.0819071,0.91809297,1
0.8158619,0.18413806,0
0.7970056,0.20299444,0
0.50946915,0.4905309,0
0.1734481,0.82655185,1
0.829867,0.17013294,0
0.70907766,0.29092234,0
0.6602634,0.33973655,0
0.61901075,0.38098925,0
0.5533567,0.4466433,0
0.70293075,0.29706925,0
0.80698025,0.19301979,0
0.798818,0.20118208,0
0.7966655,0.20333451,0
0.78477746,0.21522252,0
0.40477213,0.59522784,1
0.50965446,0.4903455,1
0.85907406,0.14092599,0
0.6976749,0.3023252,0
0.005000595,0.9949994,1
0.00017600316,0.999824,1
0.0002974748,0.9997025,1
0.0011330821,0.9988669,1
0.0017886176,0.9982114,1
0.027216332,0.9727836,0
0.60608613,0.39391387,0
0.93081427,0.0691857,0
0.54380614,0.4561939,0
0.12895988,0.87104017,0
0.018972123,0.98102784,0
0.023325533,0.97667444,0
0.3897543,0.6102457,0
0.3954956,0.6045044,0
0.23018746,0.7698125,0
0.012256518,0.9877435,1
0.035940938,0.9640591,1
0.6884757,0.31152424,0
0.7235213,0.2764787,0
0.7638055,0.23619445,0
0.6901002,0.30989984,0
0.49934077,0.5006592,0
0.36921695,0.630783,0
0.56752557,0.4324744,0
0.79748935,0.20251065,0
0.80223244,0.19776751,0
0.7554076,0.24459235,0
0.7797158,0.22028422,0
0.2403412,0.75965875,1
0.21499482,0.7850052,1
0.718921,0.28107902,0
0.53086835,0.4691316,0
0.6369526,0.3630474,0
0.5535237,0.44647628,1
0.6917503,0.30824977,0
0.7353084,0.2646916,0
0.7875005,0.21249956,0
0.17605437,0.82394564,1
0.008360288,0.9916398,1
0.05669566,0.9433043,1
0.16877383,0.83122617,1
0.116195664,0.8838044,1
0.019182362,0.9808177,1
0.019995766,0.98000425,1
0.2668719,0.73312813,0
0.2694683,0.7305317,0
0.014515021,0.985485,1
0.79316735,0.20683262,0
0.14042406,0.85957587,0
0.16146368,0.83853626,0
0.28881142,0.7111885,0
0.43738735,0.56261265,0
0.68768024,0.31231982,0
0.02562139,0.97437865,1
0.21270506,0.7872949,1
0.70843625,0.29156375,0
0.73176676,0.2682333,0
0.73016036,0.26983964,0
0.7326416,0.2673585,0
0.18842041,0.8115795,1
0.316575,0.683425,0
0.65465623,0.3453437,0
0.4066976,0.59330237,0
0.070121616,0.9298784,1
0.39838317,0.6016168,0
0.72621244,0.27378756,0
0.764031,0.23596904,0
0.8140983,0.18590169,0
0.7532335,0.24676652,0
0.81590116,0.18409882,0
0.69531727,0.30468273,0
0.6266841,0.37331593,0
0.14304979,0.8569502,1
0.09388062,0.9061194,1
0.543468,0.45653197,0
0.45325682,0.5467432,0
0.36367443,0.63632554,1
0.45134145,0.5486585,0
0.4490681,0.5509319,0
0.7329609,0.26703912,0
0.8848206,0.115179375,0
0.9273041,0.072695926,0
0.8343825,0.16561754,0
0.5598154,0.44018462,0
0.07503744,0.9249625,1
0.27908596,0.720914,1
0.3953082,0.6046918,0
0.9668723,0.033127677,0
0.97266686,0.027333124,0
0.29403338,0.7059666,1
0.51627177,0.48372826,1
0.57505435,0.42494568,1
0.54433125,0.45566872,0
0.75938576,0.24061424,0
0.8162087,0.18379126,0
0.86486423,0.13513573,0
0.72541827,0.27458173,1
0.5865476,0.4134524,1
0.3165708,0.6834292,1
0.6045235,0.3954765,1
0.62274605,0.37725395,1
0.7318923,0.2681077,0
0.7398341,0.26016593,0
0.49627408,0.5037259,0
0.7972263,0.20277369,0
0.55728954,0.44271046,0
0.48997724,0.51002276,1
0.26455817,0.7354418,1
0.288056,0.71194404,1
0.26305524,0.7369448,1
0.79522985,0.20477009,0
0.81470567,0.18529436,0
0.15896055,0.8410394,1
0.5128805,0.4871195,1
0.69294596,0.30705413,0
0.56272864,0.43727136,1
0.837289,0.16271107,0
0.51060116,0.48939884,1
0.19401921,0.8059808,1
0.3113271,0.68867296,1
0.1044713,0.8955287,1
0.27548504,0.72451496,0
0.7565544,0.24344559,0
0.7226085,0.27739152,0
0.032556117,0.9674439,1
0.073901966,0.92609805,1
0.2828238,0.7171762,0
0.653287,0.346713,0
0.67330897,0.326691,0
0.5738824,0.42611763,0
0.088765144,0.9112349,0
0.09067854,0.9093215,1
0.092005454,0.9079946,1
0.6326065,0.36739352,0
0.30384865,0.6961513,1
0.5684145,0.4315855,0
0.47691873,0.52308124,1
0.6811341,0.31886587,0
0.6605533,0.3394467,0
0.37096944,0.6290305,1
0.1481053,0.8518947,1
0.024298482,0.97570145,1
0.022939088,0.97706085,1
0.03151524,0.96848476,1
0.043558262,0.9564417,1
0.048493672,0.9515063,1
0.0822477,0.91775227,1
0.6921206,0.30787936,1
0.8407187,0.15928128,0
0.8355614,0.16443862,0
0.7275277,0.27247232,0
0.3497515,0.6502485,1
0.096863575,0.9031365,1
0.09211462,0.90788543,1
0.11713458,0.8828655,1
0.21488151,0.7851185,1
0.54911244,0.45088762,0
0.78026104,0.21973895,0
0.035244845,0.9647552,1
0.15186718,0.8481327,1
0.4758667,0.52413327,0
0.3673582,0.63264185,0
0.32164985,0.67835015,1
0.026807299,0.97319275,1
0.014130309,0.98586965,1
0.14702843,0.8529716,1
0.49582577,0.50417423,0
0.15309864,0.84690136,1
0.35606894,0.64393103,0
0.36327943,0.63672054,0
0.54179645,0.45820355,0
0.7870892,0.21291074,0
0.47328082,0.52671915,1
0.40986872,0.5901313,1
0.70847744,0.29152262,0
0.6429807,0.35701928,1
0.5860593,0.41394073,0
0.36794594,0.632054,1
0.44443235,0.55556774,1
0.17122602,0.828774,1
0.871479,0.12852103,0
0.91115016,0.08884982,0
0.7202705,0.27972955,0
0.2537557,0.74624425,1
0.09523301,0.90476704,1
0.04715925,0.95284075,1
0.095950015,0.90404993,1
0.1900281,0.80997187,1
0.5883763,0.41162375,0
0.5917502,0.4082498,0
0.6576581,0.34234184,0
0.88680446,0.113195576,0
0.931187,0.06881301,0
0.1721546,0.8278454,1
0.14518246,0.8548175,1
0.1704195,0.82958055,1
0.055151805,0.9448482,1
0.53842753,0.4615725,1
0.7187674,0.28123254,0
0.07872791,0.9212721,1
0.06616756,0.9338324,1
0.038403295,0.96159667,1
0.02500139,0.9749986,1
0.035216965,0.964783,1
0.06016032,0.9398397,1
0.48623976,0.5137602,0
0.33017114,0.6698289,1
0.62590975,0.37409025,0
0.6443279,0.35567206,0
0.7015295,0.29847044,0
0.24144152,0.7585585,1
0.2592702,0.7407298,1
0.25260907,0.7473909,1
0.26196167,0.73803836,0
0.21039988,0.7896002,0
0.21119256,0.7888075,0
0.26742104,0.732579,0
0.44692567,0.55307436,0
0.44745135,0.5525486,1
0.06937829,0.9306217,1
0.52759653,0.47240344,1
0.49950948,0.5004905,0
0.5745623,0.4254377,0
0.62663746,0.37336245,0
0.6554165,0.34458354,0
0.47838476,0.52161527,1
0.76247084,0.23752917,0
0.7187757,0.28122437,1
0.56791264,0.4320874,0
0.5892894,0.4107106,0
0.6331644,0.3668356,0
0.2867759,0.7132242,1
0.58518755,0.41481245,0
0.6346957,0.36530426,0
0.57615924,0.4238408,0
0.702398,0.29760203,0
0.53678846,0.46321157,1
0.18200691,0.81799304,1
0.18175,0.81825,1
0.6483443,0.3516557,1
0.7584688,0.24153121,0
0.7584966,0.24150348,0
0.79679555,0.20320447,0
0.43859467,0.5614053,1
0.7752675,0.22473249,0
0.81461966,0.18538037,0
0.843543,0.15645707,0
0.7308587,0.26914135,0
0.32305753,0.67694247,1
0.55527556,0.4447245,0
0.5424822,0.45751777,0
0.8502823,0.14971773,0
0.57231504,0.427685,0
0.09753796,0.902462,1
0.33783543,0.66216457,1
0.13561685,0.8643831,1
0.6775743,0.32242572,0
0.6747065,0.32529348,0
0.9384445,0.06155549,0
0.67169636,0.32830366,0
0.5624309,0.4375691,0
0.018316576,0.9816835,1
0.019747455,0.9802525,1
0.023016464,0.9769835,1
0.33815512,0.66184485,1
0.7206579,0.2793421,0
0.74885607,0.25114387,0
0.8144091,0.18559092,0
0.922868,0.077132046,0
0.5745804,0.42541963,0
0.16080947,0.83919054,1
0.059127536,0.94087243,1
0.5842165,0.4157835,0
0.60613215,0.39386782,0
0.66643757,0.33356243,0
0.8503768,0.1496232,0
0.80280936,0.19719069,0
0.7878196,0.21218038,0
0.059522994,0.940477,1
0.13724326,0.8627567,1
0.17860794,0.8213921,1
0.014465414,0.98553455,1
0.28073147,0.7192685,1
0.011716502,0.9882835,1
0.0073985304,0.99260145,1
0.48403558,0.51596445,0
0.035724632,0.9642754,1
0.13601956,0.8639804,0
0.49486586,0.50513405,0
0.122247435,0.8777526,0
0.047627915,0.95237213,1
0.02804974,0.97195023,1
0.2429333,0.7570667,0
0.29617184,0.7038282,0
0.39245936,0.60754067,0
0.16124657,0.83875346,0
0.052095763,0.94790417,1
0.31727752,0.68272245,0
0.28698605,0.71301395,0
0.031509884,0.9684901,1
0.023896636,0.97610337,1
0.16184139,0.8381586,0
0.26439822,0.7356018,0
0.6133832,0.38661683,0
0.47610754,0.52389246,0
0.50248253,0.49751753,0
0.5076883,0.49231175,0
0.446658,0.553342,0
0.54283357,0.45716646,0
0.1021843,0.8978157,1
0.17697005,0.8230299,1
0.55034137,0.4496586,0
0.4353953,0.5646047,0
0.69677347,0.3032265,0
0.66243786,0.3375622,0
0.7594621,0.24053785,0
0.6868643,0.31313568,0
0.44385785,0.5561421,0
0.101148084,0.8988519,1
0.07819065,0.9218094,1
0.6585859,0.34141412,0
0.13397826,0.86602175,1
0.14754221,0.85245776,1
0.13053629,0.8694637,1
0.12329518,0.8767048,1
0.8542488,0.14575122,0
0.8011425,0.19885743,0
0.20750755,0.79249245,1
0.032341376,0.9676586,1
0.031665098,0.9683349,1
0.06280074,0.93719923,1
0.019749569,0.9802505,1
0.83051914,0.16948088,0
0.21101628,0.7889837,1
0.21909532,0.7809047,1
0.3776316,0.62236845,1
0.42003047,0.5799696,1
0.31030726,0.68969274,1
0.19986293,0.80013704,1
0.49824363,0.5017563,1
0.75718206,0.2428179,0
0.23262686,0.76737314,1
0.37545156,0.6245485,1
0.13595459,0.8640454,1
0.20006917,0.7999308,1
0.36198732,0.6380127,0
0.6581184,0.3418815,0
0.25493136,0.74506867,1
0.28458697,0.715413,1
0.34406796,0.65593207,1
0.24476537,0.75523466,1
0.6074858,0.3925143,1
0.5698185,0.4301815,0
0.388292,0.611708,1
0.8059448,0.19405523,0
0.12884024,0.87115973,1
0.11492053,0.88507944,1
0.0552014,0.9447986,1
0.03584317,0.96415687,1
0.07113186,0.9288681,1
0.41045588,0.5895441,0
0.75884175,0.24115825,0
0.5881865,0.41181344,0
0.044039305,0.95596075,1
0.08508293,0.91491705,1
0.027998267,0.97200173,1
0.039001852,0.9609982,1
0.04252683,0.95747316,1
0.074916095,0.9250839,1
0.104040466,0.8959595,0
0.14978753,0.8502125,0
0.49628878,0.5037112,0
0.5610241,0.43897587,0
0.1477837,0.8522163,0
0.21492976,0.7850703,0
0.19126554,0.8087345,0
0.28305724,0.7169427,0
0.035817046,0.964183,1
0.11632563,0.8836744,1
0.1433124,0.8566876,1
0.06374256,0.9362574,1
0.6788577,0.3211423,0
0.81876516,0.18123482,0
0.95053065,0.049469344,0
0.7956457,0.20435433,0
0.079658784,0.9203412,1
0.119713746,0.8802863,1
0.2045271,0.7954729,1
0.043875404,0.9561246,1
0.044872485,0.95512754,1
0.055283412,0.9447166,1
0.4372039,0.5627961,1
0.8085612,0.19143881,0
0.73639745,0.26360252,0
0.6930196,0.3069804,0
0.17263757,0.8273624,0
0.24349914,0.75650084,0
0.63811874,0.3618813,0
0.17108269,0.8289174,1
0.11208061,0.8879194,1
0.2430163,0.7569837,1
0.6414181,0.35858196,0
0.28827646,0.71172357,1
0.5967151,0.40328494,1
0.8569257,0.14307429,0
0.7566969,0.24330308,0
0.6305046,0.36949533,0
0.49629757,0.5037025,1
0.80529034,0.19470969,0
0.8218542,0.1781458,0
0.759999,0.24000102,0
0.15993257,0.8400674,1
0.14062624,0.8593737,1
0.1681978,0.8318022,1
0.1887281,0.8112719,1
0.17967533,0.82032466,1
0.65926605,0.34073395,0
0.25182804,0.748172,1
0.087874815,0.9121252,1
0.1017719,0.8982281,1
0.8549189,0.14508109,0
0.8615191,0.13848087,0
0.8592063,0.1407937,0
0.75627863,0.2437213,0
0.10985384,0.89014614,1
0.07018187,0.9298181,1
0.09112073,0.9088792,1
0.08902363,0.9109764,1
0.10481011,0.8951899,1
0.102853954,0.89714605,1
0.09691169,0.9030883,1
0.16893367,0.8310663,1
0.18192218,0.8180778,1
0.1477184,0.8522816,1
0.17211175,0.8278882,1
0.6473501,0.35264996,0
0.12834804,0.871652,1
0.17065656,0.82934344,0
0.49857154,0.5014285,0
0.087286614,0.91271335,1
0.12939705,0.87060297,1
0.11617128,0.88382876,1
0.19241048,0.8075895,1
0.8759157,0.12408431,0
0.8749578,0.12504219,0
0.8987583,0.10124168,0
0.877417,0.12258292,0
0.66480935,0.33519065,0
0.0483355,0.95166457,1
0.055774964,0.94422495,1
0.06809435,0.9319056,1
0.16482444,0.8351756,1
0.032003224,0.9679968,1
0.06281144,0.93718857,1
0.08783817,0.9121618,1
0.046051096,0.9539489,1
0.04199879,0.9580012,1
0.044497274,0.95550275,1
0.10759562,0.8924043,1
0.18315592,0.81684405,1
0.97111106,0.028888907,0
0.96598554,0.03401438,0
0.16573833,0.83426166,1
0.046861567,0.9531385,1
0.02882188,0.97117805,1
0.04522718,0.9547728,1
0.18376344,0.8162365,1
0.7904402,0.20955978,0
0.8801023,0.11989773,0
0.020915782,0.97908425,1
0.009696894,0.9903031,1
0.01874957,0.98125046,1
0.012501955,0.987498,1
0.019329289,0.9806707,1
0.09418678,0.9058133,0
0.72240025,0.2775997,0
0.21779126,0.7822087,0
0.12932229,0.8706777,0
0.23704614,0.7629539,0
0.39255893,0.60744107,0
0.6211964,0.3788036,0
0.79457396,0.20542604,0
0.8827653,0.117234714,0
0.7947232,0.20527676,0
0.7252009,0.2747991,0
0.062838666,0.9371613,1
0.107705906,0.89229405,1
0.65452886,0.34547114,0
0.15124519,0.8487548,1
0.16072649,0.8392736,1
0.2813401,0.7186599,1
0.7578801,0.24211985,0
0.10116027,0.8988398,1
0.07925396,0.9207461,1
0.09409091,0.9059091,1
0.57818025,0.42181972,0
0.07987231,0.9201277,1
0.06957989,0.9304201,1
0.07525216,0.9247479,1
0.0887486,0.9112514,1
0.21831508,0.78168494,0
0.124421336,0.87557864,1
0.111491784,0.88850826,1
0.24972257,0.7502774,1
0.85545725,0.14454271,0
0.85581857,0.1441814,0
0.08222637,0.91777366,1
0.6096674,0.3903326,0
0.5848113,0.41518876,0
0.63385755,0.36614245,0
0.6850155,0.31498453,0
0.22530979,0.7746903,1
0.17653346,0.8234666,1
0.19780663,0.80219334,1
0.76743233,0.23256761,0
0.78708315,0.21291684,0
0.8113739,0.18862616,0
0.44028726,0.5597127,0
0.5664643,0.4335357,0
0.5425285,0.45747152,0
0.5976934,0.40230662,1
0.67087173,0.32912824,0
0.69526345,0.30473655,1
0.71900934,0.28099063,0
0.7167553,0.28324467,0
0.76297903,0.23702097,0
0.30836582,0.69163424,1
0.85420334,0.14579672,0
0.9785257,0.021474386,0
0.9803603,0.019639678,0
0.036023322,0.9639767,1
0.030713696,0.9692863,1
0.54415905,0.45584092,1
0.12698705,0.8730129,1
0.44378993,0.55621,1
0.22468805,0.77531195,1
0.70264566,0.29735437,0
0.8629264,0.13707353,0
0.8752703,0.12472969,0
0.96207035,0.03792966,0
0.904565,0.095435016,0
0.50647,0.49353,0
0.48827073,0.5117292,0
0.42820707,0.57179296,0
0.47380263,0.5261974,0
0.36790025,0.63209975,0
0.027853046,0.9721469,1
0.026911568,0.97308844,1
0.03440624,0.9655937,1
0.26517683,0.7348232,1
0.39677662,0.6032234,1
0.7575725,0.24242754,0
0.78476566,0.21523438,0
0.80866766,0.19133233,0
0.06538872,0.93461126,1
0.1765105,0.82348955,1
0.6397975,0.36020243,0
0.10282833,0.8971717,1
0.08822805,0.9117719,1
0.710686,0.289314,0
0.7587547,0.24124536,0
0.69347477,0.30652523,0
0.069565736,0.9304342,1
0.05326487,0.9467351,0
0.03908141,0.9609186,1
0.71298903,0.287011,0
0.6221139,0.3778861,0
0.09907328,0.9009267,1
0.26944658,0.7305534,0
0.46740195,0.532598,0
0.3364279,0.66357213,0
0.5874244,0.41257563,0
0.757304,0.24269602,0
0.8381022,0.16189778,0
0.7756466,0.22435337,0
0.5747433,0.4252567,0
0.07593107,0.9240689,1
0.08135482,0.91864514,1
0.06568784,0.93431216,1
0.063437626,0.9365623,1
0.15519595,0.8448041,1
0.64824,0.35176003,0
0.6826102,0.31738976,0
0.5555215,0.44447848,0
0.69339114,0.30660886,0
0.85323423,0.1467658,0
0.8479342,0.1520658,0
0.4283949,0.5716051,0
0.20657958,0.79342043,1
0.2916936,0.7083063,1
0.048822735,0.95117724,1
0.14665301,0.85334706,1
0.12421338,0.8757866,1
0.16496901,0.83503103,1
0.11128694,0.88871306,1
0.25917,0.74083,1
0.48150256,0.51849747,1
0.1731973,0.82680273,1
0.08190137,0.91809857,1
0.08237486,0.9176251,1
0.077473,0.922527,1
0.102635674,0.89736426,1
0.12418136,0.8758186,1
0.1171875,0.8828125,1
0.64442086,0.3555792,0
0.41294447,0.58705556,0
0.2028466,0.7971534,1
0.14034876,0.8596512,1
0.072598144,0.9274019,1
0.90749735,0.09250268,0
0.09466923,0.9053307,1
0.13938373,0.8606162,1
0.67307836,0.3269216,0
0.7267663,0.2732338,0
0.7408762,0.2591238,0
0.7406206,0.2593794,0
0.61220413,0.38779584,0
0.058412578,0.94158745,1
0.09898489,0.90101504,1
0.16477314,0.8352269,1
0.15827726,0.8417227,1
0.5748455,0.42515442,0
0.9140832,0.08591683,0
0.20569961,0.7943004,1
0.11966165,0.8803384,1
0.52067435,0.47932568,0
0.040249858,0.9597502,1
0.03869522,0.9613048,1
0.17166361,0.82833636,1
0.5852975,0.4147025,1
0.78503484,0.21496518,0
0.9257292,0.07427077,0
0.2740272,0.7259728,1
0.12939848,0.87060153,1
0.14005367,0.8599463,1
0.3109636,0.68903637,1
0.37419134,0.62580866,1
0.38959014,0.6104099,1
0.46827516,0.53172493,1
0.26176417,0.73823583,1
0.31888583,0.6811142,1
0.47330573,0.5266942,1
0.66576546,0.33423457,0
0.75188875,0.24811117,0
0.5139047,0.48609528,1
0.31946257,0.68053746,1
0.29925436,0.70074564,1
0.393726,0.60627407,1
0.71122456,0.28877544,0
0.3836318,0.61636823,1
0.6928677,0.3071323,0
0.57465494,0.42534512,1
0.38923576,0.6107642,1
0.11215609,0.88784397,1
0.13386627,0.8661338,1
0.16696893,0.83303106,1
0.3363625,0.6636374,1
0.2652571,0.7347429,1
0.80491,0.19509001,0
0.31585434,0.6841456,1
0.33647904,0.663521,1
0.21134177,0.7886582,1
0.11829554,0.8817044,1
0.13697375,0.8630262,1
0.109469205,0.8905308,1
0.42249528,0.57750475,1
0.4151617,0.58483833,1
0.3867951,0.6132049,1
0.104483575,0.89551646,1
0.87153995,0.12846005,0
0.73549724,0.26450276,0
0.32269943,0.67730063,1
0.85599214,0.14400785,0
0.5939091,0.4060909,0
0.57187027,0.4281298,0
0.031829435,0.9681705,1
0.022871483,0.9771285,1
0.15044348,0.84955657,1
0.1058328,0.8941672,1
0.09480397,0.905196,1
0.2565821,0.7434179,0
0.5346752,0.46532485,0
0.44744173,0.55255824,0
0.35356876,0.6464312,0
0.98236173,0.0176383,0
0.98396987,0.016030096,0
0.9144573,0.08554266,0
0.23714915,0.7628508,1
0.13403071,0.8659693,1
0.14492436,0.8550756,1
0.15238406,0.847616,1
0.18730865,0.81269133,1
0.14928177,0.8507182,1
0.02725107,0.9727489,1
0.25588065,0.74411935,1
0.20046127,0.7995388,1
0.12638241,0.8736176,1
0.98036534,0.019634686,0
0.97986525,0.02013469,0
0.90100414,0.09899587,0
0.15895183,0.8410482,1
0.4686125,0.53138745,0
0.5513258,0.44867423,0
0.48274076,0.5172593,0
0.48378906,0.516211,0
0.08298976,0.91701025,1
0.091205634,0.90879434,1
0.7173901,0.28260982,1
0.84783864,0.15216133,0
0.8984994,0.10150057,0
0.8371345,0.16286556,0
0.119241185,0.8807588,1
0.16406119,0.8359389,1
0.16166578,0.83833426,1
0.1290791,0.8709209,1
0.17547639,0.8245236,1
0.75504273,0.24495724,0
0.82858247,0.17141755,0
0.8199353,0.18006472,0
0.04540542,0.9545946,1
0.04761535,0.95238465,1
0.15571679,0.8442832,1
0.1717179,0.82828206,1
0.84507984,0.15492015,0
0.30705127,0.69294876,0
0.26904804,0.73095196,0
0.32312745,0.67687255,0
0.3361816,0.6638184,0
0.8024891,0.19751093,0
0.09576153,0.9042385,1
0.06764731,0.93235266,1
0.28985748,0.7101425,1
0.60276204,0.39723796,0
0.83326477,0.16673522,0
0.7929418,0.20705822,0
0.09782636,0.90217364,1
0.7957487,0.20425129,0
0.20864882,0.79135126,1
0.5860817,0.41391835,1
0.8719898,0.12801021,0
0.8265142,0.17348583,0
0.08041611,0.9195839,1
0.4601721,0.53982794,1
0.15892658,0.8410734,1
0.518636,0.48136407,1
0.57527304,0.42472693,1
0.2087139,0.7912862,1
0.56975704,0.4302429,1
0.919579,0.08042092,0
0.6991257,0.30087432,0
0.5723225,0.4276775,1
0.083154954,0.9168451,1
0.08140184,0.9185982,1
0.05281186,0.94718814,1
0.07164837,0.9283517,1
0.11225518,0.88774484,1
0.077965505,0.9220345,1
0.08973632,0.9102637,1
0.67679536,0.32320464,0
0.43720436,0.5627956,1
0.78416497,0.21583506,0
0.9757697,0.024230305,0
0.17263551,0.8273645,1
0.04298479,0.9570152,1
0.07749618,0.9225038,1
0.17359284,0.8264072,1
0.2115195,0.7884805,1
0.43222502,0.567775,1
0.094179556,0.9058204,1
0.093821615,0.90617836,1
0.6899612,0.3100388,0
0.96302515,0.036974788,0
0.9896526,0.010347407,0
0.979863,0.020137059,0
0.9568576,0.04314241,0
0.47508988,0.5249101,1
0.56152964,0.4384703,1
0.42240047,0.57759947,1
0.0872326,0.9127674,1
0.31291857,0.6870814,1
0.52939004,0.47060996,1
0.80575055,0.1942494,1
0.8504965,0.14950359,0
0.8797945,0.120205574,0
0.30669308,0.693307,1
0.11525687,0.88474315,1
0.11400855,0.88599145,1
0.12483828,0.8751617,1
0.2267051,0.7732949,1
0.15558629,0.84441376,1
0.12310633,0.8768937,1
0.80737036,0.19262967,0
0.7198133,0.28018677,0
0.254864,0.74513596,1
0.8682085,0.13179152,0
0.052781887,0.9472181,1
0.039917704,0.96008235,1
0.039303623,0.9606964,1
0.030217703,0.9697823,1
0.030054847,0.9699451,1
0.1468591,0.85314095,1
0.05877997,0.94122,1
0.07116124,0.9288388,1
0.8263855,0.17361446,0
0.10164952,0.8983505,0
0.07289825,0.9271018,0
0.06610045,0.9338996,0
0.072578624,0.9274214,0
0.55945355,0.44054645,0
0.14334986,0.8566502,0
0.11780683,0.88219315,0
0.12507395,0.87492603,1
0.8687696,0.13123037,0
0.81980073,0.18019928,0
0.8926812,0.107318826,0
0.87456346,0.12543651,0
0.01133576,0.9886642,1
0.29023972,0.7097603,0
0.7694445,0.2305555,0
0.1653736,0.8346264,1
0.11399156,0.8860084,1
0.76675403,0.23324603,0
0.86373395,0.13626614,0
0.86667293,0.13332704,0
0.5787866,0.42121336,0
0.17390807,0.8260919,1
0.124662235,0.8753378,1
0.45193744,0.54806256,1
0.52814156,0.47185835,1
0.86083984,0.13916013,0
0.59459114,0.40540895,0
0.8125059,0.18749419,0
0.6918532,0.3081468,0
0.13428044,0.86571956,1
0.48725054,0.5127495,1
0.6332844,0.36671555,1
0.17155044,0.8284495,1
0.18968263,0.8103174,1
0.18432863,0.81567144,1
0.22618532,0.77381474,1
0.25815177,0.7418482,1
0.45624393,0.5437561,1
0.6633466,0.33665344,0
0.5014735,0.49852648,1
0.6169808,0.38301918,0
0.055533763,0.9444662,1
0.10009729,0.89990276,1
0.21638618,0.78361386,1
0.9062028,0.09379718,0
0.9406018,0.05939812,0
0.9879138,0.012086195,0
0.4181102,0.58188975,1
0.036776714,0.96322334,1
0.06217815,0.9378218,1
0.9345282,0.06547184,0
0.71444297,0.285557,0
0.09549163,0.9045084,1
0.1428285,0.85717154,1
0.18565148,0.8143485,1
0.098747976,0.90125203,1
0.6826169,0.31738314,0
0.8180426,0.18195738,0
0.7511548,0.24884528,0
0.562865,0.43713492,0
0.15344201,0.84655803,1
0.35832644,0.6416736,1
0.25016633,0.74983364,1
0.5616746,0.43832535,0
0.7624175,0.23758249,0
0.7455646,0.25443545,0
0.88420075,0.1157992,0
0.06812725,0.9318728,1
0.80178773,0.19821231,0
0.8822657,0.1177343,0
0.82291985,0.1770801,0
0.82431155,0.17568846,0
0.6817704,0.31822956,0
0.12197688,0.8780231,1
0.60806066,0.3919393,1
0.81544083,0.18455917,0
0.22347856,0.77652144,1
0.6745139,0.32548612,1
0.560461,0.43953905,1
0.9009652,0.099034816,0
0.9802157,0.019784195,0
0.87310404,0.12689598,0
0.0980051,0.9019948,1
0.7273956,0.2726044,0
0.6772193,0.3227808,0
0.12776273,0.8722373,1
0.8577849,0.14221509,0
0.24214858,0.7578514,1
0.417554,0.582446,1
0.7706904,0.22930963,0
0.8668527,0.13314727,0
0.13502607,0.8649739,1
0.082343616,0.91765636,1
0.073172644,0.9268274,1
0.070777066,0.9292229,1
0.6206708,0.37932923,0
0.6462502,0.35374975,0
0.7219012,0.27809882,0
0.53190184,0.4680982,1
0.2558498,0.7441502,1
0.06679829,0.93320173,1
0.5218728,0.4781272,0
0.6275729,0.3724271,0
0.68861324,0.31138676,0
0.5939864,0.40601358,0
0.94103086,0.05896916,0
0.9703207,0.029679283,0
0.9461039,0.053896114,0
0.49770465,0.5022954,1
0.54760325,0.45239678,1
0.5139402,0.48605976,1
0.46641558,0.53358436,1
0.71145004,0.2885499,0
0.28280866,0.7171913,1
0.22716133,0.77283865,1
0.37734902,0.622651,1
0.8878803,0.1121197,1
0.9776955,0.022304531,1
0.97880334,0.02119663,1
0.91829294,0.08170699,1
0.6344101,0.3655899,0
0.20483364,0.7951663,1
0.12838995,0.87161005,1
0.1346852,0.8653148,1
0.16710337,0.8328966,1
0.18923616,0.81076384,1
0.21397974,0.7860203,1
0.1967739,0.80322605,1
0.6657009,0.334299,0
0.75749165,0.2425084,0
0.6838101,0.31618986,0
0.8565695,0.14343044,0
0.28367412,0.7163259,1
0.110260755,0.8897393,1
0.0818317,0.9181683,1
0.018424386,0.9815756,1
0.022385178,0.9776148,1
0.03463538,0.9653646,1
0.06094985,0.93905014,1
0.6469069,0.35309312,0
0.49036586,0.50963414,1
0.71567243,0.28432754,0
0.6747823,0.32521772,0
0.6889065,0.31109354,0
0.6967919,0.30320814,0
0.7077903,0.29220966,0
0.7440205,0.2559795,0
0.64389354,0.35610643,0
0.080607556,0.9193924,1
0.09733119,0.90266883,1
0.10374614,0.8962538,1
0.82605577,0.17394426,0
0.74047583,0.2595241,0
0.69342065,0.30657935,0
0.6343735,0.3656265,0
0.8088685,0.19113152,0
0.094604716,0.9053953,1
0.021175658,0.9788244,1
0.0147726815,0.98522735,1
0.011910711,0.98808926,1
0.032759562,0.9672404,1
0.020391792,0.9796082,1
0.4560933,0.5439066,0
0.7483261,0.25167385,0
0.7476055,0.2523944,0
0.9530353,0.04696467,0
0.9833877,0.016612284,0
0.9893141,0.010685886,0
0.993291,0.006708961,0
0.7242432,0.2757568,0
0.86057234,0.13942768,0
0.5108325,0.48916748,0
0.09015321,0.9098468,1
0.012208961,0.98779106,1
0.13284318,0.8671568,0
0.67025375,0.32974625,0
0.69598687,0.3040131,0
0.7158717,0.28412834,0
0.99453306,0.005466886,0
0.5894777,0.41052228,0
0.6885075,0.3114925,0
0.6795763,0.32042375,0
0.99559337,0.0044065802,0
0.8334887,0.16651125,0
0.6622388,0.33776122,0
0.63141096,0.36858898,0
0.62573636,0.37426367,0
0.7783587,0.22164132,0
0.6874812,0.31251878,1
0.97852784,0.0214722,0
0.99435955,0.0056404807,0
0.9952148,0.0047852034,0
0.9941856,0.0058143446,0
0.9938717,0.0061283056,0
0.9753711,0.024628937,1
0.36272937,0.6372706,1
0.35793647,0.6420635,1
0.3794141,0.6205859,1
0.43512216,0.5648778,1
0.07706479,0.9229352,1
0.7421874,0.25781262,0
0.80694175,0.19305827,0
0.9828834,0.017116657,0
0.9778806,0.02211944,0
0.98249257,0.017507466,0
0.008313702,0.9916863,1
0.0061592036,0.9938408,1
0.049786102,0.9502139,1
0.10692505,0.8930749,1
0.42741483,0.57258517,1
0.6663307,0.33366922,0
0.8507197,0.1492803,0
0.71838224,0.28161782,0
0.8730765,0.12692356,0
0.69183403,0.30816597,0
0.8874316,0.11256837,0
0.928747,0.07125298,0
0.8187417,0.18125828,0
0.16498066,0.83501935,1
0.6944329,0.30556712,0
0.5950137,0.40498635,1
0.49228182,0.5077181,1
0.008918513,0.9910815,1
0.0133940205,0.98660594,1
0.027445974,0.972554,1
0.08378491,0.9162151,1
0.41589448,0.5841055,1
0.5319518,0.46804827,1
0.87542725,0.1245728,0
0.04857252,0.9514275,1
0.12548177,0.8745182,1
0.27907532,0.7209247,1
0.092937626,0.90706235,1
0.12386236,0.8761377,1
0.14015886,0.8598411,1
0.084490694,0.91550934,1
0.09083904,0.909161,1
0.21446621,0.78553385,0
0.35974574,0.64025426,0
0.86667573,0.13332433,0
0.92959136,0.07040866,0
0.95758265,0.042417284,0
0.96559995,0.034400083,0
0.05274408,0.94725597,1
0.079584725,0.9204153,1
0.32801655,0.6719835,0
0.6278199,0.37218007,0
0.06334428,0.9366557,1
0.095620245,0.9043798,1
0.11589841,0.8841016,1
0.2153277,0.78467226,1
0.66801345,0.3319865,0
0.96797645,0.032023475,0
0.8907224,0.10927757,0
0.4723777,0.5276223,0
0.50728995,0.49271014,0
0.54829884,0.4517011,0
0.16660538,0.8333946,1
0.22815254,0.7718475,1
0.08017027,0.9198297,1
0.091670945,0.90832907,1
0.11846947,0.88153046,1
0.026661862,0.9733382,1
0.051281188,0.94871885,1
0.05245963,0.94754034,1
0.088115856,0.9118841,1
0.020255078,0.97974485,1
0.18831325,0.81168675,0
0.16688506,0.83311486,0
0.9360501,0.063949876,0
0.38458404,0.61541593,0
0.07966425,0.9203357,1
0.054521255,0.94547874,1
0.09445085,0.90554917,1
0.051445812,0.94855416,1
0.14709723,0.8529027,0
0.8013486,0.19865139,0
0.9287182,0.0712818,0
0.91987836,0.080121696,0
0.71522474,0.2847753,0
0.7274369,0.27256313,0
0.7450291,0.2549709,0
0.7535586,0.24644142,0
0.75841826,0.24158178,0
0.67828554,0.3217145,0
0.71589833,0.2841017,1
0.7513603,0.24863969,0
0.37908643,0.62091357,1
0.94090134,0.059098683,0
0.48997805,0.5100219,1
0.080368534,0.9196315,1
0.10280673,0.89719325,1
0.054358017,0.94564205,1
0.56580067,0.43419933,1
0.7124267,0.2875733,0
0.352218,0.647782,1
0.23306717,0.7669328,1
0.54509205,0.45490798,1
0.74520254,0.2547975,0
0.40991238,0.59008765,1
0.73562735,0.26437265,0
0.88215095,0.117849,0
0.94360554,0.056394435,0
0.9058347,0.09416532,0
0.13837428,0.86162573,1
0.07687632,0.9231237,1
0.10320975,0.8967902,1
0.3852889,0.6147111,1
0.3663856,0.63361436,1
0.28159714,0.71840286,1
0.45237565,0.5476244,1
0.74984986,0.2501501,0
0.4331501,0.5668499,1
0.93601775,0.063982256,0
0.89804465,0.101955384,0
0.7805734,0.21942654,0
0.10500064,0.8949994,1
0.19308358,0.8069164,1
0.6800063,0.31999376,0
0.54575324,0.4542468,0
0.98173666,0.018263368,0
0.9925207,0.0074793315,0
0.96747446,0.032525577,0
0.594696,0.40530396,0
0.48476008,0.5152399,1
0.37507924,0.6249208,0
0.1092688,0.8907312,1
0.10612222,0.8938778,1
0.26790074,0.7320993,0
0.97836006,0.021639973,0
0.9374864,0.062513545,0
0.06724193,0.9327581,1
0.050709613,0.94929045,1
0.051686607,0.9483134,1
0.09883292,0.90116704,1
0.88886213,0.11113786,0
0.9473568,0.05264319,0
0.6826129,0.31738707,0
0.18484212,0.8151579,1
0.26311383,0.7368862,1
0.52272654,0.47727343,1
0.64150435,0.35849562,0
0.924644,0.075356044,0
0.6417217,0.35827827,0
0.6907371,0.30926287,0
0.69660294,0.30339712,0
0.7908265,0.20917358,0
0.8081213,0.19187863,0
0.76627445,0.23372552,0
0.7750171,0.22498289,1
0.70878154,0.29121843,1
0.691011,0.30898908,1
0.7973186,0.20268139,0
0.813319,0.18668096,0
0.83306444,0.16693556,0
0.7046575,0.29534253,1
0.5237767,0.47622323,1
0.5882908,0.41170925,1
0.8645881,0.13541192,0
0.9349635,0.06503641,0
0.1684063,0.83159375,1
0.011051555,0.98894846,1
0.20369656,0.79630345,1
0.75107986,0.24892016,0
0.8488133,0.15118669,0
0.52998716,0.47001287,0
0.64498997,0.35501003,0
0.6647103,0.33528972,0
0.5424795,0.45752043,1
0.6560934,0.3439066,0
0.9548816,0.045118403,0
0.5914015,0.4085985,1
0.5280975,0.47190255,1
0.46255413,0.5374459,1
0.48513523,0.51486474,0
0.4386792,0.56132084,0
0.38164285,0.6183571,1
0.5343541,0.46564597,1
0.8868506,0.11314938,0
0.97554445,0.024455547,0
0.18496646,0.81503356,1
0.09359766,0.90640235,1
0.060709305,0.9392907,1
0.055242177,0.9447579,1
0.5454184,0.45458165,1
0.7451684,0.25483155,0
0.59637684,0.4036232,0
0.5925311,0.40746894,0
0.3582713,0.6417287,1
0.9042907,0.09570931,0
0.75602984,0.24397008,0
0.8142833,0.18571667,0
0.82076913,0.17923087,0
0.20599182,0.79400814,1
0.7499844,0.2500157,1
0.8994628,0.100537226,0
0.89138454,0.108615436,0
0.84618956,0.15381046,0
0.8384578,0.16154219,0
0.8412922,0.1587078,0
0.8449861,0.15501386,0
0.830486,0.16951396,0
0.84529,0.15470998,0
0.8898062,0.11019383,0
0.16894509,0.83105487,1
0.6995154,0.3004847,0
0.2809202,0.7190798,1
0.920007,0.079993054,0
0.92577493,0.074224986,0
0.9073783,0.09262167,0
0.27695486,0.7230452,1
0.16624694,0.83375305,1
0.34581155,0.6541885,1
0.20738333,0.79261667,1
0.78038174,0.2196183,0
0.79082394,0.20917611,0
0.7957867,0.20421328,0
0.8122295,0.18777049,0
0.7074934,0.29250664,0
0.13923468,0.8607653,1
0.70547056,0.29452938,0
0.70893323,0.29106677,0
0.6525076,0.34749237,0
0.23592466,0.76407534,1
0.629407,0.37059304,1
0.6532625,0.34673747,1
0.8735232,0.12647688,0
0.89256275,0.1074373,0
0.9329723,0.06702772,0
0.8787581,0.12124193,0
0.7655031,0.2344969,1
0.33733317,0.66266686,1
0.6668147,0.33318532,0
0.65341026,0.34658965,0
0.47227484,0.52772516,1
0.45217216,0.5478279,1
0.657815,0.34218502,0
0.7366479,0.26335213,0
0.91257954,0.08742043,0
0.9660946,0.033905365,0
0.981797,0.018203026,0
0.9845968,0.015403226,0
0.48141053,0.5185895,0
0.4489343,0.5510657,0
0.62741286,0.37258714,0
0.63287544,0.36712462,0
0.3339787,0.6660213,1
0.3332621,0.6667379,1
0.30235523,0.69764477,1
0.31732962,0.6826704,1
0.68864346,0.3113565,1
0.21942732,0.7805727,1
0.5508312,0.44916886,0
0.48839504,0.51160496,0
0.45424291,0.5457571,0
0.3013795,0.6986205,0
0.25630355,0.7436965,0
0.5568127,0.44318733,0
0.46714267,0.53285736,1
0.7640098,0.23599023,1
0.9021543,0.09784567,0
0.95368874,0.04631125,0
0.92759764,0.07240229,0
0.40025762,0.59974235,0
0.4630008,0.5369992,0
0.51541764,0.48458228,0
0.6807634,0.31923658,0
0.692913,0.307087,0
0.6840132,0.31598675,1
0.8526824,0.14731756,0
0.59271765,0.4072824,1
0.61189586,0.38810417,1
0.6535616,0.34643847,1
0.70012724,0.2998728,1
0.05339288,0.9466071,1
0.8406431,0.1593569,0
0.7731625,0.22683753,0
0.719118,0.28088197,0
0.7060907,0.29390928,0
0.90574497,0.094255045,0
0.9340306,0.065969415,0
0.9118173,0.088182725,0
0.7957486,0.20425138,0
0.68728036,0.3127196,0
0.71624714,0.28375286,0
0.74794745,0.25205252,0
0.73607343,0.2639265,0
0.6943804,0.30561966,0
0.71949625,0.28050378,0
0.6928267,0.30717325,0
0.71709126,0.2829088,0
0.9060421,0.09395788,0
0.9812052,0.018794795,0
0.7245696,0.27543035,1
0.45495662,0.5450433,0
0.7026736,0.2973264,0
0.709538,0.29046196,1
0.71976477,0.2802352,1
0.66827005,0.33173,1
0.4265021,0.57349783,1
0.66409284,0.33590716,1
0.66399276,0.3360072,1
0.6171404,0.3828596,0
0.61287266,0.38712734,0
0.9889004,0.011099573,0
0.9890093,0.010990663,0
0.98921376,0.010786195,0
0.6151149,0.3848851,0
0.5702813,0.4297187,1
0.46191353,0.5380865,1
0.4122753,0.5877246,0
0.24023953,0.75976044,1
0.43995956,0.5600404,1
0.95804155,0.04195849,0
0.5374693,0.46253073,1
0.2424529,0.7575471,1
0.5083335,0.49166653,1
0.6548443,0.34515572,0
0.84339243,0.15660754,0
0.64971197,0.35028803,0
0.5150572,0.48494285,1
0.5615317,0.43846834,1
0.8132947,0.18670532,0
0.72588706,0.27411294,0
0.7224669,0.27753308,0
0.70843077,0.29156926,0
0.15639837,0.84360164,1
0.8992987,0.10070124,0
0.9111292,0.0888708,0
0.86799866,0.13200139,0
0.56805515,0.43194482,1
0.015276931,0.9847231,1
0.07473973,0.9252603,1
0.08014398,0.9198561,1
0.77732265,0.22267736,0
0.8732388,0.12676123,0
0.6840951,0.31590495,0
0.7043945,0.2956055,0
0.72990143,0.27009857,0
0.9750454,0.024954632,0
0.017116016,0.982884,1
0.015357228,0.9846428,1
0.0135901375,0.98640984,1
0.2571103,0.7428897,0
0.46649325,0.53350675,0
0.5175037,0.48249635,0
0.73315406,0.26684594,0
0.88802797,0.111972034,0
0.90227175,0.09772827,0
0.71089387,0.28910616,0
0.91812634,0.08187374,0
0.31012276,0.6898773,1
0.6642384,0.3357616,0
0.784308,0.21569195,0
0.8064489,0.1935511,0
0.12005752,0.8799425,1
0.7974599,0.20254017,0
0.9170536,0.082946464,0
0.95846987,0.041530132,0
0.9248267,0.075173326,0
0.616199,0.38380095,0
0.38266617,0.61733377,0
0.4537373,0.54626274,0
0.6351319,0.3648681,0
0.5980088,0.4019912,0
0.6525536,0.34744635,0
0.7271566,0.27284342,0
0.9174977,0.08250229,0
0.976492,0.023508018,0
0.59839344,0.4016066,1
0.5023811,0.49761894,1
0.49047664,0.50952333,1
0.41183457,0.58816546,1
0.45787832,0.54212165,1
0.32168123,0.67831874,1
0.306944,0.693056,1
0.3003759,0.6996241,1
0.69797754,0.3020225,1
0.45918876,0.54081124,1
0.7185746,0.28142548,1
0.68952143,0.3104786,0
0.69076437,0.30923563,0
0.756922,0.24307793,1
0.40708977,0.59291023,1
0.039532084,0.96046793,1
0.6967199,0.3032801,0
0.7199138,0.28008625,0
0.76791203,0.23208793,0
0.90593517,0.09406486,0
0.93840027,0.061599657,0
0.6038075,0.39619246,0
0.048793867,0.95120615,1
0.8070653,0.19293463,0
0.8281486,0.17185138,0
0.79764867,0.20235136,0
0.7550979,0.24490203,0
0.36611873,0.6338812,1
0.94157356,0.05842645,0
0.061650038,0.9383499,1
0.36184743,0.63815254,1
0.5257691,0.47423086,1
0.7798452,0.22015487,0
0.71920615,0.28079382,0
0.7216342,0.2783658,0
0.7340219,0.26597804,0
0.4527395,0.54726046,1
0.89055675,0.10944329,0
0.910959,0.08904093,0
0.5162482,0.48375183,1
0.04487242,0.9551276,1
0.0854499,0.91455007,1
0.14523403,0.85476595,1
0.77018374,0.22981627,0
0.77169085,0.2283092,0
0.8138276,0.18617246,0
0.67661154,0.32338846,0
0.24497923,0.75502074,1
0.2230191,0.7769809,1
0.9289893,0.0710107,0
0.96510416,0.0348958,0
0.14153747,0.8584625,1
0.16400044,0.8359995,1
0.6698306,0.33016932,0
0.6606984,0.3393016,0
0.6107071,0.38929287,0
0.811825,0.18817498,0
0.991243,0.008756995,0
0.41965604,0.580344,1
0.47735474,0.52264524,1
0.102812916,0.8971871,1
0.3241444,0.6758556,1
0.8906628,0.10933715,1
0.9792077,0.020792322,0
0.12752764,0.87247235,1
0.009614123,0.9903859,1
0.005640416,0.99435955,1
0.0017341553,0.9982659,1
0.0026858745,0.99731416,1
0.49239433,0.5076057,0
0.60473627,0.39526376,0
0.8568975,0.14310256,0
0.9083192,0.0916809,0
0.8950657,0.104934245,0
0.7137795,0.28622046,0
0.0730832,0.9269168,1
0.07502906,0.924971,1
0.05831123,0.9416888,1
0.1113998,0.8886002,1
0.7166521,0.2833479,0
0.8217243,0.1782757,0
0.75434124,0.24565874,0
0.9205751,0.07942493,0
0.9352595,0.06474046,0
0.040935498,0.9590645,1
0.08541218,0.91458786,1
0.076765664,0.92323434,1
0.014202124,0.98579794,1
0.7232087,0.27679127,0
0.73385906,0.26614094,0
0.77635825,0.22364181,0
0.16474676,0.83525324,1
0.72338897,0.2766111,0
0.91713303,0.08286697,0
0.9356555,0.06434451,0
0.20227,0.79773,1
0.07320508,0.9267949,1
0.77400285,0.22599714,0
0.5613713,0.4386286,0
0.36583418,0.63416576,1
0.9033719,0.09662818,0
0.19336186,0.8066382,1
0.63071454,0.36928546,0
0.5009311,0.49906892,0
0.34298056,0.6570195,0
0.34968835,0.65031165,0
0.20728244,0.7927176,1
0.039501697,0.96049833,1
0.7053777,0.29462233,0
0.73654616,0.2634539,0
0.6937913,0.3062087,0
0.49019486,0.50980514,1
0.8547473,0.14525267,0
0.93575025,0.06424977,0
0.95638525,0.043614797,0
0.8725161,0.12748392,0
0.7720736,0.22792639,0
0.64829904,0.35170096,0
0.5924308,0.40756926,0
0.9651894,0.03481055,0
0.97997814,0.02002185,0
0.4849027,0.5150973,1
0.32559583,0.67440414,1
0.26760307,0.73239696,1
0.3011038,0.6988962,1
0.2692521,0.7307479,1
0.887326,0.11267397,0
0.9354497,0.0645503,0
0.42425406,0.57574594,1
0.18140396,0.81859607,1
0.041078202,0.95892185,1
0.06592725,0.9340727,1
0.18320741,0.8167926,1
0.20332664,0.79667336,1
0.70306957,0.29693037,0
0.5924798,0.40752015,0
0.26621938,0.7337806,1
0.3665301,0.6334699,1
0.6153682,0.3846318,1
0.90059775,0.09940221,0
0.9297782,0.07022175,0
0.9127983,0.08720176,0
0.13618934,0.86381066,1
0.1869949,0.81300515,1
0.73151875,0.2684812,0
0.7612385,0.2387615,0
0.7919065,0.2080936,0
0.6208665,0.37913355,1
0.25979167,0.7402083,1
0.5193314,0.48066863,0
0.1561194,0.84388053,1
0.152178,0.847822,1
0.0317434,0.9682566,1
0.7554212,0.24457885,0
0.81868017,0.1813198,0
0.9247603,0.07523964,0
0.0608341,0.9391659,1
0.046202943,0.95379704,1
0.25451607,0.74548393,0
0.8879963,0.112003714,0
0.90670645,0.09329354,0
0.03754268,0.96245736,1
0.05446703,0.945533,1
0.0591696,0.94083047,1
0.053132966,0.946867,1
0.6814467,0.3185533,0
0.2373587,0.7626413,1
0.31976753,0.6802324,0
0.63833743,0.36166254,0
0.34638056,0.6536194,1
0.42250863,0.57749134,0
0.7601981,0.23980193,0
0.15964553,0.84035444,1
0.6297722,0.3702279,0
0.671647,0.32835302,0
0.70292705,0.2970729,0
0.6712538,0.32874614,0
0.62364966,0.3763503,0
0.6576348,0.3423652,0
0.6892397,0.31076026,0
0.54779416,0.45220578,1
0.6705247,0.32947528,0
