prob_class_0,prob_class_1,true_label
0.3408475389266522,0.6591524610733478,1
0.06802837423565256,0.9319716257643474,1
0.18868209336770925,0.8113179066322908,1
0.2655648046600346,0.7344351953399654,1
0.5294389920035739,0.4705610079964261,1
0.513706541444579,0.4862934585554211,1
0.8273189832502491,0.17268101674975087,1
0.0174509109675276,0.9825490890324724,1
0.039250484383177575,0.9607495156168224,1
0.033309792166255736,0.9666902078337443,1
0.011265472330859505,0.9887345276691405,1
0.02164183882425541,0.9783581611757446,1
0.05422989853003923,0.9457701014699608,1
0.09205642744989773,0.9079435725501023,1
0.49242027095547947,0.5075797290445205,1
0.1950374014662568,0.8049625985337432,1
0.03897125202101548,0.9610287479789845,1
0.6630844713867681,0.3369155286132319,1
0.07053732964112003,0.92946267035888,1
0.145316833587942,0.854683166412058,1
0.12635741140694534,0.8736425885930547,1
0.20154165094245913,0.7984583490575409,1
0.07042862395031746,0.9295713760496825,1
0.008235217649369186,0.9917647823506308,1
0.1348879144784676,0.8651120855215324,1
0.1301381595059532,0.8698618404940468,1
0.2568583760404596,0.7431416239595404,1
0.19716162562473805,0.802838374375262,1
0.3196875580045887,0.6803124419954113,1
0.01863223350586929,0.9813677664941307,1
0.019167219563229754,0.9808327804367702,1
0.02853267028736961,0.9714673297126304,1
0.12285726150565035,0.8771427384943496,1
0.019415822281902084,0.9805841777180979,1
0.010530216789666702,0.9894697832103333,1
0.10111681062882061,0.8988831893711794,1
0.013402640222444306,0.9865973597775557,1
0.24193384041671495,0.758066159583285,1
0.04957416202491083,0.9504258379750892,1
0.018626900668106128,0.9813730993318939,1
0.04724123563001015,0.9527587643699899,1
0.021403719982005076,0.9785962800179949,1
0.028412467204505742,0.9715875327954943,1
0.05062587400164231,0.9493741259983577,1
0.055346919979390785,0.9446530800206092,1
0.29507046905083856,0.7049295309491614,1
0.05913238710532409,0.9408676128946759,1
0.024454391178223345,0.9755456088217767,1
0.6949621763361966,0.30503782366380344,1
0.29612848941780345,0.7038715105821965,1
0.033912714054929904,0.9660872859450701,1
0.16952371862197335,0.8304762813780266,1
0.5460625472062991,0.4539374527937009,1
0.9174093444846606,0.08259065551533938,1
0.5193528072351183,0.4806471927648816,1
0.4469893217521437,0.5530106782478563,1
0.2950200683569594,0.7049799316430406,1
0.08491933139148466,0.9150806686085153,1
0.08588926078092962,0.9141107392190704,1
0.01753010269024613,0.9824698973097539,1
0.04380303206366187,0.9561969679363381,1
0.07962376054934017,0.9203762394506598,1
0.08773449066509931,0.9122655093349007,1
0.08348802656867882,0.9165119734313212,1
0.06914983511247197,0.930850164887528,1
0.026392882580219212,0.9736071174197808,1
0.11913437880443889,0.8808656211955611,1
0.07332474901716624,0.9266752509828338,1
0.5597114916391525,0.44028850836084754,1
0.023555333795440725,0.9764446662045593,1
0.19933709585822534,0.8006629041417747,1
0.07376726990306193,0.9262327300969381,1
0.01024116141515874,0.9897588385848413,1
0.08460173698425832,0.9153982630157417,1
0.535490335156763,0.4645096648432369,1
0.573781265350624,0.426218734649376,1
0.04613213801747995,0.95386786198252,1
0.12517209322734535,0.8748279067726547,1
0.10004538065481017,0.8999546193451898,1
0.047674994447584385,0.9523250055524156,1
0.007317385753630945,0.992682614246369,1
0.014818921050664624,0.9851810789493354,1
0.06287085006350668,0.9371291499364933,1
0.43019822726669665,0.5698017727333033,1
0.120266687245142,0.879733312754858,1
0.027658305361850766,0.9723416946381492,1
0.014033429051919954,0.98596657094808,1
0.03146819457465344,0.9685318054253466,1
0.10791623055189314,0.8920837694481069,1
0.10393050452541164,0.8960694954745884,1
0.03281141328780701,0.967188586712193,1
0.09986763200242887,0.9001323679975711,1
0.029992285578697264,0.9700077144213027,1
0.01160190745619627,0.9883980925438037,1
0.02646561779376133,0.9735343822062387,1
0.023925841818412286,0.9760741581815877,1
0.0207892163217388,0.9792107836782612,1
0.2194556073058519,0.7805443926941481,1
0.04326895076847448,0.9567310492315255,1
0.12010076022882987,0.8798992397711701,1
0.017547860437090668,0.9824521395629093,1
0.044755722171926915,0.9552442778280731,1
0.22995315466112165,0.7700468453388783,1
0.0732308073150213,0.9267691926849787,1
0.00834894354957405,0.991651056450426,1
0.037306884155451026,0.962693115844549,1
0.1326723867625602,0.8673276132374398,1
0.011817611612377155,0.9881823883876228,1
0.9699220861007617,0.030077913899238275,1
0.16752478858316722,0.8324752114168328,1
0.11262821543837453,0.8873717845616255,1
0.034717966960907454,0.9652820330390925,1
0.207956856333407,0.792043143666593,1
0.08610306385003585,0.9138969361499641,1
0.048862967046602535,0.9511370329533975,1
0.38670466833034733,0.6132953316696527,1
0.24870930104915812,0.7512906989508419,1
0.12797262294567047,0.8720273770543295,1
0.07595874235681632,0.9240412576431837,1
0.02565681253332064,0.9743431874666794,1
0.26345094829035254,0.7365490517096475,1
0.07200913351745908,0.9279908664825409,1
0.14723862284760658,0.8527613771523934,1
0.06977841334462165,0.9302215866553784,1
0.18055659600278173,0.8194434039972183,1
0.030418203920122733,0.9695817960798773,1
0.0241109100694904,0.9758890899305096,1
0.04713158863651534,0.9528684113634847,1
0.14154245594317982,0.8584575440568202,1
0.8922539937501253,0.10774600624987472,1
0.007602238489122892,0.9923977615108771,1
0.05240982250496373,0.9475901774950363,1
0.22402036342125342,0.7759796365787466,1
0.010962427457535617,0.9890375725424644,1
0.141587545439389,0.858412454560611,1
0.08123816657208283,0.9187618334279172,1
0.9263170472478829,0.07368295275211707,1
0.28354616087813855,0.7164538391218614,1
0.3138866579042454,0.6861133420957546,1
0.2955346602475427,0.7044653397524573,1
0.054914544081890226,0.9450854559181098,1
0.04124263642061554,0.9587573635793845,1
0.005289708760115253,0.9947102912398847,1
0.26306536773864686,0.7369346322613531,1
0.2098321696905573,0.7901678303094427,1
0.47379151600386815,0.5262084839961318,1
0.06847483460430426,0.9315251653956957,1
0.008017214742236045,0.991982785257764,1
0.023760864768221368,0.9762391352317786,1
0.9338749576526005,0.06612504234739947,1
0.07950641268575309,0.9204935873142469,1
0.28986717334108203,0.710132826658918,1
0.21131032518823878,0.7886896748117612,1
0.028152499047281787,0.9718475009527182,1
0.10612796347413556,0.8938720365258644,1
0.38492371780496326,0.6150762821950367,1
0.08288106563353093,0.9171189343664691,1
0.3525286663954854,0.6474713336045146,1
0.42275708504703935,0.5772429149529607,1
0.04842913583392516,0.9515708641660748,1
0.04134620610242479,0.9586537938975752,1
0.01860370869492045,0.9813962913050795,1
0.05378100505298988,0.9462189949470101,1
0.19006049390095525,0.8099395060990447,1
0.016427074591187973,0.983572925408812,1
0.14778959556693372,0.8522104044330663,1
0.04279184757598853,0.9572081524240115,1
0.05213797862301328,0.9478620213769867,1
0.04540618185700329,0.9545938181429967,1
0.21109486703762315,0.7889051329623769,1
0.7260819361126647,0.2739180638873353,1
0.19077769933415634,0.8092223006658437,1
0.14599459413236238,0.8540054058676376,1
0.007220733775906263,0.9927792662240937,1
0.35798088695211816,0.6420191130478818,1
0.05902488214616419,0.9409751178538358,1
0.03297440218569192,0.9670255978143081,1
0.01685914453625359,0.9831408554637464,1
0.01843958453791028,0.9815604154620897,1
0.08024337497430112,0.9197566250256989,1
0.4210628310299258,0.5789371689700742,1
0.010052930781907055,0.989947069218093,1
0.013350080686425958,0.986649919313574,1
0.10427386689305351,0.8957261331069465,1
0.41986248464372666,0.5801375153562733,1
0.09508968315348032,0.9049103168465197,1
0.28869469797504244,0.7113053020249576,1
0.03747042159894742,0.9625295784010526,1
0.07236964022509729,0.9276303597749027,1
0.055767937313972005,0.944232062686028,1
0.12420740969681676,0.8757925903031832,1
0.025579009072464576,0.9744209909275354,1
0.5900806119498784,0.4099193880501216,1
0.10488906501175077,0.8951109349882492,1
0.025479924031093226,0.9745200759689068,1
0.07352029299210427,0.9264797070078957,1
0.037403878525538836,0.9625961214744612,1
0.018115228811761197,0.9818847711882388,1
0.04931381766399201,0.950686182336008,1
0.03240763607242103,0.967592363927579,1
0.07050524785313617,0.9294947521468638,1
0.06296613686619823,0.9370338631338018,1
0.045704320752154026,0.954295679247846,1
0.08794415673015832,0.9120558432698417,1
0.10446465172109654,0.8955353482789035,1
0.17535281510642642,0.8246471848935736,1
0.13933872893501775,0.8606612710649822,1
0.4097936816340261,0.5902063183659739,1
0.03466746150223188,0.9653325384977681,1
0.2398144608173386,0.7601855391826614,1
0.3165905378256454,0.6834094621743546,1
0.03540610922468779,0.9645938907753122,1
0.05488628008714258,0.9451137199128574,1
0.09418155678301854,0.9058184432169815,1
0.12353084235127065,0.8764691576487293,1
0.1564316773088884,0.8435683226911116,1
0.1298538747303264,0.8701461252696736,1
0.028326768804762814,0.9716732311952372,1
0.020301687721966277,0.9796983122780337,1
0.5210684767354126,0.4789315232645875,1
0.018783413852386688,0.9812165861476133,1
0.18004238192669442,0.8199576180733056,1
0.023482182550416564,0.9765178174495834,1
0.20356027335449567,0.7964397266455043,1
0.00970096064172199,0.990299039358278,1
0.06838949510084524,0.9316105048991548,1
0.20841403121023494,0.7915859687897651,1
0.016012275227261452,0.9839877247727385,1
0.06652313605771876,0.9334768639422812,1
0.11867632106106596,0.881323678938934,1
0.6954868393547111,0.3045131606452888,1
0.016648785662600862,0.9833512143373991,1
0.17183683471367517,0.8281631652863248,1
0.16336722818755411,0.8366327718124459,1
0.23666256633718363,0.7633374336628164,1
0.009714669293787392,0.9902853307062126,1
0.15762407195852524,0.8423759280414748,1
0.03569455151232259,0.9643054484876774,1
0.03521741145358592,0.9647825885464141,1
0.03674854546416262,0.9632514545358374,1
0.3277282255851407,0.6722717744148593,1
0.025258048264693023,0.974741951735307,1
0.03110797746281624,0.9688920225371838,1
0.13887203366413092,0.8611279663358691,1
0.015553047660684993,0.984446952339315,1
0.008332868715275055,0.991667131284725,1
0.3479764150500073,0.6520235849499927,1
0.10184510909168676,0.8981548909083132,1
0.42783790073717176,0.5721620992628282,1
0.04182231100400924,0.9581776889959908,1
0.033702494905062164,0.9662975050949378,1
0.013350689779291991,0.986649310220708,1
0.06677890055244584,0.9332210994475542,1
0.10428016602916546,0.8957198339708345,1
0.4308906445747529,0.5691093554252471,1
0.20953079090423876,0.7904692090957612,1
0.11500059416572139,0.8849994058342786,1
0.05250428004961394,0.9474957199503861,1
0.10206442192426868,0.8979355780757313,1
0.017385283931251716,0.9826147160687483,1
0.07590284656785695,0.924097153432143,1
0.14749350271345163,0.8525064972865484,1
0.15549594621084362,0.8445040537891564,1
0.013264870621336078,0.9867351293786639,1
0.031911832155088415,0.9680881678449116,1
0.015098974756332928,0.9849010252436671,1
0.8527659916985031,0.14723400830149697,1
0.21263789018204138,0.7873621098179586,1
0.15198440449624773,0.8480155955037523,1
0.09698373397293025,0.9030162660270697,1
0.03462213221846289,0.9653778677815371,1
0.07641096969974193,0.9235890303002581,1
0.48942661795632925,0.5105733820436708,1
0.11735690729066528,0.8826430927093347,1
0.012499153630466053,0.987500846369534,1
0.08093109805334087,0.9190689019466591,1
0.02088838703158835,0.9791116129684116,1
0.177783415428584,0.822216584571416,1
0.4656109268714993,0.5343890731285007,1
0.13449480330397434,0.8655051966960257,1
0.03181287593211224,0.9681871240678878,1
0.05804269467716994,0.9419573053228301,1
0.11012961640501939,0.8898703835949806,1
0.03871810535596909,0.9612818946440309,1
0.031461128710445596,0.9685388712895544,1
0.06392676417601917,0.9360732358239808,1
0.6678483578366174,0.33215164216338255,1
0.16185913955925468,0.8381408604407453,1
0.04558881385135005,0.95441118614865,1
0.17206178963249263,0.8279382103675074,1
0.05064032682772379,0.9493596731722762,1
0.07487520615988041,0.9251247938401196,1
0.11178851223804154,0.8882114877619585,1
0.3364049323686108,0.6635950676313892,1
0.005579013646093256,0.9944209863539067,1
0.024547536457236063,0.9754524635427639,1
0.04317861945741319,0.9568213805425868,1
0.007266564176407808,0.9927334358235922,1
0.16648050061688002,0.83351949938312,1
0.1921698159595263,0.8078301840404737,1
0.0272499562359656,0.9727500437640344,1
0.12314116238099859,0.8768588376190014,1
0.039850554134843175,0.9601494458651568,1
0.032720540273415866,0.9672794597265841,1
0.021359852550687064,0.9786401474493129,1
0.0074672477734777365,0.9925327522265223,1
0.0916878672965139,0.9083121327034861,1
0.20704086205595995,0.79295913794404,1
0.08646787894841601,0.913532121051584,1
0.012864231640257073,0.9871357683597429,1
0.46248266392170045,0.5375173360782995,1
0.08165650171828187,0.9183434982817181,1
0.20442485907371433,0.7955751409262857,1
0.09537553493459328,0.9046244650654067,1
0.03144355644096053,0.9685564435590395,1
0.023080743641902934,0.9769192563580971,1
0.09440296416433214,0.9055970358356679,1
0.008601149655616647,0.9913988503443834,1
0.06777967910657123,0.9322203208934288,1
0.08363203261256957,0.9163679673874304,1
0.007154433566448293,0.9928455664335517,1
0.0830275145928886,0.9169724854071114,1
0.00654587561892761,0.9934541243810724,1
0.06900525970468552,0.9309947402953145,1
0.016584726533362182,0.9834152734666378,1
0.12119470800829335,0.8788052919917066,1
0.04872187827501173,0.9512781217249883,1
0.042550146412345224,0.9574498535876548,1
0.19152815559575476,0.8084718444042452,1
0.023204840744828314,0.9767951592551717,1
0.1294473767432225,0.8705526232567775,1
0.11541459899826956,0.8845854010017304,1
0.39343290671896136,0.6065670932810386,1
0.11096659276119747,0.8890334072388025,1
0.0076102311972775505,0.9923897688027224,1
0.029382498987431394,0.9706175010125686,1
0.07068843259458757,0.9293115674054124,1
0.017915552916234034,0.982084447083766,1
0.23445342039393746,0.7655465796060625,1
0.03176894361663385,0.9682310563833662,1
0.5338232148465325,0.46617678515346744,1
0.04615399651844343,0.9538460034815566,1
0.03649616427294988,0.9635038357270501,1
0.17026110821058016,0.8297388917894198,1
0.21039626145925683,0.7896037385407432,1
0.008977871893848466,0.9910221281061515,1
0.12443109129044638,0.8755689087095536,1
0.04916409070010952,0.9508359092998905,1
0.005922216892778054,0.994077783107222,1
0.1420985001257281,0.8579014998742719,1
0.053559892835291056,0.9464401071647089,1
0.15199613382465282,0.8480038661753472,1
0.016557369599173644,0.9834426304008264,1
0.8818203563981553,0.11817964360184474,1
0.0814905185857473,0.9185094814142527,1
0.018908587801957588,0.9810914121980424,1
0.029403981933625922,0.9705960180663741,1
0.10137612514571159,0.8986238748542884,1
0.24911970905106462,0.7508802909489354,1
0.050192444160576,0.949807555839424,1
0.00864269301175924,0.9913573069882408,1
0.035022079422986296,0.9649779205770137,1
0.06519883803456195,0.934801161965438,1
0.441395765560574,0.558604234439426,1
0.04247931081086198,0.957520689189138,1
0.011514261698288286,0.9884857383017117,1
0.07520711817297465,0.9247928818270253,1
0.032498045104620954,0.967501954895379,1
0.06219415643364545,0.9378058435663545,1
0.017102558401890566,0.9828974415981094,1
0.898601933771599,0.101398066228401,1
0.17107630222798142,0.8289236977720186,1
0.2784100891922463,0.7215899108077537,1
0.04447685613092467,0.9555231438690753,1
0.11312667298981505,0.886873327010185,1
0.05819447886772877,0.9418055211322712,1
0.06361124417511943,0.9363887558248806,1
0.09319331395211938,0.9068066860478806,1
0.024137685269693065,0.9758623147303069,1
0.03283437617982654,0.9671656238201735,1
0.17150721847208128,0.8284927815279187,1
0.10668667173954427,0.8933133282604557,1
0.7704060134714739,0.22959398652852617,1
0.13749265410397082,0.8625073458960292,1
0.04525659188419884,0.9547434081158012,1
0.11183390654244774,0.8881660934575523,1
0.015442755052743284,0.9845572449472567,1
0.0675032946012486,0.9324967053987514,1
0.2744510092118093,0.7255489907881907,1
0.17714852507976353,0.8228514749202365,1
0.22082315850247058,0.7791768414975294,1
0.04912670287118892,0.9508732971288111,1
0.1461446521315951,0.8538553478684049,1
0.01006594469909361,0.9899340553009064,1
0.016696019759983582,0.9833039802400164,1
0.7245143324688603,0.2754856675311396,1
0.043268177212012926,0.9567318227879871,1
0.17796240204468783,0.8220375979553122,1
0.016438776223004714,0.9835612237769953,1
0.11181993980216542,0.8881800601978346,1
0.03516217592816773,0.9648378240718323,1
0.0456834725955958,0.9543165274044042,1
0.028955611209724896,0.9710443887902751,1
0.471826994899339,0.528173005100661,1
0.2570030934329045,0.7429969065670955,1
0.02551711063181905,0.974482889368181,1
0.016197867490612694,0.9838021325093873,1
0.35360418768142554,0.6463958123185745,1
0.0871854169608427,0.9128145830391573,1
0.06608143487903018,0.9339185651209698,1
0.18328373556355015,0.8167162644364498,1
0.05596347409679825,0.9440365259032018,1
0.07294583806445076,0.9270541619355492,1
0.3212615729489623,0.6787384270510377,1
0.18154764541412083,0.8184523545858792,1
0.02047456374975476,0.9795254362502452,1
0.053535195205577146,0.9464648047944229,1
0.329738479661693,0.670261520338307,1
0.21204387047961115,0.7879561295203888,1
0.060429038718461725,0.9395709612815383,1
0.456542428472536,0.543457571527464,1
0.08580512498200688,0.9141948750179931,1
0.1310546152746066,0.8689453847253934,1
0.14955268324286342,0.8504473167571366,1
0.15600067436043497,0.843999325639565,1
0.03194069429702695,0.968059305702973,1
0.06495840986837842,0.9350415901316216,1
0.6029904532023116,0.3970095467976884,1
0.04146849466694236,0.9585315053330576,1
0.1928134224787914,0.8071865775212086,1
0.03928249440458542,0.9607175055954146,1
0.02628627473886269,0.9737137252611373,1
0.023287337224669025,0.976712662775331,1
0.09024579370699648,0.9097542062930035,1
0.032641919498866745,0.9673580805011333,1
0.011283074263156556,0.9887169257368434,1
0.0469922575589794,0.9530077424410206,1
0.201091283923708,0.798908716076292,1
0.04307302932714541,0.9569269706728546,1
0.11168134713700395,0.888318652862996,1
0.8020822726351773,0.19791772736482277,1
0.4453616328041291,0.5546383671958709,1
0.245396730994055,0.754603269005945,1
0.6847383768780819,0.31526162312191813,1
0.10162507768915818,0.8983749223108418,1
0.036132153383524046,0.963867846616476,1
0.033651218267161,0.966348781732839,1
0.012994636596825648,0.9870053634031744,1
0.008753954524537866,0.9912460454754621,1
0.013357854423052928,0.9866421455769471,1
0.08478691766079749,0.9152130823392025,1
0.2304817324630506,0.7695182675369494,1
0.05988064887722988,0.9401193511227701,1
0.0330917655834988,0.9669082344165012,1
0.144226375085031,0.855773624914969,1
0.23106100234444527,0.7689389976555547,1
0.019421555516897615,0.9805784444831024,1
0.022611192620262677,0.9773888073797373,1
0.08369592961282202,0.916304070387178,1
0.07296544789013437,0.9270345521098656,1
0.20896808535132994,0.7910319146486701,1
0.026324406366684205,0.9736755936333158,1
0.04046809657883066,0.9595319034211693,1
0.07494405909807111,0.9250559409019289,1
0.11387038227460122,0.8861296177253988,1
0.013107902729168064,0.9868920972708319,1
0.07415650390430195,0.925843496095698,1
0.10508997257870778,0.8949100274212922,1
0.23558418687644422,0.7644158131235558,1
0.09086142465786962,0.9091385753421304,1
0.036552035990198406,0.9634479640098016,1
0.03389582865617213,0.9661041713438279,1
0.006523418744491805,0.9934765812555082,1
0.02978338808111436,0.9702166119188856,1
0.9740589693904061,0.025941030609593876,1
0.03409022934236772,0.9659097706576323,1
0.2848193919801273,0.7151806080198727,1
0.2097139792649355,0.7902860207350645,1
0.013093614627439965,0.98690638537256,1
0.012228139599856913,0.9877718604001431,1
0.5989873249221506,0.40101267507784943,1
0.04110489619175939,0.9588951038082406,1
0.14266702336642878,0.8573329766335712,1
0.21388310021511436,0.7861168997848856,1
0.04993707923571422,0.9500629207642858,1
0.10216265520217727,0.8978373447978227,1
0.08980916174139675,0.9101908382586033,1
0.11118788914041178,0.8888121108595882,1
0.028782506491740745,0.9712174935082593,1
0.07442462172780984,0.9255753782721902,1
0.010249276222986436,0.9897507237770136,1
0.12826549510955765,0.8717345048904424,1
0.5237678612245829,0.47623213877541715,1
0.07038909337069033,0.9296109066293097,1
0.012344161723726876,0.9876558382762731,1
0.017685148953098584,0.9823148510469014,1
0.08369277040880085,0.9163072295911991,1
0.0678712891465365,0.9321287108534635,1
0.018764088133001122,0.9812359118669989,1
0.09393525244158296,0.906064747558417,1
0.054322153007259066,0.9456778469927409,1
0.08178661449104829,0.9182133855089517,1
0.020884582568770793,0.9791154174312292,1
0.06998827505597671,0.9300117249440233,1
0.5315095035891912,0.4684904964108088,1
0.014821354869525627,0.9851786451304744,1
0.04955748938657989,0.9504425106134201,1
0.19995221885033654,0.8000477811496635,1
0.03141024051849717,0.9685897594815028,1
0.01496361853625039,0.9850363814637496,1
0.02491415619533821,0.9750858438046618,1
0.006309756996017546,0.9936902430039825,1
0.12982121706400973,0.8701787829359903,1
0.0681546058289958,0.9318453941710042,1
0.20568039372155866,0.7943196062784413,1
0.5531749486897752,0.44682505131022476,1
0.06457044135658296,0.935429558643417,1
0.058813600380454356,0.9411863996195456,1
0.17501301301135097,0.824986986988649,1
0.1046558547052624,0.8953441452947376,1
0.06325904421103123,0.9367409557889688,1
0.1757677140449957,0.8242322859550043,1
0.0058399765497363365,0.9941600234502637,1
0.12151538577588594,0.8784846142241141,1
0.09323621578528962,0.9067637842147104,1
0.1104832397428468,0.8895167602571532,1
0.0909811243437939,0.9090188756562061,1
0.013790201671086022,0.986209798328914,1
0.5081736005167763,0.4918263994832237,1
0.7095099914524688,0.29049000854753115,1
0.026951134213785588,0.9730488657862144,1
0.02019938791474396,0.979800612085256,1
0.010485825016483652,0.9895141749835163,1
0.02950214838546561,0.9704978516145344,1
0.25666789523224043,0.7433321047677596,1
0.3800614582071238,0.6199385417928762,1
0.03871524638021373,0.9612847536197863,1
0.046334554332892686,0.9536654456671073,1
0.04679650150778902,0.953203498492211,1
0.04417348453656034,0.9558265154634397,1
0.48576260750073263,0.5142373924992674,1
0.007656771306402077,0.9923432286935979,1
0.021682992511700472,0.9783170074882995,1
0.08426108400933807,0.9157389159906619,1
0.0316929787216127,0.9683070212783873,1
0.032044937838653254,0.9679550621613467,1
0.02338512258868064,0.9766148774113194,1
0.04954045478283031,0.9504595452171697,1
0.12399970203412325,0.8760002979658768,1
0.7393349012690666,0.2606650987309333,1
0.015545879653436123,0.9844541203465639,1
0.2849881187464539,0.7150118812535461,1
0.005696596670623499,0.9943034033293765,1
0.018145783708113705,0.9818542162918863,1
0.020939790519438173,0.9790602094805618,1
0.0435342214732366,0.9564657785267634,1
0.18602447299204827,0.8139755270079517,1
0.06600477463941301,0.933995225360587,1
0.1562565613510818,0.8437434386489182,1
0.22258695206343304,0.777413047936567,1
0.17437066107073185,0.8256293389292682,1
0.7478280893030456,0.2521719106969545,1
0.10553050785842955,0.8944694921415705,1
0.009937438389369002,0.990062561610631,1
0.055038776150298174,0.9449612238497018,1
0.7051154882807378,0.2948845117192622,1
0.02658770898440621,0.9734122910155938,1
0.07711579284610859,0.9228842071538914,1
0.02151244789656226,0.9784875521034377,1
0.036209671778625996,0.963790328221374,1
0.5716918374829685,0.42830816251703147,1
0.014347464674750454,0.9856525353252495,1
0.019109632618482864,0.9808903673815171,1
0.7217625057026218,0.27823749429737815,1
0.12375933805830575,0.8762406619416943,1
0.24382189773038865,0.7561781022696114,1
0.016120964926717996,0.983879035073282,1
0.0069309980898958345,0.9930690019101042,1
0.09826852022763088,0.9017314797723691,1
0.3890905138263788,0.6109094861736212,1
0.09483185230053803,0.905168147699462,1
0.08249848010053695,0.917501519899463,1
0.019634312013378286,0.9803656879866217,1
0.01138725442757782,0.9886127455724222,1
0.14801209200945142,0.8519879079905486,1
0.1096626723528108,0.8903373276471892,1
0.08510099130827353,0.9148990086917265,1
0.05778817998163843,0.9422118200183616,1
0.014473504586432595,0.9855264954135674,1
0.22978514184069165,0.7702148581593083,1
0.06284841132040453,0.9371515886795955,1
0.0796046931276494,0.9203953068723506,1
0.0980609903856079,0.9019390096143921,1
0.039117558310248546,0.9608824416897515,1
0.023848260865953264,0.9761517391340467,1
0.2539407571191383,0.7460592428808617,1
0.1108915799989566,0.8891084200010434,1
0.08198211069748118,0.9180178893025188,1
0.07323851144985549,0.9267614885501445,1
0.055563250682578835,0.9444367493174212,1
0.31396646806243755,0.6860335319375624,1
0.04312397944836621,0.9568760205516338,1
0.018588428797637113,0.9814115712023629,1
0.3418728737356568,0.6581271262643432,1
0.1486533618788689,0.8513466381211311,1
0.17772208402034584,0.8222779159796542,1
0.709807929628006,0.290192070371994,1
0.061172214839095296,0.9388277851609047,1
0.029467788001879214,0.9705322119981208,1
0.060272452920491326,0.9397275470795087,1
0.03681508922070087,0.9631849107792991,1
0.07770606174308714,0.9222939382569129,1
0.052508896784968506,0.9474911032150315,1
0.06415724272661116,0.9358427572733888,1
0.018204287701544808,0.9817957122984552,1
0.14356085639831195,0.856439143601688,1
0.015236935047851285,0.9847630649521487,1
0.02554209271331409,0.9744579072866859,1
0.23861525650498105,0.761384743495019,1
0.1292987633787942,0.8707012366212058,1
0.014649728534354534,0.9853502714656455,1
0.042136260580257656,0.9578637394197423,1
0.34013495055356,0.65986504944644,1
0.01842843937325156,0.9815715606267484,1
0.05703900651042404,0.942960993489576,1
0.0436166736585788,0.9563833263414212,1
0.310271862528646,0.689728137471354,1
0.04698127247552797,0.953018727524472,1
0.09620875032266962,0.9037912496773304,1
0.10370026058001314,0.8962997394199869,1
0.5892267302824681,0.410773269717532,1
0.1215706799937506,0.8784293200062494,1
0.15851421004171706,0.8414857899582829,1
0.4500917969894134,0.5499082030105866,1
0.037854532444472344,0.9621454675555277,1
0.029865553596637007,0.970134446403363,1
0.1432987813296367,0.8567012186703633,1
0.06441539069143765,0.9355846093085624,1
0.45850142346224654,0.5414985765377535,1
0.029096493183762506,0.9709035068162375,1
0.12192082841241936,0.8780791715875806,1
0.09729346822871043,0.9027065317712896,1
0.4496267042076253,0.5503732957923747,1
0.09709655652639748,0.9029034434736025,1
0.11832991745189847,0.8816700825481015,1
0.05913081352850602,0.940869186471494,1
0.06427664062026295,0.935723359379737,1
0.02916958198986408,0.9708304180101359,1
0.052506836033337945,0.947493163966662,1
0.1461088542297755,0.8538911457702245,1
0.01418869201170525,0.9858113079882947,1
0.037902800848492735,0.9620971991515073,1
0.3476726872522117,0.6523273127477883,1
0.03160291089200329,0.9683970891079967,1
0.27445718308848144,0.7255428169115186,1
0.2668479590691025,0.7331520409308975,1
0.025607677829343367,0.9743923221706566,1
0.017176531511275073,0.9828234684887249,1
0.08014756402755263,0.9198524359724474,1
0.41795799620178287,0.5820420037982171,1
0.0329555391632077,0.9670444608367923,1
0.02324423362312933,0.9767557663768707,1
0.45527477479196365,0.5447252252080363,1
0.1324164783861621,0.8675835216138379,1
0.015234291384240595,0.9847657086157594,1
0.05511709610941551,0.9448829038905845,1
0.03027782841296467,0.9697221715870353,1
0.3020587723621314,0.6979412276378686,1
0.022595797359396874,0.9774042026406031,1
0.01586436679058645,0.9841356332094136,1
0.04562687104788021,0.9543731289521198,1
0.04899104018497191,0.9510089598150281,1
0.49820118401342284,0.5017988159865772,1
0.06020172969523452,0.9397982703047655,1
0.2541904865446092,0.7458095134553908,1
0.1946049499660759,0.8053950500339241,1
0.21103987913779287,0.7889601208622071,1
0.006467127235239123,0.9935328727647609,1
0.10692052399452112,0.8930794760054789,1
0.03190254128638692,0.9680974587136131,1
0.04580063786895183,0.9541993621310482,1
0.442995371116495,0.557004628883505,1
0.04156040359197066,0.9584395964080293,1
0.08357390909488538,0.9164260909051146,1
0.16572662278769523,0.8342733772123048,1
0.11327868891638782,0.8867213110836122,1
0.011111496072491178,0.9888885039275088,1
0.010369839011411863,0.9896301609885881,1
0.02347864760206353,0.9765213523979365,1
0.03978043765676853,0.9602195623432315,1
0.6725804077730642,0.3274195922269359,1
0.0532183090359466,0.9467816909640534,1
0.11675812937866659,0.8832418706213334,1
0.11332667651450956,0.8866733234854904,1
0.6628617943169538,0.3371382056830462,1
0.8851369851120703,0.11486301488792976,1
0.013889311196578213,0.9861106888034218,1
0.0739127616191394,0.9260872383808606,1
0.19753577332760797,0.802464226672392,1
0.01741901116833533,0.9825809888316647,1
0.018305638003254132,0.9816943619967459,1
0.022080212843232694,0.9779197871567673,1
0.0844394187619899,0.9155605812380101,1
0.07283417217985977,0.9271658278201402,1
0.01327170457354232,0.9867282954264577,1
0.28063435739233167,0.7193656426076683,1
0.08770072203714752,0.9122992779628525,1
0.04743403846097882,0.9525659615390212,1
0.565248564544707,0.43475143545529304,1
0.14973096765828575,0.8502690323417142,1
0.44285610883696436,0.5571438911630356,1
0.1152024487059693,0.8847975512940307,1
0.016386745529110902,0.9836132544708891,1
0.09953146609094021,0.9004685339090598,1
0.10976186370127317,0.8902381362987268,1
0.09049380218043102,0.909506197819569,1
0.05984059481672632,0.9401594051832737,1
0.09112526746400818,0.9088747325359918,1
0.009188787217355943,0.9908112127826441,1
0.03196923400979823,0.9680307659902018,1
0.09832601807563823,0.9016739819243618,1
0.2967306299604484,0.7032693700395516,1
0.12480593259290484,0.8751940674070952,1
0.21843035391778176,0.7815696460822182,1
0.24160795014975311,0.7583920498502469,1
0.20067924331046882,0.7993207566895312,1
0.09794778059160625,0.9020522194083938,1
0.007401182170351905,0.9925988178296481,1
0.06722365845164147,0.9327763415483585,1
0.017559664328419378,0.9824403356715806,1
0.03231798644573647,0.9676820135542635,1
0.2530752344678101,0.7469247655321899,1
0.09580053051561366,0.9041994694843863,1
0.37803908771660555,0.6219609122833945,1
0.007915440047924882,0.9920845599520751,1
0.0922364469339163,0.9077635530660837,1
0.5833199730110914,0.4166800269889086,1
0.15866810277694943,0.8413318972230506,1
0.37082801238713325,0.6291719876128667,1
0.0204691312415346,0.9795308687584654,1
0.04286210853088501,0.957137891469115,1
0.1257922321965158,0.8742077678034842,1
0.028529493805185546,0.9714705061948145,1
0.10913505605795637,0.8908649439420436,1
0.5144643310881678,0.48553566891183225,1
0.007993456932886889,0.9920065430671131,1
0.13902406248470567,0.8609759375152943,1
0.017711517235237118,0.9822884827647629,1
0.026168702206797567,0.9738312977932024,1
0.03296124341404738,0.9670387565859526,1
0.02604993102783526,0.9739500689721647,1
0.07725472996089089,0.9227452700391091,1
0.2004315952781357,0.7995684047218643,1
0.09127863143757442,0.9087213685624256,1
0.058879160905738526,0.9411208390942615,1
0.5779405031449216,0.42205949685507843,1
0.031192242634907053,0.968807757365093,1
0.027750773628185565,0.9722492263718144,1
0.1747829066138178,0.8252170933861822,1
0.6941342076751374,0.30586579232486255,1
0.2226405562523187,0.7773594437476813,1
0.4737632745868188,0.5262367254131812,1
0.10223773367944833,0.8977622663205517,1
0.13055943918626733,0.8694405608137327,1
0.30040255930925375,0.6995974406907463,1
0.2828724860222114,0.7171275139777886,1
0.022740239971940746,0.9772597600280593,1
0.034061692575861224,0.9659383074241388,1
0.017024229876782204,0.9829757701232178,1
0.625178716227506,0.3748212837724941,1
0.037879171289985414,0.9621208287100146,1
0.025843759689622714,0.9741562403103773,1
0.07666501540263271,0.9233349845973673,1
0.015129982431242306,0.9848700175687577,1
0.014395215904132397,0.9856047840958676,1
0.31133745485605324,0.6886625451439468,1
0.06878766656474178,0.9312123334352582,1
0.08927022418284691,0.9107297758171531,1
0.02359496808045447,0.9764050319195455,1
0.0492166081558445,0.9507833918441555,1
0.028202986942512553,0.9717970130574874,1
0.02056203243634913,0.9794379675636509,1
0.016594665066113845,0.9834053349338862,1
0.12298523814675877,0.8770147618532412,1
0.1197536280172643,0.8802463719827357,1
0.02395901004007528,0.9760409899599247,1
0.020596964641064974,0.979403035358935,1
0.059359058362345785,0.9406409416376542,1
0.012246555461031705,0.9877534445389683,1
0.05666292532759887,0.9433370746724011,1
0.060013880610866766,0.9399861193891332,1
0.011409793438043603,0.9885902065619564,1
0.009818811038237008,0.990181188961763,1
0.06575133133180777,0.9342486686681922,1
0.1347575577690585,0.8652424422309415,1
0.08902319834237415,0.9109768016576258,1
0.008013210314441244,0.9919867896855588,1
0.0606697048340652,0.9393302951659348,1
0.054612995183106805,0.9453870048168932,1
0.8806466317826978,0.1193533682173022,1
0.02998104685373837,0.9700189531462616,1
0.06255045076359844,0.9374495492364016,1
0.35302207833664234,0.6469779216633577,1
0.053609479761334344,0.9463905202386657,1
0.7584151993540941,0.2415848006459059,1
0.4950440839301784,0.5049559160698216,1
0.13869532871597978,0.8613046712840202,1
0.07825536453708326,0.9217446354629167,1
0.08337346581608152,0.9166265341839185,1
0.19943539996213544,0.8005646000378646,1
0.35417465325049946,0.6458253467495005,1
0.02193585567950329,0.9780641443204967,1
0.05429712743197612,0.9457028725680239,1
0.026004654624302903,0.9739953453756971,1
0.07468693202894705,0.925313067971053,1
0.043551732833569834,0.9564482671664302,1
0.40435072827239604,0.595649271727604,1
0.8484763388701761,0.15152366112982388,1
0.0954261365910527,0.9045738634089473,1
0.009738733648741227,0.9902612663512588,1
0.011207231640361526,0.9887927683596385,1
0.019811199245172717,0.9801888007548273,1
0.033002253199163945,0.966997746800836,1
0.033271554096422906,0.9667284459035771,1
0.2150571672834144,0.7849428327165856,1
0.024721685787672976,0.975278314212327,1
0.18197029485598903,0.818029705144011,1
0.021587513040310036,0.97841248695969,1
0.23869098348379447,0.7613090165162055,1
0.03869550378316933,0.9613044962168307,1
0.5165693178152471,0.4834306821847529,1
0.032232249781922295,0.9677677502180777,1
0.006196250639820211,0.9938037493601798,1
0.04177114986856334,0.9582288501314367,1
0.057392560169996165,0.9426074398300038,1
0.47692151630563384,0.5230784836943662,1
0.009877722648721554,0.9901222773512784,1
0.01868422210047216,0.9813157778995278,1
0.11025587823284377,0.8897441217671562,1
0.18075436738987516,0.8192456326101248,1
0.22419030936410544,0.7758096906358946,1
0.07787433289292034,0.9221256671070797,1
0.5708743566593333,0.4291256433406668,1
0.058272339889383296,0.9417276601106167,1
0.3711928662564493,0.6288071337435507,1
0.09366722451078102,0.906332775489219,1
0.049316136442643876,0.9506838635573561,1
0.04771849879720713,0.9522815012027929,1
0.030115586594526178,0.9698844134054738,1
0.01213821180957575,0.9878617881904243,1
0.0806099436894041,0.9193900563105959,1
0.017672994616294235,0.9823270053837058,1
0.12419285378029166,0.8758071462197083,1
0.09450625448628369,0.9054937455137163,1
0.10310827370636955,0.8968917262936305,1
0.013533368441941862,0.9864666315580581,1
0.043130251502596306,0.9568697484974037,1
0.09218659690394981,0.9078134030960502,1
0.06289266503421087,0.9371073349657891,1
0.035334299082857235,0.9646657009171428,1
0.11024792507126002,0.88975207492874,1
0.4345411306217586,0.5654588693782414,1
0.013727387583173933,0.9862726124168261,1
0.17874188431025984,0.8212581156897402,1
0.008433408706562173,0.9915665912934378,1
0.23232287444975097,0.767677125550249,1
0.18476776225802005,0.81523223774198,1
0.06865004437963507,0.9313499556203649,1
0.0950121792506371,0.9049878207493629,1
0.41521404076581847,0.5847859592341815,1
0.01419644503905626,0.9858035549609437,1
0.007455149632711988,0.992544850367288,1
0.005459897167924499,0.9945401028320755,1
0.03720136960706211,0.9627986303929379,1
0.025483829462902396,0.9745161705370976,1
0.011072145371866515,0.9889278546281335,1
0.1770491366537782,0.8229508633462218,1
0.03229686378452301,0.967703136215477,1
0.25044837390885855,0.7495516260911415,1
0.007983431706290456,0.9920165682937095,1
0.10231120996544407,0.8976887900345559,1
0.47346506448259895,0.526534935517401,1
0.5614965740435105,0.4385034259564895,1
0.06793006355210396,0.932069936447896,1
0.06674522370015079,0.9332547762998492,1
0.07375230696536383,0.9262476930346362,1
0.00824305115954016,0.9917569488404598,1
0.27296121094499404,0.727038789055006,1
0.030125421576240763,0.9698745784237592,1
0.10311824801486014,0.8968817519851399,1
0.341325947964229,0.658674052035771,1
0.03666680046792914,0.9633331995320709,1
0.12482721908002203,0.875172780919978,1
0.3768921219185728,0.6231078780814272,1
0.0767850495854776,0.9232149504145224,1
0.00856867365262104,0.991431326347379,1
0.02419293352392471,0.9758070664760753,1
0.01974564705493731,0.9802543529450627,1
0.5979644244941249,0.4020355755058751,1
0.030656553998248737,0.9693434460017513,1
0.07016218457934797,0.929837815420652,1
0.5511704512123627,0.4488295487876372,1
0.29559295917635486,0.7044070408236451,1
0.2585264762299122,0.7414735237700878,1
0.09043334302019468,0.9095666569798053,1
0.1516253218983158,0.8483746781016842,1
0.11573587541791686,0.8842641245820831,1
0.014777794516798504,0.9852222054832015,1
0.09461385110588805,0.905386148894112,1
0.21559827797238806,0.7844017220276119,1
0.7942932017826243,0.20570679821737572,1
0.18213458019187867,0.8178654198081213,1
0.14050039437268624,0.8594996056273138,1
0.020230501109082977,0.979769498890917,1
0.046070791171813785,0.9539292088281862,1
0.04314666847526427,0.9568533315247357,1
0.05448584938967582,0.9455141506103242,1
0.011800464934001331,0.9881995350659987,1
0.046659537857291156,0.9533404621427088,1
0.021568734490841956,0.978431265509158,1
0.029290075529685877,0.9707099244703141,1
0.10184125284748335,0.8981587471525166,1
0.14294501513012592,0.8570549848698741,1
0.12106812080140716,0.8789318791985928,1
0.04507646207370386,0.9549235379262961,1
0.0438254629021988,0.9561745370978012,1
0.012891048889150158,0.9871089511108498,1
0.0773427989285479,0.9226572010714521,1
0.051944637668848714,0.9480553623311513,1
0.2262398546876082,0.7737601453123918,1
0.05993433642137547,0.9400656635786245,1
0.07773631049864793,0.9222636895013521,1
0.1543527753132935,0.8456472246867065,1
0.14892266877324845,0.8510773312267516,1
0.25824318922843803,0.741756810771562,1
0.05405383288973842,0.9459461671102616,1
0.06903059125811839,0.9309694087418816,1
0.14935325223172646,0.8506467477682735,1
0.017962465065282984,0.982037534934717,1
0.10877233223530614,0.8912276677646939,1
0.11714676915124622,0.8828532308487538,1
0.15441587840266435,0.8455841215973356,1
0.01335653984261953,0.9866434601573805,1
0.1383123474352137,0.8616876525647863,1
0.10376317183412176,0.8962368281658782,1
0.027626962544730294,0.9723730374552697,1
0.3014217397129211,0.6985782602870789,1
0.044723459255589404,0.9552765407444106,1
0.20056487585287175,0.7994351241471283,1
0.32209788231968095,0.677902117680319,1
0.024620336512208962,0.975379663487791,1
0.02210321158643591,0.9778967884135641,1
0.10611711391397205,0.893882886086028,1
0.08976419594874585,0.9102358040512541,1
0.1554869603266602,0.8445130396733398,1
0.778987193899322,0.22101280610067803,1
0.023303773639776537,0.9766962263602235,1
0.04163656112122993,0.9583634388787701,1
0.21145535597645182,0.7885446440235482,1
0.05832087091814997,0.94167912908185,1
0.027721708732816097,0.9722782912671839,1
0.1439076609836022,0.8560923390163978,1
0.05883326976543757,0.9411667302345624,1
0.07118252902671685,0.9288174709732832,1
0.0244901182426287,0.9755098817573713,1
0.10956793966641898,0.890432060333581,1
0.2997984636654739,0.7002015363345261,1
0.13539196429598932,0.8646080357040107,1
0.04759415125076383,0.9524058487492362,1
0.020734292883251904,0.9792657071167481,1
0.051365816784663454,0.9486341832153365,1
0.15098848108637808,0.8490115189136219,1
0.038763443773677575,0.9612365562263224,1
0.19092036495590958,0.8090796350440904,1
0.07955403738001954,0.9204459626199805,1
0.050949000705310055,0.94905099929469,1
0.36604874406988697,0.633951255930113,1
0.02407028085188956,0.9759297191481104,1
0.11546892683709531,0.8845310731629047,1
0.06696849451905795,0.933031505480942,1
0.10507314123023415,0.8949268587697659,1
0.2269559369872246,0.7730440630127754,1
0.014111125836899663,0.9858888741631003,1
0.04996952317998793,0.9500304768200121,1
0.02632423643275894,0.9736757635672411,1
0.06026841683997941,0.9397315831600206,1
0.09744277542588664,0.9025572245741134,1
0.04641693481244358,0.9535830651875564,1
0.08242408552837388,0.9175759144716261,1
0.025442279809537727,0.9745577201904623,1
0.011458853600540775,0.9885411463994592,1
0.04095619089842617,0.9590438091015738,1
0.12107856976105202,0.878921430238948,1
0.01772352133770505,0.982276478662295,1
0.12424926542559367,0.8757507345744063,1
0.02781257413059013,0.9721874258694099,1
0.020327097095933166,0.9796729029040668,1
0.022098027378216423,0.9779019726217836,1
0.096214082095608,0.903785917904392,1
0.14303092527977568,0.8569690747202243,1
0.06890280511359992,0.9310971948864001,1
0.02622057918673948,0.9737794208132605,1
0.012428878230395735,0.9875711217696043,1
0.12306187186903172,0.8769381281309683,1
0.029375725109710094,0.9706242748902899,1
0.14372558828542992,0.8562744117145701,1
0.10383629587876175,0.8961637041212382,1
0.017760626834154913,0.9822393731658451,1
0.02555112683383709,0.9744488731661629,1
0.1274265819651227,0.8725734180348773,1
0.02029916425768752,0.9797008357423125,1
0.33181463283574686,0.6681853671642531,1
0.013091207686418138,0.9869087923135819,1
0.35055071475123656,0.6494492852487634,1
0.06355614108834473,0.9364438589116553,1
0.7316782187151423,0.2683217812848578,1
0.17072493724635673,0.8292750627536433,1
0.06699354848295147,0.9330064515170485,1
0.06516707776893016,0.9348329222310698,1
0.2660096004432091,0.7339903995567909,1
0.13244729200182093,0.8675527079981791,1
0.06169557493660116,0.9383044250633988,1
0.03269791570232161,0.9673020842976784,1
0.053348685126395234,0.9466513148736048,1
0.11826362878878993,0.8817363712112101,1
0.09597430465183865,0.9040256953481614,1
0.05105473670564331,0.9489452632943567,1
0.4463479099118369,0.5536520900881631,1
0.10927716505965734,0.8907228349403427,1
0.12338999930559413,0.8766100006944059,1
0.12320030964174611,0.8767996903582539,1
0.0909181011657828,0.9090818988342172,1
0.0775659290827726,0.9224340709172274,1
0.23617280690628562,0.7638271930937144,1
0.023266130885670533,0.9767338691143295,1
0.04318091744543717,0.9568190825545628,1
0.03150412470698005,0.96849587529302,1
0.0962765464141826,0.9037234535858174,1
0.12201514833737004,0.87798485166263,1
0.09339726758765998,0.90660273241234,1
0.07705321375815377,0.9229467862418462,1
0.12513486445694,0.87486513554306,1
0.008643742144909816,0.9913562578550902,1
0.14898095534187306,0.8510190446581269,1
0.010012298804496833,0.9899877011955032,1
0.11125401585739114,0.8887459841426089,1
0.26129430190182434,0.7387056980981757,1
0.09118716092296575,0.9088128390770343,1
0.015423126963386768,0.9845768730366132,1
0.133885503291024,0.866114496708976,1
0.09424941956357202,0.905750580436428,1
0.2140997082275995,0.7859002917724005,1
0.05674103558250765,0.9432589644174924,1
0.0074097767680350035,0.992590223231965,1
0.10334713529000195,0.896652864709998,1
0.27673454327221925,0.7232654567277808,1
0.06358621805900477,0.9364137819409952,1
0.16371688050718303,0.836283119492817,1
0.055070959151844234,0.9449290408481558,1
0.19609725693495028,0.8039027430650497,1
0.04807986768734207,0.9519201323126579,1
0.08014342947116893,0.9198565705288311,1
0.07282261434023662,0.9271773856597634,1
0.12201687715166931,0.8779831228483307,1
0.009440629277814638,0.9905593707221854,1
0.05753025055575678,0.9424697494442432,1
0.032756949614621056,0.9672430503853789,1
0.14023386094099444,0.8597661390590056,1
0.03156021909092099,0.968439780909079,1
0.3071078312657113,0.6928921687342887,1
0.21094283837980488,0.7890571616201951,1
0.06062022954061275,0.9393797704593873,1
0.06333708874261812,0.9366629112573819,1
0.9394560626951106,0.060543937304889384,1
0.8989466274497949,0.10105337255020512,1
0.12819180766427873,0.8718081923357213,1
0.004634587301089899,0.9953654126989101,1
0.13167917732588452,0.8683208226741155,1
0.3884616561040036,0.6115383438959964,1
0.04578881114108291,0.9542111888589171,1
0.10445889278445253,0.8955411072155475,1
0.10468039714908406,0.8953196028509159,1
0.18733533619495302,0.812664663805047,1
0.015479897851673696,0.9845201021483263,1
0.08113611442936441,0.9188638855706356,1
0.0558417029446614,0.9441582970553386,1
0.09896016534906271,0.9010398346509373,1
0.07888488715704567,0.9211151128429543,1
0.20499783786242276,0.7950021621375772,1
0.0863315692393013,0.9136684307606987,1
0.018807992894245174,0.9811920071057548,1
0.012809071047115705,0.9871909289528843,1
0.36952138565215353,0.6304786143478465,1
0.010657411995503296,0.9893425880044967,1
0.1278067117799635,0.8721932882200365,1
0.04983800793789106,0.9501619920621089,1
0.1350059783258828,0.8649940216741172,1
0.030946581462909184,0.9690534185370908,1
0.2833387608328791,0.7166612391671209,1
0.060771858115363564,0.9392281418846364,1
0.034744480478655415,0.9652555195213446,1
0.01574635264356483,0.9842536473564352,1
0.421315054902763,0.578684945097237,1
0.023226665467158236,0.9767733345328418,1
0.048553546861395236,0.9514464531386048,1
0.006892910254403084,0.9931070897455969,1
0.8218344429108227,0.17816555708917725,1
0.08658587944527474,0.9134141205547253,1
0.17868706939447787,0.8213129306055221,1
0.03301799056397159,0.9669820094360284,1
0.03882760909568328,0.9611723909043167,1
0.4560524416508054,0.5439475583491946,1
0.05944185177155503,0.940558148228445,1
0.1639597656929943,0.8360402343070057,1
0.005338351867836488,0.9946616481321635,1
0.005858531486327867,0.9941414685136721,1
0.23503205312522424,0.7649679468747758,1
0.28188121209225725,0.7181187879077428,1
0.13237229896240588,0.8676277010375941,1
0.05244036192017376,0.9475596380798262,1
0.12605910666515174,0.8739408933348483,1
0.02623950565123212,0.9737604943487679,1
0.057361520316190684,0.9426384796838093,1
0.08549269763581735,0.9145073023641827,1
0.044622654018375285,0.9553773459816247,1
0.030716357611877187,0.9692836423881228,1
0.13246049638631108,0.8675395036136889,1
0.04593410104972773,0.9540658989502723,1
0.010152376931102713,0.9898476230688973,1
0.03563417910948552,0.9643658208905145,1
0.07212307273257068,0.9278769272674293,1
0.2442727369124863,0.7557272630875137,1
0.14226557174935295,0.857734428250647,1
0.10426750653318206,0.8957324934668179,1
0.04699591133619996,0.9530040886638,1
0.061693879758854875,0.9383061202411451,1
0.09371387075108939,0.9062861292489106,1
0.14125946220539576,0.8587405377946042,1
0.05403197073045718,0.9459680292695428,1
0.00859890385928419,0.9914010961407158,1
0.026146421247350227,0.9738535787526498,1
0.013109195246771232,0.9868908047532288,1
0.014884891279268175,0.9851151087207318,1
0.15032342411625566,0.8496765758837443,1
0.03188658720305093,0.9681134127969491,1
0.0898272662595847,0.9101727337404153,1
0.08762387414259165,0.9123761258574083,1
0.055706781503548575,0.9442932184964514,1
0.8425178742441506,0.15748212575584944,1
0.03214616945247084,0.9678538305475292,1
0.07271999605623991,0.9272800039437601,1
0.318090448499844,0.681909551500156,1
0.21267400864391017,0.7873259913560898,1
0.026542134911736515,0.9734578650882635,1
0.07605491359287453,0.9239450864071255,1
0.15299927849396489,0.8470007215060351,1
0.058186942728224444,0.9418130572717756,1
0.09331906722020133,0.9066809327797987,1
0.5334632295641749,0.4665367704358251,1
0.1978166489160993,0.8021833510839007,1
0.015715958528545904,0.9842840414714541,1
0.61581197916071,0.38418802083929005,1
0.007347131645264238,0.9926528683547358,1
0.028199367057581415,0.9718006329424186,1
0.13452372325166617,0.8654762767483338,1
0.6462374512910203,0.3537625487089797,1
0.11643391344358234,0.8835660865564177,1
0.4231665461957872,0.5768334538042128,1
0.048075324382502616,0.9519246756174974,1
0.016288980129464448,0.9837110198705356,1
0.009561944048657622,0.9904380559513424,1
0.06587612391773545,0.9341238760822645,1
0.06839835182436405,0.931601648175636,1
0.02299101975669493,0.9770089802433051,1
0.5334885165921059,0.4665114834078941,1
0.06411453022767155,0.9358854697723284,1
0.006634189386467981,0.993365810613532,1
0.05458913173987834,0.9454108682601217,1
0.14174695058433495,0.858253049415665,1
0.05880004092642244,0.9411999590735776,1
0.11429268639081613,0.8857073136091839,1
0.00968632215107268,0.9903136778489273,1
0.053248812409056434,0.9467511875909436,1
0.030491197434460826,0.9695088025655392,1
0.020525546501811376,0.9794744534981886,1
0.015087280092702104,0.9849127199072979,1
0.24254211408697612,0.7574578859130239,1
0.2688876478380712,0.7311123521619288,1
0.0696203471819623,0.9303796528180377,1
0.04044925651235154,0.9595507434876485,1
0.04676027310402353,0.9532397268959765,1
0.05832674721171849,0.9416732527882815,1
0.022845711102538857,0.9771542888974611,1
0.01250292696425781,0.9874970730357422,1
0.0512136157462717,0.9487863842537283,1
0.01769562456016538,0.9823043754398346,1
0.03932854579909573,0.9606714542009043,1
0.055749743686382636,0.9442502563136174,1
0.03773805561022592,0.9622619443897741,1
0.07791182896685989,0.9220881710331401,1
0.11568132121579278,0.8843186787842072,1
0.005550972954476929,0.9944490270455231,1
0.11857127906623288,0.8814287209337671,1
0.028226044821083818,0.9717739551789162,1
0.11711799423743552,0.8828820057625645,1
0.036144457481458114,0.9638555425185419,1
0.021193027031400247,0.9788069729685998,1
0.013412216615942274,0.9865877833840577,1
0.10815722170134578,0.8918427782986542,1
0.024157549128463573,0.9758424508715364,1
0.19220128249602308,0.8077987175039769,1
0.029717987339125673,0.9702820126608743,1
0.0537858472945314,0.9462141527054686,1
0.1206264939519901,0.8793735060480099,1
0.15941852879660356,0.8405814712033964,1
0.05137952768648546,0.9486204723135145,1
0.3055257431969908,0.6944742568030092,1
0.06089351632217532,0.9391064836778247,1
0.43093093763348,0.56906906236652,1
0.38157793735388246,0.6184220626461175,1
0.03542750862747113,0.9645724913725289,1
0.014951561199357477,0.9850484388006425,1
0.009619005940273428,0.9903809940597266,1
0.024000446305759926,0.9759995536942401,1
0.055898372558446874,0.9441016274415531,1
0.4413997133055294,0.5586002866944706,1
0.061462753378340174,0.9385372466216598,1
0.17358055760669344,0.8264194423933066,1
0.5824390196680982,0.41756098033190187,1
0.052734296713333184,0.9472657032866668,1
0.032068801160327176,0.9679311988396728,1
0.06820167867019689,0.9317983213298031,1
0.016051621798259808,0.9839483782017402,1
0.007819559847058954,0.992180440152941,1
0.06557049989720543,0.9344295001027946,1
0.08830253528744247,0.9116974647125575,1
0.14628152607627998,0.85371847392372,1
0.33891952551732674,0.6610804744826733,1
0.31978125803404645,0.6802187419659536,1
0.02995533861559585,0.9700446613844041,1
0.140318658001659,0.859681341998341,1
0.07807641829948919,0.9219235817005108,1
0.010752444721775167,0.9892475552782248,1
0.10838801569495371,0.8916119843050463,1
0.03638923795245674,0.9636107620475433,1
0.24137564090451802,0.758624359095482,1
0.24523248279649024,0.7547675172035098,1
0.029862006499564497,0.9701379935004355,1
0.09712992528573972,0.9028700747142603,1
0.11600814758672484,0.8839918524132752,1
0.10049706785476853,0.8995029321452315,1
0.026356014419928075,0.9736439855800719,1
0.08338202930099481,0.9166179706990052,1
0.3826603599518301,0.6173396400481699,1
0.007501583045503857,0.9924984169544961,1
0.08318239439782937,0.9168176056021706,1
0.06626104032272973,0.9337389596772703,1
0.0964372896304696,0.9035627103695304,1
0.1672300902796774,0.8327699097203226,1
0.05035767290215554,0.9496423270978445,1
0.11514879987416915,0.8848512001258309,1
0.3591231467287621,0.6408768532712379,1
0.4551861875212896,0.5448138124787104,1
0.04701523761167503,0.952984762388325,1
0.11453908881195074,0.8854609111880493,1
0.053768345008781915,0.9462316549912181,1
0.0636725547425524,0.9363274452574476,1
0.12240799161109939,0.8775920083889006,1
0.14309046387306712,0.8569095361269329,1
0.059983161318731604,0.9400168386812684,1
0.09421624834071562,0.9057837516592844,1
0.03719524512184502,0.962804754878155,1
0.049818952009978434,0.9501810479900216,1
0.09213255432028167,0.9078674456797183,1
0.08843274596437611,0.9115672540356239,1
0.2236227638108128,0.7763772361891872,1
0.04648036207778694,0.9535196379222131,1
0.49098929730044505,0.509010702699555,1
0.08780201006947708,0.9121979899305229,1
0.014541371126021496,0.9854586288739785,1
0.022378577621064655,0.9776214223789353,1
0.2571502945551123,0.7428497054448877,1
0.01635362300574139,0.9836463769942586,1
0.12182772316434787,0.8781722768356521,1
0.04935404130203325,0.9506459586979668,1
0.15307212085397126,0.8469278791460287,1
0.1242318399387271,0.8757681600612729,1
0.05725225806473566,0.9427477419352643,1
0.023100482807241862,0.9768995171927581,1
0.029877279880018426,0.9701227201199816,1
0.013893881611521719,0.9861061183884783,1
0.058993651186064255,0.9410063488139357,1
0.07991446124331902,0.920085538756681,1
0.015755762908365445,0.9842442370916346,1
0.02866324817012056,0.9713367518298794,1
0.11117652065192352,0.8888234793480765,1
0.03468566758069924,0.9653143324193008,1
0.10823614664671777,0.8917638533532822,1
0.07579282667160558,0.9242071733283944,1
0.13354594916591955,0.8664540508340804,1
0.04347968674725544,0.9565203132527446,1
0.09490356308723091,0.9050964369127691,1
0.061589936043478954,0.938410063956521,1
0.04778158971075597,0.952218410289244,1
0.05861240102027232,0.9413875989797277,1
0.6432374005430762,0.3567625994569238,1
0.010132491435715374,0.9898675085642846,1
0.006945580807207863,0.9930544191927921,1
0.02119134024620939,0.9788086597537906,1
0.06153973079554331,0.9384602692044567,1
0.150137266587547,0.849862733412453,1
0.018443597271035173,0.9815564027289648,1
0.01204809024914022,0.9879519097508598,1
0.15257866222126693,0.8474213377787331,1
0.0583316692308844,0.9416683307691156,1
0.03313935562326065,0.9668606443767394,1
0.12514811647291246,0.8748518835270875,1
0.02908382062674264,0.9709161793732574,1
0.1306447617270563,0.8693552382729437,1
0.012525211841175166,0.9874747881588248,1
0.027350568430308253,0.9726494315696917,1
0.08694349794457101,0.913056502055429,1
0.008039674980638511,0.9919603250193615,1
0.018566432018855883,0.9814335679811441,1
0.06896676532142565,0.9310332346785744,1
0.01610692280205739,0.9838930771979426,1
0.056667278272530486,0.9433327217274695,1
0.08039818761570505,0.919601812384295,1
0.10662638060535157,0.8933736193946484,1
0.039163239496621705,0.9608367605033783,1
0.11763914186699931,0.8823608581330007,1
0.08759374510444062,0.9124062548955594,1
0.01660811334571277,0.9833918866542872,1
0.04831252569036215,0.9516874743096378,1
0.3547006042610835,0.6452993957389165,1
0.23429898564718776,0.7657010143528122,1
0.01730681389821187,0.9826931861017881,1
0.03379983300474165,0.9662001669952583,1
0.019617603853697152,0.9803823961463028,1
0.06577151893519029,0.9342284810648097,1
0.12576739931625047,0.8742326006837495,1
0.23234048967091592,0.7676595103290841,1
0.11331946461040221,0.8866805353895978,1
0.022416166821382588,0.9775838331786174,1
0.11719480630709189,0.8828051936929081,1
0.09462295680112098,0.905377043198879,1
0.15497549247021625,0.8450245075297838,1
0.13289083591029294,0.8671091640897071,1
0.031342965151863855,0.9686570348481361,1
0.1495330143819361,0.8504669856180639,1
0.8193321033247842,0.18066789667521582,1
0.17091875532738188,0.8290812446726181,1
0.022841181138803512,0.9771588188611965,1
0.5432242424142952,0.4567757575857048,1
0.047066719501461685,0.9529332804985383,1
0.0857168474149802,0.9142831525850198,1
0.06712089362015272,0.9328791063798473,1
0.018036075943887342,0.9819639240561127,1
0.17359573276204754,0.8264042672379525,1
0.08166503431732575,0.9183349656826743,1
0.019725388678979217,0.9802746113210208,1
0.021058495195627636,0.9789415048043724,1
0.15073616349056718,0.8492638365094328,1
0.0822290984440266,0.9177709015559734,1
0.9080140931527411,0.09198590684725896,1
0.07712797743706401,0.922872022562936,1
0.36773497383303444,0.6322650261669656,1
0.011366415233365124,0.9886335847666349,1
0.011729251753682779,0.9882707482463172,1
0.3328389981800689,0.6671610018199311,1
0.06771677712655277,0.9322832228734472,1
0.23127982498171307,0.7687201750182869,1
0.4356298416423421,0.5643701583576579,1
0.00903677094801969,0.9909632290519803,1
0.049812965278402954,0.950187034721597,1
0.20360656026436263,0.7963934397356374,1
0.032428423248624605,0.9675715767513754,1
0.04852588598709573,0.9514741140129043,1
0.03670317121480249,0.9632968287851975,1
0.06118678731956795,0.938813212680432,1
0.09074822764222334,0.9092517723577767,1
0.1370039419583493,0.8629960580416507,1
0.01168679130866046,0.9883132086913395,1
0.021689587570483226,0.9783104124295168,1
0.1205823336327525,0.8794176663672475,1
0.05559041260003783,0.9444095873999622,1
0.042054807272047245,0.9579451927279528,1
0.22761193192899232,0.7723880680710077,1
0.1132676804882441,0.8867323195117559,1
0.12354777531680361,0.8764522246831964,1
0.3650358644468078,0.6349641355531922,1
0.4196353643754712,0.5803646356245288,1
0.016991670294762784,0.9830083297052372,1
0.02755591899220322,0.9724440810077968,1
0.10365026659066667,0.8963497334093333,1
0.02020939893621021,0.9797906010637898,1
0.20492136196070487,0.7950786380392951,1
0.03410494309535639,0.9658950569046436,1
0.36974606903847507,0.6302539309615249,1
0.06398637144239439,0.9360136285576056,1
0.1210709228402842,0.8789290771597158,1
0.09566678363765924,0.9043332163623408,1
0.04838773718560074,0.9516122628143993,1
0.031174467171885434,0.9688255328281146,1
0.2490759088652773,0.7509240911347227,1
0.16803218098564998,0.83196781901435,1
0.18758158484286946,0.8124184151571305,1
0.09033862829716877,0.9096613717028312,1
0.02763983758082711,0.9723601624191729,1
0.01513910292749665,0.9848608970725033,1
0.22624225920107566,0.7737577407989243,1
0.5064245680151562,0.4935754319848438,1
0.07294749791778476,0.9270525020822152,1
0.03442691793322139,0.9655730820667786,1
0.12005754089053466,0.8799424591094653,1
0.027212340355338593,0.9727876596446614,1
0.1420279820825293,0.8579720179174707,1
0.28998944120225567,0.7100105587977443,1
0.35841394017920125,0.6415860598207987,1
0.03601049657082234,0.9639895034291777,1
0.013286730404704516,0.9867132695952955,1
0.13592397995465555,0.8640760200453445,1
0.0896284302917576,0.9103715697082424,1
0.07117587754491217,0.9288241224550878,1
0.320680473633275,0.679319526366725,1
0.18010882714519338,0.8198911728548066,1
0.20883755891408673,0.7911624410859133,1
0.31761108940671157,0.6823889105932884,1
0.04024149008822542,0.9597585099117746,1
0.042393057425547886,0.9576069425744521,1
0.04415382902208631,0.9558461709779137,1
0.08831562466389165,0.9116843753361084,1
0.05824617059588666,0.9417538294041133,1
0.08066943598655163,0.9193305640134484,1
0.011131200164058774,0.9888687998359412,1
0.1158339171522037,0.8841660828477963,1
0.4248343011124649,0.5751656988875351,1
0.04989108253043595,0.950108917469564,1
0.14496150902117533,0.8550384909788247,1
0.05376145786826381,0.9462385421317362,1
0.02496727431705137,0.9750327256829486,1
0.13334209863168434,0.8666579013683157,1
0.03972320729999557,0.9602767927000044,1
0.038551299462862176,0.9614487005371378,1
0.11296622567898629,0.8870337743210137,1
0.16257850070538626,0.8374214992946137,1
0.04175224426979818,0.9582477557302018,1
0.1276139052800711,0.8723860947199289,1
0.13004438994876122,0.8699556100512388,1
0.11298734346431916,0.8870126565356808,1
0.16936654021980224,0.8306334597801978,1
0.06304894699809116,0.9369510530019088,1
0.7134548989764731,0.2865451010235269,1
0.015005421612896863,0.9849945783871031,1
0.13847040715901704,0.861529592840983,1
0.03477421359396904,0.965225786406031,1
0.047739320645448724,0.9522606793545513,1
0.023079585567432392,0.9769204144325676,1
0.1932479695356566,0.8067520304643434,1
0.13849733185145896,0.861502668148541,1
0.018637563975547056,0.9813624360244529,1
0.1072570059837038,0.8927429940162962,1
0.12226527380631069,0.8777347261936893,1
0.13265211594038984,0.8673478840596102,1
0.1674086215069467,0.8325913784930533,1
0.03718471604455398,0.962815283955446,1
0.2863910999740633,0.7136089000259367,1
0.2305621358714437,0.7694378641285563,1
0.09995630590993532,0.9000436940900647,1
0.09036761869698051,0.9096323813030195,1
0.07406865184040101,0.925931348159599,1
0.0802976176397997,0.9197023823602003,1
0.016428065277092396,0.9835719347229076,1
0.058976600059037265,0.9410233999409627,1
0.019178146430138487,0.9808218535698615,1
0.09478683761107387,0.9052131623889261,1
0.10212682881425139,0.8978731711857486,1
0.0071470180587057675,0.9928529819412942,1
0.12492355668599242,0.8750764433140076,1
0.019691885246150842,0.9803081147538492,1
0.05488059327824779,0.9451194067217522,1
0.05731036498246522,0.9426896350175348,1
0.09656686289917715,0.9034331371008228,1
0.040970202313107884,0.9590297976868921,1
0.6713161980747382,0.32868380192526175,1
0.03785868705306106,0.9621413129469389,1
0.030961768529016664,0.9690382314709833,1
0.035304098691175456,0.9646959013088245,1
0.05663921415776241,0.9433607858422376,1
0.1875596598236694,0.8124403401763306,1
0.14715780009217738,0.8528421999078226,1
0.0922745552447588,0.9077254447552412,1
0.2897414817535351,0.7102585182464649,1
0.10951009502362996,0.89048990497637,1
0.11564257122501498,0.884357428774985,1
0.1212575930149361,0.8787424069850639,1
0.1530564908462545,0.8469435091537455,1
0.10115865211354369,0.8988413478864563,1
0.39878671854396364,0.6012132814560364,1
0.07546455494674931,0.9245354450532507,1
0.07272234967156987,0.9272776503284301,1
0.03589149932701974,0.9641085006729803,1
0.04801884817786917,0.9519811518221308,1
0.06833632309236204,0.931663676907638,1
0.04257725040167004,0.95742274959833,1
0.02042606541144487,0.9795739345885551,1
0.06260185329318568,0.9373981467068143,1
0.017675522082429174,0.9823244779175708,1
0.19319951962230186,0.8068004803776981,1
0.08426756883650632,0.9157324311634937,1
0.39030899017092124,0.6096910098290788,1
0.040889215203079754,0.9591107847969202,1
0.012664287429840826,0.9873357125701592,1
0.010083624446432626,0.9899163755535674,1
0.1623512483772792,0.8376487516227208,1
0.15341293271758538,0.8465870672824146,1
0.8478308090982836,0.15216919090171638,1
0.11568831324015216,0.8843116867598478,1
0.059144923798913895,0.9408550762010861,1
0.02479194339255808,0.9752080566074419,1
0.008916427921739745,0.9910835720782603,1
0.2493490819504901,0.7506509180495099,1
0.04100402604493314,0.9589959739550669,1
0.11943583466767593,0.8805641653323241,1
0.14908712566098825,0.8509128743390117,1
0.16900417233508191,0.8309958276649181,1
0.06958006259447858,0.9304199374055214,1
0.00964607090961489,0.9903539290903851,1
0.727306710541153,0.27269328945884697,1
0.10657196580289652,0.8934280341971035,1
0.017276038255671256,0.9827239617443287,1
0.11766690489471088,0.8823330951052891,1
0.03051931857185386,0.9694806814281461,1
0.02072517881512037,0.9792748211848796,1
0.0873254120056558,0.9126745879943442,1
0.17897896832620752,0.8210210316737925,1
0.04607670926936569,0.9539232907306343,1
0.10768102166863214,0.8923189783313679,1
0.2170542537247121,0.7829457462752879,1
0.2382578216319039,0.7617421783680961,1
0.5264744226411316,0.47352557735886835,1
0.06531102780300424,0.9346889721969958,1
0.5424608356285887,0.4575391643714113,1
0.03715267366479491,0.9628473263352051,1
0.010001516923079046,0.989998483076921,1
0.101644412819203,0.898355587180797,1
0.03991529787899373,0.9600847021210063,1
0.06862423223777236,0.9313757677622276,1
0.02899670739814908,0.9710032926018509,1
0.038264486713224355,0.9617355132867756,1
0.863148995379181,0.13685100462081903,1
0.05350158842078434,0.9464984115792157,1
0.15296696705030877,0.8470330329496912,1
0.01419130795747714,0.9858086920425229,1
0.28468197991769384,0.7153180200823062,1
0.06690838997193416,0.9330916100280658,1
0.09677932404102452,0.9032206759589755,1
0.09648847026605989,0.9035115297339401,1
0.1663388268958086,0.8336611731041914,1
0.06556895484796554,0.9344310451520345,1
0.5732524004249742,0.4267475995750259,1
0.020874582942581266,0.9791254170574187,1
0.30931640128408655,0.6906835987159134,1
0.009191424212095067,0.9908085757879049,1
0.04747216049743119,0.9525278395025688,1
0.14584985342197354,0.8541501465780265,1
0.008929727873852378,0.9910702721261476,1
0.009127227816937644,0.9908727721830624,1
0.022567145977229752,0.9774328540227702,1
0.5746449394761834,0.4253550605238166,1
0.8222287037745009,0.17777129622549914,1
0.02137841968305554,0.9786215803169445,1
0.1148251595344073,0.8851748404655927,1
0.3020504787754309,0.6979495212245691,1
0.1097900774402032,0.8902099225597968,1
0.09201608675404205,0.907983913245958,1
0.18962815057632942,0.8103718494236706,1
0.011026706152735821,0.9889732938472642,1
0.04594270574319714,0.9540572942568029,1
0.0464659675318978,0.9535340324681022,1
0.11988931905219113,0.8801106809478089,1
0.015345688792700818,0.9846543112072992,1
0.10447957759621396,0.895520422403786,1
0.05704817157641984,0.9429518284235802,1
0.16042636860541593,0.8395736313945841,1
0.19884485644631034,0.8011551435536897,1
0.023348508115685562,0.9766514918843144,1
0.11763985371866847,0.8823601462813315,1
0.005363852397381574,0.9946361476026184,1
0.020110340328504228,0.9798896596714958,1
0.016583087336927482,0.9834169126630725,1
0.06768134938902959,0.9323186506109704,1
0.27485131226629234,0.7251486877337077,1
0.3731307694338136,0.6268692305661864,1
0.0370608668032667,0.9629391331967333,1
0.2977702495970126,0.7022297504029874,1
0.047069283927645866,0.9529307160723541,1
0.265754363380435,0.734245636619565,1
0.036399198716350334,0.9636008012836497,1
0.11103354383691522,0.8889664561630848,1
0.028803098372318536,0.9711969016276815,1
0.03572946540934885,0.9642705345906512,1
0.06801594011786538,0.9319840598821346,1
0.16287030256685486,0.8371296974331451,1
0.13214044071709008,0.8678595592829099,1
0.15631724536571157,0.8436827546342884,1
0.02461092576396806,0.9753890742360319,1
0.06208597237951541,0.9379140276204846,1
0.18502170653799177,0.8149782934620082,1
0.02544824188582928,0.9745517581141707,1
0.36988214809121334,0.6301178519087867,1
0.035271654300785715,0.9647283456992143,1
0.08411600379824224,0.9158839962017578,1
0.1052879432448175,0.8947120567551825,1
0.045650424746473295,0.9543495752535267,1
0.3229006641442621,0.6770993358557379,1
0.02022586388944969,0.9797741361105503,1
0.099789104175249,0.900210895824751,1
0.16415470896663087,0.8358452910333691,1
0.13800629416183763,0.8619937058381624,1
0.019838147726488065,0.9801618522735119,1
0.02322530794814448,0.9767746920518555,1
0.02319119190366825,0.9768088080963317,1
0.4603759732673348,0.5396240267326652,1
0.027331490672124148,0.9726685093278759,1
0.2576710452111719,0.7423289547888281,1
0.08283829270913357,0.9171617072908664,1
0.054852376049382534,0.9451476239506175,1
0.013162187538998227,0.9868378124610018,1
0.17345607834613241,0.8265439216538676,1
0.015926547226871812,0.9840734527731282,1
0.3609713580034547,0.6390286419965453,1
0.1400972819997971,0.8599027180002029,1
0.11502425456258603,0.884975745437414,1
0.10569606349842164,0.8943039365015784,1
0.05358188505304018,0.9464181149469598,1
0.12472290848748568,0.8752770915125143,1
0.08193175526185448,0.9180682447381455,1
0.039501265279564324,0.9604987347204357,1
0.10163532432719535,0.8983646756728046,1
0.008899882037805562,0.9911001179621944,1
0.35150569292907563,0.6484943070709244,1
0.03328443107783241,0.9667155689221676,1
0.0852860545905243,0.9147139454094757,1
0.02218125712743879,0.9778187428725612,1
0.042764012119830386,0.9572359878801696,1
0.3420799464379157,0.6579200535620843,1
0.04759197935820214,0.9524080206417979,1
0.008290283519087116,0.9917097164809129,1
0.04339877434394901,0.956601225656051,1
0.043215215705275534,0.9567847842947245,1
0.0928233324941038,0.9071766675058962,1
0.050910314669201595,0.9490896853307984,1
0.10589351982361639,0.8941064801763836,1
0.031845860551338645,0.9681541394486614,1
0.017275630968316524,0.9827243690316835,1
0.032420781620953854,0.9675792183790461,1
0.007765269456660007,0.99223473054334,1
0.9218503080535994,0.07814969194640062,1
0.06558115099390915,0.9344188490060908,1
0.18684479408114574,0.8131552059188543,1
0.12226883995046922,0.8777311600495308,1
0.03124203917990731,0.9687579608200927,1
0.014260251671745716,0.9857397483282543,1
0.23248087656767147,0.7675191234323285,1
0.7019931265142985,0.2980068734857016,1
0.9487965761635657,0.05120342383643427,1
0.05869758392157942,0.9413024160784206,1
0.07581357212830875,0.9241864278716913,1
0.019178164311657975,0.980821835688342,1
0.05448463201345488,0.9455153679865451,1
0.09408233551849277,0.9059176644815072,1
0.2577758858527368,0.7422241141472632,1
0.08995884437038126,0.9100411556296187,1
0.584587478995167,0.41541252100483295,1
0.16326792993553918,0.8367320700644608,1
0.3078890269966793,0.6921109730033207,1
0.06109652177524827,0.9389034782247517,1
0.03720342916474295,0.962796570835257,1
0.0745413277841982,0.9254586722158018,1
0.011793051479876637,0.9882069485201234,1
0.23356817144097264,0.7664318285590274,1
0.17766500502554594,0.8223349949744541,1
0.06289298868660198,0.937107011313398,1
0.05375378915950679,0.9462462108404932,1
0.030306701902314992,0.969693298097685,1
0.09172404814050317,0.9082759518594968,1
0.2976984469154642,0.7023015530845358,1
0.0919388016493844,0.9080611983506156,1
0.3715096688180466,0.6284903311819534,1
0.4045124897122254,0.5954875102877746,1
0.09957781491122386,0.9004221850887761,1
0.18550295426743735,0.8144970457325627,1
0.05620036944293372,0.9437996305570663,1
0.1255577879086338,0.8744422120913662,1
0.011343938849587398,0.9886560611504126,1
0.06162352318257658,0.9383764768174234,1
0.07724680535336048,0.9227531946466395,1
0.12901421192987694,0.8709857880701231,1
0.07507310241539444,0.9249268975846056,1
0.01714097388548408,0.9828590261145159,1
0.07958890000266694,0.9204110999973331,1
0.13830578591220466,0.8616942140877953,1
0.1523738603168031,0.8476261396831969,1
0.04375141499196222,0.9562485850080378,1
0.10629930853215963,0.8937006914678404,1
0.026095050573660905,0.9739049494263391,1
0.15332978637278838,0.8466702136272116,1
0.723051178707425,0.27694882129257503,1
0.03287568873427915,0.9671243112657208,1
0.28693461360582384,0.7130653863941762,1
0.11030248977375212,0.8896975102262479,1
0.01820204386084112,0.9817979561391589,1
0.15621628211746785,0.8437837178825321,1
0.16862452549043538,0.8313754745095646,1
0.1628798997660701,0.8371201002339299,1
0.009004645355358054,0.990995354644642,1
0.010550298083504939,0.9894497019164951,1
0.02784344559481866,0.9721565544051813,1
0.08463507191362618,0.9153649280863738,1
0.018349600183930725,0.9816503998160693,1
0.0929102824250202,0.9070897175749798,1
0.05315333459606142,0.9468466654039386,1
0.013713486851313128,0.9862865131486869,1
0.13220007678971102,0.867799923210289,1
0.08921787637593204,0.910782123624068,1
0.007931590098774977,0.992068409901225,1
0.019258031110689577,0.9807419688893104,1
0.1099137883925887,0.8900862116074113,1
0.08125127403162791,0.9187487259683721,1
0.1806043630265457,0.8193956369734543,1
0.08160303767859556,0.9183969623214044,1
0.030853239621911444,0.9691467603780886,1
0.2520717276713026,0.7479282723286974,1
0.2783793284539843,0.7216206715460157,1
0.16906039086648883,0.8309396091335112,1
0.04964139552248259,0.9503586044775174,1
0.4380845672533622,0.5619154327466378,1
0.09892097304176795,0.901079026958232,1
0.010444096645557344,0.9895559033544427,1
0.13852697808975956,0.8614730219102404,1
0.05525322134341881,0.9447467786565812,1
0.011407406029842138,0.9885925939701579,1
0.0209737288825681,0.9790262711174319,1
0.18843379817533745,0.8115662018246625,1
0.06257533251485714,0.9374246674851429,1
0.23318009665820405,0.766819903341796,1
0.32730983342129605,0.672690166578704,1
0.03496922091759058,0.9650307790824094,1
0.06613841889354055,0.9338615811064594,1
0.08328737866732638,0.9167126213326736,1
0.0858276133067084,0.9141723866932916,1
0.020495694749121718,0.9795043052508783,1
0.015436037297571259,0.9845639627024287,1
0.8775088395418653,0.12249116045813466,1
0.012729042288115777,0.9872709577118842,1
0.1090109223790483,0.8909890776209517,1
0.01715016958510973,0.9828498304148903,1
0.29385507139156264,0.7061449286084374,1
0.012526308650730678,0.9874736913492693,1
0.060819965131353126,0.9391800348686469,1
0.07988327967284237,0.9201167203271576,1
0.88017295570325,0.11982704429675001,1
0.09277047710603248,0.9072295228939675,1
0.014336860960047715,0.9856631390399523,1
0.09126920796942928,0.9087307920305707,1
0.09818661898562386,0.9018133810143761,1
0.022083699848863714,0.9779163001511363,1
0.05682512475690127,0.9431748752430987,1
0.09187031798663603,0.908129682013364,1
0.8209157688446594,0.17908423115534056,1
0.02003487552754868,0.9799651244724513,1
0.16083613223422122,0.8391638677657788,1
0.29416943466363876,0.7058305653363612,1
0.14832110040742907,0.8516788995925709,1
0.05426510808347018,0.9457348919165298,1
0.029132856769470195,0.9708671432305298,1
0.041933621965787204,0.9580663780342128,1
0.009205564042779057,0.9907944359572209,1
0.05928438655869672,0.9407156134413033,1
0.056536693467517884,0.9434633065324821,1
0.06817087135929634,0.9318291286407037,1
0.024626958929640508,0.9753730410703595,1
0.03259832648004635,0.9674016735199537,1
0.07891651920548859,0.9210834807945114,1
0.007084313593720193,0.9929156864062798,1
0.12281068284370078,0.8771893171562992,1
0.010531795158108759,0.9894682048418912,1
0.08366506926482487,0.9163349307351751,1
0.07737312968252863,0.9226268703174714,1
0.0686250517463618,0.9313749482536382,1
0.12173903321210766,0.8782609667878923,1
0.08690373686481456,0.9130962631351854,1
0.02710507408215712,0.9728949259178429,1
0.13517626261080617,0.8648237373891938,1
0.23127734499946417,0.7687226550005358,1
0.01700780369160637,0.9829921963083936,1
0.06341122683063172,0.9365887731693683,1
0.03885636036992213,0.9611436396300779,1
0.1346372654765774,0.8653627345234226,1
0.02667947828024475,0.9733205217197552,1
0.05231274931669394,0.9476872506833061,1
0.0765888825201535,0.9234111174798465,1
0.006741439047317832,0.9932585609526822,1
0.29278088869353425,0.7072191113064658,1
0.12550647514926705,0.874493524850733,1
0.6577486600355861,0.3422513399644139,1
0.04941651564542038,0.9505834843545796,1
0.04714966637159457,0.9528503336284054,1
0.08769214763116817,0.9123078523688318,1
0.04681623715210037,0.9531837628478996,1
0.00499365752839287,0.9950063424716071,1
0.1872709494903524,0.8127290505096476,1
0.07459864605849975,0.9254013539415002,1
0.08677772959437724,0.9132222704056228,1
0.3105203005826498,0.6894796994173502,1
0.5166496359609929,0.48335036403900705,1
0.011387699523882744,0.9886123004761173,1
0.15992109293345613,0.8400789070665439,1
0.03964971085936564,0.9603502891406344,1
0.1708318863410021,0.8291681136589979,1
0.019804848802047248,0.9801951511979528,1
0.2877985111501896,0.7122014888498104,1
0.004887480522215215,0.9951125194777848,1
0.11961163236094419,0.8803883676390558,1
0.2401489433132873,0.7598510566867127,1
0.28221013442511633,0.7177898655748837,1
0.01602596005558643,0.9839740399444136,1
0.009131255877414812,0.9908687441225852,1
0.044693701498209726,0.9553062985017903,1
0.12994565610192532,0.8700543438980747,1
0.054788619401909044,0.945211380598091,1
0.09202660311579147,0.9079733968842085,1
0.05699567125203109,0.9430043287479689,1
0.032695262440531114,0.9673047375594689,1
0.15327639600628717,0.8467236039937128,1
0.13573374835279262,0.8642662516472074,1
0.07012095557466413,0.9298790444253359,1
0.06538475143540312,0.9346152485645969,1
0.05612663360694614,0.9438733663930539,1
0.02260286654956789,0.9773971334504321,1
0.033077654261119305,0.9669223457388807,1
0.07136072228107193,0.9286392777189281,1
0.041750655517795554,0.9582493444822044,1
0.0985437361466136,0.9014562638533864,1
0.012455447182789015,0.987544552817211,1
0.3047291776051748,0.6952708223948252,1
0.022622931315540717,0.9773770686844593,1
0.21422777280115057,0.7857722271988494,1
0.06891379280191501,0.931086207198085,1
0.05493034338757885,0.9450696566124211,1
0.03530206788985646,0.9646979321101435,1
0.0977561423076102,0.9022438576923898,1
0.7940187760851892,0.20598122391481077,1
0.09127495294985744,0.9087250470501426,1
0.2184837035861118,0.7815162964138882,1
0.12222535797491085,0.8777746420250891,1
0.2046899161705319,0.7953100838294681,1
0.07211496898027525,0.9278850310197247,1
0.15200733351102047,0.8479926664889795,1
0.10914368081780512,0.8908563191821949,1
0.07651813146449904,0.923481868535501,1
0.16498374632594648,0.8350162536740535,1
0.03371071346118648,0.9662892865388135,1
0.16224818384657813,0.8377518161534219,1
0.029216758795853393,0.9707832412041466,1
0.19035718408115587,0.8096428159188441,1
0.11951913285152693,0.8804808671484731,1
0.021879787818344765,0.9781202121816552,1
0.009368382622839011,0.990631617377161,1
0.16413484263447853,0.8358651573655215,1
0.08945280178939907,0.9105471982106009,1
0.09416779354650351,0.9058322064534965,1
0.09821579619798826,0.9017842038020117,1
0.07872601461885476,0.9212739853811452,1
0.16734782252730385,0.8326521774726962,1
0.062572929210446,0.937427070789554,1
0.3255837357623088,0.6744162642376912,1
0.028089427184639915,0.9719105728153601,1
0.09116549205792324,0.9088345079420768,1
0.04396488417905786,0.9560351158209421,1
0.08051837673763629,0.9194816232623637,1
0.03625151753477929,0.9637484824652207,1
0.009087303628294463,0.9909126963717055,1
0.18087500718605187,0.8191249928139481,1
0.7573948345132332,0.24260516548676683,1
0.3727325219625536,0.6272674780374464,1
0.03648708994556582,0.9635129100544342,1
0.08461500184539239,0.9153849981546076,1
0.03587650362961081,0.9641234963703892,1
0.011857098745980732,0.9881429012540193,1
0.044544418167484334,0.9554555818325157,1
0.1916719201014353,0.8083280798985647,1
0.02810764322935777,0.9718923567706422,1
0.04273682319218952,0.9572631768078105,1
0.26796127100497336,0.7320387289950266,1
0.05522455854807384,0.9447754414519262,1
0.16574155879189723,0.8342584412081028,1
0.26152233689934734,0.7384776631006527,1
0.31755582109402136,0.6824441789059786,1
0.08947221858565291,0.9105277814143471,1
0.06554393660656099,0.934456063393439,1
0.5421902058002126,0.45780979419978746,1
0.10911848638764343,0.8908815136123566,1
0.024963651641266238,0.9750363483587338,1
0.025896649680536732,0.9741033503194633,1
0.04492885725065676,0.9550711427493432,1
0.04115242505732042,0.9588475749426796,1
0.15514312162295107,0.8448568783770489,1
0.049556616137858334,0.9504433838621417,1
0.012234354421427951,0.987765645578572,1
0.2855929804702111,0.7144070195297889,1
0.019462380548729286,0.9805376194512707,1
0.07263222519719781,0.9273677748028022,1
0.08360407047936069,0.9163959295206393,1
0.030060685702289258,0.9699393142977107,1
0.011302043733306344,0.9886979562666937,1
0.13387790138446887,0.8661220986155311,1
0.0840309972084774,0.9159690027915226,1
0.08385327225498862,0.9161467277450114,1
0.013910301140208192,0.9860896988597918,1
0.2984820094251075,0.7015179905748925,1
0.05481980974753109,0.9451801902524689,1
0.8679975930563666,0.13200240694363338,1
0.025432812969284124,0.9745671870307159,1
0.05109088134292783,0.9489091186570722,1
0.04570602606760599,0.954293973932394,1
0.36215954559148844,0.6378404544085116,1
0.16728738280184352,0.8327126171981565,1
0.12318107379826149,0.8768189262017385,1
0.2152510439546922,0.7847489560453078,1
0.02868920705474287,0.9713107929452571,1
0.03143195056903425,0.9685680494309657,1
0.02382902336639814,0.9761709766336019,1
0.036804151140311214,0.9631958488596888,1
0.04231071014553456,0.9576892898544654,1
0.0903261159933465,0.9096738840066535,1
0.08380703894375474,0.9161929610562453,1
0.4977312803506758,0.5022687196493242,1
0.031139747629587933,0.9688602523704121,1
0.10936382887109874,0.8906361711289013,1
0.04787935048868741,0.9521206495113126,1
0.09451570963758382,0.9054842903624162,1
0.03245811758244921,0.9675418824175508,1
0.07574453176768925,0.9242554682323108,1
0.5012837343875979,0.4987162656124021,1
0.0066873702241565525,0.9933126297758434,1
0.21496571735000303,0.785034282649997,1
0.021598940375340048,0.97840105962466,1
0.0837993960581791,0.9162006039418209,1
0.0718235739415507,0.9281764260584493,1
0.09782595183111797,0.902174048168882,1
0.01655500633642426,0.9834449936635757,1
0.09983763927129852,0.9001623607287015,1
0.02749734136134452,0.9725026586386555,1
0.040231880069554915,0.9597681199304451,1
0.007840118162543819,0.9921598818374562,1
0.020994480789414238,0.9790055192105858,1
0.10344363113435529,0.8965563688656447,1
0.13760866098889513,0.8623913390111049,1
0.014464916170177422,0.9855350838298226,1
0.8639364068408195,0.1360635931591805,1
0.0651136962114911,0.9348863037885089,1
0.0910705082811798,0.9089294917188202,1
0.034032472522125934,0.9659675274778741,1
0.019499184264262226,0.9805008157357378,1
0.1421881602689199,0.8578118397310801,1
0.36558389992136053,0.6344161000786395,1
0.024215216233342107,0.9757847837666579,1
0.06470028255169846,0.9352997174483015,1
0.2729047724506414,0.7270952275493586,1
0.21818615546502684,0.7818138445349732,1
0.00820137135911847,0.9917986286408815,1
0.075028312601914,0.924971687398086,1
0.06598504927717364,0.9340149507228264,1
0.043507617083494377,0.9564923829165056,1
0.02475228504065574,0.9752477149593443,1
0.13453668632348215,0.8654633136765179,1
0.21378845101984834,0.7862115489801517,1
0.2696021061078503,0.7303978938921497,1
0.052411850465908794,0.9475881495340912,1
0.06928869733918608,0.9307113026608139,1
0.07452189885049276,0.9254781011495072,1
0.00926488968756034,0.9907351103124397,1
0.014494032582988647,0.9855059674170114,1
0.33732937809786023,0.6626706219021398,1
0.023506338453155418,0.9764936615468446,1
0.04186308291442853,0.9581369170855715,1
0.2752190985345313,0.7247809014654687,1
0.024683635120675618,0.9753163648793244,1
0.17655141028048071,0.8234485897195193,1
0.20293862548662167,0.7970613745133783,1
0.00989216060601461,0.9901078393939854,1
0.10452021198037398,0.895479788019626,1
0.040960743028852886,0.9590392569711471,1
0.03840592613379168,0.9615940738662083,1
0.011649533979415594,0.9883504660205844,1
0.026297406586557548,0.9737025934134425,1
0.20332339183875248,0.7966766081612475,1
0.11282943299593573,0.8871705670040643,1
0.09335359658041809,0.9066464034195819,1
0.04068671176894001,0.95931328823106,1
0.024947225771805526,0.9750527742281945,1
0.08078100933928911,0.9192189906607109,1
0.41453320611586497,0.585466793884135,1
0.0771294049861928,0.9228705950138072,1
0.20803475315908604,0.791965246840914,1
0.07436206405113888,0.9256379359488611,1
0.10908112965788952,0.8909188703421105,1
0.29010076546867825,0.7098992345313218,1
0.016198645591035454,0.9838013544089645,1
0.021227864965835952,0.978772135034164,1
0.16310786877983896,0.836892131220161,1
0.027320674718450233,0.9726793252815498,1
0.10621296469967423,0.8937870353003258,1
0.11883996682138509,0.8811600331786149,1
0.015141898549127952,0.984858101450872,1
0.4247136691915365,0.5752863308084635,1
0.12710392781320645,0.8728960721867935,1
0.28950905070033006,0.7104909492996699,1
0.02161937419465232,0.9783806258053477,1
0.1655272839588946,0.8344727160411054,1
0.16386336283482983,0.8361366371651702,1
0.5195484699915234,0.4804515300084767,1
0.07623100302109509,0.9237689969789049,1
0.043448993547452575,0.9565510064525474,1
0.1680836011792307,0.8319163988207693,1
0.034839013686763565,0.9651609863132364,1
0.01573180467056634,0.9842681953294337,1
0.22256237115206934,0.7774376288479307,1
0.20992761117062586,0.7900723888293741,1
0.027793967223338933,0.9722060327766611,1
0.007709304174482123,0.9922906958255179,1
0.21791695758378038,0.7820830424162196,1
0.07063860713256231,0.9293613928674377,1
0.06497308331640939,0.9350269166835906,1
0.021754505890292597,0.9782454941097074,1
0.19050925072349223,0.8094907492765078,1
0.3070624394670527,0.6929375605329473,1
0.12427209942968231,0.8757279005703177,1
0.021875273535990725,0.9781247264640093,1
0.2276300965743019,0.7723699034256981,1
0.005884261672979618,0.9941157383270204,1
0.02919973461039027,0.9708002653896097,1
0.17669761249404992,0.8233023875059501,1
0.15906928854884073,0.8409307114511593,1
0.10712481032321264,0.8928751896767874,1
0.036958174405138156,0.9630418255948618,1
0.02516068528753812,0.9748393147124619,1
0.04519438418884014,0.9548056158111599,1
0.033924786870370816,0.9660752131296292,1
0.0868445856558826,0.9131554143441174,1
0.15360258129579207,0.8463974187042079,1
0.03411923778896553,0.9658807622110345,1
0.05448545969228069,0.9455145403077193,1
0.2764623878124528,0.7235376121875472,1
0.06617153558171684,0.9338284644182832,1
0.14649593324289312,0.8535040667571069,1
0.07262634806904456,0.9273736519309554,1
0.04304192507643356,0.9569580749235664,1
0.08175016797230172,0.9182498320276983,1
0.07584423039745081,0.9241557696025492,1
0.1485398865093317,0.8514601134906683,1
0.050946472483110794,0.9490535275168892,1
0.10597856926544469,0.8940214307345553,1
0.2431143445367019,0.7568856554632981,1
0.07716886019122093,0.9228311398087791,1
0.22914327923995792,0.7708567207600421,1
0.023764136539158875,0.9762358634608411,1
0.11954783106344191,0.8804521689365581,1
0.1629000293904983,0.8370999706095017,1
0.5237351495951557,0.47626485040484434,1
0.33491053224795286,0.6650894677520471,1
0.0651422239538767,0.9348577760461233,1
0.028305900750683843,0.9716940992493162,1
0.051468389471341136,0.9485316105286589,1
0.2196984889623872,0.7803015110376128,1
0.07002190663748709,0.9299780933625129,1
0.02052029883625639,0.9794797011637436,1
0.027955396711726976,0.972044603288273,1
0.02685893128282235,0.9731410687171776,1
0.027349348253390082,0.9726506517466099,1
0.01149072916537841,0.9885092708346216,1
0.05790027912625639,0.9420997208737436,1
0.08182734306121375,0.9181726569387862,1
0.36726976059017924,0.6327302394098208,1
0.06940656471078166,0.9305934352892183,1
0.15930474096648417,0.8406952590335158,1
0.317871404555092,0.682128595444908,1
0.04682627405442219,0.9531737259455778,1
0.3049980396108334,0.6950019603891666,1
0.03696977474498109,0.9630302252550189,1
0.8090313470593106,0.19096865294068943,1
0.04402370991502236,0.9559762900849776,1
0.03730872783184047,0.9626912721681595,1
0.0507117197759136,0.9492882802240864,1
0.13644101562216493,0.8635589843778351,1
0.046520447803284126,0.9534795521967159,1
0.056989068063522,0.943010931936478,1
0.5501884753433455,0.4498115246566546,1
0.0052834402906789535,0.994716559709321,1
0.12069080018900302,0.879309199810997,1
0.02411067376991638,0.9758893262300836,1
0.08987154753068083,0.9101284524693192,1
0.02096290464537609,0.9790370953546239,1
0.05389770553265172,0.9461022944673483,1
0.11233936840918979,0.8876606315908102,1
0.0244010610559815,0.9755989389440185,1
0.04985889568373547,0.9501411043162645,1
0.015935113910593546,0.9840648860894065,1
0.050304815279987425,0.9496951847200126,1
0.10106161178536133,0.8989383882146387,1
0.1608570243709101,0.8391429756290899,1
0.009356061533325022,0.990643938466675,1
0.021831050747300518,0.9781689492526995,1
0.38889217133931864,0.6111078286606814,1
0.05339732229385785,0.9466026777061421,1
0.01703140370877254,0.9829685962912275,1
0.030047871204480603,0.9699521287955194,1
0.06284078378641555,0.9371592162135844,1
0.2843517896042329,0.7156482103957671,1
0.08571162641965946,0.9142883735803405,1
0.07363895025896916,0.9263610497410308,1
0.010817234789474828,0.9891827652105252,1
0.029307092650828537,0.9706929073491715,1
0.11781055218902903,0.882189447810971,1
0.10098789240466677,0.8990121075953332,1
0.019363850117820047,0.98063614988218,1
0.08520262397380851,0.9147973760261915,1
0.05978282954334724,0.9402171704566528,1
0.041758923686482596,0.9582410763135174,1
0.0629752717334352,0.9370247282665648,1
0.016195763044601574,0.9838042369553984,1
0.06693834369991647,0.9330616563000835,1
0.633271926121681,0.3667280738783189,1
0.013823004014400286,0.9861769959855997,1
0.016157763928202562,0.9838422360717974,1
0.018515220286451917,0.9814847797135481,1
0.026654873786390088,0.9733451262136099,1
0.22471912271373062,0.7752808772862694,1
0.21768352989222484,0.7823164701077752,1
0.08400188624475702,0.915998113755243,1
0.05950021769182856,0.9404997823081714,1
0.47592995234536206,0.5240700476546379,1
0.21941475326908844,0.7805852467309116,1
0.03528481923477256,0.9647151807652274,1
0.010768527940598238,0.9892314720594018,1
0.022602296553297707,0.9773977034467023,1
0.19012929511976984,0.8098707048802302,1
0.3351434455038962,0.6648565544961038,1
0.0820284949722433,0.9179715050277567,1
0.014771608059762742,0.9852283919402373,1
0.09793678554020013,0.9020632144597999,1
0.022270901479818694,0.9777290985201813,1
0.2950976644996197,0.7049023355003803,1
0.10074960185779469,0.8992503981422053,1
0.014014768410638978,0.985985231589361,1
0.08625126998023336,0.9137487300197666,1
0.12571595973588778,0.8742840402641122,1
0.0063329761156091235,0.9936670238843909,1
0.015504007429023692,0.9844959925709763,1
0.051759183748138926,0.9482408162518611,1
0.12170264097165029,0.8782973590283497,1
0.04245994035541878,0.9575400596445812,1
0.23101177654488247,0.7689882234551175,1
0.027809123707202232,0.9721908762927978,1
0.058379971786709395,0.9416200282132906,1
0.017897849218085238,0.9821021507819148,1
0.09476740041771303,0.905232599582287,1
0.04775577770858597,0.952244222291414,1
0.01102257427101394,0.9889774257289861,1
0.07435623621641418,0.9256437637835858,1
0.13502887986432965,0.8649711201356703,1
0.0450610234237393,0.9549389765762607,1
0.06772879239500507,0.9322712076049949,1
0.16916419209476685,0.8308358079052331,1
0.20550152663888255,0.7944984733611175,1
0.04169340754969608,0.9583065924503039,1
0.17672125085941126,0.8232787491405887,1
0.03271220616496162,0.9672877938350384,1
0.02278898187923184,0.9772110181207682,1
0.03756913197707479,0.9624308680229252,1
0.2695655773526152,0.7304344226473848,1
0.06511250308430949,0.9348874969156905,1
0.07169343271518835,0.9283065672848116,1
0.2958997779709164,0.7041002220290836,1
0.23304525370825802,0.766954746291742,1
0.14645769530925923,0.8535423046907408,1
0.013313146975863832,0.9866868530241362,1
0.1422641515834211,0.8577358484165789,1
0.40242917468282546,0.5975708253171745,1
0.04764845170828058,0.9523515482917194,1
0.02178964249321269,0.9782103575067873,1
0.05291823417621089,0.9470817658237891,1
0.022034815546273068,0.9779651844537269,1
0.042667723455568796,0.9573322765444312,1
0.8234963229900548,0.17650367700994515,1
0.03312313295039293,0.9668768670496071,1
0.03354388328845659,0.9664561167115434,1
0.31691106158614224,0.6830889384138578,1
0.24694310809986753,0.7530568919001325,1
0.11402695993995882,0.8859730400600412,1
0.08902493988048987,0.9109750601195101,1
0.010672164781079907,0.9893278352189201,1
0.25498712895804154,0.7450128710419585,1
0.07490565125875182,0.9250943487412482,1
0.036627039856928056,0.9633729601430719,1
0.08803239786452155,0.9119676021354785,1
0.03327200475345771,0.9667279952465423,1
0.0718665214797295,0.9281334785202705,1
0.2399066590710709,0.7600933409289291,1
0.062387032537047804,0.9376129674629522,1
0.505604303056872,0.49439569694312796,1
0.7238012694978758,0.2761987305021242,1
0.032796514821473055,0.967203485178527,1
0.31657780065907815,0.6834221993409219,1
0.03063092079266272,0.9693690792073373,1
0.658944829070438,0.341055170929562,1
0.030897887182573247,0.9691021128174268,1
0.07363702207371592,0.9263629779262841,1
0.5113941936006652,0.48860580639933476,1
0.057721822413685286,0.9422781775863147,1
0.084790111810647,0.915209888189353,1
0.35198789627358973,0.6480121037264103,1
0.015248985151010586,0.9847510148489894,1
0.10606006818518188,0.8939399318148181,1
0.034176023632866204,0.9658239763671338,1
0.01973836869158907,0.9802616313084109,1
0.06367613639391545,0.9363238636060845,1
0.2155295184600058,0.7844704815399942,1
0.1569291016099943,0.8430708983900057,1
0.03531428403458425,0.9646857159654157,1
0.06218295130043949,0.9378170486995605,1
0.10380777674749586,0.8961922232525041,1
0.06306533089084221,0.9369346691091578,1
0.25682815991826746,0.7431718400817325,1
0.11194209862787807,0.8880579013721219,1
0.05766268695437082,0.9423373130456292,1
0.10113707416846751,0.8988629258315325,1
0.021049631272136216,0.9789503687278638,1
0.15288804537305922,0.8471119546269408,1
0.036536734995789244,0.9634632650042108,1
0.08350619800282622,0.9164938019971738,1
0.08738406645522878,0.9126159335447712,1
0.07980585156698561,0.9201941484330144,1
0.20995878022047398,0.790041219779526,1
0.1912599588584304,0.8087400411415696,1
0.05291747818123893,0.9470825218187611,1
0.015043732206181826,0.9849562677938182,1
0.06440034657081561,0.9355996534291844,1
0.021768676939735943,0.9782313230602641,1
0.46319652173272174,0.5368034782672783,1
0.10322472054133858,0.8967752794586614,1
0.016624502413688735,0.9833754975863113,1
0.12170955381178405,0.878290446188216,1
0.025191985286376672,0.9748080147136233,1
0.254379448291034,0.745620551708966,1
0.01640237574669634,0.9835976242533037,1
0.09262277283495912,0.9073772271650409,1
0.06108135281622151,0.9389186471837785,1
0.020607780763134076,0.9793922192368659,1
0.15308061609421475,0.8469193839057853,1
0.06033786232914873,0.9396621376708513,1
0.08116921617696127,0.9188307838230387,1
0.09314086388998899,0.906859136110011,1
0.08274055023692617,0.9172594497630738,1
0.08014804518286367,0.9198519548171363,1
0.008455780417265246,0.9915442195827348,1
0.014274534545364426,0.9857254654546356,1
0.04732871693581664,0.9526712830641834,1
0.03458717792468291,0.9654128220753171,1
0.05808536938388276,0.9419146306161172,1
0.664574372577559,0.335425627422441,1
0.058319486489986305,0.9416805135100137,1
0.07979062519994629,0.9202093748000537,1
0.0223849742868949,0.9776150257131051,1
0.07562163218633089,0.9243783678136691,1
0.05032640308881131,0.9496735969111887,1
0.007651098334634399,0.9923489016653656,1
0.050868658585888515,0.9491313414141115,1
0.2496683678158913,0.7503316321841087,1
0.06775784045976707,0.9322421595402329,1
0.04358869627919815,0.9564113037208019,1
0.9661701061391346,0.03382989386086543,1
0.17218500248713875,0.8278149975128613,1
0.06393028920901545,0.9360697107909846,1
0.11916768604813643,0.8808323139518636,1
0.04708579349952158,0.9529142065004784,1
0.03371069988547515,0.9662893001145249,1
0.4566561007186085,0.5433438992813915,1
0.056734216021338546,0.9432657839786615,1
0.14272924537993759,0.8572707546200624,1
0.13335539010109343,0.8666446098989066,1
0.903786492842127,0.09621350715787301,1
0.1617668734024411,0.8382331265975589,1
0.0706415304955984,0.9293584695044016,1
0.03766615538038176,0.9623338446196182,1
0.25577589270401135,0.7442241072959886,1
0.24333885915724263,0.7566611408427574,1
0.021385134354556468,0.9786148656454435,1
0.015871309716089854,0.9841286902839101,1
0.11519922996954124,0.8848007700304588,1
0.07688219713930022,0.9231178028606998,1
0.04347325498029431,0.9565267450197057,1
0.057119785962672975,0.942880214037327,1
0.046905926433860046,0.95309407356614,1
0.031858010056760144,0.9681419899432399,1
0.06128347900179909,0.9387165209982009,1
0.07588660322294472,0.9241133967770553,1
0.01286324763120672,0.9871367523687933,1
0.03184083772499413,0.9681591622750059,1
0.01194637096263862,0.9880536290373614,1
0.021744238838902863,0.9782557611610971,1
0.17614651745417187,0.8238534825458281,1
0.03030958439111986,0.9696904156088801,1
0.0973675565089196,0.9026324434910804,1
0.0431604295658492,0.9568395704341508,1
0.008176428904856148,0.9918235710951439,1
0.02166574507009511,0.9783342549299049,1
0.10971855688792986,0.8902814431120701,1
0.027378288674393514,0.9726217113256065,1
0.01603790820745088,0.9839620917925491,1
0.12020966055453697,0.879790339445463,1
0.007236609953070738,0.9927633900469293,1
0.09674753364710675,0.9032524663528932,1
0.029133204944674196,0.9708667950553258,1
0.045524537015896205,0.9544754629841038,1
0.225579039111517,0.774420960888483,1
0.007031537685166178,0.9929684623148338,1
0.041071714147022376,0.9589282858529776,1
0.02825764045808621,0.9717423595419138,1
0.1759501690918882,0.8240498309081118,1
0.24416697677985566,0.7558330232201443,1
0.011999965343911678,0.9880000346560883,1
0.16801311635759786,0.8319868836424021,1
0.06074430380317386,0.9392556961968261,1
0.676414033975538,0.32358596602446194,1
0.00772276590288723,0.9922772340971128,1
0.06984294505931987,0.9301570549406801,1
0.21095343106765707,0.7890465689323429,1
0.2744312172148843,0.7255687827851157,1
0.4142581068623812,0.5857418931376188,1
0.19259589784189834,0.8074041021581017,1
0.01864891139455871,0.9813510886054413,1
0.020473227176295405,0.9795267728237046,1
0.0599822164098508,0.9400177835901492,1
0.017277791722225766,0.9827222082777742,1
0.07289069682705085,0.9271093031729492,1
0.026186657767996224,0.9738133422320038,1
0.02331617591592139,0.9766838240840786,1
0.02990275767641526,0.9700972423235847,1
0.05175551522887423,0.9482444847711258,1
0.007694457307675262,0.9923055426923247,1
0.05027613636737993,0.9497238636326201,1
0.019938118660565385,0.9800618813394346,1
0.060281402250583316,0.9397185977494167,1
0.04564585862443282,0.9543541413755672,1
0.02646714292206309,0.9735328570779369,1
0.06866006579084816,0.9313399342091518,1
0.036355381075882764,0.9636446189241172,1
0.3501074178407233,0.6498925821592767,1
0.010996887304084435,0.9890031126959156,1
0.37193310287668757,0.6280668971233124,1
0.7738895751222075,0.2261104248777925,1
0.29155996676548823,0.7084400332345118,1
0.776446546254328,0.22355345374567206,1
0.048083742304256494,0.9519162576957435,1
0.038952732001494295,0.9610472679985057,1
0.3806230605114208,0.6193769394885792,1
0.0434660029112649,0.9565339970887351,1
0.05600842619932722,0.9439915738006728,1
0.05574281771680589,0.9442571822831941,1
0.018863770513007916,0.9811362294869921,1
0.0896190894988369,0.9103809105011631,1
0.07182249239877336,0.9281775076012266,1
0.029634499925025648,0.9703655000749744,1
0.16708261769172839,0.8329173823082716,1
0.036222126678469246,0.9637778733215308,1
0.2640619075935472,0.7359380924064528,1
0.12826275167216938,0.8717372483278306,1
0.06650746681203856,0.9334925331879614,1
0.018628787204887365,0.9813712127951126,1
0.11016704269994715,0.8898329573000529,1
0.07224353514216209,0.9277564648578379,1
0.06965576132736573,0.9303442386726343,1
0.01073285562923576,0.9892671443707642,1
0.05394880369377031,0.9460511963062297,1
0.06984403867133748,0.9301559613286625,1
0.15298673748803904,0.847013262511961,1
0.7571024802444606,0.24289751975553936,1
0.26667993969835624,0.7333200603016438,1
0.023283124609162154,0.9767168753908378,1
0.013326899420201932,0.9866731005797981,1
0.09409130321069425,0.9059086967893057,1
0.06077577072336471,0.9392242292766353,1
0.023237916214282395,0.9767620837857176,1
0.15127261879021636,0.8487273812097836,1
0.03976799311280288,0.9602320068871971,1
0.14357706516615365,0.8564229348338463,1
0.0810836238551007,0.9189163761448993,1
0.024957831708773637,0.9750421682912264,1
0.2233710958912294,0.7766289041087706,1
0.05393747103305302,0.946062528966947,1
0.020629861776654046,0.979370138223346,1
0.11550032927108289,0.8844996707289171,1
0.1584104733812769,0.8415895266187231,1
0.394601072813646,0.605398927186354,1
0.0384258704592636,0.9615741295407364,1
0.1056929566437349,0.8943070433562651,1
0.0251847184262034,0.9748152815737966,1
0.9019054257307508,0.09809457426924915,1
0.011659839524717608,0.9883401604752824,1
0.0091448536060309,0.9908551463939691,1
0.010094698563284155,0.9899053014367158,1
0.22331163980233404,0.776688360197666,1
0.11206113670234419,0.8879388632976558,1
0.035278618036373555,0.9647213819636264,1
0.07800237945076849,0.9219976205492315,1
0.10769549838644232,0.8923045016135577,1
0.05584954281743182,0.9441504571825682,1
0.00976395509339767,0.9902360449066023,1
0.22782165230942597,0.772178347690574,1
0.055671220228866614,0.9443287797711334,1
0.15707500755336634,0.8429249924466337,1
0.028815511975027186,0.9711844880249728,1
0.1750898933643027,0.8249101066356973,1
0.0400804484210564,0.9599195515789436,1
0.03058195332901603,0.969418046670984,1
0.1080343544968525,0.8919656455031475,1
0.062001295574343085,0.9379987044256569,1
0.20419726230664814,0.7958027376933519,1
0.27941966017081776,0.7205803398291822,1
0.019154981896451262,0.9808450181035487,1
0.08939364630397173,0.9106063536960283,1
0.04782794254249301,0.952172057457507,1
0.18216429675699708,0.8178357032430029,1
0.07219170464419133,0.9278082953558087,1
0.08999448439795088,0.9100055156020491,1
0.13364939025404954,0.8663506097459505,1
0.006955394255202418,0.9930446057447976,1
0.2615830847432833,0.7384169152567167,1
0.13774514045310104,0.862254859546899,1
0.030101584121151825,0.9698984158788482,1
0.037011325267214956,0.962988674732785,1
0.06923021322523837,0.9307697867747616,1
0.9436915596194073,0.056308440380592684,1
0.31036882084796,0.68963117915204,1
0.10391945988240281,0.8960805401175972,1
0.025750764349319888,0.9742492356506801,1
0.1942304504774942,0.8057695495225058,1
0.07058427781768006,0.9294157221823199,1
0.23257261647902105,0.767427383520979,1
0.16718393746648597,0.832816062533514,1
0.10073711734380231,0.8992628826561977,1
0.02129855090101973,0.9787014490989803,1
0.035229294934270516,0.9647707050657295,1
0.0647559338041761,0.9352440661958239,1
0.06112211890485941,0.9388778810951406,1
0.09240681352300861,0.9075931864769914,1
0.5905044985035545,0.40949550149644554,1
0.03809945816396809,0.9619005418360319,1
0.04089712435204118,0.9591028756479588,1
0.012479792946101909,0.9875202070538981,1
0.0744599795833557,0.9255400204166443,1
0.25398224288910176,0.7460177571108982,1
0.07205165456860485,0.9279483454313951,1
0.9957049096351882,0.004295090364811757,0
0.9646979791924263,0.03530202080757369,0
0.4481986884383783,0.5518013115616217,0
0.9961139683564058,0.003886031643594266,0
0.9934150012311295,0.006584998768870489,0
0.9731723911994283,0.02682760880057163,0
0.37705612313325565,0.6229438768667444,0
0.9522653599134056,0.047734640086594414,0
0.9642711663045469,0.03572883369545311,0
0.8615987741304002,0.13840122586959983,0
0.29977896588223407,0.7002210341177659,0
0.9970605559113026,0.0029394440886974056,0
0.335766451035476,0.664233548964524,0
0.04232966429746532,0.9576703357025347,0
0.9909651372803835,0.009034862719616555,0
0.9297005144000557,0.07029948559994428,0
0.07237325920936855,0.9276267407906315,0
0.8559546332809048,0.14404536671909515,0
0.5121455423260923,0.4878544576739077,0
0.36317045926276503,0.636829540737235,0
0.8902391113149204,0.1097608886850796,0
0.4089983695408972,0.5910016304591028,0
0.9948155009734395,0.005184499026560471,0
0.08260958390323858,0.9173904160967614,0
0.9986992103548855,0.0013007896451145086,0
0.32695161733669664,0.6730483826633034,0
0.23225628721875813,0.7677437127812419,0
0.9400468166026862,0.059953183397313765,0
0.19459942651381112,0.8054005734861889,0
0.30999931990233853,0.6900006800976615,0
0.18247098263871675,0.8175290173612833,0
0.9953968506904368,0.004603149309563231,0
0.29818204318746067,0.7018179568125393,0
0.8650226552696869,0.1349773447303131,0
0.9933807318057157,0.006619268194284271,0
0.788615933592511,0.211384066407489,0
0.9981945899061049,0.0018054100938951715,0
0.9371800246247255,0.06281997537527455,0
0.9921043189442171,0.00789568105578292,0
0.776777734389055,0.2232222656109451,0
0.0975386819247136,0.9024613180752864,0
0.9339217561553483,0.06607824384465164,0
0.9979625265711652,0.002037473428834811,0
0.9438581244353289,0.0561418755646711,0
0.9843252015280132,0.015674798471986863,0
0.7258911589695296,0.27410884103047034,0
0.9943010516159543,0.005698948384045694,0
0.16595556054227656,0.8340444394577234,0
0.6282502612178664,0.3717497387821335,0
0.9559219280302922,0.044078071969707866,0
0.8317619688147398,0.16823803118526015,0
0.9920055060019065,0.007994493998093469,0
0.9947111006280873,0.0052888993719127355,0
0.9498324688569377,0.0501675311430623,0
0.9971027879154185,0.0028972120845814887,0
0.43864903101878605,0.561350968981214,0
0.20771117892823943,0.7922888210717606,0
0.8861068578994215,0.11389314210057859,0
0.31211593237346336,0.6878840676265366,0
0.9781160562923409,0.021883943707659156,0
0.9901824924785615,0.009817507521438543,0
0.9666317244551551,0.03336827554484493,0
0.9584095787532622,0.04159042124673786,0
0.9758685991038568,0.024131400896143133,0
0.488700439140599,0.511299560859401,0
0.9667233135462832,0.03327668645371681,0
0.3357883744815292,0.6642116255184708,0
0.31765698954998234,0.6823430104500177,0
0.9846331284108901,0.015366871589109864,0
0.9439821554914137,0.05601784450858622,0
0.9976275481850184,0.002372451814981607,0
0.9616639129898892,0.03833608701011083,0
0.9258836202535929,0.07411637974640709,0
0.043955215183405505,0.9560447848165945,0
0.9959413444836402,0.0040586555163597765,0
0.20998545932721346,0.7900145406727865,0
0.9900262083879741,0.009973791612025884,0
0.8362247253610995,0.16377527463890057,0
0.9947527380743867,0.0052472619256133165,0
0.9512807572116534,0.04871924278834658,0
0.6455762474033744,0.3544237525966257,0
0.9930086880059299,0.006991311994070075,0
0.2682759578506979,0.7317240421493021,0
0.9980556516687772,0.001944348331222794,0
0.9790403185190322,0.02095968148096778,0
0.33821669483907857,0.6617833051609214,0
0.9844498680225203,0.015550131977479653,0
0.9600193694893666,0.039980630510633434,0
0.997234694995215,0.00276530500478503,0
0.5891110034168896,0.41088899658311034,0
0.9687981714215169,0.031201828578483057,0
0.9574691153885039,0.04253088461149608,0
0.9964500676740535,0.0035499323259464886,0
0.6842770125145563,0.31572298748544364,0
0.9844270876711835,0.015572912328816541,0
0.94937639183247,0.05062360816752992,0
0.9820877338399611,0.017912266160038964,0
0.9825341503761812,0.017465849623818825,0
0.9948929158372006,0.005107084162799349,0
0.9814344571421387,0.018565542857861297,0
0.12340404843367603,0.876595951566324,0
0.9922611988468119,0.0077388011531881705,0
0.17537273659608665,0.8246272634039133,0
0.5971953649053239,0.4028046350946761,0
0.2744712779837739,0.7255287220162261,0
0.9928184610245643,0.007181538975435726,0
0.28250133988590176,0.7174986601140982,0
0.06557787825026817,0.9344221217497318,0
0.03590215061356117,0.9640978493864388,0
0.9695922815544905,0.0304077184455095,0
0.901425006453261,0.09857499354673908,0
0.07988712526304986,0.9201128747369501,0
0.9975765898544243,0.002423410145575719,0
0.23398318885145097,0.766016811148549,0
0.9902545986582122,0.009745401341787838,0
0.9862369326987697,0.01376306730123035,0
0.5405570520291136,0.4594429479708864,0
0.032455755883303405,0.9675442441166966,0
0.09005296858486644,0.9099470314151336,0
0.9361648396354355,0.06383516036456449,0
0.9861912933833042,0.013808706616695782,0
0.12329198335319291,0.8767080166468071,0
0.9951199087166863,0.004880091283313729,0
0.9890738719958045,0.010926128004195438,0
0.9736599561054355,0.026340043894564423,0
0.9762133382718127,0.023786661728187372,0
0.9310567509945331,0.0689432490054669,0
0.2177006832914471,0.7822993167085529,0
0.06005843148861556,0.9399415685113844,0
0.9698933573806781,0.030106642619321895,0
0.9947706252152879,0.00522937478471209,0
0.9916537315405127,0.008346268459487325,0
0.9573878216691276,0.042612178330872386,0
0.5950585629891707,0.40494143701082924,0
0.10260430026580492,0.8973956997341951,0
0.9528393598934051,0.047160640106594987,0
0.04112069541582153,0.9588793045841785,0
0.9937891744638057,0.006210825536194394,0
0.9660953137119552,0.03390468628804474,0
0.9263204191742619,0.07367958082573814,0
0.9921906038007203,0.007809396199279664,0
0.9975275468653243,0.002472453134675668,0
0.9754701076105765,0.024529892389423446,0
0.7490305581697151,0.2509694418302849,0
0.9939676914996152,0.006032308500384852,0
0.8546006506191786,0.14539934938082144,0
0.9720972691314752,0.027902730868524836,0
0.037250396072704084,0.9627496039272959,0
0.8327478890577186,0.16725211094228143,0
0.9730899555137091,0.026910044486290818,0
0.49512797306741685,0.5048720269325832,0
0.7078245523101244,0.2921754476898756,0
0.9611201646189647,0.03887983538103529,0
0.9913865955295259,0.008613404470474142,0
0.9041021600753828,0.09589783992461716,0
0.5148213004232844,0.4851786995767156,0
0.9956545688309535,0.004345431169046542,0
0.9454836737958549,0.054516326204145156,0
0.23644256523909368,0.7635574347609063,0
0.21238857060211924,0.7876114293978808,0
0.08296389320427677,0.9170361067957232,0
0.7548627776837584,0.24513722231624152,0
0.8908305825302827,0.10916941746971734,0
0.8681599776408063,0.1318400223591937,0
0.0707196127322306,0.9292803872677694,0
0.8913383590729629,0.10866164092703706,0
0.9956883674394732,0.004311632560526825,0
0.8470557660564523,0.1529442339435477,0
0.9872742302161056,0.012725769783894357,0
0.8384082282122344,0.16159177178776565,0
0.9213432228851364,0.07865677711486369,0
0.9954192726976779,0.004580727302322054,0
0.9821115593389629,0.017888440661037074,0
0.8428998463688935,0.15710015363110652,0
0.849463283926023,0.15053671607397706,0
0.9741292716690725,0.025870728330927496,0
0.9946549521891165,0.005345047810883485,0
0.2773449416573506,0.7226550583426494,0
0.8238791392967452,0.1761208607032548,0
0.8236997317712677,0.17630026822873235,0
0.9913246457901209,0.008675354209879098,0
0.21841232082680373,0.7815876791731963,0
0.9983288896904964,0.0016711103095036132,0
0.9840094293020135,0.015990570697986515,0
0.2612127978002322,0.7387872021997678,0
0.8223414599234941,0.17765854007650594,0
0.9882100819805351,0.011789918019464912,0
0.8087497278946437,0.19125027210535625,0
0.4532739563426077,0.5467260436573923,0
0.10597755406821563,0.8940224459317844,0
0.03325777870803359,0.9667422212919664,0
0.1362823989896237,0.8637176010103763,0
0.9892837523176882,0.010716247682311813,0
0.9728528333324579,0.027147166667542105,0
0.8087935542538087,0.19120644574619133,0
0.3841304940977851,0.6158695059022149,0
0.9234891326293097,0.07651086737069039,0
0.9947252409423548,0.0052747590576452275,0
0.953577993449732,0.046422006550267986,0
0.22023448300833526,0.7797655169916647,0
0.8934851357909486,0.10651486420905143,0
0.9895097265009019,0.010490273499098092,0
0.5170597652544464,0.48294023474555353,0
0.36342286577293237,0.6365771342270676,0
0.42684658903529715,0.5731534109647028,0
0.1630678450796076,0.8369321549203924,0
0.9800545113324562,0.01994548866754377,0
0.6003439052061035,0.3996560947938966,0
0.9845280537989362,0.015471946201063881,0
0.9596285663580488,0.04037143364195116,0
0.06960979835382097,0.930390201646179,0
0.3234761779987806,0.6765238220012194,0
0.9921713353474617,0.00782866465253825,0
0.1443951151568731,0.8556048848431269,0
0.9695790882951583,0.03042091170484171,0
0.7612301130079822,0.2387698869920178,0
0.35821414862578616,0.6417858513742138,0
0.9657657222216175,0.0342342777783825,0
0.7094224212454722,0.29057757875452783,0
0.8948117174838607,0.10518828251613936,0
0.996000200225838,0.003999799774162015,0
0.6206958490511911,0.3793041509488088,0
0.9902555735610781,0.009744426438921927,0
0.5068452625725451,0.49315473742745486,0
0.7371125584636288,0.2628874415363712,0
0.8848283492738842,0.11517165072611579,0
0.9180181951644285,0.08198180483557149,0
0.3611874852810747,0.6388125147189253,0
0.12708387540312205,0.872916124596878,0
0.6245416594447745,0.37545834055522553,0
0.9858886245426244,0.014111375457375628,0
0.8506589211434217,0.14934107885657827,0
0.9866292547270727,0.013370745272927259,0
0.32508436107266303,0.674915638927337,0
0.9676805051116526,0.03231949488834735,0
0.8988647709129178,0.10113522908708222,0
0.993033924494554,0.006966075505445991,0
0.7410596469254347,0.2589403530745653,0
0.4373559017277031,0.5626440982722969,0
0.9991911980597675,0.0008088019402324257,0
0.7156160019772091,0.28438399802279085,0
0.9755996163778065,0.024400383622193593,0
0.169028062006099,0.830971937993901,0
0.20544543546331928,0.7945545645366807,0
0.9952560679783907,0.004743932021609292,0
0.9963554186974556,0.003644581302544465,0
0.903403065620893,0.09659693437910702,0
0.9194021771965291,0.08059782280347094,0
0.9748240130001953,0.0251759869998047,0
0.7475342658612267,0.2524657341387733,0
0.4258047854679726,0.5741952145320274,0
0.8812932648592087,0.11870673514079136,0
0.9467698705482142,0.053230129451785825,0
0.991871368399606,0.008128631600394044,0
0.9704227335561646,0.029577266443835442,0
0.9929823967723618,0.007017603227638218,0
0.975125933027864,0.02487406697213599,0
0.3526369673944205,0.6473630326055795,0
0.4281602580275129,0.5718397419724871,0
0.17373164923442874,0.8262683507655713,0
0.9957271711844446,0.004272828815555388,0
0.9934579041602298,0.006542095839770146,0
0.8866496170436999,0.11335038295630008,0
0.9513956016896224,0.048604398310377536,0
0.9343696706632928,0.06563032933670716,0
0.9699778366904694,0.030022163309530506,0
0.5400934657674666,0.45990653423253336,0
0.34257486194200526,0.6574251380579947,0
0.07583604654133158,0.9241639534586684,0
0.9900113930802321,0.009988606919767933,0
0.6660832383762854,0.33391676162371464,0
0.7386323691302339,0.26136763086976617,0
0.9555750669735708,0.044424933026429254,0
0.7330778819964128,0.2669221180035872,0
0.4567788122941522,0.5432211877058478,0
0.7624645018449776,0.23753549815502237,0
0.635140367617774,0.3648596323822259,0
0.9784970728371227,0.021502927162877286,0
0.9116444121007773,0.0883555878992227,0
0.9765955138687633,0.02340448613123668,0
0.9473700294358346,0.052629970564165386,0
0.42155842793398024,0.5784415720660198,0
0.8085960152651389,0.1914039847348611,0
0.5889668335940026,0.4110331664059974,0
0.6416582695049726,0.3583417304950274,0
0.9877164416792137,0.012283558320786364,0
0.9981265700856992,0.0018734299143008176,0
0.7948108139153506,0.2051891860846494,0
0.8471525790394552,0.15284742096054482,0
0.8361627327871018,0.16383726721289812,0
0.964217564631337,0.03578243536866295,0
0.6623943150003052,0.3376056849996948,0
0.39078421070928415,0.6092157892907158,0
0.9545009770755865,0.04549902292441355,0
0.30301829310570316,0.6969817068942968,0
0.8622338647471226,0.13776613525287743,0
0.9937881392514749,0.0062118607485250376,0
0.21586554848237793,0.7841344515176221,0
0.9635150722751785,0.03648492772482149,0
0.9805141994550427,0.019485800544957268,0
0.9905211084518194,0.009478891548180655,0
0.868458185700387,0.13154181429961295,0
0.9880083114172197,0.011991688582780333,0
0.7659395486052505,0.23406045139474946,0
0.9519944313816769,0.04800556861832308,0
0.3274513130527853,0.6725486869472147,0
0.924564591132695,0.07543540886730506,0
0.041999213695353865,0.9580007863046461,0
0.9156135658221453,0.08438643417785475,0
0.6038284126252593,0.3961715873747407,0
0.9739304562997451,0.02606954370025491,0
0.2513557995910837,0.7486442004089163,0
0.8613275626082061,0.13867243739179388,0
0.4647307101059083,0.5352692898940917,0
0.05769202495885861,0.9423079750411414,0
0.9979055128587594,0.0020944871412406285,0
0.9979007016108729,0.002099298389127178,0
0.9837416328203179,0.016258367179682046,0
0.1511483358230884,0.8488516641769116,0
0.9933615357436403,0.006638464256359722,0
0.627217999973538,0.372782000026462,0
0.9890448995643066,0.010955100435693385,0
0.18109953889576513,0.8189004611042349,0
0.4808013055731972,0.5191986944268028,0
0.9788725034309974,0.021127496569002622,0
0.9965131768208206,0.0034868231791793996,0
0.6463442364255428,0.35365576357445716,0
0.9797103657227915,0.020289634277208552,0
0.6418889650486639,0.3581110349513361,0
0.9736716337383875,0.02632836626161254,0
0.9684194039591012,0.03158059604089885,0
0.8546060224895831,0.145393977510417,0
0.7814573626715032,0.21854263732849677,0
0.969877009103039,0.030122990896961046,0
0.996800279406772,0.0031997205932280753,0
0.09830785872130254,0.9016921412786975,0
0.9927225977087754,0.007277402291224645,0
0.7674296580451856,0.2325703419548144,0
0.9670431381808359,0.03295686181916411,0
0.9769491510398218,0.023050848960178158,0
0.7564495736849124,0.24355042631508766,0
0.36174625048824693,0.6382537495117531,0
0.8422020871865334,0.15779791281346656,0
0.5649282826985924,0.4350717173014076,0
0.23083625371572192,0.7691637462842781,0
0.9855945802259366,0.014405419774063394,0
0.772583459389743,0.22741654061025698,0
0.9964421921667749,0.0035578078332250723,0
0.7007344846364507,0.29926551536354923,0
0.9958687729172541,0.004131227082745987,0
0.16237867506623538,0.8376213249337646,0
0.9937755370288051,0.006224462971194942,0
0.9982846912143096,0.0017153087856903234,0
0.9512915217589162,0.04870847824108386,0
0.34011141022202507,0.6598885897779749,0
0.710035933870532,0.28996406612946807,0
0.7863504507510453,0.2136495492489547,0
0.6483541512224041,0.35164584877759586,0
0.3529797515963964,0.6470202484036036,0
0.08727587374099877,0.9127241262590012,0
0.41339782637660316,0.5866021736233968,0
0.9892362902575224,0.010763709742477636,0
0.08481598492847109,0.9151840150715289,0
0.10908761756753116,0.8909123824324688,0
0.894798588188125,0.10520141181187506,0
0.42055652394050524,0.5794434760594948,0
0.2538592664989058,0.7461407335010942,0
0.1979695594386115,0.8020304405613885,0
0.9527938430018743,0.04720615699812569,0
0.9948966162731949,0.005103383726805107,0
0.9735976722848991,0.02640232771510086,0
0.5492320888904213,0.4507679111095787,0
0.48273973034832274,0.5172602696516773,0
0.025319230400375536,0.9746807695996245,0
0.9978509277117456,0.0021490722882544218,0
0.9726106426314668,0.027389357368533224,0
0.7732405405345038,0.2267594594654963,0
0.9088499725749888,0.09115002742501127,0
0.9896958615641993,0.01030413843580074,0
0.8754766934116446,0.12452330658835542,0
0.9781609400957789,0.021839059904221074,0
0.9885254583625975,0.011474541637402452,0
0.9893670538750831,0.0106329461249169,0
0.9867130428431768,0.013286957156823142,0
0.9962906125879628,0.0037093874120372157,0
0.9946352718449751,0.005364728155024886,0
0.5845193736155685,0.41548062638443156,0
0.996065053588251,0.0039349464117489335,0
0.9943151273984656,0.005684872601534381,0
0.350299208680507,0.649700791319493,0
0.8931741518462765,0.10682584815372351,0
0.995061744797882,0.004938255202118027,0
0.9560223957257179,0.04397760427428215,0
0.9955606286777531,0.004439371322246936,0
0.8843032104954316,0.11569678950456838,0
0.991192462820483,0.008807537179516975,0
0.9552449912832277,0.04475500871677233,0
0.9983991432733468,0.0016008567266532251,0
0.9381112699960605,0.06188873000393944,0
0.31000092627733744,0.6899990737226626,0
0.9864105459852411,0.013589454014758853,0
0.3241208942852669,0.6758791057147331,0
0.609676676549886,0.39032332345011406,0
0.29585408837287375,0.7041459116271263,0
0.34878716331780313,0.6512128366821969,0
0.7637643436029209,0.2362356563970791,0
0.9924196098398362,0.007580390160163772,0
0.6115659320964429,0.38843406790355706,0
0.12707058989975795,0.872929410100242,0
0.8852454316375986,0.11475456836240135,0
0.9769144213337989,0.023085578666201124,0
0.3755172320083616,0.6244827679916384,0
0.8003083817132599,0.19969161828674004,0
0.9444694582235876,0.05553054177641238,0
0.9801622441774733,0.019837755822526715,0
0.989177069316897,0.01082293068310301,0
0.5472781279703816,0.45272187202961844,0
0.976406797670087,0.023593202329912976,0
0.3042486042026805,0.6957513957973195,0
0.1878580893650289,0.8121419106349711,0
0.995396854338447,0.004603145661552995,0
0.9133089039979796,0.08669109600202046,0
0.9535424579189559,0.04645754208104414,0
0.042847832815150255,0.9571521671848497,0
0.8064587042985873,0.1935412957014126,0
0.12216228474894275,0.8778377152510572,0
0.28128794456359085,0.7187120554364091,0
0.14783770449502198,0.852162295504978,0
0.20123165828228962,0.7987683417177104,0
0.6953589941753171,0.30464100582468295,0
0.9489239307163592,0.05107606928364085,0
0.8967563894297093,0.10324361057029079,0
0.4808361285528988,0.5191638714471012,0
0.11691218629550204,0.883087813704498,0
0.911383687065588,0.08861631293441193,0
0.9406231303848294,0.059376869615170656,0
0.9973629041443626,0.002637095855637386,0
0.834913775870467,0.16508622412953297,0
0.9966357865828163,0.0033642134171837663,0
0.16744790175341873,0.8325520982465813,0
0.9439914456911214,0.056008554308878675,0
0.7405777710877491,0.25942222891225086,0
0.31826885271844185,0.6817311472815581,0
0.49680122556683015,0.5031987744331698,0
0.9844475737886782,0.015552426211321848,0
0.8782313567400719,0.12176864325992813,0
0.07566511428906486,0.9243348857109351,0
0.9917450433426104,0.008254956657389598,0
0.8191423612084495,0.18085763879155045,0
0.9979498950786161,0.002050104921383897,0
0.9876759873046441,0.012324012695355917,0
0.6695541929541617,0.3304458070458383,0
0.9920873434945725,0.007912656505427476,0
0.858574875172511,0.14142512482748903,0
0.9968814292891481,0.0031185707108518147,0
0.8922164834915602,0.10778351650843981,0
0.36363647393384846,0.6363635260661515,0
0.9981228107122457,0.0018771892877542816,0
0.9959344647956855,0.0040655352043144815,0
0.7801336250908739,0.21986637490912606,0
0.5898244926073293,0.41017550739267067,0
0.5872060408000581,0.41279395919994183,0
0.15098699231663681,0.8490130076833632,0
0.9790688166013424,0.020931183398657616,0
0.1144647051225699,0.8855352948774301,0
0.5092256160267323,0.4907743839732677,0
0.9259072218812068,0.07409277811879318,0
0.7876930482524637,0.21230695174753633,0
0.6783331929811314,0.3216668070188686,0
0.9912176211980642,0.008782378801935737,0
0.991484037750825,0.008515962249174952,0
0.210952972475964,0.789047027524036,0
0.9989488042984176,0.001051195701582458,0
0.9910640537765961,0.008935946223403903,0
0.9790574831523537,0.020942516847646298,0
0.9942911522498712,0.005708847750128802,0
0.9674740338210033,0.03252596617899674,0
0.9683931702638101,0.03160682973618989,0
0.6920349316706855,0.3079650683293144,0
0.988083510508283,0.01191648949171694,0
0.9974916728806796,0.002508327119320371,0
0.9850566638071611,0.014943336192838977,0
0.9761383815361521,0.023861618463847982,0
0.9596679618043004,0.040332038195699624,0
0.9972101383209744,0.0027898616790255916,0
0.5379746070081568,0.46202539299184314,0
0.9926732886146098,0.007326711385390239,0
0.8101704422680374,0.18982955773196258,0
0.9982734511828781,0.0017265488171218592,0
0.8134037582662671,0.18659624173373288,0
0.0283816549378485,0.9716183450621515,0
0.9940115888953052,0.00598841110469487,0
0.22765855335492968,0.7723414466450703,0
0.23956104917803123,0.7604389508219688,0
0.9713014695518938,0.028698530448106163,0
0.37157905400987534,0.6284209459901247,0
0.32124824803975005,0.67875175196025,0
0.585626994126188,0.41437300587381204,0
0.9972124942178672,0.002787505782132805,0
0.6701285623564124,0.32987143764358756,0
0.9244230415490661,0.07557695845093393,0
0.9639863782138558,0.0360136217861442,0
0.7968724960391157,0.2031275039608843,0
0.6084289511713058,0.3915710488286942,0
0.9768166727367775,0.023183327263222513,0
0.8285831654537247,0.17141683454627535,0
0.22284413009013138,0.7771558699098686,0
0.7864817166860938,0.21351828331390618,0
0.9939876600382113,0.006012339961788708,0
0.7436988075598365,0.2563011924401635,0
0.8642123764175343,0.13578762358246563,0
0.47524020191204996,0.52475979808795,0
0.47195520682418335,0.5280447931758167,0
0.9761115319594398,0.02388846804056027,0
0.13929214533054057,0.8607078546694594,0
0.7151468744849763,0.2848531255150237,0
0.0828064909177918,0.9171935090822082,0
0.9969219068406315,0.0030780931593685115,0
0.7737785467343543,0.22622145326564572,0
0.09970744059823344,0.9002925594017666,0
0.9619329943968539,0.03806700560314609,0
0.14654125620699765,0.8534587437930024,0
0.9397422785447017,0.0602577214552983,0
0.9976086783463162,0.002391321653683794,0
0.9967909653549499,0.0032090346450500684,0
0.996027467534363,0.003972532465636955,0
0.35862489330614733,0.6413751066938527,0
0.26924726466025617,0.7307527353397438,0
0.9124835916718058,0.0875164083281942,0
0.10981631613040055,0.8901836838695995,0
0.3343603892511854,0.6656396107488146,0
0.9161411462530741,0.0838588537469259,0
0.09744481037631547,0.9025551896236845,0
0.9780926802372574,0.021907319762742572,0
0.6126575107535328,0.38734248924646714,0
0.9895423318379909,0.01045766816200909,0
0.8633840028541732,0.13661599714582684,0
0.9032670659076029,0.09673293409239717,0
0.992141208529105,0.007858791470895016,0
0.9844372474531605,0.015562752546839498,0
0.666906995179048,0.33309300482095205,0
0.787461409082041,0.21253859091795904,0
0.9968174779470838,0.0031825220529162613,0
0.9598730726009245,0.04012692739907556,0
0.9715171341784214,0.028482865821578496,0
0.6988180919587923,0.30118190804120776,0
0.9517104293113674,0.04828957068863259,0
0.8261334025868645,0.17386659741313548,0
0.07412347723771828,0.9258765227622817,0
0.9979755070562225,0.002024492943777439,0
0.9949760093536122,0.0050239906463877635,0
0.9815722981328989,0.018427701867101028,0
0.9973376433901509,0.002662356609849107,0
0.9966950799795125,0.003304920020487552,0
0.2220524854471635,0.7779475145528365,0
0.9979174952922089,0.002082504707791101,0
0.3578078142755988,0.6421921857244012,0
0.9901059109417867,0.009894089058213353,0
0.9081024839615707,0.09189751603842936,0
0.10569989808056668,0.8943001019194333,0
0.3467292683187927,0.6532707316812073,0
0.4330945639470992,0.5669054360529008,0
0.9757843784622366,0.02421562153776339,0
0.38374429529631826,0.6162557047036817,0
0.9954996628369692,0.004500337163030756,0
0.9588194028268644,0.04118059717313556,0
0.8556627743254028,0.1443372256745972,0
0.5043659425725696,0.4956340574274304,0
0.9852780477819872,0.014721952218012778,0
0.9977685629166759,0.002231437083324106,0
0.9955567081774872,0.004443291822512753,0
0.9986419124368542,0.0013580875631457943,0
0.33255358604424323,0.6674464139557568,0
0.9875832631630334,0.012416736836966652,0
0.9508572884037596,0.0491427115962404,0
0.927060450092315,0.072939549907685,0
0.7449633558678901,0.25503664413210997,0
0.22945178190877769,0.7705482180912223,0
0.9333679290042438,0.06663207099575623,0
0.9841857112790957,0.015814288720904252,0
0.29990869427654676,0.7000913057234532,0
0.9635427244206215,0.036457275579378494,0
0.9809307914053093,0.019069208594690707,0
0.44509899790273266,0.5549010020972673,0
0.9960681178880687,0.00393188211193132,0
0.587994652438651,0.41200534756134893,0
0.9864708336302007,0.013529166369799239,0
0.1235318519495503,0.8764681480504497,0
0.9909873834602337,0.0090126165397663,0
0.6153160841147984,0.3846839158852016,0
0.9936489803583942,0.006351019641605736,0
0.9757868390883739,0.02421316091162601,0
0.9885050516237236,0.011494948376276383,0
0.9536676187472158,0.0463323812527842,0
0.6034666775524999,0.39653332244750006,0
0.9961686504317674,0.003831349568232643,0
0.8338135378908946,0.16618646210910532,0
0.9424574877775838,0.05754251222241619,0
0.9945475133718831,0.0054524866281168705,0
0.9071454126176262,0.09285458738237383,0
0.16115272090959376,0.8388472790904062,0
0.9508404404684014,0.04915955953159852,0
0.9598101769484857,0.04018982305151435,0
0.8524353527239535,0.14756464727604643,0
0.08929120516948208,0.9107087948305179,0
0.15130901392617369,0.8486909860738263,0
0.030094703404835776,0.9699052965951642,0
0.9909317094427321,0.009068290557267836,0
0.9848741112067725,0.015125888793227463,0
0.9974056220468477,0.0025943779531522647,0
0.2920258000889634,0.7079741999110366,0
0.05840389422994874,0.9415961057700513,0
0.9946200736892592,0.005379926310740772,0
0.9730589108483908,0.026941089151609147,0
0.9225308589875525,0.07746914101244752,0
0.5562874178528925,0.44371258214710757,0
0.27761848731004335,0.7223815126899567,0
0.5307228818604297,0.46927711813957024,0
0.9939556312826265,0.0060443687173734936,0
0.9700248707483087,0.02997512925169137,0
0.9984544836779121,0.0015455163220879202,0
0.06969652679418925,0.9303034732058107,0
0.609252986957387,0.390747013042613,0
0.9952856258123742,0.004714374187625753,0
0.6050471367458474,0.39495286325415263,0
0.9856319066865165,0.014368093313483592,0
0.9753707950677545,0.024629204932245543,0
0.9785852610614219,0.021414738938578155,0
0.992638976977859,0.007361023022141015,0
0.8127184914852827,0.1872815085147172,0
0.982169525848577,0.017830474151423067,0
0.6110390744933636,0.3889609255066364,0
0.26928423566783644,0.7307157643321636,0
0.05216862080610685,0.9478313791938932,0
0.6221753278506146,0.3778246721493854,0
0.8868141950187072,0.11318580498129287,0
0.622080909810204,0.37791909018979597,0
0.26204766761012543,0.7379523323898746,0
0.7242220089880185,0.2757779910119816,0
0.187336164991321,0.812663835008679,0
0.5630502164427027,0.43694978355729736,0
0.6597431399112431,0.3402568600887569,0
0.9878064914242375,0.012193508575762513,0
0.9903466573571434,0.009653342642856524,0
0.9923147547331648,0.007685245266835216,0
0.09115913287393818,0.9088408671260618,0
0.0518824463444193,0.9481175536555807,0
0.8569444214452862,0.14305557855471382,0
0.9074404604620201,0.0925595395379799,0
0.998524618324441,0.0014753816755590488,0
0.9939389973720801,0.006061002627919811,0
0.589260273175811,0.4107397268241891,0
0.9948717119987611,0.005128288001238884,0
0.8576430609610294,0.14235693903897062,0
0.6259367999348102,0.37406320006518984,0
0.8982568235612916,0.1017431764387085,0
0.9701615860098118,0.029838413990188155,0
0.07469580227019701,0.925304197729803,0
0.1979695594386115,0.8020304405613885,0
0.7919871757351621,0.20801282426483791,0
0.8417931310360838,0.15820686896391617,0
0.046485382722703306,0.9535146172772967,0
0.9277599830624673,0.07224001693753272,0
0.9880493964706518,0.011950603529348213,0
0.9976634266699507,0.002336573330049286,0
0.38279958447752893,0.6172004155224711,0
0.9490483776902685,0.05095162230973152,0
0.9965517226793499,0.0034482773206501436,0
0.9688063646073541,0.0311936353926459,0
0.9663845284405136,0.0336154715594864,0
0.952165583508434,0.04783441649156591,0
0.9966900145965858,0.003309985403414222,0
0.8472290389053444,0.15277096109465563,0
0.698906873515825,0.301093126484175,0
0.47810880059939853,0.5218911994006015,0
0.9400088690329014,0.0599911309670986,0
0.9911051872213186,0.00889481277868142,0
0.9824775100911125,0.017522489908887454,0
0.9862732650976761,0.0137267349023239,0
0.2103730525819587,0.7896269474180413,0
0.9906653578196655,0.009334642180334545,0
0.9797440455420726,0.020255954457927414,0
0.5444811001491461,0.455518899850854,0
0.9920453713882595,0.007954628611740407,0
0.9677058521904844,0.03229414780951561,0
0.7705640269872902,0.2294359730127098,0
0.17221029611455696,0.827789703885443,0
0.8611426865175389,0.1388573134824611,0
0.8818794610079514,0.11812053899204851,0
0.675377369185515,0.32462263081448495,0
0.9958821407491291,0.004117859250870966,0
0.982326615001761,0.017673384998238978,0
0.9974021389888689,0.0025978610111310973,0
0.8314159284701153,0.16858407152988475,0
0.9422080937673983,0.0577919062326017,0
0.36126090595982374,0.6387390940401763,0
0.9158580013274036,0.08414199867259638,0
0.9636130735507975,0.036386926449202474,0
0.8484696678694622,0.1515303321305378,0
0.8843354253116726,0.11566457468832737,0
0.2674363920466116,0.7325636079533884,0
0.9097846657969717,0.09021533420302827,0
0.5724315386836989,0.42756846131630116,0
0.37552196435784335,0.6244780356421566,0
0.9839093121100572,0.01609068788994281,0
0.9974281193592184,0.002571880640781602,0
0.9530722510458706,0.0469277489541294,0
0.9853075074482185,0.014692492551781556,0
0.4336497685685544,0.5663502314314456,0
0.9860888153188242,0.013911184681175776,0
0.2501143099870591,0.7498856900129409,0
0.9208383393026887,0.07916166069731133,0
0.21001003147478636,0.7899899685252136,0
0.9955991614709073,0.0044008385290927,0
0.8544339640664613,0.14556603593353862,0
0.31438563087115134,0.6856143691288487,0
0.7823163794042525,0.21768362059574758,0
0.9063591568037543,0.09364084319624566,0
0.18805285333775534,0.8119471466622447,0
0.3417611899163431,0.6582388100836569,0
0.30368758951790653,0.6963124104820935,0
0.3508569998164266,0.6491430001835734,0
0.44740127044546385,0.5525987295545361,0
0.9177494420021638,0.08225055799783619,0
0.912733629599731,0.087266370400269,0
0.13012660503405316,0.8698733949659468,0
0.994968114345541,0.005031885654458981,0
0.892998895449644,0.10700110455035601,0
0.2096329415354623,0.7903670584645377,0
0.5560963953789962,0.44390360462100376,0
0.21633125240475382,0.7836687475952462,0
0.9447583965212204,0.05524160347877956,0
0.9915688482871137,0.008431151712886352,0
0.6024502558187136,0.3975497441812864,0
0.5084688869100039,0.4915311130899961,0
0.9380886077981301,0.06191139220186997,0
0.9434780400231172,0.05652195997688285,0
0.24238033868611708,0.7576196613138829,0
0.9925645571044166,0.0074354428955833544,0
0.9967508561569494,0.003249143843050675,0
0.9769012748895464,0.023098725110453626,0
0.9710862264157363,0.028913773584263728,0
0.14301672352444572,0.8569832764755543,0
0.5738278073026156,0.4261721926973844,0
0.041299201777971195,0.9587007982220288,0
0.7865444660978855,0.2134555339021144,0
0.9872863296406431,0.012713670359356888,0
0.18804091643471887,0.8119590835652811,0
0.9423105443121746,0.05768945568782541,0
0.46607685385181963,0.5339231461481804,0
0.8024610406189157,0.19753895938108434,0
0.9937469487405493,0.00625305125945077,0
0.9816325452775976,0.018367454722402442,0
0.3747842126223243,0.6252157873776757,0
0.6164865356723563,0.3835134643276436,0
0.5451161928760727,0.4548838071239273,0
0.4750918971678204,0.5249081028321796,0
0.9978663545897726,0.0021336454102274696,0
0.7039894020709769,0.2960105979290231,0
0.5536362542063975,0.44636374579360244,0
0.6849823125006478,0.31501768749935216,0
0.962698239290401,0.03730176070959903,0
0.1820027518971754,0.8179972481028246,0
0.060962617152581555,0.9390373828474184,0
0.9707101781136853,0.02928982188631466,0
0.8599959396045422,0.14000406039545774,0
0.1722937470819662,0.8277062529180338,0
0.2830226626617657,0.7169773373382343,0
0.11982465965887668,0.8801753403411233,0
0.9647104346461133,0.035289565353886776,0
0.6140444379096975,0.38595556209030246,0
0.9683931702638101,0.03160682973618989,0
0.9936827871261522,0.006317212873847785,0
0.15167283102908513,0.8483271689709149,0
0.0866304740766255,0.9133695259233745,0
0.18221334726630678,0.8177866527336932,0
0.46402163490969583,0.5359783650903042,0
0.9845230867539978,0.015476913246002186,0
0.3969794491170574,0.6030205508829426,0
0.2966933793876172,0.7033066206123828,0
0.9163481105193838,0.08365188948061615,0
0.9989998231160926,0.0010001768839074507,0
0.9317747697668194,0.0682252302331806,0
0.11760126332166665,0.8823987366783334,0
0.01676419602898771,0.9832358039710123,0
0.9964669271040252,0.00353307289597478,0
0.7840222199478949,0.2159777800521051,0
0.0600377600550448,0.9399622399449552,0
0.7682776210388957,0.2317223789611043,0
0.2934806821968464,0.7065193178031536,0
0.9440632835304341,0.05593671646956594,0
0.7412459429936054,0.25875405700639464,0
0.390563942209858,0.609436057790142,0
0.5576516905362423,0.44234830946375764,0
0.9917167585942755,0.008283241405724485,0
0.19158283568510348,0.8084171643148965,0
0.9926054193692795,0.0073945806307205,0
0.7264406809627382,0.2735593190372618,0
0.9602863997250048,0.039713600274995126,0
0.13843261611000424,0.8615673838899958,0
0.947707028295102,0.05229297170489795,0
0.9794347142817929,0.020565285718207146,0
0.16827135033357365,0.8317286496664263,0
0.9407693120123549,0.05923068798764508,0
0.7349262365945868,0.2650737634054133,0
0.7246607529279924,0.27533924707200763,0
0.9223153125262571,0.07768468747374287,0
0.9745956758249141,0.025404324175085813,0
0.8167713963229295,0.1832286036770705,0
0.9294637403349845,0.07053625966501552,0
0.9602951093337877,0.039704890666212245,0
0.4827277992462601,0.5172722007537399,0
0.579853994494762,0.42014600550523795,0
0.9944070707069856,0.005592929293014365,0
0.166163154900417,0.833836845099583,0
0.2159372445465283,0.7840627554534717,0
0.857871326517209,0.142128673482791,0
0.9869829579890194,0.013017042010980608,0
0.9938994125424075,0.006100587457592449,0
0.2457582376029963,0.7542417623970037,0
0.7942092715632784,0.20579072843672164,0
0.9753953647034965,0.024604635296503436,0
0.20429424994362133,0.7957057500563787,0
0.9544887955678598,0.04551120443214016,0
0.9857828012859069,0.014217198714093063,0
0.8874988556027075,0.11250114439729249,0
0.36154006749559253,0.6384599325044075,0
0.8729062109146621,0.12709378908533786,0
0.22640594373987788,0.7735940562601221,0
0.34827907821480075,0.6517209217851992,0
0.9881792430811831,0.011820756918816937,0
0.99648084199016,0.003519158009840043,0
0.9682801610007221,0.03171983899927787,0
0.4117314254818134,0.5882685745181866,0
0.8902558696071671,0.1097441303928329,0
0.7834710371746072,0.21652896282539286,0
0.8053898563206967,0.19461014367930335,0
0.9883013115455493,0.011698688454450644,0
0.24865884004025363,0.7513411599597464,0
0.9838492556671135,0.016150744332886543,0
0.9312495363903154,0.0687504636096846,0
0.5792570472095782,0.42074295279042184,0
0.9225390915760071,0.07746090842399293,0
0.8915516579877462,0.10844834201225385,0
0.9675431869216282,0.03245681307837184,0
0.9884187481755261,0.011581251824473894,0
0.9924662350886603,0.007533764911339762,0
0.9760517671611944,0.023948232838805702,0
0.9873017529670645,0.01269824703293556,0
0.9594623172303259,0.04053768276967404,0
0.3381574547539502,0.6618425452460498,0
0.8553824752018391,0.14461752479816087,0
0.9294866835834512,0.07051331641654882,0
0.977566560493208,0.022433439506792018,0
0.9597083638160273,0.04029163618397268,0
0.566780137194526,0.43321986280547403,0
0.3150394072915741,0.6849605927084259,0
0.04138636821266539,0.9586136317873346,0
0.9884443436857406,0.011555656314259345,0
0.9976478190662498,0.0023521809337501815,0
0.9892008050992682,0.010799194900731755,0
0.8122128586691719,0.18778714133082808,0
0.12405157555769042,0.8759484244423096,0
0.9230909026053036,0.07690909739469638,0
0.6318612739324547,0.3681387260675453,0
0.4050150439205127,0.5949849560794873,0
0.1752577900907928,0.8247422099092072,0
0.9972473950109803,0.0027526049890197898,0
0.9239455318250911,0.07605446817490885,0
0.982190692401065,0.017809307598934985,0
0.6761899905154765,0.32381000948452354,0
0.9815568522802163,0.018443147719783753,0
0.03532139391666089,0.9646786060833391,0
0.9930082871720873,0.006991712827912694,0
0.9112294459602553,0.0887705540397447,0
0.3071383437515691,0.6928616562484309,0
0.9861653694313642,0.013834630568635735,0
0.22491053232080926,0.7750894676791907,0
0.9357986714491391,0.06420132855086086,0
0.9652428231874559,0.034757176812544095,0
0.9036345479170176,0.09636545208298242,0
0.19087702032335463,0.8091229796766454,0
0.13491493885159256,0.8650850611484074,0
0.348779723523407,0.651220276476593,0
0.8915276903837368,0.10847230961626322,0
0.981432787107423,0.01856721289257702,0
0.974026711457226,0.02597328854277402,0
0.02787340577230879,0.9721265942276912,0
0.03040900984317585,0.9695909901568242,0
0.5839656541276486,0.41603434587235144,0
0.34748604424035556,0.6525139557596444,0
0.9962182069011959,0.003781793098804097,0
0.8468318629221421,0.15316813707785798,0
0.28026876790490507,0.7197312320950949,0
0.9926781383688955,0.0073218616311045,0
0.9849958741743418,0.015004125825658285,0
0.9720275039097593,0.027972496090240686,0
0.9900994943131306,0.009900505686869352,0
0.9198867406560225,0.08011325934397748,0
0.2021681888998509,0.7978318111001491,0
0.461176267391722,0.538823732608278,0
0.5850267240030712,0.4149732759969288,0
0.41639821960754775,0.5836017803924523,0
0.92532487470755,0.07467512529245003,0
0.173609151692532,0.826390848307468,0
0.1317626959123951,0.8682373040876049,0
0.10711602952928678,0.8928839704707132,0
0.5786721233319914,0.4213278766680087,0
0.18403566729161314,0.8159643327083869,0
0.6918977274114102,0.30810227258858985,0
0.8680356211765194,0.13196437882348053,0
0.10858100077236965,0.8914189992276303,0
0.09578764778184001,0.90421235221816,0
0.7546530551636947,0.2453469448363053,0
0.9909312022045713,0.009068797795428709,0
0.9662917806678315,0.033708219332168464,0
0.9132429173144399,0.08675708268556014,0
0.0893572432118831,0.9106427567881169,0
0.2404574961556668,0.7595425038443332,0
0.9625993483659037,0.0374006516340963,0
0.9361648396354355,0.06383516036456449,0
0.9947866331303172,0.0052133668696827205,0
0.12596545531098902,0.874034544689011,0
0.9767181974346755,0.02328180256532448,0
0.9837017621783283,0.01629823782167174,0
0.5875896354707159,0.41241036452928415,0
0.9877396767692341,0.012260323230765813,0
0.4027760957131895,0.5972239042868105,0
0.4979746913742711,0.5020253086257289,0
0.9779423337439802,0.022057666256019837,0
0.9910368104143235,0.008963189585676507,0
0.25555163078748633,0.7444483692125137,0
0.7382951393949033,0.2617048606050966,0
0.9859694341917845,0.014030565808215477,0
0.8591693601250212,0.14083063987497876,0
0.36214273899892413,0.6378572610010759,0
0.9957129458816096,0.004287054118390417,0
0.8480243357237773,0.1519756642762226,0
0.016450537881828153,0.9835494621181718,0
0.9493582046458809,0.0506417953541191,0
0.9144884692588557,0.0855115307411442,0
0.0998782685547126,0.9001217314452874,0
0.11822596172172439,0.8817740382782756,0
0.9546304193619655,0.04536958063803455,0
0.98533032145275,0.014669678547249978,0
0.38884919696790876,0.6111508030320912,0
0.9974413408479499,0.0025586591520501017,0
0.99604316586162,0.003956834138380024,0
0.06862482781687673,0.9313751721831233,0
0.9959899834718178,0.004010016528182177,0
0.6104789838149114,0.3895210161850886,0
0.1375589081818105,0.8624410918181895,0
0.44162529774226345,0.5583747022577366,0
0.8221412889853623,0.17785871101463768,0
0.9816530210081604,0.01834697899183952,0
0.9941398245653915,0.005860175434608532,0
0.7705035723744168,0.22949642762558323,0
0.9940749253667989,0.005925074633201083,0
0.8987066953046635,0.10129330469533651,0
0.9734152183571082,0.026584781642891745,0
0.26181399348404977,0.7381860065159502,0
0.9722042158751326,0.02779578412486739,0
0.48032010694760374,0.5196798930523963,0
0.6431791918417985,0.3568208081582015,0
0.09008530642665125,0.9099146935733488,0
0.3107424259789767,0.6892575740210233,0
0.9899529099791649,0.010047090020835122,0
0.9534950551664758,0.04650494483352414,0
0.08932781545531754,0.9106721845446825,0
0.964552574874629,0.035447425125370996,0
0.984958605721061,0.015041394278939059,0
0.2067547772510162,0.7932452227489838,0
0.9792923145275421,0.020707685472457955,0
0.07237325920936855,0.9276267407906315,0
0.9904119116414765,0.00958808835852356,0
0.6810568777759092,0.3189431222240909,0
0.6179077687736831,0.3820922312263169,0
0.3776083294866692,0.6223916705133308,0
0.6047434330053959,0.3952565669946041,0
0.8918765139559935,0.10812348604400644,0
0.4258918086348945,0.5741081913651055,0
0.9956592681569585,0.0043407318430415546,0
0.9927091987214353,0.007290801278564698,0
0.3966360424152179,0.6033639575847821,0
0.8932992451941422,0.10670075480585783,0
0.991925118820855,0.008074881179145031,0
0.9842014738402536,0.01579852615974641,0
0.9753340239501315,0.024665976049868577,0
0.31000092627733744,0.6899990737226626,0
0.3122198522648155,0.6877801477351845,0
0.9626767669696871,0.03732323303031291,0
0.9019613750235527,0.09803862497644733,0
0.9931360820038816,0.006863917996118443,0
0.9282176512149612,0.07178234878503878,0
0.9875771437987776,0.012422856201222363,0
0.961121562467927,0.03887843753207304,0
0.6880902452624043,0.3119097547375957,0
0.10804280051148418,0.8919571994885158,0
0.9928189420135457,0.007181057986454252,0
0.600346579275441,0.399653420724559,0
0.3945926394872088,0.6054073605127912,0
0.965493635175237,0.03450636482476304,0
0.9485258185938273,0.05147418140617267,0
0.5293171145530207,0.47068288544697934,0
0.9309032259948418,0.06909677400515826,0
0.890976909931213,0.10902309006878702,0
0.4821898272092454,0.5178101727907546,0
0.9674419525022253,0.032558047497774634,0
0.8749620450026736,0.12503795499732642,0
0.9779962380601052,0.02200376193989484,0
0.31192639495199115,0.6880736050480089,0
0.9299339909623668,0.07006600903763317,0
0.07795123689884509,0.9220487631011549,0
0.9817395479223937,0.018260452077606296,0
0.9854674684459174,0.014532531554082666,0
0.09611177128428638,0.9038882287157136,0
0.9938366993770179,0.006163300622982112,0
0.9030194237828726,0.09698057621712736,0
0.9502794040441844,0.04972059595581559,0
0.9878194255813697,0.012180574418630258,0
0.3654323491135135,0.6345676508864865,0
0.8088372702080207,0.1911627297919794,0
0.9866819962633522,0.01331800373664782,0
0.9793984330160974,0.020601566983902565,0
0.8550976652072326,0.14490233479276735,0
0.6435501603604075,0.35644983963959254,0
0.8471268452220581,0.15287315477794197,0
0.97560877235109,0.02439122764890994,0
0.9941393124314608,0.005860687568539156,0
0.5428098791472125,0.4571901208527876,0
0.9945440548720615,0.005455945127938402,0
0.612400613568103,0.38759938643189695,0
0.9967666752277582,0.0032333247722417797,0
0.9871468933074997,0.01285310669250027,0
0.9804423015423406,0.01955769845765945,0
0.9102449999451461,0.08975500005485394,0
0.09716123429612356,0.9028387657038764,0
0.7004431663226671,0.2995568336773329,0
0.46246206620034946,0.5375379337996505,0
0.976065103709549,0.023934896290450976,0
0.6029418323222944,0.3970581676777056,0
0.34958850776309713,0.6504114922369029,0
0.997648541269504,0.0023514587304960775,0
0.9973850463924882,0.0026149536075118275,0
0.9956592681569585,0.0043407318430415546,0
0.4780669391874819,0.5219330608125181,0
0.9586470246738118,0.04135297532618818,0
0.5495592248800866,0.45044077511991343,0
0.9944621313685196,0.005537868631480369,0
0.12553802676769954,0.8744619732323005,0
0.8423080539898676,0.15769194601013237,0
0.12336065559028886,0.8766393444097111,0
0.892945048590306,0.10705495140969404,0
0.08700119222925295,0.912998807770747,0
0.6648158967161539,0.3351841032838461,0
0.9770545899933256,0.022945410006674355,0
0.7683062155116562,0.2316937844883438,0
0.20942630892003222,0.7905736910799678,0
0.43041030353378085,0.5695896964662192,0
0.9831193060173539,0.016880693982646165,0
0.976451804523836,0.02354819547616403,0
0.9918853341513993,0.008114665848600634,0
0.21141345106448184,0.7885865489355182,0
0.9972678184370068,0.002732181562993117,0
0.47176523253851455,0.5282347674614855,0
0.5633235987788141,0.4366764012211859,0
0.7885277304368014,0.21147226956319864,0
0.3426359330817056,0.6573640669182944,0
0.988125866633587,0.011874133366412918,0
0.5043593982460388,0.4956406017539612,0
0.9951495535391424,0.004850446460857651,0
0.48763859714124846,0.5123614028587515,0
0.994247407936138,0.005752592063861984,0
0.9690035737729819,0.030996426227018203,0
0.9918139068609538,0.008186093139046164,0
0.9141773300690338,0.08582266993096617,0
0.6164745841385946,0.3835254158614055,0
0.9623137688913688,0.03768623110863119,0
0.9656264938351038,0.03437350616489625,0
0.9846668332750645,0.015333166724935404,0
0.8910885289090087,0.10891147109099136,0
0.859368561117159,0.14063143888284105,0
0.9745945196814918,0.025405480318508245,0
0.9179306463085313,0.08206935369146873,0
0.9246832943565428,0.07531670564345712,0
0.897865796793931,0.10213420320606909,0
0.7260883051614835,0.2739116948385166,0
0.9979541703675582,0.0020458296324418,0
0.8156987120924766,0.18430128790752337,0
0.988318373754496,0.011681626245503946,0
0.9750926517855469,0.024907348214453104,0
0.9925758219122716,0.007424178087728439,0
0.8633488974220402,0.1366511025779598,0
0.9512461493923967,0.048753850607603254,0
0.29486172219249007,0.7051382778075099,0
0.7047969831415213,0.2952030168584788,0
0.782744226800485,0.21725577319951497,0
0.3029007997171712,0.6970992002828288,0
0.993056643523101,0.006943356476899058,0
0.9464494414232727,0.053550558576727345,0
0.9838116984056589,0.016188301594341144,0
0.9287438466209099,0.07125615337909004,0
0.9903363328092125,0.009663667190787501,0
0.9717332740247407,0.02826672597525922,0
0.832851877022849,0.16714812297715098,0
0.7519689306244487,0.24803106937555128,0
0.9948847410595199,0.0051152589404801895,0
0.22538523280615796,0.774614767193842,0
0.944649346387747,0.05535065361225297,0
0.17736035699796382,0.8226396430020362,0
0.31796645131496737,0.6820335486850326,0
0.9941822022376603,0.005817797762339684,0
0.8947887331779406,0.10521126682205935,0
0.993878336500681,0.006121663499319003,0
0.8427908517758802,0.15720914822411974,0
0.14847735296307185,0.8515226470369281,0
0.8082076660781385,0.1917923339218615,0
0.9268414517091146,0.07315854829088546,0
0.9410366594128222,0.05896334058717773,0
0.9525117241962705,0.04748827580372948,0
0.569700990986852,0.430299009013148,0
0.9817740948191912,0.01822590518080879,0
0.9975238230136407,0.0024761769863593038,0
0.9987917265658098,0.0012082734341902104,0
0.8418044793916002,0.15819552060839984,0
0.9883525692300107,0.011647430769989258,0
0.6270715021268527,0.37292849787314725,0
0.6148963667300407,0.38510363326995933,0
0.9858394074510637,0.014160592548936307,0
0.5791379643813708,0.4208620356186293,0
0.31579220251123263,0.6842077974887674,0
0.9909911240925171,0.009008875907482894,0
0.4409850723861344,0.5590149276138656,0
0.5968090563952667,0.4031909436047333,0
0.996176109416356,0.0038238905836439204,0
0.986588683296831,0.013411316703169026,0
0.9857694111400188,0.014230588859981134,0
0.9972240338962399,0.0027759661037600946,0
0.994722147305427,0.005277852694573078,0
0.9320653724631953,0.06793462753680463,0
0.06264561373306232,0.9373543862669377,0
0.7873184539570546,0.21268154604294542,0
0.314183518439889,0.685816481560111,0
0.8453018483018548,0.1546981516981451,0
0.9440205059224124,0.055979494077587635,0
0.31559223601013375,0.6844077639898662,0
0.938868399801906,0.061131600198094,0
0.9889375933560879,0.011062406643912061,0
0.9475034527649072,0.05249654723509274,0
0.9948943988959549,0.005105601104045109,0
0.9551724975804703,0.04482750241952976,0
0.9612173935248983,0.03878260647510165,0
0.9912853387475552,0.008714661252444822,0
0.06498310688668563,0.9350168931133144,0
0.9063031760556145,0.09369682394438553,0
0.7886907912264127,0.21130920877358722,0
0.984847193516281,0.015152806483718945,0
0.03346568820215168,0.9665343117978483,0
0.8948086544614925,0.10519134553850752,0
0.3141641145197607,0.6858358854802393,0
0.06600382614250322,0.9339961738574968,0
0.9811117798730212,0.018888220126978824,0
0.9730983066339076,0.026901693366092418,0
0.9964118201816491,0.0035881798183508905,0
0.6357620113995925,0.3642379886004075,0
0.44275868996391465,0.5572413100360853,0
0.9945071178034982,0.005492882196501783,0
0.9634792051355323,0.03652079486446771,0
0.9977782929036565,0.0022217070963435185,0
0.763411512897126,0.23658848710287397,0
0.5380946530934266,0.46190534690657337,0
0.1681991558304451,0.8318008441695549,0
0.9933248940570069,0.00667510594299312,0
0.933063013795359,0.06693698620464096,0
0.9692642484321317,0.03073575156786839,0
0.986561758709278,0.013438241290722007,0
0.23977750043178248,0.7602224995682175,0
0.9903125576071288,0.009687442392871254,0
0.114168305690455,0.885831694309545,0
0.9955157234245198,0.004484276575480202,0
0.9107314620141705,0.08926853798582947,0
0.22704287766227416,0.7729571223377258,0
0.9133220838916948,0.0866779161083052,0
0.9978184518887709,0.0021815481112290556,0
0.9003982448385363,0.09960175516146376,0
0.9979568465170552,0.0020431534829448124,0
0.08686065274908539,0.9131393472509146,0
0.9458470004416443,0.054152999558355765,0
0.6447607653428844,0.3552392346571156,0
0.9882848967979427,0.011715103202057285,0
0.1569506550125589,0.8430493449874411,0
0.9552084011046066,0.044791598895393386,0
0.9592605171439514,0.04073948285604851,0
0.9938111249620492,0.00618887503795081,0
0.3942780688873485,0.6057219311126515,0
0.9697992979584272,0.0302007020415728,0
0.9659844580465481,0.03401554195345187,0
0.9936365407477453,0.0063634592522546505,0
0.9665873724062218,0.033412627593778194,0
0.9842630902589126,0.015736909741087383,0
0.9964495049034386,0.0035504950965614085,0
0.9880897024442467,0.011910297555753345,0
0.12293343733773998,0.87706656266226,0
0.3979649491471907,0.6020350508528093,0
0.3047830903599881,0.6952169096400119,0
0.6272628077041804,0.3727371922958196,0
0.6816042350360836,0.31839576496391647,0
0.803383627290638,0.19661637270936205,0
0.6973383563919371,0.30266164360806286,0
0.8659765344376948,0.13402346556230518,0
0.9622796985946964,0.03772030140530355,0
0.8590534608253387,0.14094653917466124,0
0.9581150444213481,0.04188495557865195,0
0.9956921006073632,0.004307899392636789,0
0.8989902411632419,0.10100975883675807,0
0.894973340312541,0.10502665968745892,0
0.8840055241679936,0.11599447583200638,0
0.978445360427451,0.021554639572549047,0
0.4512627197042931,0.5487372802957069,0
0.9930207285510753,0.006979271448924729,0
0.9641375808021161,0.03586241919788394,0
0.9994887697482556,0.0005112302517443751,0
0.12141822494071475,0.8785817750592853,0
0.9910491419153145,0.008950858084685492,0
0.9654636188994804,0.0345363811005196,0
0.9918647419644907,0.008135258035509338,0
0.025283166331147577,0.9747168336688524,0
0.05816367085783625,0.9418363291421638,0
0.9772997734212168,0.022700226578783258,0
0.9982702357980402,0.0017297642019597755,0
0.06547216058780303,0.934527839412197,0
0.32902322901117587,0.6709767709888241,0
0.16127216269794098,0.838727837302059,0
0.8812854047133345,0.11871459528666546,0
0.46028357823947463,0.5397164217605254,0
0.718078551216129,0.2819214487838711,0
0.9900773454798897,0.009922654520110367,0
0.0860004527329361,0.9139995472670639,0
0.9074855981557963,0.09251440184420366,0
0.687109659129495,0.31289034087050505,0
0.26969827888647724,0.7303017211135228,0
0.9658983638220541,0.03410163617794597,0
0.9766519566812932,0.023348043318706806,0
0.9910350326480726,0.008964967351927445,0
0.9935223423868669,0.0064776576131330725,0
0.28811316097805606,0.7118868390219439,0
0.972122819174001,0.027877180825999045,0
0.9921597682407705,0.007840231759229575,0
0.7299664690200653,0.2700335309799346,0
0.8672889300447966,0.13271106995520343,0
0.9963173374868591,0.0036826625131408143,0
0.9958130062963881,0.004186993703611813,0
0.2812742773497291,0.7187257226502709,0
0.9220231120899628,0.0779768879100372,0
0.9818713307402693,0.018128669259730713,0
0.3419534630210359,0.6580465369789641,0
0.9729037921690856,0.027096207830914373,0
0.9244355523167072,0.0755644476832928,0
0.9778855343584236,0.022114465641576393,0
0.668224264323472,0.33177573567652796,0
0.9019043427760396,0.0980956572239604,0
0.9754258367824045,0.024574163217595583,0
0.9932677272135021,0.0067322727864979,0
0.9841567641598722,0.015843235840127822,0
0.7013324684473483,0.29866753155265163,0
0.8914288925012537,0.10857110749874638,0
0.9874887342570314,0.012511265742968571,0
0.10177082102138502,0.898229178978615,0
0.9951941569621326,0.0048058430378673895,0
0.8477579389922167,0.15224206100778329,0
0.6577475611129879,0.34225243888701207,0
0.1321969731359347,0.8678030268640653,0
0.9979357502279975,0.0020642497720024717,0
0.032148913577099036,0.967851086422901,0
0.8998977643558117,0.10010223564418834,0
0.41665143239896363,0.5833485676010364,0
0.7056576983540034,0.2943423016459966,0
0.5110438988726779,0.48895610112732213,0
0.9958656304925773,0.004134369507422759,0
0.9853913425552218,0.014608657444778291,0
0.9620363534264254,0.03796364657357469,0
0.7550851292100136,0.2449148707899864,0
0.9551353335865734,0.044864666413426554,0
0.034227366505789836,0.9657726334942102,0
0.1437289643377877,0.8562710356622123,0
0.7961009714267878,0.2038990285732122,0
0.18157471515246482,0.8184252848475352,0
0.991182934598408,0.008817065401591998,0
0.979945332519132,0.02005466748086802,0
0.7968556041734733,0.20314439582652663,0
0.9051330873835166,0.09486691261648338,0
0.9942962314460442,0.00570376855395582,0
0.04498646066782297,0.955013539332177,0
0.8750482916824887,0.12495170831751139,0
0.588455647034106,0.411544352965894,0
0.9574257849000785,0.0425742150999216,0
0.6181946567730334,0.3818053432269665,0
0.9512962176084735,0.04870378239152653,0
0.1647661877816271,0.8352338122183729,0
0.9699680675911226,0.030031932408877325,0
0.08932781545531754,0.9106721845446825,0
0.9924048595866105,0.007595140413389536,0
0.9573485562759105,0.04265144372408942,0
0.4999609147854843,0.5000390852145157,0
0.996899076192479,0.0031009238075210203,0
0.6560959278187779,0.34390407218122204,0
0.1519313908645995,0.8480686091354005,0
0.5957994245141651,0.40420057548583493,0
0.9692417533357065,0.030758246664293457,0
0.9902960813163186,0.00970391868368132,0
0.9957263569773627,0.004273643022637302,0
0.9963866143272664,0.0036133856727336607,0
0.9796330891081239,0.020366910891876158,0
0.9361673963478774,0.0638326036521226,0
0.3265875724941104,0.6734124275058896,0
0.9636764775197947,0.036323522480205345,0
0.9945586416755774,0.005441358324422558,0
0.3544228736484272,0.6455771263515728,0
0.3073345637308318,0.6926654362691682,0
0.1276459042159349,0.8723540957840651,0
0.8479279519749281,0.15207204802507193,0
0.3541687791293052,0.6458312208706948,0
0.9787601109468144,0.021239889053185582,0
0.9899722298485747,0.01002777015142527,0
0.891906946151006,0.10809305384899405,0
0.9471400421824305,0.05285995781756949,0
0.9972768957624255,0.002723104237574516,0
0.8564571289181734,0.14354287108182665,0
0.08218278346834074,0.9178172165316593,0
0.8809664211148657,0.1190335788851343,0
0.9027020573097254,0.09729794269027457,0
0.16561573447365963,0.8343842655263404,0
0.8445345721360376,0.1554654278639624,0
0.7888240544993482,0.21117594550065175,0
0.6790112799950556,0.32098872000494444,0
0.9951281281662768,0.004871871833723152,0
0.9592365249617614,0.04076347503823863,0
0.8618552291817955,0.13814477081820453,0
