prob_class_0,prob_class_1,true_label
0.9407217,0.059278343,1
0.96524465,0.034755383,1
0.99657214,0.0034279097,0
0.9983581,0.0016419542,0
0.9977028,0.002297266,0
0.9981406,0.001859401,0
0.9986498,0.0013501869,0
0.99865437,0.0013455707,0
0.99847716,0.0015228384,0
0.9984707,0.0015292693,0
0.9173581,0.08264187,1
0.88502455,0.11497541,1
0.9060796,0.09392047,1
0.9984598,0.0015402217,0
0.9986707,0.0013292655,0
0.9729217,0.027078265,1
0.87646997,0.123530105,1
0.87557524,0.124424726,1
0.8373347,0.16266532,1
0.8747763,0.12522367,1
0.8767249,0.12327513,1
0.99863714,0.0013628847,0
0.99815375,0.0018462464,0
0.61338204,0.38661796,1
0.73707974,0.26292023,1
0.7534477,0.24655224,1
0.7466224,0.2533776,1
0.095084295,0.9049157,1
0.009064973,0.990935,1
0.9287717,0.0712283,0
0.71856594,0.28143406,0
0.99734974,0.0026502523,0
0.99761,0.0023900168,0
0.7292671,0.27073285,0
0.10571836,0.8942817,0
0.9274758,0.07252417,0
0.970587,0.02941296,0
0.42503375,0.57496625,0
0.98341364,0.016586324,0
0.9876556,0.012344465,0
0.9865296,0.013470391,0
0.7596653,0.2403347,1
0.7493497,0.2506503,1
0.1647962,0.83520377,1
0.9977055,0.0022945474,0
0.9752734,0.024726622,0
0.96872866,0.03127133,0
0.9741018,0.025898216,0
0.98604184,0.013958111,0
0.9972107,0.002789324,0
0.99406946,0.005930603,0
0.8494089,0.15059109,0
0.006667301,0.9933327,1
0.0044427766,0.99555725,1
0.003076696,0.99692327,1
0.005223811,0.9947761,1
0.0057446742,0.99425536,1
0.011424973,0.98857504,1
0.18383978,0.8161602,0
0.9736119,0.026388142,0
0.16711444,0.8328855,0
0.008436141,0.9915638,1
0.0080325985,0.9919674,1
0.008471735,0.9915283,1
0.010816535,0.9891834,1
0.070864946,0.9291351,0
0.07315295,0.92684704,0
0.07629648,0.92370355,0
0.7563619,0.24363811,0
0.06541734,0.93458265,0
0.04033968,0.95966035,0
0.04129126,0.9587088,0
0.04392152,0.9560785,0
0.009393645,0.9906063,1
0.0801221,0.91987795,1
0.09504398,0.9049561,1
0.73429644,0.26570353,0
0.089017965,0.9109821,0
0.40798423,0.5920158,0
0.36758134,0.6324187,0
0.08669469,0.91330534,0
0.10060018,0.8993999,0
0.04252231,0.95747775,1
0.08940734,0.9105926,1
0.6998916,0.30010837,0
0.23249406,0.76750594,0
0.019451972,0.980548,1
0.00721864,0.99278134,1
0.006867065,0.993133,1
0.007128408,0.9928716,1
0.00832519,0.99167484,1
0.021291276,0.9787087,1
0.024183147,0.9758169,1
0.05112156,0.9488784,0
0.07143087,0.92856914,1
0.21315995,0.78684,0
0.12068992,0.87931013,0
0.17842631,0.82157373,0
0.043978974,0.95602095,1
0.06073109,0.93926895,1
0.07410164,0.9258984,1
0.20067807,0.79932195,1
0.4113856,0.58861446,0
0.3578303,0.6421697,0
0.99652463,0.0034753343,0
0.9986135,0.0013865134,0
0.99867576,0.0013241796,0
0.75005376,0.24994622,0
0.06773711,0.9322629,1
0.34523454,0.6547655,0
0.40383935,0.59616065,0
0.99725753,0.0027425496,0
0.9981154,0.0018846008,0
0.9850272,0.014972803,0
0.06695311,0.9330468,1
0.007304483,0.99269557,1
0.85645765,0.1435423,0
0.0045272387,0.9954727,1
0.006259961,0.9937401,1
0.0036565268,0.99634343,1
0.004127401,0.99587256,1
0.11652989,0.8834701,1
0.07208547,0.9279145,1
0.074841425,0.92515856,1
0.08823168,0.9117684,1
0.2047741,0.79522586,0
0.9390584,0.060941607,0
0.029003993,0.97099596,1
0.032450356,0.9675496,1
0.040088937,0.95991105,1
0.030946085,0.96905386,1
0.09214023,0.9078598,0
0.07096274,0.9290372,1
0.19694144,0.8030586,0
0.9940308,0.0059692115,0
0.9953702,0.0046297885,0
0.73232394,0.2676761,0
0.036913812,0.9630862,1
0.030886555,0.9691134,1
0.008937321,0.99106264,1
0.044758324,0.95524174,1
0.04943443,0.9505656,1
0.048106335,0.9518937,1
0.04524288,0.95475715,1
0.037871204,0.9621288,1
0.08202203,0.9179779,1
0.08539841,0.9146016,1
0.08882301,0.911177,1
0.21025844,0.7897416,0
0.99858034,0.0014196612,0
0.99819607,0.0018039312,0
0.09481762,0.9051824,0
0.99644476,0.0035552208,0
0.9973563,0.002643729,0
0.1174989,0.8825011,1
0.0604441,0.93955594,1
0.99651515,0.0034847665,0
0.9971788,0.0028212443,0
0.025795825,0.9742042,1
0.018553661,0.9814463,1
0.10518172,0.89481825,1
0.041470658,0.95852935,1
0.9983923,0.0016076863,0
0.99838114,0.0016189066,0
0.9236366,0.07636335,0
0.023840943,0.97615904,1
0.09518858,0.90481144,1
0.06984829,0.93015176,1
0.7218538,0.2781462,0
0.007247282,0.9927528,1
0.033863124,0.9661369,1
0.036913697,0.9630863,1
0.13119197,0.86880803,0
0.08024876,0.9197513,0
0.07314351,0.92685646,0
0.13623533,0.8637647,0
0.08935492,0.9106451,0
0.06217982,0.93782014,1
0.08950942,0.9104906,0
0.3060146,0.6939854,0
0.7057435,0.2942566,0
0.22459732,0.7754026,0
0.09910736,0.9008927,0
0.02027122,0.97972876,1
0.08531933,0.9146807,0
0.14574033,0.85425967,0
0.008210749,0.9917892,1
0.034605887,0.96539414,1
0.03773862,0.9622614,1
0.039701656,0.9602983,1
0.9680369,0.031963084,0
0.06980561,0.9301944,0
0.009360877,0.9906391,1
0.010778079,0.98922193,1
0.007906438,0.9920935,1
0.048037216,0.9519627,0
0.08827705,0.91172296,0
0.6125653,0.38743472,0
0.7201182,0.27988178,0
0.7208446,0.2791554,0
0.953707,0.046292998,0
0.9838049,0.016195174,0
0.9286451,0.07135494,0
0.94162524,0.058374774,0
0.98409075,0.015909273,0
0.9792022,0.020797819,0
0.996772,0.003228006,0
0.99678254,0.003217492,0
0.99786085,0.0021391434,0
0.9973557,0.0026443705,0
0.99596244,0.004037579,0
0.13488269,0.8651173,1
0.99643123,0.0035687415,0
0.4043999,0.59560007,1
0.50592995,0.49407005,1
0.7315074,0.26849264,1
0.7252785,0.2747215,1
0.7176482,0.28235176,1
0.9981066,0.0018934421,0
0.9977549,0.0022451216,0
0.9978917,0.0021082808,0
0.9981363,0.0018637025,0
0.39659187,0.6034081,1
0.9984529,0.0015470837,0
0.9985688,0.0014312097,0
0.9985586,0.0014413807,0
0.998528,0.0014719301,0
0.998511,0.0014889656,0
0.9985084,0.0014915314,0
0.9985012,0.0014988219,0
0.9985195,0.0014804727,0
0.8451456,0.15485449,0
0.99808514,0.0019148535,0
0.99795806,0.0020419173,0
0.99758863,0.0024114216,0
0.9959259,0.0040741446,0
0.9974667,0.0025333636,0
0.9983695,0.0016305505,0
0.99861956,0.0013803835,0
0.75551796,0.24448201,1
0.6308321,0.36916798,1
0.06499784,0.9350022,1
0.99835664,0.0016433836,0
0.0509228,0.94907725,1
0.089914866,0.91008514,1
0.998245,0.0017550489,0
0.99818087,0.001819188,0
0.99780196,0.0021980489,0
0.9977992,0.0022007716,0
0.9971142,0.0028858134,0
0.99756634,0.0024337396,0
0.9986621,0.0013379265,0
0.9985329,0.0014671205,0
0.025752904,0.97424716,1
0.9947307,0.005269268,0
0.99601376,0.00398627,0
0.9971487,0.0028512797,0
0.83818775,0.16181232,0
0.9153799,0.08462011,0
0.9149307,0.08506931,0
0.9014626,0.098537385,0
0.9068847,0.093115285,0
0.9633638,0.036636163,0
0.9515852,0.04841484,0
0.5529171,0.44708282,1
0.8875261,0.11247396,0
0.9343459,0.06565412,0
0.6163507,0.38364932,1
0.99099404,0.009005991,0
0.96618074,0.03381927,0
0.9300571,0.06994288,0
0.92722946,0.072770566,0
0.7331367,0.26686335,1
0.7383126,0.2616874,1
0.9985875,0.0014125872,0
0.65395147,0.34604853,1
0.99758375,0.0024162417,0
0.97477347,0.025226526,0
0.9789829,0.021017117,0
0.9799209,0.020079143,0
0.97919285,0.020807128,0
0.9908894,0.009110628,0
0.99820256,0.0017973976,0
0.9978676,0.0021324037,0
0.9975231,0.0024769104,0
0.9750185,0.024981488,0
0.9868406,0.013159424,0
0.9985917,0.0014082004,0
0.9425367,0.05746329,0
0.997647,0.0023530517,0
0.9943745,0.005625481,0
0.9982488,0.0017512352,0
0.9914384,0.008561555,0
0.99702924,0.0029707896,0
0.33595055,0.6640495,1
0.5238427,0.4761573,1
0.99441385,0.005586096,0
0.29589334,0.7041066,1
0.9976586,0.0023414276,0
0.76748043,0.23251954,0
0.91666514,0.08333488,0
0.85268617,0.14731385,0
0.88996065,0.11003935,0
0.38516977,0.61483026,1
0.14536251,0.8546375,1
0.040454004,0.95954597,1
0.9985012,0.0014988297,0
0.39576942,0.6042306,1
0.99852717,0.0014728556,0
0.023203561,0.97679645,1
0.9982644,0.0017356483,0
0.9960562,0.0039438386,0
0.99727803,0.0027219793,0
0.8653731,0.134627,0
0.99833786,0.001662109,0
0.9984799,0.0015200488,0
0.9984413,0.001558755,0
0.06391937,0.93608063,1
0.9954627,0.0045372667,0
0.9957467,0.0042533004,0
0.9956976,0.0043024104,0
0.99599177,0.0040081968,0
0.9937018,0.0062982473,0
0.7779123,0.2220877,0
0.7541706,0.24582934,0
0.0044818763,0.99551815,1
0.0031153357,0.99688464,1
0.0031297838,0.9968702,1
0.7747479,0.22525205,0
0.99275017,0.007249814,0
0.82329494,0.17670509,0
0.26504305,0.7349569,0
0.9908708,0.009129204,0
0.026106482,0.97389346,1
0.20582055,0.79417944,1
0.016778449,0.98322153,1
0.020476472,0.97952354,1
0.49137688,0.5086232,0
0.47928762,0.5207123,0
0.52063835,0.47936165,0
0.70607805,0.29392198,0
0.6800802,0.31991988,0
0.48163444,0.5183656,0
0.02786338,0.9721367,1
0.007342635,0.99265736,1
0.03276281,0.9672372,1
0.041297268,0.95870274,1
0.008622604,0.99137735,1
0.008430495,0.9915696,1
0.018241199,0.98175883,1
0.15017423,0.84982574,0
0.99851495,0.0014850348,0
0.16922769,0.83077234,0
0.106018774,0.8939813,0
0.08255042,0.91744953,0
0.089983374,0.91001666,0
0.08863411,0.91136587,0
0.09014872,0.9098513,0
0.008888318,0.9911117,1
0.09704791,0.9029521,0
0.67009395,0.32990608,0
0.9986123,0.0013877075,0
0.6950221,0.30497795,0
0.6579124,0.34208757,0
0.058635294,0.9413647,0
0.634783,0.365217,0
0.63286865,0.36713132,0
0.5883252,0.41167486,0
0.6239978,0.37600216,0
0.021792207,0.97820777,1
0.027099635,0.9729004,1
0.057454847,0.9425452,0
0.034838166,0.96516186,1
0.052030157,0.94796985,1
0.06031748,0.93968254,1
0.9983612,0.0016388289,0
0.74728245,0.25271755,0
0.7067743,0.29322574,0
0.3707389,0.6292611,0
0.9157447,0.08425526,0
0.006901119,0.9930989,1
0.008155971,0.991844,1
0.85917586,0.14082411,0
0.38383543,0.6161645,0
0.39575556,0.6042444,0
0.82393897,0.17606102,0
0.81871855,0.18128145,0
0.7950316,0.20496842,0
0.73765254,0.26234755,0
0.11184087,0.88815916,1
0.028132878,0.97186714,1
0.11783369,0.8821663,1
0.6037661,0.39623383,0
0.13020994,0.86979,1
0.7650648,0.23493516,0
0.9962399,0.0037601194,0
0.85124123,0.14875874,0
0.0032948127,0.99670523,1
0.0030902824,0.9969097,1
0.0068984847,0.9931015,1
0.010257443,0.9897426,1
0.09850965,0.9014904,1
0.10243033,0.89756966,1
0.68897986,0.3110202,0
0.6947108,0.30528924,0
0.5814128,0.4185872,0
0.18847288,0.81152713,0
0.21397786,0.7860222,0
0.31475842,0.6852416,0
0.13427912,0.8657209,0
0.56568563,0.43431437,0
0.53253084,0.46746913,0
0.15653662,0.8434634,1
0.17793377,0.82206625,1
0.1659527,0.8340473,1
0.19803916,0.8019608,1
0.19646813,0.8035319,1
0.85504293,0.1449571,0
0.9984957,0.0015043017,0
0.99850607,0.0014939934,0
0.9985055,0.0014945,0
0.9984469,0.001553125,0
0.99836916,0.0016308967,0
0.99788636,0.0021136447,0
0.9978643,0.0021356682,0
0.81399,0.18600999,1
0.9978143,0.0021857107,0
0.99838364,0.0016163391,0
0.16917193,0.83082813,1
0.7861674,0.2138326,1
0.9985464,0.0014535312,0
0.9983493,0.0016506825,0
0.99715155,0.0028484669,0
0.9975547,0.002445311,0
0.8735927,0.12640738,0
0.84933215,0.15066788,0
0.8391544,0.16084555,0
0.99867886,0.0013211715,0
0.79812527,0.20187476,1
0.7488187,0.25118127,1
0.6584203,0.34157968,1
0.8174642,0.18253589,1
0.91701174,0.08298828,0
0.81069344,0.18930663,1
0.04702056,0.95297945,1
0.027848825,0.97215116,1
0.019942846,0.9800571,1
0.021999817,0.9780002,1
0.569933,0.43006697,1
0.4148305,0.5851695,1
0.99824524,0.0017547697,0
0.47975117,0.52024883,1
0.10442599,0.89557403,1
0.09810767,0.90189236,1
0.09849896,0.90150106,1
0.11796451,0.8820355,1
0.15185389,0.84814614,1
0.115615554,0.8843845,1
0.09577131,0.9042287,1
0.12876745,0.87123257,1
0.9968136,0.003186404,0
0.9981304,0.0018696311,0
0.9979602,0.0020397631,0
0.85558254,0.1444174,0
0.90502775,0.09497229,0
0.90799767,0.09200232,0
0.9094439,0.09055606,0
0.22436866,0.7756313,1
0.89005554,0.109944455,0
0.8907192,0.109280825,0
0.96045434,0.0395457,0
0.9611584,0.038841587,0
0.48762524,0.51237476,1
0.98414165,0.015858373,0
0.7116997,0.28830025,1
0.66322935,0.33677074,1
0.56612015,0.43387976,1
0.68909997,0.31090003,1
0.99692434,0.0030755976,0
0.12665474,0.87334526,1
0.6670768,0.33292317,0
0.6848605,0.3151395,0
0.7925794,0.20742062,0
0.5963243,0.4036757,0
0.34997088,0.6500291,0
0.46233115,0.5376689,0
0.07792648,0.9220735,1
0.27615798,0.723842,0
0.12503214,0.8749678,1
0.09282501,0.907175,1
0.60597587,0.39402416,0
0.39559656,0.60440344,0
0.7688687,0.23113127,0
0.10093677,0.8990632,1
0.10582285,0.8941771,1
0.08332153,0.9166785,1
0.12667479,0.87332517,1
0.31040782,0.6895922,1
0.74400014,0.2559999,0
0.058534004,0.941466,1
0.09260901,0.90739095,1
0.8741603,0.12583977,0
0.9986817,0.001318271,0
0.8793968,0.120603204,0
0.1647047,0.8352953,1
0.3486548,0.6513452,1
0.17868184,0.8213182,1
0.8008291,0.19917084,0
0.8530235,0.1469764,0
0.8273473,0.17265275,0
0.07869204,0.9213079,1
0.047147613,0.9528523,1
0.070683435,0.9293166,1
0.97754544,0.022454552,0
0.09960484,0.90039515,1
0.81232584,0.18767412,0
0.99726105,0.0027389468,0
0.014420827,0.98557913,1
0.11934095,0.8806591,1
0.0031516848,0.9968483,1
0.38816547,0.6118345,0
0.0032966544,0.9967033,1
0.01861289,0.9813871,1
0.3197577,0.6802423,1
0.118102685,0.8818973,1
0.75286007,0.2471399,0
0.76207167,0.23792835,0
0.76094407,0.23905596,0
0.855918,0.14408204,0
0.17365822,0.8263418,1
0.21484834,0.78515166,0
0.69024694,0.30975306,0
0.68049073,0.31950927,0
0.67333955,0.32666048,0
0.68170106,0.31829903,1
0.9957088,0.0042911773,0
0.8005474,0.19945261,0
0.9983911,0.0016088225,0
0.7299828,0.2700172,1
0.6693154,0.33068463,1
0.6715435,0.32845658,1
0.48880327,0.51119673,1
0.62593085,0.37406918,1
0.6190299,0.38097015,1
0.053689573,0.94631046,1
0.020613207,0.97938687,1
0.41528678,0.5847132,1
0.6707267,0.32927325,0
0.11063705,0.88936293,1
0.29075626,0.7092437,1
0.6838713,0.3161286,0
0.7094194,0.29058054,0
0.6962541,0.30374593,0
0.6688155,0.33118442,0
0.32954684,0.67045313,0
0.14101037,0.85898966,1
0.488897,0.51110303,0
0.041699067,0.95830095,1
0.041367535,0.9586324,1
0.0901179,0.9098821,1
0.09743396,0.9025661,1
0.19000246,0.8099976,1
0.49822325,0.50177675,0
0.7179776,0.28202245,0
0.52230513,0.47769487,0
0.30365247,0.69634753,1
0.99845874,0.0015412406,0
0.99734133,0.002658703,0
0.4381093,0.56189066,0
0.9981767,0.0018233507,0
0.99863833,0.0013616463,0
0.99859864,0.0014013107,0
0.9985644,0.0014356038,0
0.9986786,0.0013213872,0
0.9986879,0.0013121127,0
0.99857914,0.0014209091,0
0.99847656,0.0015234323,0
0.9986273,0.0013727478,0
0.9986337,0.0013663195,0
0.99836594,0.0016341157,0
0.99853945,0.0014605346,0
0.9985946,0.0014054439,0
0.9986161,0.0013838507,0
0.99757,0.0024299996,0
0.9979684,0.0020316474,0
0.9977584,0.0022415344,0
0.99582326,0.0041767466,0
0.99713683,0.0028631862,0
0.90040606,0.09959394,0
0.89168245,0.10831757,0
0.0043940195,0.995606,1
0.0045398576,0.9954601,1
0.0129940575,0.98700595,1
0.024421941,0.975578,1
0.9575065,0.042493507,0
0.07233654,0.92766345,1
0.15628624,0.84371376,1
0.51251453,0.48748544,1
0.65429693,0.3457031,0
0.700285,0.29971498,0
0.96573466,0.034265347,0
0.24131674,0.7586833,1
0.21093005,0.78906995,1
0.17531246,0.82468754,1
0.07789504,0.92210495,1
0.69978595,0.30021402,0
0.19839558,0.8016044,0
0.1702942,0.82970583,0
0.03121573,0.9687843,1
0.029524775,0.9704752,1
0.19994989,0.80005014,0
0.9903086,0.009691461,0
0.99820054,0.0017994136,0
0.9686848,0.031315155,0
0.99706644,0.0029336323,0
0.9914034,0.008596662,0
0.9928409,0.0071591376,0
0.86133915,0.13866083,0
0.7572772,0.24272281,0
0.1149215,0.88507855,1
0.99868745,0.0013125576,0
0.9983919,0.0016080982,0
0.18290664,0.8170934,1
0.6995147,0.3004853,0
0.9980702,0.0019298752,0
0.9963063,0.0036937322,0
0.9961098,0.00389018,0
0.9965056,0.0034944392,0
0.71733516,0.28266487,1
0.1351747,0.86482525,1
0.34588277,0.65411717,1
0.20813885,0.7918612,1
0.021926451,0.97807354,1
0.031640556,0.9683594,1
0.7373445,0.2626554,0
0.73868275,0.26131734,0
0.9981311,0.0018689282,0
0.99673235,0.0032676996,0
0.9979888,0.002011165,0
0.7985947,0.20140529,0
0.77342194,0.22657804,0
0.71911854,0.28088146,0
0.09648614,0.9035139,1
0.0056605954,0.9943394,1
0.005697522,0.9943025,1
0.05705085,0.9429492,1
0.07278994,0.9272101,1
0.9504432,0.049556736,0
0.015034604,0.9849653,0
0.006353951,0.993646,1
0.9184674,0.081532575,0
0.89952385,0.100476116,0
0.029091483,0.9709085,1
0.23322682,0.76677316,1
0.026548522,0.97345144,1
0.3128729,0.6871271,1
0.9980111,0.0019888452,0
0.83171105,0.16828887,0
0.15247469,0.8475253,1
0.0058330907,0.99416685,1
0.06457783,0.9354222,1
0.013445859,0.98655415,1
0.013915301,0.9860847,1
0.016325168,0.9836749,1
0.103719585,0.89628035,0
0.62827796,0.37172207,0
0.54279697,0.457203,0
0.41423494,0.58576506,0
0.10592484,0.8940751,1
0.02678021,0.9732198,1
0.75849557,0.24150446,0
0.08277279,0.9172272,1
0.086427525,0.9135725,1
0.09739159,0.9026084,1
0.09791502,0.90208495,1
0.13312486,0.8668752,0
0.7508227,0.24917732,0
0.9979253,0.0020747029,0
0.9982901,0.0017099166,0
0.9984781,0.0015218867,0
0.04603855,0.9539614,1
0.10225795,0.8977421,1
0.05609643,0.94390357,1
0.7004966,0.29950345,0
0.09507833,0.9049217,1
0.7047846,0.2952155,0
0.852374,0.14762606,0
0.9986524,0.0013475957,0
0.99867046,0.0013295365,0
0.9986947,0.00130535,0
0.9986883,0.0013117515,0
0.9984634,0.0015366701,0
0.99842465,0.0015754042,0
0.99832994,0.0016700887,0
0.99764156,0.00235847,0
0.99778557,0.0022144113,0
0.9983981,0.0016018716,0
0.99868554,0.0013144917,0
0.9986864,0.0013136456,0
0.9986527,0.0013472763,0
0.99851733,0.0014826483,0
0.99852127,0.0014787483,0
0.99745506,0.0025449644,0
0.9986035,0.0013964608,0
0.9986009,0.0013990698,0
0.99857795,0.0014220163,0
0.99828786,0.0017121842,0
0.38743365,0.6125664,1
0.9983223,0.0016776689,0
0.998591,0.0014090093,0
0.99858165,0.0014183882,0
0.9985624,0.0014376218,0
0.68147445,0.31852558,1
0.60090464,0.39909545,1
0.18735005,0.8126499,1
0.9959193,0.004080779,0
0.99792504,0.0020749073,0
0.99617743,0.0038225455,0
0.99533033,0.0046697506,0
0.99389607,0.006103993,0
0.99649376,0.0035062314,0
0.8919702,0.10802981,0
0.9137587,0.08624132,0
0.9199521,0.08004788,0
0.9206893,0.07931068,0
0.0035661263,0.99643385,1
0.9563482,0.04365185,0
0.95794135,0.04205869,0
0.9620077,0.037992336,0
0.96159184,0.03840815,0
0.82308435,0.17691566,1
0.9625836,0.037416387,0
0.9605711,0.03942889,0
0.9978465,0.00215349,0
0.9962567,0.0037433377,0
0.38137683,0.61862314,1
0.7223285,0.27767152,1
0.99823666,0.0017632883,0
0.9982317,0.0017683518,0
0.99807596,0.0019240498,0
0.99806637,0.001933615,0
0.7477013,0.2522987,1
0.99715614,0.0028438112,0
0.9981552,0.001844805,0
0.9985468,0.0014531921,0
0.99864084,0.0013592035,0
0.99864584,0.0013541778,0
0.99862087,0.0013791306,0
0.9562785,0.043721534,1
0.99613523,0.0038647917,1
0.99864644,0.0013536131,0
0.99852306,0.0014769159,0
0.99843615,0.0015638989,0
0.9804388,0.019561173,1
0.7498997,0.2501003,1
0.969275,0.03072499,1
0.99860007,0.0013998821,0
0.99860305,0.0013969556,0
0.99862945,0.0013705832,0
0.9986645,0.0013355166,0
0.9986935,0.0013065166,0
0.120835826,0.87916416,1
0.061254237,0.9387458,1
0.13482119,0.8651788,1
0.9981121,0.0018879675,0
0.99831885,0.0016810889,0
0.99840313,0.0015968872,0
0.9986104,0.0013895397,0
0.052194327,0.94780564,1
0.60482806,0.39517197,1
0.062469773,0.9375302,1
0.052048337,0.9479516,1
0.9985044,0.0014955833,0
0.9984731,0.0015269208,0
0.9984244,0.0015755488,0
0.6923513,0.30764866,1
0.87172574,0.12827426,0
0.9983014,0.0016985897,0
0.7544751,0.24552491,0
0.99784446,0.0021555196,0
0.15703283,0.84296715,1
0.05351683,0.94648314,1
0.99850416,0.0014958526,0
0.9985066,0.0014933761,0
0.99849796,0.0015020302,0
0.99840206,0.0015978987,0
0.9983449,0.0016550614,0
0.9982621,0.0017379376,0
0.99715567,0.0028443441,0
0.9976937,0.0023062264,0
0.9984775,0.0015224592,0
0.9986259,0.0013741041,0
0.9986291,0.0013708781,0
0.99863607,0.0013638773,0
0.9986065,0.0013935082,0
0.42979333,0.5702067,1
0.14957133,0.8504287,1
0.053550992,0.946449,1
0.07865533,0.92134464,1
0.11422732,0.88577276,1
0.03425165,0.96574837,1
0.9976699,0.0023300603,0
0.99780935,0.002190704,0
0.99704474,0.0029552518,0
0.99673635,0.0032636204,0
0.99777156,0.002228447,0
0.9980096,0.0019904512,0
0.862171,0.13782907,0
0.8693303,0.13066965,0
0.8669163,0.13308366,0
0.91039735,0.08960259,0
0.9137723,0.086227655,0
0.1831379,0.8168621,1
0.65740174,0.34259826,1
0.75936216,0.24063778,1
0.48681015,0.51318985,1
0.94619614,0.05380379,0
0.626428,0.373572,1
0.93827856,0.061721437,0
0.99834585,0.0016541083,0
0.93932843,0.060671505,0
0.94345313,0.056546796,0
0.73436177,0.2656382,1
0.89757526,0.10242476,0
0.9985279,0.0014720506,0
0.99865663,0.0013434042,0
0.99862456,0.0013754278,0
0.9985669,0.001433126,0
0.31086692,0.6891331,1
0.9986162,0.0013837226,0
0.9983815,0.0016184595,0
0.9981456,0.0018543934,0
0.9977842,0.0022158741,0
0.73156816,0.26843187,1
0.9985165,0.0014834915,0
0.9984005,0.0015995108,0
0.99858403,0.0014160359,0
0.9986474,0.0013525885,0
0.9986926,0.0013074283,0
0.8992552,0.100744754,0
0.99859923,0.0014007597,0
0.99863166,0.0013683046,0
0.9986619,0.0013381165,0
0.99867415,0.0013258455,0
0.9283255,0.07167456,0
0.9985833,0.001416711,0
0.9985703,0.0014296909,0
0.9985415,0.0014584928,0
0.99850357,0.0014964438,0
0.9984263,0.0015736987,0
0.86408556,0.13591442,1
0.8532425,0.14675748,1
0.84344465,0.15655535,1
0.9986572,0.0013427364,0
0.9707149,0.029285053,1
0.9985292,0.0014708022,0
0.99818015,0.001819814,0
0.9975648,0.0024352355,0
0.9978897,0.0021103283,0
0.998292,0.0017080155,0
0.93329066,0.06670934,1
0.9985752,0.0014247748,0
0.99855405,0.0014459995,0
0.9986442,0.0013558478,0
0.99851257,0.0014873721,0
0.99784184,0.0021581263,0
0.99786085,0.0021391811,0
0.99735814,0.0026418162,0
0.99772614,0.002273876,0
0.85779524,0.14220476,0
0.93567365,0.06432631,0
0.9369766,0.06302343,0
0.96397537,0.03602459,0
0.9381453,0.06185478,1
0.9247498,0.0752502,1
0.92774284,0.07225716,1
0.25909466,0.74090534,1
0.9451632,0.054836787,0
0.9454694,0.054530594,0
0.95128876,0.048711218,0
0.6087739,0.39122617,1
0.94854945,0.051450558,0
0.22150597,0.77849406,1
0.34273988,0.6572601,1
0.99845254,0.0015473864,0
0.20291653,0.79708344,1
0.99857736,0.0014226094,0
0.99856913,0.0014308036,0
0.9377779,0.06222207,0
0.3234637,0.67653626,1
0.18818447,0.81181556,1
0.15468186,0.8453182,1
0.2704615,0.7295385,1
0.26808712,0.7319129,1
0.8953701,0.10462987,0
0.7327568,0.26724318,0
0.6147858,0.38521424,1
0.7496409,0.25035915,0
0.75760984,0.24239013,0
0.15882395,0.84117603,1
0.22776794,0.77223206,1
0.14552133,0.8544787,1
0.031131936,0.9688681,1
0.14453894,0.855461,1
0.3002271,0.69977295,1
0.62691265,0.37308738,0
0.52030164,0.47969842,0
0.60642976,0.39357024,0
0.85139245,0.14860752,0
0.018161654,0.98183835,1
0.032871023,0.967129,1
0.044233248,0.95576674,1
0.5269105,0.4730895,0
0.6248867,0.3751133,0
0.6690233,0.33097672,0
0.7699518,0.23004815,0
0.71460485,0.28539515,0
0.1367705,0.8632295,0
0.9971528,0.0028471574,0
0.014777277,0.98522276,1
0.17407073,0.8259293,1
0.7548927,0.24510722,0
0.65387934,0.34612063,0
0.045858886,0.9541411,1
0.19250943,0.8074906,0
0.9925615,0.007438502,0
0.9940242,0.0059757507,0
0.13719404,0.862806,0
0.050355952,0.94964397,1
0.20466208,0.7953379,1
0.9952217,0.004778287,0
0.90550554,0.09449445,0
0.9275249,0.072475046,0
0.9492068,0.05079311,0
0.17989144,0.82010853,1
0.18608549,0.8139145,1
0.16453882,0.83546114,1
0.14686371,0.85313624,1
0.030465567,0.96953446,1
0.59878397,0.401216,0
0.9654394,0.034560695,0
0.9419377,0.058062274,0
0.99810237,0.001897608,0
0.6924038,0.30759612,0
0.9986339,0.0013661159,0
0.9595387,0.04046127,0
0.14383298,0.856167,1
0.25226936,0.7477307,1
0.23315775,0.7668422,1
0.21731785,0.7826821,1
0.9841859,0.015814086,0
0.9982917,0.0017083611,0
0.9981567,0.0018433006,0
0.170257,0.829743,1
0.99862766,0.0013723805,0
0.99779874,0.0022012827,0
0.99863476,0.0013652483,0
0.99862874,0.001371232,0
0.992428,0.007572026,0
0.99831796,0.0016820198,0
0.6136193,0.38638067,1
0.9982135,0.0017864854,0
0.9983353,0.0016647427,0
0.9979942,0.0020057964,0
0.99741566,0.002584314,0
0.99699116,0.0030087838,0
0.9970788,0.0029213005,0
0.998637,0.0013629515,0
0.83747196,0.16252802,1
0.9986494,0.0013505605,0
0.99870276,0.0012972399,0
0.99870026,0.0012997444,0
0.99860495,0.0013950978,0
0.9985682,0.0014317796,0
0.89231294,0.107687026,1
0.7326533,0.26734668,1
0.58852607,0.4114739,1
0.84122616,0.15877387,1
0.9973303,0.0026697058,1
0.92981833,0.07018166,1
0.9349628,0.06503713,1
0.9986922,0.0013077665,0
0.9986265,0.0013735835,0
0.99565923,0.0043408363,0
0.99566734,0.004332664,0
0.99591655,0.00408344,0
0.99821824,0.0017816975,0
0.9972162,0.002783711,0
0.99782395,0.0021760364,1
0.99863064,0.0013694378,0
0.99862444,0.0013755352,0
0.99390006,0.006099929,1
0.9963941,0.003605855,0
0.9986066,0.0013934539,0
0.15645239,0.8435475,1
0.050873615,0.9491264,1
0.24156517,0.75843483,1
0.971429,0.028571026,0
0.99715924,0.0028408004,0
0.9919338,0.008066161,0
0.8654644,0.13453564,0
0.0051916507,0.9948084,1
0.007383921,0.99261606,1
0.0062530115,0.993747,1
0.007998003,0.992002,1
0.012564492,0.98743546,1
0.012883963,0.98711604,1
0.016533341,0.9834667,1
0.058235724,0.9417643,1
0.14554879,0.8544512,0
0.057270166,0.94272983,1
0.96523565,0.03476442,0
0.72309613,0.2769039,0
0.7234033,0.27659672,0
0.14576197,0.85423803,0
0.2841132,0.71588683,0
0.13649613,0.8635038,1
0.017002286,0.9829978,1
0.24192384,0.75807613,0
0.7747482,0.22525178,0
0.31309813,0.6869018,1
0.35181576,0.6481842,1
0.7268547,0.2731453,0
0.99862015,0.001379879,0
0.99862146,0.0013785476,0
0.99861634,0.0013835968,0
0.8124515,0.1875485,0
0.63511187,0.3648881,1
0.22408728,0.7759127,1
0.82102317,0.17897685,0
0.73243725,0.2675628,0
0.72152644,0.27847353,0
0.10383818,0.89616185,1
0.7025702,0.29742977,1
0.037475318,0.9625247,1
0.039524734,0.9604753,1
0.04653754,0.9534624,1
0.05493823,0.94506174,1
0.0914648,0.9085352,1
0.10260208,0.8973979,1
0.031735983,0.96826404,1
0.054450065,0.94554996,1
0.08257725,0.9174227,1
0.16868185,0.83131814,0
0.5370864,0.4629135,0
0.77556777,0.22443224,0
0.7771051,0.22289486,0
0.33869222,0.6613079,0
0.7100641,0.28993592,0
0.6428758,0.35712418,0
0.7688098,0.23119019,0
0.629075,0.37092504,1
0.76755357,0.2324465,1
0.723907,0.276093,1
0.7339976,0.26600242,0
0.65152436,0.34847566,1
0.78143305,0.21856692,0
0.8782421,0.12175796,0
0.9288341,0.071165904,0
0.99870074,0.0012992244,0
0.9986926,0.0013074746,0
0.71164936,0.28835064,1
0.72395736,0.27604267,1
0.88808966,0.11191032,0
0.99859864,0.0014013201,0
0.92272687,0.07727316,0
0.9986249,0.0013751346,0
0.9986791,0.001320894,0
0.9986985,0.0013014785,0
0.8526625,0.14733744,1
0.84043777,0.15956222,1
0.84575456,0.15424545,1
0.8548813,0.14511867,1
0.8554335,0.14456643,1
0.9970054,0.002994618,0
0.9978241,0.0021759516,0
0.8387174,0.16128257,1
0.08830188,0.9116981,1
0.32647,0.67353004,1
0.3141156,0.68588436,1
0.84141755,0.15858248,1
0.87147063,0.12852938,1
0.5087922,0.4912078,1
0.8348156,0.16518433,0
0.998125,0.0018750001,0
0.9976186,0.002381367,0
0.9984144,0.0015856436,0
0.7424858,0.2575142,1
0.73669255,0.2633075,1
0.23882915,0.7611708,1
0.5943926,0.4056074,1
0.760938,0.23906201,1
0.5541127,0.4458873,1
0.45617914,0.54382086,1
0.8278971,0.17210299,0
0.8812513,0.11874868,1
0.9710178,0.0289822,0
0.97100735,0.028992703,0
0.9986008,0.0013992345,0
0.99865216,0.0013478686,0
0.9986669,0.0013330906,0
0.99861264,0.0013873496,0
0.9986098,0.0013901799,0
0.9985922,0.0014078276,0
0.998588,0.0014119187,0
0.99818677,0.00181316,0
0.9980482,0.0019517796,0
0.99832636,0.0016736463,0
0.9984236,0.0015764455,0
0.998563,0.0014370305,0
0.99864644,0.001353579,0
0.99860066,0.0013993732,0
0.99863976,0.0013601739,0
0.99865437,0.001345552,0
0.99867636,0.0013235933,0
0.9985135,0.0014864666,0
0.997743,0.002256988,0
0.99806136,0.0019386276,0
0.99860567,0.0013943724,0
0.3469563,0.65304375,1
0.7765267,0.22347336,1
0.7074443,0.2925557,1
0.028184526,0.97181547,1
0.029878896,0.9701211,1
0.57930285,0.42069718,1
0.1042169,0.89578307,1
0.61436576,0.3856343,1
0.58875954,0.41124052,1
0.9982918,0.0017081827,0
0.9985575,0.0014425342,0
0.11603065,0.8839694,1
0.018917691,0.9810823,1
0.09354138,0.9064586,1
0.1445579,0.8554421,1
0.030296978,0.969703,1
0.0064442786,0.9935557,1
0.008910201,0.9910898,1
0.034815244,0.96518475,1
0.588422,0.41157794,0
0.8744114,0.12558864,0
0.8319615,0.16803852,0
0.17428902,0.825711,0
0.030844336,0.9691556,1
0.11627885,0.8837211,0
0.032502484,0.9674975,1
0.03776426,0.9622358,1
0.06394637,0.9360537,1
0.11521137,0.8847887,1
0.9981008,0.0018991965,0
0.8237433,0.17625669,0
0.7747672,0.22523277,0
0.0545574,0.9454426,0
0.0033010538,0.9966989,1
0.0032813044,0.9967187,1
0.0033017003,0.9966983,1
0.0036417174,0.9963582,1
0.0030755366,0.99692446,1
0.003450046,0.99654996,1
0.0035411976,0.9964588,1
0.008971122,0.9910289,1
0.05030224,0.94969773,1
0.6340011,0.36599886,0
0.7723415,0.22765845,0
0.40068525,0.5993147,0
0.7740251,0.22597499,0
0.117900684,0.8820994,1
0.061584365,0.93841565,1
0.020301223,0.9796988,1
0.08188066,0.9181194,1
0.11689668,0.8831033,1
0.38249913,0.6175009,0
0.65317,0.34683,0
0.11947625,0.88052374,1
0.4758001,0.5241999,0
0.7692792,0.2307208,0
0.7436309,0.25636905,0
0.7186352,0.28136477,0
0.37071356,0.62928647,0
0.7115242,0.2884758,0
0.74057436,0.25942564,0
0.8092792,0.19072078,0
0.37477234,0.62522763,1
0.48930717,0.5106928,1
0.7992131,0.2007869,0
0.7784584,0.22154155,0
0.9267981,0.073201954,0
0.17756036,0.8224397,1
0.58354735,0.4164526,0
0.10388063,0.89611936,1
0.6138894,0.3861106,0
0.2720667,0.7279332,1
0.7446163,0.25538364,0
0.35104492,0.64895505,1
0.33754456,0.66245544,1
0.21799809,0.7820019,1
0.670231,0.329769,0
0.5751942,0.42480582,0
0.76356983,0.23643018,0
0.8848906,0.11510943,0
0.91804534,0.08195467,0
0.90150553,0.09849445,0
0.8762147,0.12378527,0
0.89725083,0.10274918,0
0.9091854,0.0908146,0
0.92310137,0.0768986,0
0.36544546,0.63455456,1
0.69982284,0.30017716,0
0.69414645,0.30585355,0
0.25823537,0.7417646,1
0.031499323,0.96850073,1
0.6834711,0.31652892,0
0.99740136,0.00259868,0
0.99730104,0.0026989586,0
0.9968004,0.0031996153,0
0.95936877,0.040631294,0
0.99834466,0.0016553119,0
0.99855894,0.0014410088,0
0.72506875,0.27493125,1
0.6606745,0.33932555,1
0.5470428,0.45295724,1
0.09829263,0.90170735,1
0.09528514,0.9047149,1
0.9969496,0.0030503965,0
0.99827015,0.0017298086,0
0.9982474,0.0017526244,0
0.96113956,0.038860463,0
0.9686443,0.031355686,0
0.006032896,0.99396706,1
0.003526123,0.99647385,1
0.004006741,0.99599326,1
0.003900054,0.99609995,1
0.003753748,0.9962463,1
0.3544503,0.6455498,1
0.796845,0.20315501,0
0.11329693,0.886703,1
0.8699363,0.13006364,0
0.23927331,0.7607267,1
0.7661439,0.23385607,0
0.1873232,0.81267685,1
0.25423375,0.7457663,0
0.93205243,0.06794751,0
0.31503856,0.68496144,1
0.5919561,0.4080439,1
0.6064617,0.3935383,1
0.8029497,0.19705027,0
0.7732816,0.22671843,0
0.17649099,0.8235089,1
0.14558561,0.8544144,1
0.74281746,0.25718257,0
0.13900486,0.8609952,1
0.28718263,0.7128174,1
0.16699941,0.83300054,1
0.5219929,0.47800714,0
0.59694433,0.40305564,0
0.29618928,0.7038107,1
0.25956875,0.74043125,1
0.740034,0.259966,0
0.7845786,0.21542136,0
0.75076807,0.24923187,0
0.74201375,0.25798625,0
0.70872897,0.29127106,0
0.6626852,0.33731478,0
0.2748941,0.7251059,0
0.5670147,0.43298525,0
0.16062525,0.8393747,1
0.621648,0.378352,0
0.12191561,0.87808436,1
0.24636392,0.753636,1
0.22599107,0.7740089,1
0.76314145,0.23685855,0
0.17894481,0.82105523,1
0.05563576,0.94436425,1
0.06659435,0.93340564,1
0.4833712,0.5166288,0
0.7920001,0.20799989,0
0.79674613,0.20325384,0
0.20267585,0.7973242,1
0.22749138,0.7725086,1
0.4569153,0.5430847,0
0.2741841,0.72581583,1
0.22685477,0.77314526,1
0.6690119,0.33098802,0
0.7227554,0.27724466,0
0.72356486,0.27643517,0
0.114689805,0.8853102,0
0.61940396,0.38059604,0
0.6533902,0.3466098,0
0.65729076,0.34270927,0
0.69191855,0.30808148,0
0.7665283,0.23347178,0
0.40377796,0.59622204,1
0.1067305,0.8932695,1
0.14677548,0.8532245,1
0.21536496,0.784635,1
0.84971905,0.15028098,0
0.97963136,0.020368619,0
0.011752413,0.9882476,1
0.0030671412,0.99693286,1
0.0031804587,0.9968195,1
0.9214424,0.07855755,0
0.83639586,0.16360413,0
0.7338366,0.26616335,0
0.71212214,0.28787786,0
0.4878028,0.5121972,1
0.17955808,0.8204419,1
0.8211879,0.1788121,0
0.9660248,0.033975117,0
0.98104894,0.01895104,0
0.9985719,0.0014281016,0
0.5826236,0.41737643,1
0.91211355,0.08788644,0
0.8617064,0.13829361,0
0.9295228,0.07047718,0
0.9680256,0.031974386,0
0.7952314,0.2047686,0
0.78961766,0.21038234,0
0.83313125,0.16686876,0
0.9980983,0.0019016729,0
0.9985435,0.0014565159,0
0.7266955,0.27330455,1
0.04176659,0.9582334,1
0.9532701,0.046729963,0
0.9275054,0.07249464,0
0.92539155,0.074608475,0
0.05480788,0.9451921,1
0.9000285,0.09997146,0
0.9812325,0.018767431,0
0.92651814,0.073481895,0
0.9610161,0.038983874,0
0.95500094,0.044999108,0
0.95994574,0.04005427,0
0.99760336,0.0023966534,0
0.91485745,0.08514252,0
0.9233684,0.07663155,0
0.966219,0.033780992,0
0.93215495,0.067845,0
0.9158123,0.0841877,1
0.56020766,0.43979228,1
0.68727714,0.31272283,1
0.6941904,0.30580956,1
0.07840576,0.92159426,1
0.97175837,0.028241595,0
0.14863227,0.8513677,1
0.19577539,0.8042246,1
0.23471236,0.76528764,1
0.18149053,0.81850946,1
0.06725631,0.93274367,1
0.08053511,0.9194649,1
0.15389846,0.8461016,1
0.86824685,0.13175313,0
0.99820256,0.0017973618,0
0.028152177,0.9718478,1
0.022380076,0.97761995,1
0.0039213593,0.99607867,1
0.30409655,0.6959034,1
0.36150578,0.63849425,1
0.0034529,0.99654716,1
0.0031998858,0.99680007,1
0.36935344,0.6306465,1
0.9310684,0.06893161,0
0.89073914,0.109260894,0
0.76738966,0.23261034,0
0.7042797,0.29572025,0
0.86939025,0.13060975,0
0.9233381,0.07666193,0
0.19576553,0.8042345,1
0.18842041,0.8115795,1
0.9631884,0.036811564,0
0.96921116,0.03078883,0
0.9487305,0.05126952,0
0.8166276,0.18337235,1
0.997133,0.0028670223,0
0.99851817,0.0014818396,0
0.9986092,0.0013908155,0
0.90994775,0.09005221,0
0.93690807,0.063092016,0
0.9551844,0.044815604,0
0.98427665,0.015723385,0
0.95403993,0.045960106,0
0.9928429,0.0071571385,0
0.92213756,0.07786238,1
0.6774533,0.3225467,1
0.99417263,0.0058274027,0
0.13086276,0.8691373,1
0.13027002,0.86972994,1
0.1303083,0.8696917,1
0.4358628,0.5641372,1
0.99859387,0.0014061515,0
0.9986198,0.0013802351,0
0.99668735,0.0033126066,0
0.8037239,0.19627613,0
0.7030673,0.29693273,0
0.85419863,0.14580144,0
0.89918226,0.10081772,0
0.9151883,0.084811695,0
0.9174252,0.0825747,0
0.9478457,0.052154273,0
0.9986185,0.0013815416,0
0.7492092,0.25079072,1
0.18907519,0.8109248,1
0.4696278,0.5303722,1
0.48253667,0.5174633,1
0.38131946,0.61868054,1
0.42922232,0.5707777,1
0.45946226,0.5405377,1
0.670855,0.32914504,0
0.9966762,0.0033237685,0
0.99868494,0.0013150469,0
0.10757913,0.8924209,1
0.99039054,0.009609392,0
0.10696267,0.8930374,1
0.88436294,0.11563702,0
0.8986077,0.101392336,0
0.92468536,0.0753146,0
0.99797446,0.002025581,0
0.9976821,0.0023178293,0
0.84460425,0.15539569,0
0.8452763,0.15472373,0
0.847309,0.15269099,0
0.83750737,0.1624926,0
0.866529,0.13347098,0
0.89150846,0.10849158,0
0.91887605,0.081123926,0
0.91912115,0.08087884,0
0.90955347,0.09044656,0
0.90902245,0.09097763,1
0.28036597,0.71963406,1
0.41568604,0.5843139,1
0.7037084,0.2962916,1
0.7845649,0.21543509,1
0.7460711,0.25392887,1
0.14768802,0.85231197,1
0.02889426,0.9711058,1
0.20504014,0.79495984,1
0.6173138,0.38268626,1
0.9733632,0.026636694,0
0.9242409,0.07575913,0
0.7564699,0.24353017,0
0.9199744,0.080025665,0
0.27495724,0.7250427,0
0.32326186,0.67673814,1
0.39709592,0.602904,1
0.8981501,0.10184993,0
0.7629977,0.23700228,1
0.7729085,0.22709146,0
0.86943966,0.13056032,0
0.723823,0.276177,1
0.7908692,0.20913078,1
0.40923727,0.59076273,1
0.7908329,0.20916706,1
0.8377187,0.16228124,1
0.9766417,0.023358274,0
0.9840719,0.015928043,0
0.8888999,0.11110006,0
0.9727638,0.027236171,0
0.99617034,0.003829606,0
0.8545137,0.14548627,0
0.15704313,0.8429569,1
0.8620685,0.13793151,1
0.9160773,0.08392268,0
0.88742036,0.11257964,1
0.9957379,0.0042620758,0
0.99787056,0.002129437,0
0.9983847,0.0016152428,0
0.9985898,0.0014101705,0
0.7543563,0.24564369,1
0.29233402,0.70766604,1
0.8695607,0.13043924,1
0.8052563,0.19474363,1
0.9262098,0.07379026,0
0.92472064,0.07527938,0
0.93937886,0.06062119,0
0.9481055,0.051894464,0
0.99678457,0.003215471,0
0.7668033,0.23319674,1
0.74146426,0.2585357,1
0.7341895,0.2658105,1
0.9278717,0.07212832,0
0.15015401,0.849846,1
0.15687896,0.8431211,1
0.15890472,0.84109527,1
0.29356173,0.70643824,1
0.1241454,0.8758546,1
0.20982298,0.79017705,1
0.56202686,0.43797317,1
0.89625,0.10375,0
0.0060648792,0.99393517,1
0.024195066,0.975805,1
0.049848083,0.9501519,1
0.0031239872,0.996876,1
0.0039897272,0.9960103,1
0.066302694,0.9336973,1
0.105191275,0.8948087,1
0.8966474,0.10335262,0
0.8725821,0.12741797,0
0.12238689,0.8776131,1
0.91010135,0.08989866,0
0.5879301,0.41206995,1
0.93957233,0.060427677,0
0.94137734,0.05862261,0
0.94067746,0.05932248,0
0.66622967,0.3337703,1
0.9688885,0.031111406,0
0.9745578,0.025442213,0
0.9079479,0.09205211,0
0.29266462,0.7073354,1
0.09155753,0.9084425,1
0.58624244,0.41375756,1
0.8356934,0.16430657,0
0.9923218,0.007678265,0
0.9629826,0.037017394,0
0.9975247,0.0024752873,0
0.9986052,0.001394832,0
0.9904574,0.009542529,0
0.63372445,0.36627555,1
0.17076282,0.82923716,1
0.24492903,0.7550709,1
0.28559723,0.7144027,1
0.16495992,0.8350401,1
0.3490145,0.6509855,1
0.47535923,0.52464074,1
0.5506717,0.4493283,1
0.82320106,0.17679895,0
0.766165,0.23383501,1
0.75478166,0.24521835,1
0.07687146,0.9231286,1
0.090177305,0.9098227,1
0.09163291,0.90836704,1
0.17134422,0.82865584,1
0.5965707,0.4034293,1
0.9986627,0.0013372372,0
0.99804354,0.0019564827,0
0.2794771,0.7205228,1
0.10183045,0.8981695,1
0.36556074,0.6344393,1
0.88774705,0.11225286,0
0.6281107,0.37188932,1
0.63834345,0.36165658,1
0.6400922,0.35990784,1
0.5856321,0.4143679,1
0.75791425,0.24208573,0
0.7407928,0.25920722,0
0.11112514,0.8888748,1
0.19370097,0.80629903,1
0.30400124,0.6959987,1
0.15562573,0.84437424,1
0.116709806,0.88329023,1
0.11507694,0.8849231,1
0.1977502,0.8022498,1
0.30789512,0.69210494,1
0.98056406,0.019435916,0
0.035743754,0.9642562,1
0.0031931282,0.99680686,1
0.9986237,0.001376248,0
0.14155701,0.858443,1
0.063604884,0.93639517,1
0.27098158,0.72901845,1
0.27442807,0.72557193,1
0.38042617,0.61957383,0
0.99806803,0.0019319233,0
0.71098995,0.28901002,0
0.24541721,0.7545828,0
0.14047313,0.85952693,1
0.2358002,0.7641998,1
0.26615536,0.73384464,1
0.23072974,0.7692703,1
0.22424729,0.7757527,1
0.19596852,0.80403143,1
0.9328664,0.067133635,0
0.9590956,0.0409044,0
0.9985697,0.0014302573,0
0.99864656,0.0013534686,0
0.97689396,0.023105983,0
0.94830054,0.05169949,0
0.10401825,0.8959818,1
0.17230028,0.8276998,1
0.74956906,0.2504309,0
0.7794499,0.22055008,0
0.7705793,0.22942066,0
0.18182424,0.81817573,1
0.89398926,0.10601077,0
0.19987158,0.8001284,1
0.46754727,0.53245276,1
0.80339485,0.19660512,0
0.86914736,0.13085261,0
0.15730906,0.8426909,1
0.07806014,0.92193985,1
0.23919195,0.76080805,1
0.9009791,0.09902097,0
0.9345279,0.065472126,0
0.19314235,0.8068576,1
0.97153646,0.028463567,0
0.91502434,0.08497574,0
0.8880623,0.11193775,0
0.7396633,0.2603367,1
0.79104894,0.20895104,0
0.75037247,0.24962755,0
0.07339547,0.9266045,1
0.04867149,0.95132846,1
0.031075345,0.9689247,1
0.03846312,0.9615368,1
0.041737102,0.958263,1
0.12785763,0.8721424,1
0.18489845,0.81510156,1
0.16592485,0.83407515,1
0.17258163,0.82741845,1
0.19724187,0.8027581,0
0.84316117,0.15683883,0
0.7413884,0.25861165,0
0.66904485,0.33095518,0
0.043851186,0.9561488,1
0.16063264,0.83936733,1
0.068178974,0.93182105,1
0.005198099,0.9948019,1
0.0030763552,0.9969236,1
0.0030937,0.99690634,1
0.0029840216,0.99701595,1
0.91122043,0.088779524,0
0.0031287756,0.9968713,1
0.003161439,0.99683857,1
0.06442715,0.93557286,1
0.22276036,0.7772397,1
0.7752119,0.22478814,0
0.7867957,0.21320425,0
0.1385528,0.8614473,1
0.10824882,0.89175117,1
0.11234806,0.8876519,1
0.25416332,0.7458366,0
0.16536549,0.83463454,1
0.7654177,0.23458233,0
0.8473427,0.15265733,0
0.86076784,0.13923219,0
0.865258,0.13474202,0
0.8432021,0.15679792,0
0.7855777,0.21442226,1
0.94726497,0.052735053,0
0.9273642,0.07263578,0
0.9235285,0.07647152,0
0.8932299,0.106770135,0
0.8329862,0.16701381,0
0.7268048,0.2731952,1
0.69992644,0.30007353,1
0.49650082,0.5034992,1
0.8620155,0.1379845,0
0.7821068,0.21789315,0
0.8269476,0.17305237,0
0.9063484,0.09365161,0
0.9705402,0.029459847,0
0.9976151,0.0023849222,0
0.99810576,0.0018942208,0
0.72917193,0.27082813,1
0.7314752,0.2685248,0
0.8516705,0.14832948,0
0.033429813,0.96657026,1
0.11363817,0.88636184,1
0.11545218,0.88454777,1
0.12256042,0.87743956,1
0.91490364,0.085096315,0
0.09705993,0.9029401,1
0.10838506,0.891615,1
0.30394477,0.6960552,1
0.98432595,0.015673988,0
0.68159807,0.3184019,0
0.59261686,0.40738308,1
0.124525376,0.87547463,1
0.10655219,0.89344776,1
0.2827008,0.7172992,1
0.24345407,0.7565459,1
0.37615862,0.6238414,1
0.28815964,0.7118404,1
0.7472467,0.25275326,0
0.5944395,0.40556052,0
0.064918555,0.9350814,1
0.039434697,0.96056527,1
0.04129718,0.95870274,1
0.1366311,0.8633689,0
0.106729545,0.89327043,1
0.07851688,0.9214831,1
0.08292515,0.9170748,1
0.20846707,0.79153293,0
0.35621074,0.6437892,0
0.63912165,0.36087832,0
0.0030645065,0.9969355,1
0.003341938,0.9966581,1
0.0032842723,0.9967158,1
0.8910512,0.10894877,0
0.9190214,0.08097857,0
0.9952053,0.004794721,0
0.76889235,0.23110765,0
0.09642869,0.9035713,1
0.06508335,0.9349167,1
0.06301733,0.93698263,1
0.06497065,0.9350293,1
0.07127084,0.9287292,1
0.18655035,0.8134496,1
0.21529448,0.7847055,0
0.55047506,0.44952494,0
0.22561374,0.7743862,0
0.11361171,0.8863883,1
0.37351727,0.6264827,0
0.84157556,0.15842445,0
0.105103746,0.89489627,1
0.043340534,0.95665944,1
0.04284495,0.957155,1
0.11195406,0.8880459,1
0.9513452,0.04865486,0
0.6899195,0.3100806,0
0.99736917,0.0026307902,0
0.7343827,0.26561734,0
0.15555604,0.8444439,1
0.6838496,0.3161505,0
0.33148637,0.66851366,1
0.23513775,0.76486224,1
0.70105493,0.29894507,0
0.53111416,0.4688859,1
0.9872478,0.012752174,0
0.7231956,0.2768043,1
0.029063497,0.97093654,1
0.03277208,0.9672279,1
0.298837,0.701163,1
0.37568295,0.624317,1
0.93932843,0.06067149,0
0.9483756,0.05162438,0
0.9927528,0.007247179,0
0.6889588,0.31104124,0
0.09712593,0.90287405,1
0.12022732,0.8797727,1
0.074094094,0.92590594,1
0.10227945,0.8977206,1
0.3680558,0.6319442,1
0.31115645,0.68884355,1
0.13650185,0.86349815,1
0.2903019,0.7096981,1
0.7627704,0.23722959,0
0.74162954,0.2583705,0
0.6817068,0.31829318,0
0.055555433,0.9444446,1
0.9744187,0.025581265,0
0.99028486,0.009715112,0
0.06412089,0.93587905,1
0.13977727,0.8602227,1
0.94543594,0.05456408,0
0.9974807,0.0025193817,0
0.9984332,0.0015668576,0
0.70137537,0.29862463,0
0.005370273,0.99462974,1
0.026674986,0.97332495,1
0.003416633,0.9965834,1
0.0031980916,0.99680185,1
0.93973845,0.060261555,0
0.19209953,0.8079004,1
0.95061255,0.04938742,0
0.9848334,0.015166604,0
0.9660055,0.033994567,0
0.15856203,0.84143794,1
0.13899289,0.8610071,1
0.90240294,0.09759701,0
0.9369991,0.06300091,0
0.63631934,0.36368066,1
0.21724735,0.78275263,1
0.88733184,0.11266816,0
0.9830632,0.016936764,0
0.15926166,0.84073836,1
0.13582915,0.8641709,1
0.17367117,0.82632875,1
0.13930584,0.8606941,1
0.16500561,0.83499444,1
0.8917437,0.10825626,0
0.94690365,0.053096324,0
0.31554064,0.6844594,1
0.9272143,0.072785676,0
0.95292044,0.047079623,0
0.13360763,0.8663923,1
0.11577725,0.88422275,1
0.09772705,0.902273,1
0.08972163,0.9102783,1
0.16397668,0.83602333,1
0.38754255,0.61245745,0
0.7839743,0.21602568,0
0.77615637,0.2238436,0
0.11851903,0.88148093,1
0.039005417,0.96099454,1
0.027524963,0.9724751,1
0.16450351,0.8354965,0
0.9212946,0.07870537,0
0.9298172,0.07018285,0
0.5907874,0.40921265,0
0.90092003,0.09907992,0
0.93166965,0.06833042,0
0.9511203,0.048879758,0
0.71401006,0.2859899,0
0.6732784,0.32672158,0
0.10361582,0.8963842,1
0.38587415,0.61412585,1
0.9390349,0.060965076,0
0.8511242,0.1488758,0
0.93953,0.060470007,0
0.44885784,0.55114216,1
0.9065246,0.09347534,0
0.9401849,0.059815153,0
0.99869066,0.0013093912,0
0.7192541,0.2807459,1
0.9330321,0.06696786,0
0.9655748,0.034425147,0
0.98178595,0.018214064,0
0.9943526,0.0056474376,0
0.99687517,0.0031248636,0
0.99038064,0.009619378,0
0.121944875,0.87805516,1
0.9174883,0.0825118,0
0.9973484,0.0026516025,0
0.99424523,0.0057548177,0
0.79785883,0.20214114,1
0.84837496,0.15162499,0
0.91165024,0.08834977,0
0.9158644,0.08413558,0
0.91618615,0.0838138,0
0.9179742,0.08202582,0
0.92945164,0.07054834,0
0.92698246,0.073017605,0
0.9179499,0.08205006,1
0.09562362,0.9043763,1
0.32143712,0.67856294,1
0.08758933,0.9124107,1
0.9312104,0.06878962,0
0.93029886,0.06970111,0
0.9694315,0.030568495,0
0.6231306,0.37686944,1
0.9192898,0.08071017,0
0.96433175,0.035668217,0
0.7364147,0.26358533,0
0.1442733,0.85572666,1
0.08630825,0.9136918,1
0.1569362,0.84306383,1
0.025815666,0.97418433,1
0.026595404,0.9734046,1
0.061045602,0.93895435,1
0.10332176,0.89667827,1
0.1922483,0.8077517,1
0.22467268,0.7753274,1
0.9395899,0.060410082,0
0.09926013,0.90073985,1
0.08432854,0.91567147,1
0.08875239,0.91124755,1
0.09052025,0.90947974,1
0.089527816,0.91047215,1
0.09082167,0.90917826,1
0.1274373,0.87256265,1
0.9316776,0.06832241,0
0.06147277,0.9385272,1
0.07899367,0.9210064,0
0.011886487,0.98811346,1
0.014431484,0.98556846,1
0.01394791,0.98605204,1
0.05717667,0.9428233,1
0.06799583,0.93200415,0
0.0910165,0.9089835,0
0.08768313,0.9123169,1
0.74915177,0.25084826,0
0.10682532,0.89317465,0
0.08689541,0.9131046,0
0.12833637,0.8716636,0
0.3692551,0.6307449,0
0.35684493,0.6431551,0
0.9431188,0.05688122,0
0.65252566,0.34747437,1
0.04252386,0.9574761,1
0.09718266,0.90281725,1
0.051283997,0.94871604,1
0.12348555,0.87651443,0
0.9586107,0.041389238,0
0.9977598,0.0022401495,0
0.9948087,0.0051912637,0
0.03748015,0.9625199,0
0.00482389,0.9951761,1
0.021295253,0.9787048,0
0.0033856009,0.9966144,1
0.0035539442,0.9964461,1
0.00461934,0.99538064,1
0.004833546,0.9951664,1
0.004705167,0.99529487,1
0.024351828,0.9756481,1
0.08337091,0.9166291,1
0.08757721,0.9124228,1
0.05898427,0.9410158,1
0.16340101,0.836599,0
0.9632398,0.03676023,0
0.96373284,0.036267184,0
0.49906886,0.50093114,0
0.52527595,0.47472405,0
0.9616452,0.03835486,0
0.96336627,0.036633722,0
0.9479465,0.05205344,0
0.2709489,0.7290511,1
0.31634158,0.6836584,1
0.14454018,0.8554598,1
0.9441728,0.05582716,0
0.9489824,0.05101756,0
0.94323057,0.05676939,0
0.6678598,0.33214024,1
0.9359599,0.0640401,0
0.1311906,0.86880946,1
0.11211406,0.8878859,1
0.081517965,0.918482,1
0.33363283,0.6663671,1
0.23055193,0.76944804,1
0.83722526,0.16277471,0
0.44316465,0.55683535,1
0.32235092,0.677649,1
0.5701196,0.42988038,1
0.7357972,0.2642028,1
0.17712961,0.8228704,1
0.036301903,0.963698,1
0.077233255,0.9227668,1
0.17327413,0.82672584,1
0.12419002,0.87581,1
0.14710088,0.8528992,1
0.77160734,0.22839268,0
0.034438565,0.9655615,1
0.049325563,0.9506745,1
0.27910978,0.7208902,0
0.9505365,0.049463503,0
0.34491938,0.6550806,0
0.9971343,0.002865684,0
0.94672036,0.053279616,0
0.9945984,0.005401646,0
0.98746836,0.012531685,0
0.9659674,0.034032512,0
0.112230845,0.88776916,1
0.12886915,0.8711309,1
0.94386417,0.05613578,0
0.20888259,0.7911174,1
0.9821838,0.017816175,0
0.016070217,0.98392975,1
0.34427676,0.6557233,0
0.109739445,0.8902605,1
0.0035423855,0.99645764,1
0.8533639,0.14663611,0
0.93341345,0.06658659,0
0.40682703,0.59317297,1
0.84900606,0.15099387,0
0.8290943,0.17090563,0
0.1608064,0.83919364,1
0.17199162,0.8280084,1
0.9088794,0.091120616,0
0.113079995,0.88692,1
0.054208852,0.9457912,1
0.05848658,0.9415134,1
0.025656303,0.97434366,1
0.02700315,0.9729969,1
0.024523268,0.9754767,1
0.029323004,0.97067696,1
0.635798,0.36420196,0
0.96562827,0.034371752,0
0.96862125,0.03137873,0
0.5004054,0.49959463,0
0.71443063,0.2855694,0
0.20093608,0.7990639,1
0.33922145,0.6607785,1
0.17710635,0.8228936,1
0.13762859,0.8623714,1
0.9431784,0.056821607,0
0.3552971,0.644703,1
0.7258416,0.27415845,1
0.6673244,0.33267555,1
0.40026954,0.59973043,1
0.4333943,0.5666057,1
0.5745233,0.4254767,1
0.90712523,0.09287471,0
0.8541356,0.14586441,0
0.7150175,0.28498253,1
0.8096653,0.19033465,0
0.9232725,0.07672754,0
0.7363644,0.2636356,0
0.28058505,0.7194149,1
0.051244542,0.94875544,1
0.9317065,0.06829358,0
0.93440294,0.06559708,0
0.567553,0.43244702,1
0.9354486,0.06455146,0
0.9258175,0.07418258,0
0.9930347,0.0069652796,0
0.9925305,0.007469412,0
0.7344702,0.2655298,1
0.19466579,0.80533427,1
0.08751206,0.9124879,1
0.31038743,0.6896125,1
0.34494638,0.6550537,1
0.9187059,0.081294075,0
0.99723214,0.00276788,0
0.18426454,0.8157355,1
0.06603451,0.9339655,1
0.11413479,0.8858653,1
0.10392541,0.89607465,1
0.10992539,0.8900746,1
0.11385737,0.8861426,1
0.05794877,0.94205123,1
0.082194984,0.9178051,1
0.09684405,0.9031559,1
0.99813914,0.0018608706,0
0.9974316,0.0025684508,0
0.9912606,0.008739438,0
0.78333664,0.21666335,0
0.003143752,0.9968562,1
0.00397806,0.9960219,1
0.003683689,0.9963163,1
0.004310781,0.9956892,1
0.0043605557,0.99563944,1
0.0032812576,0.9967187,1
0.789056,0.21094403,0
0.24865404,0.751346,1
0.07506237,0.9249376,1
0.10820257,0.8917974,1
0.027717376,0.9722827,1
0.11503206,0.88496786,1
0.0493005,0.95069945,1
0.05367056,0.9463295,1
0.15484886,0.8451512,1
0.8536337,0.14636627,0
0.9685657,0.03143435,0
0.7307254,0.26927456,0
0.06997109,0.9300289,1
0.034802314,0.9651976,1
0.03253552,0.9674645,1
0.6267485,0.37325153,0
0.10284373,0.8971563,1
0.10490263,0.8950974,1
0.14548549,0.8545145,1
0.8984259,0.10157412,0
0.9528995,0.047100425,0
0.68770975,0.31229028,0
0.46887884,0.53112113,0
0.4602933,0.5397067,0
0.11020056,0.8897994,1
0.47821578,0.5217841,0
0.7820933,0.21790674,0
0.14321233,0.85678774,1
0.92284435,0.0771557,0
0.9078188,0.092181236,0
0.74047303,0.259527,0
0.6722794,0.32772055,0
0.6437785,0.35622147,0
0.031245269,0.9687547,1
0.031284124,0.9687159,1
0.01996429,0.9800357,1
0.87742853,0.12257148,0
0.8168289,0.1831711,0
0.22776833,0.77223164,1
0.7860703,0.2139297,0
0.93523824,0.06476173,0
0.8915889,0.108411096,0
0.9350665,0.06493346,0
0.8949687,0.10503129,0
0.64218193,0.35781804,1
0.08104979,0.91895026,1
0.095740795,0.90425915,1
0.94546425,0.05453572,0
0.9892579,0.010742077,0
0.98805094,0.011948988,0
0.15597753,0.8440224,1
0.96020234,0.039797682,0
0.12290989,0.8770901,1
0.9592375,0.04076248,0
0.9883476,0.011652441,0
0.98542225,0.014577701,0
0.23523661,0.76476336,1
0.0063136467,0.9936864,1
0.015126352,0.98487365,1
0.055975284,0.9440247,1
0.0031760358,0.996824,1
0.77154136,0.22845867,0
0.86130744,0.13869254,0
0.15010524,0.8498948,1
0.12150619,0.8784938,1
0.09417174,0.90582824,1
0.06841312,0.93158686,1
0.9163547,0.08364534,0
0.9534905,0.046509538,0
0.7524678,0.24753222,0
0.92645603,0.07354401,0
0.8757429,0.12425717,0
0.16753888,0.83246106,1
0.6168293,0.38317072,1
0.9370558,0.06294417,0
0.93865734,0.061342638,0
0.9119554,0.08804456,0
0.9570672,0.04293282,0
0.939366,0.060633942,0
0.14417441,0.8558256,1
0.12086213,0.8791379,1
0.08214758,0.91785234,1
0.081662685,0.9183373,1
0.07892641,0.9210736,1
0.07901592,0.920984,1
0.091509745,0.90849024,1
0.08393814,0.91606194,1
0.7307845,0.26921552,0
0.9249964,0.07500363,0
0.88894314,0.111056894,0
0.079553396,0.92044663,0
0.08760755,0.91239244,1
0.025478773,0.9745213,1
0.036596805,0.9634032,1
0.04443178,0.95556825,1
0.53144854,0.46855143,0
0.09329009,0.9067099,0
0.9330018,0.066998154,0
0.6508072,0.34919286,0
0.9276066,0.07239335,0
0.92399716,0.07600286,0
0.21289295,0.787107,1
0.06883846,0.9311615,1
0.70583504,0.29416496,0
0.69228023,0.30771977,0
0.8905836,0.10941637,0
0.94271046,0.05728956,0
0.93803555,0.06196442,0
0.9362533,0.063746646,0
0.9088155,0.09118449,0
0.92681235,0.07318765,0
0.886672,0.11332801,0
0.095487505,0.90451247,1
0.12726472,0.8727353,1
0.97061193,0.029388031,0
0.9858079,0.014192114,0
0.12055114,0.87944883,1
0.118308775,0.8816912,1
0.12801597,0.87198406,1
0.9974636,0.0025364403,0
0.617291,0.382709,0
0.13849843,0.8615016,1
0.12541005,0.87459,1
0.0040426366,0.9959573,1
0.31195065,0.6880493,1
0.0104088,0.9895912,1
0.12114089,0.8788591,1
0.7092386,0.2907614,0
0.13471,0.86529005,1
0.14714591,0.8528541,0
0.57813436,0.42186567,0
0.6140528,0.3859473,0
0.9464087,0.053591333,0
0.64986056,0.3501395,0
0.7272086,0.2727914,0
0.68825513,0.31174487,0
0.2913663,0.7086337,1
0.7277506,0.2722494,0
0.7544665,0.24553356,0
0.78522813,0.21477187,0
0.7894149,0.21058518,0
0.9328141,0.06718588,0
0.94274634,0.05725367,0
0.46228343,0.53771657,1
0.4791801,0.5208199,1
0.7837923,0.21620771,1
0.12644415,0.87355584,1
0.17605868,0.8239413,1
0.61813694,0.38186303,0
0.87556946,0.124430545,0
0.8914023,0.10859772,0
0.9216226,0.07837744,0
0.9166283,0.083371766,0
0.7514018,0.24859823,1
0.73398,0.26602003,0
0.633809,0.36619106,0
0.7293373,0.2706628,0
0.90062183,0.09937812,0
0.92347515,0.07652485,0
0.9329926,0.06700741,0
0.93496615,0.0650339,0
0.9333449,0.06665511,0
0.913859,0.08614103,0
0.9042919,0.095708095,0
0.7356105,0.26438946,1
0.6625587,0.33744135,1
0.16657905,0.8334209,1
0.14813939,0.85186064,1
0.9350408,0.06495924,0
0.95022076,0.049779247,0
0.9336115,0.066388436,0
0.8997161,0.10028394,0
0.12938757,0.8706124,1
0.110202014,0.889798,1
0.10277832,0.8972217,1
0.20663446,0.7933656,1
0.9090622,0.09093778,0
0.95176744,0.04823258,0
0.9911074,0.008892603,0
0.84206367,0.15793633,0
0.8350604,0.16493954,0
0.90576893,0.09423102,0
0.9265229,0.073477104,0
0.9103532,0.08964681,1
0.9232917,0.07670838,1
0.8734183,0.12658168,1
0.9144989,0.08550104,0
0.9008675,0.099132456,0
0.8962238,0.10377619,0
0.88126683,0.11873322,1
0.8309503,0.16904967,1
0.61399984,0.3860002,1
0.53449863,0.46550137,1
0.62243116,0.3775688,1
0.9518769,0.048123095,0
0.6183699,0.38163012,1
0.7803532,0.21964683,1
0.98174435,0.01825561,0
0.72357535,0.27642465,1
0.24494703,0.7550529,1
0.095480464,0.9045195,1
0.079297,0.920703,1
0.09730029,0.9026997,1
0.16931495,0.830685,1
0.1693929,0.83060706,1
0.18604112,0.8139589,1
0.94036925,0.059630767,0
0.9505605,0.04943951,0
0.998642,0.0013579412,0
0.9290152,0.07098482,0
0.90740806,0.092591986,0
0.24624106,0.7537589,0
0.7841145,0.21588552,0
0.78950626,0.21049371,0
0.9050311,0.094969,0
0.9334289,0.066571034,0
0.9333665,0.066633545,0
0.788268,0.21173196,0
0.72558004,0.27441993,0
0.8600283,0.13997161,1
0.88380826,0.116191685,0
0.8839728,0.11602713,0
0.8654862,0.13451383,1
0.9207575,0.07924252,1
0.9022155,0.097784586,1
0.7631605,0.23683947,1
0.8637353,0.1362646,0
0.75093836,0.24906158,0
0.6865969,0.3134031,0
0.7177283,0.2822717,0
0.2928241,0.7071759,1
0.72371405,0.27628598,1
0.29196677,0.70803326,1
0.14689183,0.8531081,1
0.13753447,0.86246556,1
0.12315603,0.8768439,1
0.936301,0.063699014,0
0.84807205,0.15192795,0
0.8786148,0.12138523,0
0.77708346,0.2229166,0
0.84558696,0.15441303,0
0.09752516,0.9024748,1
0.1091877,0.8908123,1
0.9492639,0.050736092,0
0.9980385,0.0019616056,0
0.2107281,0.78927195,1
0.82562864,0.17437144,0
0.479656,0.52034396,1
0.011624306,0.98837566,1
0.019695278,0.9803048,1
0.84479326,0.15520674,0
0.034803342,0.96519667,1
0.6061434,0.3938566,1
0.8489447,0.15105525,0
0.85184926,0.14815073,0
0.8907701,0.10922994,0
0.88778466,0.11221532,0
0.96312445,0.036875527,0
0.95462114,0.045378912,0
0.639062,0.36093804,0
0.04126442,0.9587355,1
0.41371584,0.58628416,1
0.7843434,0.2156565,0
0.93828106,0.061718926,0
0.14700447,0.8529955,1
0.90217024,0.09782975,0
0.898271,0.10172897,0
0.882935,0.11706502,0
0.8518066,0.14819348,0
0.89963156,0.100368425,0
0.9685278,0.031472202,0
0.9299424,0.07005755,0
0.6098613,0.39013872,1
0.9968804,0.0031195842,0
0.80516356,0.19483638,1
0.7423497,0.2576503,1
0.6199537,0.38004628,1
0.83523494,0.16476505,1
0.85077757,0.14922248,0
0.84230703,0.15769301,1
0.81485593,0.18514404,1
0.91868263,0.08131739,0
0.7337746,0.26622546,1
0.72927815,0.27072188,0
0.032555725,0.9674443,1
0.09372067,0.9062794,1
0.8018054,0.19819461,0
0.8143049,0.18569514,0
0.7622191,0.23778094,1
0.92636395,0.07363604,0
0.6723515,0.32764852,0
0.106097,0.89390296,1
0.03242656,0.9675734,1
0.3000826,0.6999174,1
0.3462583,0.65374166,0
0.34630358,0.6536964,1
0.16892852,0.8310715,1
0.44178316,0.5582168,1
0.48932463,0.5106754,1
0.1752657,0.8247343,1
0.11329337,0.8867066,1
0.5394383,0.46056166,0
0.9456568,0.0543433,0
0.9334372,0.06656273,0
0.88930935,0.11069066,0
0.7077446,0.29225537,0
0.6627456,0.33725446,0
0.41605294,0.58394706,1
0.11189919,0.88810086,1
0.0281271,0.97187287,1
0.031741656,0.9682584,1
0.036221,0.963779,1
0.051038723,0.94896126,1
0.9913424,0.008657575,0
0.7189221,0.2810779,0
0.7406657,0.25933436,0
0.10733075,0.8926692,1
0.020481598,0.97951835,1
0.02025825,0.9797418,1
0.012113937,0.9878861,1
0.12692071,0.8730793,0
0.08779487,0.9122051,1
0.88832855,0.11167143,0
0.9027205,0.09727948,0
0.038669173,0.9613308,1
0.086464375,0.91353565,0
0.6031122,0.39688784,0
0.8592374,0.14076263,0
0.94151807,0.05848193,0
0.93738794,0.06261198,0
0.8359318,0.16406818,0
0.2076052,0.79239476,0
0.9664714,0.03352868,0
0.89565885,0.1043412,0
0.8267323,0.1732677,0
0.83325016,0.16674979,0
0.8643343,0.1356657,0
0.90734833,0.092651606,0
0.9148449,0.08515512,0
0.86961776,0.13038222,0
0.8616663,0.13833362,0
0.86597574,0.13402434,1
0.94477254,0.055227417,0
0.96576214,0.03423785,0
0.80940384,0.19059613,0
0.58031416,0.4196858,1
0.5120214,0.48797855,1
0.6178036,0.38219643,1
0.8096412,0.19035886,0
0.838226,0.16177396,0
0.8951296,0.10487037,0
0.87509865,0.12490137,0
0.9173823,0.082617655,1
0.91639614,0.083603874,0
0.9207886,0.07921137,0
0.93432695,0.06567307,0
0.6874732,0.31252685,1
0.0320272,0.96797276,1
0.009671294,0.9903287,1
0.005865684,0.99413437,1
0.15182425,0.8481758,1
0.2285699,0.7714301,1
0.93909574,0.060904272,0
0.87379456,0.12620541,0
0.8556145,0.14438553,0
0.6829272,0.3170728,0
0.01824505,0.98175496,1
0.10783098,0.89216894,0
0.13699485,0.8630051,1
0.55484754,0.4451525,1
0.7222826,0.27771744,0
0.9571586,0.04284137,0
0.99804294,0.0019569767,0
0.91607463,0.08392534,0
0.8893184,0.11068158,0
0.6889513,0.31104863,0
0.67298794,0.32701206,1
0.45814267,0.54185736,1
0.2776974,0.72230256,1
0.014065359,0.9859346,1
0.08701459,0.91298544,1
0.5197376,0.4802624,0
0.26393196,0.736068,1
0.96110326,0.038896747,0
0.76972204,0.23027794,0
0.7333907,0.26660925,0
0.08675409,0.913246,1
0.09839157,0.9016084,1
0.028433826,0.97156614,1
0.07536329,0.92463666,1
0.28239647,0.7176035,1
0.656332,0.34366798,0
0.751402,0.24859798,0
0.10858469,0.89141524,1
0.69721293,0.30278707,1
0.94533074,0.054669295,0
0.85287905,0.14712094,0
0.7663696,0.23363042,0
0.6209234,0.37907666,1
0.7367926,0.26320744,0
0.20709042,0.79290956,1
0.9371098,0.06289022,0
0.8302329,0.16976704,0
0.8018346,0.19816542,0
0.029345924,0.9706541,1
0.07701961,0.9229804,1
0.027034124,0.97296584,1
0.8174723,0.18252766,0
0.92374444,0.07625555,0
0.9451944,0.054805584,0
0.811443,0.18855706,0
0.7553042,0.24469578,0
0.73571265,0.26428738,0
0.56431144,0.43568859,0
0.5334274,0.46657252,0
0.5179322,0.48206782,0
0.49672893,0.5032711,0
0.46351847,0.53648156,0
0.63859516,0.3614048,0
0.8580491,0.14195089,0
0.86203754,0.1379624,0
0.9197389,0.08026116,0
0.92349315,0.07650686,0
0.8789788,0.121021196,1
0.88501066,0.11498936,1
0.7131818,0.2868183,1
0.7725247,0.22747527,0
0.75173676,0.24826324,0
0.63060635,0.3693937,0
0.5706024,0.4293975,0
0.58984,0.41015995,0
0.7861541,0.21384588,0
0.82787913,0.1721208,0
0.8566281,0.14337184,0
0.8919834,0.108016565,0
0.78500473,0.2149952,0
0.27746457,0.72253543,1
0.5248473,0.4751526,0
0.2976936,0.7023064,1
0.62992066,0.3700794,0
0.6861296,0.31387034,0
0.70532143,0.29467854,0
0.39102682,0.6089732,1
0.18937747,0.8106225,1
0.062802926,0.937197,1
0.04006736,0.95993257,1
0.03615384,0.9638462,1
0.117210194,0.88278985,0
0.07519268,0.9248073,1
0.22531039,0.7746896,0
0.012717899,0.9872821,1
0.01060466,0.9893953,1
0.014369046,0.9856309,1
0.1171758,0.8828242,1
0.45957482,0.5404252,1
0.15776442,0.84223557,1
0.91919607,0.0808039,0
0.8136704,0.18632962,0
0.8034795,0.19652052,0
0.0156141305,0.9843859,1
0.0108932,0.98910683,1
0.02099131,0.97900873,1
0.14076293,0.8592371,1
0.8406166,0.15938337,0
0.3070179,0.6929821,0
0.009784167,0.9902158,1
0.008876145,0.9911239,1
0.008999656,0.99100035,1
0.015108759,0.98489124,1
0.08214055,0.9178594,1
0.08658359,0.9134164,1
0.13243003,0.86757,0
0.10903784,0.8909621,0
0.1544517,0.8455482,0
0.17517397,0.82482606,0
0.11674272,0.88325727,0
0.01767604,0.982324,1
0.017955512,0.98204446,1
0.09408136,0.9059186,1
0.0906811,0.9093189,0
0.10045259,0.8995474,0
0.123792365,0.87620765,0
0.17258182,0.8274182,0
0.3894326,0.61056733,0
0.5617422,0.43825787,0
0.10126816,0.8987319,0
0.42059273,0.57940733,0
0.73299104,0.267009,0
0.5731595,0.42684048,1
0.7139742,0.28602582,0
0.8689191,0.13108094,0
0.85222304,0.1477769,0
0.7201551,0.27984488,0
0.68942845,0.31057158,0
0.54979086,0.45020917,1
0.074912556,0.92508745,1
0.4268625,0.57313746,1
0.6649905,0.33500955,0
0.77236086,0.22763921,0
0.71302646,0.2869735,0
0.9194309,0.080569066,0
0.93277,0.06722993,0
0.8845184,0.11548154,0
0.83730674,0.16269323,0
0.69180185,0.3081981,0
0.07633803,0.923662,1
0.1569555,0.8430445,1
0.6927637,0.30723634,0
0.5078404,0.49215963,0
0.30120015,0.6987998,1
0.40857053,0.5914294,0
0.0923351,0.9076649,1
0.049765106,0.9502349,1
0.015516774,0.9844832,1
0.042037603,0.95796245,1
0.042263344,0.9577366,1
0.05048277,0.94951725,1
0.024252886,0.9757471,1
0.0233083,0.9766917,1
0.026816206,0.9731838,1
0.21030279,0.78969723,1
0.23922653,0.7607735,1
0.95257175,0.04742825,0
0.97306335,0.026936652,0
0.88502914,0.11497087,0
0.020251503,0.97974855,1
0.08093767,0.9190623,1
0.5123918,0.48760813,0
0.6474919,0.35250816,0
0.5953224,0.40467763,1
0.60142666,0.39857334,1
0.13426277,0.86573726,1
0.88060224,0.11939779,0
0.93541247,0.064587526,0
0.95747316,0.042526875,0
0.9181567,0.08184338,0
0.68787557,0.31212446,1
0.6171328,0.38286725,1
0.10378521,0.8962148,1
0.05781449,0.94218546,1
0.35173032,0.6482697,1
0.4012081,0.59879184,1
0.15665348,0.84334654,1
0.26476905,0.73523086,1
0.9003823,0.09961769,0
0.89838344,0.10161654,0
0.60726273,0.39273727,0
0.12064786,0.87935215,1
0.063509755,0.9364903,1
0.0701501,0.92984986,1
0.0895053,0.9104947,1
0.09111208,0.90888786,1
0.096426,0.90357405,1
0.189005,0.810995,1
0.26460376,0.73539627,0
0.281512,0.71848804,1
0.31885898,0.681141,0
0.9314441,0.0685559,0
0.7810756,0.2189244,0
0.6451561,0.35484388,0
0.69373786,0.30626217,0
0.02271634,0.97728366,1
0.014315577,0.9856844,1
0.8028509,0.19714908,0
0.6791557,0.32084432,0
0.009170091,0.99082994,1
0.018574812,0.98142517,1
0.0582049,0.9417952,1
0.06667252,0.93332744,1
0.3559328,0.64406717,0
0.71067804,0.2893219,0
0.9133444,0.08665564,0
0.854056,0.14594403,0
0.07188374,0.92811626,1
0.07820476,0.92179525,1
0.4633727,0.53662735,0
0.26325738,0.7367427,0
0.17299053,0.82700944,0
0.3734479,0.6265521,0
0.5032088,0.49679115,0
0.98810136,0.0118986415,0
0.9986368,0.0013632138,0
0.99867696,0.0013229809,0
0.015326569,0.9846734,1
0.023614021,0.97638595,1
0.02485957,0.9751404,1
0.036086164,0.96391386,1
0.2684328,0.73156726,1
0.12920424,0.8707957,1
0.6504218,0.34957817,0
0.37827274,0.6217273,1
0.7397779,0.26022214,0
0.47410226,0.52589774,1
0.07462967,0.92537034,1
0.15809807,0.8419019,1
0.085807905,0.9141921,1
0.059482325,0.94051766,1
0.9459403,0.05405968,0
0.19111647,0.80888355,1
0.7715058,0.22849421,0
0.2844871,0.71551293,1
0.9572307,0.04276931,0
0.6508175,0.34918255,0
0.3233514,0.67664856,1
0.643592,0.35640794,0
0.4293973,0.57060266,0
0.07397954,0.92602044,1
0.07039324,0.9296068,1
0.05930677,0.9406932,1
0.20070834,0.7992916,1
0.17197257,0.82802737,1
0.8673525,0.13264757,0
0.9379418,0.06205817,0
0.24275053,0.7572495,1
0.017265474,0.9827345,1
0.01779812,0.9822019,1
0.0169599,0.98304015,1
0.02279622,0.9772037,1
0.021376727,0.9786233,1
0.47963777,0.52036226,0
0.7241019,0.27589816,0
0.9384456,0.061554376,0
0.9352381,0.06476186,0
0.89682186,0.10317819,0
0.8450663,0.15493374,0
0.7521105,0.24788947,0
0.19360994,0.80639005,1
0.24656303,0.75343704,0
0.13918807,0.86081195,0
0.20965451,0.79034543,1
0.008239431,0.9917605,1
0.04748767,0.95251226,1
0.08315258,0.91684747,1
0.71590805,0.28409192,0
0.8535843,0.1464157,0
0.53714794,0.4628521,1
0.012508969,0.987491,1
0.009807159,0.9901929,1
0.0151715465,0.9848284,1
0.04201406,0.957986,1
0.9804285,0.019571558,0
0.9702894,0.029710624,0
0.5898997,0.4101003,0
0.005708018,0.994292,1
0.005160681,0.9948394,1
0.0053619654,0.994638,1
0.0061185025,0.99388146,1
0.49686256,0.5031374,0
0.62022954,0.37977043,0
0.080491155,0.9195088,1
0.2625745,0.73742557,1
0.57395846,0.42604154,1
0.93576187,0.064238176,0
0.87784696,0.122153014,0
0.93447506,0.065524906,0
0.32716334,0.67283666,1
0.15759285,0.84240717,1
0.15033366,0.84966636,1
0.3481563,0.6518437,1
0.6328308,0.3671692,0
0.30828592,0.69171405,1
0.94595736,0.05404264,0
0.95154387,0.04845615,0
0.9707846,0.029215379,0
0.73897165,0.2610284,1
0.6153901,0.38460985,1
0.56683254,0.43316743,1
0.07521134,0.92478865,1
0.10015653,0.89984345,1
0.88680834,0.113191694,0
0.91193426,0.088065736,0
0.9162483,0.08375168,0
0.9442557,0.055744343,0
0.94741386,0.052586123,0
0.9922489,0.0077510797,0
0.6536063,0.34639367,1
0.41315696,0.5868431,1
0.031568136,0.96843183,1
0.096890144,0.90310985,1
0.9113927,0.088607244,0
0.8554773,0.1445228,0
0.7611361,0.23886392,0
0.99804926,0.0019507088,0
0.8522919,0.1477081,0
0.6701721,0.3298279,1
0.84097147,0.15902852,0
0.4047809,0.5952191,1
0.009904394,0.9900956,1
0.043219592,0.95678043,1
0.39002007,0.6099799,0
0.13417351,0.86582655,1
0.037695166,0.9623049,1
0.10616846,0.89383155,1
0.13446099,0.86553895,1
0.14978755,0.8502124,1
0.43580928,0.5641907,1
0.42733383,0.5726661,1
0.67346185,0.32653812,0
0.95037204,0.049627926,0
0.72905076,0.2709492,0
0.024512641,0.97548735,1
0.023093147,0.97690684,1
0.28890535,0.7110947,0
0.0373687,0.9626313,1
0.08408633,0.9159137,1
0.0747425,0.92525744,1
0.26453066,0.7354694,0
0.26017192,0.73982805,0
0.30503976,0.69496024,0
0.07463823,0.92536175,1
0.006304272,0.9936957,1
0.015004047,0.98499596,1
0.8739797,0.12602034,0
0.7747425,0.22525746,0
0.7203534,0.27964655,0
0.09902251,0.90097755,1
0.019649815,0.98035026,1
0.014091206,0.9859088,1
0.50243413,0.49756584,0
0.9049542,0.0950458,0
0.8973373,0.102662645,0
0.91106945,0.088930555,0
0.9800903,0.019909607,0
0.9876488,0.012351144,0
0.77529186,0.22470817,0
0.3427843,0.6572157,0
0.042032763,0.9579673,1
0.028450502,0.9715495,1
0.026904324,0.97309566,1
0.03667163,0.9633284,1
0.03513749,0.96486247,1
0.9499901,0.050009876,0
0.8699719,0.13002813,0
0.94319516,0.056804873,0
0.961709,0.03829096,0
0.99694365,0.0030563723,0
0.7391165,0.2608835,0
0.6161079,0.38389212,1
0.49238628,0.5076137,1
0.64932656,0.35067344,0
0.39958283,0.60041714,1
0.19096124,0.80903876,1
0.03514525,0.9648547,1
0.37416622,0.6258338,1
0.5540814,0.44591856,0
0.08400791,0.9159921,1
0.23509353,0.7649064,1
0.7492467,0.25075334,0
0.78570735,0.21429257,0
0.9472677,0.052732296,0
0.89825755,0.10174243,0
0.9960056,0.003994435,0
0.4577409,0.54225916,1
0.5148308,0.48516923,1
0.28476527,0.71523476,1
0.1771116,0.8228884,1
0.92253655,0.07746349,0
0.739296,0.26070395,0
0.8973867,0.10261323,0
0.9429069,0.057093058,0
0.6013519,0.3986481,1
0.5116483,0.48835167,1
0.35520658,0.64479345,1
0.47114334,0.52885664,0
0.12959632,0.8704037,1
0.0073639923,0.992636,1
0.007522947,0.9924771,1
0.0071531003,0.9928469,1
0.0076773455,0.9923226,1
0.73274934,0.26725066,0
0.7376161,0.2623839,0
0.114070095,0.8859299,0
0.09646717,0.9035328,0
0.09532055,0.9046795,0
0.14938448,0.85061556,0
0.4283904,0.5716096,0
0.98966205,0.010337979,0
0.7171322,0.28286785,1
0.047424346,0.9525757,1
0.023967233,0.97603273,1
0.006371913,0.99362814,1
0.005560369,0.9944396,1
0.005491954,0.9945081,1
0.0053786994,0.9946213,1
0.9197538,0.0802462,0
0.88699764,0.11300233,0
0.9870084,0.01299163,0
0.745454,0.25454602,0
0.64817625,0.35182378,0
0.011376329,0.9886236,1
0.38831466,0.61168534,0
0.39095926,0.60904074,0
0.5995508,0.40044916,0
0.58104646,0.4189535,0
0.7437865,0.25621346,1
0.7008364,0.29916358,1
0.9589143,0.041085675,0
0.957964,0.042036008,0
0.9950027,0.0049972553,0
0.6236385,0.37636155,1
0.40778044,0.59221953,1
0.15681635,0.84318364,1
0.02526494,0.9747351,1
0.023567814,0.9764322,1
0.026038988,0.973961,1
0.02778036,0.9722197,1
0.7909871,0.20901294,0
0.8382033,0.16179673,0
0.9968701,0.0031298522,0
0.3906096,0.60939044,0
0.29249066,0.7075093,1
0.06901819,0.9309818,1
0.40572006,0.59427994,0
0.3831694,0.61683065,0
0.42484537,0.57515466,0
0.50331944,0.4966805,0
0.8017557,0.1982443,0
0.9099878,0.09001217,0
0.9584515,0.04154855,0
0.9629293,0.03707065,0
0.9508043,0.049195696,0
0.9447917,0.055208284,0
0.033656258,0.96634376,1
0.016044807,0.9839552,1
0.14352372,0.8564763,1
0.11262274,0.88737726,1
0.28642797,0.713572,1
0.45208538,0.54791456,1
0.5099715,0.49002853,1
0.9135573,0.08644278,0
0.9192504,0.08074955,0
0.998412,0.0015879294,0
0.62238795,0.3776121,1
0.8707094,0.12929061,0
0.532774,0.46722606,1
0.9825294,0.017470587,0
0.9960594,0.0039405543,0
0.9980994,0.001900656,0
0.9567548,0.04324515,0
0.60611826,0.39388177,0
0.63879275,0.36120725,0
0.5922477,0.40775228,0
0.38167217,0.61832786,0
0.13536394,0.8646361,1
0.090725936,0.9092741,1
0.3830808,0.61691916,1
0.5074489,0.492551,1
0.9986833,0.0013167408,0
0.9981896,0.0018103074,0
0.98722583,0.012774201,0
0.15330535,0.84669465,1
0.00992482,0.9900752,1
0.11572736,0.88427263,1
0.027025796,0.9729742,1
0.2393139,0.76068616,1
0.028413067,0.97158694,1
0.4925736,0.5074264,1
0.71743727,0.2825627,1
0.8705819,0.12941805,0
0.93439096,0.065609,0
0.9968581,0.0031418817,0
0.84479517,0.1552048,1
0.41657063,0.58342934,1
0.0200378,0.9799622,1
0.10041171,0.89958835,1
0.5896784,0.41032156,1
0.612081,0.38791904,1
0.13278475,0.8672153,1
0.8425766,0.15742338,0
0.87583935,0.12416065,0
0.9631937,0.036806334,0
0.6285924,0.3714076,0
0.28617975,0.7138203,1
0.44940653,0.5505935,1
0.8732059,0.12679408,0
0.89074075,0.10925921,0
0.6708255,0.32917452,1
0.6719644,0.3280356,1
0.60787314,0.39212683,1
0.95600957,0.04399046,0
0.9968342,0.0031657654,0
0.9887632,0.011236754,0
0.4268426,0.5731574,1
0.42584762,0.5741524,1
0.4617547,0.53824526,1
0.5297302,0.47026986,0
0.421131,0.57886904,1
0.4829425,0.51705754,1
0.94267476,0.05732522,0
0.939609,0.06039109,0
0.95046693,0.049533144,0
0.9976973,0.0023027544,0
0.71373326,0.2862668,1
0.5028573,0.49714264,1
0.4152231,0.5847769,1
0.21298952,0.7870105,1
0.21294932,0.78705066,1
0.2314239,0.76857615,1
0.2567962,0.74320376,1
0.68504596,0.31495404,0
0.57374394,0.42625606,1
0.91136104,0.08863897,0
0.5754572,0.42454275,1
0.70600396,0.29399607,1
0.56824243,0.4317576,1
0.8767732,0.12322679,0
0.17601149,0.82398856,1
0.3558839,0.64411604,1
0.8835642,0.11643576,0
0.6394224,0.3605776,1
0.8540446,0.14595537,0
0.991293,0.008706959,0
0.9978283,0.0021716612,0
0.919173,0.08082704,0
0.77159286,0.22840708,0
0.614056,0.38594395,0
0.4955811,0.5044189,0
0.17908365,0.8209163,1
0.62424725,0.37575284,0
0.7145705,0.28542948,0
0.55457765,0.44542232,1
0.15474197,0.84525806,1
0.13006194,0.869938,1
0.07396654,0.92603344,1
0.042129464,0.95787054,1
0.23904867,0.76095134,1
0.35912067,0.64087933,1
0.33256197,0.66743803,1
0.38739362,0.6126064,1
0.47171116,0.5282888,1
0.8662804,0.13371962,0
0.97015935,0.029840598,0
0.85919565,0.1408044,1
0.97203785,0.02796211,0
0.99834967,0.0016503313,0
0.99841607,0.0015838697,0
0.94246876,0.05753122,0
0.9280046,0.07199537,0
0.89038676,0.10961327,0
0.80175096,0.19824904,0
0.71211106,0.28788894,0
0.8213403,0.17865974,0
0.79848546,0.20151451,0
0.8630454,0.13695458,0
0.9561083,0.043891698,0
0.97554374,0.02445624,0
0.9883858,0.011614248,0
0.9591839,0.04081613,0
0.92510396,0.07489598,0
0.23842888,0.76157117,1
0.21895055,0.7810495,1
0.97259045,0.027409565,0
0.9979486,0.002051466,0
0.99405116,0.0059487955,0
0.90195954,0.09804046,0
0.88052374,0.11947621,0
0.59956443,0.4004355,1
0.52782065,0.4721793,1
0.5707773,0.42922273,1
0.83054245,0.16945758,1
0.9687122,0.03128773,0
0.9682948,0.031705238,0
0.9633358,0.036664113,0
0.99362224,0.006377806,0
0.5486296,0.45137042,1
0.572639,0.42736098,1
0.61227006,0.38772997,1
0.65482986,0.34517017,1
0.95286644,0.047133546,0
0.99811137,0.001888654,0
0.9984617,0.0015383083,0
0.932054,0.06794599,0
0.6980844,0.30191562,1
0.90258336,0.097416684,0
0.883108,0.116892,0
0.8571147,0.14288536,1
0.8728442,0.12715577,0
0.8705701,0.12942997,0
0.83284426,0.16715576,0
0.99170095,0.008299068,0
0.99828726,0.001712776,0
0.99837685,0.0016230999,0
0.9930347,0.00696529,0
0.9753314,0.024668531,0
0.18483391,0.81516606,1
0.13723835,0.8627616,1
0.22109213,0.7789079,1
0.21985906,0.78014094,1
0.13501406,0.86498594,1
0.28233442,0.7176656,1
0.43511742,0.5648826,1
0.28047687,0.71952313,1
0.20587227,0.79412776,1
0.1484906,0.85150945,1
0.07039441,0.92960554,1
0.24232438,0.75767565,1
0.35993618,0.64006376,1
0.99437684,0.0056231767,0
0.99843806,0.0015619091,0
0.9968573,0.0031426612,0
0.9220675,0.077932484,0
0.1677528,0.8322472,1
0.46244723,0.5375528,1
0.6256456,0.37435445,0
0.6866579,0.31334206,0
0.76329243,0.23670757,0
0.8757392,0.1242608,0
0.9642365,0.035763517,0
0.9890954,0.010904658,0
0.9937117,0.006288266,0
0.9944561,0.0055438858,0
0.9667651,0.033234935,0
0.914685,0.085315034,1
0.64620125,0.35379875,1
0.6566453,0.34335476,1
0.9739671,0.026032886,0
0.9723592,0.027640823,0
0.9699126,0.030087478,0
0.91546386,0.08453614,0
0.02881407,0.971186,1
0.02963267,0.9703673,1
0.030023573,0.96997637,1
0.072493866,0.9275061,1
0.9155334,0.084466584,0
0.9757642,0.024235744,0
0.75580233,0.24419767,0
0.634143,0.36585698,0
0.066424794,0.93357515,1
0.081404306,0.9185956,1
0.08312238,0.9168776,1
0.3652495,0.6347504,0
0.49292877,0.5070712,0
0.5705985,0.42940152,0
0.6497005,0.35029948,0
0.9329569,0.06704312,0
0.9531806,0.046819396,0
0.7679538,0.23204617,0
0.023420598,0.97657937,1
0.0073776403,0.9926224,1
0.0089116115,0.9910884,1
0.006933968,0.9930661,1
0.7503823,0.24961765,0
0.9010375,0.09896246,0
0.98762393,0.012376107,0
0.9969177,0.0030823413,0
0.919445,0.08055501,0
0.9877501,0.012249904,0
0.5412721,0.4587279,0
0.87769413,0.122305915,0
0.87843704,0.121562995,0
0.87636006,0.12363998,0
0.87787783,0.122122146,0
0.855628,0.14437194,0
0.9960452,0.003954802,0
0.99830127,0.0016987239,0
0.99845994,0.0015400435,0
0.97583187,0.024168173,0
0.29879668,0.70120335,1
0.78264534,0.21735469,0
0.18886322,0.8111368,1
0.17556706,0.8244329,1
0.08269485,0.9173052,1
0.5239624,0.47603762,0
0.67271644,0.32728353,0
0.9947738,0.005226273,0
0.9829639,0.01703607,0
0.7704877,0.22951223,0
0.64568156,0.35431844,0
0.6475303,0.35246962,0
0.69130945,0.30869058,0
0.7788937,0.22110629,1
0.97114426,0.028855791,0
0.90172684,0.0982731,1
0.8692067,0.13079332,0
0.83795565,0.16204435,1
0.84871566,0.15128438,1
0.8793302,0.120669775,0
0.8861592,0.11384085,1
0.9270518,0.072948225,0
0.97274333,0.027256658,0
0.27916867,0.7208314,1
0.26317036,0.73682964,1
0.8528577,0.14714222,0
0.323839,0.676161,1
0.84963125,0.15036882,0
0.87064946,0.12935062,0
0.43757698,0.56242305,1
0.94577926,0.054220796,0
0.9532959,0.046704084,0
0.96129507,0.03870496,0
0.71833324,0.28166676,1
0.9663235,0.033676546,0
0.97719747,0.022802575,0
0.97337353,0.026626492,0
0.9725056,0.027494358,0
0.9620549,0.037945107,0
0.97686267,0.023137348,0
0.97948563,0.020514341,0
0.98541105,0.014588938,0
0.9167842,0.08321574,0
0.8835171,0.11648292,0
0.8881763,0.11182368,0
0.538747,0.46125293,1
0.5354384,0.4645616,1
0.7102395,0.28976044,1
0.77905333,0.2209467,1
0.9652264,0.034773592,0
0.9514586,0.048541393,0
0.99707067,0.0029293199,0
0.86414534,0.1358546,0
0.86410797,0.1358921,0
0.8789705,0.12102947,0
0.8881108,0.11188918,0
0.90024686,0.099753186,0
0.9347781,0.06522186,0
0.909534,0.0904661,1
0.9092013,0.09079869,0
0.8784317,0.12156835,1
0.8503787,0.1496213,1
0.8651123,0.1348877,1
0.996881,0.003119042,0
0.9982004,0.0017995001,0
0.99858177,0.0014182633,0
0.99861,0.0013899051,0
0.99836665,0.0016333269,0
0.8593494,0.14065064,1
0.856463,0.14353698,1
0.87383556,0.12616445,0
0.86127645,0.13872352,1
0.85050017,0.14949985,1
0.85920364,0.1407963,1
0.8666417,0.13335831,0
0.83476627,0.16523373,0
0.8066047,0.19339533,1
0.98772395,0.012276033,0
0.9102579,0.08974216,1
0.8798435,0.12015652,1
0.6004901,0.39950994,1
0.6295827,0.3704173,1
0.8444016,0.15559842,0
0.9254075,0.07459245,0
0.83493704,0.165063,0
0.5995375,0.4004625,0
0.9974597,0.0025403183,0
0.63250405,0.36749595,1
0.6737077,0.32629228,1
0.65434915,0.34565082,0
0.63278455,0.3672155,1
0.6351102,0.36488983,1
0.8075757,0.19242424,0
0.7043189,0.29568115,0
0.80064094,0.19935904,1
0.78250045,0.21749954,1
0.775521,0.22447902,1
0.9784662,0.021533791,0
0.9975412,0.002458875,0
0.9982463,0.0017536884,0
0.9985775,0.001422474,0
0.99830806,0.0016918948,0
0.916729,0.083271004,0
0.938099,0.061900996,0
0.94196427,0.058035806,0
0.9496228,0.050377183,0
0.9433296,0.05667042,1
0.9601211,0.039878868,0
0.97744817,0.022551775,0
0.94515544,0.054844525,1
0.97926646,0.020733565,0
0.87831765,0.12168236,1
0.8942502,0.105749786,1
0.31638318,0.68361676,1
0.55123705,0.44876295,1
0.5208083,0.47919178,1
0.60503304,0.39496693,1
0.6354279,0.36457208,1
0.9247547,0.075245276,0
0.92186934,0.07813064,1
0.6246383,0.37536162,1
0.9468449,0.053155188,0
0.96685535,0.033144675,0
0.90891564,0.09108437,0
0.42756128,0.5724387,1
0.90508837,0.094911665,1
0.95324093,0.04675909,0
0.9981218,0.0018781456,0
0.98283434,0.017165627,0
0.41886953,0.5811305,1
0.27442238,0.7255776,1
0.6013531,0.3986469,1
0.65451366,0.34548637,1
0.7328386,0.26716146,1
0.91493267,0.08506734,0
0.9089147,0.09108528,0
0.86761636,0.13238363,0
0.6337434,0.36625662,1
0.8752707,0.12472923,0
0.86525434,0.1347457,0
0.8557727,0.14422731,0
0.83470035,0.16529965,0
0.54564923,0.4543508,1
0.8271758,0.17282422,0
0.87606645,0.1239335,0
0.8868025,0.11319753,0
0.8413312,0.15866883,0
0.7682478,0.23175228,0
0.7976098,0.20239022,0
0.93546224,0.064537704,0
0.991525,0.008475015,0
0.98658216,0.01341788,0
0.76228434,0.23771565,0
0.6973921,0.3026079,0
0.1324228,0.8675772,1
0.17837887,0.8216211,1
0.38855913,0.6114409,0
0.99031925,0.009680789,0
0.65319085,0.34680915,0
0.018127376,0.9818726,1
0.029988887,0.9700112,1
0.24702594,0.7529741,1
0.25508702,0.744913,1
0.09635066,0.9036494,1
0.0126716355,0.98732835,1
0.8580174,0.14198259,0
0.8904086,0.109591395,0
0.91041666,0.08958332,0
0.60219985,0.39780012,0
0.5611109,0.4388891,0
0.63767725,0.36232275,0
0.9178049,0.082195096,0
0.9291064,0.07089367,0
0.14038594,0.85961413,1
0.8023367,0.19766334,1
0.9388191,0.061180845,0
0.89987963,0.10012032,0
0.9171534,0.08284661,0
0.81239074,0.18760929,1
0.80332756,0.19667248,1
0.19963913,0.80036086,1
0.25606638,0.7439337,1
0.20330037,0.79669964,1
0.52502763,0.47497237,0
0.5989547,0.4010453,1
0.46783957,0.5321604,1
0.70791185,0.2920882,1
0.4096787,0.5903213,1
0.82694316,0.17305686,1
0.8726536,0.12734634,1
0.49886924,0.50113076,1
0.6775774,0.3224226,0
0.31010208,0.6898979,1
0.32609513,0.67390484,1
0.089225635,0.91077435,1
0.95006365,0.049936373,0
0.8912753,0.10872477,0
0.73529327,0.26470676,0
0.91248196,0.0875181,0
0.9000379,0.09996213,0
0.5096715,0.49032852,1
0.40753716,0.5924628,1
0.7897536,0.2102464,0
0.9048158,0.095184185,0
0.88904715,0.11095285,0
0.87505674,0.12494328,0
0.8421095,0.15789048,0
0.9288609,0.07113906,0
0.9216298,0.078370266,0
0.90245914,0.09754081,0
0.9685721,0.031427976,0
0.83014315,0.16985688,0
0.7834717,0.21652825,0
0.5041744,0.49582565,1
0.77306217,0.22693788,0
0.6640703,0.33592963,1
0.71731097,0.28268906,1
0.7366661,0.26333398,1
0.7150326,0.28496742,0
0.7185073,0.28149268,1
0.74166375,0.25833622,0
0.9783102,0.021689799,0
0.9843536,0.015646456,0
0.7315283,0.26847175,1
0.34967914,0.6503209,0
0.46676773,0.53323233,0
0.18145128,0.81854874,1
0.14643583,0.85356414,1
0.13373299,0.8662671,1
0.14048971,0.8595103,0
0.9251104,0.07488963,1
0.93024284,0.0697572,1
0.8702958,0.12970416,1
0.37408802,0.6259119,1
0.028817918,0.9711821,1
0.027414516,0.97258544,1
0.43949324,0.5605068,1
0.76581615,0.23418379,0
0.8857153,0.11428466,0
0.9379403,0.06205973,0
0.9155668,0.084433205,0
0.7962738,0.20372616,0
0.6695679,0.33043215,0
0.71667695,0.28332302,0
0.8906091,0.10939084,0
0.9116308,0.08836922,0
0.9012607,0.09873936,0
0.89180255,0.10819741,0
0.55839574,0.44160432,1
0.51222163,0.48777828,1
0.21156728,0.7884327,1
0.51367295,0.48632705,0
0.45365962,0.54634035,1
0.67875004,0.32125,1
0.69884455,0.30115545,1
0.9392475,0.060752545,0
0.7481129,0.25188708,1
0.88944215,0.11055788,0
0.80656224,0.19343777,0
0.9255276,0.07447238,0
0.8902623,0.10973765,0
0.8040508,0.1959492,0
0.71344465,0.28655538,0
0.5626437,0.43735632,0
0.45477685,0.54522324,1
0.46148145,0.53851855,1
0.401794,0.598206,1
0.3918916,0.6081084,1
0.39765933,0.60234064,1
0.4543646,0.54563534,1
0.6213898,0.3786102,1
0.9238909,0.076109044,0
0.8706672,0.12933278,0
0.92684376,0.07315623,0
0.6742815,0.32571846,0
0.5516399,0.44836006,0
0.8798733,0.120126724,0
0.90229374,0.097706184,0
0.8641722,0.13582774,0
0.9171894,0.08281054,0
0.93192655,0.06807348,0
0.94112843,0.058871567,0
0.90035844,0.099641584,0
0.8751512,0.12484875,0
0.81388205,0.186118,0
0.83242285,0.1675772,0
0.8568278,0.14317223,0
0.8747173,0.12528273,0
0.8613843,0.1386157,0
0.83475524,0.16524482,0
0.79924303,0.20075695,0
0.7389055,0.26109454,0
0.73718876,0.26281118,0
0.9223234,0.077676564,0
0.49695766,0.5030424,0
0.3715358,0.62846416,0
0.26058957,0.7394104,1
0.1326563,0.86734366,1
0.27622247,0.7237775,0
0.9962953,0.0037047316,0
0.9971511,0.0028489055,0
0.7868233,0.21317671,0
0.80484444,0.19515558,0
0.043829117,0.9561709,1
0.2663091,0.7336909,1
0.5471855,0.4528146,1
0.5765287,0.42347133,1
0.010842555,0.98915744,1
0.86818004,0.13181998,1
0.9409492,0.05905084,0
0.9653318,0.034668185,0
0.8586603,0.14133972,0
0.78156024,0.21843976,0
0.73649025,0.26350972,1
0.7617188,0.23828119,1
0.8616104,0.13838954,0
0.9159027,0.084097326,0
0.96176165,0.038238414,0
0.9274805,0.07251944,0
0.89998376,0.10001632,0
0.5430571,0.4569429,1
0.9486844,0.05131556,0
0.92850316,0.0714969,0
0.793866,0.20613402,1
0.88978535,0.110214666,0
0.93154144,0.06845853,0
0.9416666,0.058333386,0
0.9109299,0.08907012,0
0.8583524,0.14164758,0
0.48471752,0.51528245,1
0.5111931,0.48880687,0
0.36707157,0.63292843,1
0.41251364,0.5874863,1
0.48305228,0.5169477,0
0.53437203,0.46562797,0
0.08245722,0.91754276,1
0.5685025,0.43149748,1
0.9234244,0.07657555,0
0.9215434,0.07845652,0
0.7043813,0.2956187,1
0.92758524,0.072414786,0
0.8478876,0.15211242,0
0.6856769,0.31432316,1
0.85565716,0.14434285,0
0.8159837,0.18401627,0
0.85308295,0.14691699,1
0.8554866,0.14451344,0
0.8449938,0.15500617,0
0.8727065,0.12729353,0
0.9484727,0.051527325,0
0.68779093,0.31220907,1
0.9128613,0.08713875,0
0.74294746,0.2570525,1
0.90885955,0.09114051,0
0.99680305,0.003196929,0
0.67002964,0.32997036,0
0.5628729,0.43712714,0
0.56504613,0.43495384,0
0.6327308,0.36726925,0
0.7830601,0.21693988,0
0.7514135,0.24858649,0
0.7065337,0.29346636,0
0.07648293,0.92351705,1
0.092961386,0.9070386,1
0.13165689,0.8683431,1
0.2716067,0.72839326,1
0.98856014,0.011439874,0
0.5766798,0.42332017,1
0.55178064,0.44821936,1
0.40234068,0.59765935,1
0.20118946,0.79881054,1
0.6114825,0.38851753,1
0.6311163,0.3688838,1
0.62634414,0.37365583,1
0.54680216,0.45319787,1
0.8651263,0.13487373,0
0.9110557,0.08894437,0
0.94133246,0.058667492,0
0.9556068,0.044393163,0
0.9244567,0.07554331,0
0.8675872,0.1324128,0
0.7805309,0.21946907,0
0.85962874,0.14037123,0
0.87805665,0.12194333,0
0.8987766,0.10122339,0
0.96022046,0.039779577,0
0.94580376,0.05419625,0
0.92157996,0.07842008,0
0.87870085,0.12129921,0
0.8561554,0.14384457,0
0.36538392,0.6346161,1
0.7802494,0.21975058,0
0.83780617,0.1621938,0
0.84415627,0.15584375,0
0.8731601,0.12683985,0
0.8976166,0.10238334,0
0.9523834,0.0476166,0
0.93190426,0.06809573,0
0.9383581,0.061641846,0
0.86857736,0.13142268,0
0.8305804,0.16941963,1
0.08132286,0.91867715,1
0.08817655,0.91182345,1
0.107502006,0.89249796,1
0.10095867,0.89904135,1
0.87473136,0.12526865,0
0.8157612,0.18423882,0
0.98957014,0.010429882,0
0.9954513,0.004548702,0
0.85495526,0.14504476,0
0.20305713,0.7969429,0
0.6024255,0.39757445,0
0.7869959,0.21300407,0
0.090382,0.90961796,1
0.8756513,0.12434872,0
0.88568014,0.11431985,0
0.8664362,0.13356388,0
0.86068016,0.1393198,0
0.8807722,0.11922787,0
0.91654116,0.08345891,0
0.9404574,0.059542634,0
0.9107611,0.089238934,0
0.8168718,0.18312815,0
0.8272327,0.17276727,0
0.18325639,0.8167436,1
0.7884365,0.2115635,0
0.5181647,0.48183525,1
0.7023606,0.29763937,1
0.7000383,0.29996166,1
0.99016654,0.009833373,0
0.9979962,0.0020037908,0
0.99869496,0.0013050883,0
0.11409641,0.8859036,1
0.0992698,0.90073025,1
0.19465767,0.8053423,0
0.118050866,0.8819491,1
0.116563775,0.88343626,1
0.8116108,0.18838917,1
0.99823666,0.0017633463,0
0.75644994,0.24355005,0
0.71401125,0.2859888,1
0.6654255,0.33457446,1
0.63981146,0.36018845,1
0.45273003,0.54727,1
0.6191622,0.38083777,1
0.32042575,0.6795743,1
0.9916432,0.008356838,0
0.9551658,0.04483416,0
0.841852,0.15814805,0
0.31963238,0.6803676,1
0.012189385,0.9878106,1
0.008574793,0.99142516,1
0.007671819,0.9923282,1
0.87091696,0.12908295,0
0.9124578,0.08754216,0
0.9331553,0.06684471,0
0.9766182,0.023381826,0
0.019933274,0.9800668,1
0.027301135,0.9726989,1
0.021490185,0.9785098,1
0.034498423,0.9655016,1
0.07699492,0.9230051,1
0.04599183,0.95400816,0
0.926573,0.07342702,0
0.9973749,0.0026250838,0
0.99500495,0.0049950797,0
0.84778696,0.15221307,0
0.78585994,0.21414003,0
0.44776675,0.5522332,0
0.31715238,0.6828477,0
0.22479986,0.7752001,1
0.12076501,0.879235,1
0.080387674,0.91961235,1
0.92217356,0.07782643,0
0.93344814,0.06655186,0
0.9657032,0.034296837,0
0.9973991,0.0026009306,0
0.89602685,0.10397315,0
0.030102959,0.969897,1
0.066416286,0.9335837,1
0.06592801,0.93407196,1
0.0355405,0.9644595,1
0.021737376,0.97826266,1
0.54529566,0.45470434,0
0.90264165,0.09735834,0
0.95180815,0.0481918,0
0.9410293,0.058970697,0
0.90405035,0.09594969,0
0.022612922,0.977387,1
0.017997958,0.982002,1
0.10182309,0.89817697,1
0.5186427,0.48135725,0
0.46810642,0.53189355,0
0.75151056,0.24848942,0
0.91697574,0.08302423,0
0.88674784,0.113252155,0
0.0093155615,0.9906845,1
0.028400356,0.9715997,1
0.054637957,0.9453621,1
0.011019385,0.98898065,1
0.8778142,0.12218585,0
0.9982864,0.00171358,0
0.99501616,0.00498383,0
0.9976186,0.0023813862,0
0.9839212,0.016078845,0
0.78057915,0.21942082,0
0.3930383,0.6069616,0
0.0065683518,0.9934316,1
0.0065068337,0.99349314,1
0.6682234,0.33177668,0
0.21983069,0.7801693,0
0.63636106,0.363639,0
0.84386826,0.1561318,0
0.85645056,0.14354938,0
0.91173434,0.08826567,0
0.7752199,0.22478011,0
0.8221504,0.17784959,0
0.033663772,0.9663362,0
0.01324557,0.9867545,1
0.055585537,0.94441444,1
0.12013963,0.87986034,0
0.022647932,0.9773521,1
0.19942461,0.8005754,1
0.3882611,0.6117389,0
0.033385035,0.966615,1
0.021339472,0.9786605,1
0.8217275,0.17827244,0
0.91795504,0.082045,0
0.03227885,0.9677212,1
0.0074902773,0.9925097,1
0.06342396,0.936576,1
0.33644304,0.6635569,0
0.4741426,0.5258574,0
0.5039792,0.49602082,0
0.089314066,0.91068596,1
0.7583305,0.2416695,0
0.040323067,0.9596769,1
0.88912725,0.11087272,0
0.8988052,0.101194814,0
0.92848915,0.07151084,0
0.16173995,0.83826,1
0.1836507,0.8163493,1
0.77760375,0.22239628,0
0.88580585,0.11419415,0
0.8949913,0.1050088,0
0.92199314,0.07800687,0
0.9726997,0.02730026,0
0.9862153,0.013784677,0
0.927028,0.07297198,0
0.0076751774,0.9923248,1
0.3557333,0.6442667,0
0.40535048,0.59464955,0
0.209136,0.79086405,0
0.015700592,0.9842994,1
0.030433992,0.96956605,1
0.058307316,0.9416927,1
0.5007793,0.49922076,0
0.648518,0.3514819,0
0.51304454,0.4869554,0
0.40545198,0.59454805,1
0.5915667,0.40843338,0
0.6965234,0.30347654,0
0.991115,0.008884987,0
0.9134323,0.0865677,0
0.85831153,0.1416885,0
0.11203573,0.88796425,0
0.78417456,0.21582544,0
0.49088722,0.5091128,0
0.9023352,0.09766475,0
0.998585,0.0014150038,0
0.99851257,0.0014873812,0
0.7540294,0.24597062,0
0.68046534,0.3195347,0
0.6684839,0.3315161,0
0.6689807,0.3310193,0
0.6694952,0.33050478,0
0.6258666,0.37413344,0
0.22335581,0.7766442,1
0.13674545,0.86325455,1
0.5765543,0.4234457,1
0.9261528,0.07384719,0
0.89032847,0.10967155,0
0.89275753,0.10724247,0
0.89491105,0.10508895,0
0.8495568,0.15044323,0
0.79078686,0.20921311,1
0.8477105,0.15228955,0
0.28021342,0.7197866,1
0.013916382,0.98608357,1
0.10508871,0.8949112,1
0.34239522,0.6576048,1
0.86173725,0.1382627,0
0.9642219,0.03577812,0
0.904592,0.09540803,0
0.84912556,0.15087445,0
0.34393856,0.6560615,0
0.8828038,0.11719623,0
0.89819914,0.101800844,0
0.92768186,0.072318055,0
0.9497468,0.05025317,0
0.9812785,0.018721517,0
0.9069526,0.09304732,0
0.80443066,0.19556932,0
0.7738056,0.22619435,0
0.7588797,0.24112031,0
0.8317075,0.16829252,0
0.7533528,0.24664713,0
0.95455813,0.045441926,0
0.6434435,0.35655645,1
0.7300413,0.26995862,0
0.9205876,0.07941234,0
0.95744145,0.04255849,0
0.91607934,0.083920665,0
0.5690636,0.43093643,1
0.0635588,0.9364411,1
0.89678186,0.10321817,0
0.86585736,0.13414259,0
0.6034019,0.39659807,1
0.9503579,0.049642086,0
0.9964083,0.003591708,0
0.94163096,0.058369074,0
0.12948896,0.870511,1
0.5666963,0.43330374,0
0.6003029,0.39969715,0
0.04151717,0.9584828,1
0.2843444,0.7156556,1
0.2563004,0.7436996,1
0.7944788,0.20552126,0
0.96757585,0.032424137,0
0.93909216,0.06090785,0
0.6242761,0.37572387,0
0.38913634,0.6108636,0
0.75187343,0.24812664,0
0.07531039,0.92468965,1
0.9106004,0.08939955,0
0.9887193,0.011280646,0
0.99810034,0.0018996267,0
0.9986167,0.0013832478,0
0.79174054,0.20825946,0
0.68402714,0.31597283,0
0.6444341,0.35556588,0
0.6616657,0.33833432,0
0.21655895,0.78344107,0
0.20712414,0.7928759,1
0.17286327,0.8271367,1
0.033725288,0.96627474,1
0.55766976,0.44233027,0
0.8855099,0.11449012,1
0.9781441,0.021855889,0
0.8102213,0.18977869,1
0.019961314,0.9800387,1
0.020691073,0.97930896,1
0.011049127,0.9889509,1
0.88815093,0.111849055,0
0.90875036,0.09124964,0
0.85742456,0.14257547,0
0.9985359,0.0014641107,0
0.9982566,0.001743392,0
0.8828103,0.11718971,0
0.8480683,0.15193173,0
0.93950677,0.060493227,0
0.057905238,0.9420948,1
0.18975642,0.81024355,1
0.49543566,0.50456434,1
0.8844644,0.11553561,0
0.85189843,0.14810154,0
0.83192414,0.16807587,0
0.99573827,0.0042617097,0
0.9985838,0.0014162619,0
0.26888898,0.73111105,1
0.7632636,0.23673643,1
0.79876846,0.20123152,1
0.7791249,0.22087513,0
0.020814642,0.9791853,1
0.8533899,0.14661008,0
0.8087162,0.19128382,0
0.9525697,0.047430243,0
0.0260976,0.9739024,1
0.012976425,0.9870236,1
0.92277026,0.07722978,0
0.786449,0.213551,0
0.70860565,0.29139438,0
0.9922214,0.007778548,0
0.9965829,0.0034171494,0
0.9551686,0.04483136,0
0.88313127,0.11686875,0
0.01593182,0.9840682,1
0.3617254,0.6382746,0
0.87144774,0.12855224,0
0.03132983,0.9686701,1
0.10599703,0.894003,1
0.64456505,0.35543495,0
0.6243067,0.37569335,0
0.87358177,0.12641823,0
0.86279047,0.1372095,0
0.010021637,0.9899783,1
0.054220513,0.94577944,1
0.03864406,0.9613559,1
0.009996577,0.9900034,1
0.08550208,0.9144979,1
0.998632,0.0013679365,0
0.99865144,0.0013485522,0
0.99853814,0.0014618224,0
0.89168113,0.10831891,0
0.5537639,0.44623598,0
0.5871719,0.41282812,0
0.590823,0.40917704,0
0.5725921,0.42740792,0
0.5680226,0.43197736,0
0.29645965,0.7035403,0
0.5308154,0.46918452,0
0.8440131,0.15598693,0
0.9951822,0.004817764,0
0.9985311,0.0014688271,0
0.99820614,0.0017938885,0
0.97143215,0.028567823,0
0.43644562,0.5635544,1
0.0071106106,0.9928894,1
0.013268986,0.98673105,1
0.013058574,0.9869414,1
0.0246796,0.9753204,1
0.09328565,0.90671444,1
0.01732333,0.98267674,1
0.014766659,0.98523337,1
0.024034899,0.9759651,1
0.81755865,0.18244134,0
0.8331904,0.16680968,0
0.9985195,0.0014805165,0
0.99839395,0.0016060768,0
0.052937865,0.9470622,1
0.76448023,0.23551977,0
0.86127025,0.1387297,0
0.7479736,0.2520264,0
0.06920593,0.930794,0
0.026202196,0.9737978,1
0.10306983,0.8969302,0
0.998495,0.0015049543,0
0.9814088,0.018591195,0
0.17047678,0.8295232,1
0.19532701,0.80467296,1
0.74001247,0.2599875,1
0.92101336,0.07898661,0
0.8994817,0.10051832,0
0.5763893,0.4236107,0
0.95934886,0.040651068,0
0.6128058,0.3871942,1
0.43822753,0.56177247,1
0.646157,0.35384297,1
0.74944866,0.2505513,1
0.7872891,0.21271089,1
0.99465656,0.0053434838,0
0.9983747,0.0016252525,0
0.36087337,0.6391266,1
0.6122641,0.3877359,1
0.6015978,0.3984022,1
0.018049993,0.98195,1
0.06342994,0.93657005,1
0.17886798,0.82113206,1
0.16231966,0.83768034,1
0.29110992,0.70889014,1
0.8568042,0.14319581,0
0.99860257,0.0013974333,0
0.65259314,0.34740683,1
0.48303106,0.51696897,1
0.080435984,0.91956407,1
0.23606375,0.7639362,1
0.85017914,0.14982088,0
0.99855405,0.0014459285,0
0.9985719,0.0014281356,0
0.28205305,0.7179469,1
0.4825977,0.5174023,1
0.48301107,0.51698893,1
0.5625607,0.43743932,1
0.9985259,0.0014740594,0
0.15655595,0.84344405,1
0.9031136,0.096886314,0
0.1650813,0.8349187,1
0.87919086,0.12080911,0
0.8411542,0.15884575,0
0.7802865,0.21971351,0
0.9980926,0.0019073725,0
0.037769157,0.9622308,1
0.031636845,0.9683632,1
0.15610804,0.8438919,0
0.9260522,0.07394773,0
0.32662547,0.67337453,0
0.8371089,0.16289113,0
0.8213535,0.17864646,0
0.9951385,0.004861467,0
0.036838107,0.9631618,1
0.027544277,0.9724557,1
0.7377616,0.26223832,0
0.0617874,0.93821263,1
0.59240717,0.40759283,1
0.056327626,0.9436724,1
0.01808826,0.98191166,1
0.020450378,0.9795496,1
0.108867265,0.8911328,1
0.7868344,0.21316554,0
0.9880215,0.011978467,0
0.998292,0.0017079364,0
0.83882815,0.1611718,0
0.7424386,0.2575614,0
0.510059,0.48994094,0
0.67578983,0.3242102,0
0.9982541,0.0017459049,0
0.9983437,0.0016563257,0
0.86483866,0.13516131,0
0.6444245,0.35557556,1
0.78932214,0.21067789,0
0.013087213,0.98691285,1
0.11619796,0.88380206,1
0.8996751,0.1003249,1
0.9925458,0.00745417,0
0.9985812,0.0014188293,0
0.9981857,0.0018142695,0
0.116234176,0.8837658,1
0.07632875,0.9236713,1
0.054048695,0.9459513,1
0.049802233,0.95019776,1
0.021274967,0.978725,1
0.16382799,0.836172,1
0.2967704,0.7032296,0
0.60955745,0.39044258,1
0.85159546,0.14840455,0
0.9982157,0.0017843259,0
0.83896726,0.16103277,0
0.015138306,0.98486173,1
0.019411637,0.9805884,1
0.011114999,0.98888505,1
0.692476,0.30752409,0
0.4535468,0.54645324,1
0.8037551,0.19624491,0
0.998547,0.0014529527,0
0.9985442,0.0014557698,0
0.99854434,0.0014556984,0
0.17105226,0.8289477,1
0.034121726,0.96587825,1
0.032799542,0.96720046,1
0.6992187,0.3007813,0
0.11710119,0.8828988,1
0.09492215,0.9050778,1
0.027261868,0.97273815,1
0.051529307,0.9484707,1
0.07172483,0.92827517,1
0.9139269,0.08607306,0
0.71144027,0.28855976,0
0.590585,0.409415,1
0.9971486,0.002851437,0
0.9984971,0.0015028284,0
0.9717268,0.0282733,0
0.7584569,0.24154316,0
0.7733554,0.22664452,0
0.04887367,0.95112634,1
0.7717734,0.22822659,0
0.7389136,0.26108643,0
0.99845827,0.0015416911,0
0.9614803,0.038519647,0
0.12157711,0.87842286,1
0.06864521,0.93135476,1
0.04468356,0.9553165,1
0.62884736,0.37115264,0
0.017766647,0.9822334,1
0.027356245,0.9726438,1
0.029495388,0.9705046,1
0.70468384,0.29531616,0
0.47278365,0.5272164,0
0.04994151,0.9500585,1
0.01774396,0.98225605,1
0.022063341,0.9779367,1
0.7023657,0.2976343,0
0.6749221,0.3250779,0
0.8799638,0.1200362,0
0.9980876,0.0019123799,0
0.9784799,0.021520134,0
0.624824,0.37517604,0
0.044012126,0.9559879,1
0.14059855,0.85940146,1
0.34019282,0.6598072,1
0.3644977,0.63550234,1
0.036678847,0.9633211,1
0.19254525,0.80745476,1
0.23579228,0.7642077,1
0.9985494,0.0014505658,0
0.99858344,0.0014165383,0
0.998589,0.0014110074,0
0.30488998,0.69511,1
0.25785267,0.7421473,1
0.20990649,0.79009354,1
0.0795791,0.9204209,1
0.05854448,0.94145554,1
0.52312577,0.47687423,1
0.5473872,0.4526128,1
0.80511224,0.19488771,1
0.89681834,0.10318169,0
0.998533,0.0014669611,0
0.9985096,0.0014904225,0
0.055497665,0.94450235,1
0.021547616,0.9784524,1
0.01392262,0.9860774,1
0.014422962,0.98557705,1
0.75853366,0.2414663,0
0.8722652,0.1277348,0
0.015260024,0.98473996,1
0.8797061,0.12029396,0
0.7810592,0.21894081,0
0.7945886,0.20541137,0
0.714023,0.285977,0
0.885013,0.114986956,1
0.9198631,0.08013691,0
0.18864584,0.8113541,1
0.9985397,0.0014602793,0
0.9984909,0.0015090952,0
0.72331065,0.27668944,0
0.022543304,0.97745675,1
0.018320924,0.9816791,1
0.1144232,0.8855767,1
0.035483297,0.9645167,1
0.014534562,0.98546547,1
0.024637083,0.97536296,1
0.84656554,0.15343438,0
0.99849975,0.0015002606,0
0.77773327,0.22226667,0
0.083774984,0.916225,0
0.055701874,0.9442981,0
0.76746595,0.23253402,0
0.29268712,0.7073129,0
0.7125515,0.28744853,0
0.87363404,0.12636594,0
0.8618967,0.13810328,0
0.85862285,0.1413771,0
0.5840062,0.41599384,0
0.7012138,0.29878622,0
0.9984274,0.0015726382,0
0.9980761,0.001923896,0
0.8891968,0.11080318,0
0.83541554,0.16458444,0
0.85132927,0.14867072,0
0.68529385,0.3147062,1
0.76836944,0.23163056,1
0.9983089,0.0016910591,0
0.9980635,0.0019365178,0
0.12107473,0.87892526,1
0.13893476,0.86106527,1
0.14773455,0.8522654,1
0.15625691,0.84374315,1
0.086254716,0.91374534,1
0.086522415,0.9134776,1
0.9064826,0.093517356,0
0.89911604,0.10088396,0
0.7043232,0.29567686,1
0.08391032,0.9160897,1
0.08128994,0.91871,1
0.51165634,0.48834363,1
0.44482005,0.55518,1
0.1953311,0.8046689,1
0.99732804,0.0026719,0
0.9985123,0.0014876086,0
0.85633254,0.14366747,1
0.5038094,0.49619064,1
0.6686103,0.3313897,1
0.77463025,0.22536974,1
0.7632753,0.23672467,1
0.8574289,0.14257103,1
0.76834077,0.23165922,1
0.7537108,0.24628928,1
0.64592695,0.35407305,1
0.6869127,0.31308737,1
0.8203587,0.17964132,0
0.8820248,0.117975205,1
0.85366905,0.14633097,1
0.8264092,0.17359082,0
0.5593833,0.4406167,1
0.53826123,0.46173877,1
0.65081215,0.3491879,1
0.5855408,0.41445917,1
0.78419036,0.21580961,0
0.72486126,0.2751387,0
0.7727711,0.22722895,0
0.8806637,0.11933631,0
0.80820745,0.19179262,0
0.7954691,0.20453091,0
0.85403967,0.14596036,1
0.962149,0.037851006,0
0.969835,0.030165004,0
0.7486739,0.25132614,0
0.70880634,0.29119363,0
0.039436016,0.96056396,1
0.6500333,0.34996676,0
0.94266087,0.057339177,0
0.83179206,0.16820791,0
0.5576332,0.44236672,0
0.50557804,0.49442205,1
0.8210963,0.1789037,0
0.036893997,0.963106,1
0.61217266,0.38782737,0
0.57282573,0.42717427,0
0.27917644,0.7208236,1
0.66775703,0.33224297,0
0.81872374,0.1812763,0
0.8817548,0.11824516,0
0.9078651,0.09213496,0
0.92188656,0.07811343,0
0.8609203,0.13907969,0
0.751629,0.24837096,0
0.32710803,0.672892,0
0.2264046,0.77359533,0
0.19920929,0.8007907,0
0.34512404,0.6548759,0
0.14267427,0.85732573,0
0.75210357,0.24789646,0
0.8561635,0.14383645,0
0.99577147,0.004228573,0
0.99683565,0.0031643738,0
0.03517011,0.96482986,1
0.027002435,0.97299755,1
0.035816435,0.96418357,1
0.04342271,0.9565773,1
0.86006516,0.13993482,1
0.12103694,0.87896305,1
0.20645921,0.7935407,1
0.2852786,0.7147214,1
0.112449914,0.8875501,1
0.6321665,0.3678335,1
0.85299134,0.14700866,0
0.9563052,0.043694768,0
0.8781789,0.121821076,0
0.907345,0.092655025,0
0.35967186,0.64032817,0
0.46380538,0.5361947,0
0.7023157,0.29768434,0
0.24628831,0.7537117,0
0.629396,0.37060395,1
0.67389566,0.32610437,1
0.8202525,0.17974749,0
0.9950647,0.004935336,0
0.9921044,0.007895626,0
0.61286193,0.38713804,0
0.540103,0.459897,1
0.46075282,0.5392471,1
0.05252814,0.94747186,1
0.20332465,0.7966754,1
0.86934644,0.13065358,0
0.9263128,0.073687166,0
0.7348034,0.26519662,0
0.76294655,0.2370535,0
0.5704801,0.4295199,1
0.6198143,0.38018572,1
0.8710267,0.1289733,0
0.72162646,0.27837357,0
0.020447547,0.97955245,1
0.5308686,0.46913135,1
0.5989374,0.40106267,0
0.696749,0.30325106,0
0.7947626,0.20523736,0
0.9285167,0.071483314,0
0.9195976,0.08040234,0
0.6907807,0.30921933,0
0.64498585,0.35501415,0
0.5784462,0.42155376,0
0.6070705,0.39292952,0
0.6474031,0.35259685,0
0.09232496,0.9076751,1
0.5872374,0.41276255,0
0.5528264,0.44717354,0
0.056599006,0.9434009,1
0.57445997,0.42554006,1
0.353721,0.64627904,1
0.52142733,0.4785727,1
0.88330287,0.116697155,0
0.8891657,0.11083433,0
0.37919143,0.62080854,0
0.58328277,0.41671726,0
0.40852275,0.59147733,0
0.10101459,0.8989854,1
0.07209217,0.9279078,1
0.07614482,0.9238552,1
0.99822706,0.0017729839,0
0.20757203,0.792428,1
0.029227661,0.9707724,1
0.03062395,0.969376,1
0.03531855,0.9646815,1
0.6950269,0.30497313,1
0.8288882,0.17111176,1
0.8265914,0.1734086,0
0.26388654,0.7361135,1
0.1300737,0.8699263,1
0.8662539,0.13374612,0
0.21875523,0.78124475,1
0.1320316,0.8679684,1
0.82824504,0.171755,0
0.95823866,0.041761402,0
0.9872393,0.012760647,0
0.33151495,0.6684851,0
0.56723845,0.43276152,0
0.56516474,0.43483528,0
0.48994815,0.5100518,1
0.8174193,0.18258068,0
0.3218685,0.6781315,1
0.92819864,0.07180137,0
0.98772407,0.0122759,0
0.6074769,0.3925231,1
0.9778416,0.022158384,0
0.9750147,0.024985285,0
0.031112613,0.96888745,1
0.9683625,0.031637497,0
0.9819625,0.018037539,0
0.7550734,0.2449266,1
0.029590605,0.9704094,1
0.9513165,0.04868355,0
0.9873675,0.012632543,0
0.98696506,0.013034954,0
0.9830341,0.016965935,0
0.022978622,0.9770214,1
0.10880367,0.8911963,1
0.79138774,0.20861225,0
0.1636091,0.8363909,1
0.9067541,0.093245916,0
0.95863724,0.0413628,0
0.95344007,0.046559907,0
0.9036708,0.09632917,0
0.65674233,0.34325767,0
0.6116647,0.38833526,0
0.6749804,0.3250196,0
0.7458565,0.25414345,0
0.8072277,0.19277231,0
0.93315405,0.06684594,0
0.96944684,0.030553166,0
0.7032942,0.2967058,0
0.5681172,0.43188277,1
0.018031469,0.9819686,1
0.28977194,0.7102281,0
0.32610878,0.67389125,1
0.014908066,0.985092,1
0.020543009,0.97945696,1
0.034804348,0.96519566,1
0.056628145,0.9433719,1
0.84173346,0.15826657,0
0.5910602,0.40893978,1
0.9965199,0.0034800838,0
0.99764293,0.0023570613,0
0.76989585,0.23010412,0
0.96073633,0.0392636,0
0.88596773,0.114032276,0
0.63417786,0.36582214,0
0.6050541,0.3949459,0
0.6199544,0.38004562,0
0.028323011,0.971677,1
0.011333319,0.98866665,1
0.012085667,0.9879144,1
0.040392894,0.9596071,1
0.6302085,0.36979154,0
0.8407454,0.15925458,0
0.061169315,0.9388307,0
0.0056124576,0.99438757,1
0.015625713,0.9843742,1
0.012552873,0.9874471,1
0.17227806,0.82772195,1
0.9816698,0.018330213,0
0.48644313,0.5135569,0
0.9258493,0.074150704,0
0.27171984,0.7282802,1
0.9609467,0.03905332,0
0.94691473,0.053085234,0
0.18511802,0.814882,0
0.76584524,0.23415478,0
0.9126259,0.087374106,0
0.80044436,0.19955567,0
0.78780437,0.21219563,0
0.98977447,0.010225547,0
0.9928329,0.007167066,0
0.36081862,0.6391814,1
0.8273411,0.17265895,0
0.85951865,0.14048137,0
0.9537447,0.04625526,0
0.90364105,0.09635894,0
0.7334525,0.2665474,0
0.9316344,0.06836559,0
0.97574085,0.02425912,0
0.9000231,0.099976815,0
0.92713183,0.0728682,0
0.8092449,0.19075514,0
0.8392284,0.1607716,0
0.08338284,0.91661716,1
0.68644685,0.31355312,0
0.5636192,0.43638083,1
0.9614989,0.038501017,0
0.8300853,0.16991465,1
0.02900467,0.9709953,1
0.7942563,0.20574372,0
0.46370465,0.53629535,1
0.8279888,0.17201121,0
0.7961884,0.20381156,0
0.99131846,0.008681594,0
0.02387787,0.97612214,1
0.04957181,0.9504281,1
0.7134474,0.28655264,0
0.761256,0.23874399,0
0.61643916,0.38356078,0
0.3274855,0.6725145,0
0.4483493,0.5516507,0
0.5483437,0.45165634,0
0.5698885,0.4301116,0
0.09433645,0.90566355,1
0.84425956,0.15574044,0
0.99816376,0.0018362245,0
0.9984779,0.0015220788,0
0.99853337,0.0014666734,0
0.99017346,0.009826566,0
0.7373491,0.26265094,0
0.69279677,0.30720317,0
0.6801987,0.3198012,0
0.5402863,0.45971373,0
0.5250214,0.47497866,0
0.5686455,0.43135455,0
0.9914077,0.008592307,0
0.84338,0.15662004,0
0.54806525,0.45193475,1
0.6453167,0.3546833,1
0.8736689,0.12633106,0
0.86882114,0.13117889,0
0.5024247,0.49757522,0
0.7981532,0.20184676,0
0.7593647,0.24063523,1
0.65416056,0.34583944,1
0.9403798,0.059620205,0
0.9152159,0.08478407,0
0.4106199,0.58938,1
0.84915495,0.15084505,1
0.9643773,0.035622664,0
0.78423494,0.21576513,1
0.77676326,0.22323677,1
0.95394385,0.046056125,0
0.9908751,0.009124887,0
0.90974605,0.090253934,0
0.7400758,0.2599241,1
0.6853561,0.3146439,1
0.60823154,0.39176846,1
0.96699005,0.033009913,0
0.94701463,0.052985437,0
0.83566606,0.16433398,0
0.74014986,0.25985017,1
0.7389666,0.26103342,1
0.74419606,0.25580385,1
0.22246715,0.7775328,1
0.9174008,0.08259927,1
0.05165929,0.94834065,1
0.012689718,0.9873103,1
0.016353324,0.9836467,1
0.028988626,0.97101134,1
0.8860274,0.11397254,0
0.8337949,0.16620508,0
0.025373576,0.9746265,1
0.53714526,0.4628547,0
0.4605732,0.5394268,0
0.65871567,0.34128433,0
0.53258145,0.46741864,0
0.3783759,0.62162405,0
0.27189288,0.7281071,0
0.9420746,0.057925466,0
0.96997726,0.030022748,0
0.9450566,0.05494342,0
0.032673117,0.9673268,1
0.87630755,0.123692505,0
0.8151071,0.1848929,0
0.77360034,0.22639969,0
0.77705866,0.22294134,0
0.14582416,0.8541758,1
0.1198691,0.88013095,1
0.8041983,0.19580165,0
0.96021706,0.039782897,0
0.9917699,0.008230106,0
0.64341164,0.3565883,0
0.653473,0.34652695,0
0.75372905,0.24627095,0
0.24969296,0.750307,0
0.5319967,0.4680033,0
0.91200376,0.087996215,0
0.60901254,0.3909874,0
0.6054744,0.39452565,0
0.61226606,0.3877339,0
0.5959585,0.40404153,0
0.59243494,0.40756506,0
0.0436331,0.9563669,1
0.097653404,0.90234655,0
0.66865295,0.33134705,0
0.9670807,0.032919317,0
0.9298664,0.070133604,0
0.87101376,0.12898622,0
0.7560495,0.24395047,0
0.49416634,0.5058336,0
0.014163348,0.9858366,1
0.5836959,0.41630402,0
0.53586054,0.4641395,0
0.92876124,0.07123873,0
0.6641553,0.33584473,0
0.45820624,0.54179376,0
0.02850076,0.9714992,1
0.16271023,0.8372898,1
0.73774385,0.26225618,0
0.99435246,0.0056475666,0
0.96690917,0.03309083,0
0.077512376,0.9224876,1
0.9769577,0.023042368,0
0.016508903,0.9834911,1
0.7398721,0.2601279,0
0.52984774,0.47015226,0
0.9925605,0.007439505,0
0.89784867,0.10215131,0
0.77935827,0.2206417,0
0.6156232,0.38437676,0
0.5805492,0.41945085,0
0.7305882,0.26941183,0
0.92809254,0.07190751,0
0.8621225,0.13787748,0
0.67013854,0.3298614,1
0.015462276,0.9845377,1
0.7452179,0.25478205,0
0.01305447,0.98694557,1
0.012147405,0.9878526,1
0.2656107,0.7343893,1
0.063665144,0.93633485,1
0.53634095,0.46365905,0
0.95201707,0.047982894,0
0.9507292,0.04927077,0
0.8778451,0.12215488,0
0.8348473,0.1651527,0
0.68917346,0.31082657,0
0.63427645,0.36572352,0
0.011145774,0.9888543,1
0.018207133,0.98179287,1
0.63308996,0.36690998,0
0.3483956,0.6516044,0
0.4860399,0.5139601,0
0.6640043,0.33599567,0
0.774489,0.225511,0
0.07102401,0.928976,0
0.03814227,0.9618577,0
0.6602565,0.3397435,0
0.6354094,0.36459056,0
0.42636973,0.57363033,0
0.028120337,0.97187966,1
0.5730973,0.42690277,0
0.19246691,0.80753314,1
0.02034535,0.9796546,1
0.0077617555,0.9922382,1
0.012389023,0.987611,1
0.015987078,0.98401296,1
0.78853536,0.21146458,0
0.836185,0.16381499,0
0.8796968,0.1203032,0
0.8366762,0.16332383,0
0.976762,0.023238018,0
0.97840035,0.02159969,0
0.80123866,0.19876142,0
0.70403856,0.2959614,0
0.8762667,0.12373325,0
0.4250069,0.574993,1
0.860205,0.139795,0
0.936534,0.063466065,0
0.86798286,0.13201717,1
0.15902874,0.8409713,1
0.62088716,0.3791128,1
0.8788546,0.12114546,0
0.32741183,0.6725881,1
0.37018496,0.62981504,1
0.9936494,0.006350604,0
0.9008584,0.0991416,0
0.8574764,0.1425235,0
0.096245356,0.90375465,1
0.11068473,0.8893153,1
0.09085031,0.9091497,1
0.8991571,0.10084288,0
0.87677866,0.123221315,0
0.8661238,0.1338762,0
0.82711035,0.17288966,0
0.02920041,0.97079957,1
0.43979374,0.56020623,1
0.2695981,0.73040193,1
0.19503762,0.8049624,1
0.93683356,0.06316647,0
0.7503609,0.2496391,0
0.44878277,0.55121714,1
0.9003105,0.099689506,0
0.9468845,0.05311547,0
0.7927319,0.2072681,0
0.44571686,0.5542831,1
0.12638912,0.873611,1
0.61773854,0.38226143,1
0.68257827,0.31742167,0
0.9378342,0.062165752,0
0.8705204,0.12947954,0
0.64604753,0.35395244,0
0.6325081,0.36749196,0
0.6843046,0.31569538,0
0.99798715,0.0020128223,0
0.9521811,0.047818895,0
0.7424384,0.2575616,0
0.9545917,0.045408368,0
0.97550005,0.024499947,0
0.8939432,0.10605688,1
0.9675339,0.032466065,1
0.9969694,0.0030306417,1
0.6624194,0.33758062,1
0.6344357,0.36556426,1
0.6324554,0.36754456,1
0.13412505,0.86587495,1
0.15208754,0.84791243,1
0.9985636,0.0014364024,0
0.88004005,0.11995988,1
0.70997417,0.29002586,0
0.15636232,0.84363765,1
0.33857948,0.66142046,1
0.39157262,0.6084274,1
0.39817035,0.60182965,1
0.048829287,0.9511707,1
0.49960834,0.5003916,1
0.016846454,0.9831535,1
0.6701545,0.32984555,1
0.7629321,0.23706791,0
0.88686645,0.11313355,0
0.65729666,0.34270334,1
0.604865,0.39513502,1
0.82457876,0.1754212,0
0.35023952,0.6497605,1
0.37225467,0.6277454,1
0.35187,0.64813,1
0.26359284,0.7364072,1
0.9137765,0.08622351,0
0.92847025,0.07152977,0
0.2752624,0.7247376,1
0.8633244,0.13667561,0
0.7548434,0.2451566,0
0.7021299,0.2978701,0
0.68207264,0.3179274,0
0.9967487,0.0032513384,0
0.595385,0.40461498,1
0.2971091,0.70289093,1
0.9376611,0.062338866,0
0.75110304,0.24889696,0
0.29076234,0.7092377,1
0.7194284,0.28057158,1
0.7770866,0.22291344,1
0.88097435,0.1190256,0
0.9370736,0.06292638,0
0.90097237,0.099027604,0
0.9282211,0.07177892,0
0.8604675,0.13953248,0
0.90878576,0.09121421,0
0.8973463,0.10265364,0
0.87572014,0.124279894,1
0.035611086,0.96438897,1
0.5961789,0.40382117,1
0.94263214,0.057367854,0
0.9463312,0.0536688,0
0.90932477,0.09067526,0
0.6114393,0.38856074,1
0.7702113,0.2297888,1
0.8621834,0.13781662,0
0.80092233,0.19907771,0
0.50203305,0.49796697,0
0.53019255,0.46980742,0
0.5548771,0.44512284,0
0.8389621,0.16103792,0
0.9976446,0.0023553944,0
0.062017407,0.93798256,1
0.047435027,0.95256495,1
0.27114633,0.7288537,1
0.03619886,0.96380115,1
0.038032297,0.96196765,1
0.065399386,0.93460065,1
0.29861522,0.7013848,1
0.826293,0.17370701,0
0.27500188,0.7249981,1
0.19696382,0.8030362,1
0.20829739,0.7917026,1
0.2564266,0.74357337,1
0.64687425,0.35312584,1
0.6528913,0.34710875,0
0.7921784,0.20782165,0
0.88100785,0.118992105,0
0.7052829,0.29471716,0
0.96001726,0.03998266,0
0.9956625,0.004337497,0
0.9526032,0.04739678,0
0.9528046,0.047195416,0
0.89037865,0.10962137,0
0.19577204,0.804228,1
0.5720192,0.42798078,1
0.9896947,0.010305216,0
0.99802566,0.001974321,0
0.99714535,0.0028546741,0
0.8575441,0.14245594,0
0.91470194,0.0852981,0
0.81715894,0.18284109,1
0.8830097,0.11699031,0
0.7550243,0.24497566,1
0.7904379,0.20956211,1
0.9652585,0.034741458,0
0.99645483,0.0035451571,0
0.99054366,0.009456381,0
0.89450127,0.10549877,0
0.96271175,0.037288316,0
0.86463124,0.13536875,0
0.8639349,0.13606514,0
0.6149146,0.38508543,1
0.6947741,0.30522588,1
0.7315251,0.26847482,1
0.77404827,0.22595176,1
0.9643787,0.035621222,0
0.85639954,0.14360052,0
0.71584946,0.28415057,1
0.9739798,0.026020288,0
0.8036346,0.19636534,1
0.88935,0.11065005,0
0.99209666,0.007903373,0
0.9928884,0.0071116923,0
0.75013816,0.24986185,0
0.068906635,0.93109345,1
0.09333405,0.906666,1
0.793348,0.20665194,0
0.65762115,0.34237885,1
0.31555423,0.68444574,1
0.9963337,0.0036662961,0
0.9985246,0.0014754661,0
0.68155915,0.3184409,1
0.628531,0.37146905,1
0.64117146,0.35882854,1
0.68927085,0.31072918,1
0.22498891,0.77501106,1
0.2947492,0.70525074,1
0.15096727,0.8490327,1
0.19324486,0.80675507,1
0.92748857,0.07251141,1
0.8780482,0.12195178,1
0.057406686,0.9425933,1
0.040441494,0.9595585,1
0.017781988,0.98221797,1
0.012377635,0.98762244,1
0.0129883345,0.9870117,1
0.9151383,0.08486165,0
0.9263132,0.07368676,0
0.79108065,0.20891939,0
0.7919208,0.20807923,0
0.7233635,0.27663645,0
0.021928089,0.9780719,1
0.015303702,0.98469627,1
0.03999689,0.96000314,1
0.04436527,0.9556348,0
0.99835986,0.0016400729,0
0.9524433,0.047556743,0
0.638444,0.36155593,0
0.37082443,0.6291756,0
0.197412,0.802588,0
0.43562272,0.56437725,0
0.28195852,0.7180414,0
0.7447266,0.2552734,0
0.735847,0.264153,0
0.7809947,0.21900533,0
0.42280322,0.57719684,1
0.67037684,0.32962313,1
0.93937546,0.0606245,0
0.8108753,0.1891247,0
0.8898984,0.11010151,0
0.9819204,0.018079529,0
0.8461067,0.15389326,0
0.89094085,0.10905916,0
0.77225524,0.22774477,1
0.9202468,0.07975319,0
0.9065748,0.0934252,0
0.98844993,0.011550057,0
0.62188286,0.37811717,1
0.94409204,0.055908002,0
0.856694,0.14330597,0
0.78146994,0.21853006,1
0.99841106,0.0015889383,0
0.9983302,0.0016698734,0
0.99580234,0.0041976073,0
0.98356414,0.01643583,0
0.95147824,0.048521753,0
0.7536178,0.24638222,0
0.88088584,0.11911419,0
0.3050073,0.6949927,1
0.07825133,0.9217487,1
0.38177472,0.61822534,1
0.99872845,0.0012715195,0
0.9987264,0.0012735497,0
0.535426,0.46457398,1
0.6657716,0.3342283,0
0.15867093,0.8413291,1
0.34586945,0.6541305,1
0.28445986,0.7155402,1
0.99577916,0.0042208475,1
0.40650672,0.5934932,1
0.016841535,0.98315847,1
0.022469921,0.97753006,1
0.027615523,0.97238445,1
0.0808366,0.9191634,1
0.93564755,0.06435243,0
0.784521,0.2154791,0
0.8028944,0.19710557,0
0.4099322,0.5900678,1
0.8343204,0.16567962,0
0.08016384,0.91983616,1
0.8240118,0.17598824,0
0.77957886,0.2204211,0
0.8410312,0.1589689,0
0.96617204,0.03382793,0
0.85644096,0.14355907,0
0.9653679,0.034632098,0
0.98921704,0.010782985,0
0.22917446,0.77082556,1
0.3860675,0.6139325,1
0.5345351,0.46546492,0
0.6042866,0.39571342,1
0.13242435,0.86757565,1
0.058309436,0.94169056,1
0.8530761,0.14692387,0
0.9061393,0.09386066,0
0.7889907,0.21100932,0
0.5717155,0.42828453,0
0.8075172,0.19248284,0
0.99098736,0.009012585,0
0.060562097,0.93943787,1
0.0075132684,0.9924867,1
0.88143665,0.118563324,0
0.8802708,0.11972923,0
0.7932615,0.20673849,0
0.6069874,0.39301258,0
0.4441355,0.5558645,0
0.7778607,0.22213928,0
0.7073791,0.2926209,0
0.7574443,0.24255572,0
0.8059256,0.19407444,0
0.86512583,0.1348742,0
0.80233186,0.19766814,1
0.6501454,0.34985456,0
0.5623751,0.4376249,1
0.998403,0.0015969733,0
0.68585455,0.31414548,0
0.9364175,0.063582525,0
0.9781522,0.02184773,0
0.93837637,0.061623693,0
0.3655626,0.63443744,1
0.99860615,0.00139385,0
0.998744,0.001255961,0
0.9987472,0.0012527298,0
0.9987268,0.0012731531,0
0.99867165,0.001328343,0
0.7537355,0.24626447,1
0.6552013,0.3447987,0
0.6763016,0.32369837,0
0.667032,0.33296803,0
0.38204023,0.6179598,1
0.4226037,0.5773963,1
0.44172305,0.558277,0
0.7998076,0.20019232,0
0.93808424,0.061915804,0
0.998678,0.0013219782,0
0.9987123,0.0012876862,0
0.99867415,0.0013259264,0
0.06132787,0.9386722,1
0.02660885,0.9733912,1
0.73849475,0.26150525,1
0.7384635,0.26153648,1
0.7226463,0.27735376,1
0.915578,0.08442202,0
0.9987073,0.0012927332,0
0.9984592,0.0015408267,0
0.823985,0.17601503,1
0.061795957,0.93820405,1
0.07563892,0.92436105,1
0.30877942,0.69122064,1
0.49787793,0.50212204,1
0.8209532,0.17904685,1
0.5500178,0.44998226,1
0.9985769,0.0014231326,0
0.5529681,0.44703186,1
0.06250694,0.937493,1
0.71194726,0.28805277,0
0.6002109,0.39978907,1
0.9974504,0.0025495514,0
0.85569155,0.14430837,0
0.6667173,0.3332827,1
0.2923065,0.7076935,1
0.00580218,0.99419785,1
0.06475382,0.93524617,1
0.5310701,0.46892986,1
0.6430191,0.35698098,0
0.60287976,0.3971202,0
0.5838495,0.41615054,0
0.5582642,0.4417358,0
0.82914543,0.17085452,0
0.9784672,0.021532726,0
0.99807763,0.0019223052,0
0.9978746,0.0021253736,0
0.004950435,0.99504954,1
0.0052363346,0.9947636,1
0.0074984133,0.9925016,1
0.918643,0.08135703,0
0.20056637,0.7994337,0
0.84627527,0.15372474,0
0.99742436,0.0025756694,0
0.83274263,0.16725734,0
0.04878791,0.95121205,0
0.06241877,0.93758124,0
0.4950299,0.5049701,0
0.9016511,0.09834898,0
0.2547019,0.7452981,0
0.47049376,0.52950627,0
0.4047837,0.59521633,0
0.5498393,0.45016074,0
0.87449926,0.1255007,0
0.9982272,0.0017727778,0
0.9980831,0.0019169144,0
0.858237,0.14176296,0
0.67740875,0.32259122,0
0.66693074,0.33306932,0
0.6863544,0.31364554,0
0.091500476,0.90849954,1
0.29066104,0.70933896,1
0.3168672,0.6831328,1
0.3754105,0.6245895,1
0.7731393,0.22686063,0
0.73356295,0.26643702,0
0.12045365,0.87954634,1
0.48987544,0.5101245,1
0.6994939,0.30050611,0
0.8117373,0.18826269,0
0.85580647,0.14419353,0
0.90031147,0.09968857,0
0.8712402,0.12875985,0
0.9520952,0.0479048,0
0.8949277,0.10507231,0
0.9461935,0.05380653,0
0.99098843,0.00901158,0
0.11895157,0.8810484,1
0.0690303,0.9309697,1
0.14457324,0.8554267,1
0.034624323,0.9653757,1
0.8394723,0.16052777,0
0.55428916,0.4457108,0
0.78262717,0.21737286,0
0.9927602,0.00723989,0
0.98168564,0.01831437,0
0.8805734,0.119426616,0
0.94169843,0.058301594,0
0.31255347,0.68744653,0
0.008139709,0.99186033,1
0.021737669,0.9782623,1
0.025330145,0.9746698,1
0.019767826,0.9802321,1
0.10443915,0.8955609,0
0.7148008,0.28519922,0
0.9121276,0.08787239,0
0.66031545,0.3396845,0
0.95531404,0.044685904,0
0.99711597,0.002884011,0
0.22792034,0.7720797,0
0.60661846,0.39338157,0
0.88401145,0.11598856,0
0.6587708,0.34122926,0
0.90045345,0.09954652,0
0.5768188,0.42318118,0
0.98898995,0.011010013,0
0.99698573,0.0030142616,0
0.8074893,0.1925107,0
0.96081614,0.03918382,0
0.94406706,0.055932973,0
0.93021005,0.069790006,0
0.99634403,0.0036559675,0
0.9981578,0.0018421392,0
0.9980337,0.0019663284,0
0.95856494,0.041435096,0
0.9420257,0.05797426,0
0.2864751,0.7135249,1
0.77517307,0.22482693,0
0.51779693,0.482203,1
0.7583667,0.24163336,1
0.99825627,0.0017437855,0
0.998618,0.00138202,0
0.99871886,0.0012811866,0
0.99872965,0.0012703538,0
0.8310913,0.1689087,1
0.5865274,0.41347256,1
0.6461713,0.3538287,1
0.6779198,0.32208022,1
0.70736754,0.29263243,0
0.74846345,0.25153655,0
0.55227387,0.44772616,1
0.34202185,0.6579781,1
0.21646802,0.783532,1
0.4882912,0.51170874,1
0.6275617,0.37243834,1
0.94640803,0.053591896,0
0.72585744,0.27414262,0
0.637651,0.362349,0
0.3601884,0.6398116,0
0.013331707,0.9866682,1
0.34143308,0.6585669,0
0.20377356,0.79622644,0
0.5067436,0.49325642,0
0.80608135,0.19391865,0
0.9213582,0.07864183,0
0.9163213,0.08367874,0
0.9160185,0.08398149,0
0.9137262,0.08627381,0
0.7466984,0.25330168,1
0.99827933,0.0017206962,0
0.8978594,0.10214063,0
0.72911465,0.27088535,1
0.70054656,0.29945344,0
0.78255653,0.21744344,0
0.9109403,0.08905965,0
0.8676223,0.13237773,0
0.97200173,0.027998352,0
0.786254,0.21374607,0
0.7164743,0.28352568,1
0.9083572,0.091642804,0
0.9570883,0.042911682,0
0.94205207,0.057947926,1
0.8694815,0.13051854,0
0.42158645,0.57841355,1
0.7621422,0.23785785,1
0.86407495,0.13592508,0
0.862469,0.13753101,1
0.9732003,0.026799737,0
0.9118254,0.08817455,1
0.86637104,0.13362896,1
0.37349838,0.6265016,1
0.5411379,0.4588622,1
0.96009266,0.03990738,1
0.94824034,0.051759724,1
0.7199295,0.28007048,1
0.9951432,0.0048568714,0
0.99846315,0.0015368632,0
0.8489877,0.15101235,0
0.89850557,0.10149444,1
0.037470143,0.9625298,1
0.004640207,0.99535984,1
0.0048580724,0.995142,1
0.005281521,0.99471843,1
0.015983606,0.9840164,1
0.015044233,0.9849557,1
0.054320123,0.9456799,1
0.90173364,0.09826636,0
0.88561416,0.11438582,0
0.65018743,0.3498125,0
0.6933325,0.3066675,0
0.79311097,0.206889,0
0.9976374,0.0023625866,0
0.99855894,0.0014410979,0
0.67259693,0.3274031,0
0.7084617,0.2915383,0
0.97250855,0.02749145,0
0.82567114,0.17432886,0
0.3302144,0.66978556,1
0.5283623,0.47163773,1
0.47641605,0.5235839,1
0.9979607,0.0020392975,0
0.8523301,0.14766994,0
0.6377553,0.36224476,0
0.7585223,0.24147773,0
0.20369512,0.7963048,1
0.06303938,0.9369606,1
0.812449,0.18755107,1
0.9316454,0.0683546,1
0.006186182,0.9938139,1
0.0051053544,0.9948946,1
0.015977735,0.9840223,1
0.52889866,0.47110128,1
0.7676902,0.23230986,0
0.68321097,0.31678897,0
0.7854274,0.21457256,0
0.99871206,0.001287983,0
0.998195,0.0018050643,0
0.9518774,0.04812264,0
0.8303872,0.16961275,0
0.057517007,0.94248307,1
0.10302263,0.8969774,1
0.9701826,0.029817369,0
0.93194586,0.06805411,0
0.99782145,0.0021785768,0
0.93734574,0.06265421,0
0.87633693,0.123663135,0
0.15161112,0.8483889,0
0.09910601,0.90089405,1
0.1512168,0.84878314,0
0.11654751,0.8834524,1
0.33172196,0.66827804,1
0.6601662,0.33983374,1
0.6368465,0.36315352,1
0.5779826,0.42201743,1
0.6606882,0.33931178,0
0.93767536,0.062324595,0
0.9461349,0.05386515,0
0.067110725,0.93288934,1
0.019864853,0.98013514,1
0.08532255,0.9146775,1
0.94307595,0.056924053,0
0.9080442,0.09195572,0
0.6787142,0.32128578,0
0.9365829,0.06341712,0
0.9985275,0.0014724293,0
0.9094585,0.0905415,0
0.7700452,0.2299547,0
0.9848232,0.015176721,0
0.998495,0.0015050418,0
0.9754529,0.024547085,0
0.9104343,0.0895657,1
0.93746865,0.06253138,0
0.83607465,0.16392538,0
0.75258845,0.24741162,1
0.5484269,0.451573,1
0.8409295,0.15907054,1
0.98688936,0.013110662,1
0.99867874,0.0013212922,0
0.5957046,0.4042954,1
0.6029324,0.39706758,1
0.590271,0.40972897,1
0.31730276,0.68269724,1
0.24575745,0.75424254,1
0.25062823,0.7493717,1
0.99836916,0.0016308936,0
0.4842294,0.5157706,1
0.0153197935,0.98468024,1
0.022769699,0.97723025,1
0.02771794,0.9722821,1
0.6053641,0.39463586,1
0.8576702,0.14232986,0
0.37591374,0.62408626,1
0.9767363,0.02326366,0
0.8699747,0.13002536,0
0.99351925,0.006480777,0
0.9917047,0.008295305,0
0.12815525,0.87184477,1
0.026426168,0.9735738,1
0.8922292,0.10777074,0
0.62293273,0.37706733,1
0.09175591,0.90824413,1
0.96978754,0.030212391,0
0.99814236,0.0018576036,0
0.38222882,0.6177712,0
0.22580345,0.7741965,1
0.34565625,0.6543437,0
0.41328537,0.5867146,0
0.39023808,0.6097619,0
0.29036775,0.7096322,1
0.6599898,0.34001023,0
0.9400693,0.059930645,0
0.99830806,0.001691911,0
0.99795246,0.0020475315,0
0.9100044,0.08999556,0
0.07007098,0.929929,0
0.8112777,0.18872233,0
0.776628,0.223372,0
0.67381364,0.3261863,0
0.09760539,0.9023946,1
0.025690846,0.97430915,1
0.9731747,0.026825387,0
0.5266099,0.47339004,0
0.6105281,0.3894719,0
0.98846835,0.011531649,0
0.9978544,0.0021455286,0
0.07769966,0.9223003,1
0.03783611,0.9621639,1
0.8294229,0.17057712,0
0.8715737,0.12842637,0
0.96703655,0.032963395,0
0.9186955,0.08130444,0
0.05948838,0.9405116,1
0.94150925,0.058490798,0
0.07249355,0.9275065,1
0.9950546,0.0049453806,0
0.99829954,0.0017004975,0
0.023249818,0.9767502,1
0.031095123,0.9689049,1
0.44351965,0.55648035,0
0.26980257,0.7301975,0
0.035318416,0.9646816,1
0.0887059,0.9112941,1
0.03282672,0.9671733,1
0.9920209,0.007979162,0
0.9987382,0.0012618125,0
0.6492903,0.3507097,0
0.6329497,0.36705026,0
0.108831406,0.89116853,0
0.06722689,0.9327732,1
0.2086635,0.79133654,0
0.22550705,0.774493,0
0.2242767,0.7757233,0
0.8946048,0.105395176,0
0.99849224,0.0015077695,0
0.99346787,0.006532178,0
0.43575493,0.5642451,1
0.06557202,0.93442804,1
0.0072605913,0.9927394,1
0.0066458206,0.9933542,1
0.0098921675,0.9901078,1
0.011458335,0.9885416,1
0.07136418,0.92863584,1
0.024436578,0.97556335,1
0.90764797,0.09235198,0
0.18423112,0.8157689,1
0.20192388,0.7980761,1
0.099160545,0.90083945,1
0.14698975,0.8530103,1
0.067316405,0.9326835,1
0.20877069,0.79122925,1
0.9976312,0.0023688336,0
0.99644107,0.003558929,0
0.21721342,0.7827866,0
0.21512172,0.7848783,0
0.13714024,0.8628598,1
0.22819865,0.7718013,1
0.541541,0.45845902,0
0.65231967,0.3476803,0
0.94889057,0.05110942,0
0.6150795,0.38492045,1
0.8154834,0.18451661,0
0.8139487,0.18605135,0
0.9854843,0.014515682,0
0.9981,0.0019000827,0
0.9985593,0.0014407138,0
0.9983352,0.0016647839,0
0.7939415,0.20605853,1
0.06789883,0.93210113,1
0.3563837,0.6436163,1
0.91819316,0.0818069,0
0.87178063,0.1282194,0
0.8135371,0.18646291,0
0.8024848,0.19751522,0
0.021037212,0.97896284,1
0.014980197,0.9850198,1
0.014963839,0.98503613,1
0.014752477,0.9852475,1
0.85421914,0.14578085,0
0.8609146,0.13908544,0
0.8787445,0.121255524,0
0.9137566,0.08624343,0
0.99868613,0.001313916,0
0.9984168,0.0015831784,0
0.948833,0.051166933,0
0.8775159,0.12248409,0
0.3427942,0.6572058,0
0.40399617,0.59600383,0
0.3365381,0.6634619,0
0.50143105,0.49856898,0
0.67529744,0.32470256,0
0.7128097,0.2871903,0
0.36682168,0.6331783,1
0.6371975,0.36280254,0
0.95761013,0.042389847,0
0.99732226,0.0026777976,0
0.61320513,0.3867949,1
0.6148497,0.3851503,1
0.620734,0.379266,1
0.6295205,0.37047952,1
0.5927068,0.4072932,1
0.5813316,0.41866845,1
0.48981813,0.5101819,1
0.25658235,0.7434176,1
0.37906766,0.62093234,1
0.8438769,0.15612312,1
0.825421,0.17457905,1
0.012317924,0.98768204,1
0.012178234,0.98782176,1
0.012457589,0.98754245,1
0.013109459,0.98689055,1
0.01727397,0.982726,1
0.014934665,0.9850654,1
0.013438303,0.9865617,1
0.3524464,0.64755356,1
0.9218404,0.07815951,0
0.9426491,0.05735088,0
0.85483205,0.14516793,0
0.1809093,0.8190907,0
0.26370043,0.7362996,1
0.21030004,0.7896999,1
0.17203586,0.8279641,1
0.13032982,0.86967015,1
0.3494909,0.65050906,1
0.9500571,0.04994289,0
0.9747093,0.025290763,0
0.99246067,0.007539348,0
0.99870455,0.0012954125,0
0.9986291,0.001370899,0
0.6429921,0.3570079,0
0.39777848,0.6022215,1
0.058388088,0.94161195,1
0.9916163,0.008383727,0
0.9913089,0.008691049,0
0.98518294,0.014817059,0
0.9134208,0.08657926,0
0.99869627,0.0013037751,0
0.9986059,0.001394101,0
0.997974,0.0020259956,0
0.8424776,0.15752238,0
0.17642073,0.8235793,1
0.12664433,0.8733556,1
0.079345025,0.920655,1
0.06413755,0.9358625,1
0.07977719,0.9202229,1
0.53490597,0.46509406,1
0.9358729,0.0641271,0
0.9017217,0.09827831,0
0.3425324,0.6574676,1
0.10154075,0.8984592,1
0.033746522,0.9662535,1
0.22506155,0.77493846,0
0.8409822,0.15901785,0
0.8932633,0.10673668,0
0.9385809,0.06141909,0
0.9981476,0.0018524439,0
0.99775773,0.0022422576,0
0.74204713,0.25795287,0
0.29858223,0.70141786,0
0.88079435,0.119205676,0
0.8753299,0.12467007,0
0.7978457,0.2021543,0
0.7548204,0.24517961,0
0.99816245,0.0018375613,0
0.9984022,0.0015978486,0
0.9984615,0.0015385515,0
0.9977696,0.00223042,0
0.9416241,0.0583759,1
0.6741405,0.32585946,1
0.61958325,0.38041678,1
0.5993594,0.4006406,1
0.5828704,0.41712958,1
0.5790051,0.42099485,1
0.58066946,0.4193305,1
0.5632478,0.43675223,1
0.34728596,0.6527141,1
0.31674886,0.6832511,0
0.22604579,0.7739542,0
0.8563747,0.14362536,0
0.9555266,0.044473395,0
0.99850523,0.0014947789,0
0.027159229,0.97284085,1
0.91243696,0.087563,0
0.92420465,0.07579536,0
0.9393495,0.06065046,0
0.96456325,0.035436783,0
0.9986292,0.0013708319,0
0.83281046,0.16718957,0
0.86270565,0.13729438,0
0.2299929,0.7700071,1
0.17627442,0.8237256,1
0.8072446,0.1927554,0
0.8134211,0.18657893,0
0.76498497,0.23501506,0
0.84584594,0.15415399,0
0.98084533,0.01915466,0
0.97348154,0.026518533,0
0.8266463,0.17335366,0
0.87637115,0.12362886,0
0.89847034,0.101529665,0
0.9246172,0.07538275,1
0.93932194,0.06067806,0
0.9984694,0.0015305424,0
0.9877394,0.012260617,1
0.9108039,0.0891961,1
0.2526195,0.74738055,1
0.27012357,0.7298764,1
0.9883227,0.011677292,0
0.9669685,0.03303157,0
0.9986247,0.001375306,0
0.9986387,0.001361339,0
0.699125,0.30087504,0
0.8121439,0.18785602,0
0.01061391,0.9893861,1
0.01184949,0.9881505,1
0.042894065,0.957106,1
0.97669524,0.02330475,0
0.9689334,0.031066522,0
0.9679211,0.03207894,0
0.9442207,0.055779222,0
0.7936598,0.20634021,0
0.9979432,0.0020567204,0
0.9971386,0.0028614306,0
0.06944354,0.9305564,1
0.013689685,0.98631036,1
0.01638976,0.9836103,1
0.82386774,0.17613229,0
0.93023664,0.069763325,0
0.26181698,0.73818296,0
0.42903656,0.57096344,0
0.2937701,0.7062299,1
0.2785305,0.72146946,0
0.44177267,0.55822736,0
0.06858247,0.9314175,1
0.08135385,0.91864616,1
0.39472985,0.6052701,0
0.71864533,0.2813547,0
0.6391789,0.36082116,0
0.9985815,0.0014185173,0
0.9986333,0.0013666663,0
0.9984712,0.001528732,0
0.61531574,0.38468423,0
0.5910928,0.40890718,0
0.594575,0.40542492,0
0.59060323,0.40939683,0
0.038809914,0.9611901,1
0.07026098,0.92973906,1
0.14603274,0.85396725,1
0.1072159,0.89278406,1
0.86433375,0.13566625,0
0.337434,0.662566,1
0.026635155,0.97336483,1
0.010073526,0.98992646,1
0.013001219,0.98699874,1
0.010102983,0.989897,1
0.006644463,0.9933555,1
0.05605257,0.94394743,1
0.08207884,0.9179212,1
0.73310584,0.2668942,0
0.8126639,0.18733609,0
0.916031,0.08396895,0
0.9582151,0.041784856,0
0.90736586,0.092634134,0
0.84463274,0.15536726,0
0.9765421,0.023457851,0
0.22202496,0.7779751,1
0.078879446,0.9211205,1
0.04500075,0.9549992,1
0.04747967,0.9525203,1
0.82735944,0.1726406,0
0.8362803,0.16371973,0
0.23847578,0.7615242,0
0.17807351,0.8219265,0
0.09611618,0.9038839,1
0.2527368,0.7472632,1
0.23957643,0.76042354,0
0.2452917,0.75470835,0
0.2381406,0.76185936,1
0.26506504,0.734935,1
0.94505703,0.054942973,0
0.8298732,0.17012678,0
0.8557797,0.1442202,0
0.9983701,0.0016299668,0
0.039058,0.96094203,1
0.60788506,0.392115,0
0.68379843,0.31620154,0
0.99748117,0.0025188231,0
0.6785417,0.32145822,0
0.08843671,0.9115633,1
0.06182198,0.938178,1
0.02324793,0.9767521,1
0.01771814,0.9822819,1
0.02708239,0.97291756,1
0.51716334,0.48283666,0
0.8508664,0.14913364,0
0.92436093,0.07563903,0
0.99816364,0.0018364369,0
0.99815863,0.0018413434,0
0.9973506,0.0026494043,0
0.81488,0.18512,0
0.033883005,0.96611696,1
0.22187808,0.77812195,0
0.81429523,0.1857048,0
0.8609082,0.13909179,0
0.9763421,0.023657896,0
0.99814975,0.0018502286,0
0.6384317,0.36156827,0
0.6012134,0.39878654,0
0.1473856,0.8526144,1
0.21630158,0.78369844,1
0.019812375,0.9801876,1
0.29958558,0.70041436,0
0.9983417,0.0016583224,0
0.013924786,0.9860752,1
0.010539664,0.98946035,1
0.009141026,0.990859,1
0.0076464494,0.99235356,1
0.009794072,0.99020594,1
0.009856002,0.990144,1
0.9356991,0.06430095,0
0.9559583,0.04404165,0
0.9354946,0.06450543,0
0.8715714,0.12842858,0
0.47145674,0.5285433,1
0.13728786,0.86271214,1
0.08968188,0.91031814,1
0.072958596,0.9270415,1
0.095017895,0.90498215,1
0.97943383,0.020566154,0
0.9785277,0.021472218,0
0.8233568,0.17664315,1
0.785092,0.21490803,0
0.8900788,0.10992125,0
0.98267925,0.017320737,0
0.56044394,0.43955612,1
0.3935555,0.60644454,1
0.11457666,0.88542336,1
0.18025583,0.8197442,1
0.10426644,0.89573354,1
0.10721569,0.89278424,1
0.9796212,0.020378841,0
0.849014,0.150986,1
0.82808626,0.17191379,0
0.9903543,0.00964572,0
0.36748654,0.6325134,1
0.0839321,0.9160679,1
0.20336263,0.7966374,1
0.43102273,0.56897724,1
0.6610052,0.33899477,1
0.5614494,0.43855053,1
0.7687029,0.23129714,0
0.117606975,0.88239306,1
0.08686958,0.91313046,1
0.016523875,0.98347616,1
0.022229007,0.977771,1
0.03568034,0.96431965,1
0.056764048,0.943236,1
0.8477531,0.15224683,0
0.8449174,0.1550826,0
0.8287435,0.17125653,0
0.4263668,0.5736332,0
0.35234043,0.64765954,0
0.9980732,0.0019267198,0
0.0367979,0.9632021,1
0.041783694,0.9582163,1
0.078742534,0.9212575,1
0.13649999,0.8635,1
0.79794276,0.20205717,0
0.8235034,0.1764966,0
0.99848866,0.0015112795,0
0.998678,0.0013219253,0
0.8744152,0.12558475,0
0.11725224,0.88274777,1
0.12284458,0.8771555,1
0.103580974,0.89641905,1
0.16319025,0.83680975,1
0.054167368,0.94583267,1
0.039137904,0.96086216,1
0.20503116,0.79496884,0
0.8764664,0.12353362,0
0.7540361,0.24596386,0
0.40777284,0.5922272,1
0.014497603,0.98550236,1
0.020768356,0.9792316,1
0.010553665,0.98944634,1
0.024050921,0.97594905,1
0.012594784,0.98740524,1
0.010426954,0.98957306,1
0.7092286,0.29077142,0
0.86631554,0.13368443,0
0.8078387,0.19216132,0
0.7662326,0.2337674,0
0.99753016,0.0024698868,0
0.21935126,0.78064877,1
0.0155910235,0.98440903,1
0.017439265,0.9825607,1
0.011423023,0.988577,1
0.12753847,0.87246156,0
0.8477867,0.15221332,0
0.8607048,0.13929515,0
0.90895045,0.09104962,0
0.99806887,0.0019312038,0
0.009103467,0.9908965,1
0.01423512,0.9857649,1
0.015854271,0.9841457,1
0.011358887,0.98864114,1
0.031533074,0.96846694,0
0.12367902,0.87632096,0
0.11515261,0.8848474,0
0.7878505,0.21214958,0
0.9183614,0.08163857,0
0.8856462,0.114353746,0
0.72206783,0.27793214,0
0.11300233,0.88699764,0
0.15783268,0.8421673,0
0.076680206,0.9233198,0
0.3205157,0.6794843,0
0.8404087,0.15959132,0
0.17106691,0.82893306,0
0.9098144,0.09018558,0
0.8958713,0.10412874,0
0.6936499,0.30635005,0
0.81141967,0.18858033,0
0.81345755,0.18654245,0
0.8085607,0.19143926,0
0.16156846,0.83843154,0
0.9120992,0.08790087,0
0.97172177,0.028278222,0
0.9674041,0.032595817,0
0.8834894,0.1165106,0
0.86703396,0.13296609,0
0.85528624,0.14471382,0
0.9929628,0.0070371856,0
0.10617094,0.89382905,1
0.3148517,0.68514824,1
0.21917367,0.78082633,1
0.26183292,0.73816705,1
0.6410384,0.35896164,0
0.9463647,0.05363526,0
0.99833953,0.0016604181,0
0.99806184,0.001938098,0
0.6022697,0.39773026,0
0.5923082,0.40769175,0
0.58872575,0.41127428,1
0.5804993,0.41950074,1
0.4808968,0.51910317,1
0.123945884,0.8760541,1
0.19832616,0.80167377,1
0.28249767,0.7175023,1
0.8314964,0.1685036,0
0.9942023,0.005797649,0
0.99731284,0.0026871841,0
0.016403425,0.98359656,1
0.9186705,0.081329465,0
0.9162984,0.08370162,1
0.023447117,0.9765529,1
0.012236566,0.98776346,1
0.39780325,0.60219675,1
0.89103615,0.10896384,0
0.99757606,0.0024239616,0
0.32082132,0.6791787,1
0.5962281,0.4037719,0
0.47508007,0.5249199,1
0.34024486,0.6597552,1
0.37523043,0.6247695,0
0.48259485,0.51740515,0
0.91093934,0.08906066,0
0.9038879,0.096112005,0
0.9150751,0.08492491,0
0.35783753,0.64216244,0
0.63697577,0.3630243,0
0.8449534,0.15504652,0
0.85278714,0.14721279,0
0.84218895,0.15781109,0
0.99126434,0.008735672,0
0.9637233,0.036276735,0
0.8445298,0.15547027,0
0.99798656,0.00201338,0
0.69395226,0.30604774,0
0.2897574,0.7102426,1
0.047314815,0.9526851,1
0.97184247,0.028157514,1
0.9614493,0.038550608,1
0.9576568,0.04234323,1
0.75605726,0.24394274,1
0.9425412,0.057458792,0
0.17052656,0.8294734,1
0.01646259,0.9835374,1
0.028642267,0.9713577,1
0.022066979,0.97793305,1
0.97153026,0.02846975,0
0.9254997,0.074500255,0
0.94091696,0.05908304,0
0.88007987,0.11992009,0
0.73717487,0.26282504,0
0.81597745,0.18402256,0
0.81973875,0.1802612,0
0.9984647,0.0015353595,0
0.9982021,0.0017979078,0
0.025456134,0.9745439,1
0.03468224,0.9653177,1
0.0342423,0.96575767,1
0.034860652,0.9651393,1
0.09400356,0.9059964,0
0.18501511,0.8149849,0
0.4742154,0.52578455,0
0.9371245,0.062875494,0
0.9452449,0.054755095,0
0.997827,0.0021729926,0
0.99649185,0.0035080875,0
0.7939069,0.20609301,0
0.57816875,0.42183128,0
0.5593221,0.4406779,0
0.8829237,0.1170763,0
0.99385357,0.0061464612,0
0.1370451,0.8629549,1
0.024994418,0.9750056,1
0.9005455,0.09945459,0
0.77990556,0.22009449,0
0.87406707,0.12593295,0
0.88854015,0.11145985,0
0.90845764,0.09154232,0
0.85679716,0.14320278,0
0.82695454,0.17304541,0
0.99681807,0.0031819255,0
0.8554828,0.14451721,1
0.627229,0.37277105,0
0.73278314,0.26721695,0
0.7697455,0.2302545,0
0.9851077,0.014892225,0
0.908081,0.091919005,1
0.6925867,0.30741328,1
0.9950793,0.004920675,0
0.9931678,0.0068321717,0
0.5059885,0.4940115,1
0.11279396,0.8872061,1
0.5936355,0.4063645,0
0.5269473,0.47305265,0
0.6190265,0.38097352,1
0.8119893,0.18801074,0
0.9702234,0.029776623,0
0.93782485,0.06217515,0
0.6110843,0.3889157,1
0.12581295,0.87418705,1
0.30339643,0.69660354,1
0.09353094,0.90646905,1
0.3276058,0.6723942,1
0.68538475,0.31461528,0
0.8538842,0.14611576,0
0.8528838,0.14711618,0
0.8323452,0.16765481,0
0.74806786,0.25193208,0
0.9975414,0.0024585533,0
0.5732423,0.42675766,0
0.6004256,0.3995744,0
0.585049,0.414951,0
0.25826275,0.7417372,0
0.6273007,0.3726993,0
0.6851114,0.3148886,0
0.59951955,0.4004805,0
0.58966464,0.41033536,0
0.7457599,0.2542401,0
0.9389795,0.061020494,0
0.8331472,0.16685277,1
0.8080857,0.19191438,1
0.6564885,0.3435115,1
0.9950617,0.0049382923,0
0.9954122,0.004587786,0
0.9437959,0.0562041,0
0.82808506,0.17191486,0
0.75857556,0.2414244,0
0.010359784,0.9896402,1
0.01514405,0.98485595,1
0.024207296,0.9757927,1
0.21283752,0.7871625,0
0.24465251,0.7553475,0
0.04940795,0.95059204,1
0.06753375,0.9324662,0
0.05352926,0.94647074,1
0.59510976,0.40489018,0
0.6377248,0.36227518,0
0.57123476,0.42876527,0
0.56910646,0.43089348,0
0.46406236,0.5359376,0
0.3331363,0.66686374,1
0.14563306,0.85436696,1
0.385541,0.61445904,0
0.8740584,0.12594153,0
0.83631986,0.16368012,0
0.98853195,0.0114681,0
0.99533266,0.004667273,0
0.6599867,0.34001336,1
0.57059693,0.42940304,1
0.759605,0.24039498,0
0.9034244,0.09657557,0
0.93551517,0.06448484,0
0.97237915,0.027620817,0
0.99826163,0.0017383271,0
0.9608892,0.03911075,0
0.54843193,0.45156807,1
0.74478585,0.2552141,1
0.8596483,0.14035165,0
0.9181826,0.08181735,0
0.9258887,0.07411131,0
0.7416515,0.25834846,1
0.59616977,0.4038303,0
0.44911337,0.55088663,0
0.3565625,0.6434375,1
0.20610382,0.7938962,1
0.16353412,0.83646584,1
0.9663126,0.03368735,0
0.89671725,0.10328273,0
0.85745084,0.14254916,0
0.84661365,0.15338635,0
0.077266134,0.9227339,1
0.25108394,0.74891603,1
0.42059746,0.57940257,0
0.707376,0.29262397,0
0.6238672,0.37613285,1
0.54333353,0.4566664,1
0.5429718,0.45702818,0
0.5414288,0.4585712,0
0.40727517,0.5927248,1
0.57050693,0.42949313,1
0.7476647,0.25233525,0
0.7812385,0.21876149,0
0.76764715,0.23235282,1
0.7799566,0.22004339,0
0.81767476,0.18232527,0
0.87606484,0.12393513,0
0.80108577,0.19891423,0
0.8079851,0.19201493,0
0.63310575,0.36689425,0
0.53004384,0.46995622,1
0.8347946,0.1652054,0
0.95514446,0.044855513,0
0.9946713,0.0053286934,0
0.997993,0.002007073,0
0.9977429,0.0022571182,0
0.85898924,0.14101079,0
0.24690853,0.7530915,1
0.19621436,0.8037857,1
0.16507159,0.8349284,1
0.20517665,0.7948233,1
0.19530237,0.80469763,1
0.1432152,0.8567848,1
0.06984599,0.930154,1
0.99061877,0.009381316,0
0.9987067,0.001293318,0
0.99874014,0.0012598922,0
0.82972175,0.17027825,0
0.042148307,0.95785165,1
0.025190582,0.97480935,1
0.024762794,0.9752372,1
0.9975019,0.0024980986,0
0.897011,0.102989055,0
0.7981488,0.20185117,0
0.061481133,0.9385188,1
0.024892835,0.97510713,1
0.03880223,0.96119773,1
0.06672221,0.9332778,1
0.60248756,0.39751247,0
0.81016946,0.18983051,0
0.7242986,0.27570143,0
0.99840397,0.0015960033,0
0.9976109,0.0023891137,0
0.8479263,0.15207373,0
0.93088573,0.0691142,0
0.9403531,0.059646945,0
0.91722494,0.08277506,0
0.9717656,0.02823442,0
0.92542464,0.07457537,0
0.8538656,0.14613439,0
0.7932487,0.20675138,1
0.64952314,0.3504769,1
0.76712924,0.23287077,1
0.44313353,0.55686647,1
0.4099712,0.59002876,1
0.48344398,0.5165561,1
0.8308762,0.16912386,0
0.84843487,0.15156509,0
0.6482994,0.35170054,0
0.3994554,0.6005446,1
0.55969524,0.4403048,1
0.995529,0.0044710026,0
0.9967474,0.0032526536,0
0.99869376,0.0013062572,0
0.9947573,0.005242692,0
0.34209096,0.657909,0
0.84028894,0.15971108,0
0.8245171,0.17548294,0
0.31975502,0.680245,1
0.56186515,0.43813485,1
0.99870765,0.0012923448,0
0.9985972,0.0014028263,0
0.7077543,0.29224566,1
0.01669266,0.98330736,1
0.024795037,0.975205,1
0.046348147,0.9536519,1
0.06404328,0.9359568,1
0.9966125,0.003387545,0
0.9985561,0.0014439292,0
0.9971841,0.002815839,0
0.8015213,0.19847871,0
0.93277603,0.06722394,0
0.941902,0.058098003,0
0.97387886,0.026121091,0
0.97931975,0.020680215,0
0.93747866,0.06252133,0
0.88197935,0.11802064,0
0.8108466,0.1891534,0
0.6726378,0.32736218,1
0.6961043,0.3038957,0
0.43149137,0.5685087,1
0.9985424,0.001457541,0
0.941809,0.058190994,1
0.61519617,0.3848039,1
0.100232884,0.8997671,1
0.086581066,0.9134189,1
0.018714942,0.9812851,1
0.09872027,0.90127975,1
0.01635189,0.9836481,1
0.82307744,0.17692249,0
0.87856287,0.12143717,0
0.89296883,0.107031174,0
0.9243158,0.07568413,0
0.9225828,0.07741716,0
0.9877422,0.012257752,0
0.86950105,0.13049893,0
0.11137595,0.88862413,1
0.06388601,0.93611395,1
0.014015508,0.98598444,1
0.9553009,0.04469907,0
0.9524282,0.047571708,0
0.94148934,0.05851061,0
0.99857664,0.0014233759,0
0.8580888,0.14191125,0
0.89746547,0.10253454,0
0.8310898,0.16891028,0
0.49120173,0.5087983,0
0.89270675,0.1072933,0
0.28627256,0.7137275,1
0.76753634,0.23246369,1
0.93742937,0.06257071,0
0.92617923,0.07382083,0
0.9113954,0.08860463,0
0.9942684,0.005731556,0
0.9986721,0.0013278364,0
0.9986999,0.0013001058,0
0.99859995,0.0014000861,0
0.45105603,0.54894394,0
0.5687683,0.43123165,1
0.99868244,0.0013174947,0
0.9979665,0.002033454,0
0.88818014,0.11181988,0
0.1215759,0.87842417,1
0.047093157,0.9529069,1
0.59275436,0.40724564,1
0.6055541,0.39444584,1
0.8684368,0.1315632,0
0.9986077,0.0013923728,0
0.99853456,0.0014654428,0
0.99848807,0.0015118993,0
0.04949344,0.9505065,1
0.025317824,0.97468215,1
0.026059575,0.9739404,1
0.71682215,0.28317785,0
0.7335487,0.26645127,0
0.7040394,0.29596066,0
0.70233685,0.29766315,1
0.6975804,0.30241954,1
0.72358525,0.27641475,0
0.99861467,0.0013853188,0
0.99871194,0.0012880622,0
0.9987218,0.0012781369,0
0.8327322,0.16726774,0
0.5803491,0.4196509,0
0.55255747,0.4474425,1
0.5508113,0.44918868,1
0.49732804,0.50267196,1
0.5041693,0.4958307,1
0.50348914,0.49651086,1
0.29819053,0.70180947,1
0.856328,0.14367194,1
0.94509643,0.05490358,0
0.10810837,0.8918916,1
0.06295443,0.9370456,1
0.014238118,0.9857619,1
0.011367414,0.9886326,1
0.6893174,0.31068265,0
0.91512114,0.08487881,0
0.8239803,0.17601968,0
0.86974204,0.13025798,0
0.80669135,0.1933087,0
0.962943,0.037056953,0
0.9977469,0.0022530581,0
0.99851483,0.0014851693,0
0.9982212,0.001778725,0
0.7583001,0.24169986,0
0.15123749,0.8487626,0
0.24750295,0.752497,0
0.4277718,0.5722282,1
0.9104921,0.08950791,0
0.87897384,0.12102618,0
0.94049597,0.05950404,0
0.99767345,0.0023265458,0
0.809699,0.190301,0
0.20560974,0.79439026,1
0.23670885,0.7632912,1
0.4932323,0.5067677,1
0.8805576,0.11944238,0
0.8861042,0.113895714,0
0.87422496,0.12577504,0
0.7331881,0.2668119,0
0.816708,0.18329199,0
0.903248,0.096751995,0
0.1582966,0.8417034,1
0.1401573,0.85984266,1
0.26687685,0.7331232,1
0.85921824,0.14078169,0
0.59845805,0.40154195,1
0.8039082,0.19609174,1
0.87445563,0.12554438,0
0.26122335,0.7387767,1
0.41484135,0.58515865,1
0.4355594,0.5644406,1
0.5863214,0.41367856,1
0.39687046,0.60312957,1
0.30091798,0.699082,1
0.3784503,0.6215497,1
0.8751804,0.12481956,0
0.8627432,0.13725682,0
0.5441546,0.45584533,0
0.6919543,0.30804563,0
0.99848336,0.0015166136,0
0.9967535,0.003246445,0
0.85354877,0.14645125,0
0.10068921,0.89931077,1
0.3917796,0.6082204,0
0.6747015,0.32529846,0
0.69714236,0.30285764,1
0.73326594,0.2667341,0
0.59074664,0.4092534,1
0.5086048,0.49139512,1
0.55073375,0.44926625,1
0.99875796,0.0012419878,0
0.8509947,0.14900531,1
0.46596467,0.53403527,1
0.4929609,0.5070391,1
0.49499926,0.5050007,1
0.2722433,0.7277567,1
0.17258537,0.8274147,1
0.46629035,0.53370965,0
0.16139726,0.83860266,1
0.15542915,0.8445709,1
0.15824,0.84176,1
0.15393603,0.84606403,1
0.9987464,0.0012535923,0
0.7183798,0.2816202,0
0.26179227,0.7382077,0
0.14008394,0.8599161,1
0.8331076,0.1668924,0
0.82674533,0.17325467,0
0.858375,0.14162499,0
0.7599363,0.2400638,0
0.9984091,0.001590961,0
0.99866414,0.0013358683,0
0.36015436,0.63984567,0
0.5792556,0.4207444,1
0.22400439,0.7759956,1
0.49983567,0.50016433,1
0.2643984,0.7356016,1
0.9353831,0.06461696,0
0.9965569,0.0034432053,0
0.82426834,0.17573167,0
0.41266844,0.58733153,1
0.14660935,0.85339063,1
0.07276815,0.92723185,1
0.05476055,0.9452395,1
0.055293906,0.944706,1
0.6893362,0.31066385,0
0.47502077,0.52497923,0
0.24785055,0.7521494,1
0.27105087,0.7289491,1
0.96546346,0.034536526,0
0.55995107,0.44004896,0
0.49789524,0.5021048,1
0.560321,0.4396791,1
0.58046806,0.41953194,0
0.9452842,0.054715842,0
0.4190354,0.58096457,0
0.3751173,0.6248827,0
0.35892344,0.6410766,0
0.36032966,0.6396704,0
0.9984458,0.0015541724,0
0.5560645,0.4439355,0
0.6169748,0.38302523,0
0.808737,0.19126302,0
0.2319623,0.76803774,1
0.41889733,0.58110267,1
0.7728477,0.22715235,0
0.5365374,0.46346262,1
0.45855704,0.54144293,1
0.89705825,0.10294175,1
0.9073592,0.09264088,0
0.022709608,0.9772904,1
0.029257182,0.9707428,1
0.058105547,0.9418945,1
0.056620635,0.9433794,1
0.20447376,0.79552627,1
0.38614038,0.61385965,1
0.56488115,0.43511885,0
0.941359,0.058641005,0
0.9902874,0.009712581,0
0.9981041,0.0018958686,0
0.99875474,0.0012452584,0
0.9987451,0.0012548813,0
0.998637,0.0013629593,0
0.8806746,0.1193254,0
0.6899236,0.3100764,0
0.7201706,0.27982932,0
0.5843926,0.4156073,0
0.59481126,0.4051887,0
0.5962642,0.40373585,0
0.22468388,0.7753161,0
0.39902028,0.6009797,0
0.25509885,0.7449012,0
0.21296144,0.78703856,0
0.23905666,0.7609434,0
0.26684377,0.73315626,0
0.99675816,0.0032418007,0
0.99077517,0.009224785,0
0.34836203,0.651638,0
0.31971997,0.68028,0
0.52825993,0.4717401,0
0.8282004,0.17179963,0
0.82447535,0.17552465,1
0.864451,0.13554898,1
0.65533125,0.34466875,1
0.5099566,0.49004337,1
0.4459742,0.55402577,1
0.439243,0.56075704,1
0.34906724,0.6509327,0
0.859625,0.14037506,0
0.7636901,0.23630989,0
0.77767116,0.22232881,0
0.83501697,0.16498303,0
0.8861769,0.11382313,0
0.99842155,0.0015784289,0
0.99860483,0.0013951561,0
0.5285008,0.47149915,1
0.28521663,0.7147834,0
0.37036067,0.6296393,0
0.46564296,0.5343571,0
0.57347614,0.4265239,1
0.7201667,0.27983338,1
0.83531773,0.16468233,0
0.7584589,0.24154107,0
0.9338348,0.06616517,0
0.70502573,0.29497424,0
0.6846204,0.31537965,1
0.6318094,0.36819065,0
0.22785,0.77215,1
0.2499888,0.7500112,1
0.517134,0.48286593,1
0.9471687,0.052831344,0
0.90424556,0.0957545,0
0.8408305,0.15916947,0
0.9704188,0.029581208,0
0.95449716,0.045502845,0
0.5245546,0.47544533,0
0.55022186,0.4497781,1
0.61621904,0.383781,1
0.66835713,0.33164287,0
0.87555295,0.12444711,0
0.9094241,0.09057593,0
0.8856465,0.11435351,0
0.7765121,0.22348794,0
0.9467407,0.05325937,0
0.9641787,0.03582131,0
0.8958316,0.10416842,0
0.83540004,0.16459997,1
0.7432499,0.25675017,0
0.5281042,0.4718958,1
0.23314135,0.7668586,1
0.15257439,0.8474256,1
0.17211694,0.82788306,1
0.39800838,0.6019916,1
0.6022097,0.3977903,1
0.030567747,0.9694323,1
0.5233827,0.47661722,0
0.6004856,0.39951432,0
0.512879,0.487121,0
0.63637155,0.3636284,0
0.6344604,0.36553964,0
0.29339755,0.7066024,1
0.9987185,0.0012815087,0
0.99873024,0.0012697678,0
0.99849427,0.0015056797,0
0.56356305,0.4364369,1
0.3026661,0.69733393,1
0.3274061,0.6725939,1
0.32807755,0.67192245,1
0.33552656,0.6644735,1
0.3102845,0.68971556,1
0.26630476,0.7336952,1
0.21181868,0.7881813,1
0.24345624,0.75654376,1
0.2014554,0.7985446,1
0.9018794,0.09812065,0
0.5068034,0.49319658,0
0.54844654,0.45155346,0
0.7745365,0.22546352,0
0.5197695,0.48023048,1
0.9982822,0.0017178367,0
0.99868745,0.0013125708,0
0.99870646,0.0012935109,0
0.53317463,0.46682537,1
0.55833775,0.44166228,1
0.56807995,0.43192002,1
0.054160196,0.9458398,1
0.32208028,0.6779197,1
0.67307067,0.32692933,1
0.76297784,0.23702218,0
0.7577427,0.24225733,0
0.8600404,0.13995963,0
0.81040895,0.18959107,0
0.99744046,0.0025595082,0
0.920194,0.07980598,0
0.98214287,0.017857125,0
0.9128597,0.08714037,0
0.9497881,0.05021198,0
0.90249276,0.09750719,0
0.8368906,0.16310936,0
0.9180424,0.08195758,0
0.8992416,0.10075841,1
0.8142542,0.18574576,0
0.9651558,0.034844227,0
0.99836844,0.0016315302,0
0.89164495,0.10835509,0
0.48235136,0.51764864,1
0.5681008,0.43189916,1
0.2933651,0.7066349,1
0.8710556,0.12894434,0
0.55601865,0.44398132,1
0.8452274,0.15477256,1
0.71367204,0.28632796,1
0.6185096,0.38149047,1
0.92208356,0.07791651,0
0.9312344,0.06876557,0
0.74956834,0.25043172,0
0.026974563,0.97302544,1
0.03244877,0.96755123,0
0.46795943,0.53204054,0
0.49071985,0.5092802,0
0.53000027,0.46999973,1
0.46353564,0.5364644,1
0.39454356,0.6054565,1
0.38915128,0.6108487,1
0.53737986,0.4626201,1
0.9986029,0.001397068,0
0.99876225,0.0012378055,0
0.99876034,0.0012397022,0
0.9256906,0.0743094,0
0.7003308,0.29966918,1
0.5475975,0.45240244,1
0.08737528,0.9126247,1
0.11043344,0.88956654,1
0.10632584,0.89367414,1
0.22370166,0.7762983,1
0.99872714,0.0012728694,0
0.49221006,0.50778997,0
0.22770977,0.7722902,1
0.19028583,0.80971414,1
0.15546286,0.8445371,1
0.9301073,0.06989269,0
0.93098253,0.069017455,0
0.9981515,0.0018485298,0
0.67704946,0.3229506,0
0.9122118,0.08778829,0
0.8452064,0.15479366,0
0.035657775,0.9643423,1
0.25062442,0.7493755,1
0.3162491,0.68375087,1
0.2982217,0.7017783,1
0.23720336,0.76279664,1
0.8803775,0.11962252,0
0.94066155,0.059338436,0
0.95100623,0.04899377,0
0.9340907,0.06590928,0
0.92343134,0.07656869,0
0.18570092,0.8142991,1
0.5478467,0.45215333,0
0.9982235,0.0017764904,0
0.35389432,0.64610565,0
0.68362814,0.31637192,0
0.87293524,0.12706481,0
0.22118236,0.7788177,1
0.0287695,0.9712305,1
0.83942235,0.16057764,0
0.90246975,0.09753028,0
0.24732625,0.7526738,0
0.3773539,0.62264615,0
0.8179197,0.18208031,0
0.93782055,0.062179465,0
0.99727976,0.002720253,0
0.9983367,0.0016632836,0
0.65156484,0.34843513,0
0.51367724,0.48632276,0
0.7705047,0.22949535,0
0.5944806,0.4055194,0
0.49010676,0.50989324,0
0.57262146,0.4273785,1
0.5595003,0.44049975,1
0.8904881,0.10951195,0
0.890951,0.10904904,0
0.8712341,0.1287659,0
0.69627345,0.30372658,0
0.65703887,0.3429611,1
0.8544419,0.14555813,0
0.96763635,0.032363597,0
0.5323732,0.46762675,0
0.7571922,0.24280788,0
0.57854766,0.42145228,1
0.55715847,0.44284156,0
0.56144077,0.43855926,0
0.74692136,0.25307867,0
0.5944468,0.4055532,0
0.8950708,0.10492921,0
0.98264664,0.01735337,0
0.89498734,0.10501267,0
0.9975994,0.002400558,0
0.9910328,0.0089671835,0
0.34174114,0.65825886,1
0.37368506,0.62631494,1
0.41955337,0.58044666,1
0.41354164,0.5864583,1
0.4103013,0.58969873,1
0.020335412,0.97966456,1
0.015702551,0.98429745,1
0.5675768,0.43242317,0
0.9976578,0.0023421817,0
0.83541596,0.16458401,0
0.7842729,0.21572715,0
0.6570884,0.3429116,0
0.66793686,0.3320631,0
0.4687308,0.53126913,1
0.37850368,0.6214963,1
0.9985862,0.0014138874,0
0.99872905,0.0012709504,0
0.4282155,0.5717845,1
0.5737927,0.42620733,1
0.71088415,0.28911585,0
0.13837776,0.8616223,1
0.9070295,0.09297047,0
0.67690736,0.32309267,1
0.672619,0.32738099,1
0.8674291,0.13257095,0
0.92868906,0.071310915,0
0.99872476,0.0012751652,0
0.99871194,0.001288048,0
0.91219765,0.08780232,1
0.8103468,0.18965322,0
0.41097376,0.5890263,1
0.60013485,0.39986515,1
0.52882606,0.4711739,1
0.62284553,0.3771545,1
0.1485597,0.8514403,1
0.7290653,0.2709347,1
0.968574,0.031425983,0
0.9710071,0.028992953,1
0.8925351,0.10746492,1
0.58173937,0.41826066,1
0.54175484,0.4582452,0
0.12425141,0.8757486,1
0.14078343,0.8592166,0
0.515576,0.48442402,0
0.8087935,0.19120649,0
0.4879741,0.51202595,1
0.61244625,0.38755378,1
0.79233295,0.20766702,1
0.9983724,0.0016276406,0
0.56962633,0.43037364,0
0.52492607,0.475074,1
0.80411893,0.1958811,0
0.8556908,0.14430924,0
0.930067,0.06993307,0
0.87046504,0.12953496,0
0.8445047,0.15549529,0
0.024858227,0.9751417,1
0.4720426,0.5279574,0
0.51778114,0.48221892,0
0.45683548,0.54316455,0
0.55982995,0.4401701,0
0.8925314,0.10746857,0
0.75613797,0.24386202,0
0.9529751,0.04702496,0
0.9853064,0.014693635,0
0.75015664,0.24984334,0
0.38763022,0.6123697,0
0.18247996,0.81752,0
0.059652314,0.9403476,1
0.044853806,0.9551462,1
0.026055869,0.9739441,1
0.19247296,0.80752707,1
0.040179502,0.95982057,1
0.56047493,0.43952504,1
0.022485187,0.9775148,1
0.9972408,0.0027591593,0
0.9986854,0.0013145342,0
0.85279703,0.14720294,0
0.8727983,0.12720165,0
0.8546551,0.14534491,0
0.25431255,0.7456874,1
0.15709224,0.8429078,1
0.13938582,0.8606142,1
0.8962134,0.103786536,0
0.9621774,0.03782265,0
0.99684674,0.0031532296,0
0.8686286,0.13137138,0
0.8755398,0.12446018,0
0.71216315,0.28783685,0
0.69962585,0.30037412,0
0.7731235,0.22687645,0
0.8418154,0.15818462,0
0.9666909,0.03330912,0
0.83888745,0.1611125,1
0.7237481,0.27625188,0
0.20832287,0.7916772,1
0.23028821,0.76971173,1
0.25980797,0.740192,1
0.26979005,0.73020995,1
0.3912813,0.60871863,1
0.71208274,0.28791723,1
0.99864596,0.001354049,0
0.55806124,0.4419388,1
0.43929645,0.5607036,1
0.6287568,0.37124324,0
0.38904315,0.61095685,1
0.42017707,0.57982296,1
0.8335454,0.16645461,1
0.63093007,0.36906996,1
0.99868745,0.0013126127,0
0.99872977,0.0012702245,0
0.99829096,0.0017089904,0
0.6868975,0.31310248,1
0.58485335,0.41514662,1
0.60921854,0.3907815,1
0.61804396,0.38195604,1
0.56196254,0.4380375,1
0.5066658,0.49333414,1
0.46028936,0.5397107,0
0.62599486,0.37400508,0
0.8470884,0.15291154,0
0.36004344,0.63995653,0
0.7465168,0.25348315,0
0.9270811,0.07291885,0
0.9314247,0.06857529,0
0.6684965,0.33150354,1
0.669175,0.33082503,0
0.5946906,0.40530938,0
0.88871956,0.111280456,0
0.8482097,0.15179029,0
0.81959045,0.18040958,0
0.645899,0.35410106,0
0.84709233,0.15290768,0
0.92373437,0.07626563,0
0.99845195,0.0015480164,0
0.9554685,0.04453155,0
0.8059562,0.19404377,1
0.6741682,0.32583174,1
0.056584757,0.9434153,1
0.09531739,0.90468264,0
0.1382143,0.86178565,1
0.5857362,0.41426384,0
0.7125169,0.2874831,0
0.58891124,0.41108882,0
0.46022537,0.53977466,1
0.48476386,0.5152362,1
0.761295,0.23870501,0
0.92019427,0.07980568,0
0.76155865,0.23844132,1
0.5615656,0.43843445,1
0.5627512,0.43724883,1
0.55054015,0.44945988,1
0.5569626,0.44303742,1
0.56213593,0.43786404,1
0.12856607,0.871434,1
0.13589902,0.864101,1
0.14866523,0.85133475,1
0.89742035,0.102579705,0
0.6546146,0.3453854,0
0.59547806,0.40452197,0
0.8022265,0.19777356,1
0.99869543,0.001304585,0
0.73468655,0.26531342,0
0.28857118,0.7114288,1
0.24826893,0.7517311,1
0.3397033,0.66029674,1
0.31166795,0.688332,1
0.24810673,0.7518932,1
0.2534269,0.7465731,1
0.28923768,0.7107624,1
0.3364908,0.66350925,1
0.6356155,0.36438453,1
0.96979743,0.03020253,0
0.99826825,0.0017317637,0
0.22548537,0.7745146,1
0.18811357,0.8118864,1
0.380925,0.619075,1
0.056699384,0.9433006,1
0.3419337,0.6580663,0
0.8261514,0.17384863,0
0.66450757,0.33549243,0
0.6700984,0.3299016,0
0.54958373,0.45041618,0
0.8087804,0.1912196,0
0.6407032,0.35929677,0
0.5710371,0.42896286,0
0.5544567,0.4455433,0
0.101072334,0.8989277,1
0.00638175,0.99361825,1
0.021753483,0.97824657,0
0.59432673,0.40567324,0
0.5887525,0.41124752,0
0.84097904,0.15902089,0
0.56954783,0.4304522,0
0.80029494,0.19970505,0
0.8959725,0.10402754,0
0.8917243,0.108275756,0
0.72576123,0.27423877,0
0.39715385,0.60284615,1
0.66066766,0.3393324,1
0.97163683,0.028363166,0
0.17679708,0.8232029,0
0.6447181,0.35528192,0
0.65013677,0.3498632,0
0.49613196,0.50386804,0
0.9986124,0.001387598,0
0.9987532,0.0012468251,0
0.9987608,0.0012392505,0
0.99875724,0.0012427517,0
0.6239059,0.37609416,1
0.5515405,0.44845948,1
0.572206,0.427794,1
0.57507885,0.42492113,1
0.5893605,0.4106395,1
0.4514548,0.54854524,1
0.41450962,0.58549035,1
0.2407289,0.75927114,1
0.2181127,0.78188723,1
0.18047756,0.81952244,1
0.9935854,0.006414592,0
0.9986563,0.0013437471,0
0.99874616,0.0012537964,0
0.9987538,0.0012462029,0
0.9918556,0.008144384,0
0.16887915,0.8311209,1
0.32304388,0.67695606,1
0.3345083,0.6654917,1
0.38589022,0.61410975,1
0.37764913,0.6223509,1
0.37078664,0.62921333,1
0.3979742,0.6020258,1
0.45477146,0.54522854,1
0.5200219,0.47997802,1
0.77900326,0.22099677,0
0.73721194,0.2627881,0
0.5325888,0.4674112,0
0.53492063,0.46507934,0
0.22819033,0.7718097,1
0.509707,0.49029294,0
0.5659015,0.43409845,1
0.34374768,0.6562523,1
0.5767315,0.42326853,1
0.53754824,0.46245173,1
0.42762223,0.5723778,0
0.3153423,0.6846577,0
0.57890534,0.42109466,0
0.47180626,0.5281937,0
0.9986895,0.0013104927,0
0.85612875,0.1438712,1
0.58297706,0.4170229,1
0.5073462,0.49265388,0
0.7930092,0.20699078,0
0.8474819,0.15251812,0
0.6697185,0.3302815,1
0.41675642,0.58324355,1
0.35941425,0.6405857,1
0.33264008,0.6673599,1
0.5669298,0.4330702,0
0.56551033,0.43448964,0
0.51363075,0.4863692,0
0.99804294,0.0019570915,0
0.96683335,0.033166602,0
0.42912182,0.5708782,1
0.89480454,0.105195455,0
0.8263073,0.17369267,0
0.85780615,0.14219385,0
0.89313567,0.10686437,0
0.95815057,0.041849516,0
0.8819747,0.1180253,0
0.9106169,0.08938316,0
0.99787354,0.0021264378,0
0.99784017,0.0021597513,0
0.08604693,0.9139531,1
0.12655297,0.87344706,1
0.6994834,0.3005166,1
0.8223289,0.17767103,1
0.76701295,0.23298708,1
0.74164075,0.25835925,1
0.6520697,0.34793034,1
0.7449307,0.2550693,0
0.99863654,0.0013634766,0
0.99863154,0.001368471,0
0.564869,0.43513104,1
0.8209318,0.17906818,0
0.86224264,0.13775738,0
0.8903438,0.10965621,0
0.21160711,0.78839284,1
0.2308924,0.7691076,1
0.2590946,0.7409054,1
0.951068,0.048932023,0
0.99873906,0.0012609896,0
0.99871206,0.001287907,0
0.99864656,0.001353479,0
0.95738155,0.0426184,0
0.9631372,0.03686282,0
0.8624274,0.13757262,1
0.99874663,0.0012533105,0
0.45405957,0.54594046,1
0.28506112,0.7149389,1
0.23601127,0.76398873,1
0.21654905,0.7834509,1
0.3540949,0.64590514,1
0.39689878,0.60310125,1
0.34450677,0.65549326,1
0.26273003,0.73727,1
0.6944553,0.30554464,1
0.32759336,0.6724067,1
0.07841319,0.9215869,1
0.06518729,0.93481266,1
0.89243585,0.10756416,0
0.62446827,0.37553173,1
0.7271512,0.27284876,0
0.80456495,0.1954351,0
0.19276692,0.8072331,1
0.07106092,0.9289391,1
0.7842135,0.2157865,0
0.88381994,0.11618006,0
0.8058228,0.19417717,0
0.9974383,0.002561665,0
0.9755215,0.02447854,0
0.70746654,0.29253346,0
0.4599105,0.54008955,0
0.3916949,0.60830516,0
0.37480655,0.6251934,0
0.5103859,0.4896141,1
0.39094844,0.6090515,1
0.46183118,0.5381688,1
0.52181286,0.47818717,1
0.60720056,0.3927995,1
0.61365366,0.38634634,1
0.8938884,0.10611167,0
0.88339996,0.11660007,0
0.76856375,0.23143625,0
0.70793706,0.292063,0
0.8271645,0.17283559,0
0.19801451,0.8019855,0
0.024540342,0.9754597,1
0.020471843,0.9795282,1
0.018713014,0.98128694,1
0.02399404,0.9760059,1
0.53571427,0.4642858,0
0.49542204,0.504578,1
0.51890624,0.4810938,1
0.6784774,0.32152256,0
0.621145,0.37885505,0
0.7068045,0.2931955,0
0.9985672,0.0014327589,0
0.9987576,0.00124237,0
0.99876106,0.0012389247,0
0.5599727,0.44002733,1
0.5637157,0.4362843,1
0.5927848,0.40721524,1
0.5623887,0.43761125,1
0.33178625,0.6682138,1
0.99496764,0.005032366,0
0.38796,0.61204,0
0.07046415,0.9295358,1
0.18432267,0.8156773,1
0.22530253,0.7746975,1
0.13812551,0.86187446,1
0.14652757,0.8534724,1
0.25552472,0.74447525,0
0.8388042,0.16119584,0
0.9287771,0.07122288,0
0.967605,0.032394953,0
0.33175847,0.6682415,0
0.3523642,0.6476358,0
0.16400771,0.8359923,1
0.16610326,0.83389676,1
0.198614,0.801386,1
0.2617976,0.7382024,1
0.86789584,0.13210417,1
0.33144563,0.66855437,1
0.55496037,0.44503963,0
0.42719147,0.57280856,1
0.17227527,0.82772475,1
0.1718422,0.8281578,1
0.19264297,0.807357,1
0.17955223,0.8204478,1
0.8968841,0.10311587,0
0.89749724,0.102502756,0
0.8526486,0.14735138,0
0.31523803,0.68476194,1
0.5226565,0.4773435,0
0.9340482,0.0659519,0
0.9956583,0.00434171,0
0.98114175,0.018858263,0
0.9376097,0.06239031,0
0.89488107,0.10511895,0
0.4657428,0.5342572,0
0.55177116,0.44822884,1
0.56690955,0.43309045,1
0.6774501,0.3225499,1
0.8935176,0.10648241,0
0.90332836,0.096671596,0
0.9264632,0.073536865,0
0.86452305,0.13547699,0
0.91540515,0.08459481,0
0.9145006,0.08549936,0
0.8102268,0.18977316,0
0.71972346,0.28027657,1
0.6539159,0.34608418,1
0.5663066,0.43369338,1
0.60384715,0.39615288,1
0.8438999,0.15610008,0
0.89672136,0.10327863,0
0.88585496,0.114145026,0
0.93053484,0.06946512,0
0.9079205,0.09207944,0
0.03787687,0.9621231,1
0.056469116,0.9435308,1
0.06597648,0.9340235,1
0.077098645,0.9229014,1
0.08528787,0.91471213,1
0.07216554,0.92783445,1
0.19664593,0.8033541,1
0.4284708,0.5715292,1
0.7152222,0.2847778,0
0.71432036,0.28567964,0
0.9122239,0.08777617,0
0.99876034,0.00123961,0
0.5980368,0.4019632,1
0.09415803,0.90584195,1
0.1653372,0.8346628,1
0.09636751,0.90363246,1
0.07793796,0.92206204,1
0.38206205,0.617938,0
0.8891034,0.11089659,0
0.9579933,0.042006686,0
0.7482343,0.2517657,0
0.6820529,0.31794715,0
0.7299771,0.27002293,0
0.5136399,0.48636004,1
0.5021524,0.49784762,1
0.44943142,0.5505686,1
0.4380436,0.5619564,1
0.45493528,0.5450648,1
0.14223944,0.85776055,1
0.06044704,0.93955296,1
0.40517443,0.5948256,1
0.5182595,0.4817405,0
0.7745129,0.22548714,0
0.8996193,0.10038075,0
0.86539125,0.13460869,0
0.74988055,0.25011942,0
0.9370536,0.06294635,0
0.72177625,0.27822372,0
0.78444046,0.21555954,0
0.57546824,0.42453176,0
0.45594057,0.5440594,0
0.46624148,0.5337585,0
0.63477045,0.36522958,0
0.7789466,0.22105347,0
0.7496661,0.25033388,0
0.7964403,0.20355968,0
0.9002016,0.09979839,0
0.8936424,0.10635754,0
0.90478855,0.09521144,0
0.8128574,0.18714263,0
0.8289647,0.1710353,0
0.7518777,0.24812226,0
0.85030305,0.14969692,0
0.86694264,0.13305742,0
0.97579247,0.024207462,0
0.8609468,0.13905323,0
0.7099344,0.29006556,1
0.8586322,0.14136788,0
0.90005565,0.0999443,0
0.91306007,0.086939916,0
0.9139731,0.08602692,0
0.9614523,0.038547665,0
0.8853174,0.1146826,0
0.8601525,0.13984747,0
0.88951623,0.11048373,0
0.986909,0.013090957,0
0.663643,0.33635697,1
0.53641933,0.46358067,1
0.8808713,0.119128644,0
0.71770376,0.28229615,1
0.35361606,0.64638394,1
0.3243582,0.67564183,1
0.23082492,0.76917505,1
0.9348143,0.065185755,0
0.91732395,0.082676046,0
0.9381497,0.061850302,0
0.89904255,0.10095743,0
0.7927599,0.20724009,1
0.29345033,0.7065497,1
0.35086998,0.64913005,1
0.65362287,0.34637707,0
0.63523215,0.36476788,0
0.65679735,0.34320262,0
0.9982455,0.0017545535,0
0.83440834,0.16559169,0
0.73299736,0.2670026,1
0.53364503,0.46635497,1
0.53628176,0.46371832,1
0.49599126,0.5040087,1
0.49709207,0.50290793,1
0.53723776,0.46276218,1
0.98930234,0.010697689,0
0.864999,0.13500099,0
0.84797525,0.15202476,0
0.017009053,0.982991,1
0.06221221,0.9377878,1
0.93164814,0.06835185,0
0.9329094,0.06709057,0
0.76691884,0.23308119,1
0.7161135,0.28388646,1
0.76862603,0.23137398,1
0.8107688,0.18923119,0
0.89085424,0.10914578,0
0.9131101,0.08688995,0
0.79425216,0.20574781,0
0.45666638,0.5433336,0
0.69014364,0.30985638,0
0.80433697,0.19566302,0
0.7226114,0.27738854,0
0.58322656,0.4167734,0
0.34794357,0.6520564,1
0.49601284,0.5039872,0
0.86269623,0.13730378,0
0.8445584,0.15544158,0
0.83772784,0.16227214,0
0.8841182,0.11588185,0
0.91706175,0.0829382,0
0.76725084,0.23274915,0
0.81770307,0.18229689,0
0.852831,0.14716895,0
0.19756807,0.80243194,1
0.28678584,0.71321416,1
0.9513921,0.048607856,0
0.9366007,0.06339931,0
0.83975226,0.16024774,0
0.74548113,0.2545188,1
0.93991894,0.060081135,0
0.61399144,0.38600853,0
0.80867225,0.1913277,0
0.059154093,0.94084585,1
0.8794938,0.120506234,0
0.93465185,0.0653481,0
0.8408854,0.15911464,1
0.8518641,0.14813593,0
0.69376606,0.30623394,1
0.48994935,0.51005065,0
0.57977486,0.42022508,0
0.2533763,0.74662375,1
0.039523818,0.9604762,1
0.762038,0.23796198,0
0.85094285,0.14905712,1
0.20262875,0.79737127,1
0.43156597,0.568434,1
0.9038389,0.09616118,0
0.9583167,0.04168333,0
0.9355504,0.064449586,0
0.89642376,0.10357628,0
0.6738259,0.32617408,0
0.25663885,0.7433611,1
0.5295816,0.47041836,0
0.6456944,0.35430565,0
0.73575085,0.26424918,0
0.6614177,0.3385823,0
0.95319146,0.046808545,0
0.8936235,0.10637651,0
0.53209543,0.46790454,0
0.54128987,0.4587101,1
0.25317538,0.7468247,0
0.20062202,0.799378,1
0.20236446,0.7976355,1
0.65164554,0.3483545,1
0.8718285,0.12817153,1
0.85722196,0.14277804,1
0.8029976,0.19700243,0
0.06547961,0.93452036,1
0.041474346,0.95852566,1
0.8039335,0.19606647,0
0.78862375,0.21137625,0
0.7915573,0.20844261,0
0.64527136,0.35472867,0
0.90381473,0.09618535,0
0.85225976,0.14774019,0
0.6307529,0.36924708,0
0.41965953,0.5803405,0
0.34299827,0.6570018,1
0.47476998,0.52523005,1
0.059277978,0.940722,1
0.14999966,0.8500003,1
0.045777585,0.9542224,1
0.23052084,0.76947916,1
0.85480547,0.1451945,0
0.7941163,0.20588364,1
0.6108087,0.38919133,0
0.73098767,0.2690124,0
0.5312785,0.4687215,0
0.4883187,0.5116813,0
0.60336196,0.39663798,0
0.5188818,0.48111823,0
0.52852446,0.47147557,0
0.5305201,0.46947995,0
0.5892531,0.41074687,0
0.6177421,0.38225794,1
0.5189482,0.4810518,1
0.8159689,0.18403114,0
0.918139,0.08186097,0
0.6267634,0.37323663,1
0.5407884,0.45921165,1
0.28688866,0.71311134,1
0.24124281,0.7587571,0
0.3742854,0.6257146,1
0.4174038,0.5825962,0
0.5062346,0.49376538,0
0.460092,0.539908,0
0.60105133,0.3989486,1
0.6642189,0.33578104,1
0.64841235,0.35158762,1
0.4558942,0.5441058,1
0.9451713,0.054828655,0
0.99674255,0.0032575303,0
0.9562225,0.04377757,0
0.94222736,0.057772662,0
0.86417043,0.13582952,0
0.82646483,0.17353523,0
0.7940485,0.20595145,0
0.80932575,0.19067429,0
0.91373616,0.08626384,0
0.3621844,0.6378156,0
0.7677815,0.23221849,0
0.9163446,0.0836554,0
0.99010754,0.009892457,0
0.9981651,0.001834934,0
0.8082931,0.19170694,0
0.52916515,0.47083485,0
0.6103181,0.38968188,0
0.8965334,0.103466526,0
0.8922545,0.107745506,0
0.8890608,0.11093918,0
0.7032817,0.2967183,0
0.6968254,0.3031746,0
0.51580685,0.48419318,0
0.6034428,0.39655718,0
0.6069984,0.39300168,0
0.60189664,0.3981034,0
0.22764304,0.7723569,1
0.1921238,0.80787617,1
0.9974361,0.002563887,0
0.27271798,0.72728205,1
0.28251845,0.71748155,1
0.26116502,0.738835,1
0.22470614,0.7752938,1
0.17410958,0.8258904,1
0.17707378,0.8229262,1
0.69487566,0.30512428,0
0.9984268,0.0015731916,0
0.839652,0.16034803,0
0.8744896,0.12551036,0
0.27591145,0.72408855,0
0.39349204,0.60650796,0
0.47605976,0.52394015,1
0.6737637,0.3262363,0
0.49381477,0.5061853,1
0.30816683,0.6918332,1
0.808992,0.19100799,0
0.9099282,0.09007181,0
0.6108999,0.38910004,1
0.818801,0.18119903,1
0.99872905,0.0012709827,0
0.9054374,0.09456259,0
0.21313284,0.78686714,1
0.15790063,0.84209937,1
0.18756121,0.81243885,1
0.19776717,0.80223286,1
0.5259058,0.4740942,1
0.28815335,0.71184665,1
0.28485626,0.7151438,1
0.62884855,0.3711515,1
0.2901507,0.70984924,1
0.33599427,0.66400576,1
0.9984591,0.0015408745,0
0.7554502,0.2445498,0
0.57468885,0.42531115,0
0.56540483,0.43459517,0
0.6939755,0.30602452,0
0.8557532,0.1442468,0
0.8910771,0.1089229,0
0.818096,0.18190402,0
0.768424,0.231576,0
0.7913944,0.20860559,0
0.9055643,0.09443567,0
0.83536166,0.16463834,0
0.7211494,0.27885062,0
0.5159984,0.48400152,1
0.5964701,0.40352982,1
0.5189889,0.4810111,1
0.88533896,0.11466103,0
0.91770387,0.0822962,1
0.8373489,0.16265112,1
0.89423513,0.10576489,1
0.8125826,0.18741737,1
0.51192343,0.4880766,1
0.99868006,0.0013199855,0
0.14773504,0.85226494,1
0.11366343,0.8863365,1
0.09630844,0.90369153,1
0.7713341,0.2286659,1
0.77268994,0.22731009,1
0.48731577,0.51268417,1
0.679867,0.320133,1
0.93141824,0.06858179,1
0.9731759,0.02682414,1
0.9987324,0.0012676476,0
0.9987166,0.0012833843,0
0.9987436,0.0012564542,0
0.9916785,0.008321501,1
0.8260866,0.17391339,1
0.5554817,0.4445183,1
0.552486,0.44751406,1
0.6118749,0.38812515,1
0.4030296,0.59697044,1
0.37713057,0.62286943,1
0.31843972,0.6815602,1
0.35384604,0.646154,1
0.33134577,0.66865426,1
0.997566,0.0024339813,0
0.997026,0.0029739449,0
0.6985568,0.30144325,1
0.8879136,0.11208643,1
0.005798814,0.9942011,1
0.00754456,0.9924555,1
0.06047949,0.9395205,1
0.51791584,0.48208416,1
0.9202875,0.07971252,0
0.9974376,0.002562367,0
0.9355472,0.064452834,0
0.57762855,0.42237142,0
0.63164365,0.36835635,0
0.37005088,0.62994915,0
0.48280573,0.5171942,0
0.52435875,0.47564128,0
0.72864467,0.27135533,1
0.7698796,0.2301204,0
0.90307397,0.096926026,0
0.6664734,0.3335266,1
0.48589414,0.51410586,1
0.99751115,0.0024888774,0
0.31076288,0.6892371,1
0.7511733,0.24882664,0
0.76729476,0.23270522,0
0.5141872,0.48581272,0
0.58062017,0.41937983,0
0.6618861,0.33811393,1
0.59800464,0.4019954,0
0.79740727,0.20259276,0
0.52568144,0.47431856,0
0.60753214,0.3924678,1
0.9584595,0.041540496,0
0.6370251,0.36297488,0
0.58608985,0.41391018,0
0.5538998,0.4461002,0
0.45967185,0.5403282,1
0.67325336,0.32674664,1
0.8749564,0.1250436,0
0.8788183,0.121181674,0
0.97510046,0.024899537,0
0.57446706,0.42553288,0
0.7261555,0.27384454,0
0.67528456,0.3247154,0
0.80802035,0.19197963,0
0.89966166,0.10033838,0
0.9984163,0.0015836669,0
0.9416583,0.058341645,0
0.5339016,0.46609837,1
0.31109545,0.6889045,1
0.4269904,0.5730096,0
0.78990054,0.21009943,0
0.8115937,0.18840636,0
0.8211883,0.17881174,0
0.5112823,0.48871762,1
0.4896326,0.5103674,1
0.5897369,0.4102631,1
0.75377595,0.24622403,0
0.9333435,0.066656515,0
0.9981673,0.0018326576,0
0.9987525,0.001247486,0
0.90415996,0.09584001,0
0.51185894,0.48814106,1
0.5611965,0.43880346,1
0.5052136,0.49478644,1
0.3885062,0.61149377,1
0.40957025,0.5904298,1
0.9859073,0.014092729,0
0.9976624,0.0023376236,0
0.7907555,0.20924449,0
0.8404089,0.1595911,0
0.9490072,0.05099276,0
0.892293,0.10770703,0
0.7942443,0.2057557,1
0.75273705,0.24726295,1
0.94073737,0.05926256,0
0.91344327,0.086556755,0
0.8372244,0.16277553,0
0.9152768,0.08472324,0
0.9354497,0.06455024,0
0.7528408,0.24715914,0
0.8120155,0.18798451,0
0.7762955,0.22370447,0
0.8246114,0.17538857,0
0.9140195,0.08598046,0
0.5665691,0.433431,1
0.6791043,0.3208956,1
0.7409157,0.25908425,1
0.97423583,0.025764124,0
0.87809294,0.121907085,1
0.9372583,0.062741734,0
0.95040566,0.049594373,0
0.9545809,0.04541904,0
0.83303994,0.16696005,1
0.5632719,0.43672806,1
0.7607527,0.23924735,1
0.809159,0.19084102,1
0.90493,0.09506995,1
0.9732776,0.026722338,0
0.77725065,0.22274938,1
0.859766,0.14023396,1
0.8761609,0.12383908,1
0.83237606,0.16762388,1
0.89420444,0.105795555,0
0.90661836,0.09338158,0
0.49293667,0.5070633,1
0.66767,0.33233002,1
0.8454353,0.15456465,1
0.8789651,0.121034965,0
0.775819,0.22418106,0
0.9758069,0.0241931,0
0.11828402,0.881716,1
0.10063051,0.8993695,1
0.09789173,0.90210825,1
0.17237706,0.82762295,1
0.06676372,0.9332363,1
0.66173476,0.33826524,0
0.5260636,0.4739364,1
0.9516023,0.04839777,0
0.9963709,0.0036291438,0
0.99802905,0.0019709207,0
0.9985316,0.0014683768,0
0.9987601,0.0012398744,0
0.9987388,0.0012611359,0
0.9976942,0.0023058383,0
0.7702868,0.22971326,0
0.52774,0.47225997,0
0.59271014,0.4072898,0
0.6246295,0.37537053,0
0.8906441,0.10935594,0
0.75235856,0.2476415,0
0.48247907,0.51752096,1
0.889033,0.11096699,0
0.88038087,0.11961914,1
0.61851704,0.38148296,1
0.8756822,0.12431784,1
0.85864705,0.141353,0
0.6695855,0.33041444,1
0.5599623,0.44003776,1
0.7256661,0.27433392,0
0.5149035,0.48509645,1
0.53606004,0.46394,1
0.8548608,0.14513922,0
0.84040993,0.15959005,0
0.90634716,0.0936529,0
0.70684433,0.2931556,1
0.66372824,0.3362718,0
0.89603454,0.10396549,0
0.9610404,0.03895964,0
0.90034026,0.09965972,0
0.89799964,0.10200032,0
0.7745041,0.2254958,1
0.6569441,0.34305587,1
0.89676875,0.10323127,0
0.9009628,0.09903717,0
0.9025963,0.097403735,0
0.9236664,0.07633364,0
0.97668606,0.023313928,0
0.8470333,0.15296671,1
0.6855591,0.31444094,1
0.91046405,0.08953592,1
0.9341388,0.06586121,0
0.80996484,0.19003522,0
0.9261362,0.07386388,0
0.97414124,0.02585875,0
0.59964585,0.4003541,0
0.26361018,0.7363898,1
0.8987225,0.10127743,0
0.5733402,0.42665976,0
0.011010664,0.9889894,1
0.0057868767,0.99421316,1
0.0074914796,0.9925086,1
0.0639319,0.9360681,1
0.41977683,0.5802232,0
0.7650392,0.23496082,0
0.7636551,0.23634483,0
0.42527363,0.5747264,1
0.68506545,0.31493455,0
0.6109666,0.38903344,0
0.9241604,0.0758396,0
0.9980544,0.0019456346,0
0.99834526,0.0016547005,0
0.9982821,0.0017179184,0
0.54451936,0.45548066,0
0.56316805,0.43683192,0
0.55858105,0.44141898,0
0.076708354,0.9232917,1
0.7029812,0.29701883,0
0.32654664,0.6734534,1
0.5926365,0.40736344,0
0.31822866,0.68177134,0
0.8794281,0.12057193,0
0.6775945,0.32240555,1
0.8081813,0.19181874,0
0.7390305,0.26096952,0
0.90758437,0.09241565,0
0.6195494,0.38045064,0
0.7505976,0.24940237,0
0.75380266,0.24619731,0
0.65213567,0.3478643,0
0.91253823,0.08746178,0
0.015742918,0.98425716,1
0.9680443,0.031955708,0
0.75833064,0.24166937,0
0.6894894,0.31051064,0
0.9093945,0.09060542,0
0.8160595,0.1839405,0
0.9286638,0.0713362,0
0.52195555,0.47804445,0
0.64092773,0.35907227,0
0.7464878,0.2535122,0
0.80822116,0.19177887,0
0.834989,0.16501091,0
0.786076,0.21392396,0
0.17089719,0.8291028,1
0.6096137,0.39038622,0
0.7099693,0.29003075,0
0.9423505,0.057649575,0
0.454192,0.5458081,1
0.38200372,0.61799634,0
0.9281245,0.07187553,0
0.42993307,0.5700669,0
0.651027,0.34897295,0
0.95410687,0.045893118,0
0.8933802,0.10661974,0
0.4414651,0.55853486,0
0.39204612,0.6079539,1
0.54648167,0.4535184,1
0.25260642,0.74739355,1
0.4122795,0.5877205,0
0.56893164,0.43106836,1
0.9985201,0.0014799901,0
0.7960068,0.20399316,1
0.0075609726,0.99243903,1
0.007826568,0.99217343,1
0.02341158,0.97658837,1
0.031917706,0.96808225,1
0.13024507,0.8697549,0
0.021452291,0.9785477,1
0.03560203,0.9643979,1
0.6770524,0.3229476,0
0.91796076,0.0820393,0
0.99870944,0.0012905981,0
0.9987379,0.0012620986,0
0.040290654,0.95970935,1
0.020561708,0.9794383,0
0.052627787,0.94737226,1
0.082423136,0.91757685,0
0.026556345,0.9734437,1
0.21148014,0.78851986,0
0.44032723,0.55967283,0
0.81880987,0.18119013,0
0.9026573,0.09734275,0
0.99648476,0.0035152663,0
0.7702445,0.22975552,0
0.82035846,0.1796416,0
0.45611092,0.543889,0
0.802511,0.19748898,0
0.9269263,0.07307372,0
0.9342666,0.06573341,0
0.92498666,0.07501338,0
0.6332147,0.36678535,0
0.9544678,0.04553221,0
0.7929322,0.2070678,0
0.595381,0.40461898,0
0.6789729,0.32102707,0
0.69421303,0.305787,0
0.79647434,0.20352568,0
0.84905314,0.15094684,0
0.7629819,0.23701814,0
0.6096023,0.39039776,0
0.49384063,0.5061593,1
0.82230127,0.17769867,0
0.873667,0.126333,0
0.867074,0.13292594,1
0.86775327,0.13224673,0
0.5977831,0.40221685,1
0.7290431,0.27095687,0
0.87643427,0.12356578,0
0.86499774,0.13500227,0
0.17689213,0.82310784,1
0.82819086,0.17180906,1
0.74850935,0.25149065,0
0.101444736,0.8985552,1
0.5978068,0.4021932,1
0.88982874,0.11017125,0
0.93524706,0.06475287,0
0.7579043,0.24209574,0
0.5591277,0.4408723,0
0.5238379,0.47616208,0
0.82991546,0.1700845,0
0.404736,0.5952639,1
0.4755547,0.5244453,1
0.014914159,0.98508584,1
0.005139521,0.9948605,1
0.14743587,0.85256416,1
0.7218029,0.27819708,0
0.9097639,0.09023613,0
0.057954706,0.9420453,1
0.054323833,0.94567615,1
0.9331551,0.06684489,0
0.9674405,0.03255944,0
0.25388566,0.7461143,1
0.010317855,0.98968214,1
0.54119414,0.45880583,0
0.5533635,0.44663653,0
0.2794931,0.7205069,1
0.8935355,0.10646445,1
0.99778026,0.0022197943,0
0.99839824,0.0016017312,0
0.676004,0.32399598,0
0.8294774,0.17052257,0
0.78932965,0.21067035,0
0.55258733,0.44741273,0
0.2067994,0.7932006,0
0.3586725,0.6413275,0
0.05119272,0.94880724,1
0.9605697,0.03943031,0
0.9755137,0.0244863,0
0.96210635,0.03789364,0
0.019563183,0.98043686,1
0.20853144,0.7914686,1
0.8839349,0.11606504,0
0.07502279,0.9249772,1
0.85702616,0.14297384,0
0.061515905,0.9384841,1
0.98603433,0.013965655,0
0.9313885,0.06861153,0
0.9665335,0.03346648,0
0.124246,0.87575406,1
0.12756486,0.87243515,1
0.113531314,0.8864687,1
0.8883862,0.111613855,0
0.9557624,0.044237625,0
0.9636496,0.036350414,0
0.52689576,0.47310424,0
0.9752617,0.024738336,0
0.95618224,0.043817747,0
0.96324456,0.03675545,0
0.15923116,0.8407688,0
0.25859836,0.7414016,0
0.80331016,0.19668984,0
0.9375581,0.062441938,0
0.9115813,0.08841877,0
0.89544237,0.10455758,0
0.98284817,0.017151812,0
0.99768996,0.0023100192,0
0.9980185,0.0019815161,0
0.9978708,0.0021291634,0
0.9977532,0.0022468283,0
0.99760807,0.0023918732,0
0.98972124,0.010278765,0
0.95767504,0.042324938,0
0.8588599,0.1411402,0
0.04667794,0.9533221,1
0.40801448,0.5919855,0
0.88531786,0.11468213,0
0.9146508,0.085349195,0
0.91083926,0.08916077,0
0.87321043,0.1267896,0
0.95600826,0.04399179,0
0.95128554,0.04871443,0
0.9722154,0.027784562,0
0.95722634,0.042773694,0
0.9302533,0.06974668,0
0.8981171,0.101882815,0
0.5683111,0.4316889,0
0.76908624,0.2309138,0
0.912892,0.087108076,0
0.6227267,0.37727326,0
0.31682202,0.68317795,1
0.25694725,0.7430528,1
0.8195626,0.18043734,1
0.38150057,0.6184994,1
0.80818975,0.19181025,1
0.60123825,0.39876172,1
0.8589865,0.14101352,1
0.9323844,0.0676156,1
0.99465746,0.0053425413,0
0.7965367,0.20346335,1
0.030169422,0.96983063,1
0.57790637,0.42209366,0
0.43196622,0.56803375,0
0.6014502,0.3985498,0
0.88014394,0.11985603,0
0.8770632,0.122936785,0
0.9110593,0.08894072,0
0.9045523,0.09544771,0
0.7891312,0.21086872,0
0.9306943,0.06930578,0
0.95836496,0.041635014,0
0.88977987,0.11022013,0
0.9051699,0.09483003,0
0.93752617,0.06247385,0
0.9375447,0.06245528,0
0.8182409,0.18175913,0
0.8949515,0.105048485,0
0.8647966,0.13520347,1
0.8223568,0.17764316,1
0.9036586,0.09634138,0
0.87618595,0.12381406,0
0.6237439,0.3762561,1
0.816335,0.18366499,0
0.4679247,0.5320752,1
0.7121337,0.28786632,1
0.73966765,0.26033232,1
0.8220509,0.17794907,0
0.9636748,0.036325227,0
0.8588498,0.14115015,0
0.8251686,0.17483136,0
0.9912512,0.008748815,0
0.8609908,0.13900918,1
0.9069079,0.09309203,1
0.8476388,0.15236127,1
0.85364115,0.14635886,0
0.87051374,0.12948623,1
0.49172422,0.5082758,1
0.9079198,0.09208017,1
0.72083944,0.2791606,1
0.11260291,0.88739705,1
0.78915656,0.21084349,0
0.17924334,0.82075673,1
0.69626504,0.303735,0
0.9173133,0.08268667,0
0.99875367,0.0012463804,0
0.6634852,0.33651474,0
0.60276085,0.39723912,1
0.5978174,0.4021826,1
0.51101846,0.48898157,1
0.6848352,0.31516477,1
0.28529266,0.7147073,1
0.28157255,0.7184275,1
0.9256629,0.07433712,0
0.9983046,0.0016953292,0
0.99874604,0.0012539697,0
0.39902616,0.60097384,1
0.2520298,0.7479702,1
0.59477633,0.40522367,0
0.72912914,0.27087086,1
0.12653366,0.8734663,1
0.6540904,0.3459096,0
0.88717663,0.112823375,0
0.94623876,0.053761207,0
0.87292004,0.12707995,0
0.8573856,0.14261448,0
0.59356666,0.4064333,0
0.8520908,0.14790918,0
0.8836631,0.11633683,0
0.91887856,0.08112143,0
0.6035013,0.39649868,0
0.33110562,0.6688944,1
0.40703818,0.59296185,1
0.63712245,0.36287752,0
0.86065656,0.13934344,1
0.76338995,0.23661007,1
0.80528903,0.19471098,0
0.739768,0.26023194,1
0.8872227,0.1127773,0
0.9179624,0.08203768,0
0.5716913,0.4283087,1
0.74907315,0.25092685,1
0.70834297,0.29165712,1
0.85476404,0.14523603,1
0.6653248,0.33467525,0
0.67247504,0.32752496,1
0.6189418,0.38105825,1
0.7651093,0.23489064,0
0.9006809,0.09931906,0
0.60723174,0.39276823,1
0.75968534,0.24031472,0
0.79463243,0.2053676,0
0.97191375,0.028086267,0
0.7255144,0.27448562,0
0.82764935,0.17235059,0
0.90995604,0.090044014,0
0.9369453,0.06305469,0
0.93993133,0.060068693,0
0.91248006,0.087519966,0
0.74479324,0.25520676,0
0.84542286,0.15457714,0
0.7217258,0.27827415,0
0.9047802,0.09521984,0
0.725086,0.27491403,1
0.67880815,0.32119188,1
0.90860444,0.091395505,0
0.008397478,0.9916025,1
0.012033008,0.98796695,1
0.012772631,0.9872273,1
0.006407184,0.9935928,1
0.012020203,0.98797977,1
0.29154834,0.7084517,1
0.016715258,0.9832848,1
0.6068759,0.39312413,0
0.92420036,0.0757997,0
0.9301313,0.069868654,0
0.99866605,0.0013339453,0
0.99870276,0.001297204,0
0.9987184,0.0012816613,0
0.99835986,0.0016401494,0
0.5858685,0.4141315,0
0.5724523,0.4275477,0
0.6022952,0.39770478,0
0.7498512,0.2501488,0
0.87949425,0.120505765,0
0.89567727,0.10432268,0
0.86638176,0.1336183,0
0.01810711,0.9818928,1
0.22598968,0.77401036,0
0.8672162,0.13278377,0
0.7450834,0.25491658,1
0.6595325,0.34046754,0
0.75188434,0.24811572,1
0.29402193,0.7059781,1
0.7231855,0.27681452,0
0.8266844,0.17331558,0
0.72311383,0.2768861,0
0.90700257,0.092997506,0
0.7676389,0.2323611,0
0.5775507,0.42244932,1
0.7531645,0.24683544,0
0.85546225,0.14453772,0
0.76272374,0.23727624,0
0.71105254,0.2889475,1
0.07677089,0.9232291,1
0.04070487,0.9592951,1
0.1488952,0.8511048,1
0.018088887,0.9819111,1
0.30998823,0.6900118,0
0.33604205,0.66395795,0
0.45609766,0.54390234,0
0.037746083,0.96225387,1
0.0059324186,0.99406755,1
0.0059336955,0.99406624,1
0.90135336,0.09864663,0
0.09514688,0.9048531,1
0.06890773,0.93109226,1
0.58838177,0.41161823,0
0.81631976,0.18368022,0
0.044396948,0.9556031,1
0.6604378,0.3395622,0
0.0112304725,0.98876953,1
0.0067231227,0.9932769,1
0.007923655,0.9920764,1
0.09537472,0.90462524,1
0.02799108,0.97200894,1
0.031170245,0.9688298,1
0.79081947,0.20918056,0
0.73918355,0.26081643,0
0.62348133,0.37651867,0
0.30890554,0.6910945,0
0.65493697,0.3450631,0
0.84112024,0.15887976,0
0.11566945,0.8843305,0
0.030402867,0.9695971,1
0.0071175927,0.9928824,1
0.00724874,0.99275124,1
0.09487885,0.9051211,0
0.5794335,0.42056653,0
0.89082557,0.109174415,0
0.62914073,0.3708593,0
0.72123677,0.27876326,0
0.28925794,0.71074206,0
0.79847056,0.20152946,0
0.85908645,0.14091356,0
0.79886216,0.2011378,0
0.8929962,0.10700385,0
0.9875358,0.012464182,0
0.88693154,0.113068454,0
0.92648566,0.07351432,0
0.90409917,0.09590087,0
0.91287744,0.08712254,0
0.12831149,0.8716885,1
0.29836234,0.70163774,1
0.69017565,0.30982435,0
0.8650272,0.13497286,0
0.7315813,0.26841876,1
0.7457996,0.25420034,1
0.7037471,0.29625285,0
0.85904026,0.14095977,0
0.87036633,0.12963365,0
0.67430884,0.32569116,1
0.14748977,0.85251015,1
0.13883619,0.8611638,1
0.022707168,0.9772929,1
0.010287413,0.9897126,1
0.08038422,0.91961575,1
0.14331274,0.85668725,0
0.55320066,0.44679937,0
0.6252466,0.37475348,0
0.83101124,0.16898873,0
0.58885413,0.4111459,0
0.6182637,0.38173625,0
0.59632885,0.4036712,0
0.63223064,0.36776936,0
0.6258369,0.37416306,0
0.60263324,0.39736673,0
0.5787952,0.42120486,0
0.008192016,0.991808,1
0.64917105,0.3508289,0
0.8875111,0.11248891,0
0.88592356,0.11407652,0
0.7519659,0.24803412,0
0.5981848,0.40181515,0
0.20845126,0.7915487,1
0.5285941,0.4714059,0
0.7280683,0.2719317,0
0.65651053,0.34348944,0
0.56651694,0.43348303,0
0.18399541,0.8160046,1
0.8241677,0.17583227,0
0.8715885,0.1284115,0
0.7040207,0.29597932,0
0.78664607,0.21335398,0
0.7931207,0.20687938,0
0.5863142,0.41368583,0
0.8648228,0.13517725,0
0.3724202,0.6275798,0
0.80897295,0.191027,0
0.6990793,0.30092075,1
0.6826639,0.31733614,0
0.8571064,0.14289358,1
0.011950176,0.9880498,1
0.010944052,0.989056,1
0.011131683,0.98886836,1
0.010104871,0.98989516,1
0.01053079,0.9894692,1
0.011510157,0.9884899,1
0.018683737,0.9813162,0
0.9348654,0.06513464,0
0.99866927,0.0013306976,0
0.9982389,0.0017611118,0
0.035195507,0.9648045,0
0.51666003,0.48333997,0
0.0125221815,0.9874778,1
0.10045328,0.89954674,1
0.80832785,0.1916722,0
0.8143023,0.18569763,0
0.8385542,0.16144575,0
0.8431021,0.15689793,0
0.74124324,0.25875676,0
0.6661034,0.33389655,0
0.62700325,0.37299678,0
0.46978858,0.5302114,0
0.9202918,0.07970823,0
0.8887256,0.11127444,0
0.9142473,0.08575271,0
0.54611814,0.45388195,0
0.03822812,0.9617719,1
0.32033235,0.67966765,0
0.45656893,0.54343104,1
0.44005373,0.55994624,1
0.115041204,0.88495886,1
0.60750985,0.39249015,0
0.86581767,0.13418227,0
0.5828457,0.41715434,0
0.85121506,0.14878492,0
0.13995641,0.8600436,1
0.08533985,0.91466016,1
0.5726265,0.42737347,1
0.1705112,0.8294888,1
0.12399118,0.8760088,1
0.50988585,0.4901142,0
0.119751446,0.8802486,1
0.09715295,0.902847,1
0.456897,0.543103,0
0.34372506,0.6562749,0
0.46289533,0.53710467,0
0.1800317,0.8199682,1
0.021620596,0.97837937,1
0.021576745,0.9784233,1
0.13053149,0.8694685,1
0.23447925,0.76552075,0
0.23492017,0.76507986,0
0.2712133,0.72878677,0
0.91035163,0.08964835,0
0.06928071,0.93071926,1
0.5041165,0.49588355,0
0.652859,0.347141,0
0.7038124,0.29618758,0
0.32610327,0.6738967,0
0.7500082,0.24999173,0
0.015581366,0.98441863,1
0.21650788,0.7834921,1
0.5768242,0.42317578,0
0.8875436,0.11245632,0
0.0106424345,0.98935753,1
0.5598003,0.44019967,0
0.7090987,0.2909013,0
0.7585712,0.24142885,0
0.7938645,0.20613554,0
0.6878305,0.31216952,0
0.6163082,0.3836918,0
0.028522078,0.9714779,1
0.67685866,0.32314134,0
0.263137,0.73686296,0
0.8530715,0.14692846,0
0.75250655,0.24749345,0
0.85955685,0.14044312,0
0.7980152,0.20198478,0
0.04534263,0.9546574,1
0.11207132,0.8879287,0
0.7974836,0.20251638,0
0.8208336,0.17916629,0
0.40917462,0.5908253,0
0.19703181,0.8029682,0
0.067833245,0.93216676,1
0.1235827,0.8764173,0
0.4545118,0.54548824,0
0.06301483,0.9369852,1
0.27481174,0.72518826,0
0.37426013,0.6257399,0
0.55286926,0.44713077,0
0.9355666,0.06443348,0
0.8136133,0.18638664,0
0.6829013,0.31709868,0
0.47182733,0.5281727,0
0.29365107,0.70634896,1
0.3137187,0.6862813,1
0.7227525,0.27724755,0
0.69137526,0.30862474,0
0.9982645,0.0017355226,0
0.06837368,0.93162626,1
0.8671351,0.13286485,0
0.696276,0.30372402,1
0.1707894,0.82921064,1
0.92339706,0.07660299,0
0.74336743,0.25663254,1
0.7076357,0.29236433,0
0.8511186,0.14888144,0
0.8775493,0.12245072,0
0.80982596,0.1901741,1
0.6995706,0.30042937,1
0.3610823,0.6389176,1
0.28646973,0.7135303,1
0.72944456,0.2705554,1
0.6707759,0.3292241,1
0.15967172,0.8403283,1
0.37989712,0.6201029,1
0.633554,0.36644596,1
0.72088635,0.27911362,1
0.7639881,0.23601195,0
0.59026784,0.40973216,0
0.78712595,0.21287405,0
0.8706824,0.12931758,0
0.7164569,0.2835432,0
0.7535044,0.24649557,0
0.65552294,0.34447703,0
0.56017923,0.43982074,1
0.6763367,0.3236633,1
0.8702371,0.12976286,0
0.8397653,0.16023469,0
0.10647589,0.8935241,1
0.6084327,0.39156735,1
0.85229915,0.14770083,0
0.5238984,0.47610152,1
0.676376,0.323624,0
0.21015504,0.78984493,1
0.38145962,0.6185404,1
0.17326495,0.8267351,1
0.24927261,0.75072736,1
0.09614303,0.903857,1
0.018594772,0.9814052,1
0.018096246,0.98190373,1
0.7618844,0.23811555,0
0.84763134,0.15236865,0
0.7110029,0.2889971,0
0.11116896,0.8888311,1
0.014840088,0.9851599,1
0.3210929,0.67890704,0
0.5911697,0.40883029,0
0.64961505,0.35038495,0
0.7989893,0.20101063,0
0.85980797,0.14019199,0
0.85604066,0.14395928,0
0.60728097,0.39271906,0
0.77286166,0.22713831,0
0.2176779,0.78232205,0
0.6006026,0.39939737,0
0.056337863,0.9436621,1
0.9209835,0.07901647,0
0.92931503,0.07068502,0
0.94181883,0.05818114,0
0.94883955,0.051160477,0
0.9215511,0.07844889,0
0.7604979,0.23950207,0
0.56234056,0.4376594,1
0.601911,0.398089,0
0.5483936,0.4516064,0
0.020900115,0.9790999,1
0.15697801,0.8430219,1
0.6902171,0.3097829,1
0.85699743,0.14300252,0
0.8030491,0.19695091,0
0.14280933,0.8571907,1
0.105441175,0.8945588,1
0.021702439,0.97829753,1
0.089286216,0.91071373,1
0.08021613,0.91978383,1
0.061432,0.938568,1
0.09594998,0.90405005,1
0.10559082,0.8944092,1
0.80269676,0.19730327,0
0.9195794,0.0804206,0
0.4736308,0.5263693,0
0.61656666,0.38343325,0
0.8816885,0.11831159,0
0.5069893,0.49301076,0
0.10532964,0.8946703,1
0.16775858,0.8322414,1
0.5166118,0.4833882,0
0.5973249,0.40267512,0
0.60568404,0.394316,0
0.45003697,0.549963,0
0.15923448,0.8407655,1
0.009356602,0.99064344,1
0.6322382,0.3677618,0
0.90148246,0.09851753,0
0.11234259,0.88765746,1
0.7715065,0.22849348,0
0.2765462,0.72345376,1
0.698485,0.30151498,0
0.27231643,0.72768354,0
0.27874282,0.7212572,0
0.34331292,0.6566871,1
0.7191671,0.2808329,0
0.86254674,0.1374532,0
0.90953714,0.09046292,0
0.740952,0.25904804,0
0.5869643,0.4130357,0
0.70346075,0.29653922,0
0.66346484,0.33653516,0
0.5581409,0.4418592,1
0.57399356,0.4260064,1
0.6098669,0.39013305,0
0.29338533,0.7066146,1
0.26247326,0.7375267,1
0.5385518,0.46144816,1
0.90357924,0.096420825,0
0.81145644,0.18854357,0
0.8563525,0.14364752,0
0.799194,0.20080599,0
0.5829583,0.41704172,1
0.3780233,0.6219767,1
0.54732966,0.45267028,1
0.79014885,0.20985118,0
0.64506996,0.35493,1
0.739031,0.26096898,0
0.92320263,0.076797314,0
0.71984226,0.28015783,0
0.25545096,0.744549,1
0.18530665,0.81469333,1
0.021203611,0.97879636,1
0.01689453,0.9831055,1
0.016247693,0.98375225,1
0.01490572,0.9850943,1
0.01458482,0.9854152,1
0.07810161,0.9218984,1
0.9174654,0.08253462,0
0.922352,0.07764796,0
0.9986204,0.0013796667,0
0.9982969,0.0017030662,0
0.10398681,0.8960132,1
0.63644624,0.36355385,0
0.8146885,0.18531148,0
0.024050014,0.97594994,1
0.29943603,0.70056397,1
0.30302832,0.6969717,0
0.12520719,0.8747928,1
0.12072652,0.8792734,1
0.027987758,0.9720123,1
0.12525795,0.87474203,1
0.15425977,0.8457402,1
0.05329174,0.9467083,1
0.86969435,0.13030565,0
0.47643945,0.5235606,0
0.76371163,0.23628832,0
0.84075373,0.15924622,0
0.89007616,0.109923884,0
0.8706393,0.12936072,0
0.8660108,0.13398929,0
0.56152487,0.4384751,0
0.46815675,0.53184325,0
0.5484892,0.45151076,0
0.51116323,0.4888367,1
0.56841743,0.4315826,1
0.64140797,0.35859203,1
0.7459219,0.25407812,0
0.73174447,0.26825553,0
0.6625714,0.3374287,0
0.66273165,0.33726835,0
0.57716876,0.42283127,1
0.79713184,0.20286818,0
0.7897817,0.21021827,0
0.7867079,0.2132921,0
0.58081216,0.4191878,1
0.83074456,0.16925544,0
0.86751384,0.13248616,0
0.896966,0.10303404,0
0.6924947,0.30750525,0
0.73938143,0.26061854,0
0.67111325,0.3288868,0
0.61120963,0.38879037,1
0.7762764,0.22372362,0
0.59359473,0.4064053,1
0.7221805,0.27781948,1
0.87397665,0.12602329,0
0.8061228,0.19387724,0
0.65262145,0.34737858,0
0.6422997,0.35770026,1
0.74999523,0.2500048,0
0.6866141,0.31338593,0
0.621799,0.37820107,0
0.37608916,0.62391084,1
0.7363012,0.26369882,0
0.8282074,0.1717926,0
0.92601573,0.07398432,0
0.75621027,0.24378973,0
0.29212323,0.7078767,0
0.111010045,0.88899,1
0.09120813,0.9087919,1
0.33164805,0.66835195,1
0.31484258,0.68515736,1
0.0996364,0.90036356,1
0.9986687,0.0013312901,0
0.88129056,0.11870952,0
0.66422576,0.3357743,0
0.019779261,0.9802208,1
0.047495175,0.9525048,1
0.010307342,0.9896926,1
0.31394652,0.6860535,1
0.7683621,0.23163785,0
0.8902302,0.10976983,0
0.14526115,0.85473883,1
0.08244957,0.9175504,1
0.12498265,0.8750174,1
0.11035285,0.8896472,1
0.3178246,0.68217534,1
0.8849307,0.11506931,0
0.72088534,0.27911472,0
0.020428803,0.9795712,1
0.36860695,0.6313931,0
0.0765309,0.9234691,1
0.11409178,0.8859082,1
0.5214892,0.47851077,0
0.4564629,0.5435371,0
0.031767428,0.9682326,1
0.23666134,0.7633387,0
0.27884066,0.7211594,0
0.2580606,0.7419394,0
0.13882676,0.8611733,0
0.0085868575,0.9914131,1
0.12163073,0.8783692,0
0.5274907,0.47250938,0
0.5552416,0.4447584,0
0.26519987,0.73480016,0
0.30737153,0.6926285,0
0.43471432,0.5652857,0
0.6519493,0.34805074,0
0.74670875,0.2532913,0
0.017525988,0.982474,1
0.79740304,0.20259693,0
0.28917205,0.7108279,0
0.3950694,0.60493064,0
0.53989565,0.46010438,0
0.104685724,0.89531434,1
0.3096807,0.6903193,0
0.6429825,0.3570175,0
0.56477976,0.4352202,0
0.6307005,0.36929944,0
0.23788744,0.76211256,1
0.6822678,0.31773224,0
0.8644914,0.13550864,0
0.75151616,0.24848382,0
0.02320574,0.9767942,1
0.73412734,0.26587266,0
0.5770266,0.4229734,0
0.86699766,0.13300239,0
0.093823954,0.9061761,1
0.10835746,0.8916426,1
0.44016623,0.5598337,0
0.047172435,0.9528276,1
0.025439035,0.97456104,1
0.036025677,0.96397436,1
0.062584035,0.93741596,1
0.1282548,0.8717452,1
0.123039044,0.876961,1
0.16803512,0.8319649,1
0.93605024,0.06394972,0
0.03406937,0.96593064,1
0.044778448,0.9552216,1
0.030680366,0.9693196,1
0.034412313,0.96558774,1
0.05387431,0.94612575,1
0.04556282,0.95443726,1
0.26304096,0.73695904,0
0.8416965,0.15830348,0
0.8938139,0.10618611,0
0.8887652,0.11123481,0
0.049021393,0.95097864,0
0.22303312,0.77696687,0
0.15075016,0.84924984,1
0.08539041,0.9146096,1
0.86749977,0.13250022,0
0.8242663,0.17573364,0
0.82392985,0.17607011,0
0.83750767,0.16249235,0
0.19336641,0.8066336,1
0.16104092,0.83895904,1
0.25512767,0.74487233,1
0.25915796,0.74084204,1
0.35804388,0.64195603,1
0.15513384,0.8448662,1
0.13799822,0.8620018,1
0.72947097,0.27052903,0
0.23223263,0.76776737,1
0.25040764,0.74959236,1
0.8647811,0.13521898,0
0.4098658,0.5901342,0
0.5080176,0.49198234,1
0.7553235,0.24467646,0
0.47710067,0.5228994,0
0.22467081,0.77532923,1
0.727268,0.272732,0
0.53248864,0.46751133,1
0.6730222,0.32697776,0
0.5499973,0.4500026,1
0.82391906,0.17608103,0
0.3422507,0.6577493,1
0.14228497,0.857715,1
0.03963873,0.9603613,1
0.015864788,0.9841352,1
0.021821877,0.9781781,1
0.87975574,0.12024429,0
0.43875495,0.561245,0
0.7414893,0.25851065,0
0.41997734,0.5800227,0
0.83454645,0.16545355,0
0.85141957,0.14858037,0
0.5935839,0.40641615,0
0.78585047,0.21414953,0
0.0139910495,0.98600894,1
0.0135456445,0.9864544,1
0.023749862,0.9762502,1
0.26961535,0.73038465,0
0.3000906,0.6999093,0
0.3754896,0.62451047,0
0.16470557,0.8352944,1
0.75929767,0.2407024,0
0.891614,0.10838597,0
0.6969342,0.30306575,0
0.008801174,0.99119884,1
0.012553725,0.9874463,1
0.013410067,0.9865899,1
0.011930707,0.98806936,1
0.015308065,0.9846919,1
0.31443363,0.68556637,0
0.92457044,0.07542958,0
0.6373809,0.36261913,0
0.09705829,0.90294164,1
0.3145029,0.6854971,0
0.22049755,0.77950245,1
0.032998223,0.9670018,1
0.016485715,0.9835143,1
0.21864201,0.781358,1
0.43151617,0.5684838,1
0.32785016,0.6721499,1
0.70421183,0.2957882,0
0.35826164,0.6417383,0
0.5525469,0.44745305,1
0.33373526,0.6662648,1
0.7423491,0.25765085,0
0.7987453,0.20125477,0
0.6551831,0.34481683,0
0.6219682,0.37803188,0
0.6586974,0.3413025,1
0.7587003,0.24129967,0
0.87372124,0.12627873,0
0.8553006,0.14469934,0
0.62898654,0.37101346,1
0.15981664,0.84018344,1
0.47982812,0.5201718,1
0.79350996,0.20649001,0
0.49380463,0.50619537,1
0.5191949,0.48080516,1
0.4171057,0.5828943,1
0.72199297,0.278007,0
0.8688625,0.13113745,0
0.88994217,0.110057846,0
0.8718504,0.12814957,0
0.2801185,0.71988153,1
0.20241755,0.7975824,1
0.37520635,0.62479365,1
0.57939994,0.42060006,1
0.20270708,0.7972929,1
0.21585923,0.78414077,1
0.5760024,0.4239976,0
0.23747072,0.7625293,1
0.77933836,0.22066158,0
0.8135414,0.1864586,0
0.85593575,0.14406425,0
0.19049735,0.80950266,1
0.050709244,0.94929075,1
0.06385737,0.93614256,1
0.16670187,0.83329815,1
0.89330614,0.10669389,0
0.10431352,0.89568645,1
0.049334414,0.95066553,1
0.024522876,0.97547716,1
0.24149634,0.7585037,0
0.11410351,0.8858965,1
0.1373898,0.86261016,1
0.85583884,0.14416116,0
0.9031816,0.0968184,0
0.0079513695,0.99204856,1
0.009181435,0.99081856,1
0.026183898,0.97381616,1
0.015142392,0.98485756,1
0.016234523,0.98376554,1
0.020514786,0.9794852,1
0.38137516,0.61862487,1
0.9987066,0.0012933913,0
0.9986601,0.0013399068,0
0.9815356,0.018464297,0
0.019234817,0.98076516,1
0.027980948,0.9720191,1
0.018865274,0.9811348,1
0.023577318,0.97642267,1
0.00879263,0.9912074,1
0.016797109,0.9832028,1
0.06072025,0.93927974,1
0.040881377,0.95911866,1
0.045974366,0.9540256,1
0.12167023,0.87832975,1
0.08824013,0.91175985,1
0.520094,0.479906,0
0.7809604,0.21903965,0
0.097977966,0.902022,1
0.016349679,0.98365027,1
0.0436734,0.9563266,1
0.016686855,0.98331314,1
0.032668855,0.9673312,1
0.086883835,0.91311616,1
0.7100868,0.28991315,0
0.08681702,0.91318303,0
0.3894069,0.61059314,0
0.8796574,0.12034266,0
0.88041,0.119590044,0
0.095241725,0.90475833,1
0.13196138,0.8680386,1
0.10939176,0.89060825,1
0.78085905,0.21914092,0
0.22202773,0.7779723,1
0.0743026,0.92569745,1
0.18234678,0.81765324,1
0.7128021,0.2871979,0
0.13325259,0.86674744,1
0.14850883,0.85149115,1
0.15336712,0.8466329,1
0.2109575,0.78904253,1
0.5349801,0.46501988,0
0.3814192,0.61858076,1
0.81702,0.18298005,0
0.42764604,0.57235396,1
0.5902595,0.4097405,0
0.9268443,0.07315577,0
0.88588893,0.114111066,0
0.83829343,0.16170654,0
0.8042855,0.19571449,0
0.8179646,0.18203537,0
0.78422314,0.21577689,1
0.8320218,0.16797823,0
0.25279018,0.74720985,1
0.82260746,0.1773925,1
0.80826485,0.19173516,1
0.8606488,0.13935116,0
0.8627344,0.13726556,0
0.8678212,0.13217877,0
0.8364517,0.16354829,0
0.23471594,0.7652841,1
0.997163,0.0028369937,0
0.23693912,0.7630609,1
0.01011751,0.9898825,1
0.021056062,0.97894394,1
0.72537166,0.2746283,0
0.61036557,0.38963446,0
0.6230998,0.37690026,0
0.51390016,0.4860998,0
0.58596915,0.41403088,0
0.036967043,0.9630329,1
0.029142931,0.9708571,1
0.8642941,0.13570586,0
0.7378924,0.26210758,0
0.11154055,0.8884595,1
0.06077562,0.93922436,1
0.062845744,0.93715423,1
0.058860317,0.9411397,1
0.08681301,0.913187,1
0.04294975,0.95705026,1
0.028471755,0.97152823,1
0.031167898,0.96883214,1
0.20115983,0.79884017,1
0.11885247,0.8811475,1
0.07500175,0.9249983,1
0.11875048,0.88124955,1
0.7752919,0.2247081,0
0.1219863,0.87801373,1
0.86944044,0.13055955,0
0.15323374,0.8467663,1
0.23163405,0.768366,0
0.3980399,0.60196006,0
0.48015696,0.5198431,0
0.64416313,0.35583687,0
0.51918,0.48082006,0
0.7441921,0.25580785,0
0.9026866,0.09731343,0
0.9085035,0.09149648,0
0.15834102,0.84165895,1
0.1877753,0.8122247,1
0.11648552,0.8835145,1
0.096133076,0.9038669,1
0.7140306,0.28596938,0
0.71270055,0.28729945,0
0.872058,0.1279421,0
0.39430487,0.6056952,0
0.30277187,0.69722813,1
0.122415535,0.87758446,1
0.70221215,0.29778787,0
0.2813048,0.71869516,1
0.15873048,0.8412695,1
0.08342393,0.9165761,1
0.62363327,0.37636676,0
0.05236351,0.9476365,1
0.63030326,0.3696967,0
0.4674282,0.53257173,0
0.37386715,0.6261329,0
0.48609093,0.5139091,0
0.53986734,0.46013263,0
0.23392184,0.7660782,1
0.23655051,0.7634495,1
0.22625215,0.7737478,1
0.11739163,0.88260835,1
0.13670903,0.86329097,1
0.3490069,0.65099305,0
0.12322296,0.876777,1
0.9390693,0.060930792,0
0.0113538215,0.98864615,1
0.009699009,0.990301,1
0.045860767,0.95413923,1
0.2394921,0.7605079,0
0.80519766,0.1948023,0
0.7965966,0.20340338,0
0.7295362,0.2704638,0
0.03779029,0.96220976,1
0.13715239,0.8628476,1
0.05150475,0.94849527,1
0.30537483,0.69462514,1
0.60590476,0.3940952,1
0.89018166,0.10981835,0
0.97888225,0.021117724,0
0.98105556,0.018944463,0
0.9688243,0.031175688,0
0.64533395,0.35466602,0
0.28501424,0.7149858,1
0.52291167,0.47708833,1
0.7201551,0.27984488,0
0.8739221,0.12607789,0
0.8501391,0.14986093,0
0.085123815,0.9148762,1
0.016242353,0.9837577,1
0.88871455,0.11128538,0
0.35282698,0.647173,1
0.9794953,0.020504763,0
0.3524553,0.6475447,1
0.2608139,0.7391861,1
0.39058083,0.60941917,1
0.66531616,0.33468387,0
0.37164572,0.6283543,0
0.60937744,0.39062253,0
0.8423343,0.1576657,0
0.7321191,0.26788092,0
0.7994623,0.20053764,0
0.3598025,0.6401975,1
0.44712558,0.55287445,1
0.8687917,0.13120832,0
0.8274034,0.17259656,0
0.6393508,0.36064926,0
0.5004941,0.49950585,1
0.23625319,0.76374674,1
0.12125805,0.878742,1
0.13683292,0.86316705,1
0.8176579,0.18234211,0
0.74538755,0.25461248,0
0.54114324,0.45885676,1
0.76296973,0.23703022,0
0.8059236,0.1940764,0
0.72870016,0.2712999,0
0.2602879,0.7397122,1
0.93323493,0.0667651,0
0.21734205,0.782658,1
0.010645096,0.98935497,1
0.8585698,0.14143027,0
0.77777946,0.22222051,0
0.43991995,0.56008005,0
0.14921997,0.85078007,1
0.25076002,0.74924,1
0.90715426,0.09284567,0
0.92594784,0.07405218,0
0.91180533,0.08819467,0
0.0047978098,0.9952022,1
0.0055021252,0.99449784,1
0.014987016,0.985013,1
0.02142985,0.97857016,1
0.03020932,0.9697907,1
0.8355082,0.16449177,0
0.58467966,0.4153203,0
0.57496804,0.425032,0
0.8882585,0.11174142,0
0.9530224,0.046977587,0
0.96462446,0.035375565,0
0.92212945,0.07787052,0
0.009224729,0.9907753,1
0.0072942344,0.99270576,1
0.011854048,0.98814595,1
0.012494387,0.98750556,1
0.65648466,0.3435153,0
0.032786217,0.96721375,1
0.78982246,0.2101775,0
0.99825925,0.0017407433,0
0.033058442,0.9669416,1
0.57597363,0.42402643,0
0.61603695,0.38396302,0
0.16817777,0.8318223,1
0.45508572,0.54491425,1
0.63051915,0.36948085,1
0.7963147,0.20368525,0
0.770713,0.22928703,0
0.02393282,0.9760671,1
0.015985945,0.9840141,1
0.02915299,0.97084695,1
0.055855796,0.9441442,1
0.06915264,0.93084735,1
0.060146566,0.9398534,1
0.9236359,0.07636406,0
0.12295595,0.8770441,1
0.14008126,0.8599188,1
0.88073564,0.119264334,0
0.9069245,0.093075536,0
0.7110579,0.28894213,0
0.12359024,0.87640977,1
0.14030436,0.8596956,1
0.20410234,0.7958976,0
0.14400277,0.85599726,0
0.18519352,0.81480646,1
0.16821828,0.8317817,1
0.8228233,0.17717668,0
0.9262321,0.07376795,0
0.17806968,0.82193035,1
0.3322608,0.6677393,1
0.7891413,0.21085878,0
0.85410357,0.14589643,0
0.07819577,0.9218042,1
0.3125289,0.68747115,1
0.075231485,0.92476845,1
0.10069319,0.89930683,1
0.11356438,0.8864356,1
0.11245353,0.8875465,1
0.9764321,0.023567986,0
0.90826327,0.09173669,0
0.14620925,0.8537907,1
0.76534605,0.23465396,0
0.8965979,0.103402056,0
0.9133254,0.08667462,0
0.079988554,0.9200114,1
0.043057896,0.9569421,1
0.012688046,0.98731196,1
0.021721266,0.9782787,1
0.8484886,0.1515114,0
0.8514701,0.14852983,0
0.07499258,0.9250074,1
0.8685777,0.1314223,0
0.018005174,0.9819948,1
0.024412142,0.9755879,1
0.819338,0.180662,0
0.70284,0.29716003,0
0.72335577,0.2766442,0
0.5804427,0.4195573,0
0.73374957,0.2662505,0
0.27973637,0.72026366,1
0.9088578,0.09114218,0
0.92309505,0.07690493,0
0.998703,0.0012970237,0
0.5679415,0.43205848,1
0.66755265,0.33244738,1
0.613879,0.38612098,1
0.038414266,0.96158576,1
0.18004225,0.81995773,1
0.6979848,0.30201516,0
0.018492255,0.9815077,1
0.8102295,0.18977055,0
0.037816588,0.9621835,1
0.37175062,0.62824935,1
0.87651914,0.12348086,0
0.3374172,0.66258276,0
0.047114875,0.95288515,1
0.095489256,0.90451074,1
0.075356044,0.924644,1
0.05012179,0.9498782,1
0.05676351,0.94323653,1
0.051070143,0.94892985,1
0.05907175,0.9409283,1
0.06558171,0.9344183,1
0.07716657,0.9228335,1
0.90848607,0.091513954,0
0.16882622,0.8311738,0
0.13608922,0.86391073,1
0.6627362,0.3372639,0
0.91350037,0.08649959,0
0.85138136,0.14861862,0
0.25357696,0.746423,0
0.005077194,0.9949228,1
0.7130519,0.28694808,0
0.21195908,0.78804094,1
0.89836144,0.10163859,0
0.92752475,0.07247524,0
0.9094811,0.090518914,0
0.8745973,0.1254027,0
0.06966492,0.93033504,1
0.434216,0.56578404,0
0.8148021,0.18519787,0
0.915568,0.08443198,0
0.3291669,0.6708331,1
0.007941532,0.99205846,1
0.008269263,0.99173075,1
0.007284604,0.9927154,1
0.008820959,0.99117905,1
0.02614146,0.97385854,1
0.019461606,0.9805384,1
0.055841867,0.94415814,1
0.03321419,0.9667858,1
0.9381013,0.061898686,0
0.979741,0.020258997,0
0.99875903,0.0012409627,0
0.9393273,0.06067272,0
0.52811265,0.4718874,1
0.5470092,0.45299077,0
0.021584183,0.9784158,1
0.04248737,0.9575126,1
0.043789584,0.9562104,1
0.56991845,0.43008155,0
0.14832546,0.85167456,1
0.029167857,0.9708321,1
0.05991774,0.94008225,1
0.055161897,0.9448381,1
0.77473503,0.22526495,0
0.7954155,0.20458445,0
0.013133236,0.9868667,1
0.020663632,0.97933644,1
0.019249788,0.98075026,1
0.021327076,0.9786729,1
0.05087214,0.9491278,1
0.057717916,0.9422821,1
0.018175589,0.98182446,1
0.95195884,0.048041202,0
0.7249608,0.27503917,0
0.053844176,0.9461558,1
0.21494175,0.78505826,1
0.93036693,0.06963305,0
0.17202967,0.8279703,1
0.07564535,0.9243546,1
0.3067416,0.6932584,1
0.9419483,0.058051676,0
0.9596808,0.040319197,0
0.9587524,0.041247617,0
0.40529227,0.5947077,1
0.8368497,0.16315034,0
0.8824987,0.1175013,0
0.94919246,0.050807577,0
0.4798799,0.52012014,0
0.77340305,0.22659694,0
0.13177882,0.86822116,1
0.11181203,0.888188,1
0.15625975,0.8437402,1
0.4344379,0.5655622,1
0.5289739,0.47102618,1
0.6593384,0.3406616,1
0.89600426,0.10399572,0
0.7247989,0.27520114,1
0.9648655,0.03513451,0
0.97872615,0.021273836,0
0.15370843,0.8462916,1
0.06582525,0.9341747,1
0.4622705,0.5377295,1
0.9055125,0.09448745,0
0.87858164,0.12141835,0
0.20989946,0.7901005,1
0.0344437,0.96555626,1
0.03300309,0.9669969,1
0.03939262,0.9606074,1
0.86966234,0.13033766,0
0.9323231,0.06767685,0
0.12660176,0.8733982,1
0.5864738,0.41352615,1
0.8503451,0.14965498,0
0.87762487,0.12237514,0
0.85529304,0.14470693,0
0.7755387,0.22446129,0
0.6935081,0.3064919,1
0.27858555,0.72141445,1
0.056202695,0.9437973,1
0.8586389,0.14136112,0
0.68696207,0.3130379,0
0.9344377,0.06556227,0
0.99838305,0.0016169687,0
0.55272794,0.44727206,1
0.8323059,0.16769412,0
0.82601476,0.17398518,0
0.8506789,0.149321,0
0.19284219,0.8071578,0
0.35081694,0.6491831,0
0.16927867,0.8307213,1
0.6948796,0.3051204,1
0.81142485,0.18857516,0
0.095729195,0.90427077,1
0.012820266,0.9871797,1
0.007394232,0.9926058,1
0.008557971,0.991442,1
0.036673423,0.9633265,1
0.57808393,0.42191604,1
0.011576649,0.9884234,1
0.9564381,0.043561883,0
0.9518934,0.048106607,0
0.8016294,0.1983705,0
0.8910479,0.108952135,0
0.86866003,0.13134,0
0.6116348,0.38836524,1
0.0594137,0.9405863,1
0.06191783,0.9380821,1
0.11899895,0.881001,1
0.12821002,0.87179,1
0.84676415,0.15323587,0
0.94013214,0.05986784,0
0.93878615,0.06121386,0
0.14806685,0.8519332,1
0.70008725,0.29991275,0
0.9982101,0.0017898772,0
0.71221596,0.287784,0
0.11639114,0.8836089,1
0.10739967,0.89260036,1
0.08275848,0.9172416,1
0.07495849,0.92504156,1
0.07421228,0.92578775,1
0.13020849,0.86979157,1
0.13899198,0.861008,1
0.86137134,0.13862866,0
0.27669135,0.7233086,1
0.9546156,0.045384426,0
0.9447907,0.055209246,0
0.9449393,0.055060685,0
0.78483737,0.21516259,0
0.021818632,0.9781814,1
0.018283902,0.9817161,1
0.0062788012,0.99372125,1
0.009176283,0.99082375,1
0.008052434,0.9919476,1
0.39981085,0.6001892,0
0.86916864,0.13083138,0
0.06045966,0.9395403,1
0.0047891345,0.99521095,1
0.006208596,0.9937914,1
0.059790887,0.94020915,0
0.8712703,0.12872966,0
0.90343994,0.09656006,0
0.8691685,0.13083151,0
0.7280682,0.2719318,0
0.8934291,0.10657088,0
0.9982673,0.0017326971,0
0.74936664,0.25063333,0
0.60317016,0.39682984,0
0.51949644,0.48050362,1
0.76540715,0.23459285,1
0.99871933,0.0012807352,0
0.72509885,0.27490112,0
0.5687847,0.43121523,0
0.64817137,0.35182858,0
0.71507174,0.28492823,0
0.773759,0.22624098,0
0.19914831,0.80085164,1
0.08667629,0.9133237,1
0.901305,0.098694935,0
0.99854773,0.0014521905,0
0.75083286,0.24916717,1
0.018502196,0.9814979,1
0.01805618,0.98194385,1
0.02280991,0.9771901,1
0.0370241,0.96297586,1
0.034484923,0.965515,1
0.029711144,0.9702889,1
0.095950015,0.90404993,1
0.029209659,0.9707903,1
0.7969986,0.20300142,0
0.9508347,0.04916533,0
0.028704965,0.97129506,1
0.02216567,0.97783434,1
0.7662461,0.23375389,0
0.17457686,0.82542306,1
0.072131254,0.9278687,1
0.31659096,0.68340904,1
0.7172363,0.28276375,0
0.91907346,0.08092647,0
0.9385054,0.06149465,0
0.93221265,0.06778729,0
0.0920263,0.90797365,1
0.8826182,0.1173818,0
0.91146076,0.08853923,0
0.69290555,0.30709448,1
0.6839636,0.3160364,1
0.42188388,0.5781161,1
0.89718896,0.10281109,0
0.4631467,0.5368533,1
0.42335826,0.57664174,1
0.44598103,0.554019,1
0.8855486,0.11445143,0
0.9192159,0.080784075,0
0.06993055,0.93006945,1
0.09595709,0.9040429,1
0.053630758,0.9463693,1
0.008715157,0.99128485,1
0.055357784,0.9446422,1
0.35325813,0.64674187,0
0.96398985,0.03601016,0
0.009087265,0.9909127,1
0.0669426,0.9330574,0
0.09169073,0.90830934,1
0.0783017,0.92169833,1
0.065805055,0.9341949,1
0.8661755,0.1338245,0
0.32277855,0.6772215,0
0.87774086,0.122259155,0
0.9133911,0.0866088,0
0.9593641,0.040635817,0
0.9720496,0.027950415,0
0.37975183,0.62024826,0
0.0075199637,0.99248004,1
0.007848022,0.992152,1
0.0122570945,0.9877429,1
0.38427514,0.6157248,0
0.028857768,0.97114223,1
0.9503083,0.049691677,0
0.98125196,0.018748034,0
0.9828347,0.017165346,0
0.96573913,0.03426084,0
0.10315175,0.8968482,0
0.55381346,0.44618657,0
0.53350455,0.46649548,0
0.6141664,0.38583362,0
0.6079327,0.39206725,0
0.049387064,0.95061296,1
0.09583501,0.904165,1
0.081189826,0.9188101,1
0.039399784,0.96060026,1
0.834655,0.16534507,0
0.82419807,0.17580195,0
0.03660052,0.96339947,1
0.038495887,0.9615041,1
0.031524353,0.9684757,1
0.020378783,0.9796212,1
0.08581172,0.91418827,1
0.09975265,0.90024734,0
0.078654125,0.92134583,0
0.13199344,0.8680065,0
0.7979529,0.20204711,0
0.91429466,0.08570534,0
0.04309469,0.9569053,1
0.051372156,0.9486278,1
0.07457604,0.9254239,0
0.056733828,0.9432662,1
0.09776464,0.9022353,0
0.07478792,0.925212,1
0.74888486,0.25111523,0
0.523111,0.47688898,0
0.05744272,0.9425573,0
0.07578928,0.9242107,0
0.95555806,0.04444193,0
0.9237788,0.07622126,0
0.82791275,0.1720873,0
0.8608583,0.13914166,0
0.90710217,0.092897795,0
0.79108965,0.20891032,0
0.8751404,0.12485959,0
0.9235983,0.07640177,0
0.15970877,0.8402912,1
0.893283,0.106717,0
0.2736025,0.7263975,1
0.15131459,0.84868544,1
0.04144437,0.95855564,1
0.01425165,0.98574835,1
0.008414688,0.99158525,1
0.07867501,0.921325,1
0.14151995,0.8584801,1
0.8060626,0.19393738,0
0.8937145,0.106285505,0
0.8887254,0.11127458,0
0.36305135,0.63694865,1
0.97811216,0.021887787,0
0.027256766,0.9727433,1
0.009784338,0.99021566,1
0.0076263724,0.99237365,1
0.74158055,0.2584194,0
0.024484279,0.9755157,1
0.13253152,0.86746854,1
0.5748499,0.42515013,0
0.02264571,0.9773542,1
0.6558942,0.34410578,1
0.8021591,0.19784096,0
0.75594103,0.24405898,0
0.9783211,0.021678966,0
0.9975431,0.0024569426,0
0.99612695,0.0038730502,0
0.9984944,0.0015055843,0
0.9985581,0.0014418982,0
0.67486817,0.32513183,0
0.7793637,0.2206363,0
0.6552619,0.34473816,0
0.6794817,0.32051826,0
0.023130849,0.97686917,1
0.20202412,0.7979759,1
0.30630922,0.69369084,0
0.69567156,0.3043284,0
0.8299914,0.17000857,0
0.7817378,0.21826218,0
0.032455437,0.9675446,1
0.030853104,0.9691469,1
0.039843574,0.9601564,1
0.029789696,0.9702103,1
0.05623174,0.94376826,1
0.061095886,0.9389041,1
0.08337763,0.91662234,1
0.87102896,0.12897107,0
0.9294491,0.0705509,0
0.13973913,0.8602609,1
0.09649004,0.90351003,1
0.07970583,0.9202941,1
0.7761515,0.22384855,0
0.8678011,0.13219886,0
0.4301326,0.5698674,1
0.8992182,0.10078174,1
0.795322,0.20467803,1
0.7109139,0.28908604,1
0.73779917,0.26220086,0
0.6688304,0.33116958,1
0.8199193,0.1800807,1
0.94079787,0.059202176,0
0.98555136,0.014448647,0
0.98857147,0.011428516,0
0.922877,0.07712298,0
0.87779856,0.12220145,0
0.07066174,0.9293383,1
0.8375783,0.16242167,1
0.13656165,0.8634384,1
0.021393597,0.9786064,1
0.98878574,0.011214271,0
0.97097754,0.0290225,0
0.8872761,0.112723894,0
0.888305,0.111694984,0
0.73432726,0.26567277,0
0.80970496,0.19029504,0
0.92838514,0.07161485,0
0.9983121,0.001687913,0
0.8178208,0.18217921,0
0.8180486,0.18195143,0
0.7868089,0.21319112,0
0.7556141,0.24438588,0
0.74132353,0.2586765,0
0.99876404,0.0012359729,0
0.92407155,0.075928465,0
0.8296161,0.17038384,1
0.66686046,0.3331395,1
0.49683127,0.50316876,1
0.50652564,0.49347436,1
0.5265713,0.47342873,0
0.5267574,0.4732426,1
0.6590697,0.34093025,0
0.5250359,0.47496405,0
0.46603265,0.5339673,0
0.1346555,0.8653445,1
0.03481383,0.9651862,1
0.06899081,0.93100923,1
0.03785576,0.9621442,1
0.028173551,0.9718265,1
0.012096076,0.9879039,1
0.9400889,0.05991109,0
0.82502854,0.1749715,0
0.093737446,0.9062625,1
0.061656002,0.93834406,1
0.12917984,0.87082016,1
0.15038465,0.8496154,1
0.98415405,0.015845926,0
0.99511564,0.004884302,0
0.97217846,0.027821586,0
0.8555042,0.14449582,0
0.37147513,0.62852484,1
0.87722087,0.12277916,0
0.9152341,0.08476598,0
0.9310276,0.068972364,0
0.9350268,0.06497323,0
0.99304307,0.0069569233,0
0.99352443,0.006475618,0
0.9754919,0.024508039,0
0.96381223,0.036187753,0
0.95711243,0.0428876,0
0.9587375,0.041262537,0
0.8914113,0.10858872,0
0.49688116,0.5031189,0
0.9023289,0.09767108,0
0.6412631,0.35873687,1
0.107470125,0.89252985,1
0.11188644,0.88811356,1
0.08584778,0.9141522,1
0.84699833,0.15300164,0
0.9804212,0.019578818,0
0.12858872,0.8714113,1
0.95656955,0.043430455,0
0.87065583,0.12934417,0
0.9293387,0.07066126,0
0.49901924,0.5009808,1
0.8637327,0.1362673,0
0.86331666,0.13668339,0
0.9400431,0.059956923,0
0.9086339,0.09136611,0
0.8511567,0.14884333,0
0.14600798,0.853992,1
0.6580549,0.3419451,1
0.74645543,0.25354457,1
0.92231864,0.07768141,0
0.9549826,0.045017377,0
0.8753342,0.1246658,1
0.33028418,0.66971576,1
0.07104619,0.9289538,1
0.079174444,0.9208256,1
0.7233056,0.27669442,1
0.86114603,0.13885397,0
0.8841687,0.115831286,0
0.80788887,0.19211116,0
0.8436218,0.15637822,0
0.5572117,0.44278833,1
0.5515053,0.44849467,1
0.7879954,0.21200466,0
0.7517207,0.24827932,0
0.76879287,0.23120709,0
0.9613733,0.03862669,0
0.99872476,0.0012752162,0
0.5545607,0.44543934,0
0.74558336,0.25441664,0
0.5441069,0.45589307,0
0.1520117,0.8479883,1
0.24564514,0.7543549,1
0.18157032,0.8184297,1
0.7103958,0.28960425,1
0.89197916,0.10802087,0
0.8894203,0.11057972,0
0.3962912,0.60370886,1
0.55830294,0.44169703,1
0.8195844,0.18041554,0
0.8069648,0.19303522,0
0.9298543,0.07014573,0
0.49493036,0.5050696,0
0.43490824,0.5650917,1
0.82793725,0.17206274,0
0.87682873,0.123171344,0
0.8911384,0.10886166,0
0.90000796,0.099992014,0
0.8458837,0.15411627,0
0.13453372,0.8654663,1
0.8547705,0.14522953,1
0.90921664,0.090783425,0
0.8930759,0.10692419,0
0.8889748,0.11102524,0
0.7161979,0.28380203,1
0.78110594,0.21889412,1
0.7391215,0.26087847,1
0.81777847,0.18222149,1
0.8641219,0.13587806,1
0.8637638,0.13623624,1
0.88808316,0.11191686,1
0.035850883,0.96414906,1
0.606047,0.39395297,0
0.203137,0.796863,1
0.8335982,0.16640182,0
0.91263413,0.0873659,0
0.912895,0.087104976,0
0.30277216,0.69722784,1
0.741726,0.258274,0
0.02900882,0.97099113,1
0.6546854,0.34531468,1
0.7920649,0.20793514,0
0.8224745,0.17752558,0
0.851729,0.14827101,0
0.93272287,0.06727716,0
0.87476766,0.12523234,0
0.8713431,0.12865697,0
0.8946163,0.10538372,1
0.9158273,0.0841727,0
0.9338586,0.066141374,0
0.93255943,0.067440525,0
0.92400837,0.07599165,0
0.8566752,0.14332479,0
0.9161936,0.08380644,0
0.8932372,0.10676283,0
0.7672837,0.23271638,1
0.816676,0.18332393,1
0.8641553,0.13584463,0
0.99828315,0.0017169171,0
0.016611325,0.98338866,1
0.79518014,0.20481987,0
0.8511315,0.14886856,1
0.811242,0.18875805,1
0.7672311,0.2327689,0
0.8113715,0.1886285,1
0.653625,0.34637493,0
0.7410128,0.2589872,0
0.5194325,0.48056749,0
0.7702933,0.22970666,0
0.6800899,0.3199101,0
0.6673377,0.33266225,1
0.5998563,0.40014362,0
0.4381993,0.5618007,1
0.8420204,0.1579796,1
0.9969567,0.0030433077,0
0.13090715,0.8690929,1
0.08387239,0.9161276,1
0.090085804,0.9099142,1
0.3731991,0.6268009,1
0.9392442,0.06075578,0
0.5630766,0.4369234,0
0.66850734,0.3314926,0
0.7559438,0.24405625,0
0.24123588,0.75876415,1
0.6877572,0.3122428,1
0.7314047,0.26859528,1
0.90733707,0.09266297,0
0.84021,0.15978995,1
0.9239129,0.07608709,0
0.92701995,0.07298004,0
0.9549517,0.045048345,0
0.9351097,0.06489028,0
0.8240109,0.17598909,0
0.8367113,0.1632887,0
0.87331426,0.12668574,0
0.9329873,0.06701271,0
0.073834635,0.9261654,1
0.06648406,0.93351597,1
0.053477816,0.94652224,1
0.98565394,0.014346104,0
0.98738503,0.012614985,0
0.9570434,0.042956583,0
0.9448018,0.055198245,0
0.9393874,0.060612608,0
0.95458037,0.0454196,0
0.018099518,0.9819005,1
0.0072893263,0.9927107,1
0.15612017,0.8438799,1
0.18838306,0.81161696,0
0.69262004,0.30737996,0
0.070791066,0.9292089,1
0.99514365,0.004856397,0
0.8747873,0.12521273,0
0.7414233,0.25857666,0
0.9351102,0.064889796,0
0.90783346,0.09216657,0
0.01738072,0.9826193,1
0.8676498,0.1323503,0
0.8716154,0.12838456,0
0.8889374,0.111062564,0
0.67642623,0.32357377,0
0.9388782,0.06112182,0
0.7849619,0.21503814,0
0.66769826,0.33230174,0
0.3320934,0.66790664,1
0.811496,0.18850401,0
0.8434573,0.15654269,0
0.849154,0.15084603,0
0.7917927,0.2082073,0
0.79276353,0.2072365,0
0.9987515,0.0012484554,0
0.96217066,0.037829272,0
0.9625523,0.037447684,0
0.49393323,0.50606674,1
0.55010337,0.44989654,1
0.53564113,0.46435884,1
0.4900178,0.50998217,1
0.09908918,0.90091085,1
0.17923549,0.8207645,1
0.7258618,0.27413824,1
0.9966987,0.0033013222,0
0.77453107,0.22546901,1
0.068936095,0.9310639,1
0.24293484,0.7570651,1
0.23164809,0.7683519,1
0.8136721,0.18632786,0
0.13124612,0.8687539,1
0.7237635,0.2762365,1
0.764684,0.23531602,0
0.8809049,0.11909507,0
0.9028929,0.097107165,0
0.6799821,0.32001793,1
0.15161042,0.84838957,1
0.72117054,0.2788295,0
0.86068034,0.13931963,0
0.7774581,0.22254185,1
0.7261164,0.27388364,0
0.9104376,0.08956238,0
0.5671357,0.43286434,1
0.953015,0.046984904,0
0.93364084,0.06635914,0
0.9624492,0.03755076,0
0.956867,0.043132953,0
0.9009335,0.09906649,0
0.8912668,0.10873318,0
0.31730148,0.6826985,1
0.8809138,0.11908626,0
0.89668447,0.10331548,0
0.9407706,0.059229333,0
0.90549743,0.0945026,0
0.04287654,0.95712346,1
0.047550622,0.9524493,1
0.03102747,0.9689725,1
0.8008445,0.19915551,0
0.9971937,0.0028062433,0
0.93963003,0.060369942,0
0.6770455,0.32295454,1
0.46453735,0.5354626,1
0.40091148,0.59908855,1
0.69017,0.30983004,1
0.8576748,0.1423252,0
0.8806801,0.11931998,0
0.6973922,0.3026078,1
0.43690607,0.56309396,1
0.24339916,0.75660086,1
0.91159207,0.088407926,0
0.9295778,0.07042212,0
0.8763395,0.12366057,0
0.9488462,0.0511538,0
0.86242163,0.13757841,0
0.14446661,0.8555334,1
0.0605894,0.9394106,1
0.09412599,0.905874,1
0.77957135,0.22042865,0
0.84574986,0.15425012,0
0.8733309,0.12666911,0
0.84977204,0.15022798,0
0.8460152,0.15398474,0
0.85731053,0.1426894,0
0.8214928,0.17850715,0
0.7820296,0.21797042,1
0.998738,0.0012620193,0
0.99540967,0.0045902734,0
0.5231044,0.4768956,1
0.38390103,0.6160989,1
0.17616022,0.8238398,1
0.7199621,0.28003785,1
0.07958496,0.920415,1
0.03248269,0.96751726,1
0.6191729,0.38082713,0
0.6584261,0.34157392,0
0.78019786,0.21980207,0
0.085758954,0.9142411,1
0.71926975,0.28073022,0
0.9433304,0.05666959,0
0.48228168,0.5177183,0
0.048137184,0.9518628,1
0.071803674,0.9281964,1
0.03808387,0.96191615,1
0.08739689,0.91260314,1
0.95997816,0.040021773,0
0.5762113,0.42378876,0
0.88985115,0.11014889,0
0.7179078,0.28209224,0
0.030000754,0.96999925,1
0.03960128,0.9603987,1
0.98425287,0.01574712,0
0.9698784,0.030121645,0
0.9891495,0.010850506,0
0.9772239,0.022776175,0
0.23970418,0.76029587,1
0.9414829,0.05851714,0
0.9621198,0.037880182,0
0.9110256,0.08897443,0
0.8671933,0.13280672,0
0.28248855,0.7175115,1
0.27070704,0.729293,1
0.73433214,0.26566786,0
0.51824313,0.48175684,0
0.82771754,0.17228238,0
0.95045936,0.049540613,0
0.59182423,0.40817574,1
0.73384804,0.26615196,0
0.8251731,0.17482692,0
0.6300152,0.3699848,0
0.5904205,0.40957955,0
0.7174194,0.28258058,0
0.82721275,0.17278725,0
0.8779707,0.122029275,0
0.8418563,0.15814371,0
0.803953,0.19604704,0
0.7962935,0.2037065,0
0.92993015,0.070069805,0
0.996548,0.0034519976,0
0.88531214,0.114687845,1
0.74039155,0.2596085,1
0.053089365,0.94691056,1
0.47076458,0.52923536,1
0.49348563,0.5065144,1
0.52049536,0.47950464,1
0.53197736,0.46802264,1
0.12862661,0.8713734,1
0.78621036,0.21378963,1
0.8717442,0.12825577,0
0.07916974,0.92083025,1
0.09265871,0.9073413,1
0.046186358,0.9538137,1
0.9849326,0.015067333,0
0.37450448,0.6254955,1
0.9464524,0.05354766,0
0.124345265,0.87565476,1
0.058167893,0.94183207,1
0.11384145,0.8861585,1
0.4698244,0.5301755,0
0.9931293,0.006870623,0
0.017851338,0.98214865,1
0.9776568,0.02234328,0
0.9589238,0.0410762,0
0.44239187,0.5576081,1
0.04542913,0.95457083,1
0.33001742,0.66998255,1
0.9491218,0.050878257,0
0.7883181,0.21168186,0
0.51046425,0.4895357,1
0.8188907,0.18110937,0
0.11102481,0.8889752,1
0.11650473,0.8834953,1
0.84522414,0.1547758,0
0.7764848,0.22351524,1
0.07697015,0.92302984,1
0.7680703,0.23192967,0
0.97741276,0.022587243,0
0.38695246,0.6130475,1
0.92037934,0.07962069,0
0.32894224,0.67105776,1
0.21227065,0.78772926,1
0.10308131,0.8969187,1
0.027929028,0.972071,1
0.01701405,0.9829859,1
0.02181098,0.97818905,1
0.007359779,0.9926402,1
0.031017836,0.9689821,1
0.025428921,0.9745711,1
0.023632597,0.9763674,1
0.90175843,0.09824158,0
0.8667494,0.13325058,0
0.26551542,0.7344846,0
0.6648263,0.33517367,0
0.89996934,0.100030616,0
0.4611689,0.53883106,0
0.013616236,0.98638374,1
0.018207684,0.9817923,1
0.018715994,0.98128396,1
0.0155399125,0.98446006,1
0.029254446,0.9707455,1
0.3281063,0.6718937,0
0.5955132,0.40448678,0
0.65135187,0.3486481,0
0.9883022,0.011697888,0
0.94718707,0.052812874,0
0.9310581,0.06894189,0
0.24850845,0.75149155,0
0.013033936,0.98696613,1
0.01627562,0.98372436,1
0.13959734,0.8604027,1
0.7875916,0.21240842,0
0.88120496,0.11879499,0
0.86465067,0.1353494,0
0.83081996,0.16918,0
0.8279117,0.17208834,0
