prob_class_0,prob_class_1,true_label
0.99857235,0.001427612,0
0.9983398,0.001660261,0
0.93821347,0.061786547,1
0.93919206,0.060807977,1
0.99806565,0.0019343854,0
0.9644812,0.035518833,1
0.9971717,0.0028283347,0
0.98220074,0.017799305,1
0.99746096,0.002539027,0
0.78954196,0.210458,1
0.90150356,0.098496415,1
0.99862754,0.0013724498,0
0.9989492,0.0010507386,0
0.9989631,0.001036851,0
0.9989994,0.0010005829,0
0.99907446,0.0009255233,0
0.8143367,0.1856633,1
0.8258709,0.17412914,1
0.8514049,0.14859517,1
0.9990522,0.000947721,0
0.8788984,0.121101625,1
0.8572984,0.14270164,1
0.2964902,0.70350987,1
0.47112742,0.52887255,1
0.6672691,0.33273086,1
0.16392107,0.83607894,1
0.007060535,0.9929395,1
0.013750957,0.986249,1
0.17198423,0.8280158,1
0.5968317,0.40316832,0
0.13885674,0.86114323,1
0.12719442,0.8728056,1
0.19808039,0.80191964,0
0.20395862,0.7960414,0
0.94928205,0.05071797,0
0.3673093,0.63269067,0
0.3395843,0.6604157,0
0.8876669,0.112333186,0
0.18273467,0.8172653,0
0.21671751,0.7832825,0
0.2142571,0.7857429,0
0.23423284,0.76576716,1
0.167989,0.83201104,1
0.9942808,0.0057191895,0
0.98821056,0.011789493,0
0.9935586,0.006441453,0
0.7594723,0.24052767,1
0.73528194,0.26471803,1
0.97570103,0.024298957,0
0.96490943,0.03509061,0
0.9958752,0.0041248947,0
0.9958162,0.004183811,0
0.9976465,0.0023535185,0
0.99114066,0.0088593215,0
0.98565173,0.014348295,0
0.9985453,0.00145477,0
0.99848396,0.0015161018,0
0.0088001555,0.9911999,1
0.0045967516,0.9954033,1
0.004557245,0.99544275,1
0.2833827,0.7166173,0
0.24026397,0.75973606,0
0.9685084,0.03149155,0
0.5704329,0.42956707,0
0.13778156,0.8622185,0
0.016420698,0.98357934,1
0.008833555,0.9911664,1
0.006679338,0.9933207,1
0.21344079,0.78655916,0
0.6906621,0.30933794,0
0.045702264,0.9542977,1
0.013984112,0.98601586,1
0.014938375,0.9850616,1
0.02727675,0.9727233,1
0.08493495,0.91506505,0
0.16044456,0.83955544,0
0.012643799,0.9873562,1
0.09785378,0.90214616,1
0.14363275,0.85636723,1
0.08786474,0.91213524,1
0.74445075,0.2555493,0
0.53501415,0.4649858,0
0.09764305,0.9023569,0
0.11048308,0.88951695,0
0.21797399,0.78202605,0
0.098872066,0.90112793,0
0.09575596,0.90424407,1
0.028415013,0.9715849,1
0.31961504,0.680385,0
0.6909477,0.30905235,0
0.007066629,0.9929334,1
0.0072183018,0.9927817,1
0.01590719,0.98409283,1
0.01602314,0.98397684,1
0.018668253,0.9813317,1
0.99067116,0.009328833,0
0.9963658,0.0036342181,0
0.991504,0.008495929,0
0.7424211,0.2575789,0
0.99546176,0.0045381943,0
0.73359305,0.26640695,0
0.007810296,0.9921897,1
0.22735289,0.7726471,0
0.21383613,0.7861639,0
0.09834146,0.90165854,1
0.9975631,0.0024368824,0
0.99662256,0.0033774904,0
0.76644135,0.23355861,0
0.5984263,0.40157372,0
0.5205828,0.47941718,0
0.08872675,0.91127324,1
0.14499547,0.8550045,1
0.03215561,0.96784437,1
0.073280886,0.9267191,1
0.25873587,0.74126416,0
0.14534461,0.85465544,1
0.99835014,0.00164986,0
0.9985971,0.0014029319,0
0.99814606,0.0018539734,0
0.99541533,0.004584632,0
0.007239245,0.9927608,1
0.0067338427,0.9932661,1
0.004747256,0.9952527,1
0.0043498105,0.99565023,1
0.0043502147,0.99564976,1
0.0043246183,0.9956754,1
0.0042987717,0.99570125,1
0.005154847,0.99484515,1
0.007963758,0.9920363,1
0.13050245,0.86949754,1
0.96170187,0.038298097,0
0.04796784,0.9520322,1
0.04898339,0.95101655,1
0.104027,0.89597297,0
0.012343214,0.98765683,1
0.009520021,0.99048,1
0.11246828,0.8875317,1
0.14431003,0.85569,1
0.6645795,0.33542046,0
0.620531,0.3794689,0
0.04215033,0.9578497,1
0.06817237,0.93182766,1
0.061611935,0.9383881,1
0.13839884,0.86160123,0
0.02479291,0.97520715,1
0.011770569,0.9882294,1
0.07469207,0.925308,1
0.12112563,0.87887436,1
0.673869,0.326131,0
0.07903469,0.9209653,1
0.16063614,0.8393638,0
0.9971,0.0029000263,0
0.9976502,0.0023498558,0
0.99768126,0.0023186852,0
0.99810225,0.0018977824,0
0.9981098,0.0018901881,0
0.9980648,0.001935217,0
0.99858946,0.001410482,0
0.99873894,0.0012610868,0
0.9987495,0.0012504809,0
0.12912428,0.87087566,1
0.99855083,0.001449132,0
0.629989,0.370011,1
0.46392834,0.53607166,1
0.007950986,0.99204904,1
0.14656195,0.853438,1
0.14143677,0.8585633,1
0.7244808,0.27551916,0
0.3315481,0.6684519,0
0.006241922,0.9937581,1
0.006636455,0.9933635,1
0.009072601,0.99092746,1
0.19909155,0.80090845,0
0.025154049,0.97484595,1
0.139117,0.86088294,0
0.14597519,0.85402477,0
0.15038833,0.8496117,0
0.7440332,0.25596678,0
0.19098069,0.8090193,0
0.18132867,0.8186713,0
0.05688183,0.94311816,0
0.007928125,0.9920719,1
0.0073494227,0.99265057,1
0.13912451,0.8608754,0
0.057375286,0.94262475,1
0.1388075,0.8611926,1
0.7265522,0.2734478,0
0.009414742,0.99058527,1
0.008204074,0.99179596,1
0.0050446675,0.99495536,1
0.99038845,0.009611577,0
0.98437226,0.015627716,0
0.99178797,0.008211987,0
0.9982686,0.0017313986,0
0.987352,0.012647943,0
0.992698,0.007302035,0
0.9770646,0.022935385,0
0.994981,0.0050190585,0
0.9975551,0.0024449213,0
0.99164104,0.00835892,0
0.9928179,0.0071821194,0
0.99489295,0.0051070936,0
0.99279153,0.0072084228,0
0.99702376,0.0029762406,0
0.99746895,0.0025311187,0
0.3700475,0.62995243,1
0.9986131,0.0013869004,0
0.99816126,0.0018387334,0
0.8393262,0.16067383,1
0.9987759,0.0012240543,0
0.9987853,0.001214686,0
0.9987299,0.0012701646,0
0.99857914,0.0014208555,0
0.35714018,0.6428598,1
0.63407594,0.3659241,1
0.6547851,0.34521493,1
0.99877113,0.0012288556,0
0.6071223,0.3928777,1
0.21105985,0.78894013,1
0.9987882,0.0012117871,0
0.9989489,0.0010511706,0
0.9989502,0.001049793,0
0.9981476,0.0018523759,0
0.99835795,0.0016419993,0
0.9987835,0.0012164987,0
0.99877566,0.0012243616,0
0.9986947,0.0013052921,0
0.99659026,0.003409806,0
0.99824476,0.0017552042,0
0.01310764,0.9868924,1
0.13214117,0.8678588,1
0.9957677,0.0042322706,0
0.99787223,0.002127712,0
0.99801254,0.0019873995,0
0.9984237,0.0015763066,0
0.9986725,0.001327562,0
0.99876815,0.001231868,0
0.99727976,0.0027201623,0
0.99825114,0.0017488084,0
0.9935709,0.0064290403,0
0.99788135,0.0021186632,0
0.08447989,0.91552013,1
0.10646646,0.8935335,1
0.14438571,0.8556143,1
0.09966867,0.9003314,1
0.04521291,0.954787,1
0.024813628,0.9751864,1
0.99820614,0.0017938697,0
0.9967654,0.0032345806,0
0.99831116,0.001688846,0
0.99873644,0.0012636237,0
0.05438789,0.9456121,1
0.052232087,0.947768,1
0.93201804,0.0679819,0
0.011056837,0.9889432,1
0.008221688,0.9917783,1
0.0053315754,0.9946684,1
0.004338619,0.9956613,1
0.94372857,0.056271434,0
0.9225609,0.0774391,0
0.98684305,0.013156997,0
0.97014165,0.029858366,0
0.95229167,0.04770833,0
0.94764775,0.052352224,0
0.9497884,0.05021166,0
0.95749325,0.04250669,0
0.9641734,0.035826612,0
0.9838485,0.016151462,0
0.98687357,0.013126371,0
0.9673989,0.0326011,0
0.9655347,0.034465313,0
0.998063,0.001936951,0
0.9961404,0.003859554,0
0.9835081,0.01649195,0
0.9767989,0.02320115,0
0.9764108,0.023589155,0
0.9598231,0.040176895,0
0.9305094,0.06949067,0
0.9990231,0.0009769604,0
0.60556215,0.39443788,1
0.5386948,0.46130523,1
0.9984444,0.0015556442,0
0.9863311,0.01366889,0
0.998825,0.0011749627,0
0.9571367,0.04286337,0
0.95940846,0.04059157,0
0.9569406,0.04305949,0
0.96455795,0.035442114,0
0.97224164,0.027758395,0
0.9396908,0.060309183,0
0.6578767,0.34212327,1
0.18961516,0.81038487,1
0.9368922,0.06310772,0
0.7873803,0.21261974,0
0.8654088,0.13459128,0
0.8787724,0.12122761,0
0.94280314,0.05719688,0
0.87192917,0.12807089,0
0.2088354,0.79116464,1
0.24300385,0.75699615,1
0.82976574,0.17023423,0
0.7549571,0.24504296,1
0.74489677,0.25510323,1
0.13621391,0.86378604,1
0.9969022,0.003097816,0
0.99767524,0.0023248065,0
0.14942324,0.8505768,1
0.015211404,0.98478854,1
0.10708578,0.89291424,1
0.16428429,0.8357158,1
0.9399003,0.060099684,0
0.9967468,0.0032531915,0
0.86494255,0.13505743,0
0.8250022,0.17499784,0
0.9925249,0.0074751563,0
0.03925278,0.96074724,1
0.012649963,0.98735005,1
0.99691975,0.0030802756,0
0.998725,0.0012750098,0
0.99876714,0.0012328934,0
0.9981036,0.0018963225,0
0.9983078,0.001692139,0
0.98233354,0.017666444,0
0.9450796,0.054920387,0
0.4695826,0.5304174,1
0.12974383,0.8702562,1
0.008380897,0.9916191,1
0.0112641025,0.98873585,1
0.010886835,0.9891131,1
0.0061402884,0.99385965,1
0.0044340473,0.99556595,1
0.98163635,0.018363593,0
0.9802249,0.019775042,0
0.96201223,0.0379878,0
0.8718841,0.12811589,0
0.6517916,0.3482084,0
0.9916933,0.008306708,0
0.03901871,0.96098125,1
0.05283712,0.9471629,1
0.009401401,0.9905986,1
0.05663168,0.94336826,1
0.36344904,0.636551,0
0.015517637,0.9844824,1
0.023709234,0.9762908,1
0.012638473,0.98736155,1
0.041837048,0.9581629,1
0.016050791,0.98394924,1
0.005290912,0.99470913,1
0.009001162,0.99099886,1
0.13432331,0.8656767,0
0.4445863,0.55541366,0
0.62313265,0.37686732,0
0.07357888,0.9264211,0
0.07043995,0.92956,0
0.07270084,0.9272992,0
0.096155606,0.9038444,0
0.09739021,0.90260977,0
0.006496469,0.9935035,1
0.005242451,0.99475753,1
0.15315965,0.8468403,0
0.030790811,0.96920913,0
0.9991109,0.0008890569,0
0.64958954,0.35041043,0
0.16704227,0.8329577,0
0.20261955,0.79738045,0
0.5075022,0.4924979,0
0.5023744,0.49762562,0
0.38459474,0.6154053,0
0.063716166,0.9362838,1
0.13404182,0.8659582,1
0.04036805,0.9596319,1
0.75146025,0.24853969,0
0.31905186,0.68094814,0
0.6640354,0.33596465,0
0.66568106,0.33431888,0
0.7979599,0.20204008,0
0.7860764,0.21392356,0
0.7065986,0.29340145,0
0.66430837,0.3356916,0
0.74043095,0.25956902,0
0.76042193,0.23957805,0
0.3546997,0.64530027,0
0.14401254,0.8559875,1
0.95063287,0.049367096,0
0.94081134,0.05918862,0
0.8404778,0.15952224,0
0.9937342,0.0062657977,0
0.39460206,0.605398,1
0.96223813,0.037761938,0
0.9386248,0.061375204,0
0.03418401,0.96581596,1
0.05108247,0.9489175,1
0.14244066,0.8575594,0
0.11784212,0.8821579,0
0.007206925,0.9927931,1
0.004407581,0.9955924,1
0.08171122,0.9182887,1
0.16298133,0.83701867,1
0.15396778,0.8460322,1
0.6793389,0.32066116,0
0.24782114,0.7521788,0
0.18635456,0.8136454,1
0.344415,0.655585,0
0.19724311,0.8027569,0
0.700544,0.29945603,0
0.9578069,0.042193055,0
0.998774,0.0012260159,0
0.99887425,0.0011257533,0
0.9805162,0.019483853,0
0.9986204,0.0013795844,0
0.9988715,0.0011284513,0
0.7254523,0.27454776,1
0.9991062,0.000893692,0
0.9990709,0.00092904316,0
0.9990426,0.00095739786,0
0.99902666,0.00097335415,0
0.78982884,0.21017116,1
0.7746821,0.2253179,1
0.7956863,0.2043137,1
0.80718756,0.19281247,1
0.99886143,0.0011386111,0
0.99909186,0.0009081063,0
0.9991222,0.0008778078,0
0.9991241,0.0008758406,0
0.7926799,0.20732005,0
0.8281329,0.17186712,0
0.99902856,0.0009714137,0
0.9313989,0.06860108,1
0.9812976,0.018702341,1
0.8694166,0.13058335,0
0.99903226,0.0009678063,0
0.99902475,0.0009752352,0
0.82798743,0.17201254,0
0.12612352,0.8738765,1
0.17735203,0.822648,1
0.038392678,0.9616073,1
0.250676,0.7493239,1
0.369381,0.630619,1
0.9970757,0.0029243242,0
0.086107135,0.91389287,1
0.106678985,0.89332104,1
0.09847317,0.9015268,1
0.11018897,0.88981104,1
0.080826655,0.9191734,1
0.99846125,0.0015387125,0
0.99601823,0.0039818124,0
0.9983286,0.0016713971,0
0.99827385,0.0017261541,0
0.14860632,0.85139364,1
0.14870559,0.8512944,1
0.07703054,0.92296946,1
0.96687216,0.033127856,0
0.97313064,0.026869312,0
0.8513287,0.14867137,0
0.9013968,0.09860318,0
0.6786883,0.3213117,1
0.5599352,0.44006473,1
0.9028577,0.09714235,0
0.32486835,0.6751317,1
0.025656745,0.97434324,1
0.17098005,0.82902,1
0.31098118,0.68901885,1
0.2127364,0.78726363,1
0.13564605,0.86435395,1
0.21092083,0.7890792,1
0.12665294,0.8733471,1
0.17326553,0.8267344,0
0.044163134,0.9558369,1
0.18796247,0.8120376,1
0.103631765,0.8963682,1
0.19879028,0.8012097,0
0.20705675,0.7929433,0
0.1671187,0.8328813,0
0.63861763,0.3613824,0
0.31442323,0.6855768,1
0.7918268,0.20817329,0
0.8754539,0.1245461,0
0.72497576,0.2750243,0
0.68091774,0.31908232,0
0.83108515,0.16891481,0
0.6329688,0.36703122,0
0.690476,0.309524,0
0.12725608,0.87274384,1
0.7366657,0.26333424,0
0.05425774,0.94574225,1
0.007648823,0.9923511,1
0.124403775,0.8755963,1
0.027038539,0.9729614,1
0.013119462,0.98688054,1
0.1339357,0.8660643,1
0.9218802,0.07811987,0
0.7153971,0.28460285,0
0.92489,0.075110026,0
0.8696455,0.13035451,0
0.8710244,0.12897554,0
0.058525816,0.94147414,1
0.09651392,0.9034861,1
0.10475079,0.89524925,1
0.10321686,0.8967831,1
0.108843006,0.89115703,1
0.97912884,0.020871185,0
0.98178643,0.018213578,0
0.9795069,0.020493051,0
0.87223965,0.12776035,0
0.98188895,0.018111102,0
0.9535697,0.04643035,0
0.98019516,0.019804895,0
0.03340032,0.96659964,1
0.1407893,0.85921067,1
0.013866817,0.98613316,1
0.004355375,0.9956447,1
0.016470762,0.9835292,1
0.9648891,0.035110883,0
0.8243684,0.17563157,0
0.7476981,0.25230187,0
0.6544579,0.34554207,0
0.58818734,0.41181263,0
0.37589595,0.624104,0
0.38993517,0.61006486,0
0.13563806,0.864362,1
0.52812105,0.47187895,1
0.11129878,0.8887012,1
0.6132329,0.3867671,1
0.14790435,0.85209566,1
0.013530418,0.9864696,1
0.038962122,0.9610378,1
0.54226804,0.4577319,0
0.5565053,0.4434947,0
0.5042779,0.49572214,0
0.2398019,0.7601981,0
0.043037184,0.9569628,1
0.15668777,0.8433122,1
0.18063928,0.8193607,1
0.13351814,0.86648184,1
0.6041924,0.39580765,0
0.21547249,0.78452754,0
0.16318251,0.83681744,1
0.0115303565,0.98846966,1
0.007607911,0.9923921,1
0.023290575,0.9767095,1
0.11258049,0.8874195,1
0.0148858065,0.9851142,1
0.116183095,0.88381684,0
0.24933398,0.750666,0
0.20671949,0.7932805,0
0.9988005,0.0011994907,0
0.99905664,0.00094338105,0
0.99901426,0.0009857005,0
0.9987413,0.0012587378,0
0.9988482,0.0011517779,0
0.9989064,0.0010935742,0
0.9989015,0.0010984872,0
0.9989681,0.0010318422,0
0.9987495,0.0012504499,0
0.99903226,0.00096775603,0
0.9990246,0.0009753606,0
0.9974884,0.0025115686,0
0.99542266,0.0045772865,0
0.9956032,0.004396866,0
0.99871504,0.0012849425,0
0.99898785,0.0010121216,0
0.9989919,0.0010080654,0
0.999015,0.0009850548,0
0.998701,0.0012989992,0
0.9985183,0.0014816744,0
0.9982828,0.0017172021,0
0.9987196,0.0012804643,0
0.9987921,0.0012078742,0
0.99866605,0.0013340128,0
0.9899275,0.01007248,0
0.0075358097,0.9924642,1
0.004273866,0.9957261,1
0.004386937,0.9956131,1
0.09036404,0.90963596,1
0.08997288,0.9100271,1
0.15089901,0.84910095,1
0.5640179,0.43598208,0
0.45706168,0.54293835,0
0.21354136,0.7864587,1
0.0057686665,0.99423134,1
0.005347332,0.9946526,1
0.12674996,0.87325,1
0.61744905,0.38255095,0
0.13081679,0.8691832,1
0.14373253,0.85626745,1
0.23294748,0.7670525,0
0.6634615,0.33653855,0
0.676123,0.32387695,0
0.053577263,0.9464228,1
0.05657564,0.9434244,1
0.019361747,0.98063827,1
0.19731174,0.8026883,0
0.49080122,0.5091988,0
0.95954937,0.040450588,0
0.32762048,0.67237955,0
0.99871457,0.0012854862,0
0.9646316,0.035368428,0
0.109521024,0.890479,1
0.998681,0.001319026,0
0.1868432,0.81315684,1
0.96237487,0.037625175,0
0.97589034,0.024109658,0
0.9977469,0.002253115,0
0.9970638,0.0029361295,0
0.93403995,0.06596001,0
0.2800285,0.7199715,1
0.9965078,0.0034921449,0
0.123632066,0.8763679,1
0.99877423,0.0012257892,0
0.99905056,0.0009494324,0
0.23706093,0.76293904,1
0.14216277,0.8578372,1
0.3544586,0.6455414,1
0.17610656,0.8238934,1
0.09701547,0.90298456,1
0.005823487,0.9941765,1
0.004931544,0.99506843,1
0.04702137,0.9529787,1
0.16616593,0.8338341,1
0.7361211,0.26387894,0
0.99843556,0.0015644947,0
0.9273041,0.07269591,0
0.09041308,0.9095869,0
0.088284835,0.91171515,1
0.08571686,0.9142831,1
0.7974861,0.20251392,0
0.15342306,0.8465769,1
0.0059347814,0.99406517,1
0.119935155,0.88006485,1
0.87882113,0.121178836,0
0.99593854,0.0040615145,0
0.13051268,0.8694873,0
0.96539724,0.034602754,0
0.9904942,0.009505856,0
0.9945109,0.0054890974,0
0.9906675,0.009332523,0
0.06816409,0.93183595,1
0.07355925,0.9264408,1
0.108309254,0.89169073,1
0.1348487,0.8651513,1
0.9957314,0.004268557,0
0.8962366,0.103763394,0
0.7558671,0.2441329,0
0.74468315,0.25531682,0
0.6512913,0.3487087,1
0.49262878,0.50737125,1
0.1395647,0.86043525,1
0.0383233,0.9616767,1
0.052429803,0.9475702,1
0.007946602,0.9920534,1
0.010784482,0.98921555,1
0.02000081,0.9799992,1
0.08114143,0.9188585,1
0.8424344,0.15756555,0
0.74550116,0.2544988,0
0.034804594,0.9651954,1
0.08913783,0.9108622,1
0.06126207,0.9387379,1
0.05817436,0.9418256,1
0.0894094,0.9105906,1
0.9991105,0.0008894526,0
0.9990952,0.0009048234,0
0.9991035,0.0008964454,0
0.08693288,0.91306716,1
0.041960858,0.95803916,1
0.108597405,0.89140254,1
0.08006986,0.9199301,1
0.15308529,0.8469147,1
0.1306985,0.8693015,1
0.05380557,0.94619447,1
0.028775044,0.97122496,1
0.14737175,0.8526282,1
0.7276186,0.27238142,0
0.99910825,0.0008917123,0
0.9990075,0.0009925072,0
0.99903345,0.00096655585,0
0.99904174,0.00095826073,0
0.9990798,0.0009202067,0
0.9990796,0.00092041533,0
0.99906594,0.00093403744,0
0.99905926,0.0009407547,0
0.9989839,0.00101609,0
0.99903333,0.0009666488,0
0.99897635,0.0010236357,0
0.999065,0.00093500403,0
0.99885476,0.0011452187,0
0.9989317,0.0010682894,0
0.9989813,0.0010186464,0
0.99889,0.0011100163,0
0.9988908,0.0011092119,0
0.9990089,0.0009910369,0
0.9960508,0.00394919,0
0.754589,0.24541096,1
0.99896085,0.0010391814,0
0.13304463,0.86695534,1
0.9980457,0.0019542582,0
0.99828607,0.0017139096,0
0.9979231,0.0020770067,0
0.21992064,0.7800794,1
0.97093415,0.029065885,0
0.10007951,0.8999205,1
0.99263906,0.0073609673,0
0.9694474,0.030552624,0
0.96952057,0.030479489,0
0.004536799,0.9954632,1
0.010263316,0.9897367,1
0.998418,0.0015819706,0
0.99877876,0.0012212925,0
0.9987545,0.0012454867,0
0.9959001,0.004099922,0
0.9983272,0.0016727756,0
0.9987122,0.0012878765,0
0.9988022,0.0011978198,0
0.9986848,0.0013151835,0
0.9971712,0.0028288378,0
0.99904567,0.00095430424,0
0.99880624,0.0011938189,0
0.9986999,0.001300122,0
0.9648005,0.035199523,1
0.7623872,0.23761281,1
0.99894816,0.0010518208,0
0.9989936,0.00100646,0
0.99897254,0.0010275113,0
0.99899775,0.0010022407,0
0.9680172,0.031982724,1
0.998938,0.0010620226,0
0.9991093,0.0008906539,0
0.99910504,0.00089492975,0
0.9990336,0.00096642,0
0.31733674,0.6826632,1
0.59023726,0.40976268,1
0.9990821,0.0009179041,0
0.1846876,0.8153124,1
0.99909496,0.0009050679,0
0.99910456,0.0008953553,0
0.999071,0.0009289719,0
0.9990094,0.0009905918,0
0.51268667,0.4873133,1
0.22312027,0.7768797,1
0.4154035,0.5845965,1
0.39708793,0.60291207,1
0.05869523,0.9413048,1
0.9342104,0.06578962,0
0.97360194,0.026398065,0
0.99905974,0.00094023894,0
0.9986951,0.0013049957,0
0.6122635,0.38773653,1
0.17979094,0.8202091,1
0.17629,0.82370996,1
0.09752823,0.9024718,1
0.085818805,0.9141812,1
0.9987895,0.0012105631,0
0.99876803,0.0012318838,0
0.35611448,0.6438855,1
0.9987412,0.0012587616,0
0.1477803,0.8522197,1
0.081320405,0.91867954,1
0.024526674,0.9754733,1
0.9979352,0.0020648935,0
0.9982942,0.0017058792,0
0.99849224,0.0015077493,0
0.9739639,0.026036117,0
0.981687,0.018312981,0
0.95443606,0.045563947,0
0.94910365,0.05089633,0
0.997311,0.00268898,0
0.9699921,0.030007951,1
0.14278214,0.85721785,1
0.9578941,0.042105917,0
0.9514151,0.048584875,0
0.5569001,0.44309998,1
0.44655916,0.55344087,1
0.9734428,0.026557256,0
0.39255863,0.60744137,1
0.9780366,0.021963455,0
0.99877244,0.00122757,0
0.9712433,0.028756734,0
0.9302863,0.069713704,0
0.5396529,0.4603471,1
0.9576678,0.0423322,0
0.77985775,0.22014222,1
0.21825285,0.78174716,1
0.79703224,0.20296772,1
0.9989687,0.0010312579,0
0.9989812,0.0010187668,0
0.9989467,0.0010532726,0
0.9989046,0.0010953748,0
0.9989624,0.0010375684,0
0.9991072,0.00089277077,0
0.9990778,0.00092213444,0
0.15335526,0.84664476,1
0.9989366,0.0010633994,0
0.9989741,0.0010258758,0
0.9036683,0.09633168,0
0.9990276,0.00097235077,0
0.22540371,0.7745963,1
0.7877435,0.21225646,0
0.99905175,0.0009482002,0
0.99903405,0.0009660081,0
0.99906653,0.0009334632,0
0.842426,0.15757394,0
0.8514804,0.14851956,0
0.99896336,0.001036693,0
0.8818833,0.11811666,1
0.998892,0.0011080413,0
0.9221413,0.07785867,1
0.90960336,0.09039663,1
0.94965637,0.050343685,1
0.8108414,0.18915863,1
0.9987453,0.0012546614,0
0.9989735,0.0010264791,0
0.9989876,0.0010123675,0
0.9989838,0.0010162165,0
0.9989624,0.0010375461,0
0.9987488,0.0012512614,0
0.99892753,0.0010724519,0
0.9982432,0.0017567755,0
0.99778384,0.0022161948,0
0.99751806,0.0024819982,0
0.99867225,0.0013277504,0
0.97607803,0.023921901,1
0.9975957,0.0024042847,0
0.9986406,0.0013593833,0
0.9976412,0.002358828,0
0.99884963,0.0011503762,0
0.9983902,0.0016097724,0
0.9983437,0.0016562679,0
0.9986725,0.0013274823,0
0.99724495,0.0027551046,1
0.99086374,0.009136237,1
0.9609489,0.039051082,1
0.9606192,0.03938086,0
0.95843494,0.041564994,1
0.95292085,0.047079116,1
0.96428096,0.035719063,1
0.9758691,0.024130844,1
0.9686942,0.0313058,1
0.9760886,0.02391135,0
0.88547057,0.11452941,1
0.7645157,0.2354843,1
0.23147918,0.76852083,1
0.46707377,0.53292626,1
0.50277805,0.49722204,1
0.3308437,0.6691563,1
0.37352532,0.6264747,1
0.52704996,0.47295004,1
0.5610992,0.4389008,1
0.9982072,0.0017927496,0
0.9412278,0.05877226,0
0.95777684,0.04222319,0
0.95591575,0.044084273,0
0.9987966,0.0012034,0
0.9989635,0.001036488,0
0.17361015,0.82638985,1
0.17465279,0.82534724,1
0.18293771,0.8170623,1
0.12954177,0.87045825,1
0.7767455,0.22325452,0
0.96024793,0.039752074,0
0.8376528,0.16234718,0
0.19521508,0.8047849,1
0.15483934,0.8451606,1
0.14694604,0.8530539,1
0.18947348,0.8105265,1
0.4321241,0.567876,0
0.3204706,0.67952937,1
0.7283369,0.27166316,0
0.7524893,0.24751063,0
0.010726202,0.9892737,1
0.28877354,0.71122646,0
0.7967651,0.20323496,0
0.0076480266,0.99235195,1
0.13852003,0.86148,1
0.14330496,0.85669506,1
0.71684057,0.28315946,0
0.55706865,0.44293135,0
0.15440464,0.84559536,0
0.7617426,0.23825744,0
0.17550206,0.82449794,0
0.8438753,0.15612468,0
0.9989894,0.0010106417,0
0.28616455,0.7138354,0
0.041392326,0.9586077,1
0.27968973,0.7203103,0
0.44586548,0.5541345,0
0.78827196,0.21172804,0
0.7732356,0.22676441,0
0.06591137,0.9340886,1
0.07959524,0.9204048,1
0.06272268,0.9372774,1
0.08746651,0.91253346,1
0.118423656,0.88157636,0
0.11376576,0.8862343,0
0.0841005,0.9158995,0
0.01902739,0.98097265,1
0.020320417,0.9796795,1
0.059744477,0.9402555,1
0.57439387,0.42560616,0
0.834219,0.16578108,0
0.9982998,0.0017003025,0
0.99825686,0.0017431239,0
0.99818796,0.001811985,0
0.080295466,0.9197045,1
0.481719,0.51828104,0
0.5592182,0.44078183,0
0.9582944,0.041705623,0
0.9816507,0.018349221,0
0.90302193,0.096978,0
0.9845694,0.015430623,0
0.22871408,0.7712859,1
0.033522993,0.96647704,1
0.06350578,0.93649423,1
0.22592063,0.7740793,1
0.21442232,0.7855777,1
0.98326623,0.01673381,0
0.9977483,0.0022516553,0
0.3963239,0.6036761,1
0.99902856,0.000971466,0
0.99895465,0.0010452752,0
0.9987583,0.0012417117,0
0.29489765,0.7051023,1
0.99898094,0.0010190692,0
0.16986531,0.8301347,1
0.1619035,0.83809656,1
0.8746583,0.12534174,0
0.80697227,0.19302778,0
0.9990839,0.0009161588,0
0.9990115,0.0009884932,0
0.99905735,0.0009426515,0
0.6514237,0.34857634,1
0.9987882,0.0012118102,0
0.9982809,0.0017191243,0
0.99905425,0.00094573526,0
0.9714154,0.028584607,0
0.8978475,0.10215253,0
0.99887437,0.001125666,0
0.92416036,0.0758397,1
0.9408913,0.059108697,1
0.99906915,0.0009308969,0
0.999067,0.00093295815,0
0.999073,0.00092693884,0
0.99906176,0.00093829,0
0.9990275,0.00097247993,0
0.9990434,0.00095660286,0
0.9990369,0.00096309994,0
0.99903274,0.0009672601,0
0.98029536,0.019704686,1
0.99862456,0.0013754666,0
0.98212355,0.017876454,0
0.9771942,0.022805851,0
0.99547344,0.004526493,0
0.9990433,0.0009567154,0
0.99866223,0.0013377756,0
0.9850974,0.014902626,1
0.09376942,0.9062306,1
0.12749666,0.8725033,1
0.9660352,0.03396479,0
0.99866676,0.0013332099,0
0.09409825,0.9059018,1
0.021781018,0.978219,1
0.017837517,0.98216254,1
0.9756225,0.024377514,0
0.99775934,0.0022406294,0
0.9966551,0.0033448231,0
0.0045594405,0.9954405,1
0.004460549,0.9955395,1
0.004371355,0.9956286,1
0.9451552,0.05484477,0
0.7394458,0.2605542,0
0.7155629,0.2844371,0
0.5490234,0.4509766,0
0.57274324,0.42725676,0
0.37636033,0.62363964,0
0.4107197,0.5892803,0
0.10594298,0.89405704,1
0.23009728,0.76990277,0
0.16139622,0.8386038,1
0.28847352,0.71152645,1
0.8514701,0.1485299,0
0.9977283,0.0022717752,0
0.99801433,0.0019856887,0
0.20417348,0.7958265,1
0.35566577,0.64433426,1
0.99911684,0.00088316447,0
0.8207771,0.17922291,0
0.0927354,0.90726453,1
0.057106726,0.9428932,1
0.12136282,0.87863725,1
0.08562442,0.9143756,1
0.14403997,0.8559601,0
0.14446871,0.85553133,0
0.18100008,0.8189999,0
0.70757043,0.29242957,0
0.7101901,0.28980985,0
0.73395956,0.26604044,0
0.6987757,0.3012243,0
0.7020674,0.29793262,0
0.6939482,0.30605176,0
0.229439,0.770561,0
0.30661893,0.69338113,0
0.64567804,0.3543219,0
0.79996824,0.20003173,0
0.99902606,0.0009739705,0
0.6500685,0.34993148,1
0.9991246,0.0008754594,0
0.99890316,0.0010967754,0
0.99885535,0.0011447057,0
0.17278135,0.8272186,1
0.8264573,0.17354266,0
0.99900013,0.0009998622,0
0.9989932,0.0010068269,0
0.9989802,0.0010197315,0
0.9513351,0.048664983,0
0.99874794,0.0012520518,0
0.99777526,0.0022247436,0
0.10842886,0.8915711,1
0.99900454,0.0009955069,0
0.71722,0.28277996,1
0.998456,0.0015439542,0
0.8088976,0.19110239,1
0.10191868,0.89808124,1
0.3989787,0.6010213,1
0.5377643,0.4622357,1
0.42593375,0.5740662,1
0.6510252,0.34897485,1
0.90936613,0.09063385,0
0.787377,0.21262303,0
0.99877936,0.0012206924,0
0.99868375,0.0013162148,0
0.99856514,0.0014348597,0
0.6601252,0.33987483,1
0.64884055,0.35115945,1
0.6982345,0.3017655,1
0.80101615,0.19898383,1
0.8381899,0.1618101,1
0.2864667,0.7135333,1
0.9981664,0.001833662,0
0.9989981,0.0010019462,0
0.9988913,0.0011087207,0
0.9989754,0.0010246383,0
0.9989511,0.0010488848,0
0.998966,0.0010340313,0
0.99897027,0.0010296985,0
0.9991041,0.00089589553,0
0.6701709,0.32982916,1
0.9990765,0.0009234929,0
0.99906975,0.0009303139,0
0.999064,0.0009359827,0
0.99907625,0.0009237411,0
0.99908435,0.0009156155,0
0.9990804,0.00091954006,0
0.9990447,0.00095526717,0
0.99894315,0.0010568424,0
0.9990472,0.0009528207,0
0.99902546,0.0009745609,0
0.99912125,0.0008787282,0
0.60206705,0.39793295,1
0.74515504,0.254845,1
0.17406721,0.8259328,1
0.005458418,0.9945416,1
0.37713403,0.622866,1
0.8704477,0.12955227,0
0.92612755,0.07387243,0
0.8605101,0.13948989,0
0.15930822,0.8406918,1
0.011750463,0.98824954,1
0.15663695,0.8433631,1
0.15210713,0.8478929,1
0.14161418,0.8583858,1
0.01204422,0.98795575,1
0.7814546,0.21854539,0
0.5365721,0.46342793,0
0.35884604,0.64115393,0
0.0682257,0.93177426,0
0.044812437,0.95518756,1
0.016818605,0.9831814,1
0.12045998,0.87954,0
0.10562077,0.8943792,0
0.10336848,0.8966315,1
0.46560654,0.5343934,0
0.9984078,0.0015922536,0
0.76083064,0.23916936,0
0.00935517,0.9906448,1
0.004270547,0.9957294,1
0.13711461,0.8628854,1
0.78391445,0.21608555,0
0.39335987,0.6066401,0
0.36456212,0.63543785,0
0.7107703,0.28922966,0
0.73414963,0.26585042,0
0.19785625,0.8021438,1
0.15099491,0.84900516,1
0.1601743,0.83982575,1
0.13804914,0.8619508,1
0.13688959,0.8631104,1
0.9606557,0.039344344,0
0.19999537,0.80000466,0
0.027336651,0.9726634,1
0.1374694,0.86253065,1
0.60370797,0.396292,0
0.6020652,0.3979348,0
0.4949072,0.50509286,0
0.4093569,0.59064317,0
0.21758047,0.78241956,0
0.23617566,0.7638244,0
0.24326499,0.7567351,1
0.69318396,0.30681604,0
0.72515297,0.27484703,0
0.66907483,0.33092514,0
0.86394465,0.13605535,0
0.33369115,0.6663088,1
0.15440252,0.8455975,1
0.2619892,0.7380108,1
0.7268642,0.2731357,0
0.67672366,0.3232764,0
0.17498559,0.8250144,1
0.17895854,0.8210414,1
0.6550494,0.34495065,0
0.35516813,0.64483184,0
0.20432118,0.79567885,1
0.7636363,0.2363637,0
0.7518914,0.24810857,0
0.13761841,0.8623816,1
0.15137418,0.84862584,1
0.18587008,0.8141299,1
0.98036444,0.019635558,0
0.9951721,0.0048279255,0
0.8602601,0.13973984,1
0.98925775,0.010742301,0
0.9725644,0.027435634,0
0.9878057,0.012194242,0
0.7886453,0.2113547,1
0.0723931,0.9276069,1
0.9943949,0.005605107,0
0.99734855,0.0026514803,0
0.99765944,0.0023405366,0
0.99746037,0.002539631,0
0.08846593,0.911534,1
0.45005384,0.5499461,1
0.5558165,0.4441836,1
0.99835455,0.0016454645,0
0.99832004,0.0016799162,0
0.9986493,0.0013507407,0
0.9983543,0.0016456877,0
0.9977847,0.0022153473,0
0.99580103,0.0041989507,0
0.042641144,0.95735884,1
0.020281933,0.9797181,1
0.18320797,0.8167921,1
0.004269497,0.99573046,1
0.021722596,0.9782774,1
0.8124002,0.18759978,0
0.98271334,0.017286643,0
0.9050163,0.09498365,0
0.2574421,0.74255794,1
0.95561117,0.044388868,0
0.7973566,0.2026433,0
0.81274855,0.1872514,0
0.7423446,0.25765535,0
0.9440152,0.05598472,0
0.7886304,0.2113696,0
0.802168,0.19783199,0
0.18239608,0.8176039,1
0.54805446,0.45194554,1
0.69559795,0.30440205,0
0.17598042,0.82401955,1
0.9561876,0.043812387,0
0.805703,0.19429705,0
0.96786267,0.03213729,0
0.82855296,0.17144702,0
0.2583562,0.74164385,1
0.25553903,0.744461,1
0.20898901,0.791011,1
0.19502632,0.80497366,1
0.66268283,0.33731714,0
0.17547451,0.8245254,1
0.67114943,0.32885063,0
0.183007,0.816993,1
0.12469406,0.8753059,1
0.14243273,0.85756725,1
0.16898212,0.8310178,1
0.43735373,0.56264627,1
0.678736,0.32126403,0
0.5587841,0.4412159,1
0.14476864,0.8552314,1
0.3306831,0.6693169,0
0.6756702,0.32432973,0
0.062004145,0.9379959,1
0.25928807,0.7407119,0
0.25744247,0.74255747,0
0.18114527,0.8188547,1
0.22526443,0.7747356,0
0.25988394,0.740116,0
0.07680044,0.92319953,1
0.7457601,0.25423992,0
0.15091039,0.8490896,0
0.23780005,0.76219994,0
0.26733086,0.7326691,0
0.23990993,0.76009005,0
0.28424543,0.7157545,0
0.72384703,0.27615297,0
0.8368811,0.16311899,0
0.95938814,0.040611826,0
0.90583605,0.09416393,0
0.8715198,0.1284802,0
0.75072604,0.24927396,0
0.09285208,0.9071479,1
0.17391038,0.8260896,1
0.5573826,0.44261742,0
0.5918564,0.40814355,0
0.19825241,0.80174756,1
0.098100156,0.9018998,1
0.15419532,0.8458047,1
0.3239223,0.6760777,1
0.99614894,0.003851035,0
0.9962289,0.0037710937,0
0.9974414,0.0025586246,0
0.9960102,0.0039898464,0
0.80745906,0.19254094,0
0.719238,0.28076196,0
0.13139035,0.86860967,1
0.029314525,0.97068554,1
0.013483909,0.9865161,1
0.012708078,0.98729193,1
0.0058824653,0.9941175,1
0.0052245995,0.9947754,1
0.0075207674,0.9924792,1
0.021977477,0.9780226,1
0.9649555,0.03504455,0
0.19644529,0.8035547,1
0.9733088,0.026691228,0
0.7435293,0.2564707,0
0.39846957,0.60153043,0
0.28858885,0.7114111,1
0.23279762,0.76720244,1
0.27942002,0.72058004,1
0.25779513,0.74220496,1
0.2218242,0.77817583,1
0.80977076,0.19022924,0
0.98768276,0.012317286,0
0.9861259,0.013874155,0
0.9985202,0.0014798541,0
0.9953034,0.0046966583,0
0.9554334,0.044566628,0
0.9972247,0.0027753343,0
0.96931756,0.03068241,0
0.9664727,0.033527322,0
0.9636053,0.036394704,0
0.9675423,0.03245776,0
0.9778425,0.022157513,0
0.97335434,0.026645655,1
0.7547828,0.24521714,1
0.75879055,0.24120943,1
0.9988549,0.0011451665,0
0.9987883,0.0012117531,0
0.9988238,0.0011761294,0
0.9532626,0.046737384,0
0.99875164,0.0012482972,0
0.83001715,0.16998284,0
0.85198146,0.14801851,0
0.85609293,0.1439071,0
0.86223197,0.13776802,0
0.9990497,0.00095026224,0
0.999049,0.0009510136,0
0.9344197,0.06558034,1
0.99894613,0.0010539287,0
0.6932948,0.30670524,1
0.7125426,0.28745738,1
0.8483474,0.15165257,1
0.76969844,0.23030154,1
0.15488695,0.84511304,1
0.8868133,0.11318671,0
0.12554573,0.87445426,1
0.9178253,0.082174756,0
0.9358825,0.06411749,0
0.8887759,0.111224085,0
0.7558487,0.24415126,1
0.9543638,0.045636155,0
0.2115182,0.7884818,1
0.17279817,0.8272018,1
0.15337966,0.8466203,1
0.16792212,0.83207786,1
0.9710074,0.028992575,1
0.053759325,0.94624066,1
0.12558872,0.8744113,1
0.99211615,0.007883831,0
0.56018144,0.43981853,1
0.7692146,0.23078544,1
0.9900181,0.009981845,0
0.9793712,0.02062878,0
0.73827237,0.26172766,0
0.728318,0.271682,0
0.12829353,0.87170655,1
0.103304334,0.8966957,1
0.21662942,0.7833706,1
0.99872977,0.0012702582,0
0.99878746,0.0012125908,0
0.9984719,0.001528115,0
0.6737058,0.32629424,0
0.01905629,0.98094374,1
0.012372517,0.9876275,1
0.010784914,0.9892151,1
0.9424314,0.057568632,0
0.006363839,0.99363613,1
0.97630024,0.023699787,0
0.4159427,0.5840573,1
0.92220885,0.07779114,0
0.9502798,0.049720228,0
0.8545631,0.14543687,0
0.95115364,0.048846394,0
0.8907832,0.10921681,0
0.93224984,0.06775015,0
0.21523394,0.7847661,1
0.21354242,0.78645754,1
0.96449804,0.03550192,0
0.9899531,0.010046913,0
0.9827103,0.01728969,0
0.22867246,0.77132756,1
0.9542848,0.045715168,0
0.9746064,0.025393551,0
0.974098,0.025901925,0
0.9753062,0.024693726,0
0.9923678,0.0076321703,0
0.31038117,0.6896189,1
0.74562526,0.25437474,1
0.99791104,0.0020889582,0
0.9981816,0.0018183906,0
0.68164366,0.3183564,1
0.86137235,0.13862766,0
0.12365334,0.8763467,1
0.18465924,0.81534076,1
0.18363775,0.81636226,1
0.9115888,0.08841117,0
0.9254011,0.074598975,0
0.9932643,0.0067356583,0
0.8704908,0.12950921,0
0.7547539,0.2452461,0
0.8565186,0.14348136,0
0.8949242,0.105075784,0
0.90535504,0.09464497,0
0.88061833,0.11938164,0
0.9031538,0.09684617,0
0.98343104,0.016568918,0
0.8121859,0.18781418,1
0.98627394,0.01372607,0
0.6953338,0.30466622,1
0.38515148,0.6148486,1
0.01335653,0.9866435,1
0.22833432,0.7716657,1
0.14245105,0.85754895,1
0.055660456,0.9443396,1
0.34585086,0.65414923,1
0.78085464,0.21914536,0
0.9889563,0.011043756,0
0.47988942,0.5201106,0
0.285853,0.71414703,0
0.09629421,0.9037058,1
0.07428129,0.92571867,1
0.99668664,0.003313383,0
0.9936103,0.006389604,0
0.9888276,0.011172451,0
0.99857354,0.0014263949,0
0.9989588,0.0010411439,0
0.99864954,0.0013504312,0
0.9907074,0.0092926305,0
0.9733629,0.026637116,0
0.97352254,0.026477505,0
0.97172576,0.028274314,0
0.9683963,0.03160373,0
0.4182751,0.5817249,1
0.40051737,0.59948266,1
0.5953234,0.4046766,1
0.2600797,0.73992026,1
0.08069496,0.919305,1
0.10703418,0.8929658,1
0.1404045,0.85959554,1
0.44454196,0.55545807,1
0.12314288,0.8768571,1
0.7967718,0.20322819,0
0.88658667,0.11341341,0
0.7474837,0.25251633,0
0.73253757,0.2674624,0
0.9616763,0.038323715,0
0.25890085,0.7410992,1
0.24710403,0.75289595,1
0.9387849,0.06121512,0
0.9776238,0.022376185,0
0.74041456,0.2595855,0
0.77176964,0.22823037,0
0.7360577,0.26394236,1
0.92723596,0.072764054,0
0.7186173,0.28138274,1
0.73024327,0.2697568,1
0.7767254,0.22327462,1
0.7879143,0.2120857,1
0.7973476,0.20265238,1
0.8154396,0.18456037,1
0.8263995,0.17360045,1
0.911795,0.088205,0
0.8150888,0.1849112,1
0.74436396,0.2556361,1
0.6968964,0.30310363,1
0.8120225,0.1879775,0
0.7110376,0.2889624,1
0.92349976,0.07650024,0
0.8665894,0.13341057,1
0.9255198,0.074480176,0
0.95032465,0.04967536,0
0.9521595,0.047840513,0
0.7578896,0.24211042,1
0.7652538,0.23474625,1
0.68405646,0.31594354,1
0.6926979,0.30730215,1
0.27327764,0.7267223,1
0.27997395,0.72002614,1
0.9096592,0.09034084,0
0.92871636,0.071283676,1
0.84322846,0.1567715,1
0.7783504,0.22164959,1
0.7838027,0.21619734,1
0.091237396,0.90876263,1
0.1843575,0.81564254,1
0.11803443,0.8819655,1
0.09012052,0.90987945,1
0.27814355,0.7218564,1
0.99884254,0.0011575184,0
0.99616843,0.0038315898,0
0.996633,0.0033669805,0
0.98781836,0.012181589,0
0.049500976,0.950499,1
0.01924424,0.98075575,1
0.06314329,0.9368567,1
0.05538369,0.9446164,1
0.31465203,0.6853479,1
0.83480316,0.16519685,0
0.99850583,0.0014942148,0
0.99096465,0.009035338,0
0.27926105,0.7207389,1
0.91330355,0.08669644,0
0.9296824,0.070317626,0
0.4665955,0.53340447,1
0.987956,0.012043971,0
0.986429,0.013571019,0
0.9494501,0.05054988,0
0.6079656,0.39203444,1
0.7578738,0.24212624,1
0.76232356,0.2376764,1
0.15838623,0.8416138,1
0.16148914,0.8385109,1
0.15905371,0.84094626,1
0.2095669,0.7904331,1
0.2198873,0.7801127,1
0.23511231,0.76488775,1
0.865377,0.13462302,0
0.8664417,0.13355832,0
0.8654106,0.13458934,0
0.98243654,0.017563492,0
0.7400451,0.25995493,0
0.80187756,0.19812247,0
0.9184336,0.0815664,0
0.7034117,0.2965883,1
0.1867733,0.81322676,1
0.19730301,0.802697,1
0.20526461,0.79473543,1
0.72847956,0.27152053,1
0.22781458,0.7721854,1
0.8647741,0.13522595,1
0.9218357,0.07816433,0
0.77958477,0.22041519,1
0.7210194,0.27898064,0
0.74361616,0.25638387,1
0.7925029,0.20749718,0
0.91331613,0.08668378,0
0.16831589,0.8316841,1
0.16844146,0.8315585,1
0.15113896,0.84886104,1
0.13762072,0.86237925,1
0.13763462,0.86236537,1
0.84738535,0.15261462,0
0.9286814,0.07131861,0
0.93181306,0.068186894,0
0.2426277,0.7573723,1
0.22813472,0.7718653,1
0.46396807,0.536032,1
0.20696847,0.7930315,1
0.4491483,0.55085164,1
0.691338,0.30866203,1
0.7321915,0.26780847,0
0.76912487,0.23087518,0
0.714829,0.28517097,0
0.6978861,0.30211392,0
0.38222975,0.61777025,0
0.21112227,0.7888777,1
0.14305525,0.85694474,1
0.22418278,0.7758173,1
0.9985416,0.0014584812,0
0.998771,0.0012289457,0
0.9988405,0.0011594577,0
0.12818395,0.87181604,1
0.10259656,0.8974035,1
0.5408054,0.45919457,0
0.7850077,0.21499228,0
0.011651183,0.98834884,1
0.12515615,0.87484384,1
0.36762506,0.63237494,1
0.50314873,0.49685135,1
0.81143385,0.1885662,0
0.81324685,0.18675311,0
0.99884963,0.0011503756,0
0.9987562,0.0012438454,0
0.99899775,0.0010022975,0
0.7234803,0.27651972,1
0.29146013,0.7085399,1
0.19394864,0.8060514,1
0.029106382,0.97089356,1
0.08785978,0.91214025,1
0.054690897,0.9453091,1
0.032066923,0.9679331,1
0.13740525,0.8625947,1
0.34922713,0.65077287,0
0.9869783,0.013021716,0
0.9856537,0.014346299,0
0.28403157,0.71596843,0
0.24141893,0.7585811,0
0.16086818,0.83913183,1
0.11456377,0.88543624,1
0.15897048,0.8410296,1
0.15963978,0.8403603,1
0.15827756,0.8417225,1
0.16095258,0.83904743,1
0.29735196,0.70264804,0
0.3484363,0.6515637,0
0.39838117,0.6016188,0
0.39319733,0.6068027,0
0.6205888,0.3794112,0
0.81746215,0.18253784,0
0.9798544,0.020145603,0
0.23347898,0.766521,1
0.90543735,0.094562694,0
0.7156888,0.28431118,0
0.15063486,0.8493652,1
0.14671516,0.85328484,1
0.26853216,0.73146784,1
0.9512468,0.04875318,0
0.7080917,0.29190832,0
0.7271614,0.27283862,0
0.72656465,0.27343538,0
0.05083441,0.94916564,1
0.8520687,0.14793125,0
0.9241918,0.07580817,0
0.32834536,0.6716546,1
0.970074,0.029926037,0
0.7305508,0.26944926,0
0.19361743,0.8063826,1
0.007068205,0.99293184,1
0.096310146,0.90368986,1
0.13388261,0.86611736,1
0.1805504,0.8194496,0
0.19351776,0.80648226,0
0.6803212,0.3196788,0
0.7970925,0.20290743,0
0.72615725,0.27384272,0
0.6302387,0.36976138,0
0.09832525,0.9016747,0
0.052836638,0.94716334,1
0.060938854,0.93906116,1
0.063673355,0.93632656,1
0.060776096,0.93922395,1
0.061928015,0.93807197,1
0.17354535,0.82645464,0
0.16653682,0.83346313,1
0.108644836,0.8913552,1
0.063924365,0.9360756,1
0.06545653,0.9345435,1
0.08615848,0.9138415,1
0.12432979,0.8756702,1
0.052654058,0.9473459,1
0.039094303,0.96090573,1
0.026894666,0.9731054,1
0.80658096,0.19341902,0
0.004409251,0.9955908,1
0.006572139,0.9934278,1
0.022805167,0.97719485,1
0.14998151,0.8500185,1
0.4114353,0.5885647,0
0.7018669,0.29813305,0
0.6436183,0.3563817,0
0.11956586,0.8804342,1
0.12547803,0.874522,1
0.85964364,0.1403564,0
0.15494591,0.8450541,1
0.19335753,0.8066425,1
0.12680843,0.87319154,1
0.9861034,0.013896568,0
0.18426962,0.81573033,1
0.48217297,0.51782703,1
0.8567125,0.14328748,0
0.695992,0.30400795,0
0.6574602,0.34253976,0
0.9048318,0.09516819,0
0.9169776,0.083022445,0
0.97302496,0.026974961,0
0.72594523,0.2740547,1
0.70274067,0.29725933,1
0.16802882,0.83197117,1
0.16478494,0.8352151,1
0.16747367,0.8325264,1
0.7243861,0.275614,0
0.9198924,0.08010765,0
0.7511916,0.24880834,0
0.7652131,0.23478687,0
0.99321944,0.0067806,0
0.2134568,0.78654325,1
0.811056,0.18894401,0
0.06868421,0.9313158,1
0.15682332,0.84317666,1
0.17173551,0.8282645,1
0.17368042,0.8263196,1
0.93652236,0.06347757,0
0.5421742,0.45782584,0
0.19360071,0.8063993,1
0.20610666,0.79389334,1
0.41894746,0.5810525,1
0.7849647,0.2150353,0
0.17589317,0.8241068,0
0.066561006,0.93343896,1
0.036303643,0.9636964,1
0.06905824,0.93094176,1
0.09343574,0.9065643,0
0.5464798,0.4535202,0
0.04362114,0.9563788,1
0.021536795,0.97846323,1
0.13996501,0.86003506,1
0.6427595,0.35724047,0
0.28058282,0.7194172,1
0.07597886,0.9240212,1
0.4296318,0.5703683,0
0.15371153,0.8462885,1
0.8012017,0.19879836,0
0.7951201,0.2048799,0
0.7244855,0.27551445,0
0.15286855,0.84713143,0
0.15941836,0.84058166,0
0.24127655,0.75872344,0
0.20201421,0.79798573,1
0.99607617,0.0039237775,0
0.9948243,0.0051757367,0
0.9916157,0.00838421,0
0.16292961,0.8370704,1
0.17290916,0.8270908,1
0.93510467,0.06489533,0
0.19133979,0.80866027,1
0.9879298,0.012070139,0
0.088719904,0.91128004,1
0.008282717,0.9917173,1
0.06373698,0.936263,1
0.15380841,0.8461916,1
0.17764497,0.8223551,1
0.7640447,0.2359553,0
0.18401232,0.8159877,1
0.9447384,0.05526156,0
0.96689045,0.033109505,0
0.9722172,0.027782844,0
0.6974414,0.30255866,1
0.98809624,0.0119038,0
0.70106393,0.29893607,0
0.65427333,0.34572664,0
0.1793717,0.82062835,1
0.88767344,0.11232652,0
0.18776935,0.8122307,1
0.1452821,0.85471785,1
0.2260546,0.77394545,1
0.7497496,0.25025037,0
0.69006276,0.30993724,0
0.96343035,0.036569677,0
0.31644386,0.68355614,0
0.11945133,0.8805486,1
0.07100856,0.92899144,1
0.072434284,0.9275657,1
0.073559545,0.9264405,1
0.056239195,0.9437609,1
0.088911794,0.9110882,1
0.118994385,0.88100564,1
0.24952987,0.7504701,1
0.99887043,0.0011295392,0
0.011426832,0.9885732,1
0.0065451195,0.9934549,1
0.008455364,0.9915446,1
0.0050207777,0.9949792,1
0.9639532,0.03604676,0
0.8612115,0.13878854,0
0.95210797,0.04789211,0
0.48806903,0.51193094,0
0.49120906,0.5087909,0
0.41782376,0.5821762,1
0.11411569,0.88588434,1
0.38452438,0.61547565,1
0.90461063,0.09538939,0
0.38316458,0.6168355,1
0.9891377,0.0108622415,0
0.8407583,0.15924168,0
0.97371316,0.026286814,0
0.9757263,0.024273714,0
0.6997711,0.30022892,1
0.6801544,0.31984562,1
0.47843724,0.52156276,1
0.07949905,0.92050093,1
0.133945,0.866055,1
0.12520757,0.8747924,1
0.10316146,0.89683855,1
0.15987214,0.8401279,1
0.96900934,0.030990649,0
0.17333785,0.8266622,1
0.17913818,0.82086176,1
0.3831443,0.61685574,0
0.7020748,0.29792514,0
0.5867679,0.41323212,0
0.980903,0.019097049,0
0.9669582,0.03304184,0
0.8059634,0.19403662,0
0.14613847,0.8538615,1
0.7138948,0.28610516,0
0.13298896,0.8670111,1
0.18050972,0.81949025,1
0.085595675,0.91440433,1
0.08604303,0.913957,1
0.12224164,0.8777584,1
0.7195209,0.28047907,0
0.6839106,0.31608945,0
0.12548316,0.87451684,1
0.008110445,0.99188954,1
0.13512887,0.8648711,0
0.15888564,0.8411144,0
0.26297048,0.73702955,0
0.9581664,0.04183356,0
0.920475,0.079524964,0
0.9736649,0.026335098,0
0.19913645,0.8008635,1
0.3639479,0.6360521,1
0.99553007,0.00446998,0
0.9904875,0.009512452,0
0.75475824,0.24524178,0
0.088388175,0.9116118,1
0.17926128,0.82073873,1
0.17672606,0.8232739,1
0.75706565,0.2429343,0
0.96253157,0.0374684,0
0.24662001,0.75338006,1
0.33486673,0.66513324,1
0.94875306,0.051246945,0
0.9645527,0.035447303,0
0.87789655,0.12210345,0
0.99314237,0.0068575945,0
0.9954294,0.004570561,0
0.995921,0.0040789125,0
0.99808216,0.0019178807,0
0.9683975,0.031602483,0
0.94107574,0.058924217,0
0.9639986,0.03600144,0
0.9684941,0.031505875,0
0.96438175,0.03561829,0
0.8435752,0.15642484,1
0.9743603,0.025639705,0
0.6540989,0.34590104,1
0.96209663,0.037903406,0
0.83856815,0.1614319,1
0.70969146,0.29030854,1
0.30716306,0.69283694,1
0.8573614,0.14263861,0
0.96984404,0.030155918,0
0.8529317,0.14706828,0
0.39512512,0.60487485,1
0.88077486,0.11922512,0
0.90484595,0.09515407,0
0.5386076,0.4613923,1
0.96116525,0.03883483,0
0.91682893,0.08317109,1
0.87446964,0.12553038,0
0.82440597,0.17559405,0
0.15278655,0.8472135,1
0.15198424,0.8480158,1
0.036978673,0.9630213,1
0.17340076,0.8265993,1
0.9606048,0.03939526,0
0.11421358,0.8857864,1
0.76715946,0.23284058,0
0.043976653,0.9560234,1
0.12180574,0.8781942,1
0.13750516,0.8624949,1
0.19070122,0.80929875,0
0.9952029,0.004797095,0
0.781593,0.21840695,0
0.7469287,0.2530713,0
0.023505086,0.9764949,1
0.008287247,0.9917128,1
0.0074811014,0.9925189,1
0.008481309,0.9915187,1
0.009696527,0.99030346,1
0.8074213,0.19257869,0
0.7639901,0.23600993,0
0.69371104,0.30628893,0
0.16061111,0.83938897,0
0.21982515,0.7801748,0
0.21250129,0.7874987,0
0.1830211,0.81697893,0
0.86772066,0.13227935,0
0.19230643,0.8076936,0
0.96742725,0.032572746,0
0.9963642,0.0036358694,0
0.99554473,0.004455284,0
0.98449165,0.015508349,0
0.045972534,0.9540275,1
0.033634763,0.9663653,1
0.041146964,0.958853,1
0.03818141,0.96181864,1
0.039753646,0.9602463,1
0.105607964,0.8943921,1
0.12529823,0.8747018,0
0.9988857,0.0011142895,0
0.99833554,0.0016644598,0
0.32909304,0.6709069,0
0.10640358,0.8935965,0
0.007825627,0.9921744,1
0.0073284553,0.9926716,1
0.0050696167,0.9949303,1
0.0043553067,0.9956447,1
0.004410149,0.99558985,1
0.004369813,0.99563015,1
0.08956492,0.91043514,1
0.14539438,0.8546056,1
0.5640634,0.4359366,0
0.70165884,0.29834118,0
0.69149595,0.30850407,0
0.06893527,0.9310647,1
0.06778003,0.9322199,1
0.08500737,0.9149926,1
0.3311776,0.6688224,0
0.32863683,0.6713632,0
0.99062693,0.009373049,0
0.44358262,0.55641735,0
0.61001384,0.38998613,0
0.9637535,0.036246464,0
0.23757905,0.76242095,1
0.16116998,0.83883,1
0.09790469,0.9020953,1
0.1905333,0.8094667,1
0.1948319,0.80516803,1
0.98113674,0.018863255,0
0.35584506,0.6441549,1
0.8901263,0.10987371,0
0.99685377,0.003146265,0
0.9226393,0.077360645,0
0.46803126,0.5319687,1
0.3119203,0.6880797,1
0.19481476,0.8051852,1
0.2598777,0.74012226,1
0.20519774,0.7948023,1
0.95635253,0.04364743,0
0.65454704,0.34545296,1
0.041445315,0.9585547,1
0.14280301,0.8571969,1
0.17003582,0.82996416,1
0.17404713,0.8259529,1
0.14338292,0.8566171,1
0.76428795,0.2357121,0
0.7158379,0.2841621,0
0.464239,0.535761,0
0.018122116,0.9818779,1
0.007232244,0.9927678,1
0.009902822,0.99009717,1
0.17259316,0.8274068,0
0.17900074,0.8209992,0
0.22056921,0.77943075,0
0.19450894,0.8054911,0
0.15477744,0.84522253,0
0.1708448,0.8291552,0
0.754648,0.24535199,0
0.9947743,0.0052257525,0
0.47961858,0.5203814,0
0.11112323,0.88887686,1
0.078740455,0.9212595,1
0.10118095,0.898819,1
0.99640536,0.003594701,0
0.96985245,0.03014753,0
0.080376655,0.9196233,1
0.14057067,0.85942936,1
0.24523969,0.75476027,1
0.9988669,0.0011331151,0
0.26443318,0.7355668,0
0.04160886,0.95839113,1
0.040403433,0.9595966,1
0.004873269,0.9951267,1
0.5532162,0.44678372,0
0.762596,0.23740394,0
0.37467718,0.6253228,1
0.96613866,0.03386136,0
0.9768579,0.02314209,0
0.97373873,0.026261307,0
0.6781448,0.32185522,1
0.6497147,0.35028532,1
0.009686643,0.9903134,1
0.049751215,0.9502488,1
0.3702069,0.62979305,0
0.986086,0.013914052,0
0.45583218,0.5441678,0
0.14415063,0.8558494,1
0.6190207,0.38097933,0
0.94836146,0.05163859,0
0.9773392,0.022660796,0
0.642865,0.35713497,0
0.29000407,0.709996,0
0.1781731,0.8218269,1
0.1961739,0.80382603,1
0.14187162,0.85812837,1
0.9852968,0.014703212,0
0.94916344,0.050836477,0
0.70052725,0.29947272,0
0.66864485,0.33135515,0
0.7360222,0.26397783,0
0.99266523,0.0073347148,0
0.3841653,0.6158347,1
0.5507009,0.44929913,1
0.7660823,0.23391768,0
0.5846731,0.41532692,1
0.5968037,0.40319628,1
0.25051567,0.74948436,1
0.21766339,0.7823366,1
0.19458379,0.8054162,1
0.69679934,0.30320072,0
0.22625545,0.7737445,1
0.9132206,0.08677943,0
0.9229942,0.07700577,0
0.9219785,0.07802151,0
0.6660672,0.33393282,1
0.7000062,0.29999384,0
0.62411076,0.37588918,1
0.17822644,0.8217736,1
0.17445728,0.82554275,1
0.11171421,0.8882858,1
0.9615288,0.038471255,0
0.5901896,0.40981036,1
0.43850332,0.5614966,1
0.18787703,0.81212294,1
0.17048672,0.82951325,1
0.18246537,0.81753457,1
0.1842867,0.8157133,1
0.19146937,0.8085306,1
0.19400597,0.80599403,1
0.994351,0.0056488947,0
0.14738934,0.8526107,1
0.07619901,0.92380095,1
0.079554446,0.9204456,1
0.11583547,0.8841645,1
0.056133028,0.94386697,1
0.06830506,0.931695,1
0.061114457,0.9388855,1
0.00846594,0.99153405,1
0.01686307,0.98313695,1
0.013680113,0.98631984,1
0.004263928,0.995736,1
0.004427691,0.9955723,1
0.37571862,0.6242814,0
0.39861345,0.60138655,0
0.15170306,0.84829694,1
0.9372694,0.06273063,0
0.9787788,0.021221174,0
0.70570916,0.29429084,0
0.69094986,0.30905014,0
0.6817783,0.31822166,0
0.08472457,0.9152754,1
0.021125844,0.97887415,1
0.12691765,0.8730823,1
0.15814003,0.84186,1
0.98875564,0.011244343,0
0.70110667,0.29889333,0
0.7076803,0.29231972,0
0.062254507,0.9377455,1
0.031276718,0.9687233,1
0.029134212,0.97086585,1
0.062146474,0.9378535,1
0.98016894,0.01983109,0
0.34042606,0.659574,0
0.76115775,0.23884219,0
0.68721867,0.31278136,0
0.6763167,0.32368332,0
0.09733839,0.9026616,1
0.09181426,0.9081857,1
0.09395344,0.9060466,1
0.24036798,0.759632,0
0.27405253,0.7259475,0
0.91346353,0.08653647,0
0.15117326,0.8488267,1
0.15770763,0.84229237,1
0.97185844,0.028141541,0
0.010327908,0.98967206,1
0.02017814,0.9798219,1
0.023735171,0.9762648,1
0.08103525,0.91896474,1
0.79395366,0.2060463,0
0.7118311,0.28816888,0
0.16317491,0.83682513,1
0.15885621,0.8411437,1
0.87779284,0.12220713,0
0.98132515,0.018674783,0
0.98634976,0.013650162,0
0.7254446,0.2745554,0
0.7007116,0.2992884,0
0.17241268,0.8275873,1
0.17368673,0.82631326,1
0.11334228,0.88665766,1
0.14827487,0.8517251,1
0.14494479,0.8550552,1
0.15465067,0.84534925,1
0.18014975,0.81985027,1
0.15430762,0.8456924,1
0.9141084,0.085891634,0
0.1600337,0.8399663,1
0.96371907,0.036280952,0
0.9963852,0.0036147903,0
0.9673535,0.032646548,0
0.96427,0.035730038,0
0.11905899,0.8809411,1
0.08914364,0.91085637,1
0.07418779,0.9258121,1
0.07294907,0.92705095,1
0.10521366,0.89478636,1
0.09501539,0.9049846,1
0.094218634,0.9057814,1
0.9730762,0.02692382,0
0.9988319,0.0011680874,0
0.13532493,0.86467505,1
0.13291016,0.86708975,1
0.10261315,0.89738685,1
0.0172056,0.9827944,1
0.006767853,0.99323213,1
0.0044064694,0.9955935,1
0.016600221,0.9833998,1
0.58689046,0.4131095,0
0.67244685,0.32755315,0
0.7260885,0.2739115,0
0.4391046,0.5608955,0
0.0965529,0.90344703,1
0.972391,0.02760896,0
0.9730339,0.026966082,0
0.6816211,0.31837898,1
0.7034958,0.29650414,0
0.6974016,0.30259836,0
0.2041456,0.7958544,1
0.12644453,0.8735555,1
0.3862922,0.6137078,0
0.042739853,0.9572602,1
0.98801416,0.011985766,0
0.9787417,0.021258358,0
0.63013333,0.36986667,0
0.85570586,0.14429413,0
0.9430639,0.05693611,0
0.98291665,0.017083267,0
0.9793578,0.020642204,0
0.97577924,0.024220763,0
0.213717,0.786283,1
0.22188602,0.77811396,1
0.35374835,0.6462516,0
0.95068663,0.049313385,0
0.9509717,0.049028333,0
0.97259897,0.02740095,0
0.44973633,0.5502637,1
0.67652434,0.32347566,1
0.08421941,0.9157806,1
0.09110546,0.9088946,1
0.09479809,0.90520185,1
0.18542494,0.8145751,0
0.09860819,0.9013918,1
0.0942946,0.9057054,1
0.14175358,0.85824645,1
0.15669052,0.8433095,1
0.13848953,0.86151046,1
0.9628378,0.0371622,0
0.34536242,0.6546376,0
0.010092592,0.9899074,1
0.13345462,0.8665454,0
0.010788359,0.9892117,1
0.21310988,0.78689015,0
0.09614263,0.90385735,1
0.24663483,0.75336516,0
0.9668337,0.03316629,0
0.34403652,0.6559635,0
0.8782645,0.121735565,0
0.17389566,0.82610434,1
0.9623294,0.037670664,0
0.98831123,0.011688711,0
0.97899926,0.021000749,0
0.87594014,0.12405989,0
0.9205863,0.079413705,0
0.06876388,0.9312361,1
0.99473286,0.005267119,0
0.08804261,0.9119574,1
0.082460016,0.91753995,1
0.09776821,0.90223175,1
0.9986552,0.0013447994,0
0.2052691,0.7947309,1
0.21822098,0.78177905,1
0.16834095,0.831659,1
0.14896658,0.8510334,1
0.17569003,0.82431,1
0.0042356723,0.99576426,1
0.004340253,0.99565977,1
0.96686494,0.033135068,0
0.7227986,0.27720147,0
0.0759913,0.92400867,1
0.3432706,0.6567294,0
0.744536,0.25546405,0
0.8660408,0.13395917,0
0.69918615,0.30081388,0
0.15688068,0.8431193,1
0.52416086,0.47583905,0
0.9496512,0.05034881,0
0.699785,0.30021507,0
0.61435705,0.38564292,1
0.760835,0.23916507,0
0.19307569,0.80692434,1
0.90190536,0.09809471,0
0.9841987,0.015801275,0
0.98644805,0.013551972,0
0.3237559,0.6762441,1
0.14012457,0.85987544,1
0.7022385,0.2977615,1
0.31031442,0.6896855,1
0.175891,0.824109,1
0.27392536,0.72607464,1
0.64579755,0.35420248,0
0.66293716,0.3370628,0
0.19466157,0.80533844,1
0.56985813,0.43014184,0
0.86913925,0.13086073,0
0.91389644,0.08610351,0
0.1566278,0.84337217,1
0.27794364,0.7220563,1
0.6951924,0.3048076,1
0.9681539,0.03184611,0
0.777003,0.22299705,0
0.73396295,0.26603705,0
0.6337551,0.36624488,0
0.6896771,0.3103229,0
0.7265983,0.27340168,0
0.74909407,0.25090593,0
0.7966166,0.20338336,0
0.8127171,0.18728293,0
0.9566901,0.04330986,0
0.94961387,0.050386075,0
0.23803966,0.7619603,1
0.20747043,0.7925295,1
0.91660106,0.08339894,0
0.20486405,0.795136,1
0.15300125,0.84699875,1
0.081288084,0.91871196,1
0.1490001,0.8509999,1
0.20161173,0.79838824,1
0.9943705,0.0056295097,0
0.9111292,0.0888708,0
0.09044187,0.9095581,1
0.15694316,0.84305686,0
0.075802945,0.9241971,1
0.1207602,0.8792398,1
0.112926036,0.887074,1
0.08992763,0.9100723,1
0.07837725,0.9216227,1
0.06733191,0.9326681,1
0.18919906,0.8108009,1
0.9986156,0.0013843785,0
0.9973941,0.0026058557,0
0.9860379,0.013962117,0
0.9637624,0.036237657,0
0.67390263,0.3260974,0
0.8277025,0.1722974,0
0.9138426,0.08615739,0
0.9401001,0.059899893,0
0.96694005,0.033059925,0
0.9851081,0.014891982,0
0.99871194,0.0012880143,0
0.97319704,0.026802937,0
0.96315986,0.036840115,0
0.9164251,0.08357494,1
0.7225681,0.27743188,1
0.050965685,0.9490343,1
0.014790215,0.98520976,1
0.068762615,0.9312374,1
0.9531281,0.046871867,0
0.9871596,0.0128403725,0
0.85696065,0.14303936,0
0.7472839,0.25271618,1
0.74185884,0.2581412,1
0.9887742,0.011225808,0
0.16922186,0.8307782,1
0.16899988,0.83100015,1
0.24241818,0.75758183,1
0.20693228,0.7930677,1
0.51579076,0.48420924,0
0.65596086,0.3440391,0
0.9025351,0.09746486,0
0.9294529,0.07054708,0
0.92975885,0.07024114,0
0.6247904,0.3752096,0
0.8567786,0.14322144,0
0.8268441,0.17315593,0
0.15729693,0.8427031,1
0.6888604,0.31113958,0
0.7001692,0.29983076,0
0.82821506,0.17178486,0
0.8150449,0.1849552,0
0.17873944,0.8212605,1
0.8045931,0.19540693,0
0.942928,0.057071988,0
0.99888617,0.0011138215,0
0.9987925,0.0012074722,0
0.77723765,0.22276233,0
0.7868489,0.21315107,0
0.73083633,0.26916373,0
0.6119976,0.38800237,1
0.7209126,0.27908745,1
0.79276806,0.20723194,1
0.8332089,0.16679108,0
0.78861535,0.21138467,1
0.84036624,0.15963377,1
0.31865364,0.68134636,1
0.9987735,0.0012265034,0
0.7116519,0.28834802,0
0.7717379,0.2282621,0
0.17006718,0.8299328,1
0.9516417,0.048358303,0
0.96265715,0.03734288,0
0.9941087,0.005891365,0
0.97590816,0.024091808,0
0.19870783,0.80129224,1
0.09469468,0.9053053,1
0.9932114,0.006788529,0
0.9927959,0.007204131,0
0.9610409,0.03895911,0
0.9704381,0.029561901,0
0.96527815,0.034721877,0
0.9631509,0.036849074,0
0.99886596,0.0011340907,0
0.99881124,0.0011887114,0
0.9314945,0.0685055,0
0.23800918,0.76199085,1
0.31381074,0.68618923,1
0.075883284,0.9241167,1
0.76185095,0.2381491,0
0.20250015,0.7974999,1
0.79029655,0.20970346,0
0.89254737,0.10745261,0
0.91926575,0.08073422,0
0.50912046,0.49087954,1
0.86823136,0.13176864,0
0.66656107,0.3334389,0
0.3959906,0.6040094,1
0.3784929,0.6215071,1
0.9757849,0.024215152,0
0.9753753,0.024624687,0
0.20367478,0.79632527,1
0.78811574,0.21188419,1
0.98587996,0.014120097,0
0.96902496,0.030975021,0
0.8977857,0.10221427,0
0.97747976,0.022520257,0
0.9975932,0.0024067091,0
0.99870837,0.001291623,0
0.8791456,0.12085433,0
0.789736,0.21026404,0
0.7402434,0.25975668,0
0.47875395,0.521246,1
0.45043203,0.54956794,1
0.46949637,0.53050363,1
0.5169094,0.48309055,1
0.95783347,0.042166524,1
0.9952684,0.0047315746,0
0.9856295,0.014370519,0
0.9626144,0.03738561,0
0.28619987,0.71380013,1
0.24579127,0.75420874,1
0.22504814,0.77495193,1
0.0075396546,0.9924603,1
0.026792005,0.97320795,1
0.0090031605,0.99099684,1
0.2151718,0.7848282,1
0.082608975,0.917391,1
0.72374594,0.27625403,1
0.63818526,0.36181474,0
0.01309598,0.986904,1
0.010044514,0.98995554,1
0.023635421,0.97636455,1
0.024609445,0.9753905,1
0.010020873,0.98997915,1
0.01637073,0.9836293,1
0.019498473,0.9805015,1
0.016229793,0.98377025,1
0.100911826,0.8990882,1
0.043620765,0.95637923,1
0.10490841,0.8950916,1
0.99799466,0.0020053354,0
0.9980129,0.0019870622,0
0.67125446,0.3287455,0
0.0104789445,0.989521,1
0.009394662,0.9906053,1
0.008764755,0.99123526,1
0.004639452,0.99536055,1
0.004465967,0.99553406,1
0.004574785,0.9954253,1
0.12963168,0.8703683,1
0.007868618,0.9921314,1
0.24367245,0.75632757,0
0.26443356,0.7355664,0
0.876309,0.12369097,0
0.8155936,0.18440634,0
0.16756676,0.8324332,0
0.9891951,0.0108048525,0
0.97781163,0.022188319,0
0.9798692,0.020130858,0
0.762625,0.23737505,0
0.8419459,0.15805413,0
0.9105113,0.089488715,0
0.90304667,0.09695338,0
0.99562824,0.0043717655,0
0.9919829,0.0080171265,1
0.39591193,0.60408807,1
0.38690075,0.6130993,1
0.40609503,0.593905,1
0.3689402,0.63105977,1
0.5083761,0.49162382,1
0.42483574,0.57516426,1
0.6925431,0.30745697,1
0.67133427,0.32866576,0
0.43585205,0.564148,1
0.45657897,0.54342103,1
0.9793225,0.020677557,0
0.6516472,0.3483528,1
0.02890293,0.97109705,1
0.007100414,0.99289954,1
0.005799089,0.9942009,1
0.006634016,0.99336594,1
0.009399047,0.99060094,1
0.26268235,0.7373176,0
0.06204975,0.93795025,1
0.60217744,0.3978226,0
0.88736504,0.11263499,0
0.9950972,0.0049027503,0
0.98536754,0.014632471,0
0.6413821,0.3586179,0
0.0099648675,0.9900351,1
0.08965569,0.9103443,1
0.30979803,0.69020194,0
0.2844528,0.71554726,0
0.27691594,0.72308403,0
0.17714249,0.82285756,1
0.8171903,0.1828097,0
0.8563038,0.14369619,0
0.8619561,0.13804382,0
0.9987224,0.0012775832,0
0.8840168,0.1159832,0
0.81676406,0.18323588,0
0.8545576,0.14544241,0
0.778242,0.22175802,0
0.5285822,0.47141775,1
0.5823374,0.41766262,1
0.4793857,0.52061427,1
0.9975337,0.0024662707,0
0.8392907,0.16070929,1
0.5357022,0.46429783,0
0.1382157,0.8617843,0
0.30863,0.69137,0
0.058528706,0.9414713,1
0.7842518,0.21574828,0
0.9545423,0.045457795,1
0.59433144,0.40566853,1
0.5960105,0.40398946,0
0.59122396,0.40877607,0
0.31147757,0.68852246,1
0.64482987,0.35517013,1
0.7080221,0.29197785,1
0.7536001,0.2463999,1
0.10390816,0.8960919,1
0.11510995,0.88489,1
0.12280681,0.87719315,1
0.13842651,0.8615734,1
0.2657157,0.73428434,1
0.7465518,0.25344813,1
0.8008972,0.1991028,0
0.2031742,0.7968258,1
0.25763953,0.7423605,0
0.0054109786,0.994589,1
0.9758676,0.02413236,0
0.24068613,0.7593139,1
0.63713324,0.36286682,0
0.5428921,0.45710793,0
0.47582173,0.5241783,0
0.45315224,0.5468478,0
0.77624565,0.22375438,0
0.84546995,0.15453008,0
0.94246125,0.057538748,0
0.713,0.28700003,1
0.6559195,0.34408054,1
0.4827091,0.5172909,1
0.69012606,0.30987394,0
0.80383277,0.19616723,0
0.5290199,0.47098005,0
0.5571369,0.4428631,0
0.5762917,0.4237083,0
0.65469384,0.3453061,0
0.8782465,0.121753536,0
0.16410585,0.8358942,1
0.7373456,0.26265445,1
0.7203062,0.27969375,1
0.6852264,0.31477362,0
0.08271007,0.9172899,1
0.01478927,0.9852107,1
0.17832984,0.8216702,1
0.20472117,0.7952789,0
0.22556764,0.77443236,1
0.5584726,0.4415274,0
0.84192044,0.15807958,0
0.29467148,0.7053286,0
0.25095782,0.74904215,0
0.11426072,0.88573927,1
0.0112652015,0.9887348,1
0.023087446,0.9769125,1
0.033729266,0.96627074,1
0.038065627,0.9619343,1
0.2804047,0.7195954,0
0.009622248,0.99037766,1
0.009086653,0.9909134,1
0.0074195885,0.9925804,1
0.0065515433,0.99344844,1
0.004753135,0.9952468,1
0.023402832,0.97659713,1
0.029711878,0.97028804,1
0.008667033,0.99133295,1
0.071207106,0.92879283,1
0.3351233,0.6648767,0
0.6703872,0.32961282,0
0.7655795,0.23442046,0
0.06274668,0.9372533,1
0.0085918605,0.99140817,1
0.0047136582,0.9952864,1
0.004656259,0.99534374,1
0.004589709,0.99541026,1
0.004571327,0.9954287,1
0.0054684416,0.9945315,1
0.06195356,0.93804646,1
0.17940181,0.82059824,0
0.16445185,0.83554816,0
0.87267596,0.12732409,0
0.0050038514,0.9949962,1
0.0047324398,0.9952676,1
0.004759006,0.99524105,1
0.0046794876,0.9953205,1
0.068762675,0.9312373,0
0.1397573,0.86024266,0
0.72807145,0.2719285,0
0.6233693,0.37663072,0
0.052573644,0.9474264,1
0.035749927,0.96425,1
0.042189658,0.9578103,1
0.04202247,0.95797753,1
0.039923206,0.9600768,1
0.121365964,0.87863404,0
0.15033796,0.84966207,0
0.16314504,0.83685493,0
0.7454549,0.25454506,0
0.6437061,0.35629398,0
0.41080025,0.5891998,0
0.4335363,0.5664637,0
0.12977578,0.8702242,0
0.31196588,0.6880342,0
0.48971316,0.5102868,0
0.4985251,0.50147486,0
0.5765979,0.42340204,0
0.2788741,0.7211259,0
0.23158468,0.76841533,0
0.18641675,0.81358325,1
0.84865856,0.15134144,0
0.9852439,0.014756069,0
0.7568526,0.24314739,0
0.6086369,0.39136305,1
0.24139455,0.7586054,1
0.20329635,0.79670364,1
0.15268049,0.8473195,1
0.1391323,0.8608677,1
0.036686096,0.96331394,1
0.81831527,0.1816847,0
0.6652379,0.3347621,0
0.84730786,0.15269214,0
0.9941573,0.005842725,0
0.9818866,0.01811336,0
0.9666562,0.0333438,0
0.11396865,0.8860313,1
0.07220765,0.9277924,1
0.11467629,0.88532376,1
0.086217366,0.91378266,1
0.12204584,0.8779542,1
0.12941499,0.870585,1
0.23102835,0.7689717,0
0.7997938,0.20020624,0
0.87261397,0.12738608,0
0.997855,0.0021449467,0
0.99885654,0.0011435051,0
0.66109866,0.33890137,1
0.34959316,0.65040684,1
0.025500935,0.9744991,1
0.021006998,0.978993,1
0.13444832,0.86555165,1
0.23209238,0.7679076,1
0.23381458,0.76618534,1
0.31818065,0.6818193,1
0.7800024,0.21999751,0
0.5921613,0.40783864,0
0.61612207,0.38387793,0
0.099654846,0.9003452,1
0.85246414,0.14753585,0
0.9408172,0.059182804,0
0.97500753,0.024992459,0
0.9737926,0.026207391,0
0.9787122,0.021287836,0
0.9840613,0.0159387,0
0.010752262,0.98924774,1
0.0052151633,0.9947849,1
0.0073997844,0.9926002,1
0.08260295,0.917397,1
0.33858684,0.6614132,0
0.45045587,0.54954416,0
0.70594954,0.29405046,0
0.9404111,0.05958891,0
0.9904503,0.009549657,0
0.98188066,0.018119294,0
0.33657593,0.6634241,0
0.14817217,0.85182786,1
0.05054524,0.94945484,1
0.045371242,0.9546287,1
0.11710657,0.88289344,1
0.18041974,0.81958026,0
0.9872027,0.012797227,0
0.99708086,0.0029190967,0
0.50041854,0.49958152,0
0.17830582,0.82169414,0
0.18327507,0.81672496,0
0.005966844,0.99403316,1
0.006599744,0.99340034,1
0.011130848,0.9888692,1
0.0179318,0.98206824,1
0.021528438,0.9784716,1
0.024097303,0.97590274,1
0.4623279,0.5376721,0
0.7206959,0.27930403,0
0.6624865,0.3375135,0
0.007891122,0.9921089,1
0.0070973462,0.9929027,1
0.015238372,0.9847616,1
0.02128742,0.97871256,1
0.49274203,0.50725794,0
0.99507684,0.004923235,0
0.99692386,0.0030761168,0
0.94985175,0.050148323,0
0.6894781,0.31052187,0
0.81181955,0.18818039,0
0.17899045,0.8210096,0
0.5570595,0.4429404,0
0.12687497,0.873125,0
0.3456877,0.65431225,0
0.6640168,0.33598325,0
0.10623121,0.8937688,1
0.007939466,0.99206054,1
0.006369676,0.99363035,1
0.00755977,0.9924402,1
0.0073963357,0.9926037,1
0.46741158,0.53258836,1
0.24813795,0.751862,1
0.3735037,0.6264963,1
0.95488477,0.04511525,0
0.46992245,0.5300776,0
0.43120947,0.56879056,0
0.5088359,0.49116412,0
0.01570561,0.9842944,1
0.009891202,0.99010885,1
0.018955074,0.9810449,1
0.005037516,0.99496245,1
0.0050146,0.99498534,1
0.0054226723,0.9945773,1
0.9110616,0.08893835,0
0.9603699,0.039630145,0
0.9863322,0.013667804,0
0.25144395,0.748556,1
0.84634,0.15366003,0
0.7114889,0.28851104,0
0.74984664,0.2501534,0
0.70351905,0.29648095,0
0.029304499,0.9706955,1
0.012718308,0.98728174,1
0.0059738024,0.9940262,1
0.08318774,0.9168122,1
0.56893826,0.43106177,0
0.24856175,0.75143826,0
0.14870745,0.85129255,1
0.9623132,0.037686806,0
0.9875309,0.012469145,0
0.9704634,0.029536575,0
0.950204,0.04979596,0
0.29991803,0.700082,0
0.086555086,0.91344494,1
0.030597342,0.9694027,1
0.09785111,0.9021489,1
0.12981623,0.87018377,1
0.14790466,0.85209537,1
0.17226903,0.82773095,1
0.1598911,0.8401089,1
0.3916099,0.6083901,1
0.69423085,0.30576915,0
0.55963916,0.44036087,0
0.007764275,0.9922357,1
0.0062643345,0.99373573,1
0.005492813,0.99450713,1
0.00505012,0.99494994,1
0.26915824,0.7308418,0
0.26730672,0.73269325,0
0.20579778,0.79420215,0
0.7934274,0.20657258,0
0.9834404,0.016559621,0
0.97677666,0.023223367,0
0.51417404,0.48582587,0
0.6401013,0.35989878,0
0.6068717,0.39312822,0
0.6980061,0.30199385,0
0.008501989,0.99149805,1
0.0065644206,0.9934356,1
0.021101994,0.97889805,1
0.20284724,0.7971528,1
0.43535984,0.56464016,1
0.9940837,0.005916294,0
0.6222131,0.37778684,0
0.022905895,0.9770941,1
0.0060228338,0.9939772,1
0.0058603524,0.9941397,1
0.0060357302,0.99396425,1
0.006955771,0.9930442,1
0.016545966,0.983454,1
0.5522993,0.44770068,0
0.04567166,0.9543283,0
0.017034424,0.98296565,0
0.01295947,0.9870406,0
0.0073938854,0.99260616,1
0.0055541927,0.9944458,1
0.004745799,0.9952543,1
0.006050664,0.9939493,1
0.0058940463,0.99410594,1
0.0074022957,0.9925977,0
0.37478238,0.6252177,0
0.73528653,0.2647135,0
0.9920324,0.007967571,0
0.6832706,0.3167294,0
0.51224035,0.48775962,0
0.41423208,0.5857679,0
0.26198283,0.7380172,1
0.5482528,0.45174718,0
0.87478626,0.12521371,0
0.39390895,0.606091,1
0.27521744,0.7247826,1
0.16393824,0.8360618,1
0.031490296,0.9685097,1
0.056967203,0.9430328,1
0.9793681,0.020631872,0
0.9757496,0.024250416,0
0.9076963,0.09230365,0
0.96868247,0.031317562,0
0.99722964,0.002770407,0
0.82104355,0.17895645,0
0.31739074,0.68260926,1
0.11481994,0.88518006,1
0.05030925,0.94969076,1
0.045750912,0.9542491,1
0.0432915,0.95670855,1
0.4542645,0.54573554,0
0.4655711,0.5344289,0
0.9537013,0.046298638,0
0.26877946,0.73122054,1
0.0107859615,0.989214,1
0.010110945,0.9898891,1
0.023190001,0.97681004,1
0.0134216165,0.9865784,1
0.5203267,0.47967333,0
0.93997407,0.060025867,0
0.016176859,0.9838231,1
0.00837911,0.9916209,1
0.022452751,0.9775473,1
0.02196012,0.97803986,1
0.18953373,0.8104663,1
0.24521747,0.75478256,1
0.3118006,0.6881994,1
0.9644301,0.035569906,0
0.11509216,0.88490784,1
0.011306375,0.98869365,1
0.010098616,0.9899013,1
0.010783833,0.9892161,1
0.010611431,0.9893885,1
0.46421486,0.53578514,0
0.99359435,0.0064056264,0
0.0069416948,0.9930583,1
0.005473003,0.9945269,1
0.0056976834,0.9943023,1
0.00579918,0.9942008,1
0.011860712,0.9881393,1
0.27325055,0.7267495,1
0.7886253,0.21137471,0
0.801401,0.19859898,0
0.99855953,0.0014404407,0
0.72245866,0.27754128,0
0.48322195,0.51677805,0
0.0057657384,0.99423426,1
0.0051869173,0.9948131,1
0.004718401,0.99528164,1
0.004653321,0.9953467,1
0.0045941123,0.9954059,1
0.004437671,0.9955623,1
0.47709545,0.5229046,0
0.9917129,0.008287107,0
0.99777347,0.0022264735,0
0.766998,0.23300196,0
0.7112649,0.28873506,0
0.9082369,0.09176308,0
0.38033146,0.61966854,0
0.025892993,0.97410697,1
0.005153041,0.99484694,1
0.027880691,0.97211933,1
0.075532086,0.9244679,1
0.113891274,0.88610876,1
0.8535189,0.14648111,0
0.89347035,0.10652971,0
0.49417633,0.5058236,0
0.96305966,0.03694028,0
0.9962345,0.0037654978,0
0.99857056,0.0014293606,0
0.9985404,0.0014595877,0
0.616813,0.38318703,0
0.39066783,0.6093322,1
0.1090471,0.8909528,1
0.07825856,0.9217415,1
0.011469365,0.9885307,1
0.20982671,0.79017335,1
0.35961893,0.6403811,0
0.48390064,0.51609933,0
0.370601,0.62939894,1
0.29267728,0.7073227,1
0.9404348,0.059565164,0
0.9984535,0.0015464394,0
0.67094296,0.32905704,0
0.29431704,0.70568305,1
0.0061211362,0.99387884,1
0.0064297323,0.9935702,1
0.00885514,0.99114484,1
0.021796916,0.9782031,1
0.02884497,0.97115505,1
0.02878932,0.9712107,1
0.23333773,0.76666224,0
0.5894103,0.41058972,0
0.53716683,0.4628331,0
0.9604264,0.039573587,0
0.9581653,0.041834734,0
0.99866974,0.0013302375,0
0.25719377,0.7428062,1
0.31214207,0.687858,1
0.2735053,0.7264947,1
0.0065005086,0.9934995,1
0.107401416,0.8925985,1
0.5524168,0.4475832,0
0.998071,0.0019290451,0
0.9040943,0.09590572,0
0.7906999,0.20930007,0
0.06622162,0.93377835,0
0.16521138,0.8347886,0
0.03289041,0.96710956,1
0.0112269465,0.98877305,1
0.016643142,0.98335683,1
0.029910427,0.97008955,1
0.18874155,0.81125844,0
0.9975448,0.0024551125,0
0.7355043,0.26449567,1
0.5637965,0.4362035,1
0.38222834,0.6177717,1
0.180827,0.819173,1
0.03866756,0.96133244,1
0.0050475425,0.99495244,1
0.004674913,0.9953251,1
0.0044819545,0.995518,1
0.0044936184,0.9955064,1
0.15129785,0.8487022,0
0.46337146,0.5366285,0
0.75157595,0.24842404,0
0.5459707,0.45402935,0
0.36688453,0.6331154,0
0.5052159,0.4947841,0
0.15845917,0.8415409,0
0.24732234,0.7526777,0
0.3827055,0.61729443,0
0.96984553,0.030154467,0
0.93121237,0.06878756,0
0.84491855,0.15508142,0
0.8124205,0.1875795,0
0.9754625,0.024537463,0
0.18409014,0.8159098,1
0.048022848,0.9519771,1
0.040788796,0.95921123,1
0.0059004426,0.9940996,1
0.007168976,0.992831,1
0.006256699,0.99374336,1
0.0046965512,0.9953035,1
0.0047086924,0.99529135,1
0.15018252,0.8498175,0
0.9036422,0.09635779,0
0.4950048,0.50499517,0
0.50563896,0.494361,0
0.58191854,0.41808143,0
0.99606955,0.003930465,0
0.3840161,0.6159839,0
0.20286582,0.79713416,1
0.18034284,0.81965715,0
0.14929204,0.85070795,1
0.99140316,0.00859687,0
0.6875648,0.31243527,1
0.5823615,0.41763845,1
0.20526737,0.79473263,1
0.13634071,0.8636593,1
0.010542866,0.9894572,1
0.26297116,0.73702884,1
0.6587185,0.34128144,0
0.9853388,0.014661168,0
0.97748125,0.022518732,0
0.9693182,0.030681778,0
0.99747145,0.0025285182,0
0.9980888,0.0019111898,0
0.9987099,0.0012900278,0
0.9980392,0.0019608298,0
0.8329113,0.16708872,0
0.17210212,0.82789785,1
0.11886093,0.8811391,1
0.86097443,0.1390256,0
0.998801,0.0011990533,0
0.99857724,0.0014227844,0
0.99784684,0.0021531486,0
0.78303844,0.21696153,0
0.5776065,0.42239353,0
0.66994035,0.33005962,0
0.54843384,0.4515662,0
0.45714954,0.5428505,0
0.96649355,0.033506494,0
0.99878997,0.0012100668,0
0.99888426,0.0011157836,0
0.39375937,0.6062406,1
0.020806238,0.97919375,1
0.004934545,0.9950655,1
0.0052661253,0.9947339,1
0.017112324,0.9828876,1
0.015314967,0.98468506,1
0.033905827,0.96609414,1
0.04943543,0.95056456,1
0.04806792,0.9519321,1
0.8037196,0.19628039,0
0.88530564,0.114694364,0
0.31132308,0.68867695,1
0.2039883,0.79601175,1
0.11098449,0.8890155,1
0.00460519,0.99539477,1
0.15560845,0.8443916,1
0.97828954,0.021710386,0
0.41340518,0.58659476,0
0.0847529,0.91524714,1
0.08137035,0.91862965,1
0.08276928,0.9172307,1
0.10329384,0.89670616,1
0.9799319,0.020068064,0
0.9892607,0.010739337,0
0.99818593,0.001814031,0
0.35594168,0.6440583,1
0.32021022,0.6797898,1
0.5220353,0.47796476,0
0.4899145,0.5100856,1
0.9883535,0.0116464775,0
0.6726734,0.32732663,1
0.9984876,0.0015124227,0
0.3895322,0.6104678,1
0.059805438,0.9401946,1
0.005701889,0.99429816,1
0.005474321,0.9945257,1
0.008208533,0.9917915,1
0.18142219,0.8185778,1
0.17794058,0.8220594,1
0.25905287,0.7409471,1
0.99842155,0.0015784047,0
0.9981913,0.001808716,0
0.31311017,0.6868898,1
0.1513083,0.8486917,1
0.12575075,0.8742493,1
0.12428029,0.8757198,1
0.72166353,0.27833647,0
0.7871476,0.21285239,0
0.99860007,0.0013999835,0
0.99869066,0.0013093575,0
0.99856985,0.0014301696,0
0.057653043,0.942347,1
0.79586154,0.20413852,0
0.93584335,0.064156584,0
0.9539321,0.046067946,0
0.87466794,0.12533198,0
0.82320064,0.17679933,0
0.5050805,0.4949194,0
0.99886227,0.0011377622,0
0.99871445,0.0012856104,0
0.99862576,0.0013742527,0
0.022927254,0.9770727,1
0.00707325,0.9929268,1
0.012407053,0.987593,1
0.013102501,0.98689747,1
0.038102258,0.96189773,1
0.14575611,0.8542439,1
0.96967703,0.030322932,0
0.9559662,0.04403385,0
0.9985623,0.0014376909,0
0.9986131,0.0013868805,0
0.9985476,0.0014523717,0
0.99806315,0.001936844,0
0.9153619,0.08463808,0
0.78759426,0.21240571,0
0.9647028,0.03529722,0
0.9759912,0.024008784,0
0.9946591,0.0053408463,0
0.9911773,0.008822685,0
0.99075586,0.009244129,0
0.9916496,0.008350415,0
0.9904462,0.0095537985,0
0.925848,0.07415201,0
0.93556845,0.06443156,0
0.90823513,0.09176483,0
0.1408221,0.8591779,1
0.8196977,0.18030234,1
0.87797576,0.122024275,0
0.9720061,0.027993847,0
0.9985056,0.001494406,0
0.9644323,0.035567716,0
0.9393372,0.060662843,0
0.33479512,0.6652049,1
0.32509065,0.67490935,1
0.7715167,0.22848338,0
0.78726953,0.2127305,0
0.99166906,0.00833088,0
0.990858,0.009141997,0
0.9986808,0.0013191645,0
0.9986972,0.001302831,0
0.99837565,0.0016243368,0
0.9961926,0.0038074376,0
0.99812514,0.0018748456,0
0.994364,0.0056359516,0
0.8726277,0.12737237,1
0.5702039,0.42979607,1
0.92157847,0.0784215,0
0.3995112,0.60048884,1
0.6926212,0.3073788,1
0.9368509,0.06314913,0
0.9875759,0.012424065,0
0.9986553,0.0013447125,0
0.99867034,0.0013296797,0
0.9641862,0.035813827,0
0.78858614,0.21141385,1
0.9275,0.07249992,0
0.8965532,0.10344685,0
0.87255806,0.127442,0
0.7787811,0.22121885,1
0.7262462,0.27375385,1
0.5980653,0.40193468,1
0.9956762,0.004323828,1
0.9127169,0.087283,0
0.105798446,0.8942016,1
0.20836562,0.7916343,1
0.05657429,0.94342566,1
0.16971235,0.83028764,1
0.65488297,0.3451171,1
0.9980233,0.001976721,0
0.9285439,0.07145603,0
0.49821565,0.50178427,0
0.18203562,0.8179644,0
0.014945303,0.98505473,1
0.024192462,0.9758076,0
0.03401719,0.9659828,0
0.057494313,0.9425057,0
0.07201941,0.9279806,0
0.9488182,0.051181827,0
0.9684959,0.03150407,0
0.9593144,0.04068557,0
0.6930222,0.30697787,1
0.22279523,0.77720475,1
0.2327356,0.76726437,1
0.21940875,0.78059125,1
0.980202,0.019798012,0
0.9911534,0.008846624,0
0.9883079,0.011692123,0
0.9927395,0.007260547,0
0.99396884,0.0060311435,0
0.8852102,0.11478981,0
0.42655146,0.57344854,1
0.20552081,0.7944792,1
0.013559509,0.9864405,1
0.0043740124,0.995626,1
0.92118055,0.07881946,0
0.9718723,0.028127735,0
0.99706274,0.0029372943,0
0.99766856,0.0023313873,0
0.39748964,0.6025104,0
0.95579463,0.04420538,0
0.9986381,0.0013618713,0
0.9954781,0.0045219776,0
0.7051913,0.29480872,0
0.05268072,0.94731927,1
0.0062540965,0.9937459,1
0.0062731267,0.99372685,1
0.004904365,0.9950956,1
0.5126495,0.48735058,0
0.94727147,0.052728474,0
0.7281623,0.2718377,0
0.7781321,0.22186787,0
0.9353579,0.06464207,0
0.9292556,0.07074431,0
0.995497,0.00450302,0
0.9985507,0.001449252,0
0.95853025,0.041469812,0
0.88608027,0.11391969,0
0.91370416,0.08629584,0
0.9540978,0.045902267,0
0.9366304,0.06336959,0
0.12159677,0.87840325,1
0.8845935,0.11540653,0
0.90090454,0.09909541,0
0.9987472,0.0012527275,0
0.99753606,0.002463961,0
0.10867631,0.8913237,1
0.78600556,0.21399441,0
0.6076607,0.39233932,1
0.09913746,0.9008626,1
0.6621953,0.33780473,0
0.9077868,0.092213176,0
0.9366756,0.06332443,0
0.99843425,0.0015657292,0
0.41538295,0.584617,0
0.6148095,0.3851905,0
0.6480495,0.3519505,0
0.7668639,0.23313615,0
0.28543758,0.7145625,0
0.7363485,0.2636515,0
0.4666479,0.53335214,0
0.05520682,0.94479316,1
0.857047,0.14295305,0
0.65250325,0.3474967,1
0.9617766,0.03822341,0
0.9704114,0.029588545,0
0.9852359,0.014764098,0
0.948966,0.051033955,0
0.57804036,0.4219596,1
0.8263602,0.17363983,1
0.90448296,0.09551711,0
0.90745467,0.09254534,0
0.6777031,0.32229692,1
0.9867534,0.013246521,0
0.98913413,0.010865927,0
0.9872006,0.012799428,0
0.9907731,0.009226952,0
0.9916482,0.008351796,0
0.17684437,0.82315564,1
0.52831626,0.47168377,1
0.8429762,0.15702377,0
0.89950836,0.1004917,0
0.99581665,0.004183342,0
0.9949604,0.0050395383,0
0.99631315,0.0036868737,0
0.49987838,0.50012153,1
0.4388951,0.5611049,1
0.47370982,0.5262902,1
0.5307362,0.4692638,1
0.5660579,0.4339421,1
0.39907974,0.60092026,1
0.9427789,0.057221066,0
0.99602085,0.0039791977,0
0.9981756,0.0018244116,0
0.9987128,0.0012872719,0
0.89914215,0.100857794,0
0.99789065,0.0021093728,0
0.93243533,0.06756464,0
0.95106107,0.048938897,0
0.97491086,0.025089135,0
0.97600263,0.023997327,0
0.9831185,0.016881507,0
0.92188513,0.07811492,0
0.81038934,0.18961073,1
0.67738533,0.32261464,1
0.99876547,0.0012345627,0
0.9805162,0.019483784,0
0.8307845,0.16921549,1
0.8498313,0.15016872,1
0.9718318,0.028168185,0
0.82926583,0.17073414,1
0.8462588,0.15374117,0
0.75888383,0.24111609,1
0.77303916,0.22696081,1
0.8735908,0.12640917,0
0.834339,0.16566099,1
0.8774643,0.12253567,1
0.9980908,0.0019091616,0
0.27728465,0.7227154,1
0.2169998,0.7830002,1
0.95576304,0.04423696,0
0.97711235,0.022887643,0
0.98479444,0.015205512,0
0.93633527,0.06366472,0
0.9254084,0.074591585,0
0.9970835,0.002916493,0
0.5045666,0.4954334,1
0.6551923,0.34480768,0
0.01700627,0.9829937,1
0.04602046,0.9539795,1
0.019908262,0.98009175,1
0.5738263,0.4261737,1
0.3736701,0.6263299,1
0.1501066,0.84989345,1
0.9946413,0.0053586224,0
0.95830256,0.041697387,0
0.38469452,0.6153055,1
0.91069406,0.089305915,0
0.9926125,0.007387448,0
0.99559116,0.0044088364,0
0.9916353,0.008364669,0
0.9851328,0.014867126,0
0.9694957,0.030504253,1
0.044870693,0.95512927,1
0.19502914,0.80497086,1
0.7100842,0.2899158,1
0.85765374,0.14234625,0
0.99311733,0.0068826824,0
0.9971131,0.00288691,0
0.9974597,0.0025402773,0
0.9633105,0.03668951,0
0.9548195,0.04518049,0
0.9442202,0.055779804,0
0.73202324,0.26797673,0
0.71308327,0.28691676,0
0.3096806,0.6903194,1
0.505715,0.49428508,1
0.47460252,0.5253974,1
0.6961784,0.3038217,0
0.70967233,0.29032764,0
0.22289117,0.77710885,1
0.98305076,0.01694924,0
0.9892786,0.010721336,0
0.9984396,0.0015604212,0
0.10904345,0.8909565,1
0.34651205,0.653488,1
0.3390037,0.66099626,1
0.33159825,0.6684017,1
0.50920546,0.4907945,1
0.927417,0.072583035,0
0.99714285,0.002857152,0
0.9882159,0.011784061,0
0.76771766,0.23228236,0
0.7691213,0.23087874,0
0.82861644,0.17138354,0
0.7984822,0.20151776,0
0.73196685,0.26803315,0
0.6476109,0.352389,1
0.75160336,0.24839665,0
0.8316359,0.16836412,0
0.9985057,0.0014943335,0
0.9970696,0.002930423,0
0.8783956,0.12160437,0
0.890353,0.10964694,0
0.82658476,0.17341526,0
0.822477,0.17752305,0
0.9186889,0.08131111,0
0.92244154,0.077558376,0
0.9130283,0.08697174,0
0.6988241,0.30117586,1
0.64885783,0.3511422,1
0.54498,0.45501995,1
0.48358202,0.516418,1
0.5522363,0.44776362,1
0.8118335,0.18816654,0
0.7795851,0.22041488,0
0.397112,0.60288805,0
0.021982608,0.97801745,1
0.0042063184,0.9957937,1
0.04980494,0.9501951,1
0.6323467,0.3676533,0
0.6643822,0.3356178,0
0.6867571,0.31324294,0
0.5132036,0.48679638,0
0.63791734,0.3620827,0
0.5786544,0.4213456,0
0.06900067,0.9309993,1
0.32179353,0.67820644,0
0.2717277,0.72827226,0
0.5058499,0.49415007,0
0.51812726,0.48187268,0
0.014261447,0.9857385,1
0.9457668,0.05423318,0
0.19534647,0.8046535,1
0.09203525,0.9079647,1
0.07108579,0.9289142,1
0.10601294,0.89398706,1
0.12109938,0.8789006,1
0.07532664,0.9246734,1
0.9421067,0.057893284,0
0.630642,0.36935797,1
0.53700167,0.4629984,0
0.29018858,0.7098114,0
0.14798078,0.8520192,1
0.099357486,0.9006425,1
0.06508779,0.9349122,1
0.05947632,0.9405237,1
0.06709042,0.93290955,1
0.06703919,0.9329608,1
0.052606057,0.94739395,1
0.08546513,0.9145349,1
0.110101484,0.88989854,1
0.18189284,0.8181071,0
0.2286553,0.77134466,0
0.30365413,0.6963458,0
0.5849335,0.4150665,0
0.9974854,0.0025145472,0
0.93893576,0.061064277,0
0.8240756,0.1759244,0
0.7431596,0.2568404,0
0.9209842,0.079015784,0
0.7221098,0.27789015,0
0.34392822,0.6560718,0
0.72319216,0.2768079,0
0.51545405,0.48454592,0
0.388298,0.611702,1
0.30309737,0.69690263,1
0.99831057,0.0016894467,0
0.98046553,0.019534443,0
0.9938763,0.0061237304,0
0.9854146,0.014585417,0
0.96424305,0.035756964,0
0.48515674,0.5148433,0
0.2921254,0.70787454,1
0.1208817,0.87911826,1
0.16604573,0.83395433,0
0.12220822,0.87779176,1
0.19617732,0.80382276,0
0.29537335,0.7046266,0
0.275655,0.72434497,1
0.37093118,0.6290688,1
0.6508833,0.34911662,0
0.61057407,0.38942593,1
0.5271668,0.47283316,1
0.39058647,0.60941356,1
0.016180648,0.9838194,1
0.0048837876,0.99511623,1
0.0061029023,0.99389714,1
0.010605235,0.9893947,1
0.011071847,0.9889282,1
0.011603392,0.9883966,1
0.006240881,0.99375916,1
0.0070522353,0.9929477,1
0.53439516,0.46560478,0
0.25205737,0.7479427,1
0.5180593,0.48194072,0
0.53415674,0.46584332,0
0.6072257,0.39277425,0
0.46177092,0.53822917,0
0.5114553,0.48854476,0
0.019303085,0.9806969,1
0.6479264,0.3520737,0
0.9658152,0.03418484,0
0.78703666,0.21296331,0
0.8788564,0.12114359,0
0.4499913,0.5500087,1
0.41871628,0.5812837,1
0.14445482,0.8555452,1
0.24422142,0.7557786,0
0.08952311,0.9104769,1
0.40555248,0.5944475,1
0.9860535,0.013946428,0
0.6612361,0.3387639,1
0.24524058,0.7547595,1
0.3226087,0.67739123,0
0.3501928,0.6498073,0
0.65810025,0.3418997,0
0.96827924,0.031720787,0
0.99326706,0.0067329598,0
0.8830031,0.11699689,0
0.92169905,0.07830092,0
0.89637786,0.10362215,0
0.89935917,0.100640826,0
0.5248657,0.47513434,0
0.45396546,0.5460345,0
0.6706113,0.32938868,0
0.7576436,0.24235642,0
0.7602515,0.23974845,0
0.7638821,0.23611794,0
0.018979218,0.9810208,1
0.19444552,0.8055545,1
0.9217383,0.078261614,0
0.7125517,0.28744823,0
0.8361429,0.16385712,0
0.43036574,0.56963426,0
0.6317313,0.3682687,0
0.6191123,0.38088766,0
0.99566674,0.004333234,0
0.9968117,0.00318831,0
0.9280221,0.07197792,0
0.75443304,0.245567,0
0.31020844,0.6897916,0
0.82413864,0.1758614,0
0.8298516,0.17014837,0
0.8098238,0.19017614,0
0.78881735,0.21118261,0
0.05760921,0.9423908,1
0.09085142,0.90914863,1
0.17600095,0.82399905,1
0.2073066,0.7926934,1
0.7407044,0.25929555,0
0.79952073,0.20047933,0
0.011043309,0.98895675,1
0.008983195,0.99101675,1
0.012290484,0.9877095,1
0.026480608,0.9735194,0
0.6658368,0.3341632,0
0.60519254,0.3948075,0
0.94919515,0.050804902,0
0.90922123,0.090778776,0
0.77813494,0.22186509,0
0.1798165,0.8201835,1
0.6447757,0.3552243,0
0.64142984,0.3585702,0
0.9703818,0.029618267,0
0.88703644,0.11296353,0
0.18131411,0.81868595,1
0.018250246,0.9817498,1
0.9805172,0.019482816,0
0.86598617,0.13401383,0
0.79186773,0.20813228,0
0.4027005,0.5972995,0
0.9832212,0.016778866,0
0.99095845,0.009041561,0
0.9607985,0.03920149,0
0.7768147,0.22318536,0
0.8271676,0.17283244,0
0.84023124,0.15976878,0
0.67324775,0.32675225,0
0.5973043,0.4026957,0
0.99684024,0.003159782,0
0.9968629,0.003137124,0
0.97947264,0.02052744,0
0.95490223,0.045097798,0
0.7069779,0.2930221,1
0.08962859,0.91037136,1
0.78482836,0.2151717,0
0.80068004,0.1993199,0
0.7912279,0.20877212,0
0.88344836,0.11655164,0
0.86895806,0.13104196,0
0.8901483,0.10985167,0
0.9231148,0.076885246,0
0.7773035,0.22269656,0
0.7285558,0.27144426,0
0.99703085,0.0029691614,0
0.996646,0.003354011,0
0.9701433,0.029856743,0
0.93759036,0.062409583,0
0.808061,0.19193898,0
0.91211385,0.08788619,0
0.866645,0.13335499,0
0.71406716,0.2859328,0
0.66755944,0.33244056,0
0.7620934,0.23790652,0
0.69101757,0.30898243,0
0.20474991,0.79525006,0
0.0101079205,0.9898921,1
0.010398888,0.9896011,1
0.34171894,0.65828115,0
0.60820436,0.39179567,0
0.54141825,0.45858172,1
0.61726964,0.38273036,0
0.64151216,0.3584878,0
0.6390674,0.36093256,0
0.583983,0.416017,0
0.10635138,0.8936486,1
0.86636734,0.13363265,0
0.97341835,0.02658168,0
0.8094325,0.1905675,0
0.4181384,0.58186156,0
0.45828968,0.54171026,0
0.47450647,0.52549356,0
0.06980167,0.93019825,1
0.11170789,0.88829213,1
0.9943323,0.005667707,0
0.85011524,0.1498848,0
0.17685299,0.823147,1
0.053054083,0.94694585,1
0.03139546,0.9686045,1
0.06455385,0.9354462,1
0.09460493,0.90539503,1
0.1402958,0.85970414,1
0.84167624,0.15832376,0
0.9960555,0.003944485,0
0.99855226,0.0014477313,0
0.99553937,0.0044606193,0
0.38496277,0.6150372,0
0.23478065,0.7652194,0
0.20510575,0.7948942,0
0.28172344,0.71827656,0
0.60469925,0.39530078,0
0.8148599,0.18514009,0
0.9131527,0.08684732,0
0.9036034,0.09639667,0
0.95602274,0.043977335,0
0.8522245,0.14777547,0
0.58663017,0.4133698,0
0.72476226,0.2752377,0
0.48367158,0.5163284,1
0.0968934,0.90310663,1
0.47843075,0.5215693,0
0.59003633,0.4099636,0
0.2873779,0.7126221,1
0.18708245,0.81291753,1
0.5626339,0.43736616,1
0.734947,0.265053,0
0.49635527,0.50364476,0
0.99019814,0.009801923,0
0.31063277,0.68936723,1
0.9986389,0.0013610253,0
0.1547328,0.84526724,1
0.12471811,0.8752819,1
0.07180819,0.92819184,1
0.07200823,0.9279918,1
0.123234585,0.8767654,1
0.13827875,0.8617212,0
0.34300196,0.6569981,0
0.49692905,0.50307095,1
0.9973068,0.0026932252,0
0.6986697,0.30133036,1
0.853749,0.14625107,0
0.054719735,0.94528025,1
0.2570313,0.7429687,0
0.114964955,0.88503504,1
0.99845624,0.0015437058,0
0.93519914,0.064800866,0
0.33080783,0.66919214,0
0.019726422,0.9802736,1
0.020559123,0.9794408,1
0.0061067557,0.99389327,1
0.051773623,0.9482264,1
0.006410063,0.99359,1
0.0192479,0.9807521,1
0.6196006,0.3803994,0
0.19927421,0.80072576,1
0.9903439,0.009656135,0
0.08162141,0.9183786,1
0.021244248,0.9787557,1
0.039926965,0.960073,1
0.059288308,0.9407117,1
0.094554074,0.90544593,1
0.9979867,0.002013307,0
0.99391454,0.0060854917,0
0.98280495,0.017195016,0
0.97751826,0.0224818,0
0.71422416,0.2857758,0
0.43371707,0.5662829,0
0.40796205,0.5920379,0
0.1449714,0.8550286,1
0.20307016,0.79692984,1
0.08680219,0.9131978,1
0.12205434,0.8779456,1
0.9187908,0.08120914,0
0.40596867,0.5940314,1
0.87066776,0.12933223,0
0.9985258,0.0014742623,0
0.998638,0.001362073,0
0.99872774,0.0012722834,0
0.99644107,0.0035589256,0
0.01973336,0.98026663,1
0.01709006,0.98291,1
0.024526397,0.97547364,1
0.046258274,0.9537418,1
0.24502957,0.75497043,0
0.99736136,0.0026386583,0
0.2974863,0.7025137,0
0.006796411,0.9932035,1
0.021770637,0.97822934,1
0.10122596,0.8987741,1
0.2837623,0.71623766,0
0.07120699,0.9287931,1
0.055293936,0.944706,1
0.99712497,0.002874972,0
0.99793786,0.0020620928,0
0.9949839,0.005016059,0
0.8944714,0.105528556,0
0.62451327,0.37548676,0
0.25384855,0.7461514,0
0.112461194,0.88753885,0
0.0061334018,0.9938666,1
0.036188327,0.96381164,1
0.016288795,0.9837112,1
0.032022722,0.9679772,1
0.14370038,0.8562996,1
0.13624682,0.86375314,1
0.04535131,0.95464873,0
0.9904298,0.009570123,0
0.76259726,0.23740272,0
0.8909008,0.10909914,0
0.8977859,0.10221414,0
0.7420617,0.25793836,0
0.0043753935,0.9956246,1
0.004581021,0.995419,1
0.6016069,0.39839306,0
0.92471665,0.075283356,0
0.8966312,0.10336882,0
0.94005686,0.059943095,0
0.7396585,0.26034153,0
0.022888208,0.97711176,0
0.009212364,0.9907877,1
0.0054130657,0.99458694,1
0.010394405,0.98960567,1
0.008219336,0.9917807,1
0.0046832673,0.99531674,1
0.007693033,0.992307,1
0.114932455,0.8850675,1
0.23284425,0.76715577,0
0.88905,0.11095006,0
0.99069136,0.009308615,0
0.7467625,0.2532375,0
0.797376,0.20262404,0
0.08963855,0.9103614,0
0.08552302,0.914477,1
0.25935954,0.74064046,0
0.21374714,0.78625286,1
0.99718434,0.0028156098,0
0.9929889,0.0070111617,0
0.2008342,0.7991658,1
0.66983634,0.3301636,0
0.8280711,0.17192893,0
0.81156564,0.18843432,0
0.998343,0.0016570298,0
0.99884534,0.0011546451,0
0.99879706,0.0012029019,0
0.027629059,0.9723709,1
0.73126245,0.2687375,0
0.054926746,0.94507325,1
0.7391694,0.26083058,0
0.8134086,0.18659143,0
0.76719403,0.23280595,0
0.020826027,0.97917396,1
0.24245138,0.7575486,1
0.61652935,0.38347068,0
0.724281,0.27571896,1
0.5162773,0.48372266,1
0.2336386,0.7663614,1
0.998814,0.0011859981,0
0.94247353,0.057526506,0
0.7996302,0.20036978,0
0.78124684,0.21875319,0
0.01221858,0.9877814,1
0.2385098,0.7614902,0
0.011457422,0.98854256,1
0.015462747,0.98453724,1
0.025770841,0.97422916,1
0.17829692,0.8217031,1
0.49941185,0.50058824,0
0.13059929,0.86940074,1
0.9982607,0.0017393038,0
0.95116615,0.048833817,0
0.5452282,0.45477182,0
0.6387604,0.36123958,0
0.7763345,0.22366548,0
0.7322489,0.2677511,0
0.12295092,0.8770491,0
0.03992282,0.96007717,1
0.05867189,0.9413281,1
0.5996603,0.4003397,0
0.46478698,0.53521305,1
0.994253,0.0057469564,0
0.9905247,0.00947533,0
0.9759563,0.024043728,0
0.8816763,0.1183237,0
0.881014,0.11898607,0
0.021374479,0.97862554,1
0.015407688,0.98459226,1
0.10649751,0.8935025,1
0.17857066,0.8214293,1
0.49547654,0.50452346,1
0.9863711,0.013628839,0
0.99807465,0.0019253211,0
0.009243684,0.99075633,1
0.011575889,0.9884241,1
0.010618118,0.9893819,1
0.004568375,0.99543166,1
0.05362304,0.946377,1
0.11329617,0.8867038,1
0.67898285,0.32101715,0
0.71261746,0.28738248,0
0.99505866,0.00494141,0
0.99856645,0.0014336148,0
0.45645303,0.543547,0
0.036836807,0.9631632,1
0.078478485,0.9215215,1
0.10863862,0.89136136,1
0.17981498,0.820185,1
0.5863819,0.41361815,0
0.80561376,0.19438621,0
0.15318392,0.8468161,1
0.31310192,0.68689805,1
0.62776023,0.37223974,1
0.48061806,0.519382,1
0.9988508,0.0011491977,0
0.75809413,0.24190587,0
0.8506141,0.1493859,0
0.81377727,0.18622276,0
0.22868082,0.77131915,1
0.3853819,0.61461806,0
0.84462136,0.1553786,0
0.7698245,0.23017552,0
0.9989434,0.0010565998,0
0.9985941,0.0014058929,0
0.9984854,0.0015146949,0
0.8564805,0.14351949,0
0.021336405,0.97866356,1
0.018318923,0.98168105,1
0.11270921,0.88729084,1
0.93063074,0.06936926,0
0.6943496,0.30565038,0
0.93648255,0.06351741,0
0.9988951,0.0011048749,0
0.8792128,0.12078721,0
0.87465364,0.12534633,0
0.26482153,0.73517853,1
0.005997518,0.9940025,1
0.063320845,0.9366791,1
0.33804262,0.6619574,0
0.89785826,0.10214169,0
0.5404877,0.4595123,0
0.99884903,0.0011509977,0
0.32322508,0.676775,0
0.26994106,0.73005897,1
0.3343565,0.6656435,0
0.39634466,0.60365534,0
0.65780735,0.34219265,0
0.8113994,0.1886006,0
0.30686316,0.6931368,1
0.03822128,0.9617787,1
0.07432658,0.9256734,1
0.6741482,0.3258518,0
0.61807936,0.38192067,0
0.6419462,0.35805383,0
0.60145986,0.39854008,1
0.65632457,0.3436754,1
0.9984711,0.0015288483,0
0.74176574,0.2582343,0
0.9114424,0.08855756,0
0.7956426,0.20435742,0
0.025179297,0.9748207,1
0.44873396,0.5512661,0
0.2713237,0.72867626,0
0.35663065,0.6433693,0
0.0060216696,0.9939784,1
0.009213326,0.9907866,1
0.601144,0.39885598,0
0.8616404,0.13835959,0
0.89023834,0.10976167,0
0.96396375,0.036036275,0
0.9518962,0.048103847,0
0.17349942,0.8265006,1
0.981159,0.018841071,0
0.99171036,0.00828961,0
0.99549603,0.0045039803,0
0.9973605,0.0026395167,0
0.99897134,0.001028692,0
0.99894196,0.0010580971,0
0.9959959,0.004004083,0
0.8372307,0.16276932,0
0.82604325,0.17395669,0
0.9089663,0.09103372,0
0.89982307,0.10017692,0
0.18409327,0.8159067,1
0.9367032,0.06329683,0
0.957148,0.04285201,0
0.9343277,0.065672256,0
0.97709596,0.022904104,0
0.993889,0.0061110025,0
0.9988337,0.0011663286,0
0.95775706,0.042242967,0
0.10513196,0.8948681,1
0.02512248,0.9748776,1
0.31903815,0.68096185,0
0.02207173,0.9779283,1
0.041654635,0.9583454,1
0.82041526,0.17958471,0
0.88601685,0.11398315,0
0.9475013,0.052498747,0
0.8067355,0.19326448,0
0.15682286,0.8431772,1
0.99218905,0.0078110024,0
0.99903214,0.0009678385,0
0.9504038,0.049596217,0
0.5618668,0.4381331,0
0.3780841,0.6219159,0
0.009800317,0.9901996,1
0.045066018,0.954934,1
0.11343423,0.88656574,1
0.78654104,0.21345894,0
0.9968928,0.003107194,0
0.99902856,0.0009714151,0
0.9990238,0.00097614754,0
0.9988568,0.001143169,0
0.097593844,0.90240616,0
0.011809714,0.9881903,1
0.026667282,0.97333276,1
0.32211435,0.6778856,0
0.99905986,0.00094018347,0
0.006068945,0.99393106,1
0.0049448037,0.9950552,1
0.006580875,0.9934191,1
0.6358996,0.3641004,0
0.004655528,0.99534446,1
0.0060398947,0.99396014,1
0.027934918,0.9720651,1
0.0149324555,0.9850676,1
0.41236192,0.5876381,0
0.44029826,0.55970174,0
0.7471357,0.25286427,0
0.9975349,0.0024651743,0
0.9990853,0.00091474183,0
0.9991078,0.00089222734,0
0.012208011,0.98779196,1
0.07300508,0.9269949,1
0.07920823,0.92079175,1
0.13606814,0.86393183,1
0.0066317045,0.9933683,1
0.8880597,0.111940384,0
0.51883,0.48117003,0
0.5310784,0.4689216,0
0.92103547,0.07896455,0
0.7778667,0.22213334,0
0.9990723,0.0009276779,0
0.8360639,0.1639361,0
0.07293321,0.92706674,1
0.8835389,0.11646111,0
0.4211962,0.5788038,0
0.7134465,0.2865536,0
0.9442822,0.05571779,0
0.98167855,0.018321458,0
0.9815004,0.018499583,0
0.9975725,0.0024275004,0
0.9990945,0.00090554275,0
0.90846926,0.0915307,0
0.048436765,0.9515633,1
0.007322921,0.9926771,1
0.99842,0.0015800477,0
0.9990625,0.00093755,0
0.9990791,0.0009209356,0
0.9990723,0.0009276063,0
0.9983797,0.0016202434,0
0.3555152,0.64448476,1
0.7639184,0.2360816,1
0.63123435,0.36876562,1
0.24495384,0.7550461,1
0.43661645,0.5633835,1
0.49858972,0.50141037,1
0.6156247,0.38437527,1
0.40138686,0.59861314,1
0.5445644,0.4554356,1
0.9964779,0.0035220827,0
0.9990983,0.0009017135,0
0.99891686,0.0010831723,0
0.9877314,0.012268659,0
0.539973,0.46002698,1
0.5519903,0.4480097,1
0.63349485,0.36650512,1
0.78122187,0.21877815,1
0.3446426,0.65535736,1
0.9990013,0.0009986521,0
0.9990845,0.0009155139,0
0.14157073,0.8584292,1
0.26835278,0.7316472,1
0.26428306,0.73571694,1
0.31519827,0.68480176,1
0.5374718,0.46252826,1
0.09055573,0.9094442,1
0.04127863,0.9587214,1
0.0957721,0.9042279,1
0.13528547,0.86471456,1
0.2356816,0.76431835,1
0.91652894,0.08347109,0
0.99905235,0.00094761857,0
0.085228086,0.91477185,1
0.40867734,0.5913227,1
0.48487702,0.51512295,1
0.439277,0.560723,1
0.017409468,0.9825905,1
0.07952044,0.92047954,1
0.9981504,0.0018495435,0
0.9984517,0.0015483018,0
0.99906427,0.0009357464,0
0.10724572,0.8927543,1
0.11821122,0.88178873,1
0.086804636,0.9131954,1
0.833098,0.16690199,0
0.9485635,0.05143648,0
0.7783898,0.22161023,1
0.00855374,0.99144626,1
0.005639272,0.99436074,1
0.50070477,0.4992953,0
0.2272024,0.7727976,1
0.9984353,0.0015646599,0
0.868044,0.13195597,0
0.41279727,0.58720267,0
0.061417907,0.93858206,1
0.09434849,0.9056515,1
0.88093126,0.119068794,0
0.13077189,0.86922807,0
0.17256981,0.8274302,1
0.45173085,0.54826915,0
0.88951623,0.11048376,0
0.9233038,0.07669621,0
0.9959149,0.0040851003,0
0.9920534,0.007946643,0
0.89491355,0.10508646,0
0.36868405,0.63131595,0
0.038198832,0.96180123,1
0.9990939,0.00090616854,0
0.047494963,0.95250505,1
0.014097194,0.9859028,1
0.015743086,0.9842569,1
0.042073984,0.95792603,1
0.116573945,0.88342613,0
0.01650254,0.9834975,1
0.17948921,0.8205108,0
0.99580944,0.0041905814,0
0.9990363,0.00096371997,0
0.16969593,0.830304,0
0.35346583,0.6465342,0
0.44606522,0.5539348,1
0.59081733,0.4091827,0
0.5089744,0.4910256,0
0.0069606476,0.9930394,1
0.5073645,0.4926355,1
0.48471072,0.5152893,1
0.5538837,0.44611633,1
0.93767875,0.062321313,0
0.9991084,0.0008915513,0
0.9990821,0.0009179316,0
0.6681938,0.33180618,1
0.08515583,0.9148442,1
0.020006303,0.9799937,1
0.015865035,0.984135,1
0.018082319,0.9819177,1
0.012093183,0.9879068,1
0.007451927,0.99254805,1
0.0063675763,0.9936325,1
0.007949534,0.99205047,1
0.022662234,0.9773377,0
0.1662663,0.8337337,0
0.9990798,0.00092011585,0
0.011861641,0.9881384,1
0.0121742245,0.9878258,1
0.00711151,0.9928885,1
0.44241935,0.5575806,0
0.55461514,0.44538483,0
0.9836766,0.016323406,0
0.7099571,0.29004288,0
0.4321924,0.5678076,0
0.020024285,0.97997576,1
0.45131075,0.54868925,0
0.2511889,0.748811,1
0.287411,0.71258897,1
0.75032085,0.24967912,0
0.5705813,0.42941865,0
0.49966964,0.5003303,0
0.53665954,0.46334046,0
0.53218615,0.46781385,0
0.07447503,0.9255249,1
0.24702549,0.7529745,1
0.09993517,0.9000648,1
0.8409219,0.15907809,0
0.23203193,0.76796806,1
0.47437468,0.52562535,0
0.9266425,0.073357545,0
0.94679034,0.053209644,0
0.9984738,0.0015262071,0
0.9990503,0.00094970333,0
0.99909806,0.0009020006,0
0.99908924,0.0009108143,0
0.98705727,0.012942756,0
0.018120784,0.9818792,1
0.027385212,0.97261477,1
0.018840862,0.9811591,1
0.054262053,0.945738,1
0.021627074,0.978373,1
0.025331667,0.9746684,1
0.020704526,0.9792955,1
0.399506,0.60049397,0
0.7428309,0.25716907,0
0.7659931,0.23400693,0
0.99909675,0.000903248,0
0.9836948,0.016305177,0
0.66065097,0.339349,0
0.63452107,0.3654789,0
0.6890719,0.31092817,0
0.01906672,0.9809333,1
0.021278692,0.9787214,1
0.6143273,0.3856727,0
0.58818907,0.41181087,1
0.7380075,0.26199248,0
0.9991054,0.0008945922,0
0.9990722,0.0009278309,0
0.56977826,0.43022177,1
0.15271537,0.8472847,1
0.4973422,0.50265783,1
0.00795643,0.99204355,1
0.008129805,0.99187016,1
0.483283,0.51671696,0
0.5812084,0.41879162,1
0.8180059,0.1819941,0
0.79057086,0.20942919,0
0.9481775,0.05182246,0
0.9990976,0.0009024368,0
0.047762323,0.95223767,1
0.04062738,0.9593726,1
0.047007248,0.95299274,1
0.37374777,0.6262523,1
0.25200045,0.7479995,1
0.020061124,0.97993886,1
0.011062871,0.98893714,1
0.016273528,0.98372644,1
0.011276818,0.98872316,1
0.022007788,0.97799224,1
0.14054392,0.859456,1
0.99906725,0.0009327591,0
0.95243114,0.047568843,0
0.012215667,0.9877843,1
0.0069169044,0.9930831,1
0.009080583,0.9909195,1
0.0062962803,0.99370366,1
0.014221723,0.9857782,0
0.46881387,0.53118616,0
0.7195871,0.28041294,0
0.68009406,0.3199059,0
0.99609995,0.003900097,0
0.9990932,0.00090684736,0
0.9971269,0.0028731397,0
0.08626137,0.91373867,1
0.11750682,0.8824932,1
0.20902982,0.79097015,1
0.39629823,0.60370183,0
0.9991009,0.00089914916,0
0.9990746,0.000925455,0
0.89409506,0.10590501,0
0.28105378,0.71894616,1
0.13326578,0.8667342,1
0.050716657,0.94928336,1
0.02172614,0.9782738,1
0.019262236,0.98073775,1
0.014101005,0.985899,1
0.017386211,0.98261374,1
0.06256361,0.93743634,1
0.07012591,0.92987406,1
0.0988642,0.90113574,1
0.38784504,0.61215496,0
0.99777895,0.0022210057,0
0.9602505,0.039749533,0
0.1174238,0.8825762,1
0.0402167,0.9597833,1
0.3026712,0.69732887,1
0.58158475,0.41841525,0
0.6672053,0.33279467,1
0.82627237,0.17372757,0
0.7576096,0.24239038,0
0.82019985,0.17980017,1
0.04052249,0.9594775,1
0.70255774,0.29744235,1
0.019350523,0.9806495,1
0.018896304,0.98110366,1
0.5710865,0.4289135,1
0.5373388,0.46266124,1
0.022399474,0.9776005,1
0.83147514,0.16852489,0
0.9990791,0.00092089426,0
0.9990528,0.0009471786,0
0.4804892,0.5195108,1
0.38937148,0.6106285,1
0.033078723,0.9669213,1
0.1271856,0.8728144,1
0.1681838,0.83181626,1
0.18065669,0.8193433,1
0.52255017,0.4774498,1
0.90783864,0.0921613,1
0.99907184,0.00092812703,0
0.4235009,0.57649904,1
0.021330332,0.97866964,1
0.039912015,0.96008795,1
0.51185197,0.488148,1
0.036166444,0.9638336,1
0.007309968,0.99269,1
0.00740342,0.9925965,1
0.05210507,0.947895,1
0.78586924,0.21413076,0
0.025066951,0.9749331,1
0.011877401,0.98812264,1
0.0150947645,0.9849052,1
0.01733497,0.982665,1
0.014650116,0.9853499,1
0.030885529,0.9691144,1
0.024401069,0.9755989,1
0.16009194,0.83990806,1
0.7703676,0.22963238,1
0.37964907,0.62035096,1
0.99619895,0.0038010783,0
0.9975164,0.0024836634,0
0.5284027,0.47159737,1
0.46244764,0.5375523,0
0.488672,0.5113279,1
0.5976669,0.40233302,1
0.7904256,0.2095744,1
0.693616,0.30638403,0
0.91319746,0.08680257,0
0.99228257,0.0077174865,0
0.8232956,0.1767044,0
0.88208026,0.11791977,0
0.9050796,0.09492039,0
0.43756923,0.56243074,1
0.47438335,0.52561665,0
0.6346968,0.3653032,0
0.57998997,0.42001,1
0.89893734,0.10106265,0
0.68781275,0.3121873,0
0.67534125,0.3246588,1
0.8238048,0.17619517,1
0.91363716,0.0863628,0
0.9129498,0.087050244,0
0.016309008,0.983691,1
0.03877837,0.96122164,1
0.546416,0.453584,0
0.7923601,0.20763986,0
0.12350387,0.87649614,1
0.8808283,0.11917169,0
0.78853106,0.21146895,0
0.99787354,0.0021264632,0
0.9973127,0.002687203,0
0.81429964,0.18570031,0
0.6193669,0.3806331,1
0.8590882,0.14091174,0
0.5113658,0.48863426,0
0.72378576,0.27621427,0
0.2648053,0.7351947,0
0.63961935,0.36038065,0
0.63879555,0.36120448,0
0.5823653,0.4176347,0
0.42789057,0.57210946,0
0.9894778,0.010522219,0
0.7287546,0.27124545,0
0.15976855,0.8402315,1
0.20001872,0.7999813,1
0.37997404,0.620026,1
0.346385,0.653615,1
0.47549862,0.5245013,0
0.3202552,0.6797448,1
0.017615743,0.9823843,1
0.008319594,0.99168044,1
0.008070363,0.99192965,1
0.4840889,0.5159111,1
0.0284316,0.9715684,0
0.028359134,0.9716409,1
0.033818197,0.9661818,1
0.10623282,0.8937672,1
0.2774255,0.7225745,1
0.3071575,0.6928425,0
0.7202468,0.27975324,0
0.862562,0.13743801,0
0.07693682,0.92306316,0
0.75711894,0.24288115,0
0.291619,0.708381,0
0.7403317,0.25966835,0
0.97886014,0.021139836,0
0.98141897,0.018580994,0
0.2642904,0.7357096,1
0.31721756,0.6827825,1
0.23519327,0.7648067,1
0.19828257,0.8017174,1
0.074762344,0.92523766,1
0.09933051,0.9006695,1
0.54918265,0.45081735,1
0.7826514,0.21734856,0
0.8855022,0.11449773,1
0.9959617,0.0040382347,0
0.9711148,0.028885243,0
0.5796298,0.42037022,1
0.91288054,0.087119505,0
0.9065806,0.093419366,0
0.8034538,0.19654618,0
0.022546327,0.97745365,1
0.9960019,0.003998063,0
0.99059594,0.009404039,0
0.9019532,0.098046765,0
0.6267878,0.3732122,0
0.6963069,0.3036931,0
0.7681338,0.2318662,0
0.3921284,0.6078716,1
0.9959189,0.004081052,0
0.62169284,0.37830725,0
0.6078194,0.3921806,0
0.6926643,0.30733567,0
0.6762502,0.32374978,0
0.66602176,0.3339782,0
0.6171727,0.38282728,0
0.4943525,0.50564754,1
0.49136087,0.5086391,1
0.7056269,0.29437304,0
0.7141726,0.2858274,0
0.83545715,0.16454284,1
0.8673984,0.13260162,0
0.9711889,0.028811134,0
0.9452835,0.054716505,0
0.034749497,0.9652505,1
0.16925128,0.8307487,1
0.010236179,0.98976386,1
0.011349825,0.9886502,1
0.009462229,0.99053776,1
0.008335613,0.9916644,1
0.030817995,0.9691821,1
0.19932784,0.8006722,0
0.93943566,0.0605643,0
0.25290924,0.7470907,0
0.058489777,0.94151014,1
0.6398598,0.3601402,0
0.7042771,0.2957229,0
0.44822812,0.5517719,0
0.005963855,0.9940361,1
0.086477816,0.9135221,1
0.07718641,0.9228136,1
0.16063899,0.83936095,1
0.5727585,0.4272415,0
0.59782314,0.4021769,0
0.7195026,0.28049737,0
0.98917764,0.01082242,0
0.72775286,0.27224717,0
0.096764274,0.9032358,1
0.07682058,0.9231794,1
0.07594581,0.92405415,1
0.08306568,0.91693425,1
0.2443013,0.75569874,0
0.35011998,0.64988005,0
0.73453176,0.26546827,0
0.88084227,0.11915769,0
0.9941485,0.005851567,0
0.039561894,0.96043813,1
0.116868,0.88313204,1
0.85335356,0.14664644,0
0.11747992,0.88252,1
0.9509775,0.04902246,0
0.99797064,0.0020293128,0
0.99685717,0.003142788,0
0.9969869,0.0030130825,0
0.89138913,0.10861092,0
0.63193774,0.3680623,0
0.058123775,0.94187623,1
0.9570934,0.04290657,0
0.020539718,0.97946024,1
0.46716666,0.53283334,1
0.4172464,0.5827536,1
0.85980546,0.1401945,0
0.81490535,0.18509464,1
0.0073378235,0.9926622,1
0.19401628,0.80598366,1
0.8610083,0.13899177,0
0.542559,0.45744097,0
0.0053444924,0.9946555,1
0.022837648,0.9771624,0
0.047917586,0.95208246,0
0.5104156,0.48958442,0
0.8824664,0.117533594,0
0.79598695,0.20401306,0
0.028586626,0.9714134,0
0.014078162,0.9859219,1
0.27566078,0.7243393,0
0.039331477,0.96066856,1
0.3542178,0.64578223,0
0.36191976,0.6380803,0
0.25996575,0.7400343,0
0.9937308,0.006269189,0
0.9931733,0.0068266243,0
0.5889292,0.4110708,0
0.108761035,0.8912389,0
0.11924268,0.8807574,0
0.99638593,0.0036140447,0
0.99563235,0.0043675792,0
0.68437874,0.31562132,0
0.031680934,0.96831906,1
0.011912114,0.98808783,1
0.044360094,0.9556399,1
0.7710342,0.2289659,0
0.4200122,0.5799879,1
0.059543762,0.9404562,1
0.19532534,0.8046747,1
0.72648567,0.27351436,0
0.07600457,0.92399544,1
0.97913796,0.020862024,0
0.32601783,0.6739822,0
0.8293529,0.17064707,0
0.14537373,0.85462624,1
0.11765492,0.8823451,1
0.9455446,0.05445542,0
0.9698234,0.03017662,0
0.9980332,0.0019667924,0
0.9984463,0.001553756,0
0.15929821,0.84070176,1
0.03209574,0.9679042,1
0.99379325,0.0062067723,0
0.99631447,0.0036854919,0
0.99494135,0.005058695,0
0.95646214,0.043537837,0
0.99084115,0.009158877,0
0.9862839,0.013716113,0
0.956043,0.04395697,0
0.8414594,0.1585406,0
0.97751665,0.022483395,0
0.043366134,0.9566339,1
0.9943473,0.005652726,0
0.99440867,0.0055912766,0
0.9946648,0.0053351726,0
0.94763595,0.052364003,0
0.87513286,0.124867104,0
0.8718138,0.12818626,1
0.9918139,0.008186113,0
0.8469956,0.15300442,0
0.9161086,0.08389138,0
0.9742191,0.025780892,0
0.9706551,0.029344961,0
0.8739052,0.1260948,0
0.51290345,0.4870965,0
0.5874735,0.4125265,0
0.8589262,0.14107382,0
0.96699166,0.033008315,0
0.77703536,0.22296464,0
0.7187974,0.2812026,0
0.026888464,0.97311157,1
0.06856763,0.9314323,0
0.06523301,0.93476695,0
0.16135633,0.83864367,1
0.6703223,0.32967773,1
0.6806373,0.31936267,1
0.6342854,0.3657146,0
0.54147375,0.45852622,0
0.22675939,0.77324057,0
0.20535225,0.7946478,1
0.151891,0.848109,1
0.08276959,0.9172304,1
0.07262215,0.9273778,1
0.49543425,0.5045658,0
0.5675958,0.43240416,0
0.9037013,0.09629873,0
0.41458228,0.5854177,1
0.49094453,0.50905555,1
0.96209973,0.03790025,0
0.99829704,0.0017029819,0
0.8892657,0.11073427,0
0.9759858,0.024014223,0
0.9964371,0.0035629254,0
0.99652135,0.0034787117,0
0.9965932,0.0034067573,0
0.069614284,0.9303857,1
0.0580504,0.94194967,1
0.08844878,0.9115512,1
0.9204634,0.0795366,0
0.7596302,0.24036977,1
0.4127044,0.5872956,1
0.9975891,0.0024108468,0
0.7400433,0.2599567,1
0.9759069,0.024093099,0
0.9938454,0.0061545754,0
0.9958787,0.004121259,0
0.99604946,0.0039505353,0
0.99514365,0.0048563713,0
0.14246118,0.8575389,1
0.90001476,0.099985234,0
0.42582285,0.5741772,1
0.30709374,0.69290626,1
0.99861693,0.0013830172,0
0.68932873,0.3106713,1
0.11589186,0.8841081,1
0.014958519,0.98504144,1
0.010890041,0.98911,1
0.15104371,0.84895635,0
0.9876309,0.012369132,0
0.8730198,0.12698017,0
0.016077863,0.9839221,1
0.8281208,0.17187916,0
0.9691482,0.03085179,0
0.9986376,0.0013624266,0
0.9663393,0.033660688,0
0.06758424,0.9324158,1
0.22779398,0.772206,0
0.022486066,0.9775139,1
0.98391485,0.016085139,0
0.95165384,0.048346173,0
0.9029411,0.09705895,0
0.66550237,0.3344976,0
0.11614957,0.88385046,1
0.3432532,0.65674675,1
0.9893995,0.010600529,0
0.9983374,0.0016625695,0
0.99862003,0.0013800032,0
0.9942985,0.0057015456,0
0.79059654,0.20940346,0
0.8621075,0.13789247,0
0.89945376,0.10054618,0
0.68393236,0.3160677,0
0.5442348,0.45576525,0
0.94053996,0.05946008,0
0.53148276,0.46851724,0
0.71260756,0.28739247,0
0.7630362,0.23696382,0
0.5101079,0.48989215,0
0.008574542,0.9914254,1
0.010560714,0.9894393,1
0.58747053,0.41252944,0
0.09365791,0.90634215,0
0.0235281,0.97647184,1
0.010075819,0.98992425,1
0.007081439,0.99291855,1
0.20204236,0.79795766,0
0.07366304,0.92633694,1
0.6606738,0.33932623,0
0.30948025,0.69051975,0
0.38501203,0.61498797,0
0.26138383,0.7386161,0
0.8800782,0.11992174,0
0.7735105,0.22648944,0
0.66349405,0.33650592,0
0.6834098,0.31659022,0
0.06880039,0.93119955,0
0.15904278,0.8409572,0
0.5876929,0.41230708,1
0.68762106,0.31237897,0
0.9971559,0.002844094,0
0.99786747,0.0021324686,0
0.49830607,0.50169396,1
0.08558832,0.91441166,1
0.40045032,0.5995497,1
0.5296982,0.4703018,0
0.98843676,0.011563173,0
0.98873097,0.011269065,0
0.9840412,0.015958754,0
0.05375723,0.9462428,1
0.17881703,0.82118297,1
0.64923763,0.35076237,0
0.7217447,0.27825528,0
0.82799435,0.17200564,0
0.96902454,0.030975519,0
0.99702734,0.0029727325,0
0.9925922,0.0074078687,0
0.58003676,0.41996324,0
0.6138151,0.38618487,1
0.48944345,0.5105566,1
0.032984413,0.9670156,1
0.51078564,0.48921433,1
0.7241554,0.27584457,1
0.7489515,0.2510485,1
0.9972498,0.0027501774,0
0.061471503,0.9385285,1
0.6764943,0.3235057,1
0.0051107462,0.99488926,1
0.00546359,0.9945364,1
0.075402915,0.92459714,1
0.04418326,0.95581675,1
0.07615002,0.92385,1
0.1065571,0.8934429,0
0.5943286,0.4056714,0
0.8730764,0.12692356,0
0.884495,0.11550501,0
0.93955034,0.060449634,0
0.81336105,0.18663894,0
0.8283319,0.1716681,0
0.3711874,0.6288126,1
0.472733,0.52726704,0
0.7842208,0.21577913,0
0.93173826,0.06826175,0
0.95002484,0.04997516,0
0.81215525,0.18784475,0
0.6563876,0.3436124,0
0.6607822,0.33921775,0
0.68810654,0.31189346,0
0.6246844,0.3753156,0
0.5967726,0.40322742,0
0.53562784,0.46437213,0
0.21015687,0.78984314,0
0.008530406,0.99146956,1
0.025067229,0.97493273,1
0.60155433,0.39844567,0
0.7874397,0.21256031,0
0.8375753,0.16242474,0
0.005605069,0.9943949,1
0.007774781,0.99222517,1
0.0075119496,0.992488,1
0.004949,0.99505097,1
0.0049390746,0.99506086,1
0.0050879484,0.9949121,1
0.004315362,0.9956846,1
0.3748266,0.6251734,0
0.36269146,0.63730854,0
0.94481295,0.055187065,0
0.4728765,0.52712345,0
0.77970344,0.22029652,0
0.9971693,0.0028306418,0
0.661362,0.33863804,0
0.90660113,0.09339892,0
0.9235597,0.07644032,0
0.17097,0.82903,1
0.9545038,0.04549615,0
0.7595712,0.2404288,0
0.12364262,0.8763573,1
0.04641199,0.953588,1
0.09119698,0.908803,1
0.40773237,0.5922676,1
0.73634404,0.26365602,0
0.9247592,0.075240776,0
0.9636934,0.036306567,0
0.9918445,0.0081555005,0
0.97622776,0.023772294,0
0.9629126,0.03708739,0
0.8382942,0.16170579,0
0.019182514,0.98081744,1
0.040535767,0.9594642,1
0.65690804,0.34309196,1
0.22832495,0.77167505,1
0.9384627,0.061537288,0
0.99789715,0.0021028607,0
0.9651286,0.034871466,0
0.12213325,0.8778667,1
0.010372003,0.98962796,1
0.840543,0.15945698,0
0.8157127,0.1842873,0
0.38575163,0.61424834,1
0.62489563,0.3751043,0
0.7348277,0.26517224,0
0.75880283,0.24119718,0
0.41920856,0.58079135,1
0.35699418,0.64300585,1
0.76201904,0.23798099,0
0.87211335,0.1278867,0
0.9165824,0.08341764,0
0.9234111,0.076588936,0
0.8428899,0.15711011,0
0.9952539,0.00474606,0
0.9531679,0.046832033,1
0.98463655,0.01536351,0
0.9945186,0.005481377,0
0.36071268,0.6392873,1
0.5336154,0.46638462,0
0.94136226,0.058637716,0
0.42701375,0.57298625,1
0.5095136,0.49048638,1
0.701705,0.298295,0
0.83850735,0.16149263,1
0.7002765,0.2997235,1
0.6726602,0.32733983,0
0.9765662,0.023433793,0
0.16140498,0.83859503,1
0.119693525,0.8803065,1
0.6005931,0.3994069,1
0.9142436,0.08575643,1
0.0769916,0.92300844,1
0.06376083,0.9362391,1
0.06372134,0.93627864,1
0.050929915,0.94907004,1
0.080142386,0.91985756,1
0.016649269,0.9833507,1
0.06916476,0.93083525,1
0.16757454,0.8324255,1
0.33185297,0.6681471,0
0.9988777,0.0011223044,0
0.9179876,0.08201241,0
0.5442837,0.45571634,0
0.9598779,0.04012207,0
0.12529427,0.87470573,1
0.04236522,0.9576348,1
0.062990904,0.93700916,1
0.6291732,0.37082675,0
0.84782475,0.1521752,0
0.5807375,0.41926256,0
0.99455065,0.0054493444,0
0.9990081,0.0009919471,0
0.9594057,0.040594283,0
0.46712148,0.53287846,1
0.4234642,0.5765358,1
0.741704,0.258296,0
0.965424,0.034575995,0
0.99455535,0.0054446845,0
0.98950505,0.0104949875,0
0.81767994,0.18232007,0
0.15670162,0.8432984,1
0.20450953,0.7954905,1
0.62291527,0.37708473,0
0.45033807,0.54966193,1
0.46397457,0.53602546,1
0.91260743,0.0873926,0
0.98577756,0.014222514,0
0.93185467,0.06814533,0
0.5106447,0.48935536,1
0.5783375,0.42166248,1
0.8323657,0.1676343,0
0.9969363,0.0030636294,0
0.99898523,0.001014698,0
0.9771855,0.022814503,0
0.12921005,0.87078995,1
0.7281843,0.27181572,0
0.9979145,0.002085465,0
0.9395294,0.06047062,0
0.44822714,0.5517729,1
0.7937555,0.20624453,0
0.41421297,0.58578706,1
0.53257895,0.46742108,1
0.99885726,0.0011427951,0
0.65329826,0.3467017,1
0.039997675,0.96000236,1
0.043545753,0.9564543,1
0.0065522445,0.9934477,1
0.013064536,0.98693544,1
0.05579306,0.9442069,1
0.4394342,0.5605659,1
0.5211333,0.4788667,0
0.61815333,0.38184664,0
0.9983052,0.0016947339,0
0.9973646,0.002635483,0
0.037329856,0.9626702,1
0.04737633,0.95262367,1
0.11231841,0.8876816,1
0.23261231,0.7673877,0
0.3419057,0.6580943,0
0.6267443,0.37325573,0
0.055373598,0.9446264,1
0.0804557,0.9195443,1
0.4404465,0.5595535,0
0.468974,0.53102607,0
0.5140456,0.48595443,0
0.4117053,0.5882947,0
0.81408626,0.18591374,0
0.98965305,0.010346934,0
0.88490367,0.11509631,0
0.52218384,0.47781608,1
0.3748887,0.62511134,1
0.3268209,0.6731791,1
0.1592324,0.8407677,1
0.88982725,0.11017279,1
0.9104502,0.08954981,0
0.038048632,0.9619513,1
0.06568225,0.9343177,1
0.60459965,0.39540035,1
0.75286555,0.24713442,0
0.9955187,0.0044813463,0
0.9660028,0.03399721,0
0.5077264,0.4922737,1
0.9960705,0.003929443,0
0.23409675,0.76590323,1
0.6184934,0.3815067,1
0.99899596,0.0010040413,0
0.81517774,0.1848222,1
0.65656376,0.34343627,1
0.5965995,0.40340045,1
0.99123114,0.008768824,0
0.9725505,0.027449539,0
0.921533,0.078466974,0
0.51308674,0.48691326,1
0.6740585,0.32594156,0
0.5408587,0.45914125,1
0.92031455,0.07968545,0
0.9656795,0.03432042,0
0.9278085,0.07219154,0
0.95681274,0.043187223,0
0.92273885,0.077261135,0
0.7621245,0.23787558,0
0.996236,0.0037640242,0
0.9212112,0.07878883,0
0.99800414,0.0019959034,0
0.9959676,0.0040323227,0
0.5481435,0.45185658,0
0.72367865,0.27632135,0
0.8139932,0.18600681,0
0.7521991,0.24780092,0
0.8501903,0.14980969,0
0.998334,0.0016660604,0
0.749042,0.250958,1
0.6617536,0.3382464,1
0.34189534,0.65810466,1
0.35454115,0.6454589,1
0.9886919,0.011308112,0
0.99832135,0.0016785939,0
0.018531928,0.98146814,1
0.14890802,0.85109204,1
0.9556187,0.04438128,0
0.9986664,0.0013335986,0
0.99891925,0.0010807728,0
0.0114612095,0.9885388,1
0.028857058,0.9711429,1
0.041581508,0.95841855,1
0.009701066,0.99029887,1
0.092897594,0.9071024,0
0.43981495,0.5601851,0
0.69162035,0.30837968,0
0.661458,0.33854192,0
0.99723864,0.002761366,0
0.007713496,0.99228656,1
0.0057891784,0.99421084,1
0.004635206,0.9953648,1
0.07146396,0.928536,0
0.0066185617,0.9933815,1
0.80673003,0.19327001,0
0.8087935,0.19120653,0
0.9103102,0.08968976,0
0.8818971,0.118102856,0
0.8938652,0.106134765,0
0.9951682,0.004831849,0
0.24080594,0.7591941,0
0.82819825,0.17180178,0
0.8761334,0.12386669,0
0.8462035,0.15379651,0
0.07287622,0.92712384,1
0.9875409,0.0124591375,0
0.8994759,0.10052418,0
0.8826089,0.11739112,0
0.997696,0.0023040464,0
0.7695479,0.23045215,0
0.55599546,0.4440045,0
0.5414493,0.45855066,0
0.55909204,0.44090798,0
0.5587836,0.4412164,0
0.60999,0.39000997,0
0.6611271,0.33887294,0
0.72449243,0.2755076,0
0.7096948,0.29030526,0
0.71840185,0.28159818,0
0.50004286,0.49995714,0
0.63676405,0.36323595,0
0.81960666,0.18039334,0
0.57326347,0.42673656,0
0.83761275,0.16238719,0
0.9984415,0.001558467,0
0.9985038,0.0014961909,0
0.5992534,0.40074652,0
0.79295003,0.20704995,0
0.9047297,0.095270276,0
0.6427966,0.3572034,0
0.70699567,0.2930043,1
0.66921407,0.33078587,1
0.9947068,0.0052932743,0
0.9977241,0.0022758467,0
0.632081,0.367919,1
0.9820955,0.01790452,0
0.93855304,0.061446972,1
0.9819758,0.018024212,0
0.994389,0.0056109377,0
0.75455594,0.24544407,0
0.41224158,0.5877584,1
0.75984013,0.24015984,0
0.9249674,0.075032584,0
0.94947726,0.05052276,0
0.9987212,0.0012787427,0
0.98541695,0.014583017,0
0.67226666,0.32773334,1
0.64067113,0.35932884,1
0.6569922,0.34300777,1
0.6407203,0.35927972,1
0.63428843,0.3657115,0
0.70234805,0.29765192,0
0.8264288,0.17357123,0
0.98481256,0.015187437,1
0.43762004,0.5623799,1
0.007010813,0.9929892,1
0.008703811,0.9912962,1
0.0048276046,0.99517244,1
0.023105936,0.9768941,1
0.43258578,0.56741416,1
0.59528345,0.40471658,1
0.6954624,0.30453753,1
0.87619686,0.12380315,0
0.023873398,0.9761267,1
0.07791746,0.92208254,0
0.099247135,0.9007529,0
0.7263679,0.27363208,0
0.97779274,0.022207297,0
0.8086048,0.19139521,0
0.8664947,0.1335053,0
0.8039961,0.19600393,0
0.9981071,0.0018928788,0
0.9980615,0.0019385538,0
0.93402755,0.06597246,0
0.24220471,0.7577953,0
0.09591387,0.9040861,1
0.19316128,0.80683875,0
0.9674672,0.032532837,0
0.0055602905,0.9944397,1
0.0139330635,0.9860669,1
0.019630266,0.98036975,1
0.9981123,0.0018876655,0
0.56806463,0.43193537,0
0.6274164,0.37258366,0
0.66944504,0.33055502,0
0.68885046,0.31114954,0
0.8824622,0.117537856,0
0.9779603,0.022039661,0
0.97104836,0.028951688,0
0.9632052,0.036794845,0
0.8464124,0.15358762,0
0.5195022,0.48049778,1
0.73299044,0.2670096,0
0.9221342,0.07786578,1
0.9975926,0.0024072998,0
0.9989768,0.0010231907,0
0.9985342,0.001465812,0
0.9960318,0.003968218,0
0.985296,0.014704028,0
0.99787116,0.0021288677,0
0.9954905,0.004509564,0
0.6299473,0.3700526,0
0.84637886,0.15362114,0
0.7061126,0.29388738,1
0.8752018,0.12479817,0
0.7776543,0.22234575,0
0.9982535,0.0017464577,0
0.99891865,0.0010813774,0
0.81104934,0.18895063,1
0.8000834,0.19991663,1
0.84500945,0.15499063,0
0.94506174,0.054938268,0
0.8807583,0.11924173,0
0.83192754,0.16807252,1
0.74794954,0.25205046,1
0.80658305,0.19341694,0
0.7776586,0.22234143,0
0.99887115,0.0011288858,0
0.2814812,0.71851873,1
0.93129706,0.06870291,0
0.17963342,0.8203666,1
0.23203091,0.76796913,1
0.25264445,0.74735546,1
0.33002797,0.66997206,1
0.42821538,0.5717846,1
0.2973536,0.7026464,1
0.28830743,0.7116926,1
0.33762288,0.6623771,1
0.4653076,0.5346924,1
0.99893135,0.0010686365,0
0.9979843,0.0020156864,0
0.26105636,0.73894364,1
0.13929594,0.86070406,1
0.14683002,0.85317,1
0.38099694,0.61900306,1
0.83249307,0.16750692,0
0.98223567,0.017764343,0
0.99899846,0.0010015143,0
0.35594264,0.64405733,1
0.31198323,0.68801683,1
0.35447577,0.6455242,1
0.35576338,0.6442366,1
0.23029573,0.7697043,1
0.2447766,0.75522345,1
0.26366952,0.73633045,1
0.50671387,0.49328604,1
0.51005524,0.48994473,1
0.53920895,0.4607911,0
0.5417379,0.45826206,0
0.76460814,0.23539183,0
0.5309339,0.4690661,0
0.9986657,0.0013343011,0
0.023495574,0.9765045,1
0.020990819,0.9790092,1
0.0059970296,0.994003,1
0.70036703,0.299633,0
0.7195955,0.28040457,0
0.0071320776,0.99286795,1
0.015611373,0.9843886,1
0.9045678,0.09543217,0
0.9182197,0.08178034,0
0.9985582,0.0014417623,0
0.9840258,0.015974248,0
0.0059425,0.99405754,1
0.005012357,0.9949876,1
0.005323432,0.9946766,1
0.0052945167,0.9947055,1
0.049613386,0.9503866,0
0.5560708,0.4439292,0
0.99742484,0.0025752026,0
0.9979261,0.0020738936,0
0.77463627,0.22536378,0
0.93387616,0.06612389,0
0.98289376,0.017106248,0
0.9730454,0.02695455,0
0.48519868,0.5148014,0
0.6085752,0.39142483,0
0.9375909,0.062409054,0
0.98715657,0.012843443,0
0.99678874,0.003211303,0
0.98169947,0.018300554,0
0.6746836,0.3253164,0
0.6476703,0.35232967,0
0.6460447,0.3539554,0
0.6183535,0.38164657,0
0.010946265,0.9890537,1
0.21039921,0.7896008,1
0.73684424,0.26315573,0
0.99667764,0.003322404,0
0.6655217,0.33447832,1
0.018382834,0.9816172,1
0.008416284,0.9915837,1
0.016243594,0.9837564,1
0.005510499,0.99448943,1
0.0062074494,0.9937926,1
0.91385525,0.086144745,0
0.9564213,0.043578703,0
0.8991487,0.10085129,0
0.99777585,0.0022241932,0
0.99752265,0.0024773735,0
0.031867616,0.96813244,1
0.004554955,0.995445,1
0.009821089,0.99017894,1
0.06149638,0.9385036,0
0.73887247,0.26112762,0
0.19658168,0.80341834,0
0.220365,0.7796351,0
0.9986368,0.0013631709,0
0.99841094,0.0015890533,0
0.0116895065,0.9883106,1
0.012721666,0.98727834,1
0.15503046,0.8449696,0
0.17188118,0.82811886,0
0.12616362,0.87383634,0
0.012097113,0.9879028,1
0.051556535,0.9484435,1
0.98944926,0.010550713,0
0.99752027,0.002479652,0
0.2538839,0.7461161,0
0.01931057,0.98068947,0
0.7884532,0.21154675,0
0.7612943,0.23870572,0
0.82690924,0.17309077,0
0.74881893,0.25118104,0
0.93983066,0.060169365,0
0.43753022,0.5624698,0
0.42603695,0.57396305,0
0.41927505,0.58072495,0
0.5612986,0.43870133,0
0.8511004,0.1488996,0
0.83310837,0.1668917,0
0.8714269,0.12857305,0
0.86148345,0.13851659,0
0.73398703,0.26601294,1
0.98727256,0.012727447,0
0.99881375,0.0011862575,0
0.99783677,0.0021632914,0
0.9862921,0.013707825,0
0.86108416,0.13891582,0
0.5568726,0.4431274,1
0.95003986,0.04996014,0
0.99550724,0.0044926945,0
0.99122626,0.008773737,0
0.99849904,0.0015010316,0
0.596789,0.40321103,1
0.52695817,0.47304183,1
0.6812375,0.31876248,0
0.012364147,0.9876359,1
0.017816901,0.9821831,1
0.0295031,0.97049683,1
0.03617396,0.96382606,1
0.9985246,0.00147544,0
0.94595003,0.054050017,0
0.95039487,0.049605116,0
0.92961377,0.07038624,0
0.9441818,0.055818163,0
0.95583177,0.0441682,0
0.6931547,0.3068453,1
0.9238241,0.076175906,0
0.9982857,0.0017143101,0
0.9908325,0.009167456,0
0.82740295,0.17259707,0
0.6497214,0.35027862,0
0.29711208,0.70288795,0
0.5570423,0.44295773,1
0.76783717,0.23216285,0
0.9586525,0.041347556,0
0.9580295,0.04197046,0
0.9439088,0.05609126,0
0.9446287,0.055371262,0
0.94572777,0.0542722,0
0.89832795,0.10167203,0
0.8275859,0.17241411,1
0.99770385,0.0022962128,0
0.99875784,0.0012421417,0
0.9989448,0.001055183,0
0.42023972,0.57976025,1
0.15980001,0.8402,1
0.27331996,0.7266801,1
0.28085813,0.7191419,1
0.22752655,0.7724735,1
0.3452639,0.6547361,1
0.8215172,0.17848276,0
0.7650037,0.23499629,0
0.67751366,0.3224864,1
0.73359245,0.2664075,1
0.9846554,0.015344614,0
0.8730365,0.12696345,1
0.99832004,0.0016798768,0
0.9990332,0.00096682756,0
0.23870423,0.76129574,1
0.5614561,0.43854386,1
0.55520356,0.44479647,1
0.63303584,0.36696416,1
0.5760859,0.42391405,1
0.67785954,0.32214046,1
0.9083613,0.091638684,1
0.981848,0.018151946,1
0.9989625,0.0010374868,0
0.99884665,0.0011533728,0
0.026906641,0.9730934,1
0.04330057,0.9566995,1
0.040650737,0.9593492,1
0.83891803,0.16108204,0
0.9691498,0.030850204,0
0.75236523,0.2476348,0
0.7123077,0.2876923,0
0.99898154,0.0010184232,0
0.99893194,0.0010680142,0
0.98169243,0.018307522,0
0.87823975,0.12176027,0
0.89873177,0.101268165,0
0.71678025,0.2832198,0
0.97256213,0.027437849,0
0.98562247,0.01437753,0
0.9979809,0.0020191234,0
0.99753654,0.0024634488,0
0.28056514,0.7194349,1
0.7775172,0.2224828,1
0.9988538,0.0011461397,0
0.9986487,0.0013513545,0
0.45312464,0.5468753,0
0.5147451,0.48525482,0
0.9687488,0.031251222,0
0.9782996,0.021700386,0
0.1715305,0.82846946,1
0.034262985,0.965737,1
0.7282079,0.27179214,0
0.97461075,0.025389252,0
0.8750044,0.12499555,0
0.2699485,0.73005146,1
0.019793151,0.98020685,1
0.01740583,0.9825942,1
0.018338963,0.9816611,1
0.06365517,0.9363448,1
0.010885777,0.98911417,1
0.1634165,0.83658355,1
0.26643148,0.7335685,1
0.5664537,0.43354627,0
0.9986099,0.0013901137,0
0.010742204,0.98925775,1
0.0047586225,0.9952414,1
0.0050802827,0.9949197,1
0.25861993,0.74138,0
0.3638508,0.63614917,0
0.99882823,0.0011717583,0
0.530685,0.46931496,0
0.09540154,0.90459853,0
0.096287616,0.9037124,0
0.09041565,0.90958434,1
0.9818299,0.01817013,0
0.9930039,0.006996136,0
0.19977945,0.80022055,1
0.9988833,0.0011166667,0
0.9987715,0.0012284811,0
0.015076113,0.98492396,1
0.006803571,0.9931965,1
0.04645634,0.95354366,1
0.031129343,0.96887064,1
0.017082892,0.98291713,1
0.0059710513,0.9940289,1
0.13154581,0.86845416,0
0.03054124,0.9694587,1
0.6606007,0.3393993,0
0.9983437,0.0016562862,0
0.9989749,0.001025067,0
0.014818814,0.9851812,1
0.016755635,0.98324436,1
0.035857044,0.964143,1
0.8450616,0.15493841,0
0.8863071,0.113692835,0
0.83201385,0.16798614,0
0.9500459,0.049954038,0
0.9483278,0.051672224,0
0.8914249,0.1085751,0
0.9143554,0.0856446,0
0.9887637,0.011236261,0
0.9990208,0.000979194,0
0.9990018,0.0009982126,0
0.9989791,0.0010209249,0
0.82964855,0.17035146,0
0.7138798,0.2861202,0
0.6951234,0.30487663,0
0.89569706,0.10430289,0
0.93393904,0.06606089,0
0.9894147,0.010585281,0
0.9924891,0.007510926,0
0.95254546,0.047454488,0
0.9887892,0.011210793,0
0.76857483,0.2314251,1
0.9983183,0.0016816949,0
0.33890998,0.66109,1
0.41232857,0.58767134,1
0.97354794,0.026452037,0
0.011666567,0.9883334,1
0.018009799,0.9819902,1
0.012225045,0.98777497,1
0.016510531,0.9834895,1
0.062946334,0.93705374,1
0.8348527,0.16514729,0
0.13322927,0.86677074,1
0.80207336,0.19792664,0
0.97281057,0.027189357,0
0.9412727,0.058727324,0
0.4311836,0.56881636,1
0.99789304,0.002106955,0
0.9973572,0.0026427964,0
0.945676,0.054323968,0
0.024427498,0.97557247,1
0.006003886,0.99399614,1
0.16326524,0.8367347,0
0.61223924,0.3877608,0
0.9013459,0.09865412,0
0.110264145,0.8897359,1
0.67767155,0.32232848,1
0.15868029,0.84131974,1
0.39081743,0.6091826,1
0.9904469,0.009553049,0
0.8160899,0.18391006,0
0.071918175,0.92808187,1
0.10157174,0.8984283,1
0.3832915,0.61670846,0
0.7952656,0.20473441,0
0.5364123,0.4635876,0
0.95040196,0.049598083,0
0.113977104,0.8860229,0
0.039636556,0.9603635,0
0.02083862,0.97916144,1
0.05085087,0.9491491,1
0.019147025,0.980853,1
0.6747748,0.32522523,0
0.90400004,0.095999934,0
0.9987565,0.0012434953,0
0.9973279,0.0026720336,0
0.7685633,0.23143674,0
0.6983991,0.30160087,0
0.013478308,0.98652166,1
0.01978035,0.98021966,1
0.06582426,0.9341758,0
0.37718043,0.6228196,0
0.8915062,0.10849381,0
0.954886,0.045113936,0
0.01917173,0.9808282,1
0.04973397,0.950266,1
0.9852689,0.014731041,0
0.85764337,0.14235663,0
0.99877375,0.0012261956,0
0.7667592,0.2332408,0
0.6638384,0.33616167,0
0.05078394,0.94921607,1
0.01537442,0.9846256,1
0.2964119,0.7035881,1
0.6845827,0.3154173,1
0.8240118,0.17598818,0
0.88549095,0.114509046,0
0.029480718,0.9705193,1
0.032634936,0.9673651,1
0.9986904,0.0013096194,0
0.7770458,0.22295423,0
0.52359337,0.47640657,0
0.41732988,0.58267015,0
0.46454358,0.5354565,0
0.6937228,0.30627728,0
0.019823767,0.9801762,1
0.07859365,0.9214064,0
0.6768076,0.32319236,0
0.6993692,0.30063084,0
0.6938521,0.30614784,0
0.9918847,0.008115257,0
0.9978352,0.002164806,0
0.012587083,0.9874129,1
0.012517119,0.9874829,1
0.005551419,0.99444854,1
0.053087234,0.9469127,1
0.1894934,0.8105066,1
0.028512381,0.9714876,1
0.026970342,0.9730296,1
0.028069656,0.9719303,1
0.021569507,0.9784305,1
0.017090805,0.9829092,1
0.018593451,0.98140657,1
0.03175191,0.96824807,0
0.8038623,0.19613782,0
0.9162822,0.083717875,0
0.90173703,0.09826294,0
0.99880373,0.0011962262,0
0.99885046,0.0011494784,0
0.9987903,0.0012096692,0
0.13642928,0.86357075,1
0.29022342,0.7097766,0
0.24765609,0.75234395,0
0.29543215,0.7045679,0
0.9917755,0.008224444,0
0.5085781,0.49142182,1
0.7399329,0.26006714,1
0.22601946,0.7739805,1
0.8224717,0.17752834,0
0.017067052,0.9829329,1
0.013212001,0.98678803,1
0.7951821,0.20481788,0
0.89515084,0.10484918,0
0.9971227,0.002877322,0
0.99845207,0.0015479208,0
0.9950145,0.0049855043,0
0.62477314,0.3752268,0
0.5275645,0.4724355,0
0.016145704,0.98385423,1
0.018616758,0.98138326,1
0.014347289,0.9856527,1
0.013886327,0.9861137,1
0.88086855,0.1191315,0
0.89448756,0.1055125,0
0.58788115,0.41211885,0
0.88593376,0.114066236,0
0.9988166,0.0011834692,0
0.7121302,0.28786984,0
0.8512679,0.14873211,0
0.89755625,0.10244374,0
0.79198664,0.20801333,0
0.72137916,0.27862084,1
0.9057184,0.09428162,0
0.9987332,0.0012667835,0
0.5675447,0.4324553,1
0.43889385,0.5611061,1
0.09553926,0.9044608,1
0.43300238,0.56699765,1
0.9985953,0.0014046697,0
0.99730563,0.0026944038,0
0.007875996,0.992124,1
0.011826827,0.9881732,1
0.007822207,0.9921778,1
0.014658007,0.985342,1
0.96373767,0.03626231,0
0.9636188,0.036381185,0
0.99059695,0.009403,0
0.98210174,0.017898234,0
0.9384025,0.061597455,0
0.9953988,0.004601203,0
0.99857175,0.0014281912,0
0.9957106,0.0042894403,0
0.028748343,0.9712516,1
0.13382493,0.8661751,1
0.85886365,0.14113633,0
0.9907925,0.009207473,0
0.6869007,0.31309938,0
0.89532614,0.10467383,0
0.93795407,0.062045917,0
0.41156223,0.58843774,1
0.5145925,0.48540747,0
0.024156809,0.97584325,1
0.7715518,0.2284482,0
0.6752993,0.3247007,0
0.5966856,0.40331447,0
0.7408373,0.25916272,0
0.8505024,0.1494976,0
0.95947367,0.04052631,0
0.99805284,0.0019472279,0
0.99558383,0.004416246,0
0.99807054,0.0019295078,0
0.39108247,0.60891753,0
0.01848851,0.98151153,1
0.018202953,0.9817971,1
0.99303716,0.006962876,0
0.9987727,0.0012273156,0
0.8842603,0.11573971,1
0.005234284,0.99476576,1
0.011912294,0.9880877,1
0.16780001,0.83220005,0
0.9010595,0.098940484,0
0.94313556,0.056864385,0
0.86052346,0.13947654,0
0.9989672,0.001032865,0
0.99816483,0.0018351445,0
0.97961825,0.02038177,0
0.9661749,0.033825114,0
0.816284,0.18371592,0
0.9398624,0.060137678,0
0.9862744,0.013725572,0
0.9900995,0.00990055,0
0.98225856,0.017741442,0
0.95985293,0.040147025,0
0.95037645,0.04962353,0
0.7272562,0.27274376,0
0.97854745,0.02145247,0
0.8910101,0.10898986,0
0.92965025,0.07034975,0
0.98394775,0.016052252,0
0.9977344,0.0022654952,0
0.9882357,0.011764287,0
0.58724916,0.41275078,1
0.49244034,0.50755966,1
0.43203974,0.56796026,1
0.42554545,0.57445455,1
0.42194656,0.5780534,1
0.30130702,0.698693,1
0.27128482,0.7287152,1
0.021372637,0.9786274,1
0.057495683,0.94250435,1
0.2677355,0.73226446,1
0.36167493,0.63832504,1
0.7367292,0.2632708,0
0.7045917,0.2954083,0
0.0145484535,0.9854515,1
0.04643051,0.9535695,1
0.12330704,0.8766929,1
0.62407637,0.37592363,0
0.9496756,0.050324388,0
0.96961224,0.030387806,0
0.9823642,0.017635878,0
0.9969092,0.0030907907,0
0.9420525,0.05794753,0
0.99413955,0.0058605,0
0.9938095,0.006190449,0
0.97345406,0.02654598,0
0.9653067,0.034693323,0
0.974179,0.025820917,0
0.996745,0.0032549517,0
0.9587836,0.041216414,1
0.99876153,0.0012384622,0
0.22365855,0.7763414,1
0.14874314,0.8512569,1
0.1486044,0.85139567,1
0.21823613,0.7817639,1
0.95132416,0.048675798,0
0.9564461,0.04355392,0
0.97576594,0.024234124,0
0.99355,0.0064500673,0
0.9084055,0.09159447,1
0.9642238,0.035776228,0
0.9948525,0.005147512,0
0.9982994,0.0017005727,0
0.9987902,0.0012098057,0
0.35352823,0.6464718,0
0.0127814235,0.9872185,1
0.011094875,0.9889051,1
0.025941385,0.97405857,1
0.9689388,0.031061161,0
0.963871,0.036128964,0
0.81149423,0.18850575,0
0.5590649,0.44093513,1
0.012041713,0.9879583,1
0.012578337,0.98742163,1
0.011327428,0.98867255,1
0.011814651,0.9881854,1
0.013251796,0.9867482,1
0.08457073,0.9154293,1
0.8400269,0.15997307,0
0.45477185,0.5452282,1
0.971449,0.028550941,0
0.99829525,0.0017048061,0
0.88825005,0.111749955,0
0.18580021,0.8141998,1
0.684135,0.31586492,0
0.980004,0.01999594,0
0.95075655,0.04924338,0
0.51967084,0.4803291,1
0.4471381,0.5528619,1
0.96155274,0.038447317,0
0.99859554,0.0014044363,0
0.99811816,0.0018818132,0
0.59631985,0.40368018,0
0.45180014,0.54819983,0
0.4551128,0.54488724,0
0.5162939,0.48370615,0
0.49854225,0.50145775,0
0.4210358,0.5789642,0
0.2730601,0.7269399,0
0.26002985,0.73997015,1
0.14241399,0.857586,1
0.10891677,0.89108324,1
0.033002134,0.96699786,1
0.73825634,0.2617437,1
0.9965294,0.003470623,0
0.9978371,0.0021628365,0
0.017348649,0.9826514,1
0.017050687,0.98294926,1
0.020839237,0.9791607,1
0.017257806,0.98274225,1
0.026108194,0.9738918,1
0.9710911,0.028908899,0
0.79568297,0.20431702,0
0.9977418,0.002258245,0
0.9982691,0.0017309223,0
0.04505142,0.95494854,1
0.0059666177,0.9940334,1
0.58278215,0.41721782,0
0.9984971,0.0015028621,0
0.9986534,0.0013465411,0
0.23560424,0.76439583,0
0.25338033,0.7466197,1
0.39821604,0.601784,0
0.46736112,0.53263885,0
0.89045423,0.1095457,0
0.6081979,0.391802,1
0.9986407,0.001359331,0
0.038163286,0.9618367,1
0.042315505,0.95768446,1
0.02172905,0.97827095,1
0.02400817,0.97599185,1
0.01966162,0.98033834,1
0.024862198,0.97513777,1
0.3589755,0.6410245,1
0.53784114,0.4621589,1
0.98434687,0.015653161,0
0.48279285,0.51720715,0
0.006449862,0.99355006,1
0.023496386,0.97650355,1
0.04765158,0.9523485,0
0.083367564,0.91663235,0
0.5056493,0.49435064,0
0.9989606,0.0010393625,0
0.9972355,0.0027645258,0
0.6812811,0.3187189,0
0.887493,0.11250699,0
0.89913416,0.10086587,0
0.8201196,0.17988044,0
0.9356271,0.06437295,0
0.165892,0.834108,1
0.93791956,0.06208043,0
0.9980021,0.0019978723,0
0.9737647,0.026235316,0
0.63818413,0.36181587,0
0.6161989,0.3838011,0
0.53627527,0.4637247,0
0.5546319,0.4453681,1
0.5572872,0.44271272,1
0.018363409,0.9816366,1
0.018982386,0.9810176,1
0.12092947,0.8790705,1
0.24947764,0.7505224,0
0.76186866,0.23813131,0
0.99296135,0.0070385956,0
0.7722647,0.22773527,1
0.00821806,0.99178195,1
0.07321437,0.9267856,0
0.930245,0.06975505,0
0.96353686,0.036463074,0
0.9983846,0.0016154683,0
0.997308,0.0026919816,0
0.12588905,0.874111,1
0.051875733,0.94812423,1
0.05508855,0.9449114,1
0.062161975,0.9378381,1
0.855488,0.14451203,0
0.9386798,0.061320223,0
0.5012012,0.4987988,1
0.22533706,0.7746629,1
0.24539004,0.75460994,1
0.2259974,0.7740026,1
0.27433565,0.7256643,1
0.26660207,0.7333979,1
0.39610538,0.60389465,1
0.63937485,0.3606252,0
0.62757313,0.37242684,1
0.9826676,0.01733243,0
0.99409324,0.005906789,0
0.9989109,0.00108906,0
0.99219936,0.0078006913,0
0.03483385,0.9651661,1
0.034413323,0.9655867,1
0.020618046,0.9793819,1
0.015424733,0.9845753,1
0.015240918,0.98475903,1
0.016983207,0.9830168,1
0.39251763,0.6074824,1
0.75664264,0.24335738,1
0.66565245,0.3343476,1
0.9987128,0.0012872447,0
0.015247821,0.98475224,1
0.009957682,0.9900423,1
0.009513208,0.9904868,1
0.011663181,0.98833686,1
0.41162246,0.58837754,0
0.99895275,0.0010472643,0
0.99874926,0.0012507121,0
0.04981643,0.9501836,0
0.033567894,0.96643203,1
0.03752976,0.9624703,1
0.039089497,0.96091044,1
0.023095207,0.97690475,1
0.025441598,0.9745584,1
0.9914711,0.008528841,0
0.99848014,0.0015198375,0
0.99375844,0.0062415907,0
0.042891495,0.9571085,1
0.030995218,0.9690048,1
0.025237355,0.9747626,1
0.25442147,0.74557847,0
0.22036341,0.77963656,0
0.30924165,0.69075835,0
0.017228175,0.9827718,1
0.007101375,0.9928986,1
0.004768895,0.9952311,1
0.010252216,0.98974776,1
0.9267549,0.073245145,0
0.61848056,0.38151947,1
0.89485776,0.10514218,0
0.9660094,0.03399068,0
0.9839931,0.01600687,0
0.9361244,0.063875556,0
0.111018464,0.8889816,1
0.011123764,0.98887616,1
0.009603179,0.99039686,1
0.007309733,0.99269027,1
0.31795844,0.6820416,1
0.08205421,0.9179458,0
0.63820785,0.3617921,0
0.89650214,0.10349788,0
0.474926,0.52507395,0
0.01014879,0.98985124,1
0.0054610535,0.99453896,1
0.0063963467,0.99360365,1
0.61690784,0.38309214,0
0.9425342,0.057465862,0
0.99812454,0.001875482,0
0.06673982,0.93326014,0
0.12244662,0.87755334,0
0.016718118,0.9832819,0
0.891347,0.10865305,0
0.94389445,0.056105603,0
0.8923807,0.10761928,0
0.755692,0.24430802,0
0.95072466,0.049275305,0
0.9782512,0.021748712,0
0.99782556,0.0021744042,0
0.9986094,0.0013905903,0
0.8843348,0.11566524,0
0.93463695,0.06536299,0
0.8695973,0.13040264,0
0.92870235,0.071297646,0
0.9188928,0.08110726,0
0.99584144,0.0041585336,0
0.9896779,0.0103220465,0
0.9988186,0.0011813437,0
0.9988907,0.0011093715,0
0.37756756,0.6224325,1
0.17304713,0.8269528,1
0.31373066,0.6862693,1
0.25653622,0.74346375,0
0.75765437,0.2423457,0
0.92586017,0.07413978,0
0.89967865,0.10032143,0
0.97904223,0.020957729,0
0.97619313,0.023806944,0
0.9977714,0.002228643,0
0.9964037,0.003596327,0
0.9975266,0.0024733737,0
0.97176784,0.028232204,0
0.42732537,0.57267463,0
0.4085768,0.5914233,1
0.7604207,0.23957933,1
0.9936731,0.0063269343,0
0.545626,0.45437402,1
0.98140556,0.018594459,0
0.9968708,0.0031292157,0
0.99542326,0.004576796,0
0.01019936,0.98980063,1
0.23182976,0.76817024,1
0.11423177,0.88576823,1
0.84608674,0.15391333,1
0.8488724,0.15112758,1
0.31781405,0.6821859,1
0.056929823,0.9430702,1
0.026800854,0.9731992,1
0.78532207,0.2146779,0
0.8023378,0.19766216,0
0.9799318,0.020068245,0
0.8401108,0.15988919,0
0.94328225,0.056717776,0
0.989907,0.01009291,0
0.987028,0.0129720345,0
0.9888182,0.011181805,0
0.4224644,0.5775356,1
0.70365125,0.29634875,1
0.9595075,0.04049239,1
0.17285928,0.8271407,1
0.9328898,0.06711011,0
0.99873143,0.0012685317,0
0.0058971597,0.9941029,1
0.93513936,0.06486067,0
0.94460475,0.055395186,0
0.96958154,0.030418444,0
0.98659605,0.013403911,0
0.9753318,0.024668222,0
0.93129677,0.06870321,0
0.99889296,0.0011070775,0
0.97550845,0.02449151,0
0.5180268,0.4819732,1
0.023146747,0.97685325,1
0.022321602,0.9776784,1
0.045980766,0.95401925,1
0.050443184,0.9495568,1
0.05528381,0.94471616,1
0.04651016,0.95348984,1
0.06352819,0.93647176,1
0.6214407,0.37855926,0
0.95421445,0.04578561,0
0.98150784,0.018492138,0
0.67912173,0.32087824,0
0.99630606,0.0036939746,0
0.99670714,0.0032928588,0
0.99778086,0.0022191692,0
0.6340469,0.36595312,0
0.48844773,0.5115523,0
0.4403043,0.55969566,0
0.020568134,0.9794319,1
0.049101677,0.9508983,1
0.8897248,0.11027526,0
0.9350629,0.064937085,0
0.98251975,0.017480323,0
0.99159336,0.008406639,0
0.99274534,0.0072546303,0
0.9607639,0.039236095,0
0.9909978,0.009002259,0
0.9954802,0.004519775,0
0.9936521,0.0063478355,0
0.9846048,0.015395266,0
0.98677456,0.01322546,0
0.98023176,0.019768259,0
0.9838049,0.01619512,0
0.931714,0.068286,0
0.6545012,0.34549877,1
0.8755117,0.12448825,0
0.9058658,0.09413423,0
0.91267234,0.08732766,0
0.9583341,0.041665856,0
0.99237204,0.0076279244,0
0.9826149,0.01738506,0
0.9924029,0.0075971396,0
0.97334135,0.026658693,0
0.9989188,0.0010812533,0
0.99891007,0.0010898784,0
0.43698904,0.563011,0
0.4658957,0.5341042,0
0.44054112,0.55945885,0
0.42245218,0.5775478,1
0.9862692,0.013730808,0
0.97938126,0.02061878,0
0.9677669,0.032233085,0
0.9989635,0.0010364741,0
0.9986731,0.0013268882,0
0.48275346,0.5172466,1
0.31578714,0.68421286,1
0.32195526,0.67804474,1
0.7878843,0.21211573,1
0.9466759,0.05332412,0
0.99899286,0.0010070984,0
0.99883264,0.001167306,0
0.9984394,0.0015606455,0
0.9768123,0.023187706,0
0.37087324,0.6291268,0
0.34826186,0.6517381,1
0.72296196,0.27703804,0
0.90057874,0.09942128,0
0.9520884,0.047911655,0
0.8995433,0.10045668,0
0.52966243,0.47033754,1
0.69207996,0.30792,1
0.9843725,0.015627466,1
0.41360345,0.5863966,1
0.022903422,0.9770966,1
0.017415667,0.9825843,1
0.023423195,0.9765768,1
0.032710124,0.9672899,1
0.69824356,0.30175647,0
0.59558624,0.40441373,0
0.09335063,0.90664935,1
0.05660023,0.9433998,1
0.50142425,0.4985758,0
0.4925581,0.5074419,0
0.45598805,0.5440119,0
0.14205903,0.857941,1
0.31329295,0.6867071,0
0.75199276,0.2480072,0
0.9471986,0.05280142,0
0.58899635,0.41100365,1
0.9145203,0.085479595,0
0.9530508,0.04694921,0
0.9629773,0.03702274,0
0.9114148,0.08858525,0
0.893552,0.10644797,0
0.43389118,0.5661088,0
0.7026787,0.29732138,0
0.7893184,0.21068162,0
0.6816512,0.3183488,0
0.5115556,0.48844433,0
0.880661,0.11933896,0
0.07763223,0.92236775,1
0.10529739,0.8947026,1
0.28542605,0.714574,1
0.1235194,0.8764806,1
0.8427798,0.15722017,0
0.99873513,0.0012649201,0
0.6062581,0.39374185,1
0.42058656,0.5794134,1
0.16650796,0.83349204,1
0.29172042,0.70827955,1
0.16516504,0.834835,1
0.12836532,0.8716347,1
0.123768404,0.8762317,1
0.21578258,0.7842175,1
0.9870684,0.012931595,0
0.6804634,0.31953663,1
0.975935,0.024065075,0
0.9987903,0.0012096853,0
0.99887234,0.0011276627,0
0.7694448,0.23055519,1
0.17616023,0.8238397,1
0.03639584,0.96360415,1
0.55562156,0.4443784,1
0.96848136,0.03151866,0
0.89358646,0.10641356,0
0.99704,0.0029599678,0
0.9965612,0.0034387885,0
0.91977274,0.08022729,0
0.91098386,0.08901617,0
0.0866206,0.91337943,1
0.85409945,0.14590058,0
0.29421014,0.7057899,1
0.9177576,0.08224243,0
0.9989348,0.0010652128,0
0.4311942,0.5688058,1
0.273996,0.726004,1
0.23453872,0.7654613,1
0.28441557,0.7155844,1
0.513016,0.48698395,1
0.3965269,0.6034731,1
0.32602262,0.67397743,1
0.46343955,0.5365604,1
0.9984577,0.0015423395,0
0.38794842,0.61205155,1
0.23421331,0.7657867,1
0.040204167,0.95979583,1
0.027482912,0.97251713,1
0.01245807,0.987542,1
0.12917253,0.8708275,0
0.99334574,0.0066543124,0
0.997738,0.0022620375,0
0.019033678,0.9809663,1
0.0132961655,0.9867039,1
0.025935538,0.97406447,1
0.4954878,0.50451225,0
0.96348584,0.036514174,0
0.95975083,0.04024915,0
0.9635151,0.03648495,0
0.68518406,0.31481588,0
0.70356953,0.29643047,0
0.99711263,0.0028872981,0
0.9977442,0.0022558558,0
0.99798006,0.0020200058,0
0.649517,0.35048297,0
0.058584806,0.9414152,1
0.69831043,0.30168954,0
0.69339764,0.3066024,0
0.75707835,0.24292164,0
0.8987136,0.10128642,0
0.80366623,0.19633375,0
0.9982583,0.0017416574,0
0.9988188,0.0011811052,0
0.7585957,0.24140434,1
0.18597567,0.8140243,1
0.24677828,0.75322175,1
0.45468876,0.5453113,1
0.7335599,0.26644006,1
0.6155581,0.38444185,1
0.97335976,0.026640264,0
0.96537215,0.034627892,0
0.55073917,0.4492609,0
0.998958,0.0010420425,0
0.9989808,0.001019176,0
0.99864274,0.0013572067,0
0.99421364,0.0057863165,0
0.9619972,0.03800276,0
0.94876957,0.05123039,0
0.96118903,0.038810946,1
0.99717194,0.0028280523,0
0.99832267,0.0016773734,0
0.9934564,0.00654355,0
0.3202825,0.67971754,1
0.3095194,0.6904806,1
0.9987602,0.001239741,1
0.99893755,0.001062487,0
0.99901474,0.0009852162,0
0.99897814,0.0010219199,0
0.99888545,0.0011145677,0
0.11502841,0.8849716,1
0.116967864,0.8830322,1
0.061613206,0.93838674,1
0.044407368,0.95559263,1
0.1195178,0.88048226,1
0.9988562,0.0011438674,0
0.89985234,0.10014763,0
0.9644644,0.035535503,0
0.98483306,0.015166903,0
0.9981198,0.0018802313,0
0.9986286,0.0013713508,0
0.40280378,0.5971962,1
0.49698123,0.5030188,1
0.9699556,0.030044377,0
0.93883497,0.061165057,0
0.5125416,0.4874584,1
0.24492614,0.7550739,1
0.24048781,0.7595121,1
0.97662705,0.02337296,0
0.9982179,0.0017820417,0
0.7980178,0.20198223,1
0.123790905,0.87620914,1
0.014851917,0.9851481,1
0.046389345,0.95361066,1
0.9190609,0.08093912,0
0.91769886,0.08230113,0
0.94950897,0.05049107,0
0.9822971,0.017702885,0
0.99426854,0.0057313927,0
0.99627507,0.0037249527,0
0.99413526,0.005864735,0
0.7863921,0.21360789,0
0.006546263,0.99345374,1
0.011349171,0.9886508,1
0.008461698,0.9915383,1
0.05170531,0.94829464,1
0.99594915,0.004050783,0
0.9980531,0.0019469648,0
0.9960996,0.0039003522,0
0.99827754,0.0017224787,0
0.998285,0.0017149705,0
0.968623,0.031376988,0
0.38848642,0.61151356,0
0.2526562,0.74734384,0
0.30593142,0.6940686,0
0.9861022,0.013897804,0
0.9464182,0.053581834,0
0.89451206,0.10548791,0
0.6510464,0.34895363,0
0.99888617,0.0011138975,0
0.85040003,0.14959997,0
0.66028607,0.3397139,0
0.48079836,0.51920164,0
0.55534875,0.44465125,1
0.45090812,0.54909194,0
0.4087375,0.59126246,0
0.80443156,0.19556844,1
0.9983923,0.0016077199,0
0.9989988,0.0010012473,0
0.9989849,0.0010150917,0
0.9877131,0.012286884,0
0.80519587,0.19480413,1
0.05135264,0.9486474,1
0.0398495,0.9601505,1
0.056609623,0.9433903,1
0.04919167,0.9508083,1
0.10261451,0.8973855,1
0.06779961,0.9322003,1
0.070215136,0.92978483,1
0.0736758,0.92632425,1
0.3583837,0.64161634,0
0.45795584,0.54204416,0
0.3436598,0.6563402,0
0.23509121,0.7649088,1
0.59288114,0.4071189,0
0.9989882,0.0010118291,0
0.99901235,0.0009876249,0
0.9990159,0.0009840196,0
0.9983321,0.0016679746,0
0.08132065,0.91867936,0
0.10446888,0.89553106,0
0.061912935,0.93808705,0
0.03499926,0.9650008,1
0.12334288,0.87665707,1
0.43019,0.56981003,0
0.97126085,0.028739199,0
0.9858519,0.0141481105,0
0.99825674,0.0017432783,0
0.99834955,0.0016505074,0
0.6004189,0.39958104,0
0.49386972,0.5061303,0
0.48757556,0.51242447,0
0.52038795,0.4796121,0
0.5479595,0.45204052,0
0.57432556,0.42567453,0
0.5150058,0.4849941,1
0.16483596,0.835164,1
0.11688154,0.88311845,1
0.28740957,0.7125904,1
0.24813706,0.7518629,1
0.99687934,0.0031206196,0
0.9843045,0.015695462,0
0.5973517,0.4026484,1
0.5302257,0.4697743,1
0.47703284,0.52296716,1
0.03854438,0.96145564,1
0.09183472,0.9081653,1
0.07927821,0.9207218,1
0.10179031,0.89820963,1
0.9925011,0.007498978,0
0.82634515,0.17365488,0
0.9935056,0.0064944415,0
0.9391826,0.06081737,0
0.8023741,0.19762586,0
0.17935967,0.8206404,1
0.9933776,0.0066223466,0
0.96698236,0.033017594,0
0.7791679,0.22083214,0
0.50938004,0.4906199,0
0.99867946,0.0013205513,0
0.99893767,0.0010623332,0
0.9989911,0.0010089384,0
0.32189766,0.6781023,1
0.9938532,0.006146805,0
0.9987974,0.0012025773,0
0.83035135,0.16964868,0
0.76738405,0.23261596,0
0.36741593,0.6325841,1
0.96687865,0.033121355,0
0.55553764,0.44446236,1
0.9986551,0.0013448711,0
0.28460205,0.715398,1
0.43706778,0.56293225,1
0.25818148,0.7418185,1
0.18807876,0.81192124,1
0.23383833,0.7661617,1
0.385492,0.614508,1
0.9338232,0.06617673,1
0.9556311,0.044368938,0
0.8127701,0.18722986,0
0.99898964,0.0010103211,0
0.997523,0.002476961,0
0.061172027,0.93882793,1
0.18608323,0.8139168,0
0.76168835,0.23831166,0
0.7663944,0.23360567,0
0.6564274,0.34357265,0
0.90965724,0.09034273,0
0.9033887,0.09661132,0
0.7918968,0.2081032,0
0.9985594,0.0014406397,0
0.9984213,0.0015787438,0
0.69261664,0.30738333,1
0.6454527,0.35454723,1
0.5018435,0.49815652,1
0.46866372,0.53133625,1
0.39718857,0.6028114,1
0.28784662,0.7121533,1
0.6225121,0.3774879,0
0.99528813,0.0047118305,0
0.9980069,0.001993146,0
0.9988153,0.0011847148,0
0.7989765,0.20102353,0
0.9738687,0.02613134,0
0.9958916,0.00410837,0
0.9908059,0.009194046,0
0.45580676,0.5441933,1
0.34425962,0.65574044,1
0.04493883,0.9550612,1
0.32074574,0.67925423,0
0.73254675,0.26745322,1
0.998262,0.0017380351,0
0.3322353,0.66776466,1
0.4444199,0.55558014,1
0.36706087,0.6329391,1
0.13961688,0.8603831,0
0.8761741,0.12382595,1
0.9986608,0.0013391752,0
0.35763967,0.6423603,1
0.1979334,0.8020666,1
0.12657298,0.87342703,1
0.10733149,0.89266855,1
0.06811042,0.9318896,1
0.08871569,0.9112843,1
0.15984912,0.84015083,0
0.7318208,0.2681792,1
0.19655178,0.8034482,1
0.738028,0.26197195,0
0.9727297,0.027270323,0
0.99894744,0.0010525499,0
0.33774284,0.66225713,1
0.36274517,0.63725483,0
0.91974896,0.08025102,0
0.009166205,0.9908338,1
0.0069174515,0.9930825,1
0.53701395,0.46298605,0
0.5636864,0.43631366,0
0.96876705,0.031232959,0
0.7407387,0.25926125,0
0.9990621,0.00093790784,0
0.99851125,0.0014887395,0
0.6981103,0.30188963,0
0.6082348,0.39176518,0
0.70777816,0.2922218,0
0.48915815,0.5108418,0
0.76974034,0.23025963,0
0.23981908,0.76018095,1
0.7687018,0.23129825,0
0.4477984,0.5522016,1
0.37553087,0.62446916,1
0.9361772,0.063822836,1
0.998743,0.0012569902,0
0.9988146,0.0011854809,0
0.18038292,0.8196171,1
0.1249172,0.87508285,1
0.07922775,0.92077225,1
0.33103493,0.6689651,1
0.092999585,0.90700036,1
0.40039417,0.59960586,1
0.8476398,0.15236022,1
0.99724674,0.0027532852,0
0.3554512,0.6445488,0
0.6403529,0.3596471,1
0.71708465,0.2829154,1
0.5692024,0.4307976,0
0.50892454,0.49107543,1
0.50579804,0.49420196,0
0.24469833,0.7553017,0
0.9986808,0.0013192068,0
0.88094985,0.11905019,0
0.9755986,0.024401492,0
0.7354917,0.26450834,0
0.82116437,0.17883568,0
0.9608471,0.03915289,0
0.97148186,0.028518122,0
0.9713867,0.028613286,0
0.855888,0.14411195,0
0.8582377,0.14176235,0
0.82666445,0.17333555,0
0.776781,0.22321898,1
0.7475871,0.25241295,1
0.6275885,0.37241146,1
0.96680206,0.033197965,0
0.89482915,0.10517091,0
0.8056646,0.19433543,0
0.816311,0.18368894,0
0.33939868,0.6606014,0
0.4299032,0.5700968,0
0.098872446,0.9011275,1
0.2700142,0.7299858,1
0.14835398,0.85164607,1
0.7687991,0.23120084,0
0.87508994,0.12491002,0
0.6096785,0.3903215,0
0.9925149,0.0074850717,0
0.9987815,0.001218459,0
0.46163106,0.538369,1
0.31754148,0.6824585,1
0.02811519,0.9718848,1
0.86720705,0.13279293,0
0.9107888,0.08921122,0
0.9399865,0.06001343,0
0.9308406,0.069159426,0
0.89258826,0.10741176,0
0.63666356,0.3633364,0
0.94464064,0.055359397,0
0.99487597,0.0051240157,0
0.70783937,0.2921606,0
0.78564787,0.21435216,0
0.7455485,0.25445154,1
0.7693736,0.23062636,1
0.8218618,0.17813821,1
0.83520526,0.16479473,1
0.8069105,0.19308947,1
0.66563195,0.33436805,1
0.82736695,0.17263308,1
0.90242636,0.09757364,0
0.94234914,0.057650853,0
0.5226642,0.47733572,0
0.46088544,0.5391146,0
0.9366482,0.06335181,0
0.99791557,0.0020844613,0
0.18229854,0.81770146,1
0.09063031,0.9093697,1
0.44128776,0.5587123,0
0.6474026,0.35259733,0
0.63886636,0.36113364,0
0.8889663,0.11103366,0
0.99341327,0.006586757,0
0.77502406,0.22497596,0
0.46392733,0.5360727,0
0.5324238,0.4675762,0
0.27314752,0.72685254,1
0.17204173,0.8279582,0
0.18540713,0.81459284,1
0.14481634,0.8551837,0
0.19815622,0.80184376,1
0.32411176,0.67588824,0
0.9989146,0.0010854459,0
0.9987147,0.0012853042,0
0.5917643,0.4082357,0
0.122910075,0.8770899,1
0.13480528,0.86519474,1
0.11463709,0.88536286,1
0.11853655,0.8814634,1
0.1951406,0.80485946,1
0.20677602,0.7932239,1
0.20330636,0.7966936,1
0.6055179,0.3944821,0
0.99824905,0.0017509634,0
0.99779236,0.002207646,0
0.9976749,0.0023250752,0
0.9919945,0.008005527,0
0.33927202,0.660728,1
0.6932877,0.30671236,0
0.5034071,0.4965929,0
0.5335062,0.46649382,0
0.9183165,0.081683554,0
0.4483043,0.5516957,0
0.6985771,0.30142292,0
0.8341203,0.16587976,0
0.7411175,0.25888246,0
0.69637704,0.30362296,0
0.4759527,0.5240473,0
0.33872804,0.661272,1
0.6452642,0.35473582,0
0.42153895,0.57846105,1
0.6849356,0.3150644,1
0.3804864,0.6195136,1
0.23692152,0.7630785,1
0.8616573,0.13834272,1
0.76030225,0.23969777,0
0.78464216,0.21535784,0
0.96616447,0.03383558,0
0.9985732,0.0014268211,0
0.79311097,0.206889,0
0.95589006,0.04410995,0
0.9252793,0.07472071,0
0.9353507,0.064649306,0
0.9785503,0.021449704,0
0.91377133,0.0862287,0
0.9003962,0.09960377,0
0.9062334,0.09376669,1
0.9003183,0.09968162,1
0.666341,0.33365902,0
0.96103454,0.038965445,0
0.998825,0.001174924,0
0.39402106,0.60597885,1
0.3942704,0.60572964,1
0.6459117,0.35408834,1
0.776827,0.22317308,1
0.6873399,0.31266013,1
0.70559525,0.29440477,1
0.7416886,0.25831142,1
0.8389977,0.16100223,0
0.63101256,0.36898744,0
0.9916244,0.008375613,0
0.61279356,0.38720644,0
0.0799512,0.92004883,0
0.046951994,0.95304793,1
0.09354542,0.90645456,1
0.094184235,0.9058158,1
0.91549516,0.08450487,0
0.999097,0.00090302253,0
0.99864715,0.001352854,0
0.99799985,0.0020001002,0
0.9870723,0.012927786,0
0.6627609,0.3372391,0
0.76202434,0.23797564,1
0.60746527,0.3925347,1
0.45728168,0.54271835,1
0.294349,0.705651,0
0.33169764,0.66830236,0
0.7372817,0.26271832,0
0.998762,0.0012380022,0
0.53832275,0.46167722,1
0.76745117,0.2325488,0
0.17330217,0.8266978,1
0.065748036,0.93425196,1
0.15426068,0.84573936,1
0.9881821,0.011817847,0
0.98800874,0.011991314,0
0.29073927,0.7092607,0
0.42810452,0.57189554,0
0.5856672,0.41433287,0
0.072236255,0.92776376,1
0.079330325,0.9206697,0
0.7681543,0.23184563,0
0.59765214,0.40234786,0
0.99891555,0.0010844107,0
0.93266827,0.067331746,0
0.90059006,0.09940999,0
0.86028236,0.13971767,0
0.15474948,0.84525055,1
0.98347986,0.016520211,0
0.17161807,0.82838196,0
0.61897695,0.38102314,0
0.31587008,0.6841299,0
0.3148166,0.6851834,0
0.22698785,0.77301216,0
0.41444924,0.5855508,0
0.85874873,0.14125122,1
0.008050815,0.9919492,1
0.89848346,0.10151655,0
0.3412516,0.65874845,1
0.99273914,0.007260839,0
0.99778384,0.0022161917,0
0.6754084,0.32459158,0
0.99867105,0.0013289637,0
0.99846387,0.0015362086,0
0.99529356,0.0047064037,0
0.2583126,0.7416874,0
0.038830664,0.9611693,1
0.0313853,0.9686147,1
0.0366418,0.96335816,1
0.041104034,0.958896,1
0.042291455,0.9577085,1
0.1367982,0.8632018,1
0.26781434,0.73218566,0
0.13694856,0.8630514,1
0.5505849,0.44941506,1
0.12714869,0.8728513,1
0.67136425,0.3286358,0
0.86147964,0.13852033,0
0.99674124,0.0032587722,0
0.99595547,0.0040445705,0
0.62620705,0.37379304,0
0.5129016,0.48709843,0
0.48048648,0.5195135,0
0.5008195,0.4991804,0
0.41434982,0.5856502,0
0.9913173,0.008682689,0
0.9986355,0.0013645269,0
0.8516027,0.14839733,1
0.2931562,0.70684373,1
0.23162295,0.7683771,1
0.5422307,0.45776927,1
0.9519636,0.048036423,0
0.902265,0.09773499,0
0.9059628,0.09403719,0
0.6165618,0.38343826,0
0.33469504,0.66530496,1
0.19042785,0.80957216,1
0.62962335,0.3703766,0
0.48150492,0.518495,1
0.14494553,0.8550545,1
0.07265896,0.927341,1
0.072713025,0.927287,1
0.81222296,0.18777701,0
0.5967687,0.40323138,1
0.59698087,0.40301916,1
0.9827001,0.017299883,1
0.5146268,0.48537326,0
0.77378666,0.22621335,0
0.5451426,0.45485744,0
0.12069324,0.8793068,1
0.095160685,0.90483934,1
0.5563434,0.44365665,0
0.84910864,0.15089136,0
0.8273811,0.17261899,0
0.6364856,0.36351442,0
0.9022642,0.09773584,0
0.98401755,0.015982404,0
0.31248388,0.6875161,1
0.74545485,0.25454515,0
0.5398288,0.46017125,0
0.523476,0.47652394,1
0.47250274,0.5274973,1
0.7388423,0.2611577,0
0.23546784,0.7645322,0
0.9576677,0.042332284,0
0.9911528,0.008847184,0
0.6801308,0.31986916,0
0.29007316,0.70992684,0
0.4605146,0.53948545,0
0.47776666,0.5222334,0
0.5512544,0.44874558,0
0.7705128,0.22948715,0
0.9735039,0.026496101,0
0.48337275,0.51662725,0
0.9284657,0.0715343,0
0.99324155,0.0067584678,0
0.06500305,0.934997,0
0.0924035,0.9075965,0
0.21858238,0.7814176,0
0.26478,0.73522,0
0.04894527,0.95105475,1
0.074627295,0.92537266,1
0.058604408,0.94139564,1
0.67668355,0.32331643,0
0.61649466,0.38350537,0
0.8713471,0.12865289,0
0.99835134,0.0016487137,0
0.9381087,0.061891325,0
0.42390516,0.57609487,1
0.29363653,0.70636356,0
0.7274136,0.27258638,0
0.4507232,0.54927677,0
0.8989993,0.1010007,0
0.7490226,0.25097743,0
0.9982961,0.0017038786,0
0.6018998,0.3981002,0
0.98274547,0.017254604,0
0.9896779,0.010322061,0
0.525049,0.474951,0
0.6179628,0.38203722,0
0.7223122,0.27768782,0
0.466023,0.53397703,0
0.58293396,0.41706604,0
0.5681591,0.43184096,1
0.99867827,0.0013217246,0
0.9987471,0.0012528438,0
0.99614537,0.0038545833,0
0.9935474,0.0064525795,0
0.9359597,0.06404033,0
0.23731326,0.7626868,1
0.6169528,0.38304728,1
0.59588873,0.4041113,1
0.7763903,0.22360969,1
0.13191645,0.86808354,1
0.553099,0.446901,1
0.9790046,0.020995347,0
0.09312628,0.9068737,1
0.111686245,0.8883138,1
0.2628761,0.73712385,0
0.30104044,0.6989596,0
0.49142715,0.5085728,1
0.9730954,0.02690462,0
0.06539489,0.9346051,1
0.89498764,0.10501238,1
0.7241758,0.27582416,0
0.84370923,0.15629078,0
0.9054913,0.09450867,0
0.88236874,0.117631234,0
0.43201023,0.56798977,0
0.9388929,0.061107133,0
0.9350781,0.06492191,0
0.69938546,0.3006146,0
0.93968403,0.06031605,0
0.6248028,0.37519714,0
0.6360641,0.36393595,0
0.61231714,0.38768288,0
0.6352027,0.36479732,0
0.76356924,0.23643075,0
0.6732875,0.3267125,1
0.9988164,0.001183702,0
0.18506995,0.8149301,1
0.06207458,0.9379254,1
0.03172834,0.9682717,1
0.20120783,0.7987922,1
0.5571069,0.44289306,0
0.5454112,0.45458874,0
0.29687953,0.70312047,1
0.69680107,0.30319893,0
0.9581833,0.041816685,0
0.9972445,0.002755587,0
0.9990344,0.00096565107,0
0.9990664,0.0009336603,0
0.58708674,0.41291317,0
0.2868659,0.7131341,1
0.262911,0.737089,1
0.50568116,0.4943189,1
0.28075817,0.7192418,1
0.2668778,0.7331222,1
0.76190656,0.23809348,1
0.7592953,0.24070473,1
0.9988457,0.0011543295,0
0.99891436,0.0010856693,0
0.42746294,0.57253706,1
0.17973013,0.8202699,1
0.3747888,0.62521124,0
0.93204516,0.06795481,0
0.95127636,0.0487236,0
0.8942222,0.10577781,0
0.9426888,0.057311222,0
0.21368092,0.786319,1
0.49809176,0.5019083,1
0.5076224,0.4923776,1
0.51299244,0.48700756,1
0.5356794,0.46432063,0
0.2702212,0.72977877,1
0.535481,0.464519,0
0.4252433,0.57475674,1
0.14180888,0.85819113,1
0.23205446,0.7679456,1
0.77159643,0.22840361,0
0.6868467,0.31315336,1
0.021439802,0.97856015,1
0.015667517,0.98433244,1
0.014904474,0.98509556,1
0.8240557,0.17594433,0
0.74811953,0.25188047,0
0.75040144,0.24959855,0
0.7680449,0.23195507,0
0.93064564,0.06935432,0
0.99631727,0.0036827424,0
0.9977145,0.0022854328,0
0.9080048,0.09199515,0
0.92938805,0.07061198,1
0.46922234,0.53077763,0
0.3489082,0.6510918,0
0.0071477517,0.9928523,1
0.657668,0.34233195,0
0.74617267,0.25382736,0
0.7723647,0.22763534,0
0.6876773,0.31232265,0
0.78642446,0.21357557,0
0.7303151,0.26968485,0
0.6784829,0.3215171,0
0.65345114,0.34654883,0
0.6852819,0.3147181,0
0.17907788,0.8209222,0
0.17565882,0.8243412,1
0.5698854,0.4301146,0
0.44882128,0.55117875,1
0.20671764,0.7932824,1
0.1443598,0.85564023,1
0.027269948,0.97273004,1
0.030192379,0.9698076,1
0.4760512,0.5239488,0
0.99907386,0.00092612184,0
0.99588734,0.004112653,0
0.9983246,0.0016754046,0
0.5906053,0.40939468,1
0.26700863,0.73299134,1
0.99736327,0.002636686,0
0.61134785,0.38865215,1
0.39524302,0.60475695,1
0.45456016,0.5454399,1
0.10084969,0.89915025,1
0.20089157,0.79910845,1
0.46605173,0.53394824,0
0.44919762,0.5508024,0
0.408654,0.59134597,0
0.37231508,0.62768495,0
0.37751985,0.6224802,1
0.60897124,0.39102873,1
0.27697852,0.7230215,0
0.44485387,0.55514616,0
0.5940254,0.40597463,0
0.3687525,0.6312475,0
0.30942938,0.6905706,1
0.5250966,0.47490343,0
0.46622193,0.533778,0
0.08012422,0.91987574,1
0.46416348,0.5358366,0
0.6558681,0.34413195,0
0.33404973,0.6659503,0
0.9265807,0.07341923,0
0.71954155,0.28045848,0
0.7258123,0.27418762,0
0.511949,0.48805097,0
0.9456141,0.054385893,0
0.9537,0.04630003,0
0.7400663,0.25993368,0
0.9819249,0.01807508,0
0.9989994,0.0010006197,0
0.7779323,0.22206768,0
0.3669512,0.6330488,0
0.46982813,0.53017193,0
0.23899703,0.76100296,1
0.1191394,0.88086057,1
0.9221397,0.07786028,0
0.9648948,0.035105243,0
0.9719282,0.028071841,0
0.99290985,0.0070900843,0
0.8805497,0.11945026,1
0.92975163,0.070248365,0
0.99589914,0.0041008955,0
0.99875975,0.0012402224,0
0.9914836,0.0085163545,0
0.15407264,0.84592736,1
0.6484532,0.3515468,0
0.34051952,0.65948045,1
0.2591546,0.74084544,1
0.9990096,0.0009903319,0
0.9988663,0.0011336565,0
0.5014406,0.4985594,1
0.24475132,0.75524867,1
0.19514841,0.80485153,1
0.8092046,0.19079545,0
0.9853755,0.014624484,0
0.2098416,0.79015845,1
0.23080568,0.7691943,1
0.99830866,0.0016913643,0
0.9981481,0.0018519688,0
0.9986639,0.0013361375,0
0.21480611,0.7851939,1
0.65209675,0.34790322,0
0.73576283,0.26423717,0
0.49159488,0.5084051,1
0.9961423,0.0038577067,0
0.99691904,0.00308103,0
0.9960218,0.003978272,0
0.9956357,0.004364346,1
0.857255,0.14274497,0
0.5611325,0.4388675,0
0.99576265,0.004237433,0
0.946418,0.053582065,0
0.33829585,0.6617041,1
0.5208237,0.4791763,1
0.9781999,0.021800045,0
0.9986155,0.001384486,0
0.826231,0.173769,1
0.7080923,0.29190764,1
0.5398487,0.4601513,1
0.42543632,0.5745637,1
0.39107612,0.6089239,1
0.3424735,0.65752643,1
0.38562465,0.61437535,1
0.98457736,0.015422588,0
0.51362485,0.48637518,1
0.43945312,0.5605468,1
0.9990176,0.0009823396,0
0.41910064,0.58089936,1
0.5148315,0.48516846,1
0.5715691,0.4284309,1
0.33146396,0.668536,1
0.2660726,0.73392737,1
0.11389185,0.88610816,1
0.08415111,0.9158489,1
0.06887363,0.9311264,1
0.36772177,0.6322782,0
0.31676343,0.6832366,0
0.5418826,0.45811743,0
0.6581951,0.34180498,0
0.9824212,0.01757881,0
0.9985575,0.0014425315,0
0.47096917,0.5290308,1
0.07445694,0.92554307,1
0.059492357,0.94050765,1
0.52414113,0.47585887,1
0.69147587,0.3085241,0
0.9774589,0.022541143,0
0.9901571,0.00984286,0
0.29547563,0.70452434,1
0.27884468,0.7211553,1
0.20389834,0.7961017,1
0.37119764,0.62880236,1
0.3271908,0.6728092,1
0.69528323,0.3047168,0
0.88648236,0.113517635,0
0.5481969,0.45180306,0
0.45520687,0.5447931,0
0.9776103,0.022389768,0
0.9987727,0.0012272648,0
0.65159076,0.3484092,0
0.036742438,0.9632575,1
0.029353552,0.97064644,1
0.044677146,0.95532286,1
0.06311239,0.9368876,1
0.09309584,0.90690416,1
0.39472002,0.60528,0
0.45078924,0.5492108,0
0.6514542,0.3485458,0
0.9989962,0.001003842,0
0.9989705,0.0010294502,0
0.9989759,0.0010241899,0
0.9987116,0.001288375,0
0.9985744,0.0014255592,0
0.99836904,0.0016310154,0
0.35278407,0.64721596,1
0.32322532,0.6767747,1
0.24903259,0.75096744,1
0.24835263,0.7516473,1
0.24984941,0.75015056,1
0.2519879,0.7480121,1
0.27940625,0.7205937,1
0.28182226,0.7181778,1
0.76382816,0.23617186,1
0.7137826,0.2862174,1
0.99706775,0.002932274,0
0.47824758,0.52175236,1
0.27218854,0.72781146,1
0.61296904,0.38703096,0
0.89707977,0.102920234,0
0.98054725,0.019452767,0
0.98203814,0.017961912,0
0.835001,0.16499901,0
0.98947436,0.010525624,0
0.98836786,0.0116321,0
0.3319743,0.6680257,1
0.042793456,0.95720655,1
0.12870537,0.8712947,1
0.5949598,0.4050402,1
0.44027618,0.55972373,1
0.82234424,0.17765571,1
0.86203825,0.13796176,0
0.99883693,0.0011630456,0
0.5534342,0.44656584,1
0.5062607,0.4937393,1
0.06678435,0.9332156,1
0.042113766,0.9578862,1
0.8185313,0.18146874,0
0.9596319,0.04036805,0
0.9485603,0.05143969,0
0.5306301,0.46936992,0
0.45901197,0.54098797,0
0.70569164,0.29430833,0
0.9617338,0.03826613,0
0.40904614,0.5909539,1
0.5508622,0.44913784,0
0.44160235,0.55839765,1
0.30939198,0.69060796,1
0.3399013,0.6600987,1
0.7972327,0.20276733,0
0.9638492,0.036150835,0
0.99901533,0.0009847011,0
0.63738936,0.36261064,1
0.76598734,0.23401266,1
0.6963502,0.30364972,1
0.30422595,0.695774,1
0.31769848,0.6823015,1
0.26766732,0.7323327,1
0.8338852,0.1661148,0
0.82091194,0.17908806,0
0.92060983,0.079390176,0
0.88104856,0.11895142,0
0.53048635,0.46951368,0
0.7148825,0.28511748,0
0.9987686,0.0012312873,0
0.5360447,0.46395528,0
0.25484598,0.745154,0
0.04083074,0.9591693,0
0.02556734,0.97443265,1
0.023980232,0.9760198,1
0.23455495,0.76544505,0
0.4809323,0.51906765,0
0.8796227,0.12037726,0
0.99857247,0.0014275298,0
0.36906284,0.6309372,0
0.3580494,0.6419506,0
0.41356584,0.5864341,1
0.20850897,0.79149103,1
0.09107884,0.9089212,1
0.0626285,0.9373715,1
0.061720666,0.9382794,1
0.22808652,0.7719135,1
0.011138397,0.9888616,1
0.007638454,0.99236155,1
0.5129016,0.4870984,0
0.99496955,0.005030473,0
0.93523663,0.06476338,0
0.889284,0.110715985,0
0.69266593,0.30733404,0
0.6741864,0.32581365,0
0.6399429,0.36005718,0
0.68021584,0.31978416,0
0.97395104,0.026048986,0
0.72428346,0.27571654,0
0.8259165,0.17408341,0
0.80975676,0.1902432,0
0.7321704,0.26782966,0
0.9839537,0.016046267,0
0.99661416,0.0033858696,0
0.733137,0.26686293,1
0.29154977,0.70845026,1
0.23431109,0.76568896,1
0.9873302,0.012669774,0
0.9849806,0.015019381,0
0.9746514,0.025348673,0
0.9953542,0.004645778,0
0.99178386,0.008216156,0
0.9735414,0.026458625,0
0.9892643,0.010735679,0
0.8592867,0.14071326,0
0.82380617,0.17619388,0
0.32535866,0.6746414,1
0.1965762,0.8034239,1
0.87102807,0.128972,0
0.44665343,0.5533465,1
0.81579643,0.18420358,0
0.8746287,0.12537125,0
0.94471925,0.0552808,0
0.98719853,0.012801421,0
0.9624882,0.037511878,0
0.76660806,0.23339196,1
0.4017624,0.59823763,1
0.6022879,0.3977121,1
0.99573636,0.004263616,0
0.9794327,0.020567311,0
0.4344037,0.56559634,1
0.55609024,0.4439097,1
0.17110056,0.82889944,1
0.10451588,0.89548415,1
0.079271205,0.9207288,1
0.39380097,0.6061991,0
0.8968496,0.10315038,0
0.8979918,0.1020082,0
0.89250433,0.10749566,1
0.998248,0.001752084,0
0.99851936,0.0014805982,0
0.22716331,0.77283674,1
0.09672482,0.90327513,1
0.02402677,0.97597325,1
0.02318444,0.9768156,1
0.028070964,0.9719291,1
0.031245774,0.9687543,1
0.028360955,0.9716391,1
0.16209596,0.837904,1
0.060004804,0.93999517,1
0.114709705,0.88529027,1
0.20571885,0.7942811,0
0.961563,0.03843707,0
0.95823187,0.041768186,0
0.9967457,0.00325431,0
0.99771285,0.002287137,0
0.99782,0.0021800033,0
0.99561137,0.0043886034,0
0.5694267,0.4305733,1
0.5583897,0.44161025,1
0.5623415,0.4376585,1
0.5708091,0.42919087,1
0.6197105,0.38028947,0
0.20823711,0.79176295,1
0.13965407,0.86034596,1
0.26688343,0.73311657,1
0.24774672,0.7522533,1
0.2185952,0.7814048,1
0.98854405,0.011455987,0
0.7452549,0.2547452,0
0.61700237,0.38299763,1
0.09258315,0.9074169,1
0.011991635,0.9880084,1
0.007761921,0.9922381,1
0.007998528,0.9920014,1
0.013301358,0.9866986,1
0.019817146,0.9801829,1
0.009237773,0.9907622,1
0.052574433,0.94742554,1
0.96240777,0.037592165,0
0.58373374,0.4162663,1
0.9749384,0.025061565,0
0.48990008,0.51009995,0
0.043911528,0.9560884,1
0.047375493,0.95262456,0
0.13384974,0.86615026,0
0.058326695,0.94167334,0
0.5073415,0.49265844,0
0.60573906,0.39426085,0
0.54443645,0.45556352,0
0.2227824,0.77721757,1
0.37173167,0.62826836,1
0.9285836,0.07141644,0
0.99093187,0.009068153,0
0.85683435,0.14316562,0
0.59957945,0.4004206,0
0.9903668,0.009633235,0
0.97996885,0.020031078,0
0.9715632,0.02843673,0
0.6664302,0.3335698,0
0.7996492,0.20035075,0
0.68141955,0.31858042,1
0.94733435,0.05266566,0
0.99166745,0.008332526,0
0.7747344,0.22526556,1
0.66687864,0.33312136,1
0.98938924,0.010610741,0
0.90102726,0.09897278,1
0.68938243,0.31061754,0
0.39291742,0.6070826,0
0.29765153,0.7023484,1
0.5041991,0.4958009,0
0.56192905,0.438071,1
0.5802606,0.41973945,1
0.6682141,0.3317859,1
0.8748863,0.12511376,1
0.9690288,0.03097122,1
0.9975979,0.0024021629,0
0.9980034,0.0019965435,1
0.9960763,0.003923731,0
0.97893083,0.021069154,0
0.011813543,0.9881864,1
0.03228228,0.96771777,1
0.36853644,0.6314635,0
0.5270023,0.47299775,0
0.47594702,0.52405304,0
0.18732037,0.81267965,1
0.8691764,0.13082364,0
0.88627297,0.113727085,1
0.58550435,0.41449565,0
0.8824532,0.117546804,0
0.22451463,0.77548534,0
0.9634575,0.036542486,0
0.66894877,0.33105126,0
0.99726284,0.0027371214,0
0.9987507,0.0012493005,0
0.998781,0.0012189721,0
0.9984451,0.0015549288,0
0.99738675,0.0026132665,0
0.72695035,0.27304965,0
0.69388527,0.30611476,0
0.5801324,0.41986763,1
0.5758091,0.42419085,1
0.5656518,0.43434826,1
0.25358835,0.7464116,1
0.13776562,0.8622344,1
0.1808279,0.8191721,1
0.93172944,0.068270564,1
0.7858,0.21420003,1
0.012611149,0.98738885,1
0.017912362,0.9820877,1
0.013101465,0.98689854,1
0.11713266,0.88286734,1
0.06444218,0.9355578,1
0.038725704,0.96127427,1
0.71854067,0.28145933,0
0.74512666,0.25487325,0
0.96054584,0.03945416,0
0.5840617,0.41593832,0
0.2188111,0.7811889,0
0.5503938,0.44960618,0
0.47664854,0.5233515,0
0.21740001,0.7826,1
0.2323344,0.76766557,1
0.3812866,0.61871344,1
0.7326899,0.2673101,0
0.9382964,0.061703574,0
0.96375495,0.036245015,1
0.53655905,0.46344095,0
0.8935136,0.10648634,0
0.9671483,0.032851677,0
0.99029034,0.0097095985,0
0.9918726,0.008127334,0
0.6564293,0.3435708,0
0.64725214,0.3527478,0
0.546342,0.45365798,0
0.571079,0.42892095,0
0.40166053,0.59833944,1
0.646768,0.35323203,0
0.92139405,0.07860601,1
0.90206903,0.09793092,0
0.84184736,0.15815268,0
0.6189523,0.3810478,0
0.42124042,0.5787596,0
0.27632728,0.72367275,1
0.982239,0.017760972,0
0.24014764,0.75985235,0
0.38741297,0.6125871,1
0.06646932,0.9335307,1
0.16304477,0.83695525,0
0.4073437,0.5926563,0
0.93048406,0.06951594,1
0.7638124,0.23618762,0
0.73789114,0.26210886,0
0.8974065,0.10259348,0
0.9385166,0.061483346,1
0.99788034,0.002119697,0
0.7791534,0.22084656,0
0.96988475,0.030115236,0
0.8881475,0.11185252,0
0.060891304,0.93910867,1
0.070275776,0.9297242,1
0.8170987,0.18290132,1
0.8628957,0.13710433,0
0.40940437,0.59059554,1
0.9419706,0.058029417,0
0.9988869,0.0011131625,0
0.9988152,0.0011848606,0
0.8561755,0.14382452,0
0.9450738,0.054926224,0
0.96113694,0.0388631,0
0.97824997,0.021750024,0
0.49879467,0.5012053,0
0.69198513,0.3080148,0
0.5647858,0.4352143,0
0.99793774,0.0020622548,0
0.9987399,0.0012600782,0
0.57758284,0.42241716,0
0.4989653,0.5010347,0
0.22766912,0.7723309,0
0.20113218,0.7988678,0
0.20868391,0.7913161,0
0.26277336,0.7372266,0
0.16410658,0.8358934,1
0.21222775,0.7877722,0
0.7884069,0.21159308,0
0.9967187,0.0032813202,0
0.9988681,0.0011319051,0
0.99897265,0.0010273218,0
0.8250798,0.17492019,0
0.19995163,0.80004835,1
0.22597727,0.77402276,1
0.18787372,0.8121263,1
0.9962431,0.0037569145,0
0.99843293,0.0015670783,0
0.99808735,0.0019125801,0
0.084332205,0.9156678,1
0.07090959,0.92909044,1
0.41163957,0.5883604,0
0.44772717,0.55227286,0
0.6334021,0.3665979,0
0.949982,0.050018,0
0.5670314,0.43296868,1
0.4630904,0.5369096,1
0.99900997,0.0009900366,0
0.770236,0.22976404,1
0.53119296,0.46880707,1
0.340956,0.65904397,1
0.0839629,0.9160371,1
0.062776975,0.937223,1
0.22347549,0.77652454,1
0.58983475,0.41016525,1
0.28287625,0.71712375,1
0.15576491,0.844235,1
0.23759055,0.76240945,1
0.9922769,0.007723049,0
0.5953437,0.40465632,0
0.51323426,0.48676568,0
0.30463842,0.6953616,0
0.17491266,0.82508737,0
0.3194094,0.6805907,0
0.7936633,0.20633663,0
0.81486547,0.18513453,0
0.8704467,0.12955327,0
0.9655055,0.034494497,0
0.63853097,0.36146903,0
0.9296013,0.070398636,0
0.9990515,0.0009485174,0
0.9990489,0.00095114275,0
0.40797755,0.5920224,1
0.6857626,0.31423745,1
0.98867387,0.0113261575,0
0.9928294,0.007170599,0
0.941216,0.058784038,1
0.95890564,0.041094366,1
0.9846197,0.015380325,1
0.91292006,0.08707996,1
0.45462546,0.5453745,1
0.99902093,0.0009791092,0
0.07165132,0.9283487,1
0.115161866,0.88483816,1
0.17904714,0.8209529,1
0.7814694,0.21853068,1
0.7072923,0.29270765,1
0.9987717,0.0012283028,0
0.71792245,0.2820775,1
0.21051508,0.7894849,1
0.30868965,0.6913103,1
0.30831105,0.6916889,1
0.47388527,0.52611476,1
0.55748516,0.44251484,1
0.8142308,0.18576925,1
0.9506551,0.049344905,1
0.8820351,0.1179649,0
0.45150566,0.5484943,0
0.7219878,0.2780122,0
0.57182354,0.42817652,0
0.2584915,0.7415084,0
0.43787235,0.5621277,0
0.46719608,0.5328039,1
0.6433675,0.35663244,1
0.5722103,0.42778972,1
0.96749806,0.032501895,0
0.8073967,0.1926033,0
0.7093435,0.29065648,0
0.40840867,0.5915913,1
0.2755596,0.7244404,1
0.9971974,0.002802584,0
0.52369994,0.4763,0
0.17792574,0.8220743,0
0.1306529,0.86934704,1
0.3426325,0.6573675,0
0.47380483,0.5261951,0
0.59119433,0.4088056,0
0.9227911,0.077208854,0
0.6864076,0.31359234,0
0.90271664,0.0972834,0
0.99537706,0.004622964,0
0.9613527,0.038647305,0
0.94644415,0.053555828,0
0.9810786,0.018921316,0
0.6272847,0.3727153,0
0.6113337,0.3886663,0
0.82896775,0.17103222,0
0.4179515,0.5820485,1
0.33552608,0.66447395,1
0.9338504,0.06614961,0
0.9507417,0.0492583,0
0.6334354,0.3665646,1
0.39491403,0.60508597,1
0.9533808,0.04661915,0
0.9944354,0.0055645076,0
0.9205438,0.07945625,0
0.8079536,0.1920464,0
0.39433515,0.60566485,0
0.44534194,0.554658,0
0.9415459,0.058454163,0
0.11155879,0.88844126,1
0.82534903,0.17465104,1
0.9984926,0.001507338,0
0.9986273,0.0013726575,0
0.9986903,0.0013096749,0
0.27573714,0.72426283,1
0.5910378,0.40896222,0
0.7883954,0.21160462,0
0.9509916,0.049008437,0
0.6381028,0.36189717,0
0.6203635,0.3796366,1
0.9957547,0.004245301,0
0.9988625,0.0011374847,0
0.6797759,0.32022408,1
0.6140097,0.38599026,1
0.571491,0.42850906,1
0.5352041,0.46479598,1
0.5533037,0.4466963,1
0.5554803,0.4445197,1
0.49079987,0.5092001,1
0.25397217,0.7460278,1
0.118028335,0.88197166,1
0.14582795,0.8541721,1
0.25881046,0.7411896,1
0.32141852,0.6785815,0
0.37469384,0.6253062,1
0.76407504,0.23592497,0
0.98231804,0.01768191,0
0.941687,0.058312982,0
0.9257625,0.074237496,0
0.99230546,0.0076945,0
0.9916556,0.008344387,0
0.99353564,0.0064643407,0
0.9943089,0.005691118,0
0.39750245,0.60249764,1
0.76482713,0.23517288,0
0.96967834,0.030321695,0
0.98111856,0.018881459,0
0.98515874,0.014841253,0
0.5261744,0.47382563,1
0.83183503,0.16816492,0
0.9918521,0.0081479205,0
0.80630094,0.19369909,0
0.76812017,0.23187989,0
0.9400453,0.0599547,0
0.99003917,0.009960855,0
0.9963373,0.0036626905,0
0.9541678,0.045832198,0
0.5329122,0.4670878,0
0.68061465,0.3193854,0
0.9867776,0.01322243,0
0.8735094,0.12649058,0
0.7940294,0.20597057,0
0.8361485,0.16385154,0
0.8771924,0.1228076,0
0.94350576,0.0564942,0
0.89485985,0.105140075,1
0.90853155,0.09146845,0
0.9554861,0.04451395,0
0.83055466,0.1694453,0
0.72471577,0.2752843,0
0.76469815,0.23530182,0
0.97499555,0.025004417,0
0.9981096,0.0018903896,0
0.8566682,0.14333186,0
0.6131175,0.3868825,1
0.6031518,0.3968482,1
0.7646854,0.23531462,1
0.97571874,0.02428123,1
0.9769354,0.023064593,1
0.9974247,0.0025753118,0
0.9826921,0.01730787,1
0.77756244,0.22243752,0
0.96230245,0.03769752,0
0.9671458,0.0328542,0
0.9623485,0.037651557,0
0.9645734,0.03542668,0
0.9701845,0.029815506,0
0.96661526,0.033384748,0
0.65102124,0.3489788,1
0.99455994,0.005440005,0
0.65362346,0.34637654,1
0.55090624,0.44909376,1
0.5361233,0.46387675,1
0.92551315,0.07448678,0
0.9631115,0.036888503,0
0.98226744,0.01773258,0
0.95821404,0.041786026,0
0.032160364,0.96783966,1
0.024863964,0.97513604,1
0.040648296,0.9593517,1
0.14477101,0.855229,0
0.59444577,0.40555423,1
0.073465064,0.9265349,1
0.6212209,0.3787791,1
0.7718449,0.22815515,0
0.93553567,0.06446432,0
0.99795866,0.0020413802,0
0.6625917,0.3374084,0
0.6777679,0.3222322,0
0.58935195,0.41064808,0
0.12465124,0.87534875,1
0.63526964,0.36473036,0
0.99801147,0.0019885113,0
0.9913694,0.00863064,0
0.99697685,0.0030231173,0
0.99755716,0.0024427767,0
0.9981635,0.0018364717,0
0.99816966,0.0018302901,0
0.9985733,0.0014266674,0
0.9984775,0.0015225296,0
0.9780677,0.021932334,1
0.97930634,0.020693677,0
0.9904179,0.0095821265,0
0.9940221,0.0059779696,0
0.45385063,0.5461494,1
0.48972425,0.5102757,1
0.4551357,0.5448643,1
0.49450517,0.50549483,1
0.50074196,0.49925795,1
0.69301105,0.306989,0
0.968714,0.03128595,0
0.9378103,0.062189676,0
0.21801873,0.7819813,1
0.5754197,0.42458028,1
0.7085686,0.2914314,0
0.9843629,0.015637072,0
0.93196505,0.06803496,0
0.99614596,0.003854036,0
0.9284568,0.071543165,0
0.29873443,0.7012656,1
0.9888299,0.011170075,0
0.9928556,0.007144365,0
0.99293846,0.007061538,0
0.8149072,0.18509282,0
0.8702461,0.12975389,0
0.9320279,0.06797212,0
0.94890934,0.051090665,0
0.8011621,0.19883792,0
0.47167826,0.52832174,1
0.57857895,0.42142108,0
0.57537794,0.424622,1
0.95864457,0.041355386,0
0.96228445,0.037715506,0
0.60599214,0.39400786,1
0.9915884,0.008411545,1
0.9755044,0.024495654,0
0.006510371,0.9934896,1
0.0058852853,0.9941147,1
0.3214781,0.6785219,0
0.46602276,0.5339772,0
0.82377744,0.17622255,0
0.8858426,0.11415742,0
0.9062824,0.093717605,0
0.97367394,0.026326107,0
0.3560404,0.6439596,1
0.13539812,0.8646019,1
0.29124057,0.70875937,1
0.8946709,0.105329104,0
0.33479068,0.6652093,0
0.48761606,0.512384,0
0.544272,0.455728,0
0.1811158,0.8188842,0
0.13579586,0.8642041,0
0.29429722,0.7057028,1
0.12522054,0.8747794,1
0.5079716,0.4920284,1
0.97400075,0.025999242,0
0.96692634,0.033073727,0
0.7634739,0.23652607,0
0.7817676,0.21823241,0
0.68030053,0.31969944,0
0.5970567,0.40294328,0
0.011975562,0.9880244,1
0.22310086,0.77689916,1
0.20625803,0.79374194,1
0.9061308,0.09386927,0
0.8515523,0.1484477,0
0.16251926,0.8374807,0
0.28428406,0.715716,0
0.68920296,0.31079704,0
0.9839257,0.016074259,0
0.0047992445,0.99520075,1
0.950193,0.049806982,0
0.66554016,0.33445984,0
0.92873317,0.07126676,0
0.013404221,0.9865958,1
0.9043042,0.095695816,0
0.6066907,0.3933093,0
0.8383238,0.16167629,0
0.7979675,0.2020325,0
0.91979283,0.08020721,0
0.29613104,0.703869,0
0.5098063,0.49019372,0
0.5662309,0.4337691,0
0.98202217,0.01797784,0
0.96917444,0.030825613,0
0.7862504,0.21374953,0
0.6684875,0.3315125,1
0.008908575,0.99109143,1
0.9928625,0.007137489,0
0.9902664,0.009733613,0
0.054221146,0.94577885,1
0.93621594,0.06378405,1
0.9634933,0.03650673,0
0.970539,0.029461017,0
0.956965,0.043034945,0
0.98822814,0.011771896,1
0.8287968,0.17120317,0
0.51251006,0.48748997,0
0.9538642,0.046135746,0
0.5137193,0.4862807,0
0.96611136,0.033888612,0
0.15122432,0.8487757,1
0.81447625,0.1855237,1
0.91629535,0.083704606,0
0.57513773,0.4248622,1
0.9982564,0.0017436077,0
0.9975683,0.0024316297,0
0.71253806,0.2874619,0
0.7301396,0.26986042,0
0.39818615,0.6018138,1
0.88569903,0.1143009,0
0.85866433,0.1413357,0
0.1526356,0.8473644,1
0.12890626,0.8710937,0
0.26158345,0.7384165,1
0.99829906,0.0017009418,0
0.009816272,0.9901838,1
0.015498531,0.9845014,1
0.006912595,0.99308735,1
0.007606622,0.9923934,1
0.08435049,0.91564953,1
0.66544336,0.3345567,0
0.6570755,0.34292448,0
0.008074684,0.9919253,1
0.41939768,0.5806023,0
0.71650314,0.28349692,0
0.94678086,0.053219106,0
0.99651515,0.0034848098,0
0.99894065,0.0010593367,0
0.9987502,0.0012497617,0
0.008648257,0.9913517,1
0.00789394,0.9921061,1
0.0072592655,0.9927408,1
0.5457308,0.45426914,0
0.0771593,0.9228407,0
0.19616303,0.803837,0
0.15755823,0.84244174,0
0.682898,0.31710202,0
0.9083009,0.09169916,0
0.99751115,0.002488868,0
0.9987295,0.0012704325,0
0.6475252,0.3524748,0
0.12118421,0.8788158,1
0.14167285,0.85832715,1
0.41233104,0.58766896,0
0.651943,0.34805706,0
0.18469878,0.8153012,1
0.41348484,0.5865152,1
0.9918771,0.008122926,0
0.9577624,0.04223754,0
0.76305425,0.23694576,0
0.89815396,0.10184605,0
0.9320918,0.06790826,0
0.50997764,0.49002233,0
0.82703024,0.17296982,0
0.8969848,0.10301522,0
0.8873569,0.11264313,1
0.9920995,0.007900463,0
0.976935,0.023064947,0
0.80176216,0.19823782,0
0.83732206,0.16267799,0
0.56624585,0.4337542,0
0.30004463,0.69995534,1
0.5248444,0.47515553,0
0.29332086,0.70667917,1
0.8974466,0.102553405,1
0.8051142,0.19488578,1
0.9768461,0.023153951,0
0.017131858,0.9828682,1
0.73727316,0.2627268,1
0.9580307,0.041969292,0
0.91531944,0.08468054,0
0.4118494,0.5881506,1
0.91660345,0.08339659,1
0.9147974,0.08520263,0
0.8915371,0.10846291,0
0.290594,0.70940596,0
0.8440995,0.15590048,0
0.9663581,0.0336419,0
0.9813809,0.018619096,0
0.98137397,0.018626025,0
0.0074902447,0.9925097,1
0.0072401157,0.99275994,1
0.0054766457,0.9945234,1
0.69207275,0.30792728,0
0.8469603,0.15303975,0
0.6758257,0.32417437,0
0.7639552,0.23604484,0
0.8243226,0.17567742,0
0.09952123,0.9004788,0
0.03399385,0.96600616,0
0.06222989,0.9377701,1
0.7809481,0.21905188,0
0.578964,0.42103595,0
0.35697517,0.64302486,0
0.110989384,0.8890106,1
0.10726969,0.8927303,1
0.63421637,0.36578363,0
0.074934125,0.9250658,1
0.9549863,0.045013696,0
0.99679714,0.0032029115,0
0.997931,0.0020689454,0
0.99869907,0.0013009624,0
0.9976307,0.002369238,0
0.9963546,0.0036454014,0
0.98512775,0.01487226,0
0.009364848,0.9906351,1
0.009382565,0.99061745,1
0.0697107,0.93028927,0
0.9694983,0.0305017,0
0.99650013,0.0034998695,0
0.9932915,0.00670853,0
0.11611498,0.883885,0
0.03183086,0.9681692,0
0.9905308,0.009469286,0
0.9954242,0.0045757927,0
0.005485525,0.99451447,1
0.0048494926,0.99515045,1
0.112039745,0.8879603,1
0.24986644,0.7501336,1
0.8968676,0.10313239,0
0.154049,0.8459511,1
0.91493917,0.085060775,0
0.99821955,0.0017803893,0
0.99837804,0.0016219274,0
0.99829787,0.0017021163,0
0.9764317,0.023568308,0
0.051731333,0.9482686,1
0.12228762,0.87771237,1
0.34548318,0.6545168,1
0.930121,0.069878995,0
0.9970849,0.0029150832,0
0.5181802,0.48181978,0
0.7814032,0.21859679,0
0.14270836,0.85729164,1
0.998042,0.0019579604,0
0.22510926,0.7748908,1
0.008434255,0.9915658,1
0.6395555,0.3604445,0
0.9922437,0.007756311,0
0.99677014,0.0032298416,0
0.4378629,0.5621371,1
0.120200954,0.87979907,1
0.014626799,0.9853732,1
0.2363719,0.76362807,0
0.921704,0.078296006,0
0.99661934,0.00338067,0
0.011928346,0.9880717,1
0.90708804,0.09291189,0
0.9501404,0.04985958,0
0.9976019,0.002398111,0
0.9944284,0.0055716606,0
0.99703157,0.0029684333,0
0.9055107,0.094489224,0
0.6894035,0.31059647,0
0.3207315,0.67926854,0
0.69022405,0.309776,0
0.9801083,0.019891666,0
0.9339073,0.06609275,0
0.10020884,0.8997911,1
0.02047528,0.9795248,1
0.09390796,0.906092,1
0.9975101,0.0024898625,0
0.31336567,0.6866343,1
0.40392193,0.5960781,1
0.46212527,0.53787476,1
0.99872416,0.0012758584,0
0.9905408,0.009459205,0
0.075350866,0.9246491,1
0.54414976,0.4558502,0
0.05321399,0.946786,1
0.059879195,0.9401208,0
0.5048423,0.4951577,0
0.9875781,0.012421878,0
0.99562067,0.004379271,0
0.9962065,0.0037934028,0
0.99457836,0.0054216054,0
0.6329609,0.3670391,0
0.9880945,0.011905476,0
0.9938433,0.0061567496,0
0.99716634,0.002833634,0
0.99579406,0.0042059473,0
0.97509164,0.02490841,0
0.9966377,0.0033622473,0
0.96554035,0.034459576,0
0.35830364,0.6416964,1
0.47598326,0.5240167,1
0.9973973,0.0026026827,0
0.91666543,0.0833346,1
0.78934866,0.21065131,1
0.89483726,0.105162784,1
0.96133995,0.038660116,0
0.60583097,0.39416906,1
0.8004882,0.1995118,1
0.7180749,0.28192508,0
0.9929974,0.007002542,0
0.992546,0.007453923,0
0.36882675,0.63117325,1
0.32222492,0.6777751,1
0.2688483,0.7311517,1
0.3657836,0.6342164,1
0.9547429,0.045257144,0
0.51906496,0.480935,1
0.9241207,0.07587928,0
0.9188861,0.081113845,0
0.9769503,0.023049718,0
0.98782456,0.012175486,0
0.77027404,0.22972594,1
0.9005819,0.099418096,1
0.9939267,0.0060732607,0
0.55306405,0.44693598,1
0.35657984,0.64342016,1
0.98630095,0.013699042,0
0.6874923,0.3125077,1
0.7643154,0.23568451,1
0.7855951,0.21440491,1
0.8384622,0.1615378,0
0.92363364,0.0763663,0
0.9959538,0.004046192,0
0.7435074,0.2564926,1
0.028195694,0.9718043,1
0.055317227,0.9446827,1
0.03272775,0.9672723,1
0.89874256,0.101257384,0
0.9180169,0.08198311,0
0.1092249,0.8907751,1
0.77045417,0.22954586,0
0.8470156,0.15298441,0
0.997551,0.0024489427,0
0.9990625,0.0009375764,0
0.9990361,0.00096393394,0
0.9989592,0.0010408583,0
0.9231337,0.07686635,0
0.51538855,0.48461142,1
0.50566095,0.494339,1
0.16575076,0.83424926,1
0.08998469,0.9100153,1
0.10706205,0.8929379,1
0.9444244,0.055575628,0
0.99716055,0.0028395015,0
0.9959198,0.0040801154,0
0.9989888,0.0010112363,0
0.97699434,0.023005724,0
0.9984156,0.0015844196,0
0.8327309,0.16726907,0
0.9276437,0.07235622,0
0.48414898,0.5158511,1
0.51630664,0.48369345,1
0.024245417,0.97575456,1
0.006615361,0.99338466,1
0.038528543,0.9614715,1
0.74921685,0.25078312,0
0.61735344,0.38264653,0
0.5145887,0.4854113,0
0.94409406,0.055905987,0
0.8962621,0.10373797,0
0.9087019,0.09129808,0
0.98013514,0.019864883,0
0.9511465,0.0488535,0
0.32446074,0.6755393,1
0.63353187,0.3664681,1
0.9859973,0.014002719,0
0.50848144,0.49151847,1
0.96511924,0.0348808,0
0.5638048,0.43619522,1
0.56661475,0.43338522,0
0.7177578,0.28224218,0
0.7309743,0.26902568,0
0.9032204,0.09677963,0
0.9300047,0.06999532,0
0.9744564,0.02554364,0
0.9299277,0.07007231,0
0.7439681,0.25603184,0
0.53152263,0.46847737,0
0.9809201,0.019079955,0
0.90341717,0.09658277,0
0.453439,0.546561,1
0.37271458,0.6272854,1
0.96349216,0.0365078,0
0.7379315,0.26206854,1
0.7847644,0.21523558,1
0.61359924,0.38640073,0
0.944114,0.055885956,0
0.7650566,0.23494335,0
0.85950255,0.14049748,0
0.70152295,0.29847705,0
0.53476876,0.46523127,1
0.5990192,0.4009807,0
0.88079834,0.1192017,1
0.67066205,0.32933795,0
0.5082963,0.4917037,1
0.8097434,0.19025664,0
0.48999044,0.5100095,1
0.8566521,0.1433479,0
0.6364833,0.36351672,0
0.99464947,0.0053505446,0
0.991971,0.00802899,0
0.5999201,0.40007988,1
0.9808476,0.019152394,0
0.98194283,0.018057143,0
0.9860831,0.0139168585,0
0.06054624,0.9394537,1
0.37389934,0.62610066,1
0.07020969,0.9297903,1
0.5441972,0.45580286,0
0.69688827,0.30311173,0
0.61818296,0.38181707,0
0.46799642,0.5320035,0
0.9990491,0.00095089356,0
0.9989792,0.0010208222,0
0.78547853,0.21452153,0
0.7563998,0.24360014,0
0.75690156,0.2430985,0
0.23159418,0.7684058,1
0.005874576,0.99412537,1
0.013162965,0.986837,1
0.033201713,0.9667983,1
0.08703149,0.9129686,1
0.9346779,0.0653221,0
0.8482873,0.15171272,0
0.7554301,0.24456988,0
0.9914636,0.008536348,0
0.99279696,0.0072030295,0
0.9832267,0.016773287,0
0.97822875,0.021771228,0
0.964985,0.035014946,0
0.91189027,0.08810979,0
0.98703617,0.012963838,0
0.6186217,0.3813783,0
0.42969579,0.5703042,1
0.39123324,0.60876673,1
0.5157267,0.4842733,0
0.69541305,0.3045869,0
0.58058125,0.41941878,0
0.61430657,0.38569346,0
0.84507513,0.15492488,0
0.5337915,0.46620858,0
0.6267926,0.3732074,0
0.85551596,0.14448406,1
0.91044813,0.08955182,1
0.5183334,0.4816666,1
0.9455059,0.054494128,0
0.9038166,0.09618349,1
0.101868615,0.8981314,1
0.79361624,0.2063837,1
0.37945732,0.62054265,1
0.9911935,0.008806597,0
0.5818711,0.4181289,0
0.78838706,0.21161292,0
0.008184852,0.99181515,1
0.3554502,0.6445498,0
0.007579038,0.992421,0
0.77536994,0.22463006,0
0.27485463,0.7251454,1
0.07805176,0.92194825,1
0.3823157,0.6176843,1
0.0071993545,0.9928006,1
0.0060788766,0.99392116,0
0.87065464,0.12934537,0
0.5617418,0.43825814,0
0.8038914,0.1961086,0
0.82850695,0.17149301,0
0.8866905,0.113309525,0
0.3264917,0.6735083,0
0.03266022,0.96733975,1
0.117840335,0.88215965,0
0.22847034,0.77152973,0
0.9304736,0.06952635,0
0.9073888,0.09261118,0
0.007563613,0.99243635,1
0.007662655,0.9923374,1
0.0070865173,0.99291354,1
0.10257243,0.89742756,0
0.071130514,0.9288695,0
0.16100939,0.83899057,0
0.05230363,0.9476963,0
0.992458,0.007542014,0
0.9977962,0.0022038796,0
0.9985501,0.0014498567,0
0.99833906,0.001660886,0
0.78287303,0.21712704,0
0.7697839,0.23021607,0
0.5957858,0.40421423,0
0.33477238,0.6652276,0
0.99543756,0.004562476,0
0.99398535,0.0060146926,0
0.9980837,0.0019163341,0
0.9946084,0.005391541,0
0.9772331,0.022766845,1
0.023393665,0.9766063,1
0.98917705,0.010822976,0
0.60807633,0.39192367,1
0.9255276,0.07447238,0
0.1586663,0.84133375,1
0.005257031,0.994743,1
0.0050965846,0.99490345,1
0.26277253,0.73722744,0
0.5003528,0.4996472,0
0.529051,0.47094902,0
0.50221276,0.4977873,0
0.83077455,0.16922547,0
0.76564634,0.23435369,0
0.3388766,0.6611234,0
0.009775514,0.99022454,1
0.2875906,0.71240944,0
0.7128978,0.28710225,0
0.12035165,0.8796483,1
0.81222934,0.1877707,0
0.7591477,0.24085234,0
0.83673024,0.16326977,0
0.6757201,0.32427996,0
0.9683546,0.03164541,0
0.75172573,0.24827434,0
0.37707582,0.62292415,0
0.8850913,0.114908636,0
0.8538068,0.14619325,0
0.9049851,0.095014915,0
0.30521512,0.69478494,0
0.78954977,0.21045016,0
0.8681363,0.13186376,0
0.9815044,0.0184956,1
0.63102746,0.3689725,1
0.0069182836,0.99308175,1
0.0075871805,0.99241287,1
0.0071701785,0.99282986,1
0.0073730354,0.99262697,1
0.019997027,0.980003,1
0.11848725,0.8815128,0
0.0080789635,0.99192107,1
0.9368056,0.06319444,0
0.97972554,0.020274501,0
0.99388313,0.006116879,0
0.97570497,0.02429499,0
0.88531655,0.11468341,0
0.014265965,0.985734,0
0.035116885,0.96488315,0
0.17933437,0.82066566,0
0.81022877,0.18977119,0
0.78420925,0.21579072,0
0.56490207,0.435098,0
0.057011764,0.9429882,0
0.004633561,0.99536645,1
0.004815727,0.99518424,1
0.110536024,0.889464,0
0.008528982,0.991471,1
0.15363204,0.8463679,1
0.2841294,0.71587056,0
0.41963267,0.58036727,0
0.9920907,0.007909282,0
0.9955778,0.004422172,0
0.92750823,0.07249175,0
0.96642905,0.033570986,0
0.8743737,0.1256264,0
0.130581,0.869419,1
0.74793154,0.25206846,0
0.764975,0.235025,0
0.9718117,0.028188294,0
0.9736484,0.026351605,0
0.005193296,0.9948067,1
0.084389694,0.91561025,1
0.9901843,0.009815622,0
0.09180579,0.9081942,1
0.57790124,0.4220987,0
0.016439755,0.9835602,1
0.03659966,0.9634003,1
0.27691388,0.7230861,1
0.011181774,0.9888182,1
0.4965978,0.5034022,0
0.11365237,0.8863476,1
0.96947205,0.030527983,0
0.46936566,0.53063434,0
0.5179391,0.4820609,0
0.9626451,0.037354905,0
0.9705136,0.029486464,0
0.95584846,0.0441516,0
0.124097146,0.87590283,1
0.0061494154,0.9938506,1
0.0863866,0.9136134,1
0.021501835,0.97849816,1
0.30314,0.69685996,0
0.008193589,0.9918064,1
0.61239034,0.38760966,0
0.72601074,0.2739893,0
0.9380705,0.06192948,0
0.8941156,0.10588434,0
0.48851225,0.5114877,0
0.0047731106,0.99522686,1
0.3612124,0.63878757,0
0.077548444,0.9224515,1
0.3023904,0.6976096,0
0.97428256,0.025717473,0
0.9854455,0.014554471,0
0.4309464,0.5690536,0
0.08887843,0.9111216,1
0.40095812,0.5990419,0
0.6347048,0.36529523,0
0.9470349,0.052965123,0
0.88215476,0.11784524,0
0.8328108,0.16718915,0
0.8174246,0.1825754,0
0.19570611,0.8042939,1
0.083320014,0.91668,1
0.9980242,0.001975791,0
0.99907076,0.0009291649,0
0.17538308,0.82461697,0
0.052174635,0.9478254,1
0.017752131,0.9822479,1
0.42567,0.57433003,0
0.9719211,0.02807894,0
0.9917698,0.008230259,0
0.57003814,0.42996192,1
0.93161273,0.06838733,0
0.013820271,0.98617965,1
0.22130491,0.7786951,1
0.25508264,0.74491733,1
0.41889167,0.58110833,1
0.5192139,0.48078606,1
0.8370588,0.16294117,1
0.7923005,0.20769945,1
0.5810453,0.41895464,1
0.9469447,0.053055283,0
0.9743905,0.025609415,0
0.9780659,0.021934139,0
0.5466724,0.45332766,0
0.7842864,0.21571359,0
0.34455615,0.65544385,0
0.38510475,0.6148952,1
0.7386525,0.2613474,0
0.6572794,0.3427207,1
0.8899267,0.11007333,0
0.9778455,0.02215451,0
0.30851716,0.69148284,1
0.4813097,0.5186903,1
0.4133682,0.5866318,1
0.13404793,0.86595213,1
0.37424278,0.62575716,1
0.18565428,0.8143457,1
0.7838505,0.2161495,0
0.007507141,0.99249285,1
0.013525021,0.98647493,1
0.010763158,0.9892369,1
0.77580994,0.22419,0
0.65970576,0.34029424,0
0.54713225,0.45286772,0
0.39780697,0.60219306,0
0.66381145,0.33618858,0
0.0790398,0.9209602,0
0.07757603,0.9224239,1
0.094048604,0.9059514,1
0.2106339,0.7893661,1
0.9658739,0.034126114,0
0.9924816,0.007518383,0
0.99770445,0.0022955746,0
0.82120055,0.17879939,0
0.51363504,0.486365,1
0.5211814,0.47881854,0
0.44785866,0.55214137,0
0.01103562,0.98896444,1
0.013261366,0.9867387,1
0.015493317,0.98450667,1
0.09410257,0.9058974,1
0.80972254,0.1902775,0
0.7602705,0.2397295,0
0.014098566,0.9859014,1
0.0049363384,0.9950637,1
0.040894017,0.959106,1
0.2731536,0.72684634,1
0.9251263,0.07487369,0
0.7629356,0.23706439,0
0.8029268,0.19707324,0
0.011573172,0.98842674,1
0.21031943,0.7896806,1
0.29956433,0.70043564,0
0.4762804,0.52371955,0
0.51896447,0.48103553,0
0.17746049,0.82253945,1
0.39955392,0.60044605,1
0.33312583,0.66687423,1
0.8704242,0.12957574,0
0.3634548,0.63654524,1
0.056459796,0.94354016,1
0.5465151,0.45348486,0
0.22453645,0.7754636,0
0.27231795,0.72768205,0
0.5969144,0.40308556,0
0.8972738,0.10272626,0
0.6561403,0.34385964,0
0.8799052,0.12009477,0
0.52500355,0.47499645,1
0.9569316,0.04306842,0
0.9631966,0.036803443,0
0.885589,0.11441098,0
0.9376868,0.062313214,0
0.95103425,0.048965737,0
0.96304166,0.03695837,0
0.6495947,0.35040528,1
0.9500162,0.049983773,0
0.77109253,0.2289074,0
0.72939485,0.27060524,0
0.9149376,0.085062414,0
0.3444225,0.65557754,1
0.2790486,0.7209514,1
0.2497006,0.7502994,1
0.35199475,0.64800525,1
0.386727,0.61327296,1
0.44147846,0.5585215,1
0.3000103,0.6999897,1
0.7498081,0.25019196,1
0.9347395,0.06526056,0
0.95057017,0.049429826,0
0.9648709,0.035129067,0
0.92968476,0.07031527,0
0.96871924,0.03128078,0
0.3946734,0.60532665,0
0.06329613,0.9367038,1
0.011268671,0.9887313,1
0.031425767,0.96857417,1
0.063451864,0.9365481,1
0.8804902,0.119509846,0
0.92333066,0.07666928,0
0.9801191,0.019880943,0
0.99890876,0.0010912395,0
0.78204006,0.21795997,0
0.61649317,0.38350686,0
0.61699593,0.3830041,0
0.5329136,0.46708643,1
0.042983163,0.9570169,1
0.07295184,0.9270482,1
0.88414186,0.11585818,1
0.695989,0.30401102,0
0.80626464,0.19373532,0
0.3132409,0.6867592,1
0.04503468,0.9549653,1
0.025889533,0.9741105,1
0.0056686234,0.99433136,1
0.014365022,0.985635,1
0.013030789,0.98696923,1
0.004993236,0.9950068,1
0.11152142,0.8884786,1
0.58307207,0.4169279,0
0.97958183,0.02041819,0
0.9811488,0.018851232,0
0.521564,0.47843593,0
0.854825,0.14517502,0
0.80402225,0.1959777,0
0.25313443,0.7468656,0
0.053680275,0.94631976,1
0.96161574,0.03838422,0
0.6795127,0.3204873,0
0.9137774,0.086222626,0
0.9102003,0.08979971,0
0.763004,0.23699601,0
0.48214513,0.51785487,1
0.84441656,0.15558341,0
0.40090567,0.59909433,1
0.43923324,0.5607667,1
0.9257921,0.074207924,0
0.16173868,0.83826125,1
0.97293943,0.027060512,0
0.6318989,0.36810112,1
0.67747504,0.322525,1
0.77467006,0.22532994,0
0.33508945,0.6649106,1
0.78034824,0.21965179,0
0.23928308,0.7607169,1
0.58497864,0.41502136,1
0.93976486,0.06023518,0
0.70179844,0.29820153,0
0.6590903,0.3409097,1
0.9706359,0.029364116,0
0.9810735,0.018926518,0
0.9663544,0.0336456,0
0.53843683,0.46156317,1
0.79385865,0.20614137,1
0.876576,0.123424046,0
0.627512,0.37248796,1
0.6270878,0.3729123,1
0.6669788,0.3330212,1
0.9201874,0.079812616,0
0.9654798,0.034520227,0
0.7480945,0.25190547,0
0.8654445,0.13455556,0
0.97683084,0.023169173,0
0.98764277,0.012357189,0
0.30081034,0.69918966,0
0.27732313,0.7226768,1
0.17191191,0.8280881,1
0.14516175,0.85483825,1
0.26344833,0.73655164,1
0.27446857,0.7255314,1
0.08163789,0.91836214,1
0.20548478,0.79451525,1
0.97893095,0.021069044,0
0.9984446,0.0015553575,0
0.42493206,0.57506794,1
0.035397388,0.96460265,1
0.017747277,0.9822527,1
0.015866755,0.98413324,1
0.02082352,0.9791765,1
0.019389415,0.9806106,1
0.020440143,0.9795599,1
0.027603347,0.9723966,1
0.67043746,0.32956252,0
0.39133078,0.6086693,0
0.0549702,0.9450298,1
0.038821924,0.9611781,1
0.021299858,0.9787001,1
0.017601825,0.9823982,1
0.016591473,0.98340845,1
0.016040567,0.9839594,1
0.0051953536,0.9948047,1
0.5231089,0.4768911,0
0.5408946,0.45910543,0
0.59696144,0.40303862,0
0.64063734,0.3593627,0
0.7760784,0.2239216,0
0.3793298,0.62067014,0
0.0309892,0.9690108,1
0.039785866,0.9602141,1
0.36230475,0.63769525,1
0.23611102,0.763889,1
0.0050456943,0.9949543,1
0.004956873,0.99504316,1
0.14927667,0.8507234,0
0.0741861,0.9258139,0
0.33653495,0.6634651,0
0.58149683,0.4185032,0
0.15640832,0.8435917,0
0.018663771,0.9813362,1
0.41185695,0.588143,0
0.0453371,0.9546629,0
0.47102195,0.5289781,0
0.0069109784,0.993089,1
0.00678502,0.99321496,1
0.41012013,0.58987993,0
0.42564353,0.5743565,0
0.22641997,0.7735801,0
0.35154983,0.64845014,0
0.43643954,0.5635605,0
0.78528947,0.2147106,0
0.621305,0.37869495,0
0.16568017,0.83431983,0
0.68442553,0.31557453,0
0.29316702,0.706833,1
0.9236807,0.0763193,0
0.5614681,0.4385319,0
0.8336277,0.16637233,0
0.32648307,0.6735169,1
0.7225864,0.27741367,0
0.03855768,0.9614423,1
0.6541083,0.34589165,0
0.9984465,0.0015534556,0
0.87644625,0.123553745,0
0.0639507,0.9360493,1
0.03774286,0.9622571,1
0.24318206,0.75681794,0
0.4279394,0.5720606,0
0.07829974,0.9217003,1
0.13752457,0.8624754,1
0.17830043,0.8216996,1
0.05096238,0.9490376,1
0.98564583,0.014354149,0
0.8977148,0.10228522,0
0.015101679,0.98489827,1
0.04359245,0.9564076,1
0.011301034,0.9886989,1
0.008596423,0.99140364,1
0.07105274,0.9289472,0
0.9003219,0.09967808,0
0.9982664,0.001733684,0
0.7824327,0.21756735,0
0.035502832,0.96449715,1
0.05556016,0.9444398,0
0.086567074,0.9134329,0
0.06319305,0.936807,0
0.024888843,0.9751111,1
0.021895468,0.97810453,1
0.0046074856,0.99539256,1
0.16227311,0.83772683,1
0.22424142,0.77575856,1
0.5561601,0.44383988,1
0.6557696,0.34423038,0
0.8403355,0.15966453,0
0.8946752,0.105324835,0
0.120966874,0.87903315,1
0.15451437,0.8454856,1
0.35021055,0.64978945,1
0.41380814,0.58619183,0
0.1212715,0.8787285,1
0.8215438,0.17845617,0
0.9169688,0.08303118,0
0.18730381,0.8126962,1
0.49768847,0.5023115,1
0.922485,0.077515066,0
0.3445973,0.6554027,1
0.23901705,0.76098293,1
0.8142181,0.18578188,0
0.59077144,0.4092286,1
0.6375422,0.3624578,1
0.5685642,0.43143582,1
0.8184326,0.18156736,0
0.9546408,0.04535921,0
0.5892194,0.4107806,1
0.99790394,0.0020960863,0
0.97112966,0.028870372,0
0.1882339,0.8117661,1
0.033535313,0.9664647,1
0.56943446,0.4305655,0
0.78382456,0.21617539,0
0.8176634,0.18233661,0
0.37172198,0.62827796,0
0.81899256,0.18100749,0
0.8143992,0.18560085,0
0.9412299,0.058770105,0
0.32770464,0.67229533,0
0.0098683,0.99013174,1
0.011724059,0.98827595,1
0.009175303,0.99082464,1
0.005961374,0.9940386,1
0.2581237,0.74187636,0
0.38955986,0.6104402,0
0.29688764,0.7031123,0
0.10176787,0.89823216,0
0.98322165,0.01677841,0
0.94138604,0.058613937,0
0.0153507395,0.98464924,1
0.04747031,0.95252967,1
0.05325922,0.94674075,1
0.07763623,0.92236376,1
0.13361734,0.86638266,1
0.1290867,0.87091327,1
0.057275265,0.94272476,1
0.99888104,0.0011189844,0
0.9948579,0.0051420867,0
0.9688812,0.031118887,0
0.040412046,0.9595879,1
0.0347669,0.9652331,1
0.040188473,0.95981157,1
0.31521228,0.68478775,0
0.012488694,0.9875113,1
0.059738647,0.9402614,1
0.05019238,0.94980764,1
0.14551787,0.8544821,0
0.048422586,0.9515774,1
0.24034639,0.7596536,0
0.37996796,0.620032,0
0.015958963,0.984041,1
0.07724454,0.92275554,1
0.24661237,0.75338763,1
0.20983224,0.7901678,1
0.2536208,0.7463792,1
0.7442019,0.25579807,0
0.87092024,0.12907974,0
0.9105528,0.08944723,0
0.952251,0.04774901,0
0.9281555,0.071844555,0
0.99172544,0.008274587,0
0.9576154,0.042384688,0
0.3679003,0.63209975,1
0.69709396,0.302906,0
0.994802,0.0051980754,0
0.98846483,0.011535171,0
0.23810065,0.76189935,1
0.07921262,0.9207874,1
0.2384474,0.76155263,1
0.12904058,0.8709594,1
0.124743745,0.87525624,1
0.24042885,0.75957114,1
0.93606454,0.063935496,0
0.98059,0.019409997,0
0.12252494,0.8774751,1
0.11785065,0.8821494,1
0.092279166,0.90772086,1
0.94833195,0.05166798,0
0.79150045,0.20849958,0
0.23288926,0.76711076,0
0.0057016076,0.9942984,1
0.0074904393,0.9925095,1
0.013425147,0.9865748,1
0.04686623,0.9531337,1
0.057917777,0.9420822,1
0.32924613,0.6707539,1
0.24635401,0.75364596,1
0.96110266,0.038897324,0
0.1442156,0.85578436,1
0.95951664,0.040483303,0
0.8084,0.19160002,0
0.0055486117,0.99445134,1
0.0052087624,0.99479127,1
0.0054519866,0.994548,1
0.008704108,0.99129593,1
0.012197419,0.98780257,1
0.03703426,0.9629657,1
0.24262115,0.7573788,0
0.9985133,0.0014866613,0
0.097025536,0.9029744,1
0.3269947,0.67300534,1
0.9938252,0.0061748386,0
0.7673773,0.2326227,0
0.016707728,0.9832923,1
0.018231368,0.9817686,1
0.066960655,0.93303937,1
0.12405858,0.8759414,1
0.13352135,0.8664787,1
0.04454356,0.9554564,1
0.0525987,0.9474012,1
0.044735663,0.95526433,1
0.9833251,0.016674882,0
0.9988024,0.0011976265,0
0.73800975,0.26199022,0
0.027748669,0.97225136,1
0.024343155,0.97565687,1
0.023802187,0.9761978,1
0.07410784,0.9258922,1
0.11218503,0.887815,1
0.1149348,0.8850652,1
0.3461948,0.6538052,1
0.9331774,0.066822626,0
0.008992573,0.9910074,1
0.005966717,0.9940333,1
0.0050145457,0.99498546,1
0.005663954,0.99433607,0
0.0124886,0.9875114,0
0.004657846,0.99534214,1
0.03957699,0.960423,0
0.17211993,0.82788,0
0.15098353,0.8490165,0
0.22422676,0.7757732,0
0.5515361,0.4484639,0
0.13041951,0.86958045,1
0.11564272,0.8843573,1
0.10776802,0.892232,1
0.15829918,0.84170085,1
0.16024168,0.83975834,1
0.8657449,0.13425511,0
0.1277425,0.87225753,1
0.12368022,0.87631977,1
0.16730326,0.8326967,1
0.13451135,0.8654887,1
0.13127282,0.8687271,1
0.085545346,0.91445464,1
0.074978754,0.92502123,1
0.081622764,0.9183772,1
0.08044579,0.91955423,1
0.078574724,0.9214253,1
0.0911346,0.90886545,1
0.14969392,0.8503061,1
0.9436308,0.056369234,0
0.96811455,0.03188549,0
0.16752107,0.83247894,1
0.04221109,0.9577889,1
0.9271135,0.07288649,0
0.91342884,0.08657113,0
0.8853259,0.11467408,0
0.96569765,0.0343024,0
0.75290406,0.24709591,0
0.9667605,0.03323949,0
0.96194404,0.03805598,0
0.93755054,0.062449448,0
0.94681954,0.053180464,0
0.2372289,0.7627711,1
0.90552753,0.094472505,0
0.99843293,0.0015670514,0
0.99876344,0.0012365917,0
0.99738365,0.0026163156,0
0.042357367,0.9576427,1
0.021841666,0.97815835,1
0.026299845,0.97370017,1
0.025408052,0.9745919,1
0.021632897,0.97836715,1
0.021588404,0.97841156,1
0.015470627,0.98452944,1
0.047000147,0.9529999,1
0.5587137,0.44128627,0
0.10661018,0.8933898,1
0.3624036,0.63759637,0
0.9463029,0.05369712,0
0.9988538,0.0011462185,0
0.99869555,0.0013044159,0
0.9973346,0.0026654494,0
0.65496475,0.34503517,0
0.53701246,0.4629876,0
0.5488128,0.45118725,0
0.27383178,0.7261682,0
0.023217484,0.9767825,1
0.16346574,0.8365342,1
0.2429483,0.75705165,1
0.93918365,0.06081634,0
0.8338263,0.16617373,0
0.868875,0.1311249,0
0.89445055,0.10554949,0
0.95349413,0.046505824,0
0.10265927,0.8973408,1
0.017934168,0.98206586,1
0.0149949165,0.98500514,1
0.017904276,0.9820957,1
0.0384854,0.9615146,1
0.079190716,0.9208093,0
0.017022531,0.9829775,1
0.9891061,0.01089394,0
0.7279299,0.2720701,0
0.900857,0.099143066,0
0.14212064,0.8578794,0
0.1888788,0.81112117,0
0.95082814,0.049171846,0
0.42164385,0.57835615,0
0.14984156,0.85015845,1
0.24474685,0.75525314,0
0.49426353,0.5057365,0
0.14580315,0.8541969,0
0.95734584,0.042654153,0
0.07249323,0.9275068,1
0.06732751,0.93267244,1
0.06738811,0.9326119,1
0.35772905,0.64227104,1
0.99072254,0.009277462,0
0.6385414,0.36145857,0
0.6980741,0.30192587,0
0.93761134,0.06238867,0
0.021560745,0.9784393,1
0.030596599,0.9694034,1
0.09874191,0.9012582,1
0.44453374,0.55546623,1
0.8981372,0.101862796,0
0.13044135,0.86955863,1
0.13383755,0.8661624,1
0.13804045,0.8619595,1
0.98545015,0.014549799,0
0.024024524,0.9759755,1
0.006916096,0.99308395,1
0.022242464,0.9777575,1
0.03499146,0.96500856,1
0.9355695,0.06443045,0
0.96383345,0.036166478,0
0.8603075,0.13969247,0
0.11520529,0.8847948,1
0.07650068,0.92349935,1
0.05070751,0.9492925,1
0.20389701,0.796103,1
0.9717401,0.028259872,0
0.9936187,0.0063812756,0
0.29773456,0.7022654,0
0.033420917,0.966579,1
0.02060249,0.9793975,1
0.019830504,0.9801695,1
0.11404762,0.88595235,1
0.094234765,0.90576524,1
0.9981352,0.0018647495,0
0.96461105,0.035388883,0
0.7393639,0.2606361,0
0.06994178,0.93005824,1
0.24010964,0.7598904,1
0.026234576,0.9737654,1
0.04219176,0.9578082,1
0.14975716,0.85024285,1
0.5283554,0.47164464,1
0.9980641,0.0019358819,0
0.07099589,0.92900413,1
0.060583144,0.9394168,1
0.06803437,0.93196565,1
0.045341328,0.9546587,1
0.03947307,0.9605269,1
0.051607132,0.94839287,1
0.54973763,0.4502624,0
0.23946768,0.76053226,1
0.30754516,0.6924548,1
0.45765543,0.5423446,0
0.92141277,0.07858729,0
0.9667885,0.03321156,0
0.9464582,0.053541776,0
0.9157789,0.08422104,0
0.5806388,0.4193612,0
0.30809343,0.69190663,1
0.17519821,0.8248018,1
0.20313555,0.79686445,1
0.94566464,0.054335322,0
0.25970763,0.7402924,1
0.91715413,0.08284592,0
0.33803782,0.6619622,1
0.705883,0.29411697,0
0.14892313,0.8510769,1
0.17357075,0.82642925,1
0.5043657,0.49563432,1
0.73322225,0.26677778,1
0.9874018,0.012598193,0
0.18460836,0.8153916,1
0.16749762,0.8325024,1
0.064686954,0.9353131,1
0.066446036,0.933554,1
0.50772876,0.4922712,1
0.19202407,0.80797595,1
0.4492383,0.55076164,1
0.74862194,0.25137806,1
0.84682274,0.15317734,0
0.13178724,0.8682127,1
0.021033341,0.9789667,1
0.005989942,0.9940101,1
0.0071150116,0.99288493,1
0.01182481,0.98817515,1
0.26206148,0.7379385,1
0.70281893,0.297181,0
0.28019,0.71981,0
0.9969517,0.0030483017,0
0.99677855,0.0032214415,0
0.80490744,0.19509253,0
0.009086386,0.9909136,1
0.009901443,0.99009854,1
0.013170264,0.9868297,1
0.14318274,0.8568173,0
0.24010721,0.75989276,0
0.68342286,0.31657717,0
0.9980957,0.0019043003,0
0.9967608,0.003239238,0
0.836779,0.16322106,0
0.012943909,0.98705614,1
0.007993044,0.99200696,1
0.04773403,0.952266,1
0.073423244,0.9265768,1
0.100864865,0.8991351,1
0.13617708,0.86382294,1
0.14072083,0.85927916,1
0.77142894,0.22857098,0
0.1086066,0.89139336,0
0.742846,0.257154,0
0.74471676,0.25528327,0
0.03734707,0.962653,1
0.22969174,0.7703082,1
0.7405403,0.25945967,0
0.02763575,0.97236425,1
0.031502966,0.96849704,1
0.0131747145,0.9868253,1
0.014257085,0.9857429,1
0.054229245,0.94577074,1
0.019077936,0.98092204,1
0.034529135,0.9654709,1
0.09802349,0.9019765,1
0.56890774,0.4310923,0
0.16357608,0.83642393,1
0.1520953,0.84790474,1
0.9528447,0.0471553,0
0.9862948,0.013705196,0
0.17021178,0.8297882,0
0.89991874,0.10008124,0
0.42658287,0.5734171,0
0.099616736,0.9003833,1
0.09198952,0.90801054,1
0.46900034,0.5309997,0
0.98532456,0.014675441,0
0.117447436,0.8825525,1
0.07723158,0.9227684,1
0.10298928,0.8970108,1
0.9700825,0.029917477,0
0.99703646,0.0029634978,0
0.8798531,0.12014686,0
0.035461117,0.9645389,1
0.052709095,0.94729096,1
0.03210354,0.9678965,1
0.4218659,0.5781341,1
0.110699326,0.8893007,1
0.9809365,0.019063555,0
0.56153345,0.43846655,1
0.13722217,0.8627779,1
0.3486579,0.65134215,1
0.12307634,0.8769237,1
0.071388975,0.92861104,1
0.105810896,0.8941891,1
0.9961009,0.0038991375,0
0.022017874,0.9779821,1
0.025371829,0.97462815,1
0.116825305,0.8831747,1
0.13730644,0.86269355,1
0.23619667,0.76380336,1
0.6498709,0.35012913,0
0.97636056,0.023639431,0
0.9972934,0.002706569,0
0.9988071,0.0011929321,0
0.99869883,0.0013011011,0
0.5256435,0.47435644,0
0.55112875,0.44887128,1
0.015835704,0.9841643,1
0.13029082,0.8697092,1
0.14686583,0.85313416,0
0.13723242,0.8627676,1
0.86494434,0.13505572,0
0.87880015,0.12119984,0
0.9167667,0.083233245,0
0.18279763,0.8172024,1
0.07770875,0.9222913,1
0.045824643,0.95417535,1
0.028699884,0.97130007,1
0.06429828,0.9357017,1
0.029056204,0.9709438,1
0.038547117,0.96145284,1
0.018514512,0.9814855,1
0.111823775,0.88817626,1
0.09646067,0.9035393,1
0.9580198,0.04198018,0
0.97096,0.029039979,0
0.97736096,0.022639064,0
0.9906957,0.009304271,0
0.98748684,0.01251317,0
0.9609684,0.03903162,0
0.15815486,0.84184515,1
0.1324072,0.8675928,1
0.14899877,0.8510012,1
0.14750847,0.85249156,1
0.16545235,0.8345476,1
0.18258184,0.8174181,1
0.119441286,0.88055867,1
0.16517465,0.83482534,1
0.9785646,0.021435453,0
0.9061761,0.09382394,0
0.09010846,0.9098916,0
0.08087884,0.91912115,0
0.07891164,0.9210884,0
0.08018564,0.9198144,0
0.089417495,0.9105825,0
0.093752034,0.906248,0
0.0957109,0.9042891,0
0.20196088,0.7980392,0
0.1027483,0.8972517,0
0.91300166,0.08699834,0
0.99229616,0.007703826,0
0.96595407,0.034045886,0
0.0064499937,0.99355,1
0.008618399,0.9913816,1
0.009306439,0.9906936,1
0.010569292,0.98943067,1
0.98659074,0.013409323,0
0.9921136,0.007886461,0
0.46153748,0.5384625,0
0.10979825,0.89020175,1
0.1615138,0.83848614,1
0.9195262,0.08047372,0
0.3894563,0.6105437,0
0.021850528,0.9781495,1
0.18125637,0.8187436,1
0.24376257,0.7562374,1
0.017028404,0.9829716,1
0.24131659,0.75868344,1
0.11910475,0.88089526,1
0.9754876,0.024512395,0
0.98639536,0.013604669,0
0.039906774,0.9600932,1
0.092292406,0.90770763,1
0.9793289,0.02067108,0
0.99840254,0.0015975261,0
0.99857223,0.001427793,0
0.3550731,0.6449269,1
0.024532124,0.97546786,1
0.07110122,0.92889875,1
0.85263634,0.1473637,0
0.07753481,0.9224652,1
0.20333207,0.79666793,1
0.9970919,0.002908066,0
0.98892504,0.011074932,0
0.039707974,0.96029204,1
0.5455269,0.45447314,0
0.5437999,0.45620012,0
0.020838194,0.97916174,1
0.15061559,0.8493844,0
0.16190442,0.8380956,0
0.4980934,0.50190663,1
0.8453787,0.1546213,0
0.93385726,0.06614281,0
0.02474356,0.97525644,1
0.43781042,0.56218964,0
0.99634224,0.0036577971,0
0.16993815,0.8300619,1
0.47018212,0.5298179,0
0.8720235,0.12797648,0
0.9769942,0.023005785,0
0.9736631,0.02633685,0
0.9983998,0.0016001618,0
0.7527503,0.2472497,0
0.14052764,0.85947233,1
0.13204937,0.8679507,1
0.13254602,0.867454,1
0.144425,0.85557497,1
0.1585779,0.8414221,1
0.16081482,0.8391851,1
0.17062123,0.8293788,1
0.8756803,0.12431961,0
0.9940428,0.0059571904,0
0.9920935,0.007906517,0
0.9370777,0.062922284,0
0.5331366,0.46686342,0
0.076685965,0.92331403,1
0.30892253,0.6910775,1
0.71789896,0.28210098,0
0.91233766,0.08766238,0
0.017197039,0.982803,1
0.9639915,0.036008492,0
0.98496073,0.015039338,0
0.094418116,0.9055819,1
0.25169116,0.74830884,1
0.0117337955,0.98826617,1
0.021139948,0.97886,1
0.8732819,0.12671806,0
0.29657033,0.70342964,1
0.97632617,0.023673877,0
0.29274562,0.7072544,1
0.031814907,0.96818507,1
0.13184859,0.8681514,1
0.37581748,0.62418246,1
0.9615215,0.038478486,0
0.94296575,0.05703424,0
0.966882,0.03311809,0
0.5453952,0.45460474,0
0.92185473,0.07814528,0
0.7901564,0.20984358,0
0.9654526,0.034547452,0
0.9400255,0.05997453,0
0.99859446,0.0014055609,0
0.54075074,0.4592492,1
0.5208223,0.4791777,1
0.7100325,0.2899675,0
0.18594989,0.8140501,1
0.12067691,0.8793231,1
0.36067414,0.6393258,1
0.6791621,0.32083794,1
0.033315625,0.9666844,1
0.07525507,0.9247449,1
0.018097479,0.9819025,1
0.017541891,0.9824582,1
0.02772299,0.97227705,1
0.047891386,0.9521086,1
0.9959772,0.004022776,0
0.9967638,0.0032361199,0
0.6477954,0.35220462,1
0.4351156,0.5648843,1
0.8046694,0.19533062,0
0.9947759,0.005224136,0
0.85712546,0.1428746,0
0.07240706,0.92759293,1
0.12382659,0.87617344,1
0.1535686,0.8464314,1
0.16374564,0.83625436,1
0.89568454,0.104315445,0
0.82681894,0.17318107,0
0.99898785,0.0010121063,0
0.9956328,0.004367171,0
0.02732339,0.9726766,1
0.8700818,0.1299182,0
0.9969056,0.0030943307,0
0.13417083,0.8658291,1
0.594262,0.40573806,0
0.9408391,0.059160847,0
0.0066535627,0.99334645,1
0.043196905,0.95680314,1
0.12181919,0.8781808,0
0.9947135,0.005286444,0
0.68095237,0.3190476,0
0.5908708,0.40912917,0
0.99888045,0.0011195553,0
0.9409413,0.05905875,0
0.99884063,0.0011593418,0
0.7436709,0.25632915,0
0.0066412515,0.9933588,1
0.006373465,0.9936266,1
0.0056720297,0.99432796,1
0.27733928,0.7226607,0
0.9954796,0.004520393,0
0.9949602,0.0050397487,0
0.7406143,0.25938573,0
0.9989973,0.0010027164,0
0.96120036,0.038799588,0
0.96062547,0.03937456,0
0.7139119,0.28608814,0
0.96741796,0.03258199,0
0.99358255,0.006417455,0
0.9900483,0.009951747,0
0.93525845,0.06474157,0
0.9742072,0.025792751,0
0.998579,0.001421001,0
0.9399658,0.060034253,0
0.5535278,0.4464722,0
0.9986211,0.0013788969,0
0.021387203,0.9786128,1
0.032629967,0.96737003,1
0.11405408,0.8859459,1
0.057282306,0.9427177,1
0.9879711,0.012028917,0
0.9486847,0.051315226,0
0.99315953,0.0068404363,0
0.9875858,0.012414158,0
0.9519123,0.048087724,1
0.56793547,0.43206447,1
0.09305825,0.9069418,1
0.119621046,0.88037896,1
0.98128235,0.018717656,0
0.9926521,0.007347868,0
0.97241396,0.027585972,0
0.9796199,0.02038004,0
0.16809845,0.83190155,1
0.98871607,0.011283945,0
0.59503716,0.40496284,0
0.07944333,0.9205567,1
0.9312768,0.06872324,0
0.3406643,0.6593357,1
0.21883954,0.7811605,1
0.10339558,0.8966045,1
0.09815473,0.90184534,1
0.33384326,0.6661567,1
0.33212307,0.66787696,1
0.8887161,0.111283876,0
0.15914929,0.8408508,0
0.033908553,0.96609145,1
0.658892,0.34110802,0
0.08104758,0.91895235,1
0.050046343,0.94995373,1
0.083149314,0.9168507,1
0.12950827,0.8704917,1
0.9895544,0.010445599,0
0.07295298,0.92704695,1
0.1175555,0.88244444,0
0.22253668,0.77746326,0
0.20233752,0.7976625,0
0.9933247,0.0066752834,0
0.013974773,0.9860253,1
0.010988456,0.9890115,1
0.011023459,0.98897654,1
0.12930864,0.87069136,0
0.21110061,0.7888993,0
0.14393894,0.85606104,0
0.13730359,0.8626964,1
0.13860056,0.8613995,1
0.15502077,0.8449792,1
0.15164632,0.8483537,1
0.08286399,0.91713595,1
0.9831951,0.016804876,0
0.99202406,0.007975966,0
0.04891769,0.95108235,1
0.032631714,0.9673683,1
0.22681649,0.7731835,0
0.5590411,0.44095895,0
0.6712433,0.32875672,0
0.021771736,0.97822833,1
0.0807907,0.91920936,1
0.06795094,0.93204904,1
0.4516324,0.54836756,1
0.04762811,0.9523719,1
0.061128195,0.93887174,1
0.080949925,0.91905016,1
0.06934586,0.9306541,1
0.0808017,0.9191983,1
0.008583959,0.99141604,1
0.0068542897,0.9931457,1
0.0063460325,0.993654,1
0.17628397,0.82371604,0
0.60274464,0.39725536,0
0.17120405,0.82879597,0
0.14800607,0.8519939,1
0.13528413,0.8647159,1
0.15400134,0.84599864,1
0.15421951,0.8457805,1
0.9926247,0.0073752515,0
0.9773082,0.02269178,0
0.41447374,0.5855262,0
0.9841357,0.015864365,0
0.89553106,0.10446888,0
0.30148634,0.6985136,0
0.9830777,0.016922321,0
0.9830126,0.016987411,0
0.9257999,0.074200116,1
0.28922012,0.71077985,1
0.97556895,0.024431039,0
0.98162717,0.01837277,0
0.99648356,0.0035164808,0
0.0059812292,0.9940188,1
0.0057289293,0.99427104,1
0.006051413,0.9939486,1
0.005220279,0.9947797,1
0.019429186,0.98057085,1
0.19502313,0.8049768,1
0.2082046,0.7917954,1
0.041515738,0.95848423,1
0.2052984,0.79470164,1
0.3121266,0.6878734,1
0.98879457,0.011205375,0
0.10904363,0.89095634,1
0.20374878,0.7962512,1
0.98846006,0.0115399035,0
0.9950795,0.004920453,0
0.005508059,0.99449193,1
0.22359113,0.77640885,1
0.25681496,0.7431851,1
0.714969,0.28503105,0
0.99789256,0.0021074775,0
0.2604377,0.7395623,0
0.01816523,0.98183477,1
0.011863888,0.9881362,1
0.0136615075,0.98633856,1
0.7251747,0.27482533,0
0.97806805,0.021931933,0
0.28974533,0.71025467,0
0.28110254,0.7188975,1
0.96004957,0.039950367,0
0.946109,0.053891037,0
0.9726742,0.027325759,0
0.6371704,0.36282963,0
0.55812275,0.44187734,1
0.25380945,0.7461905,0
0.07630422,0.9236958,1
0.23140159,0.76859844,0
0.811642,0.18835802,0
0.9971187,0.0028813398,0
0.9984921,0.0015078324,0
0.98099905,0.019000983,0
0.9137357,0.0862643,0
0.84957385,0.15042618,1
0.80707943,0.19292048,1
0.81868446,0.18131547,0
0.01935646,0.9806435,1
0.9017623,0.09823768,0
0.8313559,0.16864407,0
0.9924452,0.007554871,0
0.9982494,0.001750581,0
0.7785435,0.2214565,0
0.1648365,0.83516353,1
0.13750371,0.8624963,1
0.14225306,0.85774696,1
0.14735997,0.85264003,1
0.2690596,0.7309404,1
0.15087682,0.8491231,1
0.88267905,0.11732095,0
0.984938,0.015061957,0
0.99549353,0.0045064087,0
0.977405,0.022594992,0
0.22403648,0.77596354,1
0.5118199,0.4881802,0
0.99374133,0.0062586884,0
0.91389453,0.086105466,0
0.88414174,0.11585828,0
0.91952926,0.08047074,0
0.9898795,0.010120562,0
0.9899266,0.010073407,0
0.9887623,0.011237746,0
0.9844901,0.015509886,0
0.60575306,0.39424697,1
0.8185352,0.18146485,0
0.99511164,0.004888411,0
0.9937304,0.0062696026,0
0.93727905,0.06272095,0
0.517476,0.48252404,1
0.9878907,0.012109281,0
0.915231,0.08476907,1
0.957155,0.042845,0
0.55043566,0.44956425,1
0.44309998,0.5569,1
0.9937271,0.0062729367,0
0.9959486,0.004051399,0
0.02257738,0.9774226,1
0.9088936,0.091106445,1
0.01646003,0.98353994,1
0.024555804,0.97544414,1
0.04761826,0.95238173,1
0.9487953,0.051204648,0
0.99003816,0.00996181,0
0.99533385,0.004666094,0
0.9982994,0.0017006457,0
0.94879234,0.051207673,0
0.98067564,0.019324372,0
0.45025325,0.54974675,0
0.7813874,0.21861254,0
0.9586325,0.04136749,0
0.5440676,0.45593232,1
0.8253872,0.17461285,1
0.9656056,0.03439433,1
0.9988103,0.0011897185,0
0.65427256,0.3457274,1
0.51579684,0.4842032,1
0.52253217,0.4774678,0
0.13184436,0.86815566,1
0.22866273,0.77133733,0
0.3630926,0.6369074,0
0.2783991,0.7216009,1
0.7185361,0.28146386,1
0.61608243,0.38391754,1
0.122015476,0.87798446,1
0.07395214,0.92604786,1
0.061947726,0.93805224,1
0.039197344,0.96080273,1
0.030996833,0.96900314,1
0.060321454,0.93967855,1
0.40970698,0.590293,0
0.9266215,0.07337848,0
0.99552685,0.0044731423,0
0.99741083,0.0025891687,0
0.1573442,0.8426558,1
0.46119234,0.53880763,0
0.9984201,0.0015799333,0
0.12164565,0.8783543,1
0.9839236,0.016076423,0
0.008434047,0.99156594,1
0.9644845,0.03551549,0
0.99438393,0.005616011,0
0.9946445,0.005355485,0
0.9953101,0.004689846,0
0.9944876,0.0055124965,0
0.14994694,0.85005313,1
0.18638004,0.81362,1
0.98912865,0.010871402,0
0.0063191415,0.99368083,1
0.00609171,0.9939083,1
0.9871975,0.012802519,0
0.9947291,0.0052709207,0
0.022120485,0.97787946,1
0.996912,0.0030879253,0
0.9956591,0.004340863,0
0.1328923,0.8671077,1
0.7958788,0.2041212,0
0.633414,0.36658597,1
0.9928807,0.007119295,0
0.013452833,0.98654723,1
0.86265486,0.13734514,0
0.9970632,0.002936804,0
0.56985176,0.43014815,0
0.97773004,0.022269983,0
0.17600435,0.82399565,1
0.9621379,0.037862074,0
0.87085795,0.12914202,0
0.53470033,0.4652996,0
0.5293878,0.47061217,0
0.21447277,0.78552717,0
0.18230884,0.8176912,1
0.050930906,0.9490691,1
0.16880253,0.8311975,1
0.8511892,0.1488108,1
0.07238506,0.9276149,1
0.66492844,0.33507162,0
0.8464868,0.15351324,0
0.88069856,0.119301416,0
0.85231346,0.14768651,0
0.43267915,0.5673208,0
0.6672972,0.33270285,0
0.86431015,0.13568981,0
0.92234975,0.07765019,0
0.9732895,0.026710542,0
0.81387335,0.18612668,0
0.6165429,0.38345718,0
0.7511039,0.24889615,1
0.96237254,0.037627432,0
0.99678564,0.0032143905,0
0.9654403,0.034559757,0
0.39877003,0.60122997,1
0.71001583,0.28998414,0
0.70642185,0.2935782,0
0.8153418,0.18465821,0
0.93402904,0.06597096,0
0.97474414,0.025255892,0
0.9648502,0.03514988,0
0.9783336,0.021666393,0
0.97272563,0.027274389,0
0.9708717,0.029128373,0
0.8265044,0.17349559,0
0.73466444,0.26533553,1
0.5811549,0.41884518,1
0.9951007,0.0048993835,0
0.99423754,0.0057623954,0
0.26336667,0.73663336,1
0.8873568,0.112643175,0
0.8975858,0.1024142,1
0.9129922,0.08700779,1
0.83976185,0.1602381,1
0.8851267,0.1148733,1
0.07990778,0.9200922,1
0.06787101,0.93212897,1
0.9976762,0.0023238081,0
0.99636155,0.0036384058,0
0.9917898,0.008210124,0
0.9000989,0.09990103,0
0.94898176,0.05101824,0
0.9787106,0.021289397,0
0.9725663,0.027433656,0
0.9940772,0.005922793,0
0.7980661,0.201934,0
0.4721688,0.52783114,1
0.6381481,0.3618518,0
0.8133709,0.18662913,0
0.027309276,0.9726907,1
0.46096435,0.5390357,1
0.4143211,0.5856789,1
0.4745845,0.5254155,1
0.77740437,0.22259566,0
0.98597264,0.014027349,0
0.9988136,0.0011864015,0
0.78337866,0.21662141,1
0.28186837,0.71813166,1
0.6628166,0.33718342,1
0.42710105,0.5728989,1
0.9000702,0.099929854,0
0.8771834,0.1228166,0
0.8782472,0.1217528,0
0.982908,0.017092006,0
0.90799433,0.09200565,0
0.99882156,0.001178403,0
0.996829,0.0031710183,0
0.99400675,0.005993207,0
0.7771933,0.22280665,0
0.53146505,0.46853492,1
0.5051746,0.4948254,0
0.54048955,0.45951048,0
0.53063333,0.4693667,1
0.10918209,0.89081794,1
0.11259396,0.8874061,1
0.147084,0.852916,0
0.81051767,0.18948235,1
0.99797267,0.0020272927,0
0.77603114,0.22396888,1
0.07786745,0.9221325,1
0.21963596,0.7803641,1
0.25294477,0.74705523,1
0.5125304,0.4874697,0
0.7624142,0.23758581,0
0.99455464,0.005445317,0
0.6319421,0.36805794,0
0.9927422,0.007257791,0
0.9879386,0.012061425,0
0.8539077,0.14609228,0
0.57375443,0.4262455,1
0.74646133,0.25353864,1
0.99323165,0.006768331,0
0.99686605,0.003133954,0
0.98954225,0.010457795,0
0.44712064,0.55287933,1
0.046583116,0.9534169,1
0.035415493,0.9645845,1
0.035178687,0.96482134,1
0.08544397,0.914556,1
0.09266178,0.90733826,1
0.9985617,0.0014383064,0
0.99803597,0.0019640902,0
0.86922103,0.13077895,0
0.969865,0.030134963,0
0.9931218,0.006878149,0
0.0058725798,0.9941274,1
0.005326172,0.99467385,1
0.0065846075,0.99341536,1
0.42921707,0.57078296,0
0.96512145,0.034878504,0
0.9982869,0.0017130964,0
0.85768545,0.14231457,0
0.9285497,0.07145029,0
0.99232906,0.007670911,0
0.6793854,0.32061464,0
0.46487987,0.5351201,0
0.26362097,0.7363791,1
0.9916985,0.008301521,0
0.99495536,0.005044629,0
0.9833816,0.01661843,0
0.87435144,0.12564862,0
0.9315288,0.06847119,0
0.99642736,0.0035725995,0
0.9970489,0.0029510988,0
0.99862254,0.001377518,0
0.998546,0.0014539825,0
0.9952856,0.0047144475,0
0.49567834,0.5043217,0
0.28230914,0.7176909,1
0.37921837,0.62078166,0
0.85054666,0.14945334,0
0.9353059,0.06469413,0
0.9390796,0.06092049,0
0.93412244,0.06587754,0
0.9517207,0.048279338,0
0.98952454,0.010475471,0
0.99214727,0.007852734,0
0.9989795,0.0010204876,0
0.99881196,0.0011880333,0
0.72486794,0.2751321,1
0.7008498,0.29915032,1
0.14877528,0.85122466,1
0.13428257,0.8657174,1
0.1485294,0.8514706,1
0.8290529,0.17094703,1
0.78362525,0.21637473,0
0.07935115,0.9206489,1
0.3033402,0.69665986,1
0.5696732,0.43032682,0
0.9972249,0.0027750903,0
0.7420215,0.25797847,0
0.9230127,0.0769873,1
0.9886507,0.0113493595,0
0.99044985,0.009550117,0
0.22585861,0.7741414,1
0.17647614,0.8235239,1
0.13918814,0.8608118,1
0.14357737,0.8564226,1
0.14293475,0.8570652,1
0.6311222,0.36887786,1
0.9345923,0.06540767,0
0.16261528,0.83738476,1
0.9975,0.0025000423,0
0.24161853,0.7583815,1
0.9166023,0.083397634,0
0.053566948,0.94643307,1
0.07138929,0.92861074,1
0.9557181,0.04428193,0
0.9782064,0.021793611,0
0.9864488,0.0135511365,0
0.9944171,0.0055828947,0
0.13473105,0.865269,1
0.9922105,0.0077895056,0
0.9069842,0.093015775,0
0.2167578,0.78324217,1
0.9981883,0.0018116928,0
0.99814916,0.0018508956,0
0.9982938,0.0017061479,0
0.99631786,0.0036820774,0
0.9969811,0.0030189238,0
0.99002796,0.009972078,0
0.6964533,0.3035467,1
0.045228127,0.9547718,1
0.9903542,0.009645839,0
0.90555805,0.09444191,0
0.9912561,0.008743901,0
0.9968483,0.0031517344,0
0.95384943,0.04615052,0
0.9832501,0.01674991,0
0.9660396,0.033960395,0
0.99050224,0.009497791,0
0.9603897,0.039610352,0
0.99890375,0.0010962323,0
0.80484384,0.19515614,0
0.53590024,0.46409976,1
0.50010455,0.49989545,1
0.530753,0.46924692,1
0.10717602,0.892824,1
0.8628825,0.13711748,0
0.67539626,0.3246037,1
0.06326934,0.9367307,1
0.083148226,0.9168518,1
0.061877746,0.9381223,1
0.010214949,0.989785,1
0.50845504,0.491545,0
0.9866174,0.013382627,0
0.7319805,0.26801947,0
0.67512184,0.3248781,0
0.9951015,0.004898549,0
0.990538,0.009462011,0
0.14592691,0.85407305,1
0.0828311,0.91716886,1
0.14738317,0.85261685,1
0.08907555,0.9109244,1
0.99091923,0.00908075,0
0.99532497,0.0046749837,0
0.15591457,0.84408545,1
0.6941786,0.30582142,0
0.9835693,0.016430706,0
0.04439693,0.9556031,1
0.051488213,0.9485118,1
0.06649599,0.933504,1
0.9971302,0.002869866,0
0.57787853,0.42212147,0
0.65893257,0.34106746,0
0.14617069,0.85382926,0
0.0058475123,0.9941525,1
0.0061276956,0.9938723,1
0.068726316,0.9312737,1
0.28706434,0.7129357,0
0.4655516,0.5344484,0
0.10574668,0.8942534,1
0.9978823,0.0021176187,0
0.9956665,0.0043334872,0
0.1816912,0.81830883,1
0.1928112,0.8071888,1
0.0065340814,0.99346596,1
0.82401055,0.17598943,0
0.99736136,0.0026386871,0
0.9974486,0.0025513102,0
0.9930568,0.0069431965,0
0.99356383,0.0064361785,0
0.13024914,0.86975086,1
0.6509459,0.3490541,0
0.6353776,0.36462247,0
0.89004505,0.10995495,0
0.9982268,0.0017732296,0
0.9286584,0.071341574,0
0.6573671,0.3426329,0
0.24363127,0.75636876,1
0.28956214,0.71043783,0
0.88862073,0.111379296,0
0.99147874,0.008521236,0
0.99308115,0.006918814,0
0.9925464,0.0074536307,0
0.9904152,0.009584723,0
0.94782186,0.05217815,0
0.998743,0.0012570713,0
0.99448484,0.005515177,0
0.99578345,0.0042166333,0
0.74433273,0.2556673,1
0.217928,0.78207207,1
0.13894992,0.86105007,1
0.09873529,0.9012647,1
0.16415688,0.8358431,1
0.820826,0.17917396,1
0.81882554,0.18117449,0
0.44997582,0.55002415,1
0.10810888,0.8918911,1
0.10416906,0.89583087,1
0.03715962,0.9628404,1
0.024355443,0.9756445,1
0.024924407,0.97507554,1
0.019738236,0.9802618,1
0.037362576,0.96263736,1
0.030468695,0.9695313,1
0.052424826,0.94757515,1
0.6547795,0.34522054,0
0.99044,0.009560009,0
0.99555784,0.0044421903,0
0.99698764,0.003012382,0
0.18140936,0.8185907,1
0.29049742,0.7095026,0
0.081725255,0.91827476,1
0.06453695,0.9354631,1
0.03227446,0.9677256,1
0.9963521,0.003647898,0
0.9399026,0.060097452,0
0.99266994,0.007330012,0
0.9946089,0.0053910804,0
0.99730515,0.0026948533,0
0.9875408,0.012459232,0
0.8717458,0.1282542,0
0.15552029,0.84447974,1
0.0669409,0.9330591,1
0.06724808,0.9327519,1
0.058284596,0.9417154,1
0.065990314,0.9340097,1
0.096125744,0.9038742,1
0.9869686,0.013031489,0
0.99589646,0.0041035637,0
0.63749444,0.36250564,0
0.10962011,0.89037985,1
0.0057289586,0.99427104,1
0.0063562454,0.99364376,1
0.013138665,0.9868614,1
0.023685088,0.9763149,1
0.060531724,0.93946826,1
0.9878686,0.012131417,0
0.9938412,0.0061587505,0
0.9955953,0.0044046897,0
0.46660918,0.53339076,0
0.17130528,0.8286947,1
0.993422,0.0065780547,0
0.9964104,0.0035895242,0
0.42208824,0.57791173,0
0.5458672,0.45413283,1
0.97933984,0.020660093,0
0.99701834,0.002981672,0
0.09597606,0.90402395,0
0.029381804,0.97061825,1
0.28182423,0.7181758,0
0.9448243,0.05517569,0
0.9926958,0.007304157,0
0.90959877,0.09040126,0
