prob_class_0,prob_class_1,true_label
0.7902394,0.20976059,1
0.9961713,0.0038287207,0
0.9920135,0.007986559,1
0.95979375,0.040206194,0
0.94170547,0.058294527,0
0.9284578,0.07154223,0
0.9014425,0.09855749,0
0.8956184,0.10438167,1
0.9157765,0.08422351,1
0.98053384,0.019466216,0
0.98783255,0.012167418,0
0.9966409,0.0033591124,0
0.9969298,0.0030701992,0
0.99768627,0.0023136772,0
0.99520373,0.00479623,0
0.9970919,0.0029080715,0
0.99750984,0.0024900886,0
0.9974476,0.002552461,0
0.9973309,0.0026691165,0
0.8961781,0.10382185,1
0.99736017,0.0026398317,0
0.9709297,0.029070286,1
0.9943709,0.005629182,0
0.715164,0.284836,1
0.75578564,0.24421433,1
0.8432812,0.15671884,1
0.9961423,0.003857657,0
0.9964682,0.0035317957,0
0.9962902,0.0037097952,0
0.9953655,0.0046344977,0
0.7979951,0.20200495,1
0.39183027,0.60816973,1
0.7689262,0.23107386,1
0.73781466,0.26218534,1
0.55595505,0.44404492,1
0.4658084,0.53419155,1
0.13682784,0.8631721,1
0.82807076,0.17192921,0
0.025599267,0.9744007,1
0.2181485,0.7818515,1
0.82299525,0.17700472,0
0.7056943,0.29430574,0
0.9828954,0.017104601,0
0.9856053,0.014394635,0
0.9863036,0.013696395,0
0.700392,0.29960796,0
0.8564789,0.14352109,0
0.9031992,0.09680076,0
0.992611,0.0073889974,0
0.39371705,0.60628295,1
0.4984786,0.5015214,1
0.98223317,0.017766839,0
0.98754185,0.012458127,0
0.88304466,0.11695534,1
0.7899935,0.21000643,1
0.73640776,0.26359227,1
0.23603019,0.76396984,1
0.3039801,0.6960199,1
0.99612856,0.0038713873,0
0.9967198,0.003280274,0
0.9961463,0.0038536536,0
0.99643695,0.0035630455,0
0.98731273,0.012687203,0
0.023162115,0.9768379,1
0.025323652,0.97467643,1
0.022447942,0.97755206,1
0.023528015,0.97647196,1
0.024166828,0.9758331,1
0.024194729,0.97580534,1
0.026965747,0.97303426,1
0.026247097,0.9737529,1
0.025534311,0.97446567,1
0.0253121,0.97468793,1
0.08466838,0.91533166,0
0.9685787,0.03142134,0
0.9838033,0.016196724,0
0.7181552,0.2818448,0
0.6846309,0.31536916,0
0.03052523,0.96947473,1
0.030144943,0.96985507,1
0.031192614,0.9688074,1
0.104377,0.89562297,0
0.062381234,0.9376188,0
0.17701381,0.82298625,0
0.69090956,0.30909047,0
0.73762006,0.26237985,0
0.7303186,0.26968142,0
0.33295155,0.66704845,0
0.02776254,0.97223747,1
0.026752023,0.97324795,1
0.072597414,0.9274026,1
0.08501069,0.9149893,1
0.7354479,0.26455212,0
0.04739378,0.95260614,1
0.046830535,0.95316947,1
0.12549601,0.874504,0
0.40063417,0.59936583,0
0.38479608,0.6152039,0
0.3275011,0.6724989,0
0.12208576,0.8779142,0
0.044124417,0.9558756,1
0.16356492,0.8364351,0
0.16701713,0.83298284,0
0.11900152,0.88099843,1
0.112006746,0.8879933,1
0.31623432,0.68376565,0
0.62671405,0.37328598,0
0.63783544,0.36216456,0
0.6232531,0.3767469,0
0.027136948,0.9728631,1
0.45588538,0.54411465,0
0.026987702,0.9730123,1
0.02445792,0.97554207,1
0.027624076,0.97237587,1
0.025864989,0.97413504,1
0.025579045,0.97442096,1
0.030752106,0.9692479,1
0.7975369,0.20246305,0
0.7455691,0.25443098,0
0.6859328,0.31406716,0
0.030737497,0.9692625,1
0.33076155,0.66923845,0
0.32325086,0.67674905,0
0.34393254,0.65606743,0
0.44602215,0.55397785,0
0.9854196,0.014580442,0
0.22736937,0.7726306,1
0.24281994,0.7571801,1
0.05443244,0.94556755,1
0.14898494,0.8510151,1
0.99589646,0.004103544,0
0.98044443,0.019555626,0
0.9959417,0.00405825,0
0.025427118,0.9745729,1
0.022963015,0.977037,1
0.023064619,0.9769354,1
0.0234038,0.97659624,1
0.02347188,0.9765281,1
0.02445117,0.97554886,1
0.022108722,0.9778913,1
0.0542741,0.9457259,1
0.033967044,0.966033,1
0.3506066,0.6493934,0
0.7693905,0.23060948,0
0.029110964,0.970889,1
0.20366734,0.79633266,0
0.030791085,0.96920896,1
0.059354257,0.9406457,1
0.17429191,0.8257081,1
0.16423431,0.8357657,1
0.9862293,0.013770649,0
0.7641488,0.23585126,0
0.0287481,0.97125185,1
0.03183609,0.9681639,1
0.029545434,0.9704545,1
0.053688254,0.9463118,1
0.08616629,0.91383374,1
0.72992015,0.27007988,0
0.7271146,0.27288538,0
0.08780933,0.91219074,1
0.97697985,0.023020126,0
0.98332226,0.016677767,0
0.97917396,0.020825967,0
0.06815238,0.93184763,1
0.33042875,0.6695712,1
0.9889516,0.011048335,0
0.12877071,0.87122935,1
0.9800955,0.019904466,0
0.993087,0.006912985,0
0.03364446,0.96635556,1
0.14362869,0.8563713,1
0.14779638,0.85220367,1
0.99513406,0.004865916,0
0.99487334,0.005126695,0
0.1380748,0.86192524,1
0.03046999,0.96953,1
0.08209754,0.91790247,1
0.7763444,0.22365558,0
0.7169682,0.2830318,0
0.4913447,0.5086553,0
0.028516304,0.97148365,1
0.090731956,0.9092681,0
0.22018266,0.7798174,0
0.1292576,0.87074244,0
0.6136948,0.38630524,0
0.7497408,0.2502592,0
0.7819572,0.21804278,0
0.4772113,0.5227887,0
0.032010447,0.96798956,1
0.029206334,0.9707937,1
0.21565524,0.78434473,0
0.026541192,0.9734588,1
0.024494484,0.97550553,1
0.43156973,0.5684303,0
0.5831466,0.41685337,0
0.023017729,0.97698224,1
0.024997333,0.97500265,1
0.024951631,0.97504836,1
0.025187505,0.97481257,1
0.026105369,0.9738946,1
0.69736993,0.30263004,0
0.5335613,0.4664387,0
0.9617621,0.03823794,0
0.9367473,0.063252695,0
0.87890565,0.12109431,0
0.8870374,0.112962574,0
0.90287954,0.09712046,0
0.93873537,0.061264627,0
0.94582915,0.054170795,0
0.9281747,0.071825355,0
0.9938207,0.0061793146,0
0.99613416,0.0038658585,0
0.9023619,0.097638115,0
0.9131351,0.08686489,0
0.91612077,0.0838792,0
0.98590547,0.014094524,0
0.9949457,0.005054348,0
0.99682236,0.0031776982,0
0.9969457,0.0030542703,0
0.9967458,0.003254118,0
0.7518986,0.24810138,1
0.7274234,0.27257654,1
0.10571621,0.8942838,1
0.8716396,0.12836044,0
0.96968824,0.030311788,0
0.9465147,0.0534853,0
0.99428374,0.0057162293,0
0.9940317,0.005968244,0
0.9915699,0.008430112,0
0.96360785,0.036392163,0
0.9876187,0.012381265,0
0.99597365,0.0040263734,0
0.80519706,0.19480297,0
0.99227786,0.0077221505,0
0.9696721,0.030327896,0
0.9793799,0.020620147,0
0.99415165,0.0058483467,0
0.7833808,0.21661921,1
0.23352586,0.7664741,1
0.1977018,0.80229825,1
0.99709916,0.0029008815,0
0.9973369,0.0026630978,0
0.997331,0.002669024,0
0.9962094,0.0037905767,0
0.98818725,0.0118127195,0
0.9952272,0.004772794,0
0.9951497,0.004850409,0
0.99501204,0.0049880347,0
0.99217457,0.007825349,0
0.9868435,0.01315652,0
0.9913235,0.008676544,0
0.33991405,0.6600859,1
0.2639128,0.7360872,1
0.24209961,0.75790036,1
0.26280308,0.7371969,1
0.9966376,0.003362396,0
0.996628,0.003371975,0
0.9958538,0.0041462774,0
0.70896596,0.291034,0
0.022892324,0.97710764,1
0.84520507,0.15479493,0
0.86866975,0.13133024,0
0.86469424,0.13530572,0
0.36134577,0.63865423,1
0.3890003,0.6109997,1
0.7791629,0.22083715,1
0.9938997,0.00610025,0
0.8139183,0.18608171,0
0.8232611,0.17673895,0
0.8671674,0.1328326,0
0.88214445,0.11785552,0
0.9138643,0.08613574,0
0.99686015,0.0031398928,0
0.93195873,0.06804125,0
0.9174262,0.082573734,0
0.92152804,0.07847192,0
0.8574281,0.1425719,0
0.92394406,0.07605598,0
0.7587841,0.24121587,1
0.99668735,0.003312698,0
0.7066104,0.2933896,1
0.35855943,0.6414405,1
0.93418795,0.06581205,0
0.9655775,0.034422453,0
0.9804419,0.019558039,0
0.97869736,0.021302616,0
0.94936866,0.050631396,0
0.98594415,0.014055801,0
0.97859406,0.021405924,0
0.9870674,0.012932556,0
0.9775779,0.022422072,0
0.96112704,0.038872946,0
0.41141236,0.5885877,1
0.99571216,0.004287831,0
0.9798217,0.020178288,0
0.89187557,0.1081244,0
0.9612341,0.038765896,0
0.94846374,0.05153625,0
0.26993287,0.7300671,1
0.72994256,0.27005747,1
0.804177,0.19582298,0
0.7925321,0.20746793,0
0.82885444,0.17114554,0
0.86830986,0.13169007,0
0.87020487,0.12979515,0
0.7830455,0.21695457,0
0.48117906,0.518821,1
0.41629103,0.58370894,1
0.9876024,0.012397602,0
0.8084142,0.19158573,1
0.21157089,0.7884291,1
0.10500228,0.8949977,1
0.99679583,0.0032041338,0
0.13328113,0.8667189,1
0.14673442,0.8532655,1
0.9944886,0.0055114008,0
0.9863491,0.013650928,0
0.9879076,0.012092339,0
0.26483127,0.7351687,1
0.1836572,0.8163428,1
0.20167822,0.7983218,1
0.99740905,0.0025909697,0
0.9974607,0.0025392624,0
0.05716286,0.9428372,1
0.9436046,0.056395438,0
0.99650073,0.0034993074,0
0.95086306,0.04913695,0
0.984403,0.015596974,0
0.83687735,0.16312271,0
0.76213866,0.23786132,0
0.077063456,0.92293656,1
0.026604597,0.97339547,1
0.032075737,0.9679243,1
0.030331891,0.96966803,1
0.026792018,0.97320795,1
0.022955017,0.97704494,1
0.02339633,0.97660375,1
0.037020896,0.9629791,1
0.65356797,0.34643206,0
0.37549657,0.62450343,0
0.92029303,0.07970695,0
0.97441703,0.025583005,0
0.025773812,0.97422624,1
0.023020443,0.9769795,1
0.024487587,0.97551244,1
0.9940958,0.0059042084,0
0.032302696,0.9676973,1
0.50847155,0.49152842,0
0.6030515,0.3969485,0
0.75250524,0.24749474,0
0.736421,0.2635791,0
0.6454443,0.35455576,0
0.30962333,0.69037664,0
0.30545527,0.6945447,1
0.028400663,0.97159934,1
0.033599604,0.96640044,1
0.03876934,0.96123064,1
0.46162564,0.53837436,0
0.029834852,0.9701652,1
0.57926476,0.42073527,0
0.30478048,0.6952195,0
0.06254827,0.9374518,0
0.057028983,0.94297105,0
0.0654516,0.9345484,0
0.07273475,0.9272652,0
0.034519583,0.9654804,1
0.15304063,0.84695935,0
0.22259298,0.777407,0
0.68335265,0.31664735,0
0.39223644,0.6077636,0
0.65703315,0.34296688,0
0.644477,0.35552302,0
0.030012546,0.9699875,1
0.312635,0.687365,0
0.27475318,0.72524685,0
0.024330653,0.9756693,1
0.21175008,0.78824997,1
0.7487099,0.25129005,0
0.6997457,0.30025432,0
0.7072132,0.29278678,0
0.023962686,0.97603726,1
0.15686934,0.84313065,0
0.4968898,0.50311023,0
0.48663795,0.513362,0
0.8918425,0.10815746,0
0.83100414,0.16899584,0
0.81804204,0.18195796,0
0.7612926,0.23870741,0
0.68491215,0.31508783,0
0.47487924,0.5251208,0
0.5432682,0.45673174,0
0.057848122,0.94215184,1
0.8336866,0.16631342,0
0.8360885,0.16391149,0
0.9306629,0.06933709,0
0.02241345,0.97758657,1
0.036797848,0.9632021,1
0.054915275,0.94508475,0
0.034426942,0.9655731,1
0.061508268,0.93849176,0
0.034958046,0.965042,1
0.02917089,0.97082907,1
0.20584978,0.79415023,1
0.1866148,0.8133852,1
0.5552692,0.4447308,0
0.7207193,0.27928075,0
0.4758069,0.52419305,0
0.49535927,0.5046407,0
0.039905276,0.96009475,1
0.36251095,0.6374891,0
0.33622035,0.6637796,1
0.27549118,0.7245088,1
0.3819337,0.6180663,0
0.8501288,0.14987119,0
0.7977524,0.20224765,0
0.8293429,0.17065711,0
0.9947865,0.0052134837,0
0.99661,0.003389947,0
0.99728763,0.002712428,0
0.9968305,0.0031694602,0
0.9968749,0.0031250133,0
0.78856874,0.2114313,1
0.9438856,0.0561144,0
0.9107958,0.08920421,0
0.99682826,0.0031716982,0
0.64026743,0.35973254,1
0.99305904,0.006940965,0
0.8037655,0.19623443,1
0.99607486,0.0039251684,0
0.6960045,0.3039955,1
0.995887,0.004113026,0
0.99630404,0.0036959208,0
0.996738,0.0032619736,0
0.9913851,0.008614921,0
0.96945536,0.030544624,0
0.9928108,0.0071892124,0
0.9964755,0.0035244715,0
0.99672735,0.0032725935,0
0.99683243,0.0031675263,0
0.8721225,0.12787747,1
0.8172676,0.18273242,0
0.7379498,0.2620502,1
0.9748854,0.02511456,0
0.9072785,0.09272155,1
0.9079608,0.09203915,1
0.7402193,0.25978068,1
0.3849097,0.61509025,1
0.7364714,0.2635286,1
0.6909833,0.30901662,1
0.03413998,0.96586,1
0.4077246,0.59227544,1
0.6601348,0.3398652,0
0.6241034,0.37589654,1
0.9959661,0.0040338878,0
0.9957419,0.004258055,0
0.9892063,0.010793729,0
0.99448293,0.005516999,0
0.99556476,0.0044351835,0
0.38050267,0.6194973,1
0.28437436,0.71562564,1
0.42613804,0.5738619,1
0.3698893,0.63011074,1
0.31273225,0.6872677,1
0.2781905,0.7218095,1
0.34292436,0.65707564,1
0.24249241,0.75750756,1
0.89444864,0.105551384,0
0.99688405,0.0031159413,0
0.99686855,0.00313143,0
0.9966068,0.0033932407,0
0.9960908,0.0039091897,0
0.32441944,0.67558056,1
0.17308162,0.82691836,1
0.048438113,0.95156187,1
0.8347578,0.16524218,0
0.80077755,0.19922243,0
0.28017944,0.71982056,1
0.72917557,0.27082446,1
0.56252116,0.4374788,1
0.48243588,0.5175641,1
0.9863101,0.013689838,0
0.52898234,0.47101766,1
0.048581753,0.9514182,1
0.31986725,0.68013275,1
0.12764186,0.87235814,1
0.52302194,0.476978,1
0.7496656,0.2503344,0
0.89966077,0.10033919,0
0.8308055,0.16919452,0
0.45240352,0.5475965,1
0.39240456,0.60759544,0
0.4198693,0.5801307,0
0.3783529,0.6216471,0
0.057611927,0.94238806,1
0.21306859,0.78693134,1
0.22532323,0.7746768,1
0.72751635,0.27248362,0
0.7346568,0.2653432,0
0.6246453,0.37535474,0
0.4033983,0.59660167,0
0.6810165,0.31898353,0
0.4638743,0.53612566,0
0.34623215,0.6537679,1
0.2276633,0.77233666,1
0.39531282,0.60468715,1
0.68723345,0.31276655,0
0.091063395,0.9089366,1
0.48531193,0.5146881,1
0.7929137,0.20708632,0
0.34520373,0.65479624,1
0.8022367,0.19776326,0
0.77145576,0.22854422,0
0.27865386,0.72134614,1
0.19984606,0.8001539,1
0.31055132,0.68944865,1
0.7760381,0.22396187,0
0.028366607,0.97163343,1
0.3812745,0.61872554,1
0.056054186,0.9439459,1
0.043984693,0.9560153,1
0.80923575,0.1907643,0
0.16980788,0.8301921,1
0.14319399,0.856806,1
0.30648842,0.6935116,1
0.37052733,0.6294726,1
0.881049,0.11895103,0
0.9774934,0.022506582,0
0.96689856,0.033101458,0
0.10662212,0.89337784,1
0.9217416,0.078258365,0
0.8828712,0.117128775,0
0.93260735,0.06739263,0
0.9853022,0.014697762,0
0.95166355,0.04833642,0
0.06555069,0.93444926,1
0.058289554,0.9417105,1
0.047395464,0.95260453,1
0.0524317,0.9475683,1
0.022035861,0.97796416,1
0.02234762,0.9776523,1
0.022391107,0.9776089,1
0.043713003,0.956287,1
0.8873964,0.11260362,0
0.28809255,0.7119075,1
0.54357976,0.45642027,0
0.84600055,0.15399946,0
0.88391846,0.11608156,0
0.5336832,0.4663168,0
0.4949767,0.50502324,1
0.5416969,0.4583031,1
0.803556,0.19644396,0
0.7810968,0.21890321,0
0.22236058,0.77763945,1
0.21686934,0.78313065,1
0.9966557,0.0033442988,0
0.9963953,0.0036047453,0
0.48236892,0.51763105,1
0.3009205,0.6990795,1
0.59678936,0.40321064,1
0.034695834,0.96530414,1
0.037000444,0.9629995,1
0.46814367,0.5318563,0
0.38918978,0.6108102,0
0.2632603,0.7367397,1
0.71852046,0.2814795,0
0.24788348,0.7521165,1
0.1252223,0.8747777,1
0.47254726,0.5274527,0
0.67448044,0.32551956,0
0.13562167,0.8643783,1
0.5645137,0.4354863,0
0.444202,0.555798,0
0.5687385,0.43126148,0
0.5682492,0.4317508,0
0.11050494,0.889495,1
0.20481141,0.79518855,1
0.4495311,0.5504689,0
0.6367044,0.36329567,0
0.030722847,0.96927714,1
0.024998136,0.9750019,1
0.025962071,0.9740379,1
0.57799315,0.42200682,0
0.99376655,0.0062334384,0
0.9882577,0.011742343,0
0.99306434,0.006935649,0
0.99560034,0.0043996535,0
0.9965726,0.0034274175,0
0.99728215,0.002717884,0
0.99672276,0.003277299,0
0.99695563,0.0030443682,0
0.9963458,0.0036541878,0
0.99572796,0.004272054,0
0.9827712,0.01722874,0
0.99033314,0.009666828,0
0.99632347,0.0036765276,0
0.40116933,0.59883064,1
0.17010632,0.82989365,1
0.99749595,0.0025040442,0
0.9975631,0.0024368707,0
0.9976419,0.002358092,0
0.9976513,0.002348784,0
0.9964546,0.00354542,0
0.9971161,0.0028839728,0
0.9951697,0.0048303083,0
0.9956808,0.0043191765,0
0.99239737,0.007602682,0
0.9335808,0.0664192,0
0.022761269,0.9772388,1
0.022649216,0.97735083,1
0.023065608,0.9769344,1
0.021595854,0.9784041,1
0.037666183,0.9623338,1
0.04156338,0.9584366,1
0.2475163,0.7524837,1
0.6012947,0.39870524,0
0.54265535,0.45734474,0
0.2651115,0.7348885,1
0.02947042,0.97052956,1
0.5429397,0.4570603,0
0.709822,0.290178,0
0.7240629,0.27593702,0
0.43477693,0.5652231,0
0.32709312,0.6729069,0
0.47283882,0.5271612,0
0.027293978,0.972706,1
0.030532455,0.9694676,1
0.41546038,0.58453953,0
0.35205325,0.64794666,0
0.031972997,0.96802694,1
0.02479056,0.9752094,1
0.025066517,0.97493345,1
0.061892126,0.9381079,1
0.29200578,0.70799416,0
0.27825382,0.7217462,0
0.7260132,0.27398682,0
0.2921684,0.70783156,0
0.985158,0.0148419505,0
0.97916955,0.020830423,0
0.9758193,0.024180682,0
0.34141898,0.65858096,1
0.99083275,0.009167261,0
0.9181123,0.081887715,0
0.97664297,0.023357078,0
0.8810746,0.11892542,0
0.9558253,0.044174716,0
0.84424967,0.15575041,0
0.4563699,0.54363006,1
0.9620598,0.037940245,0
0.8406543,0.15934566,0
0.2447527,0.7552473,1
0.42999688,0.5700031,1
0.98695,0.01305006,0
0.7369938,0.26300624,1
0.68612295,0.31387708,1
0.71496075,0.28503925,1
0.39166513,0.60833484,1
0.04955548,0.9504445,1
0.024267565,0.97573245,1
0.025262747,0.9747372,1
0.3417385,0.6582615,1
0.99512345,0.0048765913,0
0.99624276,0.0037572768,0
0.80605716,0.19394286,0
0.49654406,0.5034559,0
0.022964163,0.9770358,1
0.055256438,0.9447436,1
0.9866232,0.013376767,0
0.9143077,0.08569227,0
0.9131527,0.08684724,0
0.9173826,0.082617424,0
0.051380612,0.94861937,1
0.025252799,0.9747472,1
0.061918262,0.9380817,1
0.42015696,0.57984304,1
0.8216995,0.17830049,0
0.8608706,0.13912942,0
0.63949466,0.3605054,1
0.12675095,0.873249,1
0.02225273,0.97774726,1
0.02331757,0.9766824,1
0.024837999,0.975162,1
0.02237336,0.9776267,1
0.022752872,0.9772471,1
0.7579715,0.24202847,0
0.5463118,0.45368823,0
0.68892586,0.31107414,0
0.09082964,0.9091704,1
0.10970452,0.8902955,1
0.04255521,0.9574447,1
0.056581907,0.94341815,1
0.14753304,0.85246694,1
0.7509943,0.24900565,0
0.74393296,0.25606704,0
0.97324556,0.026754415,0
0.94638586,0.053614195,0
0.99333054,0.006669503,0
0.99586004,0.004139928,0
0.9971136,0.0028863596,0
0.07746171,0.9225382,1
0.03634339,0.96365666,1
0.08208905,0.91791093,1
0.13193747,0.8680625,1
0.055433147,0.9445668,1
0.3232859,0.67671406,1
0.09674139,0.9032586,1
0.19648543,0.8035146,1
0.16300595,0.83699405,1
0.7883821,0.21161792,0
0.86831635,0.13168369,0
0.97043365,0.029566389,0
0.9940644,0.0059355805,0
0.99494237,0.00505762,0
0.9964715,0.00352851,0
0.9969933,0.0030066976,0
0.9964455,0.003554559,0
0.99650854,0.0034913882,0
0.9951415,0.004858517,0
0.9939474,0.006052574,0
0.9885169,0.011483105,0
0.996369,0.003631048,0
0.9958192,0.0041807867,0
0.99354446,0.0064555085,0
0.65815014,0.3418498,1
0.997544,0.0024560087,0
0.99671245,0.0032875768,0
0.99631256,0.00368748,0
0.9958061,0.0041938773,0
0.7144274,0.28557256,1
0.99590284,0.004097212,0
0.99650687,0.003493134,0
0.99752825,0.0024718014,0
0.99757,0.0024300008,0
0.35575894,0.644241,1
0.1746641,0.8253359,1
0.9951381,0.004861903,0
0.1430552,0.8569448,1
0.99672556,0.0032743623,0
0.93845445,0.061545566,0
0.92968166,0.070318356,0
0.9406646,0.059335418,0
0.93226105,0.067738995,0
0.9051126,0.09488742,0
0.9640506,0.035949472,0
0.97638625,0.02361378,0
0.9537682,0.046231773,0
0.9908676,0.009132406,0
0.7602259,0.2397741,1
0.98272014,0.01727989,0
0.9815631,0.018436948,0
0.9857766,0.014223388,0
0.9959282,0.0040717963,0
0.99305725,0.0069427793,0
0.99549,0.0045099896,0
0.99720037,0.0027996006,0
0.919319,0.0806811,1
0.99640673,0.0035932835,0
0.99603844,0.00396151,0
0.99540967,0.004590335,0
0.9973815,0.0026184567,0
0.5839229,0.41607708,1
0.99554104,0.004458959,0
0.9954542,0.004545766,0
0.9952016,0.004798422,0
0.9959912,0.0040088883,0
0.33834788,0.6616521,1
0.42576894,0.5742311,1
0.41465947,0.58534056,1
0.27977115,0.72022885,1
0.2388831,0.761117,1
0.51158565,0.48841438,1
0.9930316,0.00696839,0
0.9946296,0.005370321,0
0.43335456,0.56664544,1
0.6036317,0.39636832,1
0.18926923,0.8107307,1
0.9961928,0.003807215,0
0.99554753,0.004452502,0
0.9963666,0.003633315,0
0.99475384,0.0052461526,0
0.20452979,0.7954702,1
0.15630554,0.8436945,1
0.99671173,0.003288231,0
0.9957202,0.004279871,0
0.9947249,0.0052750823,0
0.99558914,0.004410882,0
0.99656624,0.0034337868,0
0.99639493,0.0036050982,0
0.4031579,0.5968421,1
0.08000105,0.9199989,1
0.99652976,0.0034702967,0
0.9970066,0.0029933637,0
0.98349607,0.016503887,0
0.9948148,0.0051851505,0
0.75980824,0.24019176,0
0.910162,0.08983803,0
0.91705066,0.08294936,0
0.91059494,0.08940506,0
0.62862253,0.37137747,1
0.98063743,0.019362617,0
0.9874943,0.012505701,0
0.35472918,0.64527076,1
0.57581323,0.42418674,1
0.506479,0.49352106,1
0.4790286,0.5209714,1
0.54518926,0.45481074,1
0.9462477,0.053752307,0
0.60435367,0.3956463,1
0.50276417,0.49723577,1
0.9955374,0.0044626356,0
0.9958191,0.004180896,0
0.9953171,0.0046828846,0
0.99733835,0.0026616622,0
0.3442751,0.6557248,1
0.99726796,0.002732019,0
0.9963051,0.0036948905,0
0.99628013,0.003719865,0
0.9970253,0.002974669,0
0.8552413,0.14475866,0
0.9598305,0.04016946,0
0.99561125,0.0043888013,0
0.8432812,0.15671884,0
0.995497,0.00450299,0
0.996114,0.0038859136,0
0.99631375,0.0036862062,0
0.40564975,0.5943502,1
0.99667764,0.0033223473,0
0.83959883,0.16040124,0
0.7373169,0.26268306,0
0.33256742,0.6674326,1
0.95507956,0.04492041,0
0.99595356,0.004046436,0
0.9960633,0.0039367555,0
0.7894354,0.2105646,1
0.9940988,0.005901242,0
0.9945986,0.005401423,0
0.99551445,0.004485522,0
0.8104102,0.18958981,0
0.9964939,0.0035061215,0
0.9964598,0.0035401965,0
0.9949274,0.0050726556,0
0.45376325,0.5462368,1
0.89850855,0.10149149,1
0.9948862,0.005113795,0
0.9970836,0.0029163777,0
0.997569,0.0024309775,0
0.9976209,0.002379074,0
0.99763477,0.002365225,0
0.99700266,0.002997288,0
0.9970124,0.0029875673,0
0.99597436,0.004025618,0
0.99319977,0.0068002557,0
0.9966576,0.0033423924,0
0.996725,0.003275015,0
0.9972904,0.0027096171,0
0.9975903,0.0024097245,0
0.9973539,0.0026460914,0
0.99718565,0.0028143171,0
0.98515713,0.014842905,1
0.9458544,0.054145604,1
0.7890142,0.21098578,0
0.9346623,0.06533767,0
0.94279194,0.057208106,0
0.9444326,0.055567443,1
0.9615786,0.038421404,0
0.96554685,0.034453142,0
0.96198463,0.03801532,0
0.94393045,0.05606952,0
0.7841953,0.21580462,1
0.86437935,0.1356207,1
0.9828395,0.01716053,0
0.963979,0.036020968,1
0.92572206,0.07427802,1
0.6193176,0.38068238,1
0.8564067,0.14359328,0
0.8402821,0.159718,0
0.8056078,0.19439222,0
0.871557,0.12844296,0
0.881747,0.11825297,0
0.86445695,0.13554303,0
0.5219636,0.4780364,1
0.9302347,0.069765285,0
0.9938444,0.0061556343,0
0.9969014,0.003098623,0
0.25841016,0.7415898,1
0.3233551,0.6766449,1
0.26496246,0.73503757,1
0.88436174,0.1156383,0
0.3959009,0.6040991,1
0.28888014,0.71111983,1
0.30757806,0.6924219,1
0.372013,0.627987,1
0.08737295,0.9126271,1
0.36119527,0.63880473,1
0.333076,0.666924,1
0.23492567,0.7650744,1
0.24429426,0.7557057,1
0.8458112,0.15418884,0
0.053806692,0.9461933,1
0.6127378,0.38726228,0
0.638572,0.361428,0
0.79305804,0.20694198,0
0.06293027,0.9370697,1
0.32158124,0.6784187,1
0.09832258,0.9016774,1
0.169644,0.83035606,1
0.858508,0.14149196,0
0.72129655,0.27870348,0
0.5400444,0.4599556,0
0.997633,0.0023670404,0
0.9976157,0.00238428,0
0.6189869,0.38101307,0
0.05543094,0.94456905,1
0.056989048,0.943011,1
0.770969,0.229031,0
0.91987383,0.080126226,0
0.7955362,0.20446377,0
0.68119985,0.31880024,0
0.5004315,0.49956846,0
0.33931044,0.6606896,0
0.06791064,0.9320894,1
0.06442244,0.9355775,1
0.095884,0.90411603,1
0.022943098,0.9770569,1
0.02279877,0.9772012,1
0.82190377,0.1780962,0
0.83356524,0.16643474,0
0.8299859,0.17001407,0
0.78055984,0.21944019,0
0.8058328,0.19416723,0
0.1317692,0.8682308,1
0.124189585,0.8758104,1
0.21598798,0.784012,1
0.8009417,0.1990583,0
0.07648229,0.9235177,1
0.032519728,0.96748024,1
0.41444978,0.5855502,1
0.70938855,0.29061148,0
0.026566021,0.973434,1
0.04017603,0.95982397,1
0.9085167,0.09148327,0
0.99213505,0.007864941,0
0.97749263,0.022507364,0
0.9974498,0.0025501396,0
0.9972988,0.002701203,0
0.8661287,0.13387127,0
0.8290222,0.17097776,0
0.9739535,0.026046442,0
0.9955651,0.004434894,0
0.995275,0.0047249887,0
0.9972007,0.0027992518,0
0.9156077,0.08439234,0
0.30172613,0.69827384,1
0.32328728,0.6767127,1
0.31290555,0.68709445,1
0.6052813,0.39471874,1
0.5150632,0.4849367,1
0.2294869,0.7705131,1
0.9965893,0.0034107296,0
0.99601775,0.003982198,0
0.99430156,0.005698424,0
0.8486406,0.15135942,0
0.99546105,0.00453897,0
0.60410124,0.3958987,1
0.9850338,0.014966151,0
0.9862033,0.013796662,0
0.9970193,0.0029807268,0
0.9966635,0.003336474,0
0.9954265,0.004573545,0
0.96387875,0.036121245,0
0.99235886,0.0076411325,0
0.99643874,0.003561243,0
0.99661785,0.0033821561,0
0.99702734,0.0029727283,0
0.9970777,0.0029223575,0
0.997156,0.002843952,0
0.9967423,0.0032577068,0
0.99581856,0.004181422,0
0.76529133,0.23470864,1
0.9471724,0.052827597,1
0.9966282,0.0033718003,0
0.99653697,0.003463025,0
0.9643884,0.03561161,1
0.9373341,0.06266588,1
0.9041488,0.0958511,1
0.8595231,0.14047682,0
0.99232215,0.007677869,0
0.9932827,0.006717362,0
0.9963236,0.0036764266,0
0.97940505,0.02059502,0
0.992623,0.0073769833,0
0.984479,0.015520972,0
0.9969524,0.00304757,0
0.99003536,0.009964694,1
0.99721646,0.0027834768,0
0.33191103,0.668089,1
0.33058384,0.6694162,1
0.32852158,0.6714784,1
0.24639277,0.75360715,1
0.28954902,0.710451,1
0.056693505,0.9433065,1
0.947868,0.05213198,0
0.989321,0.010679017,0
0.99427116,0.005728881,0
0.033671644,0.9663284,1
0.022112068,0.9778879,1
0.021726578,0.97827345,1
0.02211367,0.9778863,1
0.022414846,0.97758514,1
0.021295683,0.97870433,1
0.2233618,0.77663815,0
0.6356362,0.36436382,0
0.5874256,0.41257444,0
0.025890999,0.974109,1
0.31216624,0.6878338,0
0.6920126,0.30798736,0
0.28927588,0.71072406,0
0.71093714,0.2890629,0
0.74445826,0.2555417,0
0.7036835,0.29631653,0
0.668339,0.33166102,0
0.46021768,0.53978235,1
0.8018274,0.19817264,0
0.99668175,0.0033182793,0
0.9974214,0.0025786452,0
0.99697196,0.0030280638,0
0.40732312,0.5926768,1
0.31551313,0.68448687,1
0.31593475,0.68406516,1
0.69689554,0.30310452,0
0.9758984,0.024101587,0
0.7980987,0.20190126,0
0.83145094,0.1685491,0
0.12344549,0.8765545,1
0.59735703,0.40264305,1
0.113022454,0.88697755,1
0.051194973,0.948805,1
0.3595085,0.6404915,0
0.10706535,0.8929346,1
0.43663976,0.5633603,0
0.8424873,0.15751274,0
0.64191914,0.3580809,0
0.43525642,0.5647436,0
0.99439806,0.005601961,0
0.7968667,0.20313329,0
0.8068606,0.1931394,0
0.7082053,0.2917947,0
0.9941917,0.0058083087,0
0.9960219,0.003978052,0
0.5138701,0.48612988,1
0.5987582,0.40124178,0
0.9974751,0.002524866,0
0.89271384,0.10728617,0
0.9976694,0.0023305502,0
0.99761707,0.002382916,0
0.6618684,0.3381316,0
0.8652811,0.13471888,0
0.8702837,0.1297163,0
0.994362,0.005638023,0
0.9965827,0.0034172938,0
0.99669707,0.0033029402,0
0.9966979,0.0033021667,0
0.9963561,0.0036438915,0
0.9976822,0.0023177534,0
0.9191127,0.08088731,1
0.97843456,0.021565402,0
0.9887854,0.011214631,0
0.99450713,0.0054928544,0
0.9952297,0.004770267,0
0.7144426,0.28555742,1
0.034901157,0.9650988,1
0.5273738,0.47262627,1
0.6181078,0.3818922,1
0.5773339,0.42266607,1
0.78871554,0.21128443,1
0.8273915,0.17260852,1
0.54484427,0.45515576,1
0.6600687,0.3399313,1
0.7371172,0.26288283,1
0.84817237,0.15182763,1
0.9780212,0.021978779,0
0.98376703,0.016232945,0
0.99353445,0.0064655263,0
0.99729747,0.0027025628,0
0.99719703,0.0028029012,0
0.9665927,0.033407226,0
0.94220316,0.057796873,0
0.99082184,0.009178139,0
0.9975883,0.0024117634,0
0.99267465,0.007325379,0
0.99441564,0.005584372,0
0.9942462,0.0057538794,0
0.9960615,0.0039384346,0
0.9962942,0.003705837,0
0.99634284,0.0036571731,0
0.9964347,0.0035652912,0
0.9965333,0.0034666932,0
0.9968688,0.0031311782,0
0.99693835,0.0030616904,0
0.9857582,0.014241847,0
0.99657696,0.0034230489,0
0.9948285,0.005171466,0
0.7867251,0.2132749,1
0.7788466,0.22115342,1
0.024877632,0.97512233,1
0.54669094,0.45330903,1
0.9932232,0.006776776,0
0.9947206,0.0052794307,0
0.88758665,0.11241332,0
0.28654897,0.7134511,1
0.40919158,0.59080845,1
0.047249757,0.95275027,1
0.64242786,0.3575721,0
0.99190044,0.008099582,0
0.6544431,0.3455569,0
0.25821438,0.74178565,0
0.2162646,0.78373533,1
0.038754366,0.96124566,1
0.0386813,0.9613187,1
0.044789888,0.9552101,1
0.25169703,0.748303,0
0.05596894,0.94403106,1
0.07835811,0.92164195,1
0.17421286,0.8257871,1
0.23749414,0.7625058,1
0.983061,0.016939005,0
0.9948251,0.0051748496,0
0.9842487,0.015751282,0
0.79219437,0.20780565,0
0.5524258,0.44757423,0
0.066896565,0.9331034,0
0.02516044,0.9748396,1
0.02493717,0.97506285,1
0.031715784,0.9682842,1
0.057642482,0.9423575,0
0.035602733,0.96439725,1
0.023803685,0.9761963,1
0.024129743,0.97587025,1
0.028881498,0.9711185,1
0.030418107,0.96958184,1
0.03265677,0.9673432,1
0.25412548,0.74587446,0
0.61847776,0.3815223,0
0.74768865,0.25231138,0
0.74817157,0.25182843,0
0.63813263,0.36186737,0
0.40677667,0.5932234,0
0.73320067,0.2667994,0
0.07107361,0.92892635,1
0.3487,0.65129995,1
0.36060867,0.6393913,1
0.89258516,0.10741485,0
0.92275834,0.077241585,0
0.1569036,0.84309644,1
0.705395,0.29460505,0
0.87805086,0.12194916,0
0.07163631,0.9283637,1
0.28887725,0.71112275,1
0.38331243,0.6166876,0
0.38429075,0.6157092,0
0.89309365,0.10690634,0
0.9150887,0.084911264,0
0.28458354,0.7154165,1
0.2694365,0.7305635,1
0.37493038,0.6250696,1
0.40975553,0.59024453,1
0.48478597,0.515214,1
0.13904437,0.8609556,1
0.79174584,0.20825416,0
0.6787796,0.3212204,0
0.27586195,0.7241381,1
0.07529823,0.9247018,1
0.24121712,0.75878286,1
0.82121146,0.17878853,0
0.84706956,0.15293044,0
0.86931866,0.13068129,0
0.79094535,0.20905465,0
0.8116509,0.18834914,0
0.78317946,0.21682051,0
0.7779847,0.22201537,0
0.7929608,0.20703918,0
0.4144667,0.58553326,1
0.20447682,0.79552317,1
0.8892728,0.11072721,0
0.25583854,0.7441615,1
0.56961673,0.43038324,1
0.5672858,0.43271422,0
0.99235326,0.0076467386,0
0.8128526,0.18714735,0
0.96928215,0.03071787,0
0.8158523,0.18414775,1
0.4029228,0.59707725,1
0.17706792,0.82293206,1
0.29472455,0.7052754,1
0.9972602,0.002739825,0
0.19339098,0.80660903,1
0.98825586,0.011744203,0
0.9893924,0.010607618,0
0.9951138,0.004886203,0
0.11317635,0.88682365,1
0.04665423,0.95334584,1
0.028480949,0.971519,1
0.035468057,0.96453196,1
0.03953069,0.96046925,1
0.80279416,0.19720587,0
0.43658033,0.5634197,0
0.6686495,0.33135045,0
0.12536989,0.8746301,1
0.12005699,0.8799431,1
0.35475457,0.6452455,1
0.80657786,0.19342212,0
0.35194916,0.6480508,1
0.6829595,0.31704044,0
0.40451926,0.59548074,1
0.31742764,0.68257236,1
0.30917874,0.69082123,1
0.7437657,0.2562343,0
0.6980015,0.3019985,0
0.24433331,0.75566673,1
0.37522152,0.62477845,1
0.8170906,0.18290943,0
0.6802524,0.3197477,1
0.7958449,0.20415507,0
0.6340723,0.3659277,1
0.32490352,0.67509645,1
0.8289692,0.17103083,0
0.48104683,0.51895314,0
0.4094191,0.5905808,1
0.746757,0.25324306,0
0.32281688,0.67718315,1
0.60615903,0.39384094,0
0.65698934,0.34301066,0
0.5920466,0.40795338,0
0.65647036,0.34352967,0
0.706194,0.293806,0
0.07104736,0.9289527,1
0.5919594,0.40804058,0
0.15189666,0.84810334,1
0.66980684,0.33019313,0
0.0797885,0.92021143,1
0.34996727,0.6500327,1
0.66584116,0.33415887,1
0.12749276,0.8725073,1
0.14887197,0.85112804,1
0.027896525,0.9721034,1
0.8430822,0.1569178,0
0.06031531,0.9396846,1
0.35346904,0.6465309,1
0.7341451,0.2658548,0
0.7449129,0.2550871,0
0.6843487,0.31565127,0
0.56571144,0.43428853,0
0.6007585,0.39924148,0
0.4826846,0.5173154,0
0.45904845,0.54095155,0
0.5547489,0.44525114,0
0.9547178,0.04528218,0
0.8616765,0.13832346,0
0.82060695,0.17939305,0
0.62182206,0.3781779,0
0.14326116,0.8567388,1
0.15112107,0.8488789,1
0.0943308,0.9056692,1
0.25350717,0.74649274,1
0.5998897,0.40011027,0
0.24422212,0.75577784,1
0.26661912,0.7333809,1
0.5067464,0.49325356,1
0.8796236,0.12037639,0
0.9851835,0.014816474,0
0.7339902,0.2660098,0
0.049186766,0.95081323,1
0.27819598,0.72180396,0
0.93473727,0.06526275,0
0.8819413,0.1180586,0
0.29758686,0.70241314,1
0.6611143,0.33888572,0
0.688121,0.31187904,0
0.4158135,0.58418643,1
0.34054896,0.659451,1
0.40525886,0.5947411,1
0.43532053,0.5646795,1
0.9391477,0.060852345,0
0.85999274,0.14000727,0
0.8292155,0.17078443,0
0.98608947,0.013910506,0
0.99390864,0.0060913,0
0.9960316,0.003968383,0
0.78627473,0.21372521,0
0.8787665,0.12123352,0
0.8835345,0.116465494,0
0.91645175,0.08354828,0
0.9298749,0.07012512,0
0.948032,0.05196801,0
0.79042995,0.20957002,1
0.8113173,0.18868268,1
0.8984584,0.101541534,0
0.93919533,0.060804654,0
0.7635034,0.2364966,0
0.6763048,0.32369515,0
0.70429957,0.29570043,0
0.715791,0.28420895,0
0.9961831,0.00381691,0
0.99688345,0.0031164833,0
0.99679774,0.0032023208,0
0.8001945,0.19980547,1
0.15617776,0.84382224,1
0.159189,0.84081095,1
0.9065457,0.09345428,0
0.09935926,0.9006407,1
0.8084011,0.19159888,0
0.86142355,0.13857645,0
0.88926315,0.11073683,0
0.9650524,0.034947634,0
0.8568824,0.14311753,0
0.5777384,0.42226157,1
0.5970785,0.40292144,1
0.9918922,0.00810775,0
0.49325612,0.5067439,1
0.4976622,0.5023379,1
0.1834069,0.8165931,1
0.9157979,0.08420212,0
0.7989569,0.20104311,1
0.9679502,0.032049786,0
0.8317919,0.16820815,0
0.7734394,0.22656061,0
0.72105634,0.27894363,0
0.6158458,0.38415417,0
0.53400505,0.46599492,1
0.3796231,0.6203769,1
0.12483645,0.87516356,1
0.3508937,0.64910626,1
0.35817984,0.6418202,0
0.22329578,0.77670425,1
0.2907964,0.7092036,1
0.3392407,0.6607593,1
0.9933222,0.006677791,0
0.99535036,0.0046496405,0
0.6673366,0.3326634,0
0.066627204,0.93337286,1
0.023492705,0.9765073,1
0.89233375,0.10766633,0
0.07788346,0.92211646,1
0.8752415,0.12475851,0
0.7893913,0.21060869,0
0.7702151,0.22978489,0
0.991812,0.008188003,0
0.79925287,0.20074718,0
0.8672951,0.13270499,0
0.77168924,0.22831078,0
0.78844225,0.21155772,0
0.8122601,0.1877399,0
0.8841594,0.11584059,0
0.2608925,0.73910755,1
0.26288614,0.7371139,1
0.89247614,0.107523866,0
0.8745648,0.12543519,0
0.93821937,0.061780673,0
0.8887358,0.11126429,0
0.9134253,0.08657465,0
0.87204003,0.12796003,0
0.9927988,0.00720112,0
0.9953387,0.0046613314,0
0.3293041,0.67069596,1
0.8838193,0.116180725,0
0.78732914,0.21267088,0
0.7905385,0.20946145,0
0.8947023,0.105297655,0
0.8807514,0.119248666,0
0.92451143,0.07548861,0
0.8046111,0.1953889,1
0.6413819,0.35861805,1
0.72343636,0.27656356,0
0.70675933,0.29324064,0
0.06562209,0.93437785,1
0.065131076,0.93486893,1
0.37798968,0.62201035,1
0.78157467,0.21842536,0
0.9751972,0.02480278,0
0.99356455,0.0064354185,0
0.8640033,0.13599676,0
0.8695262,0.13047375,0
0.83604515,0.16395478,0
0.9860902,0.013909773,0
0.881031,0.118969016,0
0.83325833,0.16674174,0
0.9000145,0.09998542,1
0.90331346,0.096686505,1
0.95950687,0.040493075,0
0.9886396,0.011360451,0
0.9941346,0.0058654416,0
0.83724564,0.16275434,1
0.69394517,0.3060548,1
0.041300178,0.9586998,1
0.17750156,0.82249844,1
0.34585145,0.6541485,1
0.39961687,0.60038316,1
0.18487759,0.8151224,1
0.44742763,0.55257237,1
0.99665725,0.0033427607,0
0.99399143,0.006008572,0
0.99301416,0.0069858604,0
0.70187217,0.29812777,0
0.8260025,0.17399749,0
0.28302857,0.71697146,1
0.97906864,0.020931434,0
0.24564269,0.75435734,1
0.9952088,0.004791145,0
0.99414176,0.0058581913,0
0.9913918,0.008608212,0
0.894632,0.10536805,0
0.9046681,0.0953319,0
0.92609394,0.07390608,0
0.9365373,0.06346272,0
0.9335108,0.06648922,0
0.43554753,0.5644525,1
0.53771883,0.4622812,1
0.7587216,0.24127842,1
0.7135299,0.2864701,1
0.029321825,0.9706782,1
0.02855285,0.9714471,1
0.051419556,0.94858044,1
0.7179201,0.28207985,1
0.24675821,0.7532418,1
0.7914491,0.20855089,0
0.75062406,0.24937594,0
0.6967221,0.30327785,0
0.8841068,0.11589315,0
0.805929,0.19407097,0
0.8517033,0.1482967,0
0.5379982,0.46200177,1
0.9186213,0.08137871,0
0.93046176,0.06953824,0
0.94313776,0.056862228,0
0.8992504,0.10074959,0
0.92676103,0.073239006,0
0.9507361,0.04926394,0
0.84953475,0.15046525,0
0.8184305,0.18156956,1
0.88814515,0.11185489,0
0.6950786,0.30492133,1
0.19940564,0.80059433,1
0.7485336,0.2514664,1
0.7538695,0.2461305,1
0.7594149,0.24058513,1
0.809386,0.19061394,1
0.9709759,0.029024178,0
0.9069271,0.09307281,1
0.8505651,0.14943492,0
0.90203387,0.09796622,0
0.8835088,0.11649119,1
0.98906356,0.01093645,0
0.99076885,0.009231194,0
0.99280363,0.007196397,0
0.7582141,0.24178587,1
0.3226873,0.67731273,1
0.24995166,0.75004834,1
0.2913372,0.7086628,1
0.6974107,0.30258927,1
0.8328317,0.16716829,0
0.8121963,0.18780372,1
0.48018256,0.51981753,1
0.90723383,0.09276612,0
0.995918,0.0040820776,0
0.9820763,0.017923722,0
0.9902125,0.009787546,0
0.8799688,0.120031185,1
0.85840654,0.14159349,1
0.82953846,0.17046154,0
0.26055878,0.7394412,1
0.22738208,0.77261794,1
0.15003514,0.8499648,1
0.13892247,0.86107755,1
0.3515068,0.6484932,1
0.614644,0.38535598,1
0.9960723,0.003927697,0
0.6390642,0.3609358,1
0.45313033,0.5468697,1
0.026825342,0.9731747,1
0.030556839,0.96944314,1
0.037018567,0.9629814,1
0.062466297,0.9375337,1
0.13966689,0.8603331,1
0.16649666,0.83350337,1
0.76764774,0.23235224,0
0.8346386,0.16536136,0
0.7632664,0.23673365,0
0.11258421,0.88741577,1
0.9260282,0.07397178,0
0.5946571,0.40534288,1
0.75527906,0.24472098,1
0.8212352,0.1787648,1
0.8184171,0.18158291,1
0.72233933,0.27766067,1
0.9533913,0.046608716,0
0.66343963,0.33656037,1
0.18843777,0.8115622,1
0.49429104,0.505709,1
0.7368037,0.26319635,1
0.9160159,0.08398405,0
0.92859083,0.07140914,0
0.89325976,0.10674018,0
0.85796684,0.14203309,0
0.9917418,0.008258196,0
0.7687792,0.23122081,0
0.733629,0.26637098,0
0.53823316,0.4617669,0
0.70578635,0.29421365,0
0.37839007,0.6216099,1
0.7840696,0.21593039,0
0.15421824,0.84578174,1
0.28464204,0.71535796,1
0.759787,0.24021295,1
0.78978753,0.2102125,0
0.84110296,0.15889704,0
0.9353099,0.064690165,0
0.97663385,0.02336614,0
0.9105022,0.08949784,1
0.22998582,0.77001417,1
0.22951138,0.77048856,1
0.227524,0.772476,1
0.20326571,0.7967343,1
0.17692636,0.8230737,1
0.3009049,0.6990951,1
0.99633634,0.0036637087,0
0.99684554,0.0031544818,0
0.989965,0.010035027,0
0.9252272,0.07477269,0
0.91529876,0.084701195,0
0.38206995,0.61793005,1
0.39484915,0.6051509,1
0.5566614,0.44333854,1
0.4544165,0.5455834,1
0.44713104,0.55286896,1
0.55378354,0.4462164,1
0.8593192,0.1406808,1
0.82289153,0.17710845,0
0.342287,0.657713,1
0.28600544,0.71399456,1
0.31211275,0.68788725,1
0.5117162,0.48828387,1
0.9925102,0.007489745,0
0.027331509,0.97266847,1
0.85914046,0.14085951,0
0.9025688,0.097431146,0
0.037101846,0.96289814,1
0.77590626,0.22409375,0
0.9721468,0.027853189,0
0.9950531,0.004946894,0
0.72773707,0.2722629,1
0.39486063,0.6051394,1
0.032544255,0.9674558,1
0.033473317,0.9665267,1
0.09048979,0.9095102,1
0.2586116,0.7413884,1
0.49408832,0.50591165,0
0.5596035,0.44039643,0
0.90885615,0.09114377,0
0.5646243,0.43537563,0
0.9941737,0.0058263256,0
0.7784338,0.22156617,0
0.48751345,0.5124866,0
0.8068281,0.19317189,0
0.44563657,0.5543634,0
0.27462742,0.7253726,1
0.27851155,0.7214885,1
0.64545745,0.35454246,0
0.13019615,0.8698038,1
0.120616935,0.879383,1
0.08076277,0.91923726,1
0.83840066,0.16159928,0
0.8706966,0.12930338,0
0.7845427,0.21545728,0
0.6564636,0.34353638,0
0.218332,0.781668,1
0.04414496,0.9558551,1
0.8660267,0.13397332,0
0.8653724,0.13462754,0
0.14233811,0.85766184,1
0.6808058,0.3191942,1
0.8619601,0.13803993,0
0.24214336,0.7578566,1
0.29046887,0.7095311,1
0.28180486,0.71819514,1
0.28608668,0.71391326,1
0.24235968,0.7576403,1
0.31046394,0.6895361,1
0.34169602,0.658304,0
0.9205056,0.07949439,0
0.8929975,0.107002504,0
0.89761454,0.10238549,0
0.5913754,0.40862462,0
0.11014517,0.88985485,1
0.16900809,0.83099186,1
0.2653513,0.73464876,0
0.19908878,0.80091125,1
0.064685464,0.93531454,1
0.98303694,0.016963039,0
0.8302559,0.16974403,0
0.35126296,0.64873713,0
0.024095582,0.9759044,1
0.031113142,0.96888685,1
0.061953034,0.938047,1
0.7166385,0.2833615,0
0.038294423,0.9617056,1
0.121496335,0.8785036,1
0.2540088,0.7459912,1
0.055112932,0.94488704,1
0.3890085,0.61099154,0
0.89274615,0.107253894,0
0.8055258,0.19447419,0
0.7939113,0.2060887,0
0.9284836,0.0715164,0
0.94267106,0.05732896,0
0.8908304,0.10916962,0
0.83426094,0.16573906,1
0.6922079,0.30779216,0
0.07862979,0.92137027,1
0.084164836,0.9158352,1
0.74392635,0.25607362,0
0.81456167,0.18543832,0
0.8912827,0.10871733,0
0.9441291,0.055870835,0
0.9889587,0.011041251,0
0.7922569,0.20774305,0
0.8790208,0.12097919,0
0.14968884,0.85031116,1
0.9912299,0.008770146,0
0.84627724,0.15372275,0
0.15396936,0.84603065,1
0.30731413,0.6926858,1
0.3321901,0.6678099,1
0.3151707,0.6848293,1
0.35685012,0.6431499,1
0.22601646,0.7739835,1
0.20859495,0.79140496,1
0.8944097,0.10559023,0
0.6924155,0.3075845,0
0.63088274,0.36911723,0
0.16740024,0.8325998,1
0.10582925,0.8941708,1
0.25635457,0.7436455,1
0.15056732,0.84943265,1
0.1427449,0.8572551,1
0.23393376,0.76606625,0
0.9957247,0.0042753736,0
0.995611,0.0043890225,0
0.9947337,0.0052663223,0
0.9940263,0.005973732,0
0.6067688,0.39323124,0
0.27130765,0.72869235,0
0.041275814,0.95872414,1
0.022335196,0.97766477,1
0.022422336,0.9775777,1
0.02874348,0.97125655,1
0.82427007,0.17572996,0
0.91547376,0.084526256,0
0.19713572,0.8028643,1
0.99309057,0.006909424,0
0.11178712,0.8882129,1
0.030556032,0.9694439,1
0.030648688,0.9693513,1
0.03093252,0.9690675,1
0.030890727,0.9691093,1
0.03231341,0.9676866,1
0.32247263,0.67752737,1
0.3301553,0.6698447,0
0.4864676,0.5135324,0
0.28155878,0.7184412,0
0.03893914,0.9610608,1
0.039771926,0.9602281,1
0.9313862,0.06861385,0
0.9321329,0.06786708,0
0.5296716,0.4703284,0
0.306133,0.693867,1
0.16468157,0.8353184,0
0.7723948,0.22760524,0
0.7549213,0.24507865,0
0.7502372,0.24976279,0
0.062575825,0.9374242,1
0.9871088,0.012891132,0
0.99693656,0.0030634021,0
0.037039626,0.9629604,1
0.103079565,0.89692044,1
0.39457414,0.60542583,1
0.36224604,0.63775396,1
0.38091645,0.6190835,1
0.5161052,0.48389488,1
0.850508,0.14949201,0
0.8813732,0.11862678,0
0.9307364,0.06926365,0
0.15743688,0.8425631,1
0.713884,0.286116,1
0.98656845,0.013431514,0
0.98926723,0.010732773,0
0.15507147,0.84492856,1
0.13564692,0.86435306,1
0.38721308,0.6127869,1
0.3275707,0.6724293,1
0.30066627,0.6993337,1
0.39845794,0.601542,1
0.9911616,0.00883845,0
0.99087346,0.009126569,0
0.96509403,0.034905966,0
0.59824264,0.40175736,0
0.042738974,0.9572611,1
0.22020927,0.7797907,1
0.1407507,0.85924923,1
0.14017102,0.859829,1
0.2406707,0.7593293,1
0.99490476,0.005095306,0
0.835447,0.16455297,0
0.4816404,0.51835966,1
0.26747483,0.73252517,1
0.022370448,0.97762954,1
0.022672333,0.9773277,1
0.03972911,0.96027094,1
0.9548687,0.04513137,0
0.8684246,0.13157545,0
0.9542835,0.045716554,0
0.97894233,0.021057649,0
0.9419229,0.05807712,0
0.8456427,0.15435728,0
0.3175402,0.6824598,1
0.11432177,0.8856783,1
0.5807824,0.4192176,1
0.9208378,0.079162136,0
0.1949612,0.8050388,1
0.7813253,0.21867476,0
0.99195975,0.008040185,0
0.99066216,0.009337858,0
0.1321099,0.86789006,1
0.06842302,0.931577,1
0.44402698,0.55597305,1
0.9329927,0.06700732,0
0.89185905,0.1081409,0
0.44406855,0.55593145,1
0.8446203,0.15537974,0
0.9274018,0.07259817,0
0.9793082,0.020691767,0
0.113800496,0.88619953,1
0.121020496,0.87897956,1
0.09329802,0.906702,1
0.11841974,0.88158023,1
0.12474941,0.8752506,1
0.12345888,0.87654114,1
0.113820694,0.8861793,1
0.16670863,0.8332914,1
0.75850165,0.24149838,0
0.7921567,0.20784329,0
0.27376086,0.72623914,0
0.049058203,0.95094186,1
0.23498523,0.76501477,0
0.8666653,0.13333471,0
0.1494351,0.8505649,1
0.97443175,0.025568316,0
0.9836743,0.016325679,0
0.055139113,0.9448609,1
0.14598969,0.85401034,1
0.21949595,0.78050405,1
0.3112894,0.6887106,1
0.7588676,0.24113232,0
0.3705502,0.6294499,1
0.8099514,0.19004853,0
0.95932966,0.04067036,0
0.96257013,0.037429858,0
0.9770397,0.02296032,0
0.996042,0.003957982,0
0.99597037,0.0040296386,0
0.45555836,0.5444416,1
0.9481787,0.051821318,0
0.9590073,0.040992662,0
0.9945826,0.0054173563,0
0.9953662,0.004633794,0
0.99555075,0.0044492986,0
0.8969557,0.10304426,1
0.90101594,0.098984025,1
0.96647424,0.033525687,0
0.7639403,0.2360597,1
0.89328516,0.10671477,0
0.9656122,0.03438778,0
0.95666033,0.043339726,0
0.96918285,0.030817164,0
0.046485912,0.9535141,1
0.3813935,0.61860645,1
0.89157385,0.1084262,0
0.6554861,0.34451392,1
0.7594632,0.24053685,1
0.9018542,0.098145775,0
0.8452817,0.15471832,1
0.74222285,0.25777712,1
0.9174911,0.08250894,0
0.8424715,0.15752849,0
0.85164577,0.14835422,0
0.03504762,0.9649524,1
0.21890259,0.7810974,1
0.96339095,0.03660906,0
0.25658393,0.7434161,1
0.12199197,0.878008,1
0.059025865,0.9409742,1
0.12194139,0.8780587,1
0.079670824,0.92032915,0
0.9757612,0.024238795,0
0.8199024,0.18009754,0
0.14249063,0.8575094,1
0.06996597,0.930034,1
0.06262692,0.9373731,1
0.025583122,0.9744169,1
0.025582591,0.9744173,1
0.2911402,0.70885974,0
0.12295578,0.87704426,0
0.14290375,0.8570963,0
0.15584546,0.8441546,0
0.25040978,0.74959016,0
0.8790791,0.12092093,0
0.23420085,0.7657991,0
0.3492803,0.6507197,0
0.34112567,0.6588744,0
0.3323858,0.66761416,0
0.32225683,0.67774314,0
0.42325962,0.57674044,1
0.9911212,0.00887875,0
0.9909719,0.009028061,0
0.85681224,0.14318782,0
0.7398986,0.26010144,1
0.6334172,0.3665828,1
0.12388463,0.8761153,1
0.0908808,0.9091192,1
0.10291141,0.8970886,1
0.18799582,0.81200415,1
0.14135173,0.85864824,1
0.16353294,0.8364671,0
0.9033145,0.09668555,0
0.99522936,0.004770613,0
0.25124896,0.7487511,0
0.05250614,0.9474938,0
0.02309304,0.97690696,1
0.023226589,0.9767734,1
0.023299865,0.9767001,1
0.023325656,0.9766743,1
0.023298124,0.97670186,1
0.023462122,0.9765379,1
0.023449091,0.9765509,1
0.023606546,0.9763934,1
0.027138082,0.97286195,1
0.027680472,0.97231954,1
0.6743487,0.32565132,0
0.9839452,0.016054751,0
0.7634467,0.2365533,0
0.73246825,0.26753175,0
0.18632083,0.81367916,0
0.093460426,0.9065396,0
0.6869107,0.3130894,0
0.9786213,0.021378648,0
0.98643106,0.013568964,0
0.90731305,0.09268698,0
0.4530157,0.5469843,1
0.84902155,0.1509784,0
0.29901928,0.7009807,1
0.16912979,0.83087015,1
0.058498997,0.94150096,1
0.05907909,0.9409209,1
0.13476597,0.865234,1
0.9346322,0.065367766,0
0.9429106,0.05708936,0
0.9171082,0.08289179,0
0.9576972,0.042302795,0
0.9008199,0.09918008,0
0.28105217,0.71894777,1
0.090468995,0.909531,1
0.08339197,0.91660804,1
0.093291074,0.9067089,1
0.10284399,0.897156,1
0.80791754,0.19208248,0
0.059351556,0.94064844,1
0.09349914,0.90650094,1
0.70933986,0.2906601,1
0.09371179,0.9062882,1
0.16166571,0.8383343,1
0.048253138,0.9517468,1
0.12560154,0.87439847,1
0.20325844,0.79674155,1
0.1558229,0.84417707,1
0.33600798,0.663992,0
0.77142227,0.22857775,0
0.8263265,0.17367347,0
0.6057817,0.3942184,0
0.3342763,0.6657237,0
0.3065956,0.6934044,0
0.40484282,0.59515715,0
0.98927504,0.01072499,0
0.9899306,0.010069323,0
0.4572974,0.54270256,0
0.27426204,0.7257379,1
0.09086083,0.90913916,1
0.10825863,0.89174134,1
0.046937283,0.95306265,1
0.16462049,0.83537954,1
0.9952055,0.004794482,0
0.93196017,0.06803981,0
0.13936636,0.8606336,1
0.5628234,0.43717656,0
0.027228871,0.9727711,1
0.04263483,0.9573652,1
0.044718355,0.9552816,1
0.62804633,0.37195358,0
0.6197998,0.38020027,0
0.96880305,0.031196935,0
0.9537433,0.04625676,0
0.67182165,0.32817838,1
0.3044717,0.69552827,1
0.028947812,0.97105217,1
0.028922852,0.97107714,1
0.029365094,0.9706349,1
0.026353136,0.9736468,1
0.03227242,0.96772754,1
0.69467837,0.30532166,0
0.9459325,0.054067522,0
0.9465002,0.053499833,0
0.3077374,0.6922626,1
0.9663716,0.03362837,0
0.74244225,0.25755775,0
0.18687563,0.81312436,1
0.47332922,0.5266708,1
0.50506777,0.49493226,1
0.94173205,0.058268003,0
0.8844631,0.11553687,0
0.9371068,0.06289316,0
0.9802399,0.019760119,0
0.9792813,0.020718714,0
0.73508674,0.26491323,1
0.46969074,0.53030926,1
0.73310256,0.2668974,0
0.5409891,0.459011,1
0.37279,0.62720996,1
0.8083173,0.19168265,0
0.082198545,0.91780144,1
0.9712901,0.02870987,0
0.9728554,0.027144661,0
0.63583815,0.36416188,1
0.09504382,0.90495616,1
0.86980337,0.13019662,0
0.8851585,0.11484149,0
0.6252711,0.37472898,1
0.9609755,0.03902452,0
0.9842696,0.015730422,0
0.68357307,0.31642693,1
0.34442955,0.65557045,1
0.41082168,0.58917826,1
0.27821377,0.7217862,1
0.2793718,0.7206282,1
0.27866012,0.7213399,1
0.9801784,0.01982162,0
0.5365244,0.46347558,1
0.105639994,0.89436007,1
0.23376344,0.7662366,1
0.17811722,0.8218828,1
0.143141,0.856859,1
0.17587134,0.8241287,1
0.9920993,0.007900688,0
0.9871607,0.012839351,0
0.7911664,0.20883356,0
0.026448173,0.9735518,1
0.02234542,0.97765464,1
0.022479119,0.9775209,1
0.022504373,0.97749555,1
0.022531878,0.97746813,1
0.022511896,0.97748804,1
0.023901572,0.97609836,1
0.03992459,0.96007544,1
0.86321086,0.1367891,0
0.46450767,0.5354923,0
0.8185916,0.18140844,0
0.082389675,0.9176103,1
0.037381638,0.9626184,1
0.066802666,0.9331973,1
0.05956887,0.9404311,1
0.05780029,0.94219977,1
0.02865606,0.97134393,1
0.7269339,0.2730661,0
0.9324154,0.06758449,0
0.049323954,0.9506761,1
0.036896765,0.96310323,1
0.036672596,0.9633274,1
0.037738103,0.962262,1
0.6425135,0.35748652,0
0.6337211,0.36627892,0
0.1655967,0.83440334,1
0.9752442,0.024755765,0
0.976891,0.023108987,0
0.8189566,0.18104339,0
0.17888926,0.82111067,1
0.112233035,0.887767,1
0.43033317,0.56966686,0
0.1427896,0.8572104,1
0.782893,0.21710691,0
0.78896344,0.21103656,0
0.09478613,0.9052139,0
0.7028889,0.29711112,0
0.14158438,0.8584156,1
0.044553418,0.9554466,1
0.084937215,0.91506284,1
0.08866081,0.91133916,1
0.058024198,0.9419758,1
0.08921171,0.9107883,1
0.84708744,0.15291253,0
0.96960056,0.03039938,0
0.81465304,0.18534699,0
0.15523662,0.84476334,1
0.37890157,0.6210984,0
0.34591404,0.65408593,0
0.32896677,0.67103326,0
0.31784108,0.68215895,1
0.82718706,0.17281294,0
0.87963384,0.12036617,0
0.87059736,0.1294026,0
0.37539315,0.6246069,1
0.96487546,0.035124477,0
0.9954484,0.0045515574,0
0.98576444,0.014235609,0
0.9790526,0.020947415,0
0.94708604,0.05291396,0
0.4653465,0.53465354,1
0.22883083,0.7711692,1
0.9261955,0.07380455,0
0.99211735,0.007882701,0
0.9812337,0.01876637,0
0.42341956,0.5765804,1
0.09067948,0.9093205,1
0.04255139,0.95744854,1
0.03653913,0.96346086,1
0.03844046,0.96155953,1
0.03379934,0.96620065,1
0.6714786,0.3285214,0
0.46822485,0.5317752,0
0.7966548,0.2033452,1
0.7644634,0.23553655,1
0.29215366,0.7078463,1
0.6753495,0.32465044,0
0.15327553,0.8467245,1
0.10853762,0.8914623,1
0.565706,0.43429404,0
0.91971326,0.08028679,0
0.86481047,0.1351895,0
0.7735514,0.22644855,0
0.8826963,0.11730369,0
0.9790419,0.020958075,0
0.30475777,0.6952422,1
0.059675712,0.9403243,1
0.6448659,0.35513413,0
0.19682969,0.8031703,1
0.6501988,0.3498011,0
0.4555574,0.5444426,0
0.74560905,0.25439095,0
0.5775375,0.42246255,0
0.6003844,0.39961565,1
0.64674985,0.35325018,1
0.9090561,0.09094393,0
0.52596825,0.47403175,1
0.8597321,0.1402679,0
0.660648,0.33935204,1
0.93293965,0.06706037,0
0.7661835,0.23381652,1
0.8123607,0.18763928,0
0.27401704,0.72598296,1
0.1547681,0.8452319,1
0.12543261,0.8745674,1
0.3146163,0.68538374,1
0.13138258,0.86861736,1
0.067520626,0.9324794,1
0.06641289,0.93358713,1
0.14219117,0.8578088,1
0.15289952,0.84710044,1
0.15011592,0.84988415,1
0.13536389,0.8646361,1
0.17584935,0.8241506,1
0.74947333,0.25052664,0
0.9534518,0.04654823,0
0.034144215,0.9658558,1
0.035244506,0.96475554,1
0.6951069,0.30489305,0
0.76611525,0.23388474,0
0.60117805,0.39882198,0
0.61138326,0.38861674,0
0.85572475,0.14427522,0
0.13187315,0.8681268,1
0.8334249,0.16657501,0
0.9190599,0.080940135,0
0.9846497,0.0153503,0
0.9964619,0.0035381112,0
0.9552416,0.044758383,0
0.94012326,0.059876766,0
0.08879058,0.91120934,1
0.046756137,0.95324385,1
0.9477024,0.052297607,0
0.24885875,0.75114125,1
0.97154254,0.028457517,0
0.15907569,0.8409243,1
0.1685108,0.8314892,1
0.23354098,0.766459,1
0.27657855,0.7234214,1
0.30954456,0.6904555,1
0.92260784,0.07739211,0
0.9943599,0.005640127,0
0.9962386,0.0037614414,0
0.9844861,0.015513877,0
0.2522298,0.74777013,1
0.67523015,0.3247699,0
0.084553964,0.915446,1
0.051788256,0.9482117,1
0.049448613,0.95055133,1
0.053780347,0.9462196,1
0.057025976,0.942974,1
0.022387728,0.97761226,1
0.02273134,0.97726864,1
0.022675525,0.97732455,1
0.023882888,0.97611713,1
0.024310248,0.97568977,1
0.033841055,0.9661589,1
0.03470129,0.9652987,1
0.2817534,0.71824664,1
0.7668095,0.2331905,0
0.49924228,0.5007577,0
0.52387863,0.47612134,0
0.3225349,0.677465,0
0.538185,0.46181497,0
0.55037624,0.44962382,0
0.7058705,0.29412952,0
0.69276166,0.30723837,0
0.7948206,0.20517947,0
0.94153583,0.058464132,0
0.19099274,0.8090073,1
0.97303313,0.026966903,0
0.53855735,0.46144262,1
0.75688916,0.2431108,0
0.46315503,0.536845,1
0.7878473,0.21215272,0
0.84408134,0.15591867,0
0.9326448,0.06735521,0
0.6339026,0.36609742,0
0.11929721,0.8807028,1
0.6227436,0.37725636,0
0.33484998,0.66515005,1
0.6660431,0.33395687,0
0.71718204,0.28281793,0
0.07016763,0.92983234,1
0.8705509,0.12944914,0
0.9615343,0.038465735,0
0.8570452,0.14295487,0
0.7661695,0.23383056,0
0.8226716,0.17732844,0
0.80764467,0.19235526,0
0.7450393,0.25496072,1
0.8062153,0.19378473,0
0.976967,0.023032937,0
0.34388974,0.6561103,1
0.47207275,0.5279273,1
0.7723664,0.2276336,0
0.40945783,0.5905422,1
0.84362006,0.15637994,0
0.3196037,0.68039626,1
0.8961611,0.103838935,0
0.9009377,0.09906232,0
0.90512687,0.094873145,0
0.9119889,0.08801113,0
0.90005845,0.099941485,0
0.97457594,0.025424046,0
0.98597336,0.014026636,0
0.92273015,0.07726986,0
0.10648653,0.89351344,1
0.20889156,0.79110837,1
0.25467104,0.745329,1
0.35236168,0.6476383,0
0.94770104,0.052298952,0
0.99238247,0.007617507,0
0.9755642,0.024435876,0
0.7829342,0.21706581,0
0.6709691,0.3290309,0
0.86230284,0.1376972,0
0.8870915,0.112908475,0
0.9394264,0.06057365,0
0.90455306,0.095446885,0
0.8569387,0.14306128,1
0.85357386,0.14642619,1
0.8234417,0.17655827,0
0.032998785,0.9670012,1
0.94029504,0.05970498,0
0.87393266,0.12606736,0
0.8597472,0.14025281,0
0.8777956,0.122204386,0
0.7812179,0.21878214,1
0.86587685,0.13412313,1
0.98180515,0.01819481,0
0.9772734,0.022726625,0
0.8809123,0.11908772,1
0.83789086,0.16210918,1
0.59960824,0.40039173,1
0.2672583,0.7327417,1
0.25578588,0.7442142,1
0.917835,0.082164995,0
0.9255187,0.07448132,0
0.9266823,0.07331765,0
0.40677387,0.59322613,1
0.69856745,0.3014326,0
0.58277285,0.4172272,0
0.36150646,0.6384935,0
0.5408616,0.4591384,0
0.6397006,0.36029944,0
0.6984077,0.30159226,0
0.7303176,0.26968244,0
0.70597214,0.2940279,0
0.77159095,0.22840907,0
0.7940931,0.20590693,0
0.086133614,0.9138664,1
0.78716844,0.21283153,0
0.81200033,0.1879997,0
0.9853674,0.014632574,0
0.99547184,0.0045281867,0
0.9331816,0.06681845,0
0.83655435,0.16344567,0
0.6863121,0.31368792,0
0.68888205,0.31111786,0
0.22308934,0.77691066,1
0.9650473,0.03495266,0
0.95431745,0.04568253,0
0.66934526,0.33065474,0
0.56228906,0.43771094,1
0.49591497,0.504085,1
0.7922721,0.20772791,0
0.33869347,0.66130656,1
0.33687016,0.6631298,1
0.9035445,0.09645554,0
0.8661246,0.13387538,0
0.9815446,0.01845534,0
0.98428196,0.015718058,0
0.9803216,0.019678416,0
0.9705658,0.02943419,0
0.94752675,0.05247318,0
0.92244667,0.07755337,0
0.40180296,0.59819704,1
0.058581706,0.94141835,1
0.9495848,0.050415296,0
0.95178676,0.0482132,0
0.9371026,0.062897384,0
0.93835515,0.061644882,0
0.9963224,0.0036775984,0
0.8277186,0.1722814,0
0.7755152,0.22448489,0
0.025669022,0.974331,1
0.47600543,0.5239945,0
0.045322757,0.9546773,1
0.8413522,0.15864775,0
0.9846779,0.015322058,0
0.07373732,0.9262627,1
0.12149121,0.8785088,1
0.6745595,0.3254405,0
0.94143337,0.058566637,0
0.8374038,0.16259618,0
0.23278408,0.76721597,1
0.8279056,0.17209442,1
0.9746975,0.025302494,0
0.9735256,0.026474375,0
0.9595161,0.04048394,0
0.94826186,0.0517381,0
0.8773075,0.12269254,0
0.8861633,0.11383668,0
0.9197179,0.08028213,0
0.9620124,0.037987567,0
0.9561309,0.04386904,0
0.8802121,0.11978784,1
0.9969495,0.0030505077,0
0.86457205,0.13542795,1
0.104502425,0.8954976,1
0.09628145,0.90371853,1
0.10518485,0.8948151,1
0.10389189,0.89610815,1
0.32532406,0.67467594,0
0.16592318,0.8340769,1
0.36069733,0.6393027,1
0.6076044,0.3923956,1
0.79152465,0.20847544,1
0.96005607,0.03994397,1
0.98064214,0.019357868,1
0.98029447,0.019705603,0
0.9247895,0.07521059,1
0.85387343,0.14612652,1
0.26956287,0.7304371,1
0.25830352,0.7416965,1
0.03234402,0.967656,1
0.06061559,0.9393844,1
0.2596743,0.7403257,1
0.0978778,0.9021222,1
0.9279942,0.07200584,1
0.050798353,0.9492016,1
0.08810979,0.91189027,1
0.30382022,0.69617975,1
0.97511727,0.024882805,0
0.06790131,0.93209875,1
0.06134906,0.93865097,1
0.069333375,0.93066657,1
0.4130954,0.5869045,1
0.8019629,0.1980371,0
0.95807874,0.041921284,0
0.07738749,0.92261255,1
0.02650593,0.97349405,1
0.024256697,0.97574335,1
0.024024248,0.97597575,1
0.023793068,0.97620696,1
0.023934009,0.976066,1
0.032221135,0.9677788,1
0.044455685,0.95554435,1
0.2168678,0.7831322,1
0.8078915,0.19210853,0
0.02819252,0.9718075,1
0.029062072,0.97093797,1
0.47383556,0.5261644,0
0.55608153,0.44391853,0
0.9263691,0.07363094,0
0.9298199,0.07018009,0
0.91611665,0.08388335,0
0.31349447,0.6865055,0
0.9683169,0.031683087,0
0.9669326,0.03306745,0
0.9336383,0.066361725,0
0.8343475,0.16565248,0
0.8555088,0.14449121,0
0.9252088,0.07479126,0
0.9827375,0.017262448,0
0.9766424,0.023357611,0
0.9051772,0.0948229,1
0.72060984,0.27939013,0
0.6589839,0.34101614,1
0.7766567,0.22334337,1
0.47773045,0.52226955,1
0.4498045,0.5501955,1
0.4219327,0.57806724,1
0.4488869,0.55111307,1
0.5813953,0.41860473,0
0.59043866,0.4095613,0
0.79037565,0.20962434,0
0.97793907,0.022060871,0
0.85548055,0.14451939,1
0.054316007,0.945684,1
0.071436815,0.9285632,1
0.026505891,0.97349405,1
0.03007692,0.96992314,1
0.025017994,0.974982,1
0.026215551,0.9737845,1
0.03741389,0.96258616,1
0.96933293,0.03066712,0
0.9091026,0.090897426,0
0.23538621,0.7646138,0
0.31215492,0.6878451,0
0.040616788,0.95938325,1
0.06797285,0.93202716,1
0.36708656,0.6329134,0
0.39134875,0.6086512,0
0.46213058,0.53786945,0
0.16845085,0.83154917,1
0.64493054,0.35506946,0
0.80714756,0.1928524,0
0.977969,0.02203099,0
0.78994995,0.21005002,1
0.0715874,0.9284126,1
0.14528382,0.8547161,1
0.26429188,0.7357081,0
0.7545315,0.24546851,0
0.42718062,0.57281935,1
0.43745753,0.56254244,1
0.6704711,0.32952896,1
0.06660877,0.9333912,1
0.15980347,0.84019655,1
0.16939184,0.8306081,1
0.9249555,0.07504459,0
0.7739043,0.2260957,0
0.79463327,0.20536679,0
0.44284287,0.55715716,1
0.68933326,0.3106667,1
0.9287636,0.07123642,0
0.6091722,0.39082778,1
0.7175817,0.28241834,1
0.82155627,0.17844376,0
0.14501475,0.85498524,1
0.7348679,0.26513207,1
0.62267333,0.3773266,1
0.5440129,0.45598707,1
0.4182827,0.5817173,1
0.07689271,0.92310727,1
0.2883782,0.7116218,0
0.87524515,0.12475482,0
0.9797187,0.020281313,0
0.9448565,0.05514355,0
0.87857014,0.12142984,0
0.53778857,0.46221143,0
0.465146,0.53485405,0
0.48573,0.51427,0
0.7022433,0.2977567,0
0.83741844,0.16258162,0
0.9685287,0.031471293,0
0.9158065,0.084193505,1
0.92481065,0.07518929,1
0.8883591,0.11164087,1
0.83875126,0.16124876,1
0.860888,0.13911203,1
0.9576395,0.042360477,0
0.8099376,0.19006245,1
0.77408415,0.22591588,0
0.799882,0.200118,0
0.92779565,0.07220434,0
0.24537398,0.754626,1
0.8329826,0.16701742,0
0.8281627,0.17183729,1
0.9270327,0.0729673,1
0.099155955,0.9008441,1
0.08091313,0.9190869,1
0.23987582,0.76012415,1
0.28663164,0.7133683,1
0.27225363,0.72774637,1
0.26175228,0.7382477,1
0.8926939,0.107306056,0
0.8910805,0.1089195,0
0.9050842,0.09491578,0
0.94197863,0.058021374,0
0.059299003,0.940701,1
0.108162,0.891838,1
0.10530006,0.89469993,1
0.94672775,0.05327223,0
0.9528914,0.047108606,0
0.95526034,0.04473968,0
0.73443735,0.26556265,0
0.6408789,0.3591211,0
0.03898055,0.96101946,1
0.025237026,0.9747629,1
0.031687632,0.9683123,1
0.56065017,0.43934986,0
0.79989505,0.20010495,0
0.3204818,0.6795183,0
0.812315,0.18768504,0
0.85184747,0.1481525,0
0.5240028,0.47599724,0
0.06652028,0.9334797,1
0.024756163,0.97524387,1
0.024859998,0.97514004,1
0.025855076,0.9741449,1
0.022795156,0.97720486,1
0.023367004,0.97663295,1
0.025042128,0.9749579,1
0.03009205,0.969908,1
0.8411199,0.15888008,0
0.2694882,0.73051184,0
0.12059297,0.879407,0
0.025783353,0.9742166,1
0.023751773,0.9762482,1
0.048706677,0.9512933,1
0.09794155,0.9020585,0
0.08017404,0.919826,0
0.87629735,0.123702675,0
0.18012188,0.8198781,0
0.080826156,0.9191739,0
0.037755612,0.9622444,1
0.048377488,0.95162255,1
0.03670197,0.963298,1
0.033932924,0.96606714,1
0.05668512,0.9433149,0
0.0996618,0.90033823,0
0.12290162,0.8770983,0
0.20706053,0.7929395,0
0.18683746,0.81316257,0
0.24831724,0.75168276,0
0.37389117,0.62610877,0
0.41907674,0.5809232,0
0.24170384,0.75829613,0
0.2869593,0.7130407,0
0.3038786,0.6961214,0
0.6434814,0.3565186,1
0.95893764,0.04106239,0
0.95923513,0.0407649,0
0.8727235,0.12727644,0
0.92159474,0.07840528,0
0.8095291,0.19047087,1
0.35201672,0.64798325,1
0.22726598,0.772734,1
0.23382577,0.76617426,1
0.2818695,0.71813047,1
0.5988587,0.40114132,0
0.79779655,0.20220347,0
0.97262615,0.027373875,0
0.87207085,0.12792912,0
0.15317135,0.84682864,1
0.14509265,0.85490733,1
0.13475202,0.8652479,1
0.21513093,0.78486913,1
0.22099344,0.77900654,1
0.7476616,0.25233847,0
0.73828954,0.26171046,0
0.65248346,0.34751657,0
0.63357216,0.3664278,0
0.6902827,0.3097173,0
0.76672095,0.23327903,0
0.8396289,0.16037111,0
0.96394247,0.0360576,0
0.97022635,0.029773673,0
0.13556698,0.864433,1
0.05516477,0.94483525,1
0.051143765,0.9488562,1
0.054224864,0.9457751,1
0.24682812,0.75317186,1
0.2781114,0.7218886,1
0.9226657,0.07733435,0
0.8336449,0.1663551,0
0.7600022,0.23999774,0
0.051186398,0.9488136,1
0.07702744,0.92297256,1
0.96282774,0.037172247,0
0.9673798,0.032620218,0
0.94599205,0.05400795,0
0.69674194,0.30325806,1
0.10919756,0.89080244,1
0.042371757,0.95762825,1
0.034332797,0.9656672,1
0.039012965,0.9609871,1
0.25195315,0.7480469,1
0.15592448,0.8440755,1
0.78630936,0.21369065,0
0.6622598,0.33774018,0
0.9189853,0.08101472,0
0.866405,0.13359497,0
0.45120737,0.5487926,0
0.120110534,0.8798894,1
0.11897149,0.8810285,1
0.077849306,0.9221507,1
0.075641885,0.9243581,1
0.20876928,0.7912307,0
0.37778708,0.6222129,0
0.97814786,0.021852108,0
0.97908676,0.020913262,0
0.9247297,0.07527031,0
0.2622735,0.7377265,0
0.06634409,0.9336559,1
0.029506747,0.97049326,1
0.46639597,0.5336041,0
0.22762753,0.7723725,0
0.23338588,0.7666141,0
0.036707852,0.9632921,1
0.046177544,0.95382243,1
0.38879412,0.6112059,1
0.8756561,0.124343894,0
0.57474107,0.42525893,0
0.034649666,0.9653504,1
0.032854877,0.96714514,1
0.06371987,0.9362801,1
0.032795418,0.9672046,1
0.034552407,0.9654476,1
0.030354181,0.96964586,1
0.6239548,0.37604517,0
0.8934399,0.10656012,0
0.14387697,0.8561231,0
0.11996079,0.8800392,1
0.14901648,0.8509835,0
0.13512006,0.8648799,1
0.14889498,0.851105,1
0.22946027,0.77053976,0
0.54342824,0.45657173,0
0.52691984,0.4730801,0
0.60341096,0.396589,0
0.5830109,0.41698912,0
0.24616753,0.7538324,1
0.056208096,0.94379187,1
0.041554082,0.9584459,1
0.037025098,0.9629749,1
0.038349517,0.9616505,1
0.0414925,0.9585075,1
0.7086935,0.29130653,0
0.6300827,0.3699173,1
0.94155097,0.05844904,0
0.8054007,0.19459927,0
0.91501665,0.084983364,0
0.5103591,0.48964086,0
0.27672738,0.7232726,1
0.026521591,0.97347844,1
0.025799768,0.9742002,1
0.02557335,0.9744266,1
0.026254313,0.9737457,1
0.8036298,0.19637012,0
0.9547691,0.04523091,0
0.9602107,0.03978934,0
0.68784875,0.31215122,0
0.29232016,0.7076798,1
0.89787835,0.10212167,0
0.9499937,0.050006263,0
0.86498606,0.13501391,0
0.03848348,0.96151656,1
0.055896837,0.9441032,1
0.046918973,0.95308095,1
0.028035222,0.9719648,1
0.041350566,0.9586494,1
0.6362263,0.3637737,0
0.96854275,0.031457268,0
0.9706207,0.029379245,0
0.9625878,0.03741216,0
0.75641143,0.24358855,0
0.28947517,0.7105248,1
0.13549311,0.8645069,1
0.10279103,0.897209,1
0.046208933,0.9537911,1
0.107881136,0.8921189,1
0.17221965,0.8277803,1
0.1890098,0.81099015,1
0.4459579,0.5540421,1
0.86322314,0.13677686,0
0.089746706,0.9102532,1
0.025450712,0.97454923,1
0.025324803,0.9746752,1
0.024844108,0.9751559,1
0.023891924,0.976108,1
0.14592989,0.85407007,0
0.42163536,0.5783646,0
0.39890435,0.60109574,0
0.919683,0.080316946,0
0.2561358,0.7438643,0
0.15557013,0.8444299,1
0.2695428,0.7304572,1
0.027170895,0.9728291,1
0.027006732,0.97299325,1
0.025503008,0.97449696,1
0.11260653,0.8873935,1
0.7951251,0.20487493,0
0.042969473,0.95703053,1
0.025101526,0.9748985,1
0.024179034,0.97582096,1
0.029211221,0.9707888,1
0.08470619,0.91529375,1
0.11014952,0.8898505,1
0.28624648,0.7137535,0
0.43241802,0.56758195,0
0.021716122,0.9782839,1
0.024525762,0.9754742,1
0.041500296,0.95849967,0
0.3654436,0.6345564,0
0.88349396,0.116506085,0
0.87669575,0.12330427,0
0.78865457,0.21134545,0
0.93946385,0.060536142,0
0.8976341,0.102365926,0
0.4465846,0.5534154,0
0.031129405,0.96887064,1
0.041076347,0.9589236,1
0.28884947,0.7111505,1
0.3653376,0.6346624,0
0.6908747,0.3091253,0
0.95330733,0.046692595,0
0.38381192,0.61618805,1
0.061857015,0.93814296,1
0.20842262,0.79157734,1
0.049436033,0.95056397,1
0.21214463,0.7878554,1
0.30830953,0.6916905,1
0.30880597,0.6911941,1
0.9611675,0.038832474,0
0.9520266,0.047973387,0
0.9687875,0.031212455,0
0.9805269,0.01947303,0
0.9896231,0.010376899,0
0.9901958,0.009804242,0
0.044877674,0.9551223,1
0.7245093,0.27549064,0
0.9262854,0.073714666,0
0.93649215,0.06350787,0
0.270001,0.72999895,1
0.041418582,0.9585814,1
0.073040456,0.9269596,1
0.23583351,0.76416653,1
0.23939657,0.76060337,1
0.85035014,0.14964984,0
0.9213152,0.07868478,0
0.8958702,0.104129806,0
0.9533859,0.046614084,0
0.052726354,0.9472736,1
0.58408177,0.4159182,0
0.052280996,0.94771904,1
0.05011873,0.9498813,1
0.051021546,0.9489785,1
0.036716994,0.96328294,1
0.08076669,0.9192333,1
0.13253327,0.86746675,1
0.16363482,0.83636516,1
0.28712675,0.7128733,1
0.4345136,0.5654864,1
0.9714362,0.02856386,0
0.37347734,0.62652266,0
0.09521662,0.9047834,1
0.10156247,0.89843756,1
0.041975208,0.9580248,1
0.6423231,0.35767695,0
0.061810102,0.93818986,1
0.06125186,0.9387481,1
0.16097336,0.8390266,1
0.9245205,0.07547947,0
0.62663466,0.37336528,0
0.21275783,0.7872421,1
0.09634017,0.9036598,1
0.02407238,0.9759276,1
0.024054118,0.9759459,1
0.029847026,0.970153,1
0.5462942,0.45370582,0
0.8766123,0.12338777,0
0.9226252,0.077374846,0
0.9457012,0.054298736,0
0.84796286,0.15203711,0
0.7448182,0.25518182,0
0.026002454,0.9739975,1
0.022431575,0.9775685,1
0.022371192,0.9776289,1
0.18712927,0.81287074,0
0.9872689,0.0127310045,0
0.4168707,0.58312935,0
0.3991389,0.60086113,0
0.025824158,0.9741759,1
0.039089985,0.96091,1
0.040026527,0.95997345,1
0.024334157,0.9756658,1
0.026814792,0.9731852,1
0.2605889,0.73941106,0
0.90852976,0.091470234,0
0.6352688,0.36473122,0
0.98234195,0.017658073,0
0.986265,0.013735026,0
0.9054914,0.094508596,0
0.29226154,0.7077385,1
0.20512566,0.79487437,1
0.39193252,0.6080675,1
0.0919279,0.90807205,1
0.034334917,0.9656651,1
0.08700974,0.9129902,1
0.035050474,0.9649495,1
0.58223426,0.4177657,0
0.88050073,0.119499266,0
0.9768975,0.023102459,0
0.99649614,0.0035038264,0
0.3533304,0.64666957,1
0.35568452,0.6443155,1
0.2980077,0.70199233,1
0.06305932,0.93694067,1
0.059586078,0.94041395,1
0.24845706,0.7515429,1
0.2718991,0.7281009,1
0.7227749,0.27722505,0
0.64900225,0.35099775,0
0.8478852,0.15211485,0
0.9020503,0.0979497,0
0.98397994,0.016020026,0
0.9964971,0.0035029878,0
0.99663204,0.003367907,0
0.2929801,0.70702,1
0.31223232,0.68776774,1
0.30930632,0.6906937,1
0.07178188,0.9282181,1
0.027399078,0.97260094,1
0.031114979,0.96888494,1
0.5619479,0.43805212,0
0.7587044,0.24129559,0
0.9079742,0.0920258,0
0.8935851,0.10641491,0
0.8216148,0.17838526,0
0.33772245,0.66227746,0
0.2171736,0.7828264,0
0.26089257,0.73910743,0
0.33398968,0.6660103,0
0.3902782,0.60972184,0
0.51043314,0.48956683,0
0.3720146,0.6279854,0
0.16378084,0.8362192,1
0.18804663,0.8119533,1
0.16847143,0.83152854,1
0.25604212,0.7439579,1
0.30937645,0.6906236,1
0.4122161,0.58778393,0
0.70726806,0.2927319,0
0.02202578,0.97797424,1
0.022299426,0.97770053,1
0.021869963,0.9781301,1
0.25938353,0.74061656,0
0.29537615,0.7046239,0
0.28463405,0.71536595,0
0.5033056,0.4966944,0
0.74502414,0.25497594,0
0.7990558,0.20094419,0
0.30678627,0.69321376,0
0.6798553,0.3201447,1
0.8823286,0.117671326,1
0.7273664,0.27263364,0
0.40356642,0.5964336,1
0.25940603,0.74059397,1
0.28240258,0.71759737,0
0.32692727,0.67307276,0
0.47620967,0.52379036,0
0.75441355,0.24558644,0
0.78385156,0.21614839,0
0.89282674,0.10717331,0
0.29942212,0.70057786,1
0.06839492,0.93160504,1
0.16023436,0.83976567,1
0.2710002,0.7289998,0
0.8491431,0.1508569,0
0.858643,0.14135705,1
0.9857006,0.014299398,0
0.13127193,0.86872804,1
0.08684537,0.9131546,1
0.21224935,0.7877506,1
0.26574576,0.73425424,1
0.9221591,0.07784094,0
0.9414937,0.05850633,0
0.9594763,0.040523674,0
0.99598616,0.00401378,0
0.4086526,0.59134746,1
0.8630769,0.13692303,0
0.8975442,0.1024558,0
0.5091745,0.49082544,1
0.8901051,0.109894864,0
0.43038756,0.5696125,1
0.3546394,0.64536065,1
0.996439,0.0035610893,0
0.8235131,0.17648694,0
0.78446794,0.21553206,0
0.98357487,0.01642515,0
0.98381436,0.016185695,0
0.16239063,0.83760935,1
0.022602735,0.97739726,1
0.025729593,0.97427034,1
0.024162035,0.975838,1
0.42170542,0.5782946,1
0.91572434,0.08427572,0
0.9169336,0.08306643,0
0.91543454,0.08456546,0
0.58611584,0.41388413,0
0.3122222,0.68777776,1
0.34287813,0.6571218,1
0.30400833,0.6959917,1
0.2653377,0.7346623,1
0.021731038,0.9782689,1
0.28585035,0.7141497,1
0.047159404,0.9528406,1
0.33860517,0.66139483,1
0.1076181,0.89238197,1
0.670856,0.32914403,1
0.9478294,0.052170534,0
0.9485453,0.05145475,0
0.96332663,0.036673382,0
0.9851996,0.014800362,0
0.98662215,0.013377798,0
0.593774,0.40622604,0
0.5744686,0.4255314,0
0.53897995,0.46102005,0
0.33470735,0.6652926,1
0.27038997,0.72961,1
0.27431974,0.72568023,1
0.2757061,0.7242939,1
0.2762456,0.72375447,1
0.76933336,0.23066667,0
0.28463393,0.715366,1
0.97367495,0.026324999,0
0.97801596,0.02198402,0
0.9960083,0.003991675,0
0.9138942,0.08610586,1
0.51748264,0.48251733,1
0.31003553,0.6899645,1
0.5100408,0.48995918,0
0.56346977,0.43653017,0
0.35112366,0.6488763,1
0.33377552,0.6662245,1
0.9753015,0.024698565,0
0.9735763,0.026423685,0
0.98385394,0.016146116,0
0.120562494,0.8794375,1
0.12426825,0.8757317,1
0.14831948,0.85168046,1
0.14534104,0.8546589,1
0.42977554,0.57022446,1
0.7687794,0.23122062,1
0.5609045,0.43909547,1
0.80426574,0.19573432,1
0.9886022,0.0113977585,0
0.9965405,0.0034594263,0
0.3841558,0.6158442,1
0.45429528,0.5457047,1
0.31900626,0.6809938,1
0.86506224,0.13493776,0
0.85495627,0.14504369,0
0.85086155,0.14913853,0
0.83959854,0.16040142,0
0.99611974,0.0038802389,0
0.99642915,0.003570833,0
0.99601424,0.003985831,0
0.9961259,0.0038740824,0
0.9572305,0.04276952,0
0.13138625,0.8686138,1
0.9143962,0.08560374,0
0.9167649,0.08323503,0
0.12998223,0.87001777,1
0.4868972,0.5131028,0
0.79099697,0.20900305,0
0.81520486,0.18479517,0
0.9885358,0.011464175,0
0.98147273,0.018527284,0
0.9826134,0.01738656,0
0.043491695,0.9565083,1
0.052575354,0.94742465,1
0.18203697,0.817963,1
0.8865662,0.11343381,0
0.9183786,0.08162143,0
0.7897549,0.21024507,1
0.9607951,0.039204866,0
0.97232676,0.027673252,0
0.9156219,0.084378116,0
0.7398896,0.26011044,0
0.717213,0.28278705,0
0.7927133,0.20728664,0
0.80920565,0.19079433,0
0.8377435,0.16225651,0
0.91992104,0.080078945,0
0.8070749,0.19292513,0
0.70931196,0.290688,1
0.67941606,0.32058397,1
0.28135577,0.71864426,1
0.7816617,0.21833831,0
0.938879,0.06112103,0
0.97636545,0.023634467,0
0.9965669,0.0034330443,0
0.9872127,0.012787317,0
0.9759724,0.02402762,0
0.5109184,0.48908162,1
0.4655592,0.5344408,1
0.5422034,0.45779654,1
0.8852173,0.114782706,0
0.89042956,0.109570414,0
0.90422565,0.0957743,1
0.90554297,0.09445698,1
0.87786937,0.12213066,1
0.9809028,0.019097257,0
0.974207,0.025793009,0
0.9772305,0.022769466,0
0.99157506,0.008424983,0
0.98825794,0.011742128,0
0.62141895,0.37858102,1
0.3833972,0.61660284,1
0.37840793,0.621592,1
0.500162,0.49983796,1
0.7638153,0.23618475,1
0.68245584,0.31754416,1
0.64188653,0.35811344,1
0.91564083,0.084359184,0
0.94771826,0.052281678,0
0.96148044,0.038519576,0
0.99396837,0.0060316124,0
0.99665326,0.0033467985,0
0.70767355,0.29232645,1
0.8642918,0.13570817,0
0.8782312,0.121768765,1
0.9206937,0.07930631,0
0.92257315,0.077426836,0
0.9008006,0.099199444,0
0.7831552,0.21684481,0
0.6799171,0.32008284,1
0.58538127,0.4146187,1
0.73059785,0.26940212,1
0.9667891,0.033210907,0
0.14228025,0.8577197,1
0.12163254,0.8783675,1
0.17569657,0.82430345,1
0.29554716,0.7044529,1
0.36140904,0.63859093,1
0.9834457,0.016554294,0
0.98000824,0.019991709,0
0.9786895,0.021310542,0
0.97636795,0.023631983,0
0.9713461,0.028653862,0
0.90780485,0.092195146,0
0.057024293,0.9429757,1
0.040204287,0.9597957,1
0.04085061,0.95914936,1
0.0677292,0.93227077,1
0.3597564,0.6402436,0
0.82013196,0.17986806,0
0.8355689,0.16443108,0
0.9462695,0.053730484,0
0.93589664,0.06410333,0
0.96588933,0.034110606,0
0.9662002,0.033799797,0
0.9666936,0.033306412,0
0.9651065,0.034893572,0
0.6897886,0.31021142,1
0.8652651,0.13473497,0
0.42155585,0.5784441,1
0.36424544,0.6357546,1
0.35179606,0.6482039,1
0.357234,0.642766,1
0.3761939,0.62380606,1
0.41372338,0.58627665,1
0.5633108,0.43668926,1
0.97767067,0.022329314,0
0.946341,0.05365898,0
0.97069305,0.029306926,0
0.4726338,0.5273662,1
0.025980951,0.9740191,1
0.02531041,0.97468954,1
0.02334012,0.9766599,1
0.02265968,0.97734034,1
0.023031687,0.9769682,1
0.036763247,0.9632367,1
0.04660581,0.9533941,1
0.95297575,0.047024276,0
0.94940376,0.05059627,0
0.98963416,0.010365837,0
0.5265249,0.4734751,0
0.50278246,0.49721754,0
0.049862493,0.9501375,1
0.038857274,0.9611428,1
0.39404604,0.60595393,0
0.037926555,0.96207345,1
0.42799065,0.5720094,0
0.44752938,0.5524706,0
0.7706753,0.22932467,0
0.96651554,0.033484392,0
0.9199284,0.08007162,0
0.96510017,0.03489991,0
0.12719671,0.8728033,1
0.03411538,0.96588457,1
0.022870632,0.9771294,1
0.022362761,0.9776372,1
0.022474697,0.9775253,1
0.022558648,0.9774414,1
0.5395226,0.46047738,0
0.926495,0.07350496,0
0.8225115,0.17748848,0
0.9629006,0.03709943,0
0.99660933,0.0033906435,0
0.90106106,0.098938935,0
0.9697356,0.030264324,0
0.80089724,0.19910274,0
0.9963611,0.0036389367,0
0.99616456,0.0038354467,0
0.15624605,0.843754,1
0.93756145,0.0624385,0
0.4595572,0.5404428,1
0.8895782,0.11042181,0
0.060619134,0.9393808,1
0.41487318,0.5851269,1
0.5769033,0.4230967,0
0.58510673,0.41489327,0
0.6763964,0.32360348,0
0.98201436,0.017985715,0
0.9832418,0.016758237,0
0.97669697,0.023302991,0
0.94927466,0.050725322,0
0.049025573,0.9509744,1
0.498266,0.5017341,0
0.8765745,0.123425454,0
0.5952653,0.4047346,1
0.8574425,0.14255744,1
0.9215644,0.07843561,0
0.95068437,0.049315564,0
0.9476236,0.05237637,0
0.9734613,0.026538678,0
0.924802,0.075198025,0
0.9360194,0.06398055,0
0.89145786,0.10854207,0
0.7010435,0.2989565,1
0.8784212,0.12157885,0
0.7922415,0.2077585,1
0.94065744,0.059342522,0
0.97344923,0.026550816,0
0.9739707,0.026029322,0
0.98025125,0.019748766,0
0.842816,0.15718402,1
0.12256826,0.87743175,1
0.26898044,0.73101956,1
0.8766727,0.123327374,0
0.89683825,0.1031617,0
0.99063873,0.0093612475,0
0.9881406,0.01185936,0
0.9656372,0.03436282,0
0.50429034,0.49570957,1
0.46197745,0.5380226,1
0.45588207,0.544118,1
0.7940171,0.20598294,1
0.8987048,0.10129514,0
0.71083117,0.2891689,1
0.9627308,0.037269123,0
0.97943485,0.020565175,0
0.9725969,0.02740314,0
0.9931163,0.0068836566,0
0.99689156,0.0031084649,0
0.95139277,0.048607264,0
0.95837647,0.041623484,0
0.8711608,0.1288392,0
0.8048391,0.19516093,1
0.98735297,0.012647075,1
0.99669445,0.0033055297,0
0.99404234,0.005957608,0
0.8854841,0.11451592,1
0.9169575,0.083042465,1
0.91487354,0.08512649,1
0.93317276,0.06682729,0
0.9303658,0.069634244,0
0.8571613,0.14283875,1
0.755371,0.24462901,0
0.6547544,0.3452456,1
0.74627215,0.25372788,0
0.6831471,0.31685293,1
0.7969123,0.20308776,0
0.9956772,0.004322797,0
0.9931977,0.006802395,0
0.40407407,0.595926,1
0.30591697,0.694083,1
0.8905881,0.10941192,0
0.91614234,0.083857685,0
0.9156544,0.08434555,0
0.45249614,0.5475038,1
0.5121268,0.48787317,1
0.7618772,0.23812288,0
0.687483,0.31251696,0
0.9695199,0.030480107,0
0.39889222,0.6011078,1
0.30211765,0.6978824,1
0.90213996,0.097860076,0
0.49949753,0.50050247,1
0.9876894,0.012310575,0
0.95665914,0.043340866,0
0.8372518,0.16274819,0
0.79697883,0.20302117,1
0.5422208,0.45777917,1
0.93024564,0.06975442,0
0.9335388,0.066461176,0
0.5012869,0.49871302,1
0.9709655,0.029034466,0
0.9504078,0.049592167,0
0.9752998,0.024700182,0
0.9804709,0.019529087,0
0.8817778,0.118222184,1
0.37633714,0.6236629,1
0.43516746,0.5648326,1
0.49358976,0.50641024,1
0.51263535,0.48736462,1
0.9852153,0.014784727,0
0.90363145,0.09636857,1
0.9878753,0.0121247675,0
0.9780829,0.021917138,0
0.95200485,0.047995128,0
0.9953929,0.0046070763,0
0.9851854,0.0148146795,0
0.9836686,0.016331354,0
0.88227564,0.1177244,0
0.45867932,0.54132074,1
0.49876618,0.50123376,1
0.5630691,0.43693092,1
0.15886055,0.84113944,1
0.35889181,0.64110816,1
0.89234483,0.1076552,0
0.9104972,0.089502834,0
0.96268106,0.03731897,0
0.6676864,0.3323135,1
0.82385737,0.17614266,1
0.63150084,0.3684992,1
0.53381515,0.46618488,1
0.62201434,0.37798566,1
0.9204652,0.07953482,0
0.9276477,0.0723523,0
0.88615227,0.113847695,0
0.89166427,0.1083357,1
0.96897364,0.03102635,0
0.9404377,0.059562292,0
0.8706261,0.12937385,0
0.8853588,0.11464121,0
0.3503896,0.64961046,1
0.70377636,0.29622364,0
0.6765119,0.3234881,0
0.59204954,0.40795043,0
0.7416325,0.25836745,0
0.9043022,0.095697835,0
0.85675323,0.14324676,0
0.8616265,0.1383735,0
0.4247598,0.57524025,1
0.54011595,0.459884,0
0.9015069,0.09849318,0
0.877197,0.12280297,0
0.5003786,0.49962136,0
0.2473006,0.75269943,1
0.023974463,0.9760256,1
0.02268757,0.97731245,1
0.048940096,0.9510599,1
0.046700574,0.95329946,1
0.048945405,0.95105463,1
0.022464747,0.9775352,1
0.79022264,0.2097773,0
0.55991554,0.4400845,0
0.72376806,0.2762319,0
0.7773893,0.22261071,0
0.7274409,0.27255914,0
0.32507578,0.67492425,0
0.40616018,0.59383976,0
0.60399437,0.3960056,0
0.5809136,0.4190864,0
0.023486912,0.9765131,1
0.91335,0.08664999,0
0.96012956,0.039870366,0
0.90076345,0.099236585,0
0.687152,0.31284794,1
0.44071522,0.5592848,1
0.25462103,0.745379,1
0.11223108,0.88776886,1
0.22431454,0.7756855,1
0.29121467,0.70878536,1
0.31955913,0.6804409,1
0.18716203,0.81283796,1
0.18947911,0.8105208,1
0.030133173,0.9698668,1
0.2631762,0.7368238,1
0.4496294,0.55037063,1
0.45256048,0.5474396,1
0.6603146,0.33968535,1
0.8711889,0.12881112,1
0.48193944,0.5180605,1
0.044378735,0.9556213,1
0.055674314,0.9443256,1
0.08556764,0.91443235,1
0.05084549,0.94915456,1
0.08625104,0.9137489,1
0.2018166,0.7981834,1
0.23004936,0.7699507,0
0.21203822,0.7879618,1
0.85954684,0.14045314,0
0.851602,0.14839792,0
0.48498014,0.51501983,0
0.9567581,0.04324193,0
0.85106975,0.14893025,0
0.72076356,0.27923644,0
0.71092343,0.28907657,0
0.023423726,0.9765763,1
0.70926696,0.29073307,0
0.7432395,0.25676045,0
0.37546775,0.6245323,1
0.023919636,0.9760803,1
0.566911,0.43308905,0
0.8844054,0.115594596,0
0.80303687,0.19696316,0
0.9749556,0.025044315,0
0.9572274,0.04277258,0
0.84019303,0.159807,0
0.7220813,0.27791867,0
0.7084487,0.2915513,0
0.4715695,0.5284305,0
0.22305286,0.77694714,1
0.65842545,0.34157458,0
0.9918189,0.008181027,0
0.9719055,0.028094435,0
0.15913217,0.8408679,1
0.23981476,0.7601853,1
0.35280195,0.647198,0
0.036231883,0.9637681,1
0.023060108,0.9769399,1
0.037010934,0.96298903,1
0.050958686,0.94904125,1
0.023739051,0.97626096,1
0.28355533,0.7164447,0
0.59147114,0.40852883,0
0.77794975,0.22205028,0
0.5300222,0.4699779,0
0.6023135,0.39768654,0
0.71399504,0.28600496,0
0.7378824,0.2621176,0
0.73894924,0.2610507,0
0.55926985,0.44073015,0
0.74411863,0.25588137,0
0.8276806,0.17231943,0
0.9059331,0.09406693,0
0.68572354,0.31427646,1
0.8798321,0.12016788,0
0.8263204,0.17367965,0
0.82867736,0.17132267,0
0.65717894,0.34282106,1
0.22205968,0.7779403,1
0.29376426,0.70623565,1
0.54734695,0.45265308,0
0.37784937,0.62215066,1
0.8837163,0.11628368,0
0.94404274,0.055957288,0
0.93041503,0.06958491,0
0.7485968,0.25140324,1
0.8836122,0.11638778,0
0.74568033,0.25431964,0
0.6054778,0.3945222,0
0.0777562,0.92224383,1
0.32824698,0.67175305,1
0.8491723,0.1508277,0
0.93286216,0.067137845,0
0.823214,0.17678605,0
0.86342007,0.13657986,1
0.93828875,0.061711278,0
0.76171297,0.23828703,0
0.89411896,0.10588108,0
0.8849309,0.11506906,0
0.81074953,0.1892505,0
0.84791344,0.15208651,0
0.7826962,0.21730384,1
0.96978,0.03022001,0
0.9166631,0.08333682,0
0.8587591,0.14124088,0
0.8502466,0.14975332,0
0.79980856,0.20019144,0
0.85040545,0.14959455,0
0.5346802,0.46531975,0
0.488686,0.511314,0
0.5442901,0.45570982,0
0.7642217,0.23577824,0
0.68962425,0.31037578,0
0.39735946,0.6026405,1
0.268082,0.73191804,1
0.31004435,0.68995565,1
0.8762071,0.12379289,0
0.7043795,0.29562053,0
0.32431078,0.6756892,1
0.09923612,0.9007639,1
0.106751494,0.89324844,1
0.07610807,0.92389196,1
0.05287124,0.9471288,1
0.28009236,0.7199076,1
0.5445737,0.45542625,0
0.8630822,0.13691787,0
0.86437964,0.13562037,0
0.81138706,0.18861297,0
0.7214294,0.2785706,0
0.69027996,0.30972,0
0.6048768,0.3951232,0
0.41846865,0.58153135,1
0.7272523,0.2727477,0
0.022709923,0.97729003,1
0.87869614,0.12130381,0
0.91834813,0.08165181,0
0.85766596,0.14233397,0
0.6883668,0.3116332,1
0.32544756,0.6745524,1
0.2833683,0.71663165,1
0.024816154,0.9751838,1
0.97116256,0.028837478,0
0.94333166,0.056668315,0
0.9306018,0.069398224,0
0.8488517,0.15114832,0
0.9647858,0.03521417,0
0.9064781,0.093521975,0
0.8380513,0.16194864,0
0.13262661,0.86737335,1
0.34634498,0.6536551,1
0.43420264,0.56579727,0
0.3687948,0.63120514,1
0.5032903,0.49670964,0
0.9344544,0.06554568,0
0.9538654,0.04613463,0
0.94863373,0.051366225,0
0.94030493,0.059695046,0
0.8753019,0.12469815,1
0.92859584,0.071404114,0
0.9574149,0.042585082,0
0.9766461,0.023353858,0
0.7999924,0.2000076,1
0.6929482,0.30705178,0
0.7178637,0.28213635,0
0.7528275,0.24717252,0
0.975268,0.024732009,0
0.95539945,0.044600543,0
0.8681927,0.13180736,0
0.86160475,0.13839528,0
0.88234544,0.117654584,0
0.67864156,0.3213585,0
0.5766025,0.42339745,0
0.6325607,0.3674393,0
0.9641545,0.03584546,0
0.9730427,0.026957246,0
0.8450651,0.15493496,0
0.7048653,0.29513472,0
0.6976429,0.3023571,0
0.6864814,0.31351855,0
0.6684092,0.3315908,0
0.6408614,0.3591386,0
0.35326675,0.6467333,1
0.31443968,0.68556035,1
0.32549146,0.6745086,1
0.32045934,0.6795406,1
0.42508706,0.5749129,0
0.34085512,0.6591448,1
0.24941593,0.750584,1
0.033772442,0.9662276,1
0.04103015,0.95896983,1
0.105198964,0.8948011,1
0.33333597,0.666664,1
0.16136707,0.83863294,1
0.054767847,0.9452321,1
0.05801833,0.94198173,1
0.04657787,0.95342207,1
0.37005436,0.62994564,0
0.5793709,0.42062908,0
0.87330574,0.12669432,0
0.68832594,0.31167412,1
0.87642765,0.12357236,0
0.66513693,0.33486307,0
0.67193204,0.32806793,0
0.513541,0.48645896,1
0.34584004,0.6541599,1
0.65192,0.34808,0
0.6526082,0.34739178,0
0.7339503,0.26604968,0
0.05192158,0.9480784,1
0.8902917,0.10970834,0
0.78799427,0.21200575,0
0.76862246,0.23137756,0
0.3711768,0.62882316,1
0.6671354,0.33286458,0
0.63908696,0.360913,0
0.8336307,0.16636935,0
0.7798676,0.22013244,0
0.030700084,0.96929985,1
0.0739754,0.9260246,1
0.9015289,0.09847112,0
0.9262861,0.07371395,0
0.9334799,0.066520125,0
0.9128379,0.0871621,0
0.7458843,0.2541157,0
0.28619322,0.71380687,1
0.05844777,0.9415522,1
0.03791385,0.96208614,1
0.032318473,0.9676816,1
0.026685202,0.9733148,1
0.027972253,0.9720277,1
0.050049808,0.94995016,1
0.08163555,0.91836447,1
0.67244613,0.3275539,0
0.754474,0.245526,0
0.8335492,0.1664508,0
0.6943715,0.30562848,0
0.9972683,0.002731663,0
0.996854,0.0031460423,0
0.9861872,0.01381282,0
0.3289361,0.67106396,0
0.42219692,0.57780313,0
0.49533296,0.5046671,0
0.7705603,0.2294397,0
0.24823107,0.75176895,0
0.5187377,0.48126227,0
0.8516012,0.1483988,0
0.84911263,0.1508874,0
0.8463994,0.15360054,0
0.93914235,0.0608577,0
0.75851977,0.24148029,0
0.7890247,0.21097526,0
0.26497042,0.7350296,1
0.64242584,0.3575742,0
0.5953238,0.40467623,0
0.44721106,0.5527889,0
0.45940706,0.54059297,0
0.9833961,0.016603872,0
0.27048314,0.72951686,1
0.30592424,0.69407576,0
0.22004895,0.7799511,1
0.14806026,0.8519398,1
0.2817884,0.7182116,0
0.8876691,0.11233094,0
0.9902531,0.009746952,0
0.6566237,0.34337628,0
0.89912856,0.100871466,0
0.8395901,0.16040994,1
0.83084375,0.16915627,1
0.5064353,0.49356475,1
0.50793576,0.49206424,1
0.39679626,0.6032037,1
0.11596708,0.88403296,1
0.04562776,0.95437217,1
0.31000975,0.6899903,0
0.32562768,0.6743724,0
0.36298904,0.637011,1
0.97227615,0.027723877,0
0.98432344,0.015676534,0
0.5882502,0.4117498,0
0.04534763,0.9546524,1
0.21334232,0.78665763,1
0.022376925,0.97762305,1
0.036923274,0.9630767,1
0.021349512,0.97865045,1
0.024755241,0.97524476,1
0.6380667,0.36193335,0
0.9784017,0.02159824,0
0.9950321,0.004967923,0
0.9958994,0.004100562,0
0.99572843,0.004271565,0
0.025274526,0.9747254,1
0.036983624,0.96301633,1
0.1421578,0.8578422,1
0.11899374,0.8810063,1
0.032144036,0.967856,1
0.81771296,0.18228702,0
0.64778084,0.35221907,0
0.8891611,0.11083889,0
0.99364245,0.006357525,0
0.8499934,0.15000658,0
0.86123526,0.13876475,0
0.67727506,0.3227249,0
0.55130243,0.4486976,0
0.41759437,0.5824056,0
0.4292841,0.5707159,0
0.15960094,0.8403991,1
0.4552516,0.5447484,0
0.30945432,0.6905457,0
0.31467667,0.6853233,0
0.16596378,0.83403623,1
0.1800176,0.81998235,1
0.75391555,0.24608447,0
0.9050576,0.094942346,0
0.7791858,0.22081429,0
0.9497388,0.050261125,0
0.11707817,0.88292176,1
0.051722717,0.9482773,1
0.03555275,0.96444726,1
0.03428568,0.96571434,1
0.03287599,0.967124,1
0.031051269,0.9689488,1
0.250841,0.749159,0
0.5854553,0.41454467,0
0.9860728,0.013927175,0
0.89869714,0.1013029,0
0.59481835,0.40518162,0
0.03866032,0.9613397,1
0.029778017,0.97022194,1
0.027738757,0.97226125,1
0.023356033,0.976644,1
0.35742483,0.64257514,0
0.045980483,0.95401955,1
0.5334136,0.46658638,0
0.17680016,0.8231998,0
0.023444338,0.97655565,1
0.021426573,0.9785734,1
0.023132632,0.9768673,1
0.24645045,0.7535496,1
0.98601365,0.013986287,0
0.99183273,0.008167265,0
0.04693999,0.95306,1
0.024525905,0.9754741,1
0.077582836,0.9224171,1
0.11481701,0.885183,1
0.025109023,0.97489095,1
0.025182752,0.9748173,1
0.021391012,0.978609,1
0.026780974,0.97321904,1
0.027058365,0.9729416,1
0.19939375,0.80060625,0
0.8891008,0.11089925,0
0.9954526,0.004547448,0
0.95505947,0.04494057,0
0.67271864,0.32728133,0
0.73151004,0.26848996,0
0.32416415,0.67583585,0
0.40842327,0.5915767,0
0.5911004,0.40889964,0
0.038144197,0.9618558,1
0.033369347,0.96663064,1
0.030455433,0.96954453,1
0.0291624,0.97083765,1
0.062308736,0.93769133,1
0.83588,0.16412003,0
0.1707014,0.8292987,0
0.56003916,0.4399608,0
0.7860384,0.21396162,0
0.6858679,0.31413212,0
0.77344954,0.22655042,0
0.021065565,0.97893447,1
0.02128975,0.9787103,1
0.041189674,0.9588104,1
0.6454951,0.35450488,0
0.33302283,0.66697717,1
0.995726,0.004274061,0
0.9960467,0.0039532157,0
0.092827335,0.9071726,1
0.41305566,0.5869443,0
0.50342983,0.49657017,0
0.5224713,0.47752863,0
0.02646807,0.9735319,1
0.026981432,0.9730185,1
0.5718967,0.4281033,0
0.8561642,0.14383574,0
0.89149237,0.108507596,0
0.030052029,0.969948,1
0.3334042,0.66659576,1
0.47495028,0.5250497,1
0.551511,0.44848907,1
0.9959292,0.004070787,0
0.74177074,0.25822932,0
0.025563408,0.9744366,1
0.04059705,0.959403,1
0.5395559,0.4604441,0
0.026823044,0.97317696,1
0.2986159,0.7013841,1
0.9864719,0.013528101,0
0.9947708,0.0052291066,0
0.99350846,0.0064915814,0
0.98854953,0.011450485,0
0.80933213,0.19066782,0
0.54324585,0.45675415,0
0.52220404,0.47779605,0
0.5395994,0.46040064,0
0.9805681,0.019431869,0
0.35216674,0.6478333,1
0.76609457,0.23390545,0
0.9975319,0.0024680886,0
0.78214025,0.2178598,0
0.8284551,0.17154491,0
0.85342354,0.1465765,0
0.8088286,0.19117141,0
0.6343611,0.365639,1
0.34058312,0.65941685,1
0.36430815,0.6356919,1
0.8939729,0.106027134,0
0.9801988,0.019801216,0
0.9854242,0.014575748,0
0.8886874,0.11131259,0
0.054314833,0.9456852,1
0.037851583,0.96214837,1
0.067050055,0.9329499,1
0.34209472,0.6579053,1
0.3595151,0.64048487,1
0.101280004,0.89872,1
0.020789038,0.97921103,1
0.046319906,0.95368004,1
0.8755158,0.12448414,0
0.6557134,0.34428668,0
0.6220298,0.37797022,0
0.8272522,0.17274782,0
0.65935344,0.34064656,0
0.5020715,0.49792847,0
0.6025496,0.39745036,0
0.53306973,0.46693027,0
0.035512716,0.9644873,1
0.6412254,0.3587746,0
0.90755844,0.092441596,0
0.90319425,0.09680577,0
0.9843054,0.015694587,0
0.0386422,0.9613578,1
0.26325122,0.73674875,1
0.46362382,0.5363762,1
0.07375641,0.92624354,1
0.8851175,0.11488256,0
0.79935294,0.20064701,0
0.973853,0.02614697,0
0.20244181,0.7975582,1
0.21456501,0.785435,1
0.28764024,0.7123597,1
0.056840904,0.9431591,1
0.048849043,0.9511509,1
0.58104086,0.41895917,1
0.95529777,0.04470227,0
0.9916699,0.008330056,0
0.99605525,0.003944785,0
0.5824259,0.4175741,0
0.7000785,0.29992145,0
0.62149036,0.37850964,0
0.13613628,0.8638637,1
0.4266086,0.57339144,1
0.7809322,0.21906777,0
0.46074238,0.5392576,1
0.9678688,0.032131158,0
0.99347705,0.00652296,0
0.98917806,0.010821914,0
0.60365486,0.39634508,0
0.4806644,0.5193356,0
0.61844265,0.38155732,0
0.8245423,0.1754577,0
0.24702868,0.7529713,1
0.105892584,0.8941074,1
0.08394788,0.9160521,1
0.7072304,0.2927696,0
0.9974782,0.0025217754,0
0.9360164,0.06398363,0
0.9351866,0.064813346,0
0.9212315,0.078768514,0
0.91073936,0.089260675,0
0.9203607,0.079639375,0
0.25503656,0.74496347,1
0.4363839,0.5636161,0
0.60000134,0.3999986,0
0.6486168,0.35138312,0
0.82918245,0.17081764,0
0.94900197,0.050997995,0
0.994335,0.0056649577,0
0.03456316,0.9654368,1
0.03947304,0.960527,1
0.7159118,0.28408816,0
0.64143366,0.3585663,0
0.85497093,0.14502902,0
0.9374605,0.06253956,0
0.76458997,0.23540999,0
0.9708453,0.02915469,0
0.92225486,0.07774509,0
0.60428673,0.39571327,1
0.93856776,0.061432265,0
0.0761669,0.92383313,1
0.19826871,0.8017313,1
0.9299146,0.07008538,0
0.94999,0.050010085,0
0.92480963,0.07519032,0
0.97640127,0.023598673,0
0.9960146,0.00398547,0
0.99724317,0.0027568804,0
0.9965126,0.003487469,0
0.97322285,0.02677716,0
0.8247799,0.17522006,0
0.9215592,0.07844077,0
0.3070047,0.6929953,1
0.87346506,0.12653498,0
0.72016066,0.2798393,1
0.9405807,0.059419297,0
0.8779315,0.12206853,0
0.99335736,0.006642578,0
0.59650594,0.4034941,1
0.12544061,0.87455946,1
0.044256195,0.9557438,1
0.10981725,0.8901828,1
0.11957436,0.88042563,1
0.33898777,0.66101223,0
0.6089652,0.39103478,0
0.86476475,0.13523524,0
0.6394238,0.36057624,0
0.8188335,0.18116654,0
0.8145606,0.18543945,0
0.99471337,0.0052865967,0
0.4889495,0.5110505,1
0.9160013,0.08399866,0
0.912709,0.08729103,0
0.03936302,0.96063703,1
0.025036635,0.97496337,1
0.08335614,0.9166439,1
0.06954839,0.9304516,1
0.35180753,0.64819247,0
0.5636929,0.43630698,0
0.98917216,0.010827821,0
0.9937664,0.006233619,0
0.9970452,0.0029548248,0
0.9975777,0.0024223481,0
0.322213,0.677787,1
0.3879173,0.6120827,0
0.35286462,0.64713544,0
0.716332,0.283668,0
0.5886744,0.41132554,0
0.99732435,0.002675631,0
0.9979406,0.0020593696,0
0.99698883,0.0030111938,0
0.9745452,0.025454808,0
0.36753294,0.6324671,0
0.58579266,0.4142073,0
0.023027457,0.9769726,1
0.06303113,0.93696886,1
0.99748933,0.00251071,0
0.024687342,0.9753127,1
0.023502747,0.9764972,1
0.03976661,0.96023345,1
0.069928735,0.93007123,1
0.06673486,0.93326515,1
0.9975809,0.0024190568,0
0.05368003,0.94632,1
0.05521836,0.9447816,1
0.124262534,0.8757375,1
0.28164166,0.71835834,0
0.12538402,0.87461597,1
0.047925156,0.9520749,1
0.023946742,0.9760533,1
0.022071349,0.9779286,1
0.02139336,0.9786066,1
0.033310995,0.966689,1
0.7823951,0.21760488,0
0.99697053,0.003029384,0
0.99766326,0.0023367808,0
0.9007447,0.09925529,0
0.5036783,0.49632168,0
0.67035896,0.329641,0
0.03589319,0.96410674,1
0.94663256,0.05336745,0
0.94608593,0.053914115,0
0.95119894,0.04880112,0
0.98927796,0.010722039,0
0.99747676,0.0025232947,0
0.9608738,0.03912616,0
0.035618965,0.9643811,1
0.85494834,0.14505163,0
0.9214892,0.07851085,0
0.4837772,0.51622283,1
0.048706602,0.9512934,1
0.88191944,0.11808059,0
0.99116,0.008839985,0
0.9926685,0.0073314104,0
0.5802789,0.4197211,0
0.5815981,0.4184019,1
0.7639869,0.23601308,1
0.58439636,0.4156036,1
0.68947196,0.3105281,1
0.5625798,0.43742016,1
0.8290699,0.17093007,1
0.8593666,0.14063343,1
0.9484227,0.0515773,1
0.997361,0.0026389982,0
0.99537694,0.0046230867,0
0.65735877,0.34264117,1
0.27324942,0.7267507,1
0.6909282,0.30907178,1
0.3199241,0.6800759,1
0.26528642,0.73471355,1
0.34397903,0.65602094,1
0.99592894,0.0040710736,0
0.9969772,0.0030227753,0
0.99711967,0.002880399,0
0.8689061,0.1310939,1
0.60321605,0.39678398,1
0.5995797,0.40042034,1
0.25131962,0.74868035,1
0.94377625,0.056223743,1
0.9483217,0.051678337,0
0.99720484,0.0027950916,0
0.25671372,0.7432863,1
0.3699178,0.6300822,1
0.44224837,0.55775166,1
0.5388921,0.46110788,1
0.6184488,0.3815512,1
0.4650244,0.5349755,1
0.28678194,0.71321803,1
0.18252432,0.81747574,1
0.79747033,0.20252967,0
0.9829815,0.017018517,0
0.9888982,0.011101788,0
0.99717844,0.0028216252,0
0.997256,0.0027440484,0
0.12790741,0.8720926,1
0.74640834,0.25359166,0
0.3067667,0.6932334,1
0.9466907,0.05330935,0
0.16073513,0.8392648,1
0.030623313,0.9693767,1
0.032246266,0.9677537,1
0.20374268,0.7962574,1
0.996971,0.0030289262,0
0.0237962,0.9762038,1
0.15739179,0.8426082,1
0.19026227,0.8097377,0
0.055757497,0.94424254,1
0.45511088,0.54488915,0
0.9974775,0.0025225289,0
0.38280872,0.6171913,1
0.04211867,0.9578813,1
0.86196834,0.13803162,0
0.87940246,0.12059746,0
0.21960837,0.7803916,1
0.9424478,0.05755222,0
0.7263437,0.27365628,0
0.051608507,0.9483915,1
0.41759995,0.5824001,1
0.110322826,0.8896772,1
0.65144175,0.34855816,0
0.9974469,0.0025530886,0
0.927221,0.07277903,0
0.077849366,0.9221507,1
0.3576407,0.6423593,1
0.13746072,0.86253923,1
0.12484819,0.87515175,1
0.2510366,0.7489634,1
0.47873172,0.52126825,0
0.77978384,0.22021616,0
0.9971295,0.0028705471,0
0.9974032,0.002596802,0
0.9976453,0.002354608,0
0.97139525,0.028604746,0
0.5412779,0.45872205,0
0.28859884,0.71140116,0
0.39754775,0.6024523,1
0.09226343,0.9077366,1
0.6376233,0.3623767,1
0.69560224,0.3043978,0
0.5202453,0.47975466,1
0.9931678,0.0068322006,0
0.87089646,0.12910357,1
0.043620184,0.9563798,1
0.051936794,0.9480632,1
0.06209109,0.9379088,1
0.06763093,0.932369,1
0.042431768,0.9575682,1
0.029499141,0.9705009,1
0.04092987,0.9590702,1
0.05441513,0.9455849,1
0.9955193,0.004480655,0
0.99681383,0.0031861875,0
0.96622956,0.033770397,0
0.2462888,0.75371116,1
0.04591158,0.95408845,1
0.037031498,0.96296847,1
0.028629417,0.97137064,1
0.031826172,0.96817386,1
0.03744602,0.962554,1
0.05050404,0.949496,1
0.055442937,0.944557,1
0.038583487,0.9614165,1
0.99730396,0.0026960673,0
0.9943382,0.0056618466,0
0.98986256,0.010137439,0
0.6236285,0.3763715,0
0.115195684,0.88480425,1
0.6087585,0.39124152,0
0.1173057,0.88269436,1
0.9965528,0.0034472307,0
0.8004191,0.19958094,0
0.7385241,0.26147586,0
0.744133,0.25586703,0
0.102984056,0.897016,1
0.05107449,0.94892555,1
0.36208233,0.63791764,1
0.07584918,0.92415076,1
0.06147468,0.9385253,1
0.7569274,0.24307266,0
0.6982799,0.30172005,0
0.9952324,0.004767557,0
0.995321,0.004679048,0
0.1799438,0.82005626,1
0.15305047,0.8469495,1
0.90121526,0.098784775,0
0.7533737,0.24662636,0
0.6313111,0.3686889,0
0.41656056,0.5834394,1
0.32964677,0.6703532,1
0.7482059,0.251794,0
0.57627,0.42373,0
0.9750532,0.024946759,0
0.9968092,0.0031907747,0
0.97391033,0.026089687,0
0.5211616,0.47883835,1
0.4398435,0.5601565,1
0.5092431,0.49075696,1
0.4428877,0.55711234,1
0.04411503,0.95588505,1
0.27675512,0.7232449,1
0.09009243,0.9099076,1
0.64295125,0.35704875,0
0.91403955,0.08596041,0
0.9970029,0.0029971148,0
0.99598336,0.004016709,0
0.9926508,0.007349249,0
0.62871665,0.37128338,1
0.48903647,0.51096356,1
0.47432548,0.5256745,1
0.036536023,0.96346396,1
0.03467228,0.9653277,1
0.40420988,0.5957901,1
0.996588,0.0034120379,0
0.9972934,0.0027066243,0
0.039090794,0.96090925,1
0.04399679,0.95600325,1
0.59294707,0.4070529,0
0.24790522,0.7520948,1
0.046969175,0.9530308,1
0.99683136,0.0031686712,0
0.9972345,0.002765496,0
0.992308,0.0076919924,0
0.8100554,0.1899446,0
0.060384255,0.9396157,1
0.14926799,0.850732,1
0.6165609,0.38343906,1
0.15727808,0.842722,1
0.06489456,0.9351054,1
0.063667774,0.9363322,1
0.11309714,0.8869028,1
0.96820873,0.031791247,0
0.12941614,0.87058383,1
0.053063754,0.94693625,1
0.03904361,0.96095634,1
0.8119441,0.1880559,0
0.7334927,0.26650733,0
0.99722075,0.0027792978,0
0.9955928,0.0044072145,0
0.9770244,0.022975635,0
0.7333438,0.26665622,0
0.109046906,0.8909531,1
0.2559501,0.74404985,1
0.9278634,0.07213663,0
0.7468719,0.25312817,0
0.70658773,0.2934123,0
0.9959,0.004100011,0
0.1653355,0.8346645,1
0.1834153,0.8165847,1
0.10473404,0.89526594,1
0.57993346,0.4200665,1
0.8382937,0.16170634,0
0.84444815,0.1555518,0
0.6954719,0.30452815,1
0.7899023,0.21009761,1
0.51535505,0.48464495,1
0.9975546,0.002445403,0
0.9959239,0.004076142,0
0.8287602,0.17123985,1
0.3350402,0.6649597,1
0.2932871,0.70671284,1
0.2893074,0.71069264,1
0.12515818,0.8748418,1
0.996869,0.00313094,0
0.9938951,0.0061049303,0
0.92141116,0.07858888,1
0.7677949,0.23220502,1
0.58912337,0.41087663,1
0.612881,0.38711897,1
0.85668176,0.14331824,0
0.80970746,0.19029261,1
0.3190863,0.6809137,1
0.46305546,0.53694457,1
0.3627768,0.63722324,1
0.28869247,0.7113075,1
0.3005988,0.69940126,1
0.36677006,0.63323,1
0.40602118,0.5939788,1
0.45574024,0.54425985,1
0.7241088,0.2758912,1
0.6403057,0.35969433,1
0.8144413,0.18555868,1
0.42468014,0.5753198,1
0.98250765,0.017492399,0
0.97325224,0.026747819,0
0.9924231,0.007576897,0
0.82179934,0.17820066,0
0.8243585,0.17564143,0
0.9362444,0.063755535,0
0.94091636,0.059083622,0
0.2926788,0.7073211,0
0.43782878,0.5621712,0
0.64908296,0.35091707,0
0.75170374,0.24829628,0
0.9052191,0.09478094,0
0.9935284,0.006471508,0
0.9051126,0.094887376,0
0.73840284,0.2615971,0
0.7756948,0.22430518,0
0.77590925,0.22409077,0
0.93017095,0.06982906,0
0.52659774,0.4734023,1
0.7078489,0.29215106,0
0.6486738,0.35132623,0
0.6838617,0.31613842,0
0.6194962,0.38050377,0
0.3788482,0.6211518,1
0.6886874,0.31131262,0
0.9846444,0.015355606,0
0.9778611,0.022138922,0
0.8178382,0.18216185,0
0.6253749,0.3746251,0
0.693598,0.30640206,0
0.67602247,0.32397756,0
0.8594607,0.14053932,0
0.8663618,0.13363814,0
0.7853724,0.21462764,0
0.68019116,0.3198088,0
0.79207677,0.20792326,0
0.68267107,0.31732896,0
0.14534406,0.854656,1
0.74656105,0.25343892,0
0.8709417,0.12905833,0
0.97390306,0.02609694,0
0.963533,0.036467016,0
0.7911054,0.2088946,0
0.7165719,0.28342804,0
0.73600525,0.2639948,0
0.58437824,0.4156218,0
0.60413617,0.3958639,1
0.06819505,0.931805,1
0.44493935,0.5550607,0
0.61626005,0.38374,0
0.57575077,0.4242492,1
0.78225595,0.21774407,0
0.97949505,0.020504914,0
0.05568767,0.94431233,1
0.024218703,0.97578126,1
0.024803948,0.975196,1
0.044868898,0.9551311,1
0.05439272,0.9456073,1
0.62444407,0.37555593,1
0.70285076,0.29714924,0
0.99396694,0.0060330797,0
0.5035106,0.49648947,1
0.04186837,0.9581316,1
0.05004303,0.94995695,1
0.34888402,0.651116,1
0.3510418,0.6489582,1
0.08018611,0.9198139,1
0.5644815,0.43551847,1
0.45192224,0.54807776,1
0.91135937,0.088640705,0
0.9923544,0.0076456247,0
0.9477684,0.05223156,0
0.40254936,0.5974506,0
0.5651145,0.43488553,0
0.87946206,0.12053793,0
0.15647388,0.8435262,0
0.5728863,0.42711374,1
0.8192994,0.18070069,0
0.6813322,0.31866786,1
0.53867215,0.46132782,1
0.54075104,0.45924896,1
0.11601238,0.88398767,1
0.3392814,0.66071856,1
0.5920879,0.4079121,1
0.4946597,0.5053403,1
0.9612467,0.03875327,0
0.96159625,0.0384037,0
0.3037542,0.6962458,1
0.2505873,0.7494127,1
0.9000819,0.099918194,0
0.8620379,0.13796212,0
0.8452727,0.15472735,0
0.060511306,0.9394887,1
0.34124655,0.6587534,1
0.54148585,0.45851418,0
0.5448055,0.45519453,0
0.5309361,0.46906382,1
0.9253199,0.074680105,0
0.9077901,0.09220991,0
0.74811584,0.2518841,0
0.7567389,0.24326116,0
0.72249746,0.27750254,0
0.41513553,0.58486444,1
0.49143448,0.5085655,1
0.51966304,0.48033687,0
0.51837337,0.48162666,1
0.42288005,0.57712,1
0.96009296,0.039907012,0
0.8648237,0.13517636,0
0.8566214,0.14337857,0
0.7555795,0.24442057,0
0.6948178,0.30518222,1
0.6408688,0.35913122,0
0.9780914,0.021908568,0
0.99234575,0.0076542394,0
0.084045656,0.9159543,1
0.06718078,0.9328192,1
0.03604409,0.9639559,1
0.0388361,0.96116394,1
0.1371642,0.8628358,1
0.43664348,0.5633566,1
0.35056654,0.64943343,1
0.19778296,0.80221707,1
0.8227124,0.1772876,0
0.77636707,0.22363298,0
0.46619716,0.5338029,0
0.0936742,0.9063258,1
0.037834477,0.9621655,1
0.1544695,0.8455305,1
0.8626108,0.13738923,0
0.82218397,0.17781605,0
0.4640648,0.53593516,0
0.3153118,0.6846882,1
0.7985818,0.2014182,0
0.99193573,0.008064238,0
0.8826417,0.11735828,0
0.50497353,0.49502644,0
0.32882828,0.6711718,0
0.9106046,0.08939539,0
0.3440994,0.6559006,0
0.16873123,0.83126885,1
0.79096377,0.20903625,0
0.7827372,0.21726276,1
0.8946984,0.10530158,0
0.5777755,0.4222245,0
0.2995181,0.7004819,1
0.97002786,0.029972082,0
0.124593645,0.8754064,1
0.08113415,0.9188659,1
0.24375606,0.75624394,1
0.30629334,0.6937067,1
0.9939276,0.0060723624,0
0.70753354,0.2924665,1
0.08498237,0.9150176,1
0.96372163,0.036278326,0
0.98429364,0.015706385,0
0.98593056,0.014069406,0
0.082927726,0.9170723,1
0.7662717,0.23372823,0
0.70066214,0.2993379,0
0.9887285,0.0112714395,0
0.22878589,0.77121407,1
0.23718327,0.76281667,1
0.9594137,0.040586326,0
0.978958,0.021042023,0
0.9831941,0.016805932,0
0.5138473,0.48615277,0
0.7695311,0.23046897,0
0.76762813,0.2323719,0
0.6542697,0.34573027,0
0.9947149,0.005285083,0
0.9956572,0.00434284,0
0.5008015,0.4991986,1
0.10392507,0.8960749,1
0.10116673,0.8988333,1
0.7051108,0.29488918,0
0.6866764,0.31332368,1
0.7301378,0.2698622,0
0.9281139,0.07188613,0
0.99297404,0.00702598,0
0.77453893,0.2254611,0
0.03183985,0.96816015,0
0.031580623,0.9684193,1
0.034037065,0.965963,1
0.24743186,0.7525682,0
0.40816534,0.59183466,0
0.3487503,0.6512497,0
0.3448477,0.6551523,0
0.98935485,0.010645167,0
0.19619381,0.8038062,1
0.06603281,0.93396723,1
0.20766291,0.79233706,0
0.24774317,0.7522568,0
0.8364867,0.16351335,0
0.79657495,0.20342506,0
0.55565155,0.44434845,0
0.021772299,0.97822773,1
0.02296901,0.97703093,1
0.032768294,0.9672317,1
0.1349965,0.86500347,1
0.6413519,0.35864812,0
0.64887923,0.3511208,0
0.09028269,0.9097173,1
0.47232553,0.5276745,0
0.93636477,0.06363528,0
0.2659212,0.73407876,1
0.9146963,0.08530376,0
0.96566576,0.03433423,0
0.78967047,0.21032955,0
0.99514365,0.0048563853,0
0.56492364,0.43507633,1
0.09380476,0.9061953,1
0.83197397,0.168026,0
0.95707935,0.042920653,0
0.9813364,0.018663526,0
0.9758403,0.024159705,0
0.9829196,0.017080426,0
0.43385988,0.5661401,0
0.041582532,0.9584174,1
0.04678672,0.95321333,1
0.8911928,0.108807154,0
0.7982149,0.20178506,0
0.99384755,0.006152453,0
0.9654979,0.034502108,0
0.9892909,0.010709166,0
0.990194,0.009805982,0
0.9908249,0.0091751395,0
0.09179367,0.90820634,1
0.9944219,0.005578057,0
0.6691747,0.33082533,0
0.8716342,0.12836581,1
0.17486721,0.8251327,1
0.9104373,0.089562684,0
0.84233546,0.15766457,0
0.78441656,0.21558343,0
0.33205515,0.6679448,1
0.8386661,0.16133395,0
0.8883105,0.11168952,0
0.92477,0.07523001,0
0.9965978,0.0034022212,0
0.9053959,0.09460405,0
0.86347306,0.13652697,0
0.9063927,0.093607366,0
0.8678991,0.13210087,0
0.7713343,0.22866577,0
0.68972343,0.31027654,0
0.99573237,0.0042676814,0
0.9504892,0.049510844,0
0.9277282,0.07227187,0
0.8475219,0.15247816,0
0.848771,0.15122905,0
0.84800893,0.15199105,0
0.5216811,0.47831884,0
0.031012908,0.96898705,1
0.5792687,0.42073128,0
0.3059122,0.6940878,1
0.55309314,0.4469068,1
0.62904835,0.37095168,1
0.05575345,0.94424653,1
0.9132735,0.0867265,0
0.85395265,0.14604743,0
0.86083025,0.13916977,0
0.53810585,0.46189415,1
0.8507007,0.14929931,0
0.9967258,0.0032741835,0
0.9911135,0.008886486,0
0.8455579,0.15444206,0
0.8635201,0.1364799,0
0.83075005,0.16925001,0
0.838829,0.16117099,0
0.9637778,0.036222205,0
0.9634141,0.036585927,0
0.9471906,0.052809365,0
0.2599164,0.74008363,1
0.2625531,0.73744696,1
0.5888892,0.41111082,1
0.7842995,0.2157005,1
0.96932834,0.030671727,0
0.99603796,0.0039620236,0
0.9693858,0.03061417,0
0.43601865,0.56398135,1
0.6018538,0.3981462,0
0.7706652,0.2293347,0
0.8323745,0.16762546,1
0.6517592,0.3482408,1
0.13878185,0.8612182,1
0.5615924,0.4384076,1
0.9846246,0.015375313,0
0.02722209,0.9727779,1
0.032234024,0.967766,1
0.8389947,0.16100535,0
0.91776127,0.0822387,0
0.91746527,0.08253468,0
0.07122401,0.92877597,1
0.06484237,0.93515766,1
0.7308079,0.2691921,0
0.48744035,0.5125596,0
0.9836918,0.016308207,0
0.8752691,0.12473087,0
0.9275389,0.07246107,0
0.70795816,0.29204184,0
0.798102,0.20189795,0
0.2344948,0.7655052,1
0.4151461,0.5848538,1
0.78807175,0.21192826,0
0.98176575,0.018234262,0
0.863912,0.13608794,0
0.84688425,0.15311572,0
0.9322999,0.06770013,0
0.9227341,0.07726595,0
0.054044127,0.9459559,1
0.6624209,0.33757904,0
0.6395432,0.36045685,0
0.54204804,0.45795196,0
0.5952261,0.40477386,1
0.9622755,0.03772451,0
0.99147534,0.008524673,0
0.8791301,0.12086982,0
0.7181761,0.28182387,0
0.7411019,0.25889814,0
0.82468414,0.17531583,0
0.029063405,0.97093666,1
0.06297458,0.9370255,1
0.36612275,0.6338772,0
0.5419982,0.4580018,0
0.60177314,0.39822692,0
0.9904722,0.009527812,0
0.47718757,0.5228125,0
0.18945815,0.81054187,1
0.05993578,0.94006425,1
0.09745985,0.90254015,1
0.63129294,0.36870706,0
0.24446398,0.7555361,1
0.1287157,0.87128437,1
0.039654188,0.9603458,1
0.57972836,0.42027164,0
0.39216214,0.60783786,0
0.48733586,0.5126642,0
0.2473385,0.75266147,1
0.36955267,0.6304474,0
0.59920436,0.40079567,0
0.8988411,0.1011589,0
0.36608383,0.6339162,0
0.8548671,0.14513293,0
0.49813056,0.5018695,0
0.90496916,0.0950308,0
0.9336742,0.06632578,0
0.3088162,0.69118387,0
0.42176884,0.57823116,0
0.29047784,0.7095221,0
0.86002284,0.13997719,0
0.99612576,0.0038742127,0
0.050773278,0.94922674,1
0.97325605,0.026743887,0
0.08412691,0.9158731,1
0.7415172,0.2584828,0
0.5869801,0.41301996,0
0.9965467,0.00345332,0
0.98673475,0.01326526,0
0.8599542,0.1400458,0
0.9778326,0.022167401,0
0.97292906,0.02707091,0
0.6327277,0.36727232,0
0.4204024,0.5795976,1
0.6125021,0.38749793,1
0.63719255,0.36280748,1
0.76701677,0.23298317,0
0.5952436,0.4047564,1
0.026674218,0.9733257,1
0.15767848,0.8423216,0
0.0248407,0.9751593,1
0.04401751,0.9559825,1
0.18995795,0.8100421,1
0.24634683,0.7536532,1
0.89972603,0.10027398,0
0.33703554,0.6629645,0
0.11629409,0.88370585,1
0.87993,0.12006999,0
0.78441805,0.21558195,0
0.9506571,0.04934286,0
0.6300362,0.36996385,0
0.5686885,0.43131155,0
0.49143413,0.50856596,0
0.5313036,0.46869645,0
0.58661395,0.41338608,1
0.6892223,0.3107777,0
0.579346,0.42065397,0
0.57898194,0.42101803,0
0.17706883,0.8229312,0
0.094224885,0.9057751,0
0.04930698,0.950693,1
0.17420888,0.82579106,0
0.41845897,0.581541,0
0.9396831,0.06031697,0
0.9400905,0.05990948,0
0.14680806,0.853192,1
0.03537615,0.9646238,1
0.03595467,0.96404535,1
0.051239587,0.94876045,1
0.44191775,0.5580822,0
0.5455881,0.45441195,0
0.7094185,0.29058155,0
0.62115777,0.3788422,0
0.60839057,0.3916094,0
0.7411019,0.25889805,0
0.9273287,0.07267127,0
0.8982584,0.101741634,0
0.24684057,0.7531594,1
0.7815143,0.21848568,0
0.89818174,0.10181819,0
0.9696922,0.030307807,0
0.9515327,0.048467226,0
0.55794585,0.44205412,0
0.9918761,0.008123898,0
0.9954039,0.0045961207,0
0.98384297,0.016157033,0
0.16714662,0.8328533,1
0.095080875,0.90491915,1
0.95021206,0.04978796,0
0.96408683,0.035913136,0
0.8008719,0.19912806,0
0.9316136,0.0683863,0
0.26270068,0.7372993,1
0.10791792,0.89208204,1
0.5913373,0.40866268,0
0.4277697,0.57223034,1
0.17776692,0.8222331,1
0.86500704,0.13499293,0
0.8488818,0.15111823,0
0.24376783,0.75623214,1
0.5068458,0.49315423,1
0.8622936,0.13770635,0
0.9224158,0.077584244,0
0.08064812,0.9193519,1
0.8449758,0.15502419,0
0.7463694,0.25363055,0
0.15734628,0.84265375,1
0.93545693,0.06454309,0
0.16515674,0.8348433,1
0.6114373,0.38856262,0
0.4348248,0.5651752,1
0.772452,0.22754797,0
0.91966504,0.08033499,0
0.6655481,0.3344519,0
0.5782764,0.4217236,0
0.58178234,0.4182176,0
0.6367386,0.36326146,0
0.38902837,0.6109716,1
0.6469338,0.35306627,0
0.646737,0.353263,0
0.99299896,0.0070010764,0
0.6437492,0.35625082,0
0.93548167,0.06451837,0
0.9394878,0.060512133,0
0.9928812,0.0071187927,0
0.9868702,0.013129789,0
0.58521265,0.4147873,1
0.70447266,0.29552734,0
0.9446506,0.05534941,0
0.6361734,0.36382657,1
0.71155816,0.28844184,1
0.99152,0.008480079,0
0.9974011,0.0025988668,0
0.9472951,0.052704915,0
0.870751,0.12924895,0
0.59794647,0.40205348,1
0.6507419,0.34925812,0
0.56411326,0.4358867,1
0.95989895,0.04010106,1
0.3006657,0.6993343,1
0.074002996,0.925997,1
0.44436222,0.5556378,1
0.08079721,0.9192028,1
0.060250416,0.9397496,1
0.046685394,0.9533146,1
0.4389665,0.56103355,1
0.59288996,0.40711007,1
0.6977041,0.3022959,0
0.56739813,0.43260187,1
0.8132407,0.18675925,0
0.99369425,0.006305736,0
0.9450993,0.054900724,0
0.75622463,0.24377534,0
0.7364476,0.2635524,1
0.9283144,0.071685605,0
0.9663934,0.033606637,0
0.87264943,0.12735058,0
0.10908176,0.8909182,1
0.5876013,0.41239873,0
0.61497897,0.385021,0
0.9419408,0.058059216,0
0.9975903,0.002409681,0
0.99757,0.002430041,0
0.61051756,0.38948238,1
0.9689001,0.031099884,0
0.52372015,0.47627982,1
0.81574494,0.18425505,0
0.6048324,0.39516753,0
0.6338414,0.36615857,0
0.9503373,0.049662698,0
0.99679273,0.003207282,0
0.8768387,0.12316132,0
0.9243534,0.07564657,0
0.96490765,0.035092372,0
0.91856503,0.081434965,0
0.6198062,0.38019383,1
0.5363952,0.46360478,1
0.6395401,0.36045992,0
0.81725717,0.18274285,0
0.61260915,0.38739085,0
0.6812782,0.3187218,0
0.67839867,0.3216013,0
0.99570376,0.004296268,0
0.9964414,0.0035585095,0
0.9690438,0.030956257,0
0.67467445,0.32532552,1
0.6441468,0.35585317,1
0.8552457,0.14475432,0
0.7805515,0.21944848,0
0.980949,0.019050987,0
0.99637127,0.0036287024,0
0.9969652,0.0030347796,0
0.9921346,0.007865375,0
0.84915304,0.1508469,0
0.5687411,0.43125895,1
0.44067428,0.5593257,1
0.60991,0.39009002,1
0.6759975,0.3240025,0
0.65043056,0.34956947,0
0.6473898,0.35261014,0
0.3436317,0.65636826,1
0.39715856,0.6028415,1
0.506672,0.49332798,1
0.50227886,0.49772108,1
0.9979475,0.0020525479,0
0.056258824,0.9437412,1
0.11704297,0.882957,1
0.06551165,0.9344883,1
0.057405375,0.94259465,1
0.41067046,0.5893295,1
0.5298806,0.47011948,0
0.5202278,0.4797722,0
0.072195075,0.9278049,1
0.09551671,0.9044833,1
0.8085744,0.19142568,0
0.84617645,0.15382355,0
0.93892306,0.06107699,0
0.7961414,0.20385861,0
0.4062916,0.5937084,1
0.391313,0.60868704,1
0.52261287,0.47738704,1
0.63391536,0.36608472,1
0.50753796,0.492462,1
0.95795447,0.042045593,0
0.9953799,0.004620095,0
0.61409855,0.38590148,0
0.59139156,0.40860844,1
0.61465085,0.38534912,1
0.98458016,0.015419854,0
0.9767444,0.023255607,0
0.96759486,0.03240513,0
0.2062052,0.79379475,1
0.6536341,0.34636584,1
0.5887682,0.41123182,1
0.99648404,0.0035159073,0
0.98674566,0.013254328,0
0.65743357,0.34256643,1
0.8140466,0.18595333,0
0.55219585,0.44780415,1
0.9907823,0.009217675,0
0.6078653,0.39213476,1
0.57737374,0.4226263,1
0.6667311,0.33326888,1
0.88047606,0.11952393,0
0.90196264,0.09803741,0
0.9352017,0.064798325,0
0.7028209,0.2971791,1
0.8463864,0.15361367,0
0.900861,0.09913895,0
0.9609502,0.039049786,1
0.9763499,0.023650132,0
0.8871731,0.112826854,0
0.98513085,0.014869139,0
0.39123282,0.6087672,1
0.49059808,0.5094019,1
0.6738837,0.32611626,0
0.81816816,0.18183176,0
0.6319876,0.36801243,0
0.69154185,0.30845818,0
0.9943094,0.005690573,0
0.997244,0.00275601,0
0.9913794,0.008620599,0
0.9892021,0.010797904,0
0.8892082,0.11079179,1
0.64099413,0.35900584,1
0.66733944,0.3326605,1
0.7349383,0.26506168,0
0.114515476,0.88548446,1
0.11695736,0.8830426,1
0.4147772,0.58522284,1
0.44553632,0.55446374,1
0.47777134,0.52222866,1
0.7149314,0.28506857,1
0.40019503,0.599805,1
0.037803344,0.9621966,1
0.02165091,0.97834915,1
0.021780305,0.97821975,1
0.021682464,0.9783175,1
0.38784447,0.6121555,0
0.8566863,0.14331369,0
0.56365025,0.4363498,0
0.9944688,0.005531126,0
0.78058517,0.21941482,0
0.028517846,0.9714822,1
0.025507238,0.9744927,1
0.03246362,0.9675364,1
0.04682297,0.95317703,0
0.124852814,0.8751472,0
0.027565604,0.9724344,1
0.035167534,0.96483254,1
0.9508569,0.049143147,0
0.9428835,0.0571165,0
0.68798584,0.31201416,0
0.95038176,0.04961822,0
0.6246074,0.37539262,0
0.3010326,0.6989674,0
0.19542384,0.8045761,0
0.3651438,0.63485616,0
0.60350955,0.39649042,0
0.7324163,0.2675838,0
0.664082,0.335918,0
0.9165365,0.0834635,0
0.9257155,0.07428451,0
0.9654586,0.034541424,0
0.94084924,0.05915075,0
0.8207624,0.17923756,0
0.6655011,0.3344989,0
0.79775596,0.20224401,0
0.8648256,0.13517438,0
0.7027659,0.29723412,0
0.8398612,0.16013871,0
0.8440149,0.15598509,0
0.8279328,0.17206727,0
0.9333116,0.06668847,0
0.9892463,0.010753667,0
0.9518314,0.04816857,0
0.8775679,0.12243218,0
0.59630567,0.40369433,1
0.85217285,0.14782718,0
0.9256935,0.07430648,0
0.56743544,0.43256453,1
0.59623253,0.40376744,1
0.6531766,0.3468234,0
0.77678114,0.22321884,0
0.7646345,0.2353655,1
0.6991685,0.30083153,1
0.81251746,0.18748255,1
0.7902665,0.20973343,1
0.99625695,0.003743087,0
0.9757958,0.02420425,0
0.6917361,0.30826393,1
0.898943,0.101057045,0
0.9598623,0.040137712,0
0.9253046,0.07469539,0
0.83319783,0.16680224,0
0.6323894,0.36761054,1
0.7355122,0.26448774,0
0.26819968,0.7318003,1
0.59986055,0.4001395,1
0.6336066,0.36639336,1
0.60783094,0.39216903,1
0.6497012,0.35029885,0
0.828501,0.17149903,0
0.8290435,0.17095648,0
0.90407676,0.09592328,0
0.99757487,0.0024251866,0
0.608819,0.39118102,1
0.59444064,0.40555945,1
0.59905005,0.40094995,0
0.5603347,0.43966535,0
0.09879356,0.90120643,1
0.05314908,0.94685096,1
0.67401993,0.32598007,1
0.59883994,0.40116006,1
0.589682,0.41031805,1
0.79322976,0.20677017,1
0.9707451,0.029254887,0
0.024440236,0.9755598,1
0.02255553,0.9774444,1
0.021364156,0.97863585,1
0.7762374,0.22376251,1
0.9487946,0.05120543,0
0.9436342,0.056365754,0
0.8917634,0.10823653,1
0.65394294,0.34605706,1
0.65937465,0.3406253,1
0.98932636,0.010673684,0
0.59250844,0.40749153,0
0.05944542,0.9405546,1
0.033419117,0.9665809,1
0.06984963,0.9301504,0
0.42595646,0.5740436,0
0.4987577,0.50124234,0
0.80872387,0.19127616,0
0.6642438,0.33575618,0
0.85196453,0.1480355,0
0.91666436,0.0833357,0
0.9298702,0.07012983,0
0.9090791,0.09092091,0
0.69713366,0.30286628,0
0.7452903,0.25470972,0
0.65627027,0.3437297,0
0.9945479,0.005452072,0
0.16785456,0.8321454,1
0.14429502,0.855705,1
0.49519446,0.5048056,1
0.47192213,0.5280779,1
0.5312395,0.4687604,1
0.5458626,0.4541374,1
0.060407724,0.93959224,1
0.6266892,0.37331077,0
0.7178732,0.28212672,0
0.6651389,0.3348611,0
0.83468646,0.16531351,0
0.7548546,0.24514538,0
0.6622947,0.3377053,0
0.85038835,0.14961173,0
0.6225653,0.3774347,0
0.06627524,0.9337248,0
0.023073759,0.97692627,1
0.14514485,0.8548551,0
0.6001403,0.3998598,0
0.9857078,0.0142921945,0
0.99156404,0.008435968,0
0.99231225,0.0076877717,0
0.9901841,0.009815906,0
0.52002394,0.47997612,0
0.37857297,0.62142706,0
0.7773438,0.22265612,0
0.9336049,0.06639516,0
0.9594098,0.040590186,0
0.9371875,0.06281244,0
0.8008315,0.19916849,0
0.6954258,0.3045742,0
0.9948896,0.0051103462,0
0.9439535,0.05604645,0
0.8277611,0.17223886,0
0.97629607,0.023703957,1
0.9837022,0.01629786,0
0.9802946,0.019705463,0
0.599293,0.40070698,1
0.66466403,0.3353359,0
0.9346199,0.065380126,0
0.81824297,0.18175702,0
0.8451444,0.15485565,0
0.99770606,0.0022939371,0
0.9941189,0.005881136,0
0.6023877,0.39761227,0
0.67481,0.32519,0
0.63337046,0.36662957,1
0.13171898,0.868281,1
0.1403466,0.8596534,1
0.32688656,0.6731134,1
0.30287567,0.6971244,1
0.038164776,0.9618352,1
0.035376184,0.9646238,1
0.043011717,0.9569883,1
0.0858938,0.9141062,1
0.08962618,0.91037387,1
0.36712328,0.63287663,1
0.63247174,0.36752823,0
0.8659738,0.13402621,0
0.66369975,0.33630025,1
0.6226537,0.37734628,1
0.6530409,0.34695914,1
0.9953784,0.0046216166,0
0.99714786,0.0028521733,0
0.8961014,0.10389853,1
0.22364053,0.7763595,1
0.118360266,0.8816397,1
0.09655212,0.9034479,1
0.104464225,0.89553577,1
0.5289647,0.47103527,1
0.5530321,0.44696784,1
0.81171465,0.18828534,1
0.6150726,0.3849274,1
0.77065974,0.2293403,1
0.67057383,0.32942617,1
0.5595367,0.44046333,1
0.5027843,0.4972157,1
0.74842405,0.25157595,0
0.6814469,0.3185531,0
0.9042077,0.095792346,0
0.83630097,0.16369906,1
0.024311995,0.975688,1
0.68559104,0.31440893,0
0.77693427,0.22306573,0
0.022687906,0.9773121,1
0.9806018,0.019398225,0
0.02371815,0.9762818,1
0.021119038,0.9788809,1
0.026539233,0.97346073,1
0.024836358,0.97516364,1
0.023925688,0.9760743,1
0.023247257,0.9767527,1
0.021484543,0.9785155,1
0.02596854,0.97403145,1
0.024734078,0.97526586,1
0.82553446,0.17446552,0
0.81489694,0.18510301,0
0.6548618,0.34513822,0
0.99163544,0.00836453,0
0.92662466,0.073375374,0
0.9448792,0.055120856,0
0.96731067,0.032689348,0
0.9753272,0.024672776,0
0.4757936,0.5242064,0
0.6757615,0.32423848,0
0.7713573,0.22864273,0
0.7813908,0.21860924,0
0.674187,0.32581303,0
0.6540416,0.3459584,0
0.90590686,0.09409317,0
0.62904227,0.37095773,0
0.5930243,0.40697572,0
0.55025715,0.44974285,0
0.6112958,0.38870415,0
0.22992402,0.770076,1
0.72396696,0.27603304,0
0.7459078,0.25409225,0
0.79087913,0.20912088,0
0.8592033,0.14079665,0
0.021546524,0.9784534,1
0.022020426,0.97797954,1
0.027313977,0.97268605,1
0.16541718,0.8345828,1
0.041211903,0.95878816,1
0.8524463,0.14755371,1
0.7450052,0.25499484,0
0.88716096,0.11283903,0
0.82303596,0.17696404,0
0.023241049,0.97675896,1
0.039508868,0.9604912,1
0.023552788,0.97644717,1
0.2051102,0.7948898,0
0.42903095,0.5709691,0
0.98564816,0.014351801,0
0.99296135,0.007038706,0
0.9908119,0.00918811,0
0.1359985,0.8640015,0
0.026701424,0.97329855,1
0.026430694,0.9735693,1
0.02763115,0.9723689,1
0.0753713,0.92462873,1
0.7567666,0.24323341,0
0.72913814,0.27086186,0
0.70069194,0.29930803,0
0.8063478,0.19365218,0
0.90807843,0.09192153,0
0.9918283,0.008171647,0
0.9728081,0.027191902,0
0.6380363,0.3619637,0
0.4415994,0.5584006,0
0.83527535,0.16472459,0
0.89815605,0.10184391,0
0.71097887,0.2890211,0
0.9728141,0.027185937,0
0.9490281,0.05097195,0
0.59468275,0.40531728,0
0.9377472,0.06225281,0
0.8851201,0.1148799,0
0.90273196,0.097268075,0
0.85944265,0.1405574,0
0.7039507,0.29604933,0
0.8255895,0.17441055,0
0.76669693,0.23330311,1
0.7132403,0.28675961,1
0.95501673,0.044983234,0
0.99578035,0.0042196554,0
0.98889613,0.011103924,0
0.70672065,0.29327938,0
0.89245003,0.107550025,0
0.9888881,0.0111119645,0
0.9839064,0.016093623,0
0.7566998,0.24330023,1
0.7341504,0.26584956,1
0.9034098,0.09659023,0
0.99136955,0.008630512,0
0.9795122,0.020487798,0
0.7067293,0.29327074,0
0.052729096,0.94727093,1
0.08983612,0.9101639,1
0.6775147,0.3224853,1
0.8409882,0.1590117,0
0.857418,0.14258206,0
0.9939138,0.006086193,0
0.62735564,0.37264442,0
0.4833771,0.5166229,0
0.13911627,0.8608838,0
0.9247066,0.0752934,0
0.9515905,0.04840949,0
0.9319892,0.068010844,0
0.85788476,0.1421153,0
0.8268756,0.17312433,0
0.22045816,0.77954185,0
0.20046233,0.7995377,1
0.72801715,0.27198288,0
0.73815715,0.26184294,0
0.97000575,0.029994238,0
0.96552795,0.0344721,0
0.957905,0.042095035,0
0.9617217,0.03827835,0
0.9369308,0.06306924,0
0.9976897,0.0023102763,0
0.9950395,0.0049604867,0
0.06594655,0.9340535,1
0.4846838,0.5153161,1
0.88356096,0.11643903,1
0.8712535,0.12874651,1
0.8038083,0.19619174,0
0.938071,0.061928973,0
0.93053555,0.06946443,1
0.9036589,0.096341014,0
0.3198844,0.6801156,1
0.57207876,0.42792127,1
0.7119059,0.28809407,1
0.7298598,0.2701402,1
0.5500341,0.44996583,1
0.5712149,0.4287851,1
0.54689527,0.4531047,1
0.7948244,0.20517558,1
0.9787064,0.02129355,0
0.99226683,0.0077331485,0
0.9610377,0.038962305,0
0.8061272,0.19387284,1
0.08322044,0.9167795,1
0.19609359,0.8039064,1
0.15040222,0.84959775,0
0.843622,0.15637793,0
0.99454206,0.0054579857,0
0.98412275,0.015877293,0
0.8241465,0.17585346,0
0.9878549,0.012145116,0
0.98918694,0.010813103,0
0.5582184,0.4417816,1
0.84678954,0.15321045,1
0.6806239,0.31937605,1
0.9586375,0.041362498,0
0.99777883,0.0022211326,0
0.9935163,0.0064837346,0
0.8802354,0.1197646,0
0.64836,0.35163996,0
0.6404321,0.35956782,0
0.821574,0.17842604,0
0.51550263,0.48449737,0
0.27921435,0.7207857,1
0.3095731,0.6904269,1
0.10356057,0.8964395,1
0.09268589,0.9073141,1
0.23509014,0.76490986,1
0.14500135,0.85499865,1
0.27452314,0.72547686,1
0.6675415,0.33245853,0
0.9974867,0.0025132773,0
0.022610646,0.97738934,1
0.033215873,0.9667841,1
0.027054975,0.972945,1
0.028866684,0.97113335,1
0.5853565,0.4146436,0
0.99554634,0.004453626,0
0.67552257,0.32447746,0
0.039810453,0.9601896,1
0.022954356,0.97704566,1
0.03323478,0.96676517,1
0.054748528,0.9452515,1
0.042170566,0.9578294,1
0.03856467,0.9614353,1
0.12120846,0.8787915,1
0.80241996,0.19758002,0
0.9965463,0.0034536317,0
0.8293334,0.1706666,0
0.8154561,0.18454391,0
0.11471211,0.8852879,1
0.10050376,0.8994963,1
0.4892496,0.51075035,0
0.39295095,0.60704905,1
0.08576261,0.9142374,1
0.9008127,0.099187344,0
0.9693057,0.030694311,0
0.9745533,0.025446732,0
0.9061144,0.09388557,0
0.98934305,0.010656975,0
0.9936347,0.0063652587,0
0.98963344,0.010366602,0
0.9075052,0.09249473,0
0.41633588,0.5836641,1
0.027759347,0.9722406,1
0.12402891,0.8759711,1
0.53800416,0.4619958,0
0.061869398,0.9381306,1
0.9125745,0.087425455,0
0.9072463,0.09275366,0
0.7200747,0.27992532,0
0.83837414,0.16162585,0
0.9761816,0.023818336,0
0.9957327,0.0042673,0
0.8504036,0.14959644,0
0.062179074,0.937821,1
0.9509302,0.04906981,0
0.79075116,0.20924884,0
0.9971988,0.0028011373,0
0.97308743,0.026912592,0
0.92707086,0.07292915,0
0.7134119,0.28658804,0
0.95118684,0.04881316,0
0.8595435,0.14045656,1
0.8913388,0.10866115,0
0.96466756,0.03533247,0
0.65606713,0.3439329,1
0.6564113,0.3435887,1
0.67131305,0.32868695,0
0.6197561,0.3802439,1
0.49076375,0.5092363,1
0.55609834,0.44390163,1
0.60260963,0.3973904,1
0.25378725,0.7462127,1
0.64084405,0.35915598,1
0.6814945,0.3185056,1
0.7238661,0.27613384,1
0.9001604,0.09983958,0
0.024634978,0.975365,1
0.024727456,0.97527254,1
0.025476994,0.97452295,1
0.059494767,0.94050527,1
0.8568646,0.1431355,0
0.6175377,0.3824623,1
0.99736184,0.0026382017,0
0.23033167,0.7696684,1
0.022816505,0.97718346,1
0.0502161,0.94978386,0
0.19533658,0.8046634,0
0.6006558,0.3993442,0
0.9504208,0.049579155,0
0.7396557,0.2603444,1
0.5611159,0.43888405,1
0.9974492,0.0025507596,0
0.18959315,0.81040686,1
0.34028822,0.65971184,0
0.07283703,0.92716295,1
0.13697463,0.8630253,1
0.63929033,0.36070967,0
0.95731485,0.042685162,0
0.59311986,0.4068801,0
0.99660957,0.003390515,0
0.7304934,0.26950663,0
0.15203917,0.84796077,0
0.071348086,0.928652,1
0.08951902,0.910481,1
0.20593205,0.7940679,1
0.89429045,0.10570954,0
0.9908145,0.009185488,0
0.048084594,0.95191544,1
0.97378796,0.026212052,0
0.92235434,0.07764571,0
0.8924515,0.10754848,0
0.8646575,0.13534251,0
0.35638833,0.64361167,1
0.9892169,0.010783032,0
0.056387067,0.943613,1
0.05867365,0.9413263,1
0.19198062,0.80801934,1
0.16219448,0.8378055,1
0.8896292,0.1103708,0
0.96986437,0.030135619,0
0.08233885,0.9176612,1
0.08430771,0.9156923,1
0.08920954,0.9107905,1
0.46561286,0.5343872,0
0.9979704,0.00202962,0
0.67256963,0.32743037,0
0.63067406,0.36932597,0
0.60546964,0.3945304,0
0.6766351,0.3233649,0
0.4301572,0.5698428,0
0.72666264,0.2733374,0
0.68916976,0.31083024,0
0.8444947,0.1555053,0
0.86970073,0.13029927,0
0.8965818,0.10341812,0
0.024166454,0.9758336,1
0.02392055,0.9760794,1
0.02458261,0.9754174,1
0.023318632,0.9766814,1
0.42630064,0.57369936,1
0.49826825,0.50173175,1
0.96095175,0.039048303,0
0.9948703,0.0051297266,0
0.9930889,0.0069111227,0
0.02251052,0.9774894,1
0.15445162,0.8455484,1
0.77065766,0.22934233,0
0.85476935,0.14523067,0
0.7486336,0.25136638,0
0.701362,0.29863802,1
0.24604675,0.7539533,0
0.20213246,0.7978675,1
0.6779016,0.32209843,0
0.2850243,0.71497566,1
0.98932296,0.010677058,0
0.9913981,0.008601874,0
0.5607347,0.43926534,1
0.05004441,0.9499555,1
0.025696758,0.9743033,1
0.02572893,0.974271,1
0.24040258,0.7595974,1
0.08557967,0.91442037,1
0.8608453,0.13915467,0
0.9565868,0.0434132,0
0.0905577,0.90944225,1
0.036994267,0.9630057,1
0.024827601,0.97517246,1
0.8014603,0.19853972,0
0.70938647,0.2906135,0
0.79553485,0.20446509,0
0.7884739,0.2115261,0
0.6668262,0.33317378,0
0.9963594,0.003640628,0
0.99663013,0.0033698087,0
0.9955888,0.004411177,0
0.8900185,0.10998146,0
0.74591684,0.25408313,0
0.585199,0.41480103,0
0.92040855,0.07959142,0
0.9368455,0.06315452,0
0.7822363,0.21776374,0
0.79129094,0.2087091,0
0.79712397,0.20287603,0
0.9605992,0.039400827,0
0.99688184,0.0031182265,0
0.99785596,0.0021439672,0
0.99792105,0.0020789385,0
0.58339834,0.41660163,1
0.19591449,0.80408555,1
0.22016227,0.77983767,1
0.45134646,0.5486535,1
0.07521222,0.9247878,1
0.033075076,0.96692485,1
0.025874974,0.9741251,1
0.092789404,0.9072106,1
0.272183,0.727817,0
0.981059,0.01894099,0
0.84704804,0.152952,0
0.18796042,0.8120396,1
0.06794016,0.9320599,1
0.038932648,0.9610673,1
0.043549743,0.9564502,1
0.22467415,0.7753258,0
0.9564489,0.043551035,0
0.98557496,0.014424982,0
0.9788786,0.021121407,0
0.9942814,0.0057185953,0
0.99428296,0.005717053,0
0.9973579,0.0026420977,0
0.8993278,0.10067213,1
0.544379,0.45562103,1
0.3704559,0.62954414,1
0.955079,0.04492095,0
0.9578943,0.042105727,0
0.9588607,0.041139346,0
0.9930373,0.0069626574,0
0.9941409,0.005859039,0
0.83898884,0.1610112,0
0.9015779,0.09842213,0
0.98876196,0.011238064,0
0.9958176,0.0041823713,0
0.99495137,0.005048613,0
0.32625228,0.6737477,0
0.045435973,0.954564,1
0.05187597,0.94812405,1
0.92648065,0.07351928,0
0.91185915,0.088140845,0
0.9510654,0.048934642,0
0.6857745,0.3142255,0
0.0407946,0.9592054,1
0.042559106,0.9574409,1
0.35271877,0.6472812,0
0.7140048,0.28599516,0
0.868515,0.13148499,0
0.82387316,0.1761269,0
0.77284956,0.2271504,0
0.7465191,0.25348097,0
0.9949195,0.0050805043,0
0.39206687,0.60793316,0
0.6734373,0.32656267,0
0.7453719,0.25462815,0
0.9352235,0.064776465,0
0.9184027,0.08159737,0
0.9308251,0.06917484,0
0.890078,0.10992194,0
0.6667317,0.33326828,0
0.6369207,0.3630793,1
0.6087575,0.3912424,1
0.20506859,0.7949315,1
0.19634421,0.8036558,1
0.8919009,0.10809909,0
0.8473775,0.15262261,0
0.67016906,0.32983088,0
0.084619746,0.9153803,1
0.60533696,0.39466304,0
0.82900435,0.17099567,0
0.62377363,0.37622637,0
0.9827618,0.017238246,0
0.9888861,0.011113897,0
0.9913829,0.008617087,0
0.96753836,0.032461632,0
0.90773696,0.09226303,0
0.955515,0.0444849,0
0.99362046,0.0063794944,0
0.9969363,0.0030636936,0
0.9658617,0.034138378,0
0.2819672,0.71803284,1
0.30667084,0.6933292,1
0.9768043,0.023195654,0
0.94664645,0.053353578,1
0.99050105,0.009498934,0
0.99084234,0.009157625,0
0.9923314,0.007668636,0
0.97105014,0.028949905,0
0.99370486,0.00629515,1
0.99290025,0.007099721,0
0.89719737,0.10280257,1
0.97969496,0.020305036,0
0.9971982,0.002801758,0
0.32045463,0.6795454,1
0.39688084,0.60311925,1
0.39486125,0.6051388,1
0.36194885,0.63805115,1
0.27152294,0.72847706,1
0.30221665,0.69778335,1
0.95186335,0.048136614,0
0.98206973,0.017930288,0
0.97958994,0.020409977,0
0.99496585,0.0050341403,0
0.35180503,0.64819497,1
0.03489871,0.96510124,1
0.022509588,0.9774904,1
0.023903247,0.9760968,1
0.0228873,0.97711265,1
0.34933197,0.650668,1
0.9898431,0.010157004,0
0.9818834,0.018116558,0
0.947035,0.05296499,0
0.41493583,0.5850642,1
0.054641068,0.9453589,1
0.23126607,0.768734,1
0.5519285,0.4480715,1
0.6497956,0.35020438,1
0.98997444,0.010025556,0
0.99036133,0.009638708,0
0.8768208,0.12317915,0
0.78360313,0.21639682,0
0.66746897,0.33253098,0
0.4991055,0.5008945,0
0.7580007,0.24199931,0
0.7825006,0.21749935,0
0.8089322,0.1910678,0
0.98884624,0.011153802,0
0.59804463,0.4019554,0
0.6143896,0.38561037,0
0.5586458,0.44135424,1
0.16451669,0.8354834,1
0.07952078,0.92047924,1
0.11487627,0.8851237,1
0.5838171,0.41618288,1
0.023619948,0.97638,1
0.024105983,0.975894,1
0.035012547,0.96498746,1
0.070010394,0.92998964,1
0.46748447,0.5325156,0
0.8609322,0.13906781,0
0.8256243,0.17437571,0
0.9929547,0.0070453812,0
0.19015205,0.809848,1
0.045445345,0.9545546,1
0.04351,0.95649004,1
0.0574953,0.94250476,1
0.77329504,0.22670496,0
0.95640576,0.0435943,0
0.9802146,0.019785395,0
0.8282,0.17180005,0
0.71726507,0.28273493,0
0.44431397,0.555686,0
0.254744,0.74525607,0
0.27921167,0.7207883,0
0.2830534,0.7169466,1
0.31350392,0.686496,1
0.434622,0.565378,0
0.97364205,0.026357953,0
0.82874817,0.17125188,1
0.8558206,0.14417945,0
0.9923499,0.007650083,0
0.9769006,0.023099424,0
0.21746232,0.78253764,1
0.07588457,0.9241154,1
0.082633734,0.91736627,1
0.10025494,0.899745,1
0.11043719,0.88956285,1
0.53173953,0.4682605,1
0.6416638,0.35833618,1
0.91914266,0.08085737,0
0.98963976,0.010360283,0
0.9903453,0.009654684,0
0.9357486,0.064251445,0
0.70310575,0.29689422,0
0.33972487,0.6602751,0
0.028877653,0.9711223,1
0.03356342,0.9664366,1
0.05366666,0.94633335,1
0.0654119,0.93458813,1
0.027433006,0.97256696,1
0.04159457,0.9584054,1
0.26826972,0.7317303,0
0.84673434,0.15326567,0
0.77489644,0.22510354,0
0.9833077,0.016692253,0
0.9801456,0.01985447,0
0.11896572,0.8810343,1
0.94080526,0.05919481,0
0.9377031,0.062296975,0
0.7271093,0.2728907,0
0.69113755,0.30886245,0
0.84538835,0.15461166,0
0.7347481,0.2652519,0
0.99771714,0.0022828663,0
0.68896335,0.31103668,0
0.672655,0.32734504,0
0.64191455,0.35808545,1
0.6399833,0.36001673,0
0.639309,0.36069098,0
0.638726,0.361274,0
0.57039875,0.42960122,0
0.14744215,0.85255784,1
0.51907706,0.48092297,1
0.029091593,0.9709084,1
0.028460314,0.9715397,1
0.028839737,0.97116023,1
0.022885468,0.9771145,1
0.970595,0.029405046,0
0.8122711,0.18772893,0
0.9820784,0.017921641,0
0.99721956,0.0027804805,0
0.92940396,0.070596054,0
0.19634615,0.80365384,1
0.1327183,0.86728173,1
0.04428305,0.95571697,1
0.048499458,0.9515006,1
0.98403996,0.015960095,0
0.98658687,0.013413057,0
0.8673417,0.13265826,0
0.90958166,0.09041827,0
0.31140208,0.6885979,1
0.18605477,0.81394523,1
0.19122554,0.8087745,1
0.1634136,0.83658636,1
0.089230366,0.91076964,1
0.25085428,0.74914575,1
0.7953707,0.20462924,0
0.95404756,0.045952518,0
0.944832,0.05516792,0
0.7624696,0.23753044,0
0.99510443,0.004895509,0
0.96677274,0.03322729,0
0.81930524,0.18069477,1
0.28379768,0.71620226,1
0.2600624,0.7399376,1
0.091799706,0.90820026,1
0.08636707,0.91363287,1
0.1037246,0.8962754,1
0.4068473,0.5931527,1
0.6273042,0.3726958,1
0.989251,0.010749017,0
0.04428451,0.9557155,1
0.034067996,0.9659321,1
0.63569057,0.3643094,0
0.53417647,0.46582356,0
0.5676739,0.4323261,0
0.99533635,0.004663675,0
0.9966763,0.0033236423,0
0.108838625,0.8911614,1
0.06484599,0.93515396,1
0.14227597,0.857724,1
0.33408883,0.66591114,1
0.36112854,0.63887143,1
0.11080145,0.8891985,1
0.15642658,0.84357345,1
0.1840318,0.81596816,1
0.06257028,0.9374298,1
0.04111066,0.9588894,1
0.046743296,0.9532568,1
0.19565853,0.80434144,0
0.33577636,0.6642237,0
0.45169726,0.5483027,0
0.27133512,0.7286649,1
0.022743678,0.9772563,1
0.063429855,0.93657017,1
0.03291121,0.96708876,1
0.038428996,0.96157104,0
0.61482674,0.38517326,0
0.70916945,0.29083055,0
0.9519919,0.04800814,0
0.2173943,0.7826057,1
0.03783635,0.9621636,1
0.0687514,0.93124855,1
0.023974333,0.9760257,1
0.027301002,0.97269905,0
0.07584414,0.92415583,0
0.084390625,0.91560936,0
0.10911313,0.8908869,0
0.7791296,0.22087045,0
0.78906274,0.2109373,0
0.6560199,0.34398004,0
0.7626239,0.23737615,0
0.99648714,0.0035129054,0
0.4827555,0.5172444,0
0.02648885,0.9735111,1
0.021011936,0.97898805,1
0.020990586,0.97900945,1
0.020953933,0.9790461,1
0.112822376,0.88717765,0
0.7551991,0.24480087,0
0.79250985,0.20749019,0
0.800961,0.19903901,0
0.96348506,0.036514916,0
0.9846393,0.015360638,0
0.96756315,0.03243687,0
0.8753764,0.12462356,0
0.30378702,0.69621295,0
0.19470072,0.8052993,0
0.25001493,0.7499851,0
0.6286581,0.37134182,0
0.28030348,0.71969646,0
0.35878325,0.64121675,0
0.34161878,0.6583812,0
0.5884437,0.4115563,0
0.8033656,0.19663434,0
0.19348617,0.8065138,1
0.09396684,0.9060332,1
0.3928707,0.60712934,0
0.515588,0.48441198,0
0.8132588,0.18674116,0
0.7142962,0.28570375,0
0.85469574,0.14530426,0
0.8331134,0.16688661,0
0.8205469,0.17945305,0
0.9376886,0.062311377,0
0.9056889,0.09431111,0
0.84941626,0.15058376,0
0.9910596,0.008940336,0
0.9941499,0.0058501274,0
0.9906228,0.009377189,0
0.94991153,0.050088502,1
0.6022432,0.3977568,0
0.6362732,0.36372685,0
0.6024486,0.39755142,0
0.7620242,0.23797582,0
0.72857225,0.2714278,0
0.7838852,0.21611474,0
0.92796737,0.072032645,0
0.8685947,0.13140532,0
0.9852459,0.014754072,0
0.625544,0.37445593,1
0.6404602,0.35953984,1
0.6379451,0.36205488,1
0.56362575,0.43637422,1
0.47797588,0.5220241,1
0.37469754,0.62530243,0
0.32557932,0.67442065,1
0.29562846,0.7043716,1
0.42055666,0.5794434,1
0.9849193,0.015080715,0
0.32869977,0.67130023,1
0.87215877,0.1278412,0
0.9450654,0.054934695,0
0.81427264,0.18572736,0
0.035449374,0.9645506,1
0.21620616,0.7837938,1
0.83157766,0.16842231,1
0.69109136,0.30890867,1
0.6841707,0.31582925,0
0.99522734,0.004772671,0
0.075962566,0.92403746,1
0.26396692,0.7360331,1
0.18869781,0.8113022,1
0.0682105,0.93178946,1
0.02205155,0.9779484,1
0.022881826,0.97711813,1
0.6262657,0.3737343,0
0.83315486,0.16684519,0
0.90803784,0.09196216,0
0.98016614,0.01983379,0
0.8757978,0.12420212,0
0.95632344,0.043676604,0
0.9959881,0.0040118992,0
0.8767391,0.12326093,0
0.931307,0.068693,0
0.9498871,0.050112907,0
0.9451805,0.054819543,0
0.9716106,0.02838941,0
0.9752092,0.024790792,0
0.9888254,0.011174691,0
0.9912981,0.008701944,0
0.99273175,0.007268212,0
0.63551646,0.36448357,1
0.8705045,0.12949547,1
0.93193585,0.068064205,1
0.9477122,0.052287858,1
0.9193018,0.080698214,0
0.89461756,0.10538245,1
0.8596293,0.14037079,1
0.26251262,0.7374874,1
0.87648773,0.12351228,1
0.6794088,0.32059124,1
0.049875602,0.9501243,1
0.043505013,0.9564949,1
0.025123717,0.97487634,1
0.029440442,0.97055954,1
0.06618218,0.93381786,0
0.041282285,0.95871764,0
0.5359658,0.46403423,0
0.9744117,0.025588347,0
0.93154836,0.068451606,0
0.83450735,0.16549261,0
0.16361976,0.83638024,1
0.12502626,0.8749738,1
0.10302397,0.89697605,1
0.102884986,0.89711505,1
0.31897295,0.68102705,0
0.87775755,0.12224245,0
0.8398146,0.16018541,0
0.86027986,0.13972007,0
0.9755255,0.024474572,0
0.99031806,0.009681914,0
0.35235772,0.64764225,1
0.5775408,0.42245916,0
0.57676965,0.4232303,0
0.649001,0.350999,0
0.5932022,0.40679786,0
0.042098876,0.95790106,1
0.42846638,0.5715337,0
0.8335584,0.1664416,0
0.35423028,0.6457697,1
0.024759464,0.9752406,1
0.87412965,0.12587036,0
0.7754136,0.2245864,0
0.83948153,0.16051851,0
0.83436775,0.16563223,0
0.9641299,0.03587009,0
0.96108264,0.038917314,0
0.9364794,0.06352058,0
0.88049674,0.119503275,1
0.934331,0.06566897,0
0.99726725,0.0027327961,0
0.6340766,0.36592335,1
0.7324334,0.26756656,0
0.73441356,0.26558653,0
0.8104518,0.18954824,0
0.8196775,0.18032251,0
0.9758868,0.024113176,0
0.98681784,0.013182093,0
0.9544607,0.04553931,1
0.9751115,0.024888484,1
0.996354,0.0036460666,0
0.5427973,0.4572026,1
0.33114618,0.6688538,0
0.41382977,0.5861702,1
0.40449432,0.5955057,0
0.37636393,0.6236361,1
0.49990192,0.5000981,1
0.5770829,0.4229171,1
0.6314315,0.36856845,0
0.96675307,0.033246964,0
0.9252974,0.07470259,0
0.99725145,0.002748499,0
0.9910192,0.008980785,0
0.74899423,0.25100577,1
0.6673412,0.33265886,1
0.7035891,0.2964109,1
0.0481816,0.9518184,1
0.7668078,0.23319222,0
0.8877868,0.11221318,0
0.9945133,0.0054866876,0
0.93740463,0.06259543,0
0.89213455,0.10786544,0
0.8161057,0.18389428,0
0.75958824,0.24041173,1
0.9965126,0.0034874657,0
0.9962225,0.0037774493,0
0.5687385,0.43126145,1
0.09233321,0.90766674,1
0.0699183,0.9300817,1
0.056814067,0.9431859,1
0.29109251,0.7089075,1
0.64821935,0.35178062,0
0.95316005,0.046839997,0
0.9961026,0.0038974874,0
0.9976545,0.0023455662,0
0.68486583,0.3151341,0
0.711743,0.288257,0
0.8230791,0.17692092,0
0.13205172,0.86794823,1
0.11489802,0.885102,1
0.17787415,0.82212585,1
0.8565226,0.14347741,0
0.77848727,0.22151278,0
0.10651491,0.89348507,1
0.36086294,0.6391371,0
0.39026088,0.6097391,0
0.7717468,0.22825313,0
0.84744304,0.15255696,0
0.9125162,0.087483786,0
0.50984013,0.49015987,1
0.9484082,0.0515918,0
0.94095194,0.05904813,0
0.43236428,0.5676357,1
0.498732,0.501268,1
0.9180033,0.08199666,0
0.5618398,0.43816012,1
0.91946155,0.080538444,0
0.574574,0.425426,1
0.57906955,0.42093045,1
0.2193984,0.7806016,1
0.6186917,0.38130832,0
0.254154,0.74584603,1
0.7296306,0.27036947,0
0.91339016,0.08660985,0
0.7867305,0.21326946,0
0.8421497,0.15785038,0
0.939193,0.060806967,0
0.9947042,0.005295762,0
0.98116827,0.018831775,0
0.7149185,0.28508148,1
0.16349787,0.83650213,1
0.19652109,0.8034789,1
0.5477364,0.45226362,0
0.59481084,0.40518922,0
0.32668054,0.6733194,1
0.8268627,0.17313734,0
0.86617404,0.13382594,0
0.9407679,0.059232082,0
0.9204701,0.07952988,0
0.8430014,0.15699852,0
0.8456576,0.15434235,0
0.6201528,0.37984723,0
0.9335887,0.06641127,0
0.9474628,0.052537195,0
0.87954825,0.12045171,0
0.883561,0.11643896,0
0.9378628,0.062137153,0
0.9879461,0.0120538585,0
0.9966761,0.0033239601,0
0.99699306,0.0030069205,0
0.89659745,0.10340254,0
0.6038949,0.3961051,1
0.54588777,0.4541123,1
0.5853704,0.41462958,1
0.7700261,0.22997391,0
0.6508619,0.34913805,1
0.9059503,0.09404964,0
0.041465484,0.9585345,1
0.041396108,0.95860386,1
0.036093984,0.963906,1
0.11576318,0.8842368,0
0.5775412,0.42245886,0
0.61747676,0.38252327,0
0.6687925,0.33120754,0
0.9867633,0.013236647,0
0.6331873,0.3668128,0
0.063341625,0.9366583,1
0.9699435,0.030056426,0
0.87418085,0.1258191,0
0.85557294,0.14442705,0
0.7748832,0.22511677,0
0.91660184,0.08339815,0
0.9947537,0.0052462467,0
0.9919007,0.008099344,0
0.8725817,0.12741823,0
0.94247574,0.057524294,0
0.9616882,0.038311835,0
0.96402097,0.035979055,0
0.7767083,0.22329171,0
0.75408447,0.24591559,0
0.800317,0.19968304,0
0.97706705,0.022933021,0
0.99648285,0.0035171174,0
0.9970318,0.002968226,0
0.30640772,0.69359225,1
0.3890031,0.61099696,1
0.4754182,0.5245818,1
0.5139452,0.48605475,1
0.95028484,0.049715135,0
0.9546774,0.045322657,0
0.668867,0.331133,0
0.8148395,0.1851605,0
0.99233294,0.0076671266,0
0.99788815,0.00211184,0
0.9913925,0.008607537,0
0.95801836,0.041981634,0
0.91061777,0.0893823,0
0.9020702,0.09792979,0
0.9402388,0.05976128,0
0.44052768,0.5594723,1
0.53345627,0.4665438,1
0.29367405,0.70632595,1
0.1699093,0.8300907,1
0.23770608,0.76229393,1
0.22304925,0.7769507,1
0.22609541,0.77390456,1
0.3885941,0.6114059,1
0.36640775,0.63359225,1
0.39084786,0.6091522,1
0.45109525,0.5489048,1
0.9653958,0.034604207,1
0.997216,0.0027839614,0
0.9968924,0.0031075766,0
0.97768456,0.022315457,0
0.8474343,0.15256572,0
0.8905398,0.109460175,0
0.95377505,0.046224907,0
0.6694879,0.3305122,1
0.56738394,0.43261603,1
0.9143682,0.085631795,0
0.9978161,0.0021839037,0
0.9977324,0.0022676124,0
0.9957416,0.0042584636,0
0.6869788,0.3130212,1
0.63903356,0.36096647,1
0.29010606,0.70989394,1
0.2839959,0.7160041,1
0.3326846,0.66731536,1
0.9414193,0.058580734,0
0.06997222,0.9300278,1
0.053418927,0.94658107,1
0.058627658,0.9413723,1
0.9972574,0.0027426395,0
0.9968501,0.0031499148,0
0.9955363,0.0044636973,0
0.9952937,0.004706335,0
0.993439,0.006560935,0
0.9796221,0.020377882,0
0.9841881,0.015811963,0
0.92820364,0.07179637,0
0.18250445,0.8174955,1
0.023152053,0.976848,1
0.9147241,0.08527593,0
0.99658006,0.0034199352,0
0.912713,0.087287,0
0.996179,0.003821052,0
0.9969758,0.0030241795,0
0.9939043,0.006095716,0
0.7237257,0.27627432,0
0.84202707,0.15797292,0
0.58034843,0.41965154,0
0.98767275,0.0123271905,0
0.99258655,0.0074133957,0
0.98848337,0.011516624,0
0.9975388,0.0024612609,0
0.9784883,0.021511598,0
0.6741234,0.32587662,1
0.85307306,0.14692694,0
0.9490522,0.05094778,0
0.9797086,0.020291435,0
0.99752575,0.0024742964,0
0.9972639,0.0027361286,0
0.53776616,0.46223384,1
0.15915702,0.840843,1
0.7944014,0.20559856,0
0.7969368,0.20306315,0
0.7792947,0.22070532,0
0.7638913,0.23610874,1
0.86745137,0.13254857,0
0.9975032,0.002496736,0
0.9975799,0.0024201968,0
0.9970752,0.0029247468,0
0.9091615,0.09083849,0
0.93034446,0.0696556,0
0.8657536,0.13424633,1
0.8765512,0.12344878,1
0.8616583,0.13834167,0
0.8511435,0.14885649,0
0.958305,0.04169497,0
0.993612,0.0063879816,0
0.9976725,0.0023275178,0
0.9977527,0.0022472548,0
0.99775463,0.0022454124,0
0.7007126,0.29928738,0
0.46642774,0.53357226,1
0.6610126,0.3389874,1
0.99776804,0.0022319409,0
0.54760647,0.45239356,1
0.45883134,0.5411687,1
0.5670999,0.43290007,1
0.373067,0.626933,1
0.11026456,0.8897354,1
0.028497934,0.971502,1
0.074017264,0.9259827,1
0.9892943,0.010705721,0
0.98819333,0.011806648,0
0.80826396,0.19173598,0
0.93077326,0.069226734,0
0.99753237,0.002467585,0
0.99735093,0.0026490134,0
0.9761202,0.023879848,0
0.93696475,0.06303524,0
0.13337268,0.8666273,1
0.88857514,0.11142481,1
0.9941649,0.0058351513,0
0.6653121,0.33468783,0
0.99752384,0.002476206,0
0.93738115,0.0626188,0
0.55644006,0.44355997,1
0.56167793,0.43832207,1
0.59841526,0.40158468,1
0.663591,0.33640894,1
0.7075719,0.2924281,1
0.97902054,0.020979455,0
0.73661226,0.26338777,0
0.8431411,0.15685895,0
0.9279595,0.07204048,0
0.99544585,0.0045541595,0
0.9961475,0.0038525262,0
0.9937962,0.0062037287,0
0.317449,0.68255097,1
0.44946703,0.55053294,1
0.8192232,0.18077676,0
0.8138981,0.18610193,1
0.6898342,0.3101658,1
0.99679846,0.0032015168,0
0.77926344,0.22073655,0
0.28247753,0.71752244,1
0.7235228,0.2764772,1
0.17353302,0.8264669,1
0.2862348,0.71376514,1
0.756475,0.24352501,0
0.57870775,0.42129225,1
0.57505226,0.42494777,0
0.6106692,0.38933071,0
0.99767154,0.0023284424,0
0.9970853,0.0029147493,0
0.19615598,0.803844,1
0.1677621,0.83223796,1
0.3724647,0.62753534,1
0.80991006,0.19008988,0
0.79630184,0.20369822,0
0.7064184,0.29358166,0
0.6240999,0.3759001,1
0.97984993,0.020150049,0
0.99747074,0.0025293087,0
0.9975319,0.0024680628,0
0.99592257,0.0040774685,0
0.7455039,0.25449607,1
0.72729933,0.27270067,1
0.5852461,0.41475388,1
0.2041623,0.79583776,1
0.1396002,0.8603998,1
0.39131388,0.60868615,1
0.32588586,0.6741141,1
0.7608601,0.23913993,0
0.99585235,0.0041476614,0
0.8976581,0.102341846,0
0.5606482,0.4393518,0
0.5913395,0.4086604,0
0.05938093,0.94061905,1
0.93025655,0.069743425,0
0.8937325,0.106267504,0
0.88769615,0.11230384,0
0.8277087,0.17229125,0
0.65528303,0.34471703,1
0.70851606,0.29148385,1
0.9975204,0.0024795341,0
0.9973386,0.0026613504,0
0.6430151,0.35698488,0
0.65061367,0.34938627,0
0.37652472,0.62347525,1
0.0843855,0.9156145,1
0.20241739,0.7975826,0
0.62370825,0.37629178,0
0.48963872,0.51036125,1
0.557013,0.44298694,1
0.9477699,0.05223015,0
0.66256857,0.3374314,1
0.31080908,0.68919086,1
0.045889724,0.95411026,1
0.04125091,0.9587491,1
0.07607885,0.9239211,0
0.7144606,0.28553933,0
0.444712,0.555288,1
0.64104134,0.35895866,0
0.71664745,0.28335255,0
0.70012945,0.29987052,0
0.02178684,0.97821313,1
0.021392882,0.97860706,1
0.532894,0.46710595,0
0.8911014,0.10889861,0
0.6797933,0.32020667,0
0.6871383,0.31286165,0
0.50880593,0.491194,0
0.6624775,0.3375225,0
0.614884,0.38511604,0
0.71090966,0.28909037,0
0.7477205,0.25227952,0
0.9820239,0.017976131,0
0.93922085,0.06077917,0
0.2280873,0.77191263,1
0.15762763,0.8423724,1
0.7142802,0.28571975,1
0.8361905,0.16380948,1
0.56145424,0.43854576,0
0.5510588,0.44894117,0
0.97841996,0.021579979,0
0.6524966,0.34750345,0
0.65815425,0.34184575,0
0.5929614,0.40703863,0
0.6109798,0.3890203,0
0.8130751,0.18692495,0
0.6027502,0.39724982,0
0.5394197,0.46058032,1
0.45224333,0.54775673,0
0.99271554,0.0072844243,0
0.6369144,0.3630857,0
0.83301735,0.16698262,0
0.34295604,0.657044,0
0.31083342,0.6891666,0
0.93758494,0.062415056,0
0.93017334,0.0698267,0
0.8187883,0.18121174,1
0.71902704,0.280973,0
0.81665546,0.18334453,0
0.89666724,0.10333276,0
0.98017615,0.019823832,0
0.22218792,0.77781206,1
0.2694357,0.7305643,1
0.29477766,0.7052223,1
0.8880542,0.11194576,0
0.80848795,0.19151203,0
0.7744081,0.22559187,0
0.6093491,0.39065096,0
0.26284745,0.73715264,0
0.17972791,0.82027215,0
0.1717409,0.8282591,0
0.16215397,0.837846,1
0.14532486,0.8546751,1
0.14515132,0.8548487,1
0.24965908,0.750341,1
0.7398379,0.26016214,0
0.6526009,0.34739912,0
0.6576175,0.34238246,0
0.99708325,0.0029166995,0
0.8809433,0.11905677,0
0.79465103,0.20534903,0
0.1469326,0.85306746,1
0.05352176,0.9464782,1
0.054702226,0.9452977,1
0.6790446,0.3209554,1
0.91779804,0.08220193,0
0.84730375,0.15269622,0
0.74618495,0.25381508,1
0.71867967,0.2813203,0
0.6976053,0.30239472,0
0.72109634,0.27890366,1
0.8137783,0.18622172,1
0.9030707,0.096929334,0
0.89385086,0.10614913,0
0.7358516,0.26414838,0
0.90305007,0.09694995,0
0.985269,0.014730953,0
0.78262955,0.2173704,1
0.40389812,0.5961019,1
0.44933307,0.5506669,1
0.51978064,0.4802193,1
0.33100083,0.6689992,1
0.27045602,0.72954404,0
0.5468995,0.45310047,0
0.5961611,0.40383884,0
0.5597135,0.4402865,0
0.5340742,0.46592578,0
0.53091174,0.46908832,0
0.6088258,0.39117414,0
0.9040702,0.09592982,0
0.98540074,0.014599301,0
0.8032053,0.1967947,0
0.8258541,0.17414595,0
0.64365166,0.3563483,0
0.6493437,0.35065627,0
0.3701487,0.62985134,1
0.9954308,0.0045691812,0
0.23649605,0.76350397,1
0.25351077,0.74648917,1
0.22993515,0.7700649,1
0.36088738,0.63911265,1
0.632357,0.36764303,1
0.93569005,0.064309925,0
0.98749626,0.012503746,0
0.66293925,0.33706075,0
0.7127266,0.28727344,0
0.7562061,0.24379393,0
0.83807987,0.16192016,0
0.3694356,0.63056433,0
0.3209902,0.6790098,0
0.64782387,0.35217607,0
0.70854694,0.2914531,0
0.51237226,0.48762777,1
0.6496506,0.3503494,0
0.9973918,0.0026081123,0
0.9948447,0.0051552774,0
0.64330417,0.35669583,1
0.45315012,0.54684985,1
0.43246564,0.5675343,1
0.73912024,0.26087978,1
0.76074195,0.23925804,0
0.5895588,0.4104412,0
0.71139777,0.28860226,0
0.84552675,0.15447322,0
0.8874382,0.11256179,0
0.99634403,0.0036559606,0
0.9968816,0.003118373,0
0.9513425,0.048657555,0
0.93936473,0.060635194,0
0.9615321,0.03846792,0
0.9575154,0.042484604,0
0.9399055,0.060094517,0
0.8587941,0.1412059,1
0.6617185,0.3382815,0
0.95158285,0.048417173,0
0.68669057,0.31330943,1
0.6107614,0.38923863,1
0.62309337,0.37690666,1
0.65625083,0.34374914,1
0.74825984,0.2517402,1
0.795038,0.20496203,1
0.76586545,0.23413453,1
0.5757954,0.4242046,1
0.8600305,0.13996951,0
0.8409665,0.15903352,1
0.8239427,0.1760573,1
0.82128656,0.17871346,1
0.70436835,0.29563168,1
0.62544626,0.37455368,0
0.58279043,0.41720957,1
0.16842885,0.83157116,1
0.57530266,0.42469737,0
0.3660208,0.63397914,1
0.69511396,0.30488604,1
0.71616155,0.28383842,0
0.7408618,0.25913823,0
0.99513596,0.0048640515,0
0.9902732,0.009726822,0
0.7298294,0.2701706,0
0.6375032,0.3624968,1
0.6448984,0.35510156,1
0.21084431,0.78915566,1
0.16758977,0.8324103,1
0.04097121,0.95902884,1
0.30382836,0.69617164,0
0.9962054,0.0037945872,0
0.61301595,0.38698414,1
0.64102936,0.35897067,1
0.7024497,0.29755032,0
0.4571368,0.5428632,0
0.10083032,0.8991696,1
0.13006543,0.8699345,1
0.15633933,0.84366065,1
0.17663148,0.82336855,1
0.92899764,0.07100242,0
0.93163526,0.06836471,0
0.71529096,0.284709,0
0.6409597,0.35904032,0
0.11745916,0.8825408,1
0.11209973,0.88790023,1
0.087197796,0.9128023,1
0.11503013,0.88496983,0
0.17612569,0.8238743,0
0.8187687,0.18123125,0
0.947223,0.05277694,0
0.91543883,0.08456116,0
0.6374446,0.36255535,0
0.68940634,0.31059363,1
0.6277845,0.37221554,0
0.6742025,0.32579756,0
0.5590451,0.4409549,0
0.023933869,0.9760661,1
0.927137,0.07286293,0
0.11604199,0.88395804,0
0.74846226,0.25153777,0
0.47971615,0.5202838,0
0.9160615,0.08393844,0
0.7310896,0.2689104,0
0.52757126,0.47242868,0
0.2696715,0.7303285,0
0.47205082,0.5279492,1
0.55493575,0.44506425,1
0.940379,0.05962092,0
0.6738782,0.3261218,0
0.99149853,0.008501434,0
0.60514486,0.39485508,0
0.9402834,0.059716545,0
0.9141266,0.08587344,0
0.91083694,0.08916301,0
0.37937158,0.6206285,1
0.07205011,0.9279499,1
0.19268197,0.8073181,1
0.12732218,0.87267786,1
0.46738493,0.53261507,1
0.73002625,0.2699738,0
0.61370873,0.38629127,0
0.6002621,0.39973786,0
0.97376585,0.026234189,0
0.98635674,0.013643224,0
0.90095556,0.099044405,0
0.8271265,0.1728735,0
0.72254056,0.27745944,0
0.7309795,0.26902056,0
0.7605203,0.23947974,0
0.74587655,0.25412342,0
0.9448714,0.05512858,1
0.8083767,0.19162321,0
0.100969315,0.8990307,1
0.075568,0.924432,1
0.11515939,0.88484067,1
0.13024685,0.8697531,1
0.2378595,0.7621405,1
0.29790708,0.7020929,1
0.8326569,0.16734308,0
0.73228806,0.26771194,1
0.92693007,0.073069856,0
0.97708374,0.022916207,1
0.59107023,0.4089298,1
0.14364068,0.8563593,1
0.08243439,0.91756564,1
0.055916697,0.94408333,1
0.067191646,0.9328084,1
0.29050058,0.7094995,1
0.6613124,0.33868763,0
0.66339415,0.33660582,0
0.6491136,0.3508864,1
0.58555794,0.4144421,1
0.6335477,0.36645228,1
0.8766427,0.12335725,1
0.54767686,0.45232314,1
0.06461916,0.9353809,1
0.830675,0.16932498,0
0.74265814,0.25734186,0
0.8439066,0.15609337,0
0.8448857,0.15511435,0
0.8445547,0.15544534,0
0.47287545,0.5271246,1
0.5516605,0.4483395,1
0.6388053,0.3611946,1
0.84266543,0.1573346,1
0.612787,0.38721302,0
0.32957402,0.67042595,1
0.33493325,0.6650668,1
0.3177762,0.68222386,1
0.4366954,0.5633046,1
0.4780305,0.52196956,1
0.8785911,0.12140888,0
0.45809314,0.54190683,0
0.7078447,0.29215527,0
0.6155452,0.38445476,0
0.5849257,0.41507426,0
0.9253034,0.0746966,0
0.6166479,0.38335213,0
0.86884654,0.13115345,0
0.877488,0.12251202,0
0.64186394,0.35813603,0
0.45961836,0.54038155,0
0.30858892,0.6914111,1
0.2697309,0.7302691,1
0.70107746,0.29892248,0
0.26048082,0.7395191,1
0.15250413,0.84749585,1
0.1794377,0.82056236,1
0.64285487,0.35714516,0
0.9972144,0.0027856817,0
0.99589205,0.004107933,0
0.9946591,0.0053409226,0
0.9935755,0.0064244363,0
0.9838271,0.016172882,0
0.8827185,0.11728148,0
0.9052339,0.094766125,0
0.63645536,0.36354464,1
0.28103068,0.7189693,1
0.2683248,0.7316752,1
0.5240586,0.47594136,1
0.64660025,0.35339978,0
0.846755,0.15324497,0
0.7672035,0.2327965,0
0.95159805,0.048401985,0
0.67288226,0.3271177,0
0.4735359,0.52646416,0
0.95821816,0.041781843,0
0.802172,0.19782794,1
0.8221735,0.17782648,0
0.44877595,0.55122405,1
0.56039596,0.43960404,0
0.6569222,0.34307784,1
0.99728847,0.002711499,0
0.8690586,0.13094144,0
0.9569112,0.04308883,0
0.45870754,0.5412924,0
0.43191856,0.56808144,0
0.4635696,0.5364304,0
0.39960986,0.60039014,0
0.10696744,0.8930325,1
0.09818161,0.90181834,1
0.53513926,0.46486065,1
0.81081885,0.18918115,0
0.50960135,0.4903986,1
0.51285547,0.48714453,1
0.6414543,0.35854578,1
0.89512306,0.104876935,1
0.9974251,0.0025749148,0
0.8115257,0.18847433,0
0.33640003,0.66359997,0
0.5441888,0.45581126,0
0.37693897,0.6230611,1
0.96562004,0.03437999,0
0.99497837,0.0050216746,0
0.84969133,0.1503087,1
0.72681755,0.27318254,1
0.55741763,0.44258237,1
0.18066563,0.8193343,1
0.10726767,0.89273226,1
0.5466518,0.45334825,1
0.90486616,0.095133826,0
0.67563504,0.324365,0
0.64537853,0.35462153,0
0.8689969,0.13100304,0
0.6309171,0.3690829,0
0.63668454,0.36331543,0
0.65361416,0.34638584,0
0.90264,0.09736006,0
0.8094036,0.19059643,0
0.78038806,0.21961196,0
0.8150449,0.18495512,0
0.81447875,0.18552133,0
0.58331805,0.41668192,1
0.7325878,0.2674122,0
0.9195167,0.08048335,1
0.18515463,0.8148453,1
0.1296564,0.87034357,1
0.13526948,0.86473054,1
0.3673223,0.63267773,1
0.5376804,0.46231958,0
0.68624973,0.31375033,0
0.6735677,0.32643235,0
0.74416566,0.25583437,0
0.6665216,0.33347836,0
0.7952679,0.20473215,0
0.9828152,0.017184794,0
0.99765235,0.0023477026,0
0.66372573,0.3362742,1
0.6646278,0.33537218,1
0.65705276,0.34294724,1
0.6323744,0.36762556,1
0.63759,0.36241007,1
0.6430022,0.35699782,1
0.6429662,0.35703376,1
0.24698363,0.75301635,1
0.3527733,0.6472267,1
0.57013774,0.4298622,1
0.8249223,0.17507766,1
0.62571985,0.37428015,0
0.42964247,0.57035756,0
0.9384489,0.06155113,0
0.88276076,0.11723921,0
0.65410084,0.34589916,0
0.8125116,0.18748835,0
0.8737538,0.12624623,0
0.7587906,0.24120936,1
0.56876034,0.43123966,1
0.99746406,0.0025358999,0
0.9967248,0.0032752375,0
0.960103,0.039896965,0
0.61745244,0.3825475,1
0.13379389,0.86620617,0
0.112440415,0.8875596,1
0.096121915,0.9038781,1
0.10105438,0.8989456,1
0.49965256,0.50034744,0
0.5236338,0.47636628,1
0.6458059,0.35419407,1
0.69579583,0.3042041,1
0.6142276,0.38577247,1
0.329227,0.670773,1
0.12617317,0.8738268,1
0.12501794,0.87498206,1
0.030974427,0.96902555,1
0.036676336,0.96332365,1
0.07088847,0.92911154,0
0.13572066,0.8642793,0
0.50747454,0.49252552,0
0.65977615,0.34022382,0
0.9959741,0.0040258495,0
0.95187265,0.04812733,1
0.42571798,0.574282,0
0.07251904,0.92748094,0
0.022183478,0.9778165,1
0.03913597,0.960864,1
0.47776338,0.5222366,0
0.8769057,0.12309424,0
0.7075057,0.29249424,0
0.6613056,0.3386944,0
0.5523473,0.44765276,0
0.72112334,0.27887663,0
0.6363183,0.36368167,0
0.8142019,0.1857981,0
0.91147965,0.088520296,0
0.66284335,0.33715665,1
0.2322765,0.76772344,1
0.83374363,0.16625641,1
0.63912106,0.36087897,1
0.12426701,0.875733,1
0.1940804,0.80591965,1
0.38434815,0.6156518,0
0.5254928,0.4745073,0
0.60715425,0.39284578,0
0.58960605,0.410394,0
0.64676577,0.35323423,0
0.99711263,0.0028873202,0
0.991727,0.008273014,0
0.7462689,0.2537311,1
0.6439843,0.35601568,1
0.65817857,0.34182146,1
0.5961954,0.40380463,1
0.5407804,0.4592196,1
0.58256644,0.41743353,1
0.7623386,0.23766144,1
0.5383075,0.46169245,1
0.40783957,0.59216046,1
0.052302074,0.94769794,1
0.121996775,0.87800324,1
0.12527779,0.87472224,1
0.12232426,0.8776758,1
0.11839903,0.881601,1
0.2010331,0.79896694,1
0.19710489,0.8028951,1
0.62898153,0.37101844,1
0.71566576,0.28433427,0
0.52734876,0.4726513,1
0.6294488,0.3705512,0
0.7482805,0.25171942,0
0.9921548,0.007845215,0
0.5620476,0.43795243,0
0.47270027,0.52729964,0
0.26168028,0.73831975,0
0.10898111,0.8910189,1
0.0786188,0.9213812,1
0.41675666,0.5832433,0
0.690412,0.30958796,0
0.78418756,0.21581249,1
0.9032381,0.09676192,1
0.78587013,0.21412985,1
0.6275116,0.37248835,1
0.5298819,0.47011808,0
0.53298384,0.4670161,0
0.59774834,0.4022516,0
0.5944484,0.40555164,0
0.46763498,0.532365,0
0.5666006,0.43339938,0
0.4170092,0.5829908,1
0.23311915,0.7668808,1
0.48624414,0.51375586,1
0.81421626,0.18578371,0
0.27298397,0.7270161,1
0.74020314,0.2597969,0
0.79916376,0.20083627,0
0.83724886,0.16275115,0
0.9297364,0.07026356,0
0.92107576,0.078924224,0
0.91510904,0.08489097,0
0.8120305,0.18796952,0
0.54370624,0.4562937,1
0.47947422,0.52052575,1
0.9363228,0.06367711,0
0.9312253,0.06877464,0
0.93852586,0.06147415,0
0.843395,0.15660504,0
0.8752789,0.12472116,0
0.77083254,0.22916745,1
0.76819235,0.23180763,1
0.9721524,0.027847558,0
0.99709666,0.0029033564,0
0.9970204,0.0029795505,0
0.99724174,0.0027582597,0
0.99444604,0.005553945,0
0.30366626,0.6963337,1
0.766677,0.23332302,0
0.53609854,0.46390143,1
0.6104426,0.38955742,1
0.69178945,0.30821055,1
0.6348601,0.3651399,1
0.7721349,0.22786513,0
0.9969416,0.0030583385,0
0.99680686,0.003193148,0
0.9960252,0.0039748424,0
0.728046,0.27195397,1
0.68515986,0.3148402,0
0.57886565,0.42113432,1
0.53799456,0.46200538,1
0.50990987,0.49009016,1
0.47000703,0.529993,1
0.9389348,0.06106513,0
0.9972459,0.0027541616,0
0.9652394,0.03476058,0
0.9606446,0.039355427,0
0.9607795,0.039220467,0
0.96834296,0.031656995,0
0.92883396,0.07116603,0
0.9225408,0.077459216,0
0.77673054,0.22326946,1
0.79442054,0.20557946,1
0.627807,0.372193,1
0.64800364,0.35199633,1
0.6255125,0.3744875,1
0.40137872,0.59862125,1
0.4200445,0.5799555,1
0.6326733,0.36732665,1
0.830173,0.169827,1
0.81140935,0.18859063,1
0.63461816,0.36538187,1
0.39075112,0.6092489,1
0.061725143,0.93827486,1
0.044986557,0.95501345,1
0.04775446,0.95224553,1
0.22889714,0.7711029,0
0.51703477,0.4829652,0
0.44347802,0.55652195,1
0.44765934,0.5523407,1
0.69924396,0.30075604,0
0.9953035,0.0046964483,0
0.9620601,0.037939895,1
0.6523529,0.3476471,1
0.9680436,0.031956363,0
0.94550616,0.05449384,1
0.932835,0.06716505,0
0.04220876,0.95779127,1
0.045078773,0.95492125,1
0.16966562,0.8303344,1
0.9117105,0.088289484,0
0.9234844,0.0765156,0
0.7116959,0.28830412,1
0.6547921,0.34520793,0
0.71991885,0.28008115,0
0.87881416,0.1211859,0
0.99408734,0.0059126494,0
0.7762746,0.22372544,0
0.61017066,0.38982934,0
0.3334111,0.6665889,1
0.34556302,0.65443695,1
0.3640405,0.63595945,1
0.41661924,0.5833808,1
0.6836823,0.31631765,1
0.84288514,0.15711488,0
0.89125323,0.10874684,0
0.7843905,0.21560949,0
0.755664,0.24433596,0
0.8840933,0.115906656,0
0.99044865,0.009551376,0
0.20248558,0.79751444,1
0.20397675,0.7960233,1
0.22908379,0.77091616,1
0.15408571,0.8459143,1
0.49413785,0.5058622,1
0.526005,0.473995,0
0.7061705,0.2938295,0
0.94983345,0.050166525,0
0.99729806,0.0027019614,0
0.9972012,0.0027988155,0
0.973445,0.026554916,0
0.88211846,0.11788153,0
0.62028164,0.3797184,1
0.6219424,0.3780576,1
0.6233415,0.37665847,1
0.6309621,0.36903793,1
0.57980895,0.42019105,1
0.54920834,0.4507917,1
0.38151956,0.6184804,1
0.36664313,0.63335687,1
0.551562,0.448438,1
0.7453223,0.25467774,1
0.9965563,0.0034437485,0
0.88605875,0.11394128,1
0.85198194,0.14801809,0
0.5262985,0.47370148,1
0.12690882,0.8730912,1
0.2400581,0.7599419,1
0.111856416,0.88814354,1
0.92180884,0.078191206,0
0.92155707,0.07844288,0
0.9418771,0.058122933,0
0.9452695,0.054730453,0
0.9552946,0.04470536,0
0.90287036,0.09712966,0
0.7771244,0.2228756,0
0.8833075,0.116692476,0
0.79834086,0.20165916,1
0.65556926,0.34443069,1
0.48410687,0.5158931,0
0.12583977,0.8741603,1
0.084804624,0.9151954,1
0.082410306,0.9175897,1
0.13919128,0.8608087,1
0.7167905,0.28320947,1
0.79436576,0.20563428,1
0.7093355,0.2906645,0
0.99615884,0.0038411918,0
0.6455648,0.35443518,0
0.5968187,0.4031813,1
0.6861723,0.3138277,0
0.67507714,0.32492286,0
0.30352566,0.69647443,1
0.13505296,0.8649471,1
0.115135364,0.8848646,1
0.16721594,0.83278406,1
0.4507656,0.54923445,1
0.44006172,0.5599383,1
0.7639642,0.23603582,0
0.6708565,0.3291435,0
0.6861361,0.3138639,0
0.7365627,0.26343727,0
0.6492188,0.35078117,0
0.9357803,0.06421968,0
0.73911923,0.26088077,0
0.68684393,0.31315607,1
0.69999045,0.30000952,1
0.5106016,0.4893984,1
0.68646586,0.3135341,0
0.9178511,0.08214891,0
0.9453038,0.054696172,0
0.9665409,0.033459213,0
0.9056533,0.094346754,0
0.98964614,0.010353831,0
0.680665,0.31933498,1
0.67869705,0.32130298,1
0.59711266,0.40288737,1
0.5782366,0.42176336,1
0.71862066,0.2813793,1
0.4960209,0.5039791,1
0.73366916,0.26633087,1
0.8152243,0.18477574,0
0.85127497,0.1487251,0
0.8075646,0.19243541,0
0.5495977,0.4504023,0
0.98611045,0.01388954,0
0.9971577,0.0028423083,0
0.9973339,0.002666087,0
0.9974241,0.0025759353,0
0.9971105,0.0028894462,0
0.9637464,0.03625357,0
0.66406524,0.3359348,0
0.2771037,0.7228963,1
0.5974975,0.40250248,1
0.72922456,0.27077544,0
0.71457726,0.2854228,0
0.9707403,0.029259648,0
0.99759597,0.0024040698,0
0.9974917,0.0025083444,0
0.9974375,0.0025625266,0
0.6565248,0.34347525,0
0.32402676,0.67597324,1
0.2304505,0.7695495,1
0.059251357,0.9407487,1
0.037221167,0.9627788,1
0.63091123,0.36908886,0
0.890307,0.10969301,0
0.8614701,0.13852991,0
0.5647221,0.4352779,1
0.5158964,0.48410365,1
0.40542358,0.5945765,1
0.70504534,0.29495475,1
0.9719753,0.028024673,0
0.9125171,0.08748289,0
0.85343724,0.14656271,0
0.70262665,0.29737338,0
0.88814825,0.11185178,0
0.91975427,0.08024569,0
0.66265184,0.33734816,0
0.4913094,0.50869054,0
0.34961674,0.65038323,0
0.68909454,0.31090543,0
0.87165624,0.12834375,0
0.904643,0.09535704,0
0.98357576,0.016424201,0
0.9765679,0.023432065,0
0.47735766,0.5226424,1
0.957288,0.04271196,0
0.9713516,0.028648425,0
0.9740537,0.025946297,0
0.9677807,0.03221931,0
0.9588321,0.041167907,0
0.9407834,0.05921659,0
0.5948299,0.40517008,0
0.8846056,0.11539437,0
0.9367197,0.06328031,0
0.7198801,0.2801199,1
0.38829145,0.6117086,1
0.62371725,0.3762827,0
0.8535552,0.1464448,0
0.9116872,0.08831285,0
0.8944386,0.10556135,0
0.89283013,0.10716986,0
0.90344626,0.09655374,0
0.882961,0.11703899,0
0.82306826,0.17693175,1
0.8079189,0.19208111,0
0.39506587,0.6049341,1
0.10636675,0.8936333,1
0.7947407,0.20525931,0
0.8787047,0.1212953,0
0.8961467,0.103853315,0
0.42899925,0.57100075,1
0.97647536,0.023524618,0
0.95007616,0.049923852,0
0.7118787,0.28812125,1
0.35651624,0.6434838,1
0.27073252,0.7292675,1
0.21542458,0.7845754,1
0.26686954,0.7331304,1
0.2889781,0.7110219,1
0.5402778,0.45972225,1
0.63852704,0.36147293,1
0.93631476,0.063685186,0
0.92612654,0.073873416,0
0.7613666,0.2386334,1
0.7048815,0.29511848,1
0.70548886,0.29451114,1
0.68598294,0.31401712,1
0.74787766,0.25212234,0
0.7304852,0.2695148,0
0.6598194,0.3401805,1
0.3811386,0.6188614,1
0.32782623,0.67217374,1
0.2218906,0.77810943,1
0.732183,0.26781702,0
0.8737372,0.12626274,0
0.879725,0.12027497,0
0.57107073,0.42892924,0
0.026324352,0.9736756,1
0.02595371,0.97404623,1
0.025466379,0.9745336,1
0.025276719,0.9747233,1
0.038697593,0.96130234,1
0.8759386,0.1240614,0
0.8675957,0.13240434,1
0.41634074,0.5836593,0
0.10021546,0.8997845,1
0.07818076,0.92181915,1
0.7497175,0.25028262,0
0.966169,0.033830997,0
0.6114769,0.3885231,0
0.6337567,0.36624324,0
0.8368159,0.16318414,0
0.94584805,0.05415194,0
0.85409784,0.1459022,0
0.9461694,0.053830586,0
0.74157697,0.25842306,1
0.9302945,0.06970545,0
0.93434364,0.06565633,0
0.618338,0.38166198,1
0.7085495,0.29145047,0
0.074961394,0.9250386,1
0.7288327,0.27116728,0
0.72030467,0.27969527,1
0.9670614,0.032938577,1
0.63629293,0.36370707,1
0.3920856,0.6079144,0
0.05646436,0.9435356,1
0.06553654,0.9344635,1
0.027674241,0.97232574,1
0.029146856,0.97085315,1
0.033236578,0.9667634,1
0.92498803,0.07501202,1
0.2861594,0.7138406,1
0.9371566,0.06284337,0
0.48266295,0.5173371,1
0.5407454,0.45925465,1
0.5597404,0.44025955,0
0.82722676,0.17277323,0
0.8237863,0.17621371,0
0.8852174,0.114782564,0
0.8783397,0.1216603,0
0.97946805,0.020532008,0
0.9957509,0.0042490833,0
0.6732812,0.32671884,1
0.58934236,0.41065773,1
0.27241156,0.72758853,1
0.27893624,0.7210638,1
0.33992597,0.66007394,1
0.32799333,0.67200667,1
0.35966656,0.6403335,1
0.35602695,0.64397305,1
0.9366087,0.063391335,0
0.2217369,0.77826303,1
0.040301412,0.95969856,1
0.14424935,0.8557507,1
0.09665975,0.9033402,1
0.056127824,0.94387215,1
0.9607874,0.03921263,0
0.92628765,0.073712386,0
0.5912101,0.40878984,0
0.74117124,0.25882873,0
0.9834727,0.01652734,0
0.80013293,0.19986705,0
0.79335517,0.20664485,0
0.76587504,0.23412493,0
0.8277226,0.17227733,0
0.0353041,0.96469593,1
0.3767209,0.62327915,1
0.34786764,0.65213233,1
0.39290106,0.60709894,1
0.6927039,0.3072961,1
0.9332285,0.06677152,0
0.8440208,0.15597919,1
0.6493114,0.3506886,0
0.98515713,0.014842892,0
0.98079175,0.019208236,0
0.8923014,0.10769865,0
0.8943178,0.10568221,0
0.7857009,0.21429914,0
0.6534067,0.34659332,1
0.65194684,0.34805313,0
0.7927009,0.20729908,0
0.84768975,0.15231025,0
0.43964037,0.5603596,1
0.97759926,0.022400817,0
0.88605416,0.11394588,0
0.20729637,0.79270357,1
0.3616125,0.6383875,0
0.3196643,0.6803357,1
0.40098602,0.599014,0
0.90376943,0.09623053,1
0.81645936,0.18354066,1
0.8092961,0.19070394,0
0.8735447,0.12645532,0
0.753652,0.246348,0
0.9094108,0.090589166,0
0.9905742,0.009425839,0
0.99174035,0.008259704,0
0.9890513,0.010948739,0
0.98813164,0.011868338,0
0.98634875,0.013651209,0
0.92701596,0.07298405,0
0.9520681,0.047931954,0
0.96455115,0.035448804,0
0.9694551,0.030544879,0
0.9723508,0.027649272,0
0.96152216,0.038477834,0
0.12622885,0.8737711,1
0.4200793,0.57992065,0
0.99303573,0.006964244,0
0.995871,0.004128922,0
0.971342,0.028657986,0
0.7811714,0.21882863,0
0.80655354,0.19344638,0
0.88822156,0.11177845,0
0.6501909,0.3498091,0
0.5441365,0.45586348,0
0.47480103,0.52519894,0
0.51020473,0.48979524,0
0.9709119,0.02908805,0
0.994786,0.0052139014,0
0.960493,0.039506983,0
0.68713087,0.31286913,0
0.6422239,0.35777608,0
0.70479614,0.29520386,0
0.662312,0.33768794,0
0.56328493,0.4367151,0
0.4140791,0.5859209,1
0.47374442,0.52625555,0
0.34560576,0.65439427,1
0.28991234,0.71008766,1
0.9971296,0.002870353,0
0.930478,0.06952197,0
0.30659446,0.6934055,1
0.15897064,0.8410294,1
0.10284351,0.8971565,1
0.09720591,0.90279406,1
0.14950226,0.8504977,1
0.33911848,0.6608815,0
0.41751322,0.58248675,1
0.41804802,0.5819519,1
0.99793565,0.0020644236,0
0.9978777,0.0021222448,0
0.79513884,0.20486121,0
0.517217,0.48278296,1
0.12880892,0.871191,0
0.43086344,0.5691365,0
0.6782582,0.32174173,0
0.6312768,0.36872324,1
0.58804363,0.4119564,1
0.9975769,0.0024231386,0
0.78036624,0.21963371,1
0.40060678,0.5993932,1
0.09060268,0.9093973,1
0.71885115,0.28114888,1
0.30563107,0.69436896,1
0.9972748,0.0027252017,0
0.99391586,0.006084156,0
0.82594997,0.17405002,0
0.53605187,0.46394816,0
0.8864996,0.11350041,0
0.95646477,0.04353527,0
0.9503304,0.04966962,0
0.85520846,0.14479153,0
0.8633952,0.13660477,0
0.9011084,0.09889161,0
0.890789,0.10921101,0
0.9957119,0.0042881346,0
0.5674495,0.43255046,1
0.9282542,0.071745865,0
0.83883923,0.16116078,1
0.7920265,0.2079735,1
0.66686237,0.33313763,1
0.9935893,0.0064107124,0
0.7398139,0.26018608,1
0.25483873,0.74516124,1
0.5883298,0.4116702,1
0.7756335,0.22436647,1
0.93759763,0.062402405,1
0.93884844,0.061151586,1
0.99698764,0.0030124323,0
0.9979001,0.0020998297,0
0.9972229,0.0027770926,0
0.99645126,0.003548774,0
0.6556179,0.3443821,1
0.6142412,0.38575885,1
0.640659,0.35934106,1
0.71504164,0.28495842,1
0.2425597,0.75744027,1
0.54335874,0.45664126,1
0.9971222,0.0028777116,0
0.10138254,0.89861745,1
0.039371267,0.96062875,1
0.96130234,0.03869768,1
0.9582197,0.041780293,0
0.85733646,0.14266355,0
0.74099016,0.25900984,0
0.40760595,0.592394,0
0.99642664,0.0035733876,0
0.98705715,0.012942785,0
0.77636576,0.22363423,0
0.4895233,0.51047665,0
0.7881807,0.2118193,0
0.8030601,0.19693989,0
0.6964186,0.3035814,1
0.6839064,0.31609362,0
0.46002144,0.5399786,1
0.72416323,0.27583674,0
0.6786685,0.32133147,0
0.7968327,0.20316735,0
0.5402018,0.45979822,1
0.25558487,0.74441516,1
0.34419644,0.65580356,1
0.7962196,0.20378044,0
0.67240155,0.32759848,1
0.56024086,0.43975914,1
0.74884635,0.2511537,0
0.9827473,0.017252661,0
0.8616768,0.13832323,0
0.768059,0.23194093,0
0.59800863,0.40199137,0
0.57344615,0.42655385,0
0.37806958,0.62193036,1
0.84485435,0.1551456,0
0.7480863,0.2519137,1
0.90109926,0.09890077,0
0.90339065,0.09660942,0
0.64026195,0.35973808,1
0.8433721,0.1566279,0
0.5459054,0.4540946,0
0.41959968,0.5804003,0
0.65502995,0.34497008,0
0.6735114,0.3264886,0
0.8081454,0.1918546,0
0.8021097,0.1978902,0
0.75839144,0.24160855,0
0.32321438,0.6767856,1
0.80305743,0.19694258,1
0.97455215,0.02544778,0
0.897768,0.102231994,0
0.71935177,0.28064823,0
0.7448295,0.25517046,0
0.7199061,0.28009394,0
0.73720783,0.26279217,0
0.90333253,0.096667506,0
0.9419062,0.058093816,0
0.99305665,0.0069433446,0
0.9975109,0.002489095,0
0.99697375,0.003026278,0
0.9963862,0.003613882,0
0.70429325,0.29570672,1
0.616489,0.38351104,1
0.5845428,0.41545713,1
0.6383242,0.36167583,1
0.6620282,0.33797187,1
0.23251174,0.76748824,1
0.291234,0.70876604,1
0.7804647,0.21953525,0
0.9833066,0.016693462,0
0.6692837,0.33071637,1
0.89861625,0.10138373,0
0.9189611,0.08103885,0
0.83470047,0.16529953,1
0.94846386,0.051536135,0
0.95317477,0.046825238,0
0.9607436,0.039256424,0
0.95524174,0.044758283,0
0.95759195,0.042408008,0
0.51961625,0.4803837,1
0.71884817,0.28115183,1
0.7283623,0.27163765,0
0.78376985,0.21623012,1
0.8980276,0.101972364,0
0.7832213,0.2167787,0
0.4107223,0.5892777,0
0.5543041,0.44569585,0
0.9558352,0.044164713,0
0.9419113,0.05808877,0
0.6434315,0.3565685,0
0.7021064,0.2978936,0
0.77467954,0.22532047,0
0.8376073,0.16239268,0
0.8673459,0.13265406,0
0.661728,0.33827195,0
0.722966,0.27703395,0
0.5523611,0.44763887,1
0.50006133,0.4999387,1
0.7759483,0.22405173,0
0.9176616,0.08233844,0
0.8615454,0.1384546,1
0.57858795,0.42141208,1
0.7776036,0.2223964,1
0.91726446,0.082735606,0
0.95761776,0.042382225,0
0.9319339,0.06806609,0
0.93534166,0.06465831,0
0.8562109,0.14378908,1
0.5801329,0.4198671,1
0.5771031,0.42289692,1
0.9478693,0.0521307,0
0.67278725,0.32721275,1
0.70339936,0.2966006,1
0.87483317,0.1251669,0
0.84563154,0.1543685,1
0.7722957,0.2277043,1
0.91364664,0.08635341,1
0.87708974,0.12291025,0
0.5019664,0.49803352,1
0.58740646,0.41259357,1
0.24439088,0.75560915,1
0.2391234,0.7608766,1
0.39712173,0.6028783,0
0.2562935,0.7437065,0
0.75241303,0.24758692,0
0.94940925,0.0505907,0
0.99747986,0.0025201906,0
0.99705875,0.002941246,0
0.7907755,0.20922446,0
0.72556096,0.27443907,0
0.66802394,0.331976,0
0.68342304,0.3165769,0
0.6485985,0.3514016,0
0.6679559,0.33204412,0
0.6229712,0.3770288,1
0.0840563,0.9159437,1
0.10858512,0.8914149,1
0.5157301,0.48426995,1
0.6561257,0.34387428,0
0.7051934,0.29480663,0
0.7004331,0.29956692,1
0.81194174,0.18805827,0
0.9706637,0.029336225,0
0.97698885,0.02301119,0
0.9775154,0.022484643,0
0.94050944,0.059490543,0
0.9496468,0.05035322,0
0.4204375,0.5795625,1
0.9761671,0.023832899,0
0.9579571,0.04204292,0
0.61733323,0.3826668,1
0.42093772,0.5790623,0
0.43279472,0.56720525,0
0.23358579,0.76641417,1
0.94725305,0.0527469,0
0.7754274,0.22457254,0
0.5166469,0.4833531,1
0.6141663,0.38583365,1
0.7761207,0.22387925,1
0.7644322,0.2355678,1
0.74240553,0.25759444,0
0.79461205,0.20538796,0
0.97000456,0.029995447,0
0.9797854,0.020214666,0
0.9797152,0.020284766,0
0.69741863,0.30258137,0
0.9554959,0.04450411,0
0.88871187,0.11128817,0
0.79604095,0.20395908,1
0.53295094,0.46704912,1
0.66288793,0.33711213,1
0.9597931,0.04020688,1
0.9569947,0.043005314,1
0.87322664,0.12677337,1
0.93457115,0.06542879,0
0.9557611,0.044238936,0
0.93587667,0.06412328,0
0.9817125,0.01828745,1
0.9855703,0.0144297145,1
0.95779216,0.04220788,0
0.88135546,0.118644536,0
0.68552405,0.31447595,0
0.7333186,0.2666813,0
0.70525664,0.29474336,0
0.74217314,0.25782686,0
0.5177447,0.4822553,0
0.74874353,0.25125647,1
0.30765563,0.69234437,1
0.61691386,0.3830862,1
0.9404214,0.059578545,1
0.9599772,0.040022824,0
0.9431728,0.056827214,0
0.022946164,0.9770538,1
0.08473853,0.9152615,1
0.5844715,0.41552845,0
0.38950366,0.61049634,0
0.12242859,0.87757146,1
0.45723283,0.5427671,1
0.06512909,0.9348709,1
0.8863633,0.11363672,1
0.9286719,0.07132808,0
0.9949692,0.0050308625,0
0.99687386,0.0031261246,0
0.7149874,0.28501257,0
0.6187957,0.3812043,0
0.027612712,0.97238725,1
0.03577335,0.96422666,1
0.93382263,0.066177376,0
0.8878777,0.11212232,0
0.9735295,0.026470518,0
0.680592,0.31940806,0
0.8659878,0.13401219,0
0.90218616,0.09781387,0
0.85705626,0.14294372,0
0.95187294,0.048127003,0
0.86242706,0.13757297,0
0.9599486,0.0400514,0
0.42333353,0.5766665,1
0.31130344,0.68869656,0
0.9377136,0.062286317,0
0.88114285,0.11885713,0
0.9292206,0.07077943,0
0.97396266,0.026037386,0
0.7898521,0.21014792,0
0.9346581,0.06534185,0
0.9859292,0.014070769,1
0.88951665,0.11048334,1
0.85484755,0.14515248,0
0.7724977,0.22750235,0
0.7386639,0.2613361,0
0.75537384,0.24462613,0
0.86030793,0.13969211,0
0.9208567,0.079143226,0
0.9104903,0.08950978,0
0.90535825,0.0946417,0
0.5108471,0.4891529,0
0.7357768,0.2642232,0
0.9559259,0.044074178,0
0.3474339,0.6525661,0
0.58960605,0.410394,0
0.245237,0.754763,0
0.14517169,0.8548283,1
0.33393082,0.66606915,0
0.8641247,0.13587531,0
0.8577078,0.14229217,0
0.5432401,0.4567599,1
0.9974075,0.0025925054,0
0.9972621,0.0027378139,0
0.9184708,0.08152914,0
0.029384455,0.97061557,1
0.027423356,0.9725767,1
0.030431403,0.9695686,1
0.8756284,0.124371596,0
0.02092147,0.97907853,1
0.13584682,0.8641532,1
0.0378547,0.96214527,1
0.038641687,0.9613583,1
0.044578824,0.95542115,1
0.7995148,0.20048521,0
0.7694102,0.23058975,0
0.99498135,0.005018682,0
0.9926698,0.007330218,0
0.6997762,0.30022383,0
0.044258058,0.95574194,1
0.02952259,0.97047746,1
0.459924,0.54007596,0
0.66920173,0.3307983,0
0.6031617,0.39683834,0
0.024965977,0.97503406,1
0.022136318,0.9778637,1
0.7583565,0.24164353,0
0.7145819,0.2854181,0
0.99722666,0.0027732984,0
0.99527466,0.004725316,0
0.7473969,0.25260305,0
0.6271833,0.37281674,0
0.72084945,0.27915058,0
0.94512093,0.05487903,0
0.96944976,0.030550206,0
0.31392413,0.6860758,0
0.6295336,0.37046647,1
0.3918655,0.60813457,1
0.8542076,0.14579242,0
0.61449546,0.38550457,0
0.9822568,0.01774317,0
0.7065808,0.29341918,0
0.5274379,0.47256207,0
0.9469914,0.053008575,0
0.7648255,0.23517442,0
0.8310058,0.1689942,0
0.8744211,0.12557888,0
0.8565381,0.1434619,0
0.8139065,0.18609351,0
0.78105026,0.2189497,0
0.5918182,0.40818182,1
0.7912289,0.2087711,1
0.2362381,0.76376194,0
0.21875097,0.781249,1
0.08557575,0.91442424,1
0.9459295,0.0540705,1
0.96478647,0.035213508,0
0.90044254,0.099557444,0
0.1552597,0.8447404,0
0.8454077,0.15459226,0
0.80758363,0.19241638,1
0.0228692,0.9771308,1
0.982521,0.01747906,0
0.021836031,0.97816396,1
0.025505142,0.9744949,1
0.5759468,0.42405316,0
0.73884904,0.261151,0
0.30138585,0.6986141,0
0.921907,0.07809294,0
0.62134856,0.37865144,0
0.036282904,0.9637171,1
0.5137049,0.48629504,0
0.6878002,0.3121998,0
0.75113416,0.24886583,0
0.052968998,0.94703096,1
0.7775553,0.22244467,0
0.22478889,0.7752111,1
0.8880557,0.111944325,1
0.9954893,0.00451072,0
0.996894,0.0031059773,0
0.9971513,0.002848659,0
0.9971391,0.002860904,0
0.98602825,0.013971764,0
0.7467424,0.25325754,0
0.84142566,0.15857434,0
0.8322069,0.16779311,0
0.59224737,0.40775263,1
0.82272387,0.17727613,0
0.035633348,0.9643667,1
0.021016914,0.97898304,1
0.03042223,0.9695777,1
0.9259784,0.074021526,0
0.93511,0.06488997,0
0.9387093,0.061290607,0
0.04532835,0.9546716,0
0.029592948,0.97040707,0
0.55752885,0.4424711,0
0.023838159,0.9761619,1
0.035199407,0.96480054,1
0.9519151,0.04808492,0
0.9669067,0.033093344,0
0.7580721,0.2419279,0
0.80766296,0.19233702,0
0.83392835,0.16607167,0
0.6999628,0.30003724,0
0.97837174,0.02162825,0
0.8517185,0.14828148,0
0.042884603,0.95711535,1
0.7511121,0.24888782,0
0.91350883,0.08649122,0
0.9638284,0.036171634,0
0.96640134,0.033598717,0
0.96933514,0.030664885,0
0.0252872,0.9747127,1
0.7056722,0.2943278,0
0.9412484,0.05875162,0
0.0646409,0.93535906,1
0.83864504,0.16135499,1
0.9626073,0.037392672,0
0.983157,0.016842987,0
0.021331705,0.9786683,1
0.08959056,0.91040945,1
0.985314,0.014685966,0
0.9719681,0.028031882,0
0.34010768,0.6598923,0
0.9373991,0.06260098,0
0.9489896,0.051010344,0
0.9883283,0.0116717145,0
0.9931793,0.006820633,0
0.9725572,0.027442858,0
0.67884266,0.3211574,1
0.884349,0.11565102,0
0.9361478,0.06385217,0
0.8603522,0.13964781,0
0.048747998,0.951252,1
0.02543154,0.9745685,1
0.5311571,0.46884298,0
0.9596832,0.040316813,0
0.031207843,0.9687922,1
0.024226625,0.9757734,1
0.92630297,0.07369703,0
0.91225815,0.08774182,0
0.4089463,0.5910537,0
0.38700473,0.6129952,0
0.7838314,0.21616855,0
0.6193846,0.3806154,0
0.83129215,0.16870786,0
0.84561753,0.1543825,0
0.766928,0.23307203,0
0.86184055,0.13815938,1
0.029095815,0.9709042,1
0.66423166,0.33576837,1
0.3796677,0.6203323,0
0.7726202,0.22737981,0
0.20479946,0.7952005,1
0.88189334,0.118106745,1
0.8168705,0.1831295,1
0.27471215,0.72528785,1
0.08501818,0.9149818,1
0.44484538,0.5551547,1
0.9284443,0.071555644,1
0.99185914,0.008140919,0
0.9972229,0.0027771536,0
0.59666204,0.40333793,0
0.16946502,0.83053493,1
0.186874,0.813126,0
0.6071747,0.39282528,0
0.62306434,0.37693563,0
0.78269535,0.21730463,0
0.88167745,0.11832255,0
0.92168814,0.07831189,0
0.9675465,0.032453485,0
0.97177786,0.028222144,0
0.9692412,0.03075883,0
0.4115456,0.58845437,0
0.92038995,0.07961005,1
0.5192045,0.4807956,1
0.9966182,0.0033818479,0
0.96748716,0.032512862,0
0.7840679,0.21593209,1
0.92003775,0.0799623,1
0.45942646,0.54057354,1
0.64412194,0.35587808,0
0.5612098,0.4387902,1
0.72173566,0.27826428,0
0.9512296,0.048770458,0
0.9830048,0.016995184,0
0.78836006,0.21163997,0
0.58283794,0.41716203,1
0.75068676,0.24931316,1
0.8283684,0.17163156,0
0.99529797,0.0047020777,0
0.96158546,0.03841454,0
0.794925,0.20507497,0
0.7567715,0.24322842,0
0.8487084,0.15129162,0
0.8922255,0.10777443,0
0.9516594,0.0483406,0
0.7220256,0.2779744,1
0.85772073,0.14227933,1
0.9226049,0.0773951,0
0.7106021,0.2893979,1
0.8770143,0.12298571,0
0.5664116,0.43358836,1
0.68152106,0.31847894,1
0.63266206,0.36733797,1
0.65684,0.34315997,0
0.78218704,0.21781293,0
0.83750486,0.16249514,0
0.841849,0.15815097,1
0.86898,0.13101996,1
0.8773066,0.12269341,0
0.77253324,0.22746678,1
0.973821,0.026178984,0
0.9949974,0.00500265,0
0.24290536,0.75709456,1
0.24687779,0.7531222,1
0.70645905,0.29354092,0
0.8428128,0.15718725,0
0.27590337,0.7240967,1
0.66482776,0.33517227,0
0.6029395,0.39706054,0
0.7439436,0.2560565,0
0.99782455,0.0021754256,0
0.7272905,0.27270955,1
0.45732346,0.5426765,1
0.7258387,0.27416128,0
0.68802875,0.3119713,0
0.8561123,0.14388764,0
0.9731233,0.026876643,0
0.74338984,0.25661016,0
0.022932507,0.9770675,1
0.035104107,0.9648959,1
0.4224417,0.5775584,1
0.87046194,0.129538,0
0.76158243,0.23841763,0
0.5450562,0.45494378,0
0.80120146,0.19879854,0
0.735494,0.264506,0
0.6872879,0.31271213,0
0.6505788,0.3494212,0
0.740913,0.259087,0
0.3665915,0.6334084,0
0.6331924,0.36680752,0
0.44174063,0.5582593,0
0.45064297,0.549357,0
0.9279097,0.072090246,1
0.84852064,0.15147942,1
0.93328094,0.06671906,0
0.7620367,0.23796336,1
0.7331221,0.26687792,1
0.8526659,0.14733408,0
0.86769336,0.13230667,0
0.9613461,0.03865392,0
0.35526648,0.6447335,0
0.6513129,0.3486871,1
0.7254237,0.27457634,1
0.9114656,0.0885344,0
0.8164994,0.18350059,0
0.9124362,0.087563865,0
0.93899167,0.06100828,0
0.62562126,0.37437877,0
0.32322785,0.6767721,1
0.67754406,0.3224559,0
0.8568861,0.14311387,0
0.89289826,0.10710166,0
0.60753924,0.3924607,1
0.5262612,0.47373882,0
0.7389861,0.2610139,0
0.8646798,0.13532022,0
0.6437639,0.35623607,1
0.88486576,0.115134194,0
0.7504166,0.2495835,0
0.8828098,0.11719022,0
0.35826108,0.6417389,1
0.33967394,0.66032606,1
0.8386923,0.16130774,0
0.9558711,0.04412897,0
0.6078025,0.39219752,1
0.048193797,0.95180625,1
0.028867124,0.9711329,1
0.0301711,0.9698289,1
0.35968578,0.6403142,1
0.39447966,0.60552037,0
0.034095857,0.9659041,1
0.88211673,0.117883325,0
0.9886624,0.011337578,0
0.7869711,0.21302898,0
0.7160634,0.28393662,0
0.7491885,0.25081152,0
0.6442718,0.35572827,0
0.71350086,0.2864991,0
0.82633007,0.17366992,0
0.041564263,0.9584357,1
0.56125396,0.4387461,0
0.63808787,0.3619122,0
0.9165879,0.08341213,0
0.99665266,0.0033473533,0
0.9013106,0.098689385,0
0.623696,0.37630394,0
0.8976685,0.10233151,0
0.5381313,0.46186867,1
0.40910277,0.5908972,1
0.83583844,0.16416158,1
0.90345424,0.09654578,0
0.74572456,0.25427544,0
0.8110675,0.18893248,0
0.7098393,0.29016072,0
0.6861887,0.3138113,0
0.8595248,0.1404752,0
0.93772525,0.062274724,0
0.6769665,0.3230335,1
0.86162513,0.13837488,1
0.061329406,0.9386706,1
0.04190252,0.95809746,1
0.4511984,0.5488016,1
0.534842,0.465158,0
0.6001077,0.39989224,0
0.054178018,0.945822,1
0.025737485,0.97426254,1
0.023711571,0.97628844,1
0.022399006,0.97760093,1
0.5278885,0.4721115,0
0.86751103,0.13248898,0
0.7978099,0.20219009,0
0.23065552,0.76934445,1
0.07990974,0.92009026,1
0.31022367,0.68977636,1
0.365822,0.63417804,1
0.734267,0.26573303,0
0.046457738,0.9535423,1
0.021591969,0.978408,1
0.10628512,0.89371485,0
0.7615452,0.23845485,0
0.8765105,0.12348944,0
0.8949463,0.10505373,0
0.28443283,0.7155672,0
0.860219,0.13978104,0
0.9128756,0.08712439,0
0.031278495,0.9687215,1
0.021118904,0.9788811,1
0.021663552,0.97833645,1
0.020877317,0.97912264,1
0.04080697,0.959193,0
0.049757056,0.95024294,0
0.99625564,0.0037443335,0
0.99749184,0.0025082151,0
0.9959934,0.0040066456,0
0.732645,0.26735494,0
0.7537395,0.24626052,0
0.73766816,0.26233184,0
0.76835126,0.2316487,0
0.696512,0.30348805,0
0.739052,0.26094803,0
0.5903717,0.40962827,0
0.7333574,0.26664257,0
0.79341024,0.20658982,0
0.95121825,0.048781753,0
0.9358518,0.064148195,0
0.8919025,0.10809745,0
0.95084584,0.04915414,0
0.8863863,0.1136137,0
0.7757515,0.22424854,0
0.09797557,0.90202445,1
0.7575304,0.24246964,0
0.95829785,0.04170209,0
0.9207448,0.07925524,1
0.57934654,0.42065343,0
0.6616765,0.33832347,0
0.8070431,0.19295695,1
0.27028158,0.72971845,1
0.040751763,0.9592483,1
0.048342247,0.9516578,1
0.114643045,0.8853569,1
0.022499833,0.97750014,1
0.02190156,0.9780984,1
0.83832276,0.16167718,0
0.67221767,0.32778227,0
0.33988172,0.66011834,0
0.79631287,0.20368713,0
0.6522474,0.3477526,0
0.6471674,0.35283262,0
0.47526202,0.52473795,0
0.6562342,0.34376574,0
0.8142735,0.1857265,0
0.730661,0.26933905,0
0.0691581,0.9308419,1
0.6869238,0.31307617,0
0.7199831,0.2800169,0
0.6954848,0.30451524,0
0.86791116,0.13208878,0
0.6907207,0.3092793,0
0.31255,0.68744993,1
0.7245392,0.27546072,0
0.33071667,0.66928333,0
0.8056902,0.19430976,0
0.45311472,0.54688525,0
0.6643541,0.33564585,0
0.20195545,0.7980445,0
0.3933034,0.6066966,1
0.6676486,0.33235145,0
0.8798812,0.12011883,0
0.3625919,0.6374081,1
0.7870194,0.21298061,0
0.7174646,0.2825354,0
0.7960609,0.20393915,0
0.85334116,0.14665888,0
0.8064096,0.19359043,0
0.5140096,0.48599038,1
0.558951,0.441049,0
0.70094234,0.29905763,0
0.022466399,0.97753364,1
0.030928174,0.9690718,0
0.02244952,0.9775505,1
0.33125943,0.6687406,0
0.2717134,0.72828656,0
0.02295658,0.97704345,0
0.022533365,0.97746664,0
0.8165257,0.18347429,0
0.78221977,0.21778022,0
0.039993454,0.96000654,0
0.05323532,0.9467647,0
0.45648912,0.5435109,0
0.7775944,0.22240563,0
0.7368801,0.2631199,0
0.034781914,0.96521807,0
0.028491609,0.97150844,1
0.051025864,0.9489742,1
0.029896913,0.97010314,1
0.5959775,0.40402249,0
0.831567,0.16843304,0
0.83702785,0.16297217,0
0.804392,0.1956081,0
0.6002942,0.39970583,0
0.79986894,0.20013103,0
0.42817888,0.57182115,0
0.77918684,0.22081314,0
0.92193997,0.07806001,0
0.7801465,0.21985354,1
0.6523422,0.34765783,1
0.23024113,0.7697589,0
0.6479703,0.35202974,0
0.6074411,0.3925589,0
0.09541223,0.9045878,1
0.10685504,0.89314497,1
0.03395324,0.96604675,1
0.042438325,0.9575617,1
0.40135092,0.5986491,1
0.6187643,0.3812358,0
0.058781687,0.9412183,1
0.40272948,0.5972705,0
0.88831264,0.11168734,0
0.1644374,0.8355626,1
0.025137963,0.97486204,1
0.6270133,0.3729867,0
0.022374203,0.9776258,1
0.9541789,0.045821086,0
0.13102868,0.86897135,1
0.89438796,0.10561198,0
0.07239067,0.9276094,1
0.031768486,0.96823156,1
0.53751475,0.46248528,0
0.03436482,0.9656352,1
0.025726486,0.9742735,1
0.8463458,0.15365422,0
0.7663514,0.23364866,0
0.76066947,0.23933059,0
0.86133015,0.13866985,0
0.033505525,0.9664945,1
0.3589394,0.64106053,0
0.94740725,0.05259273,0
0.96244025,0.037559774,0
0.029575076,0.9704249,1
0.15959907,0.84040093,1
0.25374523,0.74625474,0
0.7739473,0.22605269,0
0.85156476,0.14843519,0
0.6007388,0.39926112,0
0.7521634,0.24783652,0
0.80130476,0.19869527,0
0.90273535,0.09726459,0
0.92654186,0.07345819,0
0.6834506,0.31654948,0
0.7615863,0.23841375,0
0.7417854,0.2582146,0
0.6792044,0.3207956,1
0.23305595,0.766944,1
0.5198623,0.4801377,1
0.7808779,0.2191221,0
0.9128865,0.08711355,0
0.40892705,0.591073,0
0.7963723,0.20362769,1
0.35484958,0.6451504,1
0.77133757,0.22866242,0
0.1237428,0.8762572,1
0.880654,0.11934598,0
0.95555824,0.044441693,0
0.94835246,0.051647518,0
0.6083836,0.3916165,1
0.67651886,0.32348117,1
0.75023806,0.24976194,1
0.8456189,0.15438107,1
0.4226454,0.5773546,1
0.63441515,0.36558476,1
0.78912103,0.21087898,1
0.028309949,0.97169006,1
0.8985307,0.101469286,0
0.9022752,0.097724825,0
0.90104973,0.09895026,0
0.9312916,0.06870845,0
0.8233217,0.1766783,0
0.8015128,0.1984872,1
0.768425,0.231575,1
0.09199304,0.90800697,1
0.78436923,0.21563074,1
0.7659866,0.2340134,1
0.97529954,0.024700409,0
0.97049093,0.02950904,0
0.7630068,0.23699318,1
0.038840715,0.9611593,1
0.14894834,0.8510517,1
0.5424251,0.457575,1
0.33888027,0.66111976,1
0.25692332,0.74307674,1
0.54761475,0.4523852,1
0.045589108,0.95441085,1
0.047889493,0.9521105,1
0.89131534,0.10868464,0
0.8888011,0.11119887,0
0.8926141,0.10738591,0
0.18532906,0.8146709,1
0.5396877,0.46031225,0
0.7572623,0.24273771,0
0.45388675,0.5461132,0
0.9493712,0.050628733,0
0.4863448,0.5136552,1
0.10124878,0.89875126,1
0.7528628,0.24713722,1
0.801716,0.19828394,0
0.994521,0.005478905,0
0.0660446,0.9339554,0
0.09268516,0.9073148,1
0.21127146,0.7887286,1
0.89029026,0.10970973,0
0.9014318,0.09856823,0
0.47083455,0.5291654,1
0.68379474,0.3162052,0
0.030653797,0.9693462,1
0.08749991,0.9125001,1
0.10394025,0.8960597,1
0.11867543,0.8813246,1
0.04439274,0.95560724,1
0.02237998,0.97761995,1
0.096756704,0.90324324,1
0.26799342,0.73200655,1
0.37844312,0.6215569,0
0.94346154,0.056538522,0
0.88699096,0.113009006,0
0.847451,0.15254903,0
0.41392368,0.5860763,0
0.70112103,0.298879,0
0.7604884,0.2395116,0
0.8579285,0.14207146,0
0.90039885,0.099601164,0
0.59070086,0.40929914,1
0.05452473,0.9454752,1
0.07422555,0.92577446,1
0.9037594,0.09624062,0
0.25916848,0.74083143,0
0.4911375,0.5088625,0
0.70336103,0.29663897,0
0.7814387,0.21856125,0
0.05681105,0.9431889,0
0.3689776,0.6310224,1
0.6007428,0.39925718,0
0.8957905,0.10420947,0
0.89048094,0.10951906,0
0.8268997,0.17310035,0
0.96084434,0.03915571,0
0.8646604,0.13533966,0
0.89698255,0.10301737,0
0.56259525,0.43740478,1
0.9087693,0.09123064,0
0.9256498,0.074350215,0
0.94700176,0.05299821,0
0.6635596,0.3364404,1
0.9343205,0.06567946,0
0.66038847,0.33961156,0
0.9711198,0.028880103,0
0.89257765,0.107422344,0
0.9406622,0.059337784,0
0.733436,0.26656398,1
0.92423934,0.0757607,0
0.9110821,0.088917874,0
0.8717956,0.12820445,0
0.90787655,0.09212338,0
0.042969394,0.95703065,1
0.03552745,0.96447253,1
0.24258012,0.7574198,1
0.3763087,0.6236913,1
0.48394874,0.51605123,0
0.98434955,0.015650442,0
0.99761117,0.0023888224,0
0.9969254,0.0030745878,0
0.99535024,0.004649742,0
0.7595651,0.24043496,0
0.56040335,0.43959668,1
0.65019673,0.34980324,1
0.077829905,0.9221701,1
0.4072776,0.5927224,1
0.7134312,0.2865688,0
0.76342005,0.23658,0
0.03655739,0.9634426,1
0.037535828,0.9624642,1
0.029466001,0.970534,1
0.029294707,0.9707053,1
0.038617253,0.9613828,1
0.8513234,0.1486766,0
0.93834317,0.06165685,0
0.9217578,0.07824222,0
0.8122463,0.18775366,0
0.29136503,0.708635,0
0.75146395,0.24853604,0
0.83837193,0.16162808,0
0.9253663,0.07463379,0
0.8940477,0.10595231,0
0.68165666,0.3183433,0
0.6428037,0.3571963,0
0.8884081,0.11159184,0
0.8143011,0.18569897,0
0.8393318,0.1606682,0
0.8938062,0.1061938,0
0.921781,0.07821901,0
0.9177862,0.08221378,0
0.38709027,0.6129098,1
0.75871205,0.24128795,1
0.91890484,0.081095114,0
0.83356035,0.16643962,0
0.7251706,0.27482945,0
0.80165774,0.19834234,0
0.9341032,0.06589682,0
0.52457803,0.47542202,1
0.92769617,0.072303884,0
0.9359833,0.06401667,0
0.9234303,0.076569736,0
0.6875769,0.3124231,0
0.61992675,0.3800733,1
0.59149885,0.40850118,1
0.90620995,0.09379006,0
0.97337747,0.026622564,0
0.9732476,0.026752353,0
0.24813972,0.75186026,1
0.6342446,0.3657554,1
0.83610535,0.16389471,1
0.8215645,0.17843547,1
0.6144248,0.38557523,1
0.9104903,0.08950978,0
0.4044775,0.59552246,1
0.97130144,0.028698612,0
0.9790789,0.020921076,0
0.98894393,0.011056112,0
0.5472471,0.45275286,0
0.32253528,0.6774647,1
0.43387055,0.56612945,1
0.4871119,0.5128881,1
0.2549311,0.74506885,1
0.7369145,0.2630855,1
0.81461453,0.18538545,0
0.71316284,0.2868371,0
0.96016914,0.039830804,0
0.99407744,0.005922563,0
0.997815,0.002184917,0
0.9973869,0.0026131584,0
0.74760133,0.2523987,0
0.054244697,0.94575524,1
0.030019507,0.96998054,1
0.050743397,0.9492566,1
0.05360887,0.9463911,1
0.08686066,0.9131394,1
0.68691975,0.31308028,0
0.8462103,0.15378974,0
0.9164506,0.08354936,0
0.04537951,0.9546205,1
0.059809845,0.9401902,1
0.069102466,0.93089753,1
0.9050507,0.09494931,0
0.8434512,0.15654877,0
0.69417447,0.30582547,0
0.65523773,0.34476224,0
0.3202197,0.6797803,1
0.051606607,0.9483934,1
0.15577728,0.8442227,1
0.4224767,0.5775233,1
0.33901632,0.6609837,1
0.45818338,0.5418166,1
0.61977565,0.38022438,0
0.025311625,0.9746884,1
0.14919233,0.85080767,1
0.03966059,0.9603394,1
0.07789157,0.92210835,1
0.057287045,0.94271296,1
0.33271006,0.66729,0
0.22536959,0.7746304,0
0.047044065,0.9529559,1
0.43534157,0.5646584,0
0.4796565,0.5203435,0
0.17253105,0.82746893,0
0.48094293,0.5190571,0
0.02936708,0.970633,1
0.5718109,0.42818907,0
0.6133669,0.38663316,0
0.892926,0.10707409,0
0.80054605,0.19945395,0
0.0498857,0.95011437,1
0.8782123,0.12178774,0
0.029842941,0.9701571,1
0.7181223,0.2818777,0
0.2694872,0.73051274,0
0.3013204,0.6986796,1
0.15482923,0.84517074,1
0.80736405,0.19263591,0
0.8485825,0.15141748,0
0.5769742,0.4230258,0
0.46598473,0.53401524,1
0.85827154,0.1417284,0
0.8985992,0.10140081,0
0.5939525,0.4060475,0
0.8879317,0.11206824,0
0.7844703,0.21552971,0
0.0414635,0.95853645,1
0.11936573,0.8806342,1
0.1473078,0.8526921,1
0.35026333,0.64973664,0
0.7488748,0.25112516,0
0.7366997,0.26330024,0
0.1770605,0.8229396,1
0.06355481,0.93644524,1
0.21790563,0.78209436,1
0.052871045,0.9471289,1
0.07680259,0.9231974,1
0.044217527,0.9557824,1
0.03819803,0.961802,1
0.25709915,0.7429009,0
0.71787345,0.28212664,0
0.7515665,0.24843347,0
0.90420157,0.09579843,0
0.24953453,0.7504655,0
0.1231804,0.8768196,0
0.50288343,0.49711657,0
0.22329468,0.77670527,1
0.025962966,0.9740371,1
0.4099474,0.5900526,1
0.92133784,0.07866214,0
0.90117323,0.098826766,0
0.24548769,0.75451237,1
0.26135728,0.7386427,1
0.503168,0.49683207,0
0.53578085,0.4642192,0
0.20908444,0.79091555,1
0.43515775,0.5648423,0
0.6193472,0.38065284,0
0.8760457,0.12395427,0
0.29192352,0.70807654,1
0.5297957,0.47020435,1
0.9656789,0.03432108,0
0.6328721,0.36712793,1
0.78238535,0.21761465,0
0.36143515,0.6385648,1
0.5984497,0.4015503,0
0.97763515,0.022364903,0
0.11321039,0.8867897,1
0.071529515,0.92847043,1
0.13052584,0.86947423,1
0.1360439,0.86395615,1
0.09008014,0.9099199,1
0.023931766,0.97606826,1
0.024922837,0.97507715,1
0.064882495,0.9351175,1
0.72169006,0.27830988,0
0.90298736,0.0970126,0
0.8860843,0.11391569,0
0.6890892,0.3109108,0
0.06873792,0.93126214,0
0.023171904,0.9768281,1
0.023559427,0.9764406,1
0.024849497,0.97515047,1
0.07036164,0.9296383,0
0.09243116,0.9075689,0
0.2523338,0.7476662,0
0.45102167,0.5489784,0
0.89099705,0.10900298,0
0.34372476,0.6562753,0
0.92102146,0.07897856,0
0.967399,0.032600954,0
0.03134148,0.9686585,1
0.038172804,0.9618272,1
0.029761422,0.97023857,1
0.027327755,0.97267216,1
0.043681357,0.9563186,1
0.09947263,0.90052736,1
0.23947357,0.7605264,1
0.9742915,0.025708482,0
0.97555053,0.024449486,0
0.9373688,0.06263121,0
0.76001626,0.23998372,0
0.450457,0.549543,1
0.6849548,0.3150452,0
0.55369616,0.44630384,1
0.56669605,0.43330395,1
0.6024464,0.39755365,1
0.59455717,0.40544283,1
0.05307861,0.9469214,1
0.18576233,0.81423765,1
0.28954852,0.7104515,1
0.3788695,0.6211305,1
0.9256547,0.07434533,0
0.23443449,0.76556545,1
0.4778143,0.5221857,0
0.06698062,0.93301934,1
0.12510782,0.8748922,1
0.13174585,0.8682542,1
0.14802976,0.85197026,0
0.43418536,0.5658146,0
0.64097327,0.35902676,0
0.8592371,0.14076295,0
0.2827594,0.71724063,0
0.23277956,0.76722044,1
0.32850137,0.67149866,1
0.6271284,0.37287155,1
0.39513138,0.6048687,1
0.59440947,0.40559056,1
0.9304293,0.069570735,0
0.8183974,0.18160258,0
0.3526747,0.6473253,1
0.752101,0.24789903,0
0.87187994,0.12812005,0
0.9339551,0.06604492,0
0.76953185,0.23046821,1
0.6521433,0.34785673,1
0.43510932,0.5648907,1
0.2739064,0.7260936,1
0.20847309,0.79152685,1
0.19606788,0.80393213,1
0.2691124,0.7308876,1
0.21394214,0.78605783,1
0.19951047,0.8004895,1
0.8722499,0.12775005,0
0.8473858,0.1526142,0
0.47275963,0.52724034,1
0.36869085,0.6313092,1
0.37275085,0.6272491,1
0.92251986,0.077480085,0
0.95735043,0.042649515,0
0.92236876,0.07763124,0
0.95939595,0.040604074,0
0.9739895,0.026010506,0
0.035851106,0.9641489,1
0.095177844,0.9048222,1
0.090554096,0.9094459,1
0.09556627,0.90443367,1
0.089031644,0.9109683,1
0.41310078,0.5868992,1
0.9728308,0.027169168,0
0.094648376,0.90535164,1
0.040173203,0.9598268,1
0.050935578,0.94906443,1
0.035467286,0.9645328,1
0.032614693,0.9673853,1
0.14252926,0.85747075,1
0.9571699,0.0428301,0
0.98076975,0.019230293,0
0.94149905,0.05850097,0
0.028468868,0.97153115,1
0.027747985,0.972252,1
0.027048396,0.97295165,1
0.02891669,0.9710833,1
0.057914834,0.94208515,1
0.059840962,0.94015896,1
0.07154226,0.92845774,1
0.95212436,0.047875613,0
0.7634404,0.2365596,0
0.0267223,0.9732776,1
0.031933818,0.96806616,1
0.054940663,0.9450594,1
0.30359074,0.6964093,1
0.6617107,0.33828935,0
0.62938666,0.37061328,0
0.82599795,0.17400205,0
0.033567082,0.9664329,1
0.02339542,0.97660464,1
0.023079125,0.9769209,1
0.022732295,0.9772677,1
0.024879552,0.9751204,1
0.02236009,0.9776399,1
0.6047556,0.39524442,0
0.30199406,0.6980059,0
0.20607965,0.7939203,1
0.19441228,0.8055877,1
0.29165795,0.7083421,1
0.18508367,0.8149164,1
0.1938943,0.8061057,1
0.8296608,0.17033926,0
0.9786164,0.021383632,0
0.94755864,0.052441288,0
0.07298393,0.927016,1
0.22191654,0.77808344,1
0.40086094,0.59913903,0
0.22438447,0.7756156,1
0.45091206,0.54908794,1
0.39954594,0.60045403,1
0.47413936,0.5258606,0
0.32380658,0.6761934,1
0.7661175,0.23388247,0
0.9679166,0.032083422,0
0.9545049,0.045495164,0
0.83278114,0.16721886,0
0.87933105,0.12066893,0
0.9154773,0.084522754,0
0.92002183,0.079978175,0
0.8342158,0.1657842,0
0.9381559,0.061844107,0
0.9055785,0.0944215,0
0.9283891,0.071610965,0
0.922693,0.07730701,0
0.34875572,0.6512443,1
0.9146422,0.08535779,0
0.94125473,0.058745224,0
0.878403,0.12159704,0
0.48331216,0.51668787,1
0.92855954,0.07144045,1
0.9252362,0.07476379,0
0.94321954,0.05678049,0
0.38670778,0.6132923,1
0.3373908,0.6626093,1
0.69641453,0.30358547,0
0.99439347,0.0056064674,0
0.98074496,0.01925499,0
0.033972826,0.96602714,1
0.03182997,0.9681701,1
0.031642586,0.9683574,1
0.36602253,0.63397753,1
0.18413055,0.81586945,1
0.36172375,0.6382762,1
0.6089294,0.39107054,1
0.80986845,0.19013147,0
0.27492893,0.7250711,1
0.9968645,0.0031355303,0
0.9905352,0.009464732,0
0.6824564,0.3175436,0
0.7715542,0.2284458,0
0.78244495,0.21755508,0
0.7601652,0.23983477,0
0.78387004,0.21612996,0
0.7617051,0.23829494,0
0.66310316,0.33689678,0
0.8963454,0.10365462,0
0.8924108,0.10758922,0
0.89881915,0.101180814,0
0.13975438,0.86024565,1
0.027221119,0.9727789,1
0.028804,0.97119594,1
0.034709662,0.96529037,1
0.83712393,0.16287604,0
0.04180136,0.9581987,1
0.03590944,0.9640906,1
0.04371421,0.95628583,1
0.049987484,0.95001256,1
0.27981398,0.72018605,1
0.31559446,0.6844055,0
0.24518397,0.75481606,0
0.35188928,0.64811075,0
0.7841904,0.21580958,0
0.97742325,0.022576751,0
0.97667605,0.023324013,0
0.72996604,0.27003393,0
0.043717805,0.9562822,1
0.37058416,0.62941587,1
0.2840718,0.7159282,1
0.19718736,0.8028126,1
0.6280357,0.37196422,1
0.9361434,0.06385657,0
0.21320583,0.78679425,1
0.7419416,0.2580585,0
0.3342339,0.6657661,1
0.41445127,0.5855487,1
0.9663349,0.033665147,0
0.9774864,0.022513643,0
0.03262181,0.96737814,1
0.10307035,0.8969296,1
0.13744617,0.86255383,1
0.88616836,0.11383163,0
0.92227334,0.07772672,0
0.35476372,0.6452363,0
0.24857648,0.7514235,1
0.107774906,0.89222515,1
0.024578553,0.9754215,1
0.034176376,0.96582365,1
0.35583183,0.6441682,0
0.9642798,0.035720218,0
0.95792425,0.04207576,0
0.93369704,0.066302896,0
0.03794887,0.96205115,1
0.07350484,0.9264952,1
0.33579427,0.6642058,1
0.117792144,0.88220793,1
0.7282188,0.2717812,0
0.97957885,0.0204211,0
0.99745744,0.0025425132,0
0.9919442,0.00805584,0
0.82431793,0.17568207,0
0.42602065,0.5739793,1
0.60580766,0.39419234,1
0.644866,0.35513392,1
0.6492696,0.3507304,1
0.6227233,0.37727675,1
0.8577775,0.14222255,0
0.7542542,0.24574576,1
0.71310645,0.28689352,1
0.62521535,0.3747847,1
0.087642975,0.912357,1
0.52866507,0.47133496,1
0.8939617,0.10603823,0
0.740022,0.25997806,1
0.9395859,0.060414135,0
0.06296704,0.937033,1
0.9060141,0.0939859,0
0.06084024,0.93915975,1
0.21576674,0.7842332,0
0.93036914,0.06963094,0
0.2968734,0.70312655,1
0.15823047,0.8417695,1
0.26634035,0.73365957,1
0.34092295,0.65907705,1
0.32156572,0.6784343,1
0.9159717,0.08402832,0
0.8149589,0.18504116,0
0.55234295,0.44765708,0
0.45407367,0.54592633,1
0.3807877,0.6192123,1
0.44371164,0.55628836,1
0.85882664,0.14117336,0
0.8590978,0.1409022,0
0.929837,0.07016301,0
0.2758325,0.72416747,1
0.44742,0.55258,1
0.79819256,0.20180747,1
0.27171612,0.7282839,1
0.3408606,0.65913945,1
0.15764207,0.84235793,1
0.94539595,0.054603998,0
0.8837098,0.11629025,0
0.6875986,0.31240138,1
0.9429438,0.057056196,0
0.3109642,0.68903583,1
0.9014369,0.09856306,1
0.9857751,0.0142248515,0
0.5236674,0.4763326,1
0.20906298,0.79093707,1
0.02466246,0.97533756,1
0.54081327,0.4591867,0
0.98006207,0.019937942,0
0.9852953,0.014704705,0
0.105184935,0.8948151,1
0.03595429,0.9640457,1
0.89264405,0.107355975,0
0.45358536,0.54641455,0
0.689547,0.310453,0
0.97771674,0.022283293,0
0.9696454,0.030354558,0
0.029177831,0.97082216,1
0.02518164,0.97481835,1
0.025463538,0.9745364,1
0.029817836,0.9701821,1
0.02907676,0.97092324,1
0.033783264,0.96621674,1
0.2059762,0.7940238,1
0.9064777,0.093522266,0
0.47288263,0.5271174,0
0.16456069,0.8354393,1
0.9927695,0.007230532,0
0.78418756,0.21581246,0
0.068648584,0.9313514,1
0.5938017,0.4061983,1
0.71749157,0.28250843,0
0.8396561,0.16034386,0
0.03770433,0.9622956,1
0.039198354,0.9608016,1
0.29004964,0.70995027,1
0.72089106,0.27910894,1
0.79919654,0.20080349,0
0.8532725,0.14672752,0
0.056929506,0.9430705,1
0.038025733,0.96197426,1
0.04320348,0.95679647,1
0.040021446,0.9599785,1
0.51886934,0.4811307,0
0.10825421,0.8917458,1
0.21046738,0.7895326,1
0.4236863,0.57631373,0
0.9524027,0.047597297,0
0.8764015,0.12359856,0
0.03508697,0.96491295,1
0.1997584,0.80024165,1
0.21962282,0.78037715,1
0.2933872,0.70661277,0
0.36182827,0.63817173,0
0.87914,0.120860025,0
0.33281827,0.66718173,0
0.36929587,0.63070416,0
0.30560046,0.6943996,1
0.4157873,0.5842127,0
0.89029413,0.10970579,0
0.6860979,0.31390202,0
0.75071675,0.24928324,0
0.9542778,0.0457222,0
0.33963042,0.6603696,1
0.60242534,0.39757466,0
0.053394362,0.9466056,1
0.056876026,0.943124,1
0.09030454,0.9096955,1
0.08724287,0.91275716,1
0.030190341,0.96980965,1
0.19899566,0.80100435,1
0.95843136,0.04156868,0
0.9286014,0.07139863,0
0.9688367,0.03116326,0
0.9729724,0.027027572,0
0.066133775,0.9338662,1
0.045099918,0.9549001,1
0.030374838,0.9696251,1
0.034118112,0.9658819,1
0.9377261,0.06227387,0
0.92723715,0.07276285,0
0.8543774,0.14562261,0
0.9793307,0.02066924,0
0.97470254,0.02529738,0
0.9783142,0.021685787,0
0.978392,0.021608014,0
0.111689426,0.88831055,1
0.03293598,0.96706396,1
0.9403731,0.05962689,0
0.9382315,0.061768442,0
0.03829076,0.96170926,1
0.40668538,0.5933146,1
0.38253853,0.61746144,1
0.995977,0.0040229787,0
0.75036156,0.2496384,0
0.75235194,0.24764808,0
0.6812446,0.3187553,1
0.84460443,0.15539555,1
0.82614315,0.17385687,1
0.77593124,0.22406876,1
0.039148927,0.960851,1
0.78236467,0.21763529,1
0.6941838,0.3058162,0
0.33959407,0.66040593,1
0.7572873,0.24271265,0
0.034803532,0.96519643,1
0.037650857,0.9623492,1
0.03026851,0.9697315,1
0.035204656,0.96479535,1
0.030583343,0.9694167,1
0.032897066,0.9671029,1
0.041002985,0.9589971,1
0.036927145,0.96307284,1
0.034460988,0.96553904,1
0.91875136,0.08124865,0
0.88839984,0.1116002,0
0.081134565,0.9188654,1
0.26698127,0.73301876,1
0.9727085,0.027291493,0
0.94033676,0.05966322,0
0.036703676,0.96329635,1
0.027093813,0.9729062,1
0.03879268,0.96120733,1
0.03621464,0.9637854,1
0.03682177,0.9631782,1
0.030300438,0.96969956,1
0.04825792,0.95174205,1
0.090405144,0.9095949,1
0.97314745,0.02685254,0
0.14552477,0.8544752,0
0.037740115,0.9622598,0
0.1015792,0.8984208,0
0.36143863,0.63856137,0
0.919866,0.08013395,0
0.46985826,0.5301417,0
0.98008794,0.01991204,0
0.9775088,0.022491246,0
0.87310565,0.12689437,0
0.040095232,0.9599048,1
0.5409731,0.4590269,0
0.1646752,0.83532476,0
0.9701764,0.029823605,0
0.9859914,0.014008604,0
0.9496126,0.05038744,0
0.6516002,0.34839985,0
0.9373157,0.062684335,0
0.9855208,0.014479221,0
0.684476,0.31552395,0
0.04854134,0.9514587,1
0.9137551,0.08624491,0
0.8306579,0.16934212,0
0.9727127,0.027287295,0
0.8598485,0.14015149,0
0.06871139,0.9312886,1
0.6020763,0.3979237,1
0.9858993,0.0141006475,0
0.041781325,0.95821863,1
0.026245793,0.97375417,1
0.029035117,0.97096485,1
0.029720783,0.9702792,1
0.9405606,0.059439402,0
0.0545217,0.9454783,1
0.038858615,0.96114147,1
0.1972801,0.80271995,1
0.9442628,0.055737175,0
0.9572887,0.042711277,0
0.9916152,0.008384809,0
0.4877947,0.51220524,1
0.08922297,0.91077703,1
0.61131334,0.38868666,1
0.701791,0.29820898,0
0.55964446,0.44035557,1
0.041629244,0.9583708,1
0.11065754,0.8893424,1
0.27517945,0.72482055,1
0.76980966,0.23019037,0
0.88695395,0.11304605,0
0.8767741,0.12322588,0
0.8172334,0.18276663,0
0.13349195,0.86650807,1
0.026474917,0.9735251,1
0.027356144,0.97264385,1
0.029296871,0.9707032,1
0.9609347,0.039065283,0
0.9473093,0.052690666,0
0.60360795,0.39639202,0
0.28440994,0.7155901,1
0.9275028,0.072497256,0
0.90053135,0.09946871,0
0.09115401,0.908846,1
0.11304768,0.88695234,1
0.15466772,0.8453323,1
0.15134631,0.8486537,1
0.32983023,0.6701698,1
0.9340869,0.06591307,0
0.37963548,0.62036455,1
0.9940204,0.0059795105,0
0.40629947,0.5937005,1
0.9360204,0.06397958,0
0.9498373,0.05016263,0
0.974282,0.025718052,0
0.85900956,0.14099048,1
0.97393066,0.02606935,0
0.27029434,0.7297057,1
0.6636931,0.3363069,0
0.9967713,0.0032287303,0
0.052330818,0.94766915,1
0.031080097,0.9689199,1
0.03379453,0.9662054,1
0.9343179,0.06568207,0
0.90564436,0.09435561,0
0.83852696,0.16147302,0
0.9159271,0.08407296,0
0.5951079,0.40489215,0
0.04107201,0.958928,1
0.0788901,0.9211099,1
0.916655,0.083344966,0
0.9083233,0.09167672,0
0.4946701,0.50532985,1
0.8641415,0.1358585,0
0.9582223,0.04177764,0
0.9770544,0.022945592,0
0.40031826,0.59968174,1
0.039310627,0.96068937,1
0.7287575,0.2712425,0
0.97098666,0.029013315,0
0.92929184,0.070708156,0
0.7359024,0.26409754,0
0.9374709,0.0625291,0
0.9045486,0.09545144,0
0.9493291,0.050670862,0
0.9819712,0.018028792,0
0.96341413,0.036585808,0
0.9772388,0.022761187,0
0.835673,0.16432704,0
0.69100964,0.30899042,1
0.70827407,0.2917259,1
0.72161466,0.27838534,0
0.7945566,0.2054434,0
0.65344363,0.3465564,0
0.5531669,0.4468331,1
0.29506302,0.7049369,1
0.33137769,0.6686223,0
0.4200101,0.5799899,1
0.83398867,0.16601135,1
0.675734,0.32426605,1
0.9657866,0.034213398,0
0.028965697,0.9710343,1
0.027867846,0.97213215,1
0.0340523,0.96594775,1
0.96447945,0.035520557,0
0.31467006,0.68533,1
0.92643976,0.07356024,0
0.99541473,0.0045852214,0
0.9633792,0.036620766,0
0.89426565,0.10573434,0
0.19118746,0.8088125,1
0.07247379,0.9275262,1
0.030407635,0.9695924,1
0.98739153,0.012608478,0
0.9914664,0.0085335225,0
0.97970974,0.020290276,0
0.7471124,0.25288755,0
0.9786442,0.021355815,0
0.86110026,0.13889977,0
0.1281752,0.87182474,1
0.065587476,0.93441254,1
0.21204604,0.7879539,1
0.9835766,0.016423369,0
0.9489072,0.051092792,0
0.031131133,0.96886885,1
0.022516577,0.9774834,1
0.022027861,0.97797215,1
0.022147605,0.97785234,1
0.28560263,0.7143974,0
0.97823685,0.021763092,0
0.96216524,0.037834734,0
0.8194434,0.18055658,0
0.99713683,0.0028632025,0
0.94515663,0.05484334,0
0.94425684,0.05574308,0
0.96405935,0.035940655,0
0.021947155,0.9780529,1
0.021561408,0.9784386,1
0.021788692,0.9782113,1
0.5592032,0.44079685,0
0.94469106,0.055308998,0
0.9414565,0.058543548,0
0.9249004,0.07509963,0
0.44086778,0.5591322,0
0.91039044,0.08960958,0
0.99717796,0.0028220867,0
0.97032577,0.029674232,0
0.9360122,0.06398773,0
0.95238954,0.047610417,0
0.93706787,0.062932186,0
0.9009073,0.099092714,0
0.96128637,0.038713552,0
0.8434863,0.15651365,1
0.86495316,0.1350468,0
0.9407268,0.05927315,1
0.8884846,0.11151543,0
0.997079,0.0029210672,0
0.9979845,0.0020154398,0
0.9976587,0.0023412893,0
0.9951237,0.004876287,0
0.9661691,0.033830877,0
0.84822625,0.15177374,0
0.7866434,0.21335655,0
0.77723765,0.22276233,0
0.7632539,0.23674606,0
0.8952147,0.10478537,0
0.22941706,0.770583,1
0.53903496,0.460965,0
0.9871557,0.01284435,0
0.99653566,0.0034643153,0
0.98524034,0.014759653,0
0.96656114,0.033438876,1
0.030802513,0.9691975,1
0.019475365,0.98052466,1
0.019673508,0.98032653,1
0.019508198,0.98049176,1
0.021740153,0.9782599,1
0.07914302,0.92085695,1
0.17469992,0.82530004,1
0.03797148,0.96202856,1
0.028724335,0.9712757,1
0.049692646,0.9503073,1
0.7890203,0.21097971,0
0.92258877,0.07741118,0
0.909747,0.090252995,0
0.8239743,0.17602567,1
0.9403192,0.059680782,1
0.092699654,0.90730035,1
0.025728405,0.9742716,1
0.029241566,0.97075844,1
0.11717117,0.88282883,1
0.12629491,0.873705,1
0.9862645,0.013735511,0
0.33309546,0.6669045,1
0.9566856,0.043314386,0
0.7676585,0.23234147,0
0.9798181,0.020181887,0
0.9745755,0.025424479,0
0.9631834,0.036816567,0
0.30832288,0.69167715,1
0.178465,0.82153493,1
0.96817625,0.031823806,0
0.9826462,0.01735376,0
0.8437054,0.1562946,1
0.65045416,0.3495458,1
0.34901333,0.6509867,1
0.02513516,0.9748649,1
0.026803277,0.9731967,1
0.6275248,0.37247518,1
0.4494917,0.5505083,1
0.070690736,0.92930925,1
0.92170686,0.078293145,0
0.04021439,0.95978564,1
0.099278085,0.9007219,1
0.14018086,0.8598192,1
0.12150177,0.8784982,1
0.97318685,0.026813189,0
0.041964117,0.9580359,1
0.06455549,0.93544453,1
0.9160559,0.08394407,0
0.98053795,0.01946206,0
0.98251086,0.017489135,0
0.02598378,0.97401625,1
0.028498922,0.9715011,1
0.035119146,0.9648809,1
0.052153017,0.947847,1
0.0699663,0.9300337,1
0.061585825,0.93841416,1
0.08620559,0.9137944,1
0.08676697,0.91323304,1
0.08714102,0.91285896,1
0.13939798,0.860602,1
0.948335,0.051664982,0
0.35008144,0.64991856,0
0.96624714,0.033752825,0
0.9865747,0.01342526,0
0.98383915,0.016160885,0
0.5671343,0.43286568,0
0.30219027,0.69780976,0
0.28622526,0.7137747,0
0.26093924,0.7390607,0
0.23461281,0.76538724,0
0.03203326,0.96796674,1
0.03245056,0.96754944,1
0.04598977,0.9540102,1
0.24677525,0.75322473,1
0.9349947,0.06500531,0
0.72857314,0.27142692,0
0.624161,0.37583902,0
0.055544674,0.9444553,1
0.30723575,0.6927642,1
0.5792182,0.42078176,1
0.8801337,0.11986626,0
0.02808158,0.97191834,1
0.025369883,0.97463006,1
0.066253304,0.93374664,0
0.056496393,0.9435037,0
0.073386446,0.9266135,0
0.23259406,0.7674059,0
0.072265826,0.9277342,0
0.056788255,0.94321173,0
0.08224936,0.91775066,1
0.19193347,0.8080665,0
0.123818085,0.87618196,1
0.15680699,0.84319293,1
0.11603215,0.8839678,0
0.5412368,0.4587632,0
0.9902592,0.009740845,0
0.2490669,0.7509331,0
0.9896236,0.010376395,0
0.93294245,0.06705753,0
0.248844,0.751156,0
0.42270583,0.5772942,0
0.35909402,0.640906,0
0.8645315,0.13546854,0
0.96996593,0.030034062,0
0.94430524,0.055694763,0
0.8924813,0.107518665,0
0.9653397,0.034660265,0
0.4927678,0.5072322,1
0.9678974,0.03210257,0
0.9843614,0.015638607,0
0.02306582,0.97693425,1
0.3156247,0.6843753,1
0.5409799,0.4590201,1
0.39473647,0.6052635,1
0.97862875,0.0213712,0
0.032487985,0.967512,1
0.027345097,0.97265494,1
0.026978822,0.97302115,1
0.02607646,0.97392356,1
0.14610374,0.8538962,1
0.031264212,0.9687358,1
0.9610248,0.03897512,0
0.3319541,0.6680459,1
0.3418078,0.65819216,1
0.98291504,0.0170849,0
0.03406558,0.9659344,1
0.027743008,0.97225696,1
0.82071245,0.17928752,0
0.93543833,0.06456165,0
0.6604544,0.3395456,0
0.95465934,0.045340605,0
0.93169117,0.06830887,0
0.98958325,0.010416741,0
0.9966158,0.00338424,0
0.7393351,0.26066488,0
0.72979075,0.27020925,1
0.7248681,0.27513188,0
0.6517067,0.34829333,0
0.48447296,0.515527,0
0.31457245,0.68542755,1
0.47691712,0.5230829,0
0.98263323,0.017366752,0
0.030482383,0.96951765,1
0.03062318,0.9693768,1
0.03762695,0.962373,1
0.04442236,0.9555776,1
0.090060204,0.9099398,1
0.2984217,0.70157826,1
0.34549162,0.6545084,1
0.9564919,0.043508112,0
0.9880614,0.011938562,0
0.952022,0.04797796,0
0.13632414,0.86367583,1
0.17011106,0.82988894,1
0.21131763,0.7886824,1
0.2735665,0.72643346,1
0.7687437,0.23125629,0
0.28716823,0.7128318,1
0.25292376,0.7470762,1
0.2526889,0.74731106,1
0.9887087,0.011291288,0
0.5679155,0.43208456,0
0.9804466,0.019553384,0
0.97646403,0.02353594,0
0.97098476,0.029015318,0
0.9118442,0.088155836,0
0.7171038,0.28289622,0
0.9524477,0.047552288,0
0.92583996,0.07416006,0
0.9769722,0.023027735,0
0.94771594,0.052284066,1
0.7599386,0.24006136,1
0.9909956,0.009004428,0
0.9645425,0.03545743,0
0.93815523,0.061844803,0
0.03816987,0.9618301,1
0.98747534,0.0125247,0
0.9881241,0.011875913,0
0.9691534,0.03084658,0
0.9436342,0.05636578,0
0.9563186,0.04368137,0
0.7579916,0.24200837,1
0.44146797,0.558532,0
0.6737805,0.32621953,0
0.9960187,0.003981304,0
0.9376134,0.062386543,0
0.8221918,0.17780823,0
0.49334243,0.50665754,0
0.7028994,0.29710057,0
0.86348355,0.13651647,0
0.9163205,0.08367951,0
0.8299272,0.17007278,1
0.95403254,0.045967408,1
0.99790925,0.0020906674,0
0.99663085,0.0033692038,0
0.7301818,0.26981822,1
0.7396897,0.2603103,1
0.78664,0.21335992,1
0.69614404,0.30385602,0
0.7434223,0.25657773,0
0.70646775,0.29353225,0
0.40001687,0.59998304,1
0.7617897,0.23821028,1
0.426493,0.573507,0
0.41330975,0.5866903,1
0.62146837,0.37853163,0
0.9586838,0.04131613,0
0.12049079,0.87950927,1
0.064308435,0.9356916,1
0.06345729,0.9365427,1
0.93130594,0.06869406,0
0.9246295,0.07537049,0
0.98372144,0.016278576,0
0.96426404,0.035736036,0
0.100943625,0.8990564,1
0.31187382,0.6881262,1
0.96848655,0.031513434,0
0.026691353,0.9733087,1
0.3279516,0.67204845,1
0.07859015,0.9214098,1
0.99361926,0.0063807163,0
0.9387885,0.061211597,0
0.980127,0.01987299,0
0.941809,0.058190994,0
0.9083874,0.0916126,0
0.17813428,0.82186574,1
0.28668714,0.71331286,1
0.90173596,0.098264016,0
0.94444054,0.055559475,0
0.9897099,0.010290117,0
0.98988897,0.0101110935,0
0.9920855,0.007914514,0
0.9852503,0.014749706,0
0.98393977,0.0160602,0
0.9583881,0.041611884,0
0.97841793,0.021582112,0
0.9814431,0.018556861,0
0.95262706,0.047372952,0
0.92796904,0.072030984,0
0.9804136,0.019586418,0
0.025292858,0.97470707,1
0.06698073,0.9330192,1
0.99149597,0.008504067,0
0.99196434,0.0080356505,0
0.02210953,0.97789043,1
0.030195424,0.9698046,1
0.8879804,0.11201963,0
0.098672874,0.9013271,1
0.8315203,0.16847968,0
0.970571,0.029429013,0
0.97301203,0.026987996,0
0.97667515,0.02332485,0
0.95206213,0.047937814,0
0.43676358,0.5632364,0
0.71888983,0.28111023,0
0.9748506,0.025149435,0
0.9707074,0.029292535,1
0.75444204,0.24555789,1
0.7862408,0.21375915,1
0.9173616,0.08263836,0
0.9220523,0.07794765,0
0.92754483,0.07245517,0
0.99378306,0.0062169307,0
0.7375311,0.26246893,0
0.7462763,0.25372365,0
0.7568614,0.2431386,0
0.72620994,0.27379,0
0.7375298,0.26247016,0
0.667406,0.33259404,0
0.5470581,0.4529418,1
0.37875542,0.6212446,1
0.33254483,0.66745514,1
0.5471624,0.45283762,1
0.6244372,0.37556288,1
0.8114616,0.18853834,1
0.8796331,0.12036687,0
0.20717724,0.7928228,1
0.5973374,0.40266252,1
0.82460326,0.17539671,0
0.9591362,0.040863812,0
0.9638965,0.036103543,0
0.8621556,0.1378444,1
0.8793238,0.12067628,0
0.8597185,0.14028148,0
0.91092795,0.08907199,0
0.9586655,0.041334502,0
0.97598845,0.024011603,0
0.9702885,0.029711438,0
0.95056254,0.049437396,0
0.9657935,0.03420653,0
0.77212095,0.22787902,1
0.80876786,0.19123219,1
0.9569757,0.043024324,0
0.96732575,0.03267425,0
0.84535104,0.15464894,1
0.9474491,0.052550968,1
0.9447728,0.05522721,1
0.06436601,0.93563396,1
0.11084723,0.88915277,1
0.8572413,0.14275873,0
0.5905768,0.4094232,0
0.92539454,0.074605435,0
0.9711168,0.028883154,0
0.97351056,0.026489493,0
0.8535059,0.1464941,0
0.77893084,0.22106913,1
0.81578237,0.1842176,0
0.9139768,0.08602319,1
0.9460796,0.05392036,0
0.9269467,0.073053345,0
0.59524685,0.40475318,0
0.80188996,0.19810998,0
0.9790596,0.020940363,0
0.97985363,0.020146452,0
0.6326583,0.36734173,0
0.93752396,0.06247609,1
0.9433054,0.056694683,0
0.9461227,0.053877313,0
0.916675,0.08332502,0
0.9183229,0.0816771,1
0.94088215,0.059117883,1
0.50539166,0.4946084,0
0.758627,0.24137303,1
0.8610957,0.1389042,0
0.9704972,0.029502828,0
0.9610917,0.03890833,1
0.56643194,0.4335681,1
0.3609781,0.63902193,1
0.9220187,0.077981286,0
0.9335597,0.066440284,1
0.92190045,0.078099586,1
0.90018183,0.09981823,0
0.8838329,0.116167106,0
0.8594754,0.14052457,0
0.740761,0.25923896,0
0.84035057,0.15964946,0
0.99623626,0.0037637956,0
0.9852895,0.014710545,0
0.75529635,0.24470371,1
0.74496984,0.25503016,0
0.546236,0.45376408,1
0.4030986,0.59690136,1
0.36029366,0.6397063,1
0.38062268,0.6193774,0
0.51472807,0.48527187,1
0.16853213,0.83146787,1
0.25018048,0.7498195,1
0.33676368,0.6632363,1
0.028228482,0.97177154,1
0.515038,0.484962,1
0.91638255,0.08361743,0
0.9278663,0.07213373,0
0.6368694,0.36313063,1
0.74113727,0.25886273,1
0.3999144,0.6000856,1
0.7020017,0.2979983,1
0.97321576,0.02678419,0
0.9729338,0.027066177,0
0.95508415,0.04491588,0
0.95040625,0.049593695,0
0.5515474,0.44845256,0
0.9619714,0.038028564,0
0.825056,0.17494392,1
0.061314348,0.9386856,1
0.22174856,0.7782514,1
0.12727588,0.8727242,1
0.9885179,0.011482087,0
0.028525876,0.9714741,1
0.026636533,0.97336346,1
0.027074464,0.97292554,1
0.025762858,0.9742372,1
0.2857018,0.7142982,1
0.9800931,0.019906959,0
0.99000275,0.009997281,0
0.9901012,0.009898779,0
0.977835,0.022164939,0
0.9243694,0.07563062,0
0.7335173,0.2664827,0
0.86706907,0.13293092,0
0.9863529,0.013647076,0
0.038200174,0.9617998,1
0.82553715,0.17446284,0
0.030459752,0.9695403,1
0.9246657,0.07533433,0
0.94203025,0.057969768,0
0.91930544,0.08069457,0
0.9246121,0.075387955,0
0.8870709,0.11292909,0
0.5562288,0.4437712,0
0.9794756,0.02052436,0
0.96949625,0.030503774,0
0.94547534,0.05452466,0
0.6808172,0.31918278,1
0.38924393,0.6107561,0
0.73288596,0.26711413,0
0.94195545,0.058044534,0
0.82727677,0.17272325,0
0.8525837,0.1474163,0
0.9978027,0.0021973462,0
0.7835822,0.21641777,1
0.739621,0.26037905,1
0.755919,0.244081,1
0.73606277,0.2639372,1
0.705113,0.294887,1
0.56864524,0.43135476,1
0.41395253,0.5860475,1
0.28644446,0.7135555,1
0.31060317,0.6893968,1
0.97178316,0.028216902,0
0.13099007,0.86901,1
0.030758768,0.9692412,1
0.04623827,0.9537617,1
0.34248623,0.6575138,1
0.5451528,0.45484728,1
0.9736805,0.026319487,0
0.97611576,0.023884296,0
0.9868613,0.01313877,0
0.9652367,0.03476332,0
0.93694717,0.06305282,1
0.0816953,0.91830474,1
0.5752809,0.4247191,0
0.6468547,0.3531454,1
0.7941157,0.20588426,1
0.06723513,0.9327648,1
0.83503973,0.16496024,1
0.9905471,0.009452876,0
0.18776718,0.8122329,1
0.59576964,0.4042304,0
0.9820166,0.017983397,0
0.96975255,0.030247424,0
0.8835674,0.1164326,0
0.9819437,0.018056247,0
0.99195683,0.008043153,0
0.9900592,0.009940863,0
0.97743803,0.0225619,0
0.5895456,0.4104544,1
0.6581824,0.3418176,1
0.38717702,0.612823,1
0.027531479,0.97246855,1
0.97199786,0.028002074,0
0.98929495,0.010705044,0
0.97125655,0.028743464,0
0.9605479,0.039452106,0
0.9247043,0.07529567,1
0.34337738,0.6566226,1
0.108754575,0.8912454,1
0.9612117,0.03878826,0
0.9124974,0.08750262,0
0.8982261,0.10177387,1
0.8143653,0.18563466,0
0.844478,0.15552194,0
0.91660786,0.08339218,0
0.59372526,0.40627474,1
0.31630728,0.6836927,1
0.983818,0.01618192,0
0.8493379,0.15066208,0
0.8265002,0.17349985,1
0.037243046,0.96275693,1
0.027573884,0.9724262,1
0.024427952,0.975572,1
0.022359395,0.97764057,1
0.024491215,0.9755088,1
0.025057415,0.9749426,1
0.7681464,0.23185359,0
0.20740111,0.79259884,0
0.87756586,0.12243411,0
0.07305517,0.92694485,1
0.15852864,0.8414714,1
0.070342116,0.9296579,1
0.19452381,0.8054761,1
0.17937729,0.8206227,1
0.96784633,0.032153662,0
0.9891874,0.010812572,0
0.47581398,0.52418596,0
0.9836993,0.016300673,0
0.98964393,0.010356034,0
0.06964615,0.9303538,1
0.111452766,0.8885472,1
0.12927437,0.87072563,1
0.9952668,0.004733239,0
0.99189925,0.008100738,0
0.90216964,0.09783036,0
0.22757322,0.7724268,1
0.81145674,0.1885432,0
0.984003,0.01599702,0
0.32688224,0.6731178,1
0.5618841,0.43811595,0
0.024638686,0.97536135,1
0.059133258,0.94086677,1
0.07606647,0.92393357,1
0.17431103,0.825689,1
0.03797517,0.9620248,1
0.030614002,0.969386,1
0.968764,0.031235993,0
0.9855261,0.014473839,0
0.99432194,0.0056780786,0
0.70243454,0.29756552,0
0.8323417,0.16765837,0
0.029638005,0.970362,1
0.9395615,0.060438536,0
0.0794748,0.9205252,1
0.25026658,0.7497334,1
0.69274896,0.3072511,1
0.9673315,0.032668486,0
0.9809629,0.019037137,0
0.9842121,0.015787894,0
0.9708745,0.029125553,0
0.8221373,0.17786273,1
0.88893986,0.111060195,1
0.48699814,0.51300186,0
0.9867198,0.013280171,0
0.983334,0.01666601,0
0.97239923,0.027600776,0
0.67096937,0.3290306,1
0.5151826,0.48481742,0
0.967476,0.032523997,0
0.9675809,0.032419145,0
0.9476339,0.05236605,0
0.9465233,0.05347676,0
0.9136382,0.086361885,0
0.86395144,0.13604861,0
0.8898903,0.1101097,0
0.8314573,0.16854264,0
0.97360176,0.026398243,0
0.9503305,0.049669564,0
0.7560746,0.24392538,1
0.73070896,0.26929107,1
0.7353543,0.26464567,1
0.7521034,0.2478966,1
0.6805249,0.3194751,1
0.62530994,0.37469006,1
0.6477071,0.35229293,0
0.87933815,0.120661914,0
0.21894073,0.78105927,1
0.10734016,0.8926598,1
0.026249377,0.9737506,1
0.028087867,0.97191215,1
0.026418736,0.97358125,1
0.920172,0.079828024,0
0.08277357,0.91722643,1
0.13001826,0.86998177,1
0.62120706,0.37879294,1
0.92073435,0.07926571,0
0.28301716,0.71698284,1
0.25101942,0.7489806,1
0.42469707,0.5753029,1
0.17180416,0.82819587,1
0.14274117,0.8572588,1
0.9703671,0.029632932,0
0.83548766,0.16451234,0
0.9514504,0.04854963,0
0.9953158,0.004684225,0
0.47408086,0.5259192,1
0.8055399,0.19446012,1
0.9878676,0.012132411,0
0.14766866,0.8523313,1
0.85317284,0.14682713,0
0.054972146,0.9450279,1
0.9604329,0.03956708,0
0.1522798,0.84772015,1
0.6513737,0.34862635,1
0.91883814,0.08116182,0
0.032564785,0.96743524,1
0.09396129,0.9060387,1
0.028878434,0.97112155,1
0.034968417,0.9650315,1
0.7580383,0.24196173,0
0.95250815,0.04749186,0
0.5064969,0.4935031,0
0.97757554,0.02242449,0
0.82399964,0.17600033,0
0.59407496,0.4059251,0
0.036195666,0.96380436,1
0.02765842,0.9723416,1
0.1454817,0.8545183,1
0.033522245,0.9664777,1
0.4245451,0.5754549,0
0.9159971,0.08400289,0
0.29958966,0.70041037,1
0.05679086,0.9432092,1
0.117933206,0.8820668,1
0.88005763,0.119942345,0
0.9847184,0.015281593,0
0.97944367,0.020556355,0
0.9679833,0.03201666,0
0.95932966,0.040670283,0
0.95992094,0.040079106,0
0.69914776,0.30085218,0
