index,true_label,pred_label,true_label_decoded,pred_label_decoded
36,4,1,5,2
50,4,1,5,2
111,0,1,1,2
115,0,1,1,2
136,0,1,1,2
195,1,4,2,5
305,0,1,1,2
309,1,0,2,1
349,0,1,1,2
407,1,0,2,1
444,1,0,2,1
518,1,0,2,1
529,0,1,1,2
569,0,1,1,2
641,4,1,5,2
655,4,1,5,2
695,4,1,5,2
711,4,1,5,2
744,0,1,1,2
759,0,1,1,2
780,1,0,2,1
794,0,1,1,2
884,1,0,2,1
899,4,1,5,2
902,4,1,5,2
947,0,1,1,2
949,1,0,2,1
979,1,0,2,1
988,0,1,1,2
1013,0,1,1,2
1044,1,0,2,1
1111,1,0,2,1
1122,0,1,1,2
1245,0,1,1,2
1313,0,1,1,2
1372,1,0,2,1
1414,1,4,2,5
1418,0,1,1,2
1486,1,4,2,5
1627,4,0,5,1
1686,0,1,1,2
1693,6,0,7,1
1741,4,1,5,2
1746,6,0,7,1
1753,4,1,5,2
1757,6,0,7,1
1809,4,1,5,2
1814,4,1,5,2
1861,6,0,7,1
1874,4,1,5,2
1897,1,0,2,1
1904,5,1,6,2
1937,5,1,6,2
1966,1,5,2,6
1976,5,1,6,2
2009,5,1,6,2
2012,3,2,4,3
2024,4,1,5,2
2037,4,5,5,6
2039,3,2,4,3
2044,4,1,5,2
2052,3,5,4,6
2106,5,1,6,2
2198,3,5,4,6
2199,3,5,4,6
2228,3,2,4,3
2236,6,0,7,1
2259,1,5,2,6
2281,4,1,5,2
2365,4,1,5,2
2382,5,2,6,3
2433,4,1,5,2
2455,5,2,6,3
2464,4,5,5,6
2567,4,1,5,2
2571,5,2,6,3
2593,1,2,2,3
2614,5,2,6,3
2661,4,0,5,1
2665,5,2,6,3
2676,3,2,4,3
2686,5,0,6,1
2704,5,2,6,3
2760,5,0,6,1
2761,5,2,6,3
2774,4,1,5,2
2797,4,1,5,2
2817,5,2,6,3
2820,5,2,6,3
2840,5,2,6,3
2862,3,2,4,3
2891,3,5,4,6
2903,4,1,5,2
2929,5,2,6,3
2945,3,2,4,3
2949,5,2,6,3
2964,3,2,4,3
2979,2,5,3,6
2982,3,2,4,3
3017,5,1,6,2
3056,3,2,4,3
3065,3,2,4,3
3066,3,2,4,3
3075,3,2,4,3
3085,3,2,4,3
3113,4,1,5,2
3115,3,2,4,3
3143,6,2,7,3
3153,3,2,4,3
3154,3,2,4,3
3198,3,2,4,3
3202,3,2,4,3
3215,3,2,4,3
3279,4,0,5,1
3288,3,2,4,3
3291,3,2,4,3
3292,3,2,4,3
3322,3,2,4,3
3331,3,2,4,3
3332,3,2,4,3
3357,2,5,3,6
3364,3,2,4,3
3365,3,2,4,3
3411,3,2,4,3
3421,3,2,4,3
3457,3,2,4,3
3469,3,2,4,3
3488,4,1,5,2
3497,3,2,4,3
3508,3,2,4,3
3581,5,2,6,3
3624,2,5,3,6
3631,4,1,5,2
3778,5,2,6,3
3795,3,2,4,3
3840,3,2,4,3
3847,3,2,4,3
3924,5,2,6,3
3952,3,2,4,3
4011,3,5,4,6
4012,3,2,4,3
4013,3,2,4,3
4074,3,2,4,3
4075,3,2,4,3
4101,3,5,4,6
4112,6,0,7,1
4123,5,2,6,3
4130,3,2,4,3
4196,2,5,3,6
4197,2,5,3,6
4201,3,5,4,6
4216,3,2,4,3
4251,2,5,3,6
4260,6,0,7,1
4266,4,1,5,2
4275,3,2,4,3
4280,3,2,4,3
4285,3,2,4,3
4308,2,5,3,6
4338,3,2,4,3
4380,3,2,4,3
4388,3,5,4,6
4389,3,2,4,3
4433,3,2,4,3
4473,3,2,4,3
4479,3,2,4,3
4504,3,5,4,6
4573,3,2,4,3
4574,3,2,4,3
4577,3,2,4,3
4608,2,5,3,6
4610,3,2,4,3
4624,5,2,6,3
4665,5,2,6,3
4681,3,5,4,6
4716,3,2,4,3
4756,3,2,4,3
4762,1,0,2,1
4809,3,2,4,3
4840,2,5,3,6
4841,3,5,4,6
4854,3,5,4,6
4863,4,1,5,2
4864,3,2,4,3
4865,3,2,4,3
4868,3,2,4,3
4892,3,5,4,6
4941,2,5,3,6
4966,3,2,4,3
4986,3,5,4,6
5032,3,5,4,6
5035,5,2,6,3
5074,3,2,4,3
5173,3,2,4,3
5206,3,2,4,3
5213,3,2,4,3
5284,5,2,6,3
5288,6,0,7,1
5323,3,2,4,3
5379,3,5,4,6
5393,3,2,4,3
5400,2,5,3,6
5418,5,2,6,3
5419,3,5,4,6
5458,3,5,4,6
5486,5,2,6,3
5562,3,5,4,6
5576,5,2,6,3
5578,3,5,4,6
5579,5,2,6,3
5597,5,1,6,2
5598,5,2,6,3
5603,5,2,6,3
5607,3,5,4,6
5618,2,5,3,6
5619,3,2,4,3
5649,3,5,4,6
5664,3,2,4,3
5675,3,2,4,3
5682,2,5,3,6
5710,4,1,5,2
5732,3,5,4,6
5741,5,2,6,3
5767,3,2,4,3
5769,5,2,6,3
5771,5,2,6,3
5782,1,0,2,1
5838,4,1,5,2
5839,4,1,5,2
5844,3,2,4,3
5854,3,5,4,6
5895,3,5,4,6
5915,3,2,4,3
5953,3,2,4,3
5956,2,1,3,2
5967,3,5,4,6
5990,3,5,4,6
6017,5,1,6,2
6050,5,2,6,3
6063,5,2,6,3
6064,5,2,6,3
6065,3,2,4,3
6073,5,1,6,2
6078,3,2,4,3
6082,5,2,6,3
6093,5,2,6,3
6102,3,2,4,3
6133,5,1,6,2
6174,3,5,4,6
6179,3,5,4,6
6218,3,5,4,6
6263,3,2,4,3
6362,0,1,1,2
6372,0,1,1,2
6381,3,2,4,3
6383,0,1,1,2
6391,5,1,6,2
6426,4,1,5,2
6460,4,1,5,2
6486,4,1,5,2
6551,4,0,5,1
6552,4,1,5,2
6559,6,1,7,2
6570,1,0,2,1
6610,1,0,2,1
6669,0,1,1,2
6670,0,1,1,2
6697,4,1,5,2
6751,2,5,3,6
6752,2,5,3,6
6754,2,1,3,2
6762,1,4,2,5
6813,1,2,2,3
6870,4,1,5,2
6884,6,0,7,1
6891,1,0,2,1
6903,4,1,5,2
6905,4,1,5,2
6910,0,1,1,2
6927,6,0,7,1
6937,4,2,5,3
6944,2,1,3,2
6960,4,0,5,1
6964,4,2,5,3
6996,2,1,3,2
7028,4,0,5,1
7042,4,1,5,2
7066,4,2,5,3
7074,4,0,5,1
7077,2,1,3,2
7099,4,0,5,1
7103,1,2,2,3
7217,4,1,5,2
7275,0,1,1,2
7288,2,1,3,2
7291,5,2,6,3
7316,5,1,6,2
7364,2,1,3,2
7391,2,1,3,2
7405,4,0,5,1
7435,2,1,3,2
7449,4,1,5,2
7464,5,1,6,2
7497,5,2,6,3
7530,5,1,6,2
7543,5,1,6,2
7547,5,1,6,2
7560,4,5,5,6
7578,2,5,3,6
7656,4,1,5,2
7664,2,1,3,2
7678,5,1,6,2
7679,5,1,6,2
7698,6,0,7,1
7740,6,1,7,2
7761,6,0,7,1
7776,6,0,7,1
7806,5,1,6,2
7830,2,1,3,2
7897,4,1,5,2
8051,4,2,5,3
8085,4,1,5,2
8112,6,0,7,1
8159,6,0,7,1
8254,5,1,6,2
8273,1,4,2,5
8294,0,1,1,2
8322,4,1,5,2
8342,4,1,5,2
8381,4,1,5,2
8400,4,1,5,2
8483,6,0,7,1
8549,6,1,7,2
8574,0,1,1,2
8586,4,1,5,2
8597,6,0,7,1
8623,6,0,7,1
8624,6,0,7,1
8659,4,1,5,2
8761,4,1,5,2
8771,0,1,1,2
8784,6,0,7,1
8808,1,5,2,6
8816,4,1,5,2
8843,6,0,7,1
8854,4,1,5,2
8870,6,0,7,1
8931,1,4,2,5
8977,1,0,2,1
9005,0,1,1,2
9037,6,0,7,1
9097,6,0,7,1
9099,6,0,7,1
9103,6,0,7,1
9115,0,1,1,2
9268,1,0,2,1
9341,0,1,1,2
9390,6,0,7,1
9416,6,0,7,1
9458,1,0,2,1
9512,6,0,7,1
9574,1,0,2,1
9615,1,0,2,1
9623,1,0,2,1
9714,6,1,7,2
9754,6,1,7,2
9785,6,1,7,2
9806,6,1,7,2
9833,6,0,7,1
9837,0,1,1,2
9849,6,1,7,2
9894,0,1,1,2
9918,0,1,1,2
9919,4,1,5,2
9986,0,6,1,7
10044,0,1,1,2
10076,6,0,7,1
10119,1,0,2,1
10122,6,0,7,1
10157,0,1,1,2
10165,4,0,5,1
10189,0,6,1,7
10192,4,0,5,1
10205,4,0,5,1
10337,0,6,1,7
10423,1,0,2,1
10438,1,0,2,1
10539,6,0,7,1
10604,6,0,7,1
10609,6,0,7,1
10621,0,1,1,2
10623,0,1,1,2
10647,4,1,5,2
10648,4,2,5,3
10657,2,1,3,2
10690,5,1,6,2
10758,5,1,6,2
10779,5,1,6,2
10787,2,1,3,2
10796,2,1,3,2
10803,2,1,3,2
10819,1,2,2,3
10832,2,5,3,6
10844,2,1,3,2
10871,2,1,3,2
10884,5,2,6,3
10902,2,1,3,2
10930,5,1,6,2
10997,2,1,3,2
11097,5,1,6,2
11104,2,1,3,2
11105,5,1,6,2
11111,5,1,6,2
11269,2,1,3,2
11275,5,1,6,2
11287,5,1,6,2
11307,5,2,6,3
11444,0,1,1,2
11487,1,4,2,5
11521,1,0,2,1
11551,4,1,5,2
11596,0,1,1,2
11616,0,1,1,2
11680,0,1,1,2
11688,0,1,1,2
11714,0,1,1,2
11790,0,1,1,2
11894,6,0,7,1
11919,6,0,7,1
11929,6,1,7,2
11951,4,1,5,2
11994,5,1,6,2
12121,4,0,5,1
12271,4,1,5,2
12282,4,1,5,2
12306,2,5,3,6
12316,3,5,4,6
12325,3,2,4,3
12335,3,2,4,3
12371,5,0,6,1
12403,3,2,4,3
12420,3,2,4,3
12449,3,2,4,3
12475,3,2,4,3
12478,3,2,4,3
12524,5,2,6,3
12579,3,2,4,3
12588,3,2,4,3
12604,5,2,6,3
12635,3,2,4,3
12661,3,2,4,3
12695,3,2,4,3
12733,3,5,4,6
12790,3,5,4,6
12819,4,1,5,2
12900,3,2,4,3
12988,5,2,6,3
13000,0,1,1,2
13034,3,5,4,6
13061,5,2,6,3
13070,2,1,3,2
13097,3,5,4,6
13122,3,2,4,3
13136,6,1,7,2
13180,5,2,6,3
13207,5,2,6,3
13229,5,2,6,3
13238,3,2,4,3
13249,5,2,6,3
13253,4,1,5,2
13277,5,1,6,2
13286,3,2,4,3
13287,3,5,4,6
13299,5,2,6,3
13308,2,5,3,6
13318,2,5,3,6
13321,3,2,4,3
13327,3,5,4,6
13349,5,1,6,2
13353,5,2,6,3
13374,3,2,4,3
13406,3,2,4,3
13432,3,5,4,6
13478,4,1,5,2
13526,4,1,5,2
13591,5,2,6,3
13599,5,2,6,3
13602,5,2,6,3
13624,1,0,2,1
13645,4,1,5,2
13658,6,0,7,1
13683,4,2,5,3
13696,2,1,3,2
13712,4,0,5,1
13763,2,1,3,2
13777,4,0,5,1
13797,2,1,3,2
13805,2,1,3,2
13849,5,1,6,2
13889,6,0,7,1
13898,5,2,6,3
13902,4,1,5,2
13905,2,5,3,6
13916,4,1,5,2
13940,4,1,5,2
14023,4,2,5,3
14042,4,2,5,3
14048,4,2,5,3
14063,6,0,7,1
14097,5,2,6,3
14116,4,1,5,2
14137,4,2,5,3
14144,4,1,5,2
14177,4,1,5,2
14204,4,1,5,2
14215,4,1,5,2
14239,4,1,5,2
14328,1,0,2,1
14359,6,0,7,1
14459,1,0,2,1
14463,6,0,7,1
14482,0,1,1,2
14507,0,1,1,2
14543,0,1,1,2
14592,0,1,1,2
14640,6,0,7,1
14686,6,0,7,1
14695,4,0,5,1
14706,4,0,5,1
14770,0,1,1,2
14823,6,0,7,1
14835,1,0,2,1
14866,1,2,2,3
14891,5,2,6,3
14915,1,2,2,3
14926,5,1,6,2
14927,2,1,3,2
14931,2,1,3,2
14964,5,1,6,2
14977,5,1,6,2
14978,5,1,6,2
14983,5,2,6,3
15002,5,2,6,3
15088,2,5,3,6
15110,5,1,6,2
15157,0,1,1,2
15161,0,1,1,2
15184,0,1,1,2
15185,0,1,1,2
15216,0,1,1,2
15251,0,1,1,2
15252,0,1,1,2
15291,0,1,1,2
15293,0,1,1,2
15297,0,1,1,2
15311,1,0,2,1
15313,1,0,2,1
15341,0,1,1,2
15358,1,0,2,1
15359,1,0,2,1
15389,0,1,1,2
15393,0,1,1,2
15413,1,0,2,1
15446,0,1,1,2
15450,0,1,1,2
15459,1,0,2,1
15465,1,0,2,1
15471,1,0,2,1
15472,1,0,2,1
15486,0,1,1,2
15536,0,1,1,2
15540,0,1,1,2
15542,0,1,1,2
15552,1,0,2,1
15562,1,0,2,1
15578,0,1,1,2
15621,1,4,2,5
15650,0,1,1,2
15662,1,0,2,1
15663,1,0,2,1
15674,1,0,2,1
15823,1,0,2,1
15874,1,4,2,5
15944,1,4,2,5
15954,1,0,2,1
15956,1,0,2,1
15968,1,0,2,1
15970,1,0,2,1
16025,1,4,2,5
16026,1,4,2,5
16027,1,4,2,5
16028,1,4,2,5
16096,1,4,2,5
16120,1,0,2,1
16164,1,4,2,5
16171,1,4,2,5
16181,1,4,2,5
16184,1,4,2,5
16318,1,4,2,5
16346,1,4,2,5
16432,1,0,2,1
16433,1,0,2,1
16456,1,0,2,1
16468,0,1,1,2
16529,4,1,5,2
16578,1,0,2,1
16611,1,0,2,1
16613,1,0,2,1
16614,1,0,2,1
16620,0,1,1,2
16623,0,1,1,2
16636,1,0,2,1
16647,0,1,1,2
16649,0,1,1,2
16651,0,1,1,2
16655,0,1,1,2
16661,0,1,1,2
16814,0,1,1,2
16828,0,1,1,2
16837,0,1,1,2
16889,4,1,5,2
16967,4,1,5,2
16993,0,1,1,2
16999,0,1,1,2
17005,0,1,1,2
17011,1,0,2,1
17021,0,1,1,2
17023,0,1,1,2
17025,0,1,1,2
17048,1,4,2,5
17060,1,4,2,5
17182,4,1,5,2
17199,1,0,2,1
17200,1,0,2,1
17219,0,1,1,2
17230,0,1,1,2
17393,1,4,2,5
17398,4,1,5,2
17399,4,1,5,2
17401,4,1,5,2
17417,1,0,2,1
17434,0,1,1,2
17436,0,1,1,2
17502,1,4,2,5
17620,4,1,5,2
17622,4,1,5,2
17655,0,1,1,2
17658,0,1,1,2
17727,1,4,2,5
17849,4,1,5,2
17857,1,0,2,1
17873,0,1,1,2
17877,0,1,1,2
17880,0,1,1,2
17881,0,1,1,2
17883,0,1,1,2
17951,1,4,2,5
17955,1,4,2,5
17956,1,4,2,5
18094,0,1,1,2
18117,1,0,2,1
18160,1,4,2,5
18168,1,4,2,5
18169,1,4,2,5
18171,1,4,2,5
18172,1,4,2,5
18173,1,4,2,5
18174,1,4,2,5
18279,1,0,2,1
18280,1,0,2,1
18290,4,1,5,2
18316,0,1,1,2
18318,0,1,1,2
18321,0,1,1,2
18336,1,0,2,1
18339,1,0,2,1
18493,1,0,2,1
18497,1,0,2,1
18498,1,0,2,1
18507,0,1,1,2
18533,0,1,1,2
18535,0,1,1,2
18538,0,1,1,2
18552,1,0,2,1
18553,1,0,2,1
18607,1,4,2,5
18609,1,4,2,5
18611,1,4,2,5
18725,4,1,5,2
18727,0,1,1,2
18756,0,1,1,2
18757,0,1,1,2
18768,1,0,2,1
18770,1,0,2,1
18830,1,4,2,5
18862,1,0,2,1
18933,1,0,2,1
18949,0,1,1,2
18973,0,1,1,2
18990,1,0,2,1
18991,1,0,2,1
19055,1,4,2,5
19099,1,0,2,1
19100,1,0,2,1
19201,0,1,1,2
19202,0,1,1,2
19331,1,0,2,1
19400,0,1,1,2
19401,0,1,1,2
19426,0,1,1,2
19561,1,0,2,1
19653,0,1,1,2
19803,1,0,2,1
19873,0,1,1,2
19888,1,0,2,1
19891,1,0,2,1
19959,1,4,2,5
19990,0,1,1,2
20008,1,0,2,1
20105,1,0,2,1
20110,1,0,2,1
20115,1,0,2,1
20118,1,0,2,1
20213,0,1,1,2
20234,0,1,1,2
20334,1,0,2,1
20338,1,0,2,1
20346,1,0,2,1
20409,1,4,2,5
20410,1,4,2,5
20461,0,1,1,2
20463,0,1,1,2
20557,1,0,2,1
20567,1,0,2,1
20671,0,1,1,2
20681,1,0,2,1
20780,0,1,1,2
20786,1,0,2,1
20789,1,0,2,1
20790,1,0,2,1
20913,1,0,2,1
21027,1,0,2,1
21152,1,0,2,1
21155,1,0,2,1
21252,0,1,1,2
21261,1,0,2,1
21332,1,4,2,5
21390,1,0,2,1
21494,0,1,1,2
21593,1,4,2,5
21730,0,1,1,2
21937,0,1,1,2
21941,0,1,1,2
22067,1,4,2,5
22132,0,1,1,2
22174,0,1,1,2
22189,0,1,1,2
22198,0,1,1,2
22202,0,1,1,2
22306,1,4,2,5
22430,0,1,1,2
22654,0,1,1,2
22678,0,1,1,2
22715,1,0,2,1
22902,0,1,1,2
22903,0,1,1,2
22935,1,0,2,1
23097,1,0,2,1
23121,0,1,1,2
23146,1,0,2,1
23194,1,0,2,1
23196,1,0,2,1
23197,1,0,2,1
23383,0,1,1,2
23414,0,1,1,2
23423,0,1,1,2
23427,0,1,1,2
23464,1,0,2,1
23689,0,1,1,2
23692,0,1,1,2
23698,0,1,1,2
23934,0,1,1,2
23969,0,1,1,2
23972,0,1,1,2
23976,0,1,1,2
24198,1,0,2,1
24216,0,1,1,2
24219,0,1,1,2
24256,0,1,1,2
24279,0,1,1,2
24297,1,0,2,1
24503,0,1,1,2
24532,0,1,1,2
24535,0,1,1,2
24794,0,1,1,2
24814,1,0,2,1
24822,0,1,1,2
24832,0,1,1,2
24847,1,0,2,1
24986,1,4,2,5
24987,0,1,1,2
25076,1,0,2,1
25390,0,1,1,2
25422,1,0,2,1
25540,0,1,1,2
25547,1,0,2,1
25548,1,0,2,1
25549,1,0,2,1
25830,0,1,1,2
25835,0,1,1,2
25855,0,1,1,2
26134,0,1,1,2
26444,1,0,2,1
26544,1,0,2,1
26546,1,0,2,1
26577,0,1,1,2
26776,0,1,1,2
26779,0,1,1,2
26890,0,1,1,2
27077,1,0,2,1
27089,0,1,1,2
27113,0,1,1,2
27126,0,1,1,2
27181,0,1,1,2
27185,0,1,1,2
27186,0,1,1,2
27440,0,1,1,2
27443,0,1,1,2
27581,1,0,2,1
27588,1,0,2,1
27596,1,0,2,1
27605,0,1,1,2
27606,0,1,1,2
27795,1,0,2,1
27796,1,0,2,1
27804,0,1,1,2
27817,1,0,2,1
27829,0,1,1,2
27925,1,0,2,1
27941,1,0,2,1
27973,0,1,1,2
28177,0,1,1,2
28192,0,1,1,2
28201,0,1,1,2
28202,0,1,1,2
28288,1,0,2,1
28289,1,0,2,1
28347,0,1,1,2
28351,0,1,1,2
28539,1,0,2,1
28546,0,1,1,2
28568,0,1,1,2
28569,0,1,1,2
28570,0,1,1,2
28601,0,1,1,2
28603,0,1,1,2
28604,0,1,1,2
28933,0,1,1,2
28965,0,1,1,2
28967,0,1,1,2
29035,0,1,1,2
29089,0,1,1,2
29096,0,1,1,2
29271,1,0,2,1
29273,1,0,2,1
29292,0,1,1,2
29302,0,1,1,2
29328,0,1,1,2
29331,0,1,1,2
29333,0,1,1,2
29456,0,1,1,2
29460,0,1,1,2
29639,1,0,2,1
29658,0,1,1,2
29662,0,1,1,2
29663,0,1,1,2
29693,0,1,1,2
29695,0,1,1,2
29757,1,0,2,1
29802,1,0,2,1
29819,0,1,1,2
29824,0,1,1,2
29826,0,1,1,2
30007,1,0,2,1
30028,0,1,1,2
30037,0,1,1,2
30061,0,1,1,2
30126,1,0,2,1
30132,0,1,1,2
30168,1,0,2,1
30171,1,0,2,1
30377,1,0,2,1
30399,0,1,1,2
30432,0,1,1,2
30495,1,0,2,1
30531,0,1,1,2
30532,0,1,1,2
30563,0,1,1,2
30564,0,1,1,2
30775,0,1,1,2
30781,0,1,1,2
30785,0,1,1,2
30810,0,1,1,2
30918,1,0,2,1
30936,0,1,1,2
30939,0,1,1,2
30940,0,1,1,2
30942,0,1,1,2
31167,0,1,1,2
31169,0,1,1,2
31286,0,1,1,2
31288,0,1,1,2
31320,0,1,1,2
31549,0,1,1,2
31551,0,1,1,2
31554,0,1,1,2
31556,0,1,1,2
31578,0,1,1,2
31579,0,1,1,2
31583,0,1,1,2
31688,0,1,1,2
31706,0,1,1,2
31912,1,0,2,1
31964,0,1,1,2
32024,0,1,1,2
32041,1,0,2,1
32057,0,1,1,2
32072,0,1,1,2
32075,0,1,1,2
32091,0,1,1,2
32092,0,1,1,2
32302,1,0,2,1
32312,1,0,2,1
32315,1,0,2,1
32316,1,0,2,1
32327,0,1,1,2
32329,0,1,1,2
32331,0,1,1,2
32424,0,1,1,2
32446,0,1,1,2
32463,0,1,1,2
32467,0,1,1,2
32478,0,1,1,2
32479,0,1,1,2
32485,0,1,1,2
32685,0,1,1,2
32695,1,0,2,1
32696,1,0,2,1
32700,1,0,2,1
32702,1,0,2,1
32703,1,0,2,1
32704,1,0,2,1
32707,1,0,2,1
32710,1,0,2,1
32715,0,1,1,2
32720,0,1,1,2
32721,0,1,1,2
32740,0,1,1,2
32805,0,1,1,2
32831,0,1,1,2
32832,0,1,1,2
32863,0,1,1,2
33079,1,0,2,1
33083,1,0,2,1
33084,1,0,2,1
33090,1,0,2,1
33093,1,0,2,1
33101,0,1,1,2
33106,0,1,1,2
33121,1,0,2,1
33135,0,1,1,2
33136,1,0,2,1
33185,0,1,1,2
33189,0,1,1,2
33196,1,0,2,1
33230,1,0,2,1
33254,0,1,1,2
33460,0,1,1,2
33478,1,0,2,1
33484,1,0,2,1
33568,0,1,1,2
33607,0,1,1,2
33619,1,0,2,1
33850,0,1,1,2
33851,0,1,1,2
33863,1,0,2,1
33900,1,0,2,1
33912,0,1,1,2
33957,0,1,1,2
33962,0,1,1,2
33964,0,1,1,2
33965,0,1,1,2
34003,0,1,1,2
34018,1,0,2,1
34243,0,1,1,2
34244,0,1,1,2
34261,1,0,2,1
34278,1,0,2,1
34347,0,1,1,2
34352,0,1,1,2
34390,0,1,1,2
34590,4,1,5,2
34640,1,0,2,1
34681,0,1,1,2
34736,0,1,1,2
34738,0,1,1,2
34740,0,1,1,2
34743,0,1,1,2
34745,1,0,2,1
34779,0,1,1,2
34782,0,1,1,2
34795,0,1,1,2
35058,0,1,1,2
35068,1,0,2,1
35071,1,0,2,1
35086,1,0,2,1
35127,0,1,1,2
35128,0,1,1,2
35129,0,1,1,2
35130,0,1,1,2
35138,1,0,2,1
35172,0,1,1,2
35187,0,1,1,2
35194,0,1,1,2
35373,4,1,5,2
35374,4,1,5,2
35463,1,0,2,1
35562,0,1,1,2
35583,0,1,1,2
35759,1,4,2,5
35843,1,0,2,1
35848,1,0,2,1
35851,1,0,2,1
35909,0,1,1,2
35910,0,1,1,2
35954,0,1,1,2
35975,0,1,1,2
36243,1,0,2,1
36246,1,0,2,1
36604,0,1,1,2
36654,0,1,1,2
36655,0,1,1,2
36701,1,0,2,1
36740,0,1,1,2
36741,0,1,1,2
37148,0,1,1,2
38498,1,4,2,5
38604,0,1,1,2
38643,0,1,1,2
39271,1,4,2,5
39375,0,1,1,2
39406,1,0,2,1
39678,0,6,1,7
39761,0,1,1,2
39762,0,1,1,2
40148,0,1,1,2
40149,0,1,1,2
40528,0,1,1,2
40532,0,1,1,2
40534,0,1,1,2
40626,1,0,2,1
40627,1,0,2,1
41032,0,1,1,2
41418,0,1,1,2
41423,0,1,1,2
41806,0,1,1,2
41813,0,1,1,2
41818,0,1,1,2
42204,0,1,1,2
42207,0,1,1,2
42365,1,4,2,5
42368,1,4,2,5
42371,1,4,2,5
42473,0,1,1,2
42588,0,1,1,2
42591,0,1,1,2
42753,1,4,2,5
42756,1,4,2,5
42758,1,4,2,5
42811,0,1,1,2
42812,0,1,1,2
42949,0,1,1,2
42962,0,1,1,2
42963,0,1,1,2
42966,0,1,1,2
42974,0,1,1,2
43198,0,1,1,2
43333,0,1,1,2
43334,0,1,1,2
43356,0,1,1,2
43362,0,1,1,2
43579,0,1,1,2
43582,0,1,1,2
43603,0,1,1,2
43633,1,0,2,1
43723,0,1,1,2
43754,0,1,1,2
43990,0,1,1,2
43991,0,1,1,2
44135,0,1,1,2
44350,0,1,1,2
44491,0,1,1,2
44500,0,1,1,2
44506,1,0,2,1
44519,0,1,1,2
44524,0,1,1,2
44889,0,1,1,2
44891,0,1,1,2
45278,0,1,1,2
45282,0,1,1,2
45285,0,1,1,2
45288,0,1,1,2
45301,0,1,1,2
45591,0,1,1,2
45684,0,1,1,2
45685,0,1,1,2
45704,0,1,1,2
46081,0,1,1,2
46101,0,1,1,2
46104,0,1,1,2
46170,1,0,2,1
46390,1,0,2,1
46478,0,1,1,2
47355,1,0,2,1
47582,1,0,2,1
47920,0,1,1,2
47971,1,0,2,1
47975,1,0,2,1
47976,1,0,2,1
48147,1,0,2,1
48149,1,0,2,1
48364,1,0,2,1
48521,1,0,2,1
48924,0,1,1,2
49297,0,1,1,2
49652,0,1,1,2
49654,0,1,1,2
50355,0,1,1,2
50358,0,1,1,2
51046,0,1,1,2
51047,0,1,1,2
51048,0,1,1,2
51589,0,1,1,2
51744,0,1,1,2
51748,0,1,1,2
52040,1,0,2,1
52383,1,0,2,1
52439,0,1,1,2
52631,1,0,2,1
53071,0,1,1,2
53075,0,1,1,2
53409,0,1,1,2
53411,0,1,1,2
53412,0,1,1,2
53460,0,1,1,2
53747,0,1,1,2
53793,0,1,1,2
53794,0,1,1,2
53795,0,1,1,2
54085,0,1,1,2
54413,0,1,1,2
54428,0,1,1,2
54473,0,1,1,2
54674,0,1,1,2
54743,0,1,1,2
54749,0,1,1,2
54751,0,1,1,2
54756,0,1,1,2
54803,0,1,1,2
54864,1,0,2,1
54997,0,1,1,2
55190,1,0,2,1
55198,1,0,2,1
55389,0,1,1,2
55397,0,1,1,2
55409,0,1,1,2
55413,0,1,1,2
55521,1,0,2,1
55522,0,1,1,2
55722,0,1,1,2
55724,0,1,1,2
55732,0,1,1,2
55740,0,1,1,2
55741,0,1,1,2
55785,0,1,1,2
56040,0,1,1,2
56042,0,1,1,2
56049,0,1,1,2
56057,0,1,1,2
56059,0,1,1,2
56174,0,1,1,2
56350,0,1,1,2
56353,0,1,1,2
56358,0,1,1,2
56369,0,1,1,2
56370,0,1,1,2
56374,0,1,1,2
56480,0,1,1,2
56486,0,1,1,2
56626,1,0,2,1
56658,0,1,1,2
56663,0,1,1,2
56664,0,1,1,2
56665,0,1,1,2
56679,0,1,1,2
56681,0,1,1,2
56720,0,1,1,2
56723,0,1,1,2
56791,0,1,1,2
56794,0,1,1,2
56964,0,1,1,2
56971,0,1,1,2
57029,0,1,1,2
57030,0,1,1,2
57100,0,1,1,2
57101,0,1,1,2
57102,0,1,1,2
57266,0,1,1,2
57269,0,1,1,2
57271,0,1,1,2
57276,1,0,2,1
57285,0,1,1,2
57286,0,1,1,2
57290,0,1,1,2
57329,0,1,1,2
57334,0,1,1,2
57464,0,6,1,7
57465,0,6,1,7
57574,0,1,1,2
57579,1,0,2,1
57631,0,1,1,2
57633,0,1,1,2
57635,0,1,1,2
57709,0,1,1,2
57844,1,0,2,1
57889,1,0,2,1
57894,0,1,1,2
57935,0,1,1,2
58141,0,1,1,2
58180,0,1,1,2
58187,1,0,2,1
58190,1,0,2,1
58313,0,1,1,2
58317,0,1,1,2
58447,0,1,1,2
58465,0,1,1,2
58485,0,1,1,2
58494,1,0,2,1
58503,0,1,1,2
58504,0,1,1,2
58549,0,1,1,2
58619,0,1,1,2
58766,0,1,1,2
58793,1,0,2,1
58805,0,1,1,2
58849,0,1,1,2
59065,0,1,1,2
59103,0,1,1,2
59106,0,1,1,2
59150,0,1,1,2
59226,1,0,2,1
59403,0,1,1,2
59494,0,1,1,2
59495,0,1,1,2
59497,0,1,1,2
59689,1,0,2,1
59691,1,0,2,1
59692,0,1,1,2
59791,1,0,2,1
59984,0,1,1,2
59987,0,1,1,2
60076,0,1,1,2
60078,0,1,1,2
60103,0,1,1,2
60104,0,1,1,2
60234,0,1,1,2
60235,0,1,1,2
60275,0,1,1,2
60278,0,1,1,2
60324,0,1,1,2
60388,0,1,1,2
60390,0,1,1,2
60575,0,1,1,2
60577,0,1,1,2
60667,0,1,1,2
60686,0,1,1,2
60687,0,1,1,2
60688,0,1,1,2
60987,0,1,1,2
60991,0,1,1,2
61103,0,1,1,2
61106,0,1,1,2
61109,0,1,1,2
61124,1,0,2,1
61131,0,1,1,2
61141,0,1,1,2
61178,0,1,1,2
61409,1,0,2,1
61412,1,0,2,1
61415,1,0,2,1
61417,1,0,2,1
61421,0,1,1,2
61424,0,1,1,2
61496,0,1,1,2
61582,0,1,1,2
61583,0,1,1,2
61594,0,1,1,2
61710,1,0,2,1
61711,1,0,2,1
61712,1,0,2,1
61713,1,0,2,1
61732,0,1,1,2
61769,0,1,1,2
61859,0,1,1,2
61878,0,1,1,2
61891,0,1,1,2
61893,0,1,1,2
61895,0,1,1,2
61980,1,0,2,1
61982,1,0,2,1
61983,1,0,2,1
61990,1,0,2,1
62062,0,1,1,2
62084,0,1,1,2
62154,0,1,1,2
62175,0,1,1,2
62281,1,0,2,1
62318,0,1,1,2
62319,0,1,1,2
62358,0,1,1,2
62376,0,1,1,2
62447,0,1,1,2
62482,0,1,1,2
62575,1,0,2,1
62576,1,0,2,1
62630,0,1,1,2
62671,0,1,1,2
62672,0,1,1,2
62781,0,1,1,2
62784,0,1,1,2
62864,1,0,2,1
62865,1,0,2,1
62866,1,0,2,1
62870,1,0,2,1
62882,1,0,2,1
62900,0,1,1,2
62903,0,1,1,2
62921,0,1,1,2
62924,0,1,1,2
62965,0,1,1,2
63076,0,1,1,2
63084,0,1,1,2
63162,1,0,2,1
63164,1,0,2,1
63165,1,0,2,1
63166,1,0,2,1
63185,0,1,1,2
63198,0,1,1,2
63199,0,1,1,2
63202,0,1,1,2
63260,0,1,1,2
63265,0,1,1,2
63371,0,1,1,2
63374,0,1,1,2
63394,1,0,2,1
63515,0,1,1,2
63547,0,1,1,2
63551,0,1,1,2
63557,0,1,1,2
63630,0,1,1,2
63632,1,0,2,1
63657,0,1,1,2
63676,0,1,1,2
63844,0,1,1,2
63849,0,1,1,2
63854,1,0,2,1
63929,0,1,1,2
63957,0,1,1,2
63977,0,1,1,2
64141,0,1,1,2
64145,0,1,1,2
64153,1,0,2,1
64156,1,0,2,1
64157,1,0,2,1
64255,0,1,1,2
64256,0,1,1,2
64259,1,0,2,1
64270,0,1,1,2
64438,0,1,1,2
64442,0,1,1,2
64452,1,0,2,1
64455,1,0,2,1
64562,1,0,2,1
64566,1,0,2,1
64575,0,1,1,2
64588,0,1,1,2
64596,0,1,1,2
64674,0,1,1,2
64709,1,0,2,1
64738,0,1,1,2
64740,0,1,1,2
64751,1,0,2,1
64864,1,0,2,1
64868,0,1,1,2
64886,0,1,1,2
64891,0,1,1,2
64892,0,1,1,2
64895,0,1,1,2
64970,0,1,1,2
65032,0,1,1,2
65034,0,1,1,2
65036,0,1,1,2
65049,1,0,2,1
65160,1,0,2,1
65178,0,1,1,2
65184,0,1,1,2
65195,0,1,1,2
65196,0,1,1,2
65197,0,1,1,2
65456,1,0,2,1
65457,1,0,2,1
65461,0,1,1,2
65466,0,1,1,2
65478,0,1,1,2
65480,0,1,1,2
65483,0,1,1,2
65488,0,1,1,2
65504,0,1,1,2
65552,0,1,1,2
65558,0,1,1,2
65564,1,0,2,1
65642,1,0,2,1
65753,1,0,2,1
65761,0,1,1,2
65765,0,1,1,2
65767,0,1,1,2
65769,0,1,1,2
65772,0,1,1,2
65774,0,1,1,2
65777,0,1,1,2
65781,0,1,1,2
65903,0,1,1,2
66051,1,0,2,1
66052,1,0,2,1
66059,0,1,1,2
66060,0,1,1,2
66063,0,1,1,2
66065,0,1,1,2
66092,0,1,1,2
66099,1,0,2,1
66252,0,1,1,2
66372,0,1,1,2
66375,0,1,1,2
66544,0,1,1,2
66545,0,1,1,2
66717,0,1,1,2
66729,0,1,1,2
66877,0,1,1,2
66880,0,1,1,2
67049,0,1,1,2
67050,0,1,1,2
67169,1,0,2,1
67210,0,1,1,2
67251,1,0,2,1
67252,0,1,1,2
68060,0,1,1,2
68202,0,1,1,2
68489,0,1,1,2
68492,0,1,1,2
68493,0,1,1,2
68495,0,1,1,2
68819,0,1,1,2
68844,0,1,1,2
68891,1,0,2,1
69026,0,1,1,2
69918,1,0,2,1
70391,0,1,1,2
70393,1,0,2,1
70449,1,0,2,1
70450,1,0,2,1
70452,0,1,1,2
70609,1,4,2,5
70611,1,4,2,5
70719,0,1,1,2
70739,0,1,1,2
70741,0,1,1,2
70747,0,1,1,2
70748,0,1,1,2
70749,0,1,1,2
70918,1,4,2,5
71022,0,1,1,2
71025,0,1,1,2
71027,0,1,1,2
71051,0,1,1,2
71052,0,1,1,2
71062,0,1,1,2
71067,0,1,1,2
71068,0,1,1,2
71233,1,4,2,5
71235,1,4,2,5
71321,0,1,1,2
71325,0,1,1,2
71328,0,1,1,2
71339,0,1,1,2
71340,0,1,1,2
71363,0,1,1,2
71366,0,1,1,2
71370,0,1,1,2
71374,0,1,1,2
71375,0,1,1,2
71376,0,1,1,2
71384,0,1,1,2
71464,1,0,2,1
71541,1,4,2,5
71549,1,4,2,5
71551,1,4,2,5
71623,0,1,1,2
71628,0,1,1,2
71641,0,1,1,2
71645,0,1,1,2
71665,0,1,1,2
71666,0,1,1,2
71669,0,1,1,2
71671,0,1,1,2
71673,0,1,1,2
71692,0,1,1,2
71778,1,0,2,1
71924,0,1,1,2
71927,0,1,1,2
71950,0,1,1,2
71968,0,1,1,2
71969,0,1,1,2
71974,0,1,1,2
71975,0,1,1,2
71983,0,1,1,2
72216,0,1,1,2
72226,0,1,1,2
72229,0,1,1,2
72247,0,1,1,2
72248,0,1,1,2
72249,0,1,1,2
72256,0,1,1,2
72273,0,1,1,2
72274,0,1,1,2
72275,0,1,1,2
72276,0,1,1,2
72282,0,1,1,2
72319,0,1,1,2
72372,1,0,2,1
72553,0,1,1,2
72556,0,1,1,2
72565,0,1,1,2
72582,0,1,1,2
72583,0,1,1,2
72585,0,1,1,2
72591,0,1,1,2
72619,0,1,1,2
72620,0,1,1,2
72623,0,1,1,2
72825,0,1,1,2
72858,0,1,1,2
72883,0,1,1,2
72904,0,1,1,2
72912,0,1,1,2
72914,0,1,1,2
72917,0,1,1,2
73102,1,0,2,1
73104,1,0,2,1
73163,0,1,1,2
73181,0,1,1,2
73183,0,1,1,2
73187,0,1,1,2
73193,0,1,1,2
73319,1,4,2,5
73320,1,4,2,5
73382,1,0,2,1
73412,0,1,1,2
73433,0,1,1,2
73434,0,1,1,2
73436,0,1,1,2
73441,0,1,1,2
73443,0,1,1,2
73456,0,1,1,2
73459,0,1,1,2
73461,1,0,2,1
73481,0,1,1,2
73482,0,1,1,2
73665,1,0,2,1
73666,1,0,2,1
73668,1,0,2,1
73669,1,0,2,1
73670,1,0,2,1
73695,0,1,1,2
73719,0,1,1,2
73723,0,1,1,2
73741,0,1,1,2
73742,0,1,1,2
73766,0,1,1,2
73767,0,1,1,2
73952,1,0,2,1
73954,1,0,2,1
73955,1,0,2,1
73957,1,0,2,1
73960,1,0,2,1
73961,1,0,2,1
73983,0,1,1,2
74005,0,1,1,2
74053,0,1,1,2
74056,0,1,1,2
74175,1,4,2,5
74241,1,0,2,1
74242,1,0,2,1
74244,1,0,2,1
74266,0,1,1,2
74268,0,1,1,2
74270,0,1,1,2
74296,0,1,1,2
74297,0,1,1,2
74298,0,1,1,2
74299,0,1,1,2
74331,1,0,2,1
74336,0,1,1,2
74338,0,1,1,2
74341,0,1,1,2
74558,0,1,1,2
74590,0,1,1,2
74620,0,1,1,2
74625,0,1,1,2
74633,0,1,1,2
74763,1,4,2,5
74770,4,1,5,2
74771,4,1,5,2
74849,0,1,1,2
74850,0,1,1,2
74853,0,1,1,2
74854,0,1,1,2
74868,1,0,2,1
74869,1,0,2,1
74871,1,0,2,1
74891,0,1,1,2
74925,0,1,1,2
74930,0,1,1,2
74939,0,1,1,2
74940,0,1,1,2
74943,0,1,1,2
74944,0,1,1,2
75063,4,1,5,2
75067,4,1,5,2
75142,1,0,2,1
75148,0,1,1,2
75149,0,1,1,2
75191,0,1,1,2
75195,0,1,1,2
75196,0,1,1,2
75215,1,0,2,1
75219,0,1,1,2
75237,0,1,1,2
75364,4,1,5,2
75416,1,0,2,1
75428,1,0,2,1
75432,1,0,2,1
75461,1,0,2,1
75490,0,1,1,2
75518,0,1,1,2
75522,0,1,1,2
75535,0,1,1,2
75538,0,1,1,2
75711,1,0,2,1
75712,1,0,2,1
75714,1,0,2,1
75719,1,0,2,1
75725,1,0,2,1
75726,1,0,2,1
75755,1,0,2,1
75757,1,0,2,1
75780,0,1,1,2
75801,1,0,2,1
76004,1,0,2,1
76005,1,0,2,1
76049,1,0,2,1
76072,0,1,1,2
76079,1,0,2,1
76104,0,1,1,2
76105,0,1,1,2
76108,0,1,1,2
76123,0,1,1,2
76125,0,1,1,2
76298,1,0,2,1
76299,1,0,2,1
76303,1,0,2,1
76339,1,0,2,1
76365,0,1,1,2
76374,1,0,2,1
76376,1,0,2,1
76377,1,0,2,1
76386,1,0,2,1
76402,0,1,1,2
76403,0,1,1,2
76416,0,1,1,2
76548,1,4,2,5
76596,1,0,2,1
76598,1,0,2,1
76600,1,0,2,1
76669,1,0,2,1
76683,0,1,1,2
76833,1,4,2,5
76895,1,0,2,1
76995,0,1,1,2
77000,0,1,1,2
77187,0,1,1,2
77203,1,0,2,1
77237,1,0,2,1
77250,1,0,2,1
77254,1,0,2,1
77276,0,1,1,2
77283,0,1,1,2
77516,1,0,2,1
77523,1,0,2,1
77537,1,0,2,1
77538,1,0,2,1
77548,0,1,1,2
77560,0,1,1,2
77562,0,1,1,2
77568,0,1,1,2
77569,0,1,1,2
77690,1,4,2,5
77741,0,1,1,2
77746,0,1,1,2
77808,1,0,2,1
77817,1,0,2,1
77820,1,0,2,1
77830,0,1,1,2
78031,0,1,1,2
78084,1,0,2,1
78102,1,0,2,1
78249,1,4,2,5
78251,1,4,2,5
78312,0,1,1,2
78314,0,1,1,2
78363,1,0,2,1
78367,1,0,2,1
78383,1,0,2,1
78388,0,1,1,2
78405,0,1,1,2
78591,0,1,1,2
78646,1,0,2,1
78656,1,0,2,1
78663,1,0,2,1
78867,0,1,1,2
78918,1,0,2,1
78935,1,0,2,1
78937,1,0,2,1
78941,1,0,2,1
79089,1,4,2,5
79145,0,1,1,2
79220,0,1,1,2
79222,0,1,1,2
79246,0,1,1,2
79365,1,4,2,5
79502,0,1,1,2
79640,1,4,2,5
79774,1,0,2,1
79777,1,0,2,1
79778,1,0,2,1
79779,1,0,2,1
79782,0,1,1,2
79783,0,1,1,2
79786,0,1,1,2
79794,0,1,1,2
79796,0,1,1,2
79806,0,1,1,2
79810,0,1,1,2
79811,0,1,1,2
79812,0,1,1,2
79919,1,4,2,5
79988,1,0,2,1
80040,1,0,2,1
80041,1,0,2,1
80059,1,0,2,1
80060,1,0,2,1
80097,1,0,2,1
80266,0,1,1,2
80268,1,0,2,1
80343,1,0,2,1
80344,1,0,2,1
80345,1,0,2,1
80346,1,0,2,1
80611,1,0,2,1
80669,0,1,1,2
80670,0,1,1,2
80899,1,0,2,1
80917,0,1,1,2
80919,0,1,1,2
80921,0,1,1,2
81183,0,1,1,2
81202,0,1,1,2
81203,0,1,1,2
81205,0,1,1,2
81218,0,1,1,2
81240,0,1,1,2
81246,0,1,1,2
81502,0,1,1,2
81503,0,1,1,2
81504,0,1,1,2
81528,0,1,1,2
81533,0,1,1,2
81796,1,0,2,1
81800,1,0,2,1
81823,1,0,2,1
82082,1,0,2,1
82090,1,0,2,1
82103,0,1,1,2
82110,1,0,2,1
82199,1,4,2,5
82261,1,0,2,1
82281,1,0,2,1
82391,0,1,1,2
82484,1,4,2,5
82556,1,0,2,1
82557,1,0,2,1
82668,1,0,2,1
82670,1,0,2,1
82672,1,0,2,1
82696,1,0,2,1
82781,1,4,2,5
82856,1,0,2,1
82859,1,0,2,1
82968,1,0,2,1
82992,0,1,1,2
82997,1,0,2,1
83157,1,0,2,1
83277,1,0,2,1
83292,0,1,1,2
83383,1,4,2,5
83533,1,0,2,1
83574,1,0,2,1
83586,1,0,2,1
83767,1,0,2,1
83770,1,0,2,1
83843,1,0,2,1
83847,1,0,2,1
83898,1,0,2,1
84072,1,0,2,1
84091,0,1,1,2
84143,1,0,2,1
84145,1,0,2,1
84180,1,0,2,1
84201,0,1,1,2
84210,0,1,1,2
84366,1,0,2,1
84374,0,1,1,2
84375,0,1,1,2
84383,0,1,1,2
84473,1,0,2,1
84497,0,1,1,2
84499,0,1,1,2
84501,1,0,2,1
84503,1,0,2,1
84661,1,0,2,1
84665,1,0,2,1
84673,1,0,2,1
84677,0,1,1,2
84736,1,0,2,1
84737,1,0,2,1
84796,1,0,2,1
84797,1,0,2,1
84959,1,0,2,1
84968,0,1,1,2
84972,0,1,1,2
84974,0,1,1,2
84977,0,1,1,2
85083,0,1,1,2
85096,1,0,2,1
85266,0,1,1,2
85267,0,1,1,2
85268,0,1,1,2
85347,1,0,2,1
85377,0,1,1,2
85378,0,1,1,2
85388,0,1,1,2
85547,0,1,1,2
85549,0,1,1,2
85554,0,1,1,2
85610,1,0,2,1
85627,1,0,2,1
85629,1,0,2,1
85644,0,1,1,2
85648,0,1,1,2
85649,0,1,1,2
85671,1,0,2,1
85837,0,1,1,2
85840,0,1,1,2
85913,1,0,2,1
85915,1,0,2,1
85917,1,0,2,1
85932,0,1,1,2
85934,0,1,1,2
85946,0,1,1,2
85967,0,1,1,2
86107,1,0,2,1
86123,0,1,1,2
86129,0,1,1,2
86191,0,1,1,2
86197,1,0,2,1
86200,1,0,2,1
86217,0,1,1,2
86221,0,1,1,2
86232,0,1,1,2
86405,0,1,1,2
86462,0,1,1,2
86478,1,0,2,1
86479,1,0,2,1
86481,1,0,2,1
86482,1,0,2,1
86504,0,1,1,2
86511,0,1,1,2
86571,1,0,2,1
86670,1,0,2,1
86688,0,1,1,2
86761,1,0,2,1
86762,1,0,2,1
86783,0,1,1,2
86785,0,1,1,2
86869,1,4,2,5
86975,0,1,1,2
86980,0,1,1,2
87036,0,1,1,2
87051,1,0,2,1
87052,1,0,2,1
87067,0,1,1,2
87068,0,1,1,2
87077,0,1,1,2
87091,1,0,2,1
87093,1,0,2,1
87099,0,1,1,2
87155,1,4,2,5
87254,1,0,2,1
87262,0,1,1,2
87439,1,4,2,5
87537,1,0,2,1
87538,1,0,2,1
87549,1,0,2,1
87607,0,1,1,2
87692,1,0,2,1
87822,1,0,2,1
87830,1,0,2,1
87832,1,0,2,1
87834,1,0,2,1
87908,1,0,2,1
87936,0,1,1,2
87975,0,1,1,2
87986,1,0,2,1
88109,1,0,2,1
88116,1,0,2,1
88121,1,0,2,1
88187,0,1,1,2
88240,1,0,2,1
88289,1,0,2,1
88409,1,0,2,1
88412,1,0,2,1
88484,1,0,2,1
88485,1,0,2,1
88525,1,0,2,1
88531,1,0,2,1
88548,0,1,1,2
88584,1,0,2,1
88696,1,0,2,1
88699,1,0,2,1
88711,1,0,2,1
88713,1,0,2,1
88882,1,0,2,1
89088,1,0,2,1
89127,1,0,2,1
89180,1,0,2,1
89301,1,0,2,1
89303,1,0,2,1
89304,1,0,2,1
89306,1,0,2,1
89307,1,0,2,1
89392,1,0,2,1
89425,0,1,1,2
89426,0,1,1,2
89600,1,0,2,1
89606,1,0,2,1
89609,1,0,2,1
89610,1,0,2,1
89693,1,0,2,1
89710,0,1,1,2
89714,0,1,1,2
89721,0,1,1,2
89724,0,1,1,2
89785,1,0,2,1
89787,1,0,2,1
89892,1,0,2,1
89894,1,0,2,1
89900,1,0,2,1
89906,1,0,2,1
89989,1,0,2,1
90009,0,1,1,2
90011,0,1,1,2
90013,0,1,1,2
90018,0,1,1,2
90022,0,1,1,2
90028,1,0,2,1
90035,0,1,1,2
90047,0,1,1,2
90048,0,1,1,2
90049,0,1,1,2
90077,0,1,1,2
90079,0,1,1,2
90201,1,0,2,1
90303,0,1,1,2
90313,0,1,1,2
90320,1,0,2,1
90321,1,0,2,1
90328,0,1,1,2
90358,0,1,1,2
90371,0,1,1,2
90372,0,1,1,2
90478,1,0,2,1
90481,1,0,2,1
90621,1,0,2,1
90871,1,0,2,1
90873,1,0,2,1
90874,1,0,2,1
90924,0,1,1,2
90925,0,1,1,2
90928,0,1,1,2
90929,0,1,1,2
91023,1,0,2,1
91024,1,0,2,1
91025,1,0,2,1
91131,1,0,2,1
91132,1,0,2,1
91192,0,1,1,2
91193,0,1,1,2
91306,1,0,2,1
91317,1,0,2,1
91402,0,1,1,2
91406,1,0,2,1
91562,1,0,2,1
91563,1,0,2,1
91825,1,0,2,1
91840,1,0,2,1
92100,1,0,2,1
92359,1,0,2,1
92374,0,1,1,2
92599,1,0,2,1
92600,1,0,2,1
92630,1,0,2,1
92632,1,0,2,1
92782,0,1,1,2
92854,1,0,2,1
92875,1,0,2,1
92876,1,0,2,1
92957,0,1,1,2
93046,0,1,1,2
93047,0,1,1,2
93162,1,0,2,1
93310,0,1,1,2
93385,1,0,2,1
93423,1,0,2,1
93424,1,0,2,1
93568,0,1,1,2
93739,0,1,1,2
94169,1,0,2,1
94220,1,0,2,1
94270,0,1,1,2
94488,1,0,2,1
94490,1,0,2,1
94507,0,1,1,2
94657,1,0,2,1
94753,1,0,2,1
94889,0,1,1,2
94895,0,1,1,2
94896,0,1,1,2
95020,1,0,2,1
95071,0,1,1,2
95153,0,1,1,2
95154,0,1,1,2
95155,0,1,1,2
95158,0,1,1,2
95159,0,1,1,2
95288,1,0,2,1
95306,0,1,1,2
95340,0,1,1,2
95424,0,1,1,2
95428,0,1,1,2
95468,1,0,2,1
95470,1,0,2,1
95471,1,0,2,1
95472,1,0,2,1
95618,1,0,2,1
95692,0,1,1,2
95737,1,0,2,1
95755,1,0,2,1
95826,1,0,2,1
95881,1,0,2,1
96002,1,0,2,1
96022,1,0,2,1
96102,1,0,2,1
96149,1,0,2,1
96150,1,0,2,1
96200,0,1,1,2
96276,1,0,2,1
96406,0,1,1,2
96416,0,1,1,2
96418,1,0,2,1
96419,1,0,2,1
96420,1,0,2,1
96477,0,1,1,2
96549,1,0,2,1
96679,0,1,1,2
96692,0,1,1,2
96697,1,0,2,1
96698,1,0,2,1
96702,1,0,2,1
96755,0,1,1,2
96954,0,1,1,2
96971,1,0,2,1
96978,1,0,2,1
96980,1,0,2,1
97031,0,1,1,2
97102,1,0,2,1
97253,1,0,2,1
97255,1,0,2,1
97315,0,1,1,2
97377,1,0,2,1
97378,1,0,2,1
97486,0,1,1,2
97496,1,0,2,1
97507,0,1,1,2
97540,1,0,2,1
97541,1,0,2,1
97569,1,4,2,5
97575,1,0,2,1
97596,0,1,1,2
97667,1,0,2,1
97767,0,1,1,2
97768,0,1,1,2
97773,1,0,2,1
97774,1,0,2,1
97778,1,0,2,1
97779,1,0,2,1
97785,0,1,1,2
97804,0,1,1,2
97816,1,0,2,1
97818,1,0,2,1
97948,1,0,2,1
98057,1,0,2,1
98058,1,0,2,1
98060,1,0,2,1
98074,0,1,1,2
98080,0,1,1,2
98094,1,0,2,1
98095,1,0,2,1
98122,1,4,2,5
98127,1,4,2,5
98227,1,0,2,1
98286,1,0,2,1
98361,0,1,1,2
98369,1,0,2,1
98371,1,0,2,1
98373,1,0,2,1
98427,0,1,1,2
98429,0,1,1,2
98431,0,1,1,2
98434,0,1,1,2
98566,1,0,2,1
98607,1,0,2,1
98646,1,0,2,1
98647,1,0,2,1
98648,1,0,2,1
98677,1,4,2,5
98679,1,4,2,5
98708,0,1,1,2
98709,0,1,1,2
98836,1,0,2,1
98878,0,1,1,2
98894,0,1,1,2
98932,1,0,2,1
98953,1,4,2,5
98956,1,4,2,5
98985,0,1,1,2
98986,0,1,1,2
98989,0,1,1,2
99025,4,1,5,2
99090,1,4,2,5
99091,1,4,2,5
99162,1,0,2,1
99175,0,1,1,2
99182,1,0,2,1
99200,1,0,2,1
99201,1,0,2,1
99205,1,0,2,1
99229,1,4,2,5
99260,0,1,1,2
99298,4,1,5,2
99300,1,0,2,1
99432,1,0,2,1
99469,0,1,1,2
99470,0,1,1,2
99480,0,1,1,2
99501,1,4,2,5
99505,1,4,2,5
99541,0,1,1,2
99544,0,1,1,2
99572,4,1,5,2
99639,1,4,2,5
99667,1,0,2,1
99698,1,0,2,1
99705,1,0,2,1
99734,1,0,2,1
99752,0,1,1,2
99774,1,4,2,5
99815,0,1,1,2
99818,0,1,1,2
99846,4,1,5,2
99982,1,0,2,1
99983,1,0,2,1
100002,0,1,1,2
100003,0,1,1,2
100018,0,1,1,2
100055,1,4,2,5
100057,1,4,2,5
100060,1,4,2,5
100099,0,1,1,2
100134,1,0,2,1
100139,1,0,2,1
100307,0,1,1,2
100346,1,4,2,5
100388,0,1,1,2
100418,4,1,5,2
100422,4,1,5,2
100425,1,0,2,1
100426,1,0,2,1
100427,1,0,2,1
100547,1,0,2,1
100549,1,0,2,1
100572,0,1,1,2
100596,0,1,1,2
100631,1,4,2,5
100705,4,1,5,2
100712,1,0,2,1
100806,1,0,2,1
100837,1,0,2,1
100838,0,1,1,2
100857,0,1,1,2
100860,0,1,1,2
100880,0,1,1,2
100910,1,4,2,5
100960,0,1,1,2
101147,1,0,2,1
101163,0,1,1,2
101164,0,1,1,2
101277,1,4,2,5
101449,0,1,1,2
101450,0,1,1,2
101480,1,4,2,5
101481,1,4,2,5
101482,1,4,2,5
101761,1,4,2,5
101762,1,4,2,5
101847,4,1,5,2
102008,0,1,1,2
102009,0,1,1,2
102137,4,1,5,2
102581,0,1,1,2
102703,4,1,5,2
102711,4,1,5,2
102856,0,1,1,2
102992,4,1,5,2
103051,1,4,2,5
103147,0,1,1,2
103159,0,1,1,2
103288,4,1,5,2
103289,4,1,5,2
103318,4,1,5,2
103444,0,1,1,2
103577,4,1,5,2
103579,4,0,5,1
103632,1,4,2,5
103633,1,4,2,5
103634,1,4,2,5
103731,1,0,2,1
103747,0,1,1,2
103901,4,1,5,2
104046,0,1,1,2
104202,4,1,5,2
104222,1,4,2,5
104345,0,1,1,2
104347,1,0,2,1
104417,1,0,2,1
104503,4,1,5,2
104504,4,1,5,2
104505,4,1,5,2
104523,1,4,2,5
104641,0,1,1,2
104650,0,1,1,2
104651,0,1,1,2
104657,1,0,2,1
104658,1,0,2,1
104782,1,0,2,1
104818,4,1,5,2
104961,0,1,1,2
104964,0,1,1,2
104965,0,1,1,2
104969,1,0,2,1
105045,1,0,2,1
105093,1,0,2,1
105279,0,1,1,2
105280,0,1,1,2
105291,1,0,2,1
105406,1,0,2,1
105600,0,1,1,2
105695,1,0,2,1
105926,0,1,1,2
105945,1,0,2,1
106274,1,0,2,1
106275,1,0,2,1
106381,0,1,1,2
106582,0,1,1,2
106680,1,0,2,1
106684,1,0,2,1
106707,0,1,1,2
106709,0,1,1,2
106710,0,1,1,2
106911,0,1,1,2
106913,0,1,1,2
106928,0,1,1,2
107033,0,1,1,2
107258,0,1,1,2
107261,0,1,1,2
107370,0,1,1,2
107377,0,1,1,2
107477,4,1,5,2
107589,1,0,2,1
107602,1,0,2,1
107603,1,0,2,1
107645,1,0,2,1
107647,1,0,2,1
107688,1,0,2,1
107691,1,0,2,1
107700,0,1,1,2
107702,0,1,1,2
107910,1,0,2,1
107942,1,0,2,1
107943,1,0,2,1
108039,0,1,1,2
108266,1,0,2,1
108279,1,0,2,1
108280,1,0,2,1
108281,1,0,2,1
108297,1,4,2,5
108381,1,0,2,1
108607,1,0,2,1
108622,0,1,1,2
108639,1,0,2,1
108714,0,1,1,2
108838,1,4,2,5
108840,1,4,2,5
108934,1,0,2,1
108969,0,1,1,2
108985,1,0,2,1
109177,1,4,2,5
109180,1,4,2,5
109273,1,0,2,1
109306,0,1,1,2
109397,0,1,1,2
109507,4,1,5,2
109512,4,1,5,2
109521,1,4,2,5
109523,1,0,2,1
109651,1,0,2,1
109850,4,1,5,2
109888,1,0,2,1
109992,1,0,2,1
110155,1,0,2,1
110232,1,0,2,1
110298,1,0,2,1
110847,1,0,2,1
111017,0,1,1,2
111023,0,1,1,2
111363,0,1,1,2
111367,0,1,1,2
111464,0,1,1,2
111544,1,0,2,1
111580,1,0,2,1
111640,0,1,1,2
111717,0,1,1,2
111719,0,1,1,2
111824,0,1,1,2
112073,0,1,1,2
112085,1,0,2,1
112086,1,0,2,1
112287,4,1,5,2
112418,0,1,1,2
112420,0,1,1,2
112441,1,4,2,5
112449,1,4,2,5
112692,0,1,1,2
112695,0,1,1,2
112740,0,1,1,2
112758,0,1,1,2
112788,1,4,2,5
112789,1,4,2,5
112972,4,1,5,2
113030,0,1,1,2
113031,0,1,1,2
113095,0,1,1,2
113097,0,1,1,2
113121,1,4,2,5
113126,1,4,2,5
113197,1,0,2,1
113308,4,1,5,2
113371,0,1,1,2
113414,0,1,1,2
113432,0,1,1,2
113461,1,4,2,5
113462,1,4,2,5
113466,1,4,2,5
113708,0,1,1,2
113710,0,1,1,2
113755,0,1,1,2
113776,0,1,1,2
113874,0,1,1,2
113878,1,0,2,1
113971,1,0,2,1
114047,0,1,1,2
114096,0,1,1,2
114321,4,1,5,2
114322,4,1,5,2
114383,0,1,1,2
114387,0,1,1,2
114432,0,1,1,2
114450,0,1,1,2
114479,1,4,2,5
114550,1,0,2,1
114658,4,1,5,2
114723,0,1,1,2
114774,0,1,1,2
114775,0,1,1,2
114780,0,1,1,2
114783,0,1,1,2
115032,1,0,2,1
115064,1,0,2,1
115066,1,0,2,1
115105,0,1,1,2
115109,0,1,1,2
115112,0,1,1,2
115116,0,1,1,2
115117,0,1,1,2
115120,0,1,1,2
115121,0,1,1,2
115148,1,4,2,5
115214,0,1,1,2
115367,1,0,2,1
115368,1,0,2,1
115385,1,0,2,1
115386,1,0,2,1
115387,1,0,2,1
115438,0,1,1,2
115483,1,4,2,5
115690,1,4,2,5
115704,0,1,1,2
115707,1,0,2,1
115775,0,1,1,2
115790,0,1,1,2
115793,0,1,1,2
115826,1,4,2,5
115985,1,0,2,1
116043,0,1,1,2
116045,0,1,1,2
116054,1,0,2,1
116115,0,1,1,2
116123,0,1,1,2
116127,0,1,1,2
116129,0,1,1,2
116130,0,1,1,2
116157,1,4,2,5
116277,0,1,1,2
116380,0,1,1,2
116381,0,1,1,2
116384,0,1,1,2
116386,0,1,1,2
116387,0,1,1,2
116388,0,1,1,2
116395,0,1,1,2
116490,0,1,1,2
116497,0,1,1,2
116498,0,1,1,2
116500,0,1,1,2
116652,0,1,1,2
116654,0,1,1,2
116755,0,1,1,2
116766,0,1,1,2
116791,1,0,2,1
116792,1,0,2,1
116866,0,1,1,2
116869,0,1,1,2
116871,0,1,1,2
116872,0,1,1,2
117127,0,1,1,2
117130,0,1,1,2
117168,1,0,2,1
117196,0,1,1,2
117402,0,1,1,2
117504,0,1,1,2
117509,0,1,1,2
117571,0,1,1,2
117734,1,0,2,1
117779,0,1,1,2
117780,0,1,1,2
117785,0,1,1,2
117876,0,1,1,2
117882,1,0,2,1
117895,1,0,2,1
117914,1,0,2,1
118005,0,1,1,2
118008,0,1,1,2
118089,1,0,2,1
118102,1,0,2,1
118147,0,1,1,2
118148,0,1,1,2
118151,0,1,1,2
118154,0,1,1,2
118262,1,0,2,1
118374,0,1,1,2
118380,0,1,1,2
118527,0,1,1,2
118659,0,1,1,2
118747,0,1,1,2
118852,1,0,2,1
118885,0,1,1,2
118887,0,1,1,2
119028,1,0,2,1
119113,0,1,1,2
119203,0,1,1,2
119204,0,1,1,2
119206,0,1,1,2
119217,1,0,2,1
119219,1,0,2,1
119220,1,0,2,1
119221,1,0,2,1
119222,1,0,2,1
119223,1,0,2,1
119249,0,1,1,2
119250,0,1,1,2
119251,0,1,1,2
119253,0,1,1,2
119360,1,0,2,1
119363,1,0,2,1
119364,1,0,2,1
119465,0,1,1,2
119467,0,1,1,2
119560,0,1,1,2
119575,1,0,2,1
119604,0,1,1,2
119715,1,0,2,1
119717,1,0,2,1
119740,1,0,2,1
119801,0,1,1,2
119807,0,1,1,2
119812,0,1,1,2
119813,0,1,1,2
119816,0,1,1,2
119910,1,0,2,1
119930,1,0,2,1
119932,1,0,2,1
119939,0,1,1,2
119958,0,1,1,2
119999,1,0,2,1
120001,1,0,2,1
120003,0,1,1,2
120065,1,0,2,1
120091,0,1,1,2
120092,0,1,1,2
120157,0,1,1,2
120166,0,1,1,2
120167,0,1,1,2
120208,1,4,2,5
120283,1,0,2,1
120286,1,0,2,1
120312,0,1,1,2
120313,0,1,1,2
120358,1,0,2,1
120361,0,1,1,2
120471,0,1,1,2
120510,0,1,1,2
120511,0,1,1,2
120514,0,1,1,2
120538,0,1,1,2
120646,0,1,1,2
120711,0,1,1,2
120713,0,1,1,2
120884,0,1,1,2
120892,0,1,1,2
120964,0,1,1,2
120991,1,0,2,1
120992,1,0,2,1
120999,0,1,1,2
121001,0,1,1,2
121008,0,1,1,2
121015,0,1,1,2
121061,1,0,2,1
121062,0,1,1,2
121064,0,1,1,2
121066,0,1,1,2
121126,0,1,1,2
121234,0,1,1,2
121236,0,1,1,2
121237,0,1,1,2
121243,0,1,1,2
121251,1,0,2,1
121252,1,0,2,1
121325,1,0,2,1
121367,0,1,1,2
121368,0,1,1,2
121423,0,1,1,2
121576,0,1,1,2
121586,0,1,1,2
121587,0,1,1,2
121588,0,1,1,2
121622,1,4,2,5
121680,1,0,2,1
121729,0,1,1,2
121778,0,1,1,2
121838,0,1,1,2
121868,0,1,1,2
121914,0,1,1,2
122135,0,1,1,2
122140,0,1,1,2
122199,0,1,1,2
122216,1,0,2,1
122395,0,1,1,2
122418,1,0,2,1
122457,1,0,2,1
122505,0,1,1,2
122507,0,1,1,2
122517,0,1,1,2
122518,0,1,1,2
122520,0,1,1,2
122521,0,1,1,2
122581,1,0,2,1
122583,1,0,2,1
122667,0,1,1,2
122681,1,0,2,1
122758,1,0,2,1
122775,1,0,2,1
122860,0,1,1,2
122861,0,1,1,2
122878,0,1,1,2
122936,1,0,2,1
122941,1,0,2,1
122944,1,0,2,1
122999,0,1,1,2
123040,1,0,2,1
123109,0,1,1,2
123134,1,0,2,1
123164,1,0,2,1
123165,1,0,2,1
123166,1,0,2,1
123226,0,1,1,2
123238,0,1,1,2
123304,1,0,2,1
123305,1,0,2,1
123362,0,1,1,2
123404,1,0,2,1
123475,0,1,1,2
123499,1,0,2,1
123608,0,1,1,2
123609,0,1,1,2
123671,1,0,2,1
123727,0,1,1,2
123728,0,1,1,2
123729,0,1,1,2
123770,1,0,2,1
123838,0,1,1,2
123865,1,0,2,1
124015,0,1,1,2
124023,1,0,2,1
124035,1,0,2,1
124110,1,0,2,1
124256,1,0,2,1
124333,0,1,1,2
124385,1,0,2,1
124473,1,0,2,1
124494,1,0,2,1
124566,0,1,1,2
124590,1,0,2,1
124591,1,0,2,1
124593,1,0,2,1
124594,1,0,2,1
124597,1,0,2,1
124701,0,1,1,2
124702,0,1,1,2
124705,0,1,1,2
124753,1,0,2,1
124823,0,1,1,2
124961,1,0,2,1
124963,1,0,2,1
124969,1,0,2,1
125046,0,1,1,2
125068,0,1,1,2
125087,0,1,1,2
125234,0,1,1,2
125329,1,0,2,1
125334,1,0,2,1
125336,1,0,2,1
125346,0,1,1,2
125348,0,1,1,2
125429,0,1,1,2
125430,0,1,1,2
125432,0,1,1,2
125457,0,1,1,2
125556,0,1,1,2
125558,0,1,1,2
125601,0,1,1,2
125697,1,0,2,1
125712,0,1,1,2
125714,0,1,1,2
125801,0,1,1,2
125829,1,0,2,1
126064,1,0,2,1
126066,1,0,2,1
126067,1,0,2,1
126068,1,0,2,1
126084,1,0,2,1
126145,0,1,1,2
126157,0,1,1,2
126158,0,1,1,2
126162,0,1,1,2
126167,0,1,1,2
126216,1,0,2,1
126236,1,0,2,1
126288,0,1,1,2
126333,0,1,1,2
126334,0,1,1,2
126433,1,0,2,1
126440,0,1,1,2
126512,0,1,1,2
126513,0,1,1,2
126525,0,1,1,2
126527,0,1,1,2
126574,0,1,1,2
126575,0,1,1,2
126590,0,1,1,2
126594,1,0,2,1
126600,1,0,2,1
126646,0,1,1,2
126647,0,1,1,2
126795,1,0,2,1
126798,1,0,2,1
126799,1,0,2,1
126802,0,1,1,2
126823,0,1,1,2
126830,0,1,1,2
126883,0,1,1,2
126885,0,1,1,2
126888,0,1,1,2
126889,0,1,1,2
126890,0,1,1,2
126894,0,1,1,2
126920,1,0,2,1
126936,0,1,1,2
126937,0,1,1,2
126940,0,1,1,2
127014,0,1,1,2
127061,0,1,1,2
127166,0,1,1,2
127185,0,1,1,2
127255,0,1,1,2
127259,0,1,1,2
127296,0,1,1,2
127297,0,1,1,2
127312,0,1,1,2
127377,0,1,1,2
127381,0,1,1,2
127420,0,1,1,2
127552,0,1,1,2
127556,0,1,1,2
127558,0,1,1,2
127559,0,1,1,2
127560,0,1,1,2
127561,0,1,1,2
127614,0,1,1,2
127616,0,1,1,2
127621,0,1,1,2
127626,0,1,1,2
127651,1,0,2,1
127663,0,1,1,2
127666,0,1,1,2
127667,0,1,1,2
127673,1,0,2,1
127681,0,1,1,2
127741,0,1,1,2
127747,0,1,1,2
127885,1,0,2,1
127923,0,1,1,2
127983,0,1,1,2
127985,0,1,1,2
128013,0,1,1,2
128047,0,1,1,2
128110,0,1,1,2
128112,0,1,1,2
128114,0,1,1,2
128115,0,1,1,2
128126,1,0,2,1
128128,1,0,2,1
128159,0,1,1,2
128160,0,1,1,2
128266,1,0,2,1
128268,1,0,2,1
128293,0,1,1,2
128352,0,1,1,2
128355,0,1,1,2
128356,0,1,1,2
128404,0,1,1,2
128477,0,1,1,2
128496,1,0,2,1
128497,1,0,2,1
128640,1,0,2,1
128647,1,0,2,1
128662,0,1,1,2
128727,0,1,1,2
128772,0,1,1,2
128774,0,1,1,2
128850,0,1,1,2
128865,1,0,2,1
129034,0,1,1,2
129099,0,1,1,2
129133,1,0,2,1
129134,1,0,2,1
129150,0,1,1,2
129234,1,0,2,1
129236,1,0,2,1
129240,1,0,2,1
129377,1,0,2,1
129378,1,0,2,1
129384,1,0,2,1
129389,1,0,2,1
129403,1,0,2,1
129405,1,0,2,1
129410,0,1,1,2
129472,0,1,1,2
129473,0,1,1,2
129499,0,1,1,2
129516,0,1,1,2
129596,0,1,1,2
129606,1,0,2,1
129749,1,0,2,1
129750,1,0,2,1
129775,0,1,1,2
129777,0,1,1,2
129840,0,1,1,2
129873,0,1,1,2
129874,1,0,2,1
129884,0,1,1,2
129889,0,1,1,2
129892,0,1,1,2
129973,1,0,2,1
129975,1,0,2,1
130238,1,0,2,1
130247,0,1,1,2
130252,0,1,1,2
130255,0,1,1,2
130408,1,4,2,5
130410,1,4,2,5
130480,1,0,2,1
130502,1,0,2,1
130567,0,1,1,2
130568,0,1,1,2
130569,0,1,1,2
130599,0,1,1,2
130616,0,1,1,2
130617,0,1,1,2
130618,0,1,1,2
130622,0,1,1,2
130735,1,0,2,1
130774,1,4,2,5
130839,1,0,2,1
130841,1,0,2,1
130843,1,0,2,1
130845,1,0,2,1
130848,1,0,2,1
130963,0,1,1,2
131093,1,0,2,1
131095,1,0,2,1
131102,1,0,2,1
131103,1,0,2,1
131126,1,4,2,5
131132,1,4,2,5
131202,1,0,2,1
131210,1,0,2,1
131338,0,1,1,2
131466,1,0,2,1
131564,1,0,2,1
131571,1,0,2,1
131597,0,1,1,2
131626,1,0,2,1
131690,0,1,1,2
131700,0,1,1,2
131701,0,1,1,2
131703,0,1,1,2
131868,1,4,2,5
131931,1,0,2,1
131952,1,0,2,1
131953,1,0,2,1
131956,0,1,1,2
132055,1,0,2,1
132061,0,1,1,2
132066,0,1,1,2
132068,0,1,1,2
132070,0,1,1,2
132294,1,0,2,1
132296,1,0,2,1
132299,1,0,2,1
132322,0,1,1,2
132414,0,1,1,2
132415,0,1,1,2
132426,0,1,1,2
132558,0,1,1,2
132594,1,4,2,5
132659,1,0,2,1
132688,0,1,1,2
132780,0,1,1,2
132789,0,1,1,2
132790,0,1,1,2
132793,0,1,1,2
132797,0,1,1,2
132924,0,1,1,2
132956,1,4,2,5
132959,1,4,2,5
133141,0,1,1,2
133285,0,1,1,2
133315,1,4,2,5
133316,1,4,2,5
133324,1,4,2,5
133414,0,1,1,2
133504,0,1,1,2
133521,0,1,1,2
133678,1,4,2,5
133680,1,4,2,5
133683,1,4,2,5
133686,1,4,2,5
133756,1,0,2,1
134010,1,0,2,1
134043,1,4,2,5
134134,0,1,1,2
134135,0,1,1,2
134230,0,1,1,2
134246,0,1,1,2
134249,0,1,1,2
134316,1,0,2,1
134397,1,4,2,5
134409,1,4,2,5
134584,0,1,1,2
134601,0,1,1,2
134723,1,0,2,1
134756,1,4,2,5
134837,1,0,2,1
134946,0,1,1,2
134950,0,1,1,2
134951,0,1,1,2
135074,1,0,2,1
135077,1,0,2,1
135078,1,0,2,1
135298,0,1,1,2
135303,0,1,1,2
135563,1,0,2,1
135648,0,1,1,2
135721,1,0,2,1
135775,1,0,2,1
135894,1,0,2,1
135910,0,1,1,2
135997,0,1,1,2
136000,0,1,1,2
136070,1,0,2,1
136154,4,1,5,2
136253,0,1,1,2
136256,0,1,1,2
136257,0,1,1,2
136259,1,0,2,1
136609,0,1,1,2
136611,0,1,1,2
136861,4,1,5,2
136953,0,1,1,2
136977,1,0,2,1
137058,0,1,1,2
137061,0,1,1,2
137065,0,1,1,2
137223,4,1,5,2
137293,1,0,2,1
137332,1,0,2,1
137416,0,1,1,2
137596,1,0,2,1
137597,1,0,2,1
137683,1,0,2,1
137958,1,0,2,1
138016,1,0,2,1
138018,1,0,2,1
138034,0,1,1,2
138040,0,1,1,2
138045,1,0,2,1
138133,0,1,1,2
138135,0,1,1,2
138294,4,1,5,2
138367,1,0,2,1
138368,1,0,2,1
138399,0,1,1,2
138490,0,1,1,2
138495,0,1,1,2
138655,4,1,5,2
138657,4,1,5,2
138664,0,4,1,5
138728,1,0,2,1
138753,0,1,1,2
138754,0,1,1,2
138853,0,1,1,2
139018,0,4,1,5
139020,0,4,1,5
139102,1,0,2,1
139111,0,1,1,2
139205,0,1,1,2
139212,0,1,1,2
139393,1,0,2,1
139467,0,1,1,2
139562,0,1,1,2
139567,0,1,1,2
139724,4,1,5,2
139751,1,0,2,1
139821,0,1,1,2
140096,1,0,2,1
140152,1,0,2,1
140250,0,1,1,2
140423,0,4,1,5
140440,1,0,2,1
140494,1,0,2,1
140512,0,1,1,2
140591,0,1,1,2
140599,0,1,1,2
140755,1,4,2,5
140766,0,4,1,5
140780,1,0,2,1
140789,1,0,2,1
140826,1,0,2,1
140835,1,0,2,1
140845,1,0,2,1
140846,1,0,2,1
140943,0,1,1,2
140945,0,1,1,2
141100,1,4,2,5
141122,1,4,2,5
141128,1,0,2,1
141136,1,0,2,1
141177,1,0,2,1
141215,1,0,2,1
141284,0,1,1,2
141293,0,1,1,2
141409,1,0,2,1
141450,4,1,5,2
141462,0,4,1,5
141477,1,0,2,1
141486,1,0,2,1
141488,1,0,2,1
141525,1,0,2,1
141631,0,1,1,2
141632,0,1,1,2
141634,0,1,1,2
141643,0,1,1,2
141644,0,1,1,2
141879,1,0,2,1
142120,1,0,2,1
142121,1,0,2,1
142187,0,1,1,2
142189,0,1,1,2
142223,1,0,2,1
142238,1,0,2,1
142343,0,1,1,2
142468,1,0,2,1
142501,4,1,5,2
142506,4,1,5,2
142541,0,1,1,2
142575,1,0,2,1
142588,1,0,2,1
142780,1,4,2,5
142817,1,0,2,1
142819,1,0,2,1
142887,0,1,1,2
142921,1,0,2,1
142923,1,0,2,1
142934,1,0,2,1
142935,1,0,2,1
143042,0,1,1,2
143227,0,1,1,2
143271,1,0,2,1
143273,1,0,2,1
143283,1,0,2,1
143396,0,1,1,2
143576,0,1,1,2
143592,1,0,2,1
143593,1,0,2,1
144099,0,1,1,2
144228,1,0,2,1
144257,0,4,1,5
144271,0,1,1,2
144452,0,1,1,2
144456,0,1,1,2
144613,0,4,1,5
144678,1,0,2,1
144722,1,0,2,1
144809,0,1,1,2
144811,0,1,1,2
144962,0,1,1,2
144963,0,1,1,2
145030,1,0,2,1
145040,1,0,2,1
145074,1,0,2,1
145076,1,0,2,1
145158,0,1,1,2
145358,0,1,1,2
145412,0,1,1,2
145423,1,0,2,1
145506,0,1,1,2
145511,0,1,1,2
145656,0,1,1,2
145673,0,1,1,2
145755,0,1,1,2
145757,0,1,1,2
145851,0,1,1,2
145856,0,1,1,2
145857,0,1,1,2
145999,0,1,1,2
146045,0,1,1,2
146099,0,1,1,2
146192,0,1,1,2
146196,0,1,1,2
146313,1,0,2,1
146346,0,1,1,2
146382,0,1,1,2
146384,0,1,1,2
146405,1,0,2,1
146406,1,0,2,1
146443,0,1,1,2
146529,0,1,1,2
146670,0,1,1,2
146706,0,1,1,2
146730,1,0,2,1
146732,1,0,2,1
146735,1,0,2,1
146967,1,0,2,1
146971,0,1,1,2
146973,0,1,1,2
146975,0,1,1,2
146977,0,1,1,2
146979,0,1,1,2
146983,0,1,1,2
146984,0,1,1,2
146985,0,1,1,2
146989,0,1,1,2
146990,0,1,1,2
147052,1,0,2,1
147288,0,1,1,2
147291,0,1,1,2
147294,0,1,1,2
147295,0,1,1,2
147299,0,1,1,2
147343,0,1,1,2
147345,0,1,1,2
147347,0,1,1,2
147414,1,0,2,1
147606,0,1,1,2
147613,0,1,1,2
147655,0,1,1,2
147656,0,1,1,2
147659,0,1,1,2
147907,0,1,1,2
147908,0,1,1,2
147912,0,1,1,2
147918,0,1,1,2
147919,0,1,1,2
147967,0,1,1,2
147992,0,1,1,2
147993,0,1,1,2
147995,0,1,1,2
147996,0,1,1,2
148004,1,0,2,1
148011,1,0,2,1
148203,0,1,1,2
148204,0,1,1,2
148266,0,1,1,2
148287,1,0,2,1
148290,0,1,1,2
148291,0,1,1,2
148295,0,1,1,2
148296,0,1,1,2
148300,0,1,1,2
148304,1,0,2,1
148305,1,0,2,1
148306,1,0,2,1
148334,0,1,1,2
148409,1,0,2,1
148568,0,1,1,2
148602,0,1,1,2
148637,0,1,1,2
148707,1,0,2,1
148825,0,1,1,2
148875,0,1,1,2
148909,0,1,1,2
148926,0,1,1,2
148943,0,1,1,2
149129,0,1,1,2
149132,0,1,1,2
149226,0,1,1,2
149227,0,1,1,2
149248,0,1,1,2
149256,1,0,2,1
149257,1,0,2,1
149311,0,1,1,2
149315,1,0,2,1
149438,0,1,1,2
149482,0,1,1,2
149535,0,1,1,2
149552,0,1,1,2
149607,0,1,1,2
149615,0,1,1,2
149670,1,0,2,1
149671,1,0,2,1
149744,0,1,1,2
149789,0,1,1,2
149791,0,1,1,2
149835,0,1,1,2
149837,0,1,1,2
149859,0,1,1,2
149908,0,1,1,2
149910,0,1,1,2
149912,0,1,1,2
149917,0,1,1,2
150081,0,1,1,2
150089,0,1,1,2
150132,0,1,1,2
150133,0,1,1,2
150150,0,1,1,2
150204,0,1,1,2
150211,0,1,1,2
150221,0,1,1,2
150269,1,0,2,1
150384,0,1,1,2
150385,0,1,1,2
150386,0,1,1,2
150387,0,1,1,2
150500,0,1,1,2
150509,0,1,1,2
150672,0,1,1,2
150675,0,1,1,2
150699,0,1,1,2
150776,0,1,1,2
150786,0,1,1,2
150787,0,1,1,2
150939,0,1,1,2
150967,0,1,1,2
150968,0,1,1,2
150970,0,1,1,2
150988,0,1,1,2
151048,1,0,2,1
151049,1,0,2,1
151231,0,1,1,2
151232,0,1,1,2
151310,1,0,2,1
151313,0,1,1,2
151316,0,1,1,2
151424,0,1,1,2
151425,0,1,1,2
151453,1,0,2,1
151454,1,0,2,1
151463,0,1,1,2
151575,0,1,1,2
151677,1,0,2,1
151680,0,1,1,2
151693,1,0,2,1
151707,1,0,2,1
151709,1,0,2,1
151751,0,1,1,2
151752,0,1,1,2
151827,1,0,2,1
151833,0,1,1,2
151930,0,1,1,2
151942,1,0,2,1
151946,1,0,2,1
151952,1,0,2,1
151954,1,0,2,1
151997,0,1,1,2
152003,0,1,1,2
152028,0,1,1,2
152187,1,0,2,1
152194,1,0,2,1
152195,1,0,2,1
152196,1,0,2,1
152248,0,1,1,2
152441,1,0,2,1
152447,1,0,2,1
152460,1,0,2,1
152461,1,0,2,1
152462,1,0,2,1
152463,1,0,2,1
152500,0,1,1,2
152579,0,1,1,2
152701,1,0,2,1
152702,1,0,2,1
152706,1,0,2,1
152709,1,0,2,1
152711,1,0,2,1
152744,0,1,1,2
152828,0,1,1,2
152954,1,0,2,1
152956,1,0,2,1
152957,1,0,2,1
152963,1,0,2,1
153209,1,0,2,1
153210,1,0,2,1
153213,1,0,2,1
153216,1,0,2,1
153217,1,0,2,1
153462,1,0,2,1
153469,1,0,2,1
153537,0,1,1,2
153542,1,0,2,1
153549,0,1,1,2
153690,1,0,2,1
153691,1,0,2,1
153794,1,0,2,1
153801,0,1,1,2
153802,0,1,1,2
153803,0,1,1,2
153930,1,4,2,5
153951,1,0,2,1
153973,1,0,2,1
154045,0,1,1,2
154048,1,0,2,1
154061,0,1,1,2
154062,0,1,1,2
154205,1,0,2,1
154206,1,0,2,1
154225,1,0,2,1
154226,1,0,2,1
154227,1,0,2,1
154229,1,0,2,1
154297,0,1,1,2
154448,1,0,2,1
154453,1,0,2,1
154476,1,0,2,1
154477,1,0,2,1
154560,0,1,1,2
154561,0,1,1,2
154562,0,1,1,2
154695,1,0,2,1
154720,1,0,2,1
154724,1,0,2,1
154808,0,1,1,2
154947,1,0,2,1
154972,1,0,2,1
155046,0,1,1,2
155056,0,1,1,2
155193,1,0,2,1
155196,1,0,2,1
155219,0,1,1,2
155305,0,1,1,2
155314,0,1,1,2
155356,1,0,2,1
155471,0,1,1,2
155472,0,1,1,2
155518,0,1,1,2
155519,0,1,1,2
155558,0,1,1,2
155569,0,1,1,2
155706,1,0,2,1
155729,0,1,1,2
155816,0,1,1,2
155830,0,1,1,2
155867,1,0,2,1
155985,0,1,1,2
155986,0,1,1,2
156070,0,1,1,2
156080,0,1,1,2
156086,0,1,1,2
156119,1,0,2,1
156120,1,0,2,1
156209,1,0,2,1
156210,1,0,2,1
156211,1,0,2,1
156246,0,1,1,2
156284,0,1,1,2
156463,1,0,2,1
156466,1,0,2,1
156467,1,0,2,1
156716,1,0,2,1
156764,1,0,2,1
156825,0,1,1,2
156832,0,1,1,2
156969,1,0,2,1
156970,1,0,2,1
156988,0,1,1,2
156990,0,1,1,2
157066,1,0,2,1
157069,0,1,1,2
157123,1,0,2,1
157280,0,1,1,2
157367,1,0,2,1
157519,0,1,1,2
157525,0,1,1,2
157526,0,1,1,2
157527,0,1,1,2
157765,0,1,1,2
157770,0,1,1,2
157772,0,1,1,2
157808,1,0,2,1
157838,1,0,2,1
157928,1,0,2,1
157933,1,0,2,1
158023,0,1,1,2
158049,0,1,1,2
158061,1,0,2,1
158086,1,0,2,1
158165,0,1,1,2
158227,0,1,1,2
158297,0,1,1,2
158309,1,0,2,1
158334,1,0,2,1
158415,0,1,1,2
158428,1,0,2,1
158430,1,0,2,1
158514,0,1,1,2
158552,1,0,2,1
158656,0,1,1,2
158659,0,1,1,2
158675,1,0,2,1
158764,0,1,1,2
158779,1,0,2,1
158794,1,0,2,1
158797,0,1,1,2
158903,0,1,1,2
158906,0,1,1,2
158960,0,1,1,2
159047,0,1,1,2
159049,0,1,1,2
159149,0,1,1,2
159156,0,1,1,2
159157,0,1,1,2
159162,0,1,1,2
159293,0,1,1,2
159296,0,1,1,2
159319,0,1,1,2
159400,0,1,1,2
159403,0,1,1,2
159411,0,1,1,2
159568,0,1,1,2
159655,1,0,2,1
159656,0,1,1,2
159659,0,1,1,2
159756,0,1,1,2
159810,0,1,1,2
159817,0,1,1,2
159818,0,1,1,2
159862,1,0,2,1
159863,1,0,2,1
159894,0,1,1,2
159898,0,1,1,2
160049,0,1,1,2
160068,0,1,1,2
160072,0,1,1,2
160118,1,0,2,1
160119,1,0,2,1
160122,0,1,1,2
160310,0,1,1,2
160314,0,1,1,2
160325,0,1,1,2
160328,0,1,1,2
160329,0,1,1,2
160333,0,1,1,2
160373,1,0,2,1
160495,1,0,2,1
160518,0,1,1,2
160565,0,1,1,2
160567,0,1,1,2
160571,0,1,1,2
160578,0,1,1,2
160586,0,1,1,2
160588,0,1,1,2
160623,0,1,1,2
160625,1,0,2,1
160662,0,1,1,2
160744,1,0,2,1
160745,1,0,2,1
160766,0,1,1,2
160770,0,1,1,2
160795,0,1,1,2
160796,0,1,1,2
160843,0,1,1,2
160844,0,1,1,2
160996,1,0,2,1
161014,0,1,1,2
161016,0,1,1,2
161061,0,1,1,2
161065,0,1,1,2
161081,0,1,1,2
161287,0,1,1,2
161303,0,1,1,2
161304,0,1,1,2
161310,0,1,1,2
161319,0,1,1,2
161320,0,1,1,2
161323,0,1,1,2
161333,0,1,1,2
161336,0,1,1,2
161365,0,1,1,2
161368,0,1,1,2
161502,0,1,1,2
161540,1,0,2,1
161541,1,0,2,1
161549,0,1,1,2
161551,0,1,1,2
161575,0,1,1,2
161577,0,1,1,2
161579,0,1,1,2
161626,1,0,2,1
161781,1,0,2,1
161791,0,1,1,2
161804,0,1,1,2
161807,0,1,1,2
161808,0,1,1,2
161809,0,1,1,2
161811,0,1,1,2
161812,0,1,1,2
161816,0,1,1,2
161820,0,1,1,2
162028,0,1,1,2
162043,0,1,1,2
162054,0,1,1,2
162055,0,1,1,2
162090,1,0,2,1
162111,1,0,2,1
162256,1,0,2,1
162261,0,1,1,2
162263,0,1,1,2
162280,0,1,1,2
162290,0,1,1,2
162293,0,1,1,2
162295,0,1,1,2
162315,1,0,2,1
162323,1,0,2,1
162491,0,1,1,2
162493,0,1,1,2
162515,0,1,1,2
162522,0,1,1,2
162527,0,1,1,2
162529,0,1,1,2
162533,1,0,2,1
162560,1,0,2,1
162574,1,0,2,1
162728,0,1,1,2
162746,0,1,1,2
162772,1,0,2,1
162778,1,0,2,1
162780,1,0,2,1
162793,1,0,2,1
162914,0,1,1,2
162958,0,1,1,2
162959,0,1,1,2
162960,0,1,1,2
162998,1,0,2,1
163005,1,0,2,1
163007,1,0,2,1
163033,1,0,2,1
163044,1,0,2,1
163147,0,1,1,2
163170,1,0,2,1
163185,0,1,1,2
163206,1,0,2,1
163211,1,0,2,1
163237,1,0,2,1
163257,1,0,2,1
163268,1,0,2,1
163269,1,0,2,1
163385,0,1,1,2
163412,0,1,1,2
163422,0,1,1,2
163424,0,1,1,2
163466,1,0,2,1
163467,1,0,2,1
163476,1,0,2,1
163494,1,0,2,1
163498,1,0,2,1
163502,1,0,2,1
163520,0,1,1,2
163644,1,0,2,1
163655,0,1,1,2
163660,0,1,1,2
163662,0,1,1,2
163690,1,0,2,1
163735,1,0,2,1
163742,1,0,2,1
163859,1,0,2,1
163868,0,1,1,2
163869,0,1,1,2
163883,1,0,2,1
163885,1,0,2,1
163894,0,1,1,2
163897,0,1,1,2
163907,0,1,1,2
163932,1,0,2,1
163940,1,0,2,1
163941,1,0,2,1
163951,1,0,2,1
163964,1,0,2,1
163986,1,0,2,1
163988,1,0,2,1
164005,0,1,1,2
164107,0,1,1,2
164109,0,1,1,2
164112,1,0,2,1
164114,1,0,2,1
164117,1,0,2,1
164118,1,0,2,1
164133,0,1,1,2
164170,1,0,2,1
164172,1,0,2,1
164195,1,0,2,1
164200,1,0,2,1
164203,1,0,2,1
164237,0,1,1,2
164238,0,1,1,2
164242,0,1,1,2
164362,1,0,2,1
164378,0,1,1,2
164387,0,1,1,2
164415,1,0,2,1
164424,1,0,2,1
164441,1,0,2,1
164447,1,0,2,1
164449,1,0,2,1
164456,1,0,2,1
164462,1,0,2,1
164472,1,0,2,1
164475,1,0,2,1
164486,0,1,1,2
164622,0,1,1,2
164668,1,0,2,1
164669,1,0,2,1
164670,1,0,2,1
164685,1,0,2,1
164686,1,0,2,1
164688,1,0,2,1
164694,1,0,2,1
164697,1,0,2,1
164701,1,0,2,1
164703,1,0,2,1
164737,1,0,2,1
164749,1,0,2,1
164857,1,0,2,1
164862,0,1,1,2
164871,0,1,1,2
164922,1,0,2,1
164947,1,0,2,1
164992,1,0,2,1
165001,0,1,1,2
165048,0,1,1,2
165129,0,1,1,2
165130,0,1,1,2
165177,1,0,2,1
165182,1,0,2,1
165192,1,0,2,1
165196,1,0,2,1
165209,1,0,2,1
165241,1,0,2,1
165256,0,1,1,2
165258,0,1,1,2
165259,0,1,1,2
165321,0,1,1,2
165375,1,0,2,1
165376,1,0,2,1
165377,1,0,2,1
165381,0,1,1,2
165384,1,0,2,1
165438,1,0,2,1
165439,1,0,2,1
165441,1,0,2,1
165450,0,1,1,2
165456,1,0,2,1
165509,0,1,1,2
165512,0,1,1,2
165515,0,1,1,2
165519,0,1,1,2
165543,0,1,1,2
165570,0,1,1,2
165572,0,1,1,2
165574,0,1,1,2
165583,0,1,1,2
165637,1,0,2,1
165700,1,0,2,1
165701,1,0,2,1
165702,1,0,2,1
165718,1,0,2,1
165719,1,0,2,1
165720,1,0,2,1
165724,1,0,2,1
165727,1,0,2,1
165773,0,1,1,2
165778,0,1,1,2
165779,0,1,1,2
165792,0,1,1,2
165798,0,1,1,2
165802,0,1,1,2
165837,0,1,1,2
165897,1,0,2,1
165965,0,1,1,2
165982,1,0,2,1
165984,1,0,2,1
166027,0,1,1,2
166028,0,1,1,2
166036,0,1,1,2
166037,0,1,1,2
166040,0,1,1,2
166053,0,1,1,2
166157,1,0,2,1
166219,1,0,2,1
166233,1,0,2,1
166236,1,0,2,1
166237,1,0,2,1
166244,1,0,2,1
166288,0,1,1,2
166289,0,1,1,2
166292,0,1,1,2
166295,0,1,1,2
166371,0,1,1,2
166492,1,0,2,1
166499,1,0,2,1
166503,1,0,2,1
166508,1,0,2,1
166509,1,0,2,1
166541,1,0,2,1
166542,1,0,2,1
166553,0,1,1,2
166559,0,1,1,2
166576,0,1,1,2
166634,0,1,1,2
166765,1,0,2,1
166778,1,0,2,1
166782,1,0,2,1
166811,1,0,2,1
166812,1,0,2,1
166828,0,1,1,2
166841,1,0,2,1
166842,1,0,2,1
166847,0,1,1,2
166848,0,1,1,2
166911,0,1,1,2
167041,1,0,2,1
167057,1,0,2,1
167088,1,0,2,1
167090,1,0,2,1
167103,0,1,1,2
167269,1,0,2,1
167322,1,0,2,1
167324,1,0,2,1
167325,1,0,2,1
167385,0,1,1,2
167386,0,1,1,2
167399,1,0,2,1
167475,0,1,1,2
167656,1,0,2,1
167657,1,0,2,1
167699,0,1,1,2
167723,1,4,2,5
167763,0,1,1,2
167764,0,1,1,2
168048,0,1,1,2
168472,1,0,2,1
168488,0,1,1,2
168489,0,1,1,2
168547,1,0,2,1
168566,0,1,1,2
168569,0,1,1,2
168594,1,4,2,5
168778,0,1,1,2
168779,0,1,1,2
168781,0,1,1,2
168844,1,0,2,1
168958,1,0,2,1
169019,1,0,2,1
169076,0,1,1,2
169134,1,0,2,1
169135,0,1,1,2
169140,1,0,2,1
169315,1,0,2,1
169358,1,0,2,1
169438,1,0,2,1
169440,1,0,2,1
169442,1,0,2,1
169608,1,0,2,1
169652,1,0,2,1
169667,0,1,1,2
169736,1,0,2,1
169737,1,0,2,1
169944,1,0,2,1
169958,0,1,1,2
170022,1,0,2,1
170039,0,1,1,2
170071,1,4,2,5
170190,1,0,2,1
170191,1,0,2,1
170192,1,0,2,1
170235,1,0,2,1
170304,0,1,1,2
170310,1,0,2,1
170312,1,0,2,1
170326,0,1,1,2
170328,0,1,1,2
170367,1,4,2,5
170368,1,4,2,5
170487,1,0,2,1
170525,1,0,2,1
170563,0,1,1,2
170565,0,1,1,2
170569,0,1,1,2
170577,1,0,2,1
170595,0,1,1,2
170603,1,0,2,1
170606,1,0,2,1
170619,0,1,1,2
170622,0,1,1,2
170653,1,4,2,5
170654,1,4,2,5
170657,1,4,2,5
170659,1,4,2,5
170660,1,4,2,5
170814,1,0,2,1
170816,1,0,2,1
170824,1,0,2,1
170825,1,0,2,1
170852,1,0,2,1
170858,0,1,1,2
170859,0,1,1,2
170860,0,1,1,2
170869,1,0,2,1
170887,0,1,1,2
170897,1,0,2,1
170933,1,4,2,5
170952,1,4,2,5
170956,1,4,2,5
171108,1,0,2,1
171115,1,0,2,1
171159,1,0,2,1
171186,1,0,2,1
171206,0,1,1,2
171210,1,0,2,1
171236,1,4,2,5
171351,0,1,1,2
171401,1,0,2,1
171404,1,0,2,1
171409,1,0,2,1
171448,1,0,2,1
171449,1,0,2,1
171475,1,0,2,1
171477,1,0,2,1
171501,1,0,2,1
171639,0,1,1,2
171683,1,0,2,1
171684,1,0,2,1
171747,0,1,1,2
171748,0,1,1,2
171750,0,1,1,2
171767,1,0,2,1
171774,1,0,2,1
171783,0,1,1,2
171785,0,1,1,2
171927,0,1,1,2
171934,1,0,2,1
171971,1,0,2,1
171980,1,0,2,1
171982,1,0,2,1
171983,1,0,2,1
172033,0,1,1,2
172038,0,1,1,2
172048,0,1,1,2
172060,1,0,2,1
172071,0,1,1,2
172104,1,4,2,5
172210,0,1,1,2
172262,1,0,2,1
172263,1,0,2,1
172328,0,1,1,2
172352,0,1,1,2
172374,1,4,2,5
172492,0,1,1,2
172499,1,0,2,1
172584,1,0,2,1
172586,1,0,2,1
172587,1,0,2,1
172615,0,1,1,2
172669,1,4,2,5
172775,0,1,1,2
172815,1,0,2,1
172910,1,0,2,1
172921,1,0,2,1
172940,1,4,2,5
172944,1,4,2,5
173058,0,1,1,2
173059,0,1,1,2
173064,1,0,2,1
173097,1,0,2,1
173149,1,0,2,1
173182,0,1,1,2
173400,1,0,2,1
173465,0,1,1,2
173506,1,4,2,5
173509,1,4,2,5
173510,1,4,2,5
173664,0,1,1,2
173665,0,1,1,2
173682,1,0,2,1
173683,1,0,2,1
173746,0,1,1,2
173760,0,1,1,2
173771,1,0,2,1
173772,1,0,2,1
173789,1,4,2,5
173790,1,4,2,5
173791,1,4,2,5
173905,0,1,1,2
173906,0,1,1,2
173907,0,1,1,2
173946,0,1,1,2
173964,1,0,2,1
174040,1,0,2,1
174193,1,0,2,1
174308,0,1,1,2
174311,0,1,1,2
174335,1,0,2,1
174357,1,4,2,5
174475,1,0,2,1
174509,1,0,2,1
174530,1,0,2,1
174591,0,1,1,2
174617,1,0,2,1
174637,1,4,2,5
174789,1,0,2,1
174815,1,0,2,1
174827,1,0,2,1
174869,0,1,1,2
174891,1,0,2,1
175064,1,0,2,1
175146,0,1,1,2
175147,0,1,1,2
175166,1,0,2,1
175306,1,0,2,1
175361,0,1,1,2
175384,1,0,2,1
175398,1,0,2,1
175399,1,0,2,1
175403,1,0,2,1
175417,0,1,1,2
175419,0,1,1,2
175464,1,4,2,5
175526,1,0,2,1
175583,1,0,2,1
175608,1,0,2,1
175610,1,0,2,1
175611,1,0,2,1
175612,1,0,2,1
175644,1,0,2,1
175701,0,1,1,2
175717,0,1,1,2
175807,1,0,2,1
175866,1,0,2,1
175890,1,0,2,1
175918,0,1,1,2
175980,0,1,1,2
175981,0,1,1,2
175999,0,1,1,2
176222,1,0,2,1
176261,0,1,1,2
176263,0,1,1,2
176269,1,0,2,1
176369,1,0,2,1
176449,1,0,2,1
176480,1,0,2,1
176489,1,0,2,1
176499,1,0,2,1
176516,1,0,2,1
176517,1,0,2,1
176540,0,1,1,2
176546,1,0,2,1
176554,0,1,1,2
176557,0,1,1,2
176563,1,0,2,1
176641,1,0,2,1
176644,1,0,2,1
176721,1,0,2,1
176724,1,0,2,1
176761,1,0,2,1
176787,1,0,2,1
176789,1,0,2,1
176790,1,0,2,1
176791,1,0,2,1
176819,1,0,2,1
176834,1,0,2,1
176912,1,0,2,1
176917,1,0,2,1
177060,1,0,2,1
177061,1,0,2,1
177062,1,0,2,1
177066,1,0,2,1
177067,1,0,2,1
177069,0,1,1,2
177072,0,1,1,2
177103,0,1,1,2
177107,1,0,2,1
177135,1,4,2,5
177136,1,4,2,5
177258,1,0,2,1
177300,1,0,2,1
177302,1,0,2,1
177339,1,0,2,1
177343,1,0,2,1
177346,0,1,1,2
177350,0,1,1,2
177373,0,1,1,2
177374,0,1,1,2
177377,0,1,1,2
177383,1,0,2,1
177468,1,0,2,1
177530,1,0,2,1
177538,0,1,1,2
177569,0,1,1,2
177577,1,0,2,1
177614,1,0,2,1
177655,0,1,1,2
177691,1,4,2,5
177738,1,0,2,1
177798,1,0,2,1
177802,1,0,2,1
177887,1,0,2,1
177899,0,1,1,2
177925,0,1,1,2
177930,0,1,1,2
177965,1,4,2,5
178013,1,0,2,1
178015,1,0,2,1
178017,1,0,2,1
178018,1,0,2,1
178022,1,0,2,1
178068,1,0,2,1
178074,1,0,2,1
178083,0,1,1,2
178084,0,1,1,2
178086,0,1,1,2
178130,1,0,2,1
178159,1,0,2,1
178162,1,0,2,1
178169,0,1,1,2
178196,1,0,2,1
178201,0,1,1,2
178202,0,1,1,2
178203,0,1,1,2
178215,1,0,2,1
178216,1,0,2,1
178279,1,0,2,1
178288,1,0,2,1
178289,1,0,2,1
178294,1,0,2,1
178336,1,0,2,1
178435,0,1,1,2
178439,0,1,1,2
178463,1,0,2,1
178464,1,0,2,1
178472,0,1,1,2
178482,1,0,2,1
178485,1,0,2,1
178553,1,0,2,1
178557,1,0,2,1
178558,1,0,2,1
178559,1,0,2,1
178560,1,0,2,1
178565,1,0,2,1
178659,0,1,1,2
178660,0,1,1,2
178705,0,1,1,2
178733,1,0,2,1
178734,1,0,2,1
178741,0,1,1,2
178778,1,4,2,5
178824,1,0,2,1
178829,1,0,2,1
178835,1,0,2,1
179016,1,0,2,1
179017,1,0,2,1
179048,1,4,2,5
179098,1,0,2,1
179237,1,0,2,1
179268,0,1,1,2
179286,1,0,2,1
179315,1,4,2,5
179508,1,0,2,1
179536,1,0,2,1
179537,1,0,2,1
179558,0,1,1,2
179560,0,1,1,2
179643,1,0,2,1
179691,0,1,1,2
179822,0,1,1,2
179825,0,1,1,2
179852,1,4,2,5
179862,0,6,1,7
180062,1,0,2,1
180067,1,0,2,1
180169,1,0,2,1
180170,1,0,2,1
180173,1,0,2,1
180188,0,1,1,2
180319,0,1,1,2
180324,1,0,2,1
180326,1,0,2,1
180328,1,0,2,1
180329,1,0,2,1
180339,0,1,1,2
180344,0,1,1,2
180346,0,1,1,2
180448,0,1,1,2
180585,1,0,2,1
180587,1,0,2,1
180589,1,0,2,1
180639,1,4,2,5
180646,0,6,1,7
180692,1,0,2,1
180842,1,0,2,1
180848,1,0,2,1
180955,1,0,2,1
180977,0,1,1,2
181000,0,1,1,2
181108,1,0,2,1
181116,1,0,2,1
181117,1,0,2,1
181120,1,0,2,1
181131,0,1,1,2
181167,1,4,2,5
181170,1,4,2,5
181177,0,6,1,7
181246,0,1,1,2
181269,0,1,1,2
181371,1,0,2,1
181373,1,0,2,1
181380,1,0,2,1
181386,1,0,2,1
181479,0,1,1,2
181532,0,1,1,2
181567,0,1,1,2
181639,1,0,2,1
181640,1,0,2,1
181648,1,0,2,1
181650,1,0,2,1
181651,1,0,2,1
181653,1,0,2,1
181658,0,1,1,2
181659,0,1,1,2
181750,0,1,1,2
181783,0,1,1,2
181788,1,0,2,1
181903,1,0,2,1
181904,1,0,2,1
181906,1,0,2,1
181914,1,0,2,1
181916,1,0,2,1
181917,1,0,2,1
181920,1,0,2,1
181930,0,1,1,2
182001,0,6,1,7
182171,1,0,2,1
182177,1,0,2,1
182183,1,0,2,1
182186,1,0,2,1
182197,0,1,1,2
182201,1,0,2,1
182279,0,1,1,2
182282,0,1,1,2
182334,0,1,1,2
182454,1,0,2,1
182456,1,0,2,1
182469,0,1,1,2
182475,1,0,2,1
182591,0,1,1,2
182603,0,1,1,2
182718,1,0,2,1
182724,1,0,2,1
182726,1,0,2,1
182729,1,0,2,1
182730,1,0,2,1
182733,1,0,2,1
182734,1,0,2,1
182817,0,6,1,7
182822,0,1,1,2
182859,0,1,1,2
182987,1,0,2,1
182989,1,0,2,1
182992,1,0,2,1
182993,1,0,2,1
182994,1,0,2,1
182999,1,0,2,1
183002,1,0,2,1
183012,0,1,1,2
183058,1,4,2,5
183129,0,1,1,2
183259,1,0,2,1
183261,1,0,2,1
183270,1,0,2,1
183271,1,0,2,1
183272,1,0,2,1
183274,1,0,2,1
183287,1,0,2,1
183375,1,0,2,1
183399,0,1,1,2
183410,0,1,1,2
183537,1,0,2,1
183539,1,0,2,1
183554,1,0,2,1
183664,0,1,1,2
183706,0,1,1,2
183795,1,0,2,1
183797,1,0,2,1
183815,1,0,2,1
183887,1,0,2,1
183892,1,0,2,1
183922,0,1,1,2
183924,0,1,1,2
183925,0,1,1,2
183963,0,1,1,2
184055,1,0,2,1
184058,1,0,2,1
184072,1,0,2,1
184141,1,0,2,1
184150,1,0,2,1
184153,1,0,2,1
184155,1,0,2,1
184179,0,1,1,2
184181,1,0,2,1
184185,0,1,1,2
184298,1,0,2,1
184309,1,0,2,1
184311,1,0,2,1
184328,1,0,2,1
184378,1,4,2,5
184398,0,2,1,3
184407,1,0,2,1
184408,1,0,2,1
184409,1,0,2,1
184414,1,0,2,1
184415,1,0,2,1
184442,1,0,2,1
184530,1,0,2,1
184559,1,0,2,1
184638,1,4,2,5
184706,1,0,2,1
184711,0,1,1,2
184732,0,1,1,2
184741,0,1,1,2
184742,0,1,1,2
184795,1,0,2,1
184826,1,0,2,1
184836,1,0,2,1
184855,1,0,2,1
184905,1,4,2,5
184929,0,2,1,3
184979,1,0,2,1
184980,1,0,2,1
184984,0,1,1,2
185016,0,1,1,2
185070,1,0,2,1
185072,1,0,2,1
185097,1,0,2,1
185102,1,0,2,1
185111,1,0,2,1
185113,1,0,2,1
185130,1,0,2,1
185153,1,0,2,1
185179,1,4,2,5
185208,0,2,1,3
185216,1,0,2,1
185218,1,0,2,1
185229,1,0,2,1
185262,1,0,2,1
185378,1,0,2,1
185381,1,0,2,1
185382,1,0,2,1
185388,1,0,2,1
185436,1,0,2,1
185489,0,2,1,3
185617,1,0,2,1
185627,1,0,2,1
185633,1,0,2,1
185634,1,0,2,1
185661,1,0,2,1
185696,1,0,2,1
185712,1,0,2,1
185749,0,6,1,7
185822,1,0,2,1
185823,1,0,2,1
185897,1,0,2,1
185917,1,0,2,1
185946,1,0,2,1
185954,1,0,2,1
185981,1,0,2,1
185996,1,0,2,1
185998,1,0,2,1
185999,1,0,2,1
186006,1,0,2,1
186027,1,4,2,5
186073,1,0,2,1
186107,0,1,1,2
186109,0,1,1,2
186128,0,1,1,2
186227,0,1,1,2
186235,0,1,1,2
186273,1,0,2,1
186278,1,0,2,1
186285,1,0,2,1
186305,1,4,2,5
186331,0,2,1,3
186333,0,2,1,3
186398,0,1,1,2
186527,1,0,2,1
186627,1,0,2,1
186649,0,1,1,2
186756,0,1,1,2
186787,1,0,2,1
186811,0,1,1,2
186814,1,0,2,1
186824,0,1,1,2
186827,1,0,2,1
186858,0,2,1,3
186859,0,2,1,3
186892,1,0,2,1
186913,0,1,1,2
187009,1,0,2,1
187011,1,0,2,1
187055,1,0,2,1
187063,0,1,1,2
187080,0,1,1,2
187178,0,1,1,2
187212,0,1,1,2
187215,0,1,1,2
187321,1,0,2,1
187323,0,1,1,2
187325,0,1,1,2
187327,0,1,1,2
187328,0,1,1,2
187337,1,0,2,1
187338,1,0,2,1
187351,0,1,1,2
187353,0,1,1,2
187442,0,1,1,2
187477,0,1,1,2
187491,0,1,1,2
187492,0,1,1,2
187517,1,0,2,1
187553,0,1,1,2
187555,0,1,1,2
187591,0,1,1,2
187605,1,0,2,1
187608,0,1,1,2
187615,0,1,1,2
187617,0,1,1,2
187653,0,6,1,7
187753,0,1,1,2
187772,1,0,2,1
187774,1,0,2,1
187776,1,0,2,1
187778,1,0,2,1
187798,1,0,2,1
187815,0,1,1,2
187816,0,1,1,2
187844,1,0,2,1
187864,1,0,2,1
187878,1,0,2,1
187938,1,0,2,1
187965,0,1,1,2
187968,0,1,1,2
188038,1,0,2,1
188041,1,0,2,1
188042,1,0,2,1
188064,1,0,2,1
188068,1,0,2,1
188082,0,1,1,2
188112,1,0,2,1
188113,1,0,2,1
188119,0,1,1,2
188138,0,1,1,2
188205,1,0,2,1
188233,0,1,1,2
188234,0,1,1,2
188308,1,0,2,1
188309,1,0,2,1
188310,1,0,2,1
188337,1,0,2,1
188381,1,0,2,1
188391,1,0,2,1
188534,0,1,1,2
188575,1,0,2,1
188603,1,0,2,1
188652,1,0,2,1
188670,1,0,2,1
188700,1,4,2,5
188712,0,6,1,7
188766,0,1,1,2
188823,0,1,1,2
188842,1,0,2,1
188844,1,0,2,1
188866,1,0,2,1
188869,1,0,2,1
188913,1,0,2,1
188919,1,0,2,1
188930,1,0,2,1
188932,1,0,2,1
188945,1,0,2,1
188964,1,4,2,5
189000,1,0,2,1
189028,0,1,1,2
189086,1,0,2,1
189129,1,0,2,1
189156,1,0,2,1
189206,1,0,2,1
189258,1,0,2,1
189260,1,0,2,1
189361,1,0,2,1
189376,1,0,2,1
189386,1,0,2,1
189416,1,0,2,1
189417,1,0,2,1
189435,1,0,2,1
189436,1,0,2,1
189454,1,0,2,1
189456,1,0,2,1
189459,1,0,2,1
189485,1,4,2,5
189522,1,0,2,1
189523,1,0,2,1
189528,1,0,2,1
189604,1,0,2,1
189620,1,0,2,1
189639,1,0,2,1
189646,1,0,2,1
189673,1,0,2,1
189874,0,1,1,2
189896,1,0,2,1
189900,1,0,2,1
189902,1,0,2,1
189931,1,0,2,1
189936,1,0,2,1
189952,1,0,2,1
189983,0,1,1,2
190034,1,0,2,1
190035,1,0,2,1
190040,1,0,2,1
190129,0,1,1,2
190140,1,0,2,1
190147,1,0,2,1
190153,1,0,2,1
190154,1,0,2,1
190184,1,0,2,1
190186,1,0,2,1
190188,1,0,2,1
190294,1,0,2,1
190316,1,0,2,1
190376,1,0,2,1
190405,1,0,2,1
190445,1,0,2,1
190465,1,0,2,1
190657,1,0,2,1
190829,0,1,1,2
190905,0,1,1,2
190916,1,0,2,1
190959,1,0,2,1
190990,0,1,1,2
191069,1,0,2,1
191154,0,1,1,2
191218,1,0,2,1
191323,1,0,2,1
191324,1,0,2,1
191325,1,0,2,1
191341,0,1,1,2
191382,0,1,1,2
191383,0,1,1,2
191465,0,1,1,2
191468,1,0,2,1
191579,1,0,2,1
191597,0,1,1,2
191679,1,0,2,1
191769,0,1,1,2
191770,0,1,1,2
191771,0,1,1,2
191800,1,4,2,5
191834,1,0,2,1
191835,1,0,2,1
191846,0,1,1,2
191914,0,1,1,2
191933,0,1,1,2
191976,0,1,1,2
192071,0,6,1,7
192114,0,1,1,2
192154,0,1,1,2
192186,0,1,1,2
192238,0,1,1,2
192244,0,1,1,2
192294,0,1,1,2
192338,0,6,1,7
192339,0,6,1,7
192385,1,0,2,1
192387,1,0,2,1
192479,0,1,1,2
192528,0,1,1,2
192567,1,0,2,1
192682,0,1,1,2
192753,1,0,2,1
192766,0,1,1,2
192893,1,4,2,5
193009,0,1,1,2
193051,0,1,1,2
193055,0,1,1,2
193056,0,1,1,2
193140,1,0,2,1
193272,0,1,1,2
193305,0,1,1,2
193306,0,1,1,2
193348,0,1,1,2
193349,0,1,1,2
193350,0,1,1,2
193400,1,0,2,1
193401,1,0,2,1
193402,1,0,2,1
193478,1,4,2,5
193570,0,1,1,2
193639,0,1,1,2
193640,0,1,1,2
193641,0,1,1,2
193643,0,1,1,2
193645,0,1,1,2
193695,1,0,2,1
193698,1,0,2,1
193699,1,0,2,1
193732,1,0,2,1
193933,1,0,2,1
193979,0,1,1,2
193989,0,1,1,2
193993,1,0,2,1
194074,4,1,5,2
194235,1,0,2,1
194284,0,1,1,2
194301,1,0,2,1
194541,1,0,2,1
194543,1,0,2,1
194605,1,0,2,1
194778,1,0,2,1
194779,1,0,2,1
194848,1,0,2,1
194912,1,0,2,1
194946,0,1,1,2
195084,1,0,2,1
195095,1,0,2,1
195096,1,0,2,1
195157,1,0,2,1
195251,0,1,1,2
195301,1,4,2,5
195558,0,1,1,2
195654,1,0,2,1
195687,1,0,2,1
195691,1,0,2,1
195702,1,0,2,1
195703,1,0,2,1
195725,0,1,1,2
195854,1,0,2,1
195951,1,0,2,1
196001,1,0,2,1
196021,0,1,1,2
196023,0,1,1,2
196096,1,0,2,1
196117,0,1,1,2
196209,4,1,5,2
196296,1,0,2,1
196300,1,0,2,1
196319,0,1,1,2
196320,0,1,1,2
196321,0,1,1,2
196415,0,1,1,2
196510,4,0,5,1
196584,1,0,2,1
196691,1,0,2,1
196692,1,0,2,1
196808,1,0,2,1
196811,1,0,2,1
196843,1,0,2,1
196880,1,0,2,1
196986,1,0,2,1
196989,1,0,2,1
197105,1,0,2,1
197106,1,0,2,1
197111,1,4,2,5
197173,1,0,2,1
197176,1,0,2,1
197277,1,0,2,1
197283,1,0,2,1
197308,0,1,1,2
197338,1,0,2,1
197402,1,4,2,5
197429,0,1,1,2
197432,1,0,2,1
197463,1,0,2,1
197464,1,0,2,1
197469,1,0,2,1
197471,1,0,2,1
197482,1,0,2,1
197484,1,0,2,1
197487,0,1,1,2
197568,1,0,2,1
197689,1,4,2,5
197693,1,4,2,5
197753,1,0,2,1
197759,1,0,2,1
197916,1,0,2,1
197970,1,0,2,1
197978,1,4,2,5
197981,1,4,2,5
198009,1,0,2,1
198011,1,0,2,1
198047,1,0,2,1
198063,1,0,2,1
198125,0,1,1,2
198126,0,1,1,2
198204,1,0,2,1
198206,1,0,2,1
198333,1,0,2,1
198414,0,1,1,2
198554,1,4,2,5
198776,1,0,2,1
198778,1,0,2,1
198840,1,4,2,5
198841,1,4,2,5
198842,1,4,2,5
198899,1,0,2,1
198904,1,0,2,1
198950,0,1,1,2
198976,1,0,2,1
198998,0,1,1,2
199058,1,0,2,1
199060,1,0,2,1
199124,1,4,2,5
199125,1,4,2,5
199176,1,0,2,1
199178,1,0,2,1
199279,0,1,1,2
199306,1,0,2,1
199339,1,0,2,1
199341,1,0,2,1
199620,1,0,2,1
199681,1,4,2,5
199683,1,4,2,5
199728,1,0,2,1
199729,1,0,2,1
199838,0,1,1,2
200001,1,0,2,1
200182,1,0,2,1
200201,1,0,2,1
200202,1,0,2,1
200340,0,1,1,2
200458,1,0,2,1
200459,1,0,2,1
200479,1,0,2,1
200496,1,0,2,1
200498,1,0,2,1
200522,1,4,2,5
200524,1,4,2,5
200665,0,1,1,2
200704,1,0,2,1
200753,1,0,2,1
200756,1,0,2,1
200780,1,0,2,1
200803,1,4,2,5
200804,1,4,2,5
200981,0,1,1,2
200987,1,0,2,1
200988,1,0,2,1
201026,1,0,2,1
201046,1,0,2,1
201063,1,0,2,1
201085,1,4,2,5
201086,1,4,2,5
201257,0,1,1,2
201260,0,1,1,2
201323,1,0,2,1
201325,1,0,2,1
201329,1,0,2,1
201367,1,4,2,5
201398,1,0,2,1
201533,0,1,1,2
201534,0,1,1,2
201597,1,0,2,1
201601,1,0,2,1
201768,0,1,1,2
201769,0,1,1,2
201806,0,1,1,2
201807,0,1,1,2
201868,1,0,2,1
201871,1,0,2,1
201872,1,0,2,1
202037,0,1,1,2
202071,1,0,2,1
202122,0,1,1,2
202139,1,0,2,1
202141,1,0,2,1
202143,1,0,2,1
202202,1,0,2,1
202207,1,0,2,1
202569,0,1,1,2
202582,0,1,1,2
202652,1,0,2,1
202656,1,0,2,1
202678,0,1,1,2
202835,0,1,1,2
202909,0,1,1,2
202919,1,0,2,1
202921,1,0,2,1
202930,1,0,2,1
202970,4,1,5,2
202982,0,1,1,2
202995,1,0,2,1
202996,1,0,2,1
203093,0,1,1,2
203229,4,1,5,2
203242,1,0,2,1
203243,1,0,2,1
203244,1,0,2,1
203252,1,0,2,1
203340,0,1,1,2
203414,1,0,2,1
203483,1,0,2,1
203485,1,0,2,1
203653,0,1,1,2
203730,1,0,2,1
203731,1,0,2,1
203737,1,0,2,1
203911,1,0,2,1
203969,1,0,2,1
203980,1,0,2,1
204225,1,0,2,1
204229,1,0,2,1
204391,1,0,2,1
204463,1,0,2,1
204479,1,0,2,1
204481,1,0,2,1
204483,1,0,2,1
204676,1,0,2,1
204710,4,1,5,2
204730,1,0,2,1
204732,1,0,2,1
204733,1,0,2,1
204969,0,1,1,2
204973,0,1,1,2
204976,0,1,1,2
204977,0,1,1,2
204994,1,0,2,1
205167,1,6,2,7
205176,0,1,1,2
205195,1,0,2,1
205229,4,1,5,2
205246,0,1,1,2
205251,1,0,2,1
205252,1,0,2,1
205254,1,0,2,1
205257,1,0,2,1
205433,1,6,2,7
205436,1,0,2,1
205505,0,1,1,2
205516,1,0,2,1
205518,1,0,2,1
205522,1,0,2,1
205702,1,0,2,1
205715,0,1,1,2
205731,1,0,2,1
205732,1,0,2,1
205789,1,0,2,1
205790,1,0,2,1
205871,0,6,1,7
205998,1,0,2,1
206131,0,1,1,2
206142,0,1,1,2
206289,1,0,2,1
206321,0,1,1,2
206438,1,0,2,1
206557,1,0,2,1
206558,1,0,2,1
206582,1,2,2,3
206685,0,1,1,2
206686,0,1,1,2
206689,0,1,1,2
206690,0,1,1,2
206796,1,0,2,1
206830,1,0,2,1
206831,1,0,2,1
206958,0,1,1,2
207100,1,0,2,1
207232,0,1,1,2
207235,0,1,1,2
207340,1,0,2,1
207610,1,0,2,1
207877,1,0,2,1
207929,1,4,2,5
208115,0,6,1,7
208152,1,0,2,1
208186,4,1,5,2
208193,1,4,2,5
208203,4,1,5,2
208384,0,6,1,7
208467,4,0,5,1
208469,4,0,5,1
208668,0,6,1,7
208744,4,1,5,2
208745,4,0,5,1
208747,4,0,5,1
208769,0,1,1,2
208770,0,1,1,2
208774,0,1,1,2
208953,0,6,1,7
208955,0,6,1,7
208956,0,6,1,7
209038,1,0,2,1
209358,0,1,1,2
209634,1,0,2,1
209636,1,0,2,1
209641,0,1,1,2
209649,1,0,2,1
209652,0,1,1,2
209653,0,1,1,2
209654,0,1,1,2
209767,0,1,1,2
209852,1,0,2,1
209853,1,0,2,1
209872,0,1,1,2
209926,1,0,2,1
209927,1,0,2,1
209929,1,0,2,1
209930,1,0,2,1
209932,0,1,1,2
209937,0,1,1,2
210231,0,1,1,2
210436,1,0,2,1
210517,0,1,1,2
210631,0,1,1,2
210690,6,0,7,1
210801,1,0,2,1
210807,0,1,1,2
210919,0,1,1,2
211010,1,0,2,1
211011,1,0,2,1
211095,0,1,1,2
211099,0,1,1,2
211285,6,0,7,1
211373,1,0,2,1
211376,1,0,2,1
211379,1,0,2,1
211391,0,1,1,2
211509,0,1,1,2
211600,1,0,2,1
211664,4,1,5,2
211665,4,1,5,2
211666,4,1,5,2
211728,1,0,2,1
211892,6,0,7,1
211894,6,0,7,1
211904,1,0,2,1
211905,1,0,2,1
211907,1,0,2,1
211985,0,1,1,2
212011,0,1,1,2
212198,1,0,2,1
212201,1,0,2,1
212202,1,0,2,1
212211,6,1,7,2
212283,0,1,1,2
212472,6,0,7,1
212474,6,0,7,1
212475,6,0,7,1
212498,6,0,7,1
212500,6,0,7,1
212501,6,0,7,1
212517,6,1,7,2
212567,4,1,5,2
212809,0,6,1,7
212816,6,1,7,2
212821,6,1,7,2
212823,6,0,7,1
212872,4,1,5,2
212894,0,1,1,2
212899,1,5,2,6
213083,6,0,7,1
213086,6,0,7,1
213106,6,0,7,1
213108,0,6,1,7
213110,0,6,1,7
213115,0,6,1,7
213198,0,1,1,2
213220,1,0,2,1
213503,0,1,1,2
213549,1,0,2,1
213727,0,6,1,7
213728,0,6,1,7
213729,0,6,1,7
213760,1,0,2,1
213815,0,1,1,2
213837,1,0,2,1
213862,1,0,2,1
214123,0,1,1,2
214306,0,6,1,7
214318,6,0,7,1
214349,6,0,7,1
214368,1,0,2,1
214468,1,0,2,1
214491,1,0,2,1
214641,6,0,7,1
214751,0,1,1,2
214924,0,6,1,7
214947,6,0,7,1
214984,1,6,2,7
214988,1,6,2,7
215251,6,0,7,1
215294,1,6,2,7
215339,4,1,5,2
215394,0,1,1,2
215398,0,1,1,2
215415,1,0,2,1
215537,6,0,7,1
215539,6,0,7,1
215540,6,0,7,1
215552,6,0,7,1
215553,6,0,7,1
215554,6,0,7,1
215581,1,6,2,7
215659,0,1,1,2
215693,0,1,1,2
215710,1,0,2,1
215824,6,0,7,1
215828,6,0,7,1
215838,6,0,7,1
216105,6,0,7,1
216113,6,0,7,1
216130,6,0,7,1
216179,1,0,2,1
216239,1,0,2,1
216393,6,0,7,1
216410,0,6,1,7
216423,6,0,7,1
216424,6,0,7,1
216431,0,6,1,7
216436,0,6,1,7
216438,0,6,1,7
216539,1,0,2,1
216744,6,0,7,1
216829,1,0,2,1
216853,0,1,1,2
216857,0,1,1,2
216872,1,0,2,1
216973,6,0,7,1
217023,6,0,7,1
217042,1,0,2,1
217080,4,1,5,2
217145,0,1,1,2
217146,0,1,1,2
217318,1,0,2,1
217409,1,0,2,1
217580,6,0,7,1
217596,1,0,2,1
217597,1,0,2,1
217598,1,0,2,1
217599,1,0,2,1
217661,1,4,2,5
217874,1,0,2,1
217876,1,0,2,1
217878,1,0,2,1
217937,1,4,2,5
218125,6,0,7,1
218140,1,0,2,1
218198,1,4,2,5
218236,1,0,2,1
218277,1,0,2,1
218398,0,6,1,7
218457,1,4,2,5
218458,1,4,2,5
218473,1,4,2,5
218504,1,0,2,1
218546,1,0,2,1
218599,2,1,3,2
218606,4,1,5,2
218610,4,1,5,2
218710,1,0,2,1
218714,0,1,1,2
218715,0,1,1,2
218838,1,0,2,1
218906,4,1,5,2
218910,4,1,5,2
219018,0,1,1,2
219065,1,4,2,5
219075,1,4,2,5
219147,1,0,2,1
219212,4,1,5,2
219343,0,1,1,2
219388,1,4,2,5
219393,1,4,2,5
219467,1,0,2,1
219515,1,2,2,3
219530,2,1,3,2
219544,4,1,5,2
219670,0,1,1,2
219725,1,4,2,5
219863,1,2,2,3
219864,1,2,2,3
220023,0,1,1,2
220024,0,1,1,2
220073,1,4,2,5
220074,1,4,2,5
220075,1,4,2,5
220077,1,4,2,5
220314,6,0,7,1
220393,1,0,2,1
220699,6,0,7,1
220706,0,6,1,7
220707,0,6,1,7
220753,1,0,2,1
220791,4,1,5,2
220792,4,1,5,2
220798,1,4,2,5
220910,1,4,2,5
221076,0,6,1,7
221128,1,0,2,1
221164,4,1,5,2
221165,4,1,5,2
221166,4,1,5,2
221171,1,4,2,5
221485,0,6,1,7
221514,1,0,2,1
221518,1,0,2,1
221542,4,1,5,2
221545,4,1,5,2
221547,1,4,2,5
221753,1,2,2,3
221839,0,6,1,7
221889,1,0,2,1
221890,1,0,2,1
221900,0,1,1,2
221904,1,0,2,1
221932,4,1,5,2
221933,4,1,5,2
222129,5,2,6,3
222213,6,0,7,1
222214,6,0,7,1
222231,6,0,7,1
222236,0,6,1,7
222284,1,0,2,1
222290,1,0,2,1
222299,1,0,2,1
222327,4,1,5,2
222528,5,1,6,2
222567,2,5,3,6
222699,1,0,2,1
222701,1,0,2,1
222705,1,0,2,1
222709,1,0,2,1
222721,1,0,2,1
222722,1,0,2,1
222756,1,4,2,5
223077,0,6,1,7
223081,6,0,7,1
223090,0,6,1,7
223134,1,0,2,1
223136,1,0,2,1
223137,1,0,2,1
223151,1,0,2,1
223210,1,2,2,3
223508,6,0,7,1
223519,0,6,1,7
223524,6,0,7,1
223530,0,6,1,7
223580,1,0,2,1
223655,1,2,2,3
223825,5,1,6,2
223905,2,5,3,6
223969,6,0,7,1
223988,0,6,1,7
224112,1,2,2,3
224246,1,4,2,5
224247,1,4,2,5
224251,1,2,2,3
224284,1,5,2,6
224426,6,0,7,1
224430,6,0,7,1
224440,6,0,7,1
224442,6,0,7,1
224447,0,6,1,7
224558,4,1,5,2
224573,1,2,2,3
224629,1,5,2,6
224752,1,2,2,3
224753,1,2,2,3
224754,1,2,2,3
224837,1,5,2,6
224901,6,0,7,1
224906,6,0,7,1
224910,0,6,1,7
224913,0,6,1,7
224919,0,6,1,7
224964,1,0,2,1
225101,1,2,2,3
225182,1,4,2,5
225195,2,1,3,2
225198,1,5,2,6
225199,1,5,2,6
225374,6,0,7,1
225383,6,0,7,1
225389,6,0,7,1
225658,1,2,2,3
225669,1,5,2,6
225705,5,1,6,2
225747,5,1,6,2
225844,6,0,7,1
225845,6,0,7,1
225846,6,0,7,1
225847,6,0,7,1
225852,6,0,7,1
225859,6,0,7,1
225969,4,1,5,2
226037,1,2,2,3
226039,1,2,2,3
226141,1,5,2,6
226219,5,1,6,2
226312,6,0,7,1
226325,6,0,7,1
226330,6,0,7,1
226332,6,0,7,1
226401,1,0,2,1
226515,1,2,2,3
226688,5,1,6,2
226715,1,5,2,6
226785,6,0,7,1
227085,0,5,1,6
227087,0,5,1,6
227171,5,1,6,2
227245,0,6,1,7
227270,6,0,7,1
227274,6,0,7,1
227277,0,6,1,7
227289,6,0,7,1
227353,1,0,2,1
227565,1,0,2,1
227608,5,1,6,2
227678,2,1,3,2
227682,2,1,3,2
227750,0,6,1,7
227761,6,0,7,1
227762,6,0,7,1
228044,0,1,1,2
228092,5,1,6,2
228134,5,1,6,2
228170,2,1,3,2
228320,1,0,2,1
228506,1,4,2,5
228527,0,1,1,2
228547,5,1,6,2
228616,5,1,6,2
228617,5,1,6,2
228622,1,5,2,6
228739,0,6,1,7
228789,1,0,2,1
228791,1,0,2,1
228826,1,0,2,1
229026,5,1,6,2
229091,1,2,2,3
229094,1,2,2,3
229103,5,1,6,2
229106,5,1,6,2
229198,0,6,1,7
229205,6,0,7,1
229207,6,0,7,1
229216,6,0,7,1
229217,6,0,7,1
229229,0,6,1,7
229241,0,6,1,7
229439,0,1,1,2
229441,0,1,1,2
229442,0,1,1,2
229456,1,4,2,5
229476,1,4,2,5
229477,1,4,2,5
229492,0,1,1,2
229502,1,5,2,6
229516,5,1,6,2
229540,5,1,6,2
229572,1,5,2,6
229582,1,2,2,3
229593,5,1,6,2
229598,4,5,5,6
229689,6,0,7,1
229711,0,6,1,7
229762,1,0,2,1
229763,1,0,2,1
229940,1,4,2,5
230052,5,1,6,2
230053,5,1,6,2
230067,1,2,2,3
230068,1,2,2,3
230080,4,1,5,2
230087,1,5,2,6
230187,0,6,1,7
230190,0,6,1,7
230240,1,0,2,1
230241,1,0,2,1
230244,1,0,2,1
230276,1,0,2,1
230277,1,0,2,1
230423,1,4,2,5
230450,0,1,1,2
230451,0,5,1,6
230454,0,1,1,2
230465,1,5,2,6
230530,5,1,6,2
230554,5,1,6,2
230571,1,4,2,5
230637,0,6,1,7
230641,0,6,1,7
230647,6,0,7,1
230648,6,0,7,1
230716,1,0,2,1
230723,1,0,2,1
230934,0,1,1,2
230942,1,5,2,6
230958,1,5,2,6
231043,1,5,2,6
231146,0,6,1,7
231149,0,6,1,7
231200,1,0,2,1
231231,1,4,2,5
231373,0,1,1,2
231408,0,1,1,2
231520,4,5,5,6
231523,1,5,2,6
231597,0,6,1,7
231598,0,6,1,7
231610,6,0,7,1
231626,0,6,1,7
231857,0,1,1,2
231859,1,4,2,5
231866,1,4,2,5
231889,0,1,1,2
231905,1,5,2,6
231906,1,5,2,6
232000,4,1,5,2
232005,1,5,2,6
232008,1,5,2,6
232081,0,6,1,7
232108,0,6,1,7
232166,1,0,2,1
232167,1,0,2,1
232172,1,0,2,1
232498,1,5,2,6
232678,1,4,2,5
232691,4,1,5,2
232836,1,4,2,5
232857,0,1,1,2
232875,1,5,2,6
232914,5,1,6,2
232915,5,1,6,2
232943,1,0,2,1
232944,1,0,2,1
233057,6,0,7,1
233059,6,0,7,1
233061,6,0,7,1
233147,1,0,2,1
233149,1,0,2,1
233318,0,1,1,2
233349,0,1,1,2
233371,1,5,2,6
233435,1,0,2,1
233437,1,0,2,1
233503,2,3,3,4
233555,6,0,7,1
233557,6,0,7,1
233793,0,1,1,2
233839,0,1,1,2
233866,1,5,2,6
233867,1,0,2,1
233909,1,2,2,3
234045,6,0,7,1
234046,6,0,7,1
234050,6,0,7,1
234077,0,6,1,7
234117,0,1,1,2
234280,0,1,1,2
234324,0,1,1,2
234371,1,5,2,6
234372,5,1,6,2
234384,1,5,2,6
234405,5,1,6,2
234471,1,5,2,6
234472,1,5,2,6
234541,6,0,7,1
234610,0,1,1,2
234667,4,1,5,2
234679,0,5,1,6
234872,1,5,2,6
234946,5,1,6,2
234962,1,4,2,5
235012,6,0,7,1
235027,6,0,7,1
235083,0,1,1,2
235084,0,1,1,2
235114,1,0,2,1
235201,4,1,5,2
235208,0,1,1,2
235301,0,1,1,2
235346,1,5,2,6
235496,6,0,7,1
235667,4,1,5,2
235672,0,1,1,2
235714,0,1,1,2
235716,0,1,1,2
235743,0,1,1,2
235814,1,5,2,6
235979,6,0,7,1
236050,0,1,1,2
236054,0,1,1,2
236135,4,0,5,1
236142,0,1,1,2
236181,1,0,2,1
236183,0,1,1,2
236184,0,1,1,2
236188,0,1,1,2
236399,2,5,3,6
236550,4,1,5,2
236624,0,1,1,2
236627,0,1,1,2
236651,0,1,1,2
236652,0,1,1,2
236756,1,5,2,6
236757,1,5,2,6
236791,1,5,2,6
236815,1,4,2,5
236944,6,0,7,1
237051,1,5,2,6
237105,0,1,1,2
237106,0,1,1,2
237108,0,1,1,2
237161,0,1,1,2
237237,1,5,2,6
237242,1,5,2,6
237273,1,5,2,6
237423,2,5,3,6
237427,6,0,7,1
237579,0,1,1,2
237586,0,1,1,2
237620,0,1,1,2
237621,0,1,1,2
237623,0,1,1,2
237640,0,1,1,2
237739,1,5,2,6
237755,1,5,2,6
237770,1,4,2,5
237775,1,4,2,5
237903,6,0,7,1
237929,0,1,1,2
237977,1,4,2,5
238047,0,4,1,5
238123,1,0,2,1
238222,1,5,2,6
238237,1,4,2,5
238241,1,4,2,5
238428,4,1,5,2
238440,1,4,2,5
238441,1,4,2,5
238482,4,1,5,2
238502,4,1,5,2
238503,4,1,5,2
238504,4,1,5,2
238519,1,0,2,1
238536,0,1,1,2
238548,0,1,1,2
238674,1,5,2,6
238675,1,5,2,6
238687,1,5,2,6
238690,1,5,2,6
238704,1,4,2,5
238706,1,4,2,5
238742,5,1,6,2
238743,5,1,6,2
238827,5,2,6,3
238896,4,1,5,2
238898,4,1,5,2
238900,1,4,2,5
238943,0,5,1,6
238949,4,1,5,2
238988,1,0,2,1
238989,1,0,2,1
239029,1,0,2,1
239107,1,0,2,1
239160,1,5,2,6
239164,1,5,2,6
239177,1,4,2,5
239216,5,1,6,2
239217,5,1,6,2
239315,5,2,6,3
239388,4,0,5,1
239389,4,0,5,1
239409,0,5,1,6
239447,0,4,1,5
239471,0,1,1,2
239472,0,1,1,2
239479,0,1,1,2
239508,0,1,1,2
239623,1,5,2,6
239624,1,5,2,6
239721,3,2,4,3
239816,0,1,1,2
239818,0,1,1,2
239848,4,0,5,1
239888,1,4,2,5
239916,1,4,2,5
239932,0,1,1,2
239954,1,0,2,1
240017,1,4,2,5
240073,1,5,2,6
240142,5,1,6,2
240210,5,2,6,3
240275,0,1,1,2
240283,4,1,5,2
240309,4,0,5,1
240345,1,4,2,5
240364,1,4,2,5
240368,1,0,2,1
240371,1,4,2,5
240414,1,0,2,1
240489,1,0,2,1
240490,1,0,2,1
240528,1,5,2,6
240539,1,5,2,6
240540,1,5,2,6
240544,1,5,2,6
240556,1,4,2,5
240570,0,1,1,2
240600,2,1,3,2
240733,0,1,1,2
240741,4,1,5,2
240789,0,1,1,2
240871,1,0,2,1
240947,1,0,2,1
240949,1,0,2,1
241028,0,1,1,2
241174,0,1,1,2
241175,0,1,1,2
241184,1,0,2,1
241204,4,1,5,2
241207,4,1,5,2
241209,1,4,2,5
241215,1,4,2,5
241222,1,4,2,5
241288,1,4,2,5
241289,1,4,2,5
241314,0,1,1,2
241335,1,0,2,1
241338,1,0,2,1
241454,5,1,6,2
241456,1,5,2,6
241465,1,5,2,6
241622,2,5,3,6
241639,0,1,1,2
241640,0,1,1,2
241645,1,0,2,1
241683,1,4,2,5
241687,1,4,2,5
241749,1,4,2,5
241750,1,4,2,5
241777,0,1,1,2
241799,1,0,2,1
241809,0,1,1,2
241814,0,1,1,2
241917,0,5,1,6
241923,1,5,2,6
241952,0,1,1,2
241961,1,2,2,3
242014,2,5,3,6
242055,5,2,6,3
242061,5,2,6,3
242125,1,0,2,1
242140,0,1,1,2
242160,1,4,2,5
242173,1,4,2,5
242275,1,0,2,1
242278,1,0,2,1
242295,0,1,1,2
242296,0,1,1,2
242354,1,0,2,1
242390,1,5,2,6
242394,0,5,1,6
242397,0,1,1,2
242399,1,5,2,6
242437,5,1,6,2
242472,5,2,6,3
242475,5,2,6,3
242507,2,3,3,4
242537,5,2,6,3
242626,0,1,1,2
242636,0,1,1,2
242637,0,1,1,2
242642,0,4,1,5
242643,0,4,1,5
242693,1,4,2,5
242715,1,4,2,5
242771,1,0,2,1
242889,1,5,2,6
242892,0,1,1,2
242897,0,1,1,2
242898,0,1,1,2
242925,0,1,1,2
242927,0,1,1,2
242967,1,5,2,6
242986,5,2,6,3
242988,5,2,6,3
243008,3,2,4,3
243040,5,2,6,3
243062,5,2,6,3
243111,1,0,2,1
243138,0,1,1,2
243215,1,4,2,5
243225,4,1,5,2
243265,1,0,2,1
243274,1,0,2,1
243280,1,0,2,1
243292,0,1,1,2
243293,0,1,1,2
243295,0,1,1,2
243299,0,1,1,2
243340,1,0,2,1
243393,0,1,1,2
243395,0,1,1,2
243424,0,1,1,2
243429,1,5,2,6
243430,1,5,2,6
243466,1,2,2,3
243476,5,2,6,3
243478,5,2,6,3
243534,2,5,3,6
243541,5,2,6,3
243645,0,4,1,5
243717,1,4,2,5
243753,1,0,2,1
243763,1,0,2,1
243772,1,0,2,1
243828,1,0,2,1
243829,1,0,2,1
243861,1,0,2,1
243912,0,1,1,2
243913,0,1,1,2
243915,0,1,1,2
243964,5,2,6,3
243969,5,2,6,3
243982,5,2,6,3
244140,0,4,1,5
244142,0,4,1,5
244146,4,0,5,1
244147,4,0,5,1
244213,1,4,2,5
244217,4,1,5,2
244258,1,0,2,1
244265,1,0,2,1
244268,1,0,2,1
244269,1,0,2,1
244278,0,1,1,2
244284,0,1,1,2
244305,1,0,2,1
244322,1,0,2,1
244346,1,0,2,1
244359,1,0,2,1
244388,0,1,1,2
244409,1,0,2,1
244419,1,5,2,6
244461,5,2,6,3
244471,5,2,6,3
244485,2,5,3,6
244533,2,5,3,6
244546,5,2,6,3
244654,0,1,1,2
244660,4,0,5,1
244669,1,4,2,5
244696,4,1,5,2
244713,1,4,2,5
244725,1,0,2,1
244755,1,0,2,1
244765,1,0,2,1
244772,1,0,2,1
244781,0,1,1,2
244887,0,1,1,2
244889,0,1,1,2
244924,1,5,2,6
244959,1,2,2,3
244969,5,2,6,3
244972,5,2,6,3
244975,5,2,6,3
245049,5,2,6,3
245157,1,4,2,5
245158,0,4,1,5
245225,1,4,2,5
245227,1,4,2,5
245269,1,0,2,1
245297,0,1,1,2
245299,0,1,1,2
245367,1,0,2,1
245476,1,2,2,3
245481,1,2,2,3
245489,5,2,6,3
245490,5,2,6,3
245501,5,2,6,3
245577,5,2,6,3
245721,1,0,2,1
245738,4,1,5,2
245754,1,4,2,5
245804,1,0,2,1
245808,1,0,2,1
245822,0,1,1,2
245823,0,1,1,2
245923,0,1,1,2
245978,1,0,2,1
245979,1,5,2,6
246002,1,2,2,3
246004,1,2,2,3
246008,1,2,2,3
246012,5,2,6,3
246013,5,2,6,3
246014,5,2,6,3
246120,5,2,6,3
246178,1,0,2,1
246183,1,0,2,1
246257,4,0,5,1
246258,4,0,5,1
246259,4,0,5,1
246260,1,0,2,1
246261,1,0,2,1
246334,1,0,2,1
246353,1,0,2,1
246357,0,1,1,2
246427,1,0,2,1
246457,0,1,1,2
246464,0,1,1,2
246512,1,0,2,1
246536,1,2,2,3
246537,1,2,2,3
246546,5,2,6,3
246550,5,2,6,3
246561,5,2,6,3
246562,5,2,6,3
246563,5,2,6,3
246653,2,5,3,6
246654,5,2,6,3
246655,5,2,6,3
246657,5,2,6,3
246659,5,2,6,3
246798,4,0,5,1
246800,4,0,5,1
246801,1,0,2,1
246827,1,4,2,5
246894,0,1,1,2
246917,1,0,2,1
246968,1,0,2,1
246970,1,0,2,1
247003,0,1,1,2
247024,0,1,1,2
247080,1,2,2,3
247082,1,2,2,3
247099,5,2,6,3
247100,5,2,6,3
247123,2,5,3,6
247141,2,3,3,4
247204,5,2,6,3
247213,5,2,6,3
247317,0,1,1,2
247318,0,1,1,2
247319,0,1,1,2
247522,0,1,1,2
247525,0,1,1,2
247547,0,1,1,2
247581,5,1,6,2
247627,5,2,6,3
247750,5,2,6,3
247871,4,0,5,1
247873,1,0,2,1
247889,4,1,5,2
247973,0,1,1,2
247974,0,1,1,2
247995,1,0,2,1
247998,1,0,2,1
248131,1,5,2,6
248161,1,2,2,3
248167,1,2,2,3
248296,5,2,6,3
248298,5,2,6,3
248303,5,2,6,3
248426,1,0,2,1
248447,4,1,5,2
248449,4,1,5,2
248454,1,4,2,5
248504,0,1,1,2
248505,0,1,1,2
248506,0,1,1,2
248519,0,1,1,2
248522,0,1,1,2
248542,1,0,2,1
248710,1,2,2,3
248716,1,2,2,3
248717,1,2,2,3
248729,5,2,6,3
248859,5,2,6,3
248865,5,2,6,3
248867,5,2,6,3
248868,5,2,6,3
248944,1,0,2,1
249009,1,0,2,1
249033,4,1,5,2
249087,0,1,1,2
249093,1,0,2,1
249114,1,0,2,1
249115,1,0,2,1
249215,0,1,1,2
249250,5,0,6,1
249292,1,2,2,3
249301,5,2,6,3
249306,5,2,6,3
249313,5,2,6,3
249448,5,2,6,3
249499,6,0,7,1
249590,0,1,1,2
249605,1,0,2,1
249606,1,0,2,1
249675,1,0,2,1
249703,1,0,2,1
249803,0,1,1,2
249835,1,0,2,1
249840,5,1,6,2
249844,1,5,2,6
249870,1,2,2,3
249872,1,2,2,3
249894,1,2,2,3
249900,5,2,6,3
249903,5,2,6,3
249904,5,2,6,3
250051,5,2,6,3
250054,5,2,6,3
250057,5,2,6,3
250103,6,0,7,1
250147,1,0,2,1
250171,1,4,2,5
250198,0,4,1,5
250204,0,4,1,5
250205,0,4,1,5
250279,0,1,1,2
250280,0,1,1,2
250281,0,1,1,2
250410,0,1,1,2
250441,1,0,2,1
250442,1,0,2,1
250443,1,4,2,5
250547,2,5,3,6
250550,2,5,3,6
250670,5,2,6,3
250671,5,2,6,3
250673,5,2,6,3
250675,5,2,6,3
250682,5,2,6,3
250825,0,4,1,5
250900,0,1,1,2
251063,1,4,2,5
251129,5,2,6,3
251130,5,2,6,3
251167,2,5,3,6
251169,2,5,3,6
251198,2,5,3,6
251291,5,2,6,3
251294,5,2,6,3
251369,1,0,2,1
251444,0,1,1,2
251445,0,1,1,2
251452,1,4,2,5
251453,1,4,2,5
251454,1,4,2,5
251455,1,4,2,5
251499,4,1,5,2
251500,4,1,5,2
251529,0,1,1,2
251531,0,1,1,2
251533,0,1,1,2
251588,1,0,2,1
251656,0,1,1,2
251688,1,2,2,3
251696,5,0,6,1
251706,0,1,1,2
251751,1,2,2,3
251768,5,2,6,3
251800,2,5,3,6
251928,5,2,6,3
251931,5,2,6,3
251932,5,2,6,3
251939,5,2,6,3
251940,5,2,6,3
251972,0,6,1,7
252043,1,0,2,1
252110,1,4,2,5
252134,4,1,5,2
252151,4,1,5,2
252154,4,1,5,2
252161,0,1,1,2
252162,0,1,1,2
252319,1,4,2,5
252379,5,2,6,3
252422,2,5,3,6
252430,2,5,3,6
252437,2,5,3,6
252485,2,5,3,6
252489,2,5,3,6
252556,5,2,6,3
252566,5,2,6,3
252631,1,0,2,1
252634,1,6,2,7
252761,4,1,5,2
252781,4,1,5,2
252784,0,1,1,2
252787,0,1,1,2
252788,0,1,1,2
252793,0,1,1,2
252935,1,4,2,5
252937,1,4,2,5
253040,2,5,3,6
253110,2,5,3,6
253114,2,5,3,6
253119,2,5,3,6
253152,2,5,3,6
253153,2,5,3,6
253191,5,2,6,3
253295,1,0,2,1
253571,0,1,1,2
253669,2,5,3,6
253676,2,5,3,6
253678,2,5,3,6
253731,2,5,3,6
253734,2,5,3,6
253755,2,5,3,6
253765,2,5,3,6
253769,2,5,3,6
253770,2,5,3,6
253798,5,2,6,3
253830,2,5,3,6
253903,0,1,1,2
253965,0,1,1,2
254000,4,1,5,2
254006,1,4,2,5
254153,1,4,2,5
254160,1,4,2,5
254176,0,1,1,2
254179,0,1,1,2
254185,0,1,1,2
254186,0,1,1,2
254225,3,2,4,3
254255,2,5,3,6
254257,2,5,3,6
254258,2,5,3,6
254277,2,5,3,6
254389,5,2,6,3
254391,5,2,6,3
254469,1,0,2,1
254609,1,4,2,5
254617,1,0,2,1
254618,1,0,2,1
254619,1,0,2,1
254629,0,1,1,2
254783,0,1,1,2
254787,0,1,1,2
254789,0,1,1,2
254790,0,1,1,2
254792,0,1,1,2
254793,0,1,1,2
254795,0,1,1,2
254796,0,1,1,2
254797,0,1,1,2
254873,2,5,3,6
254885,2,5,3,6
254893,3,2,4,3
254939,3,2,4,3
254967,2,5,3,6
255009,2,5,3,6
255074,1,0,2,1
255077,1,0,2,1
255152,0,1,1,2
255154,0,1,1,2
255175,0,1,1,2
255219,1,4,2,5
255231,1,0,2,1
255243,0,1,1,2
255289,1,0,2,1
255377,1,4,2,5
255394,0,5,1,6
255403,0,1,1,2
255404,0,1,1,2
255414,0,1,1,2
255415,0,1,1,2
255456,2,5,3,6
255495,2,5,3,6
255559,2,5,3,6
255565,2,5,3,6
255600,5,2,6,3
255640,0,6,1,7
255674,0,6,1,7
255778,1,0,2,1
255822,4,1,5,2
255826,1,4,2,5
255836,1,0,2,1
255848,0,1,1,2
255979,1,4,2,5
255988,5,0,6,1
256006,0,1,1,2
256019,0,1,1,2
256064,2,5,3,6
256133,3,2,4,3
256151,2,5,3,6
256156,2,5,3,6
256165,2,5,3,6
256238,0,6,1,7
256325,1,0,2,1
256364,0,1,1,2
256382,1,0,2,1
256492,1,0,2,1
256583,5,0,6,1
256603,0,1,1,2
256605,0,1,1,2
256650,2,5,3,6
256652,2,5,3,6
256715,3,2,4,3
256853,1,6,2,7
256861,0,1,1,2
256917,1,0,2,1
256920,1,0,2,1
256937,0,1,1,2
256974,1,0,2,1
257006,1,0,2,1
257024,1,4,2,5
257046,0,1,1,2
257048,0,1,1,2
257166,5,0,6,1
257181,0,1,1,2
257182,0,1,1,2
257187,0,1,1,2
257295,3,2,4,3
257316,2,5,3,6
257317,2,5,3,6
257320,2,5,3,6
257330,2,5,3,6
257362,2,5,3,6
257408,0,6,1,7
257437,1,6,2,7
257502,1,0,2,1
257503,1,0,2,1
257659,1,0,2,1
257660,1,0,2,1
257755,1,0,2,1
257809,2,5,3,6
257810,2,5,3,6
257813,2,5,3,6
258011,1,0,2,1
258015,1,6,2,7
258017,1,6,2,7
258077,1,0,2,1
258079,1,0,2,1
258082,1,0,2,1
258157,1,0,2,1
258173,1,0,2,1
258228,1,0,2,1
258238,1,0,2,1
258239,1,0,2,1
258319,5,1,6,2
258339,1,0,2,1
258385,2,5,3,6
258472,2,5,3,6
258478,2,5,3,6
258580,1,0,2,1
258589,1,0,2,1
258632,1,0,2,1
258652,1,4,2,5
258712,1,0,2,1
258742,1,0,2,1
258805,1,0,2,1
258880,1,0,2,1
258920,1,2,2,3
258959,2,5,3,6
259022,2,5,3,6
259039,2,5,3,6
259101,6,2,7,3
259114,0,6,1,7
259116,0,6,1,7
259142,1,0,2,1
259143,1,0,2,1
259150,1,0,2,1
259152,1,0,2,1
259197,1,0,2,1
259209,1,0,2,1
259212,1,0,2,1
259217,1,4,2,5
259218,1,4,2,5
259219,1,0,2,1
259276,1,0,2,1
259305,1,0,2,1
259345,0,1,1,2
259439,4,0,5,1
259491,2,5,3,6
259760,1,0,2,1
259832,1,0,2,1
259836,0,1,1,2
259866,0,1,1,2
259899,0,1,1,2
259900,0,1,1,2
259959,1,4,2,5
259974,1,0,2,1
259983,4,0,5,1
259985,0,2,1,3
260094,3,2,4,3
260133,2,5,3,6
260247,1,0,2,1
260304,1,0,2,1
260313,1,4,2,5
260405,1,0,2,1
260410,0,1,1,2
260506,1,4,2,5
260522,4,0,5,1
260546,1,2,2,3
260557,2,3,3,4
260558,2,3,3,4
260603,2,5,3,6
260605,2,5,3,6
260635,3,2,4,3
260672,2,5,3,6
260750,0,6,1,7
260751,0,6,1,7
260786,0,1,1,2
260837,1,0,2,1
260843,1,4,2,5
260909,0,1,1,2
260972,0,1,1,2
261040,4,1,5,2
261041,5,1,6,2
261044,4,1,5,2
261050,4,0,5,1
261087,2,1,3,2
261134,2,5,3,6
261138,2,5,3,6
261141,2,5,3,6
261186,2,5,3,6
261201,2,5,3,6
261314,0,1,1,2
261358,1,0,2,1
261359,1,0,2,1
261360,1,0,2,1
261362,1,0,2,1
261370,1,0,2,1
261421,1,4,2,5
261452,1,0,2,1
261553,1,4,2,5
261559,4,1,5,2
261560,1,0,2,1
261565,4,0,5,1
261656,2,5,3,6
261657,2,5,3,6
261659,2,5,3,6
261662,2,5,3,6
261723,2,5,3,6
261724,2,5,3,6
261765,2,3,3,4
261889,1,0,2,1
261918,1,4,2,5
261947,0,1,1,2
261948,0,1,1,2
261982,0,4,1,5
262012,0,1,1,2
262073,1,4,2,5
262079,1,0,2,1
262082,0,4,1,5
262099,1,0,2,1
262176,2,5,3,6
262178,2,5,3,6
262179,2,5,3,6
262180,2,5,3,6
262231,2,5,3,6
262394,1,0,2,1
262395,1,0,2,1
262399,1,0,2,1
262401,1,0,2,1
262402,1,0,2,1
262421,1,4,2,5
262443,1,4,2,5
262445,1,4,2,5
262450,0,1,1,2
262472,1,0,2,1
262484,1,4,2,5
262488,1,4,2,5
262515,0,1,1,2
262570,1,4,2,5
262670,2,5,3,6
262672,2,5,3,6
262796,6,0,7,1
262814,0,6,1,7
262844,0,1,1,2
262848,0,1,1,2
262886,1,0,2,1
262928,1,4,2,5
262935,0,1,1,2
262966,1,4,2,5
262998,0,1,1,2
263061,5,1,6,2
263155,2,5,3,6
263157,2,5,3,6
263158,2,5,3,6
263162,2,5,3,6
263182,3,2,4,3
263214,2,5,3,6
263216,2,5,3,6
263228,2,5,3,6
263249,2,5,3,6
263263,5,3,6,4
263276,2,3,3,4
263284,3,2,4,3
263289,3,2,4,3
263290,6,0,7,1
263308,0,6,1,7
263386,1,4,2,5
263387,1,4,2,5
263435,1,0,2,1
263436,1,0,2,1
263437,1,0,2,1
263540,4,1,5,2
263632,2,5,3,6
263655,3,2,4,3
263657,3,2,4,3
263682,2,5,3,6
263683,2,5,3,6
263716,2,5,3,6
263722,5,2,6,3
263727,5,2,6,3
263728,5,2,6,3
263730,5,2,6,3
263739,5,2,6,3
263751,6,0,7,1
263799,0,1,1,2
263840,1,0,2,1
263850,1,4,2,5
263894,1,0,2,1
263900,1,0,2,1
263901,1,0,2,1
263907,1,0,2,1
263943,0,1,1,2
264019,1,0,2,1
264038,2,1,3,2
264096,3,2,4,3
264137,2,5,3,6
264178,5,2,6,3
264179,5,2,6,3
264186,5,2,6,3
264188,5,2,6,3
264190,5,2,6,3
264191,5,2,6,3
264212,6,0,7,1
264225,0,6,1,7
264257,0,1,1,2
264365,4,1,5,2
264473,1,0,2,1
264491,2,1,3,2
264631,5,2,6,3
264636,5,2,6,3
264638,5,2,6,3
264649,5,2,6,3
264651,5,3,6,4
264652,3,2,4,3
264755,1,0,2,1
264834,1,4,2,5
264835,1,4,2,5
264900,4,1,5,2
264908,5,4,6,5
264909,5,1,6,2
264910,5,1,6,2
264911,5,0,6,1
264936,1,0,2,1
264999,3,2,4,3
265075,5,2,6,3
265081,5,2,6,3
265082,5,2,6,3
265090,5,2,6,3
265092,5,2,6,3
265095,5,2,6,3
265096,2,5,3,6
265108,0,6,1,7
265197,1,0,2,1
265203,1,0,2,1
265204,1,0,2,1
265242,4,1,5,2
265255,0,1,1,2
265280,4,1,5,2
265310,0,1,1,2
265337,4,1,5,2
265338,4,1,5,2
265339,4,1,5,2
265368,1,0,2,1
265515,5,2,6,3
265518,5,2,6,3
265519,5,2,6,3
265583,1,0,2,1
265584,1,0,2,1
265644,1,0,2,1
265691,4,1,5,2
265695,4,1,5,2
265798,1,0,2,1
265924,5,2,6,3
265930,5,2,6,3
265931,5,2,6,3
265932,5,2,6,3
265940,5,2,6,3
265942,5,2,6,3
265960,6,0,7,1
265965,0,6,1,7
266006,1,0,2,1
266064,0,1,1,2
266068,1,0,2,1
266073,1,0,2,1
266133,1,4,2,5
266162,4,1,5,2
266163,4,1,5,2
266210,0,1,1,2
266235,1,0,2,1
266237,1,0,2,1
266239,1,0,2,1
266309,2,3,3,4
266366,5,2,6,3
266376,5,2,6,3
266377,5,2,6,3
266380,5,2,6,3
266402,0,6,1,7
266496,1,0,2,1
266497,1,0,2,1
266498,1,0,2,1
266499,1,0,2,1
266505,0,1,1,2
266576,1,4,2,5
266603,4,1,5,2
266605,4,1,5,2
266663,1,0,2,1
266671,1,0,2,1
266673,1,0,2,1
266805,3,2,4,3
266818,5,2,6,3
266819,5,2,6,3
266833,5,2,6,3
266844,6,0,7,1
266850,0,6,1,7
266943,1,0,2,1
266944,1,0,2,1
266947,1,0,2,1
266987,1,0,2,1
267053,0,4,1,5
267061,1,4,2,5
267262,3,2,4,3
267268,5,2,6,3
267282,5,2,6,3
267287,5,2,6,3
267289,5,2,6,3
267311,0,6,1,7
267421,1,0,2,1
267426,1,0,2,1
267427,1,0,2,1
267474,1,0,2,1
267475,1,0,2,1
267542,0,1,1,2
267543,4,1,5,2
267548,1,4,2,5
267603,1,0,2,1
267751,5,2,6,3
267766,5,2,6,3
267767,5,2,6,3
267777,5,2,6,3
267786,5,2,6,3
267798,0,6,1,7
267878,1,0,2,1
267900,1,0,2,1
267920,1,0,2,1
267970,1,0,2,1
267972,1,0,2,1
267973,1,0,2,1
267974,1,0,2,1
268005,1,4,2,5
268013,1,4,2,5
268187,3,2,4,3
268213,3,2,4,3
268214,3,2,4,3
268258,5,2,6,3
268260,5,2,6,3
268265,5,2,6,3
268274,2,5,3,6
268278,5,2,6,3
268373,1,0,2,1
268376,1,0,2,1
268393,1,0,2,1
268397,1,0,2,1
268453,1,0,2,1
268468,1,0,2,1
268474,1,0,2,1
268511,1,4,2,5
268763,5,2,6,3
268774,6,0,7,1
268777,0,6,1,7
268882,1,0,2,1
268949,1,0,2,1
268952,0,1,1,2
268958,1,0,2,1
268960,1,0,2,1
269006,1,4,2,5
269211,2,5,3,6
269224,5,2,6,3
269253,5,2,6,3
269265,6,0,7,1
269371,0,1,1,2
269389,0,1,1,2
269390,0,1,1,2
269399,1,0,2,1
269436,1,0,2,1
269438,1,0,2,1
269440,1,0,2,1
269449,1,0,2,1
269453,1,0,2,1
269737,5,2,6,3
269766,5,2,6,3
269768,5,2,6,3
269773,5,2,6,3
269779,6,0,7,1
269905,0,1,1,2
269915,1,0,2,1
269952,1,0,2,1
269955,1,0,2,1
269957,1,0,2,1
269969,1,0,2,1
270033,0,1,1,2
270037,1,0,2,1
270252,5,2,6,3
270260,5,2,6,3
270288,6,0,7,1
270289,6,0,7,1
270374,1,0,2,1
270376,1,0,2,1
270407,1,0,2,1
270426,1,0,2,1
270457,0,1,1,2
270458,0,1,1,2
270465,1,0,2,1
270466,1,0,2,1
270467,1,0,2,1
270483,1,0,2,1
270541,0,1,1,2
270550,1,0,2,1
270643,2,3,3,4
270644,2,5,3,6
270727,2,5,3,6
270728,2,5,3,6
270730,2,5,3,6
270770,5,2,6,3
270791,5,2,6,3
270793,5,2,6,3
270916,1,0,2,1
270976,1,0,2,1
270977,1,0,2,1
270988,0,1,1,2
270998,1,0,2,1
271015,1,4,2,5
271016,1,4,2,5
271056,0,1,1,2
271059,0,1,1,2
271243,2,5,3,6
271247,2,5,3,6
271267,5,2,6,3
271297,5,2,6,3
271303,6,0,7,1
271304,6,0,7,1
271414,1,0,2,1
271481,1,0,2,1
271483,1,0,2,1
271485,0,1,1,2
271490,0,1,1,2
271491,0,1,1,2
271502,4,1,5,2
271503,4,1,5,2
271516,1,4,2,5
271523,4,1,5,2
271558,0,1,1,2
271559,0,1,1,2
271570,1,0,2,1
271643,2,5,3,6
271737,2,5,3,6
271747,2,5,3,6
271767,5,2,6,3
271789,5,2,6,3
271808,6,0,7,1
271810,6,0,7,1
271916,0,1,1,2
271992,0,1,1,2
271993,0,1,1,2
272008,4,1,5,2
272010,4,0,5,1
272012,1,4,2,5
272023,1,4,2,5
272038,1,0,2,1
272066,0,1,1,2
272067,0,1,1,2
272075,1,0,2,1
272089,1,4,2,5
272129,3,2,4,3
272245,2,5,3,6
272251,2,5,3,6
272254,2,5,3,6
272271,5,2,6,3
272498,1,0,2,1
272514,0,1,1,2
272515,0,1,1,2
272516,0,1,1,2
272518,0,1,1,2
272525,0,1,1,2
272529,0,1,1,2
272537,4,0,5,1
272545,1,4,2,5
272561,4,1,5,2
272591,0,1,1,2
272592,0,1,1,2
272601,1,0,2,1
272602,1,0,2,1
272610,0,1,1,2
272612,0,1,1,2
272775,2,5,3,6
272780,2,5,3,6
272782,2,5,3,6
272803,5,2,6,3
272814,5,2,6,3
273011,1,0,2,1
273037,0,1,1,2
273043,0,1,1,2
273047,1,0,2,1
273056,0,1,1,2
273153,1,0,2,1
273222,2,5,3,6
273256,2,3,3,4
273257,2,3,3,4
273311,2,5,3,6
273313,2,5,3,6
273331,5,2,6,3
273378,6,0,7,1
273552,1,0,2,1
273588,0,1,1,2
273596,1,0,2,1
273613,4,1,5,2
273672,0,1,1,2
273673,0,1,1,2
273716,2,5,3,6
273725,2,3,3,4
273859,2,5,3,6
273870,2,5,3,6
273901,5,2,6,3
274114,1,0,2,1
274153,0,1,1,2
274179,4,1,5,2
274180,4,1,5,2
274236,0,1,1,2
274263,3,2,4,3
274453,2,5,3,6
274509,6,0,7,1
274515,6,0,7,1
274642,1,0,2,1
274708,0,1,1,2
274745,4,1,5,2
274809,3,2,4,3
274825,2,5,3,6
274826,2,5,3,6
274868,3,5,4,6
274933,3,2,4,3
275025,2,3,3,4
275065,2,5,3,6
275066,5,2,6,3
275073,5,2,6,3
275074,6,0,7,1
275278,0,1,1,2
275306,4,1,5,2
275307,4,0,5,1
275318,1,4,2,5
275393,2,5,3,6
275438,2,5,3,6
275535,2,5,3,6
275580,2,3,3,4
275632,5,2,6,3
275768,1,0,2,1
275832,0,1,1,2
275836,0,1,1,2
275869,4,1,5,2
275890,4,1,5,2
275891,4,1,5,2
275901,1,0,2,1
275924,1,0,2,1
275970,2,3,3,4
276108,2,5,3,6
276138,2,5,3,6
276160,2,3,3,4
276161,2,3,3,4
276165,5,2,6,3
276166,5,2,6,3
276185,5,2,6,3
276333,6,0,7,1
276387,1,0,2,1
276389,1,0,2,1
276390,1,0,2,1
276393,1,0,2,1
276399,1,0,2,1
276400,1,0,2,1
276411,0,1,1,2
276413,0,1,1,2
276414,0,1,1,2
276444,0,1,1,2
276445,0,1,1,2
276588,2,5,3,6
276589,2,5,3,6
276683,2,5,3,6
276792,5,2,6,3
276927,0,1,1,2
276928,1,0,2,1
276946,0,1,1,2
276967,1,0,2,1
276991,0,1,1,2
277025,0,1,1,2
277026,0,1,1,2
277045,4,1,5,2
277050,1,4,2,5
277055,4,0,5,1
277056,1,0,2,1
277057,1,0,2,1
277088,0,1,1,2
277166,5,2,6,3
277170,5,2,6,3
277172,5,2,6,3
277177,2,5,3,6
277238,2,3,3,4
277272,2,5,3,6
277273,2,5,3,6
277333,5,2,6,3
277335,5,2,6,3
277337,5,2,6,3
277500,1,0,2,1
277501,1,0,2,1
277506,6,0,7,1
277518,0,1,1,2
277535,0,1,1,2
277558,1,0,2,1
277579,0,1,1,2
277580,0,1,1,2
277617,0,4,1,5
277632,4,1,5,2
277634,4,1,5,2
277635,1,4,2,5
277648,1,0,2,1
277758,5,2,6,3
277759,5,2,6,3
277862,2,5,3,6
277914,5,2,6,3
277916,5,2,6,3
277917,5,3,6,4
277919,5,2,6,3
277920,5,2,6,3
278081,6,0,7,1
278082,6,0,7,1
278085,6,0,7,1
278115,0,1,1,2
278138,1,0,2,1
278140,1,0,2,1
278164,0,1,1,2
278217,1,4,2,5
278264,0,1,1,2
278338,5,2,6,3
278342,5,2,6,3
278440,2,5,3,6
278449,2,5,3,6
278506,5,2,6,3
278510,5,2,6,3
278662,1,0,2,1
278664,1,0,2,1
278666,1,0,2,1
278676,0,6,1,7
278750,0,1,1,2
278781,0,1,1,2
278797,1,4,2,5
278831,0,1,1,2
278876,2,3,3,4
278921,5,2,6,3
278923,5,2,6,3
279011,2,5,3,6
279014,2,5,3,6
279075,5,2,6,3
279077,5,2,6,3
279080,5,2,6,3
279081,5,3,6,4
279227,1,0,2,1
279233,1,6,2,7
279291,1,0,2,1
279292,1,0,2,1
279317,0,1,1,2
279348,0,1,1,2
279371,1,0,2,1
279481,5,2,6,3
279489,5,2,6,3
279587,2,5,3,6
279648,3,5,4,6
279652,5,2,6,3
279660,5,2,6,3
279817,1,0,2,1
279851,0,1,1,2
279881,1,0,2,1
279882,1,0,2,1
279901,0,1,1,2
279909,0,1,1,2
279936,0,1,1,2
279937,0,1,1,2
280180,2,5,3,6
280194,2,5,3,6
280239,5,2,6,3
280247,5,2,6,3
280405,1,0,2,1
280440,0,1,1,2
280461,1,0,2,1
280469,1,0,2,1
280490,0,1,1,2
280491,0,1,1,2
280493,0,1,1,2
280521,0,1,1,2
280523,0,1,1,2
280524,0,1,1,2
280551,1,0,2,1
280586,0,1,1,2
280752,2,5,3,6
280753,2,5,3,6
280816,5,2,6,3
280827,5,2,6,3
280885,0,6,1,7
280890,0,6,1,7
280994,0,1,1,2
281008,0,1,1,2
281030,1,0,2,1
281035,1,0,2,1
281040,1,0,2,1
281065,0,1,1,2
281111,1,4,2,5
281163,0,1,1,2
281229,2,5,3,6
281230,2,5,3,6
281339,2,5,3,6
281394,5,2,6,3
281408,5,2,6,3
281409,5,2,6,3
281588,0,1,1,2
281604,1,0,2,1
281610,1,0,2,1
281641,0,1,1,2
281664,0,1,1,2
281665,0,1,1,2
281666,0,1,1,2
281740,0,1,1,2
281967,5,2,6,3
281969,5,2,6,3
281979,3,5,4,6
281986,5,2,6,3
281996,5,2,6,3
282027,5,2,6,3
282029,5,2,6,3
282131,6,1,7,2
282140,0,6,1,7
282144,0,1,1,2
282159,0,1,1,2
282173,0,1,1,2
282180,1,0,2,1
282216,0,1,1,2
282239,0,1,1,2
282257,1,4,2,5
282396,5,2,6,3
282397,5,2,6,3
282481,2,5,3,6
282539,5,2,6,3
282549,5,2,6,3
282552,5,2,6,3
282553,5,2,6,3
282580,5,2,6,3
282614,0,6,1,7
282618,0,6,1,7
282689,1,0,2,1
282705,1,0,2,1
282722,0,1,1,2
282729,0,1,1,2
282733,0,1,1,2
282745,1,4,2,5
283036,2,1,3,2
283107,5,2,6,3
283109,5,2,6,3
283112,5,2,6,3
283115,5,2,6,3
283296,0,1,1,2
283304,0,1,1,2
283378,1,4,2,5
283604,2,1,3,2
283639,5,2,6,3
283672,5,2,6,3
283716,5,2,6,3
283721,5,2,6,3
283848,1,0,2,1
283862,0,1,1,2
283866,1,0,2,1
283872,1,4,2,5
283943,4,1,5,2
283944,1,0,2,1
283974,1,0,2,1
284007,2,1,3,2
284096,2,5,3,6
284170,2,1,3,2
284237,5,2,6,3
284239,5,2,6,3
284243,5,2,6,3
284289,5,2,6,3
284290,5,2,6,3
284390,6,1,7,2
284400,1,0,2,1
284437,1,4,2,5
284439,1,4,2,5
284440,1,4,2,5
284497,1,0,2,1
284510,0,4,1,5
284511,0,1,1,2
284513,0,1,1,2
284514,1,0,2,1
284544,1,0,2,1
284549,0,1,1,2
284550,0,1,1,2
284553,0,1,1,2
284557,0,1,1,2
284579,2,1,3,2
284580,2,1,3,2
284581,2,1,3,2
284731,2,5,3,6
284732,2,5,3,6
284778,5,2,6,3
284779,5,2,6,3
284780,5,2,6,3
284781,5,2,6,3
284816,5,2,6,3
284818,5,2,6,3
284826,5,2,6,3
284960,0,1,1,2
284991,1,0,2,1
285007,1,0,2,1
285019,0,1,1,2
285020,0,1,1,2
285100,0,4,1,5
285101,0,4,1,5
285107,0,1,1,2
285108,1,0,2,1
285144,0,1,1,2
285171,2,1,3,2
285174,2,1,3,2
285219,2,5,3,6
285297,2,3,3,4
285326,2,1,3,2
285362,5,2,6,3
285470,0,6,1,7
285552,6,1,7,2
285567,1,0,2,1
285569,1,0,2,1
285585,1,0,2,1
285596,0,1,1,2
285664,1,4,2,5
285667,1,4,2,5
285671,0,4,1,5
285679,0,1,1,2
285696,1,0,2,1
285704,1,0,2,1
285718,0,1,1,2
285722,0,1,1,2
285750,2,1,3,2
285797,2,5,3,6
285816,2,5,3,6
285891,2,5,3,6
285906,2,1,3,2
285929,5,2,6,3
285986,5,2,6,3
286033,5,2,6,3
286136,6,1,7,2
286140,6,0,7,1
286165,1,0,2,1
286227,0,1,1,2
286246,1,4,2,5
286252,0,1,1,2
286276,1,0,2,1
286300,0,1,1,2
286333,2,1,3,2
286384,2,5,3,6
286433,2,1,3,2
286435,2,1,3,2
286436,2,1,3,2
286437,2,1,3,2
286438,2,1,3,2
286504,5,2,6,3
286552,5,2,6,3
286553,5,2,6,3
286601,5,2,6,3
286622,0,6,1,7
286720,1,0,2,1
286735,1,0,2,1
286737,1,0,2,1
286749,1,0,2,1
286803,1,0,2,1
286804,1,0,2,1
286819,0,1,1,2
286869,0,1,1,2
286871,0,1,1,2
286873,0,1,1,2
286881,1,0,2,1
287006,2,1,3,2
287007,2,1,3,2
287051,2,1,3,2
287053,2,1,3,2
287079,5,2,6,3
287115,5,2,6,3
287170,5,2,6,3
287171,5,2,6,3
287173,5,2,6,3
287276,6,1,7,2
287277,6,0,7,1
287292,1,0,2,1
287306,1,0,2,1
287307,1,0,2,1
287312,1,0,2,1
287317,1,0,2,1
287353,0,1,1,2
287370,1,0,2,1
287371,1,0,2,1
287440,0,1,1,2
287462,2,5,3,6
287565,2,1,3,2
287568,2,1,3,2
287570,2,1,3,2
287572,2,1,3,2
287577,3,2,4,3
287641,5,2,6,3
287673,3,5,4,6
287682,5,2,6,3
287833,1,6,2,7
287838,6,0,7,1
287863,1,0,2,1
287867,1,0,2,1
287869,1,0,2,1
287909,0,1,1,2
287930,1,0,2,1
288074,2,5,3,6
288169,2,1,3,2
288205,5,2,6,3
288224,5,2,6,3
288316,0,6,1,7
288419,1,0,2,1
288424,1,0,2,1
288428,1,0,2,1
288429,1,0,2,1
288472,0,1,1,2
288476,0,1,1,2
288491,1,0,2,1
288493,1,4,2,5
288496,1,4,2,5
288507,1,0,2,1
288557,0,1,1,2
288561,0,1,1,2
288764,5,2,6,3
288765,5,2,6,3
288768,5,2,6,3
288770,5,2,6,3
288790,5,2,6,3
288802,5,2,6,3
288832,5,2,6,3
288858,5,2,6,3
288885,0,6,1,7
288957,1,6,2,7
288979,1,0,2,1
288987,1,0,2,1
288989,1,0,2,1
288996,0,1,1,2
289048,1,0,2,1
289057,1,0,2,1
289157,2,5,3,6
289158,2,5,3,6
289185,2,1,3,2
289189,2,1,3,2
289255,5,1,6,2
289259,5,2,6,3
289281,5,2,6,3
289300,5,2,6,3
289324,5,2,6,3
289325,5,2,6,3
289377,0,6,1,7
289380,0,6,1,7
289450,1,0,2,1
289451,1,6,2,7
289452,1,6,2,7
289469,0,1,1,2
289475,1,0,2,1
289480,1,0,2,1
289488,0,4,1,5
289490,0,4,1,5
289527,0,1,1,2
289549,1,0,2,1
289561,1,0,2,1
289650,2,5,3,6
289679,2,1,3,2
289681,2,1,3,2
289746,5,1,6,2
289815,5,2,6,3
289834,2,5,3,6
289836,2,5,3,6
289866,6,0,7,1
289870,0,6,1,7
289989,1,0,2,1
289992,1,0,2,1
290018,0,1,1,2
290020,0,1,1,2
290036,1,0,2,1
290039,4,0,5,1
290043,1,0,2,1
290168,3,2,4,3
290291,5,2,6,3
290298,5,2,6,3
290357,0,6,1,7
290434,1,0,2,1
290467,0,1,1,2
290475,1,0,2,1
290479,1,0,2,1
290480,1,0,2,1
290510,0,1,1,2
290523,1,0,2,1
290527,4,0,5,1
290528,4,0,5,1
290530,1,0,2,1
290651,5,2,6,3
290756,5,2,6,3
290770,5,2,6,3
290782,5,2,6,3
290795,2,5,3,6
290913,1,6,2,7
290914,1,0,2,1
290915,1,0,2,1
290927,1,0,2,1
290941,0,1,1,2
290958,1,0,2,1
290960,1,0,2,1
290987,0,1,1,2
290989,0,1,1,2
290991,0,1,1,2
290993,0,1,1,2
291006,1,0,2,1
291012,1,0,2,1
291108,2,5,3,6
291185,3,2,4,3
291186,5,2,6,3
291245,5,2,6,3
291273,2,5,3,6
291275,2,5,3,6
291393,1,0,2,1
291419,0,1,1,2
291420,0,1,1,2
291424,1,0,2,1
291438,1,0,2,1
291465,0,1,1,2
291474,0,1,1,2
291475,0,1,1,2
291476,0,1,1,2
291479,1,0,2,1
291480,1,0,2,1
291711,5,2,6,3
291714,5,2,6,3
291735,5,2,6,3
291738,5,2,6,3
291739,5,2,6,3
291752,2,5,3,6
291753,2,5,3,6
291802,0,6,1,7
291877,1,0,2,1
291889,1,0,2,1
291910,1,0,2,1
291922,1,0,2,1
291958,1,0,2,1
291964,0,1,1,2
291972,1,4,2,5
291981,1,0,2,1
292159,5,2,6,3
292195,5,2,6,3
292217,5,2,6,3
292220,5,2,6,3
292232,5,2,6,3
292385,0,1,1,2
292399,1,0,2,1
292448,1,0,2,1
292455,4,0,5,1
292463,1,0,2,1
292561,5,2,6,3
292563,5,2,6,3
292667,5,2,6,3
292675,5,2,6,3
292677,5,2,6,3
292764,0,6,1,7
292857,1,0,2,1
292865,0,1,1,2
292923,1,0,2,1
292927,1,0,2,1
292939,1,0,2,1
292941,1,0,2,1
293155,5,2,6,3
293156,5,2,6,3
293158,5,2,6,3
293195,2,5,3,6
293334,1,0,2,1
293335,1,0,2,1
293336,1,0,2,1
293346,1,0,2,1
293348,1,0,2,1
293375,1,0,2,1
293392,1,0,2,1
293395,1,0,2,1
293401,4,1,5,2
293410,1,0,2,1
293412,1,0,2,1
293605,5,2,6,3
293610,5,2,6,3
293716,6,0,7,1
293787,1,0,2,1
293809,1,0,2,1
293814,0,1,1,2
293815,0,1,1,2
293852,1,0,2,1
293855,1,0,2,1
293857,1,0,2,1
293872,1,0,2,1
293917,1,0,2,1
293965,2,3,3,4
293994,2,5,3,6
294121,5,1,6,2
294122,5,1,6,2
294123,5,1,6,2
294124,5,1,6,2
294127,2,5,3,6
294176,6,0,7,1
294264,1,0,2,1
294265,1,0,2,1
294279,0,1,1,2
294295,1,0,2,1
294323,1,0,2,1
294327,4,1,5,2
294328,4,1,5,2
294340,1,0,2,1
294342,1,0,2,1
294522,2,5,3,6
294588,3,2,4,3
294593,5,1,6,2
294611,2,5,3,6
294724,1,0,2,1
294725,1,0,2,1
294727,1,0,2,1
294739,0,1,1,2
294760,1,0,2,1
294798,0,1,1,2
294809,1,0,2,1
294811,1,0,2,1
294812,1,0,2,1
294814,1,0,2,1
294817,1,0,2,1
294825,1,0,2,1
294838,0,1,1,2
294858,1,0,2,1
294859,1,0,2,1
294923,2,5,3,6
295056,5,2,6,3
295067,2,5,3,6
295073,2,5,3,6
295077,2,5,3,6
295194,1,0,2,1
295197,1,0,2,1
295207,0,1,1,2
295269,0,1,1,2
295282,1,0,2,1
295291,1,0,2,1
295295,1,0,2,1
295302,1,0,2,1
295303,1,0,2,1
295311,0,1,1,2
295326,1,0,2,1
295460,5,2,6,3
295462,5,2,6,3
295532,5,1,6,2
295550,2,5,3,6
295666,1,0,2,1
295668,1,0,2,1
295674,0,1,1,2
295748,1,0,2,1
295768,1,0,2,1
295795,1,0,2,1
295871,2,5,3,6
295920,5,2,6,3
295926,5,2,6,3
295946,3,2,4,3
295948,5,2,6,3
295963,5,2,6,3
296016,2,5,3,6
296029,2,5,3,6
296030,2,5,3,6
296037,5,2,6,3
296132,1,0,2,1
296133,1,0,2,1
296134,1,0,2,1
296135,1,0,2,1
296138,1,0,2,1
296156,1,0,2,1
296199,0,1,1,2
296231,1,0,2,1
296232,1,0,2,1
296234,1,0,2,1
296257,1,0,2,1
296258,1,0,2,1
296332,2,5,3,6
296379,5,2,6,3
296410,5,2,6,3
296412,5,1,6,2
296425,5,2,6,3
296428,5,2,6,3
296432,3,5,4,6
296461,5,2,6,3
296462,5,2,6,3
296489,2,5,3,6
296597,1,0,2,1
296601,1,0,2,1
296707,1,0,2,1
296709,0,1,1,2
296725,1,0,2,1
296770,2,5,3,6
296856,5,2,6,3
296858,2,5,3,6
296874,5,1,6,2
296875,5,1,6,2
296876,5,1,6,2
296877,5,1,6,2
296890,5,2,6,3
296920,5,2,6,3
296922,5,2,6,3
297049,1,0,2,1
297050,1,0,2,1
297056,1,0,2,1
297057,1,0,2,1
297058,1,0,2,1
297062,1,0,2,1
297114,0,1,1,2
297132,1,0,2,1
297145,1,0,2,1
297174,1,0,2,1
297175,1,0,2,1
297219,2,5,3,6
297285,5,2,6,3
297289,5,2,6,3
297290,5,2,6,3
297315,5,2,6,3
297317,5,1,6,2
297390,2,5,3,6
297500,1,0,2,1
297503,1,0,2,1
297504,1,0,2,1
297505,1,0,2,1
297506,1,0,2,1
297508,1,0,2,1
297512,1,0,2,1
297513,1,0,2,1
297514,1,0,2,1
297518,1,0,2,1
297523,1,0,2,1
297565,0,1,1,2
297566,0,1,1,2
297567,0,1,1,2
297583,1,0,2,1
297599,1,0,2,1
297600,1,0,2,1
297605,1,0,2,1
297613,0,1,1,2
297743,5,2,6,3
297755,5,2,6,3
297784,5,2,6,3
297787,3,2,4,3
297789,5,1,6,2
297929,1,0,2,1
297974,0,1,1,2
297975,0,1,1,2
297976,0,1,1,2
297996,1,0,2,1
298018,1,0,2,1
298019,1,0,2,1
298027,0,1,1,2
298156,5,2,6,3
298158,5,2,6,3
298159,5,2,6,3
298176,5,2,6,3
298178,5,2,6,3
298218,2,5,3,6
298378,0,1,1,2
298380,0,1,1,2
298382,0,1,1,2
298383,0,1,1,2
298423,1,0,2,1
298424,1,0,2,1
298425,1,0,2,1
298523,2,1,3,2
298558,5,1,6,2
298569,5,2,6,3
298699,1,0,2,1
298785,0,1,1,2
298813,1,0,2,1
298814,1,0,2,1
298815,1,0,2,1
298817,1,0,2,1
298890,3,5,4,6
298947,5,1,6,2
298952,5,1,6,2
298953,5,1,6,2
298958,5,2,6,3
298959,5,2,6,3
298976,5,2,6,3
299011,2,5,3,6
299017,5,1,6,2
299170,0,1,1,2
299173,0,1,1,2
299203,1,0,2,1
299331,5,2,6,3
299338,5,2,6,3
299339,5,2,6,3
299342,5,2,6,3
299343,5,2,6,3
299511,0,1,1,2
299543,1,0,2,1
299544,1,0,2,1
299582,1,0,2,1
299639,1,0,2,1
299680,5,1,6,2
299719,5,2,6,3
299721,5,2,6,3
299723,5,2,6,3
299777,3,5,4,6
299856,1,0,2,1
299857,1,0,2,1
299939,1,0,2,1
299964,1,0,2,1
299967,1,0,2,1
299991,0,1,1,2
300062,5,1,6,2
300071,2,5,3,6
300095,5,2,6,3
300096,5,2,6,3
300097,5,2,6,3
300148,5,1,6,2
300158,3,5,4,6
300233,1,0,2,1
300234,1,0,2,1
300267,0,1,1,2
300301,1,0,2,1
300336,1,0,2,1
300341,1,0,2,1
300342,1,0,2,1
300445,5,3,6,4
300470,2,5,3,6
300492,5,1,6,2
300499,5,2,6,3
300506,3,5,4,6
300543,5,1,6,2
300626,1,0,2,1
300688,0,1,1,2
300692,1,0,2,1
300695,1,4,2,5
300738,1,0,2,1
300739,1,0,2,1
300743,1,0,2,1
300770,0,1,1,2
300854,5,2,6,3
300904,5,2,6,3
301054,1,0,2,1
301085,0,1,1,2
301132,1,0,2,1
301156,1,0,2,1
301160,1,0,2,1
301161,1,0,2,1
301164,1,0,2,1
301165,1,0,2,1
301327,2,5,3,6
301349,5,2,6,3
301492,1,0,2,1
301538,0,1,1,2
301583,1,0,2,1
301587,1,0,2,1
301591,1,0,2,1
301592,1,0,2,1
301739,5,2,6,3
301750,5,2,6,3
301773,2,5,3,6
301938,1,0,2,1
301944,1,0,2,1
301991,0,1,1,2
301995,0,1,1,2
302010,1,4,2,5
302013,1,0,2,1
302050,1,0,2,1
302118,1,0,2,1
302479,0,1,1,2
302480,0,1,1,2
302483,0,1,1,2
302496,0,1,1,2
302538,1,0,2,1
302542,1,0,2,1
302544,1,0,2,1
302546,1,0,2,1
302552,1,0,2,1
302556,1,0,2,1
302573,0,1,1,2
302613,1,0,2,1
302708,5,2,6,3
302750,5,1,6,2
302938,0,1,1,2
302960,0,1,1,2
302965,0,1,1,2
302966,0,1,1,2
302967,0,1,1,2
302970,0,1,1,2
302971,0,1,1,2
303002,1,0,2,1
303027,1,0,2,1
303032,1,0,2,1
303199,5,2,6,3
303236,5,1,6,2
303248,2,5,3,6
303438,0,1,1,2
303458,0,1,1,2
303460,0,1,1,2
303464,0,1,1,2
303470,0,1,1,2
303486,1,0,2,1
303521,1,0,2,1
303522,1,0,2,1
303523,1,0,2,1
303532,1,0,2,1
303557,0,1,1,2
303571,1,0,2,1
303574,0,1,1,2
303710,5,2,6,3
303718,5,2,6,3
303741,5,1,6,2
303746,5,1,6,2
303747,5,1,6,2
303923,0,1,1,2
303942,0,1,1,2
303949,0,1,1,2
303951,0,1,1,2
303961,0,1,1,2
303977,0,1,1,2
303989,1,0,2,1
303991,1,0,2,1
304004,1,0,2,1
304011,1,0,2,1
304013,1,0,2,1
304016,1,0,2,1
304019,1,0,2,1
304021,1,0,2,1
304079,1,0,2,1
304225,5,2,6,3
304244,5,1,6,2
304407,1,0,2,1
304411,1,0,2,1
304412,1,0,2,1
304439,0,1,1,2
304441,0,1,1,2
304472,0,1,1,2
304475,0,1,1,2
304476,0,1,1,2
304480,0,1,1,2
304501,1,0,2,1
304507,1,0,2,1
304508,1,0,2,1
304509,1,0,2,1
304510,1,0,2,1
304537,0,1,1,2
304696,5,2,6,3
304698,5,2,6,3
304717,5,2,6,3
304737,5,1,6,2
304738,5,1,6,2
304740,5,1,6,2
304741,5,1,6,2
304898,1,0,2,1
304925,0,1,1,2
304928,0,1,1,2
304952,1,0,2,1
304993,1,0,2,1
305148,4,1,5,2
305149,4,1,5,2
305186,5,2,6,3
305204,5,2,6,3
305224,5,1,6,2
305225,5,1,6,2
305226,5,1,6,2
305230,2,1,3,2
305231,2,1,3,2
305384,1,0,2,1
305385,1,0,2,1
305386,1,0,2,1
305389,1,0,2,1
305390,1,0,2,1
305421,0,1,1,2
305440,1,0,2,1
305441,1,0,2,1
305442,1,0,2,1
305444,1,0,2,1
305447,0,1,1,2
305466,1,0,2,1
305476,1,0,2,1
305485,1,0,2,1
305487,1,0,2,1
305547,1,0,2,1
305656,1,0,2,1
305657,1,0,2,1
305658,1,0,2,1
305660,1,0,2,1
305672,0,4,1,5
305693,5,2,6,3
305707,1,5,2,6
305870,1,0,2,1
305874,1,0,2,1
305904,0,1,1,2
305916,0,1,1,2
305924,1,0,2,1
305926,1,0,2,1
305928,1,0,2,1
305933,0,1,1,2
305952,1,0,2,1
305954,1,0,2,1
306039,1,0,2,1
306057,1,0,2,1
306153,0,1,1,2
306192,5,1,6,2
306194,1,5,2,6
306209,2,1,3,2
306210,2,1,3,2
306388,0,1,1,2
306414,0,1,1,2
306435,1,0,2,1
306448,1,0,2,1
306503,0,1,1,2
306523,1,0,2,1
306608,1,4,2,5
306624,0,1,1,2
306637,0,1,1,2
306642,0,1,1,2
306644,0,1,1,2
306646,0,1,1,2
306647,0,1,1,2
306673,5,2,6,3
306674,5,2,6,3
306675,5,2,6,3
306684,1,5,2,6
306713,3,2,4,3
306851,0,1,1,2
306877,0,1,1,2
306878,0,1,1,2
306903,0,1,1,2
306926,1,0,2,1
306934,1,0,2,1
306936,1,0,2,1
306949,1,0,2,1
306991,0,1,1,2
306993,0,1,1,2
306998,0,1,1,2
307015,1,0,2,1
307133,0,1,1,2
307166,5,2,6,3
307168,5,2,6,3
307192,2,1,3,2
307231,0,6,1,7
307408,1,0,2,1
307437,1,0,2,1
307439,1,0,2,1
307441,1,0,2,1
307490,0,1,1,2
307497,0,1,1,2
307621,0,1,1,2
307650,5,2,6,3
307671,5,2,6,3
307677,5,1,6,2
307702,2,1,3,2
307867,0,1,1,2
307887,1,0,2,1
307898,1,0,2,1
307937,0,1,1,2
307939,0,1,1,2
307981,0,1,1,2
307982,0,1,1,2
307983,0,1,1,2
308072,1,4,2,5
308087,0,1,1,2
308142,5,2,6,3
308143,5,2,6,3
308146,5,2,6,3
308198,2,1,3,2
308216,0,6,1,7
308365,0,1,1,2
308370,1,0,2,1
308380,1,0,2,1
308384,1,0,2,1
308401,1,0,2,1
308422,0,1,1,2
308424,0,1,1,2
308429,0,1,1,2
308467,0,1,1,2
308469,0,1,1,2
308562,1,4,2,5
308567,1,4,2,5
308630,4,1,5,2
308761,0,6,1,7
308821,0,1,1,2
308854,0,1,1,2
308875,1,0,2,1
308879,1,0,2,1
308916,0,1,1,2
308918,0,1,1,2
308922,0,1,1,2
308964,0,1,1,2
308966,0,1,1,2
308968,0,1,1,2
308989,1,0,2,1
309024,1,0,2,1
309074,1,0,2,1
309090,0,1,1,2
309192,2,1,3,2
309195,2,1,3,2
309355,0,1,1,2
309384,1,0,2,1
309385,1,0,2,1
309403,1,0,2,1
309428,0,1,1,2
309430,0,1,1,2
309470,0,1,1,2
309648,4,1,5,2
309664,5,2,6,3
309685,1,2,2,3
309686,1,2,2,3
309878,0,1,1,2
309909,1,0,2,1
309950,0,1,1,2
309957,0,1,1,2
309990,0,1,1,2
310089,1,4,2,5
310101,1,4,2,5
310119,0,1,1,2
310232,1,5,2,6
310252,2,1,3,2
310384,0,1,1,2
310386,0,1,1,2
310418,0,1,1,2
310432,1,0,2,1
310469,1,0,2,1
310491,0,1,1,2
310494,0,1,1,2
310661,0,1,1,2
310721,1,4,2,5
310752,5,1,6,2
310772,5,1,6,2
310805,2,1,3,2
310973,0,1,1,2
310974,0,1,1,2
310979,1,0,2,1
310981,1,0,2,1
310997,1,0,2,1
311044,0,1,1,2
311087,0,1,1,2
311207,0,1,1,2
311211,0,1,1,2
311274,1,4,2,5
311290,4,1,5,2
311292,4,1,5,2
311307,2,5,3,6
311521,1,0,2,1
311526,1,0,2,1
311531,0,1,1,2
311536,1,0,2,1
311592,1,0,2,1
311597,1,0,2,1
311598,1,0,2,1
311600,1,0,2,1
311601,1,0,2,1
311649,0,1,1,2
311650,0,1,1,2
311767,0,1,1,2
311771,0,1,1,2
311840,1,4,2,5
311853,1,4,2,5
311881,5,2,6,3
312094,1,0,2,1
312126,0,1,1,2
312134,0,1,1,2
312150,0,1,1,2
312158,1,0,2,1
312164,1,0,2,1
312169,1,0,2,1
312170,1,0,2,1
312262,1,0,2,1
312318,4,1,5,2
312435,1,4,2,5
312662,1,0,2,1
312673,0,1,1,2
312674,1,0,2,1
312703,1,0,2,1
312711,0,1,1,2
312735,1,0,2,1
312777,1,0,2,1
312778,0,1,1,2
312836,1,0,2,1
313004,4,1,5,2
313006,4,1,5,2
313007,4,1,5,2
313030,5,1,6,2
313051,1,2,2,3
313055,1,5,2,6
313056,1,5,2,6
313057,1,5,2,6
313100,2,5,3,6
313261,0,1,1,2
313262,0,1,1,2
313265,0,1,1,2
313266,0,1,1,2
313324,1,0,2,1
313475,4,1,5,2
313479,1,4,2,5
313480,1,4,2,5
313481,1,4,2,5
313484,1,4,2,5
313619,5,1,6,2
313632,1,2,2,3
313636,1,5,2,6
313846,0,1,1,2
313897,1,0,2,1
314209,5,1,6,2
314210,5,1,6,2
314217,5,1,6,2
314221,5,1,6,2
314421,1,0,2,1
314422,1,0,2,1
314433,0,1,1,2
314458,1,0,2,1
314460,1,0,2,1
314497,1,0,2,1
314499,1,0,2,1
314602,1,0,2,1
314656,4,0,5,1
314755,4,1,5,2
315031,1,0,2,1
315033,1,0,2,1
315061,1,0,2,1
315069,1,0,2,1
315074,0,1,1,2
315092,1,0,2,1
315141,0,1,1,2
315165,6,0,7,1
315190,1,0,2,1
315215,1,0,2,1
315250,0,1,1,2
315260,0,1,1,2
315264,0,1,1,2
315376,4,1,5,2
315633,0,1,1,2
315653,0,1,1,2
315659,1,0,2,1
315663,1,0,2,1
315673,1,0,2,1
315674,1,0,2,1
315675,1,0,2,1
315692,0,1,1,2
315696,1,0,2,1
315699,1,0,2,1
315706,1,0,2,1
315810,1,0,2,1
315888,1,0,2,1
316089,2,1,3,2
316090,5,1,6,2
316298,0,1,1,2
316299,0,1,1,2
316358,1,0,2,1
316376,1,0,2,1
316385,1,0,2,1
316423,0,1,1,2
316445,6,0,7,1
316447,6,0,7,1
316570,0,4,1,5
316738,5,1,6,2
316939,0,1,1,2
316940,0,1,1,2
316944,1,0,2,1
316945,1,0,2,1
316953,1,0,2,1
316966,1,0,2,1
317091,6,0,7,1
317093,1,0,2,1
317165,0,1,1,2
317217,4,0,5,1
317246,0,1,1,2
317575,1,0,2,1
317591,1,0,2,1
317611,1,0,2,1
317628,0,1,1,2
317707,0,1,1,2
317751,0,1,1,2
317813,1,0,2,1
318038,2,1,3,2
318247,1,0,2,1
318252,1,0,2,1
318254,1,0,2,1
318361,0,1,1,2
318389,1,0,2,1
318523,4,0,5,1
318538,0,1,1,2
318587,1,4,2,5
318873,1,0,2,1
318884,1,0,2,1
318885,1,0,2,1
318896,1,0,2,1
318897,1,0,2,1
318924,0,1,1,2
319003,0,1,1,2
319037,6,1,7,2
319184,0,1,1,2
319379,1,2,2,3
319518,1,0,2,1
319530,1,0,2,1
319533,1,0,2,1
319544,1,0,2,1
319546,1,0,2,1
319549,1,0,2,1
319609,0,1,1,2
319823,0,1,1,2
319824,0,1,1,2
319826,0,1,1,2
319828,0,1,1,2
319829,0,1,1,2
320040,1,2,2,3
320047,0,6,1,7
320196,1,0,2,1
320204,1,0,2,1
320205,1,0,2,1
320207,1,0,2,1
320310,0,1,1,2
320311,0,1,1,2
320407,1,0,2,1
320479,0,1,1,2
320480,0,1,1,2
320489,0,1,1,2
320659,1,2,2,3
320705,1,2,2,3
320710,2,1,3,2
320838,0,1,1,2
320845,1,6,2,7
320857,1,0,2,1
320869,1,0,2,1
320870,1,0,2,1
320935,1,0,2,1
320982,0,1,1,2
321123,0,1,1,2
321516,1,6,2,7
321529,1,0,2,1
321535,1,0,2,1
321542,1,0,2,1
321544,1,0,2,1
321604,1,0,2,1
321607,1,0,2,1
321794,0,1,1,2
321795,0,1,1,2
321797,0,1,1,2
322197,0,1,1,2
322211,0,6,1,7
322219,1,0,2,1
322222,1,0,2,1
322223,1,0,2,1
322225,1,0,2,1
322232,1,0,2,1
322291,1,0,2,1
322333,1,0,2,1
322353,0,1,1,2
322484,0,1,1,2
322486,0,1,1,2
322493,0,1,1,2
322521,0,1,1,2
322582,4,1,5,2
322607,0,1,1,2
322886,0,1,1,2
322898,0,6,1,7
322911,1,0,2,1
322916,1,0,2,1
322922,1,0,2,1
322963,1,0,2,1
322990,0,1,1,2
323112,1,0,2,1
323177,0,1,1,2
323182,0,1,1,2
323251,1,4,2,5
323612,1,0,2,1
323677,0,1,1,2
323682,0,1,1,2
323822,0,1,1,2
323867,0,1,1,2
323876,0,1,1,2
323961,4,1,5,2
323972,4,1,5,2
324095,2,1,3,2
324134,2,1,3,2
324136,2,1,3,2
324137,2,1,3,2
324141,2,1,3,2
324168,0,1,1,2
324275,0,1,1,2
324351,1,0,2,1
324353,1,0,2,1
324367,1,0,2,1
324382,0,1,1,2
324493,1,0,2,1
324512,0,1,1,2
324517,0,1,1,2
324521,0,1,1,2
324578,0,1,1,2
324580,0,1,1,2
324624,1,0,2,1
324637,1,4,2,5
324638,1,4,2,5
324661,4,1,5,2
324666,4,1,5,2
324678,1,0,2,1
324790,2,1,3,2
324830,2,1,3,2
324833,2,1,3,2
324834,2,1,3,2
324977,0,1,1,2
325062,1,0,2,1
325207,0,1,1,2
325273,0,1,1,2
325274,0,1,1,2
325281,0,1,1,2
325348,4,1,5,2
325363,4,1,5,2
325467,1,2,2,3
325527,2,1,3,2
325560,0,1,1,2
325561,0,1,1,2
325674,0,1,1,2
325760,1,0,2,1
325845,0,6,1,7
325914,0,1,1,2
325968,0,1,1,2
325970,0,1,1,2
325971,0,1,1,2
326027,1,4,2,5
326029,1,4,2,5
326056,4,1,5,2
326060,4,1,5,2
326069,1,0,2,1
326083,1,0,2,1
326084,1,0,2,1
326160,1,5,2,6
326222,2,1,3,2
326223,2,1,3,2
326228,2,1,3,2
326475,1,0,2,1
326477,1,0,2,1
326485,1,0,2,1
326494,1,0,2,1
326500,0,1,1,2
326538,0,6,1,7
326586,0,1,1,2
326599,0,1,1,2
326606,0,1,1,2
326657,0,1,1,2
326659,0,1,1,2
326686,0,1,1,2
326691,1,0,2,1
326720,1,4,2,5
326739,4,1,5,2
326740,4,1,5,2
326766,1,0,2,1
326859,1,5,2,6
327093,1,0,2,1
327095,1,0,2,1
327154,1,0,2,1
327155,1,0,2,1
327172,0,1,1,2
327226,0,6,1,7
327299,0,1,1,2
327302,0,1,1,2
327349,0,1,1,2
327350,0,1,1,2
327380,0,1,1,2
327399,4,1,5,2
327400,4,1,5,2
327412,1,4,2,5
327415,1,4,2,5
327432,4,1,5,2
327448,4,1,5,2
327449,4,1,5,2
327556,2,5,3,6
327611,2,1,3,2
327782,1,0,2,1
327785,1,0,2,1
327786,1,0,2,1
327841,1,0,2,1
327881,0,1,1,2
327942,1,0,2,1
327961,0,1,1,2
327986,0,1,1,2
327987,0,1,1,2
327988,0,1,1,2
327989,0,1,1,2
328088,4,1,5,2
328103,1,4,2,5
328108,1,4,2,5
328163,0,1,1,2
328246,2,5,3,6
328305,2,1,3,2
328479,1,0,2,1
328531,1,0,2,1
328532,1,0,2,1
328541,1,0,2,1
328544,1,0,2,1
328561,0,1,1,2
328564,0,1,1,2
328566,1,0,2,1
328613,0,6,1,7
328650,0,1,1,2
328684,0,1,1,2
328685,0,1,1,2
328738,0,1,1,2
328768,1,0,2,1
328782,4,1,5,2
328783,4,1,5,2
328802,1,4,2,5
328864,1,0,2,1
328947,2,5,3,6
328949,2,5,3,6
329234,1,0,2,1
329265,0,1,1,2
329266,0,1,1,2
329319,0,6,1,7
329358,0,1,1,2
329510,1,4,2,5
329512,1,4,2,5
329546,1,0,2,1
329548,1,0,2,1
329609,2,1,3,2
329611,2,1,3,2
329627,1,2,2,3
329651,2,5,3,6
329675,2,1,3,2
329764,0,6,1,7
329870,1,0,2,1
329949,1,0,2,1
329960,1,0,2,1
330096,0,1,1,2
330104,0,1,1,2
330105,0,1,1,2
330106,0,1,1,2
330107,0,1,1,2
330181,0,1,1,2
330187,1,0,2,1
330217,1,4,2,5
330219,1,4,2,5
330276,1,0,2,1
330279,0,1,1,2
330325,2,1,3,2
330326,2,1,3,2
330327,2,1,3,2
330328,2,1,3,2
330362,2,5,3,6
330380,2,1,3,2
330469,0,6,1,7
330471,6,0,7,1
330688,0,1,1,2
330689,0,1,1,2
330690,0,1,1,2
330736,6,0,7,1
330738,6,0,7,1
330739,0,6,1,7
330811,0,1,1,2
330812,0,1,1,2
330894,1,0,2,1
330984,0,1,1,2
330986,0,1,1,2
331036,2,1,3,2
331037,2,1,3,2
331090,2,1,3,2
331280,1,0,2,1
331374,1,0,2,1
331520,0,1,1,2
331603,0,1,1,2
331610,1,0,2,1
331642,1,0,2,1
331699,0,1,1,2
331703,0,1,1,2
331704,0,1,1,2
331752,2,1,3,2
331807,2,1,3,2
331889,0,6,1,7
331890,0,6,1,7
331896,0,6,1,7
331990,0,1,1,2
332120,0,1,1,2
332123,0,1,1,2
332204,0,1,1,2
332243,0,1,1,2
332361,0,4,1,5
332448,5,1,6,2
332451,5,2,6,3
332497,2,1,3,2
332556,2,5,3,6
332564,0,6,1,7
332615,0,6,1,7
332616,0,6,1,7
332808,0,1,1,2
332810,0,1,1,2
332836,0,1,1,2
332837,0,1,1,2
332850,0,1,1,2
332858,1,0,2,1
332894,0,6,1,7
332918,0,1,1,2
333008,1,0,2,1
333030,0,1,1,2
333164,5,1,6,2
333169,5,2,6,3
333271,0,6,1,7
333272,0,6,1,7
333418,1,0,2,1
333421,1,0,2,1
333542,0,1,1,2
333556,0,1,1,2
333603,0,6,1,7
333721,1,0,2,1
333731,0,1,1,2
333735,0,1,1,2
333773,4,1,5,2
333787,0,4,1,5
333797,1,4,2,5
333857,2,1,3,2
333859,2,1,3,2
333906,1,2,2,3
333972,0,6,1,7
333980,0,6,1,7
333981,0,6,1,7
333982,0,6,1,7
333983,0,6,1,7
334018,0,6,1,7
334124,1,0,2,1
334254,0,1,1,2
334257,0,1,1,2
334270,0,1,1,2
334281,1,0,2,1
334316,0,6,1,7
334442,0,1,1,2
334448,0,1,1,2
334451,0,1,1,2
334513,1,4,2,5
334539,1,4,2,5
334579,2,1,3,2
334611,1,5,2,6
334625,1,2,2,3
334657,1,2,2,3
334658,1,2,2,3
334692,0,6,1,7
334695,0,6,1,7
334697,0,6,1,7
334699,0,6,1,7
334702,0,6,1,7
334736,0,6,1,7
334737,0,6,1,7
334842,0,1,1,2
334978,0,1,1,2
335004,1,0,2,1
335021,0,1,1,2
335182,4,1,5,2
335195,0,4,1,5
335211,0,1,1,2
335338,1,2,2,3
335408,0,6,1,7
335409,0,6,1,7
335446,0,6,1,7
335466,0,6,1,7
335555,0,1,1,2
335556,0,1,1,2
335669,0,1,1,2
335689,0,1,1,2
335693,0,1,1,2
335716,0,1,1,2
335719,1,0,2,1
335721,1,0,2,1
335868,0,1,1,2
335870,0,1,1,2
335899,4,1,5,2
335920,1,4,2,5
335935,4,1,5,2
335980,2,1,3,2
336006,2,1,3,2
336007,2,1,3,2
336077,1,2,2,3
336081,1,2,2,3
336116,0,6,1,7
336123,0,6,1,7
336152,0,6,1,7
336266,0,1,1,2
336271,1,0,2,1
336375,0,1,1,2
336377,0,1,1,2
336396,0,1,1,2
336400,0,1,1,2
336401,0,1,1,2
336414,0,1,1,2
336416,0,1,1,2
336417,0,1,1,2
336426,1,0,2,1
336567,0,1,1,2
336568,0,1,1,2
336569,0,1,1,2
336571,0,1,1,2
336573,0,1,1,2
336575,0,1,1,2
336591,4,1,5,2
336624,1,4,2,5
336626,0,4,1,5
336627,0,4,1,5
336631,0,4,1,5
336712,2,1,3,2
336807,6,0,7,1
336816,0,6,1,7
336821,0,6,1,7
336822,0,6,1,7
336823,0,6,1,7
336824,0,6,1,7
336849,0,6,1,7
336877,0,6,1,7
336970,1,0,2,1
337017,1,2,2,3
337018,1,2,2,3
337079,0,1,1,2
337081,0,1,1,2
337103,0,1,1,2
337122,0,1,1,2
337124,0,1,1,2
337131,1,0,2,1
337267,0,1,1,2
337276,0,1,1,2
337289,4,1,5,2
337298,4,1,5,2
337315,1,0,2,1
337326,1,4,2,5
337331,0,4,1,5
337337,4,1,5,2
337482,1,2,2,3
337504,6,0,7,1
337512,0,6,1,7
337518,0,6,1,7
337519,0,6,1,7
337541,0,6,1,7
337542,0,6,1,7
337546,0,6,1,7
337548,0,6,1,7
337660,0,1,1,2
337775,0,1,1,2
337786,0,1,1,2
337787,0,1,1,2
337793,0,1,1,2
337794,0,1,1,2
337797,0,1,1,2
337798,0,1,1,2
337814,0,1,1,2
337816,0,1,1,2
337997,0,4,1,5
338011,1,0,2,1
338019,1,0,2,1
338031,0,1,1,2
338082,1,2,2,3
338143,1,2,2,3
338193,6,0,7,1
338194,6,0,7,1
338195,6,0,7,1
338201,0,6,1,7
338204,0,6,1,7
338207,0,6,1,7
338212,0,6,1,7
338214,0,6,1,7
338457,0,1,1,2
338478,0,1,1,2
338479,0,1,1,2
338486,0,1,1,2
338492,0,1,1,2
338494,0,1,1,2
338498,0,1,1,2
338572,1,0,2,1
338574,1,0,2,1
338649,0,1,1,2
338707,1,0,2,1
338885,0,6,1,7
339029,0,1,1,2
339079,1,2,2,3
339135,0,1,1,2
339171,0,1,1,2
339220,1,0,2,1
339366,0,1,1,2
339368,0,1,1,2
339384,1,0,2,1
339387,1,0,2,1
339395,0,1,1,2
339444,1,0,2,1
339451,1,4,2,5
339486,2,1,3,2
339526,1,5,2,6
339527,1,5,2,6
339563,0,6,1,7
339591,0,6,1,7
339592,0,6,1,7
339593,0,6,1,7
339809,0,1,1,2
339836,0,1,1,2
339839,0,1,1,2
339843,0,1,1,2
339989,0,1,1,2
339995,0,1,1,2
340040,0,1,1,2
340057,1,0,2,1
340058,1,0,2,1
340128,4,1,5,2
340196,1,5,2,6
340198,1,5,2,6
340232,0,6,1,7
340236,0,6,1,7
340241,6,0,7,1
340474,0,1,1,2
340481,0,1,1,2
340500,0,1,1,2
340508,0,1,1,2
340556,1,0,2,1
340654,0,1,1,2
340661,0,1,1,2
340665,0,1,1,2
340716,1,0,2,1
340717,1,0,2,1
340718,1,0,2,1
340729,0,1,1,2
340776,1,0,2,1
340790,4,1,5,2
340801,4,2,5,3
340803,4,2,5,3
340851,1,2,2,3
340898,6,0,7,1
340900,6,0,7,1
340933,0,6,1,7
341117,1,0,2,1
341125,0,1,1,2
341127,0,1,1,2
341147,0,1,1,2
341155,0,1,1,2
341161,0,1,1,2
341285,1,0,2,1
341300,0,1,1,2
341369,4,1,5,2
341373,0,1,1,2
341374,0,1,1,2
341492,2,1,3,2
341504,1,4,2,5
341566,0,6,1,7
341645,0,1,1,2
341752,1,0,2,1
341754,1,0,2,1
341763,0,1,1,2
341764,0,1,1,2
341784,0,1,1,2
341865,0,1,1,2
341911,1,0,2,1
341917,1,0,2,1
341929,0,1,1,2
341942,0,1,1,2
342004,0,1,1,2
342055,1,0,2,1
342056,1,0,2,1
342083,1,2,2,3
342129,2,1,3,2
342179,6,0,7,1
342195,6,0,7,1
342196,6,0,7,1
342387,0,1,1,2
342388,0,1,1,2
342398,0,1,1,2
342406,0,1,1,2
342492,0,1,1,2
342569,0,1,1,2
342572,0,1,1,2
342611,0,1,1,2
342629,4,1,5,2
342631,1,4,2,5
342635,0,1,1,2
342682,1,0,2,1
342683,1,0,2,1
342711,1,2,2,3
342733,4,2,5,3
342742,2,5,3,6
342821,6,0,7,1
342835,6,0,7,1
342910,0,1,1,2
342911,0,1,1,2
342912,0,1,1,2
343028,0,1,1,2
343046,0,1,1,2
343145,1,0,2,1
343168,1,0,2,1
343175,1,0,2,1
343329,1,0,2,1
343359,4,2,5,3
343383,4,1,5,2
343392,2,5,3,6
343658,1,0,2,1
343673,0,1,1,2
343674,0,1,1,2
343690,0,1,1,2
343691,0,1,1,2
343849,0,1,1,2
344028,4,1,5,2
344038,2,5,3,6
344042,2,5,3,6
344302,0,1,1,2
344314,0,1,1,2
344320,0,1,1,2
344334,0,1,1,2
344337,0,1,1,2
344389,0,1,1,2
344412,1,0,2,1
344441,1,0,2,1
344451,1,0,2,1
344478,0,1,1,2
344546,4,1,5,2
344550,4,0,5,1
344553,1,0,2,1
344559,0,1,1,2
344667,2,5,3,6
344701,2,1,3,2
345009,0,1,1,2
345066,1,0,2,1
345073,1,0,2,1
345078,0,1,1,2
345163,4,1,5,2
345164,4,1,5,2
345167,4,0,5,1
345168,4,0,5,1
345172,1,0,2,1
345188,1,0,2,1
345250,2,1,3,2
345269,4,2,5,3
345311,2,1,3,2
345313,2,1,3,2
345446,1,5,2,6
345459,1,0,2,1
345543,0,1,1,2
345631,0,1,1,2
345671,1,0,2,1
345678,0,1,1,2
345694,0,1,1,2
345853,1,2,2,3
345868,4,2,5,3
346062,1,0,2,1
346117,1,0,2,1
346123,1,0,2,1
346142,0,1,1,2
346259,1,0,2,1
346273,1,0,2,1
346295,0,1,1,2
346350,0,1,1,2
346353,0,1,1,2
346370,4,0,5,1
346468,4,2,5,3
346644,1,5,2,6
346647,1,5,2,6
346740,0,1,1,2
346750,0,1,1,2
346813,0,1,1,2
346819,1,0,2,1
346876,0,1,1,2
346877,0,1,1,2
346890,0,1,1,2
346942,0,1,1,2
346955,0,4,1,5
346957,4,0,5,1
347063,2,4,3,5
347065,2,1,3,2
347089,5,2,6,3
347224,1,5,2,6
347296,0,1,1,2
347298,0,1,1,2
347306,0,1,1,2
347318,0,1,1,2
347328,0,1,1,2
347428,1,0,2,1
347443,1,0,2,1
347452,0,1,1,2
347534,4,0,5,1
347655,2,1,3,2
347789,1,0,2,1
347882,0,1,1,2
347883,0,1,1,2
348016,0,1,1,2
348101,1,4,2,5
348174,2,1,3,2
348175,2,1,3,2
348203,2,1,3,2
348225,2,5,3,6
348229,2,5,3,6
348360,1,5,2,6
348364,1,5,2,6
348462,0,1,1,2
348583,1,0,2,1
348700,0,1,1,2
348748,2,1,3,2
348754,2,1,3,2
348755,2,1,3,2
348775,2,4,3,5
348778,4,1,5,2
348779,4,1,5,2
348792,2,1,3,2
348809,2,5,3,6
349036,0,1,1,2
349070,0,1,1,2
349124,1,0,2,1
349189,0,1,1,2
349336,1,2,2,3
349361,2,4,3,5
349363,2,4,3,5
349383,2,1,3,2
349423,2,5,3,6
349631,0,1,1,2
349644,0,1,1,2
349646,0,1,1,2
349719,6,0,7,1
349874,1,4,2,5
349960,4,2,5,3
349977,2,1,3,2
350007,2,5,3,6
350024,2,5,3,6
350237,0,1,1,2
350250,0,1,1,2
350256,0,1,1,2
350260,0,1,1,2
350264,0,1,1,2
350543,1,2,2,3
350616,2,5,3,6
350632,2,5,3,6
350759,0,1,1,2
350843,1,0,2,1
350867,0,1,1,2
350927,0,1,1,2
350994,1,0,2,1
351063,0,1,1,2
351076,0,1,1,2
351077,0,1,1,2
351081,4,0,5,1
351116,0,1,1,2
351233,5,1,6,2
351234,2,5,3,6
351360,0,1,1,2
351447,0,1,1,2
351461,0,1,1,2
351479,0,1,1,2
351480,1,0,2,1
351524,0,1,1,2
351567,0,1,1,2
351598,1,0,2,1
351619,1,0,2,1
351658,1,4,2,5
351676,0,1,1,2
351730,1,2,2,3
351733,1,2,2,3
351752,1,2,2,3
351969,0,1,1,2
351977,1,5,2,6
352067,0,1,1,2
352081,0,1,1,2
352082,0,1,1,2
352086,0,1,1,2
352134,0,1,1,2
352138,0,1,1,2
352180,0,1,1,2
352258,4,1,5,2
352267,1,4,2,5
352289,0,1,1,2
352330,0,1,1,2
352336,1,2,2,3
352356,1,2,2,3
352366,1,2,2,3
352459,2,5,3,6
352460,2,5,3,6
352468,5,2,6,3
352469,5,2,6,3
352589,1,5,2,6
352681,0,1,1,2
352693,0,1,1,2
352700,0,1,1,2
352742,0,1,1,2
352774,0,6,1,7
352822,1,0,2,1
352823,1,0,2,1
352872,1,4,2,5
352902,1,4,2,5
352908,1,0,2,1
352959,1,2,2,3
352970,1,2,2,3
352974,1,2,2,3
352979,1,2,2,3
352980,1,2,2,3
352981,1,2,2,3
353008,4,2,5,3
353009,4,2,5,3
353073,2,5,3,6
353197,0,1,1,2
353294,0,1,1,2
353295,0,1,1,2
353301,0,1,1,2
353365,0,1,1,2
353436,0,1,1,2
353437,0,1,1,2
353438,0,1,1,2
353494,1,4,2,5
353507,4,1,5,2
353517,0,1,1,2
353655,2,1,3,2
353687,2,5,3,6
353688,2,5,3,6
353694,2,5,3,6
353851,1,4,2,5
353920,0,1,1,2
353934,0,1,1,2
353980,0,1,1,2
354058,1,0,2,1
354126,0,1,1,2
354127,0,1,1,2
354128,0,1,1,2
354134,0,1,1,2
354144,1,4,2,5
354198,0,1,1,2
354201,1,2,2,3
354208,1,2,2,3
354210,1,2,2,3
354211,1,2,2,3
354216,1,2,2,3
354217,1,2,2,3
354240,4,2,5,3
354298,2,5,3,6
354300,2,5,3,6
354440,1,5,2,6
354542,0,1,1,2
354550,0,1,1,2
354665,0,1,1,2
354689,1,0,2,1
354691,1,0,2,1
354725,1,4,2,5
354726,1,4,2,5
354729,1,4,2,5
354731,1,4,2,5
354732,1,4,2,5
354798,0,1,1,2
354820,1,2,2,3
354829,1,2,2,3
354910,2,5,3,6
354912,2,5,3,6
354923,2,5,3,6
355153,0,1,1,2
355156,0,1,1,2
355203,1,0,2,1
355272,0,1,1,2
355464,2,1,3,2
355672,1,4,2,5
355748,0,1,1,2
355754,0,1,1,2
356028,0,1,1,2
356047,0,1,1,2
356084,2,1,3,2
356332,0,1,1,2
356359,0,1,1,2
356364,0,1,1,2
356366,0,1,1,2
356373,0,1,1,2
356471,6,0,7,1
356508,0,1,1,2
356604,1,4,2,5
356605,1,4,2,5
356614,1,4,2,5
356615,1,4,2,5
356705,1,5,2,6
356760,5,2,6,3
356890,1,2,2,3
356948,0,1,1,2
356950,0,1,1,2
356986,0,1,1,2
356989,0,1,1,2
357035,1,0,2,1
357090,6,0,7,1
357224,1,4,2,5
357225,1,4,2,5
357297,2,1,3,2
357305,2,1,3,2
357313,2,0,3,1
357315,2,5,3,6
357316,2,0,3,1
357329,2,1,3,2
357390,5,2,6,3
357460,0,1,1,2
357461,0,1,1,2
357565,0,1,1,2
357593,0,1,1,2
357594,0,1,1,2
357603,0,1,1,2
357607,0,1,1,2
357610,0,1,1,2
357647,1,0,2,1
357649,1,0,2,1
357753,0,1,1,2
357845,1,4,2,5
357908,0,1,1,2
357909,0,1,1,2
357912,0,5,1,6
357915,0,5,1,6
357923,2,5,3,6
357931,2,1,3,2
357950,2,1,3,2
357951,2,1,3,2
357953,2,5,3,6
357971,5,2,6,3
358076,0,1,1,2
358142,1,5,2,6
358217,0,1,1,2
358219,0,1,1,2
358227,0,1,1,2
358297,6,0,7,1
358368,0,1,1,2
358369,0,1,1,2
358502,0,1,1,2
358525,0,1,1,2
358526,0,1,1,2
358533,2,5,3,6
358538,2,1,3,2
358549,1,5,2,6
358577,5,2,6,3
358617,5,2,6,3
358619,5,2,6,3
358626,2,5,3,6
358690,0,1,1,2
358692,0,1,1,2
358753,1,4,2,5
358796,0,1,1,2
358798,0,1,1,2
358828,0,1,1,2
358838,0,1,1,2
358850,1,0,2,1
358970,0,1,1,2
358972,0,1,1,2
359064,1,4,2,5
359092,4,1,5,2
359093,4,1,5,2
359099,4,1,5,2
359101,4,1,5,2
359102,0,1,1,2
359133,2,1,3,2
359171,5,2,6,3
359174,5,1,6,2
359176,5,1,6,2
359217,5,2,6,3
359350,1,4,2,5
359392,0,1,1,2
359413,1,0,2,1
359416,1,0,2,1
359425,0,1,1,2
359433,1,0,2,1
359492,6,0,7,1
359652,1,4,2,5
359685,4,1,5,2
359693,0,1,1,2
359723,2,1,3,2
359727,2,1,3,2
359774,2,1,3,2
359877,0,1,1,2
360026,1,0,2,1
360284,4,0,5,1
360286,0,1,1,2
360287,0,1,1,2
360288,0,1,1,2
360289,0,1,1,2
360290,0,1,1,2
360291,0,1,1,2
360367,5,1,6,2
360376,2,1,3,2
360380,2,5,3,6
360469,0,1,1,2
360609,0,1,1,2
360612,1,0,2,1
360747,0,1,1,2
360963,2,1,3,2
360969,2,1,3,2
361064,0,1,1,2
361121,1,4,2,5
361133,1,4,2,5
361180,0,1,1,2
361241,1,0,2,1
361243,1,0,2,1
361331,0,1,1,2
361453,4,1,5,2
361454,4,0,5,1
361457,4,0,5,1
361458,4,1,5,2
361460,0,1,1,2
361550,2,1,3,2
361551,2,1,3,2
361553,2,1,3,2
361554,5,1,6,2
361596,2,5,3,6
361644,0,1,1,2
361783,0,1,1,2
361823,1,0,2,1
361919,0,1,1,2
362038,4,1,5,2
362045,0,1,1,2
362130,2,1,3,2
362131,2,1,3,2
362134,2,1,3,2
362142,2,5,3,6
362233,0,1,1,2
362234,0,1,1,2
362289,1,4,2,5
362351,0,1,1,2
362607,1,4,2,5
362631,4,0,5,1
362636,0,1,1,2
362725,2,1,3,2
362727,2,1,3,2
362728,2,1,3,2
362730,2,1,3,2
362731,5,1,6,2
362823,0,1,1,2
362881,1,4,2,5
363001,1,0,2,1
363224,0,1,1,2
363277,1,4,2,5
363278,1,4,2,5
363309,2,1,3,2
363310,2,1,3,2
363311,2,1,3,2
363321,2,1,3,2
363322,5,1,6,2
363415,0,1,1,2
363466,1,4,2,5
363470,1,4,2,5
363586,1,0,2,1
363788,4,1,5,2
363796,0,1,1,2
363851,1,5,2,6
363884,2,1,3,2
363888,2,1,3,2
363891,2,1,3,2
363893,2,1,3,2
363899,5,1,6,2
364033,1,4,2,5
364051,1,4,2,5
364114,1,0,2,1
364137,0,1,1,2
364359,0,1,1,2
364360,4,1,5,2
364416,2,1,3,2
364425,1,5,2,6
364459,2,1,3,2
364617,1,4,2,5
364673,0,1,1,2
364710,0,1,1,2
364928,0,1,1,2
364929,0,1,1,2
364938,0,1,1,2
364992,2,1,3,2
364993,2,1,3,2
365033,2,1,3,2
365038,5,1,6,2
365060,2,1,3,2
365182,1,4,2,5
365183,1,4,2,5
365255,0,1,1,2
365275,0,1,1,2
365375,0,1,1,2
365494,0,1,1,2
365571,1,5,2,6
365578,1,4,2,5
365579,1,4,2,5
365598,5,1,6,2
365603,5,1,6,2
365686,0,6,1,7
365934,0,1,1,2
366040,0,1,1,2
366044,1,0,2,1
366053,0,1,1,2
366066,0,1,1,2
366127,2,1,3,2
366132,1,5,2,6
366157,2,5,3,6
366240,6,0,7,1
366305,4,1,5,2
366394,0,1,1,2
366422,1,0,2,1
366487,0,1,1,2
366671,2,5,3,6
366680,2,1,3,2
366683,1,2,2,3
366714,5,1,6,2
366723,5,1,6,2
366789,6,0,7,1
366791,6,0,7,1
366852,1,4,2,5
366853,1,4,2,5
366856,4,1,5,2
366874,1,5,2,6
366944,0,1,1,2
367137,0,1,1,2
367225,2,1,3,2
367236,2,5,3,6
367237,1,5,2,6
367257,5,2,6,3
367263,5,1,6,2
367266,5,1,6,2
367271,5,1,6,2
367333,6,0,7,1
367335,6,0,7,1
367352,6,0,7,1
367355,6,1,7,2
367401,1,4,2,5
367411,1,4,2,5
367416,1,0,2,1
367489,0,1,1,2
367490,0,1,1,2
367678,0,1,1,2
367757,1,5,2,6
367764,2,5,3,6
367767,5,1,6,2
367772,2,5,3,6
367778,2,1,3,2
367786,2,5,3,6
367799,5,2,6,3
367801,5,2,6,3
367803,5,1,6,2
367804,5,1,6,2
367806,5,1,6,2
367810,5,1,6,2
367812,5,1,6,2
367823,5,2,6,3
367868,6,0,7,1
367894,6,1,7,2
367902,0,1,1,2
367939,1,4,2,5
367971,1,4,2,5
368031,0,1,1,2
368055,0,1,1,2
368090,6,0,7,1
368225,0,1,1,2
368228,0,1,1,2
368319,2,1,3,2
368320,2,5,3,6
368322,2,1,3,2
368326,2,1,3,2
368344,5,1,6,2
368346,5,1,6,2
368354,5,2,6,3
368431,6,1,7,2
368439,0,1,1,2
368442,0,1,1,2
368487,1,4,2,5
368596,0,1,1,2
368772,0,1,1,2
368774,0,1,1,2
368856,4,5,5,6
368857,5,1,6,2
368861,2,5,3,6
368862,2,5,3,6
368865,2,1,3,2
368876,5,2,6,3
368891,2,5,3,6
368921,5,2,6,3
368962,6,0,7,1
368972,6,1,7,2
368981,0,1,1,2
368986,1,0,2,1
369022,1,4,2,5
369043,1,5,2,6
369044,1,5,2,6
369045,1,5,2,6
369054,1,4,2,5
369064,1,2,2,3
369118,0,1,1,2
369323,0,1,1,2
369324,0,1,1,2
369391,5,1,6,2
369392,5,1,6,2
369393,5,1,6,2
369405,4,5,5,6
369408,4,1,5,2
369418,2,5,3,6
369423,5,1,6,2
369427,5,1,6,2
369428,5,1,6,2
369429,5,2,6,3
369471,5,2,6,3
369520,1,6,2,7
369531,6,1,7,2
369537,1,0,2,1
369593,1,5,2,6
369595,1,5,2,6
369596,1,5,2,6
369597,1,5,2,6
369598,1,5,2,6
369599,1,5,2,6
369605,1,4,2,5
369606,1,4,2,5
369613,1,2,2,3
369678,0,1,1,2
369871,0,1,1,2
369943,5,1,6,2
369946,5,1,6,2
369961,4,1,5,2
369968,2,5,3,6
370038,5,1,6,2
370066,1,6,2,7
370071,6,1,7,2
370078,6,1,7,2
370085,1,0,2,1
370132,1,0,2,1
370141,1,5,2,6
370212,1,0,2,1
370281,6,0,7,1
370282,6,0,7,1
370419,0,1,1,2
370420,0,1,1,2
370487,4,1,5,2
370506,5,1,6,2
370508,5,1,6,2
370524,5,1,6,2
370556,2,5,3,6
370604,1,6,2,7
370613,6,1,7,2
370673,1,4,2,5
370682,1,5,2,6
370685,1,5,2,6
370737,0,1,1,2
370751,1,0,2,1
370827,6,0,7,1
370828,6,0,7,1
370962,0,1,1,2
370963,0,1,1,2
370972,0,1,1,2
371029,4,1,5,2
371034,4,1,5,2
371037,5,1,6,2
371098,2,5,3,6
371107,2,5,3,6
371125,1,5,2,6
371137,6,0,7,1
371215,1,4,2,5
371221,1,4,2,5
371230,1,5,2,6
371231,1,5,2,6
371315,0,1,1,2
371316,0,1,1,2
371317,0,1,1,2
371384,6,0,7,1
371584,4,1,5,2
371590,5,1,6,2
371613,2,5,3,6
371651,5,1,6,2
371675,1,5,2,6
371677,1,5,2,6
371681,2,1,3,2
371682,2,1,3,2
371683,6,0,7,1
371700,1,6,2,7
371721,1,0,2,1
371724,1,0,2,1
371767,1,4,2,5
371829,0,1,1,2
371853,0,1,1,2
372130,4,1,5,2
372131,4,1,5,2
372132,4,1,5,2
372175,2,5,3,6
372176,2,1,3,2
372208,5,2,6,3
372230,2,1,3,2
372233,6,0,7,1
372323,1,4,2,5
372331,1,5,2,6
372400,1,0,2,1
372694,4,1,5,2
372707,5,1,6,2
372763,2,5,3,6
372773,5,2,6,3
372787,1,5,2,6
372794,2,1,3,2
372803,6,0,7,1
372960,1,0,2,1
373061,6,0,7,1
373197,0,1,1,2
373198,0,1,1,2
373251,4,1,5,2
373289,2,5,3,6
373300,2,1,3,2
373341,1,5,2,6
373352,2,1,3,2
373370,6,0,7,1
373510,0,1,1,2
373524,1,0,2,1
373826,4,1,5,2
373845,1,5,2,6
373868,5,2,6,3
373869,5,2,6,3
373873,2,1,3,2
373895,2,1,3,2
373901,5,2,6,3
373913,1,5,2,6
373916,1,5,2,6
373922,2,1,3,2
373953,0,1,1,2
373964,6,0,7,1
373965,6,0,7,1
374031,1,4,2,5
374037,1,0,2,1
374121,0,1,1,2
374217,6,0,7,1
374244,6,0,7,1
374259,0,6,1,7
374431,4,1,5,2
374435,4,1,5,2
374466,5,2,6,3
374506,1,2,2,3
374531,2,1,3,2
374578,6,1,7,2
374706,1,0,2,1
374876,6,0,7,1
374877,6,0,7,1
374894,1,0,2,1
375060,4,1,5,2
375065,4,1,5,2
375087,1,5,2,6
375148,1,5,2,6
375149,1,5,2,6
375151,1,5,2,6
375158,2,1,3,2
375189,0,1,1,2
375191,0,1,1,2
375193,0,1,1,2
375199,6,0,7,1
375208,6,1,7,2
375285,0,4,1,5
375286,0,4,1,5
375319,1,0,2,1
375473,6,0,7,1
375505,6,0,7,1
375531,6,0,7,1
375667,1,0,2,1
375686,1,0,2,1
375714,4,1,5,2
375742,5,2,6,3
375765,2,1,3,2
375774,5,1,6,2
375776,2,1,3,2
375777,5,1,6,2
375799,1,5,2,6
375800,1,5,2,6
375812,2,1,3,2
375848,0,1,1,2
375851,0,1,1,2
375852,0,1,1,2
375856,6,0,7,1
375901,0,1,1,2
375923,4,1,5,2
375974,1,0,2,1
376058,1,0,2,1
376158,6,0,7,1
376188,0,6,1,7
376322,1,0,2,1
376426,2,1,3,2
376428,2,1,3,2
376436,5,1,6,2
376444,5,1,6,2
376587,1,4,2,5
376605,0,4,1,5
376631,1,0,2,1
376632,1,0,2,1
376653,1,0,2,1
376850,0,6,1,7
377060,1,5,2,6
377079,2,5,3,6
377080,2,5,3,6
377082,2,1,3,2
377089,4,5,5,6
377091,4,1,5,2
377095,5,1,6,2
377096,5,1,6,2
377101,2,1,3,2
377180,6,1,7,2
377181,6,1,7,2
377182,6,1,7,2
377292,1,0,2,1
377296,1,0,2,1
377329,1,0,2,1
377521,0,6,1,7
377747,2,5,3,6
377758,5,1,6,2
377993,1,0,2,1
378038,0,1,1,2
378046,1,0,2,1
378047,1,0,2,1
378183,0,6,1,7
378402,5,1,6,2
378428,4,1,5,2
378439,1,2,2,3
378628,0,1,1,2
378629,0,1,1,2
379088,5,1,6,2
379107,4,1,5,2
379109,4,1,5,2
379112,4,2,5,3
379303,0,1,1,2
379304,0,1,1,2
379305,0,1,1,2
379324,1,0,2,1
379381,0,1,1,2
379384,0,1,1,2
379395,0,6,1,7
379529,0,6,1,7
379530,0,6,1,7
379543,0,1,1,2
379554,1,6,2,7
379555,1,6,2,7
379800,2,1,3,2
379873,6,1,7,2
379984,0,1,1,2
379999,0,1,1,2
380127,0,6,1,7
380435,4,1,5,2
380454,1,2,2,3
380534,6,1,7,2
380566,0,1,1,2
380641,0,1,1,2
380707,1,0,2,1
380708,1,0,2,1
380709,0,1,1,2
380737,0,6,1,7
380788,0,6,1,7
380789,0,6,1,7
380853,6,0,7,1
381084,2,5,3,6
381124,2,1,3,2
381190,0,1,1,2
381192,6,1,7,2
381196,6,1,7,2
381302,0,1,1,2
381303,0,1,1,2
381305,0,1,1,2
381321,0,1,1,2
381523,0,6,1,7
381740,1,2,2,3
381741,1,2,2,3
381765,4,1,5,2
381862,0,1,1,2
381865,6,1,7,2
381955,1,0,2,1
381979,0,1,1,2
382035,1,0,2,1
382046,0,1,1,2
382048,0,1,1,2
382408,2,5,3,6
382410,2,5,3,6
382518,6,1,7,2
382523,1,0,2,1
382533,1,0,2,1
382629,0,1,1,2
382670,1,0,2,1
382698,0,1,1,2
382704,0,1,1,2
383032,2,1,3,2
383051,1,2,2,3
383062,2,5,3,6
383068,5,1,6,2
383084,4,2,5,3
383249,1,4,2,5
383279,0,1,1,2
383280,0,1,1,2
383325,1,0,2,1
383359,0,1,1,2
383491,6,0,7,1
383691,2,1,3,2
383696,1,2,2,3
383717,2,5,3,6
383718,2,5,3,6
383726,5,1,6,2
383731,5,1,6,2
383732,4,5,5,6
383741,4,2,5,3
383866,1,0,2,1
383868,1,0,2,1
383947,0,1,1,2
383948,0,1,1,2
384128,0,6,1,7
384159,6,0,7,1
384381,2,5,3,6
384393,5,1,6,2
384396,4,1,5,2
384526,1,0,2,1
384528,1,0,2,1
384598,0,1,1,2
384600,0,1,1,2
384603,0,1,1,2
384680,1,0,2,1
384681,1,0,2,1
384823,6,0,7,1
384831,1,0,2,1
384852,1,0,2,1
384853,1,0,2,1
384857,1,0,2,1
385031,1,2,2,3
385057,5,1,6,2
385060,5,1,6,2
385062,4,1,5,2
385071,4,2,5,3
385181,1,0,2,1
385183,1,0,2,1
385185,1,0,2,1
385255,0,1,1,2
385448,0,6,1,7
385449,0,6,1,7
385450,0,6,1,7
385451,0,6,1,7
385519,1,0,2,1
385520,1,0,2,1
385694,1,2,2,3
385722,5,1,6,2
385724,5,1,6,2
385804,1,0,2,1
385811,1,0,2,1
385852,1,0,2,1
385897,0,1,1,2
386004,1,0,2,1
386110,0,6,1,7
386111,0,6,1,7
386178,1,0,2,1
386344,4,1,5,2
386346,4,2,5,3
386355,1,2,2,3
386381,5,1,6,2
386467,1,0,2,1
386470,1,0,2,1
386579,0,1,1,2
386584,0,1,1,2
386678,0,6,1,7
386680,0,6,1,7
386681,0,6,1,7
386714,0,6,1,7
386751,6,0,7,1
386756,0,6,1,7
386757,0,6,1,7
386762,0,6,1,7
386994,4,2,5,3
387040,4,1,5,2
387041,4,1,5,2
387042,4,1,5,2
387121,1,0,2,1
387237,0,1,1,2
387241,0,1,1,2
387280,0,1,1,2
387282,0,1,1,2
387315,0,1,1,2
387334,0,6,1,7
387337,0,6,1,7
387406,6,0,7,1
387408,6,0,7,1
387416,0,6,1,7
387418,0,6,1,7
387654,4,2,5,3
387656,4,2,5,3
387695,5,1,6,2
387698,4,1,5,2
387703,2,1,3,2
387939,0,1,1,2
388068,6,0,7,1
388097,6,0,7,1
388314,4,2,5,3
388317,4,2,5,3
388473,0,1,1,2
388485,0,1,1,2
388519,1,4,2,5
388528,0,1,1,2
388546,0,1,1,2
388548,0,1,1,2
388723,6,0,7,1
388734,0,6,1,7
388961,1,2,2,3
388964,1,2,2,3
388970,4,2,5,3
389018,1,2,2,3
389182,0,1,1,2
389195,0,1,1,2
389252,0,1,1,2
389280,0,1,1,2
389394,6,0,7,1
389395,6,0,7,1
389427,1,0,2,1
389605,1,2,2,3
389611,4,2,5,3
389613,4,1,5,2
389622,2,1,3,2
389738,0,1,1,2
389799,0,1,1,2
389801,0,1,1,2
389827,0,1,1,2
389832,0,1,1,2
389924,1,0,2,1
389966,0,6,1,7
390012,6,0,7,1
390017,0,1,1,2
390028,6,0,7,1
390029,6,0,7,1
390237,1,2,2,3
390252,4,1,5,2
390254,4,1,5,2
390258,5,1,6,2
390277,5,2,6,3
390300,4,2,5,3
390302,4,2,5,3
390373,0,1,1,2
390429,1,0,2,1
390460,0,1,1,2
390470,0,1,1,2
390530,0,1,1,2
390558,1,0,2,1
390559,1,0,2,1
390574,0,1,1,2
390648,6,0,7,1
390657,0,1,1,2
390875,1,2,2,3
390884,2,1,3,2
390886,2,1,3,2
390892,4,1,5,2
390894,4,1,5,2
390895,5,1,6,2
390936,4,1,5,2
391065,1,0,2,1
391066,1,0,2,1
391067,1,0,2,1
391068,1,0,2,1
391069,1,0,2,1
391079,0,1,1,2
391095,0,1,1,2
391169,0,1,1,2
391170,0,1,1,2
391261,0,6,1,7
391291,0,1,1,2
391514,2,1,3,2
391526,5,1,6,2
391537,2,5,3,6
391551,1,5,2,6
391643,0,1,1,2
391645,0,1,1,2
391666,1,0,2,1
391667,1,0,2,1
391714,1,0,2,1
391741,0,1,1,2
391798,0,1,1,2
391801,0,1,1,2
391917,0,1,1,2
392120,2,1,3,2
392121,2,1,3,2
392122,2,1,3,2
392152,5,1,6,2
392154,5,1,6,2
392158,2,5,3,6
392180,1,2,2,3
392294,1,0,2,1
392299,1,0,2,1
392314,0,1,1,2
392343,4,1,5,2
392357,0,1,1,2
392372,0,1,1,2
392554,0,1,1,2
392558,6,0,7,1
392601,1,0,2,1
392772,1,2,2,3
392773,1,2,2,3
392785,1,2,2,3
392786,1,2,2,3
392805,2,5,3,6
392807,2,5,3,6
392926,1,0,2,1
392927,1,0,2,1
392939,1,0,2,1
392951,1,0,2,1
392996,0,1,1,2
392997,0,1,1,2
392998,0,1,1,2
393012,0,1,1,2
393031,1,0,2,1
393032,1,0,2,1
393070,0,1,1,2
393071,0,1,1,2
393094,0,1,1,2
393095,0,1,1,2
393116,0,1,1,2
393170,0,6,1,7
393171,0,6,1,7
393195,0,1,1,2
393196,0,1,1,2
393205,6,0,7,1
393407,2,1,3,2
393409,2,1,3,2
393446,2,5,3,6
393468,1,2,2,3
393570,1,0,2,1
393629,1,0,2,1
393709,0,1,1,2
393833,0,1,1,2
393847,1,6,2,7
393900,1,0,2,1
394052,1,2,2,3
394074,1,2,2,3
394100,2,5,3,6
394116,1,2,2,3
394118,1,2,2,3
394119,1,2,2,3
394124,1,2,2,3
394126,1,2,2,3
394128,1,2,2,3
394129,1,2,2,3
394200,1,0,2,1
394277,1,0,2,1
394312,1,0,2,1
394313,1,0,2,1
394368,1,0,2,1
394431,6,0,7,1
394432,6,0,7,1
394487,0,1,1,2
394505,1,6,2,7
394509,1,0,2,1
394562,1,0,2,1
394563,1,0,2,1
394715,1,2,2,3
394739,1,5,2,6
394791,1,2,2,3
394856,1,0,2,1
394884,1,0,2,1
394885,1,0,2,1
394887,1,0,2,1
395028,1,0,2,1
395029,1,0,2,1
395096,6,0,7,1
395106,1,0,2,1
395235,1,0,2,1
395404,1,2,2,3
395405,1,2,2,3
395558,1,0,2,1
395693,1,0,2,1
395718,0,1,1,2
395721,0,1,1,2
395766,6,0,7,1
395770,6,0,7,1
395779,1,0,2,1
395836,0,1,1,2
395911,1,0,2,1
395913,1,0,2,1
396061,1,2,2,3
396088,1,5,2,6
396194,1,0,2,1
396200,1,0,2,1
396225,1,0,2,1
396303,1,0,2,1
396313,1,0,2,1
396359,1,0,2,1
396411,0,6,1,7
396414,0,6,1,7
396415,6,0,7,1
396456,1,0,2,1
396489,1,0,2,1
396507,0,1,1,2
396508,0,1,1,2
396587,1,0,2,1
396729,1,2,2,3
396902,1,0,2,1
396952,1,0,2,1
396991,1,0,2,1
396993,1,0,2,1
397096,0,6,1,7
397097,0,6,1,7
397104,6,0,7,1
397146,1,0,2,1
397331,1,4,2,5
397334,4,1,5,2
397336,4,1,5,2
397445,5,2,6,3
397665,1,0,2,1
397668,1,0,2,1
397671,1,0,2,1
397820,1,0,2,1
397834,1,0,2,1
397876,0,1,1,2
397879,0,1,1,2
398023,4,1,5,2
398122,5,2,6,3
398123,5,2,6,3
398129,5,2,6,3
398133,5,2,6,3
398134,5,2,6,3
398233,1,0,2,1
398291,1,0,2,1
398343,1,0,2,1
398344,1,0,2,1
398481,0,6,1,7
398571,0,1,1,2
398652,1,0,2,1
398709,1,4,2,5
398710,1,4,2,5
398715,4,1,5,2
398716,4,1,5,2
398763,4,1,5,2
398813,5,2,6,3
399001,1,0,2,1
399028,1,0,2,1
399030,1,0,2,1
399159,0,6,1,7
399169,0,6,1,7
399171,0,6,1,7
399203,1,0,2,1
399220,1,0,2,1
399243,1,0,2,1
399255,1,0,2,1
399453,4,1,5,2
399481,4,2,5,3
399504,5,2,6,3
399624,0,1,1,2
399625,0,1,1,2
399626,1,0,2,1
399674,1,0,2,1
399682,1,0,2,1
399684,1,0,2,1
399717,1,0,2,1
399810,6,0,7,1
399813,6,0,7,1
399841,0,6,1,7
399971,1,0,2,1
400042,1,0,2,1
400144,4,1,5,2
400161,1,2,2,3
400162,1,2,2,3
400163,1,2,2,3
400175,4,2,5,3
400354,1,0,2,1
400363,1,0,2,1
400394,1,0,2,1
400395,1,0,2,1
400493,6,0,7,1
400523,0,6,1,7
400573,6,0,7,1
400574,1,6,2,7
400638,0,1,1,2
400651,1,0,2,1
400824,4,1,5,2
400843,1,2,2,3
400981,1,0,2,1
401034,1,0,2,1
401040,1,0,2,1
401085,1,0,2,1
401171,6,0,7,1
401173,6,0,7,1
401230,0,6,1,7
401329,1,0,2,1
401404,1,0,2,1
401519,1,2,2,3
401520,1,2,2,3
401651,0,1,1,2
401707,1,0,2,1
401753,1,0,2,1
401841,6,0,7,1
401843,6,0,7,1
402082,1,0,2,1
402196,1,2,2,3
402222,4,2,5,3
402323,0,1,1,2
402370,1,0,2,1
402378,1,0,2,1
402518,0,6,1,7
402594,0,6,1,7
402675,0,1,1,2
402848,4,1,5,2
402861,1,4,2,5
402866,1,4,2,5
402945,1,5,2,6
403018,1,4,2,5
403089,1,0,2,1
403177,6,0,7,1
403187,0,6,1,7
403188,0,6,1,7
403277,1,6,2,7
403326,0,1,1,2
403337,1,0,2,1
403348,1,0,2,1
403487,4,1,5,2
403517,1,4,2,5
403545,1,2,2,3
403605,2,5,3,6
403680,1,4,2,5
403681,1,4,2,5
403697,1,0,2,1
403719,0,1,1,2
403720,0,1,1,2
403751,1,0,2,1
403840,0,6,1,7
403945,6,0,7,1
403946,6,0,7,1
403981,1,0,2,1
404011,1,0,2,1
404157,4,1,5,2
404158,4,1,5,2
404189,1,4,2,5
404352,1,4,2,5
404367,1,0,2,1
404518,0,6,1,7
404523,6,0,7,1
404530,0,6,1,7
404535,0,6,1,7
404623,6,0,7,1
404678,1,0,2,1
404789,0,1,1,2
404792,0,1,1,2
404863,1,4,2,5
404892,1,2,2,3
404893,1,2,2,3
404914,4,2,5,3
405028,1,4,2,5
405031,1,4,2,5
405180,6,0,7,1
405247,0,1,1,2
405339,1,0,2,1
405349,1,0,2,1
405369,1,0,2,1
405374,0,1,1,2
405535,1,5,2,6
405577,1,2,2,3
405716,1,4,2,5
405893,0,6,1,7
405897,0,6,1,7
405935,0,1,1,2
405937,0,1,1,2
406032,1,0,2,1
406254,6,4,7,5
406263,6,1,7,2
406271,1,2,2,3
406312,1,5,2,6
406421,0,1,1,2
406585,0,6,1,7
406622,0,1,1,2
406678,1,0,2,1
406680,6,0,7,1
406726,1,0,2,1
406732,0,1,1,2
406856,1,0,2,1
406877,1,4,2,5
406892,4,1,5,2
406944,6,1,7,2
406945,6,1,7,2
406955,1,2,2,3
406959,1,2,2,3
406989,5,2,6,3
407089,1,4,2,5
407092,1,4,2,5
407104,0,1,1,2
407109,0,1,1,2
407284,0,6,1,7
407299,0,6,1,7
407424,0,1,1,2
407547,1,0,2,1
407569,1,4,2,5
407570,1,4,2,5
407646,1,2,2,3
407648,1,2,2,3
407687,5,1,6,2
407784,1,4,2,5
407792,0,1,1,2
407794,0,1,1,2
407811,1,0,2,1
407841,0,1,1,2
407966,0,6,1,7
407998,0,1,1,2
408058,1,0,2,1
408059,1,0,2,1
408226,0,1,1,2
408227,0,1,1,2
408229,0,1,1,2
408269,4,1,5,2
408302,4,1,5,2
408333,1,2,2,3
408359,2,5,3,6
408463,1,4,2,5
408488,0,1,1,2
408495,1,0,2,1
408682,0,1,1,2
408746,1,0,2,1
408771,1,0,2,1
408939,1,4,2,5
408943,1,4,2,5
408952,4,1,5,2
408954,4,1,5,2
409026,1,2,2,3
409154,1,4,2,5
409156,1,4,2,5
409158,1,4,2,5
409325,6,0,7,1
409337,0,6,1,7
409377,0,1,1,2
409438,1,0,2,1
409440,1,0,2,1
409441,1,0,2,1
409447,1,0,2,1
409453,1,0,2,1
409454,1,0,2,1
409458,1,0,2,1
409467,1,0,2,1
409524,0,1,1,2
409606,0,1,1,2
409633,1,4,2,5
409634,1,4,2,5
409637,1,4,2,5
409681,4,1,5,2
409715,1,2,2,3
409843,1,4,2,5
409848,1,4,2,5
409858,0,1,1,2
409861,0,1,1,2
409862,0,1,1,2
409863,0,1,1,2
409878,1,0,2,1
410010,6,0,7,1
410012,6,0,7,1
410131,1,0,2,1
410140,1,0,2,1
410141,1,0,2,1
410142,1,0,2,1
410144,1,0,2,1
410147,1,0,2,1
410151,1,0,2,1
410153,1,0,2,1
410158,1,0,2,1
410168,1,0,2,1
410327,1,4,2,5
410328,1,4,2,5
410353,1,4,2,5
410367,4,1,5,2
410450,1,5,2,6
410532,1,4,2,5
410552,0,1,1,2
410553,0,1,1,2
410572,1,0,2,1
410573,1,0,2,1
410702,6,0,7,1
410703,6,0,7,1
410759,0,1,1,2
410831,1,0,2,1
410840,1,0,2,1
410841,1,0,2,1
410846,1,0,2,1
410848,1,0,2,1
410854,1,0,2,1
411038,4,1,5,2
411052,1,4,2,5
411053,1,4,2,5
411054,1,4,2,5
411119,5,2,6,3
411149,1,5,2,6
411151,1,5,2,6
411152,1,5,2,6
411154,1,5,2,6
411233,1,4,2,5
411249,0,1,1,2
411271,1,0,2,1
411272,1,0,2,1
411274,1,0,2,1
411398,6,0,7,1
411403,0,6,1,7
411409,0,6,1,7
411410,0,6,1,7
411411,0,6,1,7
411412,0,6,1,7
411450,0,1,1,2
411543,1,0,2,1
411545,1,0,2,1
411682,1,0,2,1
411683,1,0,2,1
411850,1,5,2,6
411852,1,5,2,6
411933,4,1,5,2
411936,1,4,2,5
411973,1,0,2,1
411975,1,0,2,1
412094,6,0,7,1
412107,0,6,1,7
412109,0,6,1,7
412223,6,0,7,1
412238,1,0,2,1
412265,0,1,1,2
412378,1,0,2,1
412425,1,4,2,5
412498,1,2,2,3
412616,4,1,5,2
412620,4,1,5,2
412622,4,1,5,2
412623,4,1,5,2
412666,1,0,2,1
412668,1,0,2,1
412683,0,1,1,2
412684,0,1,1,2
412800,0,6,1,7
412805,0,6,1,7
412921,6,0,7,1
412942,1,0,2,1
413075,1,0,2,1
413117,1,4,2,5
413232,1,5,2,6
413307,4,1,5,2
413313,4,1,5,2
413325,1,0,2,1
413355,1,0,2,1
413359,1,0,2,1
413482,0,6,1,7
413484,0,6,1,7
413607,6,0,7,1
413624,1,0,2,1
413763,1,0,2,1
413899,5,2,6,3
413927,1,5,2,6
414004,1,4,2,5
414019,1,0,2,1
414053,1,0,2,1
414303,0,1,1,2
414307,1,0,2,1
414308,1,0,2,1
414314,1,0,2,1
414348,0,1,1,2
414492,4,1,5,2
414498,1,4,2,5
414539,4,1,5,2
414604,1,5,2,6
414610,1,5,2,6
414611,1,5,2,6
414613,1,5,2,6
414687,1,4,2,5
414689,1,4,2,5
414730,1,0,2,1
414738,1,0,2,1
414752,0,1,1,2
414947,0,1,1,2
414948,0,1,1,2
414978,0,1,1,2
414989,1,0,2,1
415010,0,1,1,2
415014,1,0,2,1
415117,1,0,2,1
415169,1,4,2,5
415186,1,4,2,5
415210,4,1,5,2
415274,1,5,2,6
415278,1,5,2,6
415279,1,5,2,6
415346,1,0,2,1
415403,1,0,2,1
415520,0,6,1,7
415624,0,1,1,2
415635,0,1,1,2
415650,1,0,2,1
415661,1,0,2,1
415689,1,0,2,1
415790,0,1,1,2
415796,1,0,2,1
415928,2,5,3,6
415954,1,5,2,6
415960,1,5,2,6
416019,1,0,2,1
416044,1,0,2,1
416045,1,0,2,1
416061,1,0,2,1
416204,0,6,1,7
416317,0,1,1,2
416328,1,0,2,1
416460,0,1,1,2
416461,0,1,1,2
416465,1,0,2,1
416521,1,4,2,5
416677,1,0,2,1
416710,1,0,2,1
416743,0,1,1,2
416963,0,1,1,2
416970,0,1,1,2
416980,0,1,1,2
417021,1,0,2,1
417029,1,0,2,1
417030,1,0,2,1
417115,1,0,2,1
417178,1,4,2,5
417237,1,5,2,6
417238,1,5,2,6
417329,1,0,2,1
417361,1,0,2,1
417385,0,1,1,2
417392,0,1,1,2
417509,6,0,7,1
417510,6,0,7,1
417616,0,1,1,2
417620,0,1,1,2
417628,1,0,2,1
417655,0,1,1,2
417672,0,1,1,2
417744,1,0,2,1
417811,1,4,2,5
417969,1,0,2,1
417984,1,0,2,1
418021,0,1,1,2
418079,0,6,1,7
418132,6,0,7,1
418137,0,6,1,7
418240,0,1,1,2
418242,0,1,1,2
418243,0,1,1,2
418277,0,1,1,2
418292,0,1,1,2
418363,1,0,2,1
418423,4,1,5,2
418489,1,5,2,6
418740,6,0,7,1
418790,0,1,1,2
418791,0,1,1,2
418792,0,1,1,2
418833,0,1,1,2
418838,0,1,1,2
418839,0,1,1,2
418889,0,1,1,2
419012,0,1,1,2
419014,0,1,1,2
419017,0,1,1,2
419020,4,1,5,2
419072,1,5,2,6
419075,1,5,2,6
419082,1,5,2,6
419178,0,1,1,2
419196,1,0,2,1
419330,6,0,7,1
419331,6,0,7,1
419404,0,1,1,2
419406,0,1,1,2
419413,0,1,1,2
419419,1,0,2,1
419420,1,0,2,1
419447,0,1,1,2
419464,0,1,1,2
419505,0,1,1,2
419520,1,0,2,1
419582,0,1,1,2
419583,0,1,1,2
419610,4,1,5,2
419659,1,5,2,6
419772,1,0,2,1
419910,6,0,7,1
419938,0,1,1,2
419975,0,1,1,2
419982,0,1,1,2
419983,0,1,1,2
420027,0,1,1,2
420083,1,0,2,1
420087,1,0,2,1
420088,1,0,2,1
420163,1,4,2,5
420174,4,1,5,2
420180,1,4,2,5
420211,1,5,2,6
420225,1,5,2,6
420331,0,1,1,2
420348,1,0,2,1
420502,6,0,7,1
420523,0,1,1,2
420527,0,1,1,2
420545,1,0,2,1
420894,0,1,1,2
421110,0,1,1,2
421159,1,0,2,1
421348,1,4,2,5
421377,1,5,2,6
421389,1,5,2,6
421391,1,5,2,6
421393,1,5,2,6
421474,0,1,1,2
421475,0,1,1,2
421500,0,1,1,2
421510,1,0,2,1
421549,0,1,1,2
421667,6,0,7,1
421668,6,0,7,1
421688,0,1,1,2
421724,1,0,2,1
421732,0,1,1,2
421952,1,5,2,6
421964,1,5,2,6
421965,1,5,2,6
421967,1,5,2,6
421968,1,5,2,6
422064,0,1,1,2
422065,0,1,1,2
422088,1,0,2,1
422236,6,0,7,1
422304,0,1,1,2
422305,0,1,1,2
422345,0,1,1,2
422395,1,0,2,1
422400,1,0,2,1
422401,1,0,2,1
422534,1,5,2,6
422535,1,5,2,6
422608,0,1,1,2
422610,0,1,1,2
422612,0,1,1,2
422680,0,1,1,2
422830,0,1,1,2
422947,0,1,1,2
422960,1,0,2,1
423095,1,5,2,6
423362,6,0,7,1
423498,0,1,1,2
423500,0,1,1,2
423503,0,1,1,2
423512,1,0,2,1
423513,1,0,2,1
423586,1,0,2,1
423641,1,5,2,6
423648,1,5,2,6
423720,0,1,1,2
423757,1,0,2,1
423939,1,0,2,1
424045,0,1,1,2
424047,0,1,1,2
424184,4,2,5,3
424294,1,0,2,1
424305,1,0,2,1
424497,0,1,1,2
424596,0,1,1,2
424717,4,1,5,2
424728,1,4,2,5
424735,2,1,3,2
424843,1,0,2,1
424849,0,1,1,2
424857,1,0,2,1
425002,0,6,1,7
425035,1,0,2,1
425039,0,1,1,2
425102,1,0,2,1
425109,1,0,2,1
425346,1,4,2,5
425394,1,0,2,1
425396,1,0,2,1
425540,6,0,7,1
425587,0,1,1,2
425681,0,1,1,2
425791,4,1,5,2
425792,4,1,5,2
425814,2,4,3,5
425898,0,1,1,2
425924,0,1,1,2
426167,1,0,2,1
426169,1,0,2,1
426179,1,0,2,1
426345,2,1,3,2
426347,2,5,3,6
426597,6,0,7,1
426645,0,1,1,2
426691,1,0,2,1
426844,4,1,5,2
426846,2,1,3,2
427110,6,0,7,1
427111,6,0,7,1
427159,0,1,1,2
427212,1,0,2,1
427213,1,0,2,1
427713,1,0,2,1
427832,4,1,5,2
427847,1,4,2,5
427938,0,1,1,2
428117,6,0,7,1
428346,4,1,5,2
428419,1,0,2,1
428420,1,0,2,1
428452,1,0,2,1
428835,1,0,2,1
428851,1,4,2,5
428915,1,0,2,1
428930,0,1,1,2
428931,0,1,1,2
429183,0,1,1,2
429193,1,0,2,1
429326,1,0,2,1
429408,1,0,2,1
429409,1,0,2,1
429423,0,1,1,2
429666,0,1,1,2
429883,1,0,2,1
429886,1,0,2,1
430149,0,1,1,2
430347,1,0,2,1
430353,1,0,2,1
430388,1,0,2,1
430649,1,0,2,1
430719,1,0,2,1
430733,1,4,2,5
430802,1,0,2,1
430835,1,0,2,1
431151,4,0,5,1
431152,1,0,2,1
431238,1,4,2,5
431282,0,1,1,2
431464,0,1,1,2
431502,1,0,2,1
431503,1,0,2,1
431657,1,0,2,1
431684,0,1,1,2
431718,1,0,2,1
431723,1,0,2,1
431879,0,1,1,2
431972,1,4,2,5
432088,0,1,1,2
432093,0,1,1,2
432118,1,0,2,1
432120,1,0,2,1
432121,1,0,2,1
432127,1,0,2,1
432277,0,1,1,2
432450,0,1,1,2
432472,0,1,1,2
432482,0,1,1,2
432483,0,1,1,2
432500,1,0,2,1
432665,0,1,1,2
432731,4,0,5,1
432833,0,1,1,2
432850,0,1,1,2
432852,0,1,1,2
432853,0,1,1,2
432854,0,1,1,2
432870,0,1,1,2
432880,1,0,2,1
432881,1,0,2,1
432882,1,0,2,1
432883,1,0,2,1
432908,1,0,2,1
433224,0,1,1,2
433236,0,1,1,2
433243,0,1,1,2
433244,0,1,1,2
433247,0,1,1,2
433254,1,0,2,1
433255,1,0,2,1
433281,1,0,2,1
433409,1,0,2,1
433412,1,0,2,1
433498,0,1,1,2
433578,0,1,1,2
433590,0,1,1,2
433597,0,1,1,2
433602,0,1,1,2
433605,0,1,1,2
433606,0,1,1,2
433623,1,0,2,1
433645,1,0,2,1
433647,1,0,2,1
433651,1,0,2,1
433652,1,0,2,1
433766,1,0,2,1
433861,0,1,1,2
433918,1,0,2,1
433919,1,0,2,1
433960,0,1,1,2
433967,0,1,1,2
433973,0,1,1,2
433998,0,1,1,2
434000,0,1,1,2
434007,1,0,2,1
434009,1,0,2,1
434012,1,0,2,1
434016,1,0,2,1
434017,1,0,2,1
434215,0,6,1,7
434219,0,6,1,7
434224,0,1,1,2
434278,1,0,2,1
434385,1,0,2,1
434538,0,1,1,2
434582,0,1,1,2
434585,0,1,1,2
434589,0,1,1,2
434635,1,0,2,1
434679,0,1,1,2
434723,1,0,2,1
434739,1,0,2,1
434742,1,0,2,1
434894,0,1,1,2
434938,0,1,1,2
434939,0,1,1,2
434976,1,0,2,1
434992,1,0,2,1
435009,0,1,1,2
435031,0,1,1,2
435079,1,0,2,1
435082,1,0,2,1
435083,1,0,2,1
435212,1,0,2,1
435253,0,1,1,2
435299,0,1,1,2
435307,0,1,1,2
435330,1,4,2,5
435333,1,4,2,5
435347,1,0,2,1
435387,0,1,1,2
435390,0,1,1,2
435393,0,1,1,2
435422,1,0,2,1
435572,1,0,2,1
435615,0,1,1,2
435686,1,4,2,5
435688,1,0,2,1
435706,1,0,2,1
435726,0,1,1,2
435748,0,1,1,2
435751,0,1,1,2
435756,0,1,1,2
435798,1,0,2,1
435806,1,0,2,1
435807,1,0,2,1
435808,1,0,2,1
435930,1,0,2,1
435931,1,0,2,1
436043,1,0,2,1
436153,1,0,2,1
436161,1,0,2,1
436232,0,6,1,7
436288,1,0,2,1
436396,1,0,2,1
436397,1,0,2,1
436398,1,0,2,1
436401,1,0,2,1
436508,1,0,2,1
436642,1,0,2,1
436748,1,0,2,1
436751,1,0,2,1
436863,1,0,2,1
436937,0,6,1,7
436983,1,0,2,1
437091,1,0,2,1
437176,0,1,1,2
437201,1,0,2,1
437277,0,6,1,7
437312,1,0,2,1
437416,1,0,2,1
437426,1,0,2,1
437466,0,1,1,2
437531,1,0,2,1
437532,1,0,2,1
437615,0,6,1,7
437761,1,0,2,1
437807,0,1,1,2
437820,0,1,1,2
437831,0,1,1,2
437832,0,1,1,2
437833,0,1,1,2
437835,0,1,1,2
437838,0,1,1,2
437839,0,1,1,2
437845,0,1,1,2
437987,1,0,2,1
438084,1,0,2,1
438136,0,1,1,2
438140,0,1,1,2
438143,0,1,1,2
438146,0,1,1,2
438147,0,1,1,2
438163,0,1,1,2
438165,0,1,1,2
438166,0,1,1,2
438170,0,1,1,2
438417,1,0,2,1
438418,1,0,2,1
438425,1,0,2,1
438468,0,1,1,2
438470,0,1,1,2
438471,0,1,1,2
438472,0,1,1,2
438474,0,1,1,2
438475,0,1,1,2
438509,0,1,1,2
438540,1,0,2,1
438542,0,1,1,2
438628,1,0,2,1
438680,0,1,1,2
438725,1,0,2,1
438742,1,0,2,1
438795,0,1,1,2
438798,0,1,1,2
438799,0,1,1,2
438923,0,6,1,7
438948,1,0,2,1
438949,1,0,2,1
438996,0,1,1,2
439047,1,0,2,1
439067,1,0,2,1
439261,1,0,2,1
439376,1,0,2,1
439378,1,0,2,1
439380,1,0,2,1
439405,1,0,2,1
439571,1,0,2,1
439685,1,0,2,1
439695,1,0,2,1
439720,1,0,2,1
439763,0,1,1,2
439771,0,1,1,2
439835,0,1,1,2
439993,0,1,1,2
440034,1,0,2,1
440054,1,0,2,1
440107,0,1,1,2
440118,0,1,1,2
440138,1,0,2,1
440298,0,1,1,2
440299,0,1,1,2
440323,0,1,1,2
440327,1,0,2,1
440417,1,0,2,1
440418,1,0,2,1
440423,0,1,1,2
440444,1,0,2,1
440492,1,0,2,1
440493,1,0,2,1
440630,0,1,1,2
440634,1,0,2,1
440649,1,0,2,1
440793,1,0,2,1
440917,0,1,1,2
440918,0,1,1,2
440931,0,1,1,2
440934,0,1,1,2
440953,1,0,2,1
440969,1,0,2,1
440979,1,0,2,1
440980,1,0,2,1
440989,1,0,2,1
441058,0,1,1,2
441214,0,1,1,2
441215,0,1,1,2
441223,0,1,1,2
441224,0,1,1,2
441260,1,0,2,1
441264,0,1,1,2
441274,1,0,2,1
441288,1,0,2,1
441291,1,0,2,1
441294,1,0,2,1
441345,1,0,2,1
441360,1,0,2,1
441521,0,1,1,2
441537,0,1,1,2
441540,0,1,1,2
441547,0,1,1,2
441548,0,1,1,2
441549,0,1,1,2
441554,1,0,2,1
441599,1,0,2,1
441602,1,0,2,1
441836,0,1,1,2
441837,0,1,1,2
441839,0,1,1,2
441854,0,1,1,2
441858,0,1,1,2
441859,0,1,1,2
441861,0,1,1,2
441868,1,0,2,1
441888,0,1,1,2
441889,0,1,1,2
441997,0,1,1,2
442171,0,1,1,2
442173,0,1,1,2
442175,0,1,1,2
442182,0,1,1,2
442191,0,1,1,2
442215,1,4,2,5
442228,0,1,1,2
442260,0,1,1,2
442329,1,6,2,7
442336,0,1,1,2
442361,0,6,1,7
442363,0,1,1,2
442517,0,1,1,2
442521,0,1,1,2
442542,0,1,1,2
442545,0,1,1,2
442573,0,1,1,2
442582,1,4,2,5
442676,1,6,2,7
442683,0,1,1,2
442859,0,1,1,2
442879,0,1,1,2
442881,0,1,1,2
442883,0,1,1,2
442885,0,1,1,2
442886,0,1,1,2
442887,0,1,1,2
442888,0,1,1,2
443020,1,6,2,7
443027,0,1,1,2
443048,0,6,1,7
443202,0,1,1,2
443211,0,1,1,2
443224,0,1,1,2
443225,0,1,1,2
443235,0,1,1,2
443237,0,1,1,2
443239,0,1,1,2
443246,0,1,1,2
443251,0,1,1,2
443312,0,1,1,2
443405,0,6,1,7
443407,0,6,1,7
443410,0,6,1,7
443600,1,0,2,1
443602,0,1,1,2
443617,0,1,1,2
443622,0,1,1,2
443639,1,4,2,5
443690,0,1,1,2
443691,0,1,1,2
443699,0,1,1,2
443776,0,6,1,7
443778,0,6,1,7
443780,0,6,1,7
443786,0,6,1,7
443789,0,6,1,7
443954,0,1,1,2
443987,0,1,1,2
443997,0,1,1,2
444001,0,1,1,2
444003,0,1,1,2
444004,0,1,1,2
444085,0,1,1,2
444131,1,0,2,1
444160,0,6,1,7
444162,0,6,1,7
444166,0,6,1,7
444169,0,6,1,7
444172,0,6,1,7
444174,0,6,1,7
444339,0,1,1,2
444365,0,1,1,2
444385,0,1,1,2
444387,0,1,1,2
444399,0,1,1,2
444402,0,1,1,2
444510,0,1,1,2
444531,1,0,2,1
444565,0,6,1,7
444567,0,6,1,7
444618,0,1,1,2
444736,0,1,1,2
444783,0,1,1,2
444785,0,1,1,2
444788,0,1,1,2
444789,0,1,1,2
444791,0,1,1,2
444798,0,1,1,2
444803,0,1,1,2
444808,1,4,2,5
444910,0,1,1,2
444923,0,1,1,2
444957,0,6,1,7
444959,0,6,1,7
444961,0,6,1,7
445202,0,1,1,2
445297,1,0,2,1
445298,1,0,2,1
445304,1,0,2,1
445325,0,1,1,2
445354,0,6,1,7
445538,0,1,1,2
445595,0,1,1,2
445704,1,0,2,1
445708,1,0,2,1
445734,0,1,1,2
445735,0,1,1,2
445736,0,1,1,2
445765,0,6,1,7
445834,0,1,1,2
445894,0,1,1,2
445896,1,0,2,1
445916,1,0,2,1
446009,0,1,1,2
446037,0,1,1,2
446042,0,1,1,2
446056,1,4,2,5
446131,1,0,2,1
446137,1,0,2,1
446146,1,0,2,1
446149,0,1,1,2
446150,0,1,1,2
446162,0,1,1,2
446199,0,6,1,7
446224,0,6,1,7
446227,0,6,1,7
446471,0,1,1,2
446493,1,0,2,1
446582,1,0,2,1
446593,0,1,1,2
446659,0,6,1,7
446661,0,6,1,7
446763,1,0,2,1
446784,1,0,2,1
446795,6,0,7,1
446798,6,0,7,1
446834,0,1,1,2
446901,0,1,1,2
446905,1,0,2,1
447011,1,0,2,1
447034,1,0,2,1
447035,1,0,2,1
447043,0,1,1,2
447252,6,0,7,1
447294,0,1,1,2
447357,0,1,1,2
447401,1,0,2,1
447494,1,0,2,1
447495,1,0,2,1
447669,1,0,2,1
447676,0,1,1,2
447680,0,1,1,2
447826,0,1,1,2
447838,0,1,1,2
447871,1,0,2,1
447919,0,1,1,2
447958,1,0,2,1
448029,0,6,1,7
448174,6,0,7,1
448286,0,1,1,2
448297,0,1,1,2
448391,0,1,1,2
448396,1,0,2,1
448399,1,0,2,1
448467,0,1,1,2
448505,0,6,1,7
448823,1,0,2,1
448824,1,0,2,1
448825,1,0,2,1
448878,1,0,2,1
448887,1,0,2,1
449023,0,1,1,2
449106,0,1,1,2
449312,1,0,2,1
449358,0,1,1,2
449364,1,0,2,1
449395,1,0,2,1
449433,0,1,1,2
449442,0,6,1,7
449626,0,6,1,7
449747,1,0,2,1
449768,1,0,2,1
449845,0,1,1,2
449919,0,1,1,2
449958,6,0,7,1
450219,0,1,1,2
450233,1,0,2,1
450235,1,0,2,1
450254,1,0,2,1
450255,1,0,2,1
450288,1,0,2,1
450333,0,1,1,2
450364,1,0,2,1
450450,6,0,7,1
450655,0,1,1,2
450656,0,1,1,2
450671,0,1,1,2
450673,0,1,1,2
450782,1,0,2,1
450783,1,0,2,1
450784,1,0,2,1
450830,1,0,2,1
450857,1,0,2,1
450858,1,0,2,1
450900,0,1,1,2
450902,0,1,1,2
450945,6,0,7,1
451159,0,1,1,2
451160,0,1,1,2
451218,1,0,2,1
451219,1,0,2,1
451220,1,0,2,1
451229,0,1,1,2
451230,0,1,1,2
451271,1,0,2,1
451272,1,0,2,1
451273,1,0,2,1
451315,0,1,1,2
451398,6,0,7,1
451399,6,0,7,1
451426,6,0,7,1
451717,1,0,2,1
451720,0,1,1,2
451722,0,1,1,2
451726,1,0,2,1
451921,6,0,7,1
451972,1,0,2,1
452191,1,0,2,1
452206,1,0,2,1
452222,1,0,2,1
452370,0,1,1,2
452471,1,0,2,1
452722,1,0,2,1
452744,1,0,2,1
452811,1,0,2,1
452853,0,1,1,2
452892,6,0,7,1
453235,1,0,2,1
453348,1,0,2,1
453362,0,1,1,2
453365,0,1,1,2
453615,0,6,1,7
453758,1,0,2,1
453780,0,1,1,2
453823,1,0,2,1
453824,1,0,2,1
453828,1,0,2,1
453863,0,1,1,2
453995,1,0,2,1
454255,1,0,2,1
454276,1,0,2,1
454295,1,0,2,1
454337,1,0,2,1
454341,1,0,2,1
454366,1,0,2,1
454369,1,0,2,1
454375,0,1,1,2
454378,0,1,1,2
454528,0,6,1,7
454763,0,1,1,2
454847,0,1,1,2
454855,1,0,2,1
454880,1,0,2,1
454883,1,0,2,1
454887,1,0,2,1
454888,1,0,2,1
454889,0,1,1,2
454892,0,1,1,2
454939,0,6,1,7
455163,0,6,1,7
455274,0,1,1,2
455283,1,0,2,1
455370,1,0,2,1
455371,1,0,2,1
455391,1,0,2,1
455393,1,0,2,1
455398,1,0,2,1
455409,0,1,1,2
455477,0,6,1,7
455479,0,6,1,7
455537,1,6,2,7
455565,0,6,1,7
455757,0,1,1,2
455877,1,0,2,1
455880,1,0,2,1
455881,1,0,2,1
455901,1,0,2,1
455905,1,0,2,1
455919,0,1,1,2
456051,1,6,2,7
456079,6,1,7,2
456184,0,6,1,7
456513,0,6,1,7
456549,6,0,7,1
456561,1,6,2,7
456569,1,6,2,7
456590,6,1,7,2
456899,0,1,1,2
456912,0,1,1,2
456920,0,1,1,2
456942,1,0,2,1
457023,0,6,1,7
457029,0,6,1,7
457031,0,6,1,7
457063,6,0,7,1
457068,6,0,7,1
457085,1,6,2,7
457093,0,6,1,7
457113,0,6,1,7
457212,0,6,1,7
457381,0,1,1,2
457420,0,1,1,2
457429,0,1,1,2
457458,1,0,2,1
457501,0,6,1,7
457532,0,6,1,7
457595,1,0,2,1
457600,0,6,1,7
457722,0,6,1,7
457847,1,0,2,1
457930,1,0,2,1
457942,0,1,1,2
457973,1,0,2,1
458044,0,6,1,7
458047,0,6,1,7
458050,0,6,1,7
458052,0,6,1,7
458233,0,6,1,7
458360,1,0,2,1
458483,1,0,2,1
458484,1,0,2,1
458518,6,0,7,1
458559,0,6,1,7
458563,0,6,1,7
458565,0,6,1,7
458959,1,0,2,1
459000,1,0,2,1
459021,0,1,1,2
459041,6,0,7,1
459076,0,6,1,7
459082,0,6,1,7
459084,0,6,1,7
459153,0,6,1,7
459234,0,1,1,2
459260,0,6,1,7
459262,0,6,1,7
459458,1,0,2,1
459459,1,0,2,1
459481,0,1,1,2
459549,6,0,7,1
459595,0,6,1,7
459659,0,6,1,7
459769,0,6,1,7
459949,0,1,1,2
460055,6,0,7,1
460106,0,6,1,7
460392,1,0,2,1
460476,0,1,1,2
460480,0,1,1,2
460545,0,6,1,7
460601,0,6,1,7
460614,6,0,7,1
460655,0,6,1,7
460918,1,0,2,1
461022,1,0,2,1
461027,1,0,2,1
461033,1,0,2,1
461130,0,6,1,7
461478,0,1,1,2
461480,0,1,1,2
461483,0,1,1,2
461485,0,1,1,2
461511,1,0,2,1
461513,1,0,2,1
461514,1,0,2,1
461516,1,0,2,1
461895,1,0,2,1
461896,1,0,2,1
462001,1,0,2,1
462035,0,1,1,2
462092,0,6,1,7
462390,1,0,2,1
462465,0,1,1,2
462494,1,0,2,1
462586,0,6,1,7
462591,0,6,1,7
462784,0,1,1,2
462785,0,1,1,2
462830,0,1,1,2
462831,0,1,1,2
462869,1,0,2,1
462929,0,1,1,2
462940,1,0,2,1
462955,0,1,1,2
462975,1,0,2,1
462981,1,0,2,1
462984,1,0,2,1
463067,0,6,1,7
463319,0,1,1,2
463321,0,1,1,2
463322,0,1,1,2
463422,0,1,1,2
463444,0,1,1,2
463446,0,1,1,2
463447,0,1,1,2
463465,1,0,2,1
463477,1,0,2,1
463574,0,6,1,7
463832,1,0,2,1
463891,1,0,2,1
463925,1,0,2,1
463940,0,1,1,2
463961,1,0,2,1
464018,0,1,1,2
464028,0,1,1,2
464310,0,1,1,2
464389,1,0,2,1
464407,1,0,2,1
464423,1,0,2,1
464431,1,0,2,1
464432,1,0,2,1
464550,0,6,1,7
464646,0,6,1,7
464647,0,6,1,7
464729,6,0,7,1
464730,6,0,7,1
464834,0,1,1,2
464855,1,0,2,1
464890,1,0,2,1
464931,1,0,2,1
464970,0,1,1,2
465042,6,0,7,1
465082,0,6,1,7
465146,0,6,1,7
465147,0,6,1,7
465148,0,6,1,7
465227,6,0,7,1
465230,6,0,7,1
465308,1,0,2,1
465356,1,0,2,1
465413,1,0,2,1
465428,1,0,2,1
465430,1,0,2,1
465436,0,1,1,2
465803,1,0,2,1
465824,1,0,2,1
465825,1,0,2,1
465888,1,0,2,1
465924,0,1,1,2
465959,1,0,2,1
465966,0,1,1,2
466041,6,0,7,1
466087,0,6,1,7
466226,6,0,7,1
466317,1,0,2,1
466320,1,0,2,1
466353,1,0,2,1
466380,1,0,2,1
466459,0,1,1,2
466631,6,0,7,1
466713,6,0,7,1
466714,6,0,7,1
466716,6,0,7,1
466727,0,1,1,2
466778,1,0,2,1
466920,1,0,2,1
466946,0,1,1,2
466993,1,0,2,1
467115,6,0,7,1
467195,6,0,7,1
467196,6,0,7,1
467199,6,0,7,1
467250,0,1,1,2
467288,1,0,2,1
467310,0,1,1,2
467313,0,1,1,2
467346,1,0,2,1
467351,1,0,2,1
467353,1,0,2,1
467358,0,1,1,2
467473,1,0,2,1
467679,6,0,7,1
467686,0,1,1,2
467732,0,1,1,2
467738,0,1,1,2
467854,1,0,2,1
467856,1,0,2,1
467875,1,0,2,1
467991,0,1,1,2
468115,0,6,1,7
468210,1,0,2,1
468219,1,0,2,1
468260,1,0,2,1
468262,0,1,1,2
468363,1,0,2,1
468401,1,0,2,1
468406,0,1,1,2
468610,0,6,1,7
468640,6,0,7,1
468741,0,1,1,2
468798,1,0,2,1
468802,1,0,2,1
468807,0,1,1,2
468808,0,1,1,2
468809,0,1,1,2
468838,1,0,2,1
468876,1,0,2,1
468879,1,0,2,1
468914,0,1,1,2
468919,1,0,2,1
468954,6,2,7,3
468955,0,2,1,3
468956,0,2,1,3
469052,0,6,1,7
469079,6,0,7,1
469108,0,1,1,2
469153,1,0,2,1
469216,0,1,1,2
469217,0,1,1,2
469225,1,0,2,1
469266,1,0,2,1
469279,0,1,1,2
469286,1,0,2,1
469290,1,0,2,1
469341,1,0,2,1
469381,0,1,1,2
469386,1,0,2,1
469387,1,0,2,1
469514,0,6,1,7
469515,0,6,1,7
469543,6,0,7,1
469682,0,1,1,2
469733,1,0,2,1
469734,1,0,2,1
469739,0,1,1,2
469753,1,0,2,1
469825,1,0,2,1
469878,1,0,2,1
469882,0,2,1,3
469967,6,0,7,1
469968,6,0,7,1
469995,6,0,7,1
470006,6,0,7,1
470034,0,1,1,2
470036,0,1,1,2
470203,0,1,1,2
470210,1,0,2,1
470263,1,0,2,1
470298,0,1,1,2
470299,0,1,1,2
470453,6,0,7,1
470457,6,0,7,1
470481,1,0,2,1
470523,1,0,2,1
470524,1,0,2,1
470635,0,1,1,2
470636,0,1,1,2
470641,0,1,1,2
470779,0,2,1,3
470780,0,2,1,3
470866,6,0,7,1
470867,6,0,7,1
470886,6,0,7,1
470887,6,0,7,1
470917,0,1,1,2
470921,0,1,1,2
471011,1,0,2,1
471026,1,0,2,1
471067,0,1,1,2
471149,0,1,1,2
471164,0,1,1,2
471166,0,1,1,2
471310,6,0,7,1
471331,1,0,2,1
471339,0,1,1,2
471367,0,1,1,2
471440,1,0,2,1
471445,1,0,2,1
471472,0,1,1,2
471487,0,1,1,2
471494,0,1,1,2
471502,1,0,2,1
471546,1,0,2,1
471572,0,1,1,2
471574,0,1,1,2
471587,0,1,1,2
471613,1,0,2,1
471614,1,0,2,1
471634,0,1,1,2
471635,0,1,1,2
471636,0,1,1,2
471727,6,0,7,1
471859,1,0,2,1
471863,1,0,2,1
471912,0,1,1,2
471988,0,1,1,2
471990,0,1,1,2
472014,1,0,2,1
472030,1,0,2,1
472052,0,1,1,2
472054,0,1,1,2
472129,6,0,7,1
472146,6,0,7,1
472166,1,0,2,1
472178,1,0,2,1
472278,1,0,2,1
472282,1,0,2,1
472283,1,0,2,1
472326,0,1,1,2
472389,1,0,2,1
472404,0,1,1,2
472421,1,0,2,1
472434,1,0,2,1
472469,0,1,1,2
472539,6,0,7,1
472576,1,0,2,1
472582,1,0,2,1
472594,1,0,2,1
472596,1,0,2,1
472604,1,0,2,1
472688,1,0,2,1
472829,1,0,2,1
472970,0,6,1,7
472975,0,6,1,7
472990,1,0,2,1
472991,1,0,2,1
472995,1,0,2,1
473010,1,0,2,1
473012,1,0,2,1
473131,1,0,2,1
473213,1,0,2,1
473225,0,1,1,2
473227,0,1,1,2
473242,1,0,2,1
473256,1,0,2,1
473384,0,6,1,7
473387,0,6,1,7
473397,1,0,2,1
473402,1,0,2,1
473404,1,0,2,1
473414,1,0,2,1
473415,1,0,2,1
473417,1,0,2,1
473462,0,1,1,2
473463,0,1,1,2
473508,1,0,2,1
473509,1,0,2,1
473510,1,0,2,1
473550,1,0,2,1
473612,1,0,2,1
473778,0,6,1,7
473779,0,6,1,7
473790,1,0,2,1
473791,1,0,2,1
473794,1,0,2,1
473799,1,0,2,1
473800,1,0,2,1
473806,1,0,2,1
473849,0,1,1,2
473897,1,0,2,1
473917,1,0,2,1
473930,1,0,2,1
473966,1,4,2,5
474014,1,0,2,1
474025,1,0,2,1
474036,1,0,2,1
474143,6,0,7,1
474161,1,0,2,1
474164,1,0,2,1
474167,1,0,2,1
474171,1,0,2,1
474176,1,0,2,1
474273,1,0,2,1
474276,1,0,2,1
474311,1,0,2,1
474368,0,1,1,2
474373,0,1,1,2
474519,1,0,2,1
474526,1,0,2,1
474581,0,1,1,2
474587,0,1,1,2
474621,0,1,1,2
474636,0,1,1,2
474637,0,1,1,2
474638,0,1,1,2
474647,1,0,2,1
474752,1,0,2,1
474812,0,6,1,7
474865,1,0,2,1
474866,1,0,2,1
474867,1,0,2,1
474879,1,0,2,1
474955,0,1,1,2
474956,0,1,1,2
474958,0,1,1,2
475003,1,0,2,1
475006,0,1,1,2
475057,0,1,1,2
475106,1,0,2,1
475151,0,6,1,7
475152,0,6,1,7
475262,0,1,1,2
475385,0,1,1,2
475484,0,6,1,7
475485,0,6,1,7
475592,0,1,1,2
475593,0,1,1,2
475647,1,0,2,1
475667,1,0,2,1
475716,0,1,1,2
475814,0,6,1,7
475913,0,1,1,2
475941,0,1,1,2
475953,1,0,2,1
475962,0,1,1,2
475988,1,0,2,1
476132,0,6,1,7
476252,0,1,1,2
476254,0,1,1,2
476274,0,1,1,2
476304,0,1,1,2
476348,0,1,1,2
476398,1,0,2,1
476472,1,0,2,1
476489,1,0,2,1
476550,0,1,1,2
476553,0,1,1,2
476564,1,0,2,1
476605,1,0,2,1
476648,0,1,1,2
476699,1,0,2,1
476700,1,0,2,1
476737,0,6,1,7
476770,1,0,2,1
476771,1,0,2,1
476774,1,0,2,1
476848,0,1,1,2
476849,0,1,1,2
476853,0,1,1,2
476855,0,1,1,2
476873,0,1,1,2
476942,0,1,1,2
476943,0,1,1,2
476944,0,1,1,2
476986,1,0,2,1
476988,1,0,2,1
476995,1,0,2,1
477037,0,6,1,7
477079,1,0,2,1
477126,1,0,2,1
477156,0,1,1,2
477201,1,0,2,1
477241,0,1,1,2
477253,1,0,2,1
477292,1,0,2,1
477330,0,6,1,7
477331,0,6,1,7
477360,1,0,2,1
477361,1,0,2,1
477363,1,0,2,1
477381,1,0,2,1
477385,1,0,2,1
477419,1,0,2,1
477446,0,1,1,2
477623,0,6,1,7
477653,1,0,2,1
477654,1,0,2,1
477675,1,0,2,1
477711,1,0,2,1
477783,1,0,2,1
477823,0,1,1,2
477830,0,1,1,2
477876,1,0,2,1
477909,0,6,1,7
477919,0,6,1,7
477941,1,0,2,1
477944,1,0,2,1
478000,1,0,2,1
478113,0,1,1,2
478119,0,1,1,2
478161,1,0,2,1
478197,0,6,1,7
478198,0,6,1,7
478201,0,6,1,7
478203,0,6,1,7
478205,0,6,1,7
478225,1,0,2,1
478228,1,0,2,1
478229,1,0,2,1
478309,0,1,1,2
478315,0,1,1,2
478316,0,1,1,2
478429,1,0,2,1
478441,1,0,2,1
478485,0,6,1,7
478486,0,6,1,7
478488,0,6,1,7
478593,0,1,1,2
478619,0,1,1,2
478635,1,0,2,1
478697,1,0,2,1
478701,1,0,2,1
478704,1,0,2,1
478705,1,0,2,1
478707,1,0,2,1
478714,1,0,2,1
478744,6,0,7,1
478756,0,6,1,7
478775,1,0,2,1
478784,1,0,2,1
478786,1,0,2,1
478842,0,1,1,2
478844,0,1,1,2
478862,0,1,1,2
478864,0,1,1,2
478947,0,1,1,2
478966,1,0,2,1
478968,1,0,2,1
479026,0,6,1,7
479046,1,0,2,1
479052,1,0,2,1
479111,0,1,1,2
479114,0,1,1,2
479136,0,1,1,2
479138,0,1,1,2
479149,1,0,2,1
479213,0,1,1,2
479214,0,1,1,2
479238,1,0,2,1
479241,1,0,2,1
479243,1,0,2,1
479245,1,0,2,1
479312,1,0,2,1
479314,1,0,2,1
479323,1,0,2,1
479381,0,1,1,2
479478,1,0,2,1
479505,1,0,2,1
479511,1,0,2,1
479516,1,0,2,1
479518,1,0,2,1
479523,1,0,2,1
479582,1,0,2,1
479586,1,0,2,1
479587,1,0,2,1
479745,1,0,2,1
479775,1,0,2,1
479779,1,0,2,1
479862,0,1,1,2
479922,0,1,1,2
479924,0,1,1,2
479947,1,0,2,1
479948,1,0,2,1
479962,1,0,2,1
479994,1,0,2,1
480019,0,1,1,2
480045,1,0,2,1
480097,0,6,1,7
480198,0,1,1,2
480199,0,1,1,2
480270,1,0,2,1
480271,1,0,2,1
480325,1,0,2,1
480333,1,0,2,1
480334,1,0,2,1
480494,1,0,2,1
480496,1,0,2,1
480504,1,0,2,1
480522,1,0,2,1
480602,1,0,2,1
480609,1,0,2,1
480651,0,6,1,7
480652,0,6,1,7
480656,0,6,1,7
480685,1,0,2,1
480702,0,1,1,2
480864,1,0,2,1
480898,1,0,2,1
481138,1,0,2,1
481150,1,0,2,1
481153,1,0,2,1
481156,1,0,2,1
481197,0,6,1,7
481261,1,0,2,1
481321,0,1,1,2
481379,1,0,2,1
481417,1,0,2,1
481422,1,0,2,1
481424,1,0,2,1
481504,0,1,1,2
481525,1,0,2,1
481526,1,0,2,1
481604,0,1,1,2
481697,1,0,2,1
481706,1,0,2,1
481791,1,0,2,1
481865,0,1,1,2
481866,0,1,1,2
481973,1,0,2,1
481974,1,0,2,1
481989,0,1,1,2
482157,0,1,1,2
482158,0,1,1,2
482165,0,1,1,2
482166,0,1,1,2
482167,0,1,1,2
482278,1,0,2,1
482284,1,0,2,1
482294,0,1,1,2
482432,1,0,2,1
482459,1,0,2,1
482476,0,1,1,2
482478,0,1,1,2
482479,0,1,1,2
482524,1,0,2,1
482719,1,0,2,1
482762,1,0,2,1
482788,1,0,2,1
482789,1,0,2,1
482792,1,0,2,1
482802,0,1,1,2
482805,0,1,1,2
482830,0,1,1,2
482914,1,0,2,1
482924,1,0,2,1
483044,1,0,2,1
483046,1,0,2,1
483143,0,1,1,2
483248,1,0,2,1
483250,1,0,2,1
483251,1,0,2,1
483374,1,0,2,1
483445,1,0,2,1
483557,1,0,2,1
483575,1,0,2,1
483626,0,6,1,7
483652,1,6,2,7
483706,1,0,2,1
483817,0,1,1,2
483916,1,0,2,1
483918,1,0,2,1
484168,1,0,2,1
484486,1,0,2,1
484556,1,0,2,1
484889,0,1,1,2
484890,0,1,1,2
484893,0,1,1,2
484928,6,1,7,2
484930,6,1,7,2
484964,1,0,2,1
485192,0,1,1,2
485410,0,1,1,2
485412,0,1,1,2
485509,0,1,1,2
485510,0,1,1,2
485710,0,1,1,2
485711,0,1,1,2
485738,1,0,2,1
485853,1,6,2,7
485923,0,1,1,2
486076,0,1,1,2
486259,0,1,1,2
486486,1,0,2,1
486581,1,0,2,1
486633,0,1,1,2
486640,0,1,1,2
486643,0,1,1,2
486647,0,1,1,2
486648,0,1,1,2
486652,0,1,1,2
486654,0,1,1,2
486658,0,1,1,2
486770,0,1,1,2
486780,1,0,2,1
486796,0,1,1,2
487002,0,1,1,2
487010,0,1,1,2
487012,0,1,1,2
487013,0,1,1,2
487024,0,1,1,2
487028,0,1,1,2
487038,0,1,1,2
487048,0,1,1,2
487049,0,1,1,2
487050,0,1,1,2
487159,0,1,1,2
487187,0,1,1,2
487240,1,0,2,1
487316,1,6,2,7
487396,0,1,1,2
487399,0,1,1,2
487565,0,1,1,2
487568,0,1,1,2
487575,0,1,1,2
487577,0,1,1,2
487700,1,6,2,7
487828,0,1,1,2
487928,0,1,1,2
487941,0,1,1,2
487942,0,1,1,2
488009,1,0,2,1
488034,1,0,2,1
488040,0,1,1,2
488042,0,1,1,2
488043,0,1,1,2
488044,0,1,1,2
488058,6,1,7,2
488060,6,1,7,2
488167,1,0,2,1
488202,0,1,1,2
488215,0,1,1,2
488324,0,1,1,2
488395,1,0,2,1
488421,0,1,1,2
488425,0,1,1,2
488435,1,0,2,1
488479,6,1,7,2
488504,0,1,1,2
488517,0,1,1,2
488518,0,1,1,2
488562,1,0,2,1
488565,1,0,2,1
488601,0,1,1,2
488602,0,1,1,2
488613,0,1,1,2
488636,1,0,2,1
488810,0,1,1,2
488813,0,1,1,2
488815,0,1,1,2
488989,0,1,1,2
489103,0,1,1,2
489271,0,1,1,2
489369,0,1,1,2
489373,0,1,1,2
489409,1,0,2,1
489483,0,1,1,2
489558,1,0,2,1
489579,0,1,1,2
489581,0,1,1,2
489657,0,1,1,2
489701,0,1,1,2
489702,0,1,1,2
489715,1,0,2,1
489755,0,1,1,2
489757,0,1,1,2
489758,0,1,1,2
489778,0,1,1,2
489856,0,1,1,2
489893,1,0,2,1
489948,0,1,1,2
489949,1,0,2,1
489996,6,1,7,2
490035,1,0,2,1
490085,0,1,1,2
490099,0,1,1,2
490102,0,1,1,2
490113,1,0,2,1
490125,0,1,1,2
490176,0,1,1,2
490177,0,1,1,2
490397,0,1,1,2
490398,0,1,1,2
490408,6,1,7,2
490472,0,1,1,2
490473,0,1,1,2
490505,0,1,1,2
490507,0,1,1,2
490508,0,1,1,2
490533,0,1,1,2
490583,0,1,1,2
490586,0,1,1,2
490685,0,1,1,2
490746,1,4,2,5
490771,1,0,2,1
490865,0,1,1,2
490866,0,1,1,2
490897,0,1,1,2
490898,0,1,1,2
490928,1,0,2,1
490974,0,1,1,2
490984,0,1,1,2
490989,0,1,1,2
490994,0,1,1,2
491097,0,1,1,2
491124,1,0,2,1
491167,1,0,2,1
491179,0,1,1,2
491214,0,1,1,2
491216,0,1,1,2
491301,0,1,1,2
491323,0,1,1,2
491414,0,1,1,2
491448,1,0,2,1
491479,1,0,2,1
491586,1,0,2,1
491587,1,0,2,1
491602,1,0,2,1
491646,0,1,1,2
491657,6,1,7,2
491728,0,1,1,2
491730,0,1,1,2
491758,0,1,1,2
491761,0,1,1,2
491801,0,1,1,2
492023,1,4,2,5
492033,1,0,2,1
492034,1,0,2,1
492037,1,0,2,1
492075,0,1,1,2
492110,1,6,2,7
492124,0,1,1,2
492132,0,1,1,2
492162,0,1,1,2
492163,0,1,1,2
492164,0,1,1,2
492165,0,1,1,2
492288,0,1,1,2
492315,1,0,2,1
492339,1,0,2,1
492389,1,0,2,1
492448,0,1,1,2
492454,0,1,1,2
492456,1,4,2,5
492506,0,1,1,2
492558,0,1,1,2
492560,0,1,1,2
492603,0,1,1,2
492761,1,0,2,1
492774,1,0,2,1
492827,1,0,2,1
492913,1,0,2,1
492927,1,0,2,1
492993,0,1,1,2
492994,0,1,1,2
493003,0,1,1,2
493040,0,1,1,2
493061,1,0,2,1
493062,1,0,2,1
493114,0,1,1,2
493204,1,0,2,1
493266,0,1,1,2
493270,1,0,2,1
493380,0,1,1,2
493447,0,1,1,2
493455,0,1,1,2
493485,0,1,1,2
493662,1,0,2,1
493664,1,0,2,1
493665,1,0,2,1
493667,1,0,2,1
493817,0,1,1,2
493872,6,0,7,1
493887,0,1,1,2
493888,0,1,1,2
493890,0,1,1,2
494045,1,0,2,1
494187,1,0,2,1
494286,0,1,1,2
494288,0,1,1,2
494337,6,0,7,1
494397,0,1,1,2
494426,1,0,2,1
494462,0,1,1,2
494512,1,0,2,1
494548,1,4,2,5
494601,1,0,2,1
494764,0,1,1,2
494781,0,1,1,2
494782,0,1,1,2
494783,0,1,1,2
494827,6,0,7,1
494877,0,1,1,2
494988,1,0,2,1
494990,1,0,2,1
495231,1,0,2,1
495232,1,0,2,1
495279,0,1,1,2
495283,0,1,1,2
495324,0,6,1,7
495453,1,0,2,1
495480,0,1,1,2
495484,1,0,2,1
495560,0,1,1,2
495656,1,0,2,1
495688,1,0,2,1
495764,0,1,1,2
495769,0,1,1,2
495821,0,6,1,7
495824,0,6,1,7
495825,0,6,1,7
495873,0,1,1,2
495897,0,1,1,2
495941,0,1,1,2
495943,0,1,1,2
496042,0,1,1,2
496175,1,0,2,1
496278,0,1,1,2
496329,0,6,1,7
496348,6,0,7,1
496387,0,1,1,2
496395,0,1,1,2
496398,0,1,1,2
496400,0,1,1,2
496410,0,1,1,2
496427,1,0,2,1
496428,1,0,2,1
496430,1,0,2,1
496462,0,1,1,2
496463,0,1,1,2
496497,1,0,2,1
496510,0,1,1,2
496583,0,1,1,2
496708,1,0,2,1
496810,0,1,1,2
496816,0,1,1,2
496859,0,6,1,7
496899,0,1,1,2
496900,0,1,1,2
496949,0,1,1,2
496962,1,0,2,1
497009,0,1,1,2
497014,0,1,1,2
497228,0,1,1,2
497255,1,0,2,1
497353,0,1,1,2
497358,0,1,1,2
497361,0,1,1,2
497363,0,1,1,2
497450,0,1,1,2
497453,0,1,1,2
497501,1,0,2,1
497503,1,0,2,1
497508,1,0,2,1
497571,0,1,1,2
497591,0,1,1,2
497691,0,4,1,5
497736,0,1,1,2
497894,0,1,1,2
497902,0,1,1,2
497903,0,1,1,2
497907,0,1,1,2
498007,0,1,1,2
498054,1,0,2,1
498055,1,0,2,1
498118,0,1,1,2
498121,0,1,1,2
498157,1,0,2,1
498202,0,1,1,2
498244,4,1,5,2
498245,0,1,1,2
498247,0,4,1,5
498317,1,0,2,1
498331,0,1,1,2
498333,0,1,1,2
498460,0,1,1,2
498461,0,1,1,2
498464,0,1,1,2
498465,0,1,1,2
498554,0,1,1,2
498606,1,0,2,1
498628,1,0,2,1
498671,0,1,1,2
498693,0,1,1,2
498756,0,1,1,2
498779,0,1,1,2
498840,0,1,1,2
498887,0,1,1,2
499007,1,0,2,1
499110,0,1,1,2
499159,1,0,2,1
499163,1,0,2,1
499180,1,0,2,1
499181,1,0,2,1
499356,4,1,5,2
499357,0,1,1,2
499358,0,1,1,2
499431,0,1,1,2
499445,0,1,1,2
499452,0,1,1,2
499459,0,1,1,2
499573,1,0,2,1
499729,0,1,1,2
499830,0,1,1,2
499883,0,1,1,2
499927,0,1,1,2
499944,0,1,1,2
499998,0,1,1,2
500000,0,1,1,2
500017,0,1,1,2
500021,0,1,1,2
500022,0,1,1,2
500024,0,1,1,2
500026,0,1,1,2
500077,1,0,2,1
500078,1,0,2,1
500152,0,1,1,2
500154,0,1,1,2
500156,0,1,1,2
500278,0,1,1,2
500287,0,1,1,2
500288,0,1,1,2
500295,0,1,1,2
500307,0,1,1,2
500308,0,1,1,2
500315,0,1,1,2
500393,0,1,1,2
500442,0,1,1,2
500443,0,1,1,2
500483,1,0,2,1
500489,0,1,1,2
500490,0,1,1,2
500562,0,1,1,2
500563,0,1,1,2
500714,0,1,1,2
500835,0,1,1,2
500837,0,1,1,2
500842,0,1,1,2
500843,0,1,1,2
500844,0,1,1,2
500863,0,1,1,2
500872,0,1,1,2
500954,0,1,1,2
500955,0,1,1,2
500958,0,1,1,2
501007,0,1,1,2
501008,0,1,1,2
501043,0,1,1,2
501055,0,1,1,2
501281,0,1,1,2
501284,0,1,1,2
501388,0,1,1,2
501428,0,1,1,2
501432,0,1,1,2
501433,0,1,1,2
501514,0,1,1,2
501515,0,1,1,2
501581,1,0,2,1
501610,0,1,1,2
501630,0,1,1,2
501779,1,0,2,1
501933,0,1,1,2
501950,1,0,2,1
501997,0,1,1,2
502168,1,0,2,1
502173,0,1,1,2
502251,0,1,1,2
502411,0,1,1,2
502612,0,1,1,2
502640,0,1,1,2
502689,0,1,1,2
502727,0,1,1,2
502746,0,4,1,5
502810,0,1,1,2
502811,0,1,1,2
502925,1,0,2,1
502964,1,0,2,1
503016,0,6,1,7
503104,0,1,1,2
503198,0,1,1,2
503240,0,1,1,2
503243,0,1,1,2
503280,0,1,1,2
503367,0,1,1,2
503716,0,1,1,2
503736,0,1,1,2
503841,4,1,5,2
503846,1,0,2,1
503910,0,1,1,2
504031,1,0,2,1
504186,0,1,1,2
504187,0,1,1,2
504278,0,1,1,2
504279,0,1,1,2
504280,0,1,1,2
504283,0,1,1,2
504346,1,0,2,1
504385,0,1,1,2
504404,0,1,1,2
504581,1,0,2,1
504617,0,1,1,2
504733,0,1,1,2
504788,0,1,1,2
504821,0,1,1,2
504882,1,0,2,1
504885,1,0,2,1
504940,0,1,1,2
505011,0,1,1,2
505012,0,1,1,2
505015,0,1,1,2
505132,1,0,2,1
505168,1,0,2,1
505274,0,1,1,2
505312,0,1,1,2
505331,0,1,1,2
505484,0,1,1,2
505683,1,0,2,1
505770,0,6,1,7
505823,0,1,1,2
505827,0,1,1,2
505971,1,0,2,1
506123,0,1,1,2
506238,1,0,2,1
506333,0,1,1,2
506377,0,1,1,2
506379,0,1,1,2
506526,1,0,2,1
506573,0,1,1,2
506592,0,1,1,2
506679,0,1,1,2
506681,0,1,1,2
507137,0,1,1,2
507226,0,1,1,2
507386,1,0,2,1
507387,1,0,2,1
507426,6,1,7,2
507427,0,1,1,2
507610,1,0,2,1
507659,0,1,1,2
507769,0,1,1,2
507772,0,1,1,2
507774,0,1,1,2
507889,0,1,1,2
507890,0,1,1,2
507921,1,0,2,1
507932,1,0,2,1
508150,0,1,1,2
508189,1,4,2,5
508258,0,1,1,2
508319,0,1,1,2
508427,0,1,1,2
508431,0,1,1,2
508732,0,5,1,6
508795,1,0,2,1
508851,0,1,1,2
508958,0,1,1,2
508959,0,1,1,2
508964,1,0,2,1
508970,0,1,1,2
509341,1,0,2,1
509514,0,1,1,2
509517,0,1,1,2
509519,0,1,1,2
509762,0,1,1,2
509789,1,4,2,5
509791,1,4,2,5
509869,1,0,2,1
509878,1,0,2,1
509879,1,0,2,1
510038,0,1,1,2
510055,0,1,1,2
510306,1,4,2,5
510307,1,4,2,5
510457,0,1,1,2
510575,0,1,1,2
510766,0,1,1,2
510777,0,1,1,2
510779,0,1,1,2
510806,1,4,2,5
510811,4,1,5,2
510961,0,1,1,2
511079,0,1,1,2
511269,0,1,1,2
511294,1,4,2,5
511295,1,4,2,5
511297,1,4,2,5
511340,0,1,1,2
511459,0,1,1,2
511643,6,0,7,1
511693,0,6,1,7
511760,0,1,1,2
511796,1,0,2,1
511884,1,0,2,1
511885,1,0,2,1
511887,1,0,2,1
512049,0,1,1,2
512217,0,1,1,2
512218,0,1,1,2
512219,0,1,1,2
512228,1,0,2,1
512232,0,1,1,2
512267,4,0,5,1
512304,0,1,1,2
512305,0,1,1,2
512432,0,1,1,2
512529,0,1,1,2
512614,6,0,7,1
512637,0,6,1,7
512695,0,1,1,2
512697,0,1,1,2
512706,1,0,2,1
512714,0,1,1,2
512715,0,1,1,2
512740,1,4,2,5
512856,1,0,2,1
512918,0,1,1,2
512989,1,0,2,1
513119,0,6,1,7
513175,0,1,1,2
513176,0,1,1,2
513196,0,1,1,2
513221,1,4,2,5
513288,0,1,1,2
513337,1,0,2,1
513407,0,1,1,2
513409,0,1,1,2
513480,1,0,2,1
513481,1,0,2,1
513482,1,0,2,1
513663,0,1,1,2
513664,0,1,1,2
513675,1,0,2,1
513676,1,0,2,1
513758,0,1,1,2
513836,1,0,2,1
513903,0,1,1,2
513906,0,1,1,2
513972,1,0,2,1
514101,0,6,1,7
514145,0,1,1,2
514161,1,0,2,1
514212,1,0,2,1
514213,1,0,2,1
514232,1,0,2,1
514324,1,0,2,1
514327,1,0,2,1
514390,0,1,1,2
514396,0,1,1,2
514397,0,1,1,2
514576,6,0,7,1
514587,0,6,1,7
514642,0,1,1,2
514643,0,1,1,2
514652,1,0,2,1
514664,0,1,1,2
514686,1,4,2,5
514819,1,0,2,1
514820,1,0,2,1
514882,0,1,1,2
514983,1,0,2,1
515069,0,6,1,7
515070,0,6,1,7
515080,0,6,1,7
515120,0,1,1,2
515127,0,1,1,2
515128,0,1,1,2
515163,1,0,2,1
515188,1,0,2,1
515217,0,1,1,2
515364,0,6,1,7
515368,0,1,1,2
515492,0,1,1,2
515557,0,6,1,7
515605,0,1,1,2
515649,1,0,2,1
515701,0,1,1,2
515855,0,1,1,2
516041,0,6,1,7
516043,0,6,1,7
516120,0,1,1,2
516121,0,1,1,2
516127,1,0,2,1
516134,1,0,2,1
516139,1,0,2,1
516143,1,4,2,5
516148,4,0,5,1
516338,0,6,1,7
516340,0,6,1,7
516344,0,1,1,2
516532,0,6,1,7
516625,1,0,2,1
516627,1,0,2,1
516629,1,0,2,1
517024,0,6,1,7
517171,0,1,1,2
517459,0,1,1,2
517466,0,1,1,2
517662,0,1,1,2
517664,0,1,1,2
517722,0,1,1,2
517866,0,1,1,2
517965,0,1,1,2
518010,0,6,1,7
518011,0,6,1,7
518012,0,6,1,7
518105,4,0,5,1
518151,0,1,1,2
518153,0,1,1,2
518304,1,0,2,1
518306,1,0,2,1
518451,0,1,1,2
518529,0,1,1,2
518584,4,0,5,1
518609,0,1,1,2
518629,0,1,1,2
518688,0,1,1,2
518780,0,6,1,7
518784,1,0,2,1
518936,1,0,2,1
518955,1,0,2,1
518956,1,0,2,1
518974,0,6,1,7
519023,0,1,1,2
519255,0,6,1,7
519312,0,1,1,2
519385,0,1,1,2
519431,1,0,2,1
519433,1,0,2,1
519446,0,6,1,7
519533,4,0,5,1
519580,0,1,1,2
519730,1,0,2,1
519731,1,0,2,1
519785,0,1,1,2
519854,0,1,1,2
519866,0,1,1,2
519868,0,1,1,2
519871,0,1,1,2
519904,1,0,2,1
519907,1,0,2,1
519943,1,0,2,1
520001,4,0,5,1
520032,1,0,2,1
520191,1,6,2,7
520196,1,0,2,1
520197,1,0,2,1
520335,0,1,1,2
520373,1,0,2,1
520471,0,1,1,2
520500,1,0,2,1
520517,0,1,1,2
520518,0,1,1,2
520652,1,6,2,7
520783,0,1,1,2
520784,0,1,1,2
520830,1,0,2,1
520833,1,0,2,1
520974,0,1,1,2
520976,0,1,1,2
521241,0,1,1,2
521321,1,0,2,1
521422,1,0,2,1
521434,0,1,1,2
521700,0,1,1,2
521920,0,6,1,7
522153,0,1,1,2
522182,1,0,2,1
522194,1,0,2,1
522239,1,0,2,1
522305,0,1,1,2
522343,0,1,1,2
522468,6,0,7,1
522609,0,1,1,2
522610,0,1,1,2
522635,1,0,2,1
522651,0,1,1,2
522782,0,1,1,2
522801,0,1,1,2
523059,1,0,2,1
523065,0,1,1,2
523107,0,1,1,2
523188,0,1,1,2
523255,0,1,1,2
523256,0,1,1,2
523510,1,0,2,1
523512,0,1,1,2
523558,0,1,1,2
523563,1,0,2,1
523572,1,0,2,1
523642,0,1,1,2
523685,0,1,1,2
524020,0,1,1,2
524021,0,1,1,2
524065,0,1,1,2
524166,1,0,2,1
524482,0,1,1,2
524483,0,1,1,2
524529,0,1,1,2
524559,0,1,1,2
524570,0,1,1,2
524572,0,1,1,2
524957,0,1,1,2
524969,1,0,2,1
525433,0,1,1,2
525447,1,0,2,1
525449,1,0,2,1
525458,0,6,1,7
525511,0,1,1,2
525541,0,1,1,2
525915,0,1,1,2
525929,1,0,2,1
525931,1,0,2,1
525968,0,1,1,2
526388,0,1,1,2
526414,0,6,1,7
526416,0,6,1,7
526893,1,0,2,1
526899,0,6,1,7
527337,0,1,1,2
527347,1,0,2,1
527805,1,0,2,1
528745,1,0,2,1
530037,0,1,1,2
530370,6,1,7,2
530801,6,1,7,2
530997,0,6,1,7
531238,0,1,1,2
531242,0,1,1,2
531652,0,1,1,2
531656,0,1,1,2
532429,0,6,1,7
532889,0,1,1,2
533043,0,6,1,7
533104,0,1,1,2
533215,0,6,1,7
533217,0,6,1,7
533218,0,6,1,7
533277,1,0,2,1
533429,0,6,1,7
533597,0,6,1,7
533655,0,1,1,2
533775,0,1,1,2
533790,1,0,2,1
533792,1,0,2,1
533793,1,0,2,1
533973,0,6,1,7
533974,0,6,1,7
534048,0,6,1,7
534123,1,0,2,1
534134,1,0,2,1
534241,0,1,1,2
534247,0,1,1,2
534253,1,0,2,1
534368,0,1,1,2
534493,1,0,2,1
534498,1,0,2,1
534595,1,0,2,1
534685,6,1,7,2
534818,1,0,2,1
534831,1,0,2,1
535116,1,0,2,1
535143,1,0,2,1
535153,1,0,2,1
535154,1,0,2,1
535157,1,0,2,1
535202,0,1,1,2
535418,1,0,2,1
535447,1,0,2,1
535497,0,1,1,2
535712,1,0,2,1
535732,0,1,1,2
535733,0,1,1,2
535741,1,0,2,1
535743,1,0,2,1
535744,1,0,2,1
535747,1,0,2,1
535749,1,0,2,1
535786,0,1,1,2
535787,0,1,1,2
535789,0,1,1,2
535840,1,0,2,1
536013,0,1,1,2
536062,0,1,1,2
536104,0,1,1,2
536107,0,1,1,2
536112,1,0,2,1
536174,6,1,7,2
536287,0,1,1,2
536291,0,1,1,2
536336,0,1,1,2
536387,1,0,2,1
536462,0,1,1,2
536561,0,1,1,2
536652,0,1,1,2
536654,0,1,1,2
536660,1,0,2,1
536781,0,1,1,2
536796,1,0,2,1
537012,6,1,7,2
537051,0,6,1,7
537086,1,0,2,1
537133,0,1,1,2
537136,1,0,2,1
537365,1,0,2,1
537381,1,0,2,1
537416,1,0,2,1
537418,1,0,2,1
537419,1,0,2,1
537582,6,1,7,2
537603,6,0,7,1
537625,0,1,1,2
537651,1,0,2,1
537665,1,0,2,1
537705,1,0,2,1
537707,1,0,2,1
537783,1,0,2,1
537790,0,1,1,2
537888,6,0,7,1
537901,0,6,1,7
537906,0,1,1,2
537908,0,1,1,2
537934,1,0,2,1
537945,1,0,2,1
538168,6,0,7,1
538193,0,1,1,2
538359,1,0,2,1
538363,0,1,1,2
538369,1,0,2,1
538444,1,0,2,1
538508,1,0,2,1
538514,1,0,2,1
538517,1,0,2,1
538561,1,0,2,1
538564,1,0,2,1
538713,0,6,1,7
538715,0,6,1,7
538785,1,0,2,1
538917,1,0,2,1
538987,0,6,1,7
539101,1,0,2,1
539102,1,0,2,1
539250,0,6,1,7
539255,0,6,1,7
539266,0,6,1,7
539355,1,0,2,1
539363,1,0,2,1
539364,1,0,2,1
539367,1,0,2,1
539374,1,0,2,1
539519,0,6,1,7
539521,0,6,1,7
539524,0,6,1,7
539533,0,6,1,7
539632,1,0,2,1
539874,1,0,2,1
540129,1,0,2,1
540177,0,1,1,2
540637,1,0,2,1
540784,0,6,1,7
540817,1,0,2,1
541310,0,6,1,7
541322,0,1,1,2
541800,0,1,1,2
541808,0,1,1,2
541809,0,1,1,2
542048,0,1,1,2
542049,0,1,1,2
542194,0,6,1,7
542279,0,1,1,2
542518,0,1,1,2
542739,0,6,1,7
542740,0,6,1,7
542749,0,1,1,2
542963,1,0,2,1
543313,0,1,1,2
543314,0,1,1,2
543693,0,1,1,2
543801,6,1,7,2
544269,0,1,1,2
544304,6,1,7,2
544305,6,0,7,1
544448,0,1,1,2
545012,0,1,1,2
545570,0,1,1,2
545572,0,1,1,2
545702,0,1,1,2
545954,0,1,1,2
545959,0,1,1,2
546082,0,1,1,2
546086,0,1,1,2
546213,0,1,1,2
546219,0,1,1,2
546500,0,1,1,2
546502,0,1,1,2
546644,0,1,1,2
546784,0,1,1,2
546785,0,1,1,2
547224,0,1,1,2
547226,0,1,1,2
547227,0,1,1,2
547373,0,1,1,2
547523,1,0,2,1
547996,1,0,2,1
548143,1,0,2,1
548696,1,0,2,1
548938,1,0,2,1
549068,0,1,1,2
549197,0,1,1,2
549199,0,1,1,2
549411,0,1,1,2
549412,0,1,1,2
549414,0,1,1,2
549589,1,0,2,1
549849,0,1,1,2
549850,0,1,1,2
549883,1,0,2,1
550038,1,0,2,1
550174,0,1,1,2
550409,1,2,2,3
550519,0,1,1,2
550549,0,1,1,2
550551,0,1,1,2
550730,0,1,1,2
550916,1,0,2,1
550921,0,1,1,2
550961,1,2,2,3
551108,1,0,2,1
551298,0,1,1,2
551300,0,1,1,2
551463,1,0,2,1
551487,0,1,1,2
551489,0,1,1,2
551650,1,0,2,1
551651,1,0,2,1
551835,1,0,2,1
551837,1,0,2,1
551959,6,0,7,1
552024,1,0,2,1
552257,0,1,1,2
552345,6,0,7,1
552409,1,0,2,1
552445,1,0,2,1
552449,0,1,1,2
552744,6,0,7,1
552745,6,0,7,1
552748,6,0,7,1
552848,1,0,2,1
552952,6,0,7,1
553119,1,4,2,5
553158,6,0,7,1
553159,6,0,7,1
553216,1,0,2,1
553324,1,4,2,5
553363,6,0,7,1
553364,6,0,7,1
553762,6,0,7,1
553810,0,1,1,2
553813,0,1,1,2
553867,1,0,2,1
553869,1,0,2,1
554010,0,1,1,2
554066,1,0,2,1
554097,1,2,2,3
554141,1,4,2,5
554202,0,1,1,2
554203,0,1,1,2
554215,1,0,2,1
554286,4,1,5,2
554335,1,4,2,5
554336,1,4,2,5
554408,1,0,2,1
554457,0,1,1,2
554481,4,1,5,2
554484,1,2,2,3
554612,1,0,2,1
554648,0,1,1,2
554717,1,4,2,5
554845,1,0,2,1
554867,1,2,2,3
554987,1,0,2,1
555056,4,1,5,2
555058,4,1,5,2
555118,1,4,2,5
555165,1,0,2,1
555166,1,0,2,1
555167,1,0,2,1
555194,1,0,2,1
555275,1,2,2,3
555360,1,0,2,1
555363,1,0,2,1
555388,1,0,2,1
555444,4,1,5,2
555459,1,2,2,3
555489,1,4,2,5
555552,1,0,2,1
555557,1,0,2,1
555683,1,4,2,5
555745,1,0,2,1
555751,1,0,2,1
555821,1,0,2,1
555838,1,2,2,3
555942,1,0,2,1
556130,1,0,2,1
556134,1,0,2,1
556158,0,1,1,2
556321,1,0,2,1
556343,0,1,1,2
556395,1,0,2,1
556433,1,2,2,3
556507,1,0,2,1
556534,0,1,1,2
556724,0,1,1,2
556776,4,1,5,2
556882,1,0,2,1
557145,1,2,2,3
557147,1,2,2,3
557538,2,1,3,2
557723,2,1,3,2
557766,0,1,1,2
557859,0,1,1,2
557871,0,1,1,2
557953,0,1,1,2
558041,0,1,1,2
558043,0,1,1,2
558047,0,1,1,2
558052,0,1,1,2
558054,0,1,1,2
558055,0,1,1,2
558067,1,2,2,3
558220,0,1,1,2
558229,0,1,1,2
558234,0,1,1,2
558271,1,2,2,3
558352,1,0,2,1
558411,0,1,1,2
558634,1,2,2,3
558788,4,1,5,2
558803,2,1,3,2
558963,2,1,3,2
558964,4,1,5,2
558978,2,1,3,2
559152,2,1,3,2
559166,1,2,2,3
559167,1,2,2,3
559293,1,0,2,1
559313,2,5,3,6
559318,2,1,3,2
559331,2,1,3,2
559346,1,2,2,3
559488,5,1,6,2
559494,2,1,3,2
559498,2,1,3,2
559500,2,1,3,2
559515,1,2,2,3
559524,1,2,2,3
559648,1,0,2,1
559659,5,1,6,2
559660,5,1,6,2
559673,2,1,3,2
559678,5,1,6,2
559688,1,2,2,3
559693,1,2,2,3
559695,1,2,2,3
559698,1,2,2,3
559792,0,1,1,2
559817,1,0,2,1
559819,1,0,2,1
559851,1,2,2,3
559859,1,2,2,3
559861,1,2,2,3
559942,0,1,1,2
559968,1,5,2,6
559971,1,5,2,6
559975,5,0,6,1
560011,1,2,2,3
560019,1,2,2,3
560097,0,1,1,2
560133,0,1,1,2
560171,1,2,2,3
560282,0,1,1,2
560315,5,1,6,2
560332,1,2,2,3
560335,1,2,2,3
560470,5,1,6,2
560481,1,2,2,3
560482,1,2,2,3
560483,1,2,2,3
560486,1,2,2,3
560487,1,2,2,3
560488,1,2,2,3
560490,1,2,2,3
560601,1,5,2,6
560625,5,1,6,2
560626,5,1,6,2
560628,5,1,6,2
560640,1,2,2,3
560641,1,2,2,3
560701,1,0,2,1
560796,1,2,2,3
560802,1,2,2,3
560919,1,5,2,6
560958,1,2,2,3
561021,1,0,2,1
561023,1,0,2,1
561063,1,0,2,1
561103,5,1,6,2
561104,5,1,6,2
561106,5,1,6,2
561235,0,5,1,6
561371,1,0,2,1
561500,1,0,2,1
561546,0,1,1,2
561547,0,1,1,2
561551,1,5,2,6
561575,5,1,6,2
561591,5,1,6,2
561874,1,0,2,1
561875,1,0,2,1
561887,0,1,1,2
561931,5,1,6,2
561945,1,2,2,3
562045,1,0,2,1
562047,1,0,2,1
562118,1,2,2,3
562119,1,2,2,3
562292,1,2,2,3
562389,1,0,2,1
562390,1,0,2,1
562405,0,1,1,2
562456,5,1,6,2
562457,5,1,6,2
562513,0,1,1,2
562574,0,1,1,2
562632,5,1,6,2
562633,5,1,6,2
562739,0,1,1,2
563059,1,0,2,1
563073,0,1,1,2
563074,0,1,1,2
563141,5,1,6,2
563143,5,1,6,2
563146,5,1,6,2
563533,1,0,2,1
563535,1,0,2,1
563779,1,0,2,1
563789,0,1,1,2
564204,1,5,2,6
564244,0,1,1,2
564676,1,5,2,6
564724,2,1,3,2
564727,2,1,3,2
564765,0,1,1,2
564778,1,5,2,6
564843,0,1,1,2
564857,1,0,2,1
564862,0,1,1,2
564921,5,1,6,2
564923,2,1,3,2
564924,2,1,3,2
564925,2,1,3,2
564929,2,1,3,2
564942,0,1,1,2
565015,5,1,6,2
565017,5,1,6,2
565020,5,1,6,2
565031,2,1,3,2
565045,0,1,1,2
565081,1,5,2,6
565119,5,1,6,2
565128,5,1,6,2
565129,5,1,6,2
565161,1,0,2,1
565168,1,0,2,1
565358,1,4,2,5
565436,1,0,2,1
565557,1,4,2,5
565558,1,4,2,5
565619,1,0,2,1
565622,1,0,2,1
565625,1,0,2,1
565723,1,0,2,1
565810,5,1,6,2
565829,1,0,2,1
565920,2,5,3,6
565933,1,0,2,1
565936,1,0,2,1
565939,1,0,2,1
566027,2,5,3,6
566030,2,5,3,6
566044,1,0,2,1
566136,5,1,6,2
566254,5,1,6,2
566256,5,2,6,3
566262,2,5,3,6
566382,5,1,6,2
566415,1,0,2,1
566657,2,5,3,6
566686,1,0,2,1
566775,1,5,2,6
566783,2,5,3,6
566813,1,0,2,1
566900,1,5,2,6
566995,1,2,2,3
567016,1,5,2,6
567017,1,5,2,6
567107,2,1,3,2
567109,2,1,3,2
567133,1,5,2,6
567134,1,5,2,6
567135,1,5,2,6
567136,1,5,2,6
567140,5,1,6,2
567224,2,1,3,2
567251,1,5,2,6
567252,1,5,2,6
567259,5,1,6,2
567265,2,5,3,6
567349,1,2,2,3
567376,1,5,2,6
567377,1,5,2,6
567505,1,5,2,6
567506,1,5,2,6
567509,1,5,2,6
567510,1,5,2,6
567514,1,5,2,6
567544,5,1,6,2
567649,1,5,2,6
567651,1,5,2,6
567652,1,5,2,6
567653,1,5,2,6
567654,1,5,2,6
567663,5,1,6,2
567666,5,1,6,2
567679,5,1,6,2
567683,5,1,6,2
567721,1,2,2,3
567764,2,1,3,2
567765,2,1,3,2
567824,5,1,6,2
567825,5,1,6,2
567904,2,1,3,2
567951,5,1,6,2
567952,5,1,6,2
567964,5,1,6,2
568024,1,4,2,5
568094,5,1,6,2
568143,1,2,2,3
568165,1,4,2,5
568231,5,1,6,2
568233,5,1,6,2
568236,5,1,6,2
568298,1,4,2,5
568511,2,1,3,2
568573,1,4,2,5
568604,1,2,2,3
568750,1,2,2,3
568792,2,1,3,2
568794,2,1,3,2
568903,2,1,3,2
568939,2,1,3,2
568943,2,1,3,2
569368,2,5,3,6
569422,1,0,2,1
569509,2,5,3,6
569512,5,1,6,2
569563,1,0,2,1
569567,1,0,2,1
569593,2,1,3,2
569606,1,2,2,3
569701,1,0,2,1
569749,1,2,2,3
569788,2,5,3,6
569792,5,1,6,2
569881,1,5,2,6
569901,1,2,2,3
569935,5,1,6,2
569939,5,1,6,2
570074,1,5,2,6
570078,5,1,6,2
570082,5,1,6,2
570168,1,5,2,6
570178,1,2,2,3
570223,5,1,6,2
570275,1,0,2,1
570310,1,5,2,6
570311,1,5,2,6
570312,1,5,2,6
570418,1,0,2,1
570453,1,5,2,6
570469,1,2,2,3
570510,2,1,3,2
570609,1,2,2,3
570642,1,5,2,6
570844,2,1,3,2
570876,2,5,3,6
571072,1,5,2,6
571133,2,1,3,2
571191,1,2,2,3
571291,2,1,3,2
571320,1,2,2,3
571429,5,1,6,2
571431,5,1,6,2
571620,1,2,2,3
571639,1,5,2,6
571718,5,1,6,2
571746,1,2,2,3
571819,1,2,2,3
571872,2,5,3,6
571944,1,2,2,3
571947,1,2,2,3
571949,1,2,2,3
571950,1,2,2,3
571952,1,2,2,3
572003,2,5,3,6
572051,2,1,3,2
572073,1,2,2,3
572083,1,2,2,3
572088,2,1,3,2
572092,2,1,3,2
572202,1,2,2,3
572212,2,1,3,2
572214,2,1,3,2
572218,2,1,3,2
572258,5,2,6,3
572431,2,1,3,2
572486,2,1,3,2
572487,2,1,3,2
572615,2,1,3,2
572626,5,1,6,2
572627,2,1,3,2
572628,2,1,3,2
572664,2,1,3,2
572703,5,1,6,2
572707,5,2,6,3
572722,2,1,3,2
572733,1,2,2,3
572755,2,1,3,2
572839,2,1,3,2
572840,2,1,3,2
572936,5,1,6,2
572937,5,1,6,2
572940,5,2,6,3
572982,2,1,3,2
572996,5,2,6,3
573055,5,2,6,3
573082,1,2,2,3
573187,2,1,3,2
573332,2,1,3,2
573402,1,2,2,3
573431,2,1,3,2
573452,2,1,3,2
573457,2,1,3,2
573540,5,1,6,2
573541,5,1,6,2
573561,2,1,3,2
573583,2,1,3,2
573584,2,1,3,2
573707,2,1,3,2
573751,2,1,3,2
573843,5,1,6,2
573845,5,1,6,2
573889,5,1,6,2
573928,5,2,6,3
573940,2,1,3,2
573969,5,1,6,2
573971,5,1,6,2
573972,5,1,6,2
573973,5,1,6,2
574002,2,5,3,6
574019,5,1,6,2
574047,2,1,3,2
574099,5,1,6,2
574100,5,1,6,2
574102,5,1,6,2
574107,5,2,6,3
574109,5,2,6,3
574229,5,2,6,3
574234,5,2,6,3
574341,5,2,6,3
574345,5,1,6,2
574352,5,2,6,3
574416,5,1,6,2
574454,2,1,3,2
574459,5,2,6,3
574466,5,1,6,2
574474,2,5,3,6
574508,5,2,6,3
574509,5,2,6,3
574538,5,2,6,3
574546,5,2,6,3
574549,5,2,6,3
574578,2,1,3,2
574584,5,1,6,2
574632,5,2,6,3
574664,5,2,6,3
574704,5,1,6,2
574749,5,2,6,3
574785,5,2,6,3
574787,5,2,6,3
574820,2,1,3,2
574869,5,1,6,2
574942,2,1,3,2
574943,2,1,3,2
575000,5,2,6,3
575031,2,1,3,2
575033,5,2,6,3
575034,5,2,6,3
575051,5,1,6,2
575056,5,2,6,3
575124,2,1,3,2
575186,5,2,6,3
575279,5,2,6,3
575382,5,2,6,3
575463,5,2,6,3
575472,2,5,3,6
575489,2,1,3,2
575524,5,2,6,3
575668,2,1,3,2
575688,2,1,3,2
575736,2,5,3,6
575789,1,5,2,6
575919,2,5,3,6
576011,2,5,3,6
576015,5,2,6,3
576025,2,5,3,6
576096,2,5,3,6
576153,1,5,2,6
576180,2,5,3,6
576186,2,5,3,6
576201,5,2,6,3
576240,1,5,2,6
576241,1,5,2,6
576242,1,5,2,6
576255,5,2,6,3
576281,2,1,3,2
576296,2,5,3,6
576327,2,1,3,2
576328,2,1,3,2
576363,2,5,3,6
576364,2,1,3,2
576374,5,2,6,3
576421,2,1,3,2
576425,1,5,2,6
576427,1,5,2,6
576457,2,5,3,6
576462,2,1,3,2
576517,2,1,3,2
576548,5,1,6,2
576553,2,1,3,2
576616,1,5,2,6
576633,5,1,6,2
576644,2,1,3,2
576664,2,5,3,6
576719,5,1,6,2
576720,5,1,6,2
576733,2,1,3,2
576795,1,5,2,6
576894,5,1,6,2
576896,5,1,6,2
576942,5,1,6,2
576971,2,1,3,2
576976,2,1,3,2
576985,5,1,6,2
577031,2,5,3,6
577080,5,1,6,2
577081,5,1,6,2
577083,5,1,6,2
577145,2,1,3,2
577290,5,2,6,3
577484,2,5,3,6
577852,5,1,6,2
577908,2,1,3,2
577947,5,1,6,2
577997,2,1,3,2
578011,2,5,3,6
578012,2,5,3,6
578013,2,5,3,6
578039,5,2,6,3
578040,5,2,6,3
578091,2,5,3,6
578131,5,2,6,3
578181,2,1,3,2
578218,2,1,3,2
578273,2,1,3,2
578287,5,1,6,2
578374,5,2,6,3
578382,5,1,6,2
578404,2,5,3,6
578456,5,1,6,2
578479,2,5,3,6
579265,2,5,3,6
579267,2,5,3,6
579268,2,5,3,6
579312,2,5,3,6
579319,2,5,3,6
579336,2,5,3,6
579338,2,5,3,6
579376,2,5,3,6
579386,2,5,3,6
579417,2,5,3,6
579438,2,5,3,6
579462,2,5,3,6
579479,2,5,3,6
579524,2,5,3,6
579541,2,1,3,2
579542,2,1,3,2
579548,2,5,3,6
579585,2,1,3,2
579728,2,1,3,2
579734,2,5,3,6
579773,2,1,3,2
579779,2,5,3,6
579839,5,1,6,2
579879,5,1,6,2
579908,2,1,3,2
579925,5,1,6,2
579927,5,1,6,2
579928,5,1,6,2
579933,5,1,6,2
579958,2,1,3,2
579966,2,1,3,2
579971,5,1,6,2
580018,5,1,6,2
580020,5,1,6,2
580022,5,1,6,2
580026,5,1,6,2
580028,5,1,6,2
580029,5,1,6,2
580061,2,5,3,6
580062,2,5,3,6
580068,5,1,6,2
580072,5,1,6,2
580074,5,1,6,2
580119,5,1,6,2
580168,5,1,6,2
580169,5,1,6,2
580251,2,5,3,6
580298,2,5,3,6
580511,2,1,3,2
580610,2,1,3,2
580614,2,1,3,2
580660,2,1,3,2
