index,true_label,pred_label,true_label_decoded,pred_label_decoded
9,4,1,5,2
10,4,1,5,2
29,4,1,5,2
38,4,1,5,2
39,4,1,5,2
49,4,1,5,2
50,4,1,5,2
51,0,1,1,2
52,0,1,1,2
60,4,1,5,2
65,4,1,5,2
103,0,1,1,2
115,0,1,1,2
151,0,1,1,2
297,0,1,1,2
384,4,1,5,2
394,4,1,5,2
444,1,0,2,1
472,1,0,2,1
516,1,0,2,1
589,4,1,5,2
597,0,1,1,2
606,4,1,5,2
612,4,1,5,2
623,4,1,5,2
624,4,1,5,2
627,4,1,5,2
629,4,1,5,2
642,4,1,5,2
657,4,1,5,2
665,0,1,1,2
684,4,1,5,2
710,4,1,5,2
775,0,1,1,2
780,1,0,2,1
802,0,1,1,2
826,0,1,1,2
834,0,1,1,2
886,4,1,5,2
896,0,1,1,2
929,4,1,5,2
930,4,1,5,2
937,4,1,5,2
946,0,1,1,2
968,4,0,5,1
969,4,0,5,1
998,0,1,1,2
1042,1,0,2,1
1121,0,1,1,2
1122,0,1,1,2
1131,0,1,1,2
1155,4,1,5,2
1159,4,1,5,2
1239,0,1,1,2
1313,0,1,1,2
1346,0,1,1,2
1347,4,1,5,2
1352,4,1,5,2
1379,4,1,5,2
1414,1,4,2,5
1435,0,1,1,2
1466,1,0,2,1
1553,0,1,1,2
1573,4,1,5,2
1598,4,1,5,2
1620,4,5,5,6
1624,4,0,5,1
1643,0,6,1,7
1671,4,1,5,2
1682,6,0,7,1
1700,4,1,5,2
1705,4,1,5,2
1741,4,1,5,2
1772,6,1,7,2
1788,0,1,1,2
1801,4,1,5,2
1809,4,1,5,2
1819,4,1,5,2
1834,4,1,5,2
1846,4,1,5,2
1863,4,1,5,2
1880,5,1,6,2
1924,6,0,7,1
1978,1,2,2,3
2024,4,5,5,6
2057,6,0,7,1
2083,6,0,7,1
2104,1,5,2,6
2116,4,1,5,2
2146,6,0,7,1
2163,3,2,4,3
2169,4,1,5,2
2170,4,1,5,2
2183,2,3,3,4
2198,3,2,4,3
2199,3,2,4,3
2211,3,2,4,3
2289,3,2,4,3
2295,5,2,6,3
2301,1,0,2,1
2307,4,1,5,2
2336,3,2,4,3
2350,4,1,5,2
2355,5,1,6,2
2369,4,1,5,2
2403,3,2,4,3
2431,2,5,3,6
2432,4,0,5,1
2433,4,1,5,2
2452,3,2,4,3
2473,5,1,6,2
2477,5,2,6,3
2551,5,2,6,3
2558,5,2,6,3
2573,3,2,4,3
2627,3,2,4,3
2631,5,2,6,3
2638,4,1,5,2
2640,4,1,5,2
2643,5,2,6,3
2644,5,2,6,3
2731,4,1,5,2
2739,5,2,6,3
2740,5,2,6,3
2748,5,2,6,3
2758,4,1,5,2
2777,5,0,6,1
2780,5,2,6,3
2839,0,4,1,5
2871,5,2,6,3
2874,6,3,7,4
2921,4,1,5,2
2923,4,1,5,2
2925,3,2,4,3
2927,3,2,4,3
2938,3,2,4,3
2944,3,2,4,3
3032,3,2,4,3
3035,3,2,4,3
3037,2,5,3,6
3065,3,2,4,3
3112,4,1,5,2
3127,3,2,4,3
3139,2,5,3,6
3178,2,5,3,6
3183,4,1,5,2
3198,3,2,4,3
3199,3,2,4,3
3215,3,2,4,3
3226,4,1,5,2
3229,4,1,5,2
3230,4,1,5,2
3243,3,2,4,3
3278,5,0,6,1
3279,4,1,5,2
3285,3,5,4,6
3288,3,2,4,3
3318,5,1,6,2
3326,3,2,4,3
3331,3,2,4,3
3410,3,2,4,3
3411,3,2,4,3
3421,3,2,4,3
3445,3,2,4,3
3526,2,5,3,6
3576,3,2,4,3
3578,5,2,6,3
3579,3,2,4,3
3582,5,2,6,3
3583,5,2,6,3
3623,3,2,4,3
3644,2,5,3,6
3683,4,1,5,2
3690,2,5,3,6
3706,3,2,4,3
3717,3,2,4,3
3749,5,2,6,3
3784,4,1,5,2
3842,3,2,4,3
3850,5,2,6,3
3900,3,2,4,3
3919,3,2,4,3
3987,3,5,4,6
4028,3,2,4,3
4053,2,5,3,6
4062,3,2,4,3
4130,3,2,4,3
4199,3,2,4,3
4203,5,2,6,3
4273,4,1,5,2
4314,5,2,6,3
4356,2,5,3,6
4360,3,2,4,3
4361,5,2,6,3
4376,4,1,5,2
4388,3,5,4,6
4418,3,2,4,3
4462,3,2,4,3
4508,3,5,4,6
4515,4,1,5,2
4567,4,1,5,2
4608,2,5,3,6
4624,5,2,6,3
4627,4,0,5,1
4629,3,2,4,3
4665,5,2,6,3
4750,5,2,6,3
4756,3,2,4,3
4760,6,0,7,1
4808,3,5,4,6
4892,3,2,4,3
4986,3,5,4,6
4992,5,2,6,3
5032,3,5,4,6
5122,4,1,5,2
5153,3,2,4,3
5163,6,0,7,1
5167,4,1,5,2
5188,3,2,4,3
5226,5,2,6,3
5290,4,1,5,2
5291,4,1,5,2
5383,3,5,4,6
5389,6,0,7,1
5419,3,5,4,6
5420,3,5,4,6
5431,3,2,4,3
5449,5,3,6,4
5485,5,2,6,3
5493,3,5,4,6
5498,5,2,6,3
5510,2,5,3,6
5514,3,2,4,3
5527,5,2,6,3
5557,6,0,7,1
5558,6,0,7,1
5565,2,5,3,6
5585,2,3,3,4
5587,5,2,6,3
5598,5,2,6,3
5607,3,5,4,6
5618,2,5,3,6
5627,3,5,4,6
5666,3,2,4,3
5695,3,2,4,3
5723,2,5,3,6
5809,4,1,5,2
5819,2,5,3,6
5854,3,5,4,6
5915,3,2,4,3
5922,5,2,6,3
5956,2,1,3,2
5990,3,5,4,6
6004,5,2,6,3
6011,3,5,4,6
6097,0,1,1,2
6102,3,2,4,3
6108,3,5,4,6
6115,3,2,4,3
6126,3,5,4,6
6128,3,5,4,6
6184,5,2,6,3
6206,3,5,4,6
6228,3,5,4,6
6235,0,1,1,2
6255,5,2,6,3
6323,5,1,6,2
6342,5,2,6,3
6351,0,6,1,7
6372,0,1,1,2
6463,4,1,5,2
6484,4,1,5,2
6490,4,1,5,2
6492,4,1,5,2
6530,4,1,5,2
6540,2,1,3,2
6555,0,1,1,2
6712,4,1,5,2
6715,2,1,3,2
6716,2,1,3,2
6724,4,1,5,2
6751,2,5,3,6
6762,1,4,2,5
6764,6,0,7,1
6771,5,2,6,3
6786,0,4,1,5
6796,5,1,6,2
6813,1,2,2,3
6814,2,5,3,6
6815,2,5,3,6
6829,6,0,7,1
6849,6,0,7,1
6857,6,0,7,1
6871,4,1,5,2
6875,2,1,3,2
6877,6,0,7,1
6882,2,1,3,2
6904,4,1,5,2
6905,4,1,5,2
6927,6,0,7,1
6936,4,1,5,2
6953,2,5,3,6
6976,4,1,5,2
7066,4,2,5,3
7098,4,1,5,2
7111,2,1,3,2
7173,5,2,6,3
7180,4,2,5,3
7184,2,1,3,2
7225,5,2,6,3
7241,5,2,6,3
7258,2,0,3,1
7300,5,1,6,2
7364,2,1,3,2
7373,6,0,7,1
7386,6,0,7,1
7397,0,1,1,2
7405,4,0,5,1
7410,0,1,1,2
7435,2,1,3,2
7457,4,1,5,2
7461,4,0,5,1
7465,5,1,6,2
7471,4,1,5,2
7496,5,1,6,2
7497,5,2,6,3
7518,6,0,7,1
7558,0,1,1,2
7567,5,1,6,2
7568,6,1,7,2
7594,5,1,6,2
7610,6,0,7,1
7634,4,1,5,2
7645,6,1,7,2
7688,6,0,7,1
7689,4,1,5,2
7690,5,1,6,2
7691,5,1,6,2
7733,5,1,6,2
7739,5,2,6,3
7748,4,1,5,2
7754,1,0,2,1
7764,4,1,5,2
7784,4,1,5,2
7868,0,6,1,7
7933,4,2,5,3
7943,4,2,5,3
8017,4,5,5,6
8048,2,5,3,6
8050,4,2,5,3
8079,0,6,1,7
8085,4,1,5,2
8159,6,0,7,1
8167,4,2,5,3
8210,0,6,1,7
8236,5,1,6,2
8249,4,1,5,2
8283,4,1,5,2
8298,5,2,6,3
8299,5,2,6,3
8313,5,2,6,3
8351,4,1,5,2
8356,4,2,5,3
8376,4,1,5,2
8377,4,1,5,2
8400,4,1,5,2
8443,4,2,5,3
8480,5,1,6,2
8489,4,1,5,2
8502,0,1,1,2
8549,6,1,7,2
8551,4,2,5,3
8591,2,1,3,2
8625,6,0,7,1
8649,4,1,5,2
8651,4,1,5,2
8666,4,1,5,2
8669,5,1,6,2
8671,4,1,5,2
8675,4,1,5,2
8680,5,1,6,2
8689,4,1,5,2
8737,0,6,1,7
8769,0,1,1,2
8786,4,1,5,2
8816,4,1,5,2
8832,4,1,5,2
8854,4,1,5,2
8860,2,1,3,2
8872,4,0,5,1
8903,0,1,1,2
9005,0,1,1,2
9038,6,0,7,1
9144,0,1,1,2
9253,6,1,7,2
9299,1,0,2,1
9417,6,0,7,1
9512,6,1,7,2
9595,0,1,1,2
9672,0,1,1,2
9785,6,1,7,2
9811,1,0,2,1
9814,6,0,7,1
9826,0,1,1,2
9892,4,1,5,2
9903,1,0,2,1
9961,0,1,1,2
9987,0,4,1,5
9990,4,1,5,2
10031,4,1,5,2
10132,0,1,1,2
10197,4,1,5,2
10198,4,0,5,1
10379,6,1,7,2
10412,0,1,1,2
10536,6,0,7,1
10542,0,1,1,2
10604,6,0,7,1
10631,4,1,5,2
10648,4,2,5,3
10663,5,1,6,2
10690,5,1,6,2
10694,5,1,6,2
10722,5,1,6,2
10729,2,5,3,6
10735,5,2,6,3
10738,5,2,6,3
10746,2,1,3,2
10761,5,1,6,2
10765,5,1,6,2
10767,5,1,6,2
10779,5,1,6,2
10797,2,1,3,2
10875,5,1,6,2
10897,5,1,6,2
10900,5,1,6,2
10907,5,2,6,3
10945,5,2,6,3
10948,5,2,6,3
10953,5,2,6,3
10956,5,1,6,2
10963,5,2,6,3
11040,2,5,3,6
11152,2,5,3,6
11242,5,2,6,3
11250,5,2,6,3
11270,2,1,3,2
11272,5,1,6,2
11276,5,1,6,2
11305,5,2,6,3
11310,5,2,6,3
11315,2,1,3,2
11322,2,1,3,2
11341,0,1,1,2
11344,4,1,5,2
11345,4,1,5,2
11348,4,1,5,2
11351,0,1,1,2
11356,4,1,5,2
11360,4,1,5,2
11384,0,1,1,2
11455,0,1,1,2
11544,4,1,5,2
11547,4,1,5,2
11550,4,1,5,2
11631,4,1,5,2
11680,0,1,1,2
11697,0,1,1,2
11706,0,1,1,2
11721,0,1,1,2
11739,4,1,5,2
11847,1,0,2,1
11854,0,1,1,2
11856,4,1,5,2
11897,4,1,5,2
11941,4,1,5,2
12009,5,1,6,2
12013,0,1,1,2
12047,2,5,3,6
12060,3,2,4,3
12069,3,2,4,3
12105,4,0,5,1
12145,4,1,5,2
12178,2,3,3,4
12198,4,1,5,2
12244,4,1,5,2
12252,6,0,7,1
12253,4,0,5,1
12264,4,1,5,2
12292,4,1,5,2
12294,1,0,2,1
12321,3,2,4,3
12382,3,2,4,3
12405,3,2,4,3
12419,3,2,4,3
12429,3,2,4,3
12436,3,5,4,6
12449,3,2,4,3
12493,3,2,4,3
12506,3,2,4,3
12507,3,2,4,3
12508,4,1,5,2
12581,5,2,6,3
12600,3,2,4,3
12634,3,2,4,3
12641,3,2,4,3
12651,3,2,4,3
12673,3,2,4,3
12689,3,5,4,6
12710,2,3,3,4
12756,4,1,5,2
12803,3,2,4,3
12835,4,1,5,2
12853,2,5,3,6
12873,3,2,4,3
12895,2,5,3,6
12928,3,5,4,6
12954,2,5,3,6
12971,3,2,4,3
12982,6,0,7,1
12993,3,2,4,3
12998,5,2,6,3
13019,3,2,4,3
13072,5,2,6,3
13077,4,1,5,2
13213,3,2,4,3
13228,5,3,6,4
13248,3,2,4,3
13256,3,5,4,6
13300,3,5,4,6
13308,2,5,3,6
13315,2,5,3,6
13367,3,5,4,6
13432,3,5,4,6
13437,5,2,6,3
13452,0,1,1,2
13472,4,1,5,2
13522,2,1,3,2
13583,4,1,5,2
13601,5,2,6,3
13622,6,0,7,1
13660,4,2,5,3
13695,4,1,5,2
13697,5,2,6,3
13699,1,0,2,1
13755,5,2,6,3
13852,4,1,5,2
13858,4,1,5,2
13891,6,1,7,2
13902,4,1,5,2
13959,4,1,5,2
13961,0,1,1,2
13970,6,1,7,2
14000,4,2,5,3
14019,4,1,5,2
14037,4,1,5,2
14051,4,2,5,3
14060,2,5,3,6
14082,5,2,6,3
14103,4,1,5,2
14130,4,1,5,2
14139,5,1,6,2
14193,6,0,7,1
14203,6,0,7,1
14229,4,1,5,2
14241,4,1,5,2
14267,2,1,3,2
14278,4,1,5,2
14440,0,6,1,7
14482,0,1,1,2
14489,6,1,7,2
14608,0,1,1,2
14624,0,1,1,2
14644,0,1,1,2
14651,1,0,2,1
14664,4,1,5,2
14686,6,0,7,1
14698,4,1,5,2
14835,1,0,2,1
14860,5,1,6,2
14877,2,1,3,2
14921,5,1,6,2
14964,5,1,6,2
14970,5,2,6,3
15015,1,2,2,3
15088,2,4,3,5
15123,0,1,1,2
15124,0,1,1,2
15127,0,1,1,2
15141,0,1,1,2
15161,0,1,1,2
15185,0,1,1,2
15215,0,1,1,2
15252,0,1,1,2
15291,0,1,1,2
15293,0,1,1,2
15295,0,1,1,2
15296,0,1,1,2
15338,0,1,1,2
15391,0,1,1,2
15448,0,1,1,2
15459,1,0,2,1
15461,1,0,2,1
15542,0,1,1,2
15563,1,0,2,1
15578,0,1,1,2
15622,1,4,2,5
15649,0,1,1,2
15688,0,1,1,2
15737,1,4,2,5
15916,0,1,1,2
15919,1,0,2,1
15955,1,0,2,1
15969,1,0,2,1
16005,0,1,1,2
16069,1,0,2,1
16117,0,1,1,2
16229,1,0,2,1
16352,4,1,5,2
16353,4,1,5,2
16354,4,1,5,2
16436,1,0,2,1
16445,0,1,1,2
16446,0,1,1,2
16447,0,1,1,2
16467,0,1,1,2
16499,4,1,5,2
16500,4,1,5,2
16524,4,1,5,2
16526,4,1,5,2
16527,4,1,5,2
16529,4,1,5,2
16613,1,0,2,1
16615,1,0,2,1
16624,0,1,1,2
16645,0,1,1,2
16647,0,1,1,2
16650,0,1,1,2
16658,0,1,1,2
16670,4,1,5,2
16671,4,1,5,2
16676,4,1,5,2
16677,4,1,5,2
16678,4,1,5,2
16701,4,1,5,2
16807,0,1,1,2
16813,0,1,1,2
16828,0,1,1,2
16831,0,1,1,2
16840,0,1,1,2
16888,4,1,5,2
16989,1,0,2,1
16991,1,0,2,1
17002,0,1,1,2
17025,0,1,1,2
17073,4,1,5,2
17176,4,1,5,2
17208,0,1,1,2
17209,0,1,1,2
17217,0,1,1,2
17219,0,1,1,2
17223,0,1,1,2
17224,0,1,1,2
17225,0,1,1,2
17231,0,1,1,2
17285,4,1,5,2
17396,4,1,5,2
17400,4,1,5,2
17429,0,1,1,2
17435,0,1,1,2
17437,0,1,1,2
17439,0,1,1,2
17442,0,1,1,2
17514,4,1,5,2
17620,4,1,5,2
17622,4,1,5,2
17638,1,0,2,1
17650,0,1,1,2
17668,0,1,1,2
17801,1,0,2,1
17847,4,1,5,2
17850,4,1,5,2
17883,0,1,1,2
17890,0,1,1,2
18023,1,0,2,1
18082,0,1,1,2
18083,0,1,1,2
18094,0,1,1,2
18095,0,1,1,2
18097,0,1,1,2
18098,0,1,1,2
18100,0,1,1,2
18102,0,1,1,2
18109,0,1,1,2
18176,4,1,5,2
18180,4,1,5,2
18281,1,0,2,1
18287,4,1,5,2
18290,4,1,5,2
18291,0,1,1,2
18320,0,1,1,2
18322,0,1,1,2
18323,0,1,1,2
18326,0,1,1,2
18330,0,1,1,2
18418,1,0,2,1
18420,1,0,2,1
18496,1,0,2,1
18505,4,1,5,2
18508,0,1,1,2
18535,0,1,1,2
18537,0,1,1,2
18538,0,1,1,2
18539,0,1,1,2
18614,4,1,5,2
18639,1,0,2,1
18672,1,0,2,1
18758,0,1,1,2
18760,0,1,1,2
18852,1,0,2,1
18854,1,0,2,1
18890,1,0,2,1
18951,0,1,1,2
18980,0,1,1,2
19059,4,1,5,2
19062,4,1,5,2
19097,1,0,2,1
19099,1,0,2,1
19101,1,0,2,1
19102,1,0,2,1
19113,1,0,2,1
19115,1,0,2,1
19159,1,0,2,1
19175,0,1,1,2
19177,0,1,1,2
19200,0,1,1,2
19321,0,1,1,2
19328,0,1,1,2
19338,1,0,2,1
19400,0,1,1,2
19423,0,1,1,2
19431,0,1,1,2
19544,0,1,1,2
19546,0,1,1,2
19556,0,1,1,2
19625,0,1,1,2
19626,0,1,1,2
19627,0,1,1,2
19654,0,1,1,2
19655,0,1,1,2
19779,0,1,1,2
19786,0,1,1,2
19850,0,1,1,2
19853,0,1,1,2
19876,0,1,1,2
19878,0,1,1,2
19997,0,1,1,2
20000,0,1,1,2
20001,0,1,1,2
20013,0,1,1,2
20075,0,1,1,2
20098,0,1,1,2
20102,0,1,1,2
20103,0,1,1,2
20216,0,1,1,2
20222,0,1,1,2
20223,0,1,1,2
20224,0,1,1,2
20237,0,1,1,2
20326,0,1,1,2
20439,0,1,1,2
20446,0,1,1,2
20447,0,1,1,2
20449,0,1,1,2
20450,0,1,1,2
20461,0,1,1,2
20463,0,1,1,2
20523,0,1,1,2
20668,0,1,1,2
20669,0,1,1,2
20672,0,1,1,2
20673,0,1,1,2
20778,0,1,1,2
20989,0,1,1,2
21011,0,1,1,2
21015,0,1,1,2
21226,0,1,1,2
21229,0,1,1,2
21418,1,0,2,1
21471,0,1,1,2
21492,0,1,1,2
21708,0,1,1,2
21892,0,1,1,2
21893,0,1,1,2
21937,0,1,1,2
21947,0,1,1,2
21966,0,1,1,2
21969,0,1,1,2
22370,0,1,1,2
22372,0,1,1,2
22414,0,1,1,2
22426,0,1,1,2
22427,0,1,1,2
22442,0,1,1,2
22611,0,1,1,2
22612,0,1,1,2
22613,0,1,1,2
22631,1,0,2,1
22654,0,1,1,2
22860,0,1,1,2
22885,1,0,2,1
22886,1,0,2,1
22900,0,1,1,2
22901,0,1,1,2
22923,0,1,1,2
23117,0,1,1,2
23121,0,1,1,2
23157,0,1,1,2
23158,0,1,1,2
23180,0,1,1,2
23187,1,0,2,1
23189,1,0,2,1
23384,0,1,1,2
23425,0,1,1,2
23449,0,1,1,2
23663,0,1,1,2
23691,0,1,1,2
23692,0,1,1,2
23699,0,1,1,2
23733,1,0,2,1
23970,0,1,1,2
23973,0,1,1,2
23976,0,1,1,2
24216,0,1,1,2
24217,0,1,1,2
24218,0,1,1,2
24250,0,1,1,2
24255,0,1,1,2
24280,0,1,1,2
24285,1,0,2,1
24296,1,0,2,1
24501,0,1,1,2
24503,0,1,1,2
24504,0,1,1,2
24527,0,1,1,2
24531,0,1,1,2
24535,0,1,1,2
24540,0,1,1,2
24544,0,1,1,2
24558,0,1,1,2
24818,0,1,1,2
24831,0,1,1,2
24832,0,1,1,2
24988,0,1,1,2
24993,0,1,1,2
25107,0,1,1,2
25109,0,1,1,2
25110,0,1,1,2
25113,0,1,1,2
25116,0,1,1,2
25260,0,1,1,2
25261,0,1,1,2
25393,0,1,1,2
25395,0,1,1,2
25540,0,1,1,2
25541,0,1,1,2
25542,0,1,1,2
25545,0,1,1,2
25551,1,0,2,1
25565,0,1,1,2
25659,0,1,1,2
25683,0,1,1,2
25948,0,1,1,2
25970,0,1,1,2
26129,0,1,1,2
26133,0,1,1,2
26154,0,1,1,2
26246,0,1,1,2
26250,0,1,1,2
26456,0,1,1,2
26552,0,1,1,2
26555,0,1,1,2
26556,0,1,1,2
26585,1,0,2,1
26755,0,1,1,2
26757,0,1,1,2
26779,0,1,1,2
26876,0,1,1,2
26877,0,1,1,2
26879,0,1,1,2
26902,0,1,1,2
26903,0,1,1,2
27101,0,1,1,2
27102,0,1,1,2
27104,0,1,1,2
27183,0,1,1,2
27224,0,1,1,2
27225,0,1,1,2
27226,0,1,1,2
27252,0,1,1,2
27443,0,1,1,2
27464,0,1,1,2
27552,0,1,1,2
27594,0,1,1,2
27604,0,1,1,2
27619,0,1,1,2
27802,0,1,1,2
27804,0,1,1,2
27806,0,1,1,2
27820,0,1,1,2
27850,0,1,1,2
27932,1,0,2,1
28150,0,1,1,2
28174,0,1,1,2
28175,0,1,1,2
28176,0,1,1,2
28225,0,1,1,2
28290,0,1,1,2
28296,0,1,1,2
28298,0,1,1,2
28331,0,1,1,2
28334,0,1,1,2
28348,0,1,1,2
28532,0,1,1,2
28564,0,1,1,2
28566,0,1,1,2
28571,0,1,1,2
28604,0,1,1,2
28663,0,1,1,2
28670,0,1,1,2
28719,0,1,1,2
28721,0,1,1,2
28723,0,1,1,2
28887,0,1,1,2
28907,1,0,2,1
28929,0,1,1,2
28931,0,1,1,2
29028,0,1,1,2
29069,0,1,1,2
29296,0,1,1,2
29297,0,1,1,2
29332,0,1,1,2
29393,0,1,1,2
29400,0,1,1,2
29433,0,1,1,2
29457,0,1,1,2
29460,0,1,1,2
29614,0,1,1,2
29659,0,1,1,2
29691,0,1,1,2
29696,0,1,1,2
29758,0,1,1,2
29760,0,1,1,2
29762,0,1,1,2
29764,0,1,1,2
29819,0,1,1,2
29820,0,1,1,2
29821,0,1,1,2
29824,0,1,1,2
29826,0,1,1,2
30034,0,1,1,2
30036,0,1,1,2
30131,0,1,1,2
30133,0,1,1,2
30193,0,1,1,2
30399,0,1,1,2
30400,0,1,1,2
30436,0,1,1,2
30497,0,1,1,2
30499,0,1,1,2
30526,0,1,1,2
30534,0,1,1,2
30535,0,1,1,2
30734,0,1,1,2
30753,0,1,1,2
30775,0,1,1,2
30777,0,1,1,2
30778,0,1,1,2
30815,0,1,1,2
30881,0,1,1,2
30902,0,1,1,2
30903,0,1,1,2
30905,0,1,1,2
30917,0,1,1,2
30938,0,1,1,2
30939,0,1,1,2
31165,0,1,1,2
31263,0,1,1,2
31264,0,1,1,2
31266,0,1,1,2
31290,0,1,1,2
31303,0,1,1,2
31322,0,1,1,2
31526,0,1,1,2
31549,0,1,1,2
31551,0,1,1,2
31583,0,1,1,2
31673,0,1,1,2
31678,0,1,1,2
31679,0,1,1,2
31906,0,1,1,2
31911,0,1,1,2
31934,0,1,1,2
31936,0,1,1,2
31942,0,1,1,2
31943,0,1,1,2
32035,0,1,1,2
32068,0,1,1,2
32071,0,1,1,2
32094,0,1,1,2
32294,0,1,1,2
32301,0,1,1,2
32311,1,0,2,1
32325,0,1,1,2
32352,0,1,1,2
32360,0,1,1,2
32410,0,1,1,2
32412,0,1,1,2
32417,0,1,1,2
32418,0,1,1,2
32419,0,1,1,2
32424,0,1,1,2
32445,0,1,1,2
32482,0,1,1,2
32483,0,1,1,2
32688,0,1,1,2
32689,0,1,1,2
32690,0,1,1,2
32692,0,1,1,2
32700,1,0,2,1
32721,0,1,1,2
32742,0,1,1,2
32805,0,1,1,2
32806,0,1,1,2
32809,0,1,1,2
32869,0,1,1,2
33072,0,1,1,2
33073,0,1,1,2
33085,1,0,2,1
33106,0,1,1,2
33180,0,1,1,2
33187,0,1,1,2
33222,0,1,1,2
33253,0,1,1,2
33254,0,1,1,2
33463,0,1,1,2
33477,0,1,1,2
33490,0,1,1,2
33493,0,1,1,2
33518,0,1,1,2
33521,0,1,1,2
33607,0,1,1,2
33608,0,1,1,2
33609,0,1,1,2
33640,0,1,1,2
33641,0,1,1,2
33644,0,1,1,2
33863,1,0,2,1
33866,0,1,1,2
33903,0,1,1,2
33964,0,1,1,2
33999,0,1,1,2
34032,0,1,1,2
34250,1,0,2,1
34276,1,0,2,1
34302,0,1,1,2
34303,0,1,1,2
34347,0,1,1,2
34350,0,1,1,2
34355,0,1,1,2
34392,0,1,1,2
34393,0,1,1,2
34408,0,1,1,2
34591,4,1,5,2
34738,0,1,1,2
34741,0,1,1,2
34781,0,1,1,2
34800,0,1,1,2
34802,0,1,1,2
35059,1,0,2,1
35128,0,1,1,2
35129,0,1,1,2
35372,4,1,5,2
35567,0,1,1,2
35583,0,1,1,2
35765,4,1,5,2
35843,1,0,2,1
35848,1,0,2,1
35864,0,1,1,2
35865,0,1,1,2
35866,0,1,1,2
35867,0,1,1,2
35955,0,1,1,2
35976,0,1,1,2
36155,4,1,5,2
36243,1,0,2,1
36245,1,0,2,1
36257,0,1,1,2
36258,0,1,1,2
36349,0,1,1,2
36350,0,1,1,2
36351,0,1,1,2
36368,0,1,1,2
36549,4,1,5,2
36551,4,1,5,2
36552,4,1,5,2
36630,1,0,2,1
36631,1,0,2,1
36649,0,1,1,2
36655,0,1,1,2
36696,0,1,1,2
36741,0,1,1,2
36942,4,1,5,2
37021,1,0,2,1
37045,0,1,1,2
37086,0,1,1,2
37088,0,1,1,2
37132,0,1,1,2
37148,0,1,1,2
37428,0,1,1,2
37434,0,1,1,2
37473,0,1,1,2
37823,0,1,1,2
37824,0,1,1,2
37828,0,1,1,2
37864,0,1,1,2
37868,0,1,1,2
38115,0,1,1,2
38213,0,1,1,2
38252,0,1,1,2
38598,0,1,1,2
38601,0,1,1,2
38603,0,1,1,2
38642,0,1,1,2
38643,0,1,1,2
38917,0,1,1,2
39370,0,1,1,2
39373,0,1,1,2
39678,0,1,1,2
39682,0,1,1,2
39758,0,1,1,2
39759,0,1,1,2
39763,1,0,2,1
40069,0,1,1,2
40145,0,1,1,2
40533,0,1,1,2
40920,0,1,1,2
41035,0,1,1,2
41230,0,1,1,2
41233,0,1,1,2
41417,0,1,1,2
41421,0,1,1,2
41425,0,1,1,2
41426,0,1,1,2
41430,0,1,1,2
41698,0,1,1,2
41807,0,1,1,2
41816,0,1,1,2
41817,0,1,1,2
42008,0,1,1,2
42089,0,1,1,2
42207,0,1,1,2
42399,0,1,1,2
42471,0,1,1,2
42473,0,1,1,2
42561,0,1,1,2
42580,0,1,1,2
42583,0,1,1,2
42584,0,1,1,2
42588,0,1,1,2
42589,0,1,1,2
42768,0,1,1,2
42813,0,1,1,2
42814,0,1,1,2
42862,0,1,1,2
42950,0,1,1,2
42961,0,1,1,2
42963,0,1,1,2
42968,0,1,1,2
42970,0,1,1,2
42971,0,1,1,2
42974,0,1,1,2
43198,0,1,1,2
43200,0,1,1,2
43249,0,1,1,2
43359,0,1,1,2
43577,0,1,1,2
43580,0,1,1,2
43585,0,1,1,2
43586,0,1,1,2
43733,0,1,1,2
43749,0,1,1,2
43751,0,1,1,2
43969,0,1,1,2
43976,0,1,1,2
44104,0,1,1,2
44106,0,1,1,2
44115,0,1,1,2
44119,0,1,1,2
44131,0,1,1,2
44505,0,1,1,2
44514,0,1,1,2
44517,0,1,1,2
44518,0,1,1,2
44519,0,1,1,2
44747,0,1,1,2
44797,1,0,2,1
44882,0,1,1,2
44883,0,1,1,2
44886,0,1,1,2
44887,0,1,1,2
44906,0,1,1,2
45122,0,1,1,2
45138,0,1,1,2
45141,0,1,1,2
45146,0,1,1,2
45282,0,1,1,2
45285,0,1,1,2
45543,0,1,1,2
45592,1,0,2,1
45677,0,1,1,2
45681,0,1,1,2
45932,0,1,1,2
45934,0,1,1,2
45935,0,1,1,2
45993,1,0,2,1
46079,0,1,1,2
46102,0,1,1,2
46104,0,1,1,2
46338,0,1,1,2
46340,0,1,1,2
46389,1,0,2,1
46390,1,0,2,1
46732,0,1,1,2
46733,0,1,1,2
46738,0,1,1,2
46787,1,0,2,1
47119,0,1,1,2
47125,0,1,1,2
47127,0,1,1,2
47128,0,1,1,2
47132,0,1,1,2
47181,1,0,2,1
47528,0,1,1,2
47531,0,1,1,2
47532,0,1,1,2
47580,1,0,2,1
47917,0,1,1,2
47918,0,1,1,2
47921,0,1,1,2
47922,0,1,1,2
47972,1,0,2,1
48297,0,1,1,2
48303,0,1,1,2
48305,0,1,1,2
48307,0,1,1,2
48308,0,1,1,2
48348,0,1,1,2
48364,1,0,2,1
48651,0,6,1,7
48678,0,1,1,2
48685,0,1,1,2
49295,0,1,1,2
49435,0,6,1,7
49476,0,1,1,2
49652,0,1,1,2
49790,0,6,1,7
49833,1,0,2,1
50003,0,1,1,2
50703,0,1,1,2
51046,0,1,1,2
51048,0,1,1,2
51192,0,6,1,7
51193,0,6,1,7
51402,0,1,1,2
52091,0,1,1,2
52096,0,1,1,2
52250,0,6,1,7
52436,0,1,1,2
52438,0,1,1,2
52727,0,1,1,2
52731,0,1,1,2
52775,0,1,1,2
52779,0,1,1,2
53070,0,1,1,2
53071,0,1,1,2
53073,0,1,1,2
53075,0,1,1,2
53121,0,1,1,2
53322,1,0,2,1
53409,0,1,1,2
53410,0,1,1,2
53411,0,1,1,2
53412,0,1,1,2
53459,0,1,1,2
53612,0,6,1,7
53744,0,1,1,2
53748,0,1,1,2
53751,0,1,1,2
54084,0,1,1,2
54205,1,0,2,1
54422,0,1,1,2
54470,0,1,1,2
54472,0,1,1,2
54539,1,0,2,1
54542,1,0,2,1
54549,1,0,2,1
54747,0,1,1,2
54755,0,1,1,2
54756,0,1,1,2
54760,0,1,1,2
54762,0,1,1,2
54864,1,0,2,1
54868,1,0,2,1
54869,1,0,2,1
54873,1,0,2,1
55066,0,1,1,2
55067,0,1,1,2
55073,0,1,1,2
55076,0,1,1,2
55126,0,1,1,2
55191,1,0,2,1
55394,0,1,1,2
55395,0,1,1,2
55396,0,1,1,2
55398,0,1,1,2
55402,0,1,1,2
55404,0,1,1,2
55411,0,1,1,2
55453,0,1,1,2
55454,0,1,1,2
55517,1,0,2,1
55519,1,0,2,1
55529,1,0,2,1
55719,0,1,1,2
55724,0,1,1,2
55731,0,1,1,2
55739,0,1,1,2
55740,0,1,1,2
55786,0,1,1,2
55849,1,0,2,1
56038,0,1,1,2
56041,0,1,1,2
56042,0,1,1,2
56045,0,1,1,2
56048,0,1,1,2
56049,0,1,1,2
56056,0,1,1,2
56101,0,1,1,2
56242,0,6,1,7
56355,0,1,1,2
56360,0,1,1,2
56416,0,1,1,2
56481,0,1,1,2
56484,0,1,1,2
56485,0,1,1,2
56551,0,6,1,7
56554,0,6,1,7
56618,1,0,2,1
56619,1,0,2,1
56664,0,1,1,2
56667,0,1,1,2
56668,0,1,1,2
56677,0,1,1,2
56678,0,1,1,2
56681,0,1,1,2
56791,0,1,1,2
56792,0,1,1,2
56793,0,1,1,2
56856,0,6,1,7
56857,0,6,1,7
56861,0,6,1,7
56965,0,1,1,2
56966,0,1,1,2
57028,0,1,1,2
57032,0,1,1,2
57098,0,1,1,2
57099,0,1,1,2
57160,0,6,1,7
57236,1,0,2,1
57271,0,1,1,2
57285,0,1,1,2
57289,0,1,1,2
57329,0,1,1,2
57330,0,1,1,2
57332,0,1,1,2
57392,0,1,1,2
57393,0,1,1,2
57406,0,1,1,2
57464,0,6,1,7
57572,0,1,1,2
57573,0,1,1,2
57588,0,1,1,2
57633,0,1,1,2
57766,0,6,1,7
57770,0,6,1,7
57875,0,1,1,2
57890,0,1,1,2
57894,0,1,1,2
58069,0,6,1,7
58177,0,1,1,2
58179,0,1,1,2
58198,0,1,1,2
58240,0,1,1,2
58241,0,1,1,2
58372,0,6,1,7
58374,0,6,1,7
58464,0,1,1,2
58487,0,1,1,2
58502,0,1,1,2
58504,0,1,1,2
58505,0,1,1,2
58677,0,6,1,7
58766,0,1,1,2
58789,0,1,1,2
58790,0,1,1,2
58800,0,1,1,2
58803,0,1,1,2
58848,0,1,1,2
58895,0,1,1,2
58912,0,1,1,2
58913,0,1,1,2
59066,0,1,1,2
59100,0,1,1,2
59101,0,1,1,2
59103,0,1,1,2
59366,0,1,1,2
59403,0,1,1,2
59512,0,1,1,2
59513,0,1,1,2
59659,0,1,1,2
59663,0,1,1,2
59692,0,1,1,2
59789,0,1,1,2
59806,0,1,1,2
59814,0,1,1,2
59947,0,1,1,2
59948,0,1,1,2
60096,0,1,1,2
60103,0,1,1,2
60104,0,1,1,2
60106,0,1,1,2
60241,0,1,1,2
60370,0,1,1,2
60389,0,1,1,2
60511,0,1,1,2
60524,0,1,1,2
60533,0,1,1,2
60535,0,1,1,2
60539,0,1,1,2
60577,0,1,1,2
60689,0,1,1,2
60830,0,1,1,2
60838,0,1,1,2
60987,0,1,1,2
60988,0,1,1,2
61004,1,0,2,1
61106,0,1,1,2
61126,0,1,1,2
61131,0,1,1,2
61132,0,1,1,2
61133,0,1,1,2
61138,0,1,1,2
61178,0,1,1,2
61265,0,1,1,2
61400,0,1,1,2
61427,0,1,1,2
61432,0,1,1,2
61435,0,1,1,2
61471,0,1,1,2
61473,0,1,1,2
61581,0,1,1,2
61691,1,0,2,1
61709,1,0,2,1
61719,0,1,1,2
61721,0,1,1,2
61722,0,1,1,2
61723,0,1,1,2
61768,0,1,1,2
61769,0,1,1,2
61792,0,1,1,2
61896,1,0,2,1
61981,1,0,2,1
61982,1,0,2,1
61986,1,0,2,1
62012,0,1,1,2
62013,0,1,1,2
62060,0,1,1,2
62152,0,1,1,2
62175,0,1,1,2
62187,0,1,1,2
62276,1,0,2,1
62283,1,0,2,1
62306,1,0,2,1
62314,0,1,1,2
62318,0,1,1,2
62359,0,1,1,2
62361,0,1,1,2
62570,1,0,2,1
62572,1,0,2,1
62573,1,0,2,1
62574,1,0,2,1
62576,1,0,2,1
62592,1,0,2,1
62608,0,1,1,2
62611,0,1,1,2
62612,0,1,1,2
62614,1,0,2,1
62671,0,1,1,2
62672,0,1,1,2
62780,0,1,1,2
62783,0,1,1,2
62872,1,0,2,1
62873,1,0,2,1
62903,0,1,1,2
62914,0,1,1,2
62921,0,1,1,2
62928,0,1,1,2
62966,0,1,1,2
62969,0,1,1,2
62970,0,1,1,2
63039,0,1,1,2
63042,1,0,2,1
63076,0,1,1,2
63077,0,1,1,2
63164,1,0,2,1
63166,1,0,2,1
63170,1,0,2,1
63175,0,1,1,2
63196,0,1,1,2
63199,0,1,1,2
63201,0,1,1,2
63215,0,1,1,2
63222,0,1,1,2
63223,0,1,1,2
63261,0,1,1,2
63262,0,1,1,2
63266,0,1,1,2
63267,0,1,1,2
63335,0,1,1,2
63381,1,0,2,1
63458,1,0,2,1
63474,0,1,1,2
63507,0,1,1,2
63514,0,1,1,2
63556,0,1,1,2
63688,1,0,2,1
63689,1,0,2,1
63772,0,1,1,2
63842,0,1,1,2
63847,0,1,1,2
63852,0,1,1,2
63929,0,1,1,2
64109,0,1,1,2
64159,0,1,1,2
64256,0,1,1,2
64276,0,1,1,2
64295,0,1,1,2
64408,0,1,1,2
64438,0,1,1,2
64439,0,1,1,2
64459,0,1,1,2
64565,1,0,2,1
64569,0,1,1,2
64572,0,1,1,2
64576,0,1,1,2
64577,0,1,1,2
64585,1,0,2,1
64708,0,1,1,2
64739,0,1,1,2
64858,1,0,2,1
64861,1,0,2,1
64862,1,0,2,1
64865,1,0,2,1
64885,1,0,2,1
64891,0,1,1,2
64968,0,1,1,2
64969,0,1,1,2
64970,0,1,1,2
64971,0,1,1,2
65035,0,1,1,2
65159,1,0,2,1
65168,0,1,1,2
65174,0,1,1,2
65176,0,1,1,2
65180,0,1,1,2
65183,0,1,1,2
65188,0,1,1,2
65190,0,1,1,2
65198,0,1,1,2
65207,1,0,2,1
65263,0,1,1,2
65304,0,1,1,2
65305,0,1,1,2
65307,0,1,1,2
65308,0,1,1,2
65309,0,1,1,2
65332,0,1,1,2
65354,0,1,1,2
65470,0,1,1,2
65472,0,1,1,2
65473,0,1,1,2
65478,0,1,1,2
65479,0,1,1,2
65486,0,1,1,2
65497,0,1,1,2
65498,0,1,1,2
65555,0,1,1,2
65560,0,1,1,2
65563,0,1,1,2
65606,0,1,1,2
65748,1,0,2,1
65750,1,0,2,1
65773,0,1,1,2
65774,0,1,1,2
65775,0,1,1,2
65777,0,1,1,2
65780,0,1,1,2
65782,0,1,1,2
65787,0,1,1,2
65789,0,1,1,2
65791,0,1,1,2
65793,0,1,1,2
65853,0,1,1,2
65856,0,1,1,2
65858,0,1,1,2
65904,0,1,1,2
66054,1,0,2,1
66058,0,1,1,2
66060,0,1,1,2
66062,0,1,1,2
66074,0,1,1,2
66075,0,1,1,2
66096,0,1,1,2
66162,0,1,1,2
66208,0,1,1,2
66254,0,1,1,2
66255,0,1,1,2
66358,1,0,2,1
66359,1,0,2,1
66360,1,0,2,1
66371,0,1,1,2
66378,0,1,1,2
66389,0,1,1,2
66391,0,1,1,2
66393,0,1,1,2
66400,0,1,1,2
66493,0,1,1,2
66513,1,0,2,1
66539,0,1,1,2
66542,0,1,1,2
66565,0,1,1,2
66588,0,1,1,2
66712,0,1,1,2
66713,0,1,1,2
66723,0,1,1,2
66829,0,1,1,2
66833,0,1,1,2
66919,0,1,1,2
67055,0,1,1,2
67057,0,1,1,2
67066,0,1,1,2
67166,1,0,2,1
67205,0,1,1,2
67252,0,1,1,2
67384,0,1,1,2
67389,0,1,1,2
67390,0,1,1,2
67395,0,1,1,2
67397,0,1,1,2
67499,1,0,2,1
67540,0,1,1,2
67827,1,0,2,1
67867,0,1,1,2
67871,0,1,1,2
68059,0,1,1,2
68157,0,1,1,2
68166,0,1,1,2
68387,0,1,1,2
68491,0,1,1,2
68492,0,1,1,2
68497,0,1,1,2
68526,0,1,1,2
68709,0,1,1,2
68711,0,1,1,2
68804,0,1,1,2
68805,0,1,1,2
68843,0,1,1,2
69026,0,1,1,2
69028,0,1,1,2
69293,1,0,2,1
69451,0,1,1,2
69476,0,1,1,2
69477,0,1,1,2
70429,0,1,1,2
70432,0,1,1,2
70452,0,1,1,2
70687,1,0,2,1
70688,1,0,2,1
70716,0,1,1,2
70718,0,1,1,2
70736,0,1,1,2
70740,0,1,1,2
70741,0,1,1,2
70745,0,1,1,2
70747,0,1,1,2
70749,0,1,1,2
70759,0,1,1,2
70761,0,1,1,2
70763,0,1,1,2
71007,0,1,1,2
71022,0,1,1,2
71028,0,1,1,2
71054,0,1,1,2
71057,0,1,1,2
71062,0,1,1,2
71066,0,1,1,2
71069,0,1,1,2
71074,0,1,1,2
71075,0,1,1,2
71307,0,1,1,2
71318,0,1,1,2
71323,0,1,1,2
71326,0,1,1,2
71360,0,1,1,2
71363,0,1,1,2
71368,0,1,1,2
71377,0,1,1,2
71378,0,1,1,2
71379,0,1,1,2
71381,0,1,1,2
71386,0,1,1,2
71544,1,4,2,5
71613,0,1,1,2
71624,0,1,1,2
71628,0,1,1,2
71632,0,1,1,2
71640,0,1,1,2
71643,0,1,1,2
71672,0,1,1,2
71674,0,1,1,2
71682,0,1,1,2
71686,0,1,1,2
71925,0,1,1,2
71927,0,1,1,2
71935,0,1,1,2
71971,0,1,1,2
71980,0,1,1,2
71989,0,1,1,2
72019,0,1,1,2
72144,4,1,5,2
72215,0,1,1,2
72221,0,1,1,2
72229,0,1,1,2
72230,0,1,1,2
72244,0,1,1,2
72257,0,1,1,2
72284,0,1,1,2
72301,1,0,2,1
72302,1,0,2,1
72465,4,1,5,2
72467,4,1,5,2
72521,0,1,1,2
72529,0,1,1,2
72530,0,1,1,2
72533,0,1,1,2
72558,0,1,1,2
72567,0,1,1,2
72580,0,1,1,2
72582,0,1,1,2
72594,0,1,1,2
72595,0,1,1,2
72607,0,1,1,2
72611,1,0,2,1
72619,0,1,1,2
72623,0,1,1,2
72763,4,1,5,2
72773,1,4,2,5
72815,0,1,1,2
72817,0,1,1,2
72830,0,1,1,2
72835,0,1,1,2
72878,0,1,1,2
72881,0,1,1,2
72882,0,1,1,2
72889,0,1,1,2
72904,0,1,1,2
72916,0,1,1,2
73131,0,1,1,2
73134,0,1,1,2
73135,0,1,1,2
73154,0,1,1,2
73155,0,1,1,2
73157,0,1,1,2
73158,0,1,1,2
73162,0,1,1,2
73165,0,1,1,2
73195,0,1,1,2
73409,0,1,1,2
73437,0,1,1,2
73439,0,1,1,2
73463,1,0,2,1
73481,0,1,1,2
73615,4,1,5,2
73694,0,1,1,2
73717,0,1,1,2
73745,0,1,1,2
73746,1,0,2,1
73753,1,0,2,1
73754,1,0,2,1
73758,1,0,2,1
73764,0,1,1,2
73765,0,1,1,2
73769,0,1,1,2
73770,0,1,1,2
73771,0,1,1,2
73772,0,1,1,2
73891,4,1,5,2
73980,0,1,1,2
73981,0,1,1,2
73983,0,1,1,2
74001,0,1,1,2
74002,0,1,1,2
74003,0,1,1,2
74009,0,1,1,2
74010,0,1,1,2
74030,1,0,2,1
74037,1,0,2,1
74039,1,0,2,1
74055,0,1,1,2
74175,1,4,2,5
74183,4,1,5,2
74184,4,1,5,2
74270,0,1,1,2
74293,0,1,1,2
74297,0,1,1,2
74329,1,0,2,1
74331,1,0,2,1
74351,1,0,2,1
74471,4,1,5,2
74474,4,1,5,2
74590,0,1,1,2
74646,1,0,2,1
74654,1,0,2,1
74769,4,1,5,2
74770,4,1,5,2
74771,4,1,5,2
74850,0,1,1,2
74896,0,1,1,2
74933,1,0,2,1
74952,1,0,2,1
74953,1,0,2,1
75067,4,1,5,2
75197,0,1,1,2
75239,0,1,1,2
75250,1,0,2,1
75251,1,0,2,1
75407,0,1,1,2
75435,0,1,1,2
75443,0,1,1,2
75490,0,1,1,2
75491,0,1,1,2
75493,0,1,1,2
75508,1,0,2,1
75512,1,0,2,1
75526,1,0,2,1
75710,1,0,2,1
75732,0,1,1,2
75736,0,1,1,2
75737,0,1,1,2
75781,0,1,1,2
75787,0,1,1,2
75800,1,0,2,1
75803,1,0,2,1
75813,0,1,1,2
75821,1,0,2,1
75993,0,1,1,2
76007,1,0,2,1
76022,0,1,1,2
76029,0,1,1,2
76089,0,1,1,2
76098,1,0,2,1
76109,0,1,1,2
76124,0,1,1,2
76299,1,0,2,1
76301,1,0,2,1
76318,0,1,1,2
76321,0,1,1,2
76375,1,0,2,1
76376,1,0,2,1
76395,0,1,1,2
76416,0,1,1,2
76417,0,1,1,2
76613,0,1,1,2
76653,0,1,1,2
76668,1,0,2,1
76678,1,0,2,1
76680,1,0,2,1
76682,1,0,2,1
76712,1,0,2,1
76867,0,1,1,2
76898,0,1,1,2
76950,1,0,2,1
76952,1,0,2,1
76964,1,0,2,1
76967,1,0,2,1
76984,1,0,2,1
77176,0,1,1,2
77179,0,1,1,2
77180,0,1,1,2
77272,1,0,2,1
77275,0,1,1,2
77279,0,1,1,2
77341,1,0,2,1
77453,0,1,1,2
77460,0,1,1,2
77470,0,1,1,2
77472,0,1,1,2
77522,1,0,2,1
77535,1,0,2,1
77537,1,0,2,1
77543,0,1,1,2
77559,0,1,1,2
77627,1,0,2,1
77738,0,1,1,2
77747,0,1,1,2
77751,0,1,1,2
77752,0,1,1,2
77832,1,0,2,1
77839,0,1,1,2
77841,0,1,1,2
78017,0,1,1,2
78083,1,0,2,1
78096,1,0,2,1
78098,1,0,2,1
78109,0,1,1,2
78111,1,0,2,1
78364,1,0,2,1
78381,1,0,2,1
78384,1,0,2,1
78407,0,1,1,2
78657,1,0,2,1
78659,1,0,2,1
78662,1,0,2,1
78663,1,0,2,1
78664,1,0,2,1
78667,0,1,1,2
78669,0,1,1,2
78670,0,1,1,2
78862,0,1,1,2
78919,1,0,2,1
78920,1,0,2,1
78921,1,0,2,1
78930,0,1,1,2
78933,1,0,2,1
78943,0,1,1,2
79139,0,1,1,2
79144,0,1,1,2
79212,1,0,2,1
79213,1,0,2,1
79220,0,1,1,2
79223,0,1,1,2
79245,0,1,1,2
79519,1,0,2,1
79526,0,1,1,2
79645,1,4,2,5
79700,0,1,1,2
79758,1,0,2,1
79766,0,1,1,2
79978,0,1,1,2
79983,0,1,1,2
80040,1,0,2,1
80043,1,0,2,1
80052,0,1,1,2
80054,0,1,1,2
80063,1,0,2,1
80081,1,0,2,1
80256,0,1,1,2
80258,0,1,1,2
80334,0,1,1,2
80339,0,1,1,2
80340,0,1,1,2
80349,1,0,2,1
80359,1,0,2,1
80361,1,0,2,1
80544,0,1,1,2
80617,0,1,1,2
80623,0,1,1,2
80626,0,1,1,2
80627,0,1,1,2
80645,1,0,2,1
80647,1,0,2,1
80648,1,0,2,1
80650,1,0,2,1
80651,1,0,2,1
80654,1,0,2,1
80655,1,0,2,1
80833,0,1,1,2
80834,0,1,1,2
80836,0,1,1,2
80903,0,1,1,2
80904,0,1,1,2
80906,0,1,1,2
80936,1,0,2,1
80939,1,0,2,1
80940,1,0,2,1
80942,1,0,2,1
81055,1,4,2,5
81115,0,1,1,2
81119,0,1,1,2
81120,0,1,1,2
81122,0,1,1,2
81183,0,1,1,2
81189,0,1,1,2
81191,0,1,1,2
81200,0,1,1,2
81202,0,1,1,2
81221,1,0,2,1
81405,0,1,1,2
81477,0,1,1,2
81509,1,0,2,1
81514,1,0,2,1
81517,1,0,2,1
81518,1,0,2,1
81761,0,1,1,2
81803,1,0,2,1
81804,1,0,2,1
81806,1,0,2,1
81969,0,1,1,2
82047,0,1,1,2
82052,0,1,1,2
82091,1,0,2,1
82100,0,1,1,2
82255,0,1,1,2
82328,1,0,2,1
82330,1,0,2,1
82342,0,1,1,2
82626,1,0,2,1
82670,1,0,2,1
82673,1,0,2,1
82674,1,0,2,1
82852,0,1,1,2
82935,0,1,1,2
82940,0,1,1,2
82970,1,0,2,1
82975,1,0,2,1
82990,0,1,1,2
82997,1,0,2,1
83236,0,1,1,2
83240,0,1,1,2
83268,1,0,2,1
83270,1,0,2,1
83273,1,0,2,1
83277,1,0,2,1
83283,1,0,2,1
83284,1,0,2,1
83292,0,1,1,2
83457,0,1,1,2
83572,1,0,2,1
83573,1,0,2,1
83576,1,0,2,1
83581,1,0,2,1
83587,1,0,2,1
83589,1,0,2,1
83590,1,0,2,1
83850,0,1,1,2
83900,1,0,2,1
83918,1,0,2,1
84180,1,0,2,1
84183,1,0,2,1
84184,1,0,2,1
84207,0,1,1,2
84216,1,0,2,1
84368,1,0,2,1
84376,1,0,2,1
84378,1,0,2,1
84379,0,1,1,2
84388,1,0,2,1
84498,0,1,1,2
84761,0,1,1,2
84763,0,1,1,2
84791,0,1,1,2
84957,1,0,2,1
84975,0,1,1,2
84978,0,1,1,2
85055,1,0,2,1
85069,1,0,2,1
85084,0,1,1,2
85089,0,1,1,2
85091,0,1,1,2
85098,0,1,1,2
85266,0,1,1,2
85267,0,1,1,2
85270,0,1,1,2
85343,1,0,2,1
85347,1,0,2,1
85375,0,1,1,2
85382,0,1,1,2
85394,1,0,2,1
85534,1,0,2,1
85535,1,0,2,1
85537,1,0,2,1
85553,0,1,1,2
85633,1,0,2,1
85634,1,0,2,1
85667,0,1,1,2
85669,0,1,1,2
85681,1,0,2,1
85840,0,1,1,2
85844,1,0,2,1
85912,1,0,2,1
85920,1,0,2,1
85958,0,1,1,2
86107,1,0,2,1
86108,1,0,2,1
86115,0,1,1,2
86196,1,0,2,1
86237,0,1,1,2
86239,0,1,1,2
86242,0,1,1,2
86395,0,1,1,2
86401,0,1,1,2
86406,0,1,1,2
86407,0,1,1,2
86410,0,1,1,2
86463,0,1,1,2
86468,0,1,1,2
86475,1,0,2,1
86478,1,0,2,1
86493,0,1,1,2
86496,0,1,1,2
86513,0,1,1,2
86515,0,1,1,2
86521,0,1,1,2
86527,0,1,1,2
86670,1,0,2,1
86674,0,1,1,2
86679,0,1,1,2
86681,0,1,1,2
86685,0,1,1,2
86693,0,1,1,2
86747,0,1,1,2
86749,0,1,1,2
86779,0,1,1,2
86804,0,1,1,2
86805,0,1,1,2
86811,0,1,1,2
86812,0,1,1,2
86839,1,0,2,1
86843,1,0,2,1
86844,1,0,2,1
86980,0,1,1,2
86981,0,1,1,2
87039,0,1,1,2
87040,0,1,1,2
87047,0,1,1,2
87065,0,1,1,2
87089,0,1,1,2
87122,1,0,2,1
87126,1,0,2,1
87255,0,1,1,2
87325,0,1,1,2
87354,1,0,2,1
87355,1,0,2,1
87358,1,0,2,1
87375,0,1,1,2
87376,1,0,2,1
87378,1,0,2,1
87401,0,1,1,2
87408,1,0,2,1
87418,1,0,2,1
87607,0,1,1,2
87614,0,1,1,2
87639,1,0,2,1
87640,1,0,2,1
87643,1,0,2,1
87647,1,0,2,1
87654,0,1,1,2
87657,0,1,1,2
87684,1,0,2,1
87693,1,0,2,1
87694,1,0,2,1
87695,1,0,2,1
87699,1,0,2,1
87703,1,0,2,1
87710,0,1,1,2
87826,1,0,2,1
87832,1,0,2,1
87899,0,1,1,2
87905,1,0,2,1
87907,1,0,2,1
87909,1,0,2,1
87925,1,0,2,1
87949,1,0,2,1
87972,1,0,2,1
87974,1,0,2,1
87980,1,0,2,1
87981,1,0,2,1
87986,1,0,2,1
87995,0,1,1,2
88254,1,0,2,1
88263,1,0,2,1
88479,0,1,1,2
88694,0,1,1,2
88790,1,0,2,1
89008,1,0,2,1
89089,1,0,2,1
89091,1,0,2,1
89101,1,0,2,1
89120,1,0,2,1
89123,1,0,2,1
89125,1,0,2,1
89142,0,1,1,2
89288,0,1,1,2
89392,1,0,2,1
89410,1,0,2,1
89422,0,1,1,2
89430,0,1,1,2
89444,0,1,1,2
89596,0,1,1,2
89604,1,0,2,1
89703,1,0,2,1
89707,1,0,2,1
89708,1,0,2,1
89713,0,1,1,2
89715,0,1,1,2
89723,0,1,1,2
89729,0,1,1,2
89739,0,1,1,2
89740,0,1,1,2
89744,0,1,1,2
89745,0,1,1,2
89785,1,0,2,1
89787,1,0,2,1
90003,1,0,2,1
90005,1,0,2,1
90006,1,0,2,1
90009,0,1,1,2
90011,0,1,1,2
90014,0,1,1,2
90023,0,1,1,2
90048,0,1,1,2
90082,1,0,2,1
90185,1,0,2,1
90296,1,0,2,1
90297,1,0,2,1
90303,0,1,1,2
90305,0,1,1,2
90307,0,1,1,2
90309,0,1,1,2
90312,0,1,1,2
90331,0,1,1,2
90359,0,1,1,2
90481,1,0,2,1
90485,0,1,1,2
90488,0,1,1,2
90584,1,0,2,1
90592,0,1,1,2
90595,0,1,1,2
90604,1,0,2,1
90605,1,0,2,1
90606,1,0,2,1
90613,0,1,1,2
90617,0,1,1,2
90634,1,0,2,1
90758,1,0,2,1
90761,0,1,1,2
90866,0,1,1,2
90867,0,1,1,2
90873,1,0,2,1
90882,1,0,2,1
90910,1,0,2,1
91033,0,1,1,2
91138,1,0,2,1
91139,1,0,2,1
91141,1,0,2,1
91306,1,0,2,1
91314,1,0,2,1
91414,0,1,1,2
91564,0,1,1,2
91572,1,0,2,1
91834,0,1,1,2
91840,1,0,2,1
91950,0,1,1,2
92094,0,1,1,2
92096,0,1,1,2
92104,1,0,2,1
92521,0,1,1,2
92522,1,0,2,1
92634,0,1,1,2
92635,0,1,1,2
92750,1,0,2,1
92752,1,0,2,1
93017,1,0,2,1
93165,0,1,1,2
93280,1,0,2,1
93281,1,0,2,1
93538,1,0,2,1
93734,1,0,2,1
93735,1,0,2,1
93739,0,1,1,2
93996,1,0,2,1
94358,0,1,1,2
94364,0,1,1,2
94365,0,1,1,2
94532,1,0,2,1
94534,1,0,2,1
94535,1,0,2,1
94580,1,0,2,1
94775,0,1,1,2
94792,1,0,2,1
94797,1,0,2,1
94800,1,0,2,1
94844,1,0,2,1
94845,1,0,2,1
94847,1,0,2,1
94848,1,0,2,1
94891,0,1,1,2
94932,1,0,2,1
95035,0,1,1,2
95036,0,1,1,2
95038,0,1,1,2
95153,0,1,1,2
95156,0,1,1,2
95158,0,1,1,2
95160,1,0,2,1
95303,0,1,1,2
95305,0,1,1,2
95422,0,1,1,2
95577,0,1,1,2
95689,0,1,1,2
95691,0,1,1,2
95692,0,1,1,2
95838,0,1,1,2
95844,0,1,1,2
95856,1,0,2,1
95877,0,1,1,2
96108,0,1,1,2
96110,0,1,1,2
96143,0,1,1,2
96376,0,1,1,2
96378,0,1,1,2
96382,0,1,1,2
96406,0,1,1,2
96416,0,1,1,2
96421,1,0,2,1
96452,1,0,2,1
96476,0,1,1,2
96478,0,1,1,2
96548,1,0,2,1
96649,0,1,1,2
96653,0,1,1,2
96694,1,0,2,1
96723,1,0,2,1
96730,1,4,2,5
96826,1,0,2,1
96925,0,1,1,2
96928,0,1,1,2
96974,1,0,2,1
97007,1,4,2,5
97031,0,1,1,2
97034,0,1,1,2
97208,0,1,1,2
97214,0,1,1,2
97251,1,0,2,1
97252,1,0,2,1
97314,0,1,1,2
97315,0,1,1,2
97361,1,0,2,1
97377,1,0,2,1
97379,1,0,2,1
97380,1,0,2,1
97381,1,0,2,1
97488,0,1,1,2
97489,0,1,1,2
97493,0,1,1,2
97511,1,0,2,1
97536,1,0,2,1
97659,1,0,2,1
97768,0,1,1,2
97798,0,1,1,2
97817,1,0,2,1
97873,0,1,1,2
97874,0,1,1,2
97878,0,1,1,2
97939,1,0,2,1
98074,0,1,1,2
98077,0,1,1,2
98092,1,0,2,1
98095,1,0,2,1
98096,1,0,2,1
98124,1,4,2,5
98210,1,0,2,1
98369,1,0,2,1
98373,1,0,2,1
98427,0,1,1,2
98428,0,1,1,2
98433,0,1,1,2
98599,0,1,1,2
98651,1,0,2,1
98714,0,1,1,2
98749,4,1,5,2
98750,4,1,5,2
98894,0,1,1,2
98901,0,1,1,2
98902,0,1,1,2
98904,0,1,1,2
98954,1,4,2,5
98958,1,0,2,1
99024,4,1,5,2
99025,4,1,5,2
99052,1,0,2,1
99166,0,1,1,2
99180,0,1,1,2
99192,1,0,2,1
99202,1,0,2,1
99203,1,0,2,1
99294,4,1,5,2
99300,1,0,2,1
99454,0,1,1,2
99536,0,1,1,2
99540,0,1,1,2
99542,0,1,1,2
99569,4,1,5,2
99698,1,0,2,1
99725,0,1,1,2
99746,1,0,2,1
99822,0,1,1,2
99823,0,1,1,2
100003,0,1,1,2
100259,1,0,2,1
100284,0,1,1,2
100392,0,1,1,2
100547,1,0,2,1
100593,0,1,1,2
100594,0,1,1,2
100595,0,1,1,2
100706,4,1,5,2
100837,1,0,2,1
100885,0,1,1,2
100960,0,1,1,2
101147,1,0,2,1
101156,0,1,1,2
101164,0,1,1,2
101170,0,1,1,2
101198,1,0,2,1
101449,0,1,1,2
101452,0,1,1,2
101453,0,1,1,2
101476,1,0,2,1
101478,1,0,2,1
101481,1,0,2,1
101563,4,1,5,2
101742,0,1,1,2
101759,1,0,2,1
101844,4,1,5,2
101850,4,1,5,2
102129,4,1,5,2
102131,4,1,5,2
102132,4,1,5,2
102134,4,1,5,2
102423,4,1,5,2
102576,1,0,2,1
102581,0,1,1,2
102705,4,1,5,2
102707,4,1,5,2
102708,4,1,5,2
102712,4,1,5,2
102996,4,1,5,2
103148,0,1,1,2
103158,0,1,1,2
103446,0,1,1,2
103456,0,1,1,2
103579,4,1,5,2
103728,0,1,1,2
103736,0,1,1,2
103737,0,1,1,2
103747,0,1,1,2
103752,0,1,1,2
103869,4,1,5,2
104049,0,1,1,2
104050,0,1,1,2
104054,0,1,1,2
104200,4,1,5,2
104201,4,1,5,2
104328,0,1,1,2
104331,0,1,1,2
104340,0,1,1,2
104341,0,1,1,2
104503,4,1,5,2
104636,0,1,1,2
104641,0,1,1,2
104811,4,1,5,2
104975,0,1,1,2
104976,0,1,1,2
105269,0,1,1,2
105278,0,1,1,2
105281,0,1,1,2
105293,0,1,1,2
105296,1,0,2,1
105399,0,1,1,2
105599,0,1,1,2
105602,0,1,1,2
105618,1,0,2,1
106053,0,1,1,2
106054,0,1,1,2
106250,0,1,1,2
106253,0,1,1,2
106255,0,1,1,2
106267,0,1,1,2
106277,1,0,2,1
106476,1,0,2,1
106577,0,1,1,2
106707,0,1,1,2
106910,0,1,1,2
106913,0,1,1,2
106934,1,0,2,1
106936,1,0,2,1
106937,1,0,2,1
107034,0,1,1,2
107036,0,1,1,2
107269,1,0,2,1
107368,0,1,1,2
107371,0,1,1,2
107476,4,1,5,2
107479,4,1,5,2
107574,0,1,1,2
107596,1,0,2,1
107812,4,1,5,2
107813,4,1,5,2
107911,0,1,1,2
107927,1,0,2,1
107938,1,0,2,1
107943,1,0,2,1
107944,1,0,2,1
108039,0,1,1,2
108047,1,0,2,1
108280,1,0,2,1
108297,1,0,2,1
108312,1,0,2,1
108373,0,1,1,2
108588,0,1,1,2
108616,1,0,2,1
108618,1,0,2,1
108632,1,0,2,1
108635,1,0,2,1
108640,1,0,2,1
108641,1,0,2,1
108655,1,0,2,1
108972,1,0,2,1
109000,1,0,2,1
109058,0,1,1,2
109064,0,1,1,2
109302,1,0,2,1
109320,1,0,2,1
109402,0,1,1,2
109507,4,1,5,2
109956,1,0,2,1
109984,1,0,2,1
110186,1,4,2,5
110341,1,0,2,1
110676,1,0,2,1
110991,1,0,2,1
110995,1,0,2,1
111028,1,0,2,1
111115,0,1,1,2
111343,1,0,2,1
111345,1,0,2,1
111380,1,0,2,1
111724,0,1,1,2
111735,1,0,2,1
111899,1,0,2,1
111933,4,1,5,2
112048,1,0,2,1
112070,0,1,1,2
112083,1,0,2,1
112250,1,0,2,1
112285,4,1,5,2
112739,0,1,1,2
112741,0,1,1,2
112788,1,4,2,5
112970,4,1,5,2
112972,4,1,5,2
113029,0,1,1,2
113196,0,1,1,2
113268,1,0,2,1
113309,4,1,5,2
113355,1,0,2,1
113436,1,0,2,1
113452,1,0,2,1
113611,1,0,2,1
113646,4,1,5,2
113708,0,1,1,2
113711,0,1,1,2
113760,0,1,1,2
113777,1,0,2,1
113805,1,4,2,5
113987,4,1,5,2
114048,0,1,1,2
114049,0,1,1,2
114095,0,1,1,2
114098,0,1,1,2
114107,1,0,2,1
114115,1,0,2,1
114209,0,1,1,2
114211,0,5,1,6
114323,4,1,5,2
114383,0,1,1,2
114384,0,1,1,2
114385,0,1,1,2
114445,1,0,2,1
114452,1,0,2,1
114551,1,0,2,1
114771,0,1,1,2
114772,0,1,1,2
114778,1,0,2,1
114779,1,0,2,1
115082,1,4,2,5
115148,1,4,2,5
115396,0,1,1,2
115549,0,1,1,2
115550,0,5,1,6
116064,0,1,1,2
116089,1,4,2,5
116091,1,4,2,5
116227,0,1,1,2
116385,0,1,1,2
116444,0,1,1,2
116445,0,1,1,2
116447,0,1,1,2
116489,0,1,1,2
116490,0,1,1,2
116504,0,1,1,2
116649,0,1,1,2
116756,0,1,1,2
116759,0,1,1,2
116762,0,1,1,2
116790,1,0,2,1
116865,0,1,1,2
116873,0,1,1,2
116874,0,1,1,2
116974,1,0,2,1
116993,1,0,2,1
117027,0,1,1,2
117029,0,1,1,2
117030,0,1,1,2
117031,0,1,1,2
117164,0,1,1,2
117199,0,1,1,2
117403,0,1,1,2
117404,0,1,1,2
117405,0,1,1,2
117502,0,1,1,2
117508,0,1,1,2
117510,0,1,1,2
117571,0,1,1,2
117604,1,0,2,1
117605,1,0,2,1
117747,1,0,2,1
117782,0,1,1,2
117785,0,1,1,2
117873,0,1,1,2
117876,0,1,1,2
117877,0,1,1,2
117896,0,1,1,2
118073,1,0,2,1
118097,0,1,1,2
118147,0,1,1,2
118149,0,1,1,2
118151,0,1,1,2
118152,0,1,1,2
118195,1,0,2,1
118199,1,0,2,1
118205,1,0,2,1
118247,0,1,1,2
118249,0,1,1,2
118262,1,0,2,1
118284,1,0,2,1
118285,1,0,2,1
118374,0,1,1,2
118456,0,1,1,2
118463,0,1,1,2
118472,0,1,1,2
118489,1,0,2,1
118519,0,1,1,2
118521,0,1,1,2
118571,1,0,2,1
118572,1,0,2,1
118574,1,0,2,1
118637,1,0,2,1
118638,1,0,2,1
118714,1,0,2,1
118747,0,1,1,2
118748,0,1,1,2
118834,0,1,1,2
118854,1,0,2,1
118856,1,0,2,1
118883,0,1,1,2
118886,0,1,1,2
118887,0,1,1,2
118891,0,1,1,2
118935,1,0,2,1
118937,1,0,2,1
119002,1,0,2,1
119047,0,1,1,2
119108,0,1,1,2
119109,0,1,1,2
119203,0,1,1,2
119223,1,0,2,1
119228,1,0,2,1
119253,0,1,1,2
119384,0,1,1,2
119471,0,1,1,2
119472,0,1,1,2
119558,0,1,1,2
119561,0,1,1,2
119562,0,1,1,2
119577,1,0,2,1
119578,1,0,2,1
119642,1,0,2,1
119647,1,0,2,1
119760,0,1,1,2
119808,0,1,1,2
119812,0,1,1,2
119813,0,1,1,2
119815,0,1,1,2
119816,0,1,1,2
119819,0,1,1,2
119820,0,1,1,2
119909,0,1,1,2
119916,0,1,1,2
119927,1,0,2,1
119929,1,0,2,1
119932,1,0,2,1
119941,1,0,2,1
119958,0,1,1,2
119959,0,1,1,2
119999,1,0,2,1
120067,0,1,1,2
120068,0,1,1,2
120092,0,1,1,2
120093,0,1,1,2
120115,0,1,1,2
120285,1,0,2,1
120289,1,0,2,1
120354,1,0,2,1
120357,1,0,2,1
120421,0,1,1,2
120539,1,0,2,1
120612,0,1,1,2
120631,1,0,2,1
120638,1,0,2,1
120639,1,0,2,1
120773,0,1,1,2
120776,0,1,1,2
120802,0,1,1,2
120893,1,0,2,1
120983,1,0,2,1
121008,0,1,1,2
121019,0,1,1,2
121060,1,0,2,1
121126,0,1,1,2
121128,0,1,1,2
121135,0,1,1,2
121156,0,1,1,2
121226,1,0,2,1
121227,1,0,2,1
121236,0,1,1,2
121340,1,0,2,1
121374,0,1,1,2
121416,1,0,2,1
121481,0,1,1,2
121491,0,1,1,2
121509,0,1,1,2
121554,0,1,1,2
121556,0,1,1,2
121697,1,0,2,1
121729,0,1,1,2
121767,1,0,2,1
121839,0,1,1,2
121847,0,1,1,2
121848,0,1,1,2
121849,0,1,1,2
121854,1,0,2,1
121867,0,1,1,2
121868,0,1,1,2
121914,0,1,1,2
121948,0,1,1,2
121969,1,0,2,1
122086,0,1,1,2
122093,0,1,1,2
122131,1,0,2,1
122134,1,0,2,1
122155,0,1,1,2
122204,0,1,1,2
122325,1,0,2,1
122394,0,1,1,2
122417,1,0,2,1
122448,0,1,1,2
122520,0,1,1,2
122569,0,1,1,2
122588,0,1,1,2
122637,0,1,1,2
122665,1,0,2,1
122775,1,0,2,1
122776,1,0,2,1
122877,0,1,1,2
122925,0,1,1,2
122935,1,0,2,1
122936,1,0,2,1
122939,1,0,2,1
122999,0,1,1,2
123000,0,1,1,2
123024,1,0,2,1
123131,1,0,2,1
123221,0,1,1,2
123224,0,1,1,2
123242,0,1,1,2
123243,0,1,1,2
123300,1,0,2,1
123305,1,0,2,1
123308,1,0,2,1
123309,1,0,2,1
123310,1,0,2,1
123362,0,1,1,2
123381,1,0,2,1
123402,1,0,2,1
123587,1,0,2,1
123593,0,1,1,2
123594,0,1,1,2
123659,0,1,1,2
123666,1,0,2,1
123669,1,0,2,1
123954,0,1,1,2
123972,0,1,1,2
124030,1,0,2,1
124031,1,0,2,1
124034,1,0,2,1
124036,1,0,2,1
124093,0,1,1,2
124112,1,0,2,1
124320,0,1,1,2
124380,0,1,1,2
124388,0,1,1,2
124394,1,0,2,1
124456,0,1,1,2
124479,1,0,2,1
124565,0,1,1,2
124596,1,0,2,1
124697,0,1,1,2
124698,0,1,1,2
124699,0,1,1,2
124700,0,1,1,2
124701,0,1,1,2
124745,0,1,1,2
124821,0,1,1,2
124843,1,0,2,1
124844,1,0,2,1
125071,0,1,1,2
125114,0,1,1,2
125193,0,1,1,2
125209,1,0,2,1
125302,1,0,2,1
125344,0,1,1,2
125347,0,1,1,2
125374,1,0,2,1
125417,0,1,1,2
125429,0,1,1,2
125442,1,0,2,1
125493,0,1,1,2
125556,0,1,1,2
125701,1,0,2,1
125703,1,0,2,1
125711,0,1,1,2
125713,0,1,1,2
125799,0,1,1,2
125847,0,1,1,2
125863,0,1,1,2
126073,0,1,1,2
126103,1,0,2,1
126165,0,1,1,2
126193,1,0,2,1
126223,0,1,1,2
126282,0,1,1,2
126284,0,1,1,2
126287,0,1,1,2
126523,0,1,1,2
126529,0,1,1,2
126574,0,1,1,2
126589,0,1,1,2
126599,1,0,2,1
126802,0,1,1,2
126803,0,1,1,2
126810,1,0,2,1
126813,1,0,2,1
126833,0,1,1,2
126886,0,1,1,2
126887,0,1,1,2
126952,0,1,1,2
126955,1,0,2,1
127008,0,1,1,2
127010,0,1,1,2
127012,0,1,1,2
127015,0,1,1,2
127016,0,1,1,2
127171,1,0,2,1
127186,0,1,1,2
127192,0,1,1,2
127196,0,1,1,2
127246,0,1,1,2
127277,0,1,1,2
127312,0,1,1,2
127373,0,1,1,2
127377,0,1,1,2
127381,0,1,1,2
127537,1,0,2,1
127540,1,0,2,1
127550,0,1,1,2
127551,0,1,1,2
127613,0,1,1,2
127624,0,1,1,2
127651,1,0,2,1
127652,1,0,2,1
127681,0,1,1,2
127745,0,1,1,2
127746,0,1,1,2
127747,0,1,1,2
127749,0,1,1,2
127919,0,1,1,2
127921,0,1,1,2
127992,0,1,1,2
128271,1,0,2,1
128273,1,0,2,1
128274,1,0,2,1
128296,0,1,1,2
128353,0,1,1,2
128478,0,1,1,2
128481,0,1,1,2
128482,0,1,1,2
128493,1,0,2,1
128494,1,0,2,1
128496,1,0,2,1
128497,1,0,2,1
128498,1,0,2,1
128529,0,1,1,2
128644,1,0,2,1
128649,1,0,2,1
128755,0,1,1,2
128772,0,1,1,2
128775,0,1,1,2
128778,0,1,1,2
128779,0,1,1,2
128850,0,1,1,2
128851,0,1,1,2
128855,0,1,1,2
128862,1,0,2,1
128865,1,0,2,1
128866,1,0,2,1
128868,1,0,2,1
129011,1,0,2,1
129014,1,0,2,1
129033,0,1,1,2
129039,0,1,1,2
129100,0,1,1,2
129127,0,1,1,2
129144,0,1,1,2
129151,0,1,1,2
129226,0,1,1,2
129227,0,1,1,2
129234,1,0,2,1
129241,1,0,2,1
129407,0,1,1,2
129408,0,1,1,2
129467,0,1,1,2
129469,0,1,1,2
129505,1,0,2,1
129515,0,1,1,2
129593,0,1,1,2
129753,1,0,2,1
129775,0,1,1,2
129776,0,1,1,2
129839,0,1,1,2
129840,0,1,1,2
129890,0,1,1,2
129962,0,1,1,2
129964,0,1,1,2
129975,1,0,2,1
129976,1,0,2,1
130205,0,1,1,2
130238,1,0,2,1
130250,0,1,1,2
130338,1,0,2,1
130369,1,0,2,1
130383,1,0,2,1
130964,0,1,1,2
130980,0,1,1,2
131095,1,0,2,1
131096,1,0,2,1
131342,0,1,1,2
131462,1,0,2,1
131466,1,0,2,1
131593,0,1,1,2
131701,0,1,1,2
131956,0,1,1,2
132056,1,0,2,1
132064,0,1,1,2
132319,0,1,1,2
132420,1,0,2,1
132435,0,1,1,2
132682,0,1,1,2
132683,0,1,1,2
132684,0,1,1,2
132686,0,1,1,2
132687,0,1,1,2
132781,0,1,1,2
132783,1,0,2,1
132789,0,1,1,2
132790,0,1,1,2
132793,0,1,1,2
132924,0,1,1,2
133043,0,1,1,2
133144,0,1,1,2
133154,0,1,1,2
133285,0,1,1,2
133321,1,4,2,5
133406,0,1,1,2
133407,0,1,1,2
133408,0,1,1,2
133413,0,1,1,2
133520,0,1,1,2
133521,0,1,1,2
133523,0,1,1,2
133773,0,1,1,2
133774,0,1,1,2
133776,0,1,1,2
133777,0,1,1,2
133866,0,1,1,2
133884,0,1,1,2
134230,0,1,1,2
134243,0,1,1,2
134249,0,1,1,2
134250,0,1,1,2
134403,1,4,2,5
134584,0,1,1,2
134598,0,1,1,2
134600,0,1,1,2
134601,0,1,1,2
134721,1,0,2,1
134724,1,0,2,1
134837,1,0,2,1
134955,0,1,1,2
135198,0,1,1,2
135298,0,1,1,2
135547,0,1,1,2
135646,0,1,1,2
135650,0,1,1,2
135651,0,1,1,2
135772,1,0,2,1
135819,4,1,5,2
135911,0,1,1,2
136121,1,0,2,1
136154,4,1,5,2
136344,0,1,1,2
136348,0,1,1,2
136505,4,1,5,2
136506,4,1,5,2
136508,4,1,5,2
136509,4,1,5,2
136591,0,1,1,2
136872,4,1,5,2
136884,1,0,2,1
136942,1,0,2,1
136953,0,1,1,2
137060,0,1,1,2
137242,1,0,2,1
137294,1,0,2,1
137298,1,0,2,1
137299,1,0,2,1
137320,0,1,1,2
137579,4,1,5,2
137581,4,1,5,2
137582,4,1,5,2
137649,1,0,2,1
137651,1,0,2,1
137658,0,1,1,2
137673,0,1,1,2
137679,0,1,1,2
137680,0,1,1,2
137768,0,1,1,2
137770,0,1,1,2
137771,0,1,1,2
137773,0,1,1,2
137894,0,1,1,2
137895,0,1,1,2
137934,4,1,5,2
137938,4,1,5,2
137941,0,4,1,5
138008,1,0,2,1
138016,1,0,2,1
138040,0,1,1,2
138041,0,1,1,2
138295,4,1,5,2
138309,4,1,5,2
138377,1,0,2,1
138385,1,0,2,1
138492,0,1,1,2
138753,0,1,1,2
138759,0,1,1,2
138849,0,1,1,2
138883,1,0,2,1
139013,4,1,5,2
139021,4,1,5,2
139110,0,1,1,2
139111,0,1,1,2
139112,0,1,1,2
139206,0,1,1,2
139238,1,0,2,1
139239,1,0,2,1
139240,1,0,2,1
139381,4,1,5,2
139450,0,1,1,2
139465,0,1,1,2
139563,0,1,1,2
139564,0,1,1,2
139567,0,1,1,2
139914,0,1,1,2
140073,4,1,5,2
140085,4,1,5,2
140086,4,1,5,2
140152,1,0,2,1
140154,1,0,2,1
140162,0,1,1,2
140248,0,1,1,2
140250,0,1,1,2
140425,4,0,5,1
140442,0,1,1,2
140443,0,1,1,2
140487,1,0,2,1
140493,1,0,2,1
140591,0,1,1,2
140765,0,1,1,2
140769,4,0,5,1
140844,0,1,1,2
140932,0,1,1,2
140933,0,1,1,2
140936,0,1,1,2
140946,0,1,1,2
140983,1,0,2,1
141061,0,1,1,2
141101,4,1,5,2
141104,4,1,5,2
141116,4,0,5,1
141117,4,0,5,1
141123,1,0,2,1
141127,1,0,2,1
141284,0,1,1,2
141450,4,1,5,2
141458,0,4,1,5
141469,0,1,1,2
141476,1,0,2,1
141563,1,0,2,1
141567,1,0,2,1
141634,0,1,1,2
141796,1,0,2,1
141827,0,1,1,2
141888,0,1,1,2
141981,0,1,1,2
141983,0,1,1,2
141995,0,1,1,2
142149,1,0,2,1
142173,0,1,1,2
142183,1,0,2,1
142187,0,1,1,2
142458,1,0,2,1
142501,4,0,5,1
142502,4,0,5,1
142525,0,1,1,2
142527,0,1,1,2
142689,0,1,1,2
142820,1,0,2,1
142856,4,0,5,1
142883,0,1,1,2
142895,1,0,2,1
142897,1,0,2,1
143042,0,1,1,2
143172,1,0,2,1
143174,1,0,2,1
143231,0,1,1,2
143242,1,0,2,1
143244,1,0,2,1
143247,1,0,2,1
143312,1,0,2,1
143313,1,0,2,1
143316,1,0,2,1
143394,0,1,1,2
143524,1,0,2,1
143591,1,0,2,1
143593,1,0,2,1
143876,1,0,2,1
143917,0,1,1,2
143945,1,0,2,1
143946,1,0,2,1
143949,1,0,2,1
144015,1,0,2,1
144016,1,0,2,1
144097,0,1,1,2
144099,0,1,1,2
144228,1,0,2,1
144369,1,0,2,1
144658,1,0,2,1
144726,1,0,2,1
144810,0,1,1,2
144811,0,1,1,2
144964,0,4,1,5
145155,0,1,1,2
145158,0,1,1,2
145161,0,1,1,2
145167,0,1,1,2
145412,0,1,1,2
145413,0,1,1,2
145422,1,0,2,1
145423,1,0,2,1
145510,0,1,1,2
145702,0,1,1,2
145719,0,1,1,2
145755,0,1,1,2
145757,0,1,1,2
145849,0,1,1,2
145998,1,0,2,1
146094,0,1,1,2
146095,0,1,1,2
146097,0,1,1,2
146098,0,1,1,2
146190,0,1,1,2
146315,1,0,2,1
146316,1,0,2,1
146321,1,0,2,1
146380,0,1,1,2
146382,0,1,1,2
146391,0,1,1,2
146393,0,1,1,2
146431,0,1,1,2
146432,0,1,1,2
146645,1,0,2,1
146659,0,1,1,2
146707,0,1,1,2
146716,0,1,1,2
146717,0,1,1,2
146719,0,1,1,2
146755,0,1,1,2
146757,0,1,1,2
146968,1,0,2,1
147041,0,1,1,2
147049,0,1,1,2
147077,0,1,1,2
147091,0,1,1,2
147285,0,1,1,2
147343,0,1,1,2
147355,0,1,1,2
147358,0,1,1,2
147413,1,0,2,1
147659,0,1,1,2
147667,0,1,1,2
147671,0,1,1,2
147675,0,1,1,2
147678,0,1,1,2
147966,0,1,1,2
147967,0,1,1,2
148021,0,1,1,2
148024,0,1,1,2
148031,0,1,1,2
148264,0,1,1,2
148272,0,1,1,2
148279,0,1,1,2
148285,0,1,1,2
148288,0,1,1,2
148299,0,1,1,2
148301,0,1,1,2
148322,0,1,1,2
148334,0,1,1,2
148518,0,1,1,2
148568,0,1,1,2
148579,0,1,1,2
148581,0,1,1,2
148587,0,1,1,2
148606,0,1,1,2
148607,0,1,1,2
148618,0,1,1,2
148619,0,1,1,2
148621,0,1,1,2
148823,0,1,1,2
148888,0,1,1,2
148891,0,1,1,2
148904,0,1,1,2
148906,0,1,1,2
148911,0,1,1,2
148916,0,1,1,2
148921,0,1,1,2
148924,0,1,1,2
148945,0,1,1,2
148947,0,1,1,2
149009,0,1,1,2
149177,0,1,1,2
149187,0,1,1,2
149194,0,1,1,2
149199,0,1,1,2
149203,0,1,1,2
149205,0,1,1,2
149212,0,1,1,2
149250,0,1,1,2
149313,0,1,1,2
149477,0,1,1,2
149490,0,1,1,2
149494,0,1,1,2
149498,0,1,1,2
149499,0,1,1,2
149510,0,1,1,2
149513,0,1,1,2
149515,0,1,1,2
149523,0,1,1,2
149534,0,1,1,2
149538,0,1,1,2
149551,0,1,1,2
149552,0,1,1,2
149555,0,1,1,2
149606,0,1,1,2
149617,0,1,1,2
149618,0,1,1,2
149670,1,0,2,1
149785,0,1,1,2
149793,0,1,1,2
149812,0,1,1,2
149814,0,1,1,2
149815,0,1,1,2
149817,0,1,1,2
149827,0,1,1,2
149828,0,1,1,2
149831,0,1,1,2
149832,0,1,1,2
149834,0,1,1,2
149835,0,1,1,2
149837,0,1,1,2
149839,0,1,1,2
149856,0,1,1,2
149859,0,1,1,2
149909,0,1,1,2
149918,0,1,1,2
150028,0,6,1,7
150030,0,6,1,7
150084,0,1,1,2
150107,0,1,1,2
150108,0,1,1,2
150111,0,1,1,2
150113,0,1,1,2
150114,0,1,1,2
150125,0,1,1,2
150132,0,1,1,2
150133,0,1,1,2
150135,0,1,1,2
150148,0,1,1,2
150150,0,1,1,2
150153,0,1,1,2
150156,0,1,1,2
150157,0,1,1,2
150204,0,1,1,2
150205,0,1,1,2
150206,0,1,1,2
150207,0,1,1,2
150208,0,1,1,2
150216,0,1,1,2
150330,0,6,1,7
150377,0,1,1,2
150399,0,1,1,2
150402,0,1,1,2
150403,0,1,1,2
150406,0,1,1,2
150418,0,1,1,2
150420,0,1,1,2
150422,0,1,1,2
150425,0,1,1,2
150442,0,1,1,2
150446,0,1,1,2
150450,0,1,1,2
150506,0,1,1,2
150510,0,1,1,2
150513,0,1,1,2
150514,0,1,1,2
150601,0,6,1,7
150602,0,6,1,7
150614,0,6,1,7
150616,0,6,1,7
150665,0,1,1,2
150671,0,1,1,2
150676,0,1,1,2
150691,0,1,1,2
150698,0,1,1,2
150722,0,1,1,2
150772,0,1,1,2
150777,0,1,1,2
150778,0,1,1,2
150782,0,1,1,2
150785,0,1,1,2
150789,0,1,1,2
150882,0,6,1,7
150884,0,6,1,7
150886,0,6,1,7
150887,0,6,1,7
150937,0,1,1,2
150939,0,1,1,2
150940,0,1,1,2
150959,0,1,1,2
150961,0,1,1,2
150968,0,1,1,2
150972,0,1,1,2
150989,0,1,1,2
151201,0,1,1,2
151228,0,1,1,2
151229,0,1,1,2
151230,0,1,1,2
151311,0,1,1,2
151312,0,1,1,2
151422,1,0,2,1
151444,1,0,2,1
151451,1,0,2,1
151455,1,0,2,1
151458,0,1,1,2
151459,0,1,1,2
151463,0,1,1,2
151487,0,1,1,2
151678,1,0,2,1
151701,1,0,2,1
151706,1,0,2,1
151709,1,0,2,1
151746,0,1,1,2
151751,0,1,1,2
151942,1,0,2,1
151943,1,0,2,1
151952,1,0,2,1
151997,0,1,1,2
151999,0,1,1,2
152000,0,1,1,2
152002,0,1,1,2
152083,0,1,1,2
152175,1,0,2,1
152178,1,0,2,1
152201,1,0,2,1
152205,1,0,2,1
152241,0,1,1,2
152244,0,1,1,2
152257,0,1,1,2
152328,0,1,1,2
152329,0,1,1,2
152332,0,1,1,2
152430,1,0,2,1
152432,1,0,2,1
152443,1,0,2,1
152492,0,1,1,2
152502,0,1,1,2
152578,0,1,1,2
152697,1,0,2,1
152698,1,0,2,1
152699,1,0,2,1
152703,1,0,2,1
152738,0,1,1,2
152753,0,1,1,2
152775,0,1,1,2
152917,1,0,2,1
152929,1,0,2,1
152931,1,0,2,1
152952,1,0,2,1
152998,0,1,1,2
153029,0,1,1,2
153212,1,0,2,1
153251,0,1,1,2
153252,0,1,1,2
153285,0,1,1,2
153286,0,1,1,2
153294,0,1,1,2
153460,1,0,2,1
153500,0,1,1,2
153504,0,1,1,2
153505,0,1,1,2
153506,0,1,1,2
153509,0,1,1,2
153510,0,1,1,2
153540,0,1,1,2
153547,0,1,1,2
153549,0,1,1,2
153615,1,0,2,1
153697,1,0,2,1
153721,1,0,2,1
153755,0,1,1,2
153763,0,1,1,2
153802,0,1,1,2
153972,1,0,2,1
154009,0,1,1,2
154011,0,1,1,2
154013,0,1,1,2
154016,0,1,1,2
154057,0,1,1,2
154062,0,1,1,2
154077,1,0,2,1
154193,1,0,2,1
154197,1,0,2,1
154225,1,0,2,1
154311,0,1,1,2
154312,0,1,1,2
154314,0,1,1,2
154315,0,1,1,2
154447,1,0,2,1
154448,1,0,2,1
154474,1,0,2,1
154476,1,0,2,1
154503,0,1,1,2
154506,0,1,1,2
154507,0,1,1,2
154509,0,1,1,2
154545,0,1,1,2
154559,0,1,1,2
154560,0,1,1,2
154563,0,1,1,2
154631,1,0,2,1
154696,1,0,2,1
154721,1,0,2,1
154747,0,1,1,2
154748,0,1,1,2
154749,0,1,1,2
154807,0,1,1,2
154942,1,0,2,1
154945,1,0,2,1
154998,0,1,1,2
155056,0,1,1,2
155061,0,1,1,2
155064,0,1,1,2
155196,1,0,2,1
155197,1,0,2,1
155198,1,0,2,1
155441,1,0,2,1
155443,1,0,2,1
155444,1,0,2,1
155448,1,0,2,1
155471,0,1,1,2
155516,0,1,1,2
155518,0,1,1,2
155571,0,4,1,5
155573,0,1,1,2
155698,1,0,2,1
155699,1,0,2,1
155700,1,0,2,1
155701,1,0,2,1
155728,0,1,1,2
155729,0,1,1,2
155769,0,1,1,2
155777,0,1,1,2
155813,0,1,1,2
155827,0,1,1,2
155828,0,1,1,2
155964,1,0,2,1
156024,0,1,1,2
156034,0,1,1,2
156069,0,1,1,2
156072,0,1,1,2
156082,0,1,1,2
156217,1,0,2,1
156222,0,1,1,2
156239,0,1,1,2
156245,0,1,1,2
156279,0,1,1,2
156284,0,1,1,2
156285,0,1,1,2
156319,0,1,1,2
156320,0,1,1,2
156321,0,1,1,2
156462,1,0,2,1
156468,1,0,2,1
156469,1,0,2,1
156498,0,1,1,2
156532,0,1,1,2
156571,0,1,1,2
156574,0,1,1,2
156583,0,1,1,2
156584,0,1,1,2
156587,0,1,1,2
156588,0,1,1,2
156711,1,0,2,1
156718,1,0,2,1
156748,0,1,1,2
156831,0,1,1,2
156832,0,1,1,2
156835,0,1,1,2
156986,0,1,1,2
156988,0,1,1,2
157282,0,1,1,2
157283,0,1,1,2
157284,0,1,1,2
157326,0,1,1,2
157354,1,0,2,1
157459,1,0,2,1
157522,0,1,1,2
157526,0,1,1,2
157552,0,1,1,2
157553,0,1,1,2
157675,1,0,2,1
157724,0,1,1,2
157725,0,1,1,2
157726,0,1,1,2
157767,0,1,1,2
157978,0,1,1,2
158007,0,1,1,2
158166,0,1,1,2
158174,0,1,1,2
158206,1,0,2,1
158226,0,1,1,2
158228,0,1,1,2
158299,0,1,1,2
158307,0,1,1,2
158418,0,1,1,2
158425,0,1,1,2
158450,1,0,2,1
158538,1,0,2,1
158549,0,1,1,2
158662,0,1,1,2
158779,1,0,2,1
158783,1,0,2,1
158788,0,1,1,2
158797,0,1,1,2
158907,0,1,1,2
158911,0,1,1,2
158914,0,1,1,2
158916,0,1,1,2
159028,1,0,2,1
159161,0,1,1,2
159163,0,1,1,2
159164,0,1,1,2
159168,0,1,1,2
159234,0,1,1,2
159239,0,1,1,2
159240,0,1,1,2
159276,1,0,2,1
159295,0,1,1,2
159406,0,1,1,2
159407,0,1,1,2
159415,0,1,1,2
159429,1,0,2,1
159452,1,0,2,1
159487,0,1,1,2
159545,0,1,1,2
159558,0,1,1,2
159656,0,1,1,2
159658,0,1,1,2
159659,0,1,1,2
159734,0,1,1,2
159793,0,1,1,2
159796,0,1,1,2
159811,0,1,1,2
159815,0,1,1,2
159872,1,0,2,1
159873,1,0,2,1
159896,0,1,1,2
159915,0,1,1,2
160063,0,1,1,2
160068,0,1,1,2
160073,0,1,1,2
160074,0,1,1,2
160123,0,1,1,2
160126,1,0,2,1
160243,0,1,1,2
160244,0,1,1,2
160308,0,1,1,2
160312,0,1,1,2
160315,0,1,1,2
160322,0,1,1,2
160325,0,1,1,2
160330,0,1,1,2
160332,0,1,1,2
160378,0,1,1,2
160379,0,1,1,2
160381,0,1,1,2
160408,1,0,2,1
160495,1,0,2,1
160499,0,1,1,2
160561,0,1,1,2
160562,0,1,1,2
160566,0,1,1,2
160569,0,1,1,2
160578,0,1,1,2
160586,0,1,1,2
160748,0,1,1,2
160794,0,1,1,2
160795,0,1,1,2
160797,0,1,1,2
160808,0,1,1,2
160812,0,1,1,2
160819,0,1,1,2
160835,0,1,1,2
160874,0,1,1,2
160879,0,1,1,2
160911,1,0,2,1
161045,0,1,1,2
161058,0,1,1,2
161062,0,1,1,2
161063,0,1,1,2
161065,0,1,1,2
161075,0,1,1,2
161080,0,1,1,2
161122,0,1,1,2
161137,1,0,2,1
161241,0,1,1,2
161307,0,1,1,2
161325,0,1,1,2
161332,0,1,1,2
161336,0,1,1,2
161337,1,0,2,1
161382,1,0,2,1
161552,0,1,1,2
161564,0,1,1,2
161567,0,1,1,2
161570,0,1,1,2
161578,0,1,1,2
161768,1,0,2,1
161804,0,1,1,2
161810,0,1,1,2
161842,1,0,2,1
161843,1,0,2,1
161926,0,1,1,2
162007,1,0,2,1
162015,1,0,2,1
162028,0,1,1,2
162030,0,1,1,2
162049,0,1,1,2
162054,0,1,1,2
162055,0,1,1,2
162057,0,1,1,2
162083,1,0,2,1
162240,1,0,2,1
162258,0,1,1,2
162282,0,1,1,2
162285,0,1,1,2
162287,0,1,1,2
162294,0,1,1,2
162296,1,0,2,1
162340,0,1,1,2
162472,1,0,2,1
162490,0,1,1,2
162513,0,1,1,2
162516,0,1,1,2
162520,0,1,1,2
162526,0,1,1,2
162553,0,1,1,2
162555,0,1,1,2
162573,0,1,1,2
162675,0,1,1,2
162676,0,1,1,2
162691,0,1,1,2
162693,0,1,1,2
162705,1,0,2,1
162745,0,1,1,2
162746,0,1,1,2
162748,0,1,1,2
162754,0,1,1,2
162755,0,1,1,2
162760,0,1,1,2
162784,0,1,1,2
162787,0,1,1,2
162788,0,1,1,2
162791,0,1,1,2
162803,0,1,1,2
162910,0,1,1,2
162913,0,1,1,2
162937,1,0,2,1
162946,0,1,1,2
162954,0,1,1,2
162958,0,1,1,2
162993,0,1,1,2
162997,1,0,2,1
163017,0,1,1,2
163018,0,1,1,2
163026,1,0,2,1
163176,0,1,1,2
163179,0,1,1,2
163212,0,1,1,2
163219,0,1,1,2
163249,0,1,1,2
163407,0,1,1,2
163412,0,1,1,2
163413,0,1,1,2
163423,0,1,1,2
163425,0,1,1,2
163427,0,1,1,2
163452,0,1,1,2
163455,0,1,1,2
163459,0,1,1,2
163462,0,1,1,2
163464,0,1,1,2
163465,0,1,1,2
163487,0,1,1,2
163490,0,1,1,2
163491,0,1,1,2
163641,0,1,1,2
163655,0,1,1,2
163661,0,1,1,2
163664,0,1,1,2
163694,0,1,1,2
163695,0,1,1,2
163698,0,1,1,2
163704,0,1,1,2
163705,0,1,1,2
163729,0,1,1,2
163762,0,1,1,2
163870,0,1,1,2
163881,1,0,2,1
163882,1,0,2,1
163883,1,0,2,1
163890,0,1,1,2
163892,0,1,1,2
163905,0,1,1,2
163909,0,1,1,2
163922,1,0,2,1
163949,0,1,1,2
163971,0,1,1,2
163974,0,1,1,2
164002,0,1,1,2
164109,0,1,1,2
164118,1,0,2,1
164123,0,1,1,2
164125,0,1,1,2
164126,0,1,1,2
164127,0,1,1,2
164130,0,1,1,2
164144,0,1,1,2
164160,1,0,2,1
164181,0,1,1,2
164236,0,1,1,2
164239,0,1,1,2
164367,0,1,1,2
164373,0,1,1,2
164374,0,1,1,2
164388,0,1,1,2
164427,0,1,1,2
164459,1,0,2,1
164480,0,1,1,2
164484,0,1,1,2
164612,0,1,1,2
164618,0,1,1,2
164619,0,1,1,2
164621,0,1,1,2
164679,0,1,1,2
164698,1,0,2,1
164704,1,0,2,1
164713,0,1,1,2
164714,0,1,1,2
164716,0,1,1,2
164717,0,1,1,2
164742,0,1,1,2
164743,0,1,1,2
164797,0,1,1,2
164865,0,1,1,2
164869,0,1,1,2
164870,0,1,1,2
164871,0,1,1,2
164872,0,1,1,2
164931,0,1,1,2
164962,0,1,1,2
164994,0,1,1,2
164998,0,1,1,2
164999,0,1,1,2
165060,0,1,1,2
165119,0,1,1,2
165121,0,1,1,2
165124,0,1,1,2
165186,0,1,1,2
165187,0,1,1,2
165188,0,1,1,2
165207,1,0,2,1
165241,1,0,2,1
165260,0,1,1,2
165306,0,1,1,2
165307,0,1,1,2
165321,0,1,1,2
165447,0,1,1,2
165509,0,1,1,2
165512,0,1,1,2
165542,0,1,1,2
165707,0,1,1,2
165708,0,1,1,2
165768,0,1,1,2
165777,0,1,1,2
165791,0,1,1,2
165800,0,1,1,2
165850,0,1,1,2
165851,0,1,1,2
165966,0,1,1,2
165969,0,1,1,2
165989,0,1,1,2
166029,0,1,1,2
166030,0,1,1,2
166055,0,1,1,2
166059,0,1,1,2
166105,0,1,1,2
166106,0,1,1,2
166117,0,1,1,2
166229,0,1,1,2
166294,0,1,1,2
166295,0,1,1,2
166304,0,1,1,2
166312,0,1,1,2
166313,0,1,1,2
166319,0,1,1,2
166498,0,1,1,2
166538,1,0,2,1
166550,0,1,1,2
166569,0,1,1,2
166572,0,1,1,2
166576,0,1,1,2
166580,0,1,1,2
166581,0,1,1,2
166582,0,1,1,2
166636,0,1,1,2
166653,0,1,1,2
166828,0,1,1,2
166850,0,1,1,2
166851,0,1,1,2
166905,0,1,1,2
166907,0,1,1,2
166911,0,1,1,2
166912,0,1,1,2
167047,0,1,1,2
167048,0,1,1,2
167060,0,1,1,2
167061,0,1,1,2
167086,1,0,2,1
167185,0,1,1,2
167192,0,1,1,2
167327,0,1,1,2
167329,0,1,1,2
167384,0,1,1,2
167410,0,1,1,2
167471,0,1,1,2
167474,0,1,1,2
167476,0,1,1,2
167615,0,1,1,2
167619,0,1,1,2
167621,0,1,1,2
167630,0,1,1,2
167631,0,1,1,2
167655,1,0,2,1
167671,0,1,1,2
167699,0,1,1,2
167757,0,1,1,2
167760,0,1,1,2
167909,0,1,1,2
167910,0,1,1,2
167912,0,1,1,2
168195,0,1,1,2
168197,0,1,1,2
168240,1,0,2,1
168241,1,0,2,1
168279,0,1,1,2
168334,0,1,1,2
168485,0,1,1,2
168487,0,1,1,2
168489,0,1,1,2
168548,0,1,1,2
168568,0,1,1,2
168621,0,1,1,2
168821,1,0,2,1
168841,0,1,1,2
168950,0,1,1,2
169072,0,1,1,2
169135,0,1,1,2
169155,0,1,1,2
169315,1,0,2,1
169373,0,1,1,2
169457,1,0,2,1
169664,0,1,1,2
169666,0,1,1,2
169667,0,1,1,2
169708,1,0,2,1
169726,0,1,1,2
169727,0,1,1,2
169730,0,1,1,2
169731,1,0,2,1
169732,1,0,2,1
169752,0,1,1,2
169832,0,1,1,2
169974,0,1,1,2
169996,1,0,2,1
170018,0,1,1,2
170023,1,0,2,1
170039,0,1,1,2
170079,0,1,1,2
170187,0,1,1,2
170264,0,1,1,2
170281,0,1,1,2
170285,1,0,2,1
170286,1,0,2,1
170306,0,1,1,2
170313,1,0,2,1
170331,0,1,1,2
170556,0,1,1,2
170574,0,1,1,2
170576,0,1,1,2
170603,1,0,2,1
170605,1,0,2,1
170619,0,1,1,2
170620,0,1,1,2
170857,0,1,1,2
170858,0,1,1,2
170862,0,1,1,2
170869,1,0,2,1
170887,0,1,1,2
170888,0,1,1,2
170890,0,1,1,2
170894,1,0,2,1
170895,1,0,2,1
170896,1,0,2,1
170897,1,0,2,1
170898,1,0,2,1
170947,4,1,5,2
170948,4,1,5,2
171062,0,1,1,2
171066,0,1,1,2
171148,0,1,1,2
171150,0,1,1,2
171151,0,1,1,2
171155,0,1,1,2
171156,0,1,1,2
171178,0,1,1,2
171182,0,1,1,2
171185,1,0,2,1
171202,1,0,2,1
171238,4,1,5,2
171446,0,1,1,2
171460,0,1,1,2
171468,0,1,1,2
171478,1,0,2,1
171479,1,0,2,1
171480,1,0,2,1
171492,1,0,2,1
171643,0,1,1,2
171645,0,1,1,2
171732,0,1,1,2
171752,1,0,2,1
171765,1,0,2,1
171766,1,0,2,1
171774,1,0,2,1
171818,4,1,5,2
171823,4,1,5,2
171928,0,1,1,2
171929,0,1,1,2
171979,0,1,1,2
172045,0,1,1,2
172048,0,1,1,2
172213,0,1,1,2
172258,0,1,1,2
172261,0,1,1,2
172302,1,0,2,1
172324,0,1,1,2
172326,0,1,1,2
172386,4,1,5,2
172430,0,1,1,2
172493,0,1,1,2
172494,0,1,1,2
172539,0,1,1,2
172541,0,1,1,2
172543,0,1,1,2
172584,1,0,2,1
172711,0,1,1,2
172776,0,1,1,2
172777,0,1,1,2
172820,0,1,1,2
172821,0,1,1,2
172921,1,0,2,1
172996,0,1,1,2
172997,0,1,1,2
173101,0,1,1,2
173102,0,1,1,2
173103,0,1,1,2
173175,0,1,1,2
173340,0,1,1,2
173397,0,1,1,2
173439,1,0,2,1
173440,1,0,2,1
173464,0,1,1,2
173559,0,1,1,2
173626,0,1,1,2
173667,0,1,1,2
173720,1,0,2,1
173747,0,1,1,2
173946,0,1,1,2
173961,0,1,1,2
174050,1,0,2,1
174128,0,1,1,2
174186,0,1,1,2
174230,0,1,1,2
174359,4,1,5,2
174405,0,1,1,2
174408,0,1,1,2
174525,0,1,1,2
174561,1,0,2,1
174688,0,1,1,2
174689,0,1,1,2
174749,0,1,1,2
174838,1,0,2,1
174869,0,1,1,2
174871,0,1,1,2
174872,0,1,1,2
174969,0,1,1,2
174970,0,1,1,2
175081,0,1,1,2
175146,0,1,1,2
175157,1,0,2,1
175163,0,1,1,2
175199,4,1,5,2
175244,0,1,1,2
175249,0,1,1,2
175299,0,1,1,2
175357,0,1,1,2
175359,0,1,1,2
175361,0,1,1,2
175362,0,1,1,2
175372,1,0,2,1
175401,1,0,2,1
175402,1,0,2,1
175403,1,0,2,1
175407,0,1,1,2
175422,0,1,1,2
175430,1,0,2,1
175434,0,1,1,2
175466,4,1,5,2
175517,0,1,1,2
175521,0,1,1,2
175524,0,1,1,2
175632,0,1,1,2
175663,1,0,2,1
175678,1,0,2,1
175679,1,0,2,1
175697,0,1,1,2
175716,0,1,1,2
175717,0,1,1,2
175746,4,1,5,2
175747,4,1,5,2
175750,4,1,5,2
175800,0,1,1,2
175802,0,1,1,2
175803,0,1,1,2
175861,0,1,1,2
175914,0,1,1,2
175915,0,1,1,2
175920,0,1,1,2
175929,1,0,2,1
175959,1,0,2,1
175983,0,1,1,2
176029,4,1,5,2
176142,0,1,1,2
176145,0,1,1,2
176192,0,1,1,2
176199,0,1,1,2
176208,1,0,2,1
176212,0,1,1,2
176214,0,1,1,2
176237,1,0,2,1
176272,0,1,1,2
176278,0,1,1,2
176308,4,1,5,2
176359,0,1,1,2
176420,0,1,1,2
176422,0,1,1,2
176473,0,1,1,2
176474,0,1,1,2
176476,0,1,1,2
176498,1,0,2,1
176499,1,0,2,1
176536,1,0,2,1
176541,0,1,1,2
176554,0,1,1,2
176588,4,1,5,2
176589,4,1,5,2
176591,4,1,5,2
176639,0,1,1,2
176694,0,1,1,2
176748,0,1,1,2
176749,0,1,1,2
176756,1,0,2,1
176757,1,0,2,1
176758,1,0,2,1
176761,1,0,2,1
176763,0,1,1,2
176818,1,0,2,1
176860,4,1,5,2
176907,0,1,1,2
176909,0,1,1,2
176910,0,1,1,2
176967,0,1,1,2
176999,0,1,1,2
177000,0,1,1,2
177016,0,1,1,2
177018,0,1,1,2
177029,1,0,2,1
177031,1,0,2,1
177034,1,0,2,1
177061,1,0,2,1
177087,0,1,1,2
177088,0,1,1,2
177137,4,1,5,2
177139,4,1,5,2
177183,0,1,1,2
177260,1,0,2,1
177273,0,1,1,2
177337,1,0,2,1
177346,0,1,1,2
177349,0,1,1,2
177377,0,1,1,2
177536,0,1,1,2
177542,0,1,1,2
177545,0,1,1,2
177567,0,1,1,2
177571,0,1,1,2
177613,1,0,2,1
177641,0,1,1,2
177643,1,0,2,1
177653,0,1,1,2
177737,0,1,1,2
177792,0,1,1,2
177818,0,1,1,2
177821,0,1,1,2
177846,0,1,1,2
177858,1,0,2,1
177899,0,1,1,2
178127,1,0,2,1
178241,1,4,2,5
178280,1,0,2,1
178335,0,1,1,2
178341,0,1,1,2
178391,0,1,1,2
178392,0,1,1,2
178438,0,1,1,2
178440,0,1,1,2
178464,1,0,2,1
178465,1,0,2,1
178611,0,1,1,2
178614,0,1,1,2
178654,0,1,1,2
178655,0,1,1,2
178657,0,1,1,2
178658,0,1,1,2
178660,0,1,1,2
178661,0,1,1,2
178666,1,0,2,1
178707,0,1,1,2
178739,0,1,1,2
178833,1,0,2,1
178836,1,0,2,1
178878,0,1,1,2
178921,0,1,1,2
178923,0,1,1,2
178924,0,1,1,2
178926,0,1,1,2
178998,0,1,1,2
179088,1,0,2,1
179100,1,0,2,1
179146,0,1,1,2
179198,0,1,1,2
179289,0,1,1,2
179355,1,0,2,1
179357,1,0,2,1
179418,0,1,1,2
179420,0,1,1,2
179422,0,1,1,2
179509,1,0,2,1
179553,0,1,1,2
179589,4,1,5,2
179634,1,0,2,1
179688,0,1,1,2
179689,0,1,1,2
179691,0,1,1,2
179696,0,1,1,2
179697,0,1,1,2
179735,0,1,1,2
179855,4,1,5,2
179924,0,1,1,2
179925,0,1,1,2
179994,0,1,1,2
179997,0,1,1,2
180086,0,1,1,2
180117,4,1,5,2
180163,1,0,2,1
180186,0,1,1,2
180215,0,1,1,2
180216,0,1,1,2
180223,0,1,1,2
180244,0,1,1,2
180314,0,1,1,2
180344,0,1,1,2
180375,4,0,5,1
180425,1,0,2,1
180475,0,1,1,2
180518,0,1,1,2
180519,0,1,1,2
180578,1,0,2,1
180586,1,0,2,1
180593,1,0,2,1
180637,4,1,5,2
180640,4,0,5,1
180708,0,1,1,2
180711,0,1,1,2
180977,0,1,1,2
181000,0,1,1,2
181010,0,1,1,2
181011,0,1,1,2
181046,0,1,1,2
181048,0,1,1,2
181050,0,1,1,2
181112,1,0,2,1
181250,0,1,1,2
181281,0,1,1,2
181378,1,0,2,1
181390,0,1,1,2
181396,0,1,1,2
181511,0,1,1,2
181541,0,1,1,2
181583,0,1,1,2
181643,1,0,2,1
181644,1,0,2,1
181651,1,0,2,1
181653,1,0,2,1
181657,0,1,1,2
181660,0,1,1,2
181664,0,1,1,2
181665,0,1,1,2
181799,0,1,1,2
181802,0,1,1,2
181809,0,1,1,2
181851,0,1,1,2
181853,0,1,1,2
181901,0,1,1,2
181905,1,0,2,1
181934,1,0,2,1
182048,0,1,1,2
182053,0,1,1,2
182057,0,1,1,2
182061,0,1,1,2
182063,0,1,1,2
182073,0,1,1,2
182169,0,1,1,2
182170,1,0,2,1
182184,1,0,2,1
182185,1,0,2,1
182186,1,0,2,1
182197,0,1,1,2
182200,0,1,1,2
182282,0,1,1,2
182323,0,1,1,2
182330,0,1,1,2
182333,0,1,1,2
182334,0,1,1,2
182335,0,1,1,2
182341,0,1,1,2
182443,1,0,2,1
182444,1,0,2,1
182445,1,0,2,1
182446,1,0,2,1
182449,1,0,2,1
182458,1,0,2,1
182460,1,0,2,1
182464,0,1,1,2
182466,0,1,1,2
182469,0,1,1,2
182586,0,1,1,2
182588,0,1,1,2
182598,0,1,1,2
182600,0,1,1,2
182601,0,1,1,2
182606,0,1,1,2
182718,1,0,2,1
182720,1,0,2,1
182728,1,0,2,1
182730,1,0,2,1
182733,1,0,2,1
182852,0,1,1,2
182862,0,1,1,2
182869,0,1,1,2
182874,0,1,1,2
182880,0,1,1,2
182987,1,0,2,1
182996,1,0,2,1
183013,0,1,1,2
183123,0,1,1,2
183124,0,1,1,2
183125,0,1,1,2
183127,0,1,1,2
183129,0,1,1,2
183135,0,1,1,2
183140,0,1,1,2
183142,0,1,1,2
183202,0,1,1,2
183257,1,0,2,1
183266,1,0,2,1
183267,1,0,2,1
183268,1,0,2,1
183277,0,1,1,2
183278,0,1,1,2
183284,0,1,1,2
183391,0,1,1,2
183395,0,1,1,2
183399,0,1,1,2
183414,0,1,1,2
183464,0,1,1,2
183470,0,1,1,2
183524,1,0,2,1
183527,1,0,2,1
183528,1,0,2,1
183530,1,0,2,1
183538,1,0,2,1
183601,4,1,5,2
183651,0,1,1,2
183653,0,1,1,2
183660,0,1,1,2
183661,0,1,1,2
183666,0,1,1,2
183672,0,1,1,2
183674,0,1,1,2
183675,0,1,1,2
183682,0,1,1,2
183732,0,1,1,2
183795,1,0,2,1
183800,1,0,2,1
183813,0,1,1,2
183920,0,1,1,2
183929,0,1,1,2
184044,1,0,2,1
184179,0,1,1,2
184187,0,1,1,2
184196,0,1,1,2
184249,0,1,1,2
184300,1,0,2,1
184301,1,0,2,1
184315,1,0,2,1
184459,0,1,1,2
184508,0,1,1,2
184513,0,1,1,2
184514,0,1,1,2
184516,0,1,1,2
184530,1,0,2,1
184564,1,0,2,1
184574,1,0,2,1
184639,1,0,2,1
184664,0,1,1,2
184667,1,0,2,1
184721,0,1,1,2
184723,0,1,1,2
184726,0,1,1,2
184745,0,1,1,2
184773,0,1,1,2
184778,0,1,1,2
184779,0,1,1,2
184781,0,1,1,2
184787,0,1,1,2
184790,0,1,1,2
184825,1,0,2,1
184833,1,0,2,1
184836,1,0,2,1
184838,1,0,2,1
184938,1,0,2,1
184944,0,1,1,2
184949,0,1,1,2
184997,0,1,1,2
184999,0,1,1,2
185012,0,1,1,2
185016,0,1,1,2
185061,0,1,1,2
185100,1,0,2,1
185102,1,0,2,1
185110,1,0,2,1
185215,1,0,2,1
185266,0,1,1,2
185282,0,1,1,2
185303,0,1,1,2
185380,1,0,2,1
185384,1,0,2,1
185388,1,0,2,1
185390,1,0,2,1
185562,0,1,1,2
185569,0,1,1,2
185660,1,0,2,1
185668,1,0,2,1
185669,1,0,2,1
185670,1,0,2,1
185790,1,0,2,1
185826,0,1,1,2
185829,0,1,1,2
185855,0,1,1,2
185950,1,0,2,1
185956,1,0,2,1
186000,1,0,2,1
186028,4,1,5,2
186126,0,1,1,2
186168,1,0,2,1
186231,1,0,2,1
186256,1,0,2,1
186272,1,0,2,1
186308,4,1,5,2
186379,0,1,1,2
186382,0,1,1,2
186383,0,1,1,2
186398,0,1,1,2
186408,0,1,1,2
186462,1,0,2,1
186491,0,1,1,2
186648,0,1,1,2
186662,0,1,1,2
186700,1,0,2,1
186802,0,1,1,2
186822,0,1,1,2
186912,0,1,1,2
186914,0,1,1,2
186915,0,1,1,2
186920,0,1,1,2
186928,0,1,1,2
186929,0,1,1,2
187011,1,0,2,1
187054,0,1,1,2
187147,0,1,1,2
187149,0,1,1,2
187177,0,1,1,2
187178,0,1,1,2
187180,0,1,1,2
187190,0,1,1,2
187216,0,1,1,2
187254,0,1,1,2
187326,0,1,1,2
187335,0,1,1,2
187348,0,1,1,2
187368,4,1,5,2
187440,0,1,1,2
187442,0,1,1,2
187445,0,1,1,2
187447,0,1,1,2
187450,0,1,1,2
187456,0,1,1,2
187479,0,1,1,2
187494,1,0,2,1
187539,1,0,2,1
187551,0,1,1,2
187581,0,1,1,2
187588,0,1,1,2
187594,0,1,1,2
187598,0,1,1,2
187599,0,1,1,2
187607,0,1,1,2
187609,0,1,1,2
187635,4,1,5,2
187700,0,1,1,2
187705,0,1,1,2
187707,0,1,1,2
187715,0,1,1,2
187799,1,0,2,1
187801,1,0,2,1
187842,0,1,1,2
187849,0,1,1,2
187854,0,1,1,2
187858,0,1,1,2
187870,0,1,1,2
187932,0,1,1,2
187935,0,1,1,2
187936,0,1,1,2
187967,0,1,1,2
187974,0,1,1,2
188118,0,1,1,2
188139,0,1,1,2
188200,0,1,1,2
188230,0,1,1,2
188235,0,1,1,2
188237,0,1,1,2
188238,0,1,1,2
188313,1,0,2,1
188332,1,0,2,1
188358,0,1,1,2
188411,1,0,2,1
188468,0,1,1,2
188470,0,1,1,2
188504,0,1,1,2
188558,0,1,1,2
188579,1,0,2,1
188602,1,0,2,1
188603,1,0,2,1
188625,0,1,1,2
188652,1,0,2,1
188658,1,0,2,1
188735,0,1,1,2
188738,1,0,2,1
188769,0,1,1,2
188855,1,0,2,1
188856,1,0,2,1
188868,1,0,2,1
188870,1,0,2,1
188911,0,1,1,2
188912,0,1,1,2
188920,1,0,2,1
189031,0,1,1,2
189085,0,1,1,2
189113,1,0,2,1
189127,1,0,2,1
189191,1,0,2,1
189196,1,0,2,1
189197,1,0,2,1
189376,1,0,2,1
189380,1,0,2,1
189384,1,0,2,1
189387,1,0,2,1
189388,1,0,2,1
189417,1,0,2,1
189420,0,1,1,2
189436,1,0,2,1
189452,1,0,2,1
189461,0,1,1,2
189620,1,0,2,1
189637,1,0,2,1
189639,1,0,2,1
189690,0,1,1,2
189694,1,0,2,1
189713,1,0,2,1
189802,1,0,2,1
189874,0,1,1,2
189877,1,0,2,1
189891,1,0,2,1
189895,1,0,2,1
189900,1,0,2,1
189901,1,0,2,1
190041,1,0,2,1
190145,1,0,2,1
190151,1,0,2,1
190154,1,0,2,1
190205,1,0,2,1
190219,0,1,1,2
190235,0,1,1,2
190258,4,1,5,2
190262,4,1,5,2
190283,1,0,2,1
190397,1,0,2,1
190400,1,0,2,1
190465,1,0,2,1
190493,0,1,1,2
190494,0,1,1,2
190654,1,0,2,1
190657,1,0,2,1
190658,1,0,2,1
190663,1,0,2,1
190664,1,0,2,1
190667,1,0,2,1
190723,0,1,1,2
190750,0,1,1,2
190753,0,1,1,2
190773,4,1,5,2
190828,0,1,1,2
190893,0,1,1,2
190913,1,0,2,1
190914,1,0,2,1
190962,0,1,1,2
191009,0,1,1,2
191010,0,1,1,2
191037,4,1,5,2
191085,0,1,1,2
191088,0,1,1,2
191152,0,1,1,2
191153,0,1,1,2
191154,0,1,1,2
191246,0,1,1,2
191265,0,1,1,2
191388,0,1,1,2
191464,0,1,1,2
191465,0,1,1,2
191513,0,1,1,2
191516,0,1,1,2
191545,4,1,5,2
191549,4,1,5,2
191563,1,0,2,1
191595,0,1,1,2
191675,1,0,2,1
191677,1,0,2,1
191750,0,1,1,2
191766,0,1,1,2
191768,0,1,1,2
191770,0,1,1,2
191850,0,1,1,2
191878,0,1,1,2
191931,1,0,2,1
191969,0,1,1,2
191970,0,1,1,2
192064,0,6,1,7
192114,0,1,1,2
192164,0,1,1,2
192200,1,0,2,1
192244,0,1,1,2
192285,1,0,2,1
192292,0,1,1,2
192293,0,1,1,2
192294,0,1,1,2
192394,0,1,1,2
192397,0,1,1,2
192398,0,1,1,2
192425,0,1,1,2
192426,0,1,1,2
192463,0,1,1,2
192553,0,1,1,2
192607,1,4,2,5
192684,0,1,1,2
192761,0,1,1,2
192766,0,1,1,2
192767,0,1,1,2
192812,0,1,1,2
192813,0,1,1,2
192814,0,1,1,2
192817,0,1,1,2
192893,1,4,2,5
193041,0,1,1,2
193053,0,1,1,2
193054,0,1,1,2
193104,0,1,1,2
193182,1,4,2,5
193299,0,4,1,5
193346,0,1,1,2
193347,0,1,1,2
193395,0,1,1,2
193568,1,0,2,1
193596,0,1,1,2
193598,0,1,1,2
193599,0,4,1,5
193645,0,1,1,2
193646,0,1,1,2
193696,1,0,2,1
193777,4,1,5,2
193870,0,1,1,2
193897,0,1,1,2
193898,0,4,1,5
193932,1,0,2,1
193946,0,1,1,2
193947,0,1,1,2
193978,0,1,1,2
194075,4,1,5,2
194250,0,1,1,2
194251,0,1,1,2
194503,0,1,1,2
194555,0,1,1,2
194587,1,0,2,1
194588,1,0,2,1
194605,1,0,2,1
194608,0,1,1,2
194691,4,0,5,1
194741,0,1,1,2
194812,0,1,1,2
194818,0,1,1,2
194946,0,1,1,2
194993,1,0,2,1
194994,1,0,2,1
195047,0,1,1,2
195086,0,1,1,2
195118,0,4,1,5
195154,1,0,2,1
195249,0,1,1,2
195390,1,0,2,1
195391,1,0,2,1
195392,1,0,2,1
195421,0,1,1,2
195471,0,1,1,2
195612,4,1,5,2
195689,1,0,2,1
195706,1,0,2,1
195799,1,0,2,1
195908,1,0,2,1
195949,0,1,1,2
196002,1,0,2,1
196029,0,1,1,2
196059,0,1,1,2
196207,4,1,5,2
196300,1,0,2,1
196327,0,1,1,2
196394,1,0,2,1
196415,0,1,1,2
196417,0,1,1,2
196448,1,0,2,1
196504,1,0,2,1
196585,1,0,2,1
196693,1,0,2,1
196717,0,1,1,2
196747,1,0,2,1
196843,1,0,2,1
196925,0,1,1,2
196976,0,1,1,2
196977,0,1,1,2
196978,0,1,1,2
197010,0,1,1,2
197013,0,1,1,2
197017,0,1,1,2
197106,1,0,2,1
197112,1,4,2,5
197140,1,0,2,1
197241,0,1,1,2
197278,1,0,2,1
197279,1,0,2,1
197282,1,0,2,1
197405,1,4,2,5
197470,1,0,2,1
197482,1,0,2,1
197532,0,1,1,2
197591,0,1,1,2
197758,1,0,2,1
197794,0,1,1,2
197850,0,1,1,2
197851,0,1,1,2
197879,0,1,1,2
198127,0,1,1,2
198141,0,1,1,2
198171,0,1,1,2
198256,1,0,2,1
198333,1,0,2,1
198365,0,1,1,2
198367,0,1,1,2
198412,0,1,1,2
198413,0,1,1,2
198426,0,1,1,2
198488,1,0,2,1
198617,1,0,2,1
198618,1,0,2,1
198680,0,1,1,2
198682,0,1,1,2
198683,0,1,1,2
198699,1,0,2,1
198709,0,1,1,2
198773,0,1,1,2
198903,1,0,2,1
198905,1,0,2,1
198936,0,1,1,2
198937,0,1,1,2
198960,0,1,1,2
198993,0,1,1,2
198997,0,1,1,2
199179,1,0,2,1
199216,0,1,1,2
199217,0,1,1,2
199240,0,1,1,2
199338,0,1,1,2
199406,1,4,2,5
199495,0,1,1,2
199501,0,1,1,2
199551,0,1,1,2
199552,0,1,1,2
199561,0,1,1,2
199827,0,1,1,2
199829,0,1,1,2
199869,0,1,1,2
199870,0,1,1,2
200006,1,0,2,1
200045,0,1,1,2
200047,0,1,1,2
200095,0,1,1,2
200109,0,1,1,2
200116,0,1,1,2
200177,0,1,1,2
200279,1,0,2,1
200280,1,0,2,1
200281,1,0,2,1
200329,0,1,1,2
200374,0,1,1,2
200396,0,1,1,2
200426,1,0,2,1
200456,0,1,1,2
200495,1,0,2,1
200521,1,4,2,5
200558,1,0,2,1
200602,0,1,1,2
200666,0,1,1,2
200671,0,1,1,2
200685,1,0,2,1
200697,1,0,2,1
200699,1,0,2,1
200701,1,0,2,1
200703,1,0,2,1
200707,1,0,2,1
200803,1,4,2,5
200842,1,0,2,1
200962,0,1,1,2
201122,1,0,2,1
201176,0,1,1,2
201217,0,1,1,2
201243,0,1,1,2
201302,0,1,1,2
201366,1,4,2,5
201511,0,1,1,2
201528,1,0,2,1
201587,0,1,1,2
201591,0,1,1,2
201768,0,1,1,2
201802,1,0,2,1
201845,0,1,1,2
201851,0,1,1,2
201852,0,1,1,2
201853,0,1,1,2
201857,0,1,1,2
201863,0,1,1,2
201929,1,0,2,1
201932,1,0,2,1
202047,1,0,2,1
202062,0,6,1,7
202120,0,1,1,2
202131,0,1,1,2
202198,1,0,2,1
202199,1,0,2,1
202204,1,0,2,1
202382,0,1,1,2
202388,0,1,1,2
202393,0,1,1,2
202467,1,0,2,1
202583,0,1,1,2
202640,0,1,1,2
202649,0,1,1,2
202674,0,1,1,2
202677,0,1,1,2
202734,1,0,2,1
202850,0,1,1,2
202851,0,1,1,2
202906,0,1,1,2
202909,0,1,1,2
202910,0,1,1,2
202940,0,1,1,2
202970,4,1,5,2
203168,0,1,1,2
203241,1,0,2,1
203242,1,0,2,1
203308,0,1,1,2
203408,0,1,1,2
203424,0,1,1,2
203429,1,0,2,1
203483,1,0,2,1
203484,1,0,2,1
203489,1,0,2,1
203490,1,0,2,1
203493,1,0,2,1
203654,0,1,1,2
203668,0,1,1,2
203725,1,0,2,1
203728,1,0,2,1
203911,1,0,2,1
203972,1,0,2,1
203975,1,0,2,1
203981,1,0,2,1
203982,1,0,2,1
204102,0,1,1,2
204155,1,0,2,1
204213,1,0,2,1
204214,1,0,2,1
204228,1,0,2,1
204230,1,0,2,1
204389,0,1,1,2
204469,1,0,2,1
204475,1,0,2,1
204476,1,0,2,1
204482,1,0,2,1
204485,1,0,2,1
204658,1,0,2,1
204727,1,0,2,1
204730,1,0,2,1
204733,1,0,2,1
204737,1,0,2,1
204739,1,0,2,1
204740,1,0,2,1
204741,1,0,2,1
204929,0,1,1,2
204982,1,0,2,1
204986,1,0,2,1
204987,1,0,2,1
204989,1,0,2,1
204993,1,0,2,1
204998,1,0,2,1
205229,4,1,5,2
205230,4,1,5,2
205247,1,0,2,1
205250,1,0,2,1
205251,1,0,2,1
205252,1,0,2,1
205458,0,1,1,2
205459,0,1,1,2
205495,4,1,5,2
205513,1,0,2,1
205522,1,0,2,1
205701,1,0,2,1
205705,1,0,2,1
205789,1,0,2,1
205871,0,1,1,2
205872,0,1,1,2
205873,0,1,1,2
205874,0,1,1,2
206057,1,0,2,1
206131,0,1,1,2
206132,0,1,1,2
206137,0,1,1,2
206138,0,1,1,2
206140,0,1,1,2
206143,0,1,1,2
206252,0,1,1,2
206268,0,1,1,2
206303,4,1,5,2
206400,0,1,1,2
206513,0,1,1,2
206571,4,1,5,2
206673,0,1,1,2
206681,0,1,1,2
206785,0,1,1,2
206797,0,1,1,2
207102,1,0,2,1
207600,0,1,1,2
207601,0,1,1,2
207603,0,1,1,2
207624,0,1,1,2
207923,4,1,5,2
208193,1,4,2,5
208199,4,5,5,6
208286,0,1,1,2
208300,1,0,2,1
208385,0,6,1,7
208395,0,1,1,2
208469,4,0,5,1
208471,4,0,5,1
208472,4,0,5,1
208473,4,0,5,1
208480,4,5,5,6
208678,0,1,1,2
208743,4,1,5,2
208746,4,0,5,1
208747,4,0,5,1
208749,4,0,5,1
208767,1,0,2,1
208885,0,1,1,2
208963,0,1,1,2
208987,0,1,1,2
209036,4,0,5,1
209037,4,0,5,1
209059,0,1,1,2
209070,0,1,1,2
209128,0,1,1,2
209176,0,1,1,2
209279,0,1,1,2
209330,1,0,2,1
209332,1,0,2,1
209356,0,1,1,2
209357,0,1,1,2
209370,0,1,1,2
209371,0,1,1,2
209575,0,1,1,2
209626,1,0,2,1
209628,1,0,2,1
209649,1,0,2,1
209662,0,1,1,2
209669,0,1,1,2
209721,0,1,1,2
209766,0,1,1,2
209873,0,1,1,2
209914,4,1,5,2
209932,0,1,1,2
209938,0,1,1,2
210142,0,1,1,2
210163,0,1,1,2
210205,4,1,5,2
210226,0,1,1,2
210227,0,1,1,2
210269,0,1,1,2
210302,0,1,1,2
210341,0,1,1,2
210504,1,0,2,1
210514,0,1,1,2
210532,0,1,1,2
210560,0,1,1,2
210630,0,1,1,2
210684,0,6,1,7
210689,0,6,1,7
210772,1,0,2,1
210879,0,1,1,2
210881,0,1,1,2
210973,0,6,1,7
211076,4,1,5,2
211096,0,1,1,2
211098,0,1,1,2
211113,0,1,1,2
211136,0,1,1,2
211143,0,1,1,2
211175,0,1,1,2
211176,0,1,1,2
211177,0,1,1,2
211215,0,1,1,2
211216,0,1,1,2
211287,6,0,7,1
211288,6,0,7,1
211302,0,1,1,2
211306,1,0,2,1
211369,4,1,5,2
211379,1,0,2,1
211380,1,0,2,1
211405,0,1,1,2
211472,0,1,1,2
211563,0,6,1,7
211602,1,0,2,1
211652,1,0,2,1
211653,1,0,2,1
211666,4,1,5,2
211667,4,1,5,2
211669,4,1,5,2
211707,0,1,1,2
211873,0,6,1,7
211901,0,1,1,2
211905,1,0,2,1
211906,1,0,2,1
211907,1,0,2,1
211967,4,1,5,2
212166,0,6,1,7
212198,1,0,2,1
212203,1,0,2,1
212249,1,0,2,1
212252,1,0,2,1
212264,4,1,5,2
212265,4,1,5,2
212308,0,1,1,2
212309,0,1,1,2
212310,0,1,1,2
212502,0,1,1,2
212504,0,1,1,2
212567,4,1,5,2
212609,0,1,1,2
212613,0,1,1,2
212801,6,0,7,1
212807,0,1,1,2
212819,6,1,7,2
212821,6,1,7,2
212822,6,1,7,2
212855,1,0,2,1
212862,1,0,2,1
212874,4,1,5,2
212893,0,1,1,2
212993,0,1,1,2
213105,6,1,7,2
213107,6,1,7,2
213114,0,6,1,7
213115,0,6,1,7
213118,6,1,7,2
213125,6,1,7,2
213193,0,1,1,2
213204,1,5,2,6
213205,1,5,2,6
213224,0,1,1,2
213243,1,0,2,1
213376,0,6,1,7
213386,0,6,1,7
213414,0,6,1,7
213415,0,6,1,7
213478,4,1,5,2
213526,0,1,1,2
213527,0,1,1,2
213529,0,1,1,2
213603,0,1,1,2
213686,6,0,7,1
213696,0,6,1,7
213729,0,6,1,7
213741,6,1,7,2
213742,6,1,7,2
213810,0,1,1,2
213862,1,0,2,1
213916,0,1,1,2
213919,0,1,1,2
214001,6,0,7,1
214009,0,6,1,7
214012,0,6,1,7
214013,0,6,1,7
214042,0,6,1,7
214103,4,1,5,2
214104,4,1,5,2
214123,0,1,1,2
214319,6,0,7,1
214322,0,6,1,7
214329,0,6,1,7
214358,6,1,7,2
214359,6,1,7,2
214360,6,1,7,2
214361,6,1,7,2
214636,0,6,1,7
214672,6,1,7,2
214673,6,1,7,2
214675,6,1,7,2
214708,1,0,2,1
214751,0,1,1,2
214835,0,1,1,2
214942,0,6,1,7
214943,0,6,1,7
214945,0,6,1,7
214984,1,6,2,7
214986,1,6,2,7
215000,1,0,2,1
215036,4,1,5,2
215037,4,1,5,2
215038,4,1,5,2
215236,6,0,7,1
215305,1,0,2,1
215318,1,0,2,1
215630,4,1,5,2
215709,1,0,2,1
215838,6,0,7,1
215869,6,1,7,2
215920,4,1,5,2
216108,6,0,7,1
216115,6,0,7,1
216123,0,6,1,7
216139,0,6,1,7
216240,1,0,2,1
216403,0,6,1,7
216433,0,6,1,7
216435,0,6,1,7
216440,6,0,7,1
216446,6,0,7,1
216448,6,1,7,2
216569,0,1,1,2
216691,6,0,7,1
216719,6,0,7,1
216722,6,0,7,1
216739,6,0,7,1
216856,0,1,1,2
216872,1,0,2,1
217024,6,0,7,1
217027,6,0,7,1
217144,0,1,1,2
217164,1,0,2,1
217315,1,0,2,1
217322,1,0,2,1
217372,4,1,5,2
217433,0,1,1,2
217595,1,0,2,1
217598,1,0,2,1
217653,4,1,5,2
217660,1,4,2,5
217662,1,4,2,5
217663,1,4,2,5
217861,6,0,7,1
217875,1,0,2,1
217939,1,4,2,5
218123,6,0,7,1
218126,6,0,7,1
218127,6,0,7,1
218138,1,0,2,1
218190,4,1,5,2
218201,1,4,2,5
218277,1,0,2,1
218397,6,0,7,1
218420,0,1,1,2
218421,0,1,1,2
218470,1,4,2,5
218473,1,4,2,5
218546,1,0,2,1
218597,2,1,3,2
218598,2,1,3,2
218599,2,1,3,2
218603,4,1,5,2
218604,4,1,5,2
218614,0,1,1,2
218710,1,0,2,1
218907,4,1,5,2
218960,0,6,1,7
219145,1,0,2,1
219190,5,2,6,3
219191,5,1,6,2
219212,4,1,5,2
219340,1,0,2,1
219391,1,4,2,5
219467,1,0,2,1
219543,4,1,5,2
219675,0,1,1,2
219725,1,4,2,5
219727,1,4,2,5
220065,4,1,5,2
220066,4,1,5,2
220067,4,1,5,2
220069,4,1,5,2
220070,4,1,5,2
220075,1,4,2,5
220240,1,2,2,3
220391,1,0,2,1
220393,1,0,2,1
220425,4,1,5,2
220433,1,4,2,5
220587,5,1,6,2
220676,6,0,7,1
220679,0,6,1,7
220704,0,6,1,7
220748,0,1,1,2
220757,1,0,2,1
220791,4,1,5,2
220792,4,1,5,2
220794,4,1,5,2
220977,1,2,2,3
221077,0,6,1,7
221081,0,6,1,7
221124,0,1,1,2
221165,4,1,5,2
221334,5,1,6,2
221356,5,2,6,3
221455,0,6,1,7
221500,0,1,1,2
221543,4,1,5,2
221545,4,1,5,2
221681,1,2,2,3
221718,5,1,6,2
221719,5,1,6,2
221739,5,2,6,3
221832,0,6,1,7
221838,0,6,1,7
221841,0,6,1,7
221887,0,1,1,2
221929,4,1,5,2
221932,4,1,5,2
221934,4,1,5,2
221935,4,1,5,2
222067,1,5,2,6
222211,0,6,1,7
222217,6,0,7,1
222236,0,6,1,7
222295,0,1,1,2
222327,4,1,5,2
222428,1,0,2,1
222635,6,0,7,1
222702,1,0,2,1
222917,1,5,2,6
223078,6,0,7,1
223087,0,6,1,7
223089,0,6,1,7
223134,1,0,2,1
223136,1,0,2,1
223321,1,0,2,1
223365,1,5,2,6
223511,6,0,7,1
223575,1,0,2,1
223577,1,0,2,1
223580,1,0,2,1
223582,1,0,2,1
223592,0,1,1,2
223594,0,1,1,2
223597,0,1,1,2
223769,1,0,2,1
223785,2,1,3,2
223819,1,2,2,3
223822,1,5,2,6
223871,5,1,6,2
224040,0,1,1,2
224042,0,1,1,2
224046,0,1,1,2
224049,0,1,1,2
224283,1,2,2,3
224492,1,0,2,1
224493,1,0,2,1
224494,1,0,2,1
224741,1,5,2,6
224765,5,1,6,2
224795,5,1,6,2
224809,5,1,6,2
224838,1,5,2,6
224839,1,5,2,6
224905,6,0,7,1
224964,1,0,2,1
225194,2,1,3,2
225233,1,5,2,6
225276,5,2,6,3
225309,1,5,2,6
225457,1,0,2,1
225500,4,1,5,2
225666,2,1,3,2
225668,2,1,3,2
225776,1,5,2,6
225859,6,0,7,1
225927,1,0,2,1
226320,0,6,1,7
226323,6,0,7,1
226647,5,1,6,2
226803,6,0,7,1
227087,0,1,1,2
227276,0,6,1,7
227277,0,6,1,7
227569,0,5,1,6
227571,0,1,1,2
227586,1,5,2,6
227620,1,5,2,6
227749,0,6,1,7
227755,0,6,1,7
227756,0,6,1,7
227757,0,6,1,7
227834,1,0,2,1
228127,1,5,2,6
228240,0,6,1,7
228571,5,1,6,2
228834,4,1,5,2
229003,0,1,1,2
229049,5,1,6,2
229092,1,5,2,6
229094,1,2,2,3
229096,1,2,2,3
229097,1,2,2,3
229109,1,5,2,6
229196,0,6,1,7
229198,0,6,1,7
229440,0,1,1,2
229583,1,5,2,6
229682,0,6,1,7
229683,0,6,1,7
229724,0,6,1,7
229927,0,1,1,2
229971,0,1,1,2
229973,0,1,1,2
230021,5,1,6,2
230051,5,1,6,2
230072,5,1,6,2
230154,0,6,1,7
230177,6,0,7,1
230179,6,0,7,1
230287,4,1,5,2
230454,0,1,1,2
230500,5,1,6,2
230530,5,1,6,2
230532,1,5,2,6
230545,1,5,2,6
230555,5,1,6,2
230557,4,1,5,2
230640,0,6,1,7
230641,0,6,1,7
230656,6,0,7,1
230717,1,0,2,1
230722,1,0,2,1
230880,1,0,2,1
230882,1,0,2,1
230884,1,0,2,1
230931,0,1,1,2
230932,0,1,1,2
231025,1,5,2,6
231038,4,5,5,6
231121,0,6,1,7
231143,6,0,7,1
231200,1,0,2,1
231201,1,0,2,1
231202,1,0,2,1
231203,1,0,2,1
231245,4,1,5,2
231365,1,0,2,1
231492,1,5,2,6
231505,1,5,2,6
231595,0,6,1,7
231599,0,6,1,7
231619,6,0,7,1
231681,1,0,2,1
231727,4,1,5,2
231842,1,0,2,1
231851,1,0,2,1
231856,0,1,1,2
231890,0,1,1,2
231975,1,5,2,6
232000,4,5,5,6
232078,0,6,1,7
232080,0,6,1,7
232082,0,6,1,7
232100,6,0,7,1
232101,6,0,7,1
232106,6,0,7,1
232169,1,0,2,1
232208,4,1,5,2
232209,4,1,5,2
232319,0,1,1,2
232391,5,1,6,2
232561,0,6,1,7
232562,0,6,1,7
232564,0,6,1,7
232590,6,0,7,1
232591,6,0,7,1
232627,0,1,1,2
232677,1,4,2,5
232691,4,1,5,2
232858,0,1,1,2
233084,6,0,7,1
233119,0,1,1,2
233120,0,1,1,2
233123,0,1,1,2
233170,1,4,2,5
233188,4,1,5,2
233293,1,0,2,1
233300,0,1,1,2
233494,3,2,4,3
233504,2,3,3,4
233578,6,0,7,1
233579,6,0,7,1
233622,0,1,1,2
233623,0,1,1,2
233645,0,1,1,2
233646,0,1,1,2
233782,0,1,1,2
233783,0,1,1,2
233823,1,0,2,1
233899,1,5,2,6
233901,1,5,2,6
233908,5,1,6,2
233929,1,4,2,5
233970,5,1,6,2
234042,6,0,7,1
234075,6,0,7,1
234140,0,1,1,2
234142,0,1,1,2
234146,1,0,2,1
234181,4,1,5,2
234342,1,0,2,1
234374,5,1,6,2
234404,1,5,2,6
234409,5,1,6,2
234434,1,4,2,5
234472,1,5,2,6
234493,3,2,4,3
234608,0,1,1,2
234640,1,0,2,1
234673,4,1,5,2
234891,1,5,2,6
234896,5,1,6,2
234959,1,5,2,6
234974,2,5,3,6
234975,2,5,3,6
234980,2,3,3,4
234982,2,3,3,4
235054,0,1,1,2
235055,0,1,1,2
235083,0,1,1,2
235086,0,1,1,2
235145,4,1,5,2
235213,0,1,1,2
235214,0,1,1,2
235286,1,0,2,1
235287,1,0,2,1
235455,2,5,3,6
235456,2,5,3,6
235583,1,0,2,1
235589,0,1,1,2
235624,0,5,1,6
235679,0,1,1,2
235958,0,6,1,7
236020,0,1,1,2
236135,4,0,5,1
236221,1,0,2,1
236302,1,5,2,6
236398,2,5,3,6
236489,0,1,1,2
236516,0,1,1,2
236622,0,1,1,2
236665,0,1,1,2
236697,1,0,2,1
236710,1,0,2,1
236826,5,1,6,2
236996,0,1,1,2
237009,0,1,1,2
237011,1,0,2,1
237052,0,1,1,2
237105,0,1,1,2
237109,0,1,1,2
237141,0,1,1,2
237179,1,0,2,1
237272,5,1,6,2
237308,5,1,6,2
237331,5,1,6,2
237360,2,3,3,4
237423,2,5,3,6
237428,6,0,7,1
237494,1,0,2,1
237510,1,4,2,5
237511,1,4,2,5
237573,1,4,2,5
237579,0,4,1,5
237581,0,4,1,5
237585,0,1,1,2
237588,0,1,1,2
237607,1,0,2,1
237609,1,0,2,1
237620,0,1,1,2
237658,1,0,2,1
237659,1,0,2,1
237660,1,0,2,1
237702,1,4,2,5
237770,1,4,2,5
237771,1,4,2,5
237810,5,1,6,2
237903,6,0,7,1
237949,0,1,1,2
237981,1,4,2,5
238051,0,4,1,5
238097,1,0,2,1
238123,1,0,2,1
238168,1,4,2,5
238209,1,5,2,6
238330,5,2,6,3
238370,2,5,3,6
238371,2,5,3,6
238373,2,5,3,6
238428,4,0,5,1
238431,1,4,2,5
238503,4,1,5,2
238512,0,4,1,5
238516,0,1,1,2
238533,0,1,1,2
238548,0,1,1,2
238553,0,1,1,2
238572,0,1,1,2
238581,0,1,1,2
238803,5,2,6,3
238844,2,5,3,6
238882,0,1,1,2
238894,4,0,5,1
238895,4,0,5,1
238899,1,4,2,5
238973,4,1,5,2
239005,0,1,1,2
239006,0,1,1,2
239023,0,1,1,2
239044,0,1,1,2
239061,1,0,2,1
239105,1,0,2,1
239106,1,0,2,1
239278,5,2,6,3
239320,2,5,3,6
239362,4,0,5,1
239407,1,5,2,6
239448,0,4,1,5
239488,0,1,1,2
239489,0,1,1,2
239526,1,0,2,1
239750,5,2,6,3
239751,5,2,6,3
239752,5,2,6,3
239753,5,2,6,3
239755,5,2,6,3
239821,0,1,1,2
239824,4,1,5,2
239826,4,0,5,1
239909,1,4,2,5
239912,1,0,2,1
239932,0,1,1,2
239949,0,1,1,2
239950,0,1,1,2
239958,1,0,2,1
239977,0,1,1,2
240074,5,1,6,2
240075,5,1,6,2
240115,0,1,1,2
240117,5,1,6,2
240118,5,1,6,2
240211,5,2,6,3
240216,5,2,6,3
240281,0,1,1,2
240294,1,4,2,5
240307,4,1,5,2
240309,4,1,5,2
240344,1,4,2,5
240345,1,4,2,5
240391,0,1,1,2
240392,0,1,1,2
240402,0,1,1,2
240468,1,0,2,1
240567,0,1,1,2
240569,0,1,1,2
240638,2,3,3,4
240663,5,2,6,3
240666,5,2,6,3
240701,2,5,3,6
240753,1,4,2,5
240764,4,1,5,2
240791,4,1,5,2
240826,1,4,2,5
240853,0,1,1,2
240866,0,1,1,2
240869,1,0,2,1
240872,1,0,2,1
240947,1,0,2,1
240949,1,0,2,1
240988,1,2,2,3
241032,5,0,6,1
241102,3,2,4,3
241179,0,1,1,2
241199,0,1,1,2
241201,0,1,1,2
241202,4,1,5,2
241209,1,4,2,5
241215,1,4,2,5
241223,1,4,2,5
241290,1,4,2,5
241329,0,1,1,2
241333,1,0,2,1
241364,1,0,2,1
241423,1,0,2,1
241424,1,0,2,1
241455,5,1,6,2
241486,0,1,1,2
241487,0,1,1,2
241493,5,1,6,2
241496,5,1,6,2
241500,5,1,6,2
241563,2,3,3,4
241588,5,2,6,3
241646,1,0,2,1
241671,4,1,5,2
241678,1,4,2,5
241679,1,4,2,5
241687,1,4,2,5
241688,1,4,2,5
241718,0,1,1,2
241750,1,4,2,5
241888,1,0,2,1
242003,5,2,6,3
242042,2,5,3,6
242060,5,2,6,3
242129,0,1,1,2
242132,1,0,2,1
242140,0,1,1,2
242141,0,1,1,2
242156,1,4,2,5
242158,1,4,2,5
242200,4,1,5,2
242215,1,4,2,5
242216,1,4,2,5
242217,4,1,5,2
242218,4,1,5,2
242305,1,0,2,1
242308,1,0,2,1
242355,1,0,2,1
242367,1,0,2,1
242391,1,5,2,6
242392,1,5,2,6
242393,0,5,1,6
242395,0,2,1,3
242426,0,1,1,2
242427,0,1,1,2
242478,5,2,6,3
242509,2,3,3,4
242542,5,2,6,3
242573,2,5,3,6
242612,1,0,2,1
242639,4,0,5,1
242648,1,4,2,5
242650,1,4,2,5
242667,1,4,2,5
242690,1,4,2,5
242693,1,4,2,5
242767,0,1,1,2
242768,0,1,1,2
242841,1,0,2,1
242854,1,0,2,1
242926,0,1,1,2
242927,0,5,1,6
242931,1,5,2,6
242932,1,5,2,6
242974,5,2,6,3
242976,5,2,6,3
242989,5,2,6,3
243008,3,2,4,3
243064,2,5,3,6
243112,1,0,2,1
243140,0,1,1,2
243143,0,4,1,5
243168,1,4,2,5
243190,0,4,1,5
243221,1,4,2,5
243309,1,0,2,1
243368,1,0,2,1
243369,1,0,2,1
243397,0,1,1,2
243398,0,1,1,2
243432,1,5,2,6
243468,5,2,6,3
243469,5,2,6,3
243488,5,2,6,3
243508,2,3,3,4
243518,2,5,3,6
243548,5,2,6,3
243641,0,1,1,2
243646,0,4,1,5
243647,0,4,1,5
243664,1,4,2,5
243683,1,5,2,6
243721,4,0,5,1
243755,0,1,1,2
243756,0,1,1,2
243807,1,0,2,1
243828,1,0,2,1
243829,1,0,2,1
243830,1,0,2,1
243831,1,0,2,1
243833,1,0,2,1
243848,1,0,2,1
243884,0,1,1,2
243889,0,1,1,2
243890,0,1,1,2
243914,0,1,1,2
243916,0,1,1,2
243921,1,5,2,6
243955,1,2,2,3
243957,1,2,2,3
243958,1,2,2,3
243959,5,2,6,3
243964,5,2,6,3
244138,1,4,2,5
244162,1,4,2,5
244181,1,0,2,1
244216,4,0,5,1
244252,0,1,1,2
244284,0,1,1,2
244325,1,0,2,1
244326,1,0,2,1
244327,1,0,2,1
244382,0,1,1,2
244387,0,1,1,2
244409,1,0,2,1
244412,0,1,1,2
244420,1,5,2,6
244453,1,2,2,3
244456,1,2,2,3
244462,5,2,6,3
244464,5,2,6,3
244468,5,2,6,3
244479,5,2,6,3
244526,2,5,3,6
244546,5,2,6,3
244550,5,2,6,3
244554,5,2,6,3
244564,5,2,6,3
244570,5,2,6,3
244575,2,1,3,2
244652,1,4,2,5
244669,1,4,2,5
244674,1,4,2,5
244687,1,0,2,1
244696,4,1,5,2
244762,0,1,1,2
244827,1,0,2,1
244828,1,0,2,1
244833,1,0,2,1
244890,0,1,1,2
244965,1,2,2,3
244972,5,2,6,3
244974,5,2,6,3
244987,5,2,6,3
245025,2,5,3,6
245028,2,5,3,6
245047,5,2,6,3
245048,5,2,6,3
245054,5,2,6,3
245075,2,1,3,2
245154,1,4,2,5
245155,1,4,2,5
245221,4,1,5,2
245276,0,1,1,2
245339,1,0,2,1
245402,0,1,1,2
245403,0,1,1,2
245474,1,2,2,3
245475,1,2,2,3
245482,1,2,2,3
245502,5,2,6,3
245544,2,5,3,6
245575,5,2,6,3
245577,5,2,6,3
245578,5,2,6,3
245703,1,4,2,5
245704,1,4,2,5
245723,1,0,2,1
245798,0,1,1,2
245800,0,1,1,2
245865,1,0,2,1
245870,1,0,2,1
245892,1,0,2,1
245926,0,1,1,2
245954,0,1,1,2
246003,1,2,2,3
246052,2,3,3,4
246110,2,5,3,6
246113,5,2,6,3
246213,1,4,2,5
246215,1,4,2,5
246236,1,4,2,5
246252,1,0,2,1
246277,4,1,5,2
246395,1,0,2,1
246399,1,0,2,1
246402,1,0,2,1
246461,0,1,1,2
246464,0,1,1,2
246466,0,1,1,2
246486,0,1,1,2
246544,1,2,2,3
246562,5,2,6,3
246563,5,2,6,3
246566,5,2,6,3
246653,2,5,3,6
246656,5,2,6,3
246658,5,2,6,3
246661,5,2,6,3
246664,5,2,6,3
246679,5,1,6,2
246774,1,4,2,5
246775,1,4,2,5
246790,0,1,1,2
246801,1,0,2,1
246934,1,0,2,1
246996,1,0,2,1
247001,0,1,1,2
247002,0,1,1,2
247054,5,0,6,1
247075,1,2,2,3
247076,1,2,2,3
247080,1,2,2,3
247087,1,5,2,6
247104,5,2,6,3
247206,5,2,6,3
247208,5,2,6,3
247211,5,2,6,3
247212,5,2,6,3
247216,5,2,6,3
247322,4,1,5,2
247323,4,0,5,1
247327,1,0,2,1
247331,1,0,2,1
247333,0,4,1,5
247345,4,1,5,2
247425,1,0,2,1
247609,1,2,2,3
247612,1,5,2,6
247629,5,2,6,3
247747,5,2,6,3
247757,5,2,6,3
247758,5,2,6,3
247759,5,2,6,3
247760,5,2,6,3
247971,0,1,1,2
248132,5,0,6,1
248155,1,2,2,3
248162,1,2,2,3
248205,2,5,3,6
248312,5,2,6,3
248381,4,1,5,2
248382,4,1,5,2
248396,1,4,2,5
248421,4,1,5,2
248424,1,0,2,1
248429,0,1,1,2
248508,0,1,1,2
248509,0,1,1,2
248702,1,2,2,3
248711,1,2,2,3
248717,1,5,2,6
248738,5,2,6,3
248865,5,2,6,3
248866,5,2,6,3
248874,5,2,6,3
248877,5,2,6,3
248944,1,0,2,1
248974,1,4,2,5
249000,0,1,1,2
249037,4,1,5,2
249085,0,1,1,2
249089,0,1,1,2
249091,0,1,1,2
249242,1,0,2,1
249250,5,4,6,5
249280,1,2,2,3
249311,5,2,6,3
249313,5,2,6,3
249314,5,2,6,3
249335,2,5,3,6
249443,5,2,6,3
249567,1,4,2,5
249591,0,1,1,2
249594,1,0,2,1
249602,1,0,2,1
249607,0,1,1,2
249680,0,1,1,2
249766,1,0,2,1
249835,1,0,2,1
249879,1,2,2,3
249880,1,2,2,3
249881,1,2,2,3
249882,1,2,2,3
249884,1,2,2,3
249890,1,2,2,3
249939,2,5,3,6
250053,5,2,6,3
250057,5,2,6,3
250058,5,2,6,3
250108,0,6,1,7
250109,0,6,1,7
250211,0,1,1,2
250212,0,1,1,2
250285,0,1,1,2
250288,0,1,1,2
250291,0,1,1,2
250480,1,3,2,4
250492,1,2,2,3
250497,1,2,2,3
250503,1,2,2,3
250505,1,2,2,3
250507,1,2,2,3
250515,5,2,6,3
250518,5,2,6,3
250547,2,5,3,6
250548,2,5,3,6
250665,5,2,6,3
250718,0,6,1,7
250721,0,6,1,7
250793,1,4,2,5
250794,1,4,2,5
250821,1,0,2,1
250833,0,1,1,2
250842,0,4,1,5
250865,4,1,5,2
250890,4,1,5,2
250898,0,1,1,2
250902,0,1,1,2
250904,0,1,1,2
250909,0,1,1,2
250912,0,1,1,2
251061,1,4,2,5
251101,1,5,2,6
251119,1,2,2,3
251120,1,2,2,3
251126,1,2,2,3
251135,5,2,6,3
251294,5,2,6,3
251295,5,2,6,3
251297,5,2,6,3
251341,0,6,1,7
251344,0,6,1,7
251371,1,0,2,1
251372,1,6,2,7
251375,1,0,2,1
251376,1,0,2,1
251445,0,1,1,2
251461,0,1,1,2
251475,0,4,1,5
251476,0,4,1,5
251519,4,1,5,2
251520,4,1,5,2
251521,4,1,5,2
251522,4,1,5,2
251531,0,1,1,2
251538,0,1,1,2
251655,0,1,1,2
251656,0,1,1,2
251696,5,0,6,1
251707,1,0,2,1
251747,1,2,2,3
251748,1,2,2,3
251749,1,2,2,3
251751,1,2,2,3
251753,1,2,2,3
251756,5,2,6,3
251757,5,2,6,3
251762,5,2,6,3
251766,5,2,6,3
251767,5,2,6,3
251768,5,2,6,3
251802,2,5,3,6
251926,5,2,6,3
251927,5,2,6,3
251928,5,2,6,3
251943,2,5,3,6
251978,0,6,1,7
252009,1,0,2,1
252057,1,4,2,5
252078,0,1,1,2
252080,0,1,1,2
252094,0,1,1,2
252105,0,5,1,6
252138,4,1,5,2
252170,0,1,1,2
252210,1,0,2,1
252378,1,2,2,3
252379,5,2,6,3
252392,5,2,6,3
252423,2,5,3,6
252431,2,5,3,6
252432,2,5,3,6
252433,2,5,3,6
252547,5,2,6,3
252548,5,2,6,3
252551,5,2,6,3
252557,5,2,6,3
252566,5,2,6,3
252594,6,3,7,4
252599,0,6,1,7
252600,0,6,1,7
252604,0,6,1,7
252703,0,1,1,2
252704,0,1,1,2
252720,0,1,1,2
252724,0,1,1,2
252725,0,1,1,2
252734,1,4,2,5
252760,4,1,5,2
252764,4,1,5,2
252775,1,4,2,5
252777,1,4,2,5
252779,1,4,2,5
252783,0,4,1,5
252826,1,0,2,1
252828,1,0,2,1
252829,1,0,2,1
252941,5,0,6,1
252965,1,0,2,1
252999,5,2,6,3
253003,5,2,6,3
253008,5,2,6,3
253009,5,2,6,3
253051,2,5,3,6
253052,2,5,3,6
253057,2,5,3,6
253058,2,5,3,6
253060,2,5,3,6
253104,2,5,3,6
253114,2,5,3,6
253172,5,2,6,3
253174,5,2,6,3
253180,5,2,6,3
253182,5,2,6,3
253184,5,2,6,3
253191,5,2,6,3
253217,6,0,7,1
253256,1,6,2,7
253292,1,0,2,1
253302,1,0,2,1
253344,0,1,1,2
253345,0,1,1,2
253348,0,1,1,2
253349,0,1,1,2
253351,0,1,1,2
253403,1,4,2,5
253405,1,0,2,1
253407,1,0,2,1
253410,1,0,2,1
253411,1,0,2,1
253442,1,0,2,1
253559,5,4,6,5
253583,1,0,2,1
253618,5,2,6,3
253669,2,5,3,6
253679,2,5,3,6
253728,2,5,3,6
253729,2,5,3,6
253737,2,5,3,6
253739,3,2,4,3
253796,5,2,6,3
253799,5,2,6,3
253800,5,2,6,3
253804,5,2,6,3
253843,0,6,1,7
253873,1,6,2,7
253964,0,1,1,2
254027,1,0,2,1
254028,1,0,2,1
254195,1,0,2,1
254258,2,5,3,6
254269,2,5,3,6
254304,2,5,3,6
254334,2,5,3,6
254515,1,0,2,1
254561,0,1,1,2
254564,0,1,1,2
254603,4,1,5,2
254685,1,0,2,1
254686,1,0,2,1
254841,2,5,3,6
254893,3,2,4,3
254939,3,2,4,3
254964,2,5,3,6
254996,5,2,6,3
254997,5,2,6,3
255049,0,6,1,7
255124,1,0,2,1
255126,1,0,2,1
255131,1,4,2,5
255174,0,1,1,2
255175,0,1,1,2
255278,1,0,2,1
255389,0,1,1,2
255393,0,1,1,2
255431,1,2,2,3
255440,3,2,4,3
255484,2,5,3,6
255554,2,5,3,6
255596,5,2,6,3
255638,0,6,1,7
255640,0,6,1,7
255641,0,6,1,7
255645,0,6,1,7
255721,1,0,2,1
255731,1,4,2,5
255732,1,4,2,5
255736,0,4,1,5
255737,0,4,1,5
255760,0,1,1,2
255762,0,1,1,2
255881,1,0,2,1
255987,5,1,6,2
256019,0,1,1,2
256066,2,5,3,6
256105,2,5,3,6
256158,2,5,3,6
256317,1,0,2,1
256331,0,1,1,2
256333,0,1,1,2
256415,1,4,2,5
256577,1,4,2,5
256582,5,0,6,1
256609,1,0,2,1
256610,1,0,2,1
256634,1,5,2,6
256654,2,5,3,6
256736,2,5,3,6
256741,2,5,3,6
256780,5,2,6,3
256828,0,6,1,7
256830,0,6,1,7
256907,1,0,2,1
256922,1,4,2,5
256938,0,1,1,2
256958,0,1,1,2
256980,0,1,1,2
256981,0,1,1,2
257012,1,4,2,5
257164,5,1,6,2
257217,1,5,2,6
257219,3,2,4,3
257242,2,5,3,6
257271,2,5,3,6
257361,5,2,6,3
257410,0,6,1,7
257411,0,6,1,7
257480,0,1,1,2
257630,0,1,1,2
257790,1,2,2,3
257794,1,5,2,6
257853,2,5,3,6
257895,2,5,3,6
257897,2,5,3,6
257939,5,2,6,3
257985,0,6,1,7
257987,0,6,1,7
258061,0,1,1,2
258085,1,4,2,5
258107,1,0,2,1
258319,5,0,6,1
258333,0,1,1,2
258335,0,1,1,2
258338,0,1,1,2
258367,1,5,2,6
258395,2,5,3,6
258432,2,5,3,6
258464,2,5,3,6
258544,6,0,7,1
258592,0,1,1,2
258629,0,1,1,2
258631,0,1,1,2
258656,0,1,1,2
258781,0,1,1,2
258783,1,0,2,1
258879,5,0,6,1
258897,0,1,1,2
258914,1,2,2,3
258916,1,2,2,3
258917,1,2,2,3
258921,1,2,2,3
258926,1,5,2,6
258999,3,2,4,3
259101,6,0,7,1
259105,6,0,7,1
259158,0,1,1,2
259311,0,1,1,2
259314,1,0,2,1
259346,1,0,2,1
259396,4,1,5,2
259404,4,1,5,2
259429,5,0,6,1
259442,0,4,1,5
259447,0,1,1,2
259468,1,2,2,3
259470,1,2,2,3
259479,2,3,3,4
259482,2,3,3,4
259572,2,5,3,6
259667,0,6,1,7
259783,0,1,1,2
259865,0,1,1,2
259900,0,1,1,2
259951,4,1,5,2
259956,4,1,5,2
259971,4,1,5,2
259972,5,1,6,2
259985,0,1,1,2
260006,1,2,2,3
260007,1,2,2,3
260019,2,3,3,4
260091,3,5,4,6
260117,2,5,3,6
260129,2,5,3,6
260203,6,0,7,1
260247,1,0,2,1
260248,1,0,2,1
260252,0,1,1,2
260380,0,1,1,2
260406,0,1,1,2
260407,0,1,1,2
260409,0,1,1,2
260495,4,1,5,2
260496,4,1,5,2
260500,4,1,5,2
260512,5,1,6,2
260513,5,0,6,1
260546,1,2,2,3
260559,2,3,3,4
260608,2,5,3,6
260633,2,5,3,6
260659,2,5,3,6
260665,2,5,3,6
260738,6,0,7,1
260907,0,1,1,2
260908,0,1,1,2
260921,0,1,1,2
260934,0,1,1,2
261023,4,1,5,2
261026,4,1,5,2
261040,4,1,5,2
261045,4,1,5,2
261059,0,1,1,2
261197,2,5,3,6
261280,0,6,1,7
261282,0,6,1,7
261309,1,0,2,1
261310,1,0,2,1
261439,0,1,1,2
261453,0,1,1,2
261454,0,1,1,2
261459,0,1,1,2
261465,1,0,2,1
261546,4,1,5,2
261562,4,1,5,2
261565,4,0,5,1
261656,2,5,3,6
261657,2,5,3,6
261747,2,5,3,6
261791,6,0,7,1
261798,6,0,7,1
261882,0,1,1,2
261961,0,1,1,2
261974,0,1,1,2
261977,0,1,1,2
261978,0,1,1,2
261979,0,1,1,2
261981,0,1,1,2
262071,1,4,2,5
262178,2,5,3,6
262182,2,5,3,6
262184,2,5,3,6
262187,2,5,3,6
262192,2,5,3,6
262265,2,5,3,6
262268,2,5,3,6
262279,2,3,3,4
262299,6,0,7,1
262302,6,1,7,2
262313,0,6,1,7
262342,1,0,2,1
262389,0,1,1,2
262450,0,1,1,2
262476,0,1,1,2
262478,0,1,1,2
262481,0,1,1,2
262516,0,1,1,2
262575,4,1,5,2
262679,2,5,3,6
262759,2,5,3,6
262801,6,2,7,3
262812,0,6,1,7
262840,1,0,2,1
262928,1,4,2,5
263060,4,1,5,2
263078,0,1,1,2
263079,0,1,1,2
263157,2,5,3,6
263159,2,5,3,6
263161,2,5,3,6
263266,2,3,3,4
263307,0,6,1,7
263335,1,0,2,1
263336,1,0,2,1
263403,1,4,2,5
263430,0,1,1,2
263439,0,1,1,2
263441,0,1,1,2
263476,0,1,1,2
263541,5,1,6,2
263556,0,1,1,2
263557,0,1,1,2
263558,0,1,1,2
263559,0,1,1,2
263717,2,5,3,6
263718,2,5,3,6
263728,5,2,6,3
263730,5,3,6,4
263732,2,3,3,4
263746,5,2,6,3
263870,4,1,5,2
263909,1,4,2,5
263915,4,1,5,2
264014,0,1,1,2
264015,0,1,1,2
264016,0,1,1,2
264017,0,1,1,2
264046,2,3,3,4
264182,5,2,6,3
264187,5,2,6,3
264196,5,2,6,3
264202,5,2,6,3
264203,5,2,6,3
264338,0,1,1,2
264450,4,1,5,2
264452,5,0,6,1
264466,0,1,1,2
264469,0,1,1,2
264498,2,5,3,6
264502,2,5,3,6
264630,5,2,6,3
264632,5,2,6,3
264641,5,2,6,3
264642,5,2,6,3
264653,5,3,6,4
264654,5,2,6,3
264656,5,2,6,3
264711,1,0,2,1
264751,0,1,1,2
264752,0,1,1,2
264800,4,1,5,2
264806,0,1,1,2
264816,1,0,2,1
264817,1,0,2,1
264818,1,0,2,1
264828,4,1,5,2
264833,4,1,5,2
264911,5,0,6,1
264993,3,2,4,3
265078,5,2,6,3
265091,5,2,6,3
265093,5,2,6,3
265094,5,2,6,3
265147,1,0,2,1
265151,1,0,2,1
265205,0,1,1,2
265242,4,1,5,2
265264,1,0,2,1
265267,1,0,2,1
265270,1,0,2,1
265277,1,4,2,5
265281,4,1,5,2
265338,4,1,5,2
265393,2,5,3,6
265409,2,3,3,4
265484,2,3,3,4
265512,5,2,6,3
265583,1,0,2,1
265651,0,1,1,2
265696,4,1,5,2
265706,1,0,2,1
265707,1,0,2,1
265708,1,0,2,1
265718,1,0,2,1
265724,0,1,1,2
265727,4,1,5,2
265729,4,1,5,2
265831,2,5,3,6
265842,2,3,3,4
265900,2,3,3,4
265903,2,3,3,4
265921,2,3,3,4
265929,5,2,6,3
265930,5,2,6,3
265932,5,2,6,3
265934,5,2,6,3
265940,5,2,6,3
265941,5,2,6,3
265942,5,2,6,3
265945,5,2,6,3
265963,0,6,1,7
266006,1,0,2,1
266061,0,1,1,2
266064,0,1,1,2
266142,1,4,2,5
266153,1,0,2,1
266154,1,0,2,1
266156,0,4,1,5
266159,0,1,1,2
266162,4,1,5,2
266165,4,1,5,2
266305,2,3,3,4
266307,2,3,3,4
266379,5,2,6,3
266381,5,2,6,3
266404,0,6,1,7
266495,1,0,2,1
266497,1,0,2,1
266498,1,0,2,1
266502,0,1,1,2
266503,0,1,1,2
266518,0,1,1,2
266531,1,0,2,1
266575,1,4,2,5
266596,1,0,2,1
266597,0,4,1,5
266598,0,4,1,5
266602,0,1,1,2
266603,4,1,5,2
266748,2,3,3,4
266817,5,2,6,3
266825,5,2,6,3
266833,5,2,6,3
266846,0,6,1,7
266946,1,0,2,1
266954,0,1,1,2
266967,0,1,1,2
266988,1,0,2,1
267029,1,4,2,5
267030,1,4,2,5
267031,1,4,2,5
267033,1,4,2,5
267146,2,5,3,6
267147,2,5,3,6
267149,2,5,3,6
267216,3,2,4,3
267271,5,2,6,3
267272,5,2,6,3
267275,5,2,6,3
267277,5,2,6,3
267282,5,2,6,3
267285,5,2,6,3
267291,5,2,6,3
267292,5,2,6,3
267382,1,0,2,1
267530,1,0,2,1
267532,1,0,2,1
267533,1,0,2,1
267541,0,1,1,2
267546,4,1,5,2
267697,3,2,4,3
267763,5,2,6,3
267779,5,2,6,3
267780,5,2,6,3
267785,5,2,6,3
267798,0,6,1,7
267891,1,0,2,1
267918,0,1,1,2
267956,0,1,1,2
268004,1,4,2,5
268005,1,4,2,5
268016,1,4,2,5
268027,1,4,2,5
268187,3,2,4,3
268261,5,2,6,3
268262,5,2,6,3
268263,5,2,6,3
268266,5,2,6,3
268268,5,2,6,3
268270,5,2,6,3
268277,5,2,6,3
268293,0,6,1,7
268294,0,6,1,7
268397,1,0,2,1
268398,1,0,2,1
268456,0,1,1,2
268463,1,0,2,1
268467,1,0,2,1
268469,1,0,2,1
268504,1,4,2,5
268537,0,1,1,2
268541,0,1,1,2
268648,3,2,4,3
268684,2,3,3,4
268688,2,5,3,6
268747,5,2,6,3
268766,5,2,6,3
268776,0,6,1,7
268883,1,0,2,1
268944,0,1,1,2
269005,1,4,2,5
269099,3,2,4,3
269131,2,3,3,4
269179,2,5,3,6
269239,5,2,6,3
269262,2,5,3,6
269268,0,6,1,7
269272,0,6,1,7
269273,0,6,1,7
269348,0,1,1,2
269349,0,1,1,2
269350,0,1,1,2
269359,1,0,2,1
269390,0,1,1,2
269434,0,1,1,2
269442,0,1,1,2
269448,0,1,1,2
269452,1,0,2,1
269510,1,0,2,1
269528,0,1,1,2
269675,2,3,3,4
269694,2,5,3,6
269724,2,5,3,6
269744,5,2,6,3
269751,5,2,6,3
269754,5,2,6,3
269767,5,2,6,3
269776,5,2,6,3
269785,0,6,1,7
269862,0,1,1,2
269872,1,0,2,1
269884,0,1,1,2
269948,0,1,1,2
269949,0,1,1,2
269959,0,1,1,2
269961,0,1,1,2
269969,1,0,2,1
270006,4,1,5,2
270044,0,1,1,2
270047,0,1,1,2
270134,3,2,4,3
270146,2,3,3,4
270187,2,3,3,4
270193,2,5,3,6
270197,2,3,3,4
270198,2,5,3,6
270199,2,5,3,6
270244,5,3,6,4
270246,5,2,6,3
270269,3,2,4,3
270271,5,2,6,3
270273,5,2,6,3
270274,5,2,6,3
270281,5,2,6,3
270283,5,2,6,3
270290,0,6,1,7
270294,0,6,1,7
270363,0,1,1,2
270364,0,1,1,2
270367,0,1,1,2
270375,1,0,2,1
270398,1,0,2,1
270405,1,0,2,1
270406,1,0,2,1
270407,1,0,2,1
270457,0,1,1,2
270458,0,1,1,2
270474,0,1,1,2
270514,4,1,5,2
270516,1,0,2,1
270690,2,3,3,4
270703,2,5,3,6
270748,5,2,6,3
270770,5,2,6,3
270782,5,2,6,3
270785,5,2,6,3
270902,0,1,1,2
270909,1,0,2,1
270916,1,0,2,1
270917,1,0,2,1
270933,0,1,1,2
270981,0,1,1,2
271029,4,1,5,2
271030,4,1,5,2
271061,0,1,1,2
271067,0,1,1,2
271142,2,5,3,6
271159,2,5,3,6
271206,2,3,3,4
271222,2,5,3,6
271246,2,5,3,6
271250,2,5,3,6
271251,2,5,3,6
271267,5,2,6,3
271286,5,2,6,3
271406,0,1,1,2
271437,0,1,1,2
271438,0,1,1,2
271485,0,1,1,2
271486,0,1,1,2
271489,0,1,1,2
271495,0,1,1,2
271496,0,1,1,2
271502,4,0,5,1
271518,4,1,5,2
271533,4,1,5,2
271562,0,1,1,2
271617,2,5,3,6
271643,2,5,3,6
271644,2,5,3,6
271717,2,5,3,6
271725,2,5,3,6
271737,2,5,3,6
271746,2,5,3,6
271767,5,2,6,3
271814,0,6,1,7
271911,0,1,1,2
271995,0,1,1,2
271997,0,1,1,2
271998,0,1,1,2
271999,0,1,1,2
272004,0,1,1,2
272008,4,0,5,1
272014,1,0,2,1
272015,1,0,2,1
272016,1,4,2,5
272026,4,1,5,2
272030,4,1,5,2
272031,4,1,5,2
272063,0,1,1,2
272071,0,1,1,2
272084,0,1,1,2
272095,1,4,2,5
272096,1,4,2,5
272097,1,4,2,5
272125,2,5,3,6
272167,5,2,6,3
272171,2,3,3,4
272225,2,5,3,6
272226,2,5,3,6
272247,2,5,3,6
272255,2,5,3,6
272296,5,2,6,3
272297,5,2,6,3
272298,5,2,6,3
272323,0,6,1,7
272514,0,1,1,2
272534,4,0,5,1
272536,4,0,5,1
272540,4,0,5,1
272559,4,1,5,2
272562,4,1,5,2
272591,0,1,1,2
272600,1,0,2,1
272602,1,4,2,5
272612,0,1,1,2
272616,0,1,1,2
272623,0,4,1,5
272647,2,5,3,6
272803,5,2,6,3
273038,0,1,1,2
273041,0,1,1,2
273046,0,1,1,2
273056,0,1,1,2
273119,0,1,1,2
273120,0,1,1,2
273138,0,4,1,5
273257,2,3,3,4
273301,2,5,3,6
273303,2,5,3,6
273331,5,2,6,3
273337,5,2,6,3
273338,5,2,6,3
273372,2,5,3,6
273373,2,5,3,6
273583,0,1,1,2
273607,0,1,1,2
273609,0,1,1,2
273613,4,1,5,2
273631,4,1,5,2
273645,4,1,5,2
273686,1,0,2,1
273688,1,4,2,5
273690,0,4,1,5
273716,2,5,3,6
273726,2,3,3,4
273774,2,3,3,4
273859,2,5,3,6
273860,2,5,3,6
273863,2,5,3,6
273870,2,5,3,6
274155,0,1,1,2
274156,0,1,1,2
274159,0,1,1,2
274173,0,1,1,2
274188,4,1,5,2
274193,4,1,5,2
274213,4,1,5,2
274250,1,4,2,5
274278,2,5,3,6
274279,2,5,3,6
274280,2,5,3,6
274420,2,5,3,6
274421,2,5,3,6
274506,5,2,6,3
274512,6,0,7,1
274713,0,1,1,2
274715,0,1,1,2
274716,0,1,1,2
274761,4,1,5,2
274768,1,4,2,5
274795,0,1,1,2
274822,2,5,3,6
274823,2,5,3,6
274832,2,3,3,4
274875,2,5,3,6
274881,2,5,3,6
274973,2,5,3,6
274978,2,5,3,6
274981,2,5,3,6
275204,0,1,1,2
275206,0,1,1,2
275277,0,1,1,2
275312,4,1,5,2
275313,4,1,5,2
275368,0,1,1,2
275582,2,3,3,4
275583,2,3,3,4
275588,5,2,6,3
275610,5,2,6,3
275831,0,1,1,2
275924,1,0,2,1
276069,2,3,3,4
276099,2,1,3,2
276106,2,5,3,6
276137,5,2,6,3
276149,2,5,3,6
276158,2,3,3,4
276159,2,3,3,4
276161,2,3,3,4
276162,2,3,3,4
276167,5,2,6,3
276189,5,2,6,3
276348,0,1,1,2
276413,0,1,1,2
276442,0,1,1,2
276444,0,1,1,2
276449,1,4,2,5
276508,0,1,1,2
276587,2,5,3,6
276687,2,5,3,6
276690,2,5,3,6
276742,2,3,3,4
276745,2,3,3,4
276749,5,2,6,3
276915,6,0,7,1
276926,0,1,1,2
276945,0,1,1,2
276995,0,1,1,2
277175,2,5,3,6
277277,2,5,3,6
277336,5,2,6,3
277380,5,2,6,3
277383,5,2,6,3
277384,5,2,6,3
277503,1,0,2,1
277506,6,0,7,1
277507,6,0,7,1
277508,6,0,7,1
277584,0,1,1,2
277614,0,1,1,2
277616,0,4,1,5
277757,5,2,6,3
277864,2,5,3,6
277958,5,2,6,3
277961,5,2,6,3
278080,1,0,2,1
278082,6,1,7,2
278083,6,0,7,1
278087,6,0,7,1
278160,0,1,1,2
278213,1,4,2,5
278338,5,2,6,3
278340,5,2,6,3
278441,2,5,3,6
278442,2,5,3,6
278455,2,5,3,6
278504,5,2,6,3
278505,5,2,6,3
278506,5,2,6,3
278507,5,3,6,4
278530,5,2,6,3
278531,5,2,6,3
278668,6,1,7,2
278681,0,1,1,2
278697,0,1,1,2
278699,0,1,1,2
278750,0,1,1,2
278842,0,1,1,2
278922,5,2,6,3
279024,2,5,3,6
279073,5,3,6,4
279077,5,2,6,3
279080,5,2,6,3
279089,5,2,6,3
279097,5,3,6,4
279100,5,2,6,3
279104,5,2,6,3
279237,6,0,7,1
279239,6,0,7,1
279263,0,1,1,2
279315,0,1,1,2
279316,0,1,1,2
279319,0,1,1,2
279321,0,1,1,2
279353,0,1,1,2
279408,0,1,1,2
279648,3,5,4,6
279652,5,2,6,3
279657,5,2,6,3
279658,5,2,6,3
279677,5,2,6,3
279679,5,2,6,3
279681,5,2,6,3
279722,0,6,1,7
279814,1,0,2,1
279899,0,1,1,2
279909,0,1,1,2
280169,2,5,3,6
280249,5,2,6,3
280438,0,1,1,2
280463,1,0,2,1
280489,0,1,1,2
280492,0,1,1,2
280494,0,1,1,2
280588,0,1,1,2
280591,0,1,1,2
280594,2,5,3,6
280699,2,5,3,6
280762,2,1,3,2
280842,5,2,6,3
280844,5,2,6,3
280870,5,2,6,3
280885,0,6,1,7
280975,1,0,2,1
280982,6,1,7,2
280985,6,0,7,1
280986,6,0,7,1
281007,0,1,1,2
281008,0,1,1,2
281009,0,1,1,2
281010,0,1,1,2
281012,0,1,1,2
281064,0,1,1,2
281090,0,1,1,2
281113,4,1,5,2
281147,0,1,1,2
281168,2,5,3,6
281195,2,3,3,4
281231,2,3,3,4
281248,5,2,6,3
281372,5,2,6,3
281391,5,2,6,3
281398,5,2,6,3
281406,5,2,6,3
281473,0,6,1,7
281559,6,0,7,1
281565,0,1,1,2
281567,0,1,1,2
281584,0,1,1,2
281585,0,1,1,2
281586,0,1,1,2
281588,0,1,1,2
281596,0,1,1,2
281609,1,0,2,1
281634,0,1,1,2
281637,0,1,1,2
281639,0,1,1,2
281664,0,1,1,2
281689,4,1,5,2
281718,1,0,2,1
281738,0,1,1,2
281918,2,1,3,2
281923,2,5,3,6
282026,5,2,6,3
282051,0,6,1,7
282131,6,1,7,2
282134,6,0,7,1
282143,0,1,1,2
282166,0,1,1,2
282214,0,1,1,2
282550,5,2,6,3
282553,5,2,6,3
282590,5,3,6,4
282721,0,1,1,2
282728,0,1,1,2
282729,0,1,1,2
282737,0,1,1,2
282817,4,1,5,2
282819,4,1,5,2
282821,4,1,5,2
282822,4,1,5,2
282851,1,0,2,1
282853,1,0,2,1
282867,0,1,1,2
282906,2,5,3,6
283036,2,1,3,2
283039,2,1,3,2
283046,2,5,3,6
283107,5,2,6,3
283110,5,2,6,3
283112,5,2,6,3
283115,5,2,6,3
283116,5,2,6,3
283124,5,2,6,3
283182,0,6,1,7
283185,0,6,1,7
283186,0,6,1,7
283257,1,0,2,1
283270,6,0,7,1
283292,0,1,1,2
283293,0,1,1,2
283295,0,1,1,2
283299,0,1,1,2
283300,0,1,1,2
283301,0,1,1,2
283315,1,0,2,1
283387,4,1,5,2
283421,1,0,2,1
283423,1,0,2,1
283437,0,1,1,2
283531,5,2,6,3
283598,2,5,3,6
283613,2,1,3,2
283639,5,2,6,3
283678,5,2,6,3
283743,0,6,1,7
283802,0,1,1,2
283856,0,1,1,2
283873,1,0,2,1
283942,4,1,5,2
283943,4,1,5,2
283972,1,0,2,1
283987,0,1,1,2
283988,0,1,1,2
284114,2,3,3,4
284169,2,1,3,2
284171,2,1,3,2
284180,2,1,3,2
284203,5,2,6,3
284238,5,2,6,3
284239,5,2,6,3
284251,5,3,6,4
284374,0,1,1,2
284398,0,1,1,2
284420,0,1,1,2
284427,0,1,1,2
284440,1,0,2,1
284502,4,1,5,2
284509,4,1,5,2
284510,0,1,1,2
284513,0,1,1,2
284542,1,0,2,1
284559,0,1,1,2
284563,1,0,2,1
284744,2,1,3,2
284745,2,1,3,2
284781,5,2,6,3
284834,5,2,6,3
284839,5,2,6,3
284960,0,1,1,2
284963,0,1,1,2
285013,0,1,1,2
285099,4,1,5,2
285103,0,1,1,2
285139,1,0,2,1
285156,0,1,1,2
285297,2,3,3,4
285324,2,5,3,6
285328,2,1,3,2
285329,2,1,3,2
285393,5,3,6,4
285414,5,3,6,4
285449,5,2,6,3
285550,1,0,2,1
285553,6,0,7,1
285670,4,1,5,2
285671,0,1,1,2
285672,0,1,1,2
285715,1,0,2,1
285731,0,1,1,2
285773,2,1,3,2
285898,2,5,3,6
285900,2,5,3,6
285901,2,5,3,6
285905,2,1,3,2
285915,2,5,3,6
285919,2,5,3,6
285940,5,2,6,3
285975,5,2,6,3
286068,0,6,1,7
286070,0,6,1,7
286071,0,6,1,7
286133,1,0,2,1
286140,6,0,7,1
286149,0,1,1,2
286179,1,0,2,1
286180,1,0,2,1
286181,1,0,2,1
286227,0,1,1,2
286250,0,1,1,2
286256,0,1,1,2
286474,2,5,3,6
286479,2,1,3,2
286490,2,5,3,6
286493,2,5,3,6
286504,5,2,6,3
286511,5,2,6,3
286531,3,2,4,3
286549,5,2,6,3
286550,5,2,6,3
286599,5,2,6,3
286621,0,6,1,7
286623,0,6,1,7
286639,0,6,1,7
286640,0,6,1,7
286707,6,0,7,1
286728,1,0,2,1
286750,1,0,2,1
286789,0,1,1,2
286794,0,1,1,2
286818,0,1,1,2
286823,0,1,1,2
286925,2,1,3,2
286966,2,3,3,4
287002,5,2,6,3
287008,2,1,3,2
287064,2,5,3,6
287065,2,5,3,6
287070,2,5,3,6
287167,5,2,6,3
287170,5,2,6,3
287211,0,6,1,7
287279,6,0,7,1
287289,0,1,1,2
287290,0,1,1,2
287318,1,0,2,1
287353,0,1,1,2
287355,0,1,1,2
287364,0,1,1,2
287384,0,1,1,2
287385,0,1,1,2
287444,1,0,2,1
287484,2,1,3,2
287485,2,1,3,2
287487,2,1,3,2
287488,2,1,3,2
287515,2,5,3,6
287566,2,1,3,2
287625,2,5,3,6
287633,5,2,6,3
287646,2,5,3,6
287697,5,2,6,3
287732,5,2,6,3
287733,5,2,6,3
287767,0,6,1,7
287769,0,6,1,7
287833,1,0,2,1
287835,6,0,7,1
287836,6,0,7,1
287838,6,0,7,1
287916,0,1,1,2
287917,0,1,1,2
287927,0,1,1,2
287993,1,0,2,1
287994,1,0,2,1
287995,1,0,2,1
288126,2,1,3,2
288128,2,1,3,2
288135,2,3,3,4
288169,2,1,3,2
288170,2,1,3,2
288172,2,1,3,2
288188,2,5,3,6
288206,5,2,6,3
288227,5,2,6,3
288254,5,2,6,3
288255,5,2,6,3
288395,1,0,2,1
288397,6,0,7,1
288398,6,0,7,1
288412,0,1,1,2
288471,0,1,1,2
288473,0,1,1,2
288475,0,1,1,2
288481,0,1,1,2
288484,0,1,1,2
288611,2,1,3,2
288612,2,1,3,2
288615,2,1,3,2
288642,2,3,3,4
288643,2,3,3,4
288644,2,3,3,4
288645,2,3,3,4
288691,2,1,3,2
288692,2,1,3,2
288738,2,1,3,2
288752,2,5,3,6
288753,2,5,3,6
288764,5,1,6,2
288822,5,2,6,3
288823,5,2,6,3
288885,0,6,1,7
288887,0,6,1,7
288891,0,6,1,7
288977,1,0,2,1
288993,0,1,1,2
288994,0,1,1,2
289040,0,1,1,2
289043,0,1,1,2
289045,0,1,1,2
289115,1,0,2,1
289227,2,1,3,2
289235,2,5,3,6
289241,2,5,3,6
289242,2,5,3,6
289248,3,2,4,3
289254,5,1,6,2
289345,5,2,6,3
289377,0,6,1,7
289378,0,6,1,7
289451,1,0,2,1
289454,6,0,7,1
289490,0,1,1,2
289535,0,1,1,2
289541,0,1,1,2
289554,0,1,1,2
289555,0,1,1,2
289561,1,0,2,1
289634,2,3,3,4
289651,2,5,3,6
289657,5,2,6,3
289726,2,5,3,6
289744,5,1,6,2
289775,5,2,6,3
289875,0,6,1,7
289945,1,0,2,1
290021,0,1,1,2
290038,4,1,5,2
290051,1,0,2,1
290142,2,5,3,6
290143,2,5,3,6
290207,2,1,3,2
290217,2,5,3,6
290262,5,2,6,3
290433,1,0,2,1
290435,6,0,7,1
290455,1,0,2,1
290456,1,0,2,1
290462,0,1,1,2
290463,0,1,1,2
290473,1,0,2,1
290506,0,1,1,2
290512,0,1,1,2
290513,0,1,1,2
290514,0,1,1,2
290517,0,1,1,2
290527,4,1,5,2
290588,1,0,2,1
290614,2,3,3,4
290615,2,3,3,4
290631,2,5,3,6
290639,5,2,6,3
290640,5,2,6,3
290657,3,2,4,3
290690,2,1,3,2
290726,2,5,3,6
290795,2,5,3,6
290851,0,6,1,7
290913,1,0,2,1
290914,1,0,2,1
290915,1,0,2,1
290943,0,1,1,2
290953,1,0,2,1
290954,1,0,2,1
290955,1,0,2,1
290956,1,0,2,1
290961,1,0,2,1
290993,0,1,1,2
291003,0,1,1,2
291009,4,1,5,2
291053,1,0,2,1
291107,2,5,3,6
291185,3,2,4,3
291221,5,2,6,3
291317,0,6,1,7
291327,0,6,1,7
291393,1,0,2,1
291420,0,1,1,2
291423,0,1,1,2
291436,1,0,2,1
291464,0,1,1,2
291473,0,1,1,2
291478,0,1,1,2
291488,4,1,5,2
291496,1,0,2,1
291763,2,3,3,4
291764,2,3,3,4
291811,0,6,1,7
291904,0,1,1,2
291905,0,1,1,2
291917,1,0,2,1
291922,1,0,2,1
291961,0,1,1,2
291962,0,1,1,2
292102,2,5,3,6
292164,2,5,3,6
292174,2,3,3,4
292176,2,3,3,4
292177,5,3,6,4
292188,5,2,6,3
292242,2,3,3,4
292296,0,6,1,7
292382,0,1,1,2
292394,1,0,2,1
292430,0,1,1,2
292441,0,1,1,2
292461,1,0,2,1
292561,5,2,6,3
292585,2,5,3,6
292642,5,2,6,3
292646,2,5,3,6
292649,2,5,3,6
292674,5,2,6,3
292675,5,2,6,3
292677,5,2,6,3
292723,2,3,3,4
292724,2,3,3,4
292726,2,3,3,4
292859,1,0,2,1
292863,0,1,1,2
292874,1,0,2,1
292876,1,0,2,1
292877,1,0,2,1
292908,0,1,1,2
292994,1,0,2,1
293044,5,2,6,3
293060,2,5,3,6
293062,2,5,3,6
293063,2,5,3,6
293087,2,1,3,2
293109,2,5,3,6
293110,2,5,3,6
293146,5,2,6,3
293158,5,2,6,3
293198,2,3,3,4
293253,0,6,1,7
293341,0,1,1,2
293531,2,5,3,6
293622,5,2,6,3
293870,1,0,2,1
294042,2,5,3,6
294061,2,5,3,6
294062,2,5,3,6
294077,5,2,6,3
294178,0,6,1,7
294349,1,0,2,1
294367,0,1,1,2
294428,5,2,6,3
294522,2,5,3,6
294525,2,5,3,6
294527,2,5,3,6
294596,5,2,6,3
294722,1,0,2,1
294759,1,0,2,1
294819,1,0,2,1
294821,1,0,2,1
294993,2,5,3,6
295071,2,5,3,6
295075,2,5,3,6
295089,5,2,6,3
295092,5,2,6,3
295093,5,2,6,3
295194,1,0,2,1
295196,1,0,2,1
295208,0,1,1,2
295211,0,1,1,2
295214,1,0,2,1
295221,1,0,2,1
295282,1,0,2,1
295294,1,0,2,1
295297,1,0,2,1
295312,0,1,1,2
295375,3,2,4,3
295455,2,5,3,6
295469,2,5,3,6
295483,5,2,6,3
295564,5,2,6,3
295660,1,0,2,1
295663,1,0,2,1
295664,1,0,2,1
295676,0,1,1,2
295681,1,0,2,1
295682,1,0,2,1
295685,1,0,2,1
295761,1,0,2,1
295945,2,3,3,4
295981,5,2,6,3
295983,5,2,6,3
296011,2,5,3,6
296037,5,2,6,3
296136,1,0,2,1
296151,1,0,2,1
296156,1,0,2,1
296198,0,1,1,2
296244,0,1,1,2
296443,5,2,6,3
296444,5,2,6,3
296581,0,1,1,2
296584,0,1,1,2
296601,1,0,2,1
296610,1,0,2,1
296613,1,0,2,1
296620,1,0,2,1
296680,1,0,2,1
296757,2,5,3,6
296771,2,3,3,4
296847,5,2,6,3
296857,2,5,3,6
296867,2,5,3,6
296868,2,5,3,6
296873,5,1,6,2
296917,5,3,6,4
297032,0,1,1,2
297035,0,1,1,2
297047,1,0,2,1
297052,1,0,2,1
297054,1,0,2,1
297063,1,0,2,1
297065,1,0,2,1
297067,1,0,2,1
297071,1,0,2,1
297111,0,1,1,2
297112,0,1,1,2
297114,0,1,1,2
297116,0,1,1,2
297117,0,1,1,2
297157,0,1,1,2
297158,0,1,1,2
297248,2,5,3,6
297285,5,2,6,3
297291,5,2,6,3
297300,2,5,3,6
297311,2,1,3,2
297370,5,2,6,3
297371,5,2,6,3
297487,0,1,1,2
297503,1,0,2,1
297516,1,0,2,1
297517,1,0,2,1
297521,1,0,2,1
297562,0,1,1,2
297564,0,1,1,2
297575,0,4,1,5
297576,0,4,1,5
297596,1,0,2,1
297756,5,2,6,3
297901,0,1,1,2
297924,1,0,2,1
297932,1,0,2,1
297936,1,0,2,1
297977,0,1,1,2
297982,0,1,1,2
298011,1,0,2,1
298023,0,1,1,2
298025,0,1,1,2
298155,5,2,6,3
298164,5,1,6,2
298330,1,0,2,1
298337,1,0,2,1
298390,0,1,1,2
298393,0,4,1,5
298396,0,4,1,5
298397,0,4,1,5
298426,0,1,1,2
298523,2,5,3,6
298624,5,2,6,3
298625,5,2,6,3
298696,0,1,1,2
298775,0,1,1,2
298778,0,1,1,2
298780,0,1,1,2
298788,0,4,1,5
299002,5,2,6,3
299003,5,2,6,3
299165,0,1,1,2
299166,0,1,1,2
299167,0,1,1,2
299227,1,0,2,1
299232,1,0,2,1
299302,5,2,6,3
299303,5,2,6,3
299306,2,5,3,6
299382,5,2,6,3
299469,0,1,1,2
299548,1,0,2,1
299684,5,2,6,3
299751,5,1,6,2
299918,0,1,1,2
299919,0,1,1,2
299931,1,4,2,5
299993,0,1,1,2
300042,3,2,4,3
300071,2,5,3,6
300295,0,1,1,2
300309,1,4,2,5
300312,0,1,1,2
300624,0,1,1,2
300625,0,1,1,2
300703,1,4,2,5
300706,1,4,2,5
300851,5,2,6,3
300853,5,2,6,3
301046,0,1,1,2
301055,1,0,2,1
301105,0,1,1,2
301106,0,1,1,2
301128,1,0,2,1
301291,5,2,6,3
301297,5,2,6,3
301298,5,2,6,3
301299,5,2,6,3
301300,5,2,6,3
301493,1,0,2,1
301494,1,0,2,1
301525,0,1,1,2
301536,0,1,1,2
301556,1,4,2,5
301618,0,1,1,2
301624,0,1,1,2
301625,1,0,2,1
301747,5,2,6,3
301751,5,1,6,2
301794,5,2,6,3
301946,1,0,2,1
301978,0,1,1,2
301993,0,1,1,2
301995,0,1,1,2
302016,0,1,1,2
302080,0,1,1,2
302082,1,0,2,1
302085,1,0,2,1
302223,5,2,6,3
302235,5,2,6,3
302316,5,2,6,3
302318,5,2,6,3
302320,5,2,6,3
302468,0,1,1,2
302470,0,1,1,2
302486,0,1,1,2
302507,1,4,2,5
302510,0,1,1,2
302511,0,1,1,2
302724,5,2,6,3
302738,5,2,6,3
302759,2,5,3,6
302923,0,1,1,2
302924,0,1,1,2
302964,0,1,1,2
302969,0,1,1,2
302972,0,1,1,2
302984,0,1,1,2
302999,0,1,1,2
303067,1,0,2,1
303229,5,1,6,2
303424,0,1,1,2
303462,0,1,1,2
303465,0,1,1,2
303485,0,1,1,2
303499,0,1,1,2
303560,0,1,1,2
303754,2,5,3,6
303814,0,6,1,7
303921,1,0,2,1
303940,0,1,1,2
303948,0,1,1,2
303951,0,1,1,2
303952,0,1,1,2
303953,0,1,1,2
303970,0,1,1,2
303980,1,0,2,1
303985,1,4,2,5
304060,1,0,2,1
304201,5,2,6,3
304202,5,2,6,3
304205,5,2,6,3
304225,5,2,6,3
304251,2,5,3,6
304287,5,2,6,3
304306,0,6,1,7
304402,0,1,1,2
304444,0,1,1,2
304446,0,1,1,2
304469,0,1,1,2
304470,0,1,1,2
304475,0,1,1,2
304480,0,1,1,2
304537,0,1,1,2
304663,1,4,2,5
304695,5,2,6,3
304774,5,2,6,3
304775,5,2,6,3
304891,0,1,1,2
304893,1,0,2,1
304901,1,0,2,1
304928,0,1,1,2
304929,0,1,1,2
304930,0,1,1,2
304945,0,1,1,2
304955,0,1,1,2
305113,1,0,2,1
305154,4,1,5,2
305186,5,2,6,3
305207,5,1,6,2
305216,5,1,6,2
305247,2,3,3,4
305262,5,2,6,3
305283,0,6,1,7
305386,1,0,2,1
305389,1,0,2,1
305390,1,0,2,1
305421,0,1,1,2
305435,0,1,1,2
305440,1,0,2,1
305470,0,1,1,2
305516,1,0,2,1
305570,1,0,2,1
305674,5,2,6,3
305679,5,2,6,3
305695,5,1,6,2
305705,5,1,6,2
305715,1,5,2,6
305718,1,5,2,6
305737,2,3,3,4
305753,5,2,6,3
305869,1,0,2,1
305872,1,0,2,1
305873,1,0,2,1
305904,0,1,1,2
305906,0,1,1,2
305907,0,1,1,2
305957,0,1,1,2
305960,0,1,1,2
306001,1,0,2,1
306057,1,0,2,1
306164,5,2,6,3
306192,5,1,6,2
306199,1,5,2,6
306243,5,2,6,3
306244,5,2,6,3
306355,1,0,2,1
306398,0,1,1,2
306399,0,1,1,2
306407,1,0,2,1
306414,0,1,1,2
306415,0,1,1,2
306483,1,0,2,1
306486,1,0,2,1
306523,1,0,2,1
306624,0,1,1,2
306636,0,1,1,2
306647,0,1,1,2
306695,1,5,2,6
306713,3,2,4,3
306740,0,6,1,7
306741,0,6,1,7
306876,0,1,1,2
306877,0,1,1,2
306930,0,1,1,2
306993,0,1,1,2
306995,0,1,1,2
307133,0,1,1,2
307134,0,1,1,2
307145,5,2,6,3
307146,5,2,6,3
307174,5,1,6,2
307326,0,1,1,2
307376,0,1,1,2
307382,0,1,1,2
307395,0,1,1,2
307423,0,1,1,2
307424,0,1,1,2
307425,0,1,1,2
307427,0,1,1,2
307431,0,1,1,2
307488,0,1,1,2
307489,0,1,1,2
307491,0,1,1,2
307492,0,1,1,2
307503,0,1,1,2
307592,4,1,5,2
307620,0,1,1,2
307621,0,1,1,2
307644,4,1,5,2
307645,5,2,6,3
307646,5,2,6,3
307673,5,1,6,2
307676,5,1,6,2
307694,1,2,2,3
307715,0,6,1,7
307779,0,6,1,7
307832,0,1,1,2
307913,0,1,1,2
307916,0,1,1,2
307919,0,1,1,2
307920,0,1,1,2
307925,0,1,1,2
307928,1,0,2,1
307938,0,1,1,2
307939,0,1,1,2
307980,0,1,1,2
307981,0,1,1,2
307983,0,1,1,2
308078,4,1,5,2
308089,0,1,1,2
308107,0,1,1,2
308137,5,2,6,3
308143,5,2,6,3
308145,5,2,6,3
308146,5,2,6,3
308208,0,6,1,7
308210,0,6,1,7
308212,0,6,1,7
308215,0,6,1,7
308216,0,6,1,7
308366,0,1,1,2
308410,0,1,1,2
308424,0,1,1,2
308428,0,1,1,2
308463,0,1,1,2
308479,0,1,1,2
308491,1,0,2,1
308635,5,2,6,3
308666,5,1,6,2
308668,5,1,6,2
308903,0,1,1,2
308906,0,1,1,2
308909,0,1,1,2
308916,0,1,1,2
308917,0,1,1,2
308923,0,1,1,2
308950,0,1,1,2
308967,0,1,1,2
308969,0,1,1,2
309058,4,1,5,2
309062,4,1,5,2
309129,4,1,5,2
309164,5,2,6,3
309170,1,5,2,6
309219,0,6,1,7
309270,0,6,1,7
309274,0,6,1,7
309275,0,6,1,7
309315,0,1,1,2
309327,0,1,1,2
309370,1,0,2,1
309381,1,0,2,1
309416,0,1,1,2
309424,0,1,1,2
309427,0,1,1,2
309430,0,1,1,2
309470,0,1,1,2
309480,0,1,1,2
309650,4,1,5,2
309658,5,2,6,3
309659,5,2,6,3
309684,1,2,2,3
309687,1,2,2,3
309688,5,1,6,2
309689,1,5,2,6
309690,1,5,2,6
309740,0,6,1,7
309742,0,6,1,7
309797,0,6,1,7
309834,0,1,1,2
309878,0,1,1,2
309879,0,1,1,2
309939,0,1,1,2
309940,0,1,1,2
309943,0,1,1,2
309947,0,1,1,2
309948,0,1,1,2
309993,0,1,1,2
310200,5,2,6,3
310231,1,5,2,6
310374,0,1,1,2
310375,0,1,1,2
310377,0,1,1,2
310427,0,1,1,2
310479,0,1,1,2
310480,0,1,1,2
310487,0,1,1,2
310492,0,1,1,2
310493,0,1,1,2
310536,0,1,1,2
310654,0,1,1,2
310656,0,1,1,2
310742,1,4,2,5
310832,0,6,1,7
310927,0,1,1,2
310928,0,1,1,2
310978,1,0,2,1
311008,0,1,1,2
311010,0,1,1,2
311031,0,1,1,2
311038,0,1,1,2
311057,0,1,1,2
311119,0,1,1,2
311203,0,1,1,2
311208,0,1,1,2
311481,0,1,1,2
311482,0,1,1,2
311521,1,0,2,1
311531,0,1,1,2
311532,0,1,1,2
311533,0,1,1,2
311552,0,1,1,2
311566,0,1,1,2
311577,0,1,1,2
311653,0,1,1,2
311690,1,0,2,1
311773,0,1,1,2
311878,5,2,6,3
311897,5,1,6,2
312097,1,0,2,1
312099,1,0,2,1
312124,0,1,1,2
312140,0,1,1,2
312141,0,1,1,2
312149,0,1,1,2
312162,1,0,2,1
312229,0,6,1,7
312261,1,0,2,1
312319,4,1,5,2
312411,1,4,2,5
312414,4,1,5,2
312419,4,1,5,2
312437,1,4,2,5
312465,5,1,6,2
312477,1,5,2,6
312621,0,1,1,2
312622,0,1,1,2
312624,0,1,1,2
312662,1,0,2,1
312663,1,0,2,1
312670,1,0,2,1
312673,0,1,1,2
312701,1,0,2,1
312710,0,1,1,2
312711,0,1,1,2
312713,0,1,1,2
312716,0,1,1,2
312776,1,0,2,1
312799,0,6,1,7
312803,0,6,1,7
312804,0,6,1,7
312835,1,0,2,1
312891,4,1,5,2
312896,4,1,5,2
312988,4,1,5,2
313014,1,4,2,5
313030,5,1,6,2
313048,5,1,6,2
313051,1,2,2,3
313061,1,5,2,6
313063,1,5,2,6
313084,1,2,2,3
313244,1,0,2,1
313246,1,0,2,1
313251,1,0,2,1
313259,0,1,1,2
313269,0,1,1,2
313276,0,1,1,2
313285,0,1,1,2
313288,0,1,1,2
313313,1,0,2,1
313316,1,0,2,1
313380,0,6,1,7
313412,0,1,1,2
313419,1,0,2,1
313439,1,0,2,1
313453,1,4,2,5
313473,4,0,5,1
313474,4,1,5,2
313476,4,1,5,2
313568,4,1,5,2
313570,4,1,5,2
313587,1,4,2,5
313615,5,1,6,2
313629,5,1,6,2
313632,1,2,2,3
313645,1,2,2,3
313785,0,1,1,2
313837,0,1,1,2
313841,0,1,1,2
313874,0,1,1,2
313894,1,0,2,1
314032,0,1,1,2
314034,0,1,1,2
314048,1,0,2,1
314061,4,1,5,2
314063,4,1,5,2
314075,4,1,5,2
314181,1,4,2,5
314185,1,4,2,5
314188,1,4,2,5
314210,5,1,6,2
314211,5,1,6,2
314224,5,1,6,2
314225,5,1,6,2
314237,1,5,2,6
314238,1,5,2,6
314277,0,6,1,7
314298,0,1,1,2
314430,0,1,1,2
314432,0,1,1,2
314440,0,1,1,2
314441,0,1,1,2
314461,0,1,1,2
314463,0,1,1,2
314464,0,1,1,2
314556,0,6,1,7
314559,0,6,1,7
314582,1,0,2,1
314622,0,1,1,2
314627,0,1,1,2
314640,1,0,2,1
314655,4,1,5,2
314669,4,1,5,2
314671,4,1,5,2
314778,1,4,2,5
314782,1,4,2,5
314784,1,4,2,5
314811,5,1,6,2
314819,1,5,2,6
314822,1,5,2,6
314842,1,5,2,6
314907,0,1,1,2
315026,0,1,1,2
315032,1,0,2,1
315062,1,0,2,1
315064,1,0,2,1
315072,0,1,1,2
315074,0,1,1,2
315077,0,1,1,2
315188,1,0,2,1
315189,1,0,2,1
315245,0,1,1,2
315246,0,1,1,2
315262,0,4,1,5
315264,0,4,1,5
315374,4,1,5,2
315375,4,1,5,2
315402,1,4,2,5
315403,1,4,2,5
315443,5,1,6,2
315450,1,5,2,6
315660,1,0,2,1
315682,0,1,1,2
315685,0,1,1,2
315728,1,0,2,1
315803,0,6,1,7
315810,1,0,2,1
315851,0,1,1,2
315897,1,0,2,1
315910,1,0,2,1
315912,1,0,2,1
315926,0,4,1,5
316049,1,4,2,5
316052,1,4,2,5
316054,1,4,2,5
316056,1,4,2,5
316091,5,1,6,2
316185,0,1,1,2
316376,1,0,2,1
316452,1,6,2,7
316499,1,0,2,1
316500,1,0,2,1
316504,1,0,2,1
316505,1,0,2,1
316507,1,0,2,1
316508,1,0,2,1
316535,1,0,2,1
316554,1,0,2,1
316696,1,4,2,5
316704,1,4,2,5
316748,1,5,2,6
316796,0,6,1,7
316949,1,0,2,1
316979,1,0,2,1
317094,1,0,2,1
317100,1,0,2,1
317165,0,1,1,2
317351,1,4,2,5
317355,1,4,2,5
317396,1,5,2,6
317706,0,1,1,2
317890,0,1,1,2
317987,1,4,2,5
317989,1,4,2,5
317992,1,4,2,5
318001,1,4,2,5
318002,1,4,2,5
318049,1,5,2,6
318094,2,1,3,2
318097,0,6,1,7
318109,0,1,1,2
318226,1,0,2,1
318234,0,1,1,2
318237,0,1,1,2
318259,1,0,2,1
318394,1,0,2,1
318397,1,0,2,1
318459,1,0,2,1
318497,0,1,1,2
318538,0,1,1,2
318577,4,1,5,2
318580,4,1,5,2
318642,1,4,2,5
318903,1,0,2,1
319157,0,1,1,2
319180,0,1,1,2
319380,1,2,2,3
319405,0,1,1,2
319494,0,1,1,2
319495,0,1,1,2
319497,0,1,1,2
319597,1,0,2,1
319608,1,0,2,1
319664,0,1,1,2
319823,0,1,1,2
319824,0,1,1,2
319826,0,1,1,2
319830,0,1,1,2
319871,1,4,2,5
320041,1,2,2,3
320047,0,6,1,7
320048,0,6,1,7
320049,0,6,1,7
320155,0,1,1,2
320156,0,1,1,2
320183,0,1,1,2
320213,1,0,2,1
320501,1,0,2,1
320731,0,1,1,2
320732,0,1,1,2
320828,0,1,1,2
320992,0,1,1,2
321119,0,1,1,2
321120,0,1,1,2
321122,0,1,1,2
321123,0,1,1,2
321124,0,1,1,2
321210,4,1,5,2
321235,0,1,1,2
321332,2,1,3,2
321376,1,2,2,3
321377,1,2,2,3
321380,1,2,2,3
321382,2,5,3,6
321401,0,1,1,2
321402,0,1,1,2
321516,1,6,2,7
321610,1,0,2,1
321748,1,0,2,1
321753,1,0,2,1
321794,0,1,1,2
321795,0,1,1,2
321796,0,1,1,2
321832,0,1,1,2
322020,2,1,3,2
322057,1,2,2,3
322064,1,2,2,3
322068,1,2,2,3
322072,0,6,1,7
322073,0,6,1,7
322093,0,1,1,2
322200,1,0,2,1
322202,1,0,2,1
322220,1,0,2,1
322332,1,0,2,1
322353,0,1,1,2
322398,0,6,1,7
322431,1,0,2,1
322441,1,0,2,1
322484,0,1,1,2
322486,0,1,1,2
322709,2,1,3,2
322745,1,5,2,6
322746,1,5,2,6
322755,1,2,2,3
322889,1,0,2,1
322890,1,0,2,1
322912,1,0,2,1
323019,1,0,2,1
323067,0,6,1,7
323087,0,6,1,7
323112,1,0,2,1
323210,0,1,1,2
323397,2,1,3,2
323441,1,2,2,3
323442,1,2,2,3
323443,1,2,2,3
323446,1,2,2,3
323470,0,1,1,2
323577,1,0,2,1
323578,1,0,2,1
323579,1,0,2,1
323585,0,6,1,7
323705,1,0,2,1
323799,1,0,2,1
323821,0,1,1,2
323824,0,1,1,2
323905,1,0,2,1
323963,1,4,2,5
323968,1,4,2,5
323991,0,1,1,2
323993,0,1,1,2
324095,2,1,3,2
324136,2,1,3,2
324137,2,1,3,2
324143,2,5,3,6
324168,0,1,1,2
324512,0,1,1,2
324517,0,1,1,2
324560,0,1,1,2
324654,4,1,5,2
324751,2,5,3,6
324757,2,5,3,6
324789,2,1,3,2
324790,2,1,3,2
324791,2,1,3,2
324831,2,1,3,2
324835,2,5,3,6
324971,1,0,2,1
324972,1,0,2,1
325077,0,1,1,2
325078,0,1,1,2
325210,0,1,1,2
325256,0,1,1,2
325263,0,1,1,2
325264,0,1,1,2
325265,0,1,1,2
325348,4,1,5,2
325384,0,1,1,2
325490,2,1,3,2
325527,2,1,3,2
325528,2,1,3,2
325529,2,1,3,2
325759,1,0,2,1
325775,0,1,1,2
325881,1,0,2,1
325895,0,1,1,2
325911,0,1,1,2
325912,0,1,1,2
325962,0,1,1,2
325990,0,1,1,2
326030,4,1,5,2
326056,4,1,5,2
326079,0,1,1,2
326080,0,1,1,2
326144,2,5,3,6
326159,1,5,2,6
326162,1,2,2,3
326184,2,1,3,2
326222,2,1,3,2
326224,2,1,3,2
326225,2,1,3,2
326365,1,0,2,1
326395,1,0,2,1
326474,0,1,1,2
326538,0,6,1,7
326540,0,6,1,7
326610,0,1,1,2
326647,0,1,1,2
326669,1,0,2,1
326725,4,1,5,2
326726,4,1,5,2
326753,4,1,5,2
326757,4,1,5,2
326772,0,1,1,2
326777,0,1,1,2
326779,0,1,1,2
326843,2,5,3,6
326859,1,5,2,6
326866,2,3,3,4
326926,2,1,3,2
327095,1,0,2,1
327156,1,0,2,1
327171,0,1,1,2
327185,1,0,2,1
327202,0,1,1,2
327234,0,6,1,7
327255,1,0,2,1
327337,0,1,1,2
327338,0,1,1,2
327349,0,1,1,2
327359,1,0,2,1
327398,4,1,5,2
327467,0,1,1,2
327468,0,1,1,2
327540,1,5,2,6
327553,2,5,3,6
327557,2,5,3,6
327615,2,5,3,6
327786,1,0,2,1
327845,1,0,2,1
327861,0,1,1,2
327865,0,1,1,2
327914,0,6,1,7
327925,0,6,1,7
328029,0,1,1,2
328040,0,1,1,2
328043,0,1,1,2
328046,0,1,1,2
328226,2,3,3,4
328249,2,5,3,6
328252,2,5,3,6
328447,1,0,2,1
328478,1,0,2,1
328559,0,1,1,2
328563,0,1,1,2
328641,1,0,2,1
328649,0,1,1,2
328693,1,0,2,1
328737,0,1,1,2
328784,4,1,5,2
328861,0,1,1,2
328863,0,1,1,2
328898,2,1,3,2
328902,2,1,3,2
328944,2,5,3,6
328952,2,5,3,6
328953,2,5,3,6
329150,1,0,2,1
329154,0,1,1,2
329187,0,1,1,2
329188,0,1,1,2
329250,1,0,2,1
329264,0,1,1,2
329279,1,0,2,1
329313,6,0,7,1
329315,6,0,7,1
329344,1,0,2,1
329430,0,1,1,2
329489,4,1,5,2
329525,1,4,2,5
329566,0,1,1,2
329567,0,1,1,2
329607,2,1,3,2
329611,2,1,3,2
329644,1,2,2,3
329862,1,0,2,1
329898,0,1,1,2
329945,1,0,2,1
329978,0,1,1,2
329981,0,1,1,2
329992,1,0,2,1
330107,0,1,1,2
330196,4,1,5,2
330326,2,1,3,2
330327,2,1,3,2
330359,2,5,3,6
330364,2,5,3,6
330382,2,1,3,2
330445,0,1,1,2
330573,1,0,2,1
330671,1,0,2,1
330688,0,1,1,2
330887,0,1,1,2
330892,1,0,2,1
330929,4,1,5,2
330982,0,1,1,2
330984,0,1,1,2
331037,2,1,3,2
331185,6,0,7,1
331447,0,1,1,2
331474,0,6,1,7
331478,1,0,2,1
331479,1,0,2,1
331618,4,1,5,2
331651,4,1,5,2
331659,1,4,2,5
331699,0,1,1,2
331701,0,1,1,2
331742,2,1,3,2
331745,2,1,3,2
331786,2,5,3,6
331789,2,5,3,6
331792,2,5,3,6
331843,2,1,3,2
331845,2,1,3,2
331990,0,1,1,2
332090,0,1,1,2
332091,0,1,1,2
332092,0,1,1,2
332120,0,1,1,2
332142,1,0,2,1
332204,0,1,1,2
332244,1,0,2,1
332277,0,1,1,2
332332,4,1,5,2
332334,1,0,2,1
332374,1,4,2,5
332417,0,1,1,2
332445,2,1,3,2
332447,5,2,6,3
332449,5,2,6,3
332450,5,2,6,3
332451,5,2,6,3
332708,0,1,1,2
332808,0,1,1,2
332835,0,1,1,2
332912,0,1,1,2
332918,0,1,1,2
333030,0,1,1,2
333076,0,4,1,5
333108,1,4,2,5
333146,2,1,3,2
333148,2,1,3,2
333158,5,1,6,2
333160,5,1,6,2
333180,2,5,3,6
333201,2,5,3,6
333205,2,5,3,6
333319,6,0,7,1
333412,0,1,1,2
333415,0,1,1,2
333418,1,0,2,1
333419,1,0,2,1
333420,1,0,2,1
333540,0,1,1,2
333670,1,0,2,1
333779,0,1,1,2
333856,2,1,3,2
333862,2,1,3,2
333885,5,2,6,3
333888,5,2,6,3
333934,2,1,3,2
334029,6,0,7,1
334119,0,1,1,2
334123,1,0,2,1
334268,0,1,1,2
334281,1,0,2,1
334379,1,0,2,1
334451,0,1,1,2
334480,4,1,5,2
334493,0,1,1,2
334498,0,4,1,5
334501,0,4,1,5
334512,4,1,5,2
334558,2,1,3,2
334580,2,1,3,2
334607,1,2,2,3
334611,1,5,2,6
334625,1,2,2,3
334633,2,5,3,6
334635,2,5,3,6
334691,0,6,1,7
334739,6,0,7,1
334748,6,0,7,1
334849,1,0,2,1
334955,0,1,1,2
334956,0,1,1,2
334973,0,1,1,2
334974,0,1,1,2
334975,0,1,1,2
334993,0,1,1,2
334994,0,1,1,2
334995,0,1,1,2
335157,1,0,2,1
335195,0,4,1,5
335212,0,4,1,5
335213,0,4,1,5
335225,4,1,5,2
335270,2,1,3,2
335271,2,1,3,2
335326,1,5,2,6
335359,2,5,3,6
335451,6,0,7,1
335456,6,0,7,1
335557,0,1,1,2
335561,1,0,2,1
335670,0,1,1,2
335671,0,1,1,2
335685,0,1,1,2
335687,0,1,1,2
335691,0,1,1,2
335699,1,0,2,1
335711,0,1,1,2
335721,1,0,2,1
335915,0,1,1,2
336007,2,1,3,2
336045,2,1,3,2
336055,2,1,3,2
336067,2,5,3,6
336070,2,1,3,2
336113,6,0,7,1
336164,6,0,7,1
336270,1,0,2,1
336271,1,0,2,1
336376,0,1,1,2
336377,0,1,1,2
336390,0,1,1,2
336393,0,1,1,2
336394,0,1,1,2
336397,0,1,1,2
336427,1,0,2,1
336614,0,1,1,2
336626,0,4,1,5
336766,2,5,3,6
336767,2,5,3,6
336774,2,1,3,2
336852,6,0,7,1
336855,6,0,7,1
336866,6,0,7,1
337080,0,1,1,2
337097,0,1,1,2
337120,0,1,1,2
337121,0,1,1,2
337198,0,1,1,2
337243,1,0,2,1
337290,4,1,5,2
337326,1,4,2,5
337327,0,1,1,2
337331,0,1,1,2
337333,4,1,5,2
337337,4,1,5,2
337475,2,1,3,2
337507,6,0,7,1
337543,0,6,1,7
337568,6,1,7,2
337663,0,1,1,2
337776,0,1,1,2
337786,0,1,1,2
337788,0,1,1,2
337791,0,1,1,2
337797,0,1,1,2
337798,0,1,1,2
337803,0,1,1,2
337815,0,1,1,2
337961,0,1,1,2
337962,0,1,1,2
338082,1,2,2,3
338172,2,1,3,2
338173,2,1,3,2
338231,0,6,1,7
338233,0,6,1,7
338243,6,0,7,1
338352,1,0,2,1
338453,0,1,1,2
338456,0,1,1,2
338468,0,1,1,2
338477,0,1,1,2
338478,0,1,1,2
338498,0,1,1,2
338573,1,0,2,1
338574,1,0,2,1
338647,0,1,1,2
338772,1,2,2,3
338773,1,2,2,3
338881,6,0,7,1
338882,6,0,7,1
338893,6,0,7,1
338924,6,0,7,1
338925,6,0,7,1
339034,1,0,2,1
339061,0,1,1,2
339137,0,1,1,2
339148,0,1,1,2
339160,0,1,1,2
339175,0,1,1,2
339249,1,0,2,1
339319,0,1,1,2
339323,0,1,1,2
339324,0,1,1,2
339329,0,1,1,2
339357,4,1,5,2
339453,1,2,2,3
339481,1,2,2,3
339591,0,6,1,7
339599,6,0,7,1
339697,0,1,1,2
339730,0,1,1,2
339731,0,1,1,2
339818,0,1,1,2
339836,0,1,1,2
339839,0,1,1,2
339987,0,1,1,2
340068,0,1,1,2
340126,1,2,2,3
340128,4,1,5,2
340134,4,1,5,2
340135,4,1,5,2
340138,4,2,5,3
340192,1,2,2,3
340230,6,0,7,1
340237,6,0,7,1
340242,6,0,7,1
340264,6,0,7,1
340269,6,0,7,1
340394,0,1,1,2
340396,0,1,1,2
340475,0,1,1,2
340487,0,1,1,2
340494,0,1,1,2
340498,0,1,1,2
340500,0,1,1,2
340506,0,1,1,2
340510,0,1,1,2
340586,0,1,1,2
340652,0,1,1,2
340666,0,1,1,2
340696,1,0,2,1
340789,4,1,5,2
340840,2,5,3,6
340892,6,0,7,1
340895,6,0,7,1
340896,6,0,7,1
340897,6,0,7,1
340899,6,0,7,1
340901,6,0,7,1
340920,6,0,7,1
340922,6,0,7,1
340928,6,0,7,1
341045,0,1,1,2
341046,0,1,1,2
341125,0,1,1,2
341128,0,1,1,2
341129,0,1,1,2
341137,0,1,1,2
341147,0,1,1,2
341157,0,1,1,2
341273,1,0,2,1
341299,0,1,1,2
341340,4,1,5,2
341346,0,1,1,2
341468,5,1,6,2
341497,1,2,2,3
341503,1,5,2,6
341530,6,0,7,1
341531,6,0,7,1
341535,6,0,7,1
341536,6,0,7,1
341564,6,0,7,1
341566,0,6,1,7
341645,0,1,1,2
341646,0,1,1,2
341681,0,1,1,2
341682,0,1,1,2
341683,0,1,1,2
341758,0,1,1,2
341760,0,1,1,2
341764,0,1,1,2
341778,0,1,1,2
341796,0,1,1,2
341946,1,0,2,1
342169,6,0,7,1
342173,6,0,7,1
342179,6,0,7,1
342194,6,0,7,1
342310,0,1,1,2
342389,0,1,1,2
342398,0,1,1,2
342418,0,1,1,2
342420,0,1,1,2
342555,0,1,1,2
342570,0,1,1,2
342629,4,1,5,2
342744,2,5,3,6
342757,5,1,6,2
342818,6,0,7,1
342821,6,0,7,1
342831,6,0,7,1
342833,6,0,7,1
342834,6,0,7,1
343016,1,0,2,1
343028,0,1,1,2
343055,1,0,2,1
343056,1,0,2,1
343107,1,0,2,1
343205,0,1,1,2
343207,0,1,1,2
343272,4,1,5,2
343275,4,1,5,2
343381,4,2,5,3
343440,1,2,2,3
343466,6,0,7,1
343468,6,0,7,1
343471,6,0,7,1
343672,0,1,1,2
343702,1,0,2,1
343815,1,0,2,1
343820,1,0,2,1
343849,0,1,1,2
343851,0,1,1,2
343922,4,1,5,2
343941,1,0,2,1
344025,4,2,5,3
344026,4,2,5,3
344054,5,1,6,2
344312,0,1,1,2
344410,1,0,2,1
344477,0,1,1,2
344546,4,1,5,2
344560,1,0,2,1
344567,1,0,2,1
344634,4,2,5,3
344655,4,1,5,2
344686,5,1,6,2
344855,1,0,2,1
344907,0,1,1,2
344913,0,1,1,2
344940,0,1,1,2
344941,0,1,1,2
345004,1,0,2,1
345009,0,1,1,2
345096,0,1,1,2
345164,4,1,5,2
345249,2,1,3,2
345253,1,2,2,3
345254,1,2,2,3
345309,2,1,3,2
345316,1,2,2,3
345462,1,0,2,1
345514,0,1,1,2
345522,1,0,2,1
345560,1,0,2,1
345611,1,0,2,1
345615,1,0,2,1
345630,0,1,1,2
345671,1,0,2,1
345758,4,1,5,2
345778,1,4,2,5
345850,2,1,3,2
345852,1,2,2,3
345873,4,1,5,2
346040,0,1,1,2
346118,0,1,1,2
346125,1,0,2,1
346150,0,1,1,2
346232,0,1,1,2
346260,1,0,2,1
346270,1,0,2,1
346273,1,0,2,1
346274,1,0,2,1
346352,0,1,1,2
346381,1,4,2,5
346458,4,2,5,3
346494,5,2,6,3
346665,1,4,2,5
346720,0,1,1,2
346721,0,1,1,2
346728,0,1,1,2
346750,0,1,1,2
346751,0,1,1,2
346762,1,0,2,1
346764,0,1,1,2
346817,1,0,2,1
346819,1,0,2,1
346822,0,6,1,7
346846,0,1,1,2
346857,1,0,2,1
346866,1,0,2,1
346867,1,0,2,1
346945,0,1,1,2
346950,0,1,1,2
347038,2,1,3,2
347039,2,1,3,2
347090,5,2,6,3
347091,5,2,6,3
347303,1,0,2,1
347306,0,1,1,2
347327,0,1,1,2
347329,0,1,1,2
347338,1,0,2,1
347339,1,0,2,1
347423,1,0,2,1
347441,1,0,2,1
347445,1,0,2,1
347453,0,1,1,2
347466,0,1,1,2
347521,0,4,1,5
347524,0,4,1,5
347532,0,4,1,5
347560,1,0,2,1
347603,2,1,3,2
347630,4,2,5,3
347660,5,2,6,3
347666,5,2,6,3
347667,5,2,6,3
347782,0,1,1,2
347810,1,0,2,1
347870,0,1,1,2
347881,0,1,1,2
347893,0,1,1,2
348003,1,0,2,1
348118,0,4,1,5
348122,0,1,1,2
348174,2,1,3,2
348199,4,1,5,2
348356,0,1,1,2
348357,0,1,1,2
348359,0,1,1,2
348445,1,0,2,1
348446,0,1,1,2
348467,0,1,1,2
348673,0,4,1,5
348699,1,4,2,5
348702,0,1,1,2
348947,0,1,1,2
349030,1,0,2,1
349037,0,1,1,2
349048,1,0,2,1
349068,1,0,2,1
349188,0,1,1,2
349247,0,4,1,5
349262,0,4,1,5
349290,1,4,2,5
349296,0,1,1,2
349337,2,1,3,2
349339,2,1,3,2
349366,2,4,3,5
349418,5,1,6,2
349544,0,1,1,2
349548,0,1,1,2
349573,1,4,2,5
349624,1,0,2,1
349664,1,0,2,1
349874,1,4,2,5
349895,0,1,1,2
350021,5,1,6,2
350022,5,1,6,2
350024,2,5,3,6
350029,2,5,3,6
350235,1,0,2,1
350259,0,1,1,2
350264,0,1,1,2
350318,0,1,1,2
350323,1,0,2,1
350469,0,1,1,2
350470,0,1,1,2
350544,2,1,3,2
350548,2,1,3,2
350627,5,1,6,2
350628,2,5,3,6
350759,0,1,1,2
350762,0,1,1,2
350764,0,1,1,2
350792,1,0,2,1
350841,1,0,2,1
350845,1,0,2,1
350870,0,1,1,2
350878,1,0,2,1
350879,1,0,2,1
350880,1,0,2,1
350927,0,1,1,2
351077,0,1,1,2
351091,4,1,5,2
351116,0,1,1,2
351157,2,1,3,2
351235,2,5,3,6
351244,2,1,3,2
351359,0,1,1,2
351360,0,1,1,2
351443,1,0,2,1
351444,1,0,2,1
351445,1,0,2,1
351477,0,1,1,2
351529,0,1,1,2
351663,0,1,1,2
351677,0,1,1,2
351679,0,1,1,2
351692,4,1,5,2
351755,2,1,3,2
351758,2,1,3,2
351760,2,1,3,2
351777,4,1,5,2
351967,0,1,1,2
351969,0,1,1,2
351970,0,1,1,2
352000,1,4,2,5
352055,0,1,1,2
352162,0,6,1,7
352205,1,0,2,1
352257,1,4,2,5
352268,1,4,2,5
352286,0,4,1,5
352289,0,1,1,2
352295,4,1,5,2
352359,1,2,2,3
352370,2,1,3,2
352371,2,1,3,2
352372,2,1,3,2
352375,2,1,3,2
352464,2,1,3,2
352579,0,1,1,2
352580,0,1,1,2
352583,0,1,1,2
352774,0,6,1,7
352863,1,0,2,1
352874,4,1,5,2
352899,0,1,1,2
352904,0,1,1,2
352905,0,1,1,2
352954,0,1,1,2
352974,1,2,2,3
352983,2,1,3,2
352987,2,1,3,2
352992,2,1,3,2
353075,5,1,6,2
353166,0,1,1,2
353197,0,1,1,2
353295,0,1,1,2
353372,1,0,2,1
353394,0,6,1,7
353395,0,6,1,7
353397,0,6,1,7
353533,4,1,5,2
353569,0,1,1,2
353579,0,1,1,2
353595,1,2,2,3
353606,2,1,3,2
353609,2,1,3,2
353611,2,1,3,2
353613,2,1,3,2
353629,4,0,5,1
353698,2,1,3,2
353702,5,2,6,3
353789,0,1,1,2
353823,0,1,1,2
353890,1,0,2,1
353985,1,0,2,1
354011,0,6,1,7
354127,0,1,1,2
354151,4,1,5,2
354210,1,2,2,3
354222,2,1,3,2
354290,5,2,6,3
354292,5,2,6,3
354308,5,2,6,3
354395,0,1,1,2
354510,0,1,1,2
354592,1,0,2,1
354593,1,0,2,1
354594,1,0,2,1
354599,1,0,2,1
354734,1,4,2,5
354739,1,4,2,5
354769,4,1,5,2
354797,0,1,1,2
354828,1,2,2,3
354833,2,1,3,2
354836,2,1,3,2
354841,2,1,3,2
354856,2,0,3,1
354902,5,2,6,3
354919,5,2,6,3
354921,5,2,6,3
355043,0,1,1,2
355115,1,0,2,1
355119,0,1,1,2
355131,1,0,2,1
355135,1,0,2,1
355204,1,0,2,1
355205,1,0,2,1
355278,0,1,1,2
355371,4,1,5,2
355372,4,1,5,2
355407,0,1,1,2
355410,0,1,1,2
355436,1,2,2,3
355446,2,1,3,2
355452,2,1,3,2
355518,5,2,6,3
355520,5,2,6,3
355521,5,2,6,3
355523,5,2,6,3
355526,5,2,6,3
355577,0,6,1,7
355721,0,1,1,2
355722,0,1,1,2
355736,1,0,2,1
355805,1,0,2,1
355842,6,0,7,1
355846,6,0,7,1
355892,0,1,1,2
355994,4,1,5,2
356041,0,1,1,2
356135,5,2,6,3
356137,5,2,6,3
356148,5,2,6,3
356321,1,0,2,1
356467,6,0,7,1
356514,0,1,1,2
356515,0,1,1,2
356649,0,4,1,5
356664,0,1,1,2
356667,0,2,1,3
356685,2,1,3,2
356707,2,1,3,2
356708,2,1,3,2
356766,5,2,6,3
356768,5,2,6,3
356806,0,6,1,7
356807,0,6,1,7
356809,0,6,1,7
356843,0,1,1,2
356949,0,1,1,2
357090,6,0,7,1
357231,1,4,2,5
357265,0,4,1,5
357297,2,1,3,2
357303,2,1,3,2
357305,2,1,3,2
357306,2,1,3,2
357345,5,2,6,3
357346,5,2,6,3
357379,5,2,6,3
357383,5,2,6,3
357385,5,2,6,3
357424,0,6,1,7
357425,0,6,1,7
357428,0,6,1,7
357566,0,1,1,2
357580,1,0,2,1
357888,0,1,1,2
357907,0,1,1,2
357932,1,2,2,3
357935,1,2,2,3
357938,1,2,2,3
357941,1,2,2,3
357950,2,1,3,2
357965,5,2,6,3
358008,5,2,6,3
358012,5,2,6,3
358183,1,0,2,1
358198,1,0,2,1
358366,0,1,1,2
358462,1,4,2,5
358463,1,4,2,5
358499,4,1,5,2
358524,0,1,1,2
358530,2,0,3,1
358543,1,2,2,3
358584,5,1,6,2
358622,5,2,6,3
358658,0,6,1,7
358795,0,1,1,2
358796,0,1,1,2
358800,0,1,1,2
358815,1,0,2,1
358823,1,0,2,1
358848,0,1,1,2
358852,1,0,2,1
358873,0,1,1,2
358968,0,1,1,2
358972,0,1,1,2
359091,4,1,5,2
359133,2,5,3,6
359139,1,5,2,6
359168,5,2,6,3
359169,5,2,6,3
359172,5,2,6,3
359185,5,1,6,2
359393,0,1,1,2
359404,1,0,2,1
359449,0,1,1,2
359489,6,0,7,1
359561,0,1,1,2
359565,0,1,1,2
359685,4,1,5,2
359693,0,4,1,5
359695,0,1,1,2
359696,0,1,1,2
359722,1,2,2,3
359766,5,2,6,3
359767,5,2,6,3
359768,5,2,6,3
359773,2,5,3,6
359782,5,1,6,2
359810,5,2,6,3
359811,5,2,6,3
359813,5,2,6,3
359847,0,6,1,7
359875,0,1,1,2
359880,0,6,1,7
359882,0,1,1,2
359993,1,0,2,1
360004,1,0,2,1
360015,0,1,1,2
360120,6,0,7,1
360254,1,4,2,5
360284,4,0,5,1
360288,0,1,1,2
360289,0,1,1,2
360291,0,1,1,2
360366,5,1,6,2
360369,2,1,3,2
360371,2,1,3,2
360374,2,1,3,2
360423,2,5,3,6
360538,1,4,2,5
360602,1,0,2,1
360606,0,1,1,2
360747,0,1,1,2
360751,0,1,1,2
360872,4,0,5,1
360873,4,0,5,1
360966,2,1,3,2
361122,1,4,2,5
361186,1,0,2,1
361210,0,1,1,2
361255,0,1,1,2
361330,0,1,1,2
361332,0,1,1,2
361426,1,4,2,5
361430,1,4,2,5
361552,2,1,3,2
361554,5,1,6,2
361609,0,6,1,7
361712,1,4,2,5
361762,0,1,1,2
361768,1,0,2,1
361828,0,1,1,2
361915,0,1,1,2
361916,0,1,1,2
362040,4,0,5,1
362041,4,0,5,1
362043,0,1,1,2
362044,0,1,1,2
362047,0,1,1,2
362128,2,1,3,2
362131,2,1,3,2
362132,2,1,3,2
362136,2,1,3,2
362142,2,5,3,6
362345,1,0,2,1
362351,0,1,1,2
362417,0,1,1,2
362505,0,1,1,2
362506,0,1,1,2
362634,0,1,1,2
362720,2,1,3,2
362724,2,1,3,2
362728,2,1,3,2
362729,2,1,3,2
362731,5,1,6,2
362834,0,1,1,2
362835,0,1,1,2
362836,0,1,1,2
363005,1,0,2,1
363008,0,1,1,2
363098,0,1,1,2
363218,4,1,5,2
363219,4,0,5,1
363221,0,1,1,2
363309,2,1,3,2
363314,2,1,3,2
363315,2,1,3,2
363317,2,1,3,2
363320,2,1,3,2
363322,5,1,6,2
363423,0,1,1,2
363424,0,1,1,2
363472,1,4,2,5
363586,1,0,2,1
363762,1,4,2,5
363768,1,4,2,5
363771,1,4,2,5
363791,4,0,5,1
363793,0,1,1,2
363796,0,1,1,2
363882,2,1,3,2
363890,2,1,3,2
363992,0,1,1,2
364040,1,4,2,5
364051,1,4,2,5
364052,1,4,2,5
364344,1,4,2,5
364345,1,4,2,5
364357,0,1,1,2
364358,0,1,1,2
364361,4,0,5,1
364367,0,1,1,2
364417,2,1,3,2
364426,1,2,2,3
364466,5,1,6,2
364467,5,1,6,2
364564,0,1,1,2
364672,0,1,1,2
364674,0,1,1,2
364807,0,1,1,2
364810,0,1,1,2
364989,2,1,3,2
364999,1,2,2,3
365000,1,2,2,3
365023,1,5,2,6
365042,5,1,6,2
365093,0,6,1,7
365131,0,6,1,7
365136,0,1,1,2
365255,0,1,1,2
365295,0,1,1,2
365558,2,5,3,6
365560,2,1,3,2
365585,1,5,2,6
365586,1,5,2,6
365587,1,5,2,6
365588,1,5,2,6
365589,1,5,2,6
365610,5,1,6,2
365669,0,6,1,7
365686,0,6,1,7
365748,4,1,5,2
365749,4,1,5,2
365837,0,1,1,2
365838,0,1,1,2
365930,0,1,1,2
365931,0,1,1,2
365932,0,1,1,2
365934,0,1,1,2
366047,1,0,2,1
366050,0,1,1,2
366116,1,5,2,6
366117,2,5,3,6
366149,1,5,2,6
366151,1,5,2,6
366152,1,5,2,6
366161,5,2,6,3
366162,5,2,6,3
366167,5,1,6,2
366172,5,1,6,2
366174,5,1,6,2
366218,0,6,1,7
366226,0,6,1,7
366228,0,6,1,7
366229,0,6,1,7
366240,6,0,7,1
366253,0,6,1,7
366306,4,1,5,2
366310,4,1,5,2
366376,1,0,2,1
366393,0,1,1,2
366395,0,1,1,2
366485,0,1,1,2
366596,0,1,1,2
366602,1,0,2,1
366620,0,1,1,2
366667,1,5,2,6
366716,5,1,6,2
366718,5,1,6,2
366719,5,1,6,2
366771,0,6,1,7
366776,0,6,1,7
366777,0,6,1,7
366779,0,6,1,7
366780,0,6,1,7
366787,6,0,7,1
366942,0,1,1,2
366943,0,1,1,2
367135,0,1,1,2
367139,0,1,1,2
367148,0,1,1,2
367212,1,5,2,6
367213,1,5,2,6
367244,1,5,2,6
367246,2,5,3,6
367247,2,5,3,6
367248,2,5,3,6
367257,5,2,6,3
367319,0,6,1,7
367350,6,0,7,1
367351,6,0,7,1
367400,1,4,2,5
367405,4,1,5,2
367406,4,1,5,2
367511,0,1,1,2
367512,0,1,1,2
367549,0,6,1,7
367681,0,1,1,2
367756,1,5,2,6
367767,5,2,6,3
367770,5,2,6,3
367799,5,2,6,3
367805,5,1,6,2
367806,5,1,6,2
367807,5,1,6,2
367810,5,1,6,2
367811,5,1,6,2
367821,5,2,6,3
367822,5,2,6,3
367850,5,1,6,2
367860,0,6,1,7
367888,6,0,7,1
367901,0,1,1,2
367902,0,1,1,2
368089,6,0,7,1
368225,0,1,1,2
368229,0,1,1,2
368310,5,2,6,3
368319,2,1,3,2
368321,2,1,3,2
368433,0,6,1,7
368481,4,1,5,2
368494,1,4,2,5
368594,0,1,1,2
368603,1,0,2,1
368642,0,6,1,7
368664,0,1,1,2
368843,5,1,6,2
368858,5,2,6,3
368862,2,5,3,6
368866,2,1,3,2
368870,2,1,3,2
368873,5,1,6,2
368876,5,2,6,3
368934,5,1,6,2
368944,0,6,1,7
368972,6,1,7,2
368981,0,1,1,2
368986,1,0,2,1
368987,1,0,2,1
369039,1,4,2,5
369103,1,0,2,1
369141,0,1,1,2
369183,6,0,7,1
369186,6,0,7,1
369187,0,6,1,7
369320,0,1,1,2
369323,0,1,1,2
369392,5,1,6,2
369417,2,1,3,2
369418,2,1,3,2
369421,5,1,6,2
369425,5,1,6,2
369429,5,2,6,3
369443,2,5,3,6
369471,5,2,6,3
369484,5,1,6,2
369537,1,0,2,1
369600,1,5,2,6
369664,0,1,1,2
369665,0,1,1,2
369751,0,6,1,7
369753,0,6,1,7
369873,0,1,1,2
369892,1,0,2,1
369943,5,1,6,2
369960,4,1,5,2
369967,5,2,6,3
369972,5,2,6,3
369977,5,1,6,2
370009,2,5,3,6
370019,2,5,3,6
370023,5,2,6,3
370036,5,1,6,2
370037,5,1,6,2
370076,6,1,7,2
370082,1,0,2,1
370085,1,0,2,1
370132,1,4,2,5
370420,0,1,1,2
370437,1,0,2,1
370489,4,1,5,2
370490,5,1,6,2
370510,5,1,6,2
370513,2,5,3,6
370517,5,2,6,3
370577,5,1,6,2
370580,6,0,7,1
370602,1,6,2,7
370626,1,0,2,1
370667,4,1,5,2
370673,1,4,2,5
370681,1,5,2,6
370750,0,1,1,2
370779,1,0,2,1
370833,0,6,1,7
370834,0,6,1,7
370842,0,6,1,7
370988,1,0,2,1
371035,5,1,6,2
371058,5,1,6,2
371066,5,2,6,3
371070,5,1,6,2
371103,2,5,3,6
371106,2,1,3,2
371121,1,5,2,6
371122,1,5,2,6
371163,6,1,7,2
371173,1,0,2,1
371384,6,0,7,1
371407,0,6,1,7
371519,0,1,1,2
371589,5,1,6,2
371616,2,1,3,2
371620,5,1,6,2
371681,2,1,3,2
371711,6,1,7,2
371718,1,0,2,1
371724,1,0,2,1
371829,0,1,1,2
371839,0,1,1,2
371842,1,0,2,1
371859,0,1,1,2
371936,0,6,1,7
371937,0,6,1,7
371939,0,6,1,7
372158,5,1,6,2
372168,5,2,6,3
372169,5,1,6,2
372208,5,2,6,3
372230,2,1,3,2
372231,2,1,3,2
372253,1,6,2,7
372254,1,6,2,7
372278,1,0,2,1
372280,1,0,2,1
372331,1,5,2,6
372437,0,1,1,2
372633,0,1,1,2
372728,2,5,3,6
372774,5,2,6,3
372839,1,0,2,1
372946,0,1,1,2
372959,1,0,2,1
373061,6,0,7,1
373065,0,6,1,7
373079,0,6,1,7
373199,1,0,2,1
373207,1,0,2,1
373252,4,1,5,2
373254,4,1,5,2
373280,5,1,6,2
373281,5,1,6,2
373342,1,5,2,6
373354,2,1,3,2
373408,1,0,2,1
373560,0,1,1,2
373562,0,1,1,2
373768,0,1,1,2
373847,5,1,6,2
373891,5,1,6,2
373893,5,1,6,2
373901,5,2,6,3
373924,2,1,3,2
373985,1,0,2,1
373992,1,0,2,1
373993,1,0,2,1
373999,1,0,2,1
374098,1,0,2,1
374121,0,1,1,2
374122,0,1,1,2
374498,5,1,6,2
374531,2,1,3,2
374568,6,0,7,1
374604,1,0,2,1
374648,1,4,2,5
374687,1,0,2,1
374706,1,0,2,1
374715,0,1,1,2
374724,1,0,2,1
374729,0,1,1,2
374890,0,6,1,7
374893,0,6,1,7
375061,4,1,5,2
375065,4,1,5,2
375120,2,1,3,2
375123,2,5,3,6
375129,5,1,6,2
375147,5,1,6,2
375207,6,1,7,2
375286,0,4,1,5
375288,0,4,1,5
375317,1,0,2,1
375342,0,1,1,2
375350,0,1,1,2
375358,1,0,2,1
375360,1,0,2,1
375364,0,1,1,2
375474,0,6,1,7
375475,0,6,1,7
375502,6,0,7,1
375713,4,1,5,2
375763,5,1,6,2
375779,5,1,6,2
375804,5,1,6,2
375805,5,1,6,2
375811,2,1,3,2
375857,6,0,7,1
375930,1,4,2,5
375972,1,0,2,1
375976,1,0,2,1
375999,0,1,1,2
376009,1,0,2,1
376019,0,1,1,2
376047,0,1,1,2
376129,0,6,1,7
376195,0,6,1,7
376373,4,1,5,2
376434,4,1,5,2
376441,5,1,6,2
376470,1,2,2,3
376473,2,1,3,2
376474,2,1,3,2
376582,4,1,5,2
376586,1,4,2,5
376588,1,4,2,5
376589,1,4,2,5
376634,1,0,2,1
376666,1,0,2,1
376667,1,0,2,1
376785,0,6,1,7
376788,0,6,1,7
377061,5,1,6,2
377063,5,1,6,2
377090,4,1,5,2
377098,5,4,6,5
377111,1,2,2,3
377293,1,0,2,1
377294,1,0,2,1
377334,0,1,1,2
377375,1,0,2,1
377515,0,6,1,7
377754,4,1,5,2
377758,5,1,6,2
377773,1,2,2,3
377776,1,2,2,3
377836,0,1,1,2
377850,6,1,7,2
377957,1,0,2,1
377958,1,0,2,1
378043,1,0,2,1
378120,0,6,1,7
378195,0,1,1,2
378403,5,1,6,2
378404,5,1,6,2
378422,4,5,5,6
378426,4,1,5,2
378442,1,2,2,3
378443,1,2,2,3
378447,1,2,2,3
378511,0,1,1,2
378517,6,1,7,2
378576,0,1,1,2
378578,4,1,5,2
378630,1,0,2,1
378796,0,6,1,7
378797,0,6,1,7
378875,0,1,1,2
378877,0,1,1,2
379085,5,1,6,2
379088,5,1,6,2
379099,2,5,3,6
379100,2,5,3,6
379112,4,2,5,3
379198,6,1,7,2
379228,1,0,2,1
379255,0,1,1,2
379390,0,1,1,2
379395,0,6,1,7
379463,0,6,1,7
379555,1,6,2,7
379557,1,6,2,7
379750,2,1,3,2
379793,1,2,2,3
379874,6,1,7,2
379979,0,1,1,2
379985,0,1,1,2
379999,0,1,1,2
380008,0,1,1,2
380009,0,1,1,2
380010,0,1,1,2
380037,0,1,1,2
380043,1,0,2,1
380127,0,6,1,7
380129,0,6,1,7
380447,4,2,5,3
380457,1,2,2,3
380536,6,1,7,2
380564,1,0,2,1
380565,1,0,2,1
380593,0,1,1,2
380642,0,1,1,2
380661,0,1,1,2
380727,0,1,1,2
380737,0,6,1,7
381090,5,2,6,3
381191,6,1,7,2
381196,6,1,7,2
381225,1,0,2,1
381301,0,1,1,2
381333,0,1,1,2
381337,0,1,1,2
381338,0,1,1,2
381340,0,1,1,2
381342,0,1,1,2
381353,1,0,2,1
381388,0,1,1,2
381864,6,1,7,2
381865,6,1,7,2
381978,0,1,1,2
381991,0,1,1,2
381997,0,1,1,2
382004,0,1,1,2
382018,1,0,2,1
382057,0,1,1,2
382427,4,2,5,3
382515,6,1,7,2
382517,6,1,7,2
382550,1,0,2,1
382624,0,1,1,2
382640,0,1,1,2
382649,0,1,1,2
382650,0,1,1,2
382668,1,0,2,1
382670,1,0,2,1
382698,0,1,1,2
382704,0,1,1,2
382705,0,1,1,2
382707,0,1,1,2
383033,2,1,3,2
383059,2,1,3,2
383085,4,2,5,3
383174,1,0,2,1
383203,1,0,2,1
383248,1,4,2,5
383258,1,0,2,1
383297,0,1,1,2
383302,0,1,1,2
383309,0,1,1,2
383354,1,0,2,1
383358,0,1,1,2
383361,1,0,2,1
383425,0,6,1,7
383691,2,1,3,2
383694,2,1,3,2
383718,2,5,3,6
383743,4,2,5,3
383849,1,0,2,1
383988,1,0,2,1
383991,1,0,2,1
384020,1,0,2,1
384091,0,6,1,7
384159,6,0,7,1
384363,1,2,2,3
384373,1,2,2,3
384380,2,5,3,6
384404,4,2,5,3
384406,4,2,5,3
384486,1,0,2,1
384526,1,0,2,1
384563,4,1,5,2
384604,1,0,2,1
384608,0,1,1,2
384644,1,0,2,1
384680,1,0,2,1
384681,1,0,2,1
384723,6,0,7,1
384784,0,6,1,7
384785,0,6,1,7
385023,2,1,3,2
385029,1,2,2,3
385032,1,2,2,3
385070,4,2,5,3
385137,1,0,2,1
385189,0,1,1,2
385222,4,1,5,2
385333,1,0,2,1
385334,1,0,2,1
385336,1,0,2,1
385341,1,0,2,1
385726,4,1,5,2
385812,1,0,2,1
385813,1,0,2,1
385892,1,4,2,5
385920,1,0,2,1
386003,1,0,2,1
386004,1,0,2,1
386068,0,6,1,7
386070,0,6,1,7
386110,0,6,1,7
386112,0,6,1,7
386345,4,2,5,3
386363,2,5,3,6
386364,2,5,3,6
386365,2,5,3,6
386366,2,5,3,6
386391,4,2,5,3
386392,4,2,5,3
386471,1,0,2,1
386473,1,0,2,1
386474,1,0,2,1
386550,1,4,2,5
386589,0,1,1,2
386654,1,0,2,1
386712,0,6,1,7
386718,0,6,1,7
386719,0,6,1,7
387011,2,5,3,6
387038,4,5,5,6
387042,4,1,5,2
387162,0,1,1,2
387168,0,1,1,2
387242,0,1,1,2
387309,1,0,2,1
387311,1,0,2,1
387366,0,6,1,7
387367,0,6,1,7
387416,0,6,1,7
387417,0,6,1,7
387419,0,6,1,7
387651,4,1,5,2
387657,4,2,5,3
387658,4,2,5,3
387669,2,5,3,6
387698,4,5,5,6
387700,4,1,5,2
387822,0,1,1,2
387823,0,1,1,2
387870,0,1,1,2
387887,0,1,1,2
387889,0,1,1,2
387891,0,1,1,2
387965,1,0,2,1
387967,1,0,2,1
387969,1,0,2,1
388028,0,6,1,7
388039,0,6,1,7
388040,0,6,1,7
388310,4,2,5,3
388311,4,2,5,3
388312,4,2,5,3
388314,4,2,5,3
388359,4,1,5,2
388483,0,1,1,2
388484,0,1,1,2
388513,4,1,5,2
388532,0,4,1,5
388547,0,1,1,2
388552,0,1,1,2
388629,1,0,2,1
388630,1,0,2,1
388673,6,0,7,1
388696,0,6,1,7
388723,6,1,7,2
388733,0,6,1,7
388969,4,2,5,3
388972,4,2,5,3
389009,4,1,5,2
389132,0,1,1,2
389138,0,1,1,2
389177,0,1,1,2
389193,0,1,1,2
389196,0,1,1,2
389210,0,1,1,2
389253,1,0,2,1
389272,1,0,2,1
389278,1,0,2,1
389312,0,1,1,2
389339,0,6,1,7
389340,0,6,1,7
389369,6,0,7,1
389613,4,2,5,3
389614,4,2,5,3
389626,2,5,3,6
389664,1,2,2,3
389779,0,1,1,2
389824,0,1,1,2
389825,0,1,1,2
389861,0,1,1,2
389919,1,0,2,1
389924,1,0,2,1
389984,0,6,1,7
389985,0,6,1,7
390249,4,2,5,3
390252,4,2,5,3
390254,4,2,5,3
390297,1,2,2,3
390303,4,2,5,3
390404,0,1,1,2
390429,1,0,2,1
390430,1,0,2,1
390443,0,1,1,2
390458,0,1,1,2
390463,0,1,1,2
390555,1,0,2,1
390578,0,1,1,2
390629,0,6,1,7
390913,5,2,6,3
390914,5,2,6,3
390937,4,1,5,2
390938,4,1,5,2
391010,0,1,1,2
391052,0,1,1,2
391061,1,0,2,1
391066,1,0,2,1
391097,0,1,1,2
391120,0,1,1,2
391189,1,0,2,1
391262,0,6,1,7
391301,0,6,1,7
391302,0,1,1,2
391508,1,2,2,3
391520,1,2,2,3
391521,1,2,2,3
391525,1,2,2,3
391538,2,5,3,6
391663,0,1,1,2
391682,0,1,1,2
391685,0,1,1,2
391689,0,1,1,2
391697,1,0,2,1
391698,1,0,2,1
391699,1,0,2,1
391701,1,0,2,1
391704,1,0,2,1
391719,1,4,2,5
391727,0,1,1,2
391858,0,6,1,7
391893,0,6,1,7
391920,0,1,1,2
391921,6,1,7,2
391928,0,6,1,7
391959,0,1,1,2
392119,2,1,3,2
392145,1,2,2,3
392148,1,2,2,3
392154,5,1,6,2
392159,2,5,3,6
392162,2,5,3,6
392165,2,5,3,6
392166,2,5,3,6
392179,1,2,2,3
392181,1,2,2,3
392273,0,1,1,2
392304,0,1,1,2
392315,0,1,1,2
392324,1,0,2,1
392327,1,0,2,1
392328,1,0,2,1
392365,0,1,1,2
392366,0,1,1,2
392395,0,1,1,2
392396,0,1,1,2
392529,0,6,1,7
392557,6,1,7,2
392759,2,1,3,2
392774,2,1,3,2
392820,1,2,2,3
392821,1,2,2,3
392930,0,1,1,2
392946,0,1,1,2
392950,1,0,2,1
392965,1,0,2,1
392999,0,1,1,2
393007,0,1,1,2
393022,0,1,1,2
393198,0,1,1,2
393202,0,1,1,2
393209,0,6,1,7
393245,0,1,1,2
393407,2,1,3,2
393427,1,2,2,3
393451,2,5,3,6
393464,1,2,2,3
393584,1,0,2,1
393623,1,4,2,5
393631,0,1,1,2
393634,0,1,1,2
393641,0,1,1,2
393649,0,1,1,2
393699,0,1,1,2
393712,1,0,2,1
393721,1,0,2,1
393724,1,0,2,1
393727,0,1,1,2
393803,0,6,1,7
393806,0,6,1,7
393807,0,6,1,7
393831,0,1,1,2
393849,0,6,1,7
393850,0,6,1,7
393856,0,6,1,7
393858,0,6,1,7
393895,0,1,1,2
393896,0,1,1,2
394062,2,1,3,2
394074,1,2,2,3
394120,1,2,2,3
394213,0,1,1,2
394218,0,1,1,2
394221,0,1,1,2
394222,0,1,1,2
394287,0,1,1,2
394288,0,1,1,2
394290,0,1,1,2
394291,0,1,1,2
394372,1,0,2,1
394417,0,6,1,7
394458,0,6,1,7
394484,1,0,2,1
394490,0,1,1,2
394505,1,0,2,1
394513,0,6,1,7
394521,0,6,1,7
394735,1,2,2,3
394737,1,2,2,3
394876,0,1,1,2
394878,0,1,1,2
394882,0,1,1,2
394885,1,0,2,1
394886,1,0,2,1
394887,1,0,2,1
394888,1,0,2,1
394922,4,1,5,2
394942,0,1,1,2
394944,0,1,1,2
394954,0,1,1,2
394955,0,1,1,2
394957,0,1,1,2
395094,6,0,7,1
395153,1,0,2,1
395188,0,6,1,7
395404,1,2,2,3
395415,5,1,6,2
395526,1,0,2,1
395535,1,0,2,1
395557,1,0,2,1
395559,1,0,2,1
395605,0,1,1,2
395615,0,1,1,2
395634,0,1,1,2
395693,1,0,2,1
395695,1,0,2,1
395700,1,0,2,1
395767,6,0,7,1
395770,6,0,7,1
395798,0,1,1,2
395835,0,1,1,2
395858,0,1,1,2
395866,0,6,1,7
395868,0,6,1,7
395869,0,6,1,7
395911,1,0,2,1
396213,0,1,1,2
396215,0,1,1,2
396293,0,1,1,2
396300,0,1,1,2
396438,6,0,7,1
396440,6,0,7,1
396468,0,1,1,2
396469,0,1,1,2
396486,1,0,2,1
396487,1,0,2,1
396502,0,1,1,2
396506,0,1,1,2
396538,0,6,1,7
396761,5,1,6,2
396874,1,0,2,1
396877,1,0,2,1
396948,1,4,2,5
396955,1,0,2,1
396963,0,1,1,2
396976,0,1,1,2
397096,0,6,1,7
397174,1,0,2,1
397176,1,0,2,1
397189,0,1,1,2
397190,0,1,1,2
397271,1,0,2,1
397334,4,1,5,2
397412,4,2,5,3
397439,5,2,6,3
397440,5,2,6,3
397442,5,2,6,3
397552,1,0,2,1
397554,1,0,2,1
397625,1,4,2,5
397837,1,0,2,1
397838,1,0,2,1
397839,1,0,2,1
397880,0,1,1,2
397912,0,6,1,7
397957,1,0,2,1
398021,4,1,5,2
398079,1,4,2,5
398099,4,2,5,3
398123,5,2,6,3
398125,5,2,6,3
398127,5,2,6,3
398131,5,2,6,3
398234,1,0,2,1
398253,0,1,1,2
398254,0,1,1,2
398257,0,1,1,2
398258,0,1,1,2
398470,6,0,7,1
398528,1,0,2,1
398529,1,0,2,1
398552,1,0,2,1
398572,0,1,1,2
398713,4,1,5,2
398764,4,1,5,2
398793,4,2,5,3
398813,5,2,6,3
398814,5,2,6,3
398816,5,2,6,3
398940,0,1,1,2
399122,0,6,1,7
399169,0,6,1,7
399202,1,0,2,1
399213,1,0,2,1
399215,1,0,2,1
399219,1,0,2,1
399243,1,0,2,1
399245,1,0,2,1
399255,1,0,2,1
399256,1,0,2,1
399261,0,1,1,2
399402,4,1,5,2
399472,2,1,3,2
399504,5,2,6,3
399623,0,1,1,2
399624,0,1,1,2
399625,0,1,1,2
399677,1,0,2,1
399711,1,0,2,1
399723,0,1,1,2
399861,0,6,1,7
399862,0,6,1,7
399865,0,6,1,7
399909,1,0,2,1
399923,0,1,1,2
399957,0,1,1,2
400140,1,4,2,5
400142,4,1,5,2
400231,5,2,6,3
400233,5,1,6,2
400296,0,1,1,2
400297,0,1,1,2
400341,4,1,5,2
400376,0,1,1,2
400379,0,1,1,2
400391,1,0,2,1
400395,1,0,2,1
400401,0,1,1,2
400407,0,1,1,2
400437,0,1,1,2
400544,0,6,1,7
400560,0,6,1,7
400574,1,6,2,7
400593,1,0,2,1
400629,1,0,2,1
400638,0,1,1,2
400651,1,0,2,1
400724,1,0,2,1
400776,4,1,5,2
400829,1,4,2,5
400846,2,1,3,2
400861,4,2,5,3
400913,5,1,6,2
400977,0,1,1,2
400978,0,1,1,2
400997,1,0,2,1
400998,1,0,2,1
401073,1,0,2,1
401086,0,1,1,2
401171,6,0,7,1
401243,0,6,1,7
401244,0,6,1,7
401245,0,6,1,7
401297,1,0,2,1
401317,0,1,1,2
401330,1,0,2,1
401454,4,1,5,2
401503,4,1,5,2
401506,1,4,2,5
401508,1,4,2,5
401510,1,4,2,5
401524,2,1,3,2
401528,2,1,3,2
401648,0,1,1,2
401653,1,0,2,1
401654,1,0,2,1
401682,1,0,2,1
401683,1,0,2,1
401712,0,1,1,2
401750,0,1,1,2
401751,0,1,1,2
401839,6,0,7,1
401849,0,6,1,7
401932,1,6,2,7
401986,1,0,2,1
402136,4,1,5,2
402182,1,4,2,5
402183,1,4,2,5
402185,1,4,2,5
402203,2,1,3,2
402204,2,1,3,2
402329,1,0,2,1
402330,1,0,2,1
402370,1,0,2,1
402372,1,0,2,1
402510,6,0,7,1
402594,0,6,1,7
402611,0,6,1,7
402655,1,0,2,1
402666,1,0,2,1
402667,1,0,2,1
402761,1,0,2,1
402809,4,1,5,2
402813,4,1,5,2
402814,4,1,5,2
402860,1,4,2,5
402864,1,4,2,5
402867,1,4,2,5
402882,2,1,3,2
402898,4,2,5,3
402944,1,5,2,6
402945,1,5,2,6
402949,1,5,2,6
403088,1,0,2,1
403091,0,1,1,2
403176,0,6,1,7
403181,0,6,1,7
403188,0,6,1,7
403275,0,6,1,7
403283,6,0,7,1
403316,1,0,2,1
403326,0,1,1,2
403676,4,1,5,2
403677,4,1,5,2
403712,0,1,1,2
403834,0,6,1,7
403934,0,6,1,7
403936,0,6,1,7
403938,0,6,1,7
404010,1,0,2,1
404011,1,0,2,1
404118,1,0,2,1
404158,4,1,5,2
404207,6,1,7,2
404221,2,1,3,2
404278,5,1,6,2
404349,4,1,5,2
404352,1,4,2,5
404403,0,1,1,2
404404,0,1,1,2
404535,0,6,1,7
404537,0,6,1,7
404616,0,6,1,7
404657,1,0,2,1
404680,1,0,2,1
404690,1,0,2,1
404696,0,1,1,2
404828,4,1,5,2
404830,4,1,5,2
404832,4,1,5,2
404880,6,1,7,2
404886,6,1,7,2
404957,5,1,6,2
405029,1,4,2,5
405030,1,4,2,5
405077,0,1,1,2
405081,0,1,1,2
405207,0,6,1,7
405210,0,6,1,7
405307,0,1,1,2
405308,0,1,1,2
405337,1,0,2,1
405358,1,0,2,1
405368,1,0,2,1
405369,1,0,2,1
405510,4,1,5,2
405511,4,1,5,2
405512,4,1,5,2
405544,4,1,5,2
405559,6,4,7,5
405562,6,1,7,2
405567,6,1,7,2
405569,6,1,7,2
405570,6,1,7,2
405716,1,4,2,5
405733,0,1,1,2
405757,0,1,1,2
405758,0,1,1,2
405979,0,6,1,7
405980,0,6,1,7
405985,0,6,1,7
405986,0,6,1,7
405987,0,6,1,7
405998,0,1,1,2
406000,0,1,1,2
406033,1,0,2,1
406047,1,0,2,1
406062,1,0,2,1
406064,1,0,2,1
406065,1,0,2,1
406067,0,1,1,2
406167,1,0,2,1
406200,4,1,5,2
406235,4,1,5,2
406256,6,1,7,2
406260,6,1,7,2
406311,1,5,2,6
406313,1,5,2,6
406314,1,5,2,6
406402,1,4,2,5
406403,1,4,2,5
406405,1,4,2,5
406406,1,4,2,5
406436,0,1,1,2
406437,0,1,1,2
406448,0,1,1,2
406451,0,1,1,2
406588,6,0,7,1
406589,6,0,7,1
406594,0,6,1,7
406653,0,6,1,7
406718,1,0,2,1
406727,1,6,2,7
406735,1,0,2,1
406738,1,0,2,1
406751,1,0,2,1
406854,0,1,1,2
406941,6,1,7,2
406945,6,1,7,2
406947,6,1,7,2
406949,6,1,7,2
406980,4,2,5,3
406981,4,2,5,3
407108,0,1,1,2
407109,0,1,1,2
407118,0,1,1,2
407119,0,1,1,2
407121,0,1,1,2
407126,0,1,1,2
407285,0,6,1,7
407286,0,6,1,7
407348,0,6,1,7
407545,0,1,1,2
407546,0,1,1,2
407636,6,1,7,2
407637,6,1,7,2
407638,6,1,7,2
407650,1,2,2,3
407669,4,5,5,6
407775,1,4,2,5
407777,1,4,2,5
407791,0,1,1,2
407792,0,1,1,2
407797,0,1,1,2
407801,0,1,1,2
408108,0,1,1,2
408413,0,6,1,7
408463,1,4,2,5
408485,0,1,1,2
408488,0,1,1,2
408499,0,1,1,2
408500,0,1,1,2
408502,0,1,1,2
408915,1,0,2,1
409025,1,2,2,3
409049,4,5,5,6
409050,2,5,3,6
409051,2,5,3,6
409170,0,1,1,2
409171,0,1,1,2
409172,0,1,1,2
409173,0,1,1,2
409174,0,1,1,2
409334,6,0,7,1
409447,1,0,2,1
409710,2,1,3,2
409715,1,2,2,3
409847,4,1,5,2
409855,0,1,1,2
409879,0,1,1,2
409883,0,1,1,2
410018,6,0,7,1
410019,6,0,7,1
410137,1,0,2,1
410149,1,0,2,1
410151,1,0,2,1
410169,0,1,1,2
410176,0,1,1,2
410404,1,2,2,3
410406,1,2,2,3
410577,0,1,1,2
410705,6,0,7,1
410706,6,0,7,1
410712,6,0,7,1
410841,1,0,2,1
410849,1,0,2,1
410853,1,0,2,1
411036,4,1,5,2
411037,4,1,5,2
411070,1,4,2,5
411099,2,1,3,2
411237,4,1,5,2
411244,0,1,1,2
411245,0,1,1,2
411248,0,1,1,2
411249,0,1,1,2
411395,6,0,7,1
411400,6,0,7,1
411412,0,6,1,7
411522,6,0,7,1
411536,1,0,2,1
411537,1,0,2,1
411718,4,1,5,2
411728,4,1,5,2
411929,4,1,5,2
411944,0,1,1,2
412092,6,0,7,1
412094,6,0,7,1
412096,6,0,7,1
412098,6,0,7,1
412108,0,6,1,7
412223,6,0,7,1
412384,1,0,2,1
412476,4,1,5,2
412615,4,1,5,2
412671,1,0,2,1
412793,6,0,7,1
412942,1,0,2,1
413074,1,0,2,1
413076,1,0,2,1
413077,1,0,2,1
413079,1,0,2,1
413081,1,0,2,1
413118,4,1,5,2
413188,1,2,2,3
413229,5,1,6,2
413231,1,5,2,6
413313,4,1,5,2
413315,4,1,5,2
413494,6,0,7,1
413628,1,0,2,1
413643,0,1,1,2
413805,1,4,2,5
413808,4,1,5,2
413844,1,4,2,5
414019,1,0,2,1
414311,1,0,2,1
414496,4,1,5,2
414704,0,1,1,2
414736,1,0,2,1
414739,1,0,2,1
415003,0,1,1,2
415009,0,1,1,2
415010,0,1,1,2
415014,1,0,2,1
415118,1,0,2,1
415123,1,0,2,1
415210,4,1,5,2
415370,1,0,2,1
415523,6,0,7,1
415676,0,1,1,2
415683,0,1,1,2
415689,1,0,2,1
415794,1,0,2,1
415796,1,0,2,1
415799,1,0,2,1
415878,1,4,2,5
416039,1,0,2,1
416044,1,0,2,1
416045,1,0,2,1
416320,0,1,1,2
416373,1,0,2,1
416464,1,0,2,1
416554,4,1,5,2
416619,5,1,6,2
416964,1,0,2,1
416976,0,1,1,2
416979,0,1,1,2
416984,1,0,2,1
417239,1,2,2,3
417244,1,5,2,6
417326,1,0,2,1
417328,0,1,1,2
417375,1,0,2,1
417392,0,1,1,2
417507,0,6,1,7
417562,0,1,1,2
417604,1,0,2,1
417605,1,0,2,1
417617,0,1,1,2
417618,0,1,1,2
417620,0,1,1,2
417622,0,1,1,2
417635,1,0,2,1
417742,1,0,2,1
417748,1,0,2,1
417833,4,1,5,2
417875,1,5,2,6
417877,1,5,2,6
418039,0,1,1,2
418242,0,1,1,2
418246,0,1,1,2
418278,0,1,1,2
418421,0,1,1,2
418445,4,1,5,2
418687,0,6,1,7
418741,6,0,7,1
418792,0,1,1,2
418838,0,1,1,2
418850,1,0,2,1
418852,1,0,2,1
418874,0,1,1,2
419037,4,1,5,2
419041,4,1,5,2
419083,1,5,2,6
419159,0,1,1,2
419206,1,0,2,1
419248,0,1,1,2
419367,0,1,1,2
419391,1,0,2,1
419414,0,1,1,2
419447,0,1,1,2
419584,0,1,1,2
419587,4,1,5,2
419592,4,1,5,2
419593,4,1,5,2
419612,4,1,5,2
419615,4,2,5,3
419657,1,5,2,6
419660,1,5,2,6
419761,1,0,2,1
419780,1,0,2,1
419802,0,1,1,2
419821,0,1,1,2
419913,6,0,7,1
419936,0,1,1,2
419937,0,1,1,2
419938,0,1,1,2
419978,0,1,1,2
419979,0,1,1,2
420028,0,1,1,2
420029,0,1,1,2
420084,1,0,2,1
420085,1,0,2,1
420147,0,1,1,2
420310,0,1,1,2
420329,0,1,1,2
420523,0,1,1,2
420525,0,1,1,2
420562,0,1,1,2
420566,0,1,1,2
420568,0,1,1,2
420569,0,1,1,2
420571,0,1,1,2
420671,1,0,2,1
420811,1,5,2,6
420915,0,1,1,2
420964,0,1,1,2
421107,0,1,1,2
421151,0,1,1,2
421152,0,1,1,2
421156,1,0,2,1
421162,1,0,2,1
421172,1,0,2,1
421345,4,1,5,2
421347,1,4,2,5
421348,1,4,2,5
421472,0,4,1,5
421476,0,1,1,2
421499,0,1,1,2
421518,1,0,2,1
421548,0,1,1,2
421549,0,1,1,2
421591,0,6,1,7
421728,0,1,1,2
421731,0,1,1,2
421733,0,1,1,2
421776,0,1,1,2
421826,1,0,2,1
421828,1,0,2,1
421918,4,1,5,2
421967,1,5,2,6
422048,0,1,1,2
422066,0,1,1,2
422067,0,1,1,2
422068,0,1,1,2
422074,0,1,1,2
422117,0,1,1,2
422261,0,1,1,2
422263,0,1,1,2
422346,0,1,1,2
422347,0,1,1,2
422394,1,0,2,1
422489,4,1,5,2
422491,1,4,2,5
422537,1,5,2,6
422629,0,1,1,2
422630,0,1,1,2
422631,0,1,1,2
422680,0,1,1,2
422681,0,1,1,2
422737,0,6,1,7
422827,0,1,1,2
422828,0,1,1,2
422957,1,0,2,1
423049,1,4,2,5
423196,0,1,1,2
423385,0,1,1,2
423386,0,1,1,2
423421,0,1,1,2
423443,1,0,2,1
423465,0,1,1,2
423511,1,0,2,1
423644,1,5,2,6
423648,1,5,2,6
423738,0,1,1,2
423791,0,1,1,2
423933,0,1,1,2
423938,0,1,1,2
424196,1,5,2,6
424294,1,0,2,1
424454,0,6,1,7
424602,1,0,2,1
424603,1,0,2,1
424734,2,1,3,2
424840,0,1,1,2
424858,0,1,1,2
424865,0,1,1,2
425034,0,1,1,2
425039,0,1,1,2
425046,0,1,1,2
425258,4,1,5,2
425282,2,5,3,6
425386,0,1,1,2
425387,0,1,1,2
425400,0,1,1,2
425401,0,1,1,2
425403,0,1,1,2
425570,0,1,1,2
425576,0,1,1,2
425577,0,1,1,2
425801,1,4,2,5
425808,4,1,5,2
425810,4,1,5,2
425814,2,1,3,2
425820,2,5,3,6
425911,0,1,1,2
425928,0,1,1,2
425934,0,1,1,2
425937,0,1,1,2
425939,0,1,1,2
425944,0,1,1,2
425945,0,1,1,2
426116,0,1,1,2
426334,4,1,5,2
426336,2,1,3,2
426346,2,1,3,2
426347,2,5,3,6
426452,0,1,1,2
426640,0,1,1,2
426971,0,1,1,2
426976,0,1,1,2
427154,0,1,1,2
427158,0,1,1,2
427348,4,1,5,2
427450,1,0,2,1
427483,0,1,1,2
427484,0,1,1,2
427610,0,6,1,7
427658,0,1,1,2
427661,0,1,1,2
427845,4,1,5,2
427848,4,1,5,2
427849,4,1,5,2
427974,0,1,1,2
427979,0,1,1,2
427980,0,1,1,2
427984,0,1,1,2
428164,0,1,1,2
428220,1,0,2,1
428222,1,0,2,1
428346,4,0,5,1
428484,0,1,1,2
428670,0,1,1,2
428832,4,1,5,2
428947,1,0,2,1
428977,0,1,1,2
428985,0,1,1,2
429174,0,1,1,2
429178,0,1,1,2
429184,0,1,1,2
429464,0,1,1,2
429470,0,1,1,2
429473,0,1,1,2
429474,0,1,1,2
429478,0,1,1,2
429479,0,1,1,2
429480,0,1,1,2
429659,0,1,1,2
429665,0,1,1,2
429666,0,1,1,2
429667,0,1,1,2
429668,0,1,1,2
429671,0,1,1,2
429673,0,1,1,2
429713,1,0,2,1
429741,1,4,2,5
429742,1,4,2,5
429745,1,4,2,5
429920,1,0,2,1
429921,1,0,2,1
429944,0,1,1,2
429956,0,1,1,2
429958,0,1,1,2
429962,0,1,1,2
430148,0,1,1,2
430150,0,1,1,2
430163,0,1,1,2
430165,1,0,2,1
430210,1,4,2,5
430213,1,4,2,5
430403,0,1,1,2
430405,0,1,1,2
430417,0,1,1,2
430420,0,1,1,2
430595,0,1,1,2
430596,0,1,1,2
430667,1,4,2,5
430668,1,4,2,5
430715,4,1,5,2
431043,0,1,1,2
431064,0,1,1,2
431270,0,1,1,2
431408,0,6,1,7
431525,1,0,2,1
431528,1,0,2,1
431682,0,1,1,2
431684,0,1,1,2
431685,0,1,1,2
431696,0,1,1,2
431698,0,1,1,2
431699,0,1,1,2
431701,0,1,1,2
431726,0,1,1,2
431878,0,1,1,2
431939,1,0,2,1
431972,1,4,2,5
432056,1,0,2,1
432080,0,1,1,2
432088,0,1,1,2
432108,0,1,1,2
432436,1,0,2,1
432471,0,1,1,2
432472,0,1,1,2
432480,0,1,1,2
432483,0,1,1,2
432491,0,1,1,2
432494,0,1,1,2
432495,0,1,1,2
432665,0,1,1,2
432816,1,0,2,1
432865,0,1,1,2
432871,0,1,1,2
432892,1,0,2,1
433095,1,0,2,1
433226,0,1,1,2
433238,0,1,1,2
433239,0,1,1,2
433243,0,1,1,2
433244,0,1,1,2
433247,0,1,1,2
433280,1,0,2,1
433281,1,0,2,1
433555,1,0,2,1
433574,0,1,1,2
433577,0,1,1,2
433601,0,1,1,2
433602,0,1,1,2
433609,0,1,1,2
433611,0,1,1,2
433623,1,0,2,1
433641,0,1,1,2
433647,1,0,2,1
433716,0,6,1,7
433828,0,1,1,2
433954,0,1,1,2
433967,0,1,1,2
433968,0,1,1,2
433973,0,1,1,2
433975,0,1,1,2
433987,1,0,2,1
434018,1,0,2,1
434020,1,0,2,1
434299,0,1,1,2
434303,0,1,1,2
434349,1,0,2,1
434362,0,1,1,2
434368,1,0,2,1
434369,1,0,2,1
434382,1,0,2,1
434383,1,0,2,1
434504,0,1,1,2
434587,0,1,1,2
434659,0,1,1,2
434688,0,1,1,2
434689,0,1,1,2
434722,1,0,2,1
434739,1,0,2,1
434741,1,0,2,1
434937,0,1,1,2
434942,0,1,1,2
435082,1,0,2,1
435092,1,0,2,1
435093,1,0,2,1
435095,1,0,2,1
435158,0,6,1,7
435253,0,1,1,2
435508,0,6,1,7
435519,0,6,1,7
435521,0,6,1,7
435783,0,1,1,2
435809,1,0,2,1
436162,1,0,2,1
436164,1,0,2,1
436516,1,0,2,1
436586,0,6,1,7
436587,0,6,1,7
436632,1,0,2,1
436811,0,1,1,2
436937,0,6,1,7
437086,0,1,1,2
437174,0,1,1,2
437192,1,0,2,1
437278,0,6,1,7
437322,0,1,1,2
437323,0,1,1,2
437511,0,1,1,2
437542,1,0,2,1
437563,0,6,1,7
437813,0,1,1,2
437844,0,1,1,2
437877,1,0,2,1
437898,0,6,1,7
437981,1,0,2,1
438015,0,1,1,2
438094,1,0,2,1
438145,0,1,1,2
438149,0,1,1,2
438150,0,1,1,2
438182,0,1,1,2
438205,1,0,2,1
438213,0,1,1,2
438316,1,0,2,1
438422,0,1,1,2
438480,0,1,1,2
438483,0,1,1,2
438501,0,1,1,2
438511,0,1,1,2
438741,0,1,1,2
438783,0,1,1,2
438786,0,1,1,2
438795,0,1,1,2
438818,0,1,1,2
438842,0,1,1,2
439057,0,1,1,2
439116,0,1,1,2
439134,0,1,1,2
439136,0,1,1,2
439161,0,1,1,2
439371,0,1,1,2
439449,0,1,1,2
439518,1,0,2,1
439718,1,0,2,1
439720,1,0,2,1
439726,0,1,1,2
439729,0,1,1,2
439761,0,1,1,2
439763,0,1,1,2
439827,1,0,2,1
439829,1,0,2,1
440074,0,1,1,2
440075,0,1,1,2
440076,0,1,1,2
440137,1,0,2,1
440302,0,1,1,2
440344,0,1,1,2
440347,0,1,1,2
440348,0,1,1,2
440356,0,1,1,2
440422,0,1,1,2
440426,0,1,1,2
440444,1,0,2,1
440445,1,0,2,1
440653,0,1,1,2
440664,0,1,1,2
440744,1,0,2,1
440747,1,0,2,1
440907,0,1,1,2
440931,0,1,1,2
440932,0,1,1,2
440933,0,1,1,2
440953,1,0,2,1
441053,1,0,2,1
441213,0,1,1,2
441236,0,1,1,2
441239,0,1,1,2
441241,0,1,1,2
441269,0,1,1,2
441297,0,1,1,2
441349,1,0,2,1
441530,0,1,1,2
441531,0,1,1,2
441537,0,1,1,2
441538,0,1,1,2
441539,0,1,1,2
441540,0,1,1,2
441547,0,1,1,2
441548,0,1,1,2
441552,0,1,1,2
441574,0,1,1,2
441577,0,1,1,2
441580,0,1,1,2
441582,0,1,1,2
441611,0,1,1,2
441659,1,0,2,1
441790,1,0,2,1
441851,0,1,1,2
441860,0,1,1,2
441862,0,1,1,2
441863,0,1,1,2
441865,0,1,1,2
441891,0,1,1,2
441893,0,1,1,2
441922,0,1,1,2
441994,1,0,2,1
442175,0,1,1,2
442188,0,1,1,2
442190,0,1,1,2
442195,0,1,1,2
442196,0,1,1,2
442259,0,1,1,2
442518,0,1,1,2
442546,0,1,1,2
442573,0,1,1,2
442860,0,1,1,2
442882,0,1,1,2
442892,0,1,1,2
443006,1,0,2,1
443007,1,0,2,1
443045,0,6,1,7
443046,0,6,1,7
443214,0,1,1,2
443222,1,0,2,1
443225,0,1,1,2
443239,0,1,1,2
443247,0,1,1,2
443362,1,0,2,1
443380,1,0,2,1
443400,0,6,1,7
443587,0,1,1,2
443590,0,1,1,2
443602,0,1,1,2
443609,0,1,1,2
443612,0,1,1,2
443613,0,1,1,2
443617,0,1,1,2
443691,0,1,1,2
443696,0,1,1,2
443697,0,1,1,2
443701,0,1,1,2
443776,0,6,1,7
443777,0,6,1,7
443891,1,0,2,1
443972,0,1,1,2
443975,0,1,1,2
443995,0,1,1,2
444162,0,6,1,7
444282,1,0,2,1
444365,0,1,1,2
444379,0,1,1,2
444510,0,1,1,2
444560,0,6,1,7
444561,0,6,1,7
444766,0,1,1,2
444768,0,1,1,2
444792,1,0,2,1
444797,1,0,2,1
444806,1,0,2,1
444889,1,0,2,1
444892,0,1,1,2
444912,0,1,1,2
444923,0,1,1,2
444926,0,1,1,2
444957,0,6,1,7
445183,1,0,2,1
445184,0,1,1,2
445190,0,1,1,2
445222,1,4,2,5
445311,0,1,1,2
445312,0,1,1,2
445322,0,1,1,2
445355,0,6,1,7
445469,0,1,1,2
445470,0,1,1,2
445572,0,1,1,2
445597,0,1,1,2
445614,0,1,1,2
445615,0,1,1,2
445707,1,0,2,1
445708,1,0,2,1
445709,1,0,2,1
445712,1,0,2,1
445713,1,0,2,1
445765,0,6,1,7
445766,0,6,1,7
445914,1,0,2,1
445995,0,1,1,2
446006,0,1,1,2
446037,0,1,1,2
446039,0,1,1,2
446042,0,1,1,2
446144,1,0,2,1
446149,0,1,1,2
446349,1,0,2,1
446492,1,0,2,1
446592,0,1,1,2
446594,0,1,1,2
446647,6,0,7,1
446649,6,0,7,1
446766,1,0,2,1
446890,0,1,1,2
446891,0,1,1,2
447033,1,0,2,1
447041,1,0,2,1
447080,0,6,1,7
447221,1,0,2,1
447229,1,0,2,1
447249,6,0,7,1
447254,6,0,7,1
447344,0,1,1,2
447346,0,1,1,2
447347,0,1,1,2
447357,0,1,1,2
447359,0,1,1,2
447371,0,1,1,2
447372,0,1,1,2
447379,0,1,1,2
447381,0,1,1,2
447401,1,0,2,1
447403,1,0,2,1
447456,0,1,1,2
447538,0,6,1,7
447667,1,0,2,1
447670,1,0,2,1
447674,1,0,2,1
447689,0,1,1,2
447707,6,0,7,1
447813,0,1,1,2
447815,0,1,1,2
447866,1,5,2,6
448140,1,0,2,1
448286,0,1,1,2
448296,0,1,1,2
448297,0,1,1,2
448336,1,5,2,6
448341,1,0,2,1
448391,0,1,1,2
448394,0,1,1,2
448505,0,6,1,7
448617,1,0,2,1
448769,0,1,1,2
448770,0,1,1,2
448819,1,5,2,6
448820,1,5,2,6
448911,1,0,2,1
449023,0,1,1,2
449306,1,5,2,6
449307,1,5,2,6
449360,0,1,1,2
449391,1,0,2,1
449623,6,0,7,1
449691,0,1,1,2
449760,0,1,1,2
449768,1,0,2,1
449792,1,5,2,6
449848,0,1,1,2
449849,0,1,1,2
449880,1,0,2,1
450115,6,0,7,1
450220,0,1,1,2
450277,1,5,2,6
450279,1,5,2,6
450335,0,1,1,2
450448,6,0,7,1
450450,6,0,7,1
450454,6,0,7,1
450502,0,1,1,2
450671,0,1,1,2
450720,0,1,1,2
450826,0,1,1,2
450827,0,1,1,2
450936,6,0,7,1
450992,0,1,1,2
451161,0,1,1,2
451203,0,1,1,2
451235,1,0,2,1
451313,0,1,1,2
451315,0,1,1,2
451375,0,1,1,2
451426,6,0,7,1
451431,6,0,7,1
451593,6,0,7,1
451649,0,1,1,2
451650,0,1,1,2
451718,0,1,1,2
451719,0,1,1,2
451743,1,0,2,1
451869,0,1,1,2
452091,6,0,7,1
452143,0,1,1,2
452206,1,0,2,1
452213,0,1,1,2
452263,0,1,1,2
452301,0,1,1,2
452370,0,1,1,2
452388,6,0,7,1
452414,0,6,1,7
452594,6,0,7,1
452765,0,1,1,2
452803,0,1,1,2
452849,0,1,1,2
452853,0,1,1,2
452990,0,6,1,7
453108,6,0,7,1
453233,0,1,1,2
453275,0,1,1,2
453329,0,1,1,2
453359,0,1,1,2
453363,0,1,1,2
453402,0,6,1,7
453851,1,0,2,1
454028,0,1,1,2
454251,0,1,1,2
454273,1,0,2,1
454449,0,6,1,7
454519,0,6,1,7
454520,0,6,1,7
454523,0,6,1,7
454754,0,1,1,2
454756,0,1,1,2
454785,1,0,2,1
454878,1,0,2,1
454940,0,6,1,7
454965,0,6,1,7
455018,0,6,1,7
455022,0,1,1,2
455035,0,6,1,7
455036,0,6,1,7
455053,0,6,1,7
455161,0,6,1,7
455162,0,6,1,7
455280,0,1,1,2
455301,1,0,2,1
455360,0,1,1,2
455374,0,1,1,2
455376,0,1,1,2
455385,0,1,1,2
455391,1,0,2,1
455392,1,0,2,1
455529,0,6,1,7
455672,0,6,1,7
455776,1,0,2,1
455813,1,0,2,1
455839,0,1,1,2
455871,0,1,1,2
455918,1,0,2,1
456042,0,6,1,7
456050,1,6,2,7
456063,0,6,1,7
456379,0,1,1,2
456401,0,1,1,2
456472,0,6,1,7
456563,1,6,2,7
456568,1,6,2,7
456569,1,6,2,7
456571,1,6,2,7
456573,0,6,1,7
456576,0,6,1,7
456817,0,1,1,2
456840,1,0,2,1
456868,0,1,1,2
456871,0,1,1,2
456899,0,1,1,2
456913,0,1,1,2
456920,0,1,1,2
456991,0,6,1,7
457021,0,6,1,7
457063,6,0,7,1
457086,1,6,2,7
457088,1,6,2,7
457090,0,6,1,7
457212,0,6,1,7
457351,1,0,2,1
457352,1,0,2,1
457377,0,1,1,2
457378,0,1,1,2
457381,0,1,1,2
457407,0,1,1,2
457412,1,0,2,1
457420,0,1,1,2
457501,0,6,1,7
457595,1,6,2,7
457691,0,1,1,2
457833,0,1,1,2
457835,0,1,1,2
457838,0,1,1,2
457845,0,1,1,2
457893,0,1,1,2
457894,0,1,1,2
457970,1,0,2,1
457972,1,0,2,1
458015,0,6,1,7
458104,1,6,2,7
458118,6,1,7,2
458203,0,1,1,2
458230,0,6,1,7
458358,0,1,1,2
458406,0,1,1,2
458407,0,1,1,2
458410,0,1,1,2
458411,0,1,1,2
458442,1,0,2,1
458446,0,1,1,2
458447,0,1,1,2
458448,0,1,1,2
458451,0,1,1,2
458453,0,1,1,2
458481,1,0,2,1
458484,1,0,2,1
458522,6,0,7,1
458558,0,6,1,7
458718,0,1,1,2
458867,0,1,1,2
458899,1,0,2,1
458927,0,1,1,2
458929,0,1,1,2
458966,0,1,1,2
458997,1,0,2,1
458998,1,0,2,1
458999,1,0,2,1
459000,1,0,2,1
459436,0,1,1,2
459438,0,1,1,2
459477,0,1,1,2
459481,0,1,1,2
459505,1,0,2,1
459506,1,0,2,1
459590,0,6,1,7
459830,0,1,1,2
459946,0,1,1,2
459978,0,1,1,2
459979,0,1,1,2
459980,0,1,1,2
459982,0,1,1,2
460008,1,0,2,1
460013,1,0,2,1
460157,0,6,1,7
460441,0,1,1,2
460442,0,1,1,2
460474,0,1,1,2
460509,1,0,2,1
460547,6,1,7,2
460551,6,1,7,2
460613,6,0,7,1
460764,0,6,1,7
460965,0,1,1,2
460966,0,1,1,2
460995,0,1,1,2
460997,0,1,1,2
460999,0,1,1,2
461001,0,1,1,2
461002,0,1,1,2
461047,0,1,1,2
461259,0,1,1,2
461451,0,1,1,2
461453,0,1,1,2
461456,0,1,1,2
461479,0,1,1,2
461517,0,1,1,2
461591,0,6,1,7
461625,6,0,7,1
461627,6,0,7,1
461972,0,1,1,2
461975,0,1,1,2
462051,0,1,1,2
462090,0,6,1,7
462093,0,6,1,7
462128,6,0,7,1
462294,0,1,1,2
462439,0,1,1,2
462440,0,1,1,2
462468,0,1,1,2
462555,0,1,1,2
462586,0,6,1,7
462591,0,6,1,7
462593,0,6,1,7
462784,0,1,1,2
462785,0,1,1,2
462928,0,1,1,2
462946,1,0,2,1
462951,0,1,1,2
463041,0,1,1,2
463072,0,6,1,7
463079,0,6,1,7
463322,0,1,1,2
463325,1,0,2,1
463445,0,1,1,2
463469,1,0,2,1
463472,1,0,2,1
463490,0,1,1,2
463570,0,6,1,7
463571,0,6,1,7
463728,6,0,7,1
463917,0,1,1,2
463983,0,1,1,2
464028,0,1,1,2
464069,0,6,1,7
464222,6,0,7,1
464330,0,1,1,2
464356,0,1,1,2
464432,1,0,2,1
464436,0,1,1,2
464648,0,6,1,7
464808,1,0,2,1
464832,0,1,1,2
464859,0,1,1,2
464865,0,1,1,2
464919,0,1,1,2
464926,0,1,1,2
464931,1,0,2,1
464937,0,1,1,2
464982,0,1,1,2
465037,0,6,1,7
465041,0,6,1,7
465080,0,6,1,7
465148,0,6,1,7
465337,0,1,1,2
465361,0,1,1,2
465421,0,1,1,2
465431,1,0,2,1
465432,1,0,2,1
465433,0,1,1,2
465541,0,6,1,7
465554,0,6,1,7
465584,0,6,1,7
465727,6,0,7,1
465729,6,0,7,1
465804,1,0,2,1
465853,0,1,1,2
465920,0,1,1,2
465921,0,1,1,2
465923,0,1,1,2
465924,0,1,1,2
465925,1,0,2,1
465971,0,1,1,2
465973,0,1,1,2
465976,0,1,1,2
466083,0,6,1,7
466086,0,6,1,7
466087,0,6,1,7
466225,6,0,7,1
466227,6,0,7,1
466237,0,1,1,2
466346,0,1,1,2
466347,0,1,1,2
466349,0,1,1,2
466389,1,0,2,1
466406,0,1,1,2
466413,0,1,1,2
466414,0,1,1,2
466421,0,1,1,2
466423,0,1,1,2
466463,0,1,1,2
466465,0,1,1,2
466518,1,0,2,1
466579,0,6,1,7
466583,0,6,1,7
466632,6,0,7,1
466715,6,0,7,1
466812,0,1,1,2
466818,0,1,1,2
466833,0,1,1,2
466874,1,0,2,1
466875,1,0,2,1
466876,1,0,2,1
466895,0,1,1,2
466897,0,1,1,2
466907,0,1,1,2
466948,0,1,1,2
467018,0,6,1,7
467028,6,0,7,1
467064,0,6,1,7
467257,1,0,2,1
467292,0,1,1,2
467299,0,1,1,2
467313,0,1,1,2
467314,0,1,1,2
467375,0,1,1,2
467376,0,1,1,2
467385,0,1,1,2
467391,1,0,2,1
467424,0,1,1,2
467425,0,1,1,2
467439,0,1,1,2
467509,0,6,1,7
467545,0,6,1,7
467678,6,0,7,1
467730,0,1,1,2
467733,0,1,1,2
467737,1,0,2,1
467777,0,1,1,2
467783,0,1,1,2
467801,1,0,2,1
467840,1,0,2,1
467864,0,1,1,2
467912,0,1,1,2
467923,0,1,1,2
467994,0,1,1,2
468116,0,6,1,7
468122,0,6,1,7
468163,6,0,7,1
468210,1,0,2,1
468225,1,0,2,1
468268,0,1,1,2
468348,0,1,1,2
468357,0,1,1,2
468358,0,1,1,2
468567,0,1,1,2
468592,0,6,1,7
468594,0,6,1,7
468611,0,6,1,7
468691,1,0,2,1
468704,1,0,2,1
468707,1,0,2,1
468740,1,0,2,1
468742,0,1,1,2
468749,0,1,1,2
468811,0,1,1,2
468879,1,0,2,1
468900,0,1,1,2
468956,0,6,1,7
469056,0,6,1,7
469079,6,0,7,1
469094,0,1,1,2
469105,6,0,7,1
469152,1,0,2,1
469171,1,0,2,1
469415,1,0,2,1
469416,1,0,2,1
469422,0,6,1,7
469509,0,6,1,7
469510,0,6,1,7
469511,0,6,1,7
469542,6,1,7,2
469556,0,1,1,2
469571,0,1,1,2
469576,0,1,1,2
469677,0,1,1,2
469680,0,1,1,2
469682,0,1,1,2
469683,0,1,1,2
469762,0,1,1,2
469881,1,0,2,1
469967,6,0,7,1
469975,0,6,1,7
470005,6,1,7,2
470007,6,1,7,2
470009,0,1,1,2
470029,0,1,1,2
470031,0,1,1,2
470032,0,1,1,2
470034,0,1,1,2
470036,0,1,1,2
470076,1,0,2,1
470099,1,0,2,1
470137,0,1,1,2
470141,0,1,1,2
470143,0,1,1,2
470220,0,1,1,2
470265,0,1,1,2
470267,0,1,1,2
470323,1,0,2,1
470470,0,1,1,2
470477,0,1,1,2
470523,1,0,2,1
470524,1,0,2,1
470525,1,0,2,1
470641,0,1,1,2
470649,0,1,1,2
470705,0,1,1,2
470731,0,1,1,2
470740,1,0,2,1
470774,1,0,2,1
470777,1,0,2,1
470887,6,1,7,2
470892,0,1,1,2
470904,0,1,1,2
470917,0,1,1,2
470918,0,1,1,2
470976,1,0,2,1
470977,1,0,2,1
470981,1,0,2,1
471069,1,0,2,1
471076,0,1,1,2
471077,0,1,1,2
471126,1,0,2,1
471160,0,1,1,2
471168,1,0,2,1
471170,1,0,2,1
471173,1,0,2,1
471188,1,0,2,1
471202,1,0,2,1
471206,1,0,2,1
471313,6,1,7,2
471323,0,1,1,2
471324,0,1,1,2
471340,0,1,1,2
471366,0,1,1,2
471372,1,0,2,1
471398,1,0,2,1
471440,1,0,2,1
471492,0,1,1,2
471550,1,0,2,1
471556,0,1,1,2
471557,0,1,1,2
471584,0,1,1,2
471591,1,0,2,1
471592,1,0,2,1
471593,1,0,2,1
471600,1,0,2,1
471627,1,0,2,1
471631,1,0,2,1
471697,0,6,1,7
471700,0,6,1,7
471702,0,6,1,7
471748,1,0,2,1
471749,1,0,2,1
471816,1,0,2,1
471863,1,0,2,1
471864,1,0,2,1
471907,0,1,1,2
471910,0,1,1,2
471972,0,1,1,2
472010,1,0,2,1
472040,1,0,2,1
472049,1,0,2,1
472050,1,0,2,1
472123,0,6,1,7
472125,0,6,1,7
472165,1,0,2,1
472166,1,0,2,1
472174,1,0,2,1
472177,1,0,2,1
472186,1,0,2,1
472231,1,0,2,1
472287,1,0,2,1
472321,0,1,1,2
472418,0,1,1,2
472434,1,0,2,1
472436,1,0,2,1
472459,1,0,2,1
472461,1,0,2,1
472468,1,0,2,1
472530,0,6,1,7
472533,0,6,1,7
472535,0,6,1,7
472557,0,1,1,2
472577,1,0,2,1
472578,1,0,2,1
472583,1,0,2,1
472584,1,0,2,1
472592,1,0,2,1
472595,1,0,2,1
472596,1,0,2,1
472597,1,0,2,1
472598,1,0,2,1
472691,1,0,2,1
472730,0,1,1,2
472734,0,1,1,2
472737,0,1,1,2
472799,0,1,1,2
472800,0,1,1,2
472825,0,1,1,2
472826,0,1,1,2
472832,1,0,2,1
472973,0,6,1,7
472998,1,0,2,1
473005,1,0,2,1
473009,1,0,2,1
473012,1,0,2,1
473014,1,0,2,1
473055,1,0,2,1
473142,0,1,1,2
473148,0,1,1,2
473240,1,0,2,1
473245,1,0,2,1
473247,1,0,2,1
473248,1,0,2,1
473252,1,0,2,1
473383,0,6,1,7
473385,0,6,1,7
473395,1,0,2,1
473398,1,0,2,1
473400,1,0,2,1
473421,1,0,2,1
473425,1,0,2,1
473464,1,0,2,1
473499,0,1,1,2
473567,0,1,1,2
473634,0,1,1,2
473643,1,0,2,1
473645,1,0,2,1
473655,1,0,2,1
473658,1,0,2,1
473669,1,0,2,1
473686,1,0,2,1
473785,1,0,2,1
473792,1,0,2,1
473797,1,0,2,1
473800,1,0,2,1
473801,1,0,2,1
473807,1,0,2,1
474000,0,1,1,2
474038,1,0,2,1
474163,1,0,2,1
474167,1,0,2,1
474176,1,0,2,1
474264,0,1,1,2
474266,0,1,1,2
474267,0,1,1,2
474282,0,1,1,2
474368,0,1,1,2
474371,0,1,1,2
474380,0,1,1,2
474438,1,0,2,1
474459,6,0,7,1
474520,1,0,2,1
474521,1,0,2,1
474523,1,0,2,1
474622,0,1,1,2
474636,0,1,1,2
474637,0,1,1,2
474638,0,1,1,2
474866,1,0,2,1
474955,0,1,1,2
474956,0,1,1,2
474965,0,1,1,2
474972,0,1,1,2
474979,0,1,1,2
475066,0,1,1,2
475067,0,1,1,2
475202,0,1,1,2
475267,1,0,2,1
475291,0,1,1,2
475298,0,1,1,2
475299,0,1,1,2
475313,0,1,1,2
475385,0,1,1,2
475388,0,1,1,2
475394,0,1,1,2
475436,1,0,2,1
475440,1,0,2,1
475486,0,6,1,7
475596,1,0,2,1
475618,0,1,1,2
475622,0,1,1,2
475630,0,1,1,2
475631,0,1,1,2
475717,0,1,1,2
475723,0,1,1,2
475768,1,0,2,1
475861,0,1,1,2
475862,0,1,1,2
475918,1,0,2,1
475958,0,1,1,2
475960,0,1,1,2
475961,0,1,1,2
475962,0,1,1,2
476039,0,1,1,2
476047,0,1,1,2
476093,1,0,2,1
476172,0,1,1,2
476254,0,1,1,2
476267,0,1,1,2
476271,0,1,1,2
476273,0,1,1,2
476354,0,1,1,2
476394,1,0,2,1
476399,1,0,2,1
476553,0,1,1,2
476566,0,1,1,2
476567,0,1,1,2
476571,0,1,1,2
476572,0,1,1,2
476601,0,1,1,2
476649,0,1,1,2
476825,1,0,2,1
476848,0,1,1,2
476870,0,1,1,2
476871,0,1,1,2
476899,0,1,1,2
476942,0,1,1,2
476945,0,1,1,2
476946,0,1,1,2
476947,0,1,1,2
476948,0,1,1,2
476950,0,1,1,2
476951,0,1,1,2
477129,1,0,2,1
477130,1,0,2,1
477148,0,1,1,2
477166,0,1,1,2
477173,0,1,1,2
477246,0,1,1,2
477249,0,1,1,2
477284,0,1,1,2
477293,1,0,2,1
477332,0,6,1,7
477372,1,0,2,1
477383,1,0,2,1
477420,1,0,2,1
477443,0,1,1,2
477446,0,1,1,2
477449,0,1,1,2
477459,0,1,1,2
477460,0,1,1,2
477536,0,1,1,2
477579,0,1,1,2
477651,1,0,2,1
477662,1,0,2,1
477676,1,0,2,1
477711,1,0,2,1
477737,0,1,1,2
477760,0,1,1,2
477785,0,1,1,2
477824,0,1,1,2
477825,0,1,1,2
477830,0,1,1,2
477867,0,1,1,2
477868,0,1,1,2
477873,1,0,2,1
477876,1,0,2,1
478024,0,1,1,2
478029,0,1,1,2
478040,0,1,1,2
478112,0,1,1,2
478114,0,1,1,2
478117,0,1,1,2
478118,0,1,1,2
478120,0,1,1,2
478143,1,0,2,1
478157,0,1,1,2
478161,1,0,2,1
478164,1,0,2,1
478202,0,6,1,7
478204,0,6,1,7
478206,0,6,1,7
478212,0,6,1,7
478247,1,0,2,1
478314,0,1,1,2
478326,0,1,1,2
478327,0,1,1,2
478328,0,1,1,2
478334,0,1,1,2
478355,0,1,1,2
478397,0,1,1,2
478399,0,1,1,2
478436,1,0,2,1
478488,0,6,1,7
478513,1,0,2,1
478519,1,0,2,1
478591,0,1,1,2
478592,0,1,1,2
478597,0,1,1,2
478618,0,1,1,2
478671,0,1,1,2
478706,1,0,2,1
478750,6,0,7,1
478755,0,6,1,7
478787,1,0,2,1
478843,0,1,1,2
478864,0,1,1,2
478970,1,0,2,1
478984,1,0,2,1
479015,6,0,7,1
479053,1,0,2,1
479112,0,1,1,2
479113,0,1,1,2
479238,1,0,2,1
479239,1,0,2,1
479247,1,0,2,1
479253,1,0,2,1
479285,6,0,7,1
479315,1,0,2,1
479320,1,0,2,1
479324,1,0,2,1
479325,1,0,2,1
479402,0,1,1,2
479404,0,1,1,2
479410,0,1,1,2
479421,0,1,1,2
479591,1,0,2,1
479650,0,1,1,2
479677,0,1,1,2
479678,0,1,1,2
479749,1,0,2,1
479849,1,0,2,1
479851,1,0,2,1
479853,1,0,2,1
479923,0,1,1,2
479943,0,1,1,2
479944,0,1,1,2
479945,0,1,1,2
480016,1,0,2,1
480048,1,0,2,1
480054,1,0,2,1
480059,1,0,2,1
480121,1,0,2,1
480124,1,0,2,1
480125,1,0,2,1
480239,0,1,1,2
480240,0,1,1,2
480326,1,0,2,1
480328,1,0,2,1
480378,0,6,1,7
480404,1,0,2,1
480481,0,1,1,2
480498,0,1,1,2
480504,1,0,2,1
480525,0,1,1,2
480611,1,0,2,1
480655,0,6,1,7
480656,0,6,1,7
480761,0,1,1,2
480880,1,0,2,1
480928,0,6,1,7
481077,0,1,1,2
481155,1,0,2,1
481156,1,0,2,1
481310,0,1,1,2
481311,0,1,1,2
481327,1,0,2,1
481337,0,1,1,2
481338,0,1,1,2
481572,0,1,1,2
481575,0,1,1,2
481589,1,0,2,1
481594,1,0,2,1
481595,1,0,2,1
481688,1,0,2,1
481692,1,0,2,1
481837,0,1,1,2
481855,1,0,2,1
481865,0,1,1,2
481867,0,1,1,2
481868,0,1,1,2
481870,0,1,1,2
482148,1,0,2,1
482149,1,0,2,1
482151,1,0,2,1
482154,1,0,2,1
482160,0,1,1,2
482161,0,1,1,2
482163,0,1,1,2
482166,0,1,1,2
482432,1,0,2,1
482435,1,0,2,1
482461,1,0,2,1
482463,1,0,2,1
482464,1,0,2,1
482471,0,1,1,2
482477,0,1,1,2
482645,0,6,1,7
482762,1,0,2,1
482926,1,0,2,1
483087,1,0,2,1
483113,1,0,2,1
483115,1,0,2,1
483249,1,0,2,1
483446,1,0,2,1
483488,1,0,2,1
483588,1,0,2,1
483877,1,0,2,1
483878,1,0,2,1
483916,1,0,2,1
483953,6,0,7,1
484142,1,0,2,1
484145,1,0,2,1
484146,1,0,2,1
484199,1,0,2,1
484266,0,1,1,2
484472,0,1,1,2
484574,0,1,1,2
484578,0,1,1,2
484889,0,1,1,2
484892,0,1,1,2
484964,1,0,2,1
485096,1,0,2,1
485103,1,0,2,1
485190,0,1,1,2
485416,1,0,2,1
485570,1,6,2,7
485738,1,0,2,1
485813,1,0,2,1
485924,0,1,1,2
485926,0,1,1,2
485952,1,0,2,1
486076,0,1,1,2
486080,0,1,1,2
486257,0,1,1,2
486259,0,1,1,2
486514,1,0,2,1
486631,0,1,1,2
486632,0,1,1,2
486636,0,1,1,2
486640,0,1,1,2
486927,6,1,7,2
486998,0,1,1,2
487187,0,1,1,2
487243,1,0,2,1
487396,0,1,1,2
487440,0,1,1,2
487660,0,1,1,2
487667,0,1,1,2
487704,1,6,2,7
487775,0,1,1,2
487776,0,1,1,2
487781,0,1,1,2
487782,0,1,1,2
487784,0,1,1,2
488011,1,0,2,1
488036,0,1,1,2
488039,0,1,1,2
488046,0,1,1,2
488083,1,6,2,7
488085,1,6,2,7
488162,0,1,1,2
488365,1,4,2,5
488393,1,0,2,1
488398,1,0,2,1
488420,0,1,1,2
488423,0,1,1,2
488435,1,0,2,1
488520,0,1,1,2
488810,0,1,1,2
488867,6,1,7,2
488901,0,1,1,2
489008,0,1,1,2
489030,1,0,2,1
489104,1,0,2,1
489142,1,4,2,5
489190,0,1,1,2
489215,6,1,7,2
489282,0,1,1,2
489325,0,1,1,2
489428,1,0,2,1
489430,1,0,2,1
489489,1,0,2,1
489574,0,1,1,2
489575,0,1,1,2
489594,0,1,1,2
489781,0,1,1,2
489782,0,1,1,2
489818,1,0,2,1
489819,1,0,2,1
489820,1,0,2,1
489877,1,0,2,1
489948,0,1,1,2
490065,0,1,1,2
490088,0,1,1,2
490112,1,0,2,1
490179,0,1,1,2
490182,0,1,1,2
490203,1,0,2,1
490206,1,0,2,1
490215,1,0,2,1
490217,1,0,2,1
490224,1,0,2,1
490227,1,0,2,1
490281,0,1,1,2
490338,1,4,2,5
490361,0,1,1,2
490409,6,1,7,2
490459,0,1,1,2
490474,0,1,1,2
490490,0,1,1,2
490495,0,1,1,2
490510,0,1,1,2
490520,1,0,2,1
490584,0,1,1,2
490585,0,1,1,2
490613,1,0,2,1
490735,0,1,1,2
490865,0,1,1,2
490906,0,1,1,2
490926,1,0,2,1
490991,0,1,1,2
491019,1,0,2,1
491022,1,0,2,1
491033,1,0,2,1
491035,1,0,2,1
491036,1,0,2,1
491041,1,0,2,1
491098,1,0,2,1
491134,1,0,2,1
491157,1,4,2,5
491158,1,4,2,5
491215,0,1,1,2
491252,1,0,2,1
491274,0,1,1,2
491297,0,1,1,2
491304,0,1,1,2
491332,0,1,1,2
491333,0,1,1,2
491335,0,1,1,2
491453,1,0,2,1
491455,1,0,2,1
491468,1,0,2,1
491524,0,1,1,2
491529,0,1,1,2
491535,1,0,2,1
491568,1,0,2,1
491590,1,0,2,1
491645,0,1,1,2
491646,0,1,1,2
491657,6,1,7,2
491678,1,6,2,7
491734,0,1,1,2
491761,0,1,1,2
491847,0,1,1,2
491897,1,0,2,1
491907,1,0,2,1
491908,1,0,2,1
491958,1,0,2,1
491962,1,0,2,1
491969,1,0,2,1
492012,0,1,1,2
492014,1,0,2,1
492040,0,1,1,2
492058,1,0,2,1
492109,1,6,2,7
492111,1,6,2,7
492116,1,0,2,1
492132,0,1,1,2
492164,0,1,1,2
492168,0,1,1,2
492175,0,1,1,2
492176,0,1,1,2
492193,0,1,1,2
492326,1,0,2,1
492327,1,0,2,1
492394,1,0,2,1
492442,0,1,1,2
492443,0,1,1,2
492444,0,1,1,2
492473,0,1,1,2
492475,0,1,1,2
492548,1,0,2,1
492559,0,1,1,2
492588,0,1,1,2
492589,0,1,1,2
492601,0,1,1,2
492606,0,1,1,2
492753,1,0,2,1
492760,1,0,2,1
492773,1,0,2,1
492824,1,0,2,1
492830,1,0,2,1
492883,0,1,1,2
492920,0,1,1,2
492944,0,1,1,2
492945,0,1,1,2
492956,6,1,7,2
492987,1,6,2,7
492989,1,0,2,1
493003,0,1,1,2
493005,0,1,1,2
493033,0,1,1,2
493036,0,1,1,2
493040,0,1,1,2
493050,0,1,1,2
493097,1,0,2,1
493178,0,1,1,2
493199,1,0,2,1
493268,0,1,1,2
493380,0,1,1,2
493428,0,6,1,7
493429,0,6,1,7
493430,0,6,1,7
493431,0,6,1,7
493482,0,1,1,2
493485,0,1,1,2
493487,0,1,1,2
493508,1,0,2,1
493543,1,0,2,1
493624,0,1,1,2
493625,0,1,1,2
493666,1,0,2,1
493724,1,0,2,1
493729,1,0,2,1
493905,0,1,1,2
493931,0,1,1,2
493932,0,1,1,2
493933,0,1,1,2
493948,0,1,1,2
494075,0,1,1,2
494121,1,0,2,1
494191,1,0,2,1
494192,1,0,2,1
494194,1,0,2,1
494286,0,1,1,2
494342,0,6,1,7
494396,0,1,1,2
494424,1,0,2,1
494512,1,0,2,1
494541,0,1,1,2
494546,0,1,1,2
494602,1,0,2,1
494651,0,1,1,2
494667,1,0,2,1
494764,0,1,1,2
494783,0,1,1,2
494784,0,1,1,2
494788,0,1,1,2
494801,6,1,7,2
494815,0,6,1,7
494816,0,6,1,7
494868,0,1,1,2
494870,0,1,1,2
494871,0,1,1,2
494872,0,1,1,2
494884,0,1,1,2
494938,1,0,2,1
494955,0,1,1,2
494989,1,0,2,1
494999,0,1,1,2
495003,0,1,1,2
495299,6,1,7,2
495322,0,6,1,7
495346,0,1,1,2
495372,0,1,1,2
495373,0,1,1,2
495374,0,1,1,2
495378,0,1,1,2
495480,0,1,1,2
495514,0,1,1,2
495542,0,1,1,2
495543,0,1,1,2
495635,0,1,1,2
495636,0,1,1,2
495671,1,0,2,1
495687,1,0,2,1
495734,0,1,1,2
495764,0,1,1,2
495817,0,6,1,7
495818,0,6,1,7
495820,0,6,1,7
495822,0,6,1,7
495851,0,1,1,2
495871,0,1,1,2
495872,0,1,1,2
495877,0,1,1,2
495879,0,1,1,2
495978,0,1,1,2
496051,0,1,1,2
496059,0,4,1,5
496061,0,4,1,5
496066,0,4,1,5
496192,1,0,2,1
496194,1,0,2,1
496195,1,0,2,1
496196,1,0,2,1
496278,0,1,1,2
496339,0,6,1,7
496348,6,0,7,1
496367,0,1,1,2
496387,0,1,1,2
496393,0,1,1,2
496394,0,1,1,2
496400,0,1,1,2
496405,0,1,1,2
496416,0,1,1,2
496465,1,0,2,1
496497,1,0,2,1
496577,0,1,1,2
496582,0,1,1,2
496691,1,0,2,1
496716,1,0,2,1
496833,6,1,7,2
496870,0,6,1,7
496948,0,1,1,2
497023,1,0,2,1
497140,0,4,1,5
497141,0,4,1,5
497263,1,0,2,1
497407,0,6,1,7
497409,0,6,1,7
497503,1,0,2,1
497504,1,0,2,1
497506,1,0,2,1
497507,1,0,2,1
497667,0,1,1,2
497691,0,4,1,5
497739,1,0,2,1
497768,0,1,1,2
497779,0,1,1,2
497859,1,0,2,1
497913,0,1,1,2
498062,1,0,2,1
498077,1,0,2,1
498078,1,0,2,1
498158,0,1,1,2
498248,0,4,1,5
498251,0,1,1,2
498252,0,1,1,2
498291,1,0,2,1
498318,0,1,1,2
498319,0,1,1,2
498320,0,1,1,2
498325,0,1,1,2
498331,0,1,1,2
498448,0,1,1,2
498454,1,0,2,1
498456,0,1,1,2
498615,1,0,2,1
498628,1,0,2,1
498669,0,1,1,2
498709,0,1,1,2
498801,0,4,1,5
498808,0,1,1,2
498841,1,0,2,1
498872,0,1,1,2
498875,0,1,1,2
498878,0,1,1,2
498879,0,1,1,2
498885,0,1,1,2
498887,0,1,1,2
498894,1,0,2,1
498897,1,0,2,1
498920,1,0,2,1
499093,0,6,1,7
499131,0,1,1,2
499132,0,1,1,2
499164,1,0,2,1
499169,1,0,2,1
499180,1,0,2,1
499181,1,0,2,1
499246,0,1,1,2
499353,0,4,1,5
499360,0,1,1,2
499365,0,1,1,2
499402,1,0,2,1
499430,0,1,1,2
499431,0,1,1,2
499435,0,1,1,2
499443,0,1,1,2
499445,0,1,1,2
499454,1,0,2,1
499455,1,0,2,1
499489,1,0,2,1
499573,1,0,2,1
499697,0,1,1,2
499698,0,1,1,2
499729,0,1,1,2
499732,1,0,2,1
499735,1,0,2,1
499736,1,0,2,1
499744,0,1,1,2
499745,0,1,1,2
499830,0,1,1,2
499884,0,1,1,2
499929,0,1,1,2
499936,0,1,1,2
499937,0,1,1,2
499942,0,1,1,2
499970,1,0,2,1
499972,1,0,2,1
500014,0,1,1,2
500016,0,1,1,2
500017,0,1,1,2
500065,1,0,2,1
500077,1,0,2,1
500138,1,0,2,1
500157,0,1,1,2
500225,0,6,1,7
500261,0,1,1,2
500289,0,1,1,2
500310,0,1,1,2
500392,0,1,1,2
500396,0,1,1,2
500446,0,1,1,2
500505,0,1,1,2
500506,0,1,1,2
500507,0,1,1,2
500563,0,1,1,2
500564,0,1,1,2
500712,1,0,2,1
500713,1,0,2,1
500784,0,6,1,7
500786,0,6,1,7
500958,0,1,1,2
501067,0,1,1,2
501075,0,1,1,2
501124,0,1,1,2
501394,0,1,1,2
501513,0,1,1,2
501515,0,1,1,2
501578,0,1,1,2
501606,0,1,1,2
501614,0,4,1,5
501626,0,1,1,2
501642,0,1,1,2
501696,0,1,1,2
501840,0,1,1,2
501852,1,0,2,1
501910,0,6,1,7
501950,1,0,2,1
501998,0,1,1,2
502135,0,1,1,2
502175,0,1,1,2
502191,0,1,1,2
502239,1,0,2,1
502240,1,0,2,1
502246,1,0,2,1
502250,0,1,1,2
502360,1,0,2,1
502402,1,0,2,1
502465,0,6,1,7
502555,0,1,1,2
502558,0,4,1,5
502746,0,4,1,5
502758,0,1,1,2
502760,0,1,1,2
502761,0,1,1,2
502809,1,0,2,1
502923,1,0,2,1
502925,1,0,2,1
502964,1,0,2,1
503052,0,1,1,2
503107,0,4,1,5
503110,0,4,1,5
503111,0,4,1,5
503112,0,4,1,5
503303,0,1,1,2
503593,0,1,1,2
503594,0,1,1,2
503644,0,1,1,2
503647,0,1,1,2
504135,0,1,1,2
504136,0,1,1,2
504196,0,4,1,5
504249,1,0,2,1
504256,0,1,1,2
504276,0,1,1,2
504379,1,4,2,5
504383,4,1,5,2
504460,1,0,2,1
504617,0,1,1,2
504619,1,0,2,1
504653,0,6,1,7
504678,0,1,1,2
504731,0,1,1,2
504735,0,4,1,5
504793,0,1,1,2
504881,1,0,2,1
504921,4,1,5,2
505131,1,0,2,1
505133,1,0,2,1
505171,1,0,2,1
505225,0,1,1,2
505276,0,1,1,2
505420,1,0,2,1
505460,1,4,2,5
505681,1,0,2,1
505682,1,0,2,1
505824,0,1,1,2
505834,0,1,1,2
505960,0,1,1,2
506018,0,1,1,2
506021,0,1,1,2
506119,1,0,2,1
506241,1,0,2,1
506309,0,6,1,7
506311,0,6,1,7
506330,0,6,1,7
506386,0,1,1,2
506521,0,1,1,2
506522,0,1,1,2
506570,0,1,1,2
506596,0,1,1,2
506676,1,0,2,1
506855,0,6,1,7
507138,0,1,1,2
507139,0,1,1,2
507140,0,1,1,2
507141,0,1,1,2
507342,0,1,1,2
507344,0,1,1,2
507405,0,6,1,7
507463,0,1,1,2
507608,0,1,1,2
507649,4,1,5,2
507679,0,1,1,2
507706,0,1,1,2
507768,0,1,1,2
507890,0,1,1,2
508003,0,1,1,2
508198,0,1,1,2
508199,1,5,2,6
508218,0,1,1,2
508219,0,1,1,2
508222,0,1,1,2
508493,0,6,1,7
508790,0,1,1,2
508852,0,1,1,2
508893,0,1,1,2
508957,1,0,2,1
508960,0,1,1,2
509041,0,6,1,7
509042,0,6,1,7
509215,1,0,2,1
509268,1,0,2,1
509291,0,1,1,2
509390,0,6,1,7
509392,0,1,1,2
509498,1,0,2,1
509500,0,1,1,2
509501,0,1,1,2
509503,0,1,1,2
509521,0,1,1,2
509599,6,1,7,2
509600,6,1,7,2
509601,6,1,7,2
509615,0,1,1,2
509761,0,1,1,2
509847,0,1,1,2
509868,0,1,1,2
509927,0,6,1,7
509939,1,0,2,1
510039,0,1,1,2
510133,6,1,7,2
510257,1,0,2,1
510265,0,1,1,2
510276,0,1,1,2
510382,0,1,1,2
510384,1,0,2,1
510456,1,0,2,1
510765,0,1,1,2
510766,0,1,1,2
510776,0,1,1,2
510900,1,0,2,1
511267,0,1,1,2
511304,4,1,5,2
511358,0,1,1,2
511360,0,1,1,2
511458,0,1,1,2
511555,0,1,1,2
511647,6,1,7,2
511739,0,1,1,2
511758,0,1,1,2
511796,1,0,2,1
511848,0,1,1,2
511950,0,6,1,7
511952,0,1,1,2
511953,0,1,1,2
512221,1,0,2,1
512231,0,1,1,2
512304,0,1,1,2
512323,0,1,1,2
512342,0,1,1,2
512371,1,0,2,1
512432,0,1,1,2
512529,0,1,1,2
512613,6,0,7,1
512706,1,0,2,1
512708,1,0,2,1
512759,0,1,1,2
512803,0,1,1,2
512825,0,1,1,2
512847,0,1,1,2
512857,1,0,2,1
512859,1,0,2,1
512908,0,6,1,7
512986,1,0,2,1
512988,1,0,2,1
513188,1,0,2,1
513270,0,1,1,2
513344,1,0,2,1
513345,1,0,2,1
513346,1,0,2,1
513400,0,6,1,7
513404,0,1,1,2
513667,1,0,2,1
513679,0,1,1,2
513683,0,1,1,2
513684,0,1,1,2
513717,4,0,5,1
513775,0,1,1,2
513842,1,0,2,1
513902,0,1,1,2
513905,0,1,1,2
513971,1,0,2,1
513982,1,0,2,1
514152,0,1,1,2
514161,1,0,2,1
514165,0,1,1,2
514169,0,1,1,2
514196,4,1,5,2
514325,1,0,2,1
514331,1,0,2,1
514388,0,6,1,7
514394,0,1,1,2
514640,1,0,2,1
514651,1,0,2,1
514656,0,1,1,2
514665,0,1,1,2
514704,1,0,2,1
514732,0,1,1,2
514734,0,1,1,2
514821,1,0,2,1
514884,0,1,1,2
514889,0,1,1,2
515063,6,0,7,1
515124,1,0,2,1
515125,1,0,2,1
515151,0,1,1,2
515216,0,1,1,2
515367,0,1,1,2
515370,0,1,1,2
515378,1,0,2,1
515469,1,0,2,1
515550,6,0,7,1
515619,1,0,2,1
515621,1,0,2,1
515703,0,1,1,2
515852,0,6,1,7
515854,0,1,1,2
515857,0,1,1,2
516044,0,6,1,7
516046,0,6,1,7
516095,1,0,2,1
516530,0,6,1,7
516584,1,0,2,1
516627,1,0,2,1
516633,4,1,5,2
516677,0,1,1,2
516828,0,6,1,7
516831,0,1,1,2
516924,1,0,2,1
516964,0,1,1,2
517022,0,6,1,7
517135,1,0,2,1
517321,0,6,1,7
517324,0,1,1,2
517440,1,0,2,1
517443,1,0,2,1
517445,1,0,2,1
517461,1,0,2,1
517462,1,0,2,1
517514,0,6,1,7
517566,1,0,2,1
517662,0,1,1,2
517818,0,6,1,7
517819,0,6,1,7
517930,1,0,2,1
517935,1,0,2,1
517962,0,1,1,2
517964,0,1,1,2
518104,4,1,5,2
518424,1,0,2,1
518444,1,0,2,1
518452,0,1,1,2
518455,1,0,2,1
518529,0,1,1,2
518586,4,0,5,1
518609,0,1,1,2
518631,0,1,1,2
518781,0,6,1,7
518782,1,6,2,7
518835,0,1,1,2
518901,1,0,2,1
518967,0,6,1,7
519011,1,0,2,1
519061,0,1,1,2
519079,1,0,2,1
519257,1,6,2,7
519380,1,0,2,1
519382,1,0,2,1
519414,1,0,2,1
519431,1,0,2,1
519726,1,6,2,7
519849,1,0,2,1
519866,0,1,1,2
520000,4,0,5,1
520020,1,0,2,1
520047,0,1,1,2
520048,0,1,1,2
520049,0,1,1,2
520051,0,1,1,2
520315,1,0,2,1
520317,1,0,2,1
520319,1,0,2,1
520336,0,1,1,2
520354,1,0,2,1
520371,1,0,2,1
520513,0,1,1,2
520515,0,1,1,2
520777,1,0,2,1
520782,1,0,2,1
520816,1,0,2,1
520829,1,0,2,1
520831,1,0,2,1
520972,0,1,1,2
520974,0,1,1,2
521274,1,0,2,1
521288,1,0,2,1
521290,1,0,2,1
521422,1,0,2,1
521431,0,1,1,2
521432,0,1,1,2
521435,0,1,1,2
521436,0,1,1,2
521700,0,1,1,2
521701,0,1,1,2
521726,1,0,2,1
521781,1,0,2,1
521884,0,1,1,2
521895,0,1,1,2
522053,0,1,1,2
522158,1,0,2,1
522179,1,0,2,1
523065,0,1,1,2
523094,1,0,2,1
523109,0,1,1,2
523110,0,1,1,2
523123,6,0,7,1
523152,1,0,2,1
523153,1,0,2,1
523201,0,1,1,2
523370,6,1,7,2
523509,1,0,2,1
523511,1,0,2,1
523973,0,1,1,2
524034,6,0,7,1
524037,6,0,7,1
524040,6,0,7,1
524067,1,0,2,1
524068,1,0,2,1
524069,1,0,2,1
524070,1,0,2,1
524166,1,0,2,1
524350,0,1,1,2
524485,0,1,1,2
524913,1,0,2,1
524979,0,6,1,7
525383,1,0,2,1
525431,0,1,1,2
525458,0,6,1,7
525501,1,0,2,1
525571,0,1,1,2
525680,0,1,1,2
525899,0,1,1,2
525939,0,6,1,7
525965,0,1,1,2
525970,1,0,2,1
526053,0,1,1,2
526404,1,0,2,1
526405,1,0,2,1
526414,0,6,1,7
526416,0,6,1,7
526439,0,1,1,2
526441,0,1,1,2
526447,1,0,2,1
526453,1,0,2,1
526891,1,0,2,1
526893,1,0,2,1
526899,0,6,1,7
526933,1,0,2,1
526937,1,0,2,1
527013,0,1,1,2
527254,0,1,1,2
527408,1,0,2,1
527832,1,0,2,1
528057,0,1,1,2
528276,1,0,2,1
528295,1,0,2,1
528932,0,1,1,2
529209,1,0,2,1
529682,1,0,2,1
530443,0,1,1,2
530801,6,1,7,2
531238,0,1,1,2
531242,0,1,1,2
531704,0,1,1,2
531831,0,6,1,7
532001,0,6,1,7
532413,0,6,1,7
532414,0,6,1,7
532478,0,1,1,2
532481,0,1,1,2
532706,0,1,1,2
532707,0,1,1,2
532820,0,6,1,7
532889,0,1,1,2
533102,0,1,1,2
533219,0,6,1,7
533221,0,6,1,7
533483,0,1,1,2
533658,0,1,1,2
533693,0,1,1,2
533969,0,1,1,2
534021,0,1,1,2
534055,0,1,1,2
534056,0,1,1,2
534065,0,1,1,2
534210,0,1,1,2
534241,0,1,1,2
534242,0,1,1,2
534245,0,1,1,2
534248,0,1,1,2
534337,6,0,7,1
534413,0,1,1,2
534476,0,1,1,2
534663,0,1,1,2
534674,6,0,7,1
534679,6,0,7,1
534744,0,1,1,2
534745,0,1,1,2
534815,0,1,1,2
534817,0,1,1,2
535232,1,0,2,1
535245,1,0,2,1
535313,6,0,7,1
535439,0,1,1,2
535533,1,0,2,1
535666,0,1,1,2
535735,0,1,1,2
535790,0,1,1,2
535949,0,1,1,2
535961,0,1,1,2
536010,0,1,1,2
536014,0,1,1,2
536015,0,1,1,2
536095,1,0,2,1
536097,1,0,2,1
536113,0,1,1,2
536224,0,1,1,2
536241,0,1,1,2
536285,0,1,1,2
536288,0,1,1,2
536290,0,1,1,2
536291,0,1,1,2
536293,0,1,1,2
536335,0,1,1,2
536337,0,1,1,2
536378,0,1,1,2
536448,6,1,7,2
536494,0,1,1,2
536517,0,1,1,2
536562,0,1,1,2
536566,1,0,2,1
536610,0,1,1,2
536646,1,0,2,1
536655,0,1,1,2
536857,1,0,2,1
537063,0,1,1,2
537133,0,1,1,2
537343,0,1,1,2
537344,0,1,1,2
537369,0,1,1,2
537380,1,0,2,1
537591,1,0,2,1
537625,0,1,1,2
537655,0,1,1,2
537657,0,1,1,2
537667,1,0,2,1
537840,0,6,1,7
537864,6,0,7,1
537865,6,0,7,1
537886,6,0,7,1
537906,0,1,1,2
538074,0,1,1,2
538168,6,0,7,1
538179,6,0,7,1
538183,6,0,7,1
538224,0,1,1,2
538238,1,4,2,5
538362,0,1,1,2
538363,0,1,1,2
538370,0,1,1,2
538469,6,0,7,1
538510,0,1,1,2
538649,0,1,1,2
538650,0,1,1,2
538708,0,6,1,7
538741,6,0,7,1
538795,1,0,2,1
538797,1,0,2,1
538918,1,0,2,1
538920,0,1,1,2
538924,0,1,1,2
539072,1,0,2,1
539086,1,0,2,1
539252,0,6,1,7
539266,0,6,1,7
539356,1,0,2,1
539357,1,0,2,1
539359,1,0,2,1
539363,1,0,2,1
539466,1,0,2,1
539523,0,6,1,7
539532,0,6,1,7
539613,1,0,2,1
539614,1,0,2,1
539616,1,0,2,1
539620,1,0,2,1
539622,1,0,2,1
539626,1,0,2,1
539724,1,0,2,1
539777,0,6,1,7
539786,0,6,1,7
539787,0,6,1,7
539867,1,0,2,1
539869,1,0,2,1
540120,1,0,2,1
540282,0,6,1,7
540536,0,6,1,7
540539,0,6,1,7
540781,0,6,1,7
540817,1,0,2,1
541556,0,1,1,2
541557,0,1,1,2
541559,0,1,1,2
541563,0,1,1,2
541564,0,1,1,2
541566,0,1,1,2
541804,0,1,1,2
541810,0,1,1,2
542040,0,1,1,2
542043,0,1,1,2
542044,0,1,1,2
542048,0,1,1,2
542051,0,1,1,2
542280,0,1,1,2
542289,0,1,1,2
543149,0,1,1,2
543154,0,1,1,2
543270,0,6,1,7
543310,0,1,1,2
543312,0,1,1,2
543571,0,1,1,2
543818,0,1,1,2
543944,0,1,1,2
544187,0,1,1,2
544448,0,1,1,2
544470,1,0,2,1
544589,0,1,1,2
544611,1,0,2,1
544727,0,1,1,2
544728,0,1,1,2
545011,0,1,1,2
545012,0,1,1,2
545051,0,1,1,2
545313,0,1,1,2
545570,0,1,1,2
545704,0,1,1,2
545833,1,0,2,1
546087,1,0,2,1
546220,1,0,2,1
546223,1,0,2,1
546361,1,0,2,1
546505,1,0,2,1
546507,1,0,2,1
546649,1,0,2,1
546787,1,0,2,1
546790,1,0,2,1
546813,1,0,2,1
546899,1,0,2,1
546901,1,0,2,1
546902,1,0,2,1
546930,1,0,2,1
547076,0,1,1,2
547228,1,0,2,1
547229,1,0,2,1
547263,1,0,2,1
547412,1,0,2,1
547532,1,0,2,1
547569,1,0,2,1
547570,1,0,2,1
547725,1,0,2,1
547881,1,0,2,1
547984,0,1,1,2
548136,1,0,2,1
548146,1,0,2,1
548179,1,0,2,1
548184,1,0,2,1
548185,1,0,2,1
548187,1,0,2,1
548241,1,0,2,1
548318,1,0,2,1
548329,1,0,2,1
548372,1,0,2,1
548407,1,0,2,1
548440,1,0,2,1
548441,1,0,2,1
548443,1,0,2,1
548453,1,0,2,1
548454,1,0,2,1
548559,1,0,2,1
548578,1,0,2,1
548689,1,0,2,1
548697,1,0,2,1
548740,1,0,2,1
548808,1,0,2,1
548818,1,0,2,1
548926,1,0,2,1
548977,1,0,2,1
549021,0,1,1,2
549052,1,0,2,1
549115,1,0,2,1
549279,0,1,1,2
549452,1,0,2,1
549554,0,1,1,2
549589,1,0,2,1
549883,1,0,2,1
550004,0,1,1,2
550115,0,6,1,7
550125,0,6,1,7
550175,0,1,1,2
550207,1,0,2,1
550285,0,6,1,7
550520,0,1,1,2
550522,0,1,1,2
550702,0,1,1,2
550734,0,1,1,2
550895,0,1,1,2
551085,0,1,1,2
551109,0,1,1,2
551112,0,1,1,2
551181,1,0,2,1
551275,1,0,2,1
551489,0,1,1,2
551641,0,1,1,2
551831,0,1,1,2
551958,6,0,7,1
551959,6,0,7,1
552059,1,0,2,1
552150,6,0,7,1
552210,0,1,1,2
552444,1,0,2,1
552447,1,0,2,1
552448,1,0,2,1
552544,6,0,7,1
552646,1,0,2,1
552748,6,0,7,1
552947,6,0,7,1
553057,1,0,2,1
553264,1,0,2,1
553415,1,0,2,1
553465,1,0,2,1
553526,1,0,2,1
553632,0,1,1,2
553725,1,0,2,1
553923,1,0,2,1
553960,0,6,1,7
554010,0,1,1,2
554155,0,6,1,7
554211,1,0,2,1
554214,1,0,2,1
554285,4,1,5,2
554347,0,6,1,7
554408,1,0,2,1
554480,4,1,5,2
554540,0,6,1,7
554672,4,1,5,2
554838,0,1,1,2
554863,4,1,5,2
554988,0,1,1,2
555077,1,2,2,3
555165,1,0,2,1
555225,0,1,1,2
555250,4,1,5,2
555360,1,0,2,1
555552,1,0,2,1
555581,0,1,1,2
555659,1,2,2,3
555857,1,2,2,3
555960,0,1,1,2
555967,0,1,1,2
556049,1,2,2,3
556050,1,2,2,3
556051,1,2,2,3
556130,1,0,2,1
556244,1,2,2,3
556347,0,1,1,2
556429,1,2,2,3
556508,1,0,2,1
556535,0,1,1,2
556698,1,0,2,1
556989,1,2,2,3
556992,1,2,2,3
557091,0,1,1,2
557298,1,0,2,1
557355,1,2,2,3
557356,1,2,2,3
557357,1,2,2,3
557481,1,0,2,1
557483,1,0,2,1
557484,1,0,2,1
557530,1,2,2,3
557531,1,2,2,3
557533,1,2,2,3
557537,1,2,2,3
557667,1,0,2,1
557668,1,0,2,1
557669,1,0,2,1
557715,1,2,2,3
557900,1,2,2,3
558036,1,0,2,1
558226,0,1,1,2
558233,0,1,1,2
558400,0,1,1,2
558415,0,1,1,2
558581,0,1,1,2
558764,0,1,1,2
558786,4,1,5,2
558788,4,2,5,3
558922,0,1,1,2
558923,0,1,1,2
559164,1,2,2,3
559290,1,0,2,1
559314,2,1,3,2
559317,2,1,3,2
559659,5,1,6,2
559669,2,1,3,2
559693,1,2,2,3
559858,1,2,2,3
559965,0,1,1,2
559967,0,1,1,2
559974,5,1,6,2
559980,5,1,6,2
559981,5,1,6,2
560008,1,2,2,3
560009,1,2,2,3
560012,1,2,2,3
560013,1,2,2,3
560121,0,1,1,2
560126,0,1,1,2
560129,0,1,1,2
560140,1,5,2,6
560154,5,1,6,2
560167,1,2,2,3
560279,0,1,1,2
560281,0,1,1,2
560286,0,1,1,2
560297,0,5,1,6
560436,0,1,1,2
560438,0,1,1,2
560451,0,1,1,2
560455,5,1,6,2
560462,5,1,6,2
560464,5,1,6,2
560603,0,1,1,2
560635,1,2,2,3
560638,1,2,2,3
560780,1,5,2,6
560792,1,2,2,3
560916,0,1,1,2
560934,1,5,2,6
560936,1,5,2,6
560954,1,2,2,3
561076,0,1,1,2
561112,1,2,2,3
561115,1,2,2,3
561220,1,0,2,1
561235,0,1,1,2
561260,5,1,6,2
561265,5,1,6,2
561269,1,2,2,3
561370,1,0,2,1
561417,1,5,2,6
561427,1,2,2,3
561534,1,0,2,1
561564,1,5,2,6
561574,5,1,6,2
561584,1,5,2,6
561585,5,1,6,2
561592,1,2,2,3
561598,1,2,2,3
561753,1,5,2,6
561765,1,2,2,3
561873,1,0,2,1
561911,1,5,2,6
561931,5,1,6,2
561935,5,1,6,2
561936,5,1,6,2
562090,1,5,2,6
562114,1,2,2,3
562195,0,1,1,2
562277,1,5,2,6
562278,1,5,2,6
562286,1,5,2,6
562404,0,1,1,2
562405,0,1,1,2
562453,1,5,2,6
562454,1,5,2,6
562558,1,0,2,1
562626,1,5,2,6
562796,1,5,2,6
562808,5,1,6,2
562975,5,2,6,3
563096,1,5,2,6
563128,1,5,2,6
563135,1,5,2,6
563140,5,1,6,2
563146,5,1,6,2
563265,1,5,2,6
563299,1,5,2,6
563312,5,1,6,2
563398,1,0,2,1
563399,1,0,2,1
563400,1,0,2,1
563467,1,5,2,6
563511,0,1,1,2
563657,1,0,2,1
563730,1,5,2,6
563853,1,5,2,6
563974,1,5,2,6
564204,1,2,2,3
564312,1,2,2,3
564420,1,2,2,3
564533,0,1,1,2
564564,1,0,2,1
564726,2,1,3,2
564765,0,1,1,2
564824,2,1,3,2
564836,1,2,2,3
564920,5,1,6,2
564926,2,1,3,2
564936,1,2,2,3
565016,5,1,6,2
565017,5,1,6,2
565019,5,1,6,2
565026,5,1,6,2
565030,2,1,3,2
565035,1,2,2,3
565048,1,0,2,1
565050,1,0,2,1
565051,1,0,2,1
565057,1,0,2,1
565065,0,1,1,2
565128,5,1,6,2
565132,1,2,2,3
565143,1,0,2,1
565158,0,1,1,2
565214,5,1,6,2
565232,1,0,2,1
565337,0,1,1,2
565338,0,1,1,2
565369,1,4,2,5
565512,5,1,6,2
565523,1,0,2,1
565525,1,0,2,1
565610,5,1,6,2
565624,1,0,2,1
565918,2,5,3,6
565935,1,0,2,1
566034,1,2,2,3
566035,1,2,2,3
566073,1,0,2,1
566136,5,1,6,2
566138,5,1,6,2
566190,1,0,2,1
566254,5,1,6,2
566255,5,1,6,2
566256,5,1,6,2
566257,5,2,6,3
566262,2,5,3,6
566266,5,2,6,3
566267,5,2,6,3
566269,5,2,6,3
566378,5,1,6,2
566379,5,1,6,2
566527,5,2,6,3
566528,5,2,6,3
566652,5,2,6,3
566657,2,5,3,6
566666,5,2,6,3
566774,1,5,2,6
566775,1,5,2,6
566778,5,1,6,2
566780,5,1,6,2
566789,5,2,6,3
566790,5,2,6,3
566879,1,2,2,3
566902,5,1,6,2
566995,1,2,2,3
567014,1,5,2,6
567015,1,5,2,6
567017,1,5,2,6
567112,1,2,2,3
567115,1,2,2,3
567132,1,5,2,6
567142,5,1,6,2
567221,2,1,3,2
567223,2,1,3,2
567292,1,2,2,3
567342,2,1,3,2
567522,5,1,6,2
567523,5,1,6,2
567524,5,1,6,2
567525,5,1,6,2
567568,1,2,2,3
567616,1,2,2,3
567617,1,2,2,3
567618,1,2,2,3
567664,5,1,6,2
567667,5,1,6,2
567681,5,1,6,2
567686,5,1,6,2
567689,5,1,6,2
567760,1,2,2,3
567767,2,1,3,2
567801,1,5,2,6
567810,5,1,6,2
567812,5,1,6,2
567827,5,1,6,2
567851,1,2,2,3
567904,2,1,3,2
567910,2,1,3,2
567933,1,5,2,6
567934,1,5,2,6
567935,1,5,2,6
567938,1,5,2,6
567949,5,1,6,2
567962,5,1,6,2
567966,5,1,6,2
567992,1,2,2,3
568023,1,4,2,5
568051,2,1,3,2
568055,2,1,3,2
568095,5,1,6,2
568109,5,1,6,2
568111,5,1,6,2
568130,1,2,2,3
568229,5,2,6,3
568231,5,1,6,2
568232,5,1,6,2
568266,1,2,2,3
568362,1,2,2,3
568365,5,1,6,2
568367,5,1,6,2
568368,5,1,6,2
568375,2,5,3,6
568463,2,1,3,2
568509,2,5,3,6
568510,2,5,3,6
568639,1,2,2,3
568741,2,1,3,2
568794,2,1,3,2
568795,2,1,3,2
568797,2,1,3,2
568905,1,2,2,3
568940,2,1,3,2
568943,2,1,3,2
568944,2,1,3,2
568950,2,1,3,2
569046,1,2,2,3
569059,1,2,2,3
569060,1,2,2,3
569061,1,2,2,3
569090,2,1,3,2
569195,1,2,2,3
569201,1,2,2,3
569229,2,1,3,2
569332,1,2,2,3
569367,2,5,3,6
569453,1,2,2,3
569481,1,2,2,3
569606,1,2,2,3
569749,1,2,2,3
569797,5,1,6,2
569900,1,2,2,3
569901,1,2,2,3
570042,1,2,2,3
570043,1,2,2,3
570048,2,1,3,2
570228,2,1,3,2
570336,1,2,2,3
570342,1,2,2,3
570343,1,2,2,3
570623,1,2,2,3
570724,2,1,3,2
570734,5,1,6,2
570753,2,1,3,2
570844,2,4,3,5
571006,2,1,3,2
571029,1,2,2,3
571036,2,1,3,2
571183,2,1,3,2
571292,2,1,3,2
571293,2,1,3,2
571330,2,1,3,2
571331,2,1,3,2
571413,1,2,2,3
571430,5,1,6,2
571431,5,1,6,2
571433,2,1,3,2
571453,2,1,3,2
571464,2,1,3,2
571469,2,1,3,2
571470,2,1,3,2
571596,2,1,3,2
571602,1,2,2,3
571612,2,1,3,2
571615,2,1,3,2
571651,1,2,2,3
571717,5,1,6,2
571741,2,1,3,2
571745,1,2,2,3
571895,1,2,2,3
571960,2,1,3,2
572003,2,1,3,2
572077,2,1,3,2
572088,2,1,3,2
572126,5,1,6,2
572206,2,1,3,2
572208,2,1,3,2
572231,1,2,2,3
572297,1,5,2,6
572368,5,1,6,2
572369,5,2,6,3
572380,5,2,6,3
572420,1,5,2,6
572485,2,1,3,2
572526,1,2,2,3
572546,1,2,2,3
572580,5,1,6,2
572593,2,1,3,2
572620,1,2,2,3
572624,5,2,6,3
572628,2,1,3,2
572655,1,2,2,3
572656,1,2,2,3
572662,2,1,3,2
572674,1,2,2,3
572689,2,1,3,2
572722,2,1,3,2
572724,2,1,3,2
572741,2,1,3,2
572748,1,2,2,3
572825,5,2,6,3
572850,1,2,2,3
572864,1,2,2,3
572865,1,2,2,3
572866,1,2,2,3
572936,5,1,6,2
572967,2,1,3,2
572979,1,2,2,3
573052,5,1,6,2
573072,2,1,3,2
573092,1,2,2,3
573168,5,1,6,2
573172,5,2,6,3
573209,1,2,2,3
573291,5,2,6,3
573305,2,1,3,2
573329,1,2,2,3
573409,1,5,2,6
573431,2,1,3,2
573539,1,5,2,6
573715,5,1,6,2
573728,5,2,6,3
573764,2,1,3,2
573819,2,1,3,2
573845,5,1,6,2
573923,5,2,6,3
573941,2,1,3,2
573942,2,1,3,2
573967,5,2,6,3
573969,5,1,6,2
573979,5,1,6,2
574054,5,2,6,3
574098,5,1,6,2
574176,5,2,6,3
574181,5,2,6,3
574187,5,2,6,3
574228,5,2,6,3
574232,5,2,6,3
574302,5,2,6,3
574344,5,1,6,2
574416,5,2,6,3
574422,5,2,6,3
574424,5,2,6,3
574459,5,2,6,3
574460,5,2,6,3
574461,5,2,6,3
574463,5,1,6,2
574544,5,2,6,3
574586,5,1,6,2
574591,5,2,6,3
574595,5,2,6,3
574630,5,1,6,2
574634,5,2,6,3
574659,5,2,6,3
574702,5,2,6,3
574745,5,1,6,2
574826,5,2,6,3
574870,5,1,6,2
574970,2,5,3,6
575002,5,2,6,3
575033,5,2,6,3
575035,5,2,6,3
575057,2,5,3,6
575058,2,5,3,6
575237,5,1,6,2
575285,5,2,6,3
575369,5,2,6,3
575382,5,2,6,3
575463,5,2,6,3
575464,5,2,6,3
575508,1,2,2,3
575555,5,2,6,3
575556,5,2,6,3
575599,2,1,3,2
575645,5,2,6,3
575697,1,5,2,6
575743,5,2,6,3
575822,5,2,6,3
575837,2,5,3,6
575924,5,2,6,3
575974,1,5,2,6
576012,5,2,6,3
576015,5,2,6,3
576016,5,2,6,3
576017,5,2,6,3
576054,1,2,2,3
576062,1,5,2,6
576065,1,5,2,6
576103,5,1,6,2
576140,1,2,2,3
576152,1,5,2,6
576195,5,1,6,2
576196,5,1,6,2
576232,1,2,2,3
576234,1,2,2,3
576235,1,2,2,3
576245,1,5,2,6
576281,2,5,3,6
576330,1,2,2,3
576336,1,5,2,6
576361,5,2,6,3
576375,5,2,6,3
576376,5,2,6,3
576385,2,5,3,6
576423,1,2,2,3
576521,1,5,2,6
576532,5,2,6,3
576613,1,2,2,3
576640,5,2,6,3
576709,1,5,2,6
576715,5,2,6,3
576792,1,2,2,3
576882,1,2,2,3
576940,5,2,6,3
576979,5,2,6,3
577033,5,2,6,3
577074,5,2,6,3
577075,5,2,6,3
577930,2,5,3,6
578010,2,5,3,6
578022,5,1,6,2
578113,5,1,6,2
578124,5,2,6,3
578285,5,1,6,2
578287,5,1,6,2
578302,2,5,3,6
578304,2,1,3,2
578307,2,1,3,2
578317,2,5,3,6
578323,2,5,3,6
578324,2,5,3,6
578385,2,5,3,6
578395,2,5,3,6
578404,2,5,3,6
578457,5,2,6,3
578459,5,2,6,3
578800,5,2,6,3
579126,5,2,6,3
579210,5,2,6,3
579338,2,5,3,6
579353,2,4,3,5
579436,2,4,3,5
579438,2,4,3,5
579565,5,1,6,2
579691,5,2,6,3
579735,5,2,6,3
579741,5,1,6,2
580015,2,5,3,6
580062,2,5,3,6
580108,2,5,3,6
580152,2,5,3,6
580171,5,1,6,2
580206,5,1,6,2
580216,5,1,6,2
580220,5,1,6,2
580221,5,1,6,2
580299,5,1,6,2
580300,5,1,6,2
580356,5,2,6,3
580393,2,4,3,5
580492,2,1,3,2
580497,2,1,3,2
580541,2,1,3,2
580596,2,1,3,2
