prob_class_0,prob_class_1,true_label
0.012475371,0.9875246,1
0.104552746,0.89544725,1
0.9822712,0.017728783,0
0.9904053,0.009594673,0
0.9955092,0.0044907783,0
0.9978936,0.0021064267,0
0.9953114,0.0046886313,0
0.9954609,0.0045390436,0
0.99448806,0.0055119316,0
0.99595594,0.0040440327,0
0.9835128,0.016487163,0
0.9973659,0.0026341318,0
0.9943915,0.0056084697,0
0.6182003,0.3817997,0
0.998208,0.0017920322,0
0.9983048,0.0016952254,0
0.996971,0.003029007,0
0.9977882,0.0022118061,0
0.99930775,0.00069226226,0
0.9993272,0.00067279703,0
0.99918526,0.0008147284,0
0.9969333,0.0030667477,0
0.995872,0.0041279634,0
0.9950333,0.004966697,0
0.08399391,0.9160061,1
0.003460288,0.9965397,1
0.015797615,0.9842024,1
0.9949652,0.005034819,0
0.08614159,0.9138584,1
0.017322242,0.98267776,1
0.025725782,0.9742742,1
0.99711573,0.0028842853,0
0.031965554,0.96803445,1
0.100697696,0.8993023,1
0.06594241,0.9340576,1
0.044308484,0.9556915,1
0.035474658,0.96452534,1
0.00019794703,0.99980205,1
0.14428288,0.8557171,1
0.5626241,0.43737593,0
0.16799575,0.83200425,1
0.7640485,0.2359515,0
0.9103069,0.08969315,0
0.7735686,0.22643141,1
0.026687324,0.9733127,1
0.8367871,0.16321287,0
0.99138916,0.0086108735,0
0.8343929,0.16560712,0
0.7377862,0.26221383,0
0.6988323,0.30116773,0
0.992036,0.007963998,0
0.4810964,0.5189036,0
0.3278399,0.6721601,1
0.9855862,0.014413747,0
0.99063325,0.009366733,0
0.9882282,0.011771794,0
0.9896602,0.010339803,0
0.5652725,0.4347275,1
0.25078696,0.74921304,1
0.9863657,0.013634341,0
0.9906901,0.009309872,0
0.9938669,0.0061330935,0
0.9938669,0.0061330935,0
0.9946895,0.005310475,0
0.342112,0.657888,1
0.9781723,0.02182771,0
0.099167705,0.9008323,1
0.9869588,0.013041218,0
0.997207,0.0027930017,0
0.9945377,0.0054622786,0
0.9823741,0.017625926,0
0.0036764145,0.9963236,1
0.18107456,0.81892544,1
0.039627135,0.96037287,1
0.008075416,0.9919246,1
0.00536716,0.99463284,1
0.0034474134,0.9965526,1
0.0006625056,0.9993375,1
0.0432989,0.9567011,1
0.41779923,0.58220077,1
0.85380125,0.14619875,0
0.9488537,0.051146317,0
0.004558444,0.99544156,1
0.004543543,0.99545646,1
0.006603718,0.9933963,1
0.0018119216,0.9981881,1
0.0006354451,0.99936455,1
0.19822729,0.8017727,0
0.5851339,0.41486612,0
0.015296996,0.984703,1
0.42473978,0.5752602,0
0.9815887,0.018411284,0
0.9818436,0.018156383,0
0.18624961,0.8137504,0
0.7115154,0.2884846,0
0.96323264,0.036767382,0
0.9990105,0.0009894737,0
0.2814088,0.7185912,1
0.004788935,0.99521106,1
0.12359637,0.8764036,1
0.007822692,0.9921773,1
0.49906754,0.50093246,1
0.6679231,0.33207688,0
0.9270257,0.07297432,0
0.017352045,0.98264796,1
0.88743174,0.11256823,0
0.8968371,0.10316289,0
0.0020418167,0.9979582,1
0.24797475,0.75202525,1
0.49693668,0.5030633,0
0.043775678,0.9562243,1
0.98320204,0.01679796,0
0.95598334,0.044016685,0
0.0013522506,0.99864775,1
0.0021030903,0.9978969,1
0.0010812283,0.9989188,1
0.22697747,0.77302253,0
0.0006965399,0.99930346,1
0.034573555,0.96542645,0
0.8680028,0.13199726,0
0.002384901,0.9976151,1
0.9998434,0.00015657903,0
0.9997643,0.00023564821,0
0.9203644,0.07963559,0
0.9287545,0.07124547,0
0.933571,0.06642904,0
0.8562818,0.14371818,0
0.8369024,0.1630976,0
0.37628877,0.6237112,1
0.83136374,0.16863626,1
0.9994129,0.00058712874,0
0.9994627,0.00053729326,0
0.8982198,0.101780154,0
0.3271107,0.6728893,1
0.23126107,0.7687389,1
0.31543767,0.6845623,1
0.6154819,0.3845181,0
0.9988878,0.001112219,0
0.6755668,0.32443324,0
0.71552235,0.28447765,1
0.87917835,0.12082167,0
0.99838585,0.0016141275,0
0.99808997,0.0019100487,0
0.38959897,0.61040103,1
0.00674212,0.9932579,1
0.9933235,0.0066764913,0
0.00089389086,0.9991061,1
0.00043934584,0.99956065,1
0.00540632,0.9945937,1
0.07916093,0.9208391,1
0.136976,0.863024,1
0.99526155,0.0047384687,0
0.34511703,0.65488297,1
0.99768764,0.0023123743,0
0.91624546,0.08375455,0
0.7451441,0.2548559,0
0.0014595985,0.9985404,1
0.056940675,0.9430593,1
0.050334632,0.94966537,1
0.6621872,0.33781275,0
0.6267038,0.3732962,0
0.002250135,0.99774987,1
0.029490769,0.97050923,1
0.44898593,0.55101407,0
0.16884321,0.8311568,1
0.8723323,0.12766771,0
0.9990375,0.00096251426,0
0.8513446,0.14865538,0
0.84052014,0.15947983,0
0.003615737,0.99638426,1
0.5604763,0.43952367,0
0.5746863,0.4253137,0
0.0037298203,0.9962702,1
0.0038365126,0.9961635,1
0.0013540387,0.99864596,1
0.0011755824,0.9988244,1
0.0025939345,0.99740607,1
0.0061509013,0.9938491,1
0.5688014,0.4311986,0
0.9996562,0.00034377113,0
0.9996748,0.000325175,0
0.999634,0.00036598946,0
0.9997144,0.00028560805,0
0.99955004,0.00044994958,0
0.99961287,0.00038712446,0
0.86039484,0.1396052,1
0.2665531,0.7334469,1
0.282126,0.717874,1
0.4784513,0.5215487,1
0.9992995,0.00070048415,0
0.9992995,0.00070048415,0
0.999611,0.00038898375,0
0.0008312464,0.99916875,1
0.83533835,0.16466162,0
0.83590055,0.16409943,0
0.6021449,0.3978551,1
0.5780046,0.42199537,1
0.63340473,0.36659527,0
0.63340473,0.36659527,0
0.01346904,0.98653096,1
0.0013913512,0.99860865,1
0.599492,0.400508,0
0.62143254,0.3785675,0
0.73459053,0.26540944,0
0.0025599003,0.9974401,1
0.055062294,0.9449377,1
0.02061063,0.97938937,1
0.03869027,0.96130973,1
0.16683155,0.83316845,1
0.9570235,0.042976502,0
0.79381454,0.20618547,0
0.8570769,0.14292309,0
0.733814,0.266186,0
0.020478427,0.9795216,1
0.0046775937,0.9953224,1
0.0053663254,0.9946337,1
0.0044569373,0.99554306,1
0.01566708,0.9843329,1
0.0105525255,0.9894475,1
0.0032809377,0.99671906,1
0.6981959,0.30180413,0
0.5201799,0.47982007,0
0.8978902,0.102109775,0
0.9984747,0.001525283,0
0.99874324,0.0012567664,0
0.99592435,0.004075627,0
0.99927634,0.0007236707,0
0.9993605,0.0006395089,0
0.64047223,0.35952777,1
0.84691286,0.15308715,1
0.9981044,0.0018956177,0
0.999393,0.0006070325,0
0.9993447,0.0006552862,0
0.022022724,0.9779773,1
0.9992463,0.00075367774,0
0.9991175,0.0008825033,0
0.99952066,0.00047931552,0
0.99934006,0.0006599554,0
0.9984219,0.0015780691,0
0.0895797,0.9104203,1
0.00845474,0.99154526,1
0.002957642,0.99704236,1
0.9993941,0.0006058973,0
0.9992055,0.00079448806,0
0.9992216,0.0007783567,0
0.99952066,0.00047931552,0
0.9994193,0.00058071903,0
0.9993031,0.00069690746,0
0.9992152,0.0007848238,0
0.99954474,0.00045523388,0
0.9993877,0.0006123442,0
0.9994191,0.0005809048,0
0.23393893,0.76606107,1
0.9984078,0.0015922391,0
0.99941933,0.00058064295,0
0.99941194,0.00058803515,0
0.99960446,0.00039556125,0
0.99963766,0.00036233608,0
0.0062181354,0.99378186,1
0.0008533001,0.9991467,1
0.99969566,0.0003043564,0
0.999745,0.00025499647,0
0.99880594,0.0011940764,0
0.9988672,0.0011327653,0
0.99863625,0.0013637565,0
0.014759421,0.9852406,1
0.0027114153,0.9972886,1
0.0031397343,0.99686027,1
0.9924587,0.0075413,0
0.9887225,0.01127751,0
0.0010029674,0.99899703,1
0.066078484,0.9339215,1
0.997681,0.0023189522,0
0.99792355,0.00207646,0
0.99792355,0.00207646,0
0.9944285,0.005571462,0
0.99533755,0.0046624397,0
0.9966012,0.0033987984,0
0.9992041,0.0007959153,0
0.10908687,0.8909131,1
0.9991912,0.0008087804,0
0.99749535,0.0025046756,0
0.99892086,0.0010791318,0
0.99945927,0.00054072496,0
0.9987342,0.0012658107,0
0.99870515,0.0012948791,0
0.99769557,0.0023044148,0
0.99804664,0.001953362,0
0.9985277,0.001472275,0
0.99756795,0.0024320325,0
0.9994515,0.00054849964,0
0.9962406,0.003759371,0
0.99194217,0.008057829,0
0.9988342,0.0011657842,0
0.9990962,0.0009038024,0
0.9995172,0.0004827929,0
0.06880754,0.93119246,1
0.9980918,0.0019081616,0
0.9923796,0.007620395,0
0.9981358,0.0018642001,0
0.01682645,0.98317355,1
0.022957802,0.9770422,1
0.99920684,0.0007931662,0
0.99945664,0.000543379,0
0.5985898,0.40141022,1
0.5917554,0.4082446,1
0.006549597,0.9934504,1
0.0075819492,0.99241805,1
0.99931157,0.0006884571,0
0.9994249,0.0005750991,0
0.9995466,0.00045339655,0
0.0018770099,0.998123,1
0.9997972,0.00020277553,0
0.6022869,0.39771312,0
0.9995615,0.000438483,0
0.8450485,0.15495153,0
0.8080426,0.1919574,0
0.99917686,0.00082311034,0
0.0041391253,0.9958609,1
0.0035210252,0.996479,1
0.0035210252,0.996479,1
0.0019952655,0.99800473,1
0.999592,0.00040800776,0
0.9669834,0.033016633,0
0.7769496,0.2230504,0
0.15901637,0.8409836,1
0.19674402,0.803256,1
0.010920346,0.98907965,1
0.00053471327,0.9994653,1
0.82403034,0.17596968,0
0.99895567,0.0010443586,0
0.8942287,0.10577132,0
0.82018477,0.17981523,0
0.76812667,0.23187335,0
0.99888206,0.0011179668,0
0.38933742,0.6106626,1
0.40036994,0.59963006,1
0.99950254,0.00049748085,0
0.0137633085,0.9862367,1
0.01344955,0.98655045,1
0.79597247,0.20402756,0
0.81522804,0.18477197,0
0.8574065,0.14259349,0
0.8343419,0.1656581,0
0.50922525,0.49077478,0
0.0033773184,0.9966227,1
0.0015076399,0.99849236,1
0.0022175908,0.9977824,1
0.15461802,0.845382,0
0.01741016,0.98258984,1
0.12991488,0.8700851,0
0.9997971,0.00020291924,0
0.9814364,0.018563654,0
0.91407657,0.08592346,0
0.97651315,0.02348687,0
0.88280123,0.11719874,0
0.031215489,0.9687845,1
0.016423404,0.9835766,1
0.3525129,0.6474871,0
0.9868293,0.013170736,0
0.885397,0.114603005,0
0.95898116,0.04101883,0
0.9759639,0.024036098,0
0.97149765,0.028502364,0
0.97149765,0.028502364,0
0.9763516,0.023648353,0
0.0006609559,0.99933904,1
0.93567556,0.06432443,0
0.4910404,0.5089596,0
0.90604234,0.093957685,0
0.00027698278,0.999723,1
0.0005194545,0.99948055,1
0.9852838,0.014716218,0
0.9848743,0.015125676,0
0.9845501,0.01544991,0
0.9700289,0.029971093,0
0.9652427,0.034757312,0
0.97024703,0.029752985,0
0.9451386,0.05486141,0
0.72599804,0.27400196,0
0.74676335,0.25323665,1
0.71406794,0.2859321,0
0.37422347,0.6257765,1
0.004202366,0.99579763,1
0.004202366,0.99579763,1
0.8889735,0.111026555,0
0.9963456,0.0036544187,0
0.900424,0.099576,0
0.45963305,0.54036695,1
0.18547499,0.814525,1
0.16662222,0.8333778,1
0.17020506,0.82979494,1
0.5564519,0.44354805,0
0.5867413,0.41325864,0
0.011012971,0.988987,1
0.0009217262,0.9990783,1
0.001706183,0.9982938,1
0.0047059655,0.99529403,1
0.13187522,0.8681248,0
0.00813514,0.99186486,1
0.8728285,0.12717155,0
0.9339582,0.066041805,0
0.779221,0.22077902,0
0.26201367,0.7379863,1
0.94564503,0.054354988,0
0.8317357,0.16826434,0
0.9297059,0.07029407,0
0.91508937,0.08491066,0
0.91508937,0.08491066,0
0.06992364,0.93007636,1
0.9405547,0.059445348,0
0.92798394,0.07201605,0
0.7976916,0.2023084,1
0.9986819,0.0013180947,0
0.9986227,0.0013773089,0
0.9985821,0.001417863,0
0.99885696,0.0011430624,0
0.9992601,0.0007398831,0
0.9992601,0.0007398831,0
0.99928397,0.000716042,0
0.99928397,0.000716042,0
0.14143205,0.85856795,1
0.99625397,0.0037460523,0
0.14757836,0.85242164,1
0.9974269,0.0025730466,0
0.97325206,0.026747936,0
0.99359703,0.0064029475,0
0.99783933,0.002160669,0
0.997818,0.0021819833,0
0.9981688,0.0018311606,0
0.99575657,0.0042434563,0
0.9959943,0.0040056887,0
0.9963893,0.003610681,0
0.99539477,0.0046052136,0
0.004634261,0.99536574,1
0.8027819,0.19721813,0
0.7392947,0.2607053,0
0.9952313,0.004768705,0
0.99433243,0.0056675943,0
0.9974269,0.0025730466,0
0.997274,0.0027260117,0
0.6582066,0.34179345,1
0.99677354,0.0032264553,0
0.9987383,0.0012617139,0
0.14727145,0.85272855,1
0.03588915,0.96411085,1
0.28687823,0.7131218,1
0.37385774,0.62614226,0
0.19062924,0.80937076,1
0.0030825138,0.9969175,1
0.000987649,0.99901235,1
0.9957004,0.004299592,0
0.020978928,0.9790211,1
0.011503458,0.98849654,1
0.011503458,0.98849654,1
0.011503458,0.98849654,1
0.011503458,0.98849654,1
0.3146938,0.6853062,0
0.99852794,0.001472041,0
0.99778056,0.0022194118,0
0.9892767,0.010723264,0
0.94022423,0.05977578,0
0.084622204,0.9153778,1
0.09014481,0.9098552,1
0.9517798,0.048220214,0
0.9271966,0.07280341,0
0.9455284,0.05447159,0
0.9455284,0.05447159,0
0.9466546,0.0533454,0
0.5724561,0.4275439,1
0.92799723,0.07200278,0
0.94348425,0.056515772,0
0.5195391,0.48046085,1
0.24960202,0.750398,1
0.017020524,0.9829795,1
0.9963362,0.003663799,0
0.34748936,0.65251064,1
0.3950013,0.6049987,1
0.005177021,0.994823,1
0.27620095,0.72379905,1
0.27790338,0.7220966,1
0.96503764,0.03496235,0
0.9522666,0.047733456,0
0.5455716,0.45442837,0
0.5795796,0.42042038,0
0.80566895,0.19433106,0
0.90537244,0.09462757,0
0.5981691,0.40183094,0
0.5525837,0.44741628,0
0.9993736,0.0006263625,0
0.92332524,0.07667477,0
0.20529342,0.7947066,1
0.20529342,0.7947066,1
0.1809079,0.8190921,1
0.09769505,0.90230495,1
0.14819467,0.8518053,1
0.16768843,0.8323116,1
0.90718675,0.09281327,0
0.106974244,0.89302576,1
0.9557841,0.044215936,0
0.0896042,0.9103958,1
0.95419997,0.045800045,0
0.9591954,0.04080463,0
0.93787444,0.062125556,0
0.92853427,0.07146573,0
0.9494181,0.050581865,0
0.9291887,0.07081128,0
0.81773454,0.18226548,0
0.017146647,0.98285335,1
0.0073168874,0.9926831,1
0.0018799901,0.99812,1
0.0018799901,0.99812,1
0.90629673,0.09370327,0
0.07008004,0.92991996,1
0.1509704,0.8490296,1
0.95221317,0.047786824,0
0.51209813,0.48790187,0
0.9764545,0.023545489,0
0.9602902,0.03970983,0
0.16827834,0.83172166,0
0.04057938,0.9594206,1
0.043940365,0.95605963,1
0.10056949,0.8994305,1
0.10813314,0.89186686,1
0.2319209,0.7680791,1
0.99937075,0.00062925223,0
0.9980076,0.001992427,0
0.99625933,0.003740682,0
0.9415948,0.058405247,0
0.6372546,0.36274543,0
0.030268192,0.9697318,1
0.9968202,0.0031798012,0
0.85326684,0.1467332,0
0.84091914,0.15908088,0
0.8957725,0.10422748,0
0.65514463,0.34485537,0
0.95992225,0.040077765,0
0.67519647,0.32480353,0
0.62815845,0.37184158,0
0.4396391,0.5603609,1
0.4396391,0.5603609,1
0.9540169,0.045983057,0
0.6408987,0.3591013,1
0.9639929,0.036007114,0
0.97070426,0.029295744,0
0.7380892,0.26191083,1
0.12791306,0.87208694,1
0.702978,0.29702199,1
0.689945,0.310055,1
0.010589838,0.98941016,1
0.70294863,0.29705137,1
0.07016951,0.9298305,1
0.0040466785,0.9959533,1
0.999293,0.00070698914,0
0.84258646,0.15741353,0
0.84711105,0.15288895,0
0.99914855,0.00085144554,0
0.67742634,0.32257363,0
0.6845468,0.31545317,0
0.011770606,0.9882294,1
0.058269024,0.941731,1
0.09065676,0.90934324,1
0.51100945,0.48899058,0
0.017091155,0.98290884,1
0.7580599,0.24194007,0
0.23624313,0.7637569,1
0.0058840513,0.99411595,1
0.00065022707,0.9993498,1
0.011459053,0.98854095,1
0.010788798,0.9892112,1
0.026950717,0.9730493,1
0.0010979176,0.9989021,1
0.99914837,0.00085164345,0
0.9990564,0.0009436259,0
0.9979921,0.002007927,0
0.99758303,0.0024169474,0
0.99559754,0.004402478,0
0.9959421,0.004057894,0
0.9983167,0.0016832654,0
0.99844307,0.0015569163,0
0.99826235,0.0017376331,0
0.9994467,0.00055329944,0
0.99937767,0.00062233873,0
0.999642,0.00035797546,0
0.999635,0.0003650222,0
0.99922407,0.000775928,0
0.9980201,0.0019799166,0
0.998926,0.0010740152,0
0.9988213,0.0011786771,0
0.9989567,0.0010433174,0
0.9994953,0.00050465594,0
0.9992897,0.0007102888,0
0.99868923,0.0013107774,0
0.998855,0.0011450126,0
0.9929859,0.007014077,0
0.99585235,0.0041476656,0
0.001452148,0.99854785,1
0.0019255877,0.9980744,1
0.0004416108,0.9995584,1
0.0012581944,0.9987418,1
0.032032013,0.967968,1
0.062090755,0.93790925,1
0.04572034,0.95427966,1
0.9121579,0.08784212,0
0.84842336,0.15157664,0
0.47614443,0.52385557,1
0.9306251,0.069374934,0
0.81632787,0.18367212,0
0.00026458502,0.9997354,1
0.19383365,0.80616635,1
0.76447976,0.23552026,0
0.0010642409,0.99893576,1
0.30993646,0.69006354,1
0.019325435,0.98067456,1
0.9410192,0.058980852,0
0.0033020973,0.9966979,1
0.6576615,0.3423385,0
0.0016315579,0.99836844,1
0.6679803,0.33201966,0
0.0019191504,0.99808085,1
0.00036609173,0.9996339,1
0.6231637,0.3768363,0
0.4703583,0.5296417,0
0.9215622,0.07843779,0
0.62946343,0.37053657,0
0.62946343,0.37053657,0
0.9950833,0.004916698,0
0.9962915,0.003708493,0
0.9992831,0.0007169334,0
0.48563117,0.51436883,1
0.5336231,0.46637693,1
0.46185803,0.53814197,1
0.997949,0.002050999,0
0.99627566,0.0037243261,0
0.029487967,0.97051203,1
0.9555668,0.04443316,0
0.28354734,0.71645266,1
0.9959365,0.0040635,0
0.99844843,0.001551556,0
0.99555606,0.004443958,0
0.050338566,0.94966143,1
0.6977047,0.3022953,1
0.7364201,0.2635799,1
0.00027936697,0.99972063,1
0.008828223,0.9911718,1
0.04756409,0.9524359,1
0.12894058,0.8710594,1
0.9996451,0.00035490634,0
0.94143134,0.058568664,0
0.046614647,0.95338535,1
0.033718705,0.9662813,1
0.8893136,0.11068639,0
0.6788419,0.3211581,0
0.00037002563,0.99963,1
0.0020269752,0.997973,1
0.8156002,0.18439978,0
0.9991653,0.0008346925,0
0.9975245,0.002475517,0
0.9975245,0.002475517,0
0.9882133,0.011786704,0
0.9952233,0.0047766888,0
0.0019344687,0.99806553,1
0.003268838,0.99673116,1
0.9972046,0.0027954027,0
0.12632215,0.87367785,1
0.17375076,0.82624924,1
0.9158967,0.08410331,0
0.028208196,0.9717918,1
0.0050377846,0.9949622,1
0.012811899,0.9871881,1
0.0047858953,0.9952141,1
0.012176156,0.98782384,1
0.00057446957,0.99942553,1
0.0011727214,0.9988273,1
0.07575798,0.924242,0
0.2536133,0.7463867,0
0.95569116,0.044308826,0
0.026521087,0.9734789,1
0.15356821,0.8464318,0
0.9019978,0.09800218,0
0.1164462,0.8835538,0
0.011000693,0.9889993,1
0.99969953,0.00030047825,0
0.9993419,0.00065811136,0
0.99929374,0.0007062773,0
0.7336221,0.26637796,0
0.12596595,0.87403405,1
0.008816123,0.9911839,1
0.0016650558,0.99833494,1
0.10079855,0.89920145,1
0.9231312,0.07686875,0
0.9231312,0.07686875,0
0.9985003,0.0014997256,0
0.99901736,0.0009826579,0
0.999506,0.0004940041,0
0.9983168,0.0016831885,0
0.9991688,0.0008312014,0
0.9991688,0.0008312014,0
0.9991913,0.000808711,0
0.99916434,0.0008356351,0
0.9991808,0.000819189,0
0.99878275,0.0012172671,0
0.9992297,0.00077025354,0
0.9993481,0.00065192214,0
0.9939952,0.0060047996,0
0.9980259,0.001974102,0
0.991185,0.008814975,0
0.9924509,0.0075490805,0
0.99469113,0.005308883,0
0.994914,0.005086003,0
0.9958232,0.004176794,0
0.99706095,0.0029390177,0
0.9973854,0.0026146327,0
0.9959981,0.0040019443,0
0.9953144,0.0046855905,0
0.99113375,0.0088662505,0
0.9976873,0.0023126956,0
0.99086595,0.0091340495,0
0.9921664,0.007833594,0
0.9940673,0.0059326803,0
0.99444103,0.0055589564,0
0.9961975,0.00380248,0
0.083228946,0.91677105,1
0.99613786,0.0038621451,0
0.99373245,0.0062675234,0
0.9909527,0.00904733,0
0.21509886,0.78490114,1
0.97300327,0.02699673,0
0.98626286,0.013737138,0
0.98967105,0.010328937,0
0.97331834,0.02668169,0
0.99344426,0.0065557626,0
0.9877381,0.012261922,0
0.9955643,0.0044356897,0
0.9869852,0.013014768,0
0.995633,0.004367001,0
0.99825567,0.0017443366,0
0.9925525,0.007447453,0
0.99291587,0.007084118,0
0.9979275,0.002072484,0
0.9959211,0.004078923,0
0.51209813,0.48790187,1
0.992066,0.007934003,0
0.770101,0.22989897,1
0.99780196,0.00219803,0
0.9990147,0.0009853147,0
0.873396,0.12660404,1
0.7069247,0.29307535,1
0.9980756,0.0019244252,0
0.9973715,0.0026285269,0
0.16860151,0.8313985,1
0.14560771,0.8543923,1
0.9626571,0.037342902,0
0.9926179,0.0073821004,0
0.9981788,0.0018212169,0
0.9981788,0.0018212169,0
0.011498094,0.9885019,1
0.019123733,0.98087627,1
0.9933673,0.006632703,0
0.99596816,0.0040318496,0
0.9982626,0.0017374246,0
0.9898966,0.010103392,0
0.07433325,0.92566675,1
0.9760909,0.023909118,0
0.48215926,0.51784074,0
0.035977542,0.96402246,1
0.011200845,0.98879915,1
0.078813195,0.9211868,1
0.65074766,0.34925237,0
0.99591786,0.0040821335,0
0.061767638,0.93823236,1
0.99434155,0.0056584543,0
0.98612565,0.01387433,0
0.9930005,0.0069995183,0
0.024755418,0.9752446,1
0.020865679,0.9791343,1
0.012851059,0.98714894,1
0.9956772,0.0043228013,0
0.99575925,0.0042407494,0
0.06610203,0.933898,1
0.0059157014,0.9940843,1
0.017587304,0.9824127,1
0.99512786,0.004872127,0
0.8346513,0.16534872,0
0.95437133,0.04562869,0
0.8436855,0.15631446,0
0.8537279,0.14627211,0
0.9797208,0.020279223,0
0.9797208,0.020279223,0
0.84489065,0.15510936,0
0.4181472,0.5818528,1
0.93164265,0.06835732,0
0.04111445,0.95888555,1
0.040889025,0.959111,1
0.12368554,0.87631446,1
0.82961255,0.17038745,0
0.9926151,0.007384868,0
0.9956845,0.0043155113,0
0.9936559,0.006344102,0
0.99496496,0.00503505,0
0.997341,0.002659042,0
0.99915797,0.0008420207,0
0.008435845,0.99156415,1
0.007090926,0.9929091,1
0.997254,0.0027459566,0
0.15671957,0.84328043,1
0.22494543,0.7750546,1
0.039794922,0.9602051,1
0.9923343,0.0076657007,0
0.6567343,0.3432657,1
0.5777006,0.4222994,1
0.99428546,0.0057145245,0
0.9985919,0.0014081158,0
0.9937524,0.006247603,0
0.33274782,0.6672522,1
0.6288172,0.37118283,0
0.99409705,0.005902949,0
0.99309415,0.0069058486,0
0.99428546,0.0057145245,0
0.99446875,0.0055312733,0
0.747578,0.252422,0
0.99428684,0.0057131643,0
0.998747,0.0012529949,0
0.39134794,0.60865206,1
0.35106152,0.6489385,1
0.9965583,0.0034416984,0
0.24015158,0.7598484,1
0.96877664,0.031223342,0
0.997021,0.0029789757,0
0.982453,0.017547036,0
0.98723537,0.012764661,0
0.99764466,0.0023553541,0
0.996531,0.003468979,0
0.9943517,0.005648338,0
0.5120431,0.4879569,1
0.96876454,0.031235449,0
0.9978506,0.0021494299,0
0.99747735,0.0025226357,0
0.96736103,0.032638993,0
0.9610268,0.038973205,0
0.9975164,0.00248359,0
0.964204,0.035796013,0
0.92118317,0.078816816,0
0.48823553,0.51176447,1
0.54954183,0.45045814,1
0.9559262,0.044073794,0
0.7682522,0.23174779,0
0.22545594,0.77454406,1
0.70328283,0.29671714,0
0.048392892,0.9516071,1
0.79929626,0.20070374,0
0.039595842,0.96040416,1
0.7342167,0.26578328,0
0.91033816,0.08966185,0
0.01452899,0.985471,1
0.034833312,0.9651667,1
0.015996993,0.984003,1
0.101730704,0.8982693,1
0.9954471,0.0045528733,0
0.90895665,0.091043375,0
0.9284564,0.07154356,0
0.91726184,0.08273817,0
0.9072391,0.09276093,0
0.33135712,0.6686429,1
0.10892165,0.89107835,1
0.45296568,0.5470343,1
0.9943917,0.0056082946,0
0.9939037,0.0060963286,0
0.99686575,0.0031342576,0
0.99686575,0.0031342576,0
0.9969665,0.0030334971,0
0.9969665,0.0030334971,0
0.09307265,0.90692735,1
0.07531929,0.9246807,1
0.09702492,0.9029751,1
0.21439385,0.78560615,1
0.21622741,0.7837726,1
0.44512278,0.5548772,1
0.9033159,0.096684076,0
0.8695072,0.13049278,0
0.13775992,0.8622401,1
0.091082454,0.90891755,1
0.05787295,0.94212705,1
0.10084933,0.89915067,1
0.46362472,0.5363753,0
0.18232358,0.8176764,1
0.0053741336,0.99462587,1
0.0038383007,0.9961617,1
0.090406954,0.90959305,1
0.0063328147,0.9936672,1
0.21016282,0.7898372,1
0.7620031,0.23799686,0
0.42131037,0.57868963,0
0.008413553,0.99158645,1
0.12580842,0.8741916,1
0.3001843,0.6998157,1
0.93980086,0.06019915,0
0.80352217,0.19647782,0
0.89474887,0.10525114,0
0.93508637,0.064913616,0
0.92749256,0.07250745,0
0.6616633,0.3383367,0
0.7064619,0.29353812,0
0.50449324,0.49550673,0
0.5496448,0.45035517,1
0.99772435,0.002275655,0
0.39222342,0.6077766,1
0.96013004,0.03986995,0
0.99845695,0.0015430695,0
0.9910761,0.008923897,0
0.8196534,0.1803466,1
0.9524677,0.047532327,0
0.8956647,0.10433534,0
0.00477314,0.99522686,1
0.006390929,0.9936091,1
0.95998293,0.040017076,0
0.99912745,0.00087252876,0
0.9990331,0.0009669109,0
0.9953336,0.004666398,0
0.9884395,0.011560491,0
0.5277189,0.4722811,0
0.24773109,0.7522689,1
0.9926112,0.007388798,0
0.29909277,0.70090723,1
0.07096863,0.9290314,1
0.09685022,0.9031498,1
0.28726465,0.71273535,1
0.27204943,0.7279506,1
0.9990381,0.00096191105,0
0.9989905,0.0010095234,0
0.39618194,0.60381806,0
0.54252887,0.45747113,0
0.9939287,0.0060713273,0
0.9942362,0.005763817,0
0.99360466,0.0063953623,0
0.15516919,0.8448308,1
0.99756926,0.0024307638,0
0.81968606,0.18031393,0
0.9836499,0.016350064,0
0.996097,0.0039029522,0
0.99453133,0.0054686447,0
0.9923321,0.00766791,0
0.50828743,0.4917126,1
0.42283553,0.5771645,1
0.9945201,0.005479849,0
0.99450076,0.0054992693,0
0.97147214,0.028527867,0
0.9959086,0.004091387,0
0.9972628,0.0027372532,0
0.9981732,0.001826795,0
0.99852103,0.0014789666,0
0.34382778,0.6561722,1
0.64787304,0.35212696,1
0.45642877,0.54357123,1
0.1824683,0.8175317,1
0.9821029,0.017897144,0
0.9199765,0.080023535,0
0.99636173,0.0036382729,0
0.27344453,0.72655547,1
0.9068937,0.09310633,0
0.9068937,0.09310633,0
0.96557736,0.03442262,0
0.84673697,0.15326305,0
0.99522805,0.0047719353,0
0.96245086,0.03754912,0
0.9428488,0.057151217,0
0.7333369,0.26666307,0
0.1462866,0.8537134,1
0.08353156,0.91646844,1
0.0005210042,0.999479,1
0.00033581257,0.9996642,1
0.00032651424,0.9996735,1
0.013065934,0.98693407,1
0.19035482,0.8096452,0
0.012955368,0.98704463,1
0.78187305,0.21812697,0
0.89167917,0.108320855,0
0.87595236,0.124047615,0
0.7536565,0.24634352,0
0.6418829,0.35811707,0
0.78849775,0.21150227,0
0.0029827356,0.99701726,1
0.0033192039,0.9966808,1
0.45440227,0.54559773,1
0.8101953,0.18980464,0
0.59955883,0.4004412,1
0.9206607,0.07933931,0
0.8572168,0.14278322,0
0.61226207,0.38773793,0
0.88012296,0.11987702,0
0.9014681,0.09853188,0
0.90817,0.091830045,0
0.051437795,0.9485622,1
0.32536376,0.67463624,1
0.42671198,0.573288,1
0.8947602,0.10523981,0
0.8533287,0.14667127,0
0.8009597,0.19904031,0
0.59453666,0.40546337,1
0.006287396,0.9937126,1
0.008009732,0.99199027,1
0.009138346,0.99086165,1
0.01009506,0.98990494,1
0.7464322,0.25356784,0
0.77248025,0.22751977,0
0.7178396,0.28216043,0
0.63982356,0.36017647,0
0.70945,0.29055002,0
0.4690523,0.5309477,1
0.49410945,0.50589055,1
0.99815345,0.0018465345,0
0.70106965,0.29893035,0
0.7310132,0.26898682,0
0.30807883,0.6919212,1
0.2904296,0.7095704,1
0.7269385,0.27306148,0
0.7323555,0.26764455,0
0.76191187,0.23808816,0
0.53674495,0.46325502,1
0.8268668,0.1731332,0
0.50190675,0.49809328,0
0.99720424,0.0027957442,0
0.15313506,0.84686494,1
0.13176113,0.86823887,1
0.14147913,0.85852087,1
0.9875283,0.012471651,0
0.5923103,0.40768972,0
0.9963571,0.003642905,0
0.9981317,0.0018683359,0
0.18661577,0.81338423,1
0.21391493,0.78608507,1
0.99690497,0.003095047,0
0.194857,0.805143,1
0.19086081,0.8091392,1
0.114310324,0.8856897,1
0.02680105,0.97319895,1
0.11860967,0.88139033,1
0.15702224,0.84297776,1
0.12205714,0.87794286,1
0.15274495,0.84725505,1
0.8921811,0.107818924,0
0.20812345,0.79187655,0
0.9914738,0.008526233,0
0.15189958,0.8481004,1
0.3442765,0.6557235,1
0.13799721,0.8620028,1
0.12500393,0.87499607,1
0.3200403,0.6799597,1
0.09374148,0.9062585,1
0.08478099,0.915219,1
0.987831,0.012169013,0
0.4401723,0.5598277,1
0.24222463,0.75777537,1
0.99523795,0.004762029,0
0.9946363,0.0053636907,0
0.15872693,0.84127307,1
0.99407685,0.005923135,0
0.9943884,0.0056115924,0
0.9927374,0.007262592,0
0.9928324,0.007167548,0
0.9943131,0.00568688,0
0.9957098,0.00429023,0
0.99653035,0.0034696534,0
0.9970012,0.0029988121,0
0.9947759,0.0052241287,0
0.9978271,0.0021728976,0
0.9981724,0.0018275862,0
0.99853444,0.0014655754,0
0.9978766,0.0021234127,0
0.9976337,0.0023662895,0
0.9963149,0.0036851172,0
0.99744666,0.0025533559,0
0.9969388,0.0030611968,0
0.9979569,0.0020431227,0
0.99834836,0.0016516289,0
0.9984015,0.0015984557,0
0.9989288,0.0010711985,0
0.99825126,0.0017487179,0
0.99736345,0.002636562,0
0.99831253,0.0016874535,0
0.41372478,0.5862752,1
0.4180491,0.5819509,1
0.028329432,0.97167057,1
0.0018337369,0.99816626,1
4.2796135e-05,0.9999572,1
0.065264165,0.93473583,1
0.4714272,0.5285728,0
0.7874173,0.21258272,0
0.26786357,0.7321364,1
0.12049037,0.8795096,1
0.010281086,0.9897189,1
0.0004095435,0.99959046,1
9.7990036e-05,0.999902,1
0.00018376112,0.99981624,1
0.0011261106,0.9988739,1
0.07966924,0.92033076,1
0.8904462,0.109553814,0
0.96466297,0.03533703,0
0.8825248,0.11747519,0
0.30997014,0.69002986,0
0.21249324,0.78750676,0
0.0013207793,0.9986792,1
0.0016595125,0.9983405,1
0.4226892,0.5773108,1
0.99940956,0.0005904146,0
0.2805884,0.7194116,0
0.045428753,0.95457125,1
0.22088271,0.7791173,1
0.0029640198,0.997036,1
0.021129012,0.978871,1
0.64700913,0.35299087,0
0.99106383,0.008936151,0
0.97319,0.026809974,0
0.8167509,0.1832491,0
0.034466088,0.9655339,1
0.925025,0.07497502,0
0.91178876,0.08821125,0
0.41375542,0.5862446,1
0.6381361,0.3618639,1
0.18969673,0.8103033,1
0.49124962,0.5087504,0
0.101612985,0.898387,1
0.869879,0.13012102,0
0.6476901,0.35230988,1
0.92383623,0.07616374,0
0.8562446,0.14375538,0
0.9737143,0.026285721,0
0.47086215,0.52913785,1
0.0661701,0.9338299,1
0.09353268,0.9064673,1
0.9275456,0.07245438,0
0.08125514,0.91874486,1
0.59406924,0.40593073,0
0.101612985,0.898387,1
0.90662485,0.09337517,0
0.98205864,0.01794134,0
0.19409579,0.8059042,1
0.9157424,0.08425762,1
0.9398657,0.060134266,0
0.9960577,0.0039422843,0
0.98132676,0.018673263,0
0.9077157,0.09228435,1
0.9572183,0.04278169,0
0.9970286,0.0029714394,0
0.9969932,0.003006815,0
0.97484094,0.025159033,0
0.8158069,0.18419307,1
0.4832254,0.5167746,1
0.15119445,0.84880555,1
0.088728845,0.91127115,1
0.9981642,0.001835797,0
0.3441521,0.6558479,1
0.39567822,0.6043218,1
0.9988928,0.0011072045,0
0.97236323,0.027636774,0
0.8307125,0.16928752,1
0.2565629,0.7434371,1
0.03068614,0.96931386,1
0.007701814,0.9922982,1
0.008693516,0.9913065,1
0.030688703,0.9693113,1
0.02953142,0.9704686,1
0.008158088,0.9918419,1
0.00066936016,0.99933064,1
0.019120395,0.9808796,1
0.97284645,0.027153563,0
0.85182834,0.14817166,0
0.88102007,0.11897992,0
0.04048729,0.9595127,1
0.04048729,0.9595127,1
0.045506954,0.95449305,1
0.9694531,0.030546926,0
0.62703276,0.37296724,1
0.93956596,0.06043405,0
0.99039435,0.009605651,0
0.9533201,0.046679933,0
0.7975416,0.20245837,0
0.95727575,0.042724226,0
0.5551791,0.44482085,1
0.044735312,0.9552647,1
0.9678472,0.032152772,0
0.018305838,0.98169416,1
0.03373146,0.96626854,1
0.1183818,0.8816182,1
0.90130323,0.09869676,0
0.047846556,0.95215344,1
0.92519766,0.07480236,0
0.05122888,0.9487711,1
0.034575403,0.9654246,1
0.04912597,0.95087403,1
0.0810439,0.9189561,1
0.7526022,0.24739777,1
0.9584579,0.04154212,0
0.9584579,0.04154212,0
0.89502203,0.10497799,0
0.030652523,0.9693475,1
0.92519766,0.07480236,0
0.611731,0.388269,0
0.61165553,0.38834447,0
0.05961442,0.9403856,1
0.95862234,0.04137767,0
0.77699375,0.22300623,0
0.77699375,0.22300623,0
0.91257274,0.08742723,0
0.91257274,0.08742723,0
0.76494694,0.23505308,0
0.888452,0.11154803,0
0.7977286,0.20227142,0
0.99766934,0.00233065,0
0.8383007,0.16169928,0
0.08983064,0.91016936,1
0.16042268,0.8395773,1
0.966467,0.033532985,0
0.22042382,0.7795762,1
0.97354096,0.026459048,0
0.7969842,0.2030158,0
0.5249808,0.47501925,1
0.0024315715,0.9975684,1
0.010404885,0.9895951,1
0.0048571825,0.9951428,1
0.015568197,0.9844318,1
0.006962478,0.9930375,1
0.027413547,0.97258645,1
0.7181196,0.28188035,0
0.76763666,0.23236337,0
0.8429862,0.15701376,0
0.9960557,0.003944298,0
0.91902024,0.08097974,0
0.91902024,0.08097974,0
0.03883201,0.961168,1
0.9113665,0.08863348,0
0.9621093,0.037890643,0
0.9902607,0.009739305,0
0.9433733,0.056626678,0
0.9624837,0.037516307,0
0.9262467,0.073753275,0
0.9878374,0.012162646,0
0.9720743,0.027925733,1
0.984412,0.015587993,0
0.9979426,0.002057396,0
0.9986511,0.0013489319,0
0.9335017,0.06649825,1
0.9957127,0.0042872876,0
0.99649656,0.003503455,0
0.94819,0.05181005,0
0.9672475,0.032752544,0
0.974203,0.02579703,0
0.9347169,0.065283105,0
0.91226214,0.08773787,0
0.9942216,0.0057783476,0
0.9033922,0.09660779,1
0.9967245,0.0032755206,0
0.99685085,0.0031491301,0
0.8425642,0.15743579,1
0.9596915,0.040308475,0
0.9150743,0.08492572,1
0.01043874,0.98956126,1
0.97561884,0.024381138,0
0.9019592,0.09804082,0
0.010765314,0.9892347,1
0.8028933,0.1971067,0
0.80325854,0.19674146,0
0.80325854,0.19674146,0
0.8158133,0.18418667,0
0.9954403,0.004559707,0
0.9177561,0.08224389,0
0.7297255,0.27027452,0
0.039176047,0.96082395,1
0.022036731,0.97796327,1
0.82600814,0.17399187,0
0.81942284,0.18057719,0
0.9276362,0.07236381,0
0.012293994,0.987706,1
0.012652993,0.987347,1
0.014045775,0.9859542,1
0.18101364,0.81898636,1
0.94226784,0.057732143,0
0.023429275,0.9765707,1
0.023281515,0.9767185,1
0.89689744,0.10310256,0
0.19364256,0.80635744,1
0.19429177,0.8057082,1
0.39918393,0.6008161,1
0.970187,0.02981297,0
0.0044668913,0.9955331,1
0.016689599,0.9833104,1
0.023478448,0.97652155,1
0.99082035,0.009179636,0
0.9934093,0.0065907235,0
0.9917327,0.008267277,0
0.0065969825,0.993403,1
0.0045003295,0.9954997,1
0.004864633,0.99513537,1
0.053467333,0.94653267,1
0.62797,0.37203002,0
0.9385727,0.06142731,0
0.8439716,0.15602842,0
0.99620575,0.0037942736,0
0.80720794,0.19279207,0
0.927037,0.072963014,0
0.04145652,0.9585435,1
0.90699923,0.09300077,0
0.9983612,0.0016388563,0
0.99698746,0.0030125268,0
0.9981996,0.0018004426,0
0.9237493,0.07625065,0
0.9852594,0.014740603,0
0.88077676,0.11922321,0
0.9748177,0.025182294,0
0.9881838,0.011816232,0
0.9863436,0.013656379,0
0.99747217,0.0025278258,0
0.9978738,0.0021262295,0
0.9902208,0.009779202,0
0.9981098,0.0018901837,0
0.22486633,0.77513367,1
0.99460727,0.005392728,0
0.99707896,0.0029210378,0
0.995251,0.004748989,0
0.7652619,0.23473814,1
0.0039551854,0.9960448,1
0.0315696,0.9684304,1
0.041644514,0.9583555,1
0.0107652545,0.98923475,1
0.03611988,0.9638801,1
0.8067385,0.19326153,0
0.64573175,0.35426825,0
0.7203118,0.27968818,0
0.631358,0.36864194,0
0.95361066,0.04638933,0
0.79837537,0.2016246,0
0.8051276,0.19487241,0
0.42615706,0.57384294,1
0.84571224,0.15428776,0
0.9750296,0.024970397,0
0.96051204,0.03948798,0
0.7075938,0.29240617,1
0.16215485,0.83784515,1
0.21591264,0.78408736,1
0.024343014,0.975657,1
0.007620096,0.9923799,1
0.024784327,0.9752157,1
0.018079817,0.9819202,1
0.018717885,0.9812821,1
0.018717885,0.9812821,1
0.0015198588,0.99848014,1
0.020368278,0.9796317,1
0.028461218,0.9715388,1
0.21157098,0.788429,0
0.39361084,0.60638916,0
0.97272736,0.027272638,0
0.99366325,0.0063367416,0
0.99618214,0.0038178838,0
0.4895118,0.5104882,0
0.090345025,0.909655,0
0.034798265,0.96520174,1
0.0852803,0.9147197,1
0.6543467,0.34565327,0
0.09406221,0.9059378,1
0.015373647,0.98462635,1
0.17679822,0.8232018,1
0.9910244,0.008975609,0
0.99300796,0.0069920258,0
0.99681336,0.0031866508,0
0.99066806,0.009331941,0
0.9826249,0.017375136,0
0.9807281,0.019271936,0
0.9680103,0.03198972,0
0.97114,0.028859962,0
0.4359221,0.5640779,1
0.9119066,0.08809343,0
0.81537163,0.18462837,0
0.09479189,0.9052081,1
0.1021077,0.8978923,1
0.9725557,0.027444283,0
0.1292811,0.8707189,1
0.55126286,0.44873714,1
0.9109353,0.089064725,0
0.862406,0.13759398,0
0.4239201,0.5760799,1
0.17213011,0.8278699,1
0.0012649894,0.998735,1
0.0070005655,0.99299943,1
0.041542947,0.95845705,1
0.04450053,0.9554995,1
0.008668184,0.9913318,1
0.9900265,0.009973527,0
0.99346644,0.0065335887,0
0.8098136,0.19018638,0
0.42114204,0.57885796,0
0.422952,0.577048,0
0.08330512,0.9166949,1
0.9807114,0.019288601,0
0.9828019,0.017198095,0
0.23126632,0.7687337,1
0.9240361,0.0759639,0
0.3898747,0.6101253,0
0.5404221,0.45957795,1
0.34949398,0.650506,1
0.37353843,0.62646157,1
0.281659,0.718341,1
0.3420685,0.6579315,1
0.97933894,0.02066107,0
0.28082627,0.7191737,1
0.9847187,0.015281314,0
0.9895228,0.010477175,0
0.6722706,0.3277294,1
0.9212675,0.078732505,0
0.032452166,0.96754783,1
0.81563365,0.18436635,0
0.39562482,0.6043752,1
0.39562482,0.6043752,1
0.9678682,0.032131776,0
0.76596665,0.23403332,0
0.78970003,0.21029995,0
0.1434527,0.8565473,1
0.048409283,0.9515907,1
0.057969213,0.9420308,1
0.53314847,0.46685153,1
0.23507625,0.76492375,1
0.091844976,0.908155,1
0.48305035,0.51694965,1
0.4633808,0.5366192,0
0.5620997,0.43790033,0
0.8997303,0.10026968,0
0.12645364,0.87354636,1
0.14720047,0.85279953,1
0.890824,0.10917599,0
0.025906563,0.97409344,1
0.023091614,0.9769084,1
0.020059168,0.97994083,1
0.017138481,0.9828615,1
0.004082501,0.9959175,1
0.013935447,0.98606455,1
0.014778078,0.9852219,1
0.9972787,0.0027212803,0
0.9968507,0.003149274,0
0.43196148,0.5680385,0
0.38287777,0.61712223,0
0.24944824,0.75055176,0
0.021836698,0.9781633,1
0.08996147,0.91003853,1
0.34448433,0.6555157,1
0.9907321,0.009267925,0
0.9975894,0.0024105657,0
0.99717474,0.0028252755,0
0.9953176,0.0046824445,0
0.13953966,0.86046034,1
0.92448133,0.07551867,0
0.92448133,0.07551867,0
0.9322451,0.067754924,0
0.9406441,0.059355907,0
0.26794857,0.73205143,1
0.99632406,0.0036759146,0
0.9966204,0.0033795743,0
0.15595424,0.84404576,1
0.09556925,0.90443075,1
0.074500024,0.9255,1
0.10882312,0.8911769,1
0.10103029,0.8989697,1
0.017956257,0.98204374,1
0.113608,0.886392,1
0.105469525,0.8945305,1
0.6458733,0.3541267,0
0.16592312,0.8340769,1
0.9928245,0.0071754856,0
0.98378694,0.016213037,0
0.9013938,0.09860622,0
0.99109757,0.008902431,0
0.99915576,0.0008442139,0
0.9926453,0.0073546534,0
0.9879047,0.012095251,0
0.031663835,0.96833616,1
0.054033875,0.9459661,1
0.036833525,0.9631665,1
0.2929473,0.7070527,1
0.0590657,0.9409343,1
0.2770813,0.7229187,1
0.36643362,0.6335664,1
0.13702679,0.8629732,1
0.8381741,0.16182593,0
0.053547442,0.94645256,1
0.009950161,0.99004984,1
0.012981594,0.9870184,1
0.013106346,0.98689365,1
0.013106346,0.98689365,1
0.043794096,0.9562059,1
0.3665812,0.6334188,0
0.7837792,0.21622081,0
0.99289167,0.0071083154,0
0.049302995,0.950697,1
0.041268945,0.95873106,1
0.04156941,0.9584306,1
0.03587973,0.96412027,1
0.09567559,0.9043244,1
0.052957714,0.9470423,1
0.07433027,0.9256697,1
0.088157535,0.91184247,1
0.112672925,0.8873271,1
0.39589322,0.6041068,1
0.9566131,0.04338689,0
0.9135421,0.08645792,0
0.97718275,0.022817265,0
0.044475913,0.9555241,1
0.683642,0.31635794,0
0.04078287,0.95921713,1
0.99171084,0.008289187,0
0.9987398,0.0012602162,0
0.82998455,0.17001547,0
0.7257802,0.2742198,0
0.103107095,0.8968929,1
0.007360935,0.99263906,1
0.7875728,0.2124272,0
0.80945796,0.19054204,0
0.013246238,0.98675376,1
0.21055025,0.78944975,1
0.2806946,0.7193054,1
0.98816395,0.011836059,0
0.9077392,0.09226079,0
0.03130871,0.9686913,1
0.0014073253,0.9985927,1
0.0029551387,0.99704486,1
0.050551653,0.94944835,1
0.37432355,0.62567645,0
0.16925895,0.83074105,1
0.9985104,0.0014896081,0
0.7322545,0.26774552,0
0.028819203,0.9711808,1
0.038941026,0.961059,1
0.038941026,0.961059,1
0.043148935,0.95685107,1
0.8006877,0.19931233,0
0.9995789,0.00042110955,0
0.9997486,0.00025139237,0
0.99598134,0.0040186727,0
0.9658281,0.034171883,0
0.009323239,0.99067676,1
0.028581798,0.9714182,1
0.049672663,0.95032734,1
0.98253787,0.017462157,0
0.07174891,0.9282511,1
0.01070255,0.98929745,1
0.033709526,0.9662905,1
0.13243693,0.86756307,1
0.8922642,0.107735835,0
0.9210954,0.07890466,0
0.9983793,0.0016207017,0
0.009608746,0.99039125,1
0.988,0.011999998,0
0.051422775,0.9485772,1
0.9970763,0.0029237221,0
0.0508824,0.9491176,1
0.976285,0.023715012,0
0.4017493,0.5982507,1
0.017221034,0.98277897,1
0.00090157986,0.9990984,1
0.02558422,0.9744158,1
0.037543,0.962457,1
0.4179926,0.5820074,0
0.7348571,0.26514292,0
0.17694402,0.823056,0
0.02367735,0.97632265,1
0.009596348,0.99040365,1
0.008419812,0.9915802,1
0.043943822,0.9560562,1
0.11283058,0.8871694,1
0.42408276,0.57591724,1
0.0015582442,0.99844176,1
0.020832658,0.97916734,1
0.08449113,0.91550887,1
0.79207647,0.20792356,0
0.7278971,0.2721029,0
0.07691711,0.9230829,1
0.052399933,0.94760007,1
0.00093740225,0.9990626,1
0.96048623,0.039513744,0
0.018053055,0.98194695,1
0.012050986,0.987949,1
0.14168137,0.8583186,1
0.04020393,0.9597961,1
0.005144596,0.9948554,1
0.011584163,0.98841584,1
0.9360699,0.06393011,0
0.9197874,0.08021256,0
0.012991488,0.9870085,1
0.015160024,0.98484,1
0.039378524,0.9606215,1
0.042586386,0.9574136,1
0.044662237,0.95533776,1
0.99171925,0.0082807755,0
0.23470515,0.76529485,0
0.030713439,0.96928656,1
0.99847376,0.0015262427,0
0.060829103,0.9391709,1
0.7997231,0.20027691,0
0.18383867,0.81616133,1
0.9946933,0.005306748,0
0.99144495,0.008555062,0
0.993791,0.0062089935,0
0.9031816,0.0968184,0
0.993098,0.006901995,0
0.9944653,0.005534724,0
0.9498828,0.05011721,0
0.99294657,0.0070534316,0
0.9962049,0.003795103,0
0.90467155,0.09532844,1
0.9683205,0.031679504,0
0.5137734,0.48622662,1
0.21512592,0.7848741,1
0.9884077,0.011592351,0
0.017942548,0.98205745,1
0.9707149,0.029285068,0
0.040804684,0.9591953,1
0.040804684,0.9591953,1
0.9483766,0.05162341,0
0.98830897,0.011691059,0
0.97964835,0.020351667,0
0.05368972,0.9463103,1
0.070470154,0.92952985,1
0.94253445,0.057465546,0
0.99654007,0.003459923,0
0.06987238,0.9301276,1
0.98889977,0.011100222,0
0.017197073,0.9828029,1
0.033786237,0.96621376,1
0.055987775,0.9440122,1
0.9791,0.020900011,0
0.99142957,0.008570413,0
0.99397755,0.0060224626,0
0.9961023,0.0038977135,0
0.96056646,0.039433517,0
0.35320628,0.6467937,0
0.23397404,0.76602596,1
0.033664107,0.9663359,1
0.033664107,0.9663359,1
0.029360175,0.9706398,1
0.032021523,0.9679785,1
0.031291127,0.9687089,1
0.17769521,0.8223048,1
0.20279068,0.7972093,1
0.08076215,0.91923785,1
0.16167337,0.83832663,1
0.99901587,0.0009841046,0
0.998299,0.0017010163,0
0.9926446,0.0073554153,0
0.9914643,0.008535687,0
0.07353294,0.92646706,1
0.105974615,0.8940254,1
0.12053168,0.8794683,1
0.06703776,0.93296224,1
0.12882924,0.87117076,1
0.59670967,0.40329033,0
0.0023180246,0.997682,1
0.01233083,0.98766917,1
0.77626956,0.22373043,0
0.7807713,0.21922867,0
0.009643018,0.990357,1
0.23904043,0.76095957,1
0.9991596,0.0008404095,0
0.006982684,0.9930173,1
0.52291024,0.47708976,1
0.36508006,0.63491994,1
0.005752325,0.9942477,1
0.0071204305,0.99287957,1
0.22882909,0.7711709,1
0.46010232,0.5398977,0
0.8547066,0.14529341,0
0.3032242,0.6967758,0
0.05565852,0.9443415,1
0.98201597,0.017984003,0
0.011319518,0.9886805,1
0.25762272,0.7423773,0
0.7681562,0.23184386,0
0.6226796,0.37732038,0
0.83543366,0.16456634,0
0.3068583,0.6931417,1
0.9476356,0.052364416,0
0.9983677,0.0016322768,0
0.0029955506,0.99700445,1
0.08454919,0.9154508,1
0.097483814,0.9025162,1
0.103991985,0.896008,1
0.9402144,0.059785597,0
0.115393996,0.884606,1
0.97924006,0.020759916,0
0.9952043,0.0047956677,0
0.99582857,0.0041714287,0
0.015568316,0.9844317,1
0.028535426,0.9714646,1
0.13748652,0.8625135,1
0.80249524,0.19750474,1
0.9979189,0.0020811122,0
0.120470166,0.87952983,1
0.0036908984,0.9963091,1
0.103991985,0.896008,1
0.9938203,0.0061797067,0
0.9946408,0.0053591793,0
0.04202324,0.95797676,1
0.0641917,0.9358083,1
0.23707265,0.76292735,1
0.996949,0.003050956,0
0.99835855,0.0016414719,0
0.93323743,0.06676256,0
0.9092971,0.0907029,0
0.10826814,0.89173186,1
0.9884649,0.011535079,0
0.1611402,0.8388598,1
0.07913458,0.9208654,1
0.9524466,0.047553446,0
0.76659113,0.23340885,0
0.006779313,0.9932207,1
0.006924033,0.99307597,1
0.0027832985,0.9972167,1
0.00037884712,0.99962115,1
0.002621293,0.9973787,1
0.005048752,0.99495125,1
0.004259467,0.99574053,1
0.009809375,0.9901906,1
0.99486643,0.005133595,0
0.10618532,0.8938147,1
0.3823703,0.6176297,0
0.004618883,0.9953811,1
0.9647845,0.03521547,0
0.41309327,0.58690673,1
0.9806251,0.019374888,0
0.04035777,0.95964223,1
0.065211296,0.9347887,1
0.034562647,0.96543735,1
0.06282276,0.93717724,1
0.97325075,0.026749251,0
0.9946353,0.005364723,0
0.98043704,0.019562945,0
0.0070438385,0.99295616,1
0.07396585,0.92603415,1
0.18199891,0.8180011,1
0.023295403,0.9767046,1
0.20615137,0.79384863,1
0.015173435,0.98482656,1
0.052770674,0.9472293,1
0.062087476,0.9379125,1
0.03777945,0.96222055,1
0.11858678,0.8814132,1
0.2789535,0.7210465,0
0.7639906,0.2360094,0
0.00866729,0.9913327,1
0.009036064,0.99096394,1
0.59642804,0.40357196,0
0.9931936,0.006806371,0
0.71838444,0.28161556,0
0.15134454,0.84865546,1
0.9974443,0.0025557338,0
0.13854241,0.8614576,1
0.13124168,0.8687583,1
0.1496697,0.8503303,1
0.1496697,0.8503303,1
0.9845899,0.015410148,0
0.4413321,0.5586679,1
0.9964371,0.0035629033,0
0.99808264,0.001917364,0
0.99916726,0.00083274685,0
0.9994445,0.0005555045,0
0.99739003,0.0026099626,0
0.98680747,0.013192537,0
0.9895408,0.010459191,0
0.99635285,0.003647158,0
0.9967626,0.0032374188,0
0.98476964,0.015230338,0
0.990949,0.0090510165,0
0.9984216,0.0015784184,0
0.010094106,0.9899059,1
0.95055926,0.04944077,0
0.98280126,0.017198756,0
0.9866415,0.013358466,0
0.9891777,0.010822297,0
0.99101585,0.008984138,0
0.99229753,0.0077024815,0
0.9931411,0.006858897,0
0.98780376,0.012196247,0
0.70473754,0.29526246,1
0.9943463,0.005653699,0
0.9886981,0.011301856,0
0.9855009,0.014499123,0
0.9898059,0.010194133,0
0.9977344,0.002265545,0
0.6729014,0.32709858,1
0.35981947,0.6401805,1
0.8770476,0.122952424,0
0.92060184,0.07939814,0
0.43280506,0.56719494,1
0.9247324,0.075267605,0
0.9941632,0.0058368086,0
0.9324722,0.067527786,0
0.9128364,0.087163635,0
0.99765295,0.0023470738,0
0.91564304,0.08435696,0
0.99584323,0.0041567413,0
0.99574804,0.004251986,0
0.78326815,0.21673185,0
0.020142257,0.97985774,1
0.031424046,0.96857595,1
0.049596608,0.9504034,1
0.031296074,0.9687039,1
0.017322958,0.98267704,1
0.0031944513,0.99680555,1
0.0035193563,0.99648064,1
0.024346054,0.97565395,1
0.026167333,0.97383267,1
0.36116195,0.63883805,0
0.99519306,0.0048069167,0
0.5077642,0.4922358,1
0.0017633438,0.99823666,1
0.0031293035,0.9968707,1
0.016653001,0.983347,1
0.031497717,0.9685023,1
0.14957297,0.85042703,1
0.63410974,0.36589026,0
0.196652,0.803348,1
0.6071301,0.3928699,0
0.9750559,0.024944104,0
0.07065934,0.92934066,1
0.013075113,0.9869249,1
0.0011467934,0.9988532,1
0.0014089942,0.998591,1
0.0014263391,0.99857366,1
0.4182651,0.5817349,0
0.62296754,0.37703246,0
0.8733524,0.1266476,0
0.4092638,0.5907362,0
0.4921149,0.5078851,0
0.98995554,0.0100444285,0
0.8436054,0.15639463,0
0.070311725,0.9296883,1
0.06237805,0.93762195,1
0.073271096,0.9267289,1
0.06897956,0.93102044,1
0.062867045,0.93713295,1
0.055244923,0.9447551,1
0.99913734,0.0008626431,0
0.57513523,0.4248648,0
0.044163764,0.95583624,1
0.011745095,0.9882549,1
0.001276195,0.9987238,1
0.006875932,0.99312407,1
0.006514251,0.99348575,1
0.01711291,0.9828871,1
0.031160116,0.9688399,1
0.0124464035,0.9875536,1
0.011346877,0.9886531,1
0.8248136,0.17518643,0
0.9976753,0.0023247048,0
0.81501174,0.18498828,0
0.8131169,0.18688309,0
0.22640836,0.77359164,1
0.38280678,0.6171932,1
0.25556326,0.74443674,1
0.364294,0.635706,1
0.40126622,0.5987338,1
0.12234151,0.8776585,1
0.9946453,0.005354728,0
0.9943792,0.005620769,0
0.8079779,0.19202211,1
0.761974,0.23802601,1
0.761974,0.23802601,1
0.6976867,0.3023133,1
0.4518655,0.5481345,1
0.21296352,0.7870365,1
0.48952734,0.51047266,1
0.49864304,0.50135696,1
0.30798918,0.6920108,1
0.28282356,0.71717644,1
0.99560076,0.004399236,0
0.11282486,0.88717514,1
0.018870533,0.98112947,1
0.004725814,0.9952742,1
0.03361559,0.9663844,1
0.78968555,0.21031445,0
0.479384,0.520616,0
0.11733621,0.8826638,1
0.01127547,0.9887245,1
0.441045,0.558955,0
0.441045,0.558955,0
0.9975223,0.002477735,0
0.99730897,0.002691018,0
0.82412624,0.17587376,0
0.055199027,0.944801,1
0.024570942,0.97542906,1
0.9966392,0.0033608335,0
0.9966392,0.0033608335,0
0.99288064,0.0071193352,0
0.94894207,0.051057905,0
0.94894207,0.051057905,0
0.18921363,0.81078637,1
0.37694222,0.6230578,1
0.9849088,0.015091185,0
0.5193459,0.48065415,1
0.99913734,0.0008626431,0
0.99906725,0.00093275594,0
0.99915946,0.0008405196,0
0.9980344,0.0019655798,0
0.1751253,0.8248747,1
0.17388427,0.8261157,1
0.045538783,0.9544612,1
0.004943967,0.99505603,1
0.010561645,0.98943835,1
0.4849376,0.5150624,1
0.28089553,0.71910447,1
0.99385285,0.0061471458,0
0.9981298,0.0018702184,0
0.0019794703,0.9980205,1
0.0019794703,0.9980205,1
0.0019794703,0.9980205,1
0.0019794703,0.9980205,1
0.6204977,0.3795023,0
0.99413604,0.005863982,0
0.98380756,0.016192462,0
0.11692423,0.8830758,1
0.11692423,0.8830758,1
0.021677375,0.9783226,1
0.013387084,0.9866129,1
0.0033525825,0.9966474,1
0.01163125,0.98836875,1
0.99143285,0.00856718,0
0.4207226,0.5792774,1
0.99253285,0.007467122,0
0.9932156,0.006784406,0
0.33136487,0.66863513,1
0.20837432,0.7916257,1
0.22247845,0.77752155,1
0.86874425,0.13125572,0
0.22247845,0.77752155,1
0.86874425,0.13125572,0
0.9784898,0.021510193,0
0.9863024,0.013697612,0
0.9784898,0.021510193,0
0.9866619,0.0133381,0
0.9099414,0.09005864,0
0.99586016,0.004139844,0
0.99429613,0.0057038837,0
0.24754775,0.75245225,1
0.041971147,0.95802885,1
0.20837432,0.7916257,1
0.018808067,0.98119193,1
0.98613226,0.013867762,0
0.9863024,0.013697612,0
0.9891074,0.010892629,0
0.69269097,0.307309,1
0.9950025,0.004997519,0
0.18380499,0.816195,1
0.12084055,0.87915945,1
0.110470414,0.8895296,1
0.110470414,0.8895296,1
0.04108584,0.95891416,1
0.9977035,0.0022964966,0
0.027081072,0.9729189,1
0.016597092,0.9834029,1
0.019562006,0.980438,1
0.020795405,0.9792046,1
0.0016822815,0.9983177,1
0.9856789,0.014321062,0
0.98592716,0.014072854,0
0.026489556,0.97351044,1
0.0040495396,0.99595046,1
0.03135246,0.96864754,1
0.9965397,0.003460303,0
0.82759356,0.17240642,0
0.44274765,0.55725235,1
0.010765433,0.98923457,1
0.048828244,0.95117176,1
0.820584,0.17941599,0
0.1746158,0.8253842,1
0.99454415,0.0054558376,0
0.7936269,0.20637307,0
0.01095897,0.98904103,1
0.010761738,0.98923826,1
0.00785625,0.99214375,1
0.001368463,0.99863154,1
0.008867681,0.9911323,1
0.010355234,0.98964477,1
0.009171128,0.9908289,1
0.9947939,0.0052061244,0
0.0789544,0.9210456,1
0.016625643,0.98337436,1
0.07208282,0.9279172,1
0.7625516,0.23744841,0
0.42636752,0.5736325,0
0.02226913,0.9777309,1
0.02226913,0.9777309,1
0.96912587,0.030874142,0
0.98751825,0.012481739,0
0.08478099,0.915219,1
0.08864701,0.911353,1
0.077206194,0.9227938,1
0.7697886,0.23021135,0
0.94718593,0.052814078,0
0.8751393,0.12486071,0
0.020362437,0.97963756,1
0.0050503016,0.9949497,1
0.0045695305,0.99543047,1
0.0050503016,0.9949497,1
0.8860133,0.113986656,0
0.94335735,0.05664268,0
0.89729476,0.10270522,0
0.929659,0.070340976,0
0.042479098,0.9575209,1
0.05309987,0.9469001,1
0.9371196,0.06288038,0
0.8824157,0.117584266,0
0.8147156,0.18528439,0
0.2655574,0.7344426,0
0.24271566,0.75728434,0
0.099567354,0.90043265,1
0.24271566,0.75728434,0
0.24271566,0.75728434,1
0.9264374,0.07356261,0
0.9294524,0.07054757,0
0.9872293,0.012770731,0
0.99823475,0.0017652652,0
0.99823475,0.0017652652,0
0.99751997,0.0024800533,0
0.19974416,0.80025584,1
0.12899595,0.87100405,1
0.10889506,0.89110494,1
0.1307469,0.8692531,1
0.1854282,0.8145718,1
0.9948419,0.00515813,0
0.048941195,0.9510588,1
0.09497404,0.90502596,1
0.09497404,0.90502596,1
0.026233613,0.9737664,1
0.026233613,0.9737664,1
0.8894515,0.11054852,0
0.4776296,0.5223704,1
0.9912632,0.008736774,0
0.9932216,0.0067784134,0
0.4625255,0.5374745,1
0.020522714,0.9794773,1
0.040890157,0.95910984,1
0.05333197,0.946668,1
0.01585567,0.98414433,1
0.05333197,0.946668,1
0.0116992,0.9883008,1
0.0071641803,0.9928358,1
0.91548115,0.08451887,0
0.98328084,0.016719144,0
0.9945287,0.005471264,0
0.9945287,0.005471264,0
0.9806129,0.019387126,0
0.025423229,0.9745768,1
0.92382413,0.07617587,0
0.57403135,0.42596865,1
0.082210004,0.91779,1
0.0013585687,0.99864143,1
0.008640349,0.99135965,1
0.3645594,0.6354406,0
0.0012946129,0.9987054,1
0.00240618,0.9975938,1
0.07642591,0.9235741,1
0.0068362355,0.99316376,1
0.07093066,0.92906934,1
0.044309914,0.9556901,1
0.025130332,0.97486967,1
0.024837077,0.9751629,1
0.4765377,0.5234623,0
0.98969966,0.01030033,0
0.5059667,0.49403328,0
0.12241036,0.87758964,0
0.04791087,0.95208913,1
0.062686086,0.9373139,1
0.066587925,0.9334121,1
0.11275393,0.8872461,1
0.3961466,0.6038534,0
0.3961466,0.6038534,0
0.10754639,0.8924536,0
0.13305622,0.8669438,1
0.85934067,0.14065933,0
0.85934067,0.14065933,0
0.5279192,0.47208083,0
0.5279192,0.47208083,0
0.45326847,0.54673153,0
0.98594576,0.014054268,0
0.99470526,0.0052947327,0
0.2074278,0.7925722,1
0.21718007,0.7828199,1
0.9785737,0.021426301,0
0.9714764,0.028523618,0
0.97198415,0.02801585,0
0.97198415,0.02801585,0
0.9853107,0.014689327,0
0.9591206,0.040879402,0
0.2460354,0.7539646,1
0.9887722,0.011227815,0
0.991788,0.008211984,0
0.9970169,0.0029830942,0
0.99509996,0.004900011,0
0.18238115,0.81761885,1
0.9316661,0.06833391,0
0.94071203,0.059287954,0
0.97535604,0.02464397,0
0.98327875,0.016721237,0
0.09186435,0.90813565,1
0.343336,0.656664,1
0.0026137233,0.9973863,1
0.017721295,0.9822787,1
0.019154131,0.98084587,1
0.03819537,0.9618046,1
0.9893394,0.01066059,0
0.9944199,0.005580155,0
0.5936952,0.40630478,0
0.5270786,0.47292134,0
0.016900837,0.98309916,1
0.021422386,0.9785776,1
0.091695726,0.9083043,1
0.012218714,0.9877813,1
0.0048404336,0.99515957,1
0.012216866,0.98778313,1
0.53772557,0.46227446,0
0.8586979,0.14130212,0
0.9445633,0.05543666,0
0.624503,0.37549695,0
0.9868812,0.013118814,0
0.99291027,0.007089752,0
0.9935587,0.006441321,0
0.5088221,0.49117795,0
0.3471766,0.6528234,1
0.8486056,0.15139443,0
0.8676443,0.13235568,0
0.88039887,0.119601145,0
0.8921658,0.107834205,0
0.879789,0.120211,0
0.0495165,0.9504835,1
0.25515193,0.7448481,1
0.29332024,0.70667976,1
0.40420133,0.5957987,1
0.97426724,0.02573275,0
0.019318104,0.9806819,1
0.3896321,0.6103679,1
0.83150357,0.16849643,0
0.34544992,0.6545501,1
0.34544992,0.6545501,1
0.9627725,0.037227497,0
0.3908692,0.6091308,1
0.053296506,0.9467035,1
0.21246213,0.7875379,1
0.99162036,0.008379621,0
0.92574996,0.074250065,0
0.79780453,0.20219545,0
0.78878486,0.21121514,0
0.8471272,0.15287282,0
0.9505676,0.049432382,0
0.9505676,0.049432382,0
0.9505676,0.049432382,0
0.95233566,0.04766434,0
0.83391005,0.16608995,1
0.95698404,0.04301593,0
0.9844504,0.015549575,0
0.03441173,0.9655883,1
0.3628174,0.6371826,1
0.037547946,0.96245205,1
0.7926947,0.20730528,0
0.032435715,0.9675643,1
0.038300097,0.9616999,1
0.05238825,0.94761175,1
0.054401875,0.9455981,1
0.98394823,0.016051779,0
0.99894345,0.0010565444,0
0.99157965,0.008420368,0
0.21766788,0.7823321,1
0.9813862,0.01861384,0
0.24928588,0.7507141,0
0.014453292,0.9855467,1
0.069378555,0.93062145,1
0.014453292,0.9855467,1
0.008651435,0.99134856,1
0.009203315,0.9907967,1
0.018119335,0.98188066,1
0.9915968,0.0084031625,0
0.9717808,0.028219247,0
0.8346114,0.16538861,0
0.6388804,0.3611196,0
0.6388804,0.3611196,0
0.8765962,0.123403765,0
0.8346689,0.1653311,0
0.9580581,0.041941892,0
0.87873197,0.12126801,1
0.97691065,0.023089338,0
0.9858207,0.014179302,0
0.9858207,0.014179302,0
0.97005194,0.029948074,0
0.9599651,0.0400349,0
0.51940095,0.48059902,1
0.18300068,0.8169993,1
0.18300068,0.8169993,1
0.18300068,0.8169993,1
0.96043617,0.03956382,0
0.96043617,0.03956382,0
0.9725244,0.027475622,0
0.15211123,0.84788877,1
0.92924213,0.070757896,0
0.24180102,0.758199,1
0.07427621,0.9257238,1
0.030809104,0.9691909,1
0.40174764,0.59825236,0
0.59562135,0.40437868,0
0.9730126,0.026987387,0
0.96658313,0.033416852,0
0.99891067,0.0010893382,0
0.96476185,0.035238165,0
0.85201144,0.14798859,0
0.78786016,0.21213987,0
0.8322674,0.16773258,0
0.86837935,0.13162065,0
0.94228405,0.05771595,0
0.9979836,0.0020163993,0
0.98281884,0.01718117,0
0.99891025,0.0010897772,0
0.9446659,0.0553341,0
0.8497612,0.15023883,0
0.945882,0.054117978,0
0.924804,0.075196,0
0.69235235,0.30764765,1
0.98588365,0.01411634,0
0.99899024,0.0010097452,0
0.9726633,0.027336732,0
0.6365619,0.36343813,0
0.46929514,0.53070486,1
0.6982919,0.30170807,0
0.030656695,0.9693433,1
0.030005753,0.96999425,1
0.04352969,0.9564703,1
0.021238685,0.9787613,1
0.9281715,0.07182847,0
0.9584092,0.04159081,0
0.02593869,0.9740613,1
0.0045629144,0.9954371,1
0.89243084,0.10756915,0
0.91122293,0.08877708,0
0.99244946,0.0075505455,0
0.99911743,0.00088254875,0
0.98762923,0.01237075,0
0.016961694,0.9830383,1
0.03577137,0.96422863,1
0.029281676,0.9707183,1
0.029281676,0.9707183,1
0.4807042,0.5192958,1
0.48068196,0.51931804,1
0.8505509,0.14944914,0
0.07003325,0.92996675,1
0.93370515,0.06629484,0
0.98655117,0.013448833,0
0.94429296,0.05570703,0
0.92136335,0.07863666,0
0.9819484,0.018051594,0
0.94966185,0.05033813,0
0.9002988,0.09970121,0
0.94833934,0.051660646,0
0.9556351,0.044364944,0
0.97264194,0.027358072,0
0.970803,0.029197006,0
0.970803,0.029197006,0
0.66618645,0.33381355,0
0.87274307,0.12725691,0
0.6451253,0.35487467,1
0.8113537,0.18864633,0
0.7709912,0.22900882,0
0.33054614,0.66945386,1
0.5041318,0.49586818,1
0.5026982,0.4973018,1
0.9496224,0.050377604,0
0.9414526,0.05854738,0
0.031628966,0.96837103,1
0.5011122,0.4988878,0
0.37237495,0.62762505,1
0.01512152,0.9848785,1
0.012143612,0.9878564,1
0.019885123,0.9801149,1
0.5549742,0.4450258,0
0.9080562,0.091943786,0
0.5070196,0.49298042,1
0.9823509,0.017649092,0
0.04652971,0.9534703,1
0.04652971,0.9534703,1
0.087249815,0.9127502,1
0.092348695,0.9076513,1
0.092348695,0.9076513,1
0.17432964,0.82567036,1
0.08582866,0.91417134,1
0.1194306,0.8805694,1
0.118513525,0.8814865,1
0.47772217,0.52227783,0
0.99276227,0.0072377096,0
0.98850864,0.011491356,0
0.5054817,0.49451825,0
0.03443694,0.96556306,1
0.030437648,0.96956235,1
0.030437648,0.96956235,1
0.030437648,0.96956235,1
0.01825416,0.98174584,1
0.024177909,0.9758221,1
0.039978087,0.9600219,1
0.059331298,0.9406687,1
0.9914832,0.0085168015,0
0.9921429,0.007857101,0
0.9872991,0.012700931,0
0.69488895,0.30511102,0
0.0049965978,0.9950034,1
0.005589545,0.99441046,1
0.0022348166,0.9977652,1
0.004133582,0.9958664,1
0.0012886524,0.99871135,1
0.0037388206,0.9962612,1
0.3010913,0.6989087,0
0.060632408,0.9393676,1
0.03771323,0.9622868,1
0.016238272,0.9837617,1
0.62958,0.37041998,0
0.0016491413,0.99835086,1
0.41897452,0.5810255,0
0.4365636,0.5634364,0
0.9763711,0.023628881,0
0.9362206,0.06377941,0
0.9362206,0.06377941,0
0.8641043,0.13589574,0
0.5116018,0.4883982,0
0.20497936,0.79502064,0
0.8613636,0.13863643,0
0.87939703,0.120602995,0
0.9516277,0.048372354,0
0.9043341,0.095665865,0
0.8477146,0.1522854,0
0.8477146,0.1522854,0
0.8628197,0.13718034,0
0.880323,0.119677015,0
0.8722025,0.12779745,0
0.8789978,0.12100217,0
0.8789978,0.12100217,0
0.86001825,0.13998173,1
0.76423514,0.23576489,1
0.97122014,0.028779862,0
0.85356987,0.1464301,0
0.6153495,0.38465053,1
0.62625194,0.3737481,1
0.65317297,0.34682703,1
0.72090113,0.2790989,0
0.6004021,0.39959788,1
0.7830623,0.2169377,0
0.83107585,0.16892414,1
0.73280203,0.267198,1
0.043560326,0.9564397,1
0.07565129,0.9243487,1
0.028129935,0.97187006,1
0.08211279,0.9178872,1
0.034415185,0.9655848,1
0.83738136,0.16261865,0
0.9777069,0.022293108,0
0.9684299,0.031570077,0
0.09297812,0.9070219,1
0.07154989,0.9284501,0
0.07479143,0.92520857,1
0.151501,0.848499,0
0.14145553,0.85854447,1
0.50240356,0.49759644,0
0.2036637,0.7963363,1
0.81090343,0.18909654,0
0.9236994,0.076300606,0
0.98448545,0.01551456,0
0.065562844,0.93443716,1
0.10528195,0.89471805,1
0.95066464,0.049335346,0
0.95066464,0.049335346,0
0.89861333,0.10138669,0
0.553538,0.44646198,1
0.9839061,0.01609391,0
0.9952884,0.0047116205,0
0.9956875,0.0043124943,0
0.932951,0.067049004,0
0.08138776,0.91861224,1
0.007388413,0.9926116,1
0.14372575,0.85627425,1
0.80945873,0.1905413,0
0.11459917,0.88540083,1
0.6526774,0.3473226,1
0.8956261,0.10437387,0
0.87782323,0.122176796,0
0.51699483,0.4830052,1
0.5717044,0.42829564,1
0.8854918,0.11450819,0
0.6000453,0.39995468,1
0.049937308,0.9500627,1
0.97797096,0.022029053,0
0.93838024,0.061619755,0
0.9065812,0.09341879,0
0.9647051,0.035294868,0
0.9707594,0.02924062,0
0.124207675,0.8757923,1
0.124207675,0.8757923,1
0.023179889,0.9768201,1
0.21649492,0.7835051,1
0.98259014,0.017409835,0
0.91941935,0.08058067,0
0.88393974,0.11606027,0
0.88393974,0.11606027,0
0.82777894,0.17222105,0
0.82777894,0.17222105,0
0.8639711,0.13602887,0
0.93469965,0.065300375,0
0.932531,0.06746898,0
0.9640067,0.0359933,0
0.9533336,0.046666406,0
0.9319044,0.06809564,0
0.9365427,0.063457295,0
0.23681456,0.76318544,1
0.8842481,0.115751915,0
0.89617324,0.10382674,0
0.923207,0.07679301,0
0.2851913,0.7148087,1
0.15280169,0.8471983,1
0.29810148,0.7018985,1
0.32129478,0.6787052,1
0.9234673,0.07653275,0
0.33688056,0.66311944,1
0.8972376,0.10276241,0
0.12697059,0.8730294,1
0.062874556,0.93712544,1
0.16675776,0.83324224,1
0.27618206,0.72381794,0
0.3686278,0.6313722,0
0.22483975,0.77516025,0
0.44117552,0.5588245,0
0.9317485,0.068251476,0
0.7636627,0.23633732,0
0.9668839,0.033116076,0
0.047630787,0.9523692,1
0.18008292,0.8199171,1
0.18008292,0.8199171,1
0.030459285,0.9695407,1
0.11940813,0.88059187,1
0.17409492,0.8259051,0
0.069883645,0.93011636,1
0.40908015,0.59091985,1
0.069551826,0.9304482,1
0.09519935,0.90480065,1
0.031054378,0.9689456,1
0.010991275,0.9890087,1
0.25359076,0.74640924,1
0.10354042,0.8964596,1
0.10906994,0.89093006,1
0.5124717,0.48752835,1
0.26375747,0.73624253,1
0.970274,0.029726008,0
0.02650088,0.9734991,1
0.022276342,0.97772366,1
0.022276342,0.97772366,1
0.022276342,0.97772366,1
0.023716807,0.9762832,1
0.05226183,0.9477382,1
0.3073548,0.6926452,1
0.28061044,0.71938956,1
0.3972221,0.6027779,1
0.50160456,0.49839547,1
0.5397483,0.4602517,1
0.9770999,0.02290009,0
0.9766893,0.023310708,0
0.908063,0.091937,0
0.83198583,0.16801415,0
0.51435906,0.48564094,0
0.11118466,0.88881534,1
0.37847364,0.62152636,1
0.080896914,0.9191031,1
0.080896914,0.9191031,1
0.038006425,0.9619936,1
0.005425215,0.9945748,1
0.099803865,0.90019614,0
0.11740923,0.8825908,1
0.11740923,0.8825908,1
0.6600176,0.3399824,0
0.8625969,0.13740309,0
0.5618924,0.43810764,0
0.04763156,0.95236844,1
0.042126834,0.95787317,1
0.042126834,0.95787317,1
0.576643,0.42335704,0
0.95628303,0.04371695,0
0.94279206,0.05720792,0
0.29869962,0.7013004,0
0.9772189,0.022781072,0
0.9847234,0.015276608,0
0.9818639,0.018136071,0
0.98460037,0.015399618,0
0.9784206,0.021579402,0
0.94233745,0.057662558,0
0.96147794,0.038522083,0
0.9879506,0.012049351,0
0.9453084,0.054691628,0
0.23262429,0.7673757,1
0.24854082,0.7514592,1
0.2746759,0.7253241,1
0.0815711,0.9184289,1
0.21179825,0.78820175,1
0.16316426,0.83683574,1
0.20098221,0.7990178,1
0.05960512,0.9403949,1
0.24677533,0.7532247,1
0.97620326,0.023796743,0
0.99079144,0.009208578,0
0.99079144,0.009208578,0
0.9904536,0.009546401,0
0.10087478,0.8991252,1
0.8740038,0.12599617,0
0.89326763,0.10673236,0
0.96011823,0.039881762,0
0.8367355,0.16326453,1
0.968139,0.03186099,0
0.9765439,0.023456082,0
0.012108803,0.9878912,1
0.014107406,0.9858926,1
0.0070891976,0.9929108,1
0.19126886,0.80873114,1
0.17825425,0.82174575,1
0.16182834,0.83817166,1
0.30938745,0.69061255,1
0.98870534,0.011294675,0
0.77847534,0.22152464,0
0.52791864,0.47208136,1
0.52791864,0.47208136,1
0.49235272,0.5076473,1
0.9764775,0.023522504,0
0.039387107,0.9606129,1
0.44610894,0.55389106,1
0.8389915,0.16100848,0
0.98717636,0.012823616,0
0.9663731,0.033626907,0
0.9868521,0.013147886,0
0.9868521,0.013147886,0
0.07454014,0.92545986,1
0.019040108,0.9809599,1
0.018132567,0.98186743,1
0.09926659,0.9007334,1
0.74733365,0.25266638,0
0.98078954,0.019210435,0
0.7156279,0.28437212,0
0.18777859,0.8122214,1
0.12888765,0.87111235,1
0.01296711,0.9870329,1
0.019131958,0.98086804,1
0.02553171,0.9744683,1
0.025126755,0.97487324,1
0.03526044,0.96473956,1
0.076868355,0.92313164,1
0.076868355,0.92313164,1
0.03526044,0.96473956,1
0.03878379,0.9612162,1
0.17988443,0.82011557,0
0.99390143,0.006098571,0
0.94065356,0.05934645,0
0.0592795,0.9407205,1
0.43489677,0.56510323,0
0.017154753,0.98284525,1
0.28647816,0.71352184,1
0.7649119,0.23508814,0
0.98385775,0.016142245,0
0.844721,0.15527897,0
0.86596835,0.13403164,0
0.93137854,0.06862144,0
0.032405138,0.96759486,1
0.0390715,0.9609285,1
0.44455594,0.55544406,0
0.045393765,0.95460624,1
0.045393765,0.95460624,1
0.030158281,0.9698417,1
0.045393765,0.95460624,1
0.028285325,0.9717147,1
0.038504183,0.9614958,1
0.48696548,0.5130345,0
0.518738,0.48126203,0
0.98532474,0.014675269,0
0.99407923,0.0059207715,0
0.99433696,0.005663054,0
0.95457935,0.045420665,0
0.9280787,0.071921304,0
0.502096,0.497904,0
0.32934088,0.6706591,0
0.22324735,0.77675265,1
0.7840978,0.21590222,0
0.7840978,0.21590222,0
0.9713377,0.028662313,0
0.004042089,0.9959579,1
0.8881563,0.111843705,0
0.8881563,0.111843705,0
0.089482665,0.91051733,1
0.9342345,0.06576552,0
0.010379314,0.9896207,1
0.027492225,0.9725078,1
0.027492225,0.9725078,1
0.013669789,0.9863302,1
0.98638505,0.013614924,0
0.93136984,0.06863014,0
0.5970955,0.40290454,1
0.9899541,0.010045898,0
0.9917513,0.0082487,0
0.55066156,0.44933847,1
0.9217186,0.07828138,0
0.99322516,0.0067748413,0
0.22896332,0.7710367,1
0.98598653,0.014013466,0
0.9890366,0.010963392,0
0.36804694,0.63195306,0
0.028427303,0.9715727,1
0.016444743,0.98355526,1
0.15966171,0.8403383,1
0.9804734,0.01952662,0
0.97756165,0.022438355,0
0.97062075,0.029379228,0
0.7772205,0.22277948,0
0.4204284,0.5795716,1
0.037828684,0.9621713,1
0.010248065,0.98975194,1
0.55478907,0.44521096,0
0.21237588,0.7876241,0
0.85883296,0.14116707,0
0.33745092,0.6625491,0
0.97859937,0.021400632,0
0.97859937,0.021400632,0
0.98421085,0.015789125,0
0.44455594,0.55544406,1
0.04648125,0.95351875,1
0.028125882,0.9718741,1
0.5573921,0.4426079,1
0.0946393,0.9053607,1
0.54221904,0.45778096,1
0.9959606,0.0040394333,0
0.956495,0.043505028,0
0.35630298,0.643697,1
0.019870937,0.98012906,1
0.010519624,0.9894804,1
0.010519624,0.9894804,1
0.0036264062,0.9963736,1
0.0036264062,0.9963736,1
0.002925396,0.9970746,1
0.8688024,0.1311976,0
0.35983348,0.6401665,0
0.17328173,0.8267183,0
0.0038075447,0.99619246,1
0.0025020242,0.997498,1
0.0020948648,0.99790514,1
0.005095482,0.9949045,1
0.9489537,0.05104629,0
0.7552523,0.2447477,0
0.59563303,0.404367,0
0.3262598,0.6737402,0
0.62467307,0.37532693,0
0.5490763,0.4509237,1
0.9889025,0.011097469,0
0.98506665,0.014933318,0
0.98354626,0.01645374,0
0.98794055,0.012059453,0
0.9463081,0.053691935,0
0.8450018,0.1549982,1
0.120206535,0.87979347,1
0.96807843,0.031921547,0
0.9375819,0.062418114,0
0.9900386,0.009961415,0
0.9894961,0.010503884,0
0.9923138,0.007686211,0
0.9606357,0.03936428,0
0.20152128,0.7984787,1
0.42815745,0.57184255,1
0.0138424635,0.98615754,1
0.015985548,0.98401445,1
0.2891292,0.7108708,1
0.9453071,0.054692924,0
0.976176,0.023823988,0
0.9768504,0.023149583,0
0.99832743,0.0016725798,0
0.92191917,0.07808081,0
0.020340502,0.9796595,1
0.03701228,0.9629877,1
0.10967666,0.89032334,1
0.25487822,0.7451218,1
0.040872574,0.9591274,1
0.9503853,0.049614705,0
0.9849703,0.015029712,0
0.9794189,0.0205811,0
0.98126274,0.018737258,0
0.99786615,0.0021338246,0
0.6768558,0.32314417,1
0.12426591,0.8757341,1
0.12299639,0.8770036,1
0.02900976,0.97099024,1
0.1235075,0.8764925,1
0.9923592,0.0076407637,0
0.9884658,0.011534198,0
0.9884658,0.011534198,0
0.9866848,0.013315227,0
0.032645047,0.96735495,1
0.9418653,0.058134705,0
0.03208196,0.96791804,1
0.090446234,0.90955377,1
0.027038753,0.97296125,1
0.0057389736,0.994261,1
0.9686516,0.031348392,0
0.95857644,0.041423555,0
0.9910691,0.008930917,0
0.9912247,0.008775296,0
0.99944615,0.0005538719,0
0.3077575,0.6922425,1
0.0033599138,0.9966401,1
0.005330026,0.99467,1
0.0036858916,0.9963141,1
0.57138765,0.42861235,0
0.5903441,0.4096559,1
0.9990472,0.00095278845,0
0.98346156,0.016538458,0
0.9838043,0.01619569,0
0.99181527,0.008184704,0
0.97416097,0.025839042,0
0.9851356,0.014864382,0
0.99887186,0.0011281666,0
0.95217144,0.047828533,0
0.59033465,0.40966538,0
0.013302624,0.9866974,1
0.18391407,0.81608593,1
0.9811355,0.018864514,0
0.9845317,0.015468309,0
0.9666643,0.033335704,0
0.942987,0.057012957,0
0.98524487,0.014755126,0
0.9988482,0.0011518049,0
0.5620454,0.4379546,1
0.36786187,0.63213813,1
0.9894272,0.010572778,0
0.98836017,0.011639838,0
0.55313253,0.44686744,0
0.008985102,0.9910149,1
0.006412506,0.9935875,1
0.011123478,0.9888765,1
0.11753625,0.88246375,1
0.38790017,0.6120998,1
0.96026474,0.039735284,0
0.9577191,0.042280886,0
0.9902071,0.0097929435,0
0.9585101,0.041489895,0
0.17058563,0.82941437,1
0.020232141,0.97976786,1
0.010587275,0.9894127,1
0.010587275,0.9894127,1
0.010249436,0.98975056,1
0.057239354,0.94276065,1
0.049432695,0.9505673,1
0.962386,0.03761397,0
0.92961395,0.07038602,0
0.56118643,0.4388136,0
0.18534929,0.8146507,1
0.4504068,0.5495932,0
0.4011019,0.5988981,1
0.3077575,0.6922425,1
0.38160765,0.61839235,1
0.012241185,0.9877588,1
0.0027499795,0.99725,1
0.0009575486,0.99904245,1
0.0009558797,0.9990441,1
0.00096189976,0.9990381,1
0.5903441,0.4096559,0
0.77864176,0.22135824,0
0.9945605,0.0054395148,0
0.99473464,0.0052653286,0
0.6892625,0.31073746,0
0.718948,0.281052,0
0.3439501,0.6560499,0
0.64130294,0.35869706,0
0.70260394,0.2973961,0
0.70260394,0.2973961,0
0.9645002,0.035499834,0
0.8583634,0.14163662,0
0.9905173,0.009482663,0
0.8410543,0.1589457,1
0.99347705,0.0065229414,0
0.9800922,0.019907784,0
0.96507007,0.034929954,0
0.98605675,0.013943243,0
0.92806745,0.071932554,0
0.6320419,0.36795813,1
0.3447706,0.6552294,1
0.03963101,0.960369,1
0.007824004,0.992176,1
0.01046437,0.9895356,1
0.014224231,0.98577577,1
0.014224231,0.98577577,1
0.014224231,0.98577577,1
0.0126033425,0.98739666,1
0.85082734,0.14917266,0
0.7949918,0.20500821,0
0.7527181,0.2472819,0
0.98482853,0.015171469,0
0.9837879,0.01621211,0
0.9988482,0.0011518049,0
0.99863935,0.0013606423,0
0.9989845,0.0010155066,0
0.19818896,0.80181104,1
0.009468317,0.9905317,1
0.9628501,0.0371499,0
0.97812045,0.021879533,0
0.936697,0.06330302,0
0.94930506,0.050694913,0
0.9988403,0.0011597213,0
0.01601535,0.98398465,1
0.022880614,0.9771194,1
0.022880614,0.9771194,1
0.022880614,0.9771194,1
0.10721707,0.8927829,1
0.122211576,0.8777884,1
0.84025776,0.15974225,0
0.93777806,0.062221922,0
0.8885566,0.111443415,0
0.964053,0.035947032,0
0.9978134,0.0021865915,0
0.99897456,0.0010254283,0
0.050271392,0.9497286,1
0.9206151,0.079384916,0
0.9205238,0.07947618,0
0.9205238,0.07947618,0
0.13577372,0.8642263,1
0.056613266,0.94338673,1
0.9975111,0.002488882,0
0.9955203,0.004479702,0
0.9978416,0.0021584241,0
0.9978416,0.0021584241,0
0.99775916,0.0022408126,0
0.03027761,0.9697224,1
0.846151,0.15384902,0
0.9345822,0.06541782,0
0.94088084,0.059119143,0
0.94088084,0.059119143,0
0.9985726,0.0014273823,0
0.19913363,0.80086637,1
0.021143854,0.97885615,1
0.63574904,0.36425096,1
0.998859,0.0011410194,0
0.998879,0.0011209837,0
0.025198221,0.9748018,1
0.0043742657,0.99562573,1
0.003961444,0.99603856,1
0.004621625,0.9953784,1
0.026578128,0.9734219,1
0.038368702,0.9616313,1
0.042875648,0.95712435,1
0.9854441,0.014555886,0
0.99838823,0.0016117924,0
0.45472127,0.5452787,0
0.0717383,0.9282617,1
0.0717383,0.9282617,1
0.0717383,0.9282617,1
0.084415495,0.9155845,1
0.22070706,0.77929294,0
0.03425634,0.96574366,1
0.043538213,0.9564618,1
0.05521691,0.9447831,1
0.08893752,0.9110625,1
0.9648805,0.035119485,0
0.9689339,0.031066142,0
0.96732795,0.032672048,0
0.99532956,0.004670435,0
0.060468793,0.9395312,1
0.031822205,0.9681778,1
0.92938393,0.07061606,0
0.92938393,0.07061606,0
0.07117772,0.9288223,1
0.43125254,0.56874746,1
0.9982554,0.0017446572,0
0.06369984,0.93630016,1
0.06503731,0.9349627,1
0.021083713,0.9789163,1
0.038192034,0.96180797,1
0.039414465,0.96058553,1
0.049934387,0.9500656,1
0.13794959,0.8620504,0
0.13794959,0.8620504,0
0.06585306,0.93414694,1
0.97560424,0.024395786,0
0.6087339,0.39126614,0
0.99808556,0.0019144289,0
0.9987913,0.0012087299,0
0.9279532,0.07204681,0
0.12100941,0.8789906,1
0.10902518,0.8909748,1
0.10902518,0.8909748,1
0.056177437,0.94382256,1
0.81720173,0.18279824,0
0.8528773,0.1471227,0
0.9982656,0.0017343722,0
0.039493203,0.9605068,1
0.022548854,0.97745115,1
0.9515028,0.048497215,0
0.89767593,0.102324046,0
0.031259596,0.9687404,1
0.9497789,0.050221104,0
0.9455988,0.054401197,0
0.99890053,0.0010994687,0
0.9985925,0.0014075167,0
0.015142202,0.9848578,1
0.014114261,0.98588574,1
0.014358938,0.98564106,1
0.016729534,0.98327047,1
0.061713994,0.938286,1
0.048739076,0.9512609,1
0.9981896,0.0018103662,0
0.9976681,0.0023319134,0
0.99829054,0.0017094379,0
0.14760852,0.8523915,1
0.7932106,0.2067894,0
0.8125262,0.18747374,0
0.66207206,0.33792794,0
0.8784888,0.1215112,0
0.8828927,0.11710728,0
0.9466053,0.05339468,0
0.9466053,0.05339468,0
0.9687111,0.0312889,0
0.9828978,0.017102206,0
0.9959681,0.0040318863,0
0.98820484,0.011795166,0
0.9864265,0.013573553,0
0.5156893,0.4843107,1
0.94462067,0.05537932,0
0.98450845,0.015491535,0
0.9943366,0.005663382,0
0.9949628,0.005037177,0
0.99863166,0.0013683197,0
0.9972682,0.0027318255,0
0.9681674,0.031832553,0
0.18026996,0.81973004,1
0.61854494,0.38145503,0
0.9659465,0.034053527,0
0.99591583,0.004084197,0
0.98638093,0.013619087,0
0.98202187,0.017978135,0
0.14094222,0.8590578,1
0.18964428,0.8103557,1
0.16013616,0.83986384,1
0.16621095,0.83378905,1
0.13657147,0.86342853,1
0.10973114,0.89026886,1
0.9555877,0.044412293,0
0.9459368,0.054063194,0
0.9847498,0.01525019,0
0.9914972,0.008502785,0
0.9898916,0.01010843,0
0.99710786,0.0028921473,0
0.9978526,0.0021473486,0
0.9322834,0.06771659,0
0.9240973,0.07590273,0
0.9082254,0.09177455,0
0.37503558,0.6249644,1
0.2727573,0.7272427,1
0.26898068,0.7310193,1
0.9856111,0.014388914,0
0.8267226,0.17327735,1
0.99279135,0.0072086174,0
0.027253807,0.9727462,1
0.018959701,0.9810403,1
0.01474756,0.98525244,1
0.025011837,0.97498816,1
0.0063472986,0.9936527,1
0.012123227,0.9878768,1
0.039048016,0.960952,1
0.31158096,0.68841904,0
0.31158096,0.68841904,0
0.40177977,0.5982202,0
0.7146965,0.2853035,0
0.86386317,0.13613681,0
0.8261653,0.1738347,0
0.9901605,0.0098395,0
0.9899076,0.010092359,0
0.99499655,0.0050034667,0
0.87869453,0.12130544,1
0.26683557,0.7331644,1
0.059853554,0.94014645,1
0.050270557,0.94972944,1
0.92974657,0.07025341,0
0.9520599,0.047940057,0
0.9562347,0.043765325,0
0.9963135,0.0036864604,0
0.9975231,0.002476875,0
0.5906495,0.40935048,1
0.56352264,0.43647736,1
0.52415127,0.47584873,1
0.03886187,0.9611381,1
0.018440247,0.98155975,1
0.80931294,0.19068703,0
0.875858,0.12414199,0
0.8744622,0.12553783,0
0.87315685,0.12684315,0
0.9938676,0.0061324514,0
0.9930261,0.0069739157,0
0.7792063,0.2207937,0
0.2877531,0.7122469,0
0.06824529,0.9317547,1
0.62720966,0.37279034,0
0.27984434,0.72015566,0
0.023293853,0.97670615,1
0.5458571,0.4541429,0
0.85758203,0.14241797,0
0.88162005,0.11837998,0
0.09281975,0.90718025,1
0.001303494,0.9986965,1
0.0014978647,0.99850214,1
0.004866302,0.9951337,1
0.75128615,0.24871382,0
0.7023792,0.2976208,0
0.8614584,0.13854155,0
0.98974484,0.010255172,0
0.99808764,0.0019123654,0
0.99850434,0.0014956461,0
0.9985747,0.0014253359,0
0.9978762,0.0021237612,0
0.9791863,0.02081373,0
0.8389528,0.1610472,0
0.99364823,0.0063517564,0
0.9921973,0.0078027537,0
0.58564055,0.41435942,1
0.9861342,0.013865806,0
0.9887654,0.011234587,0
0.98337734,0.016622687,0
0.9835365,0.016463535,0
0.2500394,0.7499606,1
0.9554739,0.044526104,0
0.08174223,0.9182578,1
0.01687795,0.98312205,1
0.8976557,0.10234428,0
0.98645145,0.013548549,0
0.99850976,0.0014902487,0
0.0056008697,0.99439913,1
0.57042956,0.42957047,0
0.9596102,0.040389754,0
0.972955,0.027045038,0
0.8162911,0.18370894,0
0.78735924,0.21264078,0
0.99048734,0.009512664,0
0.5192428,0.48075718,1
0.9775209,0.02247914,0
0.9921567,0.007843296,0
0.9568907,0.043109268,0
0.95480645,0.04519358,0
0.8859338,0.11406616,0
0.14754105,0.85245895,1
0.9314631,0.068536885,0
0.9245865,0.07541355,0
0.992586,0.0074139824,0
0.7232326,0.2767674,1
0.9739389,0.026061095,0
0.98762167,0.012378315,0
0.7705802,0.22941984,0
0.5848328,0.4151672,1
0.029358506,0.9706415,1
0.9814986,0.018501371,0
0.9906576,0.009342355,0
0.12908804,0.87091196,1
0.0866012,0.9133988,1
0.98717403,0.012825953,0
0.12712562,0.8728744,1
0.12712562,0.8728744,1
0.13480854,0.86519146,1
0.20305932,0.7969407,1
0.3221615,0.6778385,1
0.7588633,0.24113674,0
0.9786447,0.021355247,0
0.96369,0.036310025,0
0.7187191,0.28128085,0
0.45451826,0.54548174,0
0.910797,0.08920297,0
0.89739877,0.10260121,0
0.906921,0.09307898,0
0.8952868,0.10471323,0
0.9448438,0.05515619,0
0.7318669,0.2681331,1
0.07956493,0.9204351,1
0.98634917,0.013650837,0
0.9918335,0.008166466,0
0.98375976,0.016240234,0
0.3673452,0.6326548,1
0.27675086,0.72324914,1
0.82674736,0.17325264,0
0.22544217,0.7745578,1
0.20290226,0.79709774,1
0.95955914,0.04044084,0
0.8386395,0.16136049,1
0.9857973,0.014202718,0
0.95304507,0.04695491,0
0.9667882,0.033211824,0
0.99125296,0.00874703,0
0.99125296,0.00874703,0
0.97781366,0.022186328,0
0.97434926,0.025650755,0
0.9671887,0.032811306,0
0.31669003,0.68331,1
0.058501244,0.94149876,1
0.560905,0.43909502,1
0.4380886,0.5619114,1
0.10378337,0.89621663,1
0.6960094,0.3039906,0
0.907448,0.092552006,0
0.09119511,0.9088049,1
0.050634503,0.9493655,1
0.17188776,0.82811224,1
0.9544561,0.04554394,0
0.9811852,0.01881478,0
0.9733162,0.026683798,0
0.9938058,0.0061941994,0
0.94505715,0.054942857,0
0.98815835,0.011841672,0
0.9927971,0.0072029107,0
0.99389243,0.0061075804,0
0.5846893,0.41531068,1
0.9927743,0.0072257174,0
0.7053105,0.29468948,1
0.7849375,0.21506251,1
0.21096116,0.78903884,1
0.58093154,0.41906846,1
0.85064733,0.14935268,0
0.9963884,0.0036116163,0
0.9970457,0.0029543203,0
0.9874819,0.012518126,0
0.9927576,0.0072423536,0
0.6414949,0.35850507,0
0.13357538,0.8664246,1
0.25684494,0.74315506,1
0.18870151,0.8112985,1
0.40611178,0.5938882,1
0.7282312,0.2717688,0
0.9909864,0.009013599,0
0.19795752,0.8020425,1
0.48482972,0.5151703,1
0.8565325,0.1434675,0
0.989483,0.0105169965,0
0.99329764,0.006702346,0
0.995171,0.004829016,0
0.99900615,0.0009938334,0
0.43041396,0.56958604,1
0.10957664,0.89042336,1
0.10957664,0.89042336,1
0.15861976,0.84138024,1
0.0188604,0.9811396,1
0.20731157,0.7926884,1
0.6949154,0.3050846,0
0.90528786,0.09471212,0
0.752237,0.24776296,0
0.9910959,0.0089041265,0
0.9438747,0.056125294,0
0.42753088,0.5724691,1
0.69903064,0.3009694,0
0.73811454,0.26188546,0
0.98772144,0.012278566,0
0.9943532,0.005646825,0
0.9437531,0.056246847,0
0.95670485,0.043295145,0
0.5314394,0.4685606,1
0.5085994,0.49140063,1
0.36191946,0.63808054,1
0.6108842,0.38911578,1
0.6853552,0.31464484,1
0.33970988,0.6602901,1
0.42952466,0.57047534,1
0.99186605,0.0081339525,0
0.77773225,0.22226778,1
0.9731668,0.02683316,0
0.8794677,0.1205323,1
0.008530915,0.9914691,1
0.038619637,0.96138036,1
0.0033638477,0.99663615,1
0.53107923,0.46892077,0
0.9635744,0.03642559,0
0.7911978,0.20880224,0
0.9089603,0.091039695,0
0.9671778,0.032822218,0
0.69366455,0.30633542,0
0.01563847,0.9843615,1
0.06857711,0.9314229,1
0.7303669,0.2696331,1
0.841863,0.15813701,0
0.8582549,0.14174506,0
0.9829554,0.017044606,0
0.33389497,0.66610503,1
0.1886164,0.8113836,1
0.49375874,0.50624126,1
0.49213672,0.5078633,1
0.8067139,0.19328614,0
0.7527223,0.24727766,1
0.66677797,0.333222,0
0.5949578,0.40504217,0
0.7301557,0.26984432,0
0.33302724,0.66697276,0
0.042028785,0.9579712,1
0.23125911,0.7687409,1
0.3917653,0.6082347,0
0.014026165,0.98597383,1
0.8373976,0.16260241,0
0.9660873,0.033912715,0
0.25876766,0.74123234,0
0.16327721,0.8367228,1
0.080287576,0.9197124,1
0.60202086,0.39797917,0
0.64305305,0.35694697,0
0.023621798,0.9763782,1
0.95898825,0.04101177,0
0.89162844,0.10837153,0
0.86426604,0.13573399,0
0.9871077,0.012892305,0
0.98381835,0.016181655,0
0.987053,0.012947045,0
0.9941336,0.0058664284,0
0.91730994,0.08269005,0
0.7214768,0.27852318,0
0.6251846,0.3748154,0
0.8459736,0.15402639,0
0.5177833,0.48221675,1
0.68137705,0.31862298,1
0.62872875,0.37127125,1
0.45491964,0.54508036,1
0.9877517,0.012248248,0
0.32271576,0.67728424,1
0.89670604,0.10329398,0
0.88279355,0.117206484,0
0.5534419,0.4465581,0
0.15229845,0.84770155,1
0.41510344,0.58489656,1
0.49788696,0.50211304,0
0.442989,0.557011,1
0.6949959,0.3050041,1
0.2566409,0.7433591,1
0.15326679,0.8467332,1
0.013819754,0.98618025,1
0.0013451576,0.99865484,1
0.74737597,0.25262406,0
0.7405168,0.25948322,0
0.4143793,0.5856207,1
0.6178677,0.3821323,0
0.9015223,0.09847775,0
0.89626086,0.10373911,0
0.9433789,0.056621064,0
0.061285496,0.9387145,1
0.95976907,0.040230956,0
0.77818686,0.22181316,0
0.85181504,0.14818494,0
0.80841744,0.19158259,0
0.9652906,0.034709416,0
0.7106662,0.2893338,0
0.36076123,0.6392388,1
0.34034503,0.659655,1
0.46904874,0.53095126,1
0.46162677,0.53837323,1
0.97708356,0.022916416,0
0.938172,0.061828047,0
0.22598064,0.77401936,1
0.27839392,0.7216061,1
0.25934255,0.74065745,1
0.94052917,0.05947081,0
0.9883657,0.011634271,0
0.91874844,0.08125155,0
0.8582754,0.14172457,0
0.018773556,0.98122644,1
0.22598064,0.77401936,1
0.705357,0.29464298,0
0.8603155,0.13968451,0
0.00929153,0.9907085,1
0.1107586,0.8892414,1
0.95898825,0.04101177,0
0.8849608,0.11503924,0
0.8968211,0.10317893,0
0.8022404,0.1977596,0
0.7354938,0.26450625,1
0.8008692,0.19913079,1
0.8130803,0.18691972,1
0.9820854,0.017914576,0
0.9856004,0.0143995825,0
0.9891166,0.010883396,0
0.84900796,0.15099204,0
0.57645893,0.42354104,0
0.9181812,0.08181884,0
0.064129055,0.93587095,1
0.2613117,0.7386883,1
0.69365084,0.30634913,0
0.44201767,0.5579823,1
0.8398528,0.16014716,0
0.9431539,0.056846093,0
0.96845347,0.03154651,0
0.9726499,0.027350137,0
0.9888106,0.011189379,0
0.99182624,0.008173768,0
0.8300582,0.1699418,0
0.17649835,0.82350165,1
0.026232004,0.973768,1
0.09470844,0.90529156,1
0.5835427,0.41645733,0
0.42427635,0.57572365,0
0.0015615821,0.9984384,1
0.19131178,0.8086882,1
0.99313813,0.006861883,0
0.48575425,0.51424575,1
0.9900171,0.00998291,0
0.97929364,0.020706344,0
0.85871303,0.14128697,0
0.6384474,0.36155263,1
0.939485,0.060514968,0
0.9093409,0.0906591,0
0.8199861,0.18001391,0
0.14801532,0.8519847,1
0.75512856,0.24487144,0
0.7770013,0.22299868,0
0.28235728,0.7176427,1
0.62030596,0.37969404,1
0.31325084,0.68674916,1
0.3376515,0.6623485,1
0.7690703,0.23092969,0
0.9049033,0.095096685,0
0.9744344,0.025565619,0
0.96406937,0.035930645,0
0.88076913,0.11923086,0
0.90591335,0.09408662,0
0.61802316,0.38197687,0
0.24390799,0.756092,1
0.26767278,0.7323272,1
0.73752487,0.26247513,0
0.0134266615,0.98657334,1
0.9854579,0.014542111,0
0.81875026,0.18124975,0
0.9556246,0.044375427,0
0.8775307,0.12246933,0
0.8989666,0.10103341,0
0.99276173,0.007238254,0
0.99276173,0.007238254,0
0.8382299,0.1617701,1
0.07545692,0.9245431,1
0.9649104,0.035089627,0
0.8396871,0.1603129,1
0.82800955,0.17199044,1
0.8976934,0.10230661,1
0.9718593,0.028140735,0
0.9697156,0.030284412,0
0.98193586,0.018064125,0
0.98950124,0.010498762,0
0.98615485,0.01384512,0
0.9780809,0.021919094,0
0.9780809,0.021919094,0
0.9606555,0.039344486,0
0.8055483,0.19445167,0
0.9835874,0.016412592,0
0.9779395,0.022060506,0
0.17649835,0.82350165,1
0.008989453,0.99101055,1
0.2917409,0.7082591,1
0.27868783,0.72131217,1
0.05205822,0.9479418,1
0.38840723,0.61159277,0
0.6755726,0.32442743,0
0.7574389,0.24256107,0
0.6261475,0.37385246,1
0.9175389,0.08246114,0
0.9170283,0.08297171,0
0.9395488,0.060451206,0
0.8155629,0.1844371,0
0.9557606,0.04423941,0
0.9750238,0.024976222,0
0.96896803,0.031031957,0
0.97904783,0.020952161,0
0.97904783,0.020952161,0
0.9736562,0.026343849,0
0.9736562,0.026343849,0
0.9357137,0.064286284,0
0.982723,0.017276999,0
0.9789051,0.021094901,0
0.49672794,0.50327206,1
0.75512856,0.24487144,0
0.80295384,0.19704613,0
0.15247983,0.8475202,1
0.98405284,0.015947144,0
0.90473056,0.09526941,0
0.021806717,0.9781933,1
0.038163364,0.96183664,1
0.07115978,0.9288402,1
0.0013683438,0.99863166,1
0.10416949,0.8958305,1
0.86370295,0.13629706,0
0.9721757,0.027824294,0
0.9999315,6.845916e-05,0
0.98020476,0.019795246,0
0.072007895,0.9279921,1
0.10035968,0.8996403,0
0.1081996,0.8918004,1
0.921579,0.07842099,0
0.9537073,0.046292745,0
0.9284427,0.07155728,0
0.8311916,0.1688084,0
0.59399134,0.40600866,1
0.31911665,0.68088335,1
0.99331003,0.0066899513,0
0.9470344,0.0529656,0
0.34695548,0.6530445,1
0.2473883,0.7526117,1
0.18350327,0.81649673,1
0.09737283,0.90262717,1
0.9937777,0.006222313,0
0.9932298,0.00677019,0
0.33388972,0.6661103,1
0.27668792,0.7233121,1
0.9746993,0.025300674,0
0.50653815,0.49346182,1
0.11706811,0.8829319,1
0.67911345,0.32088655,0
0.18293643,0.81706357,1
0.09267944,0.90732056,1
0.9440758,0.055924162,0
0.99922115,0.00077885384,0
0.88500416,0.11499584,0
0.23033202,0.769668,1
0.007274866,0.99272513,1
0.023537219,0.9764628,1
0.14423233,0.85576767,1
0.9982925,0.0017075171,0
0.99781036,0.0021896295,0
0.008391857,0.99160814,1
0.12919772,0.8708023,0
0.70215046,0.2978495,0
0.96184057,0.03815945,0
0.9494669,0.050533134,0
0.9992235,0.000776515,0
0.99272496,0.0072750654,0
0.76198906,0.23801094,0
0.81725913,0.18274087,1
0.88948005,0.11051992,1
0.8553245,0.1446755,0
0.9972913,0.0027087014,0
0.9995374,0.00046259805,0
0.999243,0.0007569946,0
0.9899785,0.0100215105,0
0.43841076,0.56158924,1
0.07633239,0.9236676,1
0.014926255,0.98507375,1
0.076429725,0.9235703,1
0.0016556978,0.9983443,1
0.73844814,0.26155186,0
0.99344414,0.006555883,0
0.99922395,0.00077602896,0
0.0026494265,0.9973506,1
0.10290277,0.89709723,1
0.3277325,0.6722675,0
0.7557502,0.24424984,0
0.78857094,0.21142904,0
0.024697304,0.9753027,1
0.9007689,0.09923115,0
0.99939394,0.0006060552,0
0.99631727,0.0036827403,0
0.7293798,0.27062023,0
0.0076729655,0.99232703,1
0.010087669,0.98991233,1
0.024239182,0.9757608,1
0.9988771,0.0011229042,0
0.816623,0.18337703,0
0.38671094,0.61328906,0
0.025756717,0.9742433,1
0.10967326,0.89032674,0
0.61534864,0.38465136,0
0.3540287,0.6459713,0
0.0010333061,0.9989667,1
0.7878012,0.21219878,0
0.9788949,0.021105131,0
0.9937184,0.006281601,0
0.9976948,0.002305237,0
0.97294605,0.02705396,0
0.020478427,0.9795216,1
0.00047290325,0.9995271,1
0.00055378675,0.9994462,1
0.049146116,0.9508539,1
0.37597507,0.6240249,0
0.052702844,0.94729716,1
0.99851185,0.0014881336,0
0.8148174,0.18518256,0
0.9670877,0.032912318,0
0.0003489256,0.9996511,1
0.00047314167,0.99952686,1
0.011100054,0.98889995,1
0.06091529,0.9390847,1
0.19480085,0.80519915,1
0.99862635,0.0013736436,0
0.99772644,0.002273573,0
0.9985882,0.0014118166,0
0.9958384,0.004161594,0
0.029260337,0.97073966,1
0.01912713,0.98087287,1
0.016843736,0.98315626,1
0.031307697,0.9686923,1
0.51734924,0.4826508,0
0.94248194,0.057518072,0
0.0060581565,0.99394184,1
0.98292893,0.017071046,0
0.9905817,0.009418331,0
0.99863076,0.0013692211,0
0.9998157,0.00018427061,0
0.9800837,0.019916303,0
0.9237307,0.07626931,0
0.36815584,0.63184416,1
0.9215812,0.078418784,0
0.01071763,0.98928237,1
0.034633398,0.9653666,1
0.7303442,0.26965582,0
0.9251324,0.07486758,0
0.90548295,0.094517075,0
0.5686971,0.43130288,1
0.999159,0.00084103475,0
0.99741435,0.0025856665,0
0.99674857,0.003251405,0
0.74293834,0.25706166,1
0.2733367,0.7266633,1
0.9455926,0.054407425,0
0.8633917,0.13660832,0
0.15808868,0.8419113,1
0.008487761,0.99151224,1
0.023798585,0.9762014,1
0.20265102,0.797349,0
0.83729154,0.16270848,0
0.8002628,0.19973718,0
0.999413,0.0005870124,0
0.35694516,0.64305484,1
0.055919945,0.94408005,1
0.08915275,0.91084725,1
0.4265808,0.5734192,1
0.94825083,0.051749177,0
0.94825083,0.051749177,0
0.91382617,0.08617382,0
0.9987952,0.0012047717,0
0.98672265,0.013277336,0
0.98736715,0.012632868,0
0.9597228,0.040277157,0
0.95810604,0.04189396,0
0.3904453,0.6095547,1
0.1642425,0.8357575,1
0.88425213,0.115747854,1
0.9868205,0.013179476,0
0.86925983,0.13074015,1
0.11469382,0.8853062,1
0.00423795,0.99576205,1
0.059533536,0.94046646,1
0.3656783,0.6343217,1
0.02515304,0.97484696,1
0.15916419,0.8408358,1
0.0005580783,0.9994419,1
0.9127266,0.08727342,0
0.99763495,0.0023650571,0
0.123695195,0.8763048,1
0.041009665,0.95899034,1
0.19696593,0.80303407,1
0.8734782,0.1265218,0
0.9982768,0.0017231535,0
0.9066849,0.09331514,0
0.6752949,0.32470512,0
0.9255014,0.0744986,0
0.0076877475,0.99231225,1
0.9354709,0.06452914,0
0.46745127,0.5325487,1
0.93819696,0.06180305,0
0.98527896,0.014721066,0
0.86823404,0.13176599,0
0.997712,0.0022879546,0
0.10790753,0.89209247,1
0.7724737,0.22752632,0
0.16975057,0.8302494,1
0.12595075,0.87404925,1
0.9882969,0.0117030535,0
0.9937287,0.0062712785,0
0.9681388,0.031861186,0
0.9934109,0.0065890914,0
0.99995315,4.6823254e-05,0
0.99348885,0.006511123,0
0.99350125,0.0064987782,0
0.3828125,0.6171875,1
0.98974246,0.010257554,0
0.98050576,0.019494263,0
0.99021804,0.0097819725,0
0.3771065,0.6228935,1
0.58766866,0.41233134,1
0.99879867,0.0012013408,0
0.99972576,0.00027425901,0
0.9868685,0.0131315,0
0.98862183,0.011378175,0
0.99090105,0.009098953,0
0.010468841,0.98953116,1
0.94616514,0.053834863,0
0.9671402,0.03285982,0
0.97955495,0.020445053,0
0.96643174,0.03356826,0
0.7730025,0.22699746,1
0.9906677,0.00933228,0
0.9887155,0.011284477,0
0.99962467,0.00037535987,0
0.99940014,0.0005998602,0
0.98633766,0.013662348,0
0.97938514,0.02061486,0
0.9564653,0.0435347,0
0.98349535,0.016504645,0
0.9232379,0.076762095,0
0.003648281,0.9963517,1
0.0054935813,0.9945064,1
0.9616398,0.03836018,0
0.9827809,0.01721915,0
0.7007465,0.29925352,1
0.98525286,0.014747162,0
0.53378874,0.46621126,1
0.00785017,0.99214983,1
0.98801416,0.011985818,0
0.9831637,0.016836286,0
0.9803559,0.019644063,0
0.113975585,0.8860244,1
0.993873,0.00612697,0
0.9899965,0.010003488,0
0.9889986,0.011001418,0
0.9997934,0.00020660757,0
0.9926366,0.0073633506,0
0.9776726,0.022327399,0
0.99280465,0.0071953684,0
0.019357622,0.9806424,1
0.99752855,0.0024714214,0
0.9960422,0.0039578127,0
0.9978717,0.0021283126,0
0.89112455,0.108875476,0
0.9850556,0.014944403,0
0.9911017,0.008898337,0
0.99184316,0.008156835,0
0.9916325,0.00836749,0
0.7860976,0.21390243,0
0.004576981,0.995423,1
0.9929317,0.0070682485,0
0.99123126,0.008768724,0
0.9930623,0.006937711,0
0.9920823,0.007917683,0
0.12436789,0.8756321,1
0.17210418,0.8278958,1
0.070763946,0.92923605,1
0.99125844,0.008741578,0
0.9981066,0.0018934294,0
0.99837714,0.0016228263,0
0.99191886,0.008081149,0
0.7174275,0.28257248,0
0.004956484,0.9950435,1
0.0083763,0.9916237,1
0.0017074943,0.9982925,1
0.9829746,0.017025419,0
0.9999991,8.6449563e-07,0
0.9922886,0.0077114087,0
0.98723644,0.012763537,0
0.0016878843,0.9983121,1
0.0057286024,0.9942714,1
0.040667713,0.9593323,1
0.89984334,0.10015666,0
0.9768351,0.023164948,0
0.00025337934,0.9997466,1
0.0055877566,0.99441224,1
0.017895281,0.9821047,1
0.9961051,0.0038949412,0
0.9988567,0.0011432627,0
0.9999986,1.3837946e-06,0
0.99999666,3.319956e-06,0
0.9999947,5.3027597e-06,0
0.97674894,0.023251051,0
0.949313,0.050687015,0
0.94571614,0.05428388,0
0.9432215,0.056778498,0
0.9409245,0.059075505,0
0.96908027,0.03091973,0
0.9513731,0.0486269,0
0.001196742,0.99880326,1
0.013982356,0.98601764,1
0.9792761,0.020723866,0
0.97810656,0.021893434,0
0.977062,0.022938011,0
0.96983194,0.03016808,0
0.9866366,0.013363444,0
0.999997,2.9528535e-06,0
0.999997,3.0026395e-06,0
0.9999965,3.5258429e-06,0
0.9998241,0.00017588807,0
0.0031128526,0.99688715,1
0.0044193864,0.9955806,1
0.0069046617,0.99309534,1
5.7816505e-05,0.9999422,1
0.98375374,0.016246283,0
0.9265836,0.0734164,0
0.00047266483,0.99952734,1
0.5313982,0.46860182,0
0.010991156,0.98900884,1
0.048939764,0.95106024,1
0.0013352633,0.99866474,1
0.99034876,0.009651225,0
0.9799812,0.020018842,0
0.98866385,0.011336119,0
0.98457736,0.015422649,0
0.99548346,0.0045165434,0
0.99999917,8.139368e-07,0
0.011057496,0.9889425,1
0.94879717,0.05120283,0
0.9999988,1.1850952e-06,0
0.99999946,5.446544e-07,0
0.9999996,4.3460304e-07,0
0.9999995,5.035121e-07,0
0.9934626,0.006537388,0
0.9684058,0.03159424,0
0.18168539,0.8183146,1
0.94090265,0.059097357,1
0.9670891,0.03291086,0
0.9681165,0.031883456,0
0.9652936,0.034706388,1
0.018572867,0.98142713,1
0.14586085,0.85413915,1
0.9726475,0.027352529,0
0.9014537,0.09854635,0
0.99996394,3.607489e-05,0
0.999992,8.01616e-06,0
0.99999607,3.9052716e-06,0
0.9999978,2.1998364e-06,0
0.99999475,5.2663686e-06,0
0.24149519,0.7585048,1
0.18470299,0.815297,1
0.20568454,0.79431546,1
0.29462397,0.705376,1
0.22276539,0.7772346,1
0.19019711,0.8098029,1
0.16824919,0.8317508,1
0.20534664,0.79465336,1
0.23947358,0.7605264,1
0.23354304,0.76645696,1
0.9884361,0.011563882,0
0.99999666,3.3137499e-06,0
0.9999958,4.1532553e-06,0
0.097191274,0.9028087,1
0.014390647,0.98560935,1
0.024937391,0.9750626,1
0.9999861,1.38760115e-05,0
0.99998313,1.6857502e-05,0
0.99996847,3.1505366e-05,0
0.9999517,4.8300393e-05,0
0.012759626,0.9872404,1
0.0060355067,0.9939645,1
0.019251227,0.9807488,1
0.006143987,0.993856,1
0.0065355897,0.9934644,1
0.18838197,0.81161803,1
0.9999903,9.741252e-06,0
0.9999826,1.7399825e-05,0
0.02314645,0.97685355,1
0.03303635,0.96696365,1
0.24818736,0.75181264,1
0.20459354,0.79540646,1
0.11658102,0.883419,1
0.3605743,0.6394257,1
0.60479575,0.39520425,1
0.036340594,0.9636594,1
0.11959612,0.8804039,1
0.43611914,0.56388086,1
0.67015994,0.32984006,0
0.9985653,0.0014347135,0
0.9999979,2.0805362e-06,0
0.9984535,0.0015465122,0
0.19112992,0.8088701,1
0.4102885,0.5897115,1
0.004375875,0.9956241,1
0.09469968,0.9053003,1
0.99999374,6.2588833e-06,0
0.99987286,0.00012712702,0
0.9973316,0.0026683614,0
0.086227715,0.9137723,0
0.7152959,0.28470412,0
0.061698973,0.938301,1
0.12623042,0.8737696,0
0.91300774,0.08699229,0
0.011642635,0.98835737,1
0.07662207,0.92337793,1
0.73455584,0.2654442,0
0.9231055,0.07689452,0
0.8881827,0.11181732,0
0.976478,0.023521995,0
0.96400595,0.035994027,0
0.9486633,0.051336706,0
0.98857945,0.011420552,0
0.9961111,0.003888876,0
0.99999875,1.2598189e-06,0
0.99999857,1.403083e-06,0
0.9218111,0.07818887,0
0.19318175,0.80681825,1
0.9390541,0.06094593,0
0.5849309,0.41506907,1
0.49459332,0.5054067,1
0.3586899,0.6413101,1
0.93006814,0.06993188,0
0.9768351,0.023164943,0
0.9999991,8.9236227e-07,0
0.99999857,1.4040227e-06,0
0.11194259,0.8880574,1
0.46282762,0.5371724,0
0.88789994,0.11210005,0
0.965034,0.034965985,0
0.9497914,0.050208654,0
0.9825539,0.01744608,0
0.99581766,0.0041823215,0
0.9642877,0.035712305,0
0.6662317,0.3337683,0
0.68869984,0.31130013,0
0.7654897,0.2345103,1
0.5859146,0.4140854,1
0.02422905,0.97577095,1
0.2382732,0.7617268,1
0.42210793,0.57789207,1
0.4533623,0.5466377,1
0.78427416,0.21572584,1
0.966574,0.033425964,0
0.59222555,0.40777448,1
0.998774,0.0012259983,0
0.9999784,2.1583563e-05,0
0.9999472,5.2833442e-05,0
0.99998474,1.5233098e-05,0
0.23725837,0.7627416,1
0.034008086,0.9659919,1
0.04624021,0.9537598,1
0.13919336,0.86080664,1
0.26170152,0.7382985,0
0.67960906,0.3203909,1
0.9999917,8.293855e-06,0
0.99999034,9.668755e-06,0
0.0077852607,0.99221474,1
0.019675434,0.98032457,1
0.006337762,0.99366224,1
0.0061146617,0.99388534,1
0.0049768686,0.99502313,1
0.0018845797,0.9981154,1
0.010662794,0.9893372,1
0.87036633,0.12963367,0
0.9999981,1.9192792e-06,0
0.99999803,1.9748097e-06,0
0.89408296,0.105917014,0
0.6522207,0.34777924,0
0.018373847,0.98162615,1
0.8720341,0.12796593,0
0.23013532,0.7698647,1
0.008820236,0.99117976,1
0.0654034,0.9345966,1
0.8924375,0.10756246,0
0.88650984,0.11349019,0
0.17835844,0.82164156,1
0.9999881,1.1930744e-05,0
0.99999607,3.91028e-06,0
0.98338526,0.016614722,0
0.89999557,0.100004464,0
0.46904242,0.5309576,1
0.8282711,0.1717289,0
0.8502789,0.1497211,0
0.84697634,0.15302365,0
0.008642435,0.99135756,1
0.040658712,0.9593413,1
0.9226771,0.07732291,0
0.53876066,0.46123934,1
0.9504645,0.049535494,0
0.011300862,0.98869914,1
0.03940767,0.9605923,1
0.06684458,0.9331554,1
0.1000461,0.8999539,1
0.13302433,0.86697567,1
0.0076351166,0.9923649,1
0.039194405,0.9608056,1
0.030362427,0.9696376,1
0.94787776,0.052122205,0
0.9889872,0.011012812,0
0.9999984,1.630068e-06,0
0.99999917,8.427785e-07,0
0.011327565,0.98867244,1
0.90983135,0.09016864,0
0.9288828,0.07111721,0
0.027080655,0.97291934,1
0.79268515,0.20731485,0
0.09937465,0.90062535,1
0.90055615,0.09944384,0
0.99999666,3.34737e-06,0
0.9999985,1.4703917e-06,0
0.9999976,2.3806435e-06,0
0.99952364,0.0004763494,0
0.4226836,0.5773164,1
0.010103345,0.98989666,1
0.5841589,0.41584107,0
0.3222496,0.6777504,1
0.99999374,6.25513e-06,0
0.9999877,1.2307209e-05,0
0.99995255,4.7458816e-05,0
0.05147952,0.9485205,1
0.022033095,0.9779669,1
0.04701972,0.9529803,1
0.03159398,0.968406,1
0.014246702,0.9857533,1
0.6018928,0.39810714,1
0.9999934,6.5870145e-06,0
0.0056682825,0.9943317,1
0.2402212,0.7597788,1
0.018895209,0.9811048,1
0.6125967,0.3874033,0
0.7251402,0.27485982,0
0.55681,0.44318998,0
0.008156955,0.99184304,1
0.7073645,0.2926355,0
0.8118136,0.18818642,0
0.98199064,0.018009381,0
0.38593006,0.61406994,1
0.022654176,0.9773458,1
0.06897718,0.9310228,1
0.22037947,0.7796205,1
0.12704372,0.8729563,1
0.86855835,0.13144164,0
0.69892764,0.30107236,0
0.40845722,0.5915428,1
0.72806895,0.27193102,0
0.9999959,4.1265744e-06,0
0.999992,7.9834e-06,0
0.07489866,0.92510134,1
0.60984147,0.39015853,0
0.017948508,0.9820515,1
0.03391564,0.96608436,1
0.3145299,0.6854701,1
0.051826775,0.9481732,1
0.019771397,0.9802286,1
0.0004709959,0.999529,1
0.015937626,0.9840624,1
0.7683021,0.23169789,0
0.81480193,0.18519804,0
0.9999973,2.6994956e-06,0
0.99999934,6.78143e-07,0
0.14426315,0.85573685,0
0.6603121,0.33968788,0
0.83349395,0.16650604,0
0.38074756,0.61925244,0
0.64657885,0.35342115,0
0.831308,0.16869201,0
0.7236025,0.27639753,1
0.77388597,0.22611403,0
0.82771146,0.17228857,0
0.9992666,0.00073336,0
0.9999987,1.3293438e-06,0
0.7159867,0.28401324,0
0.45578283,0.54421717,1
0.312195,0.687805,1
0.03196287,0.9680371,1
0.7869885,0.21301147,1
0.74593675,0.25406325,0
0.92607456,0.07392541,0
0.84680444,0.15319557,0
0.68392634,0.31607366,1
0.9992239,0.00077610806,0
0.7217751,0.2782249,0
0.12796926,0.87203074,1
0.055328727,0.9446713,1
0.058333755,0.94166625,1
0.20758599,0.792414,1
0.011728823,0.9882712,1
0.01493752,0.9850625,1
0.014845192,0.9851548,1
0.5761502,0.4238498,1
0.012473166,0.98752683,1
0.012520254,0.98747975,1
0.010682166,0.98931783,1
0.0111326575,0.98886734,1
0.009391665,0.99060833,1
0.010839164,0.98916084,1
0.018464386,0.9815356,1
0.025928676,0.9740713,1
0.99997735,2.265275e-05,0
0.99999136,8.671183e-06,0
0.97886795,0.021132028,0
0.067564964,0.93243504,1
0.055535913,0.9444641,1
0.036245823,0.9637542,1
0.07304889,0.9269511,1
0.29034996,0.70965004,1
0.3045395,0.6954605,1
0.8111006,0.18889941,1
0.95763326,0.042366743,0
0.99712574,0.002874263,0
0.98972344,0.010276573,0
0.7880002,0.21199977,0
0.37805706,0.62194294,0
0.38994193,0.61005807,1
0.38994193,0.61005807,1
0.50088215,0.49911785,1
0.3826443,0.6173557,1
0.36227518,0.6377248,1
0.35347873,0.6465213,1
0.4676507,0.5323493,0
0.049441755,0.95055825,1
0.049441755,0.95055825,1
0.19220251,0.8077975,1
0.42490464,0.57509536,0
0.5346763,0.46532366,0
0.87897635,0.12102365,0
0.94450486,0.05549514,0
0.055540383,0.9444596,1
0.87107533,0.12892468,0
0.94396174,0.056038287,0
0.95188326,0.04811674,0
0.9272716,0.072728395,1
0.2116149,0.7883851,1
0.88147634,0.118523665,1
0.9724965,0.027503474,0
0.13075894,0.86924106,1
0.8640658,0.13593417,1
0.19696486,0.80303514,1
0.9655181,0.034481905,0
0.9469457,0.053054266,0
0.9126338,0.08736619,1
0.9496629,0.050337084,0
0.92821777,0.071782246,0
0.91100967,0.08899035,0
0.06417304,0.93582696,1
0.9146708,0.08532919,0
0.09929228,0.9007077,1
0.9107636,0.08923637,0
0.99609995,0.00390008,0
0.95652825,0.043471765,0
0.6172958,0.3827042,1
0.84303564,0.15696435,0
0.85529906,0.14470096,0
0.6707742,0.32922575,0
0.8851269,0.11487313,0
0.036091864,0.96390814,1
0.1558997,0.8441003,1
0.99146897,0.008531042,0
0.9888981,0.011101914,0
0.9980657,0.0019342888,0
0.88952065,0.110479355,0
0.85724,0.14276,0
0.82556355,0.17443644,0
0.82701886,0.17298117,0
0.7286574,0.27134258,0
0.64053476,0.35946527,0
0.51718175,0.48281825,0
0.9968172,0.0031828405,0
0.9999867,1.328804e-05,0
0.97107106,0.028928926,0
0.082781315,0.9172187,1
0.04472208,0.9552779,1
0.13253766,0.86746234,0
0.0721885,0.9278115,1
0.058138132,0.94186187,0
0.11559814,0.88440186,1
0.011711121,0.9882889,1
0.012021184,0.9879788,1
0.057722986,0.942277,1
0.46350062,0.5364994,1
0.97298944,0.027010571,0
0.89718723,0.10281276,0
0.88275445,0.11724558,0
0.84295624,0.15704374,0
0.21432072,0.7856793,1
0.14057213,0.85942787,1
0.12553191,0.8744681,1
0.17277151,0.8272285,1
0.1533624,0.8466376,1
0.21182871,0.7881713,1
0.22668892,0.7733111,1
0.26331234,0.73668766,1
0.7514617,0.2485383,0
0.98257035,0.017429635,0
0.9801897,0.0198103,0
0.8544189,0.14558114,0
0.71053565,0.28946438,1
0.8277589,0.17224112,0
0.7582994,0.2417006,0
0.78303665,0.21696334,0
0.66275847,0.33724153,0
0.7641705,0.2358295,0
0.686583,0.31341702,0
0.8484151,0.15158494,0
0.93055916,0.06944087,0
0.7859829,0.21401708,0
0.6844491,0.31555092,0
0.35531396,0.64468604,1
0.048172414,0.9518276,1
0.10607475,0.89392525,1
0.83340997,0.16659003,0
0.85041416,0.14958583,0
0.9939936,0.006006413,0
0.62296087,0.37703913,1
0.0495525,0.9504475,1
0.2827614,0.7172386,1
0.84979385,0.15020613,0
0.9597994,0.040200587,0
0.094597936,0.90540206,1
0.0092589855,0.990741,1
0.0223732,0.9776268,1
0.0072669983,0.992733,1
0.64385533,0.35614467,0
0.8348108,0.16518922,0
0.5059526,0.49404737,0
0.9913456,0.008654419,0
0.99331105,0.006688947,0
0.98621386,0.013786161,0
0.7960366,0.2039634,0
0.728994,0.27100596,0
0.56935644,0.4306436,0
0.56596345,0.43403655,0
0.5399972,0.46000278,0
0.6870475,0.31295255,0
0.25187016,0.74812984,1
0.22275227,0.7772477,0
0.4412096,0.5587904,0
0.39710248,0.6028975,1
0.9883505,0.011649463,0
0.98660445,0.01339554,0
0.9829709,0.017029116,0
0.72699136,0.27300864,0
0.7394117,0.2605883,0
0.95682037,0.04317966,0
0.9715805,0.028419472,0
0.685496,0.31450403,0
0.5162202,0.4837798,0
0.8786759,0.12132414,0
0.9168207,0.08317931,0
0.93623525,0.063764766,0
0.99782664,0.0021733886,0
0.9852079,0.014792092,0
0.025922537,0.97407746,1
0.020659208,0.9793408,1
0.027286172,0.9727138,1
0.05488056,0.94511944,1
0.08323288,0.9167671,1
0.16865712,0.8313429,1
0.5919467,0.4080533,1
0.6739725,0.3260275,1
0.9833454,0.016654596,0
0.98048913,0.019510876,0
0.9376364,0.06236361,0
0.54778266,0.45221734,0
0.25241375,0.74758625,1
0.9283446,0.0716554,0
0.023347497,0.9766525,1
0.042170644,0.95782936,1
0.92964506,0.070354916,0
0.22094661,0.7790534,1
0.5788835,0.4211165,0
0.60102797,0.398972,0
0.2999646,0.7000354,1
0.92054075,0.07945923,0
0.14147115,0.85852885,1
0.5610052,0.43899482,1
0.99636066,0.0036393672,0
0.6090603,0.39093974,1
0.91936463,0.08063539,1
0.39731878,0.6026812,1
0.56653166,0.4334683,1
0.9608311,0.039168898,0
0.9252378,0.074762225,0
0.96499485,0.035005152,0
0.9702481,0.02975188,0
0.9702481,0.02975188,0
0.9953498,0.0046501593,0
0.9969665,0.0030335432,0
0.99594575,0.0040542437,0
0.99543244,0.004567538,0
0.9278391,0.07216089,0
0.35657495,0.64342505,1
0.80004716,0.19995284,0
0.9112979,0.08870206,0
0.04468441,0.9553156,1
0.06733626,0.93266374,1
0.07438493,0.9256151,1
0.67555577,0.32444423,0
0.99837106,0.0016289195,0
0.088098824,0.9119012,1
0.9812205,0.018779509,0
0.963102,0.03689799,0
0.80389833,0.19610165,0
0.9965654,0.0034345798,0
0.9968717,0.0031282608,0
0.62137985,0.37862018,0
0.73302114,0.26697886,0
0.7864287,0.21357131,0
0.40996796,0.59003204,1
0.4396237,0.5603763,0
0.06480247,0.93519753,1
0.8928586,0.10714135,0
0.99511296,0.004887031,0
0.32009822,0.6799018,1
0.12919867,0.8708013,1
0.987943,0.012057017,0
0.99272203,0.0072779446,0
0.15930313,0.8406969,1
0.02674222,0.9732578,1
0.08994573,0.91005427,1
0.9888867,0.011113294,0
0.9989142,0.0010858135,0
0.99898726,0.0010127322,0
0.996872,0.0031280066,0
0.9945108,0.0054891966,0
0.9902968,0.009703242,0
0.9727763,0.02722372,0
0.9727763,0.02722372,0
0.98761725,0.012382763,0
0.97724587,0.02275414,0
0.00024062395,0.9997594,1
0.00026232004,0.9997377,1
0.80899054,0.19100948,0
0.8475429,0.15245712,0
0.979092,0.020907976,0
0.5972179,0.40278205,0
0.9950826,0.004917361,0
0.993446,0.0065539926,0
0.07285786,0.92714214,1
0.92036617,0.07963383,0
0.11891395,0.88108605,1
0.7689991,0.23100087,0
0.9990792,0.0009207829,0
0.9858209,0.014179103,0
0.9983714,0.0016286062,0
0.9981436,0.0018563883,0
0.99760616,0.002393857,0
0.0058582425,0.99414176,1
0.98434395,0.015656056,0
0.91783077,0.082169235,0
0.85653013,0.14346988,0
0.8189944,0.18100557,0
0.8526846,0.14731537,0
0.99576783,0.0042321924,0
0.9934082,0.00659177,0
0.16473436,0.83526564,1
0.90894425,0.091055736,0
0.012573123,0.9874269,1
0.7971978,0.20280218,0
0.99779767,0.0022023104,0
0.9420618,0.057938203,0
0.9970678,0.0029321818,0
0.9994406,0.00055938744,0
0.99852484,0.0014751736,0
0.34583563,0.6541644,1
0.3557365,0.6442635,1
0.9961126,0.0038874426,0
0.98299056,0.017009428,0
0.9988104,0.0011895711,0
0.3906145,0.6093855,1
0.9995628,0.00043719765,0
0.99246466,0.007535335,0
0.99246866,0.007531332,0
0.9967449,0.0032551296,0
0.99304074,0.0069592367,0
0.008859217,0.9911408,1
0.9953992,0.0046008048,0
0.99927276,0.0007272339,0
0.9991637,0.00083633687,0
0.9989037,0.001096318,0
0.99675274,0.0032472657,0
0.9829917,0.01700831,0
0.9623745,0.037625466,0
0.99191046,0.008089532,0
0.9949413,0.005058705,0
0.816848,0.183152,0
0.938574,0.061425973,0
0.835776,0.16422404,0
0.9968381,0.0031619018,0
0.99760437,0.0023956047,0
0.9988394,0.001160622,0
0.99969256,0.00030742577,0
0.9993596,0.00064038776,0
0.98972625,0.010273774,0
0.9844917,0.015508299,0
0.9467777,0.053222302,0
0.74605334,0.25394663,0
0.8980605,0.10193951,0
0.96900976,0.03099026,0
0.08289468,0.9171053,1
0.8527727,0.14722729,1
0.41989785,0.58010215,1
0.92670894,0.07329106,0
0.9795305,0.020469487,0
0.9795305,0.020469487,0
0.104661226,0.8953388,1
0.024489284,0.9755107,1
0.012633204,0.9873668,1
0.9891049,0.01089509,0
0.99571323,0.004286775,0
0.9988704,0.0011296377,0
0.9954809,0.0045191017,0
0.996366,0.0036339662,0
0.99652946,0.0034705538,0
0.99560726,0.0043927724,0
0.5910677,0.40893236,1
0.053710878,0.9462891,1
0.053978324,0.9460217,1
0.99821925,0.0017807556,0
0.6002694,0.39973062,1
0.9975666,0.0024334292,0
0.99773496,0.0022650256,0
0.99767613,0.0023238766,0
0.99767613,0.0023238766,0
0.0033176541,0.99668235,1
0.9302694,0.06973058,0
0.99786484,0.0021351776,0
0.3794474,0.6205526,1
0.7871896,0.2128104,1
0.9989993,0.0010007098,0
0.023547232,0.97645277,1
0.0071074963,0.9928925,1
0.96923375,0.030766226,0
0.96476674,0.035233285,0
0.91194224,0.08805777,0
0.0015839338,0.99841607,1
0.4307629,0.5692371,0
0.6255773,0.37442273,0
0.40162545,0.59837455,0
0.56502974,0.43497023,0
0.97375846,0.026241528,0
0.9975365,0.0024635203,0
0.9998803,0.00011970332,0
0.4092853,0.5907147,1
0.9641268,0.035873152,0
0.023224592,0.9767754,1
0.91772336,0.08227663,0
0.9124214,0.08757858,0
0.1438818,0.8561182,1
0.012781918,0.9872181,1
0.26395327,0.73604673,1
0.9989476,0.0010524051,0
0.9997361,0.0002639342,0
0.977319,0.022681003,0
0.9954501,0.004549924,0
0.98017615,0.019823823,0
0.93569714,0.06430284,0
0.9994229,0.0005770796,0
0.9935695,0.006430536,0
0.7288404,0.2711596,0
0.4857487,0.5142513,0
0.9869669,0.013033088,0
0.99361235,0.006387676,0
0.9935307,0.006469283,0
0.993397,0.006602989,0
0.9824589,0.017541092,0
0.9824589,0.017541092,0
0.74753034,0.25246963,0
0.6235801,0.3764199,1
0.4746878,0.5253122,1
0.9969657,0.003034289,0
0.9766129,0.02338706,0
0.07562888,0.9243711,1
0.0026535988,0.9973464,1
0.00042015314,0.99957985,1
0.014772415,0.9852276,1
0.0033636093,0.9966364,1
0.106446326,0.8935537,1
0.8517214,0.1482786,0
0.8818013,0.118198715,0
0.85788375,0.14211626,0
0.10713917,0.89286083,1
0.99614364,0.00385638,0
0.9210716,0.07892843,0
0.8944743,0.10552567,0
0.17519927,0.8248007,1
0.31871164,0.68128836,0
0.01844424,0.98155576,1
0.9179146,0.082085356,0
0.9464484,0.0535516,0
0.8845359,0.11546412,0
0.91781074,0.08218925,0
0.121641874,0.8783581,1
0.15664655,0.84335345,1
0.30739135,0.69260865,1
0.7320484,0.2679516,0
0.8881286,0.11187142,0
0.96453077,0.03546924,0
0.8190245,0.1809755,0
0.95117784,0.048822183,0
0.95117784,0.048822183,0
0.95117784,0.048822183,0
0.7947813,0.20521869,0
0.008862615,0.9911374,1
0.95933825,0.04066174,0
0.82928693,0.17071304,0
0.99740493,0.002595085,0
0.99883014,0.0011698857,0
0.9998344,0.00016559513,0
0.89046144,0.109538555,0
0.4492839,0.5507161,1
0.9925896,0.007410422,0
0.9242566,0.07574336,1
0.99718624,0.0028137458,0
0.28573215,0.71426785,1
0.39895833,0.6010417,1
0.002814114,0.9971859,1
0.003477931,0.99652207,1
0.0024881363,0.99751186,1
0.0017725825,0.9982274,1
0.012050033,0.98794997,1
0.15836763,0.84163237,1
0.35367334,0.64632666,0
0.13449961,0.8655004,1
0.49129868,0.5087013,0
0.9853132,0.014686815,0
0.9610639,0.038936097,0
0.9983728,0.0016272252,0
0.9539556,0.046044428,0
0.9953411,0.004658854,0
0.99663657,0.003363443,0
0.5425107,0.4574893,0
0.99479246,0.00520751,0
0.99736905,0.002630937,0
0.996485,0.0035149856,0
0.99848336,0.0015166281,0
0.9928695,0.007130497,0
0.8956135,0.1043865,0
0.9794315,0.020568507,0
0.31175494,0.68824506,1
0.04848045,0.95151955,1
0.066728294,0.9332717,1
0.85186994,0.14813004,1
0.9767246,0.023275398,0
0.0074495077,0.9925505,1
0.0024494529,0.99755055,1
0.0086894035,0.9913106,1
0.011436105,0.9885639,1
0.0054264665,0.99457353,1
0.010057688,0.9899423,1
0.6452119,0.35478812,0
0.9049819,0.09501808,0
0.99833757,0.0016624136,0
0.9273035,0.07269651,0
0.63287956,0.36712044,0
0.7181853,0.2818147,0
0.68768144,0.31231856,1
0.026199818,0.9738002,1
0.7429992,0.25700077,1
0.35971373,0.64028627,1
0.87114894,0.12885106,1
0.95826334,0.041736636,0
0.9945401,0.0054598884,0
0.26393157,0.7360684,1
0.25063968,0.7493603,1
0.9301082,0.069891825,0
0.99321365,0.0067863474,0
0.94510865,0.05489137,0
0.7239655,0.27603447,0
0.08111358,0.9188864,1
0.47002393,0.52997607,0
0.28412348,0.7158765,1
0.031594872,0.9684051,1
0.9974409,0.0025591466,0
0.38624436,0.61375564,0
0.016405523,0.9835945,1
0.2537322,0.7462678,1
0.97250533,0.027494663,0
0.9882193,0.011780651,0
0.705523,0.29447702,0
0.57728755,0.42271248,0
0.49059367,0.5094063,1
0.10251427,0.89748573,1
0.99770254,0.002297442,0
0.9947587,0.0052412674,0
0.030511916,0.9694881,1
0.029561996,0.970438,1
0.6898758,0.31012422,0
0.9832203,0.01677973,0
0.9906021,0.009397943,0
0.9906021,0.009397943,0
0.99292666,0.0070733367,0
0.46105623,0.53894377,1
0.32750708,0.6724929,0
0.2922427,0.7077573,1
0.9999948,5.209612e-06,0
0.99999046,9.552222e-06,0
0.9163024,0.08369761,0
0.89321715,0.10678286,0
0.9935999,0.006400109,0
0.92077136,0.07922867,0
0.99759656,0.0024034623,0
0.9999111,8.884399e-05,0
0.9999088,9.116697e-05,0
0.9752307,0.024769302,0
0.9043923,0.095607705,0
0.9999701,2.990227e-05,0
0.13758588,0.8624141,1
0.073942125,0.9260579,1
0.08520281,0.9147972,1
0.112843394,0.8871566,1
0.09606111,0.9039389,1
0.28739405,0.71260595,1
0.9998995,0.000100499106,0
0.17418474,0.82581526,1
0.66524446,0.33475557,0
0.08332282,0.9166772,1
0.13994342,0.8600566,1
0.14474374,0.85525626,1
0.286843,0.713157,1
0.64738274,0.35261726,0
0.98515147,0.014848541,0
0.99998486,1.5118317e-05,0
0.25440943,0.74559057,1
0.20551342,0.7944866,1
0.77217853,0.2278215,0
0.8179902,0.1820098,0
0.7823855,0.21761447,0
0.8565932,0.1434068,0
0.80289745,0.19710256,0
0.20573902,0.794261,1
0.78290045,0.21709956,0
0.18793797,0.812062,1
0.5770978,0.42290223,1
0.67773527,0.32226473,0
0.4988712,0.5011288,1
0.95416886,0.04583116,0
0.9999956,4.4377257e-06,0
0.98614264,0.013857379,0
0.20854783,0.79145217,1
0.2664736,0.7335264,1
0.8796067,0.120393306,0
0.7539834,0.24601665,0
0.35398817,0.6460118,1
0.808403,0.19159697,0
0.22788697,0.772113,1
0.2456432,0.7543568,1
0.24102151,0.7589785,1
0.7010163,0.29898372,0
0.8911912,0.108808815,0
0.24814546,0.75185454,1
0.30703908,0.6929609,1
0.83385026,0.1661497,0
0.37262607,0.62737393,0
0.99142855,0.008571462,0
0.89457005,0.105429955,0
0.45100993,0.5489901,0
0.37237704,0.62762296,1
0.27651572,0.7234843,1
0.42690808,0.5730919,0
0.50665784,0.4933422,0
0.4814105,0.5185895,0
0.31873775,0.68126225,1
0.20599014,0.79400986,1
0.5343613,0.4656387,0
0.9999449,5.508003e-05,0
0.21584201,0.784158,1
0.07460135,0.92539865,1
0.041252315,0.9587477,1
0.0112195015,0.9887805,1
0.8612368,0.13876316,0
0.9347524,0.065247595,0
0.99995196,4.8034344e-05,0
0.22405195,0.77594805,1
0.0064833164,0.9935167,1
0.2408266,0.7591734,0
0.7796043,0.22039567,0
0.78534424,0.21465576,0
0.18763554,0.81236446,0
0.8450653,0.15493469,0
0.9974454,0.002554623,0
0.96097094,0.03902907,0
0.8521255,0.14787449,0
0.26087642,0.7391236,1
0.3174035,0.6825965,1
0.30009347,0.6999065,1
0.27648002,0.72352,1
0.43744147,0.56255853,1
0.5404351,0.45956495,0
0.7401978,0.25980222,0
0.80872333,0.19127665,0
0.8428601,0.15713988,0
0.02108401,0.978916,1
0.16418332,0.8358167,1
0.26582956,0.73417044,1
0.27995008,0.7200499,1
0.34686726,0.65313274,1
0.9768923,0.023107689,0
0.99998003,1.9954921e-05,0
0.93834054,0.061659448,0
0.4779089,0.5220911,0
0.27352864,0.72647136,0
0.2728505,0.7271495,0
0.49295557,0.50704443,0
0.8309404,0.16905957,0
0.77499855,0.22500148,0
0.8423157,0.15768436,0
0.72792,0.27208,0
0.9580906,0.041909397,0
0.52019334,0.47980663,0
0.18057042,0.8194296,1
0.14415783,0.8558422,1
0.6382642,0.3617358,0
0.31387746,0.68612254,1
0.497701,0.502299,1
0.72523355,0.27476642,1
0.6027433,0.39725667,1
0.2635234,0.7364766,1
0.53568286,0.46431714,1
0.5992273,0.40077266,0
0.9583817,0.04161831,0
0.9578484,0.042151563,0
0.96214247,0.03785751,0
0.2382356,0.7617644,1
0.2634707,0.7365293,1
0.54611695,0.45388302,1
0.6861795,0.31382048,1
0.8101408,0.18985923,0
0.20044887,0.7995511,1
0.22384149,0.7761585,1
0.9520013,0.047998723,0
0.96663564,0.033364363,0
0.5384226,0.46157742,1
0.43283993,0.56716007,1
0.7416053,0.25839472,0
0.36808854,0.63191146,1
0.37507033,0.62492967,1
0.9899815,0.010018506,0
0.98570395,0.014296031,0
0.920688,0.07931204,0
0.99981874,0.00018127855,0
0.98777074,0.012229249,0
0.15372074,0.84627926,1
0.08322036,0.91677964,1
0.06670195,0.93329805,1
0.03608334,0.96391666,1
0.031996965,0.96800303,1
0.031756163,0.96824384,1
0.11061585,0.88938415,1
0.076881945,0.92311805,1
0.0074083805,0.9925916,1
0.18036121,0.8196388,0
0.69600964,0.30399036,0
0.38088065,0.61911935,0
0.00075531006,0.9992447,1
0.008979857,0.99102014,1
0.016711652,0.98328835,1
0.0526132,0.9473868,0
0.64708126,0.35291877,0
0.83556205,0.16443793,0
0.9737656,0.026234364,0
0.9484844,0.05151555,0
0.89922225,0.100777745,0
0.8376579,0.16234206,0
0.4377473,0.5622527,0
0.521893,0.47810695,0
0.8449405,0.15505952,0
0.81430185,0.18569818,0
0.8236909,0.1763091,0
0.92821926,0.07178072,0
0.80537003,0.19462998,0
0.94642615,0.053573873,0
0.83147836,0.16852163,0
0.9593201,0.040679887,0
0.7519896,0.24801041,0
0.82450694,0.17549308,0
0.85711795,0.14288206,0
0.9555479,0.044452056,0
0.9579435,0.04205649,0
0.96255475,0.037445236,0
0.8196896,0.18031041,0
0.78001136,0.21998864,0
0.53115225,0.46884775,0
0.706874,0.29312596,0
0.76249737,0.23750265,0
0.7681657,0.23183428,0
0.780457,0.21954295,0
0.6106498,0.38935018,0
0.66410106,0.33589894,1
0.9433066,0.05669339,0
0.9999742,2.583203e-05,0
0.98987526,0.010124718,0
0.9963398,0.0036602132,0
0.5122967,0.48770335,1
0.9963021,0.0036978563,0
0.99581856,0.0041814256,0
0.99870086,0.0012991237,0
0.99992347,7.653609e-05,0
0.99941397,0.000586062,0
0.90100646,0.09899351,0
0.09506178,0.9049382,1
0.19401276,0.80598724,1
0.043164134,0.95683587,1
0.16901255,0.83098745,1
0.07672876,0.92327124,1
0.08311647,0.9168835,1
0.97852314,0.021476893,0
0.831453,0.16854696,1
0.06753874,0.93246126,1
0.7664446,0.23355536,1
0.93520254,0.064797446,0
0.0033955574,0.99660444,1
0.0043176413,0.99568236,1
0.4835403,0.5164597,0
0.99732983,0.0026701791,0
0.70636696,0.29363304,0
0.9192488,0.08075118,0
0.67620647,0.3237935,0
0.898676,0.101324014,0
0.924086,0.07591401,0
0.9507955,0.049204554,0
0.93587005,0.064129926,0
0.47440124,0.52559876,1
0.61252576,0.38747424,1
0.004265249,0.99573475,1
0.5828182,0.4171818,0
0.8434755,0.15652448,0
0.5547818,0.4452182,0
0.7559869,0.2440131,0
0.88377863,0.11622139,0
0.9704672,0.02953281,0
0.919886,0.08011398,0
0.18484241,0.8151576,1
0.0006930828,0.9993069,1
0.05494207,0.9450579,1
0.9736144,0.02638558,0
0.9763261,0.023673903,0
0.8752076,0.12479238,0
0.8998465,0.10015348,0
0.79161596,0.20838404,0
0.92917734,0.070822634,0
0.69606197,0.30393803,0
0.9999795,2.0506692e-05,0
0.96203697,0.037963044,0
0.82808423,0.1719158,0
0.70401907,0.29598093,0
0.5875896,0.41241035,1
0.38881522,0.6111848,0
0.9998731,0.00012689459,0
0.9997347,0.00026530796,0
0.7110441,0.2889559,1
0.30012435,0.69987565,1
0.26778185,0.73221815,1
0.30199927,0.6980007,1
0.99630386,0.0036961667,0
0.9982449,0.0017551165,0
0.9999132,8.681068e-05,0
0.999905,9.4995215e-05,0
0.07556766,0.92443234,1
0.06706989,0.9329301,1
0.07973027,0.9202697,1
0.07284278,0.9271572,1
0.1563906,0.8436094,1
0.341833,0.658167,1
0.55340135,0.44659865,1
0.20773524,0.79226476,1
0.2048828,0.7951172,1
0.17055804,0.82944196,1
0.44990766,0.55009234,0
0.32524914,0.67475086,1
0.4734606,0.5265394,1
0.20540512,0.7945949,1
0.187868,0.812132,1
0.2298907,0.7701093,1
0.25410235,0.74589765,1
0.2565254,0.7434746,1
0.23934668,0.7606533,1
0.23934668,0.7606533,1
0.2546845,0.7453155,1
0.09049672,0.9095033,1
0.3491308,0.6508692,0
0.99077976,0.009220258,0
0.9623687,0.03763129,0
0.012974203,0.9870258,1
0.09864539,0.9013546,1
0.74319667,0.25680333,0
0.00085020065,0.9991498,1
0.5908324,0.4091676,0
0.7469678,0.2530322,0
0.9367813,0.06321872,0
0.002091527,0.9979085,1
0.008700669,0.99129933,1
0.87602484,0.123975135,0
0.23558915,0.76441085,0
0.99358666,0.0064133555,0
0.99941796,0.0005820639,0
0.96801776,0.031982232,0
0.96949136,0.030508645,0
0.9559762,0.044023834,0
0.92807734,0.071922675,0
0.9309853,0.06901472,0
0.8452602,0.15473978,0
0.8479187,0.15208133,0
0.95823324,0.041766733,0
0.99884003,0.0011599443,0
0.9986796,0.0013204116,0
0.19015998,0.80984,1
0.29340285,0.70659715,1
0.8490301,0.15096991,0
0.9996512,0.00034878592,0
0.5270877,0.47291234,1
0.15832376,0.84167624,1
0.10569793,0.89430207,1
0.327922,0.672078,1
0.20744276,0.79255724,1
0.77404445,0.22595553,0
0.79658985,0.20341013,0
0.8831767,0.11682334,0
0.9452008,0.05479921,0
0.9497177,0.05028229,0
0.6687622,0.3312378,1
0.050311387,0.9496886,1
0.3188854,0.6811146,1
0.5797893,0.42021072,1
0.008158803,0.9918412,1
0.0021042824,0.9978957,1
0.016541362,0.98345864,1
0.2550308,0.7449692,0
0.99288005,0.0071199653,0
0.9380559,0.061944123,0
0.884833,0.11516699,0
0.26909363,0.73090637,0
0.0018644333,0.99813557,1
0.0071477294,0.9928523,1
0.12890035,0.87109965,0
0.1739822,0.8260178,0
0.14679718,0.8532028,0
0.02971518,0.9702848,1
0.0022640228,0.997736,1
0.0023307204,0.9976693,1
0.056634724,0.9433653,1
0.4375823,0.5624177,0
0.959713,0.04028699,0
0.22356004,0.77643996,0
0.2657597,0.7342403,0
0.671592,0.32840803,0
0.8816175,0.11838253,0
0.7229459,0.27705407,0
0.889065,0.11093499,0
0.86108863,0.13891138,0
0.8617076,0.13829236,0
0.86175853,0.13824148,0
0.96897537,0.031024626,0
0.8381372,0.16186279,0
0.72416145,0.27583855,0
0.6863892,0.31361076,0
0.6863892,0.31361076,0
0.7120608,0.28793922,0
0.81669176,0.18330824,0
0.712291,0.287709,0
0.7028676,0.29713234,0
0.85421544,0.14578456,0
0.86140823,0.13859177,0
0.838951,0.16104904,0
0.9969115,0.003088482,0
0.99958724,0.00041274045,0
0.8087638,0.19123621,0
0.7137627,0.2862373,1
0.6779418,0.32205817,1
0.581021,0.418979,1
0.79524803,0.20475195,0
0.80632997,0.19367006,0
0.7867372,0.21326277,0
0.96869457,0.03130544,0
0.8176401,0.18235986,1
0.27677047,0.7232295,1
0.7178909,0.28210908,0
0.8357195,0.16428049,0
0.47929645,0.52070355,1
0.99988586,0.000114133814,0
0.41746646,0.58253354,1
0.64273167,0.35726836,1
0.92735696,0.07264302,0
0.36428827,0.6357117,1
0.033349574,0.9666504,1
0.019692063,0.98030794,1
0.06131345,0.93868655,1
0.17387909,0.8261209,1
0.059158802,0.9408412,1
0.05751306,0.94248694,1
0.29057676,0.70942324,1
0.9975253,0.002474753,0
0.16377729,0.8362227,1
0.6012713,0.3987287,0
0.7628145,0.23718545,0
0.7161733,0.2838267,0
0.9188759,0.081124105,0
0.9245854,0.0754146,0
0.71212363,0.28787634,0
0.86414206,0.13585794,0
0.7872478,0.2127522,1
0.77305156,0.22694844,0
0.7975861,0.20241393,1
0.7078894,0.29211062,1
0.99924356,0.0007564631,0
0.91422915,0.08577082,0
0.625567,0.37443298,0
0.96379787,0.036202125,0
0.831133,0.16886696,1
0.7517611,0.24823889,0
0.68429625,0.31570378,1
0.9390731,0.060926937,0
0.52473307,0.4752669,1
0.5428764,0.45712358,1
0.47272372,0.5272763,1
0.54450774,0.45549226,1
0.628443,0.371557,1
0.56981945,0.43018052,1
0.63064075,0.36935925,1
0.8271924,0.17280759,0
0.9878626,0.0121374065,0
0.99959195,0.0004080496,0
0.9084498,0.09155017,1
0.99931943,0.0006805566,0
0.25262034,0.74737966,1
0.17595714,0.82404286,1
0.4393825,0.5606175,1
0.40593088,0.5940691,1
0.83225346,0.16774654,1
0.69990444,0.3000956,1
0.8359283,0.16407168,1
0.9964415,0.0035585128,0
0.5746609,0.42533907,1
0.99918425,0.0008157557,0
0.99997723,2.2791757e-05,0
0.89534295,0.104657054,0
0.87788266,0.12211736,1
0.0005668998,0.9994331,1
0.0114274025,0.9885726,1
0.08113009,0.9188699,1
0.22335559,0.7766444,1
0.8519052,0.14809479,0
0.023624301,0.9763757,1
0.862014,0.137986,0
0.9094356,0.090564445,0
0.904428,0.09557202,0
0.806636,0.19336404,0
0.9999862,1.3810688e-05,0
0.99999136,8.616843e-06,0
0.9999874,1.2595926e-05,0
0.9056766,0.09432337,0
0.8421925,0.15780751,0
0.9075831,0.09241691,0
0.8430079,0.15699206,0
0.99681413,0.0031858964,0
0.8799568,0.12004321,0
0.55910385,0.44089612,1
0.576903,0.42309704,1
0.42561167,0.5743883,1
0.37046313,0.62953687,1
0.9999585,4.1489377e-05,0
0.999796,0.00020403325,0
0.9208301,0.07916994,0
0.5866568,0.4133432,1
0.9416259,0.058374092,1
0.9965163,0.0034836857,0
0.9999506,4.9439524e-05,0
0.8512572,0.14874281,1
0.15144521,0.8485548,1
0.01750511,0.9824949,1
0.02178365,0.97821635,1
0.008915663,0.99108434,1
0.00544101,0.994559,1
0.02343005,0.97656995,1
0.4762389,0.5237611,0
0.47271645,0.52728355,1
0.84670156,0.15329844,0
0.8702905,0.1297095,0
0.9479359,0.052064143,0
0.8422604,0.15773956,0
0.9468748,0.05312523,0
0.9773826,0.02261739,0
0.9873915,0.0126085365,0
0.87166893,0.12833108,0
0.42995226,0.57004774,0
0.41843462,0.5815654,0
0.28420776,0.71579224,0
0.13141519,0.8685848,1
0.8145044,0.1854956,0
0.3699515,0.6300485,1
0.5163715,0.4836285,0
0.9102058,0.089794196,0
0.95118654,0.04881347,0
0.020719826,0.9792802,1
0.11536825,0.88463175,1
0.7835353,0.2164647,0
0.268916,0.731084,1
0.3154459,0.6845541,1
0.8218607,0.17813934,0
0.99987286,0.00012715805,0
0.08150786,0.91849214,1
0.30084157,0.69915843,1
0.51719797,0.48280203,0
0.8126644,0.18733558,0
0.7924652,0.20753476,0
0.9664234,0.033576597,0
0.95088804,0.049111947,0
0.84561485,0.15438515,0
0.70087814,0.29912183,0
0.95878685,0.04121315,0
0.99985546,0.00014455372,0
0.99999344,6.565691e-06,0
0.9961453,0.0038546715,0
0.9889196,0.011080366,0
0.97832006,0.02167996,0
0.8943971,0.105602935,0
0.9080568,0.091943204,0
0.9133296,0.08667043,0
0.91770625,0.08229375,0
0.94902074,0.050979227,0
0.9488194,0.051180586,1
0.9731976,0.026802415,0
0.99921757,0.000782401,0
0.2694862,0.7305138,1
0.123146355,0.87685364,1
0.20018542,0.7998146,1
0.05051756,0.94948244,1
0.013854623,0.9861454,1
0.78055066,0.21944936,1
0.98121417,0.018785862,0
0.99900067,0.0009993593,0
0.84097356,0.15902643,0
0.03598112,0.9640189,1
0.7463902,0.25360978,1
0.010547638,0.98945236,1
0.017086923,0.9829131,1
0.09950036,0.90049964,1
0.8190211,0.1809789,1
0.9738406,0.026159389,0
0.937943,0.062057037,0
0.37494713,0.62505287,1
0.9460182,0.053981803,0
0.99585056,0.004149409,0
0.7455988,0.2544012,0
0.14187646,0.85812354,1
0.021505237,0.97849476,1
0.020500183,0.9794998,1
0.24453098,0.755469,1
0.2626968,0.7373032,1
0.9975071,0.002492909,0
0.24908543,0.7509146,0
0.8418,0.15820003,0
0.01064539,0.9893546,1
0.10528594,0.89471406,1
0.020158887,0.9798411,1
0.39684337,0.6031566,0
0.40371263,0.59628737,0
0.097877204,0.9021228,1
0.029738188,0.9702618,1
0.42323518,0.5767648,1
0.38439673,0.61560327,0
0.8450886,0.1549114,0
0.176296,0.823704,1
0.5624896,0.43751034,0
0.83230305,0.16769698,0
0.54493296,0.45506707,0
0.43879634,0.56120366,0
0.2608019,0.7391981,1
0.9873288,0.012671194,0
0.60032094,0.39967906,0
0.55754375,0.44245628,0
0.7977089,0.20229107,0
0.9926927,0.007307294,0
0.36478132,0.6352187,0
0.46349555,0.53650445,0
0.6895915,0.31040847,0
0.9597205,0.040279496,0
0.4919392,0.5080608,1
0.2292751,0.7707249,1
0.99933887,0.00066112226,0
0.94120723,0.058792785,0
0.7529415,0.24705848,0
0.07427132,0.9257287,1
0.025329351,0.97467065,1
0.041592002,0.958408,1
0.09033823,0.90966177,1
0.954959,0.045041,0
0.38245916,0.61754084,0
0.92918277,0.07081723,0
0.9999069,9.312391e-05,0
0.99985677,0.00014323214,0
0.99649805,0.0035019356,0
0.9787197,0.021280315,0
0.60703677,0.39296323,0
0.6553937,0.34460628,0
0.6538873,0.34611273,0
0.96414995,0.035850033,0
0.97689575,0.023104258,0
0.19764721,0.8023528,0
0.28417516,0.71582484,0
0.64308727,0.35691276,0
0.99952334,0.0004766306,0
0.003122449,0.99687755,1
0.0036743283,0.9963257,1
0.017159224,0.9828408,1
0.06292617,0.9370738,1
0.031974494,0.9680255,1
0.45971012,0.5402899,1
0.8503837,0.1496163,0
0.42275035,0.57724965,0
0.2034753,0.7965247,1
0.3762766,0.6237234,1
0.013803661,0.98619634,1
0.02026689,0.9797331,1
0.05202669,0.9479733,1
0.051267326,0.9487327,1
0.2173751,0.7826249,1
0.24968112,0.7503189,0
0.20775294,0.79224706,1
0.1190899,0.8809101,1
0.09204912,0.9079509,1
0.5331582,0.4668418,0
0.9482189,0.051781137,0
0.75128394,0.24871607,0
0.8383751,0.1616249,0
0.9758473,0.024152715,0
0.6851389,0.31486112,0
0.76122147,0.23877853,0
0.048501372,0.9514986,1
0.04859686,0.95140314,1
0.8048992,0.19510078,0
0.9794634,0.020536615,0
0.986426,0.013573975,0
0.83331954,0.16668044,0
0.9973502,0.0026497673,0
0.99978137,0.00021863902,0
0.9984413,0.0015587402,0
0.52118725,0.47881275,1
0.068751514,0.9312485,1
0.08818668,0.9118133,1
0.096016765,0.90398324,1
0.118712604,0.8812874,1
0.5182292,0.4817708,1
0.6709932,0.3290068,0
0.88673705,0.11326294,0
0.97032005,0.029679963,0
0.92626595,0.07373402,0
0.8736916,0.12630837,0
0.9986512,0.0013487804,0
0.8301033,0.16989672,0
0.069285095,0.9307149,1
0.09726435,0.90273565,1
0.030703366,0.96929663,1
0.76530474,0.23469527,0
0.9395092,0.06049076,0
0.92793095,0.07206905,0
0.9999625,3.7462203e-05,0
0.99628985,0.0037101281,0
0.92745817,0.07254183,0
0.75549436,0.24450567,0
0.91488665,0.08511336,0
0.6613225,0.33867756,1
0.9591668,0.040833183,0
0.9707365,0.029263515,0
0.9997318,0.00026822442,0
0.6172999,0.38270012,1
0.6485958,0.35140422,1
0.44593263,0.5540674,1
0.24223596,0.75776404,1
0.37317502,0.626825,1
0.33936024,0.66063976,1
0.29203063,0.70796937,1
0.5078491,0.4921509,1
0.37369466,0.62630534,1
0.6308993,0.3691007,1
0.85227084,0.14772917,0
0.9965824,0.003417594,0
0.99985105,0.00014897465,0
0.014324069,0.98567593,1
0.019317508,0.9806825,1
0.8650825,0.13491747,0
0.9533008,0.046699233,0
0.86057174,0.13942823,0
0.96122146,0.038778573,0
0.88600624,0.113993764,0
0.22149718,0.7785028,0
0.10319197,0.896808,1
0.067014694,0.9329853,1
0.08855349,0.9114465,1
0.08855349,0.9114465,1
0.99583393,0.0041660722,0
0.95774704,0.042252973,0
0.89220715,0.10779288,0
0.9999362,6.375353e-05,0
0.92246306,0.077536955,0
0.9073399,0.09266014,0
0.93612635,0.06387368,0
0.92823094,0.07176906,0
0.9808619,0.019138107,0
0.97889435,0.021105641,0
0.9679289,0.032071125,0
0.81375766,0.18624231,0
0.08891523,0.9110848,1
0.18249106,0.81750894,1
0.15613383,0.84386617,1
0.17334569,0.8266543,1
0.22230238,0.7776976,1
0.8374909,0.16250908,0
0.99365616,0.00634384,0
0.88126343,0.11873655,0
0.9971297,0.002870342,0
0.5293859,0.4706141,1
0.33633393,0.66366607,1
0.4236853,0.5763147,0
0.40008956,0.59991044,1
0.45133108,0.5486689,0
0.9615114,0.038488604,0
0.99874705,0.0012529722,0
0.9998166,0.00018338424,0
0.9529495,0.047050484,0
0.43937486,0.56062514,0
0.37613988,0.6238601,0
0.96184087,0.03815914,0
0.9752346,0.024765363,0
0.944983,0.055016965,0
0.9731679,0.026832102,0
0.9626438,0.037356198,0
0.96101105,0.038988978,0
0.9883649,0.011635142,0
0.4596222,0.5403778,1
0.5195645,0.48043552,1
0.5503721,0.44962785,1
0.48171103,0.51828897,1
0.4933632,0.5066368,1
0.3055116,0.6944884,1
0.21240318,0.7875968,1
0.29769635,0.70230365,1
0.39801878,0.6019812,0
0.89665544,0.10334453,1
0.13188958,0.8681104,1
0.19188344,0.80811656,1
0.7502989,0.24970108,0
0.97798824,0.022011772,0
0.98989844,0.010101538,0
0.9998566,0.00014338546,0
0.9998603,0.000139716,0
0.21138084,0.78861916,1
0.340609,0.659391,1
0.78005934,0.21994063,0
0.96052736,0.039472647,0
0.97968686,0.020313153,0
0.98458344,0.01541659,0
0.16550553,0.8344945,1
0.21052039,0.7894796,1
0.48690015,0.51309985,1
0.9806832,0.019316806,0
0.9936381,0.006361901,0
0.23247278,0.7675272,1
0.06529856,0.93470144,1
0.045128405,0.9548716,1
0.19546896,0.80453104,1
0.25283837,0.7471616,1
0.880551,0.11944904,0
0.93862826,0.06137173,0
0.9878664,0.012133576,0
0.8894735,0.1105265,0
0.98250496,0.01749502,0
0.98133796,0.018662056,0
0.78630537,0.21369462,0
0.98821723,0.011782756,0
0.06710011,0.9328999,1
0.28753757,0.7124624,1
0.72548497,0.27451506,0
0.28837967,0.71162033,1
0.26019794,0.73980206,1
0.20808774,0.79191226,1
0.23249936,0.76750064,1
0.32062447,0.6793755,1
0.7226759,0.27732408,0
0.97181916,0.028180854,0
0.98212874,0.01787123,0
0.97810984,0.021890167,0
0.5093361,0.49066386,1
0.61543524,0.38456476,1
0.56446767,0.4355323,0
0.98400927,0.015990725,0
0.97893643,0.021063557,0
0.99978006,0.00021992024,0
0.99970764,0.00029233922,0
0.99991095,8.904466e-05,0
0.9999071,9.293433e-05,0
0.9999145,8.545612e-05,0
0.8453932,0.15460682,0
0.79936993,0.20063005,0
0.83841413,0.16158585,0
0.70592237,0.29407763,0
0.9332393,0.06676072,0
0.9998367,0.00016332776,0
0.98536503,0.014634981,0
0.04088825,0.95911175,1
0.021290302,0.9787097,1
0.021290302,0.9787097,1
0.48899817,0.5110018,0
0.9768224,0.023177637,0
0.63905174,0.36094826,0
0.99538857,0.004611432,0
0.9037563,0.09624366,0
0.51428324,0.48571676,0
0.10121167,0.89878833,1
0.013662159,0.98633784,1
0.040144086,0.9598559,1
0.17417997,0.82582,0
0.8251592,0.17484082,0
0.97176176,0.028238252,0
0.94445175,0.05554823,0
0.9927715,0.0072284886,0
0.9419511,0.058048878,0
0.51186067,0.48813933,0
0.15414244,0.84585756,1
0.34127557,0.6587244,1
0.7443025,0.25569752,0
0.980068,0.019931978,0
0.94350857,0.056491457,0
0.98317903,0.01682094,0
0.99645287,0.0035471572,0
0.9976142,0.0023857665,0
0.86906564,0.13093439,0
0.06731737,0.93268263,1
0.09203255,0.90796745,1
0.09547913,0.90452087,1
0.1043908,0.8956092,1
0.43048412,0.5695159,1
0.63021624,0.36978376,1
0.5107208,0.4892792,1
0.65341383,0.34658617,0
0.53797805,0.46202198,0
0.99686277,0.0031372537,0
0.11985791,0.8801421,1
0.060872793,0.9391272,1
0.79575837,0.20424165,0
0.7586682,0.24133179,0
0.999474,0.0005260224,0
0.99617493,0.003825056,0
0.5344207,0.46557927,0
0.84589213,0.15410785,0
0.8962136,0.10378643,0
0.90889454,0.091105476,0
0.98212874,0.01787123,0
0.98420215,0.01579788,0
0.96475196,0.035248056,0
0.96503377,0.03496624,0
0.99152344,0.008476539,0
0.9998331,0.00016690038,0
0.9995626,0.0004373936,0
0.9837051,0.01629491,0
0.8986086,0.10139138,0
0.03864652,0.9613535,1
0.93068296,0.06931702,0
0.93383014,0.06616989,0
0.99993855,6.145332e-05,0
0.99798506,0.0020149462,0
0.0064860582,0.99351394,1
0.010009885,0.9899901,1
0.010180056,0.98981994,1
0.0142508745,0.9857491,1
0.023061454,0.97693855,1
0.9680946,0.03190541,0
0.91174144,0.08825859,0
0.9999172,8.280217e-05,0
0.2435934,0.7564066,1
0.09063089,0.9093691,1
0.13509315,0.86490685,1
0.09849322,0.9015068,1
0.19099855,0.80900145,1
0.15697718,0.8430228,1
0.27010804,0.72989196,1
0.9727106,0.027289372,0
0.9734344,0.026565602,0
0.7084932,0.29150683,1
0.9943811,0.005618848,0
0.98968977,0.010310247,0
0.2681352,0.7318648,1
0.106956065,0.89304394,1
0.12892944,0.87107056,1
0.17631483,0.82368517,1
0.9837657,0.016234279,0
0.7954701,0.20452991,0
0.99992734,7.267545e-05,0
0.1288026,0.8711974,1
0.10414767,0.8958523,1
0.1117301,0.8882699,1
0.08230841,0.9176916,1
0.40970075,0.59029925,1
0.63885397,0.36114603,1
0.35917646,0.64082354,1
0.56266713,0.4373329,0
0.96238756,0.03761244,0
0.99981385,0.0001861409,0
0.99978703,0.00021298541,0
0.9084239,0.09157608,0
0.6136247,0.3863753,0
0.07002723,0.92997277,1
0.052752495,0.9472475,1
0.036943853,0.96305615,1
0.023963392,0.9760366,1
0.06299555,0.93700445,1
0.07253379,0.9274662,1
0.83143806,0.16856194,0
0.71696925,0.28303075,0
0.31510365,0.68489635,0
0.90287864,0.097121336,0
0.9999827,1.728152e-05,0
0.98968893,0.010311083,0
0.42082697,0.579173,0
0.084037185,0.9159628,1
0.15969616,0.84030384,1
0.12287432,0.8771257,1
0.15307271,0.8469273,1
0.95308304,0.046916943,0
0.99994475,5.523609e-05,0
0.04679829,0.9532017,1
0.062947094,0.9370529,1
0.06311208,0.9368879,1
0.044564724,0.9554353,1
0.048703372,0.9512966,1
0.059450984,0.940549,1
0.039020717,0.9609793,1
0.5557701,0.4442299,0
0.94816107,0.051838942,0
0.5466168,0.45338318,0
0.99987614,0.00012384712,0
0.17918217,0.8208178,1
0.040106416,0.9598936,1
0.047436535,0.95256346,1
0.03553444,0.96446556,1
0.051401556,0.94859844,1
0.049934626,0.9500654,1
0.10031247,0.8996875,1
0.8212315,0.17876849,0
0.84982973,0.15017028,0
0.584679,0.41532096,0
0.93711066,0.06288936,0
0.94363976,0.05636023,0
0.8763858,0.123614214,0
0.07990879,0.9200912,1
0.15351552,0.8464845,1
0.008112371,0.9918876,1
0.0017014146,0.9982986,1
0.024365246,0.97563475,1
0.31431472,0.6856853,0
0.85056114,0.14943884,0
0.8086247,0.1913753,0
0.7130409,0.2869591,0
0.2994923,0.7005077,0
0.24676389,0.7532361,0
0.009205639,0.99079436,1
0.3752367,0.6247633,0
0.8892421,0.11075787,0
0.96614397,0.03385604,0
0.8951247,0.104875304,0
0.37352157,0.62647843,0
0.22903031,0.7709697,0
0.65702575,0.34297425,0
0.46586466,0.53413534,0
0.72450817,0.27549186,0
0.72904694,0.27095306,1
0.8524083,0.14759172,0
0.73453975,0.26546022,0
0.847308,0.15269203,0
0.934837,0.06516302,0
0.9676452,0.032354757,0
0.9561235,0.043876514,0
0.9945344,0.005465621,0
0.99658614,0.003413843,0
0.9893058,0.010694217,0
0.99740255,0.002597425,0
0.99993795,6.204346e-05,0
0.7587527,0.24124728,1
0.53639776,0.46360224,1
0.25498402,0.745016,1
0.2474128,0.7525872,1
0.6946943,0.30530575,0
0.87782866,0.12217133,0
0.27091807,0.7290819,1
0.7244438,0.27555618,0
0.92229664,0.07770337,0
0.9684149,0.03158507,0
0.9579423,0.04205767,0
0.9311195,0.068880476,0
0.9992782,0.0007218396,0
0.9986358,0.0013641982,0
0.9990062,0.000993795,0
0.99845594,0.0015440587,0
0.9951207,0.0048793056,0
0.38244152,0.6175585,0
0.6107144,0.38928562,0
0.43474954,0.56525046,0
0.32679272,0.6732073,1
0.3973655,0.6026345,1
0.26658487,0.7334151,1
0.09637356,0.90362644,1
0.21183968,0.7881603,1
0.25287384,0.74712616,1
0.99966615,0.00033385563,0
0.56059074,0.4394093,1
0.040943205,0.9590568,1
0.11683136,0.88316864,1
0.52212334,0.47787666,1
0.41068208,0.5893179,1
0.51062363,0.48937637,0
0.80338913,0.19661087,1
0.9400896,0.059910398,0
0.9997169,0.00028311412,0
0.17670548,0.8232945,1
0.15052146,0.84947854,1
0.12082702,0.879173,1
0.8461126,0.15388738,0
0.74033463,0.2596654,0
0.71928036,0.28071964,0
0.51340485,0.48659512,0
0.5743182,0.4256818,0
0.466204,0.533796,0
0.97358483,0.02641515,0
0.9979266,0.002073417,0
0.98910284,0.01089714,0
0.9991949,0.00080505235,0
0.9994475,0.00055249076,0
0.9998737,0.00012628899,0
0.9996213,0.0003787372,0
0.995564,0.0044359863,0
0.28883106,0.71116894,1
0.55126446,0.44873554,1
0.16791344,0.83208656,1
0.3970037,0.6029963,1
0.70741606,0.29258394,1
0.6808286,0.3191714,1
0.9793544,0.020645589,0
0.80202,0.19798,0
0.9175302,0.082469836,0
0.9258163,0.07418367,0
0.9188207,0.081179336,0
0.90549576,0.09450426,0
0.98091364,0.019086367,0
0.99908876,0.00091125,0
0.041152894,0.9588471,1
0.04730028,0.9526997,1
0.03678727,0.9632127,1
0.09840059,0.9015994,1
0.1886288,0.8113712,1
0.28721333,0.7127867,0
0.85407627,0.14592372,0
0.65169764,0.3483024,0
0.66953635,0.33046368,0
0.13786411,0.8621359,1
0.7006713,0.29932866,0
0.56489086,0.4351091,0
0.93694323,0.063056745,0
0.27586728,0.7241327,1
0.58259606,0.41740394,0
0.9999064,9.358271e-05,0
0.99991035,8.966592e-05,0
0.99985397,0.0001460495,0
0.9998199,0.00018012399,0
0.45404184,0.54595816,0
0.9795626,0.0204374,0
0.9886291,0.011370915,0
0.9203476,0.07965241,0
0.9859168,0.014083204,0
0.99371576,0.0062842355,0
0.9313695,0.06863053,0
0.48449767,0.51550233,1
0.88568157,0.11431843,0
0.9983307,0.0016692994,0
0.99976283,0.0002371957,0
0.99978435,0.00021562455,0
0.99897915,0.0010208723,0
0.84717125,0.15282874,0
0.9997288,0.00027119496,0
0.57153857,0.42846143,1
0.5769105,0.42308953,1
0.99333644,0.006663585,0
0.99948883,0.00051116507,0
0.49611485,0.50388515,1
0.99974346,0.0002565518,0
0.25298274,0.74701726,1
0.6048748,0.3951252,1
0.016153216,0.9838468,1
0.16136193,0.83863807,0
0.74670804,0.253292,0
0.6128184,0.38718158,1
0.9994378,0.00056220865,0
0.999646,0.00035398253,0
0.9579957,0.04200428,0
0.71526563,0.28473437,0
0.9139569,0.0860431,0
0.4017015,0.5982985,0
0.5188248,0.48117518,0
0.4062884,0.5937116,1
0.53522474,0.46477526,0
0.8754457,0.12455429,0
0.92021406,0.079785936,0
0.84711844,0.15288156,0
0.49917632,0.5008237,1
0.63203424,0.36796576,1
0.3667146,0.6332854,1
0.979405,0.020595018,0
0.99972034,0.00027966304,0
0.9595064,0.04049358,0
0.9085885,0.09141144,0
0.059078693,0.9409213,1
0.04360211,0.9563979,1
0.070760846,0.92923915,1
0.99006975,0.0099302335,0
0.9999624,3.7598205e-05,0
0.99988246,0.000117567106,0
0.86400324,0.13599676,0
0.8696431,0.1303569,0
0.6030036,0.39699638,0
0.4495185,0.5504815,0
0.4298824,0.5701176,0
0.8537884,0.14621162,0
0.7045562,0.29544374,0
0.9755414,0.02445858,0
0.8901154,0.1098846,0
0.94429815,0.055701822,0
0.07756919,0.9224308,1
0.5382775,0.46172252,1
0.8688126,0.13118736,0
0.9710651,0.028934874,0
0.9654483,0.0345517,0
0.5578343,0.44216567,1
0.9540156,0.045984395,0
0.9999606,3.937693e-05,0
0.12901843,0.8709816,1
0.98540545,0.014594547,0
0.82230127,0.1776987,1
0.6796216,0.32037842,1
0.4170767,0.5829233,1
0.41185313,0.58814687,1
0.5711559,0.4288441,1
0.7239373,0.27606273,1
0.9994445,0.00055549876,0
0.9528863,0.047113743,0
0.46404552,0.5359545,0
0.545198,0.45480198,1
0.9737119,0.02628812,0
0.9999397,6.0337294e-05,0
0.5147158,0.48528424,1
0.94150794,0.058492064,0
0.97696507,0.023034908,0
0.43211448,0.5678855,1
0.248546,0.751454,1
0.8787685,0.12123149,0
0.45400405,0.54599595,1
0.93969893,0.06030106,0
0.99995285,4.7161502e-05,0
0.93965924,0.06034078,0
0.80908716,0.19091284,0
0.050557435,0.94944257,1
0.18867576,0.81132424,1
0.08112776,0.91887224,1
0.9066335,0.093366474,0
0.99445194,0.0055480646,0
0.99986017,0.00013983087,0
0.9923047,0.00769533,0
0.69497454,0.30502546,1
0.98523206,0.014767969,0
0.98737377,0.012626221,0
0.37485445,0.62514555,1
0.13245046,0.86754954,1
0.9608442,0.039155807,0
0.93537533,0.064624675,0
0.42587727,0.5741227,1
0.9999589,4.1098345e-05,0
0.9021337,0.09786633,0
0.35630083,0.64369917,1
0.27344853,0.7265515,1
0.10716897,0.892831,1
0.30403996,0.69596004,1
0.9086263,0.09137365,0
0.23658657,0.7634134,1
0.8208779,0.17912208,0
0.99987096,0.00012903038,0
0.9999645,3.5523815e-05,0
0.9999432,5.6794983e-05,0
0.99991673,8.32946e-05,0
0.9998801,0.00011993034,0
0.99987245,0.00012753121,0
0.61960316,0.3803968,1
0.04528892,0.9547111,1
0.033711433,0.96628857,1
0.033711433,0.96628857,1
0.03249532,0.9675047,1
0.06506789,0.9349321,1
0.5323465,0.4676535,0
0.79973185,0.20026815,0
0.45930415,0.54069585,1
0.02655816,0.97344184,1
0.0084475875,0.9915524,1
0.9980917,0.0019083014,0
0.9999138,8.6191045e-05,0
0.8589685,0.14103149,0
0.1563263,0.8436737,1
0.8749657,0.12503426,0
0.86608934,0.13391066,0
0.9491611,0.050838895,0
0.8984475,0.1015525,0
0.9386974,0.061302602,0
0.9469534,0.053046614,0
0.99948007,0.00051993236,0
0.93277264,0.06722734,0
0.61845577,0.38154426,1
0.3470856,0.6529144,1
0.34408617,0.65591383,1
0.91128236,0.08871762,0
0.8288021,0.17119789,0
0.60772806,0.39227194,0
0.15851527,0.8414847,1
0.22274065,0.77725935,0
0.99970454,0.00029547134,0
0.82090676,0.17909324,0
0.28665185,0.71334815,1
0.16084182,0.8391582,1
0.28455293,0.71544707,1
0.99814045,0.0018595223,1
0.9983821,0.0016178841,0
0.99938285,0.0006171527,0
0.99948144,0.00051854167,0
0.99907416,0.00092586555,0
0.99835914,0.0016408587,0
0.046072423,0.9539276,1
0.04499805,0.95500195,1
0.035377085,0.9646229,1
0.04421681,0.9557832,1
0.01780504,0.98219496,1
0.10602522,0.8939748,1
0.9990988,0.0009012265,0
0.9996968,0.0003031907,0
0.9993471,0.0006528884,0
0.8148228,0.18517719,0
0.9985173,0.001482728,0
0.99632,0.0036799826,0
0.9834511,0.016548868,0
0.73010194,0.26989803,1
0.9987175,0.0012825204,0
0.9953936,0.0046064095,0
0.9994441,0.0005558968,0
0.9994441,0.0005558968,0
0.99910384,0.0008961273,0
0.5342032,0.4657968,1
0.55252165,0.44747835,1
0.37113506,0.62886494,1
0.21317726,0.78682274,1
0.16208214,0.83791786,1
0.026924014,0.973076,1
0.81480616,0.18519382,1
0.99734163,0.0026583527,0
0.510272,0.489728,1
0.25991386,0.74008614,1
0.27412236,0.72587764,1
0.19597727,0.8040227,1
0.18538046,0.81461954,1
0.05293727,0.94706273,1
0.113695145,0.88630486,1
0.75427127,0.24572873,0
0.82296026,0.17703977,0
0.65411794,0.34588203,0
0.80881953,0.1911805,0
0.98846346,0.011536531,0
0.93356156,0.06643845,0
0.82651985,0.17348017,0
0.91478884,0.08521117,0
0.71161675,0.28838325,0
0.013734996,0.986265,1
0.93004936,0.06995065,0
0.94630206,0.053697955,0
0.98981744,0.010182559,0
0.99239355,0.0076064523,0
0.9938569,0.006143112,0
0.9621836,0.0378164,0
0.9053013,0.094698735,0
0.52180386,0.4781961,0
0.7691628,0.23083724,0
0.6008946,0.3991054,0
0.8394618,0.16053821,0
0.988156,0.011843999,0
0.99994844,5.1545878e-05,0
0.9999447,5.530667e-05,0
0.9999439,5.6086148e-05,0
0.9996817,0.00031828647,0
0.93758506,0.062414955,0
0.65505266,0.34494737,0
0.26420933,0.73579067,1
0.53021085,0.46978918,1
0.91998386,0.08001613,0
0.4116392,0.5883608,1
0.86632526,0.13367477,0
0.9999729,2.7117076e-05,0
0.9717593,0.02824069,0
0.9548872,0.045112763,0
0.20026076,0.79973924,1
0.21979344,0.78020656,1
0.28176063,0.71823937,1
0.30240232,0.6975977,1
0.26067948,0.7393205,1
0.3033386,0.6966614,1
0.91015923,0.08984079,0
0.4544751,0.5455249,1
0.4748997,0.5251003,1
0.999933,6.7015324e-05,0
0.9993152,0.00068477704,0
0.40985966,0.59014034,1
0.072947204,0.9270528,1
0.04254192,0.9574581,1
0.5006858,0.4993142,1
0.9012622,0.09873779,0
0.8297633,0.17023672,0
0.93468374,0.06531625,0
0.9587128,0.041287158,0
0.9377413,0.06225874,0
0.9998241,0.00017587063,0
0.9999077,9.234062e-05,0
0.5715946,0.4284054,0
0.28400522,0.7159948,1
0.11819041,0.8818096,1
0.14962548,0.8503745,1
0.2243523,0.7756477,1
0.11115998,0.88884,1
0.9292242,0.0707758,0
0.9351406,0.064859375,0
0.999843,0.00015699105,0
0.09898156,0.90101844,1
0.03205937,0.9679406,1
0.010534525,0.9894655,1
0.039337933,0.96066207,1
0.0534451,0.9465549,1
0.057337463,0.94266254,1
0.62894875,0.37105125,0
0.8882537,0.11174631,0
0.9772765,0.022723502,0
0.82811373,0.17188628,0
0.8074821,0.1925179,0
0.9909939,0.009006058,0
0.3050065,0.6949935,0
0.39308274,0.60691726,0
0.2931013,0.7068987,1
0.21650606,0.78349394,1
0.44781315,0.55218685,1
0.6590755,0.34092453,0
0.95240366,0.04759632,0
0.76765615,0.23234384,0
0.64721084,0.35278916,0
0.5719836,0.4280164,0
0.9999808,1.9212523e-05,0
0.9999775,2.2478935e-05,0
0.39675826,0.60324174,0
0.38806564,0.61193436,1
0.44438034,0.55561966,1
0.79655117,0.20344885,0
0.9685943,0.031405665,0
0.9836322,0.01636782,0
0.6686067,0.3313933,0
0.35486645,0.64513355,1
0.6917388,0.30826122,0
0.8930061,0.10699389,0
0.7000139,0.29998612,0
0.9579609,0.04203912,0
0.40595543,0.59404457,1
0.33765066,0.66234934,1
0.2504573,0.7495427,1
0.26708788,0.7329121,1
0.96686417,0.033135813,0
0.9851519,0.014848143,0
0.98158604,0.018413989,0
0.9759342,0.024065819,0
0.9585225,0.041477475,0
0.48212105,0.51787895,1
0.75224996,0.24775003,0
0.9999907,9.288614e-06,0
0.32414073,0.6758593,1
0.15080339,0.8491966,1
0.20448709,0.7955129,1
0.27431953,0.7256805,1
0.9795042,0.020495748,0
0.9749023,0.025097726,0
0.74197805,0.25802198,1
0.17572308,0.8242769,1
0.54619765,0.45380238,0
0.9999603,3.9700593e-05,0
0.9999709,2.9085188e-05,0
0.99994844,5.1561954e-05,0
0.11816436,0.88183564,1
0.945339,0.05466098,0
0.84965324,0.15034676,0
0.28943968,0.7105603,1
0.97738254,0.022617433,0
0.9998979,0.00010211078,0
0.99993825,6.175581e-05,0
0.04438567,0.9556143,1
0.046715498,0.9532845,1
0.046715498,0.9532845,1
0.04438567,0.9556143,1
0.11012769,0.8898723,1
0.02182597,0.97817403,1
0.9999615,3.848296e-05,0
0.99995524,4.473829e-05,0
0.99993753,6.2452564e-05,0
0.61268246,0.3873175,0
0.0029687881,0.9970312,1
0.999453,0.0005470182,0
0.9999081,9.192084e-05,0
0.9973569,0.0026430942,0
0.9999393,6.0651117e-05,0
0.32842475,0.67157525,1
0.3162186,0.6837814,1
0.5587853,0.44121468,1
0.22723931,0.7727607,1
0.02852869,0.9714713,1
0.92298406,0.07701593,0
0.9678727,0.032127302,0
0.72363627,0.2763637,0
0.68379295,0.31620708,0
0.99779475,0.0022052273,0
0.9999413,5.8701324e-05,0
0.13429034,0.86570966,1
0.15867192,0.8413281,1
0.083342254,0.91665775,1
0.022372723,0.9776273,1
0.019287467,0.98071253,1
0.68913203,0.31086797,0
0.33618844,0.66381156,1
0.30990058,0.6900994,1
0.6615876,0.33841237,1
0.99994695,5.3028634e-05,0
0.34151965,0.65848035,1
0.97739697,0.022603044,0
0.9663804,0.033619557,0
0.26700222,0.7329978,0
0.38440984,0.61559016,0
0.9768728,0.023127176,0
0.4625188,0.5374812,0
0.4343673,0.5656327,0
0.99996406,3.59662e-05,0
0.918411,0.08158897,0
0.8291229,0.17087707,0
0.80164415,0.19835585,0
0.5609611,0.43903887,0
0.7863986,0.2136014,0
0.4308915,0.5691085,0
0.4095264,0.5904736,1
0.36652845,0.63347155,1
0.63128346,0.36871654,1
0.11047518,0.8895248,1
0.39493585,0.60506415,1
0.96823657,0.031763423,1
0.99997514,2.4853536e-05,0
0.8642317,0.13576828,0
0.23592055,0.76407945,1
0.061886847,0.93811315,1
0.90004927,0.09995074,0
0.9999811,1.886993e-05,0
0.99996537,3.4612196e-05,0
0.9517507,0.048249282,0
0.9223546,0.07764545,0
0.5122493,0.4877507,0
0.18147945,0.81852055,1
0.18781382,0.8121862,1
0.09410995,0.90589005,1
0.5560041,0.4439959,1
0.4724934,0.5275066,0
0.1931014,0.8068986,0
0.6200386,0.3799614,0
0.3810501,0.6189499,0
0.9637283,0.036271665,0
0.99995786,4.2124833e-05,0
0.9999368,6.3208274e-05,0
0.47022617,0.52977383,0
0.9229314,0.07706862,0
0.97767496,0.022325026,0
0.99046975,0.009530265,0
0.98525023,0.014749768,0
0.99848485,0.0015151558,0
0.9782236,0.021776397,0
0.9645366,0.03546342,1
0.71952665,0.28047338,1
0.9435906,0.056409422,1
0.64313245,0.35686758,1
0.3180138,0.6819862,1
0.5186928,0.4813072,1
0.89895123,0.10104875,1
0.19330269,0.8066973,1
0.29351795,0.70648205,1
0.9695535,0.030446522,0
0.9154956,0.08450445,0
0.846757,0.153243,0
0.94760406,0.052395936,0
0.98732615,0.012673849,0
0.6109456,0.38905442,1
0.74643046,0.25356954,0
0.9085619,0.09143812,0
0.97330827,0.026691737,0
0.9091761,0.09082387,0
0.991338,0.008661992,0
0.99526554,0.00473447,0
0.99997437,2.56348e-05,0
0.9393908,0.0606092,0
0.69288945,0.30711052,0
0.40369022,0.5963098,1
0.02545911,0.9745409,1
0.28569967,0.71430033,1
0.8970575,0.10294252,0
0.9279202,0.07207979,0
0.8701376,0.1298624,0
0.96126544,0.03873458,0
0.95871395,0.041286077,0
0.9364345,0.06356551,0
0.8498292,0.15017079,0
0.9543012,0.045698833,0
0.99406826,0.005931744,0
0.8534883,0.14651166,0
0.23996037,0.7600396,1
0.28003228,0.7199677,1
0.29997373,0.7000263,1
0.22674924,0.77325076,1
0.8481649,0.15183507,0
0.919454,0.080546014,0
0.90713054,0.09286947,0
0.5682353,0.43176475,1
0.82225454,0.17774548,0
0.14371878,0.8562812,1
0.028034568,0.97196543,1
0.026192784,0.9738072,1
0.45582086,0.54417914,0
0.94278455,0.057215475,0
0.9999799,2.008898e-05,0
0.99997497,2.5030886e-05,0
0.7255464,0.27445358,0
0.7463162,0.25368378,0
0.51958954,0.48041043,0
0.95202446,0.047975533,0
0.6731556,0.3268444,1
0.78473884,0.21526115,0
0.3851924,0.6148076,0
0.31021243,0.68978757,1
0.9998843,0.000115676194,0
0.9998989,0.00010110979,0
0.9993108,0.0006891868,0
0.47443032,0.5255697,1
0.1067034,0.8932966,1
0.52372956,0.4762704,1
0.2109251,0.7890749,1
0.32041317,0.6795868,1
0.20819825,0.79180175,1
0.67967725,0.32032275,1
0.89452094,0.10547906,0
0.9991676,0.00083235936,0
0.99216026,0.007839727,0
0.964336,0.035664037,0
0.7806799,0.2193201,0
0.68896997,0.31103,0
0.5523549,0.44764513,1
0.5662258,0.43377417,0
0.91227746,0.08772252,0
0.89049774,0.109502256,0
0.8451543,0.1548457,0
0.7919326,0.20806739,0
0.86363906,0.13636096,0
0.98493797,0.0150620565,0
0.99986196,0.0001380653,0
0.32002866,0.67997134,1
0.40121782,0.5987822,1
0.21410018,0.7858998,1
0.0004863739,0.9995136,1
0.05175805,0.94824195,1
0.44783425,0.55216575,0
0.40283155,0.59716845,1
0.9043504,0.09564957,0
0.9762277,0.023772305,0
0.7341589,0.26584116,0
0.73096013,0.2690399,0
0.76321256,0.23678744,0
0.9697725,0.030227486,0
0.99188346,0.008116547,0
0.98871344,0.0112865735,0
0.9831702,0.016829766,0
0.9890534,0.010946575,0
0.9395237,0.060476296,0
0.91497976,0.08502027,0
0.67034835,0.32965165,0
0.9856996,0.0143004265,0
0.99983877,0.00016123342,0
0.99945885,0.0005411743,0
0.24686855,0.75313145,1
0.20110935,0.79889065,1
0.11535931,0.8846407,1
0.7819659,0.21803407,0
0.53469694,0.46530303,1
0.80759263,0.19240738,0
0.998867,0.0011330509,0
0.988003,0.01199697,0
0.9602085,0.039791543,0
0.16489893,0.83510107,1
0.12690699,0.873093,1
0.37698036,0.62301964,0
0.82045484,0.1795452,0
0.39499396,0.60500604,1
0.99992174,7.827239e-05,0
0.99994266,5.7343997e-05,0
0.99988943,0.000110563094,0
0.9087878,0.09121221,0
0.7335504,0.26644957,0
0.19666356,0.80333644,1
0.13836974,0.86163026,1
0.08190012,0.9180999,1
0.1414721,0.8585279,1
0.8080455,0.1919545,0
0.99981916,0.00018086212,0
0.63519776,0.36480227,0
0.9839559,0.016044082,0
0.023282588,0.9767174,1
0.9971058,0.0028942092,0
0.9964565,0.00354351,0
0.99841464,0.001585374,0
0.7717922,0.22820784,0
0.9993034,0.00069660234,0
0.99967396,0.00032605196,0
0.99965835,0.00034167463,0
0.14465684,0.85534316,1
0.8946974,0.105302595,0
0.0012928247,0.9987072,1
0.0803532,0.9196468,1
0.09100872,0.9089913,1
0.19399887,0.8060011,1
0.10297376,0.89702624,1
0.63518524,0.3648148,0
0.96668774,0.033312246,0
0.9463898,0.053610235,0
0.028357983,0.971642,1
0.722847,0.27715302,0
0.9853089,0.014691135,0
0.04709053,0.95290947,1
0.06406224,0.93593776,1
0.04677683,0.95322317,1
0.9999287,7.1283204e-05,0
0.6914973,0.3085027,0
0.9785014,0.0214986,0
0.60733867,0.39266133,0
0.8680788,0.13192119,0
0.95265025,0.04734977,0
0.99978054,0.00021949122,0
0.18680418,0.8131958,0
0.26283485,0.73716515,0
0.54727274,0.45272726,0
0.31616986,0.68383014,0
0.23441517,0.7655848,0
0.0605579,0.9394421,1
0.13774127,0.86225873,1
0.9845044,0.015495608,0
0.24330854,0.75669146,1
0.4700156,0.5299844,1
0.9090403,0.09095974,0
0.9998237,0.00017628432,0
0.9928506,0.0071493965,0
0.9115886,0.08841138,0
0.432257,0.567743,1
0.95505184,0.044948146,0
0.40489763,0.59510237,1
0.9585735,0.04142646,0
0.99983406,0.00016591582,0
0.99960864,0.00039136648,0
0.99897265,0.0010273448,0
0.97603333,0.02396667,0
0.99896127,0.0010387424,0
0.99972415,0.00027587975,0
0.99977595,0.00022406295,0
0.9923027,0.0076972893,0
0.74859583,0.25140414,0
0.9576326,0.042367402,0
0.07088679,0.9291132,1
0.059601545,0.94039845,1
0.96035796,0.039642055,0
0.17040062,0.8295994,1
0.9988444,0.0011556223,0
0.99985015,0.00014985754,0
0.9998682,0.0001317688,0
0.9993646,0.00063539465,0
0.7906133,0.20938668,0
0.80637944,0.19362059,0
0.82424223,0.17575778,0
0.93131727,0.06868272,0
0.18858528,0.8114147,1
0.14410442,0.8558956,0
0.99965185,0.00034815306,0
0.99887824,0.0011217624,0
0.65836865,0.34163135,0
0.9213892,0.07861078,0
0.16565412,0.8343459,1
0.99812585,0.001874131,0
0.9983011,0.0016989227,0
0.99860436,0.001395642,0
0.9754452,0.024554772,0
0.04287809,0.9571219,1
0.27662528,0.7233747,1
0.58093494,0.41906506,1
0.65080994,0.34919006,1
0.6436635,0.35633647,1
0.22480947,0.77519053,1
0.53152317,0.46847683,1
0.81747305,0.18252693,0
0.47140193,0.52859807,0
0.054071963,0.94592804,1
0.034362495,0.9656375,1
0.08184552,0.9181545,1
0.27035588,0.7296441,0
0.70959455,0.29040545,0
0.9969398,0.0030602352,0
0.62033534,0.37966463,1
0.9998728,0.0001271857,0
0.31437176,0.68562824,1
0.07222998,0.92777,1
0.08297795,0.91702205,1
0.028318405,0.9716816,1
0.84859705,0.15140295,0
0.767045,0.23295498,0
0.34144115,0.65855885,1
0.41858655,0.58141345,0
0.77404785,0.22595216,0
0.4034633,0.5965367,1
0.6398101,0.3601899,0
0.8425626,0.15743738,0
0.81431794,0.18568209,0
0.82108974,0.17891029,0
0.8487877,0.15121226,0
0.8272723,0.17272769,0
0.91535175,0.08464828,0
0.45738232,0.5426177,0
0.51250494,0.48749503,0
0.95748687,0.042513147,0
0.9999298,7.018697e-05,0
0.9998407,0.00015930849,0
0.9776853,0.022314738,0
0.9989566,0.0010433875,0
0.13475662,0.8652434,1
0.2595935,0.7404065,0
0.15132117,0.8486788,1
0.124970734,0.87502927,1
0.18302238,0.8169776,1
0.70197207,0.29802793,0
0.64379203,0.35620797,0
0.99992263,7.73402e-05,0
0.99991614,8.388878e-05,0
0.99987155,0.00012842558,0
0.6290587,0.3709413,0
0.8610774,0.13892259,0
0.55322796,0.44677204,0
0.09721595,0.90278405,1
0.1782946,0.8217054,1
0.4578445,0.5421555,1
0.021723986,0.978276,1
0.56820846,0.43179154,0
0.98074853,0.019251492,0
0.7071339,0.29286608,0
0.69147813,0.30852187,0
0.85855085,0.14144914,0
0.9009048,0.09909525,0
0.6759193,0.32408068,0
0.57082623,0.42917377,1
0.3584473,0.6415527,1
0.9971812,0.0028188173,0
0.9975815,0.0024184908,0
0.99498546,0.005014525,0
0.9948012,0.005198748,0
0.9972121,0.002787876,0
0.9955531,0.004446948,0
0.28724104,0.71275896,1
0.8116981,0.18830194,1
0.6694346,0.3305654,1
0.9990433,0.00095673406,0
0.4087202,0.5912798,0
0.45836085,0.54163915,0
0.3730821,0.6269179,0
0.16209567,0.83790433,1
0.14309281,0.8569072,1
0.18608838,0.8139116,1
0.24692184,0.75307816,1
0.6146188,0.38538122,1
0.74701864,0.25298136,1
0.61801624,0.38198376,1
0.92431647,0.07568352,0
0.7632202,0.2367798,0
0.26189047,0.7381095,1
0.10273975,0.89726025,1
0.08588725,0.91411275,1
0.7416888,0.2583112,0
0.8165008,0.18349923,0
0.5749259,0.4250741,0
0.9525016,0.047498424,0
0.92681426,0.07318574,0
0.9150292,0.08497077,0
0.8123455,0.18765451,0
0.9562203,0.043779656,0
0.91100556,0.08899443,0
0.8694982,0.13050182,0
0.9491036,0.050896436,0
0.9541433,0.045856696,0
0.55585986,0.44414014,0
0.93510985,0.064890176,0
0.84869146,0.15130852,0
0.026705503,0.9732945,1
0.66785765,0.33214238,0
0.87268543,0.12731458,0
0.82776946,0.17223054,0
0.6830533,0.3169467,1
0.5173451,0.4826549,1
0.99977344,0.00022658058,0
0.9995423,0.00045770407,0
0.050128996,0.949871,1
0.094567776,0.9054322,1
0.059385836,0.94061416,1
0.12537527,0.8746247,1
0.18961579,0.8103842,1
0.18498284,0.81501716,1
0.20779365,0.79220635,1
0.19604701,0.803953,1
0.007740557,0.99225944,1
0.9948637,0.00513634,0
0.9876343,0.01236569,0
0.84684885,0.15315112,0
0.97001785,0.029982125,0
0.47513592,0.5248641,0
0.20210785,0.79789215,1
0.4817273,0.5182727,1
0.4607212,0.5392788,1
0.47087014,0.52912986,1
0.13219082,0.8678092,1
0.39488888,0.6051111,1
0.9110793,0.08892068,0
0.30547214,0.69452786,0
0.25189805,0.74810195,0
0.47066814,0.52933186,1
0.424174,0.575826,0
0.6963607,0.30363926,1
0.12307304,0.87692696,1
0.48757535,0.51242465,1
0.90643954,0.093560465,0
0.49316484,0.50683516,1
0.0032479763,0.996752,1
0.027274907,0.9727251,1
0.829191,0.17080899,0
0.8243108,0.17568924,0
0.6425385,0.3574615,0
0.37425947,0.6257405,0
0.38750416,0.61249584,0
0.6798337,0.3201663,0
0.6819544,0.3180456,0
0.6878102,0.3121898,0
0.014443934,0.98555607,0
0.79478824,0.20521177,0
0.7225886,0.2774114,0
0.8081503,0.19184968,0
0.9534473,0.046552703,0
0.55724907,0.4427509,0
0.9560775,0.043922503,0
0.96931195,0.03068805,0
0.97968554,0.020314429,0
0.9840181,0.015981896,0
0.86442643,0.13557358,0
0.8931529,0.10684712,0
0.87980413,0.120195836,0
0.15015244,0.84984756,1
0.0067287087,0.9932713,1
0.995031,0.004968979,0
0.8345537,0.1654463,0
0.06721783,0.9327822,1
0.09864378,0.9013562,1
0.6485818,0.3514182,0
0.7966798,0.2033202,0
0.6802833,0.3197167,1
0.9998832,0.00011681983,0
0.9998832,0.00011681983,0
0.999692,0.00030799434,0
0.7809001,0.21909986,0
0.48934293,0.5106571,1
0.37943316,0.62056684,1
0.23470527,0.76529473,1
0.38890564,0.61109436,0
0.17309666,0.82690334,1
0.11590731,0.8840927,1
0.16330284,0.83669716,1
0.2368682,0.7631318,1
0.12088019,0.8791198,1
0.14182311,0.8581769,1
0.24594188,0.7540581,1
0.48022866,0.51977134,0
0.73757946,0.2624205,0
0.8313345,0.16866551,0
0.7874899,0.2125101,0
0.9268946,0.07310541,0
0.34639668,0.6536033,1
0.24731135,0.75268865,1
0.028698802,0.9713012,1
0.036195457,0.96380454,1
0.020453036,0.97954696,1
0.14377236,0.85622764,1
0.63035935,0.36964065,0
0.6208866,0.37911338,0
0.6512017,0.34879827,0
0.999452,0.00054803194,0
0.65348935,0.34651062,0
0.727571,0.27242902,0
0.3620366,0.6379634,1
0.27952862,0.7204714,1
0.91060233,0.08939764,0
0.8149143,0.18508573,0
0.77116966,0.22883031,0
0.78107196,0.21892804,0
0.7273831,0.27261692,0
0.99972135,0.0002786243,0
0.2569421,0.7430579,1
0.51525575,0.48474425,0
0.5530355,0.44696447,0
0.19632387,0.8036761,1
0.91669166,0.08330836,0
0.9317043,0.06829572,0
0.7216755,0.27832446,0
0.4212349,0.5787651,0
0.9998926,0.00010742565,0
0.30752152,0.6924785,1
0.30752152,0.6924785,1
0.99920756,0.0007924417,0
0.93417656,0.06582343,0
0.98365605,0.016343923,0
0.99973696,0.00026301906,0
0.9982761,0.0017238978,0
0.99991554,8.4437735e-05,0
0.20159948,0.7984005,1
0.09198439,0.9080156,1
0.1947406,0.8052594,1
0.99575984,0.0042401818,0
0.5692307,0.43076932,1
0.11605203,0.88394797,1
0.12905931,0.8709407,1
0.19226706,0.80773294,1
0.053592026,0.946408,1
0.13092917,0.8690708,1
0.99917275,0.0008272672,0
0.9997005,0.0002995258,0
0.9997424,0.00025761928,0
0.99846375,0.0015362252,0
0.2472648,0.7527352,1
0.018185675,0.9818143,1
0.03162092,0.9683791,1
0.04142487,0.9585751,1
0.9793749,0.020625096,0
0.01936531,0.9806347,1
0.009367347,0.99063265,1
0.00764066,0.99235934,1
0.0069423914,0.9930576,1
0.12210059,0.8778994,1
0.9931193,0.006880714,0
0.99951464,0.00048538548,0
0.99223214,0.007767832,0
0.9895486,0.010451397,0
0.06781262,0.9321874,1
0.9850753,0.014924685,0
0.98837435,0.011625638,0
0.95078367,0.049216315,0
0.98190796,0.01809202,0
0.9868319,0.013168114,0
0.2620976,0.7379024,1
0.98411673,0.015883254,0
0.12799227,0.8720077,1
0.9971424,0.0028576385,1
0.9992225,0.000777499,0
0.7607675,0.23923247,1
0.21042687,0.78957313,1
0.21882504,0.78117496,1
0.20465928,0.7953407,1
0.12826067,0.8717393,1
0.30809063,0.6919094,1
0.12131381,0.8786862,1
0.22635323,0.7736468,1
0.4046433,0.5953567,1
0.48765266,0.51234734,1
0.97926956,0.020730449,0
0.27516627,0.7248337,1
0.258923,0.741077,1
0.9991948,0.000805197,0
0.99962157,0.00037840445,0
0.99920225,0.0007977453,0
0.20560491,0.7943951,1
0.06381482,0.9361852,1
0.01576513,0.98423487,1
0.011399806,0.9886002,1
0.059703052,0.94029695,0
0.22520655,0.77479345,1
0.3474505,0.6525495,0
0.66624177,0.3337582,0
0.618381,0.38161898,0
0.30138725,0.69861275,0
0.6819615,0.31803852,0
0.99947834,0.00052166363,0
0.033846855,0.96615314,1
0.20508122,0.7949188,1
0.6583253,0.34167472,0
0.02264005,0.97735995,1
0.040336132,0.95966387,1
0.9430258,0.056974158,0
0.99912965,0.00087033055,0
0.20303798,0.796962,0
0.107972205,0.8920278,1
0.058405578,0.9415944,1
0.11008304,0.88991696,1
0.14843202,0.851568,1
0.51579833,0.48420167,0
0.8624243,0.13757569,0
0.92806584,0.07193418,0
0.84651816,0.15348181,0
0.58012474,0.4198753,0
0.9995526,0.0004473832,0
0.99992514,7.484473e-05,0
0.8291716,0.17082839,0
0.926589,0.07341101,0
0.76404077,0.23595922,0
0.27536678,0.7246332,0
0.052854,0.947146,0
0.046369076,0.9536309,1
0.057290316,0.9427097,1
0.24393427,0.7560657,1
0.70865667,0.29134336,0
0.29813838,0.7018616,0
0.9996981,0.0003018769,0
0.9996484,0.00035161572,0
0.99943215,0.00056787505,0
0.0513497,0.9486503,1
0.03952074,0.96047926,1
0.10133028,0.8986697,1
0.11406821,0.8859318,1
0.15837699,0.841623,1
0.14724404,0.85275596,1
0.999287,0.00071300124,0
0.99925333,0.0007466919,0
0.10009551,0.8999045,1
0.5741444,0.42585558,0
0.09326881,0.9067312,1
0.023844123,0.9761559,1
0.016976893,0.9830231,1
0.11407393,0.88592607,1
0.15391737,0.8460826,1
0.12234485,0.87765515,1
0.14913917,0.85086083,1
0.085764706,0.9142353,1
0.7980181,0.20198187,0
0.48415738,0.5158426,0
0.9984168,0.0015831905,0
0.061127067,0.93887293,1
0.07262504,0.92737496,1
0.08397949,0.9160205,1
0.8874595,0.11254049,1
0.7544107,0.24558932,1
0.0708223,0.9291777,1
0.086682916,0.9133171,1
0.09488255,0.90511745,1
0.81258863,0.18741135,0
0.9447968,0.055203192,0
0.95283264,0.047167372,0
0.9981882,0.0018118308,0
0.13575226,0.86424774,1
0.98026395,0.019736031,0
0.99551916,0.0044808313,0
0.3459118,0.6540882,1
0.30936617,0.69063383,0
0.23665828,0.7633417,1
0.25950384,0.74049616,1
0.57496923,0.42503077,1
0.76994383,0.23005614,0
0.999463,0.0005369827,0
0.95567274,0.044327278,0
0.81487274,0.18512727,1
0.85733724,0.14266276,1
0.838395,0.16160497,1
0.23934364,0.76065636,1
0.07544345,0.92455655,1
0.060825527,0.9391745,1
0.99665654,0.003343474,0
0.99226767,0.0077323294,0
0.7825172,0.21748278,0
0.08528739,0.9147126,1
0.10271692,0.8972831,1
0.9956535,0.0043464885,0
0.9999838,1.6196986e-05,0
0.9999637,3.630436e-05,0
0.5363815,0.46361852,1
0.19771081,0.8022892,1
0.027114153,0.97288585,1
0.89899725,0.10100275,0
0.9987791,0.0012208691,0
0.99971604,0.00028397623,0
0.9998449,0.00015507122,0
0.68997747,0.31002253,0
0.28480548,0.7151945,1
0.035169363,0.96483064,1
0.020478308,0.9795217,1
0.032493234,0.96750677,1
0.039801717,0.9601983,1
0.95770395,0.042296063,0
0.95549464,0.044505388,0
0.9921488,0.007851208,0
0.9763126,0.023687398,0
0.7983503,0.20164974,0
0.79773223,0.20226774,0
0.9381141,0.061885893,0
0.9444315,0.055568527,0
0.9840382,0.01596184,0
0.34011215,0.65988785,1
0.25625032,0.7437497,1
0.9459795,0.054020535,0
0.92499685,0.07500315,0
0.9539768,0.04602319,0
0.8025216,0.1974784,0
0.7214361,0.27856392,0
0.72457695,0.27542308,0
0.9182664,0.081733555,0
0.9320039,0.06799608,0
0.98062783,0.019372184,0
0.16022706,0.83977294,1
0.15250331,0.8474967,1
0.12247288,0.8775271,1
0.124513686,0.8754863,1
0.12247288,0.8775271,1
0.38763815,0.61236185,1
0.1776967,0.8223033,1
0.9920827,0.007917292,0
0.39461607,0.60538393,1
0.059221268,0.94077873,1
0.04577446,0.95422554,1
0.046635747,0.95336425,1
0.20885581,0.7911442,1
0.1609171,0.8390829,1
0.10952437,0.89047563,1
0.091478884,0.9085211,1
0.11327195,0.88672805,1
0.30784816,0.69215184,0
0.68764126,0.31235874,0
0.92915577,0.07084421,0
0.68611264,0.31388736,0
0.9293876,0.070612386,0
0.99523443,0.0047655944,0
0.9987465,0.0012534747,0
0.35571277,0.6442872,0
0.23762226,0.76237774,1
0.2598378,0.7401622,1
0.7328944,0.26710558,0
0.062220752,0.93777925,1
0.029901922,0.9700981,1
0.22353894,0.77646106,1
0.97801197,0.021988025,0
0.76542306,0.23457696,0
0.23625618,0.7637438,1
0.313874,0.686126,1
0.22967345,0.77032655,1
0.19990724,0.80009276,1
0.034883976,0.965116,1
0.014379978,0.98562,1
0.13590848,0.8640915,1
0.18461996,0.81538004,1
0.9080043,0.09199573,0
0.8023987,0.19760135,0
0.666334,0.33366603,0
0.10511893,0.89488107,1
0.29663658,0.7033634,0
0.33423376,0.66576624,0
0.64968014,0.35031986,0
0.62849,0.37151006,0
0.8774893,0.12251065,0
0.9284584,0.071541615,0
0.8948687,0.10513135,0
0.87507045,0.124929555,0
0.7011243,0.2988757,0
0.6818422,0.31815782,0
0.8366235,0.16337651,0
0.8481345,0.15186548,0
0.89104664,0.10895337,0
0.8560231,0.14397691,0
0.9378822,0.062117826,0
0.9449118,0.055088203,0
0.44549167,0.5545083,1
0.49594718,0.5040528,1
0.8962462,0.103753775,0
0.93422693,0.06577307,0
0.8530852,0.14691477,1
0.35860223,0.6413978,1
0.702459,0.297541,1
0.18950242,0.8104976,1
0.065271914,0.9347281,1
0.85593647,0.14406352,0
0.9570727,0.04292732,0
0.92566276,0.07433727,0
0.8691844,0.13081561,0
0.8879199,0.11208011,1
0.8964275,0.10357251,0
0.113208175,0.8867918,1
0.8044508,0.19554918,0
0.9015832,0.0984168,0
0.72974795,0.27025205,0
0.30858988,0.6914101,0
0.20320135,0.79679865,1
0.453673,0.546327,0
0.7814287,0.21857128,0
0.4977702,0.5022298,0
0.6642075,0.33579248,0
0.6972082,0.30279177,0
0.5782861,0.4217139,0
0.8078713,0.1921287,0
0.92691183,0.07308819,0
0.9999852,1.4799674e-05,0
0.5435242,0.4564758,0
0.28122562,0.7187744,1
0.33444345,0.66555655,1
0.2864806,0.7135194,1
0.14263391,0.8573661,0
0.09458834,0.90541166,1
0.35903227,0.6409677,1
0.53981495,0.46018502,1
0.7513399,0.2486601,1
0.8381576,0.16184239,0
0.08354777,0.9164522,1
0.44488847,0.5551115,1
0.40899414,0.59100586,1
0.32792836,0.67207164,1
0.29478776,0.70521224,1
0.038143635,0.96185637,1
0.1396873,0.8603127,1
0.33321893,0.66678107,0
0.28623748,0.7137625,1
0.061736166,0.93826383,1
0.6460929,0.35390714,0
0.78022087,0.21977913,0
0.033153236,0.96684676,1
0.4069993,0.5930007,1
0.02740258,0.9725974,1
0.23655611,0.7634439,1
0.14709902,0.852901,1
0.8471326,0.15286738,0
0.79045165,0.20954838,1
0.62636244,0.3736376,0
0.9724281,0.027571905,0
0.63959193,0.3604081,0
0.5886955,0.4113045,0
0.5889884,0.41101158,0
0.68689024,0.31310976,0
0.6466732,0.3533268,0
0.7629496,0.23705038,0
0.80918646,0.19081351,0
0.4188884,0.5811116,1
0.97487146,0.02512854,0
0.62982106,0.37017897,1
0.5920267,0.4079733,1
0.6233986,0.3766014,0
0.70215404,0.29784593,0
0.71098554,0.28901446,1
0.6620802,0.33791977,1
0.97287154,0.02712847,0
0.8607277,0.13927226,0
0.8183564,0.1816436,0
0.8244739,0.1755261,0
0.78105336,0.21894665,0
0.09218168,0.9078183,1
0.108091116,0.8919089,1
0.95937234,0.04062767,0
0.9932391,0.0067608883,0
0.91306925,0.086930774,0
0.87703216,0.12296781,0
0.6403072,0.35969278,0
0.8516355,0.1483645,0
0.8982405,0.1017595,0
0.77382946,0.22617055,0
0.70048416,0.29951584,0
0.99548733,0.0045126965,0
0.50838304,0.49161696,0
0.5161216,0.48387834,0
0.60505366,0.39494637,0
0.8418543,0.15814571,0
0.8418543,0.15814571,0
0.19733822,0.8026618,1
0.2699268,0.7300732,1
0.35616285,0.64383715,1
0.49483037,0.50516963,0
0.98769945,0.012300555,0
0.9999341,6.593962e-05,0
0.99994373,5.6270488e-05,0
0.9999181,8.1926584e-05,0
0.2607212,0.7392788,1
0.11584246,0.88415754,1
0.40403587,0.59596413,1
0.50867283,0.4913272,1
0.5074091,0.49259093,1
0.3366683,0.6633317,1
0.7794438,0.2205562,0
0.99990726,9.276495e-05,0
0.88177305,0.11822695,0
0.85877544,0.14122455,0
0.32223308,0.6777669,1
0.17537433,0.8246257,0
0.80730206,0.19269794,0
0.82253444,0.17746554,0
0.38833034,0.61166966,1
0.40907395,0.59092605,1
0.31582052,0.6841795,1
0.32005936,0.67994064,1
0.16775829,0.8322417,1
0.99975413,0.0002458711,0
0.15076411,0.8492359,1
0.17274028,0.8272597,1
0.18944132,0.8105587,1
0.31839716,0.68160284,1
0.7737505,0.22624952,1
0.47980177,0.5201982,1
0.06919813,0.93080187,1
0.9999574,4.2646614e-05,0
0.9750666,0.024933418,0
0.48438185,0.51561815,0
0.50640714,0.4935929,0
0.8768741,0.12312589,0
0.47515452,0.5248455,0
0.54479307,0.45520693,0
0.88384724,0.11615275,0
0.85142106,0.14857894,0
0.107590795,0.8924092,1
0.20787132,0.7921287,0
0.23527241,0.7647276,0
0.26406676,0.73593324,0
0.9999102,8.985216e-05,0
0.29579556,0.70420444,1
0.9831146,0.016885418,0
0.43015313,0.56984687,1
0.38813055,0.61186945,1
0.32246286,0.67753714,1
0.37675226,0.62324774,1
0.18004632,0.8199537,1
0.99992347,7.651193e-05,0
0.9998441,0.00015593685,0
0.06774229,0.9322577,1
0.08164519,0.9183548,1
0.16322309,0.8367769,1
0.029347718,0.9706523,1
0.053744495,0.9462555,1
0.41079313,0.5892069,1
0.13137949,0.8686205,1
0.9770035,0.02299647,0
0.99978113,0.0002188912,0
0.019161582,0.9808384,1
0.016050756,0.98394924,1
0.024891496,0.9751085,1
0.017908514,0.9820915,1
0.013808012,0.986192,1
0.0064797997,0.9935202,1
0.058241725,0.9417583,1
0.10534233,0.8946577,1
0.9968959,0.003104116,0
0.053672433,0.94632757,1
0.047769845,0.95223016,1
0.038012147,0.96198785,1
0.2855478,0.7144522,1
0.009032667,0.99096733,1
0.8851228,0.11487724,0
0.99992555,7.444945e-05,0
0.9776822,0.022317851,0
0.84213215,0.15786786,0
0.47310722,0.5268928,0
0.5036116,0.49638838,0
0.9710529,0.028947089,0
0.99563134,0.0043686433,0
0.61367446,0.38632554,1
0.97538537,0.02461461,0
0.92583865,0.074161336,0
0.6836008,0.31639925,0
0.8183929,0.18160716,0
0.97604376,0.023956252,0
0.9847678,0.015232191,0
0.91414917,0.085850835,0
0.94810116,0.05189881,0
0.8947097,0.10529031,0
0.8949861,0.105013885,0
0.8949861,0.105013885,0
0.39979506,0.60020494,1
0.9920138,0.007986196,0
0.15540045,0.84459955,1
0.9763693,0.023630679,0
0.82442236,0.17557766,0
0.638556,0.361444,0
0.9743159,0.025684103,0
0.9726483,0.027351692,0
0.92396724,0.07603274,0
0.97743654,0.022563437,0
0.9988397,0.0011603374,0
0.3985271,0.6014729,1
0.084055424,0.9159446,1
0.104962885,0.8950371,1
0.6525556,0.3474444,1
0.9879166,0.0120834345,0
0.9948392,0.0051607885,0
0.92854786,0.07145214,0
0.2379452,0.7620548,1
0.76339805,0.23660193,0
0.9142261,0.08577391,0
0.1286177,0.8713823,1
0.31565934,0.68434066,1
0.32988244,0.67011756,1
0.9217483,0.0782517,0
0.8259975,0.17400256,0
0.6437844,0.35621557,1
0.11392188,0.8860781,1
0.1482526,0.8517474,1
0.3804242,0.6195758,1
0.33921832,0.6607817,1
0.037746906,0.9622531,1
0.26355726,0.73644274,1
0.49137473,0.50862527,0
0.6878265,0.31217346,1
0.91980255,0.08019744,0
0.231466,0.768534,1
0.91400045,0.08599953,0
0.9713591,0.02864094,0
0.9713591,0.02864094,0
0.97661155,0.02338843,0
0.8332372,0.16676281,0
0.38030028,0.6196997,1
0.16506791,0.8349321,1
0.90606695,0.093933046,0
0.8616355,0.1383645,0
0.8579154,0.1420846,0
0.49009508,0.5099049,1
0.8430773,0.15692268,0
0.9480116,0.0519884,0
0.96819085,0.031809136,0
0.9746495,0.02535052,0
0.9487596,0.051240362,0
0.7717756,0.22822441,0
0.6811023,0.3188977,0
0.95489115,0.04510885,0
0.9213788,0.078621216,1
0.93892324,0.061076783,1
0.87248915,0.12751083,0
0.8529151,0.1470849,0
0.41529357,0.5847064,1
0.9392666,0.06073337,0
0.9741228,0.025877172,0
0.9873131,0.012686887,0
0.995634,0.004365998,0
0.73039436,0.26960564,0
0.68142164,0.3185784,1
0.40911418,0.5908858,1
0.19654542,0.8034546,1
0.16821545,0.83178455,1
0.31128007,0.6887199,1
0.90651274,0.09348725,0
0.35558152,0.6444185,1
0.5896828,0.41031718,1
0.97448796,0.025512028,0
0.15687901,0.843121,1
0.61579716,0.38420284,0
0.28920865,0.71079135,1
0.19794363,0.8020564,1
0.5425842,0.45741585,0
0.8483762,0.15162379,0
0.24507856,0.75492144,1
0.25485086,0.74514914,1
0.28695107,0.71304893,1
0.3166238,0.6833762,1
0.50320137,0.49679863,1
0.9063724,0.09362755,0
0.9732396,0.02676038,0
0.99493766,0.005062337,0
0.8041665,0.1958335,0
0.6813156,0.3186844,0
0.6200113,0.37998864,0
0.6482101,0.3517899,0
0.62338537,0.37661463,0
0.47796983,0.5220302,0
0.2378844,0.7621156,1
0.03521955,0.96478045,1
0.07210928,0.9278907,1
0.19752699,0.802473,1
0.6212915,0.37870848,0
0.75936073,0.24063927,0
0.70916814,0.29083186,0
0.997634,0.002366016,0
0.9988296,0.0011704068,0
0.91552955,0.08447046,0
0.86999756,0.13000244,0
0.9031383,0.09686169,0
0.9560069,0.04399314,0
0.9797251,0.02027486,0
0.38169473,0.61830527,1
0.7318287,0.26817128,1
0.9971805,0.0028194846,0
0.9989891,0.0010108718,0
0.9921294,0.007870639,0
0.98305553,0.016944474,0
0.826947,0.17305303,1
0.77388734,0.22611266,1
0.9403347,0.059665293,0
0.5246614,0.47533858,1
0.45563173,0.54436827,1
0.4272315,0.5727685,1
0.6487246,0.35127538,0
0.5030845,0.49691552,1
0.15607703,0.843923,1
0.9346504,0.065349594,0
0.9891931,0.010806942,0
0.8435401,0.15645996,0
0.057487726,0.9425123,1
0.035362184,0.9646378,1
0.9509257,0.049074285,0
0.9671329,0.03286708,0
0.99292564,0.0070743486,0
0.9680994,0.031900585,0
0.99651337,0.00348665,0
0.99247944,0.0075205476,0
0.9706248,0.029375201,0
0.98971003,0.010289957,0
0.9647429,0.03525709,0
0.9920329,0.007967138,0
0.9986813,0.0013186855,0
0.99313396,0.006866047,0
0.9927341,0.0072659277,0
0.9865639,0.013436077,0
0.519308,0.480692,1
0.9981149,0.0018851425,0
0.99892485,0.0010751407,0
0.98947966,0.010520361,0
0.891169,0.10883097,1
0.83876127,0.16123874,1
0.9914597,0.00854026,0
0.0016046166,0.9983954,1
0.007846892,0.9921531,1
0.0014831424,0.99851686,1
0.988039,0.011960992,0
0.075329065,0.92467093,1
0.99076426,0.009235748,0
0.99769497,0.0023050595,0
0.9993832,0.0006167638,0
0.2590971,0.7409029,1
0.18726909,0.8127309,1
0.55191696,0.44808307,0
0.4275884,0.5724116,0
0.9247306,0.075269416,0
0.8729836,0.12701643,0
0.6933173,0.30668274,0
0.80661756,0.19338243,0
0.9249795,0.07502047,0
0.008684754,0.99131525,1
0.0060904026,0.9939096,1
0.020086765,0.97991323,1
0.94036275,0.059637263,0
0.9819519,0.0180481,0
0.26755416,0.73244584,1
0.1124329,0.8875671,1
0.75852907,0.24147095,0
0.75852907,0.24147095,0
0.7417281,0.25827187,0
0.8845672,0.11543279,0
0.9212508,0.07874919,0
0.9306126,0.069387384,0
0.9704982,0.029501785,0
0.9757297,0.024270268,0
0.913589,0.08641099,0
0.634679,0.36532098,0
0.96711516,0.032884844,0
0.78974676,0.21025322,0
0.7879366,0.21206337,0
0.011797726,0.9882023,1
0.0037283897,0.9962716,1
0.8530833,0.1469167,0
0.97487485,0.025125159,0
0.66186863,0.33813137,0
0.87319577,0.12680422,0
0.0037212968,0.9962787,1
0.98706776,0.012932216,0
0.76035404,0.23964597,0
0.9916293,0.0083706835,0
0.997085,0.0029150278,0
0.99391717,0.0060828417,0
0.58733386,0.41266614,1
0.9688365,0.031163534,0
0.6621541,0.33784595,0
0.9015447,0.09845531,0
0.9341019,0.06589814,1
0.9226743,0.07732572,1
0.8350191,0.16498089,0
0.73604953,0.26395044,0
0.85487837,0.14512162,0
0.4828961,0.5171039,1
0.8100532,0.18994674,0
0.89867,0.10132999,0
0.99569154,0.0043084384,0
0.9816386,0.01836138,0
0.81055915,0.18944088,0
0.9663023,0.033697717,0
0.9050112,0.09498882,1
0.72622156,0.2737784,1
0.8231336,0.17686644,1
0.8909904,0.10900964,0
0.9951928,0.00480719,0
0.5103745,0.4896255,0
0.3811357,0.6188643,1
0.9811589,0.018841062,0
0.9999791,2.0934327e-05,0
0.99987465,0.00012532854,0
0.68282866,0.3171713,1
0.7632284,0.23677158,1
0.009037197,0.9909628,1
0.012265921,0.9877341,1
0.2710002,0.7289998,1
0.022333622,0.9776664,1
0.6740428,0.3259572,0
0.24936414,0.75063586,1
0.28000224,0.71999776,0
0.99996555,3.4434775e-05,0
0.99999213,7.861361e-06,0
0.42249894,0.57750106,0
0.15439278,0.8456072,1
0.050345242,0.94965476,1
0.027508557,0.97249144,1
0.040371716,0.9596283,1
0.07101011,0.9289899,1
0.61392367,0.38607633,0
0.86559224,0.13440776,0
0.023302674,0.9766973,0
0.0029779077,0.9970221,1
0.15700293,0.8429971,0
0.123753905,0.8762461,0
0.99996865,3.1357624e-05,0
0.9966312,0.0033687812,0
0.9923156,0.0076844217,0
0.97202677,0.027973246,0
0.73527193,0.26472807,0
0.94766456,0.052335445,0
0.98819506,0.011804946,0
0.097148895,0.9028511,1
0.944574,0.055426013,0
0.3887338,0.6112662,1
0.5121876,0.48781237,1
0.9909016,0.009098411,0
0.9438621,0.056137916,0
0.9620329,0.037967093,0
0.97653663,0.02346334,0
0.9740594,0.025940599,0
0.6196277,0.38037232,1
0.9830878,0.016912226,0
0.8499074,0.15009257,0
0.9697158,0.030284204,0
0.9196714,0.08032856,0
0.97689474,0.023105238,0
0.9762243,0.023775686,0
0.96647084,0.03352916,0
0.9816144,0.018385572,0
0.98253036,0.01746967,0
0.94746846,0.052531537,0
0.8173578,0.18264224,1
0.021180868,0.97881913,1
0.009741902,0.9902581,1
0.7749362,0.22506383,1
0.035085022,0.964915,1
0.001899898,0.9981001,1
0.3054229,0.6945771,1
0.23840618,0.7615938,1
0.94915664,0.050843347,0
0.9825675,0.017432509,0
0.9792272,0.020772813,0
0.7313359,0.26866415,0
0.76692235,0.23307768,0
0.0037326217,0.9962674,1
0.882098,0.117901996,0
0.6272507,0.3727493,0
0.7051809,0.29481915,0
0.996211,0.0037889944,0
0.9426945,0.05730551,0
0.84293723,0.15706277,0
0.9971536,0.0028463993,0
0.0142941475,0.98570585,1
0.011910498,0.9880895,1
0.9940814,0.0059186337,0
0.9925978,0.007402166,0
0.99283355,0.0071664215,0
0.5966172,0.40338278,0
0.41730857,0.58269143,0
0.7094194,0.29058057,0
0.037972987,0.962027,1
0.010597706,0.9894023,1
0.9999764,2.3591912e-05,0
0.9999988,1.1848964e-06,0
0.9999842,1.5775475e-05,0
0.9999769,2.3142124e-05,0
0.999716,0.00028401197,0
0.99921334,0.0007866814,0
0.025783539,0.97421646,1
0.6629335,0.33706647,0
0.9987994,0.0012006126,0
0.17060673,0.82939327,0
0.98707426,0.01292574,0
0.99905014,0.0009498861,0
0.98587763,0.014122374,0
0.9900402,0.009959825,0
0.9990361,0.00096394727,0
0.5252309,0.47476912,1
0.9999481,5.193255e-05,0
0.70993745,0.29006255,1
0.0029622316,0.99703777,1
0.9977312,0.0022688112,0
0.9988864,0.0011135871,0
0.1409775,0.8590225,1
0.99878734,0.0012126674,0
0.99979806,0.00020192507,0
0.9999493,5.0706334e-05,0
0.26409334,0.73590666,1
0.49510378,0.5048962,1
0.98234415,0.01765584,0
0.00062662363,0.9993734,1
0.9966786,0.0033213985,0
0.99767333,0.0023266897,0
0.9964812,0.0035188375,0
0.9955754,0.0044245725,0
0.9972524,0.002747613,0
0.0010754466,0.99892455,1
0.98690534,0.013094654,0
0.9976512,0.0023487536,0
0.9994802,0.0005198023,0
0.079541564,0.92045844,0
0.9967436,0.0032563582,0
0.6132121,0.3867879,0
0.9981368,0.0018631783,0
0.99840504,0.0015949408,0
0.07028204,0.92971796,1
0.9859004,0.014099628,0
0.9942187,0.005781299,0
0.9365828,0.063417174,0
0.998703,0.0012969787,0
0.99995893,4.1073698e-05,0
0.9998635,0.00013648512,0
0.55849814,0.4415019,0
0.14958626,0.85041374,1
0.17529052,0.8247095,1
0.70759255,0.29240745,0
0.96502507,0.034974907,0
0.98028815,0.019711824,0
0.9945885,0.0054115355,0
0.21471524,0.78528476,1
0.9999889,1.1109894e-05,0
0.9897795,0.010220533,0
0.65894383,0.34105617,0
0.49497348,0.5050265,1
0.076004565,0.92399544,1
0.13119829,0.8688017,1
0.8734213,0.12657866,0
0.97417015,0.025829861,0
0.15530473,0.84469527,1
0.10193592,0.8980641,0
0.121420205,0.8785798,0
0.52849066,0.47150937,0
0.9971416,0.0028583708,0
0.978155,0.021844985,0
0.97323394,0.026766045,0
0.99863046,0.0013695563,0
0.9938923,0.006107679,0
0.9965552,0.0034447876,0
0.8280304,0.1719696,1
0.9991726,0.00082738075,0
0.9991804,0.0008196427,0
0.9903608,0.0096391775,0
0.81126034,0.18873963,1
0.45890486,0.54109514,1
0.46551967,0.53448033,1
0.4695928,0.5304072,1
0.19890696,0.80109304,1
0.17847914,0.82152086,1
0.23849696,0.76150304,1
0.9907824,0.009217618,0
0.9973438,0.0026562258,0
0.9891421,0.0108579025,0
0.5895729,0.41042706,0
0.82536465,0.17463534,0
0.99935305,0.0006469776,0
0.20310831,0.7968917,1
0.46630532,0.5336947,0
0.11210567,0.88789433,1
0.7072106,0.2927894,0
0.094794154,0.90520585,1
0.9105979,0.0894021,0
0.4180994,0.5819006,0
0.06497401,0.935026,1
0.11024332,0.8897567,1
0.44980985,0.55019015,0
0.27372313,0.7262769,1
0.7979849,0.20201512,0
0.6217101,0.37828988,0
0.941844,0.05815602,0
0.30333358,0.6966664,1
0.5004456,0.49955443,1
0.9993476,0.00065234693,0
0.77528113,0.22471887,0
0.9841479,0.015852084,0
0.53787076,0.4621292,1
0.9929535,0.0070465286,0
0.33221775,0.66778225,1
0.09089887,0.9091011,1
0.3584804,0.6415196,1
0.26065314,0.73934686,1
0.055567384,0.9444326,1
0.047551394,0.9524486,1
0.8007082,0.19929183,0
0.9776617,0.022338295,0
0.6132224,0.38677758,0
0.9077694,0.0922306,0
0.963187,0.03681301,0
0.9977701,0.0022299243,0
0.9999499,5.01235e-05,0
0.9999885,1.1526915e-05,0
0.99995905,4.092165e-05,0
0.97414935,0.025850657,0
0.24033684,0.75966316,1
0.42301357,0.57698643,1
0.34372747,0.65627253,1
0.6215002,0.3784998,1
0.34434074,0.65565926,1
0.16052341,0.8394766,1
0.108718395,0.8912816,1
0.06669569,0.9333043,1
0.002861023,0.997139,1
0.057782233,0.94221777,1
0.35175103,0.648249,0
0.1759165,0.8240835,1
0.999995,5.001653e-06,0
0.9999951,4.889193e-06,0
0.9970387,0.0029612798,0
0.9976524,0.002347564,0
0.050580204,0.9494198,1
0.047142446,0.95285755,1
0.64607364,0.35392636,0
0.9894847,0.01051526,0
0.99891275,0.001087228,0
0.9980943,0.0019056612,0
0.47197992,0.5280201,0
0.88756,0.11244001,0
0.9724228,0.02757723,0
0.99307024,0.006929746,0
0.7728895,0.2271105,1
0.9994241,0.00057588704,0
0.9726622,0.027337803,0
0.08613747,0.9138625,1
0.5126668,0.48733315,1
0.051018,0.948982,1
0.8916538,0.10834622,0
0.99481475,0.005185259,0
0.99320763,0.006792379,0
0.82330316,0.17669684,0
0.8370317,0.16296831,0
0.06513083,0.93486917,1
0.5245891,0.47541088,0
0.45199597,0.54800403,0
0.08652669,0.9134733,1
0.8843132,0.115686774,0
0.8153169,0.18468311,0
0.87656343,0.1234366,0
0.80263513,0.19736488,0
0.3441003,0.6558997,0
0.6616902,0.33830982,1
0.9853578,0.014642189,0
0.637904,0.362096,1
0.9115562,0.08844382,0
0.9989675,0.0010324809,0
0.16497034,0.83502966,1
0.9940706,0.0059293965,0
0.07665658,0.9233434,1
0.24153209,0.7584679,1
0.015028298,0.9849717,1
0.021696627,0.9783034,1
0.0072467923,0.9927532,1
0.03139627,0.96860373,1
0.49852479,0.5014752,0
0.30683935,0.69316065,0
0.9997335,0.00026650506,0
0.9999968,3.2285182e-06,0
0.9999942,5.7601633e-06,0
0.9999942,5.7601633e-06,0
0.9999905,9.479595e-06,0
0.99998033,1.964634e-05,0
0.33513218,0.6648678,0
0.393512,0.606488,0
0.98777765,0.012222366,0
0.999924,7.598906e-05,0
0.014396191,0.9856038,1
0.98161894,0.018381082,0
0.520193,0.47980702,0
0.9961494,0.0038506016,0
0.99426293,0.005737061,0
0.01794523,0.98205477,1
0.9790001,0.020999923,0
0.9948737,0.0051262747,0
0.99967396,0.000326047,0
0.9984981,0.0015019152,0
0.01213938,0.9878606,1
0.98889476,0.011105233,0
0.9025742,0.09742579,0
0.99720633,0.0027936858,0
0.99919343,0.0008065765,0
0.3600036,0.6399964,1
0.9973627,0.0026373072,0
0.9815844,0.01841558,0
0.97598565,0.024014344,0
0.9555558,0.04444419,0
0.15115678,0.8488432,1
0.872999,0.127001,0
0.16148818,0.8385118,1
0.14993846,0.85006154,1
0.089226544,0.91077346,1
0.5323473,0.46765268,1
0.030703723,0.9692963,1
0.83379483,0.16620515,0
0.2287826,0.7712174,1
0.42385924,0.57614076,1
0.0007812977,0.9992187,1
0.04777533,0.9522247,1
0.19301486,0.80698514,0
0.22950393,0.7704961,0
0.7267046,0.2732954,0
0.90423894,0.09576109,0
0.008032501,0.9919675,1
0.6694459,0.33055416,0
0.021046698,0.9789533,1
0.15522665,0.84477335,1
0.24416786,0.75583214,1
0.009042621,0.9909574,1
0.009581625,0.9904184,1
0.13242966,0.86757034,1
0.18314487,0.81685513,1
0.94602156,0.053978458,0
0.94330454,0.05669548,0
0.024306118,0.9756939,1
0.4207486,0.5792514,0
0.8177403,0.18225968,0
0.9745568,0.025443194,0
0.96681786,0.03318217,0
0.43002844,0.56997156,0
0.07630849,0.9236915,1
0.98933244,0.010667572,0
0.9939755,0.006024507,0
0.0051751137,0.9948249,1
0.007953405,0.9920466,1
0.019149184,0.9808508,1
0.0848673,0.9151327,1
0.16286671,0.8371333,1
0.36332065,0.63667935,1
0.9982281,0.001771952,0
0.99876505,0.0012349461,0
0.9999303,6.965781e-05,0
0.99964035,0.00035968315,0
0.959442,0.040557962,0
0.9758779,0.024122126,0
0.9573661,0.042633876,0
0.9977115,0.0022885,0
0.9972742,0.0027257914,0
0.8721154,0.12788461,0
0.9956156,0.0043843864,0
0.993694,0.006305975,0
0.9994426,0.0005574493,0
0.9997356,0.00026441753,0
0.99919146,0.00080856,0
0.99876434,0.001235662,0
0.2639869,0.7360131,1
0.28750646,0.71249354,1
0.45557785,0.54442215,1
0.9547031,0.04529688,0
0.9982265,0.0017734735,0
0.7752689,0.22473106,1
0.64051116,0.35948882,1
0.9566906,0.043309405,0
0.9824581,0.017541874,0
0.9530809,0.046919096,1
0.0038522482,0.99614775,1
0.0014083982,0.9985916,1
0.0004053712,0.9995946,1
0.08200729,0.9179927,0
0.1499489,0.8500511,0
0.99593234,0.0040676584,0
0.92997855,0.07002147,0
0.97025853,0.029741457,0
0.9902241,0.009775855,0
0.9785088,0.021491218,0
0.027669072,0.9723309,1
0.33363044,0.66636956,1
0.47843724,0.52156276,1
0.99499655,0.0050034644,0
0.9583092,0.041690834,0
0.9593166,0.040683378,0
0.96490794,0.03509205,0
0.943654,0.056345977,0
0.9582788,0.041721214,0
0.9037173,0.096282735,0
0.9873438,0.012656211,0
0.9968784,0.0031216047,0
0.6592194,0.34078062,1
0.76291674,0.23708326,1
0.98194724,0.018052783,0
0.99096143,0.009038567,0
0.9902772,0.009722832,0
0.9914269,0.008573128,0
0.0057103634,0.99428964,1
0.0076987743,0.9923012,1
0.0076987743,0.9923012,1
0.019098938,0.98090106,1
0.011297345,0.98870265,1
0.024813354,0.97518665,1
0.86685824,0.13314174,0
0.85729253,0.14270748,0
0.981283,0.018716963,0
0.99997395,2.6038975e-05,0
0.9996939,0.00030610795,0
0.85025066,0.14974935,0
0.89120424,0.10879573,0
0.00020521879,0.9997948,1
0.0005429387,0.99945706,1
0.26681346,0.73318654,1
0.99528265,0.004717364,0
0.99672514,0.0032748387,0
0.9961405,0.003859519,0
0.99778515,0.0022148527,0
0.14936972,0.8506303,1
0.19624907,0.80375093,1
0.24634814,0.75365186,1
0.48056644,0.51943356,1
0.9939528,0.0060471785,0
0.9955519,0.0044480986,0
0.9280853,0.07191464,0
0.029685795,0.9703142,1
0.00033307076,0.9996669,1
0.00057023764,0.99942976,1
0.9325876,0.067412354,1
0.6122144,0.3877856,1
0.20256984,0.79743016,1
0.14255291,0.8574471,1
0.8981333,0.101866744,0
0.8000429,0.19995709,0
0.012154162,0.98784584,1
0.008811593,0.9911884,1
0.7062779,0.2937221,0
0.81129557,0.18870443,0
0.078133285,0.9218667,1
0.0015191436,0.99848086,1
0.58370155,0.41629845,0
0.9761581,0.023841897,0
0.85731614,0.14268386,0
0.8516278,0.14837214,0
0.9514234,0.04857662,0
0.93206066,0.06793936,0
0.94782454,0.052175473,0
0.8524914,0.14750862,0
0.7248492,0.27515075,0
0.9434917,0.056508273,0
0.17214149,0.8278585,1
0.0040667653,0.99593323,1
0.0013622642,0.99863774,1
0.00490582,0.9950942,1
0.86027503,0.13972498,1
0.10494274,0.89505726,1
0.614899,0.38510102,0
0.93956083,0.06043916,0
0.79142165,0.20857836,0
0.80365586,0.19634414,0
0.005446434,0.99455357,1
0.020408869,0.97959113,1
0.9352637,0.064736314,0
0.93724376,0.06275622,0
0.94496,0.055040013,0
0.15513349,0.8448665,1
0.12807494,0.87192506,1
0.11351603,0.88648397,1
0.033837855,0.96616215,1
0.7255405,0.2744595,0
0.18503433,0.81496567,1
0.18579513,0.8142049,1
0.85994077,0.14005926,0
0.8878616,0.11213841,0
0.999991,8.979428e-06,0
0.8857804,0.11421961,0
0.7741269,0.22587308,0
0.051944435,0.94805557,1
0.27657104,0.72342896,1
0.7553754,0.2446246,0
0.89186394,0.10813608,0
0.7630307,0.23696928,0
0.99636483,0.0036351543,0
0.43300217,0.5669978,1
0.80828446,0.19171554,0
0.9992252,0.0007748027,0
0.8991116,0.10088838,0
0.9892052,0.010794807,0
0.9855757,0.014424338,0
0.06463432,0.9353657,1
0.022951186,0.9770488,1
0.29884624,0.70115376,1
0.4770803,0.5229197,1
0.011608183,0.9883918,1
0.6490482,0.35095182,0
0.9406878,0.059312247,0
0.94052637,0.059473656,0
0.94771224,0.052287783,0
0.09846735,0.90153265,1
0.11172575,0.88827425,1
0.9194461,0.0805539,0
0.9581605,0.041839484,0
0.9297914,0.07020862,0
0.7624154,0.2375846,0
0.72468,0.27532,0
0.92935485,0.070645176,0
0.035473645,0.96452636,1
0.15981281,0.8401872,1
0.007327676,0.9926723,1
0.0094281435,0.99057186,1
0.96916324,0.030836733,0
0.70366323,0.29633677,0
0.0027671456,0.99723285,1
0.017133057,0.98286694,1
0.004697442,0.99530256,1
0.003852129,0.9961479,1
0.6771194,0.32288066,0
0.94654286,0.05345717,0
0.9813574,0.0186426,0
0.98706913,0.012930876,0
0.9595428,0.040457208,0
0.97841734,0.021582674,0
0.14450878,0.8554912,0
0.12201387,0.87798613,1
0.9148785,0.08512153,0
0.9468306,0.053169418,0
0.9428766,0.057123408,0
0.38395882,0.6160412,1
0.20681208,0.7931879,1
0.95588696,0.044113014,0
0.814585,0.18541503,0
0.998654,0.0013460034,0
0.7141075,0.28589246,1
0.26729488,0.7327051,1
0.4605775,0.5394225,1
0.9727076,0.027292367,0
0.00802511,0.9919749,1
0.2819218,0.7180782,1
0.46883416,0.53116584,1
0.98528534,0.014714649,0
0.9293402,0.070659794,0
0.00014472008,0.9998553,1
0.0008726716,0.9991273,1
0.06750041,0.9324996,1
0.14848036,0.85151964,1
0.16883963,0.83116037,1
0.88869333,0.11130664,0
0.16195112,0.8380489,1
0.9413627,0.058637306,0
0.98747814,0.012521846,0
0.9379038,0.062096152,0
0.02958566,0.97041434,1
0.4934247,0.5065753,0
0.789973,0.21002696,0
0.72279197,0.27720803,0
0.5521507,0.44784924,0
0.00039833784,0.99960166,1
0.00038552284,0.9996145,1
0.3703959,0.6296041,1
0.12329233,0.8767077,1
0.5591259,0.44087413,0
0.98695457,0.013045417,0
0.90598315,0.094016835,0
0.9821786,0.01782135,0
0.5640963,0.43590373,0
0.96445096,0.035549067,0
0.08965838,0.9103416,1
0.5419662,0.45803377,0
0.47197706,0.52802294,0
0.4069304,0.5930696,0
0.92772824,0.07227176,0
0.99364877,0.006351254,0
0.38771832,0.6122817,0
0.25638855,0.74361145,1
0.87197196,0.128028,0
0.9297073,0.070292704,0
0.32122952,0.6787705,1
0.7474941,0.25250587,0
0.98591137,0.014088642,0
0.981918,0.018082023,0
0.9819691,0.01803088,0
0.9877846,0.012215356,0
0.0076346993,0.9923653,1
0.08998722,0.9100128,1
0.33382678,0.6661732,1
0.97578824,0.02421176,0
0.083695054,0.91630495,1
0.9790634,0.020936606,0
0.9766927,0.023307338,0
0.20800781,0.7919922,1
0.9963492,0.0036507638,0
0.34727722,0.6527228,1
0.01307404,0.98692596,1
0.013728976,0.986271,1
0.02170837,0.97829163,1
0.018998086,0.9810019,1
0.07002705,0.92997295,1
0.89966637,0.100333646,0
0.93988746,0.060112547,0
0.82035524,0.17964476,0
0.97248757,0.027512453,0
0.9987077,0.0012922598,0
0.9999965,3.511829e-06,0
0.9999965,3.511829e-06,0
0.522272,0.47772798,1
0.15257138,0.8474286,1
0.2389065,0.7610935,1
0.96054417,0.039455835,0
0.01508981,0.9849102,1
0.46428078,0.5357192,1
0.9124234,0.0875766,1
0.9562777,0.043722294,0
0.9945104,0.005489592,0
0.9836796,0.016320426,0
0.97728086,0.022719165,0
0.9234401,0.0765599,0
0.0010464191,0.9989536,1
0.00083112717,0.9991689,1
0.07240212,0.9275979,1
0.9838876,0.016112404,0
0.17296761,0.8270324,1
0.44687277,0.5531272,0
0.46121866,0.53878134,0
0.4875089,0.5124911,1
0.7290875,0.2709125,0
0.57252926,0.42747074,0
0.81030536,0.18969463,0
0.03442675,0.96557325,1
0.45715767,0.5428423,1
0.52427745,0.47572255,1
0.9831642,0.016835827,0
0.8742285,0.12577154,0
0.96021503,0.039784994,0
0.98417497,0.01582503,0
0.37053168,0.6294683,1
0.9860646,0.013935363,0
0.37839544,0.62160456,1
0.36220163,0.63779837,1
0.65319264,0.3468074,0
0.6942893,0.30571064,0
0.94943964,0.050560378,0
0.95367664,0.04632338,0
0.8778179,0.12218209,0
0.44550192,0.5544981,1
0.8665242,0.13347578,0
0.9379347,0.062065277,0
0.06745738,0.9325426,1
0.5637127,0.4362873,1
0.092196345,0.90780365,1
0.103602946,0.89639705,1
0.43115026,0.56884974,1
0.9326791,0.067320876,0
0.08628851,0.9137115,1
0.84243155,0.15756842,0
0.0637216,0.9362784,1
0.9308957,0.06910434,0
0.5735822,0.42641786,0
0.142991,0.857009,1
0.9190916,0.080908395,0
0.98976386,0.010236116,0
0.95655745,0.043442547,0
0.25362206,0.74637794,1
0.86724603,0.13275395,0
0.9999781,2.1887954e-05,0
0.05570042,0.9442996,1
0.107743144,0.89225686,1
0.23198509,0.7680149,1
0.0535143,0.9464857,1
0.048598826,0.9514012,1
0.99997777,2.2211354e-05,0
0.90039533,0.099604666,0
0.03697592,0.9630241,1
0.030070364,0.96992964,1
0.0072984695,0.99270153,1
0.027646005,0.972354,1
0.35996687,0.6400331,0
0.9999864,1.359812e-05,0
0.9385502,0.061449833,0
0.070437014,0.929563,1
0.028443217,0.9715568,1
0.038136482,0.9618635,1
0.00046753883,0.99953246,1
0.92484343,0.07515655,0
0.5662916,0.43370843,0
0.916542,0.08345802,0
0.948803,0.051197015,0
0.9385723,0.061427716,0
0.9704471,0.029552879,0
0.9828065,0.017193493,0
0.00058305264,0.99941695,1
0.29556966,0.70443034,1
0.7444617,0.25553828,0
0.16696596,0.83303404,1
0.0011685491,0.99883145,1
0.0017263889,0.9982736,1
0.8959011,0.104098916,0
0.7390344,0.2609656,0
0.7736552,0.22634485,0
0.009529114,0.9904709,1
0.12590659,0.8740934,0
0.72450686,0.27549314,0
0.76003766,0.23996235,0
0.76003766,0.23996235,0
0.7605417,0.2394583,0
0.7082886,0.2917114,0
0.68058825,0.31941175,0
0.007336974,0.992663,1
0.010278881,0.9897211,1
0.26890814,0.73109186,1
0.83115965,0.16884033,0
0.008348167,0.99165183,1
0.89280343,0.10719658,0
0.69798493,0.30201507,0
0.6904455,0.30955452,0
0.6625134,0.33748662,0
0.7918561,0.20814388,0
0.7293612,0.27063882,0
0.70611495,0.29388505,0
0.48611885,0.51388115,1
0.88250595,0.11749406,0
0.930981,0.069019035,0
0.1136924,0.8863076,1
0.9586665,0.041333474,0
0.9577538,0.04224623,0
0.9777067,0.02229332,0
0.9980625,0.0019375023,0
0.99178815,0.008211852,0
0.13189983,0.86810017,1
0.042254627,0.9577454,1
0.062069535,0.93793046,1
0.018302143,0.98169786,1
0.9801908,0.019809166,0
0.84208924,0.15791076,0
0.1202237,0.8797763,1
0.058246195,0.9417538,1
0.08168501,0.918315,1
0.04836297,0.951637,1
0.064142525,0.9358575,1
0.26942903,0.730571,1
0.9582466,0.04175344,0
0.3640005,0.6359995,1
0.0042098165,0.9957902,1
0.050690114,0.9493099,1
0.076383054,0.92361695,1
0.0040467978,0.9959532,1
0.020453751,0.97954625,1
0.025874496,0.9741255,1
0.021218002,0.978782,1
0.94065267,0.059347343,0
0.9553199,0.044680096,0
0.9852583,0.014741719,0
0.5206666,0.47933337,0
0.59499705,0.40500298,0
0.40428662,0.5957134,0
0.11006832,0.8899317,1
0.24881011,0.7511899,1
0.53166974,0.46833026,0
0.18349224,0.81650776,1
0.10362595,0.89637405,1
0.98628294,0.013717048,0
0.98211706,0.017882926,0
0.64126766,0.3587323,1
0.42097384,0.57902616,1
0.9939919,0.006008096,0
0.99151766,0.008482328,0
0.16449535,0.83550465,1
0.11870593,0.8812941,1
0.13240033,0.86759967,1
0.4268273,0.5731727,0
0.21710247,0.78289753,1
0.07645249,0.9235475,1
0.35623187,0.64376813,1
0.09445965,0.90554035,1
0.9394916,0.06050835,0
0.28863144,0.71136856,1
0.14920753,0.85079247,1
0.20798141,0.7920186,1
0.7632774,0.23672257,0
0.9911737,0.0088263145,0
0.90325385,0.09674614,0
0.31364286,0.68635714,1
0.42030632,0.5796937,1
0.9647224,0.035277605,0
0.99867165,0.0013283613,0
0.9550961,0.04490388,0
0.22922403,0.770776,1
0.0014106631,0.99858934,1
0.0046970844,0.9953029,1
0.9783351,0.021664912,0
0.24908489,0.7509151,0
0.47535527,0.52464473,0
0.19507438,0.8049256,0
0.9347043,0.06529572,0
0.9548888,0.045111153,0
0.458974,0.541026,0
0.0021010637,0.99789894,1
0.0033034086,0.9966966,1
0.06412393,0.9358761,1
0.6936422,0.3063578,0
0.20240879,0.7975912,1
0.7994796,0.20052038,0
0.2420184,0.7579816,0
0.23818934,0.76181066,0
0.087279856,0.91272014,0
0.9169028,0.0830972,0
0.97570056,0.024299432,0
0.33726436,0.66273564,0
0.0061898828,0.9938101,1
0.010224819,0.9897752,1
0.01565659,0.9843434,1
0.01633346,0.98366654,1
0.013695419,0.9863046,1
0.014533877,0.9854661,1
0.039316356,0.96068364,1
0.9999971,2.9308328e-06,0
0.10361791,0.8963821,1
0.09276116,0.90723884,1
0.53504455,0.46495545,0
0.052271664,0.94772834,1
0.22754335,0.77245665,1
0.06318092,0.9368191,1
0.84758943,0.15241055,0
0.9205196,0.07948038,0
0.027206123,0.9727939,1
0.49221766,0.50778234,1
0.98572433,0.014275672,0
0.71260643,0.2873936,1
0.9786936,0.02130639,0
0.9807697,0.019230278,0
0.98201936,0.017980618,0
0.37705237,0.62294763,1
0.85211766,0.14788236,0
0.96375,0.03625002,0
0.9947174,0.005282564,0
0.93923086,0.060769133,0
0.27286285,0.72713715,1
0.06916416,0.93083584,1
0.093285024,0.906715,1
0.9187987,0.08120134,0
0.9830471,0.01695288,0
0.88219506,0.11780495,0
0.13473672,0.8652633,1
0.06372535,0.93627465,1
0.95286226,0.047137715,0
0.051875114,0.9481249,1
0.04464209,0.9553579,1
0.061328053,0.93867195,1
0.19588286,0.80411714,1
0.96683735,0.033162665,0
0.045455158,0.95454484,1
0.057073057,0.94292694,1
0.06598711,0.9340129,1
0.9409823,0.059017703,0
0.034218073,0.9657819,1
0.03207034,0.96792966,1
0.021670401,0.9783296,1
0.025125802,0.9748742,1
0.010526955,0.98947304,1
0.042331934,0.95766807,1
0.043391943,0.95660806,1
0.453188,0.546812,0
0.047306836,0.95269316,1
0.98599595,0.014004047,0
0.008748889,0.9912511,1
0.008748889,0.9912511,1
0.013273239,0.98672676,1
0.009422302,0.9905777,1
0.017843544,0.98215646,1
0.027575195,0.9724248,1
0.99460274,0.005397244,0
0.9989146,0.0010854045,0
0.99999845,1.5308212e-06,0
0.035965264,0.96403474,1
0.0478459,0.9521541,1
0.024824798,0.9751752,1
0.03517145,0.96482855,1
0.021990001,0.97801,1
0.044320047,0.95567995,1
0.04490763,0.9550924,1
0.0158239,0.9841761,1
0.108891845,0.89110816,1
0.9904493,0.009550704,0
0.08091259,0.9190874,1
0.14737755,0.85262245,0
0.010052383,0.9899476,1
0.03413391,0.9658661,1
0.1823839,0.8176161,0
0.430802,0.569198,0
0.10563511,0.8943649,0
0.2648008,0.7351992,0
0.9942534,0.0057465998,0
0.9958822,0.0041177906,0
0.07785869,0.9221413,0
0.22898513,0.77101487,0
0.06304884,0.93695116,1
0.15376449,0.8462355,1
0.11221683,0.88778317,1
0.094699144,0.90530086,1
0.96071696,0.03928302,0
0.084258616,0.9157414,1
0.15533644,0.84466356,1
0.038446605,0.9615534,1
0.03767389,0.9623261,1
0.066599846,0.93340015,1
0.021109402,0.9788906,1
0.077696145,0.92230386,1
0.2380814,0.7619186,0
0.04054731,0.9594527,1
0.12800258,0.8719974,1
0.27994096,0.72005904,0
0.14252257,0.8574774,1
0.99863845,0.0013615388,0
0.8900031,0.10999693,0
0.92563903,0.07436096,0
0.18209738,0.8179026,1
0.06901717,0.9309828,1
0.9904181,0.009581945,0
0.5284575,0.47154245,1
0.94561166,0.05438834,0
0.9996733,0.0003266917,0
0.9559974,0.04400257,0
0.9305461,0.06945387,0
0.95336676,0.04663323,0
0.9644138,0.03558618,0
0.18405634,0.81594366,1
0.97165686,0.028343162,0
0.94969714,0.050302837,0
0.9681763,0.031823672,0
0.9625931,0.037406936,0
0.9790184,0.020981595,0
0.9827702,0.017229822,0
0.99352133,0.0064786375,0
0.9832432,0.016756782,0
0.98104525,0.018954761,0
0.99482864,0.005171331,0
0.9874583,0.012541719,0
0.0059045553,0.99409544,1
0.009222865,0.99077713,1
0.20959467,0.79040533,1
0.99331427,0.0066857445,0
0.98867196,0.011328025,0
0.99999624,3.7442267e-06,0
0.9982131,0.0017868852,0
0.9404044,0.059595585,0
0.909411,0.09058898,0
0.8935468,0.106453165,0
0.9024456,0.09755438,0
0.85186607,0.14813393,0
0.8937241,0.10627591,0
0.86845154,0.13154848,0
0.085434675,0.9145653,1
0.007274866,0.99272513,1
0.005515039,0.99448496,1
0.58207583,0.4179242,1
0.23101532,0.7689847,1
0.9261795,0.07382047,0
0.82347775,0.17652225,0
0.84950656,0.15049344,0
0.913936,0.08606399,0
0.9795879,0.020412095,0
0.02652806,0.97347194,1
0.056369185,0.9436308,1
0.039538324,0.9604617,1
0.03031826,0.96968174,1
0.036718845,0.96328115,1
0.3349033,0.6650967,1
0.1651097,0.8348903,1
0.23390096,0.76609904,1
0.5756316,0.42436835,0
0.9755851,0.024414873,0
0.9918415,0.00815849,0
0.99341863,0.0065813456,0
0.04342556,0.95657444,1
0.00097453594,0.99902546,1
0.17321408,0.8267859,0
0.9937553,0.0062447386,0
0.98861885,0.0113811465,0
0.095847726,0.9041523,0
0.114979744,0.88502026,1
0.9948009,0.0051990515,0
0.6960027,0.3039973,0
0.8073227,0.1926773,0
0.97485363,0.025146341,0
0.9940817,0.005918353,0
0.9949859,0.005014144,0
0.09628278,0.9037172,1
0.15023547,0.8497645,1
0.07134771,0.9286523,1
0.052105904,0.9478941,1
0.41573274,0.58426726,1
0.9935026,0.006497383,0
0.6965464,0.30345362,0
0.9921884,0.007811578,0
0.93928516,0.060714852,0
0.6596712,0.3403288,0
0.9894738,0.01052617,0
0.9623049,0.037695084,0
0.7618121,0.2381879,0
0.013620198,0.9863798,1
0.7074331,0.29256693,0
0.17068404,0.82931596,1
0.12110549,0.8788945,1
0.023038805,0.9769612,1
0.022046328,0.9779537,1
0.021733582,0.9782664,1
0.80514634,0.19485363,0
0.053867996,0.946132,1
0.4706763,0.5293237,0
0.05316776,0.94683224,1
0.42186582,0.5781342,0
0.30060685,0.69939315,0
0.09333402,0.906666,1
0.01803279,0.9819672,1
0.10117662,0.8988234,1
0.07061279,0.9293872,1
0.0055491924,0.9944508,1
0.062509775,0.9374902,1
0.9803255,0.019674456,0
0.9976223,0.0023776758,0
0.66819406,0.33180597,0
0.018494427,0.9815056,1
0.004668176,0.9953318,1
0.070545554,0.92945445,1
0.40192038,0.5980796,1
0.8351217,0.1648783,0
0.94151515,0.058484834,0
0.023671567,0.97632843,1
0.06030619,0.9396938,1
0.1785165,0.8214835,1
0.5160167,0.4839833,1
0.08174062,0.9182594,1
0.789191,0.210809,0
0.06354159,0.9364584,1
0.06684822,0.9331518,0
0.08407301,0.915927,0
0.061497986,0.938502,1
0.06414127,0.9358587,1
0.29543227,0.70456773,0
0.052545488,0.9474545,1
0.33051205,0.66948795,0
0.65894043,0.3410596,0
0.76083887,0.23916115,0
0.44347042,0.5565296,0
0.14288932,0.8571107,1
0.7691424,0.23085763,0
0.63624513,0.36375487,0
0.62359095,0.37640905,0
0.03278458,0.9672154,1
0.035680354,0.96431965,1
0.031857193,0.9681428,1
0.30413777,0.69586223,0
0.18494713,0.81505287,0
0.65409434,0.34590566,0
0.21748191,0.7825181,1
0.029077172,0.9709228,1
0.029710114,0.9702899,1
0.2710544,0.7289456,1
0.3715378,0.6284622,0
0.71601343,0.28398654,0
0.29167145,0.70832855,1
0.020400643,0.97959936,1
0.025955021,0.974045,1
0.021758437,0.97824156,1
0.012720346,0.98727965,1
0.026791811,0.9732082,1
0.046652913,0.9533471,1
0.45105445,0.54894555,0
0.47711688,0.5228831,0
0.31892282,0.6810772,0
0.28450626,0.71549374,0
0.9148201,0.085179955,0
0.9165456,0.08345436,0
0.31839067,0.68160933,0
0.004683256,0.99531674,1
0.006332934,0.99366707,1
0.28677368,0.7132263,0
0.8660094,0.13399059,0
0.9666242,0.0333758,0
0.87521136,0.12478867,0
0.009861469,0.99013853,1
0.010676801,0.9893232,1
0.0073824525,0.99261755,1
0.0060702562,0.99392974,1
0.00592494,0.99407506,1
0.08753502,0.912465,1
0.9994292,0.00057075237,0
0.99943274,0.00056726165,0
0.3444175,0.6555825,0
0.6721667,0.32783332,0
0.7772697,0.22273031,0
0.93396485,0.06603512,0
0.9155561,0.08444393,0
0.8006937,0.1993063,0
0.53298926,0.46701077,0
0.0052764416,0.99472356,1
0.5399319,0.46006814,1
0.12587929,0.8741207,1
0.015963376,0.9840366,1
0.98364216,0.016357819,0
0.97254556,0.027454428,0
0.02185738,0.9781426,1
0.00980854,0.99019146,1
0.018857658,0.98114234,1
0.008204281,0.9917957,1
0.01670736,0.98329264,1
0.035937548,0.96406245,1
0.077037156,0.92296284,1
0.052271843,0.94772816,1
0.0169096,0.9830904,1
0.9945302,0.0054698195,0
0.17066443,0.8293356,1
0.012294352,0.98770565,1
0.0022888184,0.9977112,1
0.084891915,0.9151081,1
0.47614276,0.52385724,0
0.24091297,0.759087,0
0.5810493,0.4189507,0
0.9965449,0.0034551106,0
0.5643959,0.43560413,0
0.9882184,0.011781578,0
0.98926485,0.010735177,0
0.070037544,0.92996246,1
0.06611866,0.93388134,1
0.90958226,0.09041771,0
0.98806655,0.011933471,0
0.98819494,0.011805052,0
0.0037308931,0.9962691,1
0.036657393,0.9633426,1
0.9848911,0.015108887,0
0.9705718,0.029428191,0
0.99666405,0.0033359446,0
0.24740803,0.75259197,1
0.90029204,0.09970795,0
0.031324565,0.96867543,1
0.9789284,0.021071622,0
0.98403555,0.015964454,0
0.04153055,0.95846945,1
0.3533641,0.6466359,1
0.33152616,0.66847384,1
0.026146889,0.9738531,1
0.05042708,0.9495729,1
0.96747833,0.032521643,0
0.011651516,0.9883485,1
0.012418389,0.9875816,1
0.016276479,0.9837235,1
0.012824476,0.9871755,1
0.9934093,0.0065907235,0
0.995948,0.004052011,0
0.009534717,0.9904653,1
0.2958128,0.7041872,0
0.08364558,0.9163544,1
0.0049946904,0.9950053,1
0.007022202,0.9929778,1
0.0044150352,0.99558496,1
0.0061107874,0.9938892,1
0.0084062815,0.9915937,1
0.028348684,0.9716513,1
0.28842932,0.7115707,0
0.8906912,0.10930879,0
0.92528754,0.07471243,0
0.9528493,0.04715066,0
0.98192185,0.01807812,0
0.9750946,0.024905374,0
0.99979705,0.00020293046,0
0.9999987,1.3194606e-06,0
0.9999569,4.3111908e-05,0
0.9930117,0.006988312,0
0.63752365,0.36247638,0
0.7220358,0.27796417,1
0.15933704,0.84066296,1
0.20483172,0.7951683,1
0.37761694,0.62238306,1
0.7386737,0.2613263,0
0.0396806,0.9603194,1
0.24048454,0.75951546,1
0.000346303,0.9996537,1
0.073027015,0.926973,1
0.0193879,0.9806121,1
0.8572383,0.14276168,0
0.00033271313,0.9996673,1
0.012647271,0.9873527,1
0.013857782,0.9861422,1
0.0054659843,0.994534,1
0.0075826645,0.99241734,1
0.026186347,0.97381365,1
0.21215177,0.78784823,1
0.9224497,0.07755029,0
0.9844466,0.01555342,0
0.9683408,0.031659205,0
0.8471933,0.1528067,0
0.65479696,0.34520304,0
0.5532921,0.4467079,0
0.5331044,0.46689555,0
0.6981684,0.30183163,0
0.80749786,0.19250213,0
0.21513301,0.784867,0
0.16196239,0.8380376,1
0.19797277,0.8020272,0
0.069247305,0.9307527,1
0.99599594,0.004004038,0
0.5600959,0.43990412,0
0.18752122,0.8124788,1
0.061761558,0.93823844,1
0.82835686,0.17164311,0
0.98997957,0.010020451,0
0.99044585,0.0095541775,0
0.9936151,0.0063849348,0
0.99382854,0.0061714747,0
0.9898525,0.010147525,0
0.6182461,0.38175395,0
0.214899,0.785101,1
0.019381344,0.98061866,1
0.1997425,0.8002575,1
0.9734868,0.026513204,0
0.974227,0.02577301,0
0.53710973,0.46289024,0
0.97411275,0.025887258,0
0.9950673,0.004932691,0
0.011900246,0.98809975,1
0.9975502,0.002449827,0
0.9998067,0.00019332467,0
0.95504487,0.044955138,0
0.136266,0.863734,1
0.009235263,0.99076474,1
0.011059821,0.9889402,1
0.23793298,0.762067,1
0.98161685,0.018383143,0
0.0022978187,0.9977022,1
0.685768,0.31423202,0
0.0036850572,0.99631494,1
0.98493195,0.015068077,0
0.9956572,0.0043427716,0
0.029206991,0.970793,1
0.041199684,0.9588003,1
0.016137183,0.9838628,1
0.8786875,0.12131253,0
0.004483044,0.99551696,1
0.021440208,0.9785598,1
0.79255503,0.20744497,0
0.88473463,0.1152654,0
0.9441291,0.055870876,0
0.95446837,0.04553162,0
0.12573707,0.8742629,1
0.005495012,0.994505,1
0.0072484016,0.9927516,1
0.0127260685,0.98727393,1
0.033233464,0.96676654,1
0.013748586,0.9862514,1
0.0025891662,0.99741083,1
0.0009152889,0.9990847,1
0.657383,0.34261698,0
0.99731296,0.002687056,0
0.049086154,0.95091385,1
0.44384998,0.55615,0
0.9938801,0.0061199004,0
0.99717635,0.00282363,0
0.99999744,2.5618392e-06,0
0.999572,0.00042801356,0
0.021753907,0.9782461,1
0.015452683,0.9845473,1
0.99978566,0.00021434772,0
0.9693228,0.030677177,0
0.96802366,0.031976372,0
0.9991324,0.00086757785,0
0.033688426,0.9663116,1
0.7901794,0.20982066,1
0.7151133,0.2848867,1
0.99638426,0.0036157195,0
0.99961317,0.00038684704,0
0.05717939,0.9428206,1
0.9998944,0.00010561613,0
0.9999884,1.1628737e-05,0
0.9200228,0.07997721,0
0.0043931603,0.99560684,1
0.0085763335,0.99142367,1
0.00607723,0.99392277,1
0.009162545,0.99083745,1
0.97964376,0.02035623,0
0.9993094,0.00069057534,0
0.9378814,0.062118594,0
0.8846318,0.11536817,0
0.052252054,0.94774795,1
0.045647383,0.9543526,1
0.86266124,0.13733873,0
0.97755677,0.022443224,0
0.97912705,0.020872943,0
0.93810016,0.061899833,0
0.9320681,0.06793186,0
0.9997104,0.00028962744,0
0.99549377,0.0045062318,0
0.82310045,0.17689952,0
0.021443725,0.9785563,1
0.516925,0.48307505,1
0.9910449,0.008955141,0
0.641337,0.35866302,1
0.9157903,0.0842097,0
0.9898777,0.010122306,0
0.98117936,0.018820658,0
0.892447,0.107553005,0
0.9950237,0.0049762926,0
0.20774174,0.79225826,1
0.1745205,0.8254795,1
0.9992879,0.0007121249,0
0.9909178,0.009082175,0
0.13458866,0.86541134,1
0.028717697,0.9712823,1
0.16971487,0.83028513,1
0.62697625,0.37302378,1
0.23273659,0.7672634,1
0.99722403,0.0027759508,0
0.09968585,0.90031415,1
0.0050100684,0.99498993,1
0.009275377,0.9907246,1
0.1772787,0.8227213,1
0.9745315,0.025468556,0
0.4594143,0.5405857,1
0.9838211,0.016178915,0
0.9264399,0.07356011,0
0.008241832,0.99175817,1
0.010202289,0.9897977,1
0.0064609647,0.99353904,1
0.0167045,0.9832955,1
0.9773895,0.022610478,0
0.9910972,0.008902813,0
0.016834855,0.98316514,1
0.909375,0.09062498,0
0.99999917,8.4631995e-07,0
0.9682438,0.031756196,0
0.018191755,0.98180825,1
0.02006501,0.979935,1
0.015906036,0.98409396,1
0.00019007921,0.9998099,1
0.0018051267,0.9981949,1
0.021481872,0.9785181,1
0.3949268,0.6050732,0
0.9867897,0.013210323,0
0.019836724,0.9801633,1
0.87303483,0.12696514,0
0.97825474,0.02174528,0
0.9571413,0.042858727,0
0.98723215,0.01276787,0
0.98266315,0.017336825,0
0.115159154,0.88484085,1
0.03162694,0.96837306,1
0.025122404,0.9748776,1
0.0014535785,0.9985464,1
0.6812679,0.31873208,0
0.9779622,0.022037823,0
0.92522573,0.074774265,0
0.9703079,0.029692132,0
0.99930185,0.0006981309,0
0.9736097,0.026390286,0
0.7234922,0.2765078,0
0.050694406,0.9493056,0
0.00052160025,0.9994784,1
0.00030589104,0.9996941,1
0.4489166,0.5510834,0
0.43148148,0.5685185,0
0.98768044,0.012319571,0
0.95959616,0.04040382,0
0.99046844,0.009531547,0
0.99999356,6.45615e-06,0
0.9998068,0.0001931579,0
0.60373974,0.39626026,0
0.7785359,0.2214641,0
0.9862444,0.013755594,0
0.20343971,0.7965603,1
0.8897451,0.11025486,1
0.115333915,0.8846661,1
0.99981546,0.00018452504,0
0.999773,0.00022700288,0
0.98464054,0.015359433,0
0.9987536,0.0012464094,0
0.9974197,0.0025803125,0
0.37491602,0.625084,1
0.16898221,0.8310178,1
0.28391606,0.71608394,1
0.86189485,0.13810517,0
0.9987867,0.001213333,0
0.01646161,0.9835384,1
0.04673618,0.9532638,1
0.3706866,0.6293134,1
0.7989421,0.20105793,0
0.56616807,0.43383193,1
0.9506282,0.049371757,0
0.9813172,0.01868276,0
0.6432948,0.35670522,1
0.00036251545,0.9996375,1
0.025242746,0.97475725,1
0.06773895,0.93226105,1
0.00740391,0.9925961,1
0.9619599,0.0380401,0
0.9885716,0.011428398,0
0.026948035,0.97305197,1
0.84130967,0.15869032,0
0.9876124,0.012387588,0
0.95919144,0.04080853,0
0.93834555,0.061654437,0
0.015941143,0.98405886,1
0.05369574,0.94630426,1
0.009994566,0.99000543,1
0.009329438,0.99067056,1
0.09729493,0.9027051,1
0.38932836,0.61067164,1
0.93323517,0.06676482,0
0.99562067,0.004379315,0
0.997031,0.0029689977,0
0.9934895,0.006510491,0
0.83432347,0.16567652,0
0.028375983,0.971624,1
0.030986965,0.96901304,1
0.25101084,0.74898916,1
0.059390962,0.94060904,1
0.54437447,0.4556255,1
0.003031671,0.9969683,1
0.03569299,0.964307,1
0.5961307,0.4038693,0
0.028177202,0.9718228,1
0.03185886,0.96814114,1
0.9960708,0.003929201,0
0.9977655,0.002234506,0
0.9933222,0.0066778227,0
0.060397327,0.9396027,1
0.0582484,0.9417516,1
0.06798494,0.93201506,1
0.7540555,0.2459445,0
0.1330027,0.8669973,0
0.3098958,0.6901042,0
0.8879921,0.11200789,0
0.9987911,0.0012089072,0
0.9989666,0.0010334167,0
0.9916825,0.008317485,0
0.15173817,0.84826183,1
0.00830996,0.99169004,1
0.019535422,0.9804646,1
0.020247221,0.9797528,1
0.04242772,0.9575723,1
0.0023101568,0.99768984,1
0.20103562,0.7989644,1
0.95855695,0.04144306,0
0.9702874,0.029712645,0
0.9969721,0.0030278927,0
0.3858173,0.6141827,1
0.22346652,0.7765335,1
0.7961256,0.20387441,0
0.8627379,0.13726212,0
0.9893951,0.01060489,0
0.51998365,0.48001638,0
0.08629733,0.91370267,1
0.039363325,0.9606367,1
0.029684901,0.9703151,1
0.11585516,0.88414484,1
0.025260866,0.97473913,1
0.37893438,0.6210656,1
0.03362459,0.9663754,1
0.31878746,0.68121254,1
0.52512443,0.47487554,1
0.9393163,0.0606837,0
0.8988164,0.1011836,0
0.57587516,0.42412487,1
0.32552034,0.67447966,1
0.25917506,0.74082494,1
0.0019562244,0.9980438,1
0.14117259,0.8588274,1
0.0029333234,0.9970667,1
0.004220009,0.99578,1
0.0021306276,0.9978694,1
0.779463,0.22053699,0
0.6780355,0.32196447,0
0.881417,0.11858304,0
0.99714804,0.0028519456,0
0.9865028,0.013497178,0
0.8529166,0.14708342,0
0.59694636,0.4030536,0
0.24073917,0.75926083,1
0.98397326,0.016026733,0
0.9982856,0.0017143803,0
0.9957204,0.0042796102,0
0.9946072,0.005392797,0
0.98041594,0.019584078,0
0.9312403,0.06875968,0
0.9509889,0.049011126,0
0.9386258,0.061374214,0
0.9970524,0.0029476043,0
0.99692065,0.0030793664,0
0.9947499,0.005250088,0
0.120601416,0.8793986,1
0.011570454,0.98842955,1
0.19183034,0.80816966,1
0.07079077,0.92920923,1
0.9954372,0.0045628203,0
0.34104508,0.6589549,0
0.9877957,0.012204309,0
0.010818422,0.9891816,1
0.0037776232,0.9962224,1
0.0071619153,0.9928381,1
0.043664813,0.9563352,1
0.055315018,0.944685,1
0.9952162,0.0047838003,0
0.9263477,0.073652335,0
0.016007721,0.9839923,1
0.9925912,0.0074087842,0
0.69519514,0.30480486,0
0.9669551,0.033044863,0
0.98125404,0.018745948,0
0.98208165,0.017918326,0
0.99674076,0.0032592677,0
0.99846023,0.0015397846,0
0.5852053,0.41479465,0
0.7330531,0.2669469,0
0.06501353,0.9349865,1
0.048654795,0.9513452,1
0.41177613,0.5882239,1
0.14263064,0.85736936,0
0.42021132,0.5797887,0
0.9928393,0.0071607204,0
0.1360479,0.8639521,1
0.8809172,0.119082816,0
0.0036114454,0.99638855,1
0.0035588145,0.9964412,1
0.003926873,0.9960731,1
0.0034294128,0.9965706,1
0.7032603,0.29673973,0
0.8953083,0.104691684,0
0.016673923,0.9833261,1
0.7006018,0.2993982,0
0.063640475,0.9363595,1
0.99999094,9.069596e-06,0
0.45501202,0.544988,0
0.8488271,0.15117288,0
0.7501024,0.24989758,0
0.9937179,0.0062821135,0
0.89389414,0.10610584,0
0.9879831,0.0120168915,0
0.98994523,0.010054785,0
0.7074572,0.29254285,0
0.7612198,0.2387802,0
0.9531336,0.046866424,0
0.989023,0.010977045,0
0.9916306,0.008369401,0
0.98770523,0.012294798,0
0.9874055,0.012594541,0
0.5394183,0.46058172,1
0.96698457,0.033015452,0
0.74913764,0.25086233,1
0.707659,0.29234096,0
0.3301375,0.6698625,1
0.97477067,0.025229324,0
0.91696465,0.08303535,0
0.7514103,0.24858968,0
0.8801044,0.1198956,0
0.9137141,0.086285874,0
0.9773537,0.022646338,0
0.9640952,0.03590485,0
0.0036606789,0.9963393,1
0.009275496,0.9907245,1
0.9408611,0.059138894,0
0.97057813,0.029421862,0
0.19658422,0.8034158,1
0.0021468997,0.9978531,1
0.0024201274,0.9975799,1
0.0055116415,0.99448836,1
0.99882156,0.0011784593,0
0.9999939,6.0576704e-06,0
0.99999493,5.0453536e-06,0
0.99666905,0.0033309686,0
0.99378633,0.0062136794,0
0.5738422,0.42615777,0
0.96186304,0.038136944,0
0.9262358,0.07376422,0
0.99999267,7.3483407e-06,0
0.98678046,0.013219537,0
0.03606528,0.9639347,1
0.07025641,0.9297436,1
0.23301435,0.76698565,1
0.17995542,0.8200446,1
0.051216245,0.94878376,1
0.84289044,0.15710956,0
0.8870302,0.11296984,0
0.075529814,0.9244702,1
0.0060623884,0.9939376,1
0.009785175,0.9902148,1
0.0062451363,0.99375486,1
0.0030208826,0.9969791,1
0.0035555959,0.9964444,1
0.014831543,0.98516846,1
0.019777358,0.98022264,1
0.9899649,0.010035077,0
0.79649264,0.20350735,0
0.9428621,0.057137918,0
0.985195,0.014805023,0
0.04668486,0.95331514,1
0.07732195,0.92267805,1
0.015762508,0.9842375,1
0.9930724,0.0069275843,0
0.9961813,0.0038187127,0
0.9967862,0.003213819,0
0.03128165,0.96871835,1
0.09048724,0.90951276,1
0.96204877,0.03795124,0
0.08965057,0.9103494,1
0.06699103,0.93300897,1
0.9681761,0.031823855,0
0.9925597,0.0074403253,0
0.9925597,0.0074403253,0
0.99317354,0.006826457,0
0.99285436,0.0071456265,0
0.99060893,0.0093910685,0
0.016936779,0.9830632,1
0.38036954,0.61963046,0
0.97471446,0.02528552,0
0.97471446,0.02528552,0
0.97748905,0.022510964,0
0.17929196,0.82070804,1
0.0011637807,0.9988362,1
0.15048271,0.8495173,1
0.067590356,0.93240964,1
0.9500417,0.049958296,0
0.00023657084,0.9997634,1
0.00022488832,0.9997751,1
0.07253075,0.92746925,1
0.98436034,0.015639633,0
0.7968557,0.20314433,0
0.1740902,0.8259098,1
0.87554353,0.12445644,0
0.077133834,0.92286617,1
0.7660553,0.23394471,0
0.9805404,0.019459605,0
0.9821281,0.017871933,0
0.9844324,0.015567585,0
0.98744434,0.012555646,0
0.992459,0.007541004,0
0.9924051,0.007594896,0
0.005194485,0.9948055,1
0.70684505,0.29315498,0
0.9849899,0.015010121,0
0.058241546,0.94175845,1
0.002911985,0.997088,1
0.033438444,0.96656156,1
0.09688473,0.9031153,1
0.90112567,0.09887432,0
0.012511849,0.98748815,1
0.045264363,0.95473564,1
0.9493993,0.05060069,0
0.9167186,0.08328138,0
0.9530065,0.046993475,0
0.892009,0.10799096,0
0.9994035,0.0005965235,0
0.14066732,0.8593327,1
0.6483757,0.3516243,0
0.5109092,0.48909083,0
0.67619425,0.32380575,0
0.99955267,0.0004473282,0
0.51331127,0.48668873,1
0.99974823,0.00025178023,0
0.65108854,0.34891146,1
0.09176093,0.90823907,1
0.74443555,0.25556448,1
0.8489412,0.15105882,0
0.8429583,0.15704174,0
0.34186077,0.6581392,1
0.80940664,0.19059335,0
0.81219435,0.18780567,0
0.8167874,0.1832126,0
0.8510724,0.14892763,0
0.7747513,0.22524871,0
0.822397,0.17760299,0
0.5071613,0.49283868,1
0.9466281,0.053371917,0
0.953745,0.04625501,0
0.84269404,0.15730597,0
0.95026684,0.04973314,0
0.9706563,0.02934375,0
0.9768645,0.023135483,0
0.9230801,0.07691989,0
0.13277584,0.86722416,1
0.12636983,0.87363017,1
0.054789305,0.9452107,1
0.96440524,0.03559474,0
0.4755442,0.5244558,0
0.9957608,0.0042392313,0
0.49077952,0.5092205,0
0.521296,0.47870395,0
0.5969513,0.4030487,0
0.67860436,0.32139567,0
0.6813717,0.3186283,0
0.6928307,0.3071693,0
0.63991845,0.36008158,0
0.97203976,0.027960237,0
0.92254984,0.07745015,0
0.807853,0.192147,0
0.98746717,0.012532841,0
0.9999102,8.979751e-05,0
0.98315704,0.016842948,0
0.7539453,0.24605472,0
0.44976032,0.5502397,1
0.98079026,0.019209713,0
0.99237806,0.0076219356,0
0.99999714,2.8664017e-06,0
0.99998665,1.334375e-05,0
0.3823216,0.6176784,1
0.002359748,0.99764025,1
0.12502575,0.87497425,1
0.2926069,0.7073931,1
0.037140965,0.96285903,1
0.7836186,0.21638139,1
0.5887722,0.4112278,1
0.96275216,0.037247825,0
0.95990974,0.04009024,0
0.9987407,0.0012593253,0
0.99924135,0.000758635,0
0.99999833,1.6584403e-06,0
0.9999516,4.839611e-05,0
0.99269104,0.007308937,0
0.992358,0.0076419534,0
0.95794535,0.042054668,0
0.69174635,0.30825368,1
0.17468387,0.82531613,1
0.05875933,0.94124067,1
0.3696398,0.6303602,1
0.99979997,0.00020003026,0
0.59466,0.40534002,1
0.004956484,0.9950435,1
0.06380808,0.9361919,1
0.018160582,0.9818394,1
0.12742901,0.872571,0
0.89526296,0.10473701,0
0.91433746,0.085662544,0
0.14488035,0.85511965,1
0.15547073,0.8445293,1
0.47342288,0.5265771,0
0.31792885,0.68207115,1
0.9781338,0.021866178,0
0.89309305,0.10690697,0
0.022104323,0.9778957,1
0.9672245,0.032775506,0
0.9911229,0.008877088,0
0.9930653,0.0069346866,0
0.72301656,0.27698344,0
0.5095842,0.49041584,0
8.1419945e-05,0.9999186,1
0.0001758933,0.9998241,1
0.0002744794,0.9997255,1
0.0003721714,0.9996278,1
0.0006559491,0.99934405,1
0.00037050247,0.9996295,1
0.019292772,0.9807072,1
0.014299631,0.98570037,1
0.99593985,0.004060161,0
0.99426556,0.0057344153,0
0.8862361,0.11376395,0
0.8279325,0.1720675,0
0.999996,3.991063e-06,0
0.0001783967,0.9998216,1
0.00086152554,0.9991385,1
0.00086921453,0.9991308,1
0.0006041527,0.99939585,1
0.6762935,0.32370648,0
0.99696493,0.0030350436,0
0.9922263,0.007773688,0
0.9890226,0.010977377,0
0.19454575,0.80545425,0
4.6253204e-05,0.99995375,1
0.0025641322,0.99743587,1
0.04593098,0.954069,1
0.9011152,0.09888479,0
0.9207722,0.079227835,0
0.9282596,0.07174038,0
0.0066384077,0.9933616,1
0.6332941,0.36670586,0
0.8438086,0.15619142,0
0.9834985,0.016501496,0
0.9998091,0.00019090161,0
0.11672455,0.88327545,1
0.95232475,0.047675226,0
0.9730163,0.02698368,0
0.7870737,0.21292631,1
0.9694861,0.030513886,0
0.091444254,0.90855575,1
0.06213981,0.9378602,1
0.057724655,0.94227535,1
0.23788762,0.7621124,1
0.07684487,0.9231551,1
0.080063224,0.9199368,1
0.019606113,0.9803939,1
0.06065154,0.93934846,1
0.13710123,0.86289877,1
0.3579992,0.6420008,1
0.87142074,0.12857929,0
0.13278699,0.867213,1
0.4719665,0.5280335,1
0.10727835,0.89272165,1
0.07280731,0.9271927,1
0.2523085,0.7476915,1
0.2078126,0.7921874,1
0.7646147,0.23538528,0
0.9172457,0.08275429,0
0.81421095,0.18578906,0
0.4899593,0.5100407,1
0.9787609,0.021239093,0
0.565344,0.43465605,1
0.047309577,0.9526904,1
0.9505017,0.04949829,0
0.40368176,0.59631824,1
0.018054426,0.9819456,1
0.85381335,0.14618663,0
0.7642632,0.23573677,0
0.635654,0.36434603,0
0.51501834,0.48498163,0
0.9920799,0.007920091,0
0.99333495,0.006665034,0
0.9967674,0.0032325753,0
0.99004966,0.009950365,0
0.9821275,0.017872527,0
0.034486175,0.9655138,1
0.044375658,0.95562434,1
0.19429159,0.8057084,1
0.79294646,0.20705357,0
0.94726545,0.05273454,0
0.57106745,0.42893255,1
0.03478378,0.9652162,1
0.98873913,0.011260875,0
0.9807292,0.019270768,0
0.016211629,0.9837884,1
0.71555215,0.28444785,0
0.97632664,0.023673376,0
0.9853565,0.014643496,0
0.97102505,0.02897496,0
0.99465483,0.005345159,0
0.9957752,0.0042248056,0
0.9929254,0.007074586,0
0.99220246,0.007797566,0
0.47569197,0.524308,1
0.82432824,0.17567174,0
0.367958,0.632042,1
0.61676824,0.3832318,1
0.30900884,0.69099116,1
0.042038977,0.957961,1
0.98186255,0.018137446,0
0.9955887,0.004411309,0
0.9919858,0.008014177,0
0.3229335,0.6770665,1
0.015418947,0.98458105,1
0.97999763,0.02000237,0
0.9636929,0.036307104,0
0.7751877,0.22481234,0
0.92330843,0.07669157,0
0.999995,5.030585e-06,0
0.9972769,0.0027231197,0
0.99273795,0.0072620735,0
0.3859889,0.6140111,0
0.039236665,0.96076334,1
0.0515396,0.9484604,1
0.043887258,0.95611274,1
0.5399264,0.4600736,1
0.82039714,0.17960286,0
0.9999832,1.6821996e-05,0
0.008482695,0.9915173,1
0.0013833046,0.9986167,1
0.001562655,0.99843735,1
0.00045222044,0.9995478,1
0.0012574792,0.9987425,1
0.0004851818,0.9995148,1
0.0017396808,0.9982603,1
0.031745553,0.96825445,1
0.97690076,0.02309923,0
0.97637683,0.023623165,0
0.8349625,0.16503754,0
0.9850966,0.014903423,0
0.97315186,0.026848117,0
0.055889904,0.9441101,0
0.027147114,0.9728529,1
0.042642653,0.95735735,0
0.023802817,0.9761972,1
0.9948427,0.005157308,0
0.8900738,0.10992623,0
0.98755765,0.012442328,0
0.04911506,0.95088494,1
0.019134164,0.98086584,1
0.011990488,0.9880095,1
0.036523342,0.96347666,1
0.9905602,0.009439803,0
0.39027852,0.6097215,0
0.9922865,0.007713506,0
0.9953279,0.0046720915,0
0.97981143,0.020188564,0
0.018610775,0.9813892,1
0.9938863,0.0061137024,0
0.008492887,0.9915071,1
0.0033290982,0.9966709,1
0.12559426,0.87440574,1
0.99711764,0.0028823866,0
0.25789672,0.7421033,1
0.3127401,0.6872599,0
0.0651471,0.9348529,1
0.9555194,0.044480637,0
0.99249494,0.007505031,0
0.9900619,0.009938131,0
0.93218184,0.06781815,0
0.0076292753,0.9923707,1
0.13071024,0.86928976,0
0.18502909,0.8149709,0
0.98080724,0.01919274,0
0.99547136,0.004528651,0
0.99485075,0.005149263,0
0.99421346,0.0057865414,0
0.9969935,0.003006519,0
0.9994355,0.0005645044,0
0.9670346,0.032965437,0
0.8263209,0.17367913,0
0.8502385,0.14976151,0
0.9526243,0.04737571,0
0.97469115,0.025308834,0
0.99895024,0.00104977,0
0.9988705,0.0011294871,0
0.9994727,0.00052733993,0
0.918582,0.081417985,0
0.35680658,0.6431934,1
0.11521083,0.88478917,1
0.024705768,0.97529423,1
0.04231149,0.9576885,1
0.05859822,0.9414018,1
0.053240657,0.94675934,1
0.37130862,0.6286914,1
0.97061324,0.02938678,0
0.5727389,0.42726108,0
0.5093211,0.49067888,1
0.00824815,0.99175185,1
0.008132637,0.99186736,1
0.4612398,0.5387602,1
0.0434708,0.9565292,1
0.93913543,0.060864553,0
0.9598564,0.04014359,0
0.029839516,0.9701605,1
0.105434775,0.8945652,1
0.96657634,0.033423692,0
0.08940655,0.91059345,1
0.92263985,0.07736013,0
0.0072648525,0.99273515,1
0.024251103,0.9757489,1
0.9778963,0.022103721,0
0.99519473,0.004805247,0
0.98560923,0.014390773,0
0.8921971,0.10780291,0
0.88226485,0.11773517,0
0.6829032,0.31709683,0
0.020848751,0.97915125,1
0.021631002,0.978369,1
0.07950288,0.9204971,1
0.00027543306,0.99972457,1
0.018127143,0.98187286,1
0.9830063,0.01699371,0
0.9905285,0.009471498,0
0.9931079,0.006892079,0
0.19585311,0.8041469,1
0.8859566,0.11404341,0
0.9991709,0.0008290747,0
0.9915159,0.008484116,0
0.3711877,0.6288123,1
0.0063806176,0.9936194,1
0.008995175,0.9910048,1
0.0061872005,0.9938128,1
0.033845425,0.9661546,1
0.02266866,0.97733134,1
0.99194443,0.008055561,0
0.924798,0.07520198,0
0.81129354,0.18870646,0
0.9954529,0.004547124,0
0.994401,0.005599045,0
0.0070863366,0.99291366,1
0.0042102933,0.9957897,1
0.9229233,0.07707667,0
0.9910425,0.008957499,0
0.044341147,0.95565885,1
0.32873,0.67127,1
0.36867625,0.63132375,1
0.9949839,0.005016066,0
0.9942413,0.0057587256,0
0.9870387,0.012961324,0
0.34091032,0.6590897,0
0.007874548,0.99212545,1
0.033201396,0.9667986,1
0.5741336,0.42586643,0
0.96344024,0.036559734,0
0.9595555,0.040444504,0
