index,true_label,pred_label,true_label_decoded,pred_label_decoded
42,4,1,5,2
51,0,1,1,2
64,4,1,5,2
78,0,1,1,2
95,0,1,1,2
117,0,1,1,2
160,0,1,1,2
270,0,1,1,2
318,0,1,1,2
349,0,1,1,2
381,0,1,1,2
382,0,1,1,2
389,4,1,5,2
407,1,0,2,1
507,0,1,1,2
520,0,1,1,2
604,1,0,2,1
612,4,1,5,2
624,4,1,5,2
629,4,1,5,2
650,4,1,5,2
656,4,1,5,2
688,4,1,5,2
768,0,1,1,2
789,0,1,1,2
794,0,1,1,2
802,0,1,1,2
876,4,1,5,2
896,0,1,1,2
916,4,1,5,2
943,1,0,2,1
949,1,0,2,1
996,0,1,1,2
1017,0,1,1,2
1026,0,1,1,2
1048,1,0,2,1
1049,0,1,1,2
1070,0,1,1,2
1074,0,1,1,2
1100,1,0,2,1
1109,0,1,1,2
1117,0,1,1,2
1126,1,0,2,1
1160,4,1,5,2
1170,4,1,5,2
1217,1,0,2,1
1231,4,1,5,2
1232,4,1,5,2
1275,1,0,2,1
1283,4,1,5,2
1295,1,0,2,1
1300,4,1,5,2
1306,1,0,2,1
1326,0,1,1,2
1443,4,1,5,2
1445,4,1,5,2
1449,4,1,5,2
1454,4,1,5,2
1458,4,1,5,2
1462,4,1,5,2
1466,1,0,2,1
1497,1,0,2,1
1530,1,0,2,1
1565,1,0,2,1
1575,1,0,2,1
1583,1,0,2,1
1585,1,0,2,1
1627,4,1,5,2
1665,4,1,5,2
1668,1,0,2,1
1670,4,1,5,2
1674,6,0,7,1
1686,0,1,1,2
1729,6,0,7,1
1738,1,0,2,1
1747,6,0,7,1
1761,6,0,7,1
1781,6,0,7,1
1782,6,0,7,1
1788,0,1,1,2
1805,6,0,7,1
1810,4,1,5,2
1855,4,1,5,2
1859,6,0,7,1
1864,4,1,5,2
1898,4,1,5,2
1924,6,0,7,1
1937,5,1,6,2
1945,5,1,6,2
1946,5,1,6,2
1947,5,1,6,2
1997,3,2,4,3
2032,6,0,7,1
2037,4,5,5,6
2090,3,2,4,3
2125,5,6,6,7
2141,5,1,6,2
2158,3,5,4,6
2163,3,2,4,3
2193,5,1,6,2
2281,4,1,5,2
2328,4,1,5,2
2329,4,0,5,1
2352,4,1,5,2
2382,5,2,6,3
2390,4,1,5,2
2431,2,5,3,6
2438,4,1,5,2
2439,4,1,5,2
2455,5,2,6,3
2464,4,1,5,2
2479,5,2,6,3
2506,1,0,2,1
2515,2,3,3,4
2518,5,2,6,3
2548,5,1,6,2
2551,5,2,6,3
2552,3,2,4,3
2556,5,2,6,3
2589,4,1,5,2
2593,1,2,2,3
2714,4,1,5,2
2731,4,1,5,2
2743,3,2,4,3
2763,3,2,4,3
2796,4,1,5,2
2809,5,2,6,3
2825,3,2,4,3
2871,5,2,6,3
2877,4,1,5,2
2882,4,1,5,2
2903,4,1,5,2
2926,3,2,4,3
2929,5,2,6,3
2937,5,0,6,1
3017,5,1,6,2
3021,2,5,3,6
3079,0,1,1,2
3081,1,2,2,3
3088,3,2,4,3
3089,3,2,4,3
3102,2,5,3,6
3113,4,1,5,2
3115,3,2,4,3
3143,6,0,7,1
3153,3,2,4,3
3156,3,2,4,3
3178,2,5,3,6
3187,4,1,5,2
3200,3,2,4,3
3218,6,0,7,1
3219,1,0,2,1
3222,4,1,5,2
3228,5,0,6,1
3229,4,1,5,2
3243,3,2,4,3
3244,3,2,4,3
3246,3,2,4,3
3289,3,5,4,6
3290,3,2,4,3
3319,4,1,5,2
3352,4,1,5,2
3402,4,1,5,2
3408,2,5,3,6
3488,4,1,5,2
3507,3,2,4,3
3527,3,2,4,3
3582,5,2,6,3
3633,4,1,5,2
3653,3,2,4,3
3658,3,2,4,3
3684,4,1,5,2
3723,3,2,4,3
3759,3,2,4,3
3835,2,3,3,4
3850,5,2,6,3
3885,3,5,4,6
3974,5,2,6,3
3979,3,2,4,3
3990,3,2,4,3
4026,3,2,4,3
4035,3,2,4,3
4109,5,2,6,3
4134,3,2,4,3
4139,3,2,4,3
4190,3,2,4,3
4219,5,2,6,3
4222,3,2,4,3
4238,3,2,4,3
4324,4,1,5,2
4361,5,2,6,3
4370,5,2,6,3
4389,3,2,4,3
4413,5,2,6,3
4414,5,2,6,3
4436,3,2,4,3
4451,2,5,3,6
4508,3,5,4,6
4511,4,1,5,2
4572,4,1,5,2
4607,3,2,4,3
4608,2,5,3,6
4701,2,3,3,4
4702,3,2,4,3
4765,4,1,5,2
4868,3,2,4,3
4901,3,5,4,6
4922,4,1,5,2
4923,0,1,1,2
5000,4,1,5,2
5031,3,2,4,3
5086,4,1,5,2
5113,5,3,6,4
5118,5,2,6,3
5135,3,2,4,3
5191,3,5,4,6
5192,5,2,6,3
5211,5,2,6,3
5238,5,2,6,3
5248,4,1,5,2
5250,4,1,5,2
5254,3,2,4,3
5286,5,2,6,3
5326,2,3,3,4
5350,5,2,6,3
5380,5,3,6,4
5384,5,2,6,3
5385,5,2,6,3
5409,2,3,3,4
5420,3,5,4,6
5435,3,2,4,3
5448,3,2,4,3
5453,5,2,6,3
5457,5,2,6,3
5485,5,2,6,3
5509,3,2,4,3
5529,0,1,1,2
5547,5,2,6,3
5604,5,2,6,3
5610,6,0,7,1
5618,2,5,3,6
5646,2,5,3,6
5651,3,5,4,6
5658,6,0,7,1
5682,2,5,3,6
5700,3,5,4,6
5713,5,2,6,3
5759,1,0,2,1
5765,5,1,6,2
5818,5,1,6,2
5895,3,5,4,6
5956,2,3,3,4
5992,5,2,6,3
6008,3,2,4,3
6076,5,2,6,3
6126,3,5,4,6
6150,2,5,3,6
6153,3,5,4,6
6192,5,1,6,2
6218,3,5,4,6
6268,5,1,6,2
6279,3,5,4,6
6290,3,2,4,3
6309,5,2,6,3
6312,3,5,4,6
6319,5,2,6,3
6330,5,2,6,3
6336,3,5,4,6
6362,0,1,1,2
6377,4,1,5,2
6412,5,3,6,4
6415,4,1,5,2
6421,2,5,3,6
6427,4,1,5,2
6460,4,1,5,2
6489,1,4,2,5
6493,5,1,6,2
6517,2,1,3,2
6555,0,1,1,2
6684,0,1,1,2
6694,0,1,1,2
6724,4,1,5,2
6728,2,1,3,2
6733,4,1,5,2
6786,0,1,1,2
6804,2,1,3,2
6813,1,2,2,3
6832,0,1,1,2
6833,4,1,5,2
6856,6,0,7,1
6877,6,0,7,1
6883,2,1,3,2
6920,4,2,5,3
6964,4,2,5,3
6974,4,0,5,1
6999,6,0,7,1
7008,2,1,3,2
7009,2,1,3,2
7035,5,1,6,2
7066,4,2,5,3
7078,4,2,5,3
7088,4,1,5,2
7135,4,1,5,2
7143,4,1,5,2
7144,4,1,5,2
7165,2,5,3,6
7216,4,1,5,2
7219,0,2,1,3
7228,0,1,1,2
7262,5,2,6,3
7275,0,1,1,2
7290,5,2,6,3
7316,5,1,6,2
7364,2,1,3,2
7378,2,1,3,2
7411,1,0,2,1
7412,1,0,2,1
7423,5,1,6,2
7443,4,1,5,2
7465,5,1,6,2
7480,5,1,6,2
7504,6,0,7,1
7505,4,1,5,2
7533,6,0,7,1
7547,5,1,6,2
7606,4,1,5,2
7678,5,1,6,2
7710,1,0,2,1
7783,4,1,5,2
7812,0,1,1,2
7832,5,1,6,2
7845,4,5,5,6
7865,0,1,1,2
7874,2,1,3,2
7900,1,0,2,1
7944,4,2,5,3
7960,2,1,3,2
7961,2,0,3,1
8033,5,1,6,2
8072,4,1,5,2
8089,0,1,1,2
8107,4,1,5,2
8167,4,2,5,3
8168,4,1,5,2
8281,1,0,2,1
8295,4,1,5,2
8298,5,2,6,3
8309,4,2,5,3
8310,4,2,5,3
8313,5,2,6,3
8333,4,2,5,3
8334,4,2,5,3
8351,4,1,5,2
8376,4,1,5,2
8380,4,1,5,2
8400,4,1,5,2
8415,0,6,1,7
8416,6,0,7,1
8430,5,1,6,2
8461,4,2,5,3
8484,6,0,7,1
8501,4,1,5,2
8507,1,0,2,1
8508,4,1,5,2
8535,5,2,6,3
8564,5,2,6,3
8584,6,0,7,1
8597,6,0,7,1
8599,1,0,2,1
8658,4,1,5,2
8691,4,1,5,2
8724,0,1,1,2
8744,5,1,6,2
8751,4,1,5,2
8762,4,1,5,2
8766,0,1,1,2
8770,0,1,1,2
8816,4,1,5,2
8832,4,1,5,2
8833,4,1,5,2
8886,0,1,1,2
8888,0,1,1,2
8926,0,1,1,2
8965,0,1,1,2
9002,0,1,1,2
9012,1,0,2,1
9340,0,1,1,2
9369,1,0,2,1
9385,6,0,7,1
9449,0,1,1,2
9466,1,0,2,1
9615,1,0,2,1
9625,6,0,7,1
9626,6,0,7,1
9675,1,0,2,1
9744,1,0,2,1
9751,6,1,7,2
9754,6,0,7,1
9833,6,0,7,1
9894,0,1,1,2
9903,1,0,2,1
9927,4,1,5,2
9947,4,1,5,2
9948,0,1,1,2
9955,0,1,1,2
9996,4,1,5,2
10009,4,1,5,2
10042,4,1,5,2
10052,1,0,2,1
10068,0,1,1,2
10122,6,0,7,1
10189,0,6,1,7
10192,4,1,5,2
10193,4,1,5,2
10198,4,1,5,2
10260,0,1,1,2
10338,0,6,1,7
10394,1,0,2,1
10423,1,0,2,1
10425,6,0,7,1
10427,1,0,2,1
10429,1,0,2,1
10439,1,0,2,1
10566,1,0,2,1
10574,1,0,2,1
10621,0,1,1,2
10632,4,1,5,2
10647,4,2,5,3
10649,4,2,5,3
10687,1,5,2,6
10726,5,1,6,2
10735,5,2,6,3
10802,2,1,3,2
10827,2,1,3,2
10902,2,1,3,2
10964,5,2,6,3
10976,5,2,6,3
10986,5,2,6,3
10995,2,5,3,6
11012,5,2,6,3
11129,2,5,3,6
11269,2,5,3,6
11273,2,1,3,2
11293,2,1,3,2
11301,5,1,6,2
11311,5,2,6,3
11360,4,1,5,2
11364,4,1,5,2
11398,4,1,5,2
11436,0,1,1,2
11512,0,1,1,2
11513,1,0,2,1
11534,1,0,2,1
11605,0,1,1,2
11649,4,1,5,2
11670,0,1,1,2
11672,0,1,1,2
11697,0,1,1,2
11707,1,0,2,1
11730,1,0,2,1
11734,4,1,5,2
11742,4,1,5,2
11747,4,1,5,2
11796,0,1,1,2
11861,1,0,2,1
11891,6,0,7,1
11928,6,0,7,1
12049,3,2,4,3
12126,5,2,6,3
12173,4,1,5,2
12195,1,0,2,1
12221,3,2,4,3
12237,4,1,5,2
12245,5,2,6,3
12253,4,1,5,2
12324,4,1,5,2
12343,3,2,4,3
12362,2,5,3,6
12382,3,2,4,3
12386,4,1,5,2
12387,5,0,6,1
12422,3,2,4,3
12429,3,2,4,3
12437,3,2,4,3
12454,3,2,4,3
12468,4,1,5,2
12505,3,2,4,3
12515,2,3,3,4
12552,6,0,7,1
12582,5,2,6,3
12589,3,2,4,3
12602,5,2,6,3
12615,5,2,6,3
12663,3,2,4,3
12669,3,2,4,3
12688,3,2,4,3
12739,2,5,3,6
12740,4,0,5,1
12835,4,1,5,2
12857,3,2,4,3
12911,2,3,3,4
12922,2,5,3,6
12939,3,5,4,6
12945,0,1,1,2
12988,5,3,6,4
12997,3,5,4,6
13039,5,2,6,3
13139,3,2,4,3
13150,3,2,4,3
13178,2,3,3,4
13231,2,5,3,6
13249,5,2,6,3
13255,2,3,3,4
13257,5,1,6,2
13287,3,5,4,6
13298,5,1,6,2
13303,5,2,6,3
13321,3,2,4,3
13341,3,5,4,6
13353,5,2,6,3
13432,3,5,4,6
13441,3,2,4,3
13450,5,2,6,3
13452,0,1,1,2
13462,4,1,5,2
13470,5,2,6,3
13472,4,1,5,2
13494,4,1,5,2
13502,0,1,1,2
13508,4,1,5,2
13515,5,2,6,3
13571,4,1,5,2
13573,4,1,5,2
13626,4,1,5,2
13668,4,1,5,2
13685,4,1,5,2
13697,5,2,6,3
13770,0,1,1,2
13794,4,1,5,2
13814,4,1,5,2
13821,4,1,5,2
13826,2,1,3,2
13839,5,1,6,2
13857,6,0,7,1
13885,4,1,5,2
13938,1,0,2,1
14008,4,1,5,2
14009,4,1,5,2
14037,4,1,5,2
14060,2,5,3,6
14064,4,1,5,2
14116,4,1,5,2
14155,4,1,5,2
14177,4,1,5,2
14184,6,0,7,1
14229,4,1,5,2
14250,0,1,1,2
14277,4,1,5,2
14351,6,0,7,1
14579,0,1,1,2
14584,1,0,2,1
14624,0,1,1,2
14652,0,1,1,2
14654,0,1,1,2
14679,4,1,5,2
14686,6,0,7,1
14777,1,0,2,1
14835,1,0,2,1
14848,4,1,5,2
14915,1,2,2,3
14931,2,1,3,2
15067,5,2,6,3
15096,5,2,6,3
15102,2,1,3,2
15103,5,1,6,2
15126,0,1,1,2
15140,0,1,1,2
15141,0,1,1,2
15161,0,1,1,2
15187,0,1,1,2
15218,0,1,1,2
15254,0,1,1,2
15291,0,1,1,2
15294,0,1,1,2
15296,0,1,1,2
15343,0,1,1,2
15445,0,1,1,2
15560,1,0,2,1
15578,0,1,1,2
15651,0,1,1,2
15778,0,1,1,2
15956,1,0,2,1
15962,0,1,1,2
16022,1,4,2,5
16171,1,4,2,5
16188,1,4,2,5
16351,1,4,2,5
16409,1,4,2,5
16478,0,1,1,2
16480,0,1,1,2
16481,0,1,1,2
16483,0,1,1,2
16622,0,1,1,2
16647,0,1,1,2
16650,0,1,1,2
16654,0,1,1,2
16656,0,1,1,2
16672,4,1,5,2
16780,1,4,2,5
16804,0,1,1,2
16814,0,1,1,2
16830,0,1,1,2
16837,0,1,1,2
16862,4,1,5,2
16964,4,1,5,2
16968,1,4,2,5
17005,0,1,1,2
17017,0,1,1,2
17018,0,1,1,2
17177,4,1,5,2
17218,0,1,1,2
17221,0,1,1,2
17228,0,1,1,2
17432,0,1,1,2
17442,0,1,1,2
17445,0,1,1,2
17618,1,4,2,5
17638,1,0,2,1
17640,0,1,1,2
17667,0,1,1,2
17849,4,1,5,2
17858,1,0,2,1
18071,4,0,5,1
18075,0,1,1,2
18100,0,1,1,2
18116,0,1,1,2
18287,4,1,5,2
18318,0,1,1,2
18319,0,1,1,2
18512,0,1,1,2
18546,0,1,1,2
18549,1,0,2,1
18550,1,0,2,1
18708,1,0,2,1
18751,0,1,1,2
18753,0,1,1,2
18768,1,0,2,1
18771,1,0,2,1
18891,1,0,2,1
18947,1,4,2,5
18949,0,1,1,2
18972,0,1,1,2
19102,1,0,2,1
19176,0,1,1,2
19202,0,1,1,2
19205,0,1,1,2
19206,0,1,1,2
19322,0,1,1,2
19406,0,1,1,2
19627,0,1,1,2
19628,0,1,1,2
19773,0,1,1,2
19776,0,1,1,2
19848,1,0,2,1
19850,0,1,1,2
19853,0,1,1,2
19877,0,1,1,2
19998,0,1,1,2
20002,0,1,1,2
20003,0,1,1,2
20004,0,1,1,2
20077,0,1,1,2
20219,0,1,1,2
20226,0,1,1,2
20236,0,1,1,2
20305,0,1,1,2
20307,0,1,1,2
20321,0,1,1,2
20326,0,1,1,2
20438,0,1,1,2
20441,0,1,1,2
20462,0,1,1,2
20523,0,1,1,2
20549,0,1,1,2
20551,0,1,1,2
20678,0,1,1,2
20694,0,1,1,2
20754,0,1,1,2
20773,0,4,1,5
20776,0,1,1,2
20780,0,1,1,2
20993,0,1,1,2
21227,0,1,1,2
21229,0,1,1,2
21237,0,1,1,2
21252,0,1,1,2
21468,0,1,1,2
21479,0,1,1,2
21482,0,1,1,2
21483,0,1,1,2
21491,0,1,1,2
21494,0,1,1,2
21498,0,1,1,2
21706,0,1,1,2
21712,0,1,1,2
21721,0,1,1,2
21729,0,1,1,2
21733,0,1,1,2
21735,0,1,1,2
21894,0,1,1,2
21940,0,1,1,2
21941,0,1,1,2
21947,0,1,1,2
21950,0,1,1,2
21951,0,1,1,2
21966,0,1,1,2
22128,0,1,1,2
22177,0,1,1,2
22185,0,1,1,2
22189,0,1,1,2
22368,0,1,1,2
22369,0,1,1,2
22428,0,1,1,2
22429,0,1,1,2
22432,0,1,1,2
22434,0,1,1,2
22440,0,1,1,2
22611,0,1,1,2
22656,0,1,1,2
22671,0,1,1,2
22680,0,1,1,2
22681,0,1,1,2
22858,0,1,1,2
22859,0,1,1,2
22861,0,1,1,2
22901,0,1,1,2
22904,0,1,1,2
22918,0,1,1,2
22924,0,1,1,2
23117,0,1,1,2
23118,0,1,1,2
23144,0,1,1,2
23161,0,1,1,2
23171,0,1,1,2
23385,0,1,1,2
23387,0,1,1,2
23414,0,1,1,2
23417,0,1,1,2
23424,0,1,1,2
23430,0,1,1,2
23661,0,1,1,2
23686,0,1,1,2
23700,0,1,1,2
23701,0,1,1,2
23704,0,1,1,2
23934,0,1,1,2
23962,0,1,1,2
23967,0,1,1,2
23978,0,1,1,2
23979,0,1,1,2
23980,0,1,1,2
24215,0,1,1,2
24243,0,1,1,2
24244,0,1,1,2
24248,0,1,1,2
24258,0,1,1,2
24276,0,1,1,2
24277,0,1,1,2
24502,0,1,1,2
24531,0,1,1,2
24537,0,1,1,2
24539,0,1,1,2
24541,0,1,1,2
24819,0,1,1,2
24827,0,1,1,2
24831,0,1,1,2
24833,0,1,1,2
24837,0,1,1,2
25116,0,1,1,2
25261,0,1,1,2
25373,0,1,1,2
25377,0,1,1,2
25391,0,1,1,2
25543,0,1,1,2
25544,0,1,1,2
25551,1,0,2,1
25658,0,1,1,2
25672,0,1,1,2
25681,0,1,1,2
25682,0,1,1,2
25839,1,0,2,1
25841,1,0,2,1
25855,0,1,1,2
25950,0,1,1,2
25952,0,1,1,2
25961,0,1,1,2
25965,0,1,1,2
26132,0,1,1,2
26134,0,1,1,2
26154,0,1,1,2
26246,0,1,1,2
26250,0,1,1,2
26424,1,0,2,1
26440,1,0,2,1
26457,0,1,1,2
26459,0,1,1,2
26573,0,1,1,2
26576,0,1,1,2
26577,0,1,1,2
26757,0,1,1,2
26876,0,1,1,2
26877,0,1,1,2
26889,0,1,1,2
26900,0,1,1,2
27090,0,1,1,2
27112,0,1,1,2
27183,0,1,1,2
27238,0,1,1,2
27438,0,1,1,2
27440,0,1,1,2
27554,0,1,1,2
27592,0,1,1,2
27606,0,1,1,2
27804,0,1,1,2
27805,0,1,1,2
27828,0,1,1,2
27915,0,1,1,2
27921,0,1,1,2
27960,0,1,1,2
27973,0,1,1,2
27974,0,1,1,2
28174,0,1,1,2
28178,1,0,2,1
28197,0,1,1,2
28202,0,1,1,2
28232,0,1,1,2
28546,0,1,1,2
28549,1,0,2,1
28564,0,1,1,2
28570,0,1,1,2
28604,0,1,1,2
28667,0,1,1,2
28670,0,1,1,2
28721,0,1,1,2
28729,0,1,1,2
28938,0,1,1,2
28939,0,1,1,2
29031,0,1,1,2
29038,0,1,1,2
29092,0,1,1,2
29099,0,1,1,2
29303,0,1,1,2
29394,0,1,1,2
29396,0,1,1,2
29398,0,1,1,2
29401,0,1,1,2
29431,0,1,1,2
29657,0,1,1,2
29667,0,1,1,2
29698,0,1,1,2
29798,0,1,1,2
29864,1,0,2,1
30030,0,1,1,2
30032,0,1,1,2
30033,0,1,1,2
30060,0,1,1,2
30066,0,1,1,2
30131,0,1,1,2
30132,0,1,1,2
30162,0,1,1,2
30167,0,1,1,2
30188,0,1,1,2
30189,0,1,1,2
30375,0,1,1,2
30400,0,1,1,2
30405,0,1,1,2
30429,0,1,1,2
30431,0,1,1,2
30433,0,1,1,2
30476,1,0,2,1
30525,0,1,1,2
30526,0,1,1,2
30560,0,1,1,2
30565,0,1,1,2
30599,1,0,2,1
30774,0,1,1,2
30778,0,1,1,2
30783,0,1,1,2
30809,0,1,1,2
30875,0,1,1,2
30938,0,1,1,2
30939,0,1,1,2
31163,0,1,1,2
31164,0,1,1,2
31166,0,1,1,2
31169,0,1,1,2
31199,0,1,1,2
31265,0,1,1,2
31288,0,1,1,2
31299,0,1,1,2
31301,0,1,1,2
31303,0,1,1,2
31323,0,1,1,2
31324,0,1,1,2
31325,0,1,1,2
31526,0,1,1,2
31577,0,1,1,2
31673,0,1,1,2
31680,0,1,1,2
31685,0,1,1,2
31689,0,1,1,2
31704,0,1,1,2
31706,0,1,1,2
31823,1,0,2,1
31910,0,1,1,2
31943,0,1,1,2
31965,0,1,1,2
31969,0,1,1,2
32035,0,1,1,2
32037,0,1,1,2
32056,0,1,1,2
32071,0,1,1,2
32073,0,1,1,2
32313,1,0,2,1
32314,1,0,2,1
32325,0,1,1,2
32352,0,1,1,2
32353,0,1,1,2
32356,0,1,1,2
32424,0,1,1,2
32425,0,1,1,2
32447,0,1,1,2
32448,0,1,1,2
32459,0,1,1,2
32461,0,1,1,2
32481,0,1,1,2
32482,0,1,1,2
32706,1,0,2,1
32708,1,0,2,1
32710,1,0,2,1
32711,1,0,2,1
32804,0,1,1,2
32805,0,1,1,2
32808,0,1,1,2
32848,0,1,1,2
32866,0,1,1,2
32894,1,0,2,1
33078,0,1,1,2
33088,1,0,2,1
33090,1,0,2,1
33091,1,0,2,1
33093,1,0,2,1
33094,1,0,2,1
33097,1,0,2,1
33100,0,1,1,2
33105,0,1,1,2
33219,0,1,1,2
33221,0,1,1,2
33223,0,1,1,2
33250,0,1,1,2
33257,0,1,1,2
33475,1,0,2,1
33487,0,1,1,2
33488,0,1,1,2
33491,0,1,1,2
33512,0,1,1,2
33515,0,1,1,2
33521,0,1,1,2
33608,0,1,1,2
33642,0,1,1,2
33861,1,0,2,1
33871,1,0,2,1
33877,0,1,1,2
33879,0,1,1,2
33883,0,1,1,2
33904,0,1,1,2
33907,0,1,1,2
34000,0,1,1,2
34002,0,1,1,2
34034,0,1,1,2
34252,1,0,2,1
34272,0,1,1,2
34275,0,1,1,2
34295,0,1,1,2
34296,0,1,1,2
34391,0,1,1,2
34500,1,0,2,1
34590,4,1,5,2
34661,0,1,1,2
34664,0,1,1,2
34682,0,1,1,2
34683,0,1,1,2
34684,0,1,1,2
34743,0,1,1,2
34781,0,1,1,2
35053,0,1,1,2
35054,0,1,1,2
35073,0,1,1,2
35192,0,1,1,2
35374,4,1,5,2
35442,0,1,1,2
35466,0,1,1,2
35472,0,1,1,2
35583,0,1,1,2
35585,0,1,1,2
35765,4,1,5,2
35834,0,1,1,2
35861,0,1,1,2
35867,0,1,1,2
35908,1,0,2,1
35909,0,1,1,2
35953,0,1,1,2
36158,4,1,5,2
36258,0,1,1,2
36262,0,1,1,2
36368,0,1,1,2
36552,4,1,5,2
36623,0,1,1,2
36624,0,1,1,2
36627,0,1,1,2
36639,0,1,1,2
36650,0,1,1,2
36651,0,1,1,2
36740,0,1,1,2
36743,0,1,1,2
36756,0,1,1,2
37015,0,1,1,2
37039,0,1,1,2
37042,0,1,1,2
37043,0,1,1,2
37131,0,1,1,2
37411,0,1,1,2
37413,0,1,1,2
37427,0,1,1,2
37432,0,1,1,2
37472,0,1,1,2
37536,0,1,1,2
37805,0,1,1,2
37806,0,1,1,2
37820,0,1,1,2
38012,1,0,2,1
38193,0,1,1,2
38251,0,1,1,2
38252,0,1,1,2
38582,0,1,1,2
38595,0,1,1,2
38600,0,1,1,2
38967,0,1,1,2
38975,0,1,1,2
38976,0,1,1,2
38979,0,1,1,2
38982,0,1,1,2
38987,0,1,1,2
39171,1,0,2,1
39351,0,1,1,2
39354,0,1,1,2
39606,1,0,2,1
39746,0,1,1,2
39751,0,1,1,2
39753,0,1,1,2
39756,0,1,1,2
40108,0,1,1,2
40114,0,1,1,2
40138,0,1,1,2
40139,0,1,1,2
40143,0,1,1,2
40144,0,1,1,2
40215,1,0,2,1
40502,0,1,1,2
40523,0,1,1,2
40525,0,1,1,2
40527,0,1,1,2
40529,0,1,1,2
40533,0,1,1,2
40892,0,1,1,2
40893,0,1,1,2
40910,0,1,1,2
40912,0,1,1,2
40913,0,1,1,2
40917,0,1,1,2
41280,0,1,1,2
41295,0,1,1,2
41298,0,1,1,2
41308,0,1,1,2
41430,0,1,1,2
41431,0,1,1,2
41665,0,1,1,2
41667,0,1,1,2
41669,0,1,1,2
41689,0,1,1,2
41697,0,1,1,2
41740,1,0,2,1
41794,1,0,2,1
41808,0,1,1,2
41814,0,1,1,2
41818,0,1,1,2
42059,0,1,1,2
42075,0,1,1,2
42080,0,1,1,2
42089,0,1,1,2
42204,0,1,1,2
42456,0,1,1,2
42458,0,1,1,2
42467,0,1,1,2
42470,0,1,1,2
42577,0,1,1,2
42851,0,1,1,2
42948,0,1,1,2
42951,0,1,1,2
42966,0,1,1,2
42973,0,1,1,2
43240,0,1,1,2
43243,0,1,1,2
43248,0,1,1,2
43332,0,1,1,2
43336,0,1,1,2
43346,0,1,1,2
43355,0,1,1,2
43357,0,1,1,2
43623,0,1,1,2
43632,0,1,1,2
43720,0,1,1,2
43722,0,1,1,2
43752,0,1,1,2
44006,0,1,1,2
44007,0,1,1,2
44015,0,1,1,2
44016,0,1,1,2
44107,0,1,1,2
44115,0,1,1,2
44116,0,1,1,2
44117,0,1,1,2
44132,0,1,1,2
44136,0,1,1,2
44491,0,1,1,2
44493,0,1,1,2
44500,0,1,1,2
44501,0,1,1,2
44777,0,1,1,2
44792,0,1,1,2
44795,0,1,1,2
44796,0,1,1,2
44886,0,1,1,2
44887,0,1,1,2
44912,0,1,1,2
45025,1,0,2,1
45287,0,1,1,2
45426,1,0,2,1
45590,0,1,1,2
46084,0,1,1,2
46101,0,1,1,2
46389,1,0,2,1
46578,1,0,2,1
46637,1,0,2,1
46819,1,0,2,1
46991,1,0,2,1
47578,1,0,2,1
47971,1,0,2,1
47972,1,0,2,1
48353,0,1,1,2
48544,0,1,1,2
48735,0,1,1,2
48738,0,1,1,2
49295,0,1,1,2
50021,1,0,2,1
50355,0,1,1,2
50701,0,1,1,2
50702,0,1,1,2
51401,0,1,1,2
52436,0,1,1,2
52723,1,0,2,1
52776,0,1,1,2
52796,1,0,2,1
53070,0,1,1,2
53073,0,1,1,2
53121,0,1,1,2
53413,0,1,1,2
53456,0,1,1,2
53459,0,1,1,2
53460,0,1,1,2
53476,1,0,2,1
53647,0,1,1,2
53751,0,1,1,2
53994,0,1,1,2
53997,0,1,1,2
53998,0,1,1,2
54084,0,1,1,2
54091,0,1,1,2
54132,0,1,1,2
54137,0,1,1,2
54335,0,1,1,2
54339,0,1,1,2
54427,0,1,1,2
54430,0,1,1,2
54470,0,1,1,2
54471,0,1,1,2
54663,0,1,1,2
54672,0,1,1,2
54746,0,1,1,2
54748,0,1,1,2
54752,0,1,1,2
54753,0,1,1,2
54755,0,1,1,2
54757,1,0,2,1
54759,0,1,1,2
54800,0,1,1,2
54988,0,1,1,2
55065,0,1,1,2
55126,0,1,1,2
55127,0,1,1,2
55389,0,1,1,2
55390,0,1,1,2
55398,0,1,1,2
55411,0,1,1,2
55651,0,1,1,2
55653,0,1,1,2
55655,0,1,1,2
55720,0,1,1,2
55722,0,1,1,2
55725,0,1,1,2
55740,0,1,1,2
55783,0,1,1,2
55851,0,1,1,2
55978,0,1,1,2
55980,0,1,1,2
56042,0,1,1,2
56054,1,0,2,1
56057,0,1,1,2
56134,1,0,2,1
56170,0,1,1,2
56171,0,1,1,2
56299,0,1,1,2
56300,0,1,1,2
56358,0,1,1,2
56366,1,0,2,1
56480,0,1,1,2
56483,0,1,1,2
56485,0,1,1,2
56487,0,1,1,2
56614,0,1,1,2
56660,0,1,1,2
56663,0,1,1,2
56676,0,1,1,2
56681,0,1,1,2
56720,0,1,1,2
56786,0,1,1,2
56787,0,1,1,2
56789,0,1,1,2
56794,0,1,1,2
56795,0,1,1,2
56982,1,0,2,1
57029,0,1,1,2
57092,0,1,1,2
57095,0,1,1,2
57266,0,1,1,2
57279,1,0,2,1
57284,0,1,1,2
57330,0,1,1,2
57334,0,1,1,2
57392,0,1,1,2
57400,0,1,1,2
57535,0,1,1,2
57568,0,1,1,2
57569,0,1,1,2
57572,0,1,1,2
57578,1,0,2,1
57582,1,0,2,1
57590,0,1,1,2
57631,0,1,1,2
57635,0,1,1,2
57697,0,1,1,2
57699,0,1,1,2
57701,0,1,1,2
57703,0,1,1,2
57835,0,1,1,2
57837,0,1,1,2
57842,0,1,1,2
57873,0,1,1,2
57893,0,1,1,2
57935,0,1,1,2
57939,0,1,1,2
58141,0,1,1,2
58146,0,1,1,2
58183,1,0,2,1
58186,1,0,2,1
58239,0,1,1,2
58243,0,1,1,2
58304,0,1,1,2
58312,0,1,1,2
58454,0,1,1,2
58462,0,1,1,2
58548,0,1,1,2
58549,0,1,1,2
58614,0,1,1,2
58617,0,1,1,2
58621,0,1,1,2
58622,0,1,1,2
58790,0,1,1,2
58894,0,1,1,2
58918,0,1,1,2
59056,0,1,1,2
59061,0,1,1,2
59066,0,1,1,2
59098,0,1,1,2
59105,0,1,1,2
59106,0,1,1,2
59107,0,1,1,2
59194,0,1,1,2
59196,0,1,1,2
59198,0,1,1,2
59213,0,1,1,2
59219,0,1,1,2
59224,0,1,1,2
59368,0,1,1,2
59369,0,1,1,2
59403,0,1,1,2
59404,0,1,1,2
59523,0,1,1,2
59659,0,1,1,2
59662,0,1,1,2
59697,0,1,1,2
59786,0,1,1,2
59790,0,1,1,2
59806,0,1,1,2
59808,0,1,1,2
59812,0,1,1,2
59816,0,1,1,2
59946,0,1,1,2
60093,0,1,1,2
60103,0,1,1,2
60106,0,1,1,2
60234,0,1,1,2
60324,0,1,1,2
60372,0,1,1,2
60394,0,1,1,2
60396,0,1,1,2
60532,0,1,1,2
60533,0,1,1,2
60534,0,1,1,2
60539,0,1,1,2
60579,1,0,2,1
60668,0,1,1,2
60670,0,1,1,2
60819,0,1,1,2
60829,0,1,1,2
60830,0,1,1,2
61113,0,1,1,2
61115,0,1,1,2
61117,0,1,1,2
61118,0,1,1,2
61126,0,1,1,2
61127,0,1,1,2
61129,0,1,1,2
61133,0,1,1,2
61134,0,1,1,2
61139,0,1,1,2
61141,0,1,1,2
61177,0,1,1,2
61284,0,1,1,2
61291,0,1,1,2
61297,0,1,1,2
61300,0,1,1,2
61394,1,0,2,1
61400,0,1,1,2
61405,1,0,2,1
61406,1,0,2,1
61421,0,1,1,2
61422,0,1,1,2
61424,0,1,1,2
61471,0,1,1,2
61561,0,1,1,2
61579,0,1,1,2
61581,0,1,1,2
61587,0,1,1,2
61590,0,1,1,2
61595,0,1,1,2
61597,0,1,1,2
61722,0,1,1,2
61769,0,1,1,2
61841,1,0,2,1
61889,0,1,1,2
61981,1,0,2,1
61987,1,0,2,1
61988,1,0,2,1
61989,1,0,2,1
61990,1,0,2,1
61992,1,0,2,1
62001,1,0,2,1
62061,0,1,1,2
62063,0,1,1,2
62084,0,1,1,2
62133,1,0,2,1
62189,0,1,1,2
62284,1,0,2,1
62289,1,0,2,1
62304,1,0,2,1
62318,0,1,1,2
62324,0,1,1,2
62375,0,1,1,2
62376,0,1,1,2
62378,0,1,1,2
62379,0,1,1,2
62447,0,1,1,2
62473,0,1,1,2
62481,0,1,1,2
62567,1,0,2,1
62584,1,0,2,1
62588,1,0,2,1
62605,0,1,1,2
62606,0,1,1,2
62608,0,1,1,2
62609,0,1,1,2
62610,0,1,1,2
62612,0,1,1,2
62672,0,1,1,2
62674,0,1,1,2
62784,0,1,1,2
62864,1,0,2,1
62865,1,0,2,1
62868,1,0,2,1
62872,1,0,2,1
62875,1,0,2,1
62883,1,0,2,1
62884,1,0,2,1
62904,0,1,1,2
62963,0,1,1,2
62964,0,1,1,2
63071,0,1,1,2
63072,0,1,1,2
63075,0,1,1,2
63077,0,1,1,2
63165,1,0,2,1
63172,1,0,2,1
63196,0,1,1,2
63197,0,1,1,2
63202,0,1,1,2
63218,0,1,1,2
63262,0,1,1,2
63265,0,1,1,2
63266,0,1,1,2
63337,0,1,1,2
63363,0,1,1,2
63366,0,1,1,2
63367,0,1,1,2
63371,0,1,1,2
63373,0,1,1,2
63377,0,1,1,2
63379,0,1,1,2
63459,1,0,2,1
63466,1,0,2,1
63548,0,1,1,2
63560,0,1,1,2
63561,0,1,1,2
63562,0,1,1,2
63629,0,1,1,2
63658,0,1,1,2
63670,0,1,1,2
63757,1,0,2,1
63810,0,1,1,2
63841,0,1,1,2
63858,0,1,1,2
63958,0,1,1,2
63967,0,1,1,2
63976,0,1,1,2
63977,0,1,1,2
63991,0,1,1,2
63992,0,1,1,2
64140,0,1,1,2
64144,0,1,1,2
64269,0,1,1,2
64273,0,1,1,2
64288,0,1,1,2
64291,0,1,1,2
64410,1,0,2,1
64454,1,4,2,5
64569,0,1,1,2
64575,0,1,1,2
64596,0,1,1,2
64886,0,1,1,2
64890,0,1,1,2
64891,0,1,1,2
65048,1,0,2,1
65161,0,1,1,2
65162,0,1,1,2
65165,0,1,1,2
65171,0,1,1,2
65180,0,1,1,2
65181,0,1,1,2
65182,0,1,1,2
65189,0,1,1,2
65194,0,1,1,2
65204,0,1,1,2
65346,1,0,2,1
65347,1,0,2,1
65463,0,1,1,2
65466,0,1,1,2
65476,0,1,1,2
65490,0,1,1,2
65491,0,1,1,2
65492,0,1,1,2
65494,0,1,1,2
65563,0,1,1,2
65628,0,1,1,2
65650,0,1,1,2
65651,0,1,1,2
65759,0,1,1,2
65760,0,1,1,2
65762,0,1,1,2
65766,0,1,1,2
65771,0,1,1,2
65774,0,1,1,2
65785,0,1,1,2
65788,0,1,1,2
65793,0,1,1,2
65798,0,1,1,2
65858,0,1,1,2
65859,0,1,1,2
65925,0,1,1,2
65948,0,1,1,2
66061,0,1,1,2
66066,0,1,1,2
66087,0,1,1,2
66089,0,1,1,2
66091,0,1,1,2
66094,0,1,1,2
66213,0,1,1,2
66231,0,1,1,2
66254,0,1,1,2
66377,0,1,1,2
66380,0,1,1,2
66395,0,1,1,2
66396,0,1,1,2
66398,0,1,1,2
66399,0,1,1,2
66400,0,1,1,2
66401,0,1,1,2
66586,0,1,1,2
66587,0,1,1,2
66716,0,1,1,2
66717,0,1,1,2
66718,0,1,1,2
66722,0,1,1,2
66727,0,1,1,2
66731,0,1,1,2
67049,0,1,1,2
67050,0,1,1,2
67063,0,1,1,2
67211,0,1,1,2
67253,0,1,1,2
67393,0,1,1,2
67397,0,1,1,2
67398,0,1,1,2
67399,0,1,1,2
67719,0,1,1,2
67720,0,1,1,2
67722,0,1,1,2
67725,0,1,1,2
68057,0,1,1,2
68060,0,1,1,2
68167,0,1,1,2
68382,0,1,1,2
68494,0,1,1,2
68496,0,1,1,2
68713,0,1,1,2
68814,0,1,1,2
68818,0,1,1,2
69026,0,1,1,2
69028,0,1,1,2
69131,0,1,1,2
69134,0,1,1,2
69441,0,1,1,2
69444,0,1,1,2
69448,0,1,1,2
69475,0,1,1,2
69765,0,1,1,2
69785,0,1,1,2
69786,0,1,1,2
70073,0,1,1,2
70075,0,1,1,2
70138,1,0,2,1
70428,0,1,1,2
70452,0,1,1,2
70688,1,0,2,1
70714,0,1,1,2
70719,0,1,1,2
70736,0,1,1,2
70748,0,1,1,2
70751,0,1,1,2
70756,0,1,1,2
70760,0,1,1,2
70998,1,0,2,1
71024,0,1,1,2
71032,0,1,1,2
71055,0,1,1,2
71058,0,1,1,2
71059,0,1,1,2
71062,0,1,1,2
71064,0,1,1,2
71067,0,1,1,2
71071,0,1,1,2
71077,0,1,1,2
71314,1,0,2,1
71325,0,1,1,2
71337,0,1,1,2
71338,0,1,1,2
71340,0,1,1,2
71359,0,1,1,2
71366,0,1,1,2
71369,0,1,1,2
71374,0,1,1,2
71376,0,1,1,2
71383,0,1,1,2
71472,1,0,2,1
71539,1,4,2,5
71619,1,0,2,1
71620,1,0,2,1
71623,0,1,1,2
71630,0,1,1,2
71642,0,1,1,2
71645,0,1,1,2
71649,0,1,1,2
71667,0,1,1,2
71669,0,1,1,2
71685,0,1,1,2
71923,1,0,2,1
71945,0,1,1,2
71953,0,1,1,2
71982,0,1,1,2
71983,0,1,1,2
71988,0,1,1,2
71993,0,1,1,2
71998,0,1,1,2
72155,4,1,5,2
72220,1,0,2,1
72228,0,1,1,2
72241,0,1,1,2
72245,0,1,1,2
72246,0,1,1,2
72247,0,1,1,2
72248,0,1,1,2
72250,0,1,1,2
72251,0,1,1,2
72255,0,1,1,2
72273,0,1,1,2
72275,0,1,1,2
72292,0,1,1,2
72295,0,1,1,2
72296,0,1,1,2
72322,0,1,1,2
72447,4,1,5,2
72454,4,1,5,2
72465,4,1,5,2
72467,4,1,5,2
72524,1,0,2,1
72528,0,1,1,2
72530,0,1,1,2
72537,0,1,1,2
72552,0,1,1,2
72563,0,1,1,2
72580,0,1,1,2
72601,0,1,1,2
72751,4,1,5,2
72823,1,0,2,1
72854,0,1,1,2
72856,0,1,1,2
72876,0,1,1,2
72884,0,1,1,2
72885,0,1,1,2
72891,0,1,1,2
72892,0,1,1,2
72896,0,1,1,2
72909,0,1,1,2
73106,0,1,1,2
73108,0,1,1,2
73132,0,1,1,2
73133,0,1,1,2
73159,0,1,1,2
73163,0,1,1,2
73176,0,1,1,2
73182,0,1,1,2
73193,0,1,1,2
73194,0,1,1,2
73201,0,1,1,2
73322,4,1,5,2
73388,0,1,1,2
73435,0,1,1,2
73438,0,1,1,2
73450,0,1,1,2
73460,0,1,1,2
73474,0,1,1,2
73485,0,1,1,2
73604,4,1,5,2
73610,4,1,5,2
73615,4,1,5,2
73663,1,0,2,1
73720,0,1,1,2
73724,0,1,1,2
73737,0,1,1,2
73738,0,1,1,2
73741,0,1,1,2
73749,1,0,2,1
73950,1,0,2,1
73954,1,0,2,1
73983,0,1,1,2
74000,0,1,1,2
74001,0,1,1,2
74002,0,1,1,2
74014,0,1,1,2
74048,0,1,1,2
74053,0,1,1,2
74182,4,1,5,2
74242,1,0,2,1
74291,0,1,1,2
74298,0,1,1,2
74299,0,1,1,2
74310,0,1,1,2
74313,0,1,1,2
74336,0,1,1,2
74345,0,1,1,2
74474,4,1,5,2
74531,1,0,2,1
74589,0,1,1,2
74592,0,1,1,2
74595,0,1,1,2
74605,0,1,1,2
74611,0,1,1,2
74621,0,1,1,2
74638,0,1,1,2
74639,0,1,1,2
74640,0,1,1,2
74769,4,1,5,2
74849,0,1,1,2
74850,0,1,1,2
74893,0,1,1,2
74894,0,1,1,2
74900,0,1,1,2
74903,0,1,1,2
74906,0,1,1,2
74908,0,1,1,2
74911,0,1,1,2
74912,0,1,1,2
74919,0,1,1,2
74921,0,1,1,2
74923,0,1,1,2
74924,0,1,1,2
74925,0,1,1,2
74944,0,1,1,2
75062,4,1,5,2
75131,1,0,2,1
75143,0,1,1,2
75144,0,1,1,2
75149,0,1,1,2
75194,0,1,1,2
75203,0,1,1,2
75204,0,1,1,2
75205,0,1,1,2
75209,0,1,1,2
75218,0,1,1,2
75222,0,1,1,2
75363,4,1,5,2
75365,4,1,5,2
75420,1,0,2,1
75427,1,0,2,1
75428,1,0,2,1
75433,1,0,2,1
75435,0,1,1,2
75441,0,1,1,2
75487,0,1,1,2
75498,0,1,1,2
75514,0,1,1,2
75524,0,1,1,2
75710,1,0,2,1
75713,1,0,2,1
75724,1,0,2,1
75737,0,1,1,2
75792,0,1,1,2
75799,0,1,1,2
75815,0,1,1,2
75829,0,1,1,2
76025,0,1,1,2
76081,1,0,2,1
76092,0,1,1,2
76105,0,1,1,2
76106,0,1,1,2
76107,0,1,1,2
76298,1,0,2,1
76364,0,1,1,2
76365,0,1,1,2
76373,1,0,2,1
76382,0,1,1,2
76383,0,1,1,2
76418,0,1,1,2
76516,1,0,2,1
76616,0,1,1,2
76654,0,1,1,2
76662,1,0,2,1
76686,0,1,1,2
76688,0,1,1,2
76693,0,1,1,2
76708,0,1,1,2
76710,0,1,1,2
76891,0,1,1,2
76900,0,1,1,2
76996,0,1,1,2
77178,0,1,1,2
77187,0,1,1,2
77249,0,1,1,2
77259,0,1,1,2
77260,0,1,1,2
77283,0,1,1,2
77457,0,1,1,2
77466,0,1,1,2
77515,1,0,2,1
77520,1,0,2,1
77544,0,1,1,2
77559,0,1,1,2
77560,0,1,1,2
77569,0,1,1,2
77745,0,1,1,2
77749,0,1,1,2
77808,1,0,2,1
77813,0,1,1,2
77826,0,1,1,2
77827,0,1,1,2
77849,0,1,1,2
78031,0,1,1,2
78033,0,1,1,2
78091,0,1,1,2
78093,0,1,1,2
78106,0,1,1,2
78107,0,1,1,2
78119,0,1,1,2
78313,0,1,1,2
78363,1,0,2,1
78377,1,0,2,1
78378,1,0,2,1
78380,1,0,2,1
78383,1,0,2,1
78387,0,1,1,2
78390,0,1,1,2
78397,0,1,1,2
78656,1,0,2,1
78657,1,0,2,1
78686,0,1,1,2
78920,1,0,2,1
78927,0,1,1,2
78928,0,1,1,2
78929,0,1,1,2
78936,1,0,2,1
78951,0,1,1,2
79205,0,1,1,2
79212,1,0,2,1
79219,0,1,1,2
79221,0,1,1,2
79222,0,1,1,2
79244,0,1,1,2
79246,0,1,1,2
79478,1,0,2,1
79488,0,1,1,2
79489,0,1,1,2
79493,1,0,2,1
79513,0,1,1,2
79765,0,1,1,2
79766,0,1,1,2
79771,0,1,1,2
79774,1,0,2,1
79794,0,1,1,2
79806,0,1,1,2
79807,0,1,1,2
79808,0,1,1,2
80053,0,1,1,2
80056,0,1,1,2
80060,1,0,2,1
80073,1,0,2,1
80091,0,1,1,2
80094,0,1,1,2
80097,1,0,2,1
80328,1,0,2,1
80333,0,1,1,2
80340,0,1,1,2
80360,1,0,2,1
80504,1,3,2,4
80552,1,0,2,1
80628,0,1,1,2
80649,1,0,2,1
80655,1,0,2,1
80667,0,1,1,2
80839,1,0,2,1
80956,0,1,1,2
81199,0,1,1,2
81216,0,1,1,2
81241,0,1,1,2
81355,1,4,2,5
81471,0,1,1,2
81491,0,1,1,2
81502,0,1,1,2
81504,0,1,1,2
81529,0,1,1,2
81533,0,1,1,2
81689,0,1,1,2
81757,0,1,1,2
81798,1,0,2,1
81819,0,1,1,2
81820,0,1,1,2
81821,0,1,1,2
82051,0,1,1,2
82052,0,1,1,2
82070,0,1,1,2
82071,0,1,1,2
82072,0,1,1,2
82100,0,1,1,2
82104,0,1,1,2
82108,0,1,1,2
82340,0,1,1,2
82348,0,1,1,2
82391,0,1,1,2
82667,1,0,2,1
82676,1,0,2,1
82938,0,1,1,2
82941,0,1,1,2
82942,0,1,1,2
82965,1,0,2,1
82968,1,0,2,1
82976,1,0,2,1
83237,0,1,1,2
83241,0,1,1,2
83270,1,0,2,1
83276,1,0,2,1
83277,1,0,2,1
83298,0,1,1,2
83563,0,1,1,2
83585,1,0,2,1
83588,1,0,2,1
83859,0,1,1,2
83885,1,0,2,1
83888,1,0,2,1
83890,1,0,2,1
83904,0,1,1,2
83916,0,1,1,2
84088,0,1,1,2
84147,0,1,1,2
84177,1,0,2,1
84180,1,0,2,1
84183,1,0,2,1
84185,1,0,2,1
84187,1,0,2,1
84191,1,0,2,1
84209,0,1,1,2
84213,0,1,1,2
84372,0,1,1,2
84381,0,1,1,2
84444,0,1,1,2
84450,0,1,1,2
84467,0,1,1,2
84474,1,0,2,1
84479,1,0,2,1
84499,0,1,1,2
84511,0,1,1,2
84674,0,1,1,2
84677,0,1,1,2
84680,0,1,1,2
84802,0,1,1,2
84804,0,1,1,2
84806,0,1,1,2
84962,0,1,1,2
84968,0,1,1,2
84975,0,1,1,2
85036,0,1,1,2
85090,0,1,1,2
85180,1,0,2,1
85262,0,1,1,2
85266,0,1,1,2
85267,0,1,1,2
85270,0,1,1,2
85271,0,1,1,2
85343,1,0,2,1
85344,1,0,2,1
85346,1,0,2,1
85349,1,0,2,1
85350,1,0,2,1
85371,0,1,1,2
85373,0,1,1,2
85379,0,1,1,2
85546,0,1,1,2
85554,0,1,1,2
85646,0,1,1,2
85663,0,1,1,2
85739,1,0,2,1
85838,0,1,1,2
85840,0,1,1,2
85901,0,1,1,2
85919,1,0,2,1
85925,1,0,2,1
85932,0,1,1,2
85949,0,1,1,2
85952,0,1,1,2
85953,0,1,1,2
85956,0,1,1,2
85957,0,1,1,2
86114,0,1,1,2
86115,0,1,1,2
86117,0,1,1,2
86129,0,1,1,2
86182,0,1,1,2
86186,0,1,1,2
86188,0,1,1,2
86192,0,1,1,2
86197,1,0,2,1
86205,1,0,2,1
86231,0,1,1,2
86236,0,1,1,2
86237,0,1,1,2
86239,0,1,1,2
86242,0,1,1,2
86245,0,1,1,2
86406,0,1,1,2
86412,0,1,1,2
86462,0,1,1,2
86463,0,1,1,2
86468,0,1,1,2
86473,0,1,1,2
86475,1,0,2,1
86478,1,0,2,1
86495,0,1,1,2
86496,0,1,1,2
86505,0,1,1,2
86680,0,1,1,2
86685,0,1,1,2
86746,0,1,1,2
86748,0,1,1,2
86751,0,1,1,2
86755,0,1,1,2
86757,0,1,1,2
86764,1,0,2,1
86780,0,1,1,2
86792,0,1,1,2
86799,0,1,1,2
86816,0,1,1,2
86818,0,1,1,2
86819,0,1,1,2
86968,0,1,1,2
86981,0,1,1,2
87036,0,1,1,2
87038,0,1,1,2
87040,0,1,1,2
87042,0,1,1,2
87043,0,1,1,2
87047,0,1,1,2
87058,1,0,2,1
87065,0,1,1,2
87069,0,1,1,2
87078,0,1,1,2
87102,0,1,1,2
87104,0,1,1,2
87253,1,0,2,1
87255,0,1,1,2
87261,0,1,1,2
87320,0,1,1,2
87324,0,1,1,2
87325,0,1,1,2
87328,0,1,1,2
87331,0,1,1,2
87332,0,1,1,2
87345,1,0,2,1
87367,0,1,1,2
87368,0,1,1,2
87371,0,1,1,2
87372,0,1,1,2
87389,0,1,1,2
87392,0,1,1,2
87542,0,1,1,2
87607,0,1,1,2
87608,0,1,1,2
87610,0,1,1,2
87621,0,1,1,2
87631,1,0,2,1
87635,1,0,2,1
87639,1,0,2,1
87641,1,0,2,1
87658,0,1,1,2
87659,0,1,1,2
87708,0,1,1,2
87825,1,0,2,1
87826,1,0,2,1
87832,1,0,2,1
87894,0,1,1,2
87895,0,1,1,2
87896,0,1,1,2
87899,0,1,1,2
87925,1,0,2,1
87928,1,0,2,1
87930,1,0,2,1
87932,1,0,2,1
87944,0,1,1,2
87945,0,1,1,2
87950,1,0,2,1
87951,1,0,2,1
87966,0,1,1,2
87967,0,1,1,2
87976,0,1,1,2
87978,0,1,1,2
87990,0,1,1,2
87992,0,1,1,2
87993,0,1,1,2
87995,0,1,1,2
87997,0,1,1,2
88112,1,0,2,1
88186,0,1,1,2
88221,1,0,2,1
88222,1,0,2,1
88265,0,1,1,2
88268,0,1,1,2
88276,0,1,1,2
88287,0,1,1,2
88392,0,1,1,2
88409,1,0,2,1
88410,1,0,2,1
88551,0,1,1,2
88553,0,1,1,2
88554,0,1,1,2
88561,0,1,1,2
88563,0,1,1,2
88566,0,1,1,2
88567,0,1,1,2
88703,1,0,2,1
88705,1,0,2,1
88823,1,0,2,1
88846,0,1,1,2
88848,0,1,1,2
88853,0,1,1,2
88857,0,1,1,2
88859,0,1,1,2
88862,0,1,1,2
88874,0,1,1,2
88877,0,1,1,2
88996,1,0,2,1
89001,1,0,2,1
89004,1,0,2,1
89005,1,0,2,1
89127,1,0,2,1
89144,0,1,1,2
89158,0,1,1,2
89169,0,1,1,2
89171,0,1,1,2
89178,0,1,1,2
89296,1,0,2,1
89302,1,0,2,1
89304,1,0,2,1
89422,0,1,1,2
89423,0,1,1,2
89443,0,1,1,2
89445,0,1,1,2
89451,0,1,1,2
89452,0,1,1,2
89473,0,1,1,2
89476,0,1,1,2
89477,0,1,1,2
89599,1,0,2,1
89606,1,0,2,1
89607,1,0,2,1
89610,1,0,2,1
89710,0,1,1,2
89718,0,1,1,2
89721,0,1,1,2
89722,0,1,1,2
89725,0,1,1,2
89727,0,1,1,2
89732,1,0,2,1
89740,0,1,1,2
89742,0,1,1,2
89743,0,1,1,2
89757,0,1,1,2
89766,0,1,1,2
89771,0,1,1,2
89775,0,1,1,2
89780,0,1,1,2
89781,0,1,1,2
89784,0,1,1,2
90008,0,1,1,2
90010,0,1,1,2
90014,0,1,1,2
90021,0,1,1,2
90035,0,1,1,2
90036,0,1,1,2
90039,0,1,1,2
90045,0,1,1,2
90050,0,1,1,2
90052,0,1,1,2
90073,0,1,1,2
90074,0,1,1,2
90075,0,1,1,2
90079,0,1,1,2
90191,1,0,2,1
90198,1,0,2,1
90201,1,0,2,1
90220,1,0,2,1
90306,0,1,1,2
90309,0,1,1,2
90311,0,1,1,2
90314,0,1,1,2
90337,0,1,1,2
90352,0,1,1,2
90365,0,1,1,2
90371,0,1,1,2
90481,1,0,2,1
90591,0,1,1,2
90594,0,1,1,2
90597,0,1,1,2
90614,0,1,1,2
90616,0,1,1,2
90639,0,1,1,2
90753,1,0,2,1
90769,1,0,2,1
90865,0,1,1,2
90866,0,1,1,2
90868,0,1,1,2
90885,0,1,1,2
91024,1,0,2,1
91025,1,0,2,1
91039,1,0,2,1
91134,0,1,1,2
91149,0,1,1,2
91155,0,1,1,2
91192,0,1,1,2
91292,1,0,2,1
91402,0,1,1,2
91415,0,1,1,2
91416,0,1,1,2
91417,0,1,1,2
91421,0,1,1,2
91448,0,1,1,2
91561,1,0,2,1
91680,0,1,1,2
91683,0,1,1,2
91712,0,1,1,2
91714,0,1,1,2
91837,1,0,2,1
91839,1,0,2,1
91946,0,1,1,2
91948,0,1,1,2
91979,0,1,1,2
91980,0,1,1,2
92101,1,0,2,1
92110,0,1,1,2
92115,1,0,2,1
92214,0,1,1,2
92216,0,1,1,2
92245,0,1,1,2
92375,0,1,1,2
92486,0,1,1,2
92633,1,0,2,1
92784,0,1,1,2
92786,0,1,1,2
92917,1,0,2,1
92923,1,0,2,1
92924,1,0,2,1
92925,1,0,2,1
93048,0,1,1,2
93053,0,1,1,2
93162,1,0,2,1
93176,0,1,1,2
93180,1,0,2,1
93182,1,0,2,1
93184,1,0,2,1
93188,1,0,2,1
93190,1,0,2,1
93222,0,1,1,2
93310,0,1,1,2
93316,0,1,1,2
93423,1,0,2,1
93435,1,0,2,1
93439,1,0,2,1
93448,1,0,2,1
93572,0,1,1,2
93574,0,1,1,2
93575,0,1,1,2
93693,1,0,2,1
93696,1,0,2,1
93697,1,0,2,1
93704,1,0,2,1
93829,0,1,1,2
93954,1,0,2,1
93955,1,0,2,1
93956,1,0,2,1
93962,1,0,2,1
94088,0,1,1,2
94089,0,1,1,2
94092,0,1,1,2
94220,1,0,2,1
94222,1,0,2,1
94230,1,0,2,1
94495,1,0,2,1
94584,1,0,2,1
94623,0,1,1,2
94629,0,1,1,2
94754,1,0,2,1
94759,1,0,2,1
94894,0,1,1,2
95067,0,1,1,2
95288,1,0,2,1
95297,1,0,2,1
95298,1,0,2,1
95425,0,1,1,2
95559,1,0,2,1
95560,1,0,2,1
95570,1,0,2,1
95689,0,1,1,2
95694,0,1,1,2
95828,1,0,2,1
95833,1,0,2,1
95835,1,0,2,1
95840,0,1,1,2
95842,0,1,1,2
95877,0,1,1,2
95957,0,1,1,2
96106,0,1,1,2
96200,0,1,1,2
96372,1,0,2,1
96380,0,1,1,2
96381,0,1,1,2
96402,0,1,1,2
96405,0,1,1,2
96475,0,1,1,2
96644,1,0,2,1
96688,0,1,1,2
96756,0,1,1,2
97031,0,1,1,2
97034,0,1,1,2
97313,0,1,1,2
97314,0,1,1,2
97494,1,0,2,1
97505,0,1,1,2
97506,0,1,1,2
97508,0,1,1,2
97534,1,0,2,1
97593,0,1,1,2
97595,0,1,1,2
97769,1,0,2,1
97777,1,0,2,1
97783,0,1,1,2
97787,0,1,1,2
97795,0,1,1,2
97814,1,0,2,1
97875,0,1,1,2
98047,1,0,2,1
98051,1,0,2,1
98054,1,0,2,1
98057,1,0,2,1
98059,0,1,1,2
98070,0,1,1,2
98075,0,1,1,2
98076,0,1,1,2
98093,1,0,2,1
98152,0,1,1,2
98155,0,1,1,2
98349,0,1,1,2
98351,0,1,1,2
98352,1,0,2,1
98427,0,1,1,2
98433,0,1,1,2
98434,0,1,1,2
98600,1,0,2,1
98601,1,0,2,1
98603,1,0,2,1
98606,1,0,2,1
98607,1,0,2,1
98608,1,0,2,1
98647,1,0,2,1
98706,0,1,1,2
98880,1,0,2,1
98881,1,0,2,1
98885,1,0,2,1
98926,1,0,2,1
98927,1,0,2,1
98986,0,1,1,2
99026,4,1,5,2
99183,1,0,2,1
99295,4,1,5,2
99298,4,1,5,2
99299,4,1,5,2
99430,1,0,2,1
99436,1,0,2,1
99455,1,0,2,1
99478,0,1,1,2
99537,0,1,1,2
99545,0,1,1,2
99704,1,0,2,1
99705,1,0,2,1
99819,0,1,1,2
99822,0,1,1,2
100019,1,0,2,1
100020,1,0,2,1
100024,0,1,1,2
100036,0,1,1,2
100101,0,1,1,2
100260,1,0,2,1
100264,1,0,2,1
100301,1,0,2,1
100318,0,1,1,2
100389,0,1,1,2
100546,1,0,2,1
100551,1,0,2,1
100575,1,0,2,1
100705,4,1,5,2
100883,0,1,1,2
100912,1,4,2,5
101144,1,0,2,1
101146,1,0,2,1
101174,0,1,1,2
101428,1,0,2,1
101458,0,1,1,2
101482,1,4,2,5
101560,4,1,5,2
101561,4,1,5,2
101732,0,1,1,2
101763,1,4,2,5
101843,4,1,5,2
101844,4,1,5,2
102006,1,0,2,1
102012,0,1,1,2
102028,0,1,1,2
102129,4,1,5,2
102135,4,1,5,2
102136,4,1,5,2
102291,1,0,2,1
102316,0,1,1,2
102430,1,0,2,1
102582,0,1,1,2
102588,0,1,1,2
102597,0,1,1,2
102706,4,1,5,2
102708,4,1,5,2
102709,4,1,5,2
102710,4,1,5,2
102867,0,1,1,2
102868,0,1,1,2
102995,4,1,5,2
102997,4,1,5,2
103150,1,0,2,1
103156,0,1,1,2
103159,0,1,1,2
103185,0,1,1,2
103439,1,0,2,1
103441,1,0,2,1
103443,1,0,2,1
103444,0,1,1,2
103445,0,1,1,2
103467,0,1,1,2
103473,0,1,1,2
103611,4,1,5,2
103731,1,0,2,1
103738,0,1,1,2
103739,0,1,1,2
103755,0,1,1,2
103763,0,1,1,2
103903,4,1,5,2
103904,4,1,5,2
104045,0,1,1,2
104047,0,1,1,2
104051,0,1,1,2
104054,0,1,1,2
104056,0,1,1,2
104058,0,1,1,2
104064,0,1,1,2
104200,4,1,5,2
104344,0,1,1,2
104506,4,1,5,2
104648,0,1,1,2
104649,0,1,1,2
104653,0,1,1,2
104668,0,1,1,2
104670,0,1,1,2
104673,0,1,1,2
104674,0,1,1,2
104812,4,1,5,2
104818,4,1,5,2
104960,0,1,1,2
105134,1,0,2,1
105280,0,1,1,2
105293,0,1,1,2
105295,0,1,1,2
105302,0,1,1,2
105598,0,1,1,2
105599,0,1,1,2
105600,0,1,1,2
105612,0,1,1,2
105615,0,1,1,2
105621,0,1,1,2
105723,0,1,1,2
105917,1,0,2,1
105918,1,0,2,1
105926,0,1,1,2
105943,0,1,1,2
105950,0,1,1,2
106055,0,1,1,2
106247,1,0,2,1
106248,1,0,2,1
106254,0,1,1,2
106255,0,1,1,2
106267,0,1,1,2
106270,0,1,1,2
106271,0,1,1,2
106381,0,1,1,2
106383,0,1,1,2
106574,1,0,2,1
106609,0,1,1,2
106610,0,1,1,2
106706,0,1,1,2
106707,0,1,1,2
106907,1,0,2,1
106908,1,0,2,1
106939,0,1,1,2
107042,0,1,1,2
107237,1,0,2,1
107238,1,0,2,1
107325,1,0,2,1
107375,0,1,1,2
107571,1,0,2,1
107572,1,0,2,1
107589,1,0,2,1
107606,0,1,1,2
107609,0,1,1,2
107703,0,1,1,2
107908,1,0,2,1
107909,1,0,2,1
107927,1,0,2,1
107948,0,1,1,2
108038,0,1,1,2
108041,0,1,1,2
108044,0,1,1,2
108112,1,0,2,1
108149,4,1,5,2
108151,4,1,5,2
108256,1,0,2,1
108268,1,0,2,1
108373,0,1,1,2
108376,0,1,1,2
108486,4,1,5,2
108591,1,0,2,1
108593,1,0,2,1
108596,1,0,2,1
108621,0,1,1,2
108622,0,1,1,2
108625,0,1,1,2
108824,4,1,5,2
108829,4,1,5,2
108830,1,4,2,5
108933,1,0,2,1
109275,1,0,2,1
109276,1,0,2,1
109305,0,1,1,2
109399,0,1,1,2
109510,4,1,5,2
109617,1,0,2,1
109619,1,0,2,1
109646,0,1,1,2
109740,0,3,1,4
109741,0,1,1,2
109851,4,1,5,2
109852,4,1,5,2
109957,1,0,2,1
109960,1,0,2,1
109986,0,1,1,2
110187,4,1,5,2
110190,4,1,5,2
110304,1,0,2,1
110305,1,0,2,1
110308,1,0,2,1
110317,1,0,2,1
110649,1,0,2,1
110650,1,0,2,1
110665,1,0,2,1
110677,0,1,1,2
110771,0,1,1,2
110879,4,1,5,2
111009,1,0,2,1
111017,0,1,1,2
111024,0,1,1,2
111115,0,1,1,2
111342,1,0,2,1
111345,1,0,2,1
111346,1,0,2,1
111363,0,1,1,2
111368,0,1,1,2
111640,0,1,1,2
111699,1,0,2,1
111700,1,0,2,1
111711,1,0,2,1
111823,0,1,1,2
111934,4,1,5,2
111994,0,1,1,2
112051,1,0,2,1
112074,0,1,1,2
112421,0,1,1,2
112522,0,1,1,2
112633,4,1,5,2
112692,0,1,1,2
112693,0,1,1,2
112695,0,1,1,2
112750,1,0,2,1
112755,1,0,2,1
112756,1,0,2,1
112970,4,1,5,2
112971,4,0,5,1
113030,0,1,1,2
113085,1,0,2,1
113086,1,0,2,1
113091,1,0,2,1
113420,1,0,2,1
113426,1,0,2,1
113429,1,0,2,1
113647,4,1,5,2
113712,0,1,1,2
113873,0,1,1,2
113984,4,1,5,2
114047,0,1,1,2
114099,1,0,2,1
114104,1,0,2,1
114108,1,0,2,1
114212,0,1,1,2
114437,1,0,2,1
114658,4,1,5,2
114719,0,1,1,2
114720,0,1,1,2
114724,0,1,1,2
114878,0,1,1,2
115055,0,1,1,2
115057,0,1,1,2
115217,0,1,1,2
115392,0,1,1,2
115394,0,1,1,2
115552,0,1,1,2
115734,0,1,1,2
115892,0,1,1,2
116064,0,1,1,2
116068,0,1,1,2
116070,0,1,1,2
116380,0,1,1,2
116383,0,1,1,2
116385,0,1,1,2
116386,0,1,1,2
116390,0,1,1,2
116393,0,1,1,2
116395,0,1,1,2
116399,0,1,1,2
116400,0,1,1,2
116408,0,1,1,2
116410,0,1,1,2
116411,0,1,1,2
116534,1,0,2,1
116598,1,0,2,1
116605,0,1,1,2
116665,1,0,2,1
116754,0,1,1,2
116757,0,1,1,2
116758,0,1,1,2
116761,0,1,1,2
116771,0,1,1,2
116777,0,1,1,2
116782,0,1,1,2
116788,0,1,1,2
116820,0,1,1,2
116856,1,0,2,1
116977,0,1,1,2
117027,0,1,1,2
117029,0,1,1,2
117130,0,1,1,2
117131,0,1,1,2
117136,0,1,1,2
117153,0,1,1,2
117166,0,1,1,2
117195,0,1,1,2
117197,0,1,1,2
117233,1,0,2,1
117235,1,0,2,1
117238,1,0,2,1
117242,1,0,2,1
117244,1,0,2,1
117284,1,0,2,1
117285,1,0,2,1
117403,0,1,1,2
117405,0,1,1,2
117406,0,1,1,2
117502,0,1,1,2
117508,0,1,1,2
117532,0,1,1,2
117539,0,1,1,2
117571,0,1,1,2
117603,1,0,2,1
117605,1,0,2,1
117609,1,0,2,1
117611,1,0,2,1
117616,1,0,2,1
117722,0,1,1,2
117782,0,1,1,2
117875,0,1,1,2
117877,0,1,1,2
117901,0,1,1,2
117911,0,1,1,2
117942,0,1,1,2
117943,0,1,1,2
117944,0,1,1,2
117975,1,0,2,1
117978,1,0,2,1
117983,1,0,2,1
117984,1,0,2,1
118098,0,1,1,2
118149,0,1,1,2
118154,0,1,1,2
118157,0,1,1,2
118345,1,0,2,1
118355,1,0,2,1
118380,0,1,1,2
118469,0,1,1,2
118517,0,1,1,2
118524,0,1,1,2
118654,0,1,1,2
118683,0,1,1,2
118714,1,0,2,1
118716,1,0,2,1
118725,1,0,2,1
118749,0,1,1,2
118842,0,1,1,2
118843,0,1,1,2
119102,0,1,1,2
119103,0,1,1,2
119106,0,1,1,2
119108,0,1,1,2
119201,0,1,1,2
119209,0,1,1,2
119210,0,1,1,2
119359,0,1,1,2
119382,0,1,1,2
119463,0,1,1,2
119468,0,1,1,2
119556,0,1,1,2
119563,0,1,1,2
119565,0,1,1,2
119572,1,0,2,1
119604,0,1,1,2
119711,0,1,1,2
119817,0,1,1,2
119818,0,1,1,2
119917,0,1,1,2
119923,0,1,1,2
119934,0,1,1,2
119935,0,1,1,2
119956,0,1,1,2
120067,0,1,1,2
120069,0,1,1,2
120089,0,1,1,2
120093,0,1,1,2
120194,1,4,2,5
120260,0,1,1,2
120296,0,1,1,2
120317,0,1,1,2
120360,0,1,1,2
120365,1,0,2,1
120430,0,1,1,2
120433,0,1,1,2
120614,0,1,1,2
120637,1,0,2,1
120665,0,1,1,2
120666,0,1,1,2
120712,0,1,1,2
120775,0,1,1,2
120870,1,0,2,1
120883,0,1,1,2
120885,0,1,1,2
120889,0,1,1,2
120894,1,0,2,1
120983,1,0,2,1
120991,1,0,2,1
121000,0,1,1,2
121139,0,1,1,2
121225,1,0,2,1
121227,1,0,2,1
121236,0,1,1,2
121242,0,1,1,2
121252,1,0,2,1
121359,0,1,1,2
121361,0,1,1,2
121362,0,1,1,2
121363,0,1,1,2
121368,0,1,1,2
121375,0,1,1,2
121418,0,1,1,2
121420,0,1,1,2
121421,0,1,1,2
121488,0,1,1,2
121491,0,1,1,2
121495,0,1,1,2
121555,0,1,1,2
121577,1,0,2,1
121579,1,0,2,1
121591,0,1,1,2
121606,1,0,2,1
121607,1,0,2,1
121674,0,1,1,2
121675,0,1,1,2
121720,0,1,1,2
121721,0,1,1,2
121725,0,1,1,2
121732,0,1,1,2
121774,0,1,1,2
121775,0,1,1,2
121791,0,1,1,2
121838,0,1,1,2
121842,0,1,1,2
121844,0,1,1,2
121849,0,1,1,2
121851,0,1,1,2
121853,0,1,1,2
121856,1,0,2,1
121867,0,1,1,2
121916,0,1,1,2
121940,1,0,2,1
121943,1,0,2,1
121966,1,0,2,1
121968,1,0,2,1
122034,0,1,1,2
122077,0,1,1,2
122078,0,1,1,2
122080,0,1,1,2
122082,0,1,1,2
122136,0,1,1,2
122139,0,1,1,2
122153,0,1,1,2
122155,0,1,1,2
122208,0,1,1,2
122296,1,0,2,1
122297,1,0,2,1
122301,1,0,2,1
122306,1,0,2,1
122323,1,0,2,1
122330,1,0,2,1
122437,0,1,1,2
122439,0,1,1,2
122440,0,1,1,2
122501,0,1,1,2
122507,0,1,1,2
122566,0,1,1,2
122573,0,1,1,2
122576,0,1,1,2
122639,0,1,1,2
122657,1,0,2,1
122861,0,1,1,2
122922,0,1,1,2
122932,0,1,1,2
122996,0,1,1,2
122998,0,1,1,2
123020,1,0,2,1
123021,1,0,2,1
123022,1,0,2,1
123224,0,1,1,2
123225,0,1,1,2
123239,0,1,1,2
123242,0,1,1,2
123298,0,1,1,2
123361,0,1,1,2
123362,0,1,1,2
123382,1,0,2,1
123387,1,0,2,1
123389,1,0,2,1
123390,1,0,2,1
123475,0,1,1,2
123608,0,1,1,2
123727,0,1,1,2
123869,0,1,1,2
123986,1,4,2,5
124014,0,1,1,2
124018,0,1,1,2
124027,0,1,1,2
124112,1,0,2,1
124115,1,0,2,1
124116,1,0,2,1
124131,1,0,2,1
124318,0,1,1,2
124320,0,1,1,2
124335,0,1,1,2
124338,0,1,1,2
124339,0,1,1,2
124340,0,1,1,2
124341,0,1,1,2
124380,0,1,1,2
124388,0,1,1,2
124390,0,1,1,2
124392,0,1,1,2
124393,0,1,1,2
124454,0,1,1,2
124455,0,1,1,2
124458,0,1,1,2
124494,1,0,2,1
124678,0,1,1,2
124746,0,1,1,2
124747,0,1,1,2
124821,0,1,1,2
124822,0,1,1,2
124823,0,1,1,2
124842,1,0,2,1
124861,1,0,2,1
124935,0,1,1,2
125047,0,1,1,2
125062,0,1,1,2
125071,0,1,1,2
125087,0,1,1,2
125114,0,1,1,2
125123,0,1,1,2
125125,0,1,1,2
125188,0,1,1,2
125229,1,0,2,1
125353,0,1,1,2
125420,0,1,1,2
125431,0,1,1,2
125432,0,1,1,2
125440,0,1,1,2
125552,0,1,1,2
125706,1,0,2,1
125782,0,1,1,2
125783,0,1,1,2
125796,0,1,1,2
125823,0,1,1,2
125848,0,1,1,2
125850,0,1,1,2
125861,0,1,1,2
125864,0,1,1,2
125922,0,1,1,2
125924,0,1,1,2
126083,0,1,1,2
126162,0,1,1,2
126191,0,1,1,2
126192,0,1,1,2
126212,0,4,1,5
126286,0,1,1,2
126290,0,1,1,2
126446,0,1,1,2
126469,0,1,1,2
126526,0,1,1,2
126528,0,1,1,2
126531,0,1,1,2
126533,0,1,1,2
126555,0,1,1,2
126577,0,1,1,2
126587,0,1,1,2
126592,0,1,1,2
126650,0,1,1,2
126653,0,1,1,2
126701,1,0,2,1
126826,0,1,1,2
126830,0,1,1,2
126832,0,1,1,2
126882,0,1,1,2
126884,0,1,1,2
126887,0,1,1,2
126892,0,1,1,2
126934,0,1,1,2
126935,0,1,1,2
127063,1,0,2,1
127184,0,1,1,2
127188,0,1,1,2
127193,0,1,1,2
127249,0,1,1,2
127252,0,1,1,2
127280,0,1,1,2
127285,1,4,2,5
127301,0,1,1,2
127314,0,1,1,2
127315,0,1,1,2
127373,0,1,1,2
127374,0,1,1,2
127380,0,1,1,2
127381,0,1,1,2
127532,1,0,2,1
127557,0,1,1,2
127620,0,1,1,2
127626,0,1,1,2
127663,0,1,1,2
127665,0,1,1,2
127666,0,1,1,2
127669,0,1,1,2
127670,0,1,1,2
127742,0,1,1,2
127749,0,1,1,2
127791,0,1,1,2
127904,1,0,2,1
127928,0,1,1,2
127968,1,0,2,1
127982,0,1,1,2
127989,0,1,1,2
128018,0,1,1,2
128032,0,1,1,2
128033,0,1,1,2
128108,0,1,1,2
128126,1,0,2,1
128273,1,0,2,1
128285,0,1,1,2
128291,0,1,1,2
128293,0,1,1,2
128295,0,1,1,2
128354,0,1,1,2
128358,0,1,1,2
128359,0,1,1,2
128381,0,1,1,2
128382,0,1,1,2
128399,0,1,1,2
128401,0,1,1,2
128479,0,1,1,2
128484,0,1,1,2
128498,1,0,2,1
128527,0,1,1,2
128666,0,1,1,2
128667,0,1,1,2
128724,0,1,1,2
128725,0,1,1,2
128729,0,1,1,2
128758,0,1,1,2
128772,0,1,1,2
128773,0,1,1,2
128851,0,1,1,2
128854,0,1,1,2
128862,1,0,2,1
128864,1,0,2,1
128867,1,0,2,1
128898,0,1,1,2
128900,0,1,1,2
129016,1,0,2,1
129028,1,0,2,1
129029,1,0,2,1
129035,0,1,1,2
129037,0,1,1,2
129097,0,1,1,2
129101,0,1,1,2
129130,0,1,1,2
129142,0,1,1,2
129150,0,1,1,2
129152,0,1,1,2
129224,0,1,1,2
129272,0,1,1,2
129409,0,1,1,2
129503,0,1,1,2
129523,0,1,1,2
129593,0,1,1,2
129637,0,1,1,2
129638,0,1,1,2
129870,0,1,1,2
129871,0,1,1,2
129886,0,1,1,2
129892,0,1,1,2
129973,1,0,2,1
129974,1,0,2,1
129999,0,1,1,2
130005,0,1,1,2
130201,0,1,1,2
130204,0,1,1,2
130247,0,1,1,2
130363,0,1,1,2
130364,0,1,1,2
130368,0,1,1,2
130513,1,0,2,1
130601,0,1,1,2
130602,0,1,1,2
130615,0,1,1,2
130617,0,1,1,2
130618,0,1,1,2
130731,0,1,1,2
130934,0,1,1,2
130966,0,1,1,2
130967,0,1,1,2
130984,0,1,1,2
131088,0,1,1,2
131207,1,0,2,1
131326,0,1,1,2
131339,0,1,1,2
131343,0,1,1,2
131345,0,1,1,2
131465,1,0,2,1
131587,1,0,2,1
131598,0,1,1,2
131689,0,1,1,2
131690,0,1,1,2
131700,0,1,1,2
131704,0,1,1,2
131815,0,1,1,2
131933,1,0,2,1
131959,0,1,1,2
132018,1,0,2,1
132052,0,1,1,2
132053,0,1,1,2
132070,0,1,1,2
132191,0,1,1,2
132193,0,1,1,2
132313,1,0,2,1
132314,1,0,2,1
132315,1,0,2,1
132316,0,1,1,2
132320,0,1,1,2
132324,0,1,1,2
132433,0,1,1,2
132556,0,1,1,2
132677,1,0,2,1
132684,0,1,1,2
132777,0,1,1,2
132781,0,1,1,2
132789,0,1,1,2
132790,0,1,1,2
132797,0,1,1,2
132923,0,1,1,2
133032,1,0,2,1
133158,0,1,1,2
133285,0,1,1,2
133313,1,4,2,5
133409,0,1,1,2
133412,0,1,1,2
133413,0,1,1,2
133415,0,1,1,2
133506,0,1,1,2
133518,0,1,1,2
133519,0,1,1,2
133525,0,1,1,2
133769,0,1,1,2
133770,0,1,1,2
133774,0,1,1,2
133778,0,1,1,2
133866,0,1,1,2
133879,0,1,1,2
133881,0,1,1,2
133883,0,1,1,2
133885,0,1,1,2
134007,0,1,1,2
134134,0,1,1,2
134241,0,1,1,2
134243,0,1,1,2
134246,0,1,1,2
134248,0,1,1,2
134486,1,0,2,1
134491,0,1,1,2
134492,0,1,1,2
134493,0,1,1,2
134598,0,1,1,2
134601,0,1,1,2
134847,0,1,1,2
134866,1,0,2,1
134956,0,1,1,2
135070,0,1,1,2
135119,4,1,5,2
135194,1,0,2,1
135299,0,1,1,2
135300,0,1,1,2
135304,0,1,1,2
135305,0,1,1,2
135493,1,0,2,1
135541,1,0,2,1
135542,1,0,2,1
135543,1,0,2,1
135546,1,0,2,1
135646,0,1,1,2
135649,0,1,1,2
135819,4,1,5,2
135889,1,0,2,1
135890,1,0,2,1
135891,1,0,2,1
135995,0,1,1,2
135998,0,1,1,2
136115,0,1,1,2
136116,0,1,1,2
136117,0,1,1,2
136164,4,1,5,2
136186,1,0,2,1
136238,1,0,2,1
136240,0,1,1,2
136345,0,1,1,2
136506,4,1,5,2
136508,4,1,5,2
136510,4,1,5,2
136516,4,1,5,2
136584,1,0,2,1
136587,1,0,2,1
136588,1,0,2,1
136589,1,0,2,1
136592,0,1,1,2
136595,0,1,1,2
136609,0,1,1,2
136696,0,1,1,2
136699,0,1,1,2
136822,0,1,1,2
136867,4,1,5,2
136871,4,1,5,2
136873,4,1,5,2
137061,0,1,1,2
137062,0,1,1,2
137066,0,1,1,2
137189,1,0,2,1
137227,4,1,5,2
137300,1,0,2,1
137318,0,1,1,2
137320,0,1,1,2
137324,0,1,1,2
137544,1,0,2,1
137581,4,1,5,2
137651,1,0,2,1
137654,1,0,2,1
137656,1,0,2,1
137657,1,0,2,1
137674,0,1,1,2
137678,0,1,1,2
137680,0,1,1,2
137714,1,0,2,1
137769,0,1,1,2
137771,0,1,1,2
137774,0,1,1,2
137776,0,1,1,2
137897,1,0,2,1
138009,1,0,2,1
138129,0,1,1,2
138131,0,1,1,2
138132,0,1,1,2
138253,0,1,1,2
138257,1,0,2,1
138303,0,1,1,2
138355,1,0,2,1
138357,1,0,2,1
138369,1,0,2,1
138370,1,0,2,1
138393,0,1,1,2
138396,0,1,1,2
138397,0,1,1,2
138489,0,1,1,2
138663,0,1,1,2
138753,0,1,1,2
138755,0,1,1,2
138852,0,1,1,2
139021,4,1,5,2
139073,1,0,2,1
139079,1,0,2,1
139091,1,0,2,1
139092,1,0,2,1
139110,0,1,1,2
139111,0,1,1,2
139115,0,1,1,2
139327,0,1,1,2
139328,0,1,1,2
139331,1,0,2,1
139379,0,1,1,2
139402,1,4,2,5
139430,1,0,2,1
139447,1,0,2,1
139561,0,1,1,2
139566,0,1,1,2
139567,0,1,1,2
139679,0,1,1,2
139801,1,0,2,1
139810,0,1,1,2
139820,0,1,1,2
139821,0,1,1,2
139909,0,1,1,2
139912,0,1,1,2
140080,0,1,1,2
140089,4,1,5,2
140139,1,0,2,1
140153,1,0,2,1
140161,0,1,1,2
140248,0,1,1,2
140250,0,1,1,2
140252,0,1,1,2
140256,0,1,1,2
140257,0,1,1,2
140258,0,1,1,2
140430,4,1,5,2
140476,1,0,2,1
140493,1,0,2,1
140598,0,1,1,2
140823,1,0,2,1
140829,1,0,2,1
140895,1,0,2,1
140941,0,1,1,2
140946,0,1,1,2
140985,1,0,2,1
141066,1,0,2,1
141102,4,1,5,2
141166,1,0,2,1
141180,1,0,2,1
141244,1,0,2,1
141246,1,0,2,1
141283,0,1,1,2
141292,0,1,1,2
141293,0,1,1,2
141415,1,0,2,1
141462,0,1,1,2
141465,0,1,1,2
141466,0,1,1,2
141467,0,1,1,2
141469,0,1,1,2
141474,0,1,1,2
141482,0,1,1,2
141524,1,0,2,1
141526,1,0,2,1
141528,1,0,2,1
141529,1,0,2,1
141540,1,0,2,1
141594,1,0,2,1
141596,1,0,2,1
141641,0,1,1,2
141807,0,4,1,5
141809,0,1,1,2
141811,0,1,1,2
141812,0,1,1,2
141813,0,1,1,2
141821,0,1,1,2
141823,0,1,1,2
141827,0,1,1,2
141831,0,1,1,2
141864,1,0,2,1
141869,1,0,2,1
141870,1,0,2,1
141877,1,0,2,1
141889,1,0,2,1
141994,0,1,1,2
141995,0,1,1,2
142160,0,1,1,2
142165,0,1,1,2
142175,0,1,1,2
142177,0,1,1,2
142178,0,1,1,2
142188,0,1,1,2
142213,1,0,2,1
142217,1,0,2,1
142267,1,0,2,1
142340,0,1,1,2
142342,0,1,1,2
142464,1,0,2,1
142513,0,1,1,2
142515,0,1,1,2
142516,0,1,1,2
142519,0,1,1,2
142540,0,1,1,2
142561,1,0,2,1
142571,1,0,2,1
142809,1,0,2,1
142859,0,1,1,2
142866,0,1,1,2
142877,0,1,1,2
142879,0,1,1,2
142891,0,1,1,2
142913,1,0,2,1
142916,1,0,2,1
142918,1,0,2,1
142933,1,0,2,1
143156,1,0,2,1
143206,0,1,1,2
143207,0,1,1,2
143210,0,1,1,2
143215,0,1,1,2
143220,0,1,1,2
143226,0,1,1,2
143227,0,1,1,2
143228,0,1,1,2
143232,0,1,1,2
143234,0,1,1,2
143237,0,1,1,2
143240,0,1,1,2
143268,1,0,2,1
143283,1,0,2,1
143396,0,1,1,2
143530,1,0,2,1
143558,0,1,1,2
143560,0,1,1,2
143562,0,1,1,2
143570,0,1,1,2
143575,0,1,1,2
143577,0,1,1,2
143579,0,1,1,2
143607,1,0,2,1
143609,1,0,2,1
143611,1,0,2,1
143617,1,0,2,1
143620,1,0,2,1
143877,1,0,2,1
143879,1,0,2,1
143907,4,1,5,2
143923,0,1,1,2
143927,0,1,1,2
143934,0,1,1,2
143981,1,0,2,1
144232,1,0,2,1
144270,0,1,1,2
144274,0,1,1,2
144278,0,1,1,2
144297,0,1,1,2
144324,1,0,2,1
144336,1,0,2,1
144455,0,1,1,2
144581,1,0,2,1
144623,0,1,1,2
144625,0,1,1,2
144627,0,1,1,2
144630,0,1,1,2
144634,0,1,1,2
144636,0,1,1,2
144637,0,1,1,2
144639,0,1,1,2
144640,0,1,1,2
144648,0,1,1,2
144650,0,1,1,2
144652,0,1,1,2
144803,0,1,1,2
144806,0,1,1,2
144811,0,1,1,2
144938,1,0,2,1
144973,0,1,1,2
144978,0,1,1,2
144980,0,1,1,2
144981,0,1,1,2
144988,0,1,1,2
144989,0,1,1,2
144990,0,1,1,2
145001,0,1,1,2
145004,0,1,1,2
145007,0,1,1,2
145318,0,1,1,2
145324,0,1,1,2
145327,0,1,1,2
145328,0,1,1,2
145329,0,1,1,2
145331,0,1,1,2
145335,0,1,1,2
145343,0,1,1,2
145344,0,1,1,2
145353,0,1,1,2
145505,0,1,1,2
145509,0,1,1,2
145630,1,0,2,1
145632,1,0,2,1
145666,0,1,1,2
145668,0,1,1,2
145671,0,1,1,2
145675,0,1,1,2
145695,0,1,1,2
145703,0,1,1,2
145755,0,1,1,2
145759,0,1,1,2
145760,0,1,1,2
145764,0,1,1,2
145846,0,1,1,2
145854,0,1,1,2
145975,1,0,2,1
146008,0,1,1,2
146016,0,1,1,2
146024,0,1,1,2
146040,0,1,1,2
146341,0,1,1,2
146343,0,1,1,2
146347,0,1,1,2
146348,0,1,1,2
146356,0,1,1,2
146358,0,1,1,2
146360,0,1,1,2
146383,0,1,1,2
146384,0,1,1,2
146430,0,1,1,2
146431,0,1,1,2
146438,0,1,1,2
146530,0,1,1,2
146663,0,1,1,2
146676,0,1,1,2
146679,0,1,1,2
146680,0,1,1,2
146681,0,1,1,2
146683,0,1,1,2
146689,0,1,1,2
146695,0,1,1,2
146697,0,1,1,2
146699,0,1,1,2
146702,0,1,1,2
146730,1,0,2,1
146731,1,0,2,1
146987,0,1,1,2
146988,0,1,1,2
146989,0,1,1,2
146997,0,1,1,2
147003,0,1,1,2
147005,0,1,1,2
147010,0,1,1,2
147015,0,1,1,2
147018,0,1,1,2
147019,0,1,1,2
147021,0,1,1,2
147027,0,1,1,2
147053,1,0,2,1
147079,0,1,1,2
147080,0,1,1,2
147085,0,1,1,2
147232,1,0,2,1
147298,0,1,1,2
147299,0,1,1,2
147302,0,1,1,2
147303,0,1,1,2
147307,0,1,1,2
147308,0,1,1,2
147315,0,1,1,2
147327,0,1,1,2
147333,0,1,1,2
147335,0,1,1,2
147346,0,1,1,2
147546,1,0,2,1
147628,0,1,1,2
147630,0,1,1,2
147641,0,1,1,2
147643,0,1,1,2
147645,0,1,1,2
147697,1,0,2,1
147926,0,1,1,2
147928,0,1,1,2
147929,0,1,1,2
147930,0,1,1,2
147937,0,1,1,2
147946,0,1,1,2
147953,0,1,1,2
147963,0,1,1,2
147992,0,1,1,2
147995,0,1,1,2
148008,1,0,2,1
148011,1,0,2,1
148021,0,1,1,2
148025,0,1,1,2
148026,0,1,1,2
148029,0,1,1,2
148234,0,1,1,2
148237,0,1,1,2
148250,0,1,1,2
148265,0,1,1,2
148306,1,0,2,1
148307,1,0,2,1
148308,1,0,2,1
148319,0,1,1,2
148324,0,1,1,2
148330,0,1,1,2
148332,0,1,1,2
148334,0,1,1,2
148535,0,1,1,2
148537,0,1,1,2
148538,0,1,1,2
148546,0,1,1,2
148547,0,1,1,2
148551,0,1,1,2
148567,0,1,1,2
148585,0,1,1,2
148594,0,1,1,2
148600,0,1,1,2
148623,0,1,1,2
148624,0,1,1,2
148625,0,1,1,2
148632,0,1,1,2
148633,0,1,1,2
148824,0,1,1,2
148836,0,1,1,2
148842,0,1,1,2
148869,0,1,1,2
148871,0,1,1,2
148925,0,1,1,2
148927,0,1,1,2
148928,0,1,1,2
148947,0,1,1,2
149009,0,1,1,2
149011,0,1,1,2
149137,0,1,1,2
149142,0,1,1,2
149143,0,1,1,2
149160,0,1,1,2
149161,0,1,1,2
149173,0,1,1,2
149178,0,1,1,2
149209,0,1,1,2
149226,0,1,1,2
149227,0,1,1,2
149241,0,1,1,2
149242,0,1,1,2
149243,0,1,1,2
149245,0,1,1,2
149247,0,1,1,2
149304,0,1,1,2
149452,0,1,1,2
149461,0,1,1,2
149466,0,1,1,2
149471,0,1,1,2
149472,0,1,1,2
149482,0,1,1,2
149552,0,1,1,2
149553,0,1,1,2
149554,0,1,1,2
149606,0,1,1,2
149607,0,1,1,2
149753,0,1,1,2
149756,0,1,1,2
149771,0,1,1,2
149772,0,1,1,2
149784,0,1,1,2
149791,0,1,1,2
149840,0,1,1,2
149848,0,1,1,2
149857,0,1,1,2
149858,0,1,1,2
149862,0,1,1,2
149908,0,1,1,2
149909,0,1,1,2
149918,0,1,1,2
149920,0,1,1,2
150054,0,1,1,2
150056,0,1,1,2
150059,0,1,1,2
150073,0,1,1,2
150078,0,1,1,2
150079,0,1,1,2
150080,0,1,1,2
150127,0,1,1,2
150132,0,1,1,2
150134,0,1,1,2
150156,0,1,1,2
150205,0,1,1,2
150207,0,1,1,2
150209,0,1,1,2
150215,0,1,1,2
150219,0,1,1,2
150366,0,1,1,2
150369,0,1,1,2
150375,0,1,1,2
150376,0,1,1,2
150381,0,1,1,2
150417,0,1,1,2
150424,0,1,1,2
150495,0,1,1,2
150496,0,1,1,2
150497,0,1,1,2
150498,0,1,1,2
150499,0,1,1,2
150635,0,1,1,2
150638,0,1,1,2
150658,0,1,1,2
150660,0,1,1,2
150666,0,1,1,2
150668,0,1,1,2
150669,0,1,1,2
150674,0,1,1,2
150676,0,1,1,2
150695,0,1,1,2
150701,0,1,1,2
150702,0,1,1,2
150780,0,1,1,2
150784,0,1,1,2
150786,0,1,1,2
150903,0,1,1,2
150922,0,1,1,2
150929,0,1,1,2
150940,0,1,1,2
150943,0,1,1,2
150963,0,1,1,2
150964,0,1,1,2
150986,0,1,1,2
150991,0,1,1,2
150997,0,1,1,2
151044,0,1,1,2
151046,0,1,1,2
151055,0,1,1,2
151056,0,1,1,2
151164,0,1,1,2
151168,0,1,1,2
151170,0,1,1,2
151171,0,1,1,2
151190,0,1,1,2
151228,0,1,1,2
151248,0,1,1,2
151250,0,1,1,2
151257,0,1,1,2
151259,0,1,1,2
151311,0,1,1,2
151316,0,1,1,2
151426,0,1,1,2
151449,0,1,1,2
151462,0,1,1,2
151463,0,1,1,2
151491,0,1,1,2
151494,0,1,1,2
151495,0,1,1,2
151497,0,1,1,2
151513,0,1,1,2
151520,0,1,1,2
151522,0,1,1,2
151677,1,0,2,1
151682,0,1,1,2
151684,0,1,1,2
151695,1,0,2,1
151700,1,0,2,1
151701,1,0,2,1
151744,0,1,1,2
151751,0,1,1,2
151752,0,1,1,2
151766,0,1,1,2
151770,0,1,1,2
151780,0,1,1,2
151930,0,1,1,2
151931,0,1,1,2
151944,1,0,2,1
151946,1,0,2,1
152026,0,1,1,2
152032,0,1,1,2
152079,0,1,1,2
152083,0,1,1,2
152174,1,0,2,1
152186,1,0,2,1
152191,1,0,2,1
152199,1,0,2,1
152200,1,0,2,1
152232,1,0,2,1
152245,0,1,1,2
152276,0,1,1,2
152278,0,1,1,2
152440,1,0,2,1
152441,1,0,2,1
152444,1,0,2,1
152447,1,0,2,1
152481,1,0,2,1
152482,1,0,2,1
152508,0,1,1,2
152525,0,1,1,2
152529,0,1,1,2
152561,1,0,2,1
152578,0,1,1,2
152670,1,0,2,1
152678,0,1,1,2
152711,1,0,2,1
152740,0,1,1,2
152772,0,1,1,2
152774,0,1,1,2
152965,1,0,2,1
153028,0,1,1,2
153170,1,0,2,1
153174,1,0,2,1
153175,1,0,2,1
153295,0,1,1,2
153427,1,0,2,1
153460,1,0,2,1
153536,0,1,1,2
153692,0,1,1,2
153698,1,0,2,1
153702,0,1,1,2
153792,0,1,1,2
153803,0,1,1,2
153951,1,0,2,1
154012,0,1,1,2
154013,0,1,1,2
154043,0,1,1,2
154059,0,1,1,2
154061,0,1,1,2
154193,1,0,2,1
154199,1,0,2,1
154204,1,0,2,1
154205,1,0,2,1
154295,0,1,1,2
154312,0,1,1,2
154313,0,1,1,2
154314,0,1,1,2
154453,1,0,2,1
154544,0,1,1,2
154547,0,1,1,2
154562,0,1,1,2
154693,1,0,2,1
154696,1,0,2,1
154808,0,1,1,2
154941,1,0,2,1
154949,1,0,2,1
154968,0,1,1,2
155045,0,1,1,2
155048,0,1,1,2
155056,0,1,1,2
155057,0,1,1,2
155062,0,1,1,2
155064,0,1,1,2
155065,0,1,1,2
155217,0,1,1,2
155296,0,1,1,2
155299,0,1,1,2
155300,0,1,1,2
155311,0,1,1,2
155312,0,1,1,2
155441,1,0,2,1
155469,0,1,1,2
155470,0,1,1,2
155472,0,1,1,2
155553,0,1,1,2
155556,0,1,1,2
155558,0,1,1,2
155559,0,1,1,2
155564,0,1,1,2
155573,0,1,1,2
155706,1,0,2,1
155707,1,0,2,1
155727,0,1,1,2
155729,0,1,1,2
155777,0,1,1,2
155811,0,1,1,2
155816,0,1,1,2
155827,0,1,1,2
155829,0,1,1,2
155954,1,0,2,1
155959,1,0,2,1
155963,1,0,2,1
156051,0,1,1,2
156070,0,1,1,2
156081,0,1,1,2
156084,0,1,1,2
156209,1,0,2,1
156210,1,0,2,1
156218,1,0,2,1
156242,0,1,1,2
156300,0,1,1,2
156320,0,1,1,2
156321,0,1,1,2
156322,0,1,1,2
156333,0,1,1,2
156334,0,1,1,2
156338,0,1,1,2
156465,1,0,2,1
156466,1,0,2,1
156500,0,1,1,2
156551,0,1,1,2
156571,0,1,1,2
156575,0,1,1,2
156711,1,0,2,1
156715,1,0,2,1
156716,1,0,2,1
156720,1,0,2,1
156824,0,1,1,2
156830,1,0,2,1
156834,0,1,1,2
156962,1,0,2,1
156970,1,0,2,1
156990,0,1,1,2
157070,0,1,1,2
157206,1,0,2,1
157207,1,0,2,1
157210,1,0,2,1
157234,0,1,1,2
157281,0,1,1,2
157285,0,1,1,2
157288,0,1,1,2
157294,0,1,1,2
157295,0,1,1,2
157456,1,0,2,1
157477,0,1,1,2
157523,0,1,1,2
157527,0,1,1,2
157533,0,1,1,2
157538,0,1,1,2
157553,0,1,1,2
157696,1,0,2,1
157700,1,0,2,1
157703,1,0,2,1
157726,0,1,1,2
157775,0,1,1,2
157801,0,1,1,2
157950,1,0,2,1
158025,0,1,1,2
158029,0,1,1,2
158033,0,1,1,2
158040,0,1,1,2
158058,1,0,2,1
158059,1,0,2,1
158166,0,1,1,2
158177,0,1,1,2
158194,1,0,2,1
158195,1,0,2,1
158197,1,0,2,1
158206,1,0,2,1
158228,0,1,1,2
158287,0,1,1,2
158306,1,0,2,1
158397,1,0,2,1
158413,0,1,1,2
158414,0,1,1,2
158439,1,0,2,1
158445,1,0,2,1
158509,0,1,1,2
158542,0,1,1,2
158662,0,1,1,2
158665,0,1,1,2
158671,0,1,1,2
158716,1,0,2,1
158758,0,1,1,2
158775,0,1,1,2
158778,0,1,1,2
158781,0,1,1,2
158787,0,1,1,2
158795,0,1,1,2
158825,1,0,2,1
158902,0,1,1,2
158907,0,1,1,2
158910,0,1,1,2
158911,0,1,1,2
158916,0,1,1,2
158932,1,0,2,1
158934,1,0,2,1
158939,1,0,2,1
159026,0,1,1,2
159071,0,1,1,2
159151,0,1,1,2
159152,0,1,1,2
159155,0,1,1,2
159158,0,1,1,2
159160,0,1,1,2
159161,0,1,1,2
159163,0,1,1,2
159169,0,1,1,2
159182,1,0,2,1
159293,0,1,1,2
159316,0,1,1,2
159323,1,0,2,1
159336,1,0,2,1
159411,0,1,1,2
159417,0,1,1,2
159428,1,0,2,1
159454,1,0,2,1
159455,1,0,2,1
159547,0,1,1,2
159548,0,1,1,2
159559,0,1,1,2
159565,0,1,1,2
159646,0,1,1,2
159647,0,1,1,2
159657,0,1,1,2
159660,0,1,1,2
159778,1,0,2,1
159779,1,0,2,1
159797,0,1,1,2
159811,0,1,1,2
159812,0,1,1,2
159897,0,1,1,2
159900,0,1,1,2
159913,0,1,1,2
160051,0,1,1,2
160053,0,1,1,2
160062,0,1,1,2
160126,1,0,2,1
160127,1,0,2,1
160200,1,0,2,1
160289,1,0,2,1
160307,0,1,1,2
160323,0,1,1,2
160324,0,1,1,2
160381,0,1,1,2
160385,1,0,2,1
160409,0,1,1,2
160410,0,1,1,2
160495,1,0,2,1
160553,1,0,2,1
160578,0,1,1,2
160633,0,1,1,2
160663,0,1,1,2
160804,1,0,2,1
160807,1,0,2,1
160810,0,1,1,2
160812,0,1,1,2
160813,0,1,1,2
160814,0,1,1,2
160819,0,1,1,2
160820,0,1,1,2
160828,0,1,1,2
160842,0,1,1,2
160844,0,1,1,2
160876,0,1,1,2
160877,0,1,1,2
160882,0,1,1,2
160884,0,1,1,2
160917,0,1,1,2
161047,1,0,2,1
161062,0,1,1,2
161064,0,1,1,2
161079,0,1,1,2
161089,0,1,1,2
161090,0,1,1,2
161091,0,1,1,2
161120,0,1,1,2
161132,0,1,1,2
161293,1,0,2,1
161308,0,1,1,2
161317,0,1,1,2
161322,0,1,1,2
161336,0,1,1,2
161366,0,1,1,2
161372,0,1,1,2
161377,0,1,1,2
161530,1,0,2,1
161539,1,0,2,1
161540,1,0,2,1
161541,1,0,2,1
161543,1,0,2,1
161546,0,1,1,2
161551,0,1,1,2
161562,0,1,1,2
161563,0,1,1,2
161577,0,1,1,2
161578,0,1,1,2
161611,0,1,1,2
161615,0,1,1,2
161621,0,1,1,2
161697,1,0,2,1
161778,1,0,2,1
161779,1,0,2,1
161782,1,0,2,1
161803,0,1,1,2
161826,1,0,2,1
161827,1,0,2,1
161860,0,1,1,2
161861,0,1,1,2
161867,0,1,1,2
161940,1,0,2,1
162001,0,1,1,2
162011,1,0,2,1
162014,1,0,2,1
162018,1,0,2,1
162019,1,0,2,1
162020,1,0,2,1
162022,1,0,2,1
162053,0,1,1,2
162065,1,0,2,1
162066,1,0,2,1
162098,0,1,1,2
162104,0,1,1,2
162105,0,1,1,2
162246,1,0,2,1
162247,1,0,2,1
162250,1,0,2,1
162284,0,1,1,2
162289,0,1,1,2
162298,1,0,2,1
162331,0,1,1,2
162335,0,1,1,2
162338,0,1,1,2
162403,0,1,1,2
162479,1,0,2,1
162484,1,0,2,1
162486,1,0,2,1
162516,0,1,1,2
162523,0,1,1,2
162526,0,1,1,2
162527,0,1,1,2
162531,1,0,2,1
162556,0,1,1,2
162564,0,1,1,2
162565,0,1,1,2
162567,0,1,1,2
162569,0,1,1,2
162570,0,1,1,2
162571,0,1,1,2
162707,1,0,2,1
162717,1,0,2,1
162726,0,1,1,2
162758,0,1,1,2
162759,0,1,1,2
162760,0,1,1,2
162765,1,0,2,1
162787,0,1,1,2
162942,1,0,2,1
162960,0,1,1,2
162979,0,1,1,2
162986,0,1,1,2
163022,0,1,1,2
163032,0,1,1,2
163098,0,1,1,2
163104,1,0,2,1
163105,1,0,2,1
163168,1,0,2,1
163209,1,0,2,1
163213,0,1,1,2
163215,0,1,1,2
163222,0,1,1,2
163224,0,1,1,2
163250,0,1,1,2
163442,1,0,2,1
163443,1,0,2,1
163446,1,0,2,1
163451,0,1,1,2
163460,0,1,1,2
163485,0,1,1,2
163494,1,0,2,1
163520,0,1,1,2
163582,1,0,2,1
163622,1,0,2,1
163642,1,0,2,1
163667,0,1,1,2
163682,1,0,2,1
163691,0,1,1,2
163693,0,1,1,2
163698,0,1,1,2
163703,0,1,1,2
163705,0,1,1,2
163735,1,0,2,1
163736,1,0,2,1
163758,0,1,1,2
163763,1,0,2,1
163824,1,0,2,1
163883,1,0,2,1
163898,1,0,2,1
163900,1,0,2,1
163926,1,0,2,1
163943,0,1,1,2
163948,0,1,1,2
163976,1,0,2,1
164112,1,0,2,1
164113,1,0,2,1
164136,1,0,2,1
164139,1,0,2,1
164184,0,1,1,2
164188,0,1,1,2
164216,1,0,2,1
164241,0,1,1,2
164242,0,1,1,2
164350,1,0,2,1
164352,1,0,2,1
164355,1,0,2,1
164379,1,0,2,1
164383,1,0,2,1
164385,1,0,2,1
164389,1,0,2,1
164426,0,1,1,2
164453,1,0,2,1
164454,1,0,2,1
164484,0,1,1,2
164593,1,0,2,1
164608,1,0,2,1
164624,1,0,2,1
164625,1,0,2,1
164679,0,1,1,2
164705,0,1,1,2
164707,0,1,1,2
164711,0,1,1,2
164726,0,1,1,2
164805,1,0,2,1
164859,1,0,2,1
164860,1,0,2,1
164879,1,0,2,1
164880,1,0,2,1
164882,1,0,2,1
164885,1,0,2,1
164901,1,0,2,1
164927,0,1,1,2
164963,0,1,1,2
164969,0,1,1,2
164978,0,1,1,2
164981,0,1,1,2
164983,0,1,1,2
165134,1,0,2,1
165138,1,0,2,1
165142,1,0,2,1
165143,1,0,2,1
165184,0,1,1,2
165211,0,1,1,2
165214,0,1,1,2
165216,0,1,1,2
165218,0,1,1,2
165220,0,1,1,2
165224,0,1,1,2
165255,0,1,1,2
165262,0,1,1,2
165391,1,0,2,1
165398,1,0,2,1
165420,1,0,2,1
165471,0,1,1,2
165475,0,1,1,2
165482,0,1,1,2
165487,0,1,1,2
165510,0,1,1,2
165513,0,1,1,2
165517,0,1,1,2
165544,0,1,1,2
165645,1,0,2,1
165652,1,0,2,1
165655,1,0,2,1
165656,1,0,2,1
165661,1,0,2,1
165708,0,1,1,2
165738,0,1,1,2
165741,0,1,1,2
165768,0,1,1,2
165771,0,1,1,2
165773,0,1,1,2
165777,0,1,1,2
165779,0,1,1,2
165780,0,1,1,2
165789,0,1,1,2
165791,0,1,1,2
165792,0,1,1,2
165798,0,1,1,2
165900,1,0,2,1
165905,1,0,2,1
165907,1,0,2,1
165918,1,0,2,1
165924,1,0,2,1
165945,1,0,2,1
165966,0,1,1,2
165967,0,1,1,2
165993,0,1,1,2
166000,0,1,1,2
166008,0,1,1,2
166034,0,1,1,2
166037,0,1,1,2
166039,0,1,1,2
166040,0,1,1,2
166055,0,1,1,2
166056,0,1,1,2
166120,1,0,2,1
166166,1,0,2,1
166168,1,0,2,1
166172,1,0,2,1
166173,1,0,2,1
166180,1,0,2,1
166250,0,1,1,2
166257,0,1,1,2
166268,0,1,1,2
166295,0,1,1,2
166311,0,1,1,2
166314,0,1,1,2
166315,0,1,1,2
166425,1,0,2,1
166434,1,0,2,1
166436,1,0,2,1
166437,1,0,2,1
166438,1,0,2,1
166440,1,0,2,1
166449,1,0,2,1
166450,1,0,2,1
166516,0,1,1,2
166519,0,1,1,2
166521,0,1,1,2
166532,0,1,1,2
166550,0,1,1,2
166557,0,1,1,2
166568,0,1,1,2
166573,0,1,1,2
166574,0,1,1,2
166582,0,1,1,2
166695,1,0,2,1
166703,1,0,2,1
166706,1,0,2,1
166715,1,0,2,1
166720,1,0,2,1
166772,1,0,2,1
166791,0,1,1,2
166792,0,1,1,2
166850,0,1,1,2
166852,0,1,1,2
166853,0,1,1,2
166982,1,0,2,1
166983,1,0,2,1
166989,1,0,2,1
166999,1,0,2,1
167010,1,0,2,1
167055,1,0,2,1
167063,0,1,1,2
167064,0,1,1,2
167067,0,1,1,2
167073,0,1,1,2
167079,0,1,1,2
167080,0,1,1,2
167101,0,1,1,2
167114,0,1,1,2
167126,0,1,1,2
167270,1,0,2,1
167275,1,0,2,1
167279,1,0,2,1
167283,1,0,2,1
167336,1,0,2,1
167343,0,1,1,2
167344,0,1,1,2
167348,0,1,1,2
167353,0,1,1,2
167355,0,1,1,2
167363,0,1,1,2
167366,0,1,1,2
167383,0,1,1,2
167388,0,1,1,2
167410,0,1,1,2
167412,0,1,1,2
167499,1,0,2,1
167547,1,0,2,1
167557,1,0,2,1
167565,1,0,2,1
167567,1,0,2,1
167572,1,0,2,1
167614,0,1,1,2
167640,0,1,1,2
167647,0,1,1,2
167674,0,1,1,2
167683,0,1,1,2
167839,1,0,2,1
167844,1,0,2,1
167846,1,0,2,1
167847,1,0,2,1
167856,1,0,2,1
167859,1,0,2,1
167861,1,0,2,1
167865,1,0,2,1
167866,1,0,2,1
167869,1,0,2,1
167873,1,0,2,1
167875,1,0,2,1
167899,1,0,2,1
167905,0,1,1,2
167908,0,1,1,2
167927,0,1,1,2
167943,0,1,1,2
167973,0,1,1,2
167989,0,1,1,2
168138,1,0,2,1
168140,1,0,2,1
168143,1,0,2,1
168147,1,0,2,1
168152,1,0,2,1
168156,1,0,2,1
168157,1,0,2,1
168196,0,1,1,2
168203,1,0,2,1
168204,1,0,2,1
168279,0,1,1,2
168424,1,0,2,1
168431,1,0,2,1
168432,1,0,2,1
168435,1,0,2,1
168436,1,0,2,1
168446,1,0,2,1
168480,1,0,2,1
168481,1,0,2,1
168486,0,1,1,2
168495,1,0,2,1
168500,0,1,1,2
168549,0,1,1,2
168566,0,1,1,2
168567,0,1,1,2
168716,1,0,2,1
168719,1,0,2,1
168730,1,0,2,1
168739,1,0,2,1
168740,1,0,2,1
168743,1,0,2,1
168745,1,0,2,1
168746,1,0,2,1
168772,1,0,2,1
168778,0,1,1,2
168791,1,0,2,1
168840,0,1,1,2
168841,0,1,1,2
168859,0,1,1,2
169013,1,0,2,1
169028,1,0,2,1
169033,1,0,2,1
169036,1,0,2,1
169037,1,0,2,1
169043,1,0,2,1
169063,1,0,2,1
169066,1,0,2,1
169075,0,1,1,2
169082,1,0,2,1
169088,1,0,2,1
169110,0,1,1,2
169136,0,1,1,2
169137,0,1,1,2
169139,0,1,1,2
169156,0,1,1,2
169157,0,1,1,2
169307,1,0,2,1
169309,1,0,2,1
169317,1,0,2,1
169321,1,0,2,1
169330,1,0,2,1
169331,1,0,2,1
169338,1,0,2,1
169364,1,0,2,1
169377,1,0,2,1
169382,1,0,2,1
169383,1,0,2,1
169386,1,0,2,1
169409,0,1,1,2
169432,0,1,1,2
169433,0,1,1,2
169434,0,1,1,2
169453,0,1,1,2
169614,1,0,2,1
169622,1,0,2,1
169623,1,0,2,1
169624,1,0,2,1
169628,1,0,2,1
169648,1,0,2,1
169659,1,0,2,1
169660,1,0,2,1
169671,1,0,2,1
169751,0,1,1,2
169894,1,0,2,1
169897,1,0,2,1
169903,1,0,2,1
169904,1,0,2,1
169918,1,0,2,1
169943,1,0,2,1
169946,1,0,2,1
169955,1,0,2,1
169963,1,0,2,1
169996,1,0,2,1
170018,0,1,1,2
170038,0,1,1,2
170039,0,1,1,2
170042,0,1,1,2
170124,1,0,2,1
170185,1,0,2,1
170194,1,0,2,1
170202,1,0,2,1
170203,1,0,2,1
170205,1,0,2,1
170210,1,0,2,1
170231,1,0,2,1
170247,1,0,2,1
170256,1,0,2,1
170266,0,1,1,2
170304,0,1,1,2
170366,1,4,2,5
170477,1,0,2,1
170488,1,0,2,1
170494,1,0,2,1
170497,1,0,2,1
170499,1,0,2,1
170500,1,0,2,1
170521,1,0,2,1
170525,1,0,2,1
170532,1,0,2,1
170533,1,0,2,1
170537,1,0,2,1
170546,1,0,2,1
170548,1,0,2,1
170549,1,0,2,1
170552,1,0,2,1
170598,0,1,1,2
170600,0,1,1,2
170782,1,0,2,1
170790,1,0,2,1
170794,1,0,2,1
170813,1,0,2,1
170814,1,0,2,1
170830,1,0,2,1
170888,0,1,1,2
170911,0,1,1,2
170912,0,1,1,2
170946,4,1,5,2
171069,1,0,2,1
171076,1,0,2,1
171081,1,0,2,1
171106,1,0,2,1
171107,1,0,2,1
171129,1,0,2,1
171132,1,0,2,1
171133,1,0,2,1
171134,1,0,2,1
171143,1,0,2,1
171144,1,0,2,1
171203,0,1,1,2
171360,1,0,2,1
171373,1,0,2,1
171376,1,0,2,1
171377,1,0,2,1
171403,1,0,2,1
171405,1,0,2,1
171406,1,0,2,1
171414,1,0,2,1
171415,1,0,2,1
171416,1,0,2,1
171419,1,0,2,1
171424,1,0,2,1
171436,1,0,2,1
171437,1,0,2,1
171459,0,1,1,2
171500,0,1,1,2
171652,1,0,2,1
171653,1,0,2,1
171654,1,0,2,1
171661,1,0,2,1
171665,1,0,2,1
171684,1,0,2,1
171687,1,0,2,1
171693,1,0,2,1
171703,1,0,2,1
171709,1,0,2,1
171712,1,0,2,1
171714,1,0,2,1
171725,1,0,2,1
171728,1,0,2,1
171763,0,1,1,2
171764,0,1,1,2
171784,0,1,1,2
171819,4,1,5,2
171925,1,0,2,1
171940,1,0,2,1
171947,1,0,2,1
171949,1,0,2,1
171950,1,0,2,1
171951,1,0,2,1
171968,1,0,2,1
171969,1,0,2,1
171985,1,0,2,1
171986,1,0,2,1
171988,1,0,2,1
171990,1,0,2,1
171997,1,0,2,1
172002,1,0,2,1
172007,1,0,2,1
172020,1,0,2,1
172021,1,0,2,1
172023,1,0,2,1
172111,4,1,5,2
172218,1,0,2,1
172227,1,0,2,1
172229,1,0,2,1
172231,1,0,2,1
172253,1,0,2,1
172264,1,0,2,1
172291,1,0,2,1
172295,1,0,2,1
172297,1,0,2,1
172313,0,1,1,2
172317,0,1,1,2
172328,0,1,1,2
172330,0,1,1,2
172354,0,1,1,2
172435,1,0,2,1
172506,1,0,2,1
172508,1,0,2,1
172509,1,0,2,1
172511,1,0,2,1
172518,1,0,2,1
172519,1,0,2,1
172533,1,0,2,1
172548,1,0,2,1
172558,1,0,2,1
172576,1,0,2,1
172577,1,0,2,1
172578,1,0,2,1
172596,0,1,1,2
172614,0,1,1,2
172635,0,1,1,2
172771,1,0,2,1
172781,1,0,2,1
172785,1,0,2,1
172791,1,0,2,1
172792,1,0,2,1
172794,1,0,2,1
172796,1,0,2,1
172813,1,0,2,1
172832,1,0,2,1
172833,1,0,2,1
172835,1,0,2,1
172837,1,0,2,1
172842,1,0,2,1
172843,1,0,2,1
172845,1,0,2,1
172858,1,0,2,1
172863,1,0,2,1
172866,1,0,2,1
173001,1,0,2,1
173057,1,0,2,1
173065,1,0,2,1
173067,1,0,2,1
173077,1,0,2,1
173080,1,0,2,1
173083,1,0,2,1
173116,1,0,2,1
173119,1,0,2,1
173122,1,0,2,1
173126,1,0,2,1
173133,1,0,2,1
173139,1,0,2,1
173146,1,0,2,1
173149,1,0,2,1
173170,0,1,1,2
173176,0,1,1,2
173178,0,1,1,2
173352,1,0,2,1
173360,1,0,2,1
173381,1,0,2,1
173382,1,0,2,1
173401,1,0,2,1
173404,1,0,2,1
173418,1,0,2,1
173420,1,0,2,1
173421,1,0,2,1
173443,0,1,1,2
173450,0,1,1,2
173452,0,1,1,2
173453,0,1,1,2
173515,4,1,5,2
173566,1,0,2,1
173631,1,0,2,1
173632,1,0,2,1
173634,1,0,2,1
173637,1,0,2,1
173640,1,0,2,1
173642,1,0,2,1
173645,1,0,2,1
173683,1,0,2,1
173688,1,0,2,1
173696,1,0,2,1
173699,1,0,2,1
173703,1,0,2,1
173705,1,0,2,1
173733,0,1,1,2
173734,0,1,1,2
173737,0,1,1,2
173904,1,0,2,1
173912,1,0,2,1
173913,1,0,2,1
173914,1,0,2,1
173917,1,0,2,1
173924,1,0,2,1
173926,1,0,2,1
173941,1,0,2,1
173942,1,0,2,1
173945,1,0,2,1
173978,1,0,2,1
173979,1,0,2,1
173983,1,0,2,1
173985,1,0,2,1
173986,1,0,2,1
173990,1,0,2,1
174014,0,1,1,2
174017,0,1,1,2
174027,0,1,1,2
174047,0,1,1,2
174049,0,1,1,2
174195,1,0,2,1
174201,1,0,2,1
174206,1,0,2,1
174223,1,0,2,1
174227,1,0,2,1
174247,1,0,2,1
174257,1,0,2,1
174261,1,0,2,1
174264,1,0,2,1
174265,1,0,2,1
174268,1,0,2,1
174273,1,0,2,1
174276,1,0,2,1
174295,0,1,1,2
174297,0,1,1,2
174301,0,1,1,2
174324,0,1,1,2
174325,0,1,1,2
174327,0,1,1,2
174363,4,1,5,2
174487,1,0,2,1
174489,1,0,2,1
174493,1,0,2,1
174501,1,0,2,1
174510,1,0,2,1
174532,1,0,2,1
174536,1,0,2,1
174545,1,0,2,1
174548,1,0,2,1
174551,1,0,2,1
174552,1,0,2,1
174553,1,0,2,1
174583,0,1,1,2
174609,0,1,1,2
174745,1,0,2,1
174756,1,0,2,1
174767,1,0,2,1
174769,1,0,2,1
174773,1,0,2,1
174782,1,0,2,1
174783,1,0,2,1
174787,1,0,2,1
174815,1,0,2,1
174827,1,0,2,1
174831,1,0,2,1
174841,0,1,1,2
174857,0,1,1,2
174858,0,1,1,2
174860,0,1,1,2
174922,4,1,5,2
175040,1,0,2,1
175041,1,0,2,1
175059,1,0,2,1
175085,0,1,1,2
175090,1,0,2,1
175098,1,0,2,1
175099,1,0,2,1
175102,1,0,2,1
175105,1,0,2,1
175111,1,0,2,1
175132,0,1,1,2
175133,0,1,1,2
175147,0,1,1,2
175165,0,1,1,2
175195,4,1,5,2
175200,4,1,5,2
175307,1,0,2,1
175315,1,0,2,1
175329,1,0,2,1
175330,1,0,2,1
175357,0,1,1,2
175359,0,1,1,2
175374,1,0,2,1
175375,1,0,2,1
175376,1,0,2,1
175379,1,0,2,1
175401,1,0,2,1
175405,0,1,1,2
175407,0,1,1,2
175408,0,1,1,2
175418,0,1,1,2
175435,0,1,1,2
175437,0,1,1,2
175471,4,1,5,2
175583,1,0,2,1
175595,1,0,2,1
175609,1,0,2,1
175630,0,1,1,2
175634,0,1,1,2
175638,0,1,1,2
175639,0,1,1,2
175644,1,0,2,1
175650,1,0,2,1
175660,1,0,2,1
175679,1,0,2,1
175699,0,1,1,2
175717,0,1,1,2
175752,4,1,5,2
175753,4,1,5,2
175875,1,0,2,1
175893,1,0,2,1
175897,1,0,2,1
175913,0,1,1,2
175917,0,1,1,2
175920,0,1,1,2
175921,0,1,1,2
175937,1,0,2,1
175981,0,1,1,2
175982,0,1,1,2
175997,0,1,1,2
175998,0,1,1,2
176032,4,1,5,2
176089,1,0,2,1
176155,1,0,2,1
176160,1,0,2,1
176183,0,1,1,2
176184,0,1,1,2
176187,0,1,1,2
176195,0,1,1,2
176196,0,1,1,2
176200,0,1,1,2
176204,1,0,2,1
176206,1,0,2,1
176222,1,0,2,1
176237,1,0,2,1
176259,0,1,1,2
176262,0,1,1,2
176313,4,1,5,2
176429,1,0,2,1
176431,1,0,2,1
176444,1,0,2,1
176463,0,1,1,2
176466,0,1,1,2
176470,0,1,1,2
176472,0,1,1,2
176480,1,0,2,1
176497,1,0,2,1
176538,0,1,1,2
176539,0,1,1,2
176541,0,1,1,2
176547,1,0,2,1
176551,0,1,1,2
176552,0,1,1,2
176555,0,1,1,2
176556,0,1,1,2
176590,4,1,5,2
176592,4,1,5,2
176701,1,0,2,1
176707,1,0,2,1
176708,1,0,2,1
176713,1,0,2,1
176717,1,0,2,1
176720,1,0,2,1
176725,1,0,2,1
176739,0,1,1,2
176741,0,1,1,2
176743,0,1,1,2
176744,0,1,1,2
176746,0,1,1,2
176757,1,0,2,1
176761,1,0,2,1
176788,1,0,2,1
176827,0,1,1,2
176862,4,1,5,2
176863,4,1,5,2
176913,1,0,2,1
176989,1,0,2,1
176993,1,0,2,1
177002,0,1,1,2
177009,0,1,1,2
177012,0,1,1,2
177013,0,1,1,2
177017,0,1,1,2
177026,1,0,2,1
177033,1,0,2,1
177059,1,0,2,1
177082,0,1,1,2
177089,0,1,1,2
177096,0,1,1,2
177097,0,1,1,2
177102,0,1,1,2
177103,0,1,1,2
177132,1,4,2,5
177139,4,1,5,2
177195,1,0,2,1
177245,1,0,2,1
177266,1,0,2,1
177267,1,0,2,1
177268,1,0,2,1
177269,1,0,2,1
177282,0,1,1,2
177288,0,1,1,2
177295,0,1,1,2
177297,0,1,1,2
177300,1,0,2,1
177301,1,0,2,1
177358,0,1,1,2
177378,0,1,1,2
177381,0,1,1,2
177463,1,0,2,1
177464,1,0,2,1
177470,1,0,2,1
177474,1,0,2,1
177526,1,0,2,1
177556,0,1,1,2
177563,0,1,1,2
177564,0,1,1,2
177574,1,0,2,1
177575,1,0,2,1
177576,1,0,2,1
177578,1,0,2,1
177579,1,0,2,1
177611,1,0,2,1
177614,1,0,2,1
177622,0,1,1,2
177631,0,1,1,2
177738,1,0,2,1
177741,1,0,2,1
177801,1,0,2,1
177829,0,1,1,2
177843,0,1,1,2
177846,0,1,1,2
177850,1,0,2,1
177853,1,0,2,1
177888,1,0,2,1
177907,0,1,1,2
177914,0,1,1,2
177916,0,1,1,2
177925,0,1,1,2
177926,0,1,1,2
177930,0,1,1,2
177931,0,1,1,2
178019,1,0,2,1
178023,1,0,2,1
178101,0,1,1,2
178104,0,1,1,2
178106,0,1,1,2
178109,0,1,1,2
178161,1,0,2,1
178162,1,0,2,1
178178,0,1,1,2
178181,0,1,1,2
178206,0,1,1,2
178247,4,1,5,2
178287,1,0,2,1
178337,1,0,2,1
178340,1,0,2,1
178371,0,1,1,2
178373,0,1,1,2
178374,0,1,1,2
178382,0,1,1,2
178385,0,1,1,2
178397,1,0,2,1
178398,1,0,2,1
178438,0,1,1,2
178445,0,1,1,2
178448,0,1,1,2
178449,0,1,1,2
178458,0,1,1,2
178472,0,1,1,2
178473,0,1,1,2
178474,0,1,1,2
178550,1,0,2,1
178551,1,0,2,1
178554,1,0,2,1
178556,1,0,2,1
178557,1,0,2,1
178641,0,1,1,2
178656,0,1,1,2
178658,0,1,1,2
178667,1,0,2,1
178708,0,1,1,2
178710,0,1,1,2
178713,0,1,1,2
178716,0,1,1,2
178717,0,1,1,2
178719,0,1,1,2
178723,0,1,1,2
178728,0,1,1,2
178741,0,1,1,2
178823,1,0,2,1
178825,1,0,2,1
178828,1,0,2,1
178830,1,0,2,1
178913,0,1,1,2
178917,0,1,1,2
178921,0,1,1,2
178923,0,1,1,2
178924,0,1,1,2
178967,1,0,2,1
178976,0,1,1,2
178988,0,1,1,2
178998,0,1,1,2
179011,0,1,1,2
179085,1,0,2,1
179086,1,0,2,1
179092,1,0,2,1
179097,1,0,2,1
179186,0,1,1,2
179187,0,1,1,2
179259,0,1,1,2
179357,1,0,2,1
179369,1,0,2,1
179507,1,0,2,1
179512,0,1,1,2
179529,0,1,1,2
179531,0,1,1,2
179558,0,1,1,2
179560,0,1,1,2
179561,0,1,1,2
179590,4,1,5,2
179630,1,0,2,1
179632,1,0,2,1
179636,1,0,2,1
179637,1,0,2,1
179638,1,0,2,1
179644,1,0,2,1
179736,0,1,1,2
179737,0,1,1,2
179799,0,1,1,2
179802,1,0,2,1
179804,1,0,2,1
179821,0,1,1,2
179822,0,1,1,2
179898,1,0,2,1
179903,1,0,2,1
179926,0,1,1,2
180050,0,1,1,2
180051,0,1,1,2
180058,0,1,1,2
180059,0,1,1,2
180117,4,1,5,2
180160,1,0,2,1
180162,1,0,2,1
180173,1,0,2,1
180378,4,1,5,2
180449,0,1,1,2
180584,1,0,2,1
180640,4,1,5,2
180689,1,0,2,1
180691,1,0,2,1
180708,0,1,1,2
180852,1,0,2,1
180869,1,0,2,1
180871,1,0,2,1
180904,4,1,5,2
180950,1,0,2,1
180976,0,1,1,2
180978,0,1,1,2
181220,1,0,2,1
181372,1,0,2,1
181390,0,1,1,2
181396,0,1,1,2
181404,1,0,2,1
181484,1,0,2,1
181485,1,0,2,1
181487,1,0,2,1
181488,1,0,2,1
181512,0,1,1,2
181535,0,1,1,2
181638,1,0,2,1
181651,1,0,2,1
181659,0,1,1,2
181671,1,0,2,1
181693,1,0,2,1
181754,1,0,2,1
181755,1,0,2,1
181758,1,0,2,1
181779,0,1,1,2
181783,0,1,1,2
181798,0,1,1,2
181799,0,1,1,2
181801,0,1,1,2
181926,0,1,1,2
181935,1,0,2,1
181937,1,0,2,1
181939,1,0,2,1
181942,1,0,2,1
181957,1,0,2,1
182050,0,1,1,2
182054,0,1,1,2
182063,0,1,1,2
182207,1,0,2,1
182209,1,0,2,1
182211,1,0,2,1
182326,0,1,1,2
182327,0,1,1,2
182329,0,1,1,2
182331,0,1,1,2
182443,1,0,2,1
182464,0,1,1,2
182481,1,0,2,1
182482,1,0,2,1
182489,1,0,2,1
182501,1,0,2,1
182520,4,1,5,2
182567,1,0,2,1
182585,0,1,1,2
182587,0,1,1,2
182588,0,1,1,2
182594,0,1,1,2
182736,0,1,1,2
182745,0,1,1,2
182748,1,0,2,1
182828,1,0,2,1
182830,1,0,2,1
182832,1,0,2,1
182833,1,0,2,1
182856,0,1,1,2
182857,0,1,1,2
182873,0,1,1,2
183003,0,1,1,2
183013,0,1,1,2
183017,1,0,2,1
183023,1,0,2,1
183024,1,0,2,1
183031,1,0,2,1
183096,1,0,2,1
183107,1,0,2,1
183135,0,1,1,2
183136,0,1,1,2
183137,0,1,1,2
183287,1,0,2,1
183291,1,0,2,1
183293,1,0,2,1
183300,1,0,2,1
183372,1,0,2,1
183376,1,0,2,1
183380,1,0,2,1
183391,0,1,1,2
183398,0,1,1,2
183399,0,1,1,2
183401,0,1,1,2
183403,0,1,1,2
183410,0,1,1,2
183536,1,0,2,1
183537,1,0,2,1
183554,1,0,2,1
183566,1,0,2,1
183568,1,0,2,1
183631,1,0,2,1
183632,1,0,2,1
183641,1,0,2,1
183660,0,1,1,2
183663,0,1,1,2
183671,0,1,1,2
183799,1,0,2,1
183802,1,0,2,1
183815,1,0,2,1
183816,1,0,2,1
183827,1,0,2,1
183891,1,0,2,1
183894,1,0,2,1
183921,0,1,1,2
183933,0,1,1,2
184076,1,0,2,1
184080,1,0,2,1
184088,1,0,2,1
184089,1,0,2,1
184143,1,0,2,1
184148,1,0,2,1
184152,1,0,2,1
184313,1,0,2,1
184315,1,0,2,1
184316,1,0,2,1
184329,1,0,2,1
184340,1,0,2,1
184404,1,0,2,1
184407,1,0,2,1
184411,1,0,2,1
184413,1,0,2,1
184415,1,0,2,1
184441,1,0,2,1
184442,1,0,2,1
184447,0,1,1,2
184511,0,1,1,2
184513,0,1,1,2
184529,1,0,2,1
184594,1,0,2,1
184595,1,0,2,1
184600,1,0,2,1
184604,1,0,2,1
184620,1,0,2,1
184671,1,0,2,1
184673,1,0,2,1
184712,0,1,1,2
184772,0,1,1,2
184778,0,1,1,2
184791,0,1,1,2
184800,0,1,1,2
184834,1,0,2,1
184858,1,0,2,1
184866,1,0,2,1
184867,1,0,2,1
184868,1,0,2,1
184869,1,0,2,1
184905,1,4,2,5
184940,1,0,2,1
184953,1,0,2,1
184984,0,1,1,2
184998,0,1,1,2
185107,1,0,2,1
185142,1,0,2,1
185162,1,0,2,1
185178,1,4,2,5
185179,1,4,2,5
185228,1,0,2,1
185232,1,0,2,1
185233,1,0,2,1
185347,1,0,2,1
185357,0,1,1,2
185381,1,0,2,1
185390,1,0,2,1
185416,1,0,2,1
185432,1,0,2,1
185441,1,0,2,1
185506,1,0,2,1
185508,1,0,2,1
185607,0,1,1,2
185609,0,1,1,2
185611,0,1,1,2
185630,1,0,2,1
185634,1,0,2,1
185694,1,0,2,1
185695,1,0,2,1
185706,1,0,2,1
185714,1,0,2,1
185794,1,0,2,1
185798,1,0,2,1
185844,0,1,1,2
185893,0,1,1,2
185914,1,0,2,1
185916,1,0,2,1
185917,1,0,2,1
185946,1,0,2,1
185970,0,1,1,2
185982,1,0,2,1
185983,1,0,2,1
185984,1,0,2,1
185993,1,0,2,1
186167,0,1,1,2
186194,1,0,2,1
186225,1,0,2,1
186248,0,1,1,2
186256,1,0,2,1
186259,1,0,2,1
186347,1,0,2,1
186462,1,0,2,1
186463,1,0,2,1
186499,0,1,1,2
186503,0,1,1,2
186529,1,0,2,1
186534,1,0,2,1
186617,1,0,2,1
186619,1,0,2,1
186627,1,0,2,1
186719,1,0,2,1
186763,0,1,1,2
186781,0,1,1,2
186788,1,0,2,1
186789,1,0,2,1
186810,0,1,1,2
186811,0,1,1,2
186812,0,1,1,2
186822,0,1,1,2
186882,1,0,2,1
187025,0,1,1,2
187027,0,1,1,2
187030,0,1,1,2
187032,0,1,1,2
187045,0,1,1,2
187056,1,0,2,1
187072,0,1,1,2
187081,0,1,1,2
187090,0,1,1,2
187093,0,1,1,2
187274,1,0,2,1
187305,0,1,1,2
187307,0,1,1,2
187308,0,1,1,2
187321,1,0,2,1
187337,1,0,2,1
187340,0,1,1,2
187342,0,1,1,2
187344,0,1,1,2
187511,1,0,2,1
187512,1,0,2,1
187515,1,0,2,1
187516,1,0,2,1
187555,0,1,1,2
187556,0,1,1,2
187572,0,1,1,2
187582,1,0,2,1
187607,0,1,1,2
187609,0,1,1,2
187613,0,1,1,2
187616,0,1,1,2
187701,0,1,1,2
187702,0,1,1,2
187754,0,1,1,2
187755,0,1,1,2
187777,1,0,2,1
187799,1,0,2,1
187821,0,1,1,2
187833,0,1,1,2
187834,0,1,1,2
187835,0,1,1,2
187859,0,1,1,2
187868,0,1,1,2
187874,0,1,1,2
187938,1,0,2,1
187940,1,0,2,1
187967,0,1,1,2
188019,0,1,1,2
188044,1,0,2,1
188064,1,0,2,1
188065,1,0,2,1
188067,1,0,2,1
188100,0,1,1,2
188101,0,1,1,2
188123,0,1,1,2
188141,0,1,1,2
188142,0,1,1,2
188143,0,1,1,2
188208,1,0,2,1
188287,0,1,1,2
188308,1,0,2,1
188310,1,0,2,1
188351,0,1,1,2
188352,0,1,1,2
188355,0,1,1,2
188381,1,0,2,1
188403,0,1,1,2
188407,0,1,1,2
188408,0,1,1,2
188410,0,1,1,2
188473,1,0,2,1
188498,1,0,2,1
188499,0,1,1,2
188555,0,1,1,2
188573,1,0,2,1
188576,1,0,2,1
188592,1,0,2,1
188601,1,0,2,1
188604,1,0,2,1
188678,0,1,1,2
188680,0,1,1,2
188752,1,0,2,1
188765,0,1,1,2
188821,0,1,1,2
188822,0,1,1,2
188836,1,0,2,1
188837,1,0,2,1
188841,1,0,2,1
188842,1,0,2,1
188843,1,0,2,1
188856,1,0,2,1
188857,1,0,2,1
188866,1,0,2,1
188867,1,0,2,1
188886,0,1,1,2
188891,0,1,1,2
188918,1,0,2,1
188944,0,1,1,2
188965,1,4,2,5
189010,1,0,2,1
189085,0,1,1,2
189096,1,0,2,1
189118,1,0,2,1
189128,1,0,2,1
189130,1,0,2,1
189173,1,0,2,1
189176,1,0,2,1
189178,1,0,2,1
189198,0,1,1,2
189203,0,1,1,2
189255,1,0,2,1
189257,1,0,2,1
189261,1,0,2,1
189341,0,1,1,2
189355,1,0,2,1
189356,1,0,2,1
189359,1,0,2,1
189360,1,0,2,1
189362,1,0,2,1
189387,1,0,2,1
189415,1,0,2,1
189434,1,0,2,1
189452,1,0,2,1
189460,0,1,1,2
189463,0,1,1,2
189520,1,0,2,1
189538,1,0,2,1
189601,0,1,1,2
189603,0,1,1,2
189615,1,0,2,1
189619,1,0,2,1
189620,1,0,2,1
189634,1,0,2,1
189643,1,0,2,1
189674,1,0,2,1
189677,1,0,2,1
189708,1,0,2,1
189712,1,0,2,1
189747,4,1,5,2
189775,1,0,2,1
189776,1,0,2,1
189778,1,0,2,1
189780,1,0,2,1
189791,1,0,2,1
189802,1,0,2,1
189859,0,1,1,2
189876,1,0,2,1
189889,1,0,2,1
189899,1,0,2,1
189930,1,0,2,1
189935,1,0,2,1
189953,1,0,2,1
189976,0,1,1,2
189983,0,1,1,2
190035,1,0,2,1
190037,1,0,2,1
190039,1,0,2,1
190040,1,0,2,1
190140,1,0,2,1
190155,1,0,2,1
190225,0,1,1,2
190236,0,1,1,2
190283,1,0,2,1
190375,0,1,1,2
190411,1,0,2,1
190412,1,0,2,1
190445,1,0,2,1
190446,1,0,2,1
190476,0,1,1,2
190485,0,1,1,2
190487,0,1,1,2
190488,0,1,1,2
190494,0,1,1,2
190496,0,1,1,2
190538,1,0,2,1
190556,1,0,2,1
190558,1,0,2,1
190633,0,1,1,2
190654,1,0,2,1
190663,1,0,2,1
190667,1,0,2,1
190697,1,0,2,1
190733,0,1,1,2
190735,0,1,1,2
190737,0,1,1,2
190743,0,1,1,2
190744,0,1,1,2
190746,0,1,1,2
190800,1,0,2,1
190808,1,0,2,1
190814,1,0,2,1
190815,1,0,2,1
190817,1,0,2,1
190820,1,0,2,1
190829,0,1,1,2
190894,0,1,1,2
190919,0,1,1,2
190958,1,0,2,1
190980,0,1,1,2
190981,0,1,1,2
190991,0,1,1,2
190996,0,1,1,2
191010,0,1,1,2
191055,1,0,2,1
191056,1,0,2,1
191057,1,0,2,1
191058,1,0,2,1
191067,1,0,2,1
191079,1,0,2,1
191148,0,1,1,2
191216,1,0,2,1
191219,1,0,2,1
191240,0,1,1,2
191251,0,1,1,2
191258,0,1,1,2
191265,0,1,1,2
191268,0,1,1,2
191269,0,1,1,2
191271,0,1,1,2
191292,4,1,5,2
191323,1,0,2,1
191331,1,0,2,1
191333,1,0,2,1
191402,0,1,1,2
191406,0,1,1,2
191426,1,0,2,1
191466,1,0,2,1
191496,0,1,1,2
191501,0,1,1,2
191506,0,1,1,2
191511,0,1,1,2
191519,0,1,1,2
191558,0,6,1,7
191563,1,0,2,1
191570,1,0,2,1
191581,1,0,2,1
191587,1,0,2,1
191654,0,1,1,2
191716,0,1,1,2
191717,0,1,1,2
191721,1,0,2,1
191722,1,0,2,1
191762,0,1,1,2
191810,0,6,1,7
191817,1,0,2,1
191818,1,0,2,1
191819,1,0,2,1
191821,1,0,2,1
191825,1,0,2,1
191844,1,0,2,1
191845,1,0,2,1
192024,0,1,1,2
192058,4,1,5,2
192080,1,0,2,1
192082,1,0,2,1
192083,1,0,2,1
192084,1,0,2,1
192085,1,0,2,1
192104,1,0,2,1
192199,1,0,2,1
192240,1,0,2,1
192266,0,1,1,2
192294,0,1,1,2
192383,1,0,2,1
192385,1,0,2,1
192390,1,0,2,1
192392,1,0,2,1
192393,1,0,2,1
192476,0,1,1,2
192521,1,0,2,1
192522,1,0,2,1
192647,1,0,2,1
192649,1,0,2,1
192672,1,0,2,1
192673,1,0,2,1
192676,1,0,2,1
192677,1,0,2,1
192681,1,0,2,1
192752,0,1,1,2
192762,0,1,1,2
192763,0,1,1,2
192898,0,6,1,7
192967,1,0,2,1
192969,1,0,2,1
193052,0,1,1,2
193098,1,0,2,1
193099,1,0,2,1
193183,1,4,2,5
193234,1,0,2,1
193262,1,0,2,1
193263,1,0,2,1
193264,1,0,2,1
193269,1,0,2,1
193391,1,0,2,1
193394,1,0,2,1
193531,1,0,2,1
193533,1,0,2,1
193563,1,0,2,1
193565,1,0,2,1
193640,0,1,1,2
193691,1,0,2,1
193699,1,0,2,1
193732,1,0,2,1
193734,1,0,2,1
193777,4,1,5,2
193862,1,0,2,1
193863,1,0,2,1
193866,1,0,2,1
193867,1,0,2,1
193939,0,1,1,2
193940,0,1,1,2
193980,1,0,2,1
193983,1,0,2,1
193987,1,0,2,1
193991,1,0,2,1
194026,0,1,1,2
194028,0,1,1,2
194129,1,0,2,1
194131,1,0,2,1
194160,1,0,2,1
194162,1,0,2,1
194163,1,0,2,1
194168,1,0,2,1
194288,1,0,2,1
194382,4,1,5,2
194383,4,1,5,2
194436,1,0,2,1
194438,1,0,2,1
194440,1,0,2,1
194469,1,0,2,1
194471,1,0,2,1
194473,1,0,2,1
194475,1,0,2,1
194480,1,0,2,1
194541,1,0,2,1
194590,1,0,2,1
194594,1,0,2,1
194596,1,0,2,1
194598,1,0,2,1
194773,1,0,2,1
194780,1,0,2,1
194783,1,0,2,1
194785,1,0,2,1
194789,1,0,2,1
194810,0,1,1,2
194895,1,0,2,1
194896,1,0,2,1
194902,1,0,2,1
194909,1,0,2,1
195050,1,0,2,1
195094,1,0,2,1
195195,1,0,2,1
195196,1,0,2,1
195198,1,0,2,1
195199,1,0,2,1
195202,1,0,2,1
195203,1,0,2,1
195205,1,0,2,1
195206,1,0,2,1
195208,1,0,2,1
195302,4,1,5,2
195390,1,0,2,1
195391,1,0,2,1
195392,1,0,2,1
195404,1,0,2,1
195465,1,0,2,1
195467,1,0,2,1
195511,1,0,2,1
195512,1,0,2,1
195518,1,0,2,1
195654,1,0,2,1
195801,1,0,2,1
195804,1,0,2,1
195805,1,0,2,1
195809,1,0,2,1
195815,1,0,2,1
195817,1,0,2,1
195821,1,0,2,1
195854,1,0,2,1
195911,4,1,5,2
195952,1,0,2,1
195982,1,0,2,1
195986,1,0,2,1
195994,1,0,2,1
195998,1,0,2,1
196001,1,0,2,1
196104,1,0,2,1
196105,1,0,2,1
196107,1,0,2,1
196152,1,0,2,1
196246,1,0,2,1
196279,1,0,2,1
196281,1,0,2,1
196282,1,0,2,1
196283,1,0,2,1
196297,1,0,2,1
196300,1,0,2,1
196319,0,1,1,2
196394,1,0,2,1
196400,1,0,2,1
196406,1,0,2,1
196414,1,0,2,1
196448,1,0,2,1
196450,1,0,2,1
196451,1,0,2,1
196580,1,0,2,1
196582,1,0,2,1
196583,1,0,2,1
196698,1,0,2,1
196713,1,0,2,1
196846,1,0,2,1
196881,1,0,2,1
196985,1,0,2,1
196987,1,0,2,1
196988,1,0,2,1
196997,1,0,2,1
197008,1,0,2,1
197046,1,0,2,1
197109,1,4,2,5
197141,1,0,2,1
197192,1,0,2,1
197281,1,0,2,1
197283,1,0,2,1
197290,1,0,2,1
197336,1,0,2,1
197338,1,0,2,1
197403,1,4,2,5
197431,1,0,2,1
197432,1,0,2,1
197463,1,0,2,1
197466,1,0,2,1
197469,1,0,2,1
197691,1,4,2,5
197694,1,4,2,5
197723,1,0,2,1
197751,1,0,2,1
197758,1,0,2,1
197772,1,0,2,1
197853,1,0,2,1
197877,1,0,2,1
198044,1,0,2,1
198045,1,0,2,1
198062,1,0,2,1
198143,1,0,2,1
198146,1,0,2,1
198271,1,4,2,5
198379,0,1,1,2
198454,1,0,2,1
198455,1,0,2,1
198489,1,0,2,1
198493,1,0,2,1
198612,1,0,2,1
198614,1,0,2,1
198664,0,1,1,2
198715,1,0,2,1
198716,1,0,2,1
198841,1,4,2,5
198904,1,0,2,1
198978,1,0,2,1
198981,1,0,2,1
199021,1,0,2,1
199023,1,0,2,1
199176,1,0,2,1
199177,1,0,2,1
199178,1,0,2,1
199257,1,0,2,1
199304,1,0,2,1
199341,1,0,2,1
199405,1,4,2,5
199413,0,6,1,7
199453,1,0,2,1
199454,1,0,2,1
199562,1,0,2,1
199619,1,0,2,1
199865,1,0,2,1
199903,1,0,2,1
200063,0,1,1,2
200142,1,0,2,1
200146,1,0,2,1
200147,1,0,2,1
200148,1,0,2,1
200282,0,1,1,2
200400,1,0,2,1
200419,1,0,2,1
200420,1,0,2,1
200421,1,0,2,1
200426,1,0,2,1
200459,1,0,2,1
200462,1,0,2,1
200524,1,4,2,5
200559,1,0,2,1
200656,0,1,1,2
200684,1,0,2,1
200697,1,0,2,1
200707,1,0,2,1
200744,1,0,2,1
200842,1,0,2,1
200971,1,0,2,1
200987,1,0,2,1
201034,0,1,1,2
201086,1,4,2,5
201087,1,4,2,5
201256,1,0,2,1
201313,0,1,1,2
201531,1,0,2,1
201590,0,1,1,2
201805,1,0,2,1
201862,0,1,1,2
201864,0,1,1,2
201866,0,1,1,2
201931,1,0,2,1
202126,0,1,1,2
202131,0,1,1,2
202136,0,1,1,2
202200,1,0,2,1
202304,0,1,1,2
202316,1,0,2,1
202317,0,1,1,2
202386,0,1,1,2
202392,1,0,2,1
202401,0,1,1,2
202582,0,1,1,2
202666,1,0,2,1
202675,0,1,1,2
202721,0,1,1,2
202734,1,0,2,1
202920,1,0,2,1
202931,1,0,2,1
202940,0,1,1,2
202982,0,1,1,2
202993,1,0,2,1
203005,1,0,2,1
203176,1,0,2,1
203252,1,0,2,1
203253,1,0,2,1
203254,1,0,2,1
203484,1,0,2,1
203485,1,0,2,1
203496,1,0,2,1
203497,1,0,2,1
203660,1,0,2,1
203661,1,0,2,1
203662,1,0,2,1
203663,1,0,2,1
203728,1,0,2,1
203730,1,0,2,1
203743,1,0,2,1
203980,1,0,2,1
204143,1,0,2,1
204144,1,0,2,1
204145,1,0,2,1
204149,1,0,2,1
204152,1,0,2,1
204155,1,0,2,1
204213,1,0,2,1
204223,1,0,2,1
204368,0,1,1,2
204391,1,0,2,1
204398,1,0,2,1
204399,1,0,2,1
204401,1,0,2,1
204474,1,0,2,1
204475,1,0,2,1
204477,1,0,2,1
204483,1,0,2,1
204485,1,0,2,1
204565,1,0,2,1
204590,1,0,2,1
204647,1,0,2,1
204650,1,0,2,1
204653,1,0,2,1
204708,1,4,2,5
204732,1,0,2,1
204734,1,0,2,1
204740,1,0,2,1
204842,1,0,2,1
204902,1,0,2,1
204908,1,0,2,1
204909,1,0,2,1
204912,1,0,2,1
204930,0,1,1,2
204983,1,0,2,1
205165,1,0,2,1
205166,1,0,2,1
205169,1,0,2,1
205251,1,0,2,1
205253,1,0,2,1
205362,1,0,2,1
205434,1,0,2,1
205438,1,0,2,1
205442,1,0,2,1
205506,0,1,1,2
205515,1,0,2,1
205625,1,0,2,1
205630,1,0,2,1
205703,1,0,2,1
205778,0,1,1,2
205784,1,0,2,1
205786,1,0,2,1
205875,0,1,1,2
205893,1,0,2,1
205976,1,0,2,1
205995,0,1,1,2
205996,0,1,1,2
206036,1,4,2,5
206055,1,0,2,1
206144,0,1,1,2
206250,1,0,2,1
206438,1,0,2,1
206571,4,1,5,2
206688,0,1,1,2
206711,1,0,2,1
206790,1,0,2,1
207063,1,0,2,1
207065,1,0,2,1
207084,1,0,2,1
207126,1,4,2,5
207337,1,0,2,1
207401,1,2,2,3
207605,1,0,2,1
207637,1,0,2,1
207664,1,4,2,5
207665,1,4,2,5
207672,1,2,2,3
207870,1,0,2,1
207889,0,1,1,2
208137,1,0,2,1
208138,1,0,2,1
208141,1,0,2,1
208151,0,1,1,2
208201,4,1,5,2
208403,1,0,2,1
208407,1,0,2,1
208408,1,0,2,1
208419,0,1,1,2
208465,4,1,5,2
208473,4,1,5,2
208485,0,4,1,5
208599,0,1,1,2
208600,0,1,1,2
208685,1,0,2,1
208687,1,0,2,1
208742,4,1,5,2
208769,0,1,1,2
208774,0,1,1,2
208967,1,0,2,1
208970,1,0,2,1
208971,1,0,2,1
208972,1,0,2,1
208978,1,0,2,1
208987,0,1,1,2
209275,1,0,2,1
209279,0,1,1,2
209282,0,1,1,2
209354,0,1,1,2
209356,0,1,1,2
209557,1,0,2,1
209575,0,1,1,2
209628,1,0,2,1
209641,0,1,1,2
209650,0,1,1,2
209759,0,1,1,2
209854,1,0,2,1
209866,1,0,2,1
209868,1,0,2,1
209870,0,1,1,2
209933,0,1,1,2
209939,0,1,1,2
210052,1,0,2,1
210146,1,0,2,1
210160,1,0,2,1
210163,0,1,1,2
210166,0,1,1,2
210218,1,0,2,1
210225,0,1,1,2
210240,0,1,1,2
210242,0,1,1,2
210442,1,0,2,1
210452,1,0,2,1
210454,0,1,1,2
210455,0,1,1,2
210462,1,0,2,1
210512,0,1,1,2
210513,0,1,1,2
210530,0,1,1,2
210531,0,1,1,2
210631,0,1,1,2
210632,0,1,1,2
210727,1,0,2,1
210738,1,0,2,1
210742,1,0,2,1
210745,0,1,1,2
210751,1,0,2,1
210752,1,0,2,1
210753,1,0,2,1
210773,1,0,2,1
210797,1,0,2,1
210803,0,1,1,2
210976,6,0,7,1
211010,1,0,2,1
211017,1,0,2,1
211019,1,0,2,1
211021,1,0,2,1
211024,1,0,2,1
211039,1,0,2,1
211040,1,0,2,1
211097,0,1,1,2
211273,6,0,7,1
211306,1,0,2,1
211308,1,0,2,1
211313,1,0,2,1
211319,1,0,2,1
211325,1,0,2,1
211404,0,1,1,2
211406,0,1,1,2
211607,1,0,2,1
211608,1,0,2,1
211609,1,0,2,1
211611,1,0,2,1
211617,1,0,2,1
211619,1,0,2,1
211622,1,0,2,1
211680,1,0,2,1
211708,0,1,1,2
211879,6,0,7,1
211903,1,0,2,1
211908,1,0,2,1
211912,1,0,2,1
211925,1,0,2,1
211931,1,0,2,1
211984,0,1,1,2
212010,0,1,1,2
212172,6,0,7,1
212187,6,0,7,1
212191,6,0,7,1
212202,1,0,2,1
212204,1,0,2,1
212206,1,0,2,1
212215,1,0,2,1
212245,1,0,2,1
212246,1,0,2,1
212311,0,1,1,2
212522,1,0,2,1
212523,1,0,2,1
212524,1,0,2,1
212533,1,0,2,1
212535,1,0,2,1
212551,1,0,2,1
212582,0,1,1,2
212584,0,1,1,2
212587,0,1,1,2
212610,0,1,1,2
212800,6,0,7,1
212801,6,0,7,1
212806,0,6,1,7
212822,6,0,7,1
212830,1,0,2,1
212833,1,0,2,1
212838,1,0,2,1
212854,1,0,2,1
212893,0,1,1,2
212917,0,1,1,2
213083,6,0,7,1
213104,6,0,7,1
213105,6,0,7,1
213125,6,0,7,1
213126,6,0,7,1
213130,1,0,2,1
213134,1,0,2,1
213136,1,0,2,1
213141,1,0,2,1
213147,1,0,2,1
213148,1,0,2,1
213155,1,0,2,1
213193,0,1,1,2
213196,0,1,1,2
213222,0,1,1,2
213389,0,6,1,7
213431,1,0,2,1
213434,1,0,2,1
213497,0,1,1,2
213684,6,0,7,1
213731,6,0,7,1
213742,6,0,7,1
213746,1,0,2,1
213752,1,0,2,1
213757,1,0,2,1
213758,1,0,2,1
213761,1,0,2,1
213765,1,0,2,1
213768,1,0,2,1
213769,1,0,2,1
213815,0,1,1,2
213839,0,1,1,2
213842,0,1,1,2
214001,6,0,7,1
214003,6,0,7,1
214014,0,6,1,7
214020,6,0,7,1
214047,6,0,7,1
214060,1,0,2,1
214073,1,0,2,1
214078,1,0,2,1
214082,1,0,2,1
214084,1,0,2,1
214316,6,0,7,1
214328,0,6,1,7
214329,0,6,1,7
214352,6,0,7,1
214354,6,0,7,1
214363,6,0,7,1
214373,1,0,2,1
214377,1,0,2,1
214385,1,0,2,1
214387,1,0,2,1
214394,1,0,2,1
214395,1,0,2,1
214397,1,0,2,1
214437,0,1,1,2
214445,0,1,1,2
214472,0,1,1,2
214628,6,0,7,1
214636,0,6,1,7
214680,1,0,2,1
214681,1,0,2,1
214682,1,0,2,1
214683,1,0,2,1
214689,1,0,2,1
214693,1,0,2,1
214695,1,0,2,1
214696,1,0,2,1
214706,1,0,2,1
214940,6,0,7,1
214982,6,0,7,1
214985,1,0,2,1
214986,1,0,2,1
214989,1,0,2,1
214996,1,0,2,1
215000,1,0,2,1
215094,0,1,1,2
215241,6,0,7,1
215246,6,0,7,1
215249,6,0,7,1
215263,6,0,7,1
215281,6,0,7,1
215282,6,0,7,1
215288,1,6,2,7
215295,1,0,2,1
215302,1,0,2,1
215303,1,0,2,1
215305,1,0,2,1
215318,1,0,2,1
215530,6,0,7,1
215533,6,0,7,1
215535,6,0,7,1
215545,6,1,7,2
215583,1,0,2,1
215587,1,0,2,1
215588,1,0,2,1
215597,1,0,2,1
215599,1,0,2,1
215609,1,0,2,1
215610,1,0,2,1
215821,6,0,7,1
215822,6,0,7,1
215826,6,0,7,1
215827,6,0,7,1
215872,1,0,2,1
215877,1,0,2,1
215879,1,0,2,1
215975,0,1,1,2
216101,6,0,7,1
216108,6,0,7,1
216113,6,0,7,1
216132,6,0,7,1
216147,6,0,7,1
216150,6,0,7,1
216154,6,1,7,2
216163,1,0,2,1
216167,1,0,2,1
216169,1,0,2,1
216181,1,0,2,1
216186,1,0,2,1
216269,0,1,1,2
216406,6,0,7,1
216426,6,0,7,1
216427,6,0,7,1
216430,6,0,7,1
216432,0,6,1,7
216433,0,6,1,7
216436,0,6,1,7
216456,1,0,2,1
216462,1,0,2,1
216465,1,0,2,1
216467,1,0,2,1
216477,1,0,2,1
216478,1,0,2,1
216720,6,0,7,1
216721,6,0,7,1
216744,6,0,7,1
216754,1,0,2,1
216756,1,0,2,1
216757,1,0,2,1
216758,1,0,2,1
216769,1,0,2,1
216795,4,1,5,2
216829,1,0,2,1
216856,0,1,1,2
216973,6,0,7,1
217021,1,0,2,1
217022,6,0,7,1
217028,6,0,7,1
217032,6,0,7,1
217037,1,0,2,1
217040,1,0,2,1
217041,1,0,2,1
217044,1,0,2,1
217045,1,0,2,1
217055,1,0,2,1
217059,1,0,2,1
217061,1,0,2,1
217145,0,1,1,2
217265,6,0,7,1
217320,1,0,2,1
217324,1,0,2,1
217326,6,0,7,1
217339,1,0,2,1
217346,1,0,2,1
217349,1,0,2,1
217359,1,0,2,1
217542,6,0,7,1
217543,6,0,7,1
217596,1,0,2,1
217597,1,0,2,1
217603,1,0,2,1
217607,1,0,2,1
217615,1,0,2,1
217616,1,0,2,1
217617,1,0,2,1
217619,1,0,2,1
217622,1,0,2,1
217629,1,0,2,1
217657,4,1,5,2
217707,1,5,2,6
217861,6,0,7,1
217874,1,0,2,1
217881,1,0,2,1
217883,1,0,2,1
217884,1,0,2,1
217886,1,0,2,1
217890,1,0,2,1
217897,1,0,2,1
217899,1,0,2,1
217900,1,0,2,1
217905,1,0,2,1
217914,1,0,2,1
217926,4,1,5,2
217939,1,4,2,5
217940,1,4,2,5
217969,1,0,2,1
217987,1,5,2,6
218123,6,0,7,1
218143,1,0,2,1
218146,1,0,2,1
218148,1,0,2,1
218153,1,0,2,1
218156,1,0,2,1
218163,1,0,2,1
218168,1,0,2,1
218169,1,0,2,1
218194,1,4,2,5
218236,1,0,2,1
218388,0,6,1,7
218411,1,0,2,1
218423,1,0,2,1
218425,1,0,2,1
218473,1,4,2,5
218504,1,0,2,1
218546,1,0,2,1
218588,1,5,2,6
218595,2,1,3,2
218601,4,1,5,2
218603,4,1,5,2
218716,1,0,2,1
218717,1,0,2,1
218727,1,0,2,1
218728,1,0,2,1
218838,1,0,2,1
218840,1,0,2,1
218884,1,5,2,6
218889,1,5,2,6
218891,2,1,3,2
218892,2,1,3,2
218894,2,1,3,2
218896,2,1,3,2
218905,4,1,5,2
218995,0,6,1,7
219024,1,0,2,1
219025,1,0,2,1
219029,1,0,2,1
219033,1,0,2,1
219036,1,0,2,1
219105,1,0,2,1
219195,1,5,2,6
219201,2,1,3,2
219202,2,1,3,2
219203,2,1,3,2
219215,4,1,5,2
219341,1,0,2,1
219346,1,0,2,1
219353,1,0,2,1
219515,1,2,2,3
219531,2,1,3,2
219543,4,1,5,2
219680,1,0,2,1
219719,4,1,5,2
220027,1,0,2,1
220031,1,0,2,1
220069,4,1,5,2
220074,1,4,2,5
220152,1,0,2,1
220221,1,5,2,6
220224,5,1,6,2
220315,6,0,7,1
220395,1,0,2,1
220678,6,0,7,1
220756,1,0,2,1
220757,1,0,2,1
220763,1,0,2,1
220798,1,4,2,5
220879,1,0,2,1
221071,6,0,7,1
221167,4,1,5,2
221361,1,5,2,6
221363,1,5,2,6
221429,6,0,7,1
221449,6,0,7,1
221509,1,0,2,1
221515,1,0,2,1
221735,2,1,3,2
221739,5,2,6,3
221897,1,0,2,1
221899,0,1,1,2
221934,4,1,5,2
222110,5,1,6,2
222111,5,1,6,2
222112,5,1,6,2
222134,1,5,2,6
222135,1,5,2,6
222140,1,5,2,6
222141,1,5,2,6
222211,0,6,1,7
222230,6,0,7,1
222231,6,0,7,1
222284,1,0,2,1
222291,1,0,2,1
222293,1,0,2,1
222299,1,0,2,1
222336,1,4,2,5
222343,4,1,5,2
222426,1,0,2,1
222520,1,5,2,6
222547,1,5,2,6
222553,1,5,2,6
222647,6,0,7,1
222649,6,0,7,1
222651,6,0,7,1
222701,1,0,2,1
222702,1,0,2,1
222703,1,0,2,1
222755,1,4,2,5
222757,1,4,2,5
222955,5,1,6,2
222957,5,1,6,2
222975,1,5,2,6
222976,1,5,2,6
222978,1,5,2,6
223002,2,5,3,6
223132,1,0,2,1
223133,1,0,2,1
223138,1,0,2,1
223140,1,0,2,1
223365,1,5,2,6
223396,1,5,2,6
223398,5,1,6,2
223507,6,0,7,1
223530,0,6,1,7
223581,1,0,2,1
223582,1,0,2,1
223632,1,4,2,5
223633,1,4,2,5
223795,1,5,2,6
223807,5,1,6,2
223855,5,1,6,2
223856,5,1,6,2
223858,5,1,6,2
223967,6,0,7,1
223969,6,0,7,1
223987,0,6,1,7
223988,0,6,1,7
224035,1,0,2,1
224054,0,1,1,2
224245,1,6,2,7
224324,5,1,6,2
224325,5,1,6,2
224428,6,0,7,1
224448,0,6,1,7
224493,1,0,2,1
224550,1,4,2,5
224558,4,1,5,2
224560,4,1,5,2
224727,1,5,2,6
224762,1,5,2,6
224797,5,1,6,2
224803,5,1,6,2
224901,6,0,7,1
224902,6,0,7,1
224904,6,0,7,1
224964,1,0,2,1
224984,0,1,1,2
225371,6,0,7,1
225377,6,0,7,1
225382,6,0,7,1
225390,0,6,1,7
225455,0,1,1,2
225842,6,0,7,1
225860,0,6,1,7
225921,0,1,1,2
225969,4,1,5,2
226138,2,1,3,2
226313,6,0,7,1
226393,0,1,1,2
226510,1,6,2,7
226613,5,1,6,2
226691,1,5,2,6
226797,6,0,7,1
226866,0,1,1,2
226867,0,1,1,2
226915,4,1,5,2
227087,0,1,1,2
227104,5,1,6,2
227165,5,1,6,2
227279,0,6,1,7
227291,0,6,1,7
227878,4,1,5,2
228047,0,1,1,2
228138,5,1,6,2
228141,1,5,2,6
228255,0,6,1,7
228571,5,1,6,2
228613,5,1,6,2
228615,5,1,6,2
228622,1,5,2,6
228835,4,1,5,2
229012,1,5,2,6
229049,5,1,6,2
229108,5,1,6,2
229111,1,5,2,6
229197,0,6,1,7
229326,4,1,5,2
229441,0,1,1,2
229537,5,1,6,2
229540,5,1,6,2
229584,1,2,2,3
229685,6,0,7,1
229697,6,0,7,1
229699,6,0,7,1
229761,1,0,2,1
229927,0,1,1,2
229971,0,1,1,2
230051,5,1,6,2
230054,5,1,6,2
230083,1,5,2,6
230159,0,6,1,7
230179,6,0,7,1
230272,1,4,2,5
230401,1,0,2,1
230405,1,0,2,1
230406,1,0,2,1
230453,0,1,1,2
230531,5,1,6,2
230556,5,1,6,2
230559,1,5,2,6
230636,0,6,1,7
230640,0,6,1,7
230655,6,0,7,1
230657,6,0,7,1
230660,0,6,1,7
230662,0,6,1,7
230880,1,0,2,1
230884,1,0,2,1
230887,1,0,2,1
230888,1,0,2,1
230932,0,1,1,2
230978,5,1,6,2
231025,1,2,2,3
231040,4,1,5,2
231121,0,6,1,7
231135,6,0,7,1
231244,1,4,2,5
231408,0,1,1,2
231410,0,1,1,2
231517,4,1,5,2
231538,2,3,3,4
231596,0,6,1,7
231615,6,0,7,1
231619,6,0,7,1
231856,0,1,1,2
231888,0,1,1,2
232082,0,6,1,7
232083,0,6,1,7
232165,0,1,1,2
232319,0,1,1,2
232338,0,1,1,2
232340,0,1,1,2
232427,5,1,6,2
232482,5,1,6,2
232489,5,1,6,2
232650,0,1,1,2
232652,0,1,1,2
232653,0,1,1,2
232824,1,0,2,1
232855,0,1,1,2
232891,1,5,2,6
233059,6,0,7,1
233145,0,1,1,2
233348,0,1,1,2
233408,5,1,6,2
233475,1,6,2,7
233502,2,3,3,4
233619,0,1,1,2
233643,0,1,1,2
233644,0,1,1,2
233785,0,1,1,2
233792,0,1,1,2
233839,0,1,1,2
233870,1,5,2,6
233904,5,1,6,2
233969,5,1,6,2
234044,6,0,7,1
234045,6,0,7,1
234138,0,1,1,2
234141,0,1,1,2
234142,0,1,1,2
234320,0,1,1,2
234338,0,1,1,2
234408,5,1,6,2
234462,5,1,6,2
234463,5,1,6,2
234537,6,0,7,1
234634,0,1,1,2
234769,0,1,1,2
234812,0,1,1,2
234813,0,1,1,2
234818,0,1,1,2
234819,0,1,1,2
234827,0,1,1,2
234831,0,1,1,2
234861,1,5,2,6
234868,5,1,6,2
234871,5,1,6,2
235012,6,0,7,1
235110,0,1,1,2
235142,4,1,5,2
235154,0,1,1,2
235207,0,1,1,2
235210,0,1,1,2
235213,0,1,1,2
235214,0,1,1,2
235215,0,1,1,2
235286,1,0,2,1
235301,0,1,1,2
235304,0,1,1,2
235446,2,3,3,4
235573,0,1,1,2
235574,0,1,1,2
235578,0,1,1,2
235579,0,1,1,2
235591,0,1,1,2
235670,0,1,1,2
235676,0,1,1,2
235709,0,1,1,2
235771,0,1,1,2
235892,5,1,6,2
235957,5,2,6,3
236046,0,1,1,2
236138,0,1,1,2
236146,0,1,1,2
236188,0,1,1,2
236229,0,1,1,2
236274,1,5,2,6
236356,5,1,6,2
236375,5,1,6,2
236433,5,2,6,3
236513,0,1,1,2
236515,0,1,1,2
236526,0,1,1,2
236571,0,1,1,2
236616,0,1,1,2
236618,0,1,1,2
236657,1,0,2,1
236708,0,1,1,2
236755,1,5,2,6
236756,1,5,2,6
236783,5,1,6,2
236788,5,1,6,2
236789,5,1,6,2
236790,5,1,6,2
236850,5,1,6,2
236893,5,2,6,3
236944,6,0,7,1
236994,0,1,1,2
236996,0,1,1,2
237001,0,1,1,2
237009,0,4,1,5
237035,4,1,5,2
237052,0,1,1,2
237100,0,1,1,2
237103,0,1,1,2
237104,0,1,1,2
237166,0,1,1,2
237308,5,3,6,4
237313,5,1,6,2
237314,5,1,6,2
237481,0,1,1,2
237482,0,1,1,2
237491,0,1,1,2
237518,4,1,5,2
237578,0,1,1,2
237582,0,1,1,2
237588,0,1,1,2
237903,6,0,7,1
237951,0,1,1,2
237953,0,1,1,2
237955,0,1,1,2
237963,0,4,1,5
238048,0,1,1,2
238049,0,1,1,2
238054,0,1,1,2
238071,0,1,1,2
238094,0,1,1,2
238113,0,1,1,2
238417,0,1,1,2
238420,0,1,1,2
238502,4,1,5,2
238515,0,1,1,2
238533,0,1,1,2
238536,0,1,1,2
238537,0,1,1,2
238548,0,1,1,2
238553,0,1,1,2
238554,0,1,1,2
238578,0,1,1,2
238580,0,1,1,2
238635,1,0,2,1
238845,2,5,3,6
238887,0,1,1,2
238912,4,1,5,2
238983,0,4,1,5
238984,0,4,1,5
239008,0,1,1,2
239052,0,1,1,2
239106,1,0,2,1
239349,0,1,1,2
239351,0,1,1,2
239365,4,1,5,2
239417,4,1,5,2
239439,4,1,5,2
239440,4,0,5,1
239447,0,4,1,5
239450,0,4,1,5
239451,1,0,2,1
239452,1,0,2,1
239454,1,0,2,1
239878,4,1,5,2
239897,1,4,2,5
239901,4,1,5,2
239911,1,0,2,1
239914,1,0,2,1
239953,0,1,1,2
239969,0,1,1,2
239977,0,1,1,2
240115,0,1,1,2
240276,0,1,1,2
240357,4,1,5,2
240365,1,4,2,5
240387,0,1,1,2
240431,0,1,1,2
240487,1,0,2,1
240568,0,1,1,2
240570,0,1,1,2
240731,0,1,1,2
240737,0,1,1,2
240745,4,1,5,2
240747,1,4,2,5
240805,4,1,5,2
240826,1,4,2,5
240828,1,0,2,1
240829,1,0,2,1
240864,0,1,1,2
241201,0,1,1,2
241215,1,4,2,5
241223,1,4,2,5
241224,1,4,2,5
241225,1,4,2,5
241276,4,1,5,2
241288,1,4,2,5
241289,1,4,2,5
241315,0,1,1,2
241355,0,1,1,2
241499,5,1,6,2
241588,5,2,6,3
241589,5,2,6,3
241649,1,0,2,1
241657,0,1,1,2
241664,0,1,1,2
241679,1,4,2,5
241689,1,4,2,5
241752,1,4,2,5
241869,1,0,2,1
241918,0,5,1,6
241964,1,2,2,3
242125,1,0,2,1
242142,0,4,1,5
242146,4,1,5,2
242156,1,4,2,5
242161,1,4,2,5
242162,1,4,2,5
242213,4,1,5,2
242265,0,1,1,2
242270,0,1,1,2
242286,0,1,1,2
242291,0,1,1,2
242293,0,1,1,2
242294,0,1,1,2
242393,0,1,1,2
242394,0,1,1,2
242484,5,2,6,3
242507,2,3,3,4
242508,2,3,3,4
242604,1,0,2,1
242612,1,0,2,1
242620,1,0,2,1
242621,1,6,2,7
242622,1,6,2,7
242639,4,1,5,2
242640,0,1,1,2
242641,0,1,1,2
242644,4,1,5,2
242645,4,1,5,2
242694,1,4,2,5
242767,0,1,1,2
242768,0,1,1,2
242769,0,1,1,2
242770,0,1,1,2
242793,0,1,1,2
242855,1,0,2,1
242923,0,1,1,2
242925,0,1,1,2
242949,5,1,6,2
242961,5,1,6,2
243043,5,2,6,3
243105,1,0,2,1
243139,0,1,1,2
243145,0,1,1,2
243153,4,1,5,2
243193,1,4,2,5
243222,4,1,5,2
243266,0,1,1,2
243269,0,1,1,2
243295,0,1,1,2
243296,0,1,1,2
243297,0,1,1,2
243393,0,1,1,2
243395,0,1,1,2
243399,0,1,1,2
243423,0,1,1,2
243455,5,1,6,2
243568,2,5,3,6
243607,1,0,2,1
243611,1,0,2,1
243612,1,0,2,1
243639,0,1,1,2
243664,1,4,2,5
243693,1,4,2,5
243779,0,1,1,2
243786,0,1,1,2
243886,0,1,1,2
243888,0,1,1,2
243890,0,1,1,2
243912,0,1,1,2
243913,0,1,1,2
243948,5,1,6,2
243958,1,2,2,3
244052,5,2,6,3
244099,1,0,2,1
244101,1,0,2,1
244103,1,0,2,1
244139,0,1,1,2
244143,4,1,5,2
244147,4,1,5,2
244218,4,1,5,2
244379,0,1,1,2
244411,0,1,1,2
244413,0,1,1,2
244454,1,2,2,3
244459,1,2,2,3
244498,2,5,3,6
244501,3,2,4,3
244656,4,1,5,2
244668,1,4,2,5
244699,1,4,2,5
244709,4,1,5,2
244725,1,4,2,5
244762,0,1,1,2
244784,0,1,1,2
244892,0,1,1,2
244967,1,2,2,3
244968,5,2,6,3
244990,2,5,3,6
245112,1,0,2,1
245113,1,0,2,1
245117,1,0,2,1
245130,1,6,2,7
245159,4,1,5,2
245201,4,1,5,2
245221,4,1,5,2
245276,0,1,1,2
245297,0,1,1,2
245301,0,1,1,2
245428,0,1,1,2
245473,1,2,2,3
245475,1,5,2,6
245486,5,2,6,3
245499,5,2,6,3
245636,1,0,2,1
245679,4,1,5,2
245682,4,1,5,2
245726,0,1,1,2
245808,1,0,2,1
245820,0,1,1,2
245822,0,1,1,2
246006,1,2,2,3
246008,1,2,2,3
246028,5,2,6,3
246052,2,3,3,4
246178,1,0,2,1
246182,1,0,2,1
246221,4,1,5,2
246276,4,1,5,2
246358,0,1,1,2
246485,0,1,1,2
246538,1,5,2,6
246539,1,5,2,6
246541,1,2,2,3
246544,1,2,2,3
246549,5,2,6,3
246560,5,2,6,3
246562,5,2,6,3
246564,5,2,6,3
246565,5,2,6,3
246659,5,2,6,3
246663,5,2,6,3
246721,1,0,2,1
246754,4,1,5,2
246797,4,1,5,2
246895,0,1,1,2
246996,1,0,2,1
247084,1,2,2,3
247086,1,2,2,3
247090,5,2,6,3
247141,2,3,3,4
247204,5,2,6,3
247208,5,2,6,3
247264,1,0,2,1
247287,4,1,5,2
247323,4,1,5,2
247324,4,1,5,2
247325,4,1,5,2
247421,0,1,1,2
247606,1,5,2,6
247609,1,2,2,3
247612,1,2,2,3
247619,5,2,6,3
247628,5,2,6,3
247655,2,5,3,6
247671,2,3,3,4
247867,4,1,5,2
247869,4,1,5,2
247890,4,1,5,2
247973,0,1,1,2
247974,0,1,1,2
247975,0,1,1,2
248186,5,2,6,3
248295,5,2,6,3
248343,6,0,7,1
248363,1,0,2,1
248365,1,0,2,1
248418,0,1,1,2
248419,0,1,1,2
248422,4,1,5,2
248432,0,1,1,2
248447,4,1,5,2
248505,0,1,1,2
248703,1,2,2,3
248709,1,2,2,3
248723,5,2,6,3
248757,2,5,3,6
248769,2,3,3,4
248818,2,3,3,4
248893,2,3,3,4
248948,1,0,2,1
249003,4,1,5,2
249010,0,1,1,2
249034,4,1,5,2
249084,0,1,1,2
249287,1,2,2,3
249289,1,2,2,3
249290,1,2,2,3
249291,1,2,2,3
249303,5,2,6,3
249330,2,5,3,6
249396,2,3,3,4
249447,5,2,6,3
249448,5,2,6,3
249596,0,1,1,2
249599,4,1,5,2
249601,0,1,1,2
249680,0,1,1,2
249683,0,1,1,2
249881,1,2,2,3
249886,1,2,2,3
249891,1,2,2,3
249897,5,2,6,3
249909,5,2,6,3
249914,5,2,6,3
249941,2,5,3,6
249944,2,5,3,6
249945,2,5,3,6
249961,2,3,3,4
250058,5,2,6,3
250080,2,3,3,4
250150,1,0,2,1
250197,0,1,1,2
250203,0,1,1,2
250206,0,1,1,2
250214,0,1,1,2
250219,0,1,1,2
250220,0,1,1,2
250241,4,1,5,2
250280,0,1,1,2
250285,0,1,1,2
250287,0,1,1,2
250290,0,1,1,2
250293,0,1,1,2
250410,0,1,1,2
250450,0,1,1,2
250499,1,2,2,3
250505,1,2,2,3
250669,5,2,6,3
250673,5,2,6,3
250675,5,2,6,3
250741,1,0,2,1
250792,1,4,2,5
250814,0,1,1,2
250824,0,1,1,2
250825,0,1,1,2
250826,0,1,1,2
250830,0,1,1,2
250831,0,1,1,2
250835,0,1,1,2
250837,0,1,1,2
250839,0,1,1,2
250863,4,1,5,2
250904,0,1,1,2
250905,0,1,1,2
250913,0,1,1,2
250920,1,0,2,1
251027,0,1,1,2
251075,0,1,1,2
251122,1,5,2,6
251167,2,5,3,6
251269,2,3,3,4
251293,5,2,6,3
251294,5,2,6,3
251424,1,4,2,5
251446,0,1,1,2
251449,0,1,1,2
251457,0,1,1,2
251499,4,1,5,2
251521,4,1,5,2
251530,0,1,1,2
251534,0,1,1,2
251535,0,1,1,2
251536,0,1,1,2
251538,0,1,1,2
251539,0,1,1,2
251542,0,1,1,2
251543,0,1,1,2
251656,0,1,1,2
251699,0,1,1,2
251706,0,1,1,2
251731,1,2,2,3
251759,5,2,6,3
251767,5,2,6,3
251815,2,5,3,6
251924,5,2,6,3
251929,5,2,6,3
251972,0,6,1,7
251973,0,6,1,7
252008,1,0,2,1
252037,0,1,1,2
252079,0,1,1,2
252093,0,1,1,2
252099,0,1,1,2
252102,0,1,1,2
252109,0,1,1,2
252140,1,4,2,5
252158,0,1,1,2
252166,0,1,1,2
252167,0,1,1,2
252331,0,1,1,2
252388,5,2,6,3
252555,5,2,6,3
252633,1,0,2,1
252634,1,0,2,1
252689,1,4,2,5
252700,0,1,1,2
252701,0,1,1,2
252783,0,1,1,2
252784,0,1,1,2
252787,0,1,1,2
252794,0,1,1,2
252940,5,1,6,2
252949,0,1,1,2
252952,0,1,1,2
252991,1,2,2,3
252998,1,2,2,3
253001,5,2,6,3
253002,5,2,6,3
253059,2,5,3,6
253120,2,5,3,6
253173,5,2,6,3
253180,5,2,6,3
253181,5,2,6,3
253192,2,5,3,6
253218,6,0,7,1
253224,0,6,1,7
253253,1,0,2,1
253256,1,0,2,1
253291,0,1,1,2
253316,1,4,2,5
253344,0,1,1,2
253353,0,1,1,2
253411,1,0,2,1
253563,0,1,1,2
253565,0,1,1,2
253568,0,1,1,2
253579,0,1,1,2
253602,1,2,2,3
253616,1,2,2,3
253631,2,5,3,6
253660,2,5,3,6
253710,2,5,3,6
253711,2,5,3,6
253737,2,5,3,6
253799,5,2,6,3
253801,5,2,6,3
253835,6,0,7,1
253871,1,0,2,1
253906,0,1,1,2
253907,0,1,1,2
253943,0,1,1,2
253965,0,1,1,2
254001,4,1,5,2
254006,1,4,2,5
254032,1,0,2,1
254172,0,1,1,2
254174,0,1,1,2
254178,0,1,1,2
254182,0,1,1,2
254194,0,1,1,2
254215,1,2,2,3
254219,1,2,2,3
254220,1,2,2,3
254224,1,2,2,3
254350,2,5,3,6
254361,2,5,3,6
254391,5,2,6,3
254432,6,0,7,1
254434,6,0,7,1
254472,1,0,2,1
254511,0,1,1,2
254544,0,1,1,2
254571,0,1,1,2
254572,0,1,1,2
254628,0,1,1,2
254771,5,0,6,1
254779,0,1,1,2
254786,0,1,1,2
254797,0,1,1,2
254799,0,1,1,2
254819,1,2,2,3
254834,2,5,3,6
254835,2,5,3,6
254836,2,5,3,6
254910,2,5,3,6
254911,2,5,3,6
254914,2,5,3,6
254937,2,5,3,6
254955,2,5,3,6
254964,2,5,3,6
254967,2,5,3,6
254994,5,2,6,3
255003,5,2,6,3
255008,2,5,3,6
255036,6,0,7,1
255074,1,0,2,1
255116,0,1,1,2
255118,0,1,1,2
255155,0,1,1,2
255170,0,1,1,2
255180,0,1,1,2
255181,0,1,1,2
255183,0,1,1,2
255215,4,1,5,2
255243,0,1,1,2
255390,0,1,1,2
255394,0,1,1,2
255396,0,1,1,2
255413,0,1,1,2
255430,1,2,2,3
255452,2,5,3,6
255454,2,5,3,6
255509,2,5,3,6
255517,2,5,3,6
255553,2,5,3,6
255562,2,5,3,6
255563,2,5,3,6
255566,2,5,3,6
255594,5,2,6,3
255603,5,2,6,3
255635,6,0,7,1
255710,0,1,1,2
255738,0,1,1,2
255739,0,1,1,2
255790,0,1,1,2
255824,4,1,5,2
255846,0,1,1,2
255870,1,0,2,1
255872,1,0,2,1
256002,0,1,1,2
256004,0,1,1,2
256017,0,1,1,2
256027,1,2,2,3
256039,1,5,2,6
256090,2,3,3,4
256165,2,3,3,4
256193,5,2,6,3
256200,5,2,6,3
256202,5,2,6,3
256233,6,0,7,1
256268,1,0,2,1
256270,1,0,2,1
256334,0,1,1,2
256392,0,1,1,2
256583,5,1,6,2
256591,0,1,1,2
256597,0,1,1,2
256736,2,5,3,6
256746,2,5,3,6
256787,5,2,6,3
256788,5,2,6,3
256819,6,0,7,1
256821,6,0,7,1
256823,6,0,7,1
256855,1,0,2,1
256856,1,0,2,1
256858,1,0,2,1
256901,0,1,1,2
256927,0,1,1,2
256938,0,1,1,2
256959,0,1,1,2
257181,0,1,1,2
257183,0,1,1,2
257185,0,1,1,2
257186,0,1,1,2
257213,1,2,2,3
257295,3,2,4,3
257316,2,5,3,6
257326,2,5,3,6
257328,2,5,3,6
257359,5,2,6,3
257397,6,0,7,1
257399,6,0,7,1
257434,1,0,2,1
257435,1,0,2,1
257442,1,0,2,1
257479,0,1,1,2
257481,0,1,1,2
257495,1,4,2,5
257508,0,1,1,2
257512,0,1,1,2
257516,0,1,1,2
257542,0,1,1,2
257630,0,1,1,2
257631,0,1,1,2
257744,5,1,6,2
257787,1,2,2,3
257796,1,2,2,3
257896,2,5,3,6
257899,2,5,3,6
257904,2,5,3,6
257905,2,5,3,6
257960,2,3,3,4
258011,1,0,2,1
258013,1,0,2,1
258017,1,0,2,1
258059,0,1,1,2
258060,0,1,1,2
258061,0,1,1,2
258062,0,1,1,2
258063,0,1,1,2
258084,1,4,2,5
258085,1,4,2,5
258096,0,1,1,2
258331,0,1,1,2
258334,0,1,1,2
258358,1,2,2,3
258360,1,2,2,3
258369,1,5,2,6
258464,2,5,3,6
258465,2,5,3,6
258474,2,5,3,6
258477,2,5,3,6
258478,2,5,3,6
258524,2,3,3,4
258542,6,0,7,1
258544,6,0,7,1
258546,6,0,7,1
258549,6,0,7,1
258578,1,0,2,1
258579,1,0,2,1
258581,1,0,2,1
258589,1,0,2,1
258626,0,1,1,2
258630,0,1,1,2
258655,0,1,1,2
258656,0,1,1,2
258658,0,1,1,2
258660,0,1,1,2
258780,0,1,1,2
258878,5,1,6,2
258915,1,2,2,3
258920,1,2,2,3
258925,1,5,2,6
259037,2,5,3,6
259038,2,3,3,4
259066,2,3,3,4
259086,2,3,3,4
259101,6,0,7,1
259145,1,0,2,1
259147,1,0,2,1
259151,1,0,2,1
259189,0,1,1,2
259195,0,1,1,2
259217,1,4,2,5
259218,1,4,2,5
259220,0,1,1,2
259227,0,1,1,2
259232,0,4,1,5
259278,1,0,2,1
259345,0,1,1,2
259404,4,1,5,2
259470,1,2,2,3
259552,2,5,3,6
259553,2,5,3,6
259575,2,5,3,6
259584,2,5,3,6
259657,6,0,7,1
259662,6,0,7,1
259665,6,0,7,1
259695,1,0,2,1
259704,1,0,2,1
259745,0,1,1,2
259775,0,1,1,2
259778,0,1,1,2
259865,0,1,1,2
259867,0,1,1,2
259957,4,1,5,2
259983,4,1,5,2
260008,1,2,2,3
260117,2,5,3,6
260128,2,5,3,6
260129,2,5,3,6
260209,6,0,7,1
260245,1,0,2,1
260248,1,0,2,1
260282,0,1,1,2
260289,0,1,1,2
260320,0,1,1,2
260378,1,0,2,1
260381,0,1,1,2
260406,0,1,1,2
260407,0,1,1,2
260408,0,1,1,2
260414,0,1,1,2
260513,5,0,6,1
260525,0,1,1,2
260531,0,1,1,2
260620,2,5,3,6
260666,2,5,3,6
260667,2,5,3,6
260672,2,5,3,6
260736,6,0,7,1
260781,1,0,2,1
260784,1,0,2,1
260785,1,0,2,1
260820,0,1,1,2
260824,0,1,1,2
260826,0,1,1,2
260828,0,1,1,2
260855,0,1,1,2
260933,0,1,1,2
260937,0,1,1,2
261029,4,1,5,2
261044,4,1,5,2
261046,4,1,5,2
261049,4,1,5,2
261054,0,1,1,2
261057,0,1,1,2
261088,2,3,3,4
261193,2,5,3,6
261194,2,5,3,6
261198,2,5,3,6
261204,2,5,3,6
261206,2,5,3,6
261265,6,0,7,1
261267,6,0,7,1
261352,0,1,1,2
261374,0,1,1,2
261453,0,1,1,2
261457,0,1,1,2
261493,0,1,1,2
261547,4,1,5,2
261548,4,1,5,2
261568,0,1,1,2
261574,0,1,1,2
261605,3,2,4,3
261765,2,3,3,4
261791,6,0,7,1
261876,0,1,1,2
261878,0,1,1,2
261879,0,1,1,2
261880,0,1,1,2
261974,0,1,1,2
261976,0,1,1,2
261978,0,1,1,2
261979,0,1,1,2
262082,0,1,1,2
262084,0,1,1,2
262087,0,1,1,2
262089,0,1,1,2
262093,0,1,1,2
262179,2,5,3,6
262180,2,5,3,6
262298,6,0,7,1
262384,0,1,1,2
262385,0,1,1,2
262458,0,1,1,2
262459,0,1,1,2
262476,0,1,1,2
262479,0,1,1,2
262481,0,1,1,2
262575,4,1,5,2
262581,0,1,1,2
262588,0,1,1,2
262674,2,5,3,6
262675,2,5,3,6
262699,2,3,3,4
262702,3,2,4,3
262705,2,3,3,4
262883,0,1,1,2
262890,1,4,2,5
262927,4,1,5,2
262934,0,1,1,2
262959,0,1,1,2
262972,4,1,5,2
263043,4,1,5,2
263055,4,1,5,2
263057,4,1,5,2
263061,5,1,6,2
263076,0,1,1,2
263077,0,1,1,2
263078,0,1,1,2
263276,2,3,3,4
263277,2,3,3,4
263424,0,1,1,2
263439,0,1,1,2
263450,4,1,5,2
263451,4,1,5,2
263540,4,1,5,2
263549,0,1,1,2
263590,2,5,3,6
263722,5,2,6,3
263730,5,2,6,3
263798,1,0,2,1
263841,1,0,2,1
263871,4,1,5,2
263882,0,1,1,2
263905,0,1,1,2
263915,4,1,5,2
263917,4,1,5,2
263942,0,1,1,2
263943,0,1,1,2
264001,0,1,1,2
264002,0,1,1,2
264003,0,1,1,2
264005,0,1,1,2
264010,0,1,1,2
264014,0,1,1,2
264045,2,3,3,4
264046,2,3,3,4
264170,5,2,6,3
264202,5,2,6,3
264334,4,1,5,2
264339,0,1,1,2
264350,1,0,2,1
264351,1,0,2,1
264355,0,1,1,2
264364,4,1,5,2
264368,4,1,5,2
264371,4,1,5,2
264437,4,1,5,2
264438,4,1,5,2
264447,4,1,5,2
264465,0,1,1,2
264466,0,1,1,2
264502,2,5,3,6
264548,3,2,4,3
264572,2,3,3,4
264575,2,3,3,4
264623,5,2,6,3
264627,2,5,3,6
264635,5,2,6,3
264710,1,0,2,1
264859,0,1,1,2
264906,4,1,5,2
264907,4,1,5,2
264915,0,1,1,2
264919,0,1,1,2
264942,3,2,4,3
264961,2,5,3,6
264963,2,5,3,6
265076,2,5,3,6
265088,5,2,6,3
265093,5,2,6,3
265095,5,2,6,3
265149,1,0,2,1
265255,0,1,1,2
265256,0,1,1,2
265260,1,0,2,1
265282,4,1,5,2
265310,0,1,1,2
265343,0,1,1,2
265344,0,1,1,2
265349,0,1,1,2
265394,2,5,3,6
265433,2,3,3,4
265461,2,3,3,4
265511,5,2,6,3
265580,1,0,2,1
265624,0,1,1,2
265707,1,0,2,1
265713,1,0,2,1
265717,1,0,2,1
265774,1,0,2,1
265778,0,1,1,2
265856,2,3,3,4
265857,2,3,3,4
265935,5,2,6,3
265943,5,2,6,3
265945,5,2,6,3
265961,6,0,7,1
266005,1,0,2,1
266049,0,1,1,2
266058,0,1,1,2
266061,0,1,1,2
266074,1,0,2,1
266208,0,1,1,2
266209,0,1,1,2
266307,2,3,3,4
266371,5,2,6,3
266382,5,2,6,3
266402,0,6,1,7
266481,1,0,2,1
266484,0,1,1,2
266490,0,1,1,2
266491,0,1,1,2
266504,0,1,1,2
266573,1,4,2,5
266601,0,1,1,2
266603,4,1,5,2
266605,4,1,5,2
266746,2,3,3,4
266823,5,2,6,3
266825,5,2,6,3
266833,5,2,6,3
266834,5,2,6,3
266844,6,0,7,1
266931,1,0,2,1
266936,0,1,1,2
266954,0,1,1,2
266965,1,0,2,1
267029,1,4,2,5
267030,1,4,2,5
267055,0,1,1,2
267058,4,1,5,2
267148,2,5,3,6
267174,3,2,4,3
267271,5,2,6,3
267277,5,2,6,3
267280,5,2,6,3
267287,5,2,6,3
267288,5,2,6,3
267290,5,2,6,3
267398,1,0,2,1
267410,1,0,2,1
267411,1,0,2,1
267413,1,0,2,1
267414,1,0,2,1
267420,0,1,1,2
267506,1,4,2,5
267511,4,1,5,2
267513,4,1,5,2
267541,0,1,1,2
267542,0,1,1,2
267543,4,1,5,2
267654,3,2,4,3
267695,2,3,3,4
267751,5,2,6,3
267765,5,2,6,3
267769,2,3,3,4
267777,5,2,6,3
267780,5,2,6,3
267784,5,2,6,3
267786,5,2,6,3
267889,0,1,1,2
267890,0,1,1,2
267893,1,0,2,1
267894,1,0,2,1
267906,1,0,2,1
267907,1,0,2,1
267912,1,0,2,1
267914,0,1,1,2
267916,0,1,1,2
267918,0,1,1,2
268011,4,1,5,2
268012,4,1,5,2
268030,1,4,2,5
268041,0,1,1,2
268043,4,1,5,2
268121,2,5,3,6
268248,5,2,6,3
268259,5,2,6,3
268269,5,3,6,4
268274,2,5,3,6
268278,5,2,6,3
268279,5,2,6,3
268291,6,0,7,1
268386,0,1,1,2
268409,0,1,1,2
268414,0,1,1,2
268435,1,0,2,1
268445,0,1,1,2
268453,1,0,2,1
268454,1,0,2,1
268456,0,1,1,2
268541,0,1,1,2
268710,2,5,3,6
268741,5,2,6,3
268744,5,2,6,3
268748,5,2,6,3
268749,5,2,6,3
268766,5,2,6,3
268873,0,1,1,2
268880,0,1,1,2
268881,0,1,1,2
268892,1,0,2,1
268900,0,1,1,2
268940,0,1,1,2
268942,0,1,1,2
268943,0,1,1,2
268962,1,0,2,1
269034,0,1,1,2
269099,3,2,4,3
269140,2,3,3,4
269141,3,2,4,3
269256,5,2,6,3
269262,2,5,3,6
269348,0,1,1,2
269350,0,1,1,2
269367,0,1,1,2
269369,0,1,1,2
269370,0,1,1,2
269435,1,0,2,1
269446,0,1,1,2
269448,0,1,1,2
269453,1,0,2,1
269590,2,3,3,4
269755,5,2,6,3
269772,5,2,6,3
269774,5,2,6,3
269778,5,2,6,3
269864,0,1,1,2
269879,0,1,1,2
269883,0,1,1,2
269911,0,1,1,2
269912,0,1,1,2
269913,0,1,1,2
269949,0,1,1,2
269955,1,0,2,1
269957,1,0,2,1
269958,0,1,1,2
269962,0,1,1,2
269965,0,1,1,2
270041,0,1,1,2
270046,0,1,1,2
270201,2,5,3,6
270202,2,5,3,6
270224,2,5,3,6
270230,2,3,3,4
270252,5,2,6,3
270259,5,2,6,3
270270,5,2,6,3
270285,5,2,6,3
270371,1,0,2,1
270372,1,0,2,1
270384,0,1,1,2
270389,0,1,1,2
270407,1,0,2,1
270458,0,1,1,2
270469,0,1,1,2
270542,0,1,1,2
270699,2,5,3,6
270768,5,2,6,3
270770,5,2,6,3
270884,1,0,2,1
270889,0,1,1,2
270891,0,1,1,2
270899,0,1,1,2
270909,1,0,2,1
270913,1,0,2,1
270916,1,0,2,1
270928,0,1,1,2
270977,1,0,2,1
270983,0,1,1,2
270985,0,1,1,2
270997,4,0,5,1
271055,0,1,1,2
271058,0,1,1,2
271059,0,1,1,2
271064,1,0,2,1
271155,5,2,6,3
271247,2,3,3,4
271272,5,2,6,3
271273,5,2,6,3
271285,5,2,6,3
271289,5,2,6,3
271299,5,2,6,3
271402,0,1,1,2
271406,0,1,1,2
271409,0,1,1,2
271431,0,1,1,2
271436,0,1,1,2
271439,0,1,1,2
271484,1,0,2,1
271485,0,1,1,2
271488,0,1,1,2
271489,0,1,1,2
271490,0,1,1,2
271491,0,1,1,2
271503,4,1,5,2
271534,4,1,5,2
271559,0,1,1,2
271562,0,1,1,2
271564,0,1,1,2
271611,2,3,3,4
271620,2,3,3,4
271739,2,5,3,6
271757,5,3,6,4
271778,5,2,6,3
271802,5,2,6,3
271908,0,1,1,2
271910,0,1,1,2
271937,0,1,1,2
271940,0,1,1,2
271985,1,0,2,1
272000,0,1,1,2
272004,0,1,1,2
272063,0,1,1,2
272064,0,1,1,2
272065,0,1,1,2
272070,0,1,1,2
272073,1,0,2,1
272076,1,0,2,1
272224,2,3,3,4
272272,5,2,6,3
272287,5,2,6,3
272295,5,2,6,3
272298,5,2,6,3
272414,0,1,1,2
272415,0,1,1,2
272428,0,1,1,2
272451,0,1,1,2
272516,0,1,1,2
272525,0,1,1,2
272526,0,1,1,2
272530,0,1,1,2
272539,4,1,5,2
272542,4,1,5,2
272564,4,1,5,2
272597,0,1,1,2
272600,1,0,2,1
272609,0,1,1,2
272617,0,1,1,2
272619,0,1,1,2
272646,2,5,3,6
272651,2,3,3,4
272720,2,3,3,4
272753,2,3,3,4
272780,2,5,3,6
272937,0,1,1,2
272939,0,1,1,2
272940,0,1,1,2
272941,0,1,1,2
272948,0,1,1,2
273017,1,0,2,1
273040,0,1,1,2
273044,0,1,1,2
273045,0,1,1,2
273058,0,1,1,2
273061,4,1,5,2
273063,4,1,5,2
273064,4,0,5,1
273072,4,1,5,2
273121,0,1,1,2
273122,0,1,1,2
273130,0,1,1,2
273144,0,1,1,2
273180,2,3,3,4
273228,2,3,3,4
273256,2,3,3,4
273302,2,5,3,6
273311,2,5,3,6
273363,5,2,6,3
273364,5,2,6,3
273373,2,5,3,6
273472,0,1,1,2
273488,0,6,1,7
273612,4,1,5,2
273639,4,1,5,2
273646,4,1,5,2
273670,0,1,1,2
273688,1,0,2,1
273692,0,1,1,2
273716,2,5,3,6
273718,2,5,3,6
273725,2,3,3,4
273777,3,2,4,3
273850,2,5,3,6
273902,5,2,6,3
273936,2,5,3,6
274039,0,1,1,2
274040,0,1,1,2
274073,0,1,1,2
274119,1,0,2,1
274152,0,1,1,2
274159,0,1,1,2
274182,4,0,5,1
274184,4,1,5,2
274186,4,1,5,2
274237,0,1,1,2
274241,0,1,1,2
274244,0,1,1,2
274278,2,5,3,6
274283,2,5,3,6
274322,5,3,6,4
274326,2,5,3,6
274388,3,2,4,3
274415,2,5,3,6
274422,2,5,3,6
274423,2,5,3,6
274427,2,3,3,4
274430,2,5,3,6
274431,2,5,3,6
274467,5,2,6,3
274491,5,2,6,3
274506,5,2,6,3
274513,6,0,7,1
274599,0,1,1,2
274637,0,1,1,2
274638,0,1,1,2
274639,0,1,1,2
274640,0,1,1,2
274718,0,1,1,2
274719,0,1,1,2
274744,4,1,5,2
274795,0,1,1,2
274797,0,1,1,2
274798,0,1,1,2
274822,2,5,3,6
274825,2,5,3,6
274908,2,3,3,4
274979,2,5,3,6
274980,2,5,3,6
274989,2,3,3,4
275004,2,5,3,6
275072,5,2,6,3
275082,6,0,7,1
275174,0,1,1,2
275181,0,1,1,2
275273,0,1,1,2
275308,4,1,5,2
275309,4,1,5,2
275320,4,1,5,2
275361,0,1,1,2
275363,0,1,1,2
275368,0,1,1,2
275371,0,1,1,2
275561,5,2,6,3
275585,5,2,6,3
275729,0,1,1,2
275733,0,1,1,2
275735,0,1,1,2
275749,0,6,1,7
275764,0,1,1,2
275765,0,1,1,2
275766,0,1,1,2
275832,0,1,1,2
275837,0,1,1,2
275865,4,1,5,2
275890,4,1,5,2
275900,1,0,2,1
275930,0,1,1,2
275936,0,1,1,2
275940,2,3,3,4
275963,2,5,3,6
276010,5,3,6,4
276102,2,5,3,6
276104,2,5,3,6
276106,2,5,3,6
276315,0,1,1,2
276345,0,1,1,2
276347,0,1,1,2
276392,1,0,2,1
276409,0,1,1,2
276413,0,1,1,2
276415,0,1,1,2
276444,0,1,1,2
276447,0,1,1,2
276450,1,4,2,5
276462,4,1,5,2
276477,1,0,2,1
276500,0,1,1,2
276504,0,1,1,2
276510,0,1,1,2
276517,2,3,3,4
276547,2,3,3,4
276651,3,2,4,3
276686,2,5,3,6
276742,2,3,3,4
276787,5,2,6,3
276889,0,1,1,2
276910,1,0,2,1
276914,6,0,7,1
276915,6,0,7,1
276927,0,1,1,2
276946,0,1,1,2
276970,1,0,2,1
276971,1,0,2,1
276993,0,1,1,2
276995,0,1,1,2
277024,0,1,1,2
277025,0,1,1,2
277026,0,1,1,2
277047,4,1,5,2
277054,4,1,5,2
277081,0,1,1,2
277090,0,1,1,2
277102,2,5,3,6
277262,2,5,3,6
277275,2,5,3,6
277335,5,2,6,3
277395,0,6,1,7
277516,0,1,1,2
277517,0,1,1,2
277534,0,1,1,2
277537,0,1,1,2
277584,0,1,1,2
277632,4,1,5,2
277636,1,4,2,5
277640,1,4,2,5
277672,0,1,1,2
277862,2,5,3,6
277867,2,5,3,6
277918,5,2,6,3
278112,0,1,1,2
278163,0,1,1,2
278164,0,1,1,2
278198,0,4,1,5
278199,0,1,1,2
278230,1,0,2,1
278256,0,1,1,2
278262,0,1,1,2
278270,0,1,1,2
278386,2,5,3,6
278425,2,5,3,6
278444,2,5,3,6
278503,5,2,6,3
278504,5,2,6,3
278513,5,2,6,3
278697,0,1,1,2
278751,0,1,1,2
278780,0,1,1,2
278831,0,1,1,2
278836,0,1,1,2
278842,0,1,1,2
278844,0,1,1,2
278913,5,3,6,4
278962,2,5,3,6
278972,2,3,3,4
279001,2,5,3,6
279010,2,5,3,6
279085,5,2,6,3
279228,1,0,2,1
279229,1,0,2,1
279232,1,0,2,1
279238,6,0,7,1
279245,0,1,1,2
279293,1,0,2,1
279316,0,1,1,2
279318,0,1,1,2
279321,0,1,1,2
279350,0,1,1,2
279404,0,1,1,2
279408,0,1,1,2
279495,5,2,6,3
279576,2,5,3,6
279579,2,5,3,6
279580,2,5,3,6
279657,5,2,6,3
279677,5,2,6,3
279681,5,2,6,3
279793,0,1,1,2
279828,6,0,7,1
279833,0,1,1,2
279842,1,0,2,1
279852,0,1,1,2
279901,0,1,1,2
279905,0,1,1,2
279909,0,1,1,2
279993,0,1,1,2
279995,0,1,1,2
279998,0,1,1,2
280002,0,1,1,2
280003,0,1,1,2
280173,2,5,3,6
280178,2,5,3,6
280186,2,5,3,6
280194,2,5,3,6
280236,2,3,3,4
280254,5,2,6,3
280300,5,2,6,3
280417,6,0,7,1
280421,0,1,1,2
280422,0,1,1,2
280438,0,1,1,2
280487,0,1,1,2
280489,0,1,1,2
280551,1,0,2,1
280576,0,1,1,2
280587,0,1,1,2
280588,0,1,1,2
280590,0,1,1,2
280744,2,5,3,6
280755,2,5,3,6
280809,2,3,3,4
280827,5,2,6,3
280829,5,2,6,3
280868,5,2,6,3
280953,0,1,1,2
280975,1,0,2,1
280994,0,1,1,2
281007,0,1,1,2
281008,0,1,1,2
281011,0,1,1,2
281061,0,1,1,2
281093,0,1,1,2
281147,0,1,1,2
281151,0,1,1,2
281156,0,1,1,2
281159,0,1,1,2
281165,0,1,1,2
281331,2,5,3,6
281332,2,5,3,6
281334,2,5,3,6
281336,2,5,3,6
281355,5,3,6,4
281372,5,2,6,3
281388,2,3,3,4
281399,5,2,6,3
281410,5,2,6,3
281413,5,2,6,3
281420,5,2,6,3
281452,5,2,6,3
281550,1,0,2,1
281553,1,0,2,1
281555,1,0,2,1
281561,6,0,7,1
281582,0,1,1,2
281587,0,1,1,2
281639,0,1,1,2
281724,0,1,1,2
281738,0,1,1,2
281906,2,5,3,6
281911,2,5,3,6
281969,5,2,6,3
281970,5,2,6,3
282010,5,2,6,3
282024,5,2,6,3
282128,1,0,2,1
282159,0,1,1,2
282160,0,1,1,2
282164,0,1,1,2
282167,0,1,1,2
282173,0,1,1,2
282174,0,1,1,2
282214,0,1,1,2
282215,0,1,1,2
282239,0,1,1,2
282259,4,1,5,2
282303,0,1,1,2
282304,0,1,1,2
282313,0,1,1,2
282477,2,5,3,6
282491,2,5,3,6
282493,2,5,3,6
282577,5,2,6,3
282589,5,2,6,3
282734,0,1,1,2
282746,1,0,2,1
282812,4,1,5,2
282855,0,1,1,2
282856,0,1,1,2
282859,0,1,1,2
282863,0,1,1,2
282867,0,1,1,2
282870,0,1,1,2
282871,0,1,1,2
282906,2,5,3,6
282934,2,3,3,4
283047,2,5,3,6
283050,2,5,3,6
283107,5,2,6,3
283110,5,2,6,3
283111,5,2,6,3
283115,5,2,6,3
283154,5,2,6,3
283155,5,2,6,3
283257,1,0,2,1
283271,6,0,7,1
283274,0,1,1,2
283276,1,0,2,1
283295,0,1,1,2
283296,0,1,1,2
283297,0,1,1,2
283304,0,1,1,2
283397,1,4,2,5
283434,0,1,1,2
283442,0,1,1,2
283487,2,5,3,6
283509,2,3,3,4
283531,5,2,6,3
283613,2,5,3,6
283614,2,5,3,6
283640,5,2,6,3
283675,5,2,6,3
283702,5,2,6,3
283711,5,2,6,3
283818,1,0,2,1
283830,0,1,1,2
283854,0,1,1,2
283865,0,1,1,2
283932,4,1,5,2
283933,4,1,5,2
283942,4,1,5,2
283988,0,1,1,2
284058,2,3,3,4
284073,2,3,3,4
284204,2,5,3,6
284419,0,1,1,2
284427,0,1,1,2
284501,4,1,5,2
284502,4,1,5,2
284509,4,1,5,2
284547,0,1,1,2
284549,0,1,1,2
284550,0,1,1,2
284551,0,1,1,2
284552,0,1,1,2
284560,0,1,1,2
284637,2,3,3,4
284754,2,5,3,6
284814,3,5,4,6
284973,1,0,2,1
285010,0,1,1,2
285011,0,1,1,2
285017,0,1,1,2
285022,0,1,1,2
285023,0,1,1,2
285026,0,1,1,2
285100,0,4,1,5
285101,0,4,1,5
285107,0,1,1,2
285146,0,1,1,2
285147,0,1,1,2
285153,0,1,1,2
285267,5,2,6,3
285271,3,5,4,6
285297,2,3,3,4
285319,2,5,3,6
285329,2,5,3,6
285338,2,5,3,6
285341,2,5,3,6
285405,5,3,6,4
285414,5,3,6,4
285447,5,2,6,3
285451,5,2,6,3
285556,6,0,7,1
285594,0,1,1,2
285595,0,1,1,2
285604,0,1,1,2
285678,0,1,1,2
285681,1,0,2,1
285721,0,1,1,2
285728,0,1,1,2
285732,1,0,2,1
285840,5,2,6,3
285841,5,2,6,3
285898,2,5,3,6
285900,2,3,3,4
285906,2,5,3,6
285918,2,5,3,6
285940,5,2,6,3
285957,2,3,3,4
285960,5,3,6,4
285984,5,2,6,3
285985,5,2,6,3
286036,5,2,6,3
286132,1,0,2,1
286137,6,0,7,1
286219,0,1,1,2
286221,0,1,1,2
286248,4,1,5,2
286256,0,1,1,2
286300,0,1,1,2
286302,0,1,1,2
286304,0,1,1,2
286306,0,1,1,2
286307,0,1,1,2
286310,0,1,1,2
286311,0,1,1,2
286315,1,0,2,1
286316,1,0,2,1
286401,2,3,3,4
286476,2,3,3,4
286512,5,2,6,3
286552,5,2,6,3
286569,5,2,6,3
286721,1,0,2,1
286789,0,1,1,2
286821,0,1,1,2
286869,0,1,1,2
286871,0,1,1,2
286878,0,1,1,2
286980,2,3,3,4
287057,2,5,3,6
287120,5,2,6,3
287133,5,2,6,3
287172,5,2,6,3
287177,6,0,7,1
287271,1,0,2,1
287276,6,0,7,1
287291,1,0,2,1
287326,0,1,1,2
287367,0,1,1,2
287369,0,1,1,2
287383,0,1,1,2
287384,0,1,1,2
287387,0,1,1,2
287440,0,1,1,2
287483,2,3,3,4
287513,2,5,3,6
287553,5,2,6,3
287577,3,2,4,3
287611,2,1,3,2
287612,2,5,3,6
287656,2,3,3,4
287667,5,2,6,3
287674,5,3,6,4
287687,5,2,6,3
287732,5,2,6,3
287833,1,0,2,1
287837,6,0,7,1
287882,0,1,1,2
287883,0,1,1,2
287884,0,1,1,2
287939,1,4,2,5
287942,0,4,1,5
287948,0,1,1,2
287996,0,1,1,2
288003,0,1,1,2
288074,2,5,3,6
288117,5,2,6,3
288227,5,2,6,3
288248,5,2,6,3
288257,5,2,6,3
288293,5,2,6,3
288294,5,2,6,3
288392,1,0,2,1
288395,1,0,2,1
288436,0,1,1,2
288440,0,1,1,2
288479,0,1,1,2
288484,0,1,1,2
288498,1,4,2,5
288557,0,1,1,2
288558,0,1,1,2
288559,0,1,1,2
288789,5,2,6,3
288812,5,2,6,3
288815,5,2,6,3
288836,5,2,6,3
288851,5,2,6,3
288854,5,2,6,3
288857,5,2,6,3
288957,1,0,2,1
288996,0,1,1,2
288997,0,1,1,2
288998,0,1,1,2
289003,0,1,1,2
289043,0,1,1,2
289060,0,4,1,5
289062,0,1,1,2
289067,1,0,2,1
289119,0,1,1,2
289123,0,1,1,2
289188,2,1,3,2
289193,2,3,3,4
289260,5,2,6,3
289261,5,2,6,3
289263,2,1,3,2
289275,2,3,3,4
289304,5,2,6,3
289311,5,2,6,3
289312,5,2,6,3
289326,5,2,6,3
289352,5,2,6,3
289374,6,0,7,1
289451,1,0,2,1
289454,6,0,7,1
289487,0,1,1,2
289535,0,1,1,2
289536,0,1,1,2
289561,1,0,2,1
289727,2,5,3,6
289792,5,2,6,3
289943,1,0,2,1
289946,1,0,2,1
289978,0,1,1,2
290032,0,1,1,2
290034,0,1,1,2
290040,4,1,5,2
290042,1,4,2,5
290043,1,4,2,5
290047,0,1,1,2
290051,1,0,2,1
290216,2,5,3,6
290223,2,5,3,6
290292,5,2,6,3
290294,5,2,6,3
290321,2,4,3,5
290433,1,0,2,1
290435,6,0,7,1
290465,0,1,1,2
290471,0,1,1,2
290519,0,1,1,2
290526,4,1,5,2
290637,5,3,6,4
290701,2,5,3,6
290702,2,5,3,6
290745,5,2,6,3
290746,5,2,6,3
290747,5,2,6,3
290790,5,2,6,3
290927,1,0,2,1
290943,0,1,1,2
290948,0,1,1,2
291003,0,1,1,2
291013,1,4,2,5
291019,1,0,2,1
291181,2,5,3,6
291226,5,2,6,3
291255,5,2,6,3
291273,2,5,3,6
291423,0,1,1,2
291463,0,1,1,2
291464,0,1,1,2
291475,0,1,1,2
291486,4,1,5,2
291494,1,0,2,1
291495,1,0,2,1
291657,2,5,3,6
291693,2,5,3,6
291710,5,2,6,3
291740,5,3,6,4
291877,1,0,2,1
291923,0,1,1,2
291924,0,1,1,2
291958,1,0,2,1
292057,2,5,3,6
292078,2,3,3,4
292212,5,2,6,3
292238,2,5,3,6
292366,1,0,2,1
292387,0,1,1,2
292403,0,1,1,2
292430,0,1,1,2
292447,1,4,2,5
292456,0,1,1,2
292563,5,2,6,3
292659,5,3,6,4
292666,5,2,6,3
292763,0,6,1,7
292765,0,6,1,7
292862,0,1,1,2
292879,0,1,1,2
292881,0,1,1,2
292883,0,1,1,2
292933,0,1,1,2
292940,1,0,2,1
293042,5,2,6,3
293114,5,1,6,2
293249,6,0,7,1
293323,1,0,2,1
293326,1,0,2,1
293327,1,0,2,1
293338,1,0,2,1
293354,0,1,1,2
293357,0,1,1,2
293399,4,1,5,2
293404,4,1,5,2
293411,1,0,2,1
293412,1,0,2,1
293579,5,1,6,2
293580,5,1,6,2
293791,1,0,2,1
293804,1,0,2,1
293816,0,1,1,2
293818,0,1,1,2
293870,1,0,2,1
293873,1,0,2,1
293881,1,0,2,1
293882,1,0,2,1
294108,5,2,6,3
294150,2,3,3,4
294178,0,6,1,7
294248,1,0,2,1
294256,0,1,1,2
294271,0,1,1,2
294277,0,1,1,2
294283,0,1,1,2
294296,1,0,2,1
294329,0,1,1,2
294338,1,0,2,1
294347,1,0,2,1
294352,1,0,2,1
294368,0,1,1,2
294512,5,1,6,2
294610,2,5,3,6
294734,0,1,1,2
294797,4,1,5,2
294801,0,1,1,2
294810,1,0,2,1
294817,1,0,2,1
294889,2,3,3,4
294977,5,1,6,2
295078,2,5,3,6
295200,1,0,2,1
295208,0,1,1,2
295268,0,1,1,2
295453,2,3,3,4
295467,5,1,6,2
295534,5,2,6,3
295557,5,2,6,3
295568,5,2,6,3
295569,5,2,6,3
295663,1,0,2,1
295676,0,1,1,2
295697,1,0,2,1
295736,0,1,1,2
295739,0,1,1,2
295742,0,1,1,2
295748,1,0,2,1
295971,3,5,4,6
295990,5,2,6,3
296018,5,2,6,3
296036,5,2,6,3
296129,0,1,1,2
296138,1,0,2,1
296243,0,1,1,2
296379,5,3,6,4
296449,5,2,6,3
296463,2,3,3,4
296486,2,5,3,6
296594,1,0,2,1
296602,1,0,2,1
296708,0,1,1,2
296710,0,1,1,2
296771,2,3,3,4
296856,5,1,6,2
296857,2,5,3,6
296867,2,5,3,6
296868,2,3,3,4
296906,5,2,6,3
296924,5,2,6,3
297046,1,0,2,1
297048,1,0,2,1
297051,1,0,2,1
297054,1,0,2,1
297055,1,0,2,1
297114,0,1,1,2
297131,1,0,2,1
297159,0,1,1,2
297179,1,0,2,1
297284,5,2,6,3
297310,2,5,3,6
297328,5,2,6,3
297355,5,2,6,3
297363,5,2,6,3
297370,5,2,6,3
297389,2,5,3,6
297502,1,0,2,1
297505,1,0,2,1
297507,1,0,2,1
297563,0,1,1,2
297585,1,0,2,1
297676,2,3,3,4
297745,5,2,6,3
297783,5,2,6,3
297784,5,2,6,3
297786,5,2,6,3
297806,2,5,3,6
297919,1,0,2,1
297923,1,0,2,1
297939,0,1,1,2
298118,2,5,3,6
298334,0,1,1,2
298336,0,1,1,2
298344,0,1,1,2
298381,0,1,1,2
298391,0,1,1,2
298427,0,1,1,2
298626,5,2,6,3
298628,5,2,6,3
298774,0,1,1,2
299001,5,3,6,4
299003,5,2,6,3
299018,5,2,6,3
299088,1,0,2,1
299124,0,1,1,2
299127,0,1,1,2
299128,0,1,1,2
299168,0,1,1,2
299169,0,1,1,2
299281,5,2,6,3
299302,5,2,6,3
299396,5,2,6,3
299496,0,1,1,2
299499,0,1,1,2
299500,0,1,1,2
299509,0,1,1,2
299609,0,1,1,2
299647,2,3,3,4
299684,5,2,6,3
299732,5,2,6,3
299882,0,1,1,2
299883,0,1,1,2
299884,0,1,1,2
299885,0,1,1,2
299886,0,1,1,2
299891,0,1,1,2
299909,1,0,2,1
299918,0,1,1,2
300232,1,0,2,1
300233,1,0,2,1
300236,1,0,2,1
300255,0,1,1,2
300260,0,1,1,2
300295,0,1,1,2
300296,0,1,1,2
300314,1,0,2,1
300368,0,1,1,2
300374,0,1,1,2
300629,1,0,2,1
300657,0,1,1,2
300687,0,1,1,2
301051,1,0,2,1
301072,0,1,1,2
301078,0,1,1,2
301086,0,1,1,2
301188,0,1,1,2
301347,5,2,6,3
301356,5,3,6,4
301485,1,0,2,1
301486,1,0,2,1
301490,1,0,2,1
301492,1,0,2,1
301494,1,0,2,1
301516,0,1,1,2
301517,0,1,1,2
301524,0,1,1,2
301525,0,1,1,2
301538,0,1,1,2
301617,0,1,1,2
301742,5,2,6,3
301749,5,2,6,3
301939,1,0,2,1
301940,1,0,2,1
301945,1,0,2,1
301949,1,0,2,1
301971,0,1,1,2
301976,0,1,1,2
301977,0,1,1,2
301979,0,1,1,2
301991,0,1,1,2
301993,0,1,1,2
301995,0,1,1,2
302019,1,0,2,1
302079,0,1,1,2
302438,1,0,2,1
302459,0,1,1,2
302468,0,1,1,2
302479,0,1,1,2
302959,0,1,1,2
302966,0,1,1,2
302968,0,1,1,2
302969,0,1,1,2
302976,0,1,1,2
303061,0,1,1,2
303201,2,3,3,4
303447,0,1,1,2
303449,0,1,1,2
303453,0,1,1,2
303456,0,1,1,2
303457,0,1,1,2
303460,0,1,1,2
303466,0,1,1,2
303474,0,1,1,2
303484,0,1,1,2
303503,1,0,2,1
303574,0,1,1,2
303807,5,3,6,4
303930,0,1,1,2
303935,0,1,1,2
303936,0,1,1,2
303939,0,1,1,2
303946,0,1,1,2
303954,0,1,1,2
303966,0,1,1,2
303972,0,1,1,2
303973,0,1,1,2
303974,0,1,1,2
303982,0,1,1,2
304020,1,0,2,1
304062,0,1,1,2
304202,5,2,6,3
304250,5,1,6,2
304285,5,2,6,3
304287,5,2,6,3
304406,1,0,2,1
304410,1,0,2,1
304428,0,1,1,2
304431,0,1,1,2
304444,0,1,1,2
304457,1,0,2,1
304459,0,1,1,2
304462,0,1,1,2
304476,0,1,1,2
304695,5,2,6,3
304741,5,1,6,2
304742,5,2,6,3
304774,5,2,6,3
304777,5,2,6,3
304925,0,1,1,2
304926,0,1,1,2
304928,0,1,1,2
304940,0,1,1,2
304949,0,1,1,2
304953,1,0,2,1
304965,1,0,2,1
304970,1,0,2,1
304981,0,1,1,2
305021,0,1,1,2
305088,1,0,2,1
305094,1,0,2,1
305148,4,1,5,2
305151,4,1,5,2
305224,5,1,6,2
305228,5,1,6,2
305264,5,2,6,3
305390,1,0,2,1
305420,0,1,1,2
305433,0,1,1,2
305434,0,1,1,2
305435,0,1,1,2
305440,1,0,2,1
305445,0,1,1,2
305449,0,1,1,2
305456,1,0,2,1
305459,1,0,2,1
305516,1,0,2,1
305674,5,2,6,3
305720,2,1,3,2
305754,5,2,6,3
305756,5,2,6,3
305757,5,2,6,3
305870,1,0,2,1
305871,1,0,2,1
305872,1,0,2,1
305874,1,0,2,1
305904,0,1,1,2
305926,1,0,2,1
305931,0,1,1,2
305944,1,0,2,1
306014,0,1,1,2
306015,0,1,1,2
306064,1,0,2,1
306069,1,0,2,1
306154,0,1,1,2
306156,0,1,1,2
306157,0,1,1,2
306199,1,5,2,6
306200,1,5,2,6
306245,5,2,6,3
306363,0,1,1,2
306376,0,1,1,2
306378,0,1,1,2
306426,1,0,2,1
306442,0,1,1,2
306443,0,1,1,2
306499,0,1,1,2
306500,0,1,1,2
306501,0,1,1,2
306633,0,1,1,2
306634,0,1,1,2
306641,0,1,1,2
306642,0,1,1,2
306644,0,1,1,2
306647,0,1,1,2
306654,5,2,6,3
306655,5,2,6,3
306684,1,5,2,6
306688,1,5,2,6
306693,1,5,2,6
306731,5,2,6,3
306733,5,2,6,3
306735,5,2,6,3
306753,0,1,1,2
306851,0,1,1,2
306860,0,1,1,2
306871,0,1,1,2
306876,0,1,1,2
306878,0,1,1,2
306886,0,1,1,2
306905,0,1,1,2
306906,0,1,1,2
306974,1,0,2,1
306982,0,1,1,2
306989,0,1,1,2
306991,0,1,1,2
306994,0,1,1,2
306996,0,1,1,2
306998,0,1,1,2
307013,0,1,1,2
307065,1,0,2,1
307115,0,1,1,2
307117,0,1,1,2
307121,0,1,1,2
307122,0,1,1,2
307125,0,1,1,2
307127,0,1,1,2
307144,5,2,6,3
307167,5,2,6,3
307206,3,2,4,3
307341,0,1,1,2
307361,0,1,1,2
307368,0,1,1,2
307375,0,1,1,2
307392,0,1,1,2
307393,0,1,1,2
307405,1,0,2,1
307421,0,1,1,2
307422,0,1,1,2
307427,0,1,1,2
307430,0,1,1,2
307431,0,1,1,2
307463,0,1,1,2
307477,0,1,1,2
307479,0,1,1,2
307481,0,1,1,2
307488,0,1,1,2
307500,0,1,1,2
307503,0,1,1,2
307506,0,1,1,2
307514,1,0,2,1
307537,1,0,2,1
307538,1,0,2,1
307553,1,0,2,1
307600,0,1,1,2
307601,0,1,1,2
307606,0,1,1,2
307608,0,1,1,2
307609,0,1,1,2
307615,0,1,1,2
307617,0,1,1,2
307618,0,1,1,2
307621,0,1,1,2
307654,5,2,6,3
307655,5,2,6,3
307682,1,5,2,6
307683,1,5,2,6
307844,0,1,1,2
307845,0,1,1,2
307851,0,1,1,2
307853,0,1,1,2
307859,0,1,1,2
307866,0,1,1,2
307867,0,1,1,2
307868,0,1,1,2
307884,0,1,1,2
307886,0,1,1,2
307920,0,1,1,2
307922,0,1,1,2
307939,0,1,1,2
307946,1,0,2,1
307964,0,1,1,2
307968,0,1,1,2
307980,0,1,1,2
307991,0,1,1,2
307992,0,1,1,2
308000,1,0,2,1
308025,1,0,2,1
308087,0,1,1,2
308090,0,1,1,2
308091,0,1,1,2
308093,0,1,1,2
308096,0,1,1,2
308145,5,2,6,3
308174,1,5,2,6
308176,1,5,2,6
308337,0,1,1,2
308350,0,1,1,2
308370,1,0,2,1
308377,0,1,1,2
308404,0,1,1,2
308407,0,1,1,2
308409,0,1,1,2
308412,0,1,1,2
308417,0,1,1,2
308421,0,1,1,2
308425,0,1,1,2
308450,0,1,1,2
308452,0,1,1,2
308455,0,1,1,2
308466,0,1,1,2
308467,0,1,1,2
308473,0,1,1,2
308475,0,1,1,2
308561,1,4,2,5
308581,0,1,1,2
308588,0,1,1,2
308590,0,1,1,2
308592,0,1,1,2
308640,5,2,6,3
308697,2,5,3,6
308698,2,5,3,6
308699,2,5,3,6
308867,1,0,2,1
308902,0,1,1,2
308917,0,1,1,2
308931,0,1,1,2
308949,0,1,1,2
308974,0,1,1,2
308980,0,1,1,2
308986,0,1,1,2
308991,1,0,2,1
309012,1,0,2,1
309057,1,4,2,5
309076,0,1,1,2
309087,0,1,1,2
309136,5,2,6,3
309164,5,2,6,3
309165,5,2,6,3
309166,5,2,6,3
309167,5,2,6,3
309176,1,5,2,6
309190,2,1,3,2
309194,2,1,3,2
309327,0,1,1,2
309344,0,1,1,2
309349,0,1,1,2
309352,0,1,1,2
309371,1,0,2,1
309372,1,0,2,1
309373,1,0,2,1
309378,0,1,1,2
309410,0,1,1,2
309413,0,1,1,2
309417,0,1,1,2
309421,0,1,1,2
309422,0,1,1,2
309462,0,1,1,2
309470,0,1,1,2
309480,0,1,1,2
309484,0,1,1,2
309485,0,1,1,2
309487,0,1,1,2
309498,0,1,1,2
309503,1,0,2,1
309523,1,0,2,1
309591,0,1,1,2
309660,5,2,6,3
309666,5,2,6,3
309679,5,2,6,3
309684,1,2,2,3
309685,1,2,2,3
309688,5,2,6,3
309690,1,5,2,6
309691,1,5,2,6
309693,1,5,2,6
309699,1,5,2,6
309726,2,5,3,6
309847,0,1,1,2
309849,0,1,1,2
309867,0,1,1,2
309868,0,1,1,2
309869,0,1,1,2
309873,0,1,1,2
309883,0,1,1,2
309892,1,0,2,1
309941,0,1,1,2
309946,0,1,1,2
309949,0,1,1,2
309950,0,1,1,2
309951,0,1,1,2
309957,0,1,1,2
309985,0,1,1,2
309988,0,1,1,2
310018,0,1,1,2
310020,0,1,1,2
310112,0,1,1,2
310115,0,1,1,2
310116,0,1,1,2
310119,0,1,1,2
310227,1,2,2,3
310234,1,5,2,6
310236,1,3,2,4
310240,1,5,2,6
310260,2,5,3,6
310265,2,5,3,6
310409,0,1,1,2
310416,0,1,1,2
310417,0,1,1,2
310423,0,1,1,2
310431,1,0,2,1
310472,0,1,1,2
310477,0,1,1,2
310480,0,1,1,2
310483,0,1,1,2
310486,0,1,1,2
310488,0,1,1,2
310489,0,1,1,2
310567,0,1,1,2
310590,1,0,2,1
310753,5,2,6,3
310772,5,1,6,2
310776,1,2,2,3
310781,1,5,2,6
310782,1,5,2,6
310783,1,5,2,6
310788,1,5,2,6
310802,2,1,3,2
310807,2,1,3,2
310959,0,1,1,2
310962,0,1,1,2
310965,0,1,1,2
310969,0,1,1,2
310979,1,0,2,1
310980,1,0,2,1
311031,0,1,1,2
311040,1,0,2,1
311057,0,1,1,2
311082,0,1,1,2
311109,0,1,1,2
311111,0,1,1,2
311115,0,1,1,2
311116,0,1,1,2
311119,0,1,1,2
311125,1,0,2,1
311143,1,0,2,1
311308,5,2,6,3
311315,5,2,6,3
311337,1,5,2,6
311338,1,5,2,6
311342,1,5,2,6
311359,1,2,2,3
311516,0,1,1,2
311531,0,1,1,2
311553,0,1,1,2
311588,0,1,1,2
311590,0,1,1,2
311671,0,1,1,2
311677,0,1,1,2
311691,1,0,2,1
311843,4,1,5,2
311881,5,2,6,3
311902,1,2,2,3
311906,1,5,2,6
311907,1,5,2,6
311908,1,5,2,6
311911,1,5,2,6
311915,1,5,2,6
311916,1,5,2,6
312082,0,1,1,2
312084,0,1,1,2
312100,0,1,1,2
312102,1,0,2,1
312124,0,1,1,2
312126,0,1,1,2
312170,1,0,2,1
312174,1,0,2,1
312217,0,1,1,2
312220,0,1,1,2
312279,1,0,2,1
312280,1,0,2,1
312411,1,4,2,5
312414,4,1,5,2
312415,4,1,5,2
312433,1,4,2,5
312467,5,1,6,2
312471,1,2,2,3
312473,1,2,2,3
312481,1,5,2,6
312486,1,5,2,6
312657,0,1,1,2
312658,0,1,1,2
312676,1,0,2,1
312696,0,1,1,2
312698,0,1,1,2
312709,0,1,1,2
312777,1,0,2,1
312855,1,0,2,1
313044,5,1,6,2
313050,5,1,6,2
313056,1,2,2,3
313058,1,5,2,6
313059,1,5,2,6
313097,2,5,3,6
313264,0,1,1,2
313266,0,1,1,2
313267,0,1,1,2
313271,0,1,1,2
313272,0,1,1,2
313273,0,1,1,2
313275,0,1,1,2
313321,1,0,2,1
313355,1,0,2,1
313363,0,1,1,2
313364,0,1,1,2
313399,1,0,2,1
313425,1,0,2,1
313427,1,0,2,1
313472,4,0,5,1
313473,4,0,5,1
313476,4,1,5,2
313613,5,1,6,2
313617,5,2,6,3
313622,5,1,6,2
313833,0,1,1,2
313846,0,1,1,2
313850,0,1,1,2
313867,0,1,1,2
313884,1,0,2,1
313888,1,0,2,1
313951,0,1,1,2
313953,0,1,1,2
313980,1,0,2,1
313988,1,0,2,1
314008,1,0,2,1
314012,1,0,2,1
314015,1,0,2,1
314018,1,0,2,1
314019,1,0,2,1
314021,1,0,2,1
314048,1,0,2,1
314062,4,1,5,2
314182,1,4,2,5
314216,5,2,6,3
314225,5,1,6,2
314235,1,5,2,6
314415,0,1,1,2
314435,1,0,2,1
314441,0,1,1,2
314461,0,1,1,2
314463,0,1,1,2
314545,0,1,1,2
314576,1,0,2,1
314603,1,0,2,1
314613,1,0,2,1
314622,0,1,1,2
314624,0,1,1,2
314639,1,0,2,1
314661,1,4,2,5
314670,4,1,5,2
314840,1,5,2,6
314882,0,6,1,7
315025,0,1,1,2
315026,0,1,1,2
315046,0,1,1,2
315058,0,1,1,2
315073,0,1,1,2
315074,0,1,1,2
315141,0,1,1,2
315142,0,1,1,2
315155,0,1,1,2
315157,0,1,1,2
315177,1,0,2,1
315184,1,0,2,1
315216,1,0,2,1
315218,1,0,2,1
315225,1,0,2,1
315227,1,0,2,1
315228,1,0,2,1
315246,0,1,1,2
315254,0,1,1,2
315266,0,1,1,2
315440,5,2,6,3
315482,1,3,2,4
315653,0,1,1,2
315675,1,0,2,1
315677,1,0,2,1
315679,1,0,2,1
315685,0,1,1,2
315713,1,0,2,1
315777,0,1,1,2
315780,0,1,1,2
315781,0,1,1,2
315803,0,6,1,7
315811,1,0,2,1
315821,0,1,1,2
315862,1,0,2,1
315863,1,0,2,1
315870,1,0,2,1
315926,0,4,1,5
316299,0,1,1,2
316319,1,0,2,1
316320,1,0,2,1
316323,1,0,2,1
316330,0,1,1,2
316341,0,1,1,2
316359,1,0,2,1
316423,0,1,1,2
316498,1,0,2,1
316500,1,0,2,1
316504,1,0,2,1
316513,1,0,2,1
316514,1,0,2,1
316968,0,1,1,2
316982,0,1,1,2
317060,0,1,1,2
317062,0,1,1,2
317063,0,1,1,2
317075,0,1,1,2
317076,0,1,1,2
317089,6,0,7,1
317627,0,1,1,2
317628,0,1,1,2
317707,0,1,1,2
317711,0,1,1,2
317712,0,1,1,2
317715,0,1,1,2
317717,0,1,1,2
317720,0,1,1,2
317747,1,0,2,1
317812,0,1,1,2
317875,4,1,5,2
318236,0,1,1,2
318280,0,1,1,2
318319,1,0,2,1
318360,0,1,1,2
318397,1,0,2,1
318498,0,1,1,2
318500,0,1,1,2
318501,0,1,1,2
318580,4,1,5,2
318692,1,3,2,4
318741,2,1,3,2
318872,1,0,2,1
318926,0,1,1,2
318940,1,0,2,1
318949,1,0,2,1
319010,0,1,1,2
319012,0,1,1,2
319013,0,1,1,2
319137,0,1,1,2
319138,0,1,1,2
319180,0,1,1,2
319183,0,1,1,2
319366,1,5,2,6
319527,0,1,1,2
319539,1,0,2,1
319544,1,0,2,1
319548,1,0,2,1
319572,0,1,1,2
319609,0,1,1,2
319657,0,1,1,2
319663,0,1,1,2
319687,6,0,7,1
319823,0,1,1,2
319825,0,1,1,2
319833,0,1,1,2
319883,4,1,5,2
320178,1,0,2,1
320188,0,1,1,2
320189,0,1,1,2
320191,1,0,2,1
320199,1,0,2,1
320248,1,0,2,1
320249,1,0,2,1
320267,1,0,2,1
320268,1,0,2,1
320310,0,1,1,2
320313,0,1,1,2
320314,0,1,1,2
320316,0,1,1,2
320317,0,1,1,2
320323,0,1,1,2
320444,0,1,1,2
320455,0,1,1,2
320460,0,1,1,2
320841,1,0,2,1
320844,1,0,2,1
320854,0,1,1,2
320860,1,0,2,1
320914,1,0,2,1
320932,1,0,2,1
320934,1,0,2,1
320975,0,1,1,2
320977,0,1,1,2
320978,0,1,1,2
320980,0,1,1,2
320984,0,1,1,2
320986,0,1,1,2
320993,0,1,1,2
321128,0,1,1,2
321317,2,3,3,4
321528,0,1,1,2
321530,1,0,2,1
321616,1,0,2,1
321647,0,1,1,2
321658,0,1,1,2
321749,1,0,2,1
321759,1,0,2,1
321800,0,1,1,2
321802,0,1,1,2
322025,1,3,2,4
322201,1,0,2,1
322203,1,0,2,1
322217,0,1,1,2
322335,0,1,1,2
322339,0,1,1,2
322342,0,1,1,2
322348,0,1,1,2
322447,1,0,2,1
322492,0,1,1,2
322520,0,1,1,2
322892,1,0,2,1
322905,0,1,1,2
322990,0,1,1,2
323032,0,1,1,2
323067,0,6,1,7
323174,0,1,1,2
323177,0,1,1,2
323209,0,1,1,2
323274,4,1,5,2
323294,0,1,1,2
323582,1,0,2,1
323799,1,0,2,1
323820,0,1,1,2
323821,0,1,1,2
323822,0,1,1,2
323860,0,1,1,2
323862,0,1,1,2
323863,0,1,1,2
323873,0,1,1,2
323899,0,1,1,2
323939,1,4,2,5
324059,1,2,2,3
324060,2,5,3,6
324276,1,0,2,1
324280,1,0,2,1
324382,0,1,1,2
324418,0,1,1,2
324420,0,1,1,2
324492,1,0,2,1
324515,0,1,1,2
324518,0,1,1,2
324523,0,1,1,2
324559,0,1,1,2
324572,0,1,1,2
324633,1,4,2,5
324684,0,1,1,2
324688,0,1,1,2
324692,1,0,2,1
324753,1,2,2,3
324756,2,5,3,6
324774,2,3,3,4
324827,2,1,3,2
324970,1,0,2,1
325110,0,1,1,2
325219,0,1,1,2
325264,0,1,1,2
325265,0,1,1,2
325268,0,1,1,2
325269,0,1,1,2
325271,0,1,1,2
325289,0,1,1,2
325336,4,1,5,2
325349,4,1,5,2
325385,0,1,1,2
325451,1,5,2,6
325454,1,2,2,3
325457,1,5,2,6
325459,1,5,2,6
325466,1,2,2,3
325532,2,1,3,2
325672,1,0,2,1
325674,0,1,1,2
325808,0,1,1,2
325809,0,1,1,2
325883,1,0,2,1
325904,0,1,1,2
325908,0,1,1,2
325909,0,1,1,2
325961,0,1,1,2
326040,4,1,5,2
326055,1,4,2,5
326058,4,1,5,2
326083,1,0,2,1
326153,1,2,2,3
326155,1,2,2,3
326363,1,0,2,1
326473,0,1,1,2
326509,0,1,1,2
326538,0,6,1,7
326754,4,1,5,2
326773,0,1,1,2
326849,1,2,2,3
326855,1,3,2,4
327096,1,0,2,1
327143,1,0,2,1
327194,0,1,1,2
327225,0,6,1,7
327227,0,6,1,7
327232,0,6,1,7
327233,0,6,1,7
327268,1,0,2,1
327294,0,1,1,2
327298,0,1,1,2
327300,0,1,1,2
327338,0,1,1,2
327349,0,1,1,2
327350,0,1,1,2
327379,0,1,1,2
327402,1,4,2,5
327428,4,1,5,2
327534,2,5,3,6
327537,1,5,2,6
327542,1,5,2,6
327545,1,2,2,3
327549,1,5,2,6
327550,1,5,2,6
327557,2,5,3,6
327754,1,0,2,1
327784,1,0,2,1
327863,0,1,1,2
327865,0,1,1,2
327886,0,1,1,2
327892,0,1,1,2
327923,0,6,1,7
327944,1,0,2,1
327945,1,0,2,1
327955,1,0,2,1
327961,0,1,1,2
327984,0,1,1,2
327986,0,1,1,2
327991,0,1,1,2
328022,0,1,1,2
328042,0,1,1,2
328043,0,1,1,2
328045,0,1,1,2
328070,0,1,1,2
328124,4,1,5,2
328135,1,4,2,5
328136,1,4,2,5
328143,4,1,5,2
328144,4,1,5,2
328160,0,1,1,2
328247,2,5,3,6
328305,2,1,3,2
328310,2,1,3,2
328447,1,0,2,1
328559,0,1,1,2
328590,0,1,1,2
328592,0,1,1,2
328644,1,0,2,1
328651,1,0,2,1
328685,0,1,1,2
328687,0,1,1,2
328718,0,1,1,2
328721,0,1,1,2
328722,0,1,1,2
328724,0,1,1,2
328781,4,1,5,2
328808,4,1,5,2
328858,0,1,1,2
328863,0,1,1,2
328934,1,5,2,6
328935,1,5,2,6
328950,2,5,3,6
328969,2,1,3,2
329153,1,0,2,1
329179,0,1,1,2
329183,1,0,2,1
329187,0,1,1,2
329265,0,1,1,2
329269,0,1,1,2
329270,1,0,2,1
329292,0,1,1,2
329294,0,1,1,2
329296,0,1,1,2
329319,0,6,1,7
329353,1,0,2,1
329357,1,0,2,1
329391,0,1,1,2
329394,0,1,1,2
329426,0,1,1,2
329429,0,1,1,2
329503,1,4,2,5
329537,1,4,2,5
329565,0,1,1,2
329567,0,1,1,2
329627,1,5,2,6
329636,1,2,2,3
329638,1,2,2,3
329650,2,5,3,6
329657,2,5,3,6
329674,2,1,3,2
329714,2,1,3,2
329715,2,1,3,2
329864,1,0,2,1
329869,1,0,2,1
329870,1,0,2,1
329899,0,1,1,2
329947,1,0,2,1
329984,1,0,2,1
329992,1,0,2,1
330005,0,1,1,2
330009,0,1,1,2
330097,0,1,1,2
330104,0,1,1,2
330105,0,1,1,2
330140,0,1,1,2
330238,1,4,2,5
330252,1,4,2,5
330325,2,1,3,2
330327,2,1,3,2
330355,1,5,2,6
330361,2,5,3,6
330381,2,1,3,2
330471,6,0,7,1
330604,0,1,1,2
330605,0,1,1,2
330689,0,1,1,2
330739,0,6,1,7
330742,0,6,1,7
330761,1,0,2,1
330763,1,0,2,1
330764,1,0,2,1
330765,1,0,2,1
330766,1,0,2,1
330767,1,0,2,1
330770,1,0,2,1
330813,0,1,1,2
330923,1,4,2,5
330982,0,1,1,2
330985,0,1,1,2
331035,2,1,3,2
331045,1,5,2,6
331054,1,2,2,3
331061,1,5,2,6
331088,2,1,3,2
331091,2,1,3,2
331283,1,0,2,1
331407,0,1,1,2
331459,0,6,1,7
331478,1,0,2,1
331481,1,0,2,1
331529,0,1,1,2
331530,0,1,1,2
331559,0,1,1,2
331563,0,1,1,2
331660,1,4,2,5
331676,1,4,2,5
331701,0,1,1,2
331735,5,2,6,3
331759,1,5,2,6
331769,1,2,2,3
331771,1,2,2,3
331779,2,5,3,6
331783,2,5,3,6
331789,2,5,3,6
331792,2,5,3,6
331807,2,1,3,2
331843,2,1,3,2
331893,6,0,7,1
331894,6,0,7,1
331994,1,0,2,1
331995,1,0,2,1
332086,1,0,2,1
332089,1,0,2,1
332124,1,0,2,1
332125,1,0,2,1
332132,0,1,1,2
332141,1,0,2,1
332166,0,1,1,2
332196,1,0,2,1
332197,1,0,2,1
332199,1,0,2,1
332278,0,1,1,2
332318,0,1,1,2
332333,4,1,5,2
332360,0,1,1,2
332361,0,1,1,2
332390,1,4,2,5
332416,0,1,1,2
332418,0,1,1,2
332444,2,1,3,2
332447,5,1,6,2
332452,5,2,6,3
332478,1,5,2,6
332497,2,5,3,6
332501,2,5,3,6
332518,2,1,3,2
332556,2,1,3,2
332705,0,1,1,2
332709,1,0,2,1
332710,1,0,2,1
332713,1,0,2,1
332849,0,1,1,2
332850,0,1,1,2
332858,1,0,2,1
332871,0,1,1,2
332895,0,6,1,7
333019,0,1,1,2
333021,0,1,1,2
333068,0,4,1,5
333070,0,1,1,2
333071,0,1,1,2
333103,1,4,2,5
333106,1,4,2,5
333161,5,1,6,2
333165,5,1,6,2
333168,5,2,6,3
333184,1,2,2,3
333186,1,5,2,6
333204,2,5,3,6
333208,2,5,3,6
333224,2,1,3,2
333314,6,0,7,1
333320,0,6,1,7
333440,0,1,1,2
333509,1,0,2,1
333555,0,1,1,2
333564,1,0,2,1
333602,0,6,1,7
333671,1,0,2,1
333731,0,1,1,2
333741,0,1,1,2
333756,4,1,5,2
333778,0,1,1,2
333779,0,1,1,2
333780,0,1,1,2
333781,0,1,1,2
333788,0,1,1,2
333797,1,4,2,5
333843,0,1,1,2
333863,1,2,2,3
333886,5,2,6,3
333887,5,2,6,3
333888,5,2,6,3
333891,1,2,2,3
333917,2,5,3,6
334022,6,0,7,1
334028,6,0,7,1
334124,1,0,2,1
334145,0,1,1,2
334221,1,0,2,1
334228,0,1,1,2
334230,0,1,1,2
334265,1,0,2,1
334269,0,1,1,2
334315,0,6,1,7
334378,1,0,2,1
334379,1,0,2,1
334452,0,1,1,2
334487,0,1,1,2
334491,0,1,1,2
334493,0,1,1,2
334494,0,1,1,2
334496,0,4,1,5
334501,0,1,1,2
334507,4,1,5,2
334638,2,5,3,6
334654,2,1,3,2
334693,0,6,1,7
334738,6,0,7,1
334739,6,0,7,1
334748,6,0,7,1
334850,1,0,2,1
334851,1,0,2,1
334866,0,1,1,2
334954,0,1,1,2
334993,0,1,1,2
334994,0,1,1,2
334995,0,1,1,2
335204,0,1,1,2
335215,0,1,1,2
335216,0,1,1,2
335219,4,1,5,2
335328,1,2,2,3
335332,1,5,2,6
335358,2,1,3,2
335407,0,6,1,7
335447,0,6,1,7
335449,0,6,1,7
335454,6,0,7,1
335456,6,0,7,1
335564,1,0,2,1
335565,1,0,2,1
335699,1,0,2,1
335706,1,0,2,1
335722,0,1,1,2
335800,1,0,2,1
335832,0,1,1,2
335912,0,1,1,2
335927,0,1,1,2
335935,4,1,5,2
335980,2,1,3,2
336009,2,1,3,2
336114,0,6,1,7
336115,0,6,1,7
336151,6,0,7,1
336160,6,0,7,1
336161,6,0,7,1
336169,6,0,7,1
336261,0,1,1,2
336268,1,0,2,1
336270,1,0,2,1
336271,1,0,2,1
336376,0,1,1,2
336378,0,1,1,2
336393,0,1,1,2
336414,0,1,1,2
336425,1,0,2,1
336426,1,0,2,1
336427,1,0,2,1
336573,0,1,1,2
336577,0,1,1,2
336590,4,1,5,2
336605,0,1,1,2
336633,4,1,5,2
336634,4,1,5,2
336739,1,2,2,3
336758,2,1,3,2
336773,2,1,3,2
336816,0,6,1,7
336855,6,0,7,1
336873,6,0,7,1
336874,6,0,7,1
336965,0,1,1,2
336966,0,1,1,2
336989,0,1,1,2
337080,0,1,1,2
337081,0,1,1,2
337118,0,1,1,2
337121,0,1,1,2
337122,0,1,1,2
337127,0,1,1,2
337211,1,0,2,1
337274,0,1,1,2
337304,0,1,1,2
337305,0,1,1,2
337311,0,1,1,2
337331,0,1,1,2
337335,4,1,5,2
337386,1,2,2,3
337465,2,5,3,6
337513,0,6,1,7
337550,6,0,7,1
337556,6,0,7,1
337557,6,0,7,1
337558,6,0,7,1
337683,0,1,1,2
337791,0,1,1,2
337793,0,1,1,2
337798,0,1,1,2
337816,0,1,1,2
337895,1,0,2,1
337987,4,1,5,2
337997,0,4,1,5
338001,0,1,1,2
338005,0,1,1,2
338007,0,1,1,2
338151,2,1,3,2
338163,1,2,2,3
338174,2,1,3,2
338201,0,6,1,7
338252,6,0,7,1
338345,0,1,1,2
338353,0,1,1,2
338359,0,1,1,2
338456,0,1,1,2
338486,0,1,1,2
338495,0,1,1,2
338496,0,1,1,2
338574,1,0,2,1
338578,1,0,2,1
338579,1,0,2,1
338594,1,0,2,1
338642,0,1,1,2
338683,0,1,1,2
338684,0,1,1,2
338685,0,1,1,2
338687,0,1,1,2
338688,0,1,1,2
338690,0,1,1,2
338713,0,1,1,2
338771,1,2,2,3
338815,2,1,3,2
338847,2,1,3,2
338848,1,2,2,3
338849,1,2,2,3
338856,1,2,2,3
338857,1,2,2,3
338860,2,1,3,2
338886,0,6,1,7
338888,0,6,1,7
338893,6,0,7,1
339040,0,1,1,2
339048,0,1,1,2
339051,0,1,1,2
339057,0,1,1,2
339061,0,1,1,2
339150,0,1,1,2
339151,0,1,1,2
339158,0,1,1,2
339167,0,1,1,2
339168,0,1,1,2
339170,0,1,1,2
339172,0,1,1,2
339175,0,1,1,2
339204,0,1,1,2
339250,1,0,2,1
339254,1,0,2,1
339263,1,0,2,1
339266,1,0,2,1
339319,0,1,1,2
339324,0,1,1,2
339325,0,1,1,2
339361,0,1,1,2
339459,4,1,5,2
339460,4,1,5,2
339463,2,1,3,2
339484,2,1,3,2
339487,2,1,3,2
339488,2,1,3,2
339489,2,1,3,2
339493,1,5,2,6
339517,2,1,3,2
339524,1,2,2,3
339561,0,6,1,7
339597,6,0,7,1
339599,6,0,7,1
339703,0,1,1,2
339730,0,1,1,2
339806,0,1,1,2
339820,0,1,1,2
339823,0,1,1,2
339826,0,1,1,2
339872,0,1,1,2
339874,0,1,1,2
339924,1,0,2,1
339925,1,0,2,1
339926,1,0,2,1
339942,1,0,2,1
339944,1,0,2,1
339945,1,0,2,1
339988,0,1,1,2
340032,0,1,1,2
340037,0,1,1,2
340040,0,1,1,2
340066,0,1,1,2
340134,4,1,5,2
340220,6,0,7,1
340232,0,6,1,7
340270,6,0,7,1
340368,0,1,1,2
340386,0,1,1,2
340397,0,1,1,2
340465,1,0,2,1
340476,0,1,1,2
340500,0,1,1,2
340587,1,0,2,1
340601,1,0,2,1
340611,1,0,2,1
340630,1,0,2,1
340693,1,4,2,5
340729,0,1,1,2
340790,4,1,5,2
340804,2,4,3,5
340847,2,1,3,2
340848,2,1,3,2
341049,0,1,1,2
341130,0,1,1,2
341204,1,0,2,1
341245,1,0,2,1
341250,1,0,2,1
341253,1,0,2,1
341261,1,0,2,1
341279,1,0,2,1
341344,0,1,1,2
341345,0,1,1,2
341348,0,1,1,2
341372,0,1,1,2
341374,0,1,1,2
341489,2,1,3,2
341563,6,0,7,1
341674,0,1,1,2
341681,0,1,1,2
341764,0,1,1,2
341765,0,1,1,2
341777,0,1,1,2
341784,0,1,1,2
341871,1,0,2,1
341872,1,0,2,1
341877,1,0,2,1
341880,1,0,2,1
341885,1,0,2,1
341888,1,0,2,1
341905,1,0,2,1
341911,1,0,2,1
341937,0,1,1,2
341982,0,1,1,2
342001,4,1,5,2
342189,6,0,7,1
342190,6,0,7,1
342377,1,0,2,1
342380,0,1,1,2
342389,0,1,1,2
342390,0,1,1,2
342405,0,1,1,2
342410,1,0,2,1
342420,0,1,1,2
342422,0,1,1,2
342467,1,0,2,1
342496,1,0,2,1
342504,1,0,2,1
342506,1,0,2,1
342513,1,0,2,1
342532,1,0,2,1
342557,0,1,1,2
342572,0,1,1,2
342628,4,1,5,2
342634,0,1,1,2
342733,4,2,5,3
342739,2,1,3,2
342741,2,1,3,2
342742,2,1,3,2
342778,2,1,3,2
342780,1,2,2,3
342821,6,0,7,1
343020,0,1,1,2
343046,0,1,1,2
343051,1,0,2,1
343055,1,0,2,1
343064,0,1,1,2
343106,1,0,2,1
343133,1,0,2,1
343135,1,0,2,1
343138,1,0,2,1
343141,1,0,2,1
343148,1,0,2,1
343168,1,0,2,1
343191,0,1,1,2
343202,0,1,1,2
343203,0,1,1,2
343248,1,4,2,5
343251,1,4,2,5
343380,4,2,5,3
343385,2,1,3,2
343386,2,1,3,2
343388,2,1,3,2
343436,1,2,2,3
343465,6,0,7,1
343658,1,0,2,1
343670,0,1,1,2
343699,1,0,2,1
343700,1,0,2,1
343701,1,0,2,1
343777,1,0,2,1
343778,1,0,2,1
343782,1,0,2,1
343785,1,0,2,1
343787,1,0,2,1
343815,1,0,2,1
343838,0,1,1,2
343846,0,1,1,2
343849,0,1,1,2
343864,1,0,2,1
343922,4,1,5,2
343923,4,1,5,2
343930,0,1,1,2
344035,2,1,3,2
344036,2,1,3,2
344037,2,1,3,2
344066,1,2,2,3
344080,1,2,2,3
344104,6,0,7,1
344381,1,0,2,1
344383,1,0,2,1
344411,1,0,2,1
344425,1,0,2,1
344439,1,0,2,1
344465,0,1,1,2
344477,0,1,1,2
344490,1,0,2,1
344546,4,1,5,2
344634,4,2,5,3
344660,2,1,3,2
344663,2,1,3,2
344666,2,1,3,2
344667,2,1,3,2
344671,2,1,3,2
344710,1,2,2,3
344869,1,6,2,7
344944,1,0,2,1
345004,1,0,2,1
345016,1,0,2,1
345032,1,0,2,1
345044,1,0,2,1
345045,1,0,2,1
345164,4,1,5,2
345168,4,1,5,2
345181,0,1,1,2
345247,2,1,3,2
345268,4,2,5,3
345279,2,1,3,2
345281,2,1,3,2
345290,5,1,6,2
345315,1,2,2,3
345318,1,2,2,3
345525,0,1,1,2
345560,1,0,2,1
345613,1,0,2,1
345617,1,0,2,1
345779,0,1,1,2
345847,2,1,3,2
345893,5,1,6,2
345896,5,1,6,2
345931,6,0,7,1
346124,1,0,2,1
346141,0,1,1,2
346214,1,0,2,1
346215,1,0,2,1
346220,1,0,2,1
346238,1,0,2,1
346258,1,0,2,1
346259,1,0,2,1
346260,1,0,2,1
346278,0,1,1,2
346354,0,1,1,2
346443,2,1,3,2
346448,2,1,3,2
346467,4,2,5,3
346470,4,2,5,3
346492,2,1,3,2
346496,5,1,6,2
346640,0,1,1,2
346723,1,0,2,1
346725,1,0,2,1
346741,0,1,1,2
346750,0,1,1,2
346762,1,0,2,1
346818,1,0,2,1
346846,0,1,1,2
346879,0,1,1,2
346942,0,1,1,2
346953,0,1,1,2
346979,0,1,1,2
346980,0,1,1,2
347058,4,2,5,3
347084,2,1,3,2
347102,1,2,2,3
347103,1,2,2,3
347217,0,1,1,2
347300,1,0,2,1
347306,0,1,1,2
347317,1,0,2,1
347328,0,1,1,2
347336,1,0,2,1
347339,1,0,2,1
347367,0,5,1,6
347393,1,0,2,1
347428,1,0,2,1
347439,0,1,1,2
347451,0,1,1,2
347518,0,1,1,2
347521,0,1,1,2
347524,0,1,1,2
347533,4,1,5,2
347556,0,1,1,2
347557,0,1,1,2
347612,2,1,3,2
347783,0,1,1,2
347863,1,0,2,1
347900,1,0,2,1
347902,1,0,2,1
347907,0,1,1,2
347955,1,0,2,1
347957,1,0,2,1
348000,0,1,1,2
348081,0,1,1,2
348087,0,1,1,2
348088,0,1,1,2
348090,0,1,1,2
348101,1,4,2,5
348118,0,1,1,2
348169,1,2,2,3
348175,2,1,3,2
348195,2,1,3,2
348442,1,0,2,1
348527,0,1,1,2
348536,1,0,2,1
348604,0,1,1,2
348654,4,1,5,2
348658,0,4,1,5
348661,0,1,1,2
348664,0,1,1,2
348705,0,1,1,2
348748,2,1,3,2
348754,2,1,3,2
348776,2,1,3,2
348812,5,1,6,2
348945,0,1,1,2
349028,1,0,2,1
349029,1,0,2,1
349031,1,0,2,1
349034,1,0,2,1
349046,1,0,2,1
349047,1,0,2,1
349053,0,1,1,2
349060,0,1,1,2
349069,1,0,2,1
349154,0,1,1,2
349172,1,0,2,1
349187,0,1,1,2
349247,0,4,1,5
349248,0,1,1,2
349264,4,1,5,2
349265,4,1,5,2
349369,4,1,5,2
349371,4,2,5,3
349517,0,6,1,7
349536,0,1,1,2
349541,0,1,1,2
349544,0,1,1,2
349546,0,1,1,2
349627,1,0,2,1
349628,1,0,2,1
349650,0,1,1,2
349651,0,1,1,2
349774,1,0,2,1
349798,1,0,2,1
349859,0,1,1,2
349860,0,1,1,2
349861,0,1,1,2
349862,0,1,1,2
349865,4,1,5,2
349895,0,1,1,2
349896,0,1,1,2
350008,5,1,6,2
350024,2,5,3,6
350270,1,0,2,1
350320,1,0,2,1
350461,0,1,1,2
350468,0,1,1,2
350469,0,1,1,2
350478,4,1,5,2
350482,4,1,5,2
350615,2,1,3,2
350616,2,1,3,2
350628,2,5,3,6
350635,2,5,3,6
350737,0,3,1,4
350754,0,1,1,2
350757,0,1,1,2
350845,1,0,2,1
350870,0,1,1,2
350878,1,0,2,1
350891,0,1,1,2
350993,1,0,2,1
350997,1,0,2,1
351063,0,1,1,2
351068,0,1,1,2
351070,0,1,1,2
351072,0,1,1,2
351073,0,1,1,2
351077,0,1,1,2
351079,0,1,1,2
351080,0,1,1,2
351084,4,1,5,2
351085,4,1,5,2
351090,4,1,5,2
351091,4,1,5,2
351113,0,1,1,2
351115,0,1,1,2
351131,1,2,2,3
351133,1,2,2,3
351232,5,1,6,2
351234,2,5,3,6
351243,2,5,3,6
351354,0,1,1,2
351362,0,1,1,2
351444,1,0,2,1
351462,0,1,1,2
351472,0,1,1,2
351474,0,1,1,2
351480,1,0,2,1
351530,1,0,2,1
351535,6,0,7,1
351548,0,6,1,7
351597,1,0,2,1
351638,1,0,2,1
351663,0,1,1,2
351667,0,1,1,2
351676,0,1,1,2
351685,4,1,5,2
351757,2,1,3,2
351777,4,2,5,3
351829,5,1,6,2
351849,2,5,3,6
351962,0,1,1,2
351963,0,1,1,2
351965,0,1,1,2
351966,0,1,1,2
352056,0,1,1,2
352143,1,0,2,1
352209,1,0,2,1
352268,1,4,2,5
352278,0,1,1,2
352280,0,1,1,2
352283,0,1,1,2
352289,0,1,1,2
352290,0,1,1,2
352298,4,1,5,2
352332,0,1,1,2
352349,1,2,2,3
352369,2,1,3,2
352370,2,1,3,2
352442,2,5,3,6
352572,0,1,1,2
352678,0,1,1,2
352751,1,0,2,1
352890,0,1,1,2
352892,0,1,1,2
352906,0,1,1,2
352912,4,1,5,2
352917,4,1,5,2
353073,2,5,3,6
353272,1,0,2,1
353294,0,1,1,2
353492,1,4,2,5
353509,0,1,1,2
353511,0,1,1,2
353512,0,1,1,2
353539,4,1,5,2
353582,1,2,2,3
353602,1,2,2,3
353687,2,5,3,6
353688,2,5,3,6
353694,2,1,3,2
353695,2,5,3,6
353703,2,1,3,2
353810,0,1,1,2
353814,0,1,1,2
353820,0,1,1,2
353912,0,1,1,2
353983,1,0,2,1
354011,0,6,1,7
354055,0,1,1,2
354062,1,0,2,1
354065,1,0,2,1
354113,1,4,2,5
354123,4,1,5,2
354134,0,1,1,2
354199,0,2,1,3
354500,1,0,2,1
354508,0,1,1,2
354517,1,0,2,1
354526,1,0,2,1
354679,1,0,2,1
354680,1,0,2,1
354701,1,0,2,1
354729,1,4,2,5
354766,4,1,5,2
354799,0,1,1,2
354815,1,2,2,3
354903,5,2,6,3
354973,0,6,1,7
355137,1,0,2,1
355139,1,0,2,1
355279,1,0,2,1
355290,1,0,2,1
355306,1,0,2,1
355310,1,0,2,1
355372,4,1,5,2
355425,0,1,1,2
355514,5,2,6,3
355526,5,2,6,3
355530,5,2,6,3
355723,1,0,2,1
355740,1,0,2,1
355744,1,0,2,1
355745,1,0,2,1
355806,1,0,2,1
355810,1,0,2,1
355811,1,0,2,1
355815,1,0,2,1
355892,0,1,1,2
355975,1,4,2,5
355984,1,4,2,5
355993,4,1,5,2
356023,0,1,1,2
356025,0,1,1,2
356026,0,1,1,2
356027,0,1,1,2
356053,1,2,2,3
356057,1,2,2,3
356320,1,0,2,1
356343,1,0,2,1
356417,1,0,2,1
356418,1,0,2,1
356422,1,0,2,1
356515,0,1,1,2
356541,1,0,2,1
356542,1,0,2,1
356665,0,1,1,2
356666,0,1,1,2
356672,0,2,1,3
356675,1,2,2,3
356932,1,0,2,1
356951,1,0,2,1
356952,1,0,2,1
357091,6,0,7,1
357158,1,0,2,1
357161,1,0,2,1
357223,1,4,2,5
357265,0,1,1,2
357269,0,1,1,2
357313,2,1,3,2
357322,1,2,2,3
357344,5,2,6,3
357345,5,2,6,3
357577,1,0,2,1
357579,1,0,2,1
357594,0,1,1,2
357595,0,1,1,2
357596,0,1,1,2
357597,0,1,1,2
357646,1,0,2,1
357712,6,0,7,1
357753,0,1,1,2
357755,0,1,1,2
357772,1,0,2,1
357845,1,4,2,5
357846,1,4,2,5
357847,1,4,2,5
357914,0,1,1,2
357932,1,5,2,6
357934,1,5,2,6
357940,2,5,3,6
357951,2,5,3,6
357964,5,2,6,3
358183,1,0,2,1
358224,0,1,1,2
358263,1,0,2,1
358370,0,1,1,2
358387,1,0,2,1
358492,4,1,5,2
358493,4,1,5,2
358529,0,1,1,2
358531,2,1,3,2
358542,2,1,3,2
358619,5,2,6,3
358622,5,2,6,3
358625,5,2,6,3
358787,1,0,2,1
358790,1,0,2,1
358802,1,0,2,1
358829,0,1,1,2
358831,0,1,1,2
358832,0,1,1,2
358844,1,0,2,1
358849,1,0,2,1
358988,1,0,2,1
358989,1,0,2,1
359061,1,4,2,5
359062,1,4,2,5
359064,1,4,2,5
359092,4,1,5,2
359104,0,1,1,2
359136,1,2,2,3
359166,5,1,6,2
359170,5,2,6,3
359179,2,5,3,6
359180,2,5,3,6
359186,5,2,6,3
359391,0,1,1,2
359395,1,0,2,1
359397,1,0,2,1
359419,0,1,1,2
359422,0,1,1,2
359427,0,1,1,2
359430,1,0,2,1
359565,0,1,1,2
359580,1,0,2,1
359657,4,1,5,2
359661,4,1,5,2
359685,4,1,5,2
359686,1,4,2,5
359692,4,1,5,2
359693,0,1,1,2
359694,0,1,1,2
359773,2,5,3,6
359778,2,5,3,6
359779,2,5,3,6
359783,5,2,6,3
359809,5,2,6,3
359984,1,0,2,1
359990,0,1,1,2
359994,1,0,2,1
360000,1,0,2,1
360017,0,1,1,2
360023,0,1,1,2
360025,0,1,1,2
360028,1,0,2,1
360031,1,0,2,1
360032,1,0,2,1
360178,1,0,2,1
360257,4,1,5,2
360374,2,1,3,2
360476,0,6,1,7
360587,1,0,2,1
360593,1,0,2,1
360600,1,0,2,1
360602,1,0,2,1
360603,1,0,2,1
360618,0,1,1,2
360630,1,0,2,1
360648,0,1,1,2
360650,0,1,1,2
360844,4,1,5,2
360871,1,4,2,5
360880,0,1,1,2
360967,2,1,3,2
361069,0,6,1,7
361196,1,0,2,1
361205,0,1,1,2
361244,0,1,1,2
361246,0,1,1,2
361453,4,1,5,2
361461,0,1,1,2
361462,0,1,1,2
361544,2,1,3,2
361556,2,5,3,6
361829,0,1,1,2
361924,1,0,2,1
361938,1,0,2,1
362046,0,1,1,2
362133,2,1,3,2
362138,2,1,3,2
362139,2,5,3,6
362350,0,1,1,2
362351,0,1,1,2
362369,0,1,1,2
362370,0,1,1,2
362390,1,0,2,1
362412,1,0,2,1
362413,1,0,2,1
362415,1,0,2,1
362521,1,0,2,1
362627,4,1,5,2
362637,0,1,1,2
362725,2,1,3,2
362726,2,1,3,2
362730,2,1,3,2
362736,2,5,3,6
362956,1,0,2,1
362960,0,1,1,2
362984,1,0,2,1
363003,1,0,2,1
363004,1,0,2,1
363012,0,1,1,2
363115,1,0,2,1
363223,0,1,1,2
363311,2,1,3,2
363315,2,1,3,2
363321,2,1,3,2
363396,0,6,1,7
363422,0,1,1,2
363482,1,4,2,5
363521,1,0,2,1
363522,1,0,2,1
363534,0,1,1,2
363573,1,0,2,1
363684,1,0,2,1
363688,1,0,2,1
363765,1,4,2,5
363793,0,1,1,2
363882,2,1,3,2
363964,0,6,1,7
363980,0,1,1,2
364092,1,0,2,1
364103,0,1,1,2
364112,1,0,2,1
364113,1,0,2,1
364159,0,1,1,2
364254,1,0,2,1
364260,1,0,2,1
364357,0,1,1,2
364358,0,1,1,2
364363,4,0,5,1
364459,2,1,3,2
364461,2,1,3,2
364462,2,1,3,2
364463,2,1,3,2
364464,2,1,3,2
364466,5,1,6,2
364467,5,1,6,2
364539,0,6,1,7
364661,1,0,2,1
364728,0,1,1,2
364729,0,1,1,2
364828,1,0,2,1
364929,0,1,1,2
364933,4,1,5,2
364990,2,1,3,2
364995,2,1,3,2
365001,1,2,2,3
365037,5,1,6,2
365040,5,1,6,2
365110,0,6,1,7
365228,1,0,2,1
365246,1,0,2,1
365275,0,1,1,2
365287,1,0,2,1
365289,0,1,1,2
365291,0,1,1,2
365390,1,0,2,1
365393,1,0,2,1
365492,0,1,1,2
365493,0,1,1,2
365498,0,1,1,2
365501,4,0,5,1
365505,0,1,1,2
365507,1,0,2,1
365558,2,1,3,2
365569,1,2,2,3
365594,2,1,3,2
365600,5,1,6,2
365604,5,1,6,2
365679,6,0,7,1
365686,0,6,1,7
365791,1,0,2,1
365804,1,0,2,1
365837,0,1,1,2
365840,1,0,2,1
365841,1,0,2,1
365854,0,1,1,2
365857,0,1,1,2
365948,1,0,2,1
366038,0,1,1,2
366051,0,1,1,2
366053,0,1,1,2
366164,5,1,6,2
366167,5,1,6,2
366196,5,2,6,3
366395,0,1,1,2
366408,1,0,2,1
366507,1,0,2,1
366509,1,0,2,1
366593,0,1,1,2
366595,0,1,1,2
366597,0,1,1,2
366599,0,1,1,2
366683,1,2,2,3
366706,1,2,2,3
366783,6,0,7,1
366784,6,0,7,1
366790,6,0,7,1
366857,4,1,5,2
366858,4,1,5,2
366861,4,1,5,2
366895,1,0,2,1
366973,1,0,2,1
367045,1,0,2,1
367138,0,1,1,2
367140,0,1,1,2
367142,0,1,1,2
367215,1,5,2,6
367217,2,5,3,6
367245,2,5,3,6
367246,2,5,3,6
367247,2,1,3,2
367264,5,1,6,2
367269,5,1,6,2
367270,5,1,6,2
367275,5,2,6,3
367276,5,2,6,3
367332,6,0,7,1
367340,6,0,7,1
367355,6,0,7,1
367404,4,1,5,2
367445,1,0,2,1
367590,1,0,2,1
367591,1,0,2,1
367601,1,0,2,1
367602,1,0,2,1
367610,1,0,2,1
367716,1,0,2,1
367763,2,1,3,2
367770,5,2,6,3
367862,0,6,1,7
367871,6,0,7,1
367886,6,0,7,1
367895,6,0,7,1
367902,0,1,1,2
367942,4,1,5,2
368016,1,0,2,1
368030,0,1,1,2
368031,0,1,1,2
368089,6,0,7,1
368092,6,0,7,1
368119,1,0,2,1
368146,1,0,2,1
368229,0,1,1,2
368302,5,1,6,2
368312,5,2,6,3
368348,5,1,6,2
368354,5,2,6,3
368414,6,0,7,1
368481,4,1,5,2
368524,1,0,2,1
368571,0,1,1,2
368583,1,0,2,1
368595,0,1,1,2
368596,0,1,1,2
368639,0,6,1,7
368681,1,0,2,1
368696,1,0,2,1
368697,1,0,2,1
368699,1,0,2,1
368769,0,1,1,2
368842,1,5,2,6
368873,5,1,6,2
368875,5,1,6,2
368877,5,2,6,3
368905,5,2,6,3
368933,5,1,6,2
368934,5,1,6,2
368970,6,1,7,2
368983,1,0,2,1
368985,1,0,2,1
369103,1,0,2,1
369118,0,1,1,2
369214,1,0,2,1
369245,1,0,2,1
369248,1,0,2,1
369319,0,1,1,2
369320,0,1,1,2
369355,1,0,2,1
369386,1,4,2,5
369387,1,4,2,5
369408,4,5,5,6
369415,2,5,3,6
369420,5,2,6,3
369428,5,1,6,2
369454,5,2,6,3
369455,5,2,6,3
369457,5,2,6,3
369458,5,2,6,3
369460,2,5,3,6
369471,5,2,6,3
369482,5,1,6,2
369483,5,1,6,2
369550,0,1,1,2
369581,4,1,5,2
369582,4,1,5,2
369678,0,1,1,2
369799,1,0,2,1
369872,0,1,1,2
369938,1,4,2,5
369941,5,1,6,2
369958,4,5,5,6
369968,2,5,3,6
370070,1,0,2,1
370083,1,0,2,1
370118,1,6,2,7
370344,1,0,2,1
370485,1,4,2,5
370523,5,1,6,2
370556,2,5,3,6
370557,2,1,3,2
370576,5,1,6,2
370577,5,1,6,2
370580,6,0,7,1
370603,1,6,2,7
370610,6,0,7,1
370616,6,0,7,1
370624,1,0,2,1
370626,1,0,2,1
370737,0,1,1,2
370886,1,0,2,1
370890,1,0,2,1
371028,1,4,2,5
371074,2,1,3,2
371106,2,5,3,6
371135,6,0,7,1
371162,6,0,7,1
371165,6,0,7,1
371166,6,0,7,1
371170,1,0,2,1
371173,1,0,2,1
371176,1,0,2,1
371299,1,0,2,1
371314,0,1,1,2
371317,0,1,1,2
371331,1,0,2,1
371580,1,4,2,5
371581,1,4,2,5
371589,5,1,6,2
371699,1,6,2,7
371701,1,0,2,1
371712,6,0,7,1
371717,1,0,2,1
371841,1,0,2,1
371843,1,0,2,1
371858,0,1,1,2
371859,0,1,1,2
372129,1,4,2,5
372175,2,5,3,6
372176,2,1,3,2
372208,5,2,6,3
372255,1,0,2,1
372256,1,0,2,1
372266,1,0,2,1
372268,1,0,2,1
372279,1,0,2,1
372324,1,4,2,5
372400,1,0,2,1
372636,0,1,1,2
372734,5,2,6,3
372740,2,5,3,6
372741,2,1,3,2
372773,5,2,6,3
372820,1,0,2,1
372821,1,0,2,1
372825,1,0,2,1
372836,1,0,2,1
372838,1,0,2,1
372844,1,0,2,1
372869,4,1,5,2
372959,1,0,2,1
373060,6,0,7,1
373188,1,0,2,1
373197,0,1,1,2
373198,0,1,1,2
373269,5,1,6,2
373294,5,2,6,3
373335,5,2,6,3
373385,1,0,2,1
373395,1,0,2,1
373397,1,6,2,7
373401,1,0,2,1
373402,1,0,2,1
373403,1,0,2,1
373405,1,0,2,1
373419,0,1,1,2
373448,1,4,2,5
373652,1,0,2,1
373689,1,0,2,1
373695,1,0,2,1
373766,0,1,1,2
373768,0,1,1,2
373874,2,1,3,2
373902,1,5,2,6
373907,5,1,6,2
373920,1,2,2,3
373955,0,1,1,2
373965,6,0,7,1
373972,1,0,2,1
373987,1,0,2,1
373992,1,0,2,1
373996,1,0,2,1
373999,1,0,2,1
374008,0,1,1,2
374028,4,1,5,2
374098,1,0,2,1
374111,1,0,2,1
374112,1,0,2,1
374114,1,0,2,1
374263,1,0,2,1
374299,1,0,2,1
374300,1,0,2,1
374474,5,2,6,3
374506,1,2,2,3
374568,6,0,7,1
374583,1,0,2,1
374595,1,0,2,1
374596,1,0,2,1
374599,1,0,2,1
374602,1,0,2,1
374826,6,0,7,1
374877,6,0,7,1
374878,6,0,7,1
374895,1,0,2,1
375061,4,1,5,2
375067,1,4,2,5
375123,2,5,3,6
375152,1,2,2,3
375199,6,0,7,1
375209,6,1,7,2
375213,1,0,2,1
375214,1,0,2,1
375222,1,0,2,1
375225,1,0,2,1
375227,1,0,2,1
375228,1,0,2,1
375230,1,0,2,1
375233,1,0,2,1
375265,4,1,5,2
375284,0,1,1,2
375363,0,1,1,2
375391,0,1,1,2
375472,6,0,7,1
375547,1,0,2,1
375588,1,0,2,1
375803,5,1,6,2
375804,5,1,6,2
375808,1,2,2,3
375851,0,1,1,2
375856,6,0,7,1
375863,6,0,7,1
375880,1,0,2,1
375881,1,0,2,1
375884,1,0,2,1
375888,1,0,2,1
375889,1,0,2,1
375892,1,0,2,1
375897,1,0,2,1
375923,4,1,5,2
375945,0,1,1,2
376009,1,0,2,1
376184,6,0,7,1
376236,1,0,2,1
376240,1,0,2,1
376370,4,1,5,2
376405,5,1,6,2
376421,2,5,3,6
376436,5,1,6,2
376453,1,5,2,6
376467,1,2,2,3
376468,1,2,2,3
376512,0,1,1,2
376514,0,1,1,2
376517,6,0,7,1
376525,6,0,7,1
376534,1,0,2,1
376538,1,0,2,1
376542,1,0,2,1
376582,4,1,5,2
376666,1,0,2,1
376668,1,0,2,1
376706,0,1,1,2
376838,6,0,7,1
376840,6,0,7,1
376891,1,0,2,1
377092,5,1,6,2
377185,1,0,2,1
377190,1,0,2,1
377200,1,0,2,1
377207,1,0,2,1
377210,1,0,2,1
377327,1,0,2,1
377371,1,0,2,1
377510,6,0,7,1
377511,6,0,7,1
377512,6,0,7,1
377513,6,0,7,1
377752,4,5,5,6
377760,4,1,5,2
377776,1,2,2,3
377838,0,1,1,2
377839,0,1,1,2
377840,0,1,1,2
377851,1,0,2,1
377857,1,0,2,1
377859,1,0,2,1
377863,1,0,2,1
377873,1,0,2,1
377875,1,0,2,1
377959,0,1,1,2
377979,1,0,2,1
377993,1,0,2,1
378001,0,1,1,2
378195,0,1,1,2
378429,4,2,5,3
378444,1,2,2,3
378451,1,2,2,3
378454,1,2,2,3
378524,1,0,2,1
378529,1,0,2,1
378532,1,0,2,1
378535,1,0,2,1
378538,1,0,2,1
378545,1,0,2,1
378554,0,1,1,2
378555,0,1,1,2
378556,0,1,1,2
378558,0,1,1,2
378627,0,1,1,2
378859,6,0,7,1
378887,1,0,2,1
379084,5,1,6,2
379085,5,1,6,2
379098,2,5,3,6
379111,4,1,5,2
379122,1,2,2,3
379127,1,2,2,3
379128,1,2,2,3
379129,1,2,2,3
379131,1,2,2,3
379201,1,0,2,1
379208,1,0,2,1
379210,1,0,2,1
379215,1,0,2,1
379222,1,0,2,1
379283,1,4,2,5
379324,1,0,2,1
379386,0,1,1,2
379391,0,1,1,2
379463,0,6,1,7
379523,6,0,7,1
379527,6,0,7,1
379541,0,1,1,2
379756,5,1,6,2
379788,1,2,2,3
379873,6,0,7,1
379874,6,0,7,1
379876,1,0,2,1
379878,1,0,2,1
379881,1,0,2,1
379882,1,0,2,1
379883,1,0,2,1
379893,1,0,2,1
379924,0,1,1,2
380066,0,1,1,2
380072,0,6,1,7
380073,0,6,1,7
380126,0,6,1,7
380189,6,0,7,1
380217,1,0,2,1
380422,2,1,3,2
380454,1,2,2,3
380455,1,2,2,3
380543,1,0,2,1
380563,1,0,2,1
380647,0,1,1,2
380730,0,1,1,2
380788,0,6,1,7
381085,2,1,3,2
381192,6,0,7,1
381196,6,0,7,1
381200,1,0,2,1
381202,1,0,2,1
381206,1,0,2,1
381212,1,0,2,1
381214,1,0,2,1
381222,1,0,2,1
381237,0,1,1,2
381305,0,1,1,2
381353,1,0,2,1
381357,1,0,2,1
381359,1,0,2,1
381360,1,0,2,1
381388,0,1,1,2
381398,0,6,1,7
381457,0,6,1,7
381753,2,1,3,2
381774,4,2,5,3
381863,6,0,7,1
381868,1,0,2,1
381869,1,0,2,1
381870,1,0,2,1
381880,1,0,2,1
381884,1,0,2,1
381887,1,0,2,1
381893,1,0,2,1
381896,1,0,2,1
381938,1,4,2,5
381954,1,4,2,5
381977,0,1,1,2
381978,0,1,1,2
382019,1,0,2,1
382024,1,0,2,1
382026,1,0,2,1
382027,1,0,2,1
382028,1,0,2,1
382034,1,0,2,1
382044,0,1,1,2
382046,0,1,1,2
382051,0,1,1,2
382056,0,1,1,2
382400,1,2,2,3
382408,2,0,3,1
382409,2,0,3,1
382410,2,5,3,6
382520,1,0,2,1
382526,1,0,2,1
382529,1,0,2,1
382531,1,0,2,1
382533,1,0,2,1
382544,1,0,2,1
382549,1,0,2,1
382551,1,0,2,1
382627,0,1,1,2
382629,0,1,1,2
382631,0,1,1,2
382668,1,0,2,1
382670,1,0,2,1
382705,0,1,1,2
382935,1,6,2,7
383033,2,1,3,2
383051,1,2,2,3
383176,1,0,2,1
383178,1,0,2,1
383185,1,0,2,1
383200,1,0,2,1
383205,1,0,2,1
383278,0,1,1,2
383322,1,0,2,1
383325,1,0,2,1
383328,1,0,2,1
383341,1,0,2,1
383725,5,1,6,2
383848,1,0,2,1
383866,1,0,2,1
383940,0,1,1,2
383990,1,0,2,1
383992,1,0,2,1
383993,1,0,2,1
384026,1,0,2,1
384123,0,6,1,7
384159,6,0,7,1
384359,2,1,3,2
384360,2,1,3,2
384503,1,0,2,1
384507,1,0,2,1
384510,1,0,2,1
384520,1,0,2,1
384566,4,1,5,2
384567,1,4,2,5
384572,0,1,1,2
384601,0,1,1,2
384617,0,1,1,2
384785,0,6,1,7
384788,0,6,1,7
385025,2,1,3,2
385045,2,5,3,6
385046,2,5,3,6
385061,4,1,5,2
385136,1,0,2,1
385138,1,0,2,1
385160,1,0,2,1
385161,1,0,2,1
385167,1,0,2,1
385177,1,0,2,1
385185,1,0,2,1
385186,1,0,2,1
385187,1,0,2,1
385188,1,0,2,1
385225,1,4,2,5
385256,0,1,1,2
385261,0,1,1,2
385262,0,1,1,2
385268,0,1,1,2
385276,0,1,1,2
385278,0,1,1,2
385279,0,1,1,2
385281,0,1,1,2
385306,1,0,2,1
385336,1,0,2,1
385448,0,6,1,7
385482,6,0,7,1
385521,1,0,2,1
385691,1,2,2,3
385725,4,1,5,2
385825,1,0,2,1
385836,1,0,2,1
385844,1,0,2,1
385845,1,0,2,1
385846,1,0,2,1
385850,1,0,2,1
385853,1,0,2,1
385854,1,0,2,1
385892,1,4,2,5
385921,0,1,1,2
385922,0,1,1,2
385923,0,1,1,2
385959,0,1,1,2
385973,1,0,2,1
386005,1,0,2,1
386049,6,0,7,1
386111,0,6,1,7
386156,0,1,1,2
386383,5,1,6,2
386394,2,4,3,5
386496,1,0,2,1
386503,1,0,2,1
386580,0,1,1,2
386584,0,1,1,2
386586,0,1,1,2
386616,0,1,1,2
386653,1,0,2,1
386654,1,0,2,1
386693,6,0,7,1
386762,0,6,1,7
386993,4,1,5,2
387034,5,1,6,2
387120,0,1,1,2
387144,1,0,2,1
387150,1,0,2,1
387158,1,0,2,1
387233,0,1,1,2
387236,0,1,1,2
387238,0,1,1,2
387241,0,1,1,2
387242,0,1,1,2
387268,0,1,1,2
387313,1,0,2,1
387323,0,1,1,2
387368,0,6,1,7
387419,0,6,1,7
387655,4,1,5,2
387695,5,1,6,2
387697,4,1,5,2
387699,4,1,5,2
387700,4,1,5,2
387702,4,1,5,2
387717,0,6,1,7
387779,0,1,1,2
387781,0,1,1,2
387807,1,0,2,1
387856,4,1,5,2
387888,0,1,1,2
387924,0,1,1,2
387965,1,0,2,1
387969,1,0,2,1
388026,6,0,7,1
388078,0,6,1,7
388313,4,2,5,3
388314,4,2,5,3
388436,0,1,1,2
388455,1,0,2,1
388469,1,0,2,1
388513,4,1,5,2
388515,4,1,5,2
388519,1,4,2,5
388531,0,1,1,2
388532,0,1,1,2
388533,0,1,1,2
388549,0,1,1,2
388574,0,1,1,2
388597,0,1,1,2
388625,1,0,2,1
388628,1,0,2,1
388630,1,0,2,1
388640,0,1,1,2
388780,1,0,2,1
388967,4,1,5,2
388979,2,1,3,2
389006,5,1,6,2
389092,0,1,1,2
389169,1,4,2,5
389185,0,1,1,2
389192,0,1,1,2
389199,0,1,1,2
389200,0,1,1,2
389250,0,1,1,2
389272,1,0,2,1
389273,1,0,2,1
389288,0,1,1,2
389312,0,6,1,7
389612,4,2,5,3
389616,4,2,5,3
389627,5,0,6,1
389663,1,2,2,3
389765,1,0,2,1
389780,0,1,1,2
389809,0,1,1,2
389884,0,1,1,2
389897,0,1,1,2
389910,1,0,2,1
389921,1,0,2,1
389922,1,0,2,1
390245,2,1,3,2
390249,4,0,5,1
390250,4,2,5,3
390251,4,2,5,3
390256,4,1,5,2
390277,5,2,6,3
390302,4,2,5,3
390303,4,2,5,3
390372,0,1,1,2
390373,0,1,1,2
390401,1,0,2,1
390433,1,0,2,1
390436,1,0,2,1
390443,0,1,1,2
390461,0,1,1,2
390491,1,0,2,1
390504,0,1,1,2
390517,0,1,1,2
390519,0,1,1,2
390535,0,1,1,2
390549,1,0,2,1
390555,1,0,2,1
390557,1,0,2,1
390574,0,1,1,2
390648,6,0,7,1
390649,6,0,7,1
390670,6,0,7,1
390712,1,0,2,1
390734,1,0,2,1
390914,5,2,6,3
391005,0,1,1,2
391009,0,1,1,2
391030,1,0,2,1
391052,0,1,1,2
391055,0,1,1,2
391061,1,0,2,1
391076,0,1,1,2
391077,0,1,1,2
391093,0,1,1,2
391183,1,0,2,1
391365,1,0,2,1
391493,2,1,3,2
391550,5,2,6,3
391567,4,1,5,2
391639,0,1,1,2
391640,0,1,1,2
391644,0,1,1,2
391661,1,0,2,1
391688,0,1,1,2
391689,0,1,1,2
391693,1,0,2,1
391694,1,0,2,1
391696,1,0,2,1
391706,1,0,2,1
391708,1,0,2,1
391718,1,4,2,5
391727,0,1,1,2
391758,1,0,2,1
391759,1,0,2,1
391798,0,1,1,2
391800,0,1,1,2
391802,0,1,1,2
391815,1,0,2,1
391817,1,0,2,1
391960,0,1,1,2
392120,2,1,3,2
392133,2,1,3,2
392158,2,5,3,6
392163,2,5,3,6
392164,2,5,3,6
392178,1,2,2,3
392179,1,2,2,3
392181,1,2,2,3
392272,0,1,1,2
392294,1,0,2,1
392306,0,1,1,2
392307,0,1,1,2
392310,0,1,1,2
392313,0,1,1,2
392315,0,1,1,2
392321,1,0,2,1
392333,1,0,2,1
392337,1,0,2,1
392356,0,1,1,2
392361,0,1,1,2
392362,0,1,1,2
392391,1,0,2,1
392428,0,1,1,2
392445,1,0,2,1
392759,2,1,3,2
392762,2,1,3,2
392763,2,1,3,2
392798,5,2,6,3
392909,0,1,1,2
392912,0,1,1,2
392936,1,0,2,1
392945,0,1,1,2
392947,0,1,1,2
392948,0,1,1,2
392949,0,1,1,2
392985,4,1,5,2
393068,0,1,1,2
393073,0,1,1,2
393076,0,1,1,2
393081,1,0,2,1
393085,1,0,2,1
393086,1,0,2,1
393145,6,0,7,1
393247,1,0,2,1
393251,1,0,2,1
393405,2,1,3,2
393406,2,1,3,2
393409,2,1,3,2
393415,2,1,3,2
393431,1,5,2,6
393465,1,2,2,3
393466,1,2,2,3
393467,1,2,2,3
393547,0,1,1,2
393568,1,0,2,1
393576,0,1,1,2
393579,0,1,1,2
393601,1,0,2,1
393617,4,1,5,2
393620,4,1,5,2
393642,0,1,1,2
393662,1,0,2,1
393666,1,0,2,1
393668,1,0,2,1
393697,0,1,1,2
393698,0,1,1,2
393716,1,0,2,1
393717,1,0,2,1
393719,1,0,2,1
393721,1,0,2,1
393722,1,0,2,1
393836,1,0,2,1
394061,2,1,3,2
394064,2,1,3,2
394065,2,1,3,2
394083,1,5,2,6
394085,1,5,2,6
394124,1,2,2,3
394126,1,2,2,3
394129,1,2,2,3
394225,0,1,1,2
394282,0,1,1,2
394283,0,1,1,2
394284,0,1,1,2
394285,0,1,1,2
394292,0,1,1,2
394311,1,0,2,1
394372,1,0,2,1
394479,1,0,2,1
394492,1,0,2,1
394507,1,0,2,1
394745,1,5,2,6
394746,1,5,2,6
394791,1,2,2,3
394852,0,1,1,2
394854,0,1,1,2
394953,0,1,1,2
394968,1,0,2,1
394976,1,0,2,1
395003,0,1,1,2
395004,0,1,1,2
395006,0,1,1,2
395008,0,1,1,2
395011,0,1,1,2
395012,0,1,1,2
395014,0,1,1,2
395027,1,0,2,1
395031,1,0,2,1
395106,1,0,2,1
395162,1,0,2,1
395173,1,0,2,1
395237,1,0,2,1
395405,1,2,2,3
395413,1,5,2,6
395425,5,2,6,3
395544,0,1,1,2
395547,0,1,1,2
395548,0,1,1,2
395554,0,1,1,2
395605,0,1,1,2
395614,0,1,1,2
395617,0,1,1,2
395638,1,0,2,1
395676,0,1,1,2
395679,0,1,1,2
395694,1,0,2,1
395699,1,0,2,1
395700,1,0,2,1
395748,6,0,7,1
395749,6,0,7,1
395781,1,0,2,1
395817,1,0,2,1
395838,1,0,2,1
396062,2,1,3,2
396190,0,1,1,2
396206,0,1,1,2
396214,0,1,1,2
396216,0,1,1,2
396218,0,1,1,2
396220,0,1,1,2
396293,0,1,1,2
396304,1,0,2,1
396305,1,0,2,1
396306,1,0,2,1
396312,1,0,2,1
396340,0,1,1,2
396344,0,1,1,2
396361,1,0,2,1
396414,0,6,1,7
396487,1,0,2,1
396488,1,0,2,1
396489,1,0,2,1
396501,1,0,2,1
396511,1,0,2,1
396512,1,0,2,1
396517,1,0,2,1
396525,1,0,2,1
396527,1,0,2,1
396730,1,2,2,3
396888,0,1,1,2
396889,0,1,1,2
396894,0,1,1,2
396909,1,0,2,1
396993,1,0,2,1
397020,0,1,1,2
397040,0,1,1,2
397134,1,0,2,1
397147,1,0,2,1
397179,1,0,2,1
397186,1,0,2,1
397187,1,0,2,1
397198,1,0,2,1
397438,1,2,2,3
397565,0,1,1,2
397569,0,1,1,2
397572,0,1,1,2
397583,1,0,2,1
397624,1,4,2,5
397630,1,0,2,1
397663,1,0,2,1
397666,1,0,2,1
397667,1,0,2,1
397672,1,0,2,1
397820,1,0,2,1
397835,1,0,2,1
397842,1,0,2,1
397859,1,0,2,1
397866,1,0,2,1
397872,1,0,2,1
397886,1,0,2,1
398021,4,1,5,2
398096,1,2,2,3
398097,4,2,5,3
398098,4,2,5,3
398122,5,2,6,3
398123,5,2,6,3
398124,5,2,6,3
398236,0,1,1,2
398238,0,1,1,2
398241,0,1,1,2
398253,0,1,1,2
398257,0,1,1,2
398333,0,1,1,2
398384,0,1,1,2
398392,0,1,1,2
398393,0,1,1,2
398398,0,1,1,2
398399,0,1,1,2
398530,1,0,2,1
398532,1,0,2,1
398561,1,0,2,1
398576,1,0,2,1
398579,1,0,2,1
398581,1,0,2,1
398584,1,0,2,1
398585,1,0,2,1
398713,4,1,5,2
398715,4,1,5,2
398792,4,2,5,3
398793,4,2,5,3
398817,2,5,3,6
398929,0,1,1,2
398932,0,1,1,2
398934,0,1,1,2
398935,0,1,1,2
398946,1,0,2,1
398980,4,1,5,2
398993,1,0,2,1
399004,0,1,1,2
399008,0,1,1,2
399015,0,1,1,2
399020,0,1,1,2
399025,1,0,2,1
399030,1,0,2,1
399031,1,0,2,1
399072,0,1,1,2
399202,1,0,2,1
399203,1,0,2,1
399255,1,0,2,1
399265,1,0,2,1
399270,1,0,2,1
399276,1,0,2,1
399340,0,1,1,2
399341,0,1,1,2
399342,0,1,1,2
399404,4,1,5,2
399549,5,2,6,3
399609,0,1,1,2
399610,0,1,1,2
399619,0,1,1,2
399629,1,0,2,1
399662,4,1,5,2
399686,0,1,1,2
399688,0,1,1,2
399700,0,1,1,2
399717,1,0,2,1
399754,0,1,1,2
399759,0,1,1,2
399762,0,1,1,2
399844,0,6,1,7
399845,0,6,1,7
399862,0,6,1,7
399864,0,6,1,7
399869,0,6,1,7
399914,1,0,2,1
399916,1,0,2,1
399921,1,0,2,1
399949,1,0,2,1
399958,1,0,2,1
399972,1,0,2,1
400040,0,1,1,2
400175,4,2,5,3
400295,0,1,1,2
400301,0,1,1,2
400302,0,1,1,2
400377,0,1,1,2
400384,0,1,1,2
400391,1,0,2,1
400392,1,0,2,1
400395,1,0,2,1
400523,0,6,1,7
400525,0,6,1,7
400546,0,6,1,7
400581,1,0,2,1
400599,1,0,2,1
400600,1,0,2,1
400622,1,0,2,1
400644,1,0,2,1
400648,1,0,2,1
400651,1,0,2,1
400652,1,0,2,1
400763,1,4,2,5
400776,4,1,5,2
400988,1,0,2,1
400990,1,0,2,1
401055,0,1,1,2
401061,0,1,1,2
401072,1,0,2,1
401078,1,0,2,1
401082,1,0,2,1
401245,0,6,1,7
401280,1,0,2,1
401282,1,0,2,1
401297,1,0,2,1
401302,1,0,2,1
401303,1,0,2,1
401304,1,0,2,1
401307,1,0,2,1
401308,1,0,2,1
401309,1,0,2,1
401322,1,0,2,1
401330,1,0,2,1
401454,4,1,5,2
401459,4,1,5,2
401539,4,2,5,3
401653,1,0,2,1
401657,1,0,2,1
401660,1,0,2,1
401725,0,1,1,2
401728,0,1,1,2
401732,0,1,1,2
401753,1,0,2,1
401848,0,6,1,7
401922,0,6,1,7
401958,1,0,2,1
401961,1,0,2,1
401981,1,0,2,1
401983,1,0,2,1
401984,1,0,2,1
401987,1,0,2,1
402000,1,0,2,1
402192,6,1,7,2
402222,4,2,5,3
402224,2,1,3,2
402327,1,0,2,1
402328,1,0,2,1
402337,1,0,2,1
402370,1,0,2,1
402372,1,0,2,1
402396,0,1,1,2
402425,1,0,2,1
402426,1,0,2,1
402428,1,0,2,1
402594,0,6,1,7
402597,6,0,7,1
402642,1,0,2,1
402659,1,0,2,1
402663,1,0,2,1
402665,1,0,2,1
402681,1,0,2,1
402682,1,0,2,1
402683,1,0,2,1
402813,4,1,5,2
402901,2,1,3,2
402947,1,5,2,6
402948,1,5,2,6
403005,1,0,2,1
403008,1,0,2,1
403013,1,0,2,1
403018,1,4,2,5
403067,0,1,1,2
403177,6,0,7,1
403179,6,0,7,1
403195,0,6,1,7
403277,1,0,2,1
403283,6,0,7,1
403354,1,0,2,1
403486,4,1,5,2
403752,1,0,2,1
403753,0,1,1,2
403850,6,0,7,1
403854,0,6,1,7
403942,6,0,7,1
403976,1,0,2,1
404115,0,1,1,2
404153,4,1,5,2
404155,4,1,5,2
404156,4,1,5,2
404213,6,1,7,2
404220,1,2,2,3
404348,4,1,5,2
404350,1,4,2,5
404353,1,4,2,5
404354,1,4,2,5
404376,0,1,1,2
404535,0,6,1,7
404619,1,0,2,1
404620,6,0,7,1
404633,1,0,2,1
404667,1,0,2,1
404668,1,0,2,1
404677,1,0,2,1
404693,1,0,2,1
404832,4,1,5,2
404878,4,6,5,7
404939,5,2,6,3
404952,5,1,6,2
405078,0,1,1,2
405210,0,6,1,7
405297,1,0,2,1
405300,6,0,7,1
405326,1,0,2,1
405353,1,0,2,1
405369,1,0,2,1
405373,1,0,2,1
405510,4,1,5,2
405545,4,1,5,2
405588,2,1,3,2
405711,4,1,5,2
405716,1,4,2,5
405726,0,1,1,2
405757,0,1,1,2
405766,0,1,1,2
405895,0,6,1,7
405990,1,0,2,1
406011,1,0,2,1
406017,1,0,2,1
406030,1,0,2,1
406041,1,0,2,1
406042,1,0,2,1
406044,1,0,2,1
406045,1,0,2,1
406049,1,0,2,1
406050,1,0,2,1
406065,1,0,2,1
406234,4,1,5,2
406235,4,1,5,2
406313,1,5,2,6
406403,1,4,2,5
406424,0,1,1,2
406447,0,1,1,2
406448,0,1,1,2
406450,0,1,1,2
406457,0,1,1,2
406677,1,0,2,1
406727,1,0,2,1
406736,1,0,2,1
406949,6,1,7,2
406950,6,1,7,2
406958,1,2,2,3
406973,2,1,3,2
406982,2,4,3,5
406994,5,2,6,3
407106,0,1,1,2
407107,0,1,1,2
407136,0,1,1,2
407283,0,6,1,7
407395,1,0,2,1
407403,1,0,2,1
407411,1,0,2,1
407628,6,1,7,2
407667,5,2,6,3
407669,4,5,5,6
407780,4,1,5,2
407784,1,4,2,5
407792,0,1,1,2
407793,0,1,1,2
407795,0,1,1,2
407796,0,1,1,2
407797,0,1,1,2
407806,1,0,2,1
407817,0,1,1,2
407822,0,1,1,2
407823,0,1,1,2
407825,0,1,1,2
407829,0,1,1,2
407969,0,6,1,7
408068,1,0,2,1
408076,1,0,2,1
408077,1,0,2,1
408083,1,0,2,1
408096,1,0,2,1
408229,0,1,1,2
408315,4,1,5,2
408332,2,1,3,2
408349,2,1,3,2
408461,1,4,2,5
408475,0,1,1,2
408485,0,1,1,2
408486,0,1,1,2
408499,0,1,1,2
408506,0,1,1,2
408507,0,1,1,2
408755,1,0,2,1
408766,1,0,2,1
408767,1,0,2,1
408769,1,0,2,1
408772,1,0,2,1
408774,1,0,2,1
408952,4,1,5,2
409001,6,1,7,2
409021,2,1,3,2
409026,1,2,2,3
409155,1,4,2,5
409159,4,1,5,2
409172,0,1,1,2
409173,0,1,1,2
409176,0,1,1,2
409198,0,1,1,2
409203,0,1,1,2
409333,6,0,7,1
409438,1,0,2,1
409439,1,0,2,1
409452,1,0,2,1
409453,1,0,2,1
409459,1,0,2,1
409468,1,0,2,1
409469,1,0,2,1
409470,1,0,2,1
409648,4,1,5,2
409709,2,1,3,2
409710,2,1,3,2
409716,1,2,2,3
409755,5,1,6,2
409854,0,1,1,2
409863,0,1,1,2
409880,0,1,1,2
410012,6,0,7,1
410019,6,0,7,1
410020,6,0,7,1
410029,0,6,1,7
410148,1,0,2,1
410151,1,0,2,1
410158,1,0,2,1
410163,1,0,2,1
410378,4,1,5,2
410399,2,1,3,2
410404,1,2,2,3
410544,0,4,1,5
410582,0,1,1,2
410584,0,1,1,2
410707,6,0,7,1
410712,6,0,7,1
410714,6,0,7,1
410730,6,0,7,1
410731,6,0,7,1
410831,1,0,2,1
410838,1,0,2,1
410841,1,0,2,1
410857,1,0,2,1
410859,1,0,2,1
410860,1,0,2,1
410862,1,0,2,1
411119,5,2,6,3
411282,0,1,1,2
411536,1,0,2,1
411545,1,0,2,1
411847,5,1,6,2
411933,4,1,5,2
411941,0,1,1,2
411984,0,1,1,2
411989,0,1,1,2
411991,0,1,1,2
412097,6,0,7,1
412224,6,0,7,1
412246,1,0,2,1
412253,1,0,2,1
412426,4,1,5,2
412427,4,1,5,2
412428,4,1,5,2
412433,1,4,2,5
412615,4,1,5,2
412616,4,1,5,2
412635,0,1,1,2
412676,0,1,1,2
412679,0,1,1,2
412682,0,1,1,2
412794,6,0,7,1
412806,0,6,1,7
412921,6,0,7,1
412933,0,1,1,2
412946,1,0,2,1
412947,1,0,2,1
412950,1,0,2,1
412954,1,0,2,1
413080,1,0,2,1
413159,4,1,5,2
413160,4,1,5,2
413163,4,1,5,2
413207,5,2,6,3
413309,4,1,5,2
413371,0,1,1,2
413619,0,1,1,2
413654,1,0,2,1
413854,4,1,5,2
413879,2,1,3,2
413926,1,5,2,6
414055,0,1,1,2
414057,0,1,1,2
414063,0,1,1,2
414066,0,1,1,2
414067,0,1,1,2
414068,0,1,1,2
414159,0,6,1,7
414160,0,6,1,7
414315,1,0,2,1
414319,1,0,2,1
414324,1,0,2,1
414447,1,0,2,1
414451,1,0,2,1
414492,4,1,5,2
414565,2,1,3,2
414604,1,5,2,6
414700,0,1,1,2
414746,0,1,1,2
414750,0,1,1,2
414751,0,1,1,2
414836,0,6,1,7
414963,0,1,1,2
414964,0,1,1,2
414994,1,0,2,1
415013,1,0,2,1
415016,1,0,2,1
415120,1,0,2,1
415169,1,4,2,5
415209,4,1,5,2
415210,4,1,5,2
415239,2,1,3,2
415367,0,1,1,2
415405,0,1,1,2
415407,0,1,1,2
415411,0,1,1,2
415414,0,1,1,2
415636,0,1,1,2
415638,0,1,1,2
415650,1,0,2,1
415659,1,0,2,1
415670,1,0,2,1
415687,1,0,2,1
415689,1,0,2,1
415793,1,0,2,1
415796,1,0,2,1
415851,1,4,2,5
416027,0,1,1,2
416079,0,1,1,2
416081,0,1,1,2
416085,0,1,1,2
416089,0,1,1,2
416092,0,1,1,2
416317,0,1,1,2
416340,1,0,2,1
416341,1,0,2,1
416342,1,0,2,1
416345,1,0,2,1
416347,1,0,2,1
416349,1,0,2,1
416352,1,0,2,1
416373,1,0,2,1
416465,1,0,2,1
416605,5,1,6,2
416691,0,1,1,2
416692,0,1,1,2
416693,0,1,1,2
416726,0,1,1,2
416731,0,1,1,2
416733,0,1,1,2
416738,0,1,1,2
416740,0,1,1,2
416742,0,1,1,2
416981,0,1,1,2
416982,0,1,1,2
416983,0,1,1,2
416988,1,0,2,1
416999,1,0,2,1
417008,1,0,2,1
417009,1,0,2,1
417021,1,0,2,1
417028,1,0,2,1
417200,4,1,5,2
417237,1,2,2,3
417240,1,2,2,3
417323,1,0,2,1
417327,0,1,1,2
417387,0,1,1,2
417585,0,1,1,2
417619,0,1,1,2
417621,0,1,1,2
417622,0,1,1,2
417627,1,0,2,1
417639,1,0,2,1
417641,1,0,2,1
417742,1,0,2,1
417808,4,1,5,2
417867,1,2,2,3
417950,0,4,1,5
417968,0,1,1,2
418006,0,1,1,2
418012,0,1,1,2
418019,0,1,1,2
418210,0,1,1,2
418225,1,0,2,1
418237,0,1,1,2
418238,0,1,1,2
418241,0,1,1,2
418243,0,1,1,2
418244,0,1,1,2
418259,1,0,2,1
418292,0,1,1,2
418294,0,1,1,2
418420,0,1,1,2
418421,0,1,1,2
418443,4,1,5,2
418448,4,1,5,2
418449,4,1,5,2
418615,0,1,1,2
418622,0,1,1,2
418623,0,1,1,2
418630,0,1,1,2
418632,0,1,1,2
418849,1,0,2,1
418860,1,0,2,1
418875,0,1,1,2
418891,0,1,1,2
418919,0,1,1,2
419019,4,1,5,2
419094,5,1,6,2
419159,0,1,1,2
419177,0,1,1,2
419207,0,1,1,2
419210,0,1,1,2
419222,0,1,1,2
419223,0,1,1,2
419370,0,1,1,2
419372,0,1,1,2
419386,0,1,1,2
419405,0,1,1,2
419414,0,1,1,2
419419,1,0,2,1
419511,0,1,1,2
419579,0,1,1,2
419580,0,1,1,2
419585,0,1,1,2
419587,4,1,5,2
419614,4,1,5,2
419683,5,1,6,2
419796,0,1,1,2
419798,0,1,1,2
419799,0,1,1,2
419802,0,1,1,2
419944,0,1,1,2
419949,0,1,1,2
419964,1,0,2,1
419978,0,1,1,2
419982,0,1,1,2
420002,1,0,2,1
420005,1,0,2,1
420009,1,0,2,1
420032,0,1,1,2
420034,0,1,1,2
420035,0,1,1,2
420050,0,1,1,2
420052,0,1,1,2
420056,0,1,1,2
420143,0,1,1,2
420144,0,1,1,2
420174,4,1,5,2
420178,4,1,5,2
420330,0,1,1,2
420380,0,1,1,2
420528,0,1,1,2
420537,0,1,1,2
420538,0,1,1,2
420543,0,1,1,2
420549,1,0,2,1
420562,0,1,1,2
420565,0,1,1,2
420567,0,1,1,2
420570,0,1,1,2
420572,0,1,1,2
420576,1,0,2,1
420582,1,0,2,1
420583,1,0,2,1
420584,1,0,2,1
420595,1,0,2,1
420598,1,0,2,1
420613,0,1,1,2
420638,0,1,1,2
420641,0,1,1,2
420660,0,1,1,2
420670,1,0,2,1
420672,1,0,2,1
420673,1,0,2,1
420733,0,1,1,2
420763,4,1,5,2
420809,1,5,2,6
420894,0,1,1,2
420896,0,1,1,2
420913,0,1,1,2
420964,0,1,1,2
420965,0,1,1,2
421113,0,1,1,2
421121,0,1,1,2
421124,0,1,1,2
421155,0,1,1,2
421159,1,0,2,1
421169,1,0,2,1
421174,1,0,2,1
421202,0,1,1,2
421209,0,1,1,2
421210,0,1,1,2
421222,0,1,1,2
421238,0,1,1,2
421243,0,1,1,2
421251,1,0,2,1
421253,1,0,2,1
421254,1,0,2,1
421391,1,5,2,6
421392,1,5,2,6
421393,1,5,2,6
421468,1,4,2,5
421492,0,1,1,2
421500,0,1,1,2
421526,0,1,1,2
421530,0,1,1,2
421693,0,1,1,2
421694,0,1,1,2
421698,0,1,1,2
421701,0,1,1,2
421727,0,1,1,2
421735,1,0,2,1
421743,1,0,2,1
421749,1,0,2,1
421751,1,0,2,1
421752,1,0,2,1
421754,1,0,2,1
421755,1,0,2,1
421758,1,0,2,1
421779,0,1,1,2
421785,0,1,1,2
421789,0,1,1,2
421799,0,1,1,2
422044,0,1,1,2
422064,0,1,1,2
422067,0,1,1,2
422098,0,1,1,2
422116,0,1,1,2
422264,0,1,1,2
422267,0,1,1,2
422269,0,1,1,2
422270,0,1,1,2
422272,0,1,1,2
422273,0,1,1,2
422298,0,1,1,2
422300,0,1,1,2
422319,1,0,2,1
422323,1,0,2,1
422327,1,0,2,1
422331,1,0,2,1
422346,0,1,1,2
422348,0,1,1,2
422384,0,1,1,2
422385,0,1,1,2
422387,0,1,1,2
422393,0,1,1,2
422592,0,1,1,2
422611,0,1,1,2
422631,0,1,1,2
422632,0,1,1,2
422664,0,1,1,2
422667,0,1,1,2
422831,0,1,1,2
422865,0,1,1,2
422888,1,0,2,1
422891,1,0,2,1
422892,1,0,2,1
422913,0,1,1,2
422916,0,1,1,2
422924,0,1,1,2
422934,0,1,1,2
422954,0,1,1,2
422957,1,0,2,1
422958,1,0,2,1
422961,1,0,2,1
423075,1,4,2,5
423087,4,1,5,2
423219,0,1,1,2
423220,0,1,1,2
423221,0,1,1,2
423225,0,1,1,2
423226,0,1,1,2
423242,0,1,1,2
423390,0,1,1,2
423430,1,0,2,1
423450,1,0,2,1
423469,0,1,1,2
423505,0,1,1,2
423508,0,1,1,2
423510,1,0,2,1
423511,1,0,2,1
423514,1,0,2,1
423515,1,0,2,1
423516,1,0,2,1
423636,4,1,5,2
423644,1,5,2,6
423759,0,1,1,2
423762,0,1,1,2
423767,0,1,1,2
423786,0,1,1,2
423938,0,1,1,2
423976,1,0,2,1
423983,1,0,2,1
423987,1,0,2,1
423990,1,0,2,1
423996,1,0,2,1
424012,0,1,1,2
424015,0,1,1,2
424020,0,1,1,2
424167,4,1,5,2
424179,1,4,2,5
424183,4,1,5,2
424197,1,5,2,6
424266,0,1,1,2
424286,0,1,1,2
424309,0,1,1,2
424310,0,1,1,2
424315,0,1,1,2
424316,0,1,1,2
424454,0,6,1,7
424517,0,1,1,2
424525,1,0,2,1
424540,1,0,2,1
424544,1,0,2,1
424562,0,1,1,2
424566,0,1,1,2
424601,0,1,1,2
424609,1,0,2,1
424716,4,1,5,2
424733,4,1,5,2
424735,2,1,3,2
424746,2,5,3,6
424835,0,1,1,2
424836,0,1,1,2
424849,0,1,1,2
424851,0,1,1,2
424861,0,1,1,2
424863,0,1,1,2
424864,0,1,1,2
424866,0,1,1,2
425035,1,0,2,1
425038,0,1,1,2
425039,0,1,1,2
425040,0,1,1,2
425041,0,1,1,2
425047,0,1,1,2
425048,0,1,1,2
425065,0,1,1,2
425072,1,0,2,1
425112,0,1,1,2
425143,0,1,1,2
425145,0,1,1,2
425155,1,0,2,1
425257,4,1,5,2
425352,0,1,1,2
425356,0,1,1,2
425380,0,1,1,2
425397,0,1,1,2
425401,0,1,1,2
425403,0,1,1,2
425404,0,1,1,2
425411,0,1,1,2
425415,0,1,1,2
425429,0,1,1,2
425608,1,0,2,1
425609,1,0,2,1
425646,1,0,2,1
425648,0,1,1,2
425649,0,1,1,2
425686,1,0,2,1
425809,4,1,5,2
425810,4,1,5,2
425893,0,1,1,2
425897,0,1,1,2
425912,0,1,1,2
425914,0,1,1,2
425915,0,1,1,2
425933,0,1,1,2
425938,0,1,1,2
425939,0,1,1,2
425940,0,1,1,2
425947,0,1,1,2
426185,0,1,1,2
426209,0,1,1,2
426334,4,1,5,2
426335,2,1,3,2
426340,2,1,3,2
426341,2,1,3,2
426414,0,1,1,2
426439,0,1,1,2
426459,0,1,1,2
426464,0,1,1,2
426469,0,1,1,2
426470,0,1,1,2
426472,0,1,1,2
426706,0,1,1,2
426729,0,1,1,2
426731,0,1,1,2
426840,4,1,5,2
426841,4,1,5,2
426844,4,1,5,2
426923,0,1,1,2
426926,0,1,1,2
426928,0,1,1,2
426930,0,1,1,2
426931,0,1,1,2
426947,0,1,1,2
426965,0,1,1,2
426966,0,1,1,2
426969,0,1,1,2
426973,0,1,1,2
426979,0,1,1,2
426981,0,1,1,2
426985,0,1,1,2
426986,0,1,1,2
427109,6,0,7,1
427217,0,1,1,2
427241,0,1,1,2
427350,4,1,5,2
427353,4,1,5,2
427428,0,1,1,2
427458,0,1,1,2
427472,0,1,1,2
427481,0,1,1,2
427483,0,1,1,2
427486,0,1,1,2
427487,0,1,1,2
427743,0,1,1,2
427927,0,1,1,2
427932,0,1,1,2
427937,0,1,1,2
427946,1,0,2,1
427954,0,1,1,2
427955,0,1,1,2
427974,0,1,1,2
427978,0,1,1,2
427984,0,1,1,2
428191,1,0,2,1
428223,0,1,1,2
428224,0,1,1,2
428225,0,1,1,2
428248,0,1,1,2
428249,0,1,1,2
428363,2,1,3,2
428364,2,1,3,2
428431,0,1,1,2
428455,0,1,1,2
428457,0,1,1,2
428458,0,1,1,2
428460,0,1,1,2
428463,0,1,1,2
428477,0,1,1,2
428480,0,1,1,2
428599,0,6,1,7
428620,6,0,7,1
428671,0,1,1,2
428688,1,0,2,1
428689,1,0,2,1
428692,1,0,2,1
428696,1,0,2,1
428846,4,1,5,2
428861,2,1,3,2
428916,1,4,2,5
428920,1,0,2,1
428930,0,1,1,2
428944,1,0,2,1
428945,1,0,2,1
428968,0,1,1,2
428980,0,1,1,2
428981,0,1,1,2
429099,0,6,1,7
429174,0,1,1,2
429175,0,1,1,2
429181,0,1,1,2
429182,0,1,1,2
429244,0,1,1,2
429404,1,4,2,5
429408,1,4,2,5
429412,1,4,2,5
429431,0,1,1,2
429448,0,1,1,2
429460,0,1,1,2
429461,0,1,1,2
429475,0,1,1,2
429667,0,1,1,2
429668,0,1,1,2
429670,0,1,1,2
429673,0,1,1,2
429729,0,1,1,2
429731,0,1,1,2
429803,1,4,2,5
429884,1,4,2,5
429885,1,4,2,5
429886,1,4,2,5
429893,1,0,2,1
429903,0,1,1,2
429908,0,1,1,2
429916,0,1,1,2
429924,1,0,2,1
429929,0,1,1,2
429936,0,1,1,2
429943,0,1,1,2
429952,0,1,1,2
430151,0,1,1,2
430163,0,1,1,2
430201,0,1,1,2
430204,0,1,1,2
430345,1,4,2,5
430365,0,1,1,2
430375,0,1,1,2
430379,0,1,1,2
430399,0,1,1,2
430401,0,1,1,2
430406,0,1,1,2
430417,0,1,1,2
430418,0,1,1,2
430620,1,0,2,1
430649,1,0,2,1
430713,1,4,2,5
430822,0,1,1,2
430824,0,1,1,2
430831,0,1,1,2
430848,0,1,1,2
430850,0,1,1,2
430851,0,1,1,2
430853,0,1,1,2
430854,0,1,1,2
430864,0,1,1,2
430988,0,6,1,7
431092,1,0,2,1
431094,1,0,2,1
431096,1,0,2,1
431257,0,1,1,2
431271,0,1,1,2
431282,0,1,1,2
431283,0,1,1,2
431284,0,1,1,2
431297,0,1,1,2
431298,0,1,1,2
431305,0,1,1,2
431307,0,1,1,2
431417,0,6,1,7
431531,0,1,1,2
431532,0,1,1,2
431641,1,0,2,1
431676,0,1,1,2
431678,0,1,1,2
431682,0,1,1,2
431685,0,1,1,2
431688,0,1,1,2
431699,0,1,1,2
431700,0,1,1,2
431702,0,1,1,2
431703,0,1,1,2
431704,0,1,1,2
431715,0,1,1,2
431727,0,1,1,2
431877,0,1,1,2
431938,1,0,2,1
431973,1,4,2,5
432081,0,1,1,2
432088,0,1,1,2
432090,0,1,1,2
432101,0,1,1,2
432106,0,1,1,2
432279,0,1,1,2
432337,0,1,1,2
432338,0,1,1,2
432454,0,1,1,2
432456,0,1,1,2
432461,0,1,1,2
432462,0,1,1,2
432473,0,1,1,2
432485,0,1,1,2
432486,0,1,1,2
432488,0,1,1,2
432723,1,0,2,1
432726,0,1,1,2
432727,0,1,1,2
432839,0,1,1,2
432840,0,1,1,2
432843,0,1,1,2
432853,0,1,1,2
432861,0,1,1,2
432865,0,1,1,2
432870,0,1,1,2
432871,0,1,1,2
432880,1,0,2,1
432894,0,1,1,2
432907,1,0,2,1
433097,0,1,1,2
433189,1,0,2,1
433209,0,1,1,2
433212,0,1,1,2
433218,0,1,1,2
433232,0,1,1,2
433239,0,1,1,2
433244,0,1,1,2
433247,0,1,1,2
433255,1,0,2,1
433417,0,1,1,2
433440,0,1,1,2
433464,0,1,1,2
433466,0,1,1,2
433549,1,0,2,1
433552,1,0,2,1
433553,1,0,2,1
433554,1,0,2,1
433577,0,1,1,2
433596,0,1,1,2
433599,0,1,1,2
433602,0,1,1,2
433603,0,1,1,2
433605,0,1,1,2
433606,0,1,1,2
433609,0,1,1,2
433612,0,1,1,2
433621,1,0,2,1
433622,1,0,2,1
433635,0,1,1,2
433636,0,1,1,2
433641,0,1,1,2
433642,0,1,1,2
433645,1,0,2,1
433650,1,0,2,1
433779,0,1,1,2
433828,0,1,1,2
433911,1,0,2,1
433917,1,0,2,1
433941,0,1,1,2
433949,0,1,1,2
433956,0,1,1,2
433958,0,1,1,2
433962,0,1,1,2
433987,1,0,2,1
434015,1,0,2,1
434018,1,0,2,1
434143,0,1,1,2
434168,0,1,1,2
434274,1,0,2,1
434275,1,0,2,1
434278,1,0,2,1
434298,0,1,1,2
434309,0,1,1,2
434314,0,1,1,2
434332,0,1,1,2
434333,0,1,1,2
434334,0,1,1,2
434371,1,0,2,1
434386,1,0,2,1
434387,1,0,2,1
434532,0,1,1,2
434534,0,1,1,2
434627,1,0,2,1
434629,1,0,2,1
434660,0,1,1,2
434661,0,1,1,2
434664,0,1,1,2
434669,0,1,1,2
434674,0,1,1,2
434676,0,1,1,2
434677,0,1,1,2
434680,0,1,1,2
434706,1,0,2,1
434723,1,0,2,1
434741,1,0,2,1
434794,0,6,1,7
434982,1,0,2,1
434989,1,0,2,1
434990,1,0,2,1
435016,0,1,1,2
435019,0,1,1,2
435032,0,1,1,2
435033,0,1,1,2
435062,1,0,2,1
435079,1,0,2,1
435095,1,0,2,1
435096,1,0,2,1
435346,1,0,2,1
435563,1,0,2,1
435564,1,0,2,1
435610,0,1,1,2
435726,0,1,1,2
435807,1,0,2,1
436053,1,0,2,1
436056,1,0,2,1
436086,0,1,1,2
436091,0,1,1,2
436162,1,0,2,1
436163,1,0,2,1
436327,0,1,1,2
436328,0,1,1,2
436333,1,0,2,1
436410,1,0,2,1
436441,0,1,1,2
436480,0,1,1,2
436513,1,0,2,1
436587,0,6,1,7
436642,1,0,2,1
436684,0,1,1,2
436761,1,0,2,1
436863,1,0,2,1
437024,0,1,1,2
437026,0,1,1,2
437125,0,4,1,5
437127,0,1,1,2
437192,1,0,2,1
437278,0,6,1,7
437422,0,1,1,2
437423,0,1,1,2
437466,0,1,1,2
437470,0,1,1,2
437531,1,0,2,1
437532,1,0,2,1
437542,1,0,2,1
437612,0,6,1,7
437613,0,6,1,7
437654,1,0,2,1
437703,0,1,1,2
437802,0,1,1,2
437813,0,1,1,2
437835,0,1,1,2
437866,1,0,2,1
437867,1,0,2,1
437949,0,6,1,7
437983,1,0,2,1
438033,0,1,1,2
438036,0,1,1,2
438130,0,4,1,5
438136,0,1,1,2
438137,0,1,1,2
438141,0,1,1,2
438147,0,1,1,2
438169,0,1,1,2
438197,1,0,2,1
438204,1,0,2,1
438212,0,1,1,2
438310,1,0,2,1
438312,1,0,2,1
438361,0,1,1,2
438422,0,1,1,2
438461,0,1,1,2
438484,0,1,1,2
438499,0,1,1,2
438500,0,1,1,2
438679,0,1,1,2
438680,0,1,1,2
438683,0,1,1,2
438724,1,0,2,1
438725,1,0,2,1
438727,1,0,2,1
438730,1,0,2,1
438754,1,0,2,1
438795,0,1,1,2
438798,0,1,1,2
438817,0,1,1,2
438818,0,1,1,2
438819,0,1,1,2
438849,1,0,2,1
438945,1,0,2,1
438948,1,0,2,1
438996,0,1,1,2
439065,1,0,2,1
439096,0,1,1,2
439097,0,1,1,2
439098,0,1,1,2
439112,0,1,1,2
439113,0,1,1,2
439135,0,1,1,2
439137,0,1,1,2
439260,1,0,2,1
439371,0,1,1,2
439377,1,0,2,1
439410,0,1,1,2
439413,0,1,1,2
439424,0,1,1,2
439425,0,1,1,2
439427,0,1,1,2
439562,0,1,1,2
439571,1,0,2,1
439719,1,0,2,1
439722,0,1,1,2
439723,0,1,1,2
439726,0,1,1,2
439730,0,1,1,2
439828,1,0,2,1
439873,0,1,1,2
439992,0,1,1,2
440041,0,1,1,2
440043,0,1,1,2
440050,0,1,1,2
440052,0,1,1,2
440137,1,0,2,1
440188,1,0,2,1
440196,0,1,1,2
440298,0,1,1,2
440322,0,1,1,2
440337,1,0,2,1
440348,0,1,1,2
440350,0,1,1,2
440378,1,0,2,1
440379,1,0,2,1
440418,1,0,2,1
440537,0,1,1,2
440629,0,1,1,2
440652,0,1,1,2
440659,0,1,1,2
440748,1,0,2,1
440839,0,1,1,2
440914,0,1,1,2
440918,0,1,1,2
440921,0,1,1,2
440983,1,0,2,1
440984,1,0,2,1
440986,1,0,2,1
440988,1,0,2,1
440989,1,0,2,1
441042,1,0,2,1
441046,1,0,2,1
441051,1,0,2,1
441052,1,0,2,1
441053,1,0,2,1
441054,1,0,2,1
441089,0,1,1,2
441221,0,1,1,2
441225,0,1,1,2
441236,0,1,1,2
441239,0,1,1,2
441262,0,1,1,2
441264,0,1,1,2
441271,0,1,1,2
441295,1,0,2,1
441361,1,0,2,1
441524,0,1,1,2
441528,0,1,1,2
441537,0,1,1,2
441538,0,1,1,2
441541,0,1,1,2
441542,0,1,1,2
441545,0,1,1,2
441547,0,1,1,2
441595,1,0,2,1
441600,1,0,2,1
441601,1,0,2,1
441607,0,1,1,2
441609,0,1,1,2
441669,1,0,2,1
441671,1,0,2,1
441672,1,0,2,1
441673,1,0,2,1
441674,1,0,2,1
441835,0,1,1,2
441838,0,1,1,2
441855,0,1,1,2
441856,0,1,1,2
441878,1,0,2,1
441889,0,1,1,2
441912,1,0,2,1
441913,1,0,2,1
441922,0,1,1,2
442114,0,1,1,2
442185,0,1,1,2
442193,0,1,1,2
442194,0,1,1,2
442196,0,1,1,2
442197,0,1,1,2
442202,0,1,1,2
442203,0,1,1,2
442227,0,1,1,2
442228,0,1,1,2
442229,0,1,1,2
442231,0,1,1,2
442249,1,0,2,1
442316,1,0,2,1
442334,1,0,2,1
442520,0,1,1,2
442521,0,1,1,2
442528,0,1,1,2
442531,0,1,1,2
442534,0,1,1,2
442535,0,1,1,2
442536,0,1,1,2
442544,0,1,1,2
442552,0,1,1,2
442575,0,1,1,2
442679,1,0,2,1
442860,0,1,1,2
442863,0,1,1,2
442875,0,1,1,2
442881,0,1,1,2
442889,0,1,1,2
442893,0,1,1,2
442894,0,1,1,2
442895,0,1,1,2
442897,0,1,1,2
443020,1,0,2,1
443022,1,0,2,1
443026,1,0,2,1
443045,0,6,1,7
443225,0,1,1,2
443244,0,1,1,2
443246,0,1,1,2
443249,0,1,1,2
443251,0,1,1,2
443302,1,0,2,1
443310,1,0,2,1
443311,1,0,2,1
443375,1,0,2,1
443379,1,0,2,1
443400,0,6,1,7
443404,0,6,1,7
443406,0,6,1,7
443507,0,1,1,2
443587,0,1,1,2
443591,0,1,1,2
443613,0,1,1,2
443620,0,1,1,2
443622,0,1,1,2
443623,0,1,1,2
443624,0,1,1,2
443682,1,0,2,1
443750,1,0,2,1
443753,1,0,2,1
443779,0,6,1,7
443945,0,1,1,2
443987,0,1,1,2
443993,0,1,1,2
443996,0,1,1,2
444006,0,1,1,2
444133,1,0,2,1
444138,1,0,2,1
444159,0,6,1,7
444160,0,6,1,7
444169,0,6,1,7
444170,0,6,1,7
444172,0,6,1,7
444363,0,1,1,2
444379,0,1,1,2
444382,0,1,1,2
444385,0,1,1,2
444386,0,1,1,2
444388,0,1,1,2
444399,0,1,1,2
444400,0,1,1,2
444457,1,0,2,1
444473,1,0,2,1
444522,0,1,1,2
444568,0,6,1,7
444732,0,1,1,2
444791,0,1,1,2
444805,0,1,1,2
444891,0,1,1,2
444957,0,6,1,7
444961,0,6,1,7
445067,1,0,2,1
445124,0,1,1,2
445125,0,1,1,2
445129,0,1,1,2
445171,0,1,1,2
445186,0,1,1,2
445189,0,1,1,2
445201,0,1,1,2
445222,1,0,2,1
445303,1,0,2,1
445473,1,0,2,1
445493,1,0,2,1
445521,0,1,1,2
445534,0,1,1,2
445593,0,1,1,2
445596,0,1,1,2
445611,0,1,1,2
445615,0,1,1,2
445705,1,0,2,1
445707,1,0,2,1
445709,1,0,2,1
445714,1,0,2,1
445723,1,0,2,1
445765,0,6,1,7
445767,0,6,1,7
445897,1,0,2,1
445898,1,0,2,1
445904,1,0,2,1
445953,0,1,1,2
445956,0,1,1,2
445993,0,1,1,2
445997,0,1,1,2
445998,0,1,1,2
446007,0,1,1,2
446037,0,1,1,2
446040,0,1,1,2
446043,0,1,1,2
446133,1,0,2,1
446134,1,0,2,1
446147,1,0,2,1
446199,0,6,1,7
446329,1,0,2,1
446390,0,1,1,2
446392,0,1,1,2
446437,0,1,1,2
446440,0,1,1,2
446477,1,0,2,1
446628,0,6,1,7
446629,0,6,1,7
446655,6,0,7,1
446768,1,0,2,1
446769,1,0,2,1
446787,0,1,1,2
446794,6,0,7,1
446801,6,0,7,1
446833,0,1,1,2
446868,0,1,1,2
446869,0,1,1,2
446873,0,1,1,2
446892,1,0,2,1
446902,0,1,1,2
446906,1,0,2,1
446916,0,1,1,2
446918,0,1,1,2
446926,1,0,2,1
446929,1,0,2,1
447213,1,0,2,1
447214,1,0,2,1
447219,1,0,2,1
447221,1,0,2,1
447222,1,0,2,1
447251,6,0,7,1
447288,0,1,1,2
447330,0,1,1,2
447347,0,1,1,2
447359,0,1,1,2
447372,0,1,1,2
447379,0,1,1,2
447455,0,1,1,2
447495,1,0,2,1
447675,1,0,2,1
447684,0,1,1,2
447692,0,1,1,2
447698,0,1,1,2
447710,6,0,7,1
447792,0,1,1,2
447796,0,1,1,2
447814,0,1,1,2
447841,0,1,1,2
447845,0,1,1,2
447959,1,0,2,1
448078,1,0,2,1
448139,1,0,2,1
448147,0,1,1,2
448149,0,1,1,2
448154,0,1,1,2
448155,0,1,1,2
448156,0,1,1,2
448158,0,1,1,2
448263,0,1,1,2
448264,0,1,1,2
448285,0,1,1,2
448287,0,1,1,2
448312,0,1,1,2
448322,1,0,2,1
448342,1,0,2,1
448629,0,1,1,2
448630,0,1,1,2
448635,0,1,1,2
448636,0,1,1,2
448638,0,1,1,2
448640,0,1,1,2
448767,0,1,1,2
448769,0,1,1,2
448770,0,1,1,2
448801,1,0,2,1
448803,1,0,2,1
448911,1,0,2,1
449041,1,0,2,1
449042,1,0,2,1
449117,0,1,1,2
449118,0,1,1,2
449119,0,1,1,2
449120,0,1,1,2
449186,0,1,1,2
449256,0,1,1,2
449289,1,0,2,1
449291,1,0,2,1
449360,0,1,1,2
449475,0,6,1,7
449526,1,0,2,1
449527,1,0,2,1
449607,0,1,1,2
449614,0,1,1,2
449667,0,1,1,2
449735,0,1,1,2
449737,0,1,1,2
449765,0,1,1,2
449771,1,0,2,1
449772,1,0,2,1
449773,1,0,2,1
449775,1,0,2,1
449800,1,0,2,1
450011,1,0,2,1
450014,1,0,2,1
450087,0,1,1,2
450093,0,1,1,2
450103,0,1,1,2
450116,6,0,7,1
450155,0,1,1,2
450156,0,1,1,2
450207,0,1,1,2
450220,0,1,1,2
450221,0,1,1,2
450222,0,1,1,2
450358,1,0,2,1
450419,6,0,7,1
450422,6,0,7,1
450451,6,0,7,1
450454,6,0,7,1
450505,1,0,2,1
450582,0,1,1,2
450584,0,1,1,2
450700,0,1,1,2
450710,0,1,1,2
450714,0,1,1,2
450720,0,1,1,2
450751,1,0,2,1
450914,6,0,7,1
450944,6,0,7,1
450945,6,0,7,1
451224,1,0,2,1
451228,0,1,1,2
451236,1,0,2,1
451238,1,0,2,1
451315,0,1,1,2
451316,0,1,1,2
451317,0,1,1,2
451431,6,0,7,1
451482,1,0,2,1
451484,1,0,2,1
451567,0,1,1,2
451569,0,1,1,2
451683,0,1,1,2
451718,0,1,1,2
451729,1,0,2,1
451765,1,0,2,1
451808,0,1,1,2
451895,6,0,7,1
451920,6,0,7,1
451921,6,0,7,1
451975,1,0,2,1
451976,1,0,2,1
452205,1,0,2,1
452207,1,0,2,1
452213,0,1,1,2
452394,6,0,7,1
452471,1,0,2,1
452475,1,0,2,1
452715,0,1,1,2
452801,0,1,1,2
452802,0,1,1,2
452852,0,1,1,2
452853,0,1,1,2
452978,1,0,2,1
452982,1,0,2,1
453217,1,0,2,1
453220,1,0,2,1
453222,1,0,2,1
453240,1,0,2,1
453251,1,0,2,1
453276,0,1,1,2
453314,0,1,1,2
453485,1,0,2,1
453486,1,0,2,1
453489,1,0,2,1
453719,1,0,2,1
453735,1,0,2,1
453857,1,0,2,1
453936,0,6,1,7
453937,0,6,1,7
453998,1,0,2,1
454003,1,0,2,1
454017,6,0,7,1
454238,1,0,2,1
454255,1,0,2,1
454271,1,0,2,1
454344,0,1,1,2
454345,0,1,1,2
454722,0,1,1,2
454764,1,0,2,1
454844,0,1,1,2
454845,0,1,1,2
454847,0,1,1,2
454860,0,1,1,2
454891,0,1,1,2
454965,0,6,1,7
455023,1,0,2,1
455032,1,6,2,7
455044,0,6,1,7
455260,1,0,2,1
455262,1,0,2,1
455271,0,1,1,2
455395,1,0,2,1
455411,0,1,1,2
455477,0,6,1,7
455769,1,0,2,1
455772,1,0,2,1
455773,1,0,2,1
455778,1,0,2,1
455883,0,1,1,2
455884,0,1,1,2
455885,0,1,1,2
455895,0,1,1,2
455907,1,0,2,1
455920,0,1,1,2
455921,0,1,1,2
455990,0,6,1,7
456048,1,0,2,1
456054,1,6,2,7
456059,1,0,2,1
456087,6,0,7,1
456282,1,0,2,1
456284,1,0,2,1
456287,1,0,2,1
456301,1,0,2,1
456380,0,1,1,2
456448,0,1,1,2
456501,0,6,1,7
456550,6,0,7,1
456551,6,0,7,1
456552,6,0,7,1
456557,6,0,7,1
456562,1,6,2,7
456571,1,0,2,1
456800,1,0,2,1
456803,1,0,2,1
456909,0,1,1,2
456920,0,1,1,2
456991,0,6,1,7
457062,6,0,7,1
457085,1,6,2,7
457087,1,6,2,7
457089,1,0,2,1
457091,0,6,1,7
457112,6,0,7,1
457318,1,0,2,1
457379,0,1,1,2
457407,0,1,1,2
457419,0,1,1,2
457429,0,1,1,2
457458,1,0,2,1
457594,1,6,2,7
457597,1,0,2,1
457599,0,6,1,7
457600,0,6,1,7
457692,0,1,1,2
457831,1,0,2,1
457848,1,0,2,1
457849,1,0,2,1
457895,0,1,1,2
457934,0,1,1,2
457942,0,1,1,2
457969,1,0,2,1
457971,1,0,2,1
458007,6,0,7,1
458081,6,0,7,1
458203,0,1,1,2
458345,1,0,2,1
458361,1,0,2,1
458481,1,0,2,1
458503,0,1,1,2
458518,6,0,7,1
458520,6,0,7,1
458718,0,1,1,2
458748,6,0,7,1
458865,1,0,2,1
458880,1,0,2,1
458931,0,1,1,2
458957,0,1,1,2
458999,1,0,2,1
459035,6,0,7,1
459038,6,0,7,1
459044,6,0,7,1
459077,0,6,1,7
459231,0,1,1,2
459233,0,1,1,2
459369,1,0,2,1
459377,0,1,1,2
459390,1,0,2,1
459391,1,0,2,1
459441,0,1,1,2
459442,0,1,1,2
459464,0,1,1,2
459465,0,1,1,2
459466,0,1,1,2
459467,0,1,1,2
459471,0,1,1,2
459474,0,1,1,2
459481,0,1,1,2
459505,1,0,2,1
459742,0,1,1,2
459880,1,0,2,1
459898,1,0,2,1
459945,0,1,1,2
459966,0,1,1,2
459972,0,1,1,2
459975,0,1,1,2
459979,0,1,1,2
460005,1,0,2,1
460007,1,0,2,1
460038,0,1,1,2
460058,6,0,7,1
460239,0,1,1,2
460371,1,0,2,1
460381,0,1,1,2
460442,0,1,1,2
460447,0,1,1,2
460480,0,1,1,2
460500,1,0,2,1
460508,1,0,2,1
460548,6,0,7,1
460554,6,0,7,1
460595,6,0,7,1
460599,6,0,7,1
460732,0,1,1,2
460966,0,1,1,2
460967,0,1,1,2
460990,0,1,1,2
460991,0,1,1,2
461028,1,0,2,1
461073,6,0,7,1
461077,6,0,7,1
461078,6,0,7,1
461258,0,1,1,2
461470,0,1,1,2
461472,0,1,1,2
461485,0,1,1,2
461513,1,0,2,1
461563,1,0,2,1
461755,0,1,1,2
462003,1,0,2,1
462087,6,0,7,1
462088,6,0,7,1
462093,0,6,1,7
462132,0,6,1,7
462166,0,6,1,7
462381,0,1,1,2
462390,1,0,2,1
462439,0,1,1,2
462442,0,1,1,2
462444,0,1,1,2
462466,0,1,1,2
462489,1,0,2,1
462495,1,0,2,1
462535,0,1,1,2
462553,1,0,2,1
462582,6,0,7,1
462583,6,0,7,1
462584,6,0,7,1
462836,1,0,2,1
462928,0,1,1,2
462934,0,1,1,2
462951,0,1,1,2
462957,0,1,1,2
463035,1,0,2,1
463036,1,0,2,1
463062,6,0,7,1
463066,6,0,7,1
463144,0,6,1,7
463330,1,0,2,1
463336,1,0,2,1
463373,1,0,2,1
463423,0,1,1,2
463425,0,1,1,2
463427,0,1,1,2
463442,0,1,1,2
463444,0,1,1,2
463446,0,1,1,2
463466,1,0,2,1
463468,1,0,2,1
463475,1,0,2,1
463476,1,0,2,1
463530,1,0,2,1
463531,1,0,2,1
463532,1,0,2,1
463533,1,0,2,1
463536,1,0,2,1
463575,0,6,1,7
463604,6,0,7,1
463820,1,0,2,1
463822,1,0,2,1
463823,1,0,2,1
463824,1,0,2,1
463832,1,0,2,1
463863,0,1,1,2
463934,0,1,1,2
463935,0,1,1,2
463936,0,1,1,2
463937,0,1,1,2
463938,0,1,1,2
463959,1,0,2,1
464026,1,0,2,1
464270,0,1,1,2
464314,1,0,2,1
464318,1,0,2,1
464319,1,0,2,1
464321,1,0,2,1
464322,1,0,2,1
464417,0,1,1,2
464518,1,0,2,1
464519,1,0,2,1
464525,1,0,2,1
464551,0,6,1,7
464576,0,6,1,7
464730,6,0,7,1
464810,1,0,2,1
464812,1,0,2,1
464819,1,0,2,1
464827,1,0,2,1
464831,1,0,2,1
464915,0,1,1,2
464919,0,1,1,2
464935,0,1,1,2
464937,0,1,1,2
465025,1,0,2,1
465081,0,6,1,7
465229,6,0,7,1
465230,6,0,7,1
465319,1,0,2,1
465320,1,0,2,1
465321,1,0,2,1
465323,1,0,2,1
465324,1,0,2,1
465327,1,0,2,1
465329,1,0,2,1
465330,1,0,2,1
465331,1,0,2,1
465334,1,0,2,1
465415,0,1,1,2
465416,0,1,1,2
465417,0,1,1,2
465422,0,1,1,2
465423,0,1,1,2
465466,1,0,2,1
465467,1,0,2,1
465479,0,1,1,2
465522,1,0,2,1
465523,1,0,2,1
465525,1,0,2,1
465527,1,0,2,1
465554,0,6,1,7
465586,0,6,1,7
465727,6,0,7,1
465809,1,0,2,1
465813,1,0,2,1
465815,1,0,2,1
465818,1,0,2,1
465819,1,0,2,1
465820,1,0,2,1
465823,1,0,2,1
465831,1,0,2,1
465911,0,1,1,2
465929,0,1,1,2
465962,1,0,2,1
465972,0,1,1,2
466021,1,0,2,1
466022,1,0,2,1
466040,6,0,7,1
466042,6,0,7,1
466085,0,6,1,7
466087,0,6,1,7
466302,1,0,2,1
466306,1,0,2,1
466312,1,0,2,1
466314,1,0,2,1
466321,1,0,2,1
466348,0,1,1,2
466354,1,0,2,1
466406,0,1,1,2
466408,0,1,1,2
466410,0,1,1,2
466414,0,1,1,2
466422,0,1,1,2
466455,1,0,2,1
466456,1,0,2,1
466461,0,1,1,2
466464,0,1,1,2
466465,0,1,1,2
466467,0,1,1,2
466509,1,0,2,1
466511,1,0,2,1
466512,1,0,2,1
466515,1,0,2,1
466517,1,0,2,1
466519,1,0,2,1
466537,6,0,7,1
466582,0,6,1,7
466713,6,0,7,1
466715,6,0,7,1
466781,1,0,2,1
466782,1,0,2,1
466786,1,0,2,1
466793,1,0,2,1
466796,1,0,2,1
466800,1,0,2,1
466801,1,0,2,1
466803,1,0,2,1
466809,1,0,2,1
466810,1,0,2,1
466832,0,1,1,2
466835,0,1,1,2
466880,0,1,1,2
466894,0,1,1,2
466895,0,1,1,2
466917,1,0,2,1
466956,0,1,1,2
466958,0,1,1,2
466959,0,1,1,2
466993,1,0,2,1
466997,1,0,2,1
466998,1,0,2,1
467003,1,0,2,1
467199,6,0,7,1
467200,6,0,7,1
467257,1,0,2,1
467261,1,0,2,1
467265,1,0,2,1
467269,1,0,2,1
467270,1,0,2,1
467280,1,0,2,1
467288,1,0,2,1
467310,0,1,1,2
467312,0,1,1,2
467317,1,0,2,1
467358,0,1,1,2
467361,0,1,1,2
467418,1,0,2,1
467419,1,0,2,1
467437,0,1,1,2
467473,1,0,2,1
467474,1,0,2,1
467475,1,0,2,1
467479,1,0,2,1
467679,6,0,7,1
467681,6,0,7,1
467736,1,0,2,1
467745,1,0,2,1
467750,1,0,2,1
467751,1,0,2,1
467764,1,0,2,1
467767,1,0,2,1
467768,1,0,2,1
467774,1,0,2,1
467799,1,0,2,1
467858,0,1,1,2
467915,0,1,1,2
467958,1,0,2,1
467960,1,0,2,1
467962,1,0,2,1
467986,0,6,1,7
468031,6,0,7,1
468076,6,0,7,1
468120,6,0,7,1
468220,1,0,2,1
468244,1,0,2,1
468250,1,0,2,1
468252,1,0,2,1
468253,1,0,2,1
468329,0,1,1,2
468331,0,1,1,2
468333,0,1,1,2
468344,0,1,1,2
468446,1,0,2,1
468457,1,0,2,1
468478,6,0,7,1
468601,6,0,7,1
468692,1,0,2,1
468695,1,0,2,1
468698,1,0,2,1
468700,1,0,2,1
468709,1,0,2,1
468730,1,0,2,1
468731,1,0,2,1
468732,1,0,2,1
468734,1,0,2,1
468736,1,0,2,1
468810,0,1,1,2
468935,1,0,2,1
468951,6,0,7,1
468953,6,0,7,1
469061,6,0,7,1
469078,6,0,7,1
469154,1,0,2,1
469159,1,0,2,1
469166,1,0,2,1
469175,1,0,2,1
469176,1,0,2,1
469178,1,0,2,1
469181,1,0,2,1
469190,1,0,2,1
469195,1,0,2,1
469197,1,0,2,1
469202,1,0,2,1
469218,0,1,1,2
469270,1,0,2,1
469278,0,1,1,2
469401,1,0,2,1
469418,6,0,7,1
469479,6,0,7,1
469510,0,6,1,7
469625,1,0,2,1
469626,1,0,2,1
469627,1,0,2,1
469636,1,0,2,1
469638,1,0,2,1
469641,1,0,2,1
469644,1,0,2,1
469658,1,0,2,1
469662,1,0,2,1
469665,1,0,2,1
469669,1,0,2,1
469670,1,0,2,1
469671,1,0,2,1
469683,0,1,1,2
469734,1,0,2,1
469738,0,1,1,2
469739,0,1,1,2
469742,0,1,1,2
469761,0,1,1,2
469877,1,0,2,1
469878,1,0,2,1
469949,6,0,7,1
469972,0,6,1,7
469974,0,6,1,7
470005,6,0,7,1
470006,6,0,7,1
470076,1,0,2,1
470079,1,0,2,1
470084,1,0,2,1
470114,1,0,2,1
470115,1,0,2,1
470121,1,0,2,1
470122,1,0,2,1
470124,1,0,2,1
470125,1,0,2,1
470142,0,1,1,2
470144,0,1,1,2
470198,0,1,1,2
470202,0,1,1,2
470216,0,1,1,2
470218,0,1,1,2
470306,1,0,2,1
470310,1,0,2,1
470322,1,0,2,1
470408,6,0,7,1
470457,6,0,7,1
470524,1,0,2,1
470527,1,0,2,1
470528,1,0,2,1
470536,1,0,2,1
470537,1,0,2,1
470552,1,0,2,1
470571,1,0,2,1
470574,1,0,2,1
470575,1,0,2,1
470590,1,0,2,1
470628,0,1,1,2
470629,0,1,1,2
470631,0,1,1,2
470639,0,1,1,2
470652,0,1,1,2
470653,0,1,1,2
470656,0,1,1,2
470657,0,1,1,2
470658,0,1,1,2
470720,0,1,1,2
470743,1,0,2,1
470744,1,0,2,1
470759,1,0,2,1
470760,1,0,2,1
470912,1,0,2,1
470913,1,0,2,1
470915,1,0,2,1
470950,1,0,2,1
470953,1,0,2,1
470965,1,0,2,1
470976,1,0,2,1
470978,1,0,2,1
470984,1,0,2,1
471005,1,0,2,1
471010,1,0,2,1
471055,0,1,1,2
471059,0,1,1,2
471082,0,1,1,2
471167,1,0,2,1
471169,1,0,2,1
471171,1,0,2,1
471172,1,0,2,1
471176,1,0,2,1
471188,1,0,2,1
471201,1,0,2,1
471310,6,0,7,1
471378,1,0,2,1
471379,1,0,2,1
471388,1,0,2,1
471425,1,0,2,1
471430,1,0,2,1
471442,1,0,2,1
471443,1,0,2,1
471474,0,1,1,2
471475,0,1,1,2
471477,0,1,1,2
471492,0,1,1,2
471493,0,1,1,2
471509,0,1,1,2
471510,0,1,1,2
471556,0,1,1,2
471562,0,1,1,2
471573,0,1,1,2
471595,1,0,2,1
471596,1,0,2,1
471598,1,0,2,1
471599,1,0,2,1
471696,6,0,7,1
471749,1,0,2,1
471750,1,0,2,1
471754,1,0,2,1
471755,1,0,2,1
471787,1,0,2,1
471788,1,0,2,1
471790,1,0,2,1
471792,1,0,2,1
471794,1,0,2,1
471795,1,0,2,1
471806,1,0,2,1
471817,1,0,2,1
471858,1,0,2,1
471864,1,0,2,1
471897,0,1,1,2
471911,0,1,1,2
471921,0,1,1,2
471927,0,1,1,2
471975,0,1,1,2
471978,0,1,1,2
471987,0,1,1,2
471988,0,1,1,2
471989,0,1,1,2
471990,0,1,1,2
472015,1,0,2,1
472017,1,0,2,1
472049,1,0,2,1
472050,1,0,2,1
472129,6,0,7,1
472167,1,0,2,1
472198,1,0,2,1
472207,1,0,2,1
472208,1,0,2,1
472213,1,0,2,1
472215,1,0,2,1
472217,1,0,2,1
472219,1,0,2,1
472220,1,0,2,1
472222,1,0,2,1
472233,1,0,2,1
472264,1,0,2,1
472278,1,0,2,1
472279,1,0,2,1
472282,1,0,2,1
472308,0,1,1,2
472320,0,1,1,2
472328,0,1,1,2
472338,0,1,1,2
472407,0,1,1,2
472427,1,0,2,1
472428,1,0,2,1
472430,1,0,2,1
472431,1,0,2,1
472434,1,0,2,1
472435,1,0,2,1
472440,1,0,2,1
472529,6,0,7,1
472574,1,0,2,1
472586,1,0,2,1
472605,1,0,2,1
472610,1,0,2,1
472614,1,0,2,1
472622,1,0,2,1
472624,1,0,2,1
472628,1,0,2,1
472642,1,0,2,1
472665,1,0,2,1
472669,1,0,2,1
472671,1,0,2,1
472675,1,0,2,1
472685,1,0,2,1
472689,1,0,2,1
472727,0,1,1,2
472729,0,1,1,2
472733,0,1,1,2
472736,0,1,1,2
472737,0,1,1,2
472829,1,0,2,1
472830,1,0,2,1
472843,1,0,2,1
472868,1,0,2,1
472877,1,0,2,1
472940,6,0,7,1
472951,6,0,7,1
472952,6,0,7,1
472954,6,0,7,1
472971,0,6,1,7
472986,1,0,2,1
472987,1,0,2,1
472994,1,0,2,1
473005,1,0,2,1
473007,1,0,2,1
473008,1,0,2,1
473014,1,0,2,1
473017,1,0,2,1
473023,1,0,2,1
473025,1,0,2,1
473030,1,0,2,1
473036,1,0,2,1
473042,1,0,2,1
473056,1,0,2,1
473057,1,0,2,1
473079,1,0,2,1
473081,1,0,2,1
473101,1,0,2,1
473103,1,0,2,1
473141,0,1,1,2
473146,0,1,1,2
473148,0,1,1,2
473169,0,1,1,2
473225,0,1,1,2
473226,0,1,1,2
473227,0,1,1,2
473243,1,0,2,1
473245,1,0,2,1
473246,1,0,2,1
473250,1,0,2,1
473251,1,0,2,1
473252,1,0,2,1
473279,1,0,2,1
473287,1,0,2,1
473363,6,0,7,1
473369,6,0,7,1
473370,6,0,7,1
473371,6,0,7,1
473386,0,6,1,7
473393,1,0,2,1
473398,1,0,2,1
473399,1,0,2,1
473401,1,0,2,1
473406,1,0,2,1
473422,1,0,2,1
473423,1,0,2,1
473425,1,0,2,1
473426,1,0,2,1
473431,1,0,2,1
473436,1,0,2,1
473440,1,0,2,1
473443,1,0,2,1
473448,1,0,2,1
473487,1,0,2,1
473491,1,0,2,1
473508,1,0,2,1
473546,0,1,1,2
473567,0,1,1,2
473612,1,0,2,1
473642,1,0,2,1
473644,1,0,2,1
473646,1,0,2,1
473649,1,0,2,1
473656,1,0,2,1
473657,1,0,2,1
473658,1,0,2,1
473677,1,0,2,1
473678,1,0,2,1
473709,6,0,7,1
473764,6,0,7,1
473779,0,6,1,7
473787,1,0,2,1
473789,1,0,2,1
473793,1,0,2,1
473794,1,0,2,1
473803,1,0,2,1
473813,1,0,2,1
473821,1,0,2,1
473823,1,0,2,1
473829,1,0,2,1
473831,1,0,2,1
473876,1,0,2,1
473885,1,0,2,1
473898,1,0,2,1
473899,1,0,2,1
473926,0,1,1,2
473944,0,1,1,2
474000,0,1,1,2
474003,0,1,1,2
474036,1,0,2,1
474045,1,0,2,1
474058,1,0,2,1
474063,1,0,2,1
474089,6,0,7,1
474172,1,0,2,1
474178,1,0,2,1
474184,1,0,2,1
474201,1,0,2,1
474211,1,0,2,1
474256,1,0,2,1
474257,1,0,2,1
474263,1,0,2,1
474317,0,1,1,2
474372,0,1,1,2
474373,0,1,1,2
474386,1,0,2,1
474390,1,0,2,1
474393,1,0,2,1
474418,1,0,2,1
474427,1,0,2,1
474438,1,0,2,1
474460,6,0,7,1
474518,1,0,2,1
474520,1,0,2,1
474526,1,0,2,1
474532,1,0,2,1
474534,1,0,2,1
474541,1,0,2,1
474544,1,0,2,1
474545,1,0,2,1
474546,1,0,2,1
474549,1,0,2,1
474551,1,0,2,1
474558,1,0,2,1
474560,1,0,2,1
474561,1,0,2,1
474611,1,0,2,1
474614,1,0,2,1
474615,1,0,2,1
474662,1,0,2,1
474669,0,1,1,2
474721,0,1,1,2
474737,1,0,2,1
474780,1,0,2,1
474865,1,0,2,1
474868,1,0,2,1
474874,1,0,2,1
474876,1,0,2,1
474877,1,0,2,1
474883,1,0,2,1
474887,1,0,2,1
474899,1,0,2,1
474904,1,0,2,1
474910,1,0,2,1
475105,1,0,2,1
475110,1,0,2,1
475211,1,0,2,1
475213,1,0,2,1
475216,1,0,2,1
475218,1,0,2,1
475222,1,0,2,1
475223,1,0,2,1
475226,1,0,2,1
475227,1,0,2,1
475232,1,0,2,1
475245,1,0,2,1
475309,1,0,2,1
475314,0,1,1,2
475408,1,0,2,1
475432,1,0,2,1
475433,1,0,2,1
475441,1,0,2,1
475544,1,0,2,1
475559,1,0,2,1
475560,1,0,2,1
475566,1,0,2,1
475568,1,0,2,1
475576,1,0,2,1
475665,0,1,1,2
475713,0,1,1,2
475760,1,0,2,1
475773,1,0,2,1
475783,1,0,2,1
475784,1,0,2,1
475785,1,0,2,1
475863,1,0,2,1
475868,1,0,2,1
475870,1,0,2,1
475871,1,0,2,1
475873,1,0,2,1
475874,1,0,2,1
475878,1,0,2,1
475880,1,0,2,1
475881,1,0,2,1
475884,1,0,2,1
475887,1,0,2,1
475889,1,0,2,1
475896,1,0,2,1
475900,1,0,2,1
475951,1,0,2,1
475966,1,0,2,1
476039,0,1,1,2
476080,1,0,2,1
476088,1,0,2,1
476093,1,0,2,1
476094,1,0,2,1
476097,1,0,2,1
476178,1,0,2,1
476191,1,0,2,1
476195,1,0,2,1
476202,1,0,2,1
476209,1,0,2,1
476230,1,0,2,1
476258,1,0,2,1
476259,1,0,2,1
476264,1,0,2,1
476281,1,0,2,1
476350,0,1,1,2
476389,1,0,2,1
476416,1,0,2,1
476474,1,0,2,1
476483,1,0,2,1
476486,1,0,2,1
476494,1,0,2,1
476495,1,0,2,1
476496,1,0,2,1
476500,1,0,2,1
476510,1,0,2,1
476528,1,0,2,1
476578,1,0,2,1
476579,1,0,2,1
476580,1,0,2,1
476602,0,1,1,2
476646,0,1,1,2
476647,0,1,1,2
476694,1,0,2,1
476770,1,0,2,1
476775,1,0,2,1
476777,1,0,2,1
476782,1,0,2,1
476784,1,0,2,1
476785,1,0,2,1
476786,1,0,2,1
476788,1,0,2,1
476789,1,0,2,1
476790,1,0,2,1
476793,1,0,2,1
476795,1,0,2,1
476825,1,0,2,1
476847,0,1,1,2
476856,1,0,2,1
476858,1,0,2,1
476862,1,0,2,1
476863,1,0,2,1
476945,0,1,1,2
476999,1,0,2,1
477076,1,0,2,1
477091,1,0,2,1
477094,1,0,2,1
477101,1,0,2,1
477103,1,0,2,1
477157,1,0,2,1
477160,1,0,2,1
477163,1,0,2,1
477241,0,1,1,2
477250,0,1,1,2
477252,0,1,1,2
477360,1,0,2,1
477363,1,0,2,1
477367,1,0,2,1
477371,1,0,2,1
477372,1,0,2,1
477380,1,0,2,1
477386,1,0,2,1
477393,1,0,2,1
477420,1,0,2,1
477451,1,0,2,1
477453,1,0,2,1
477457,1,0,2,1
477472,1,0,2,1
477535,0,1,1,2
477586,1,0,2,1
477627,0,6,1,7
477652,1,0,2,1
477653,1,0,2,1
477658,1,0,2,1
477662,1,0,2,1
477669,1,0,2,1
477671,1,0,2,1
477672,1,0,2,1
477680,1,0,2,1
477685,1,0,2,1
477712,1,0,2,1
477742,1,0,2,1
477748,1,0,2,1
477763,1,0,2,1
477765,1,0,2,1
477922,0,6,1,7
477942,1,0,2,1
477951,1,0,2,1
477961,1,0,2,1
477969,1,0,2,1
477972,1,0,2,1
477976,1,0,2,1
478034,1,0,2,1
478036,1,0,2,1
478039,1,0,2,1
478052,1,0,2,1
478074,0,1,1,2
478118,0,1,1,2
478161,1,0,2,1
478164,1,0,2,1
478224,1,0,2,1
478228,1,0,2,1
478247,1,0,2,1
478252,1,0,2,1
478254,1,0,2,1
478256,1,0,2,1
478285,1,0,2,1
478286,1,0,2,1
478308,1,0,2,1
478322,1,0,2,1
478336,1,0,2,1
478394,0,1,1,2
478399,0,1,1,2
478423,1,0,2,1
478428,1,0,2,1
478429,1,0,2,1
478439,1,0,2,1
478461,1,0,2,1
478476,6,0,7,1
478480,6,0,7,1
478505,1,0,2,1
478506,1,0,2,1
478512,1,0,2,1
478514,1,0,2,1
478520,1,0,2,1
478523,1,0,2,1
478527,1,0,2,1
478529,1,0,2,1
478531,1,0,2,1
478532,1,0,2,1
478546,1,0,2,1
478737,1,0,2,1
478744,6,0,7,1
478751,6,0,7,1
478772,1,0,2,1
478774,1,0,2,1
478775,1,0,2,1
478779,1,0,2,1
478782,1,0,2,1
478785,1,0,2,1
478798,1,0,2,1
478812,1,0,2,1
478839,0,1,1,2
478879,1,0,2,1
478945,0,1,1,2
478946,0,1,1,2
478947,0,1,1,2
478984,1,0,2,1
478987,1,0,2,1
478989,1,0,2,1
479015,6,0,7,1
479016,6,0,7,1
479051,1,0,2,1
479054,1,0,2,1
479069,1,0,2,1
479072,1,0,2,1
479082,1,0,2,1
479141,1,0,2,1
479148,1,0,2,1
479215,0,1,1,2
479235,1,0,2,1
479243,1,0,2,1
479247,1,0,2,1
479253,1,0,2,1
479281,6,0,7,1
479286,6,0,7,1
479288,6,0,7,1
479311,1,0,2,1
479319,1,0,2,1
479326,1,0,2,1
479336,1,0,2,1
479338,1,0,2,1
479340,1,0,2,1
479420,1,0,2,1
479505,1,0,2,1
479512,1,0,2,1
479516,1,0,2,1
479517,1,0,2,1
479519,1,0,2,1
479559,0,6,1,7
479579,1,0,2,1
479595,1,0,2,1
479608,1,0,2,1
479651,0,1,1,2
479679,1,0,2,1
479770,1,0,2,1
479788,1,0,2,1
479853,1,0,2,1
479866,1,0,2,1
479868,1,0,2,1
479872,1,0,2,1
479874,1,0,2,1
479875,1,0,2,1
479886,1,0,2,1
479925,0,1,1,2
479939,1,0,2,1
479951,1,0,2,1
479952,1,0,2,1
479954,1,0,2,1
479961,1,0,2,1
480018,0,1,1,2
480019,0,1,1,2
480041,1,0,2,1
480053,1,0,2,1
480055,1,0,2,1
480058,1,0,2,1
480060,1,0,2,1
480125,1,0,2,1
480141,1,0,2,1
480142,1,0,2,1
480175,1,0,2,1
480213,1,0,2,1
480224,1,0,2,1
480225,1,0,2,1
480227,1,0,2,1
480228,1,0,2,1
480322,1,0,2,1
480325,1,0,2,1
480332,1,0,2,1
480333,1,0,2,1
480495,1,0,2,1
480507,1,0,2,1
480510,1,0,2,1
480522,1,0,2,1
480599,1,0,2,1
480603,1,0,2,1
480613,1,0,2,1
480622,1,0,2,1
480625,1,0,2,1
480654,0,6,1,7
480705,1,0,2,1
480788,1,0,2,1
480789,1,0,2,1
480801,1,0,2,1
480877,1,0,2,1
480879,1,0,2,1
480884,1,0,2,1
480885,1,0,2,1
480887,1,0,2,1
480889,1,0,2,1
480892,1,0,2,1
480896,1,0,2,1
480973,1,0,2,1
480976,1,0,2,1
481063,1,0,2,1
481147,1,0,2,1
481148,1,0,2,1
481149,1,0,2,1
481151,1,0,2,1
481162,1,0,2,1
481164,1,0,2,1
481165,1,0,2,1
481242,1,0,2,1
481245,1,0,2,1
481305,1,0,2,1
481312,0,1,1,2
481328,1,0,2,1
481337,0,1,1,2
481343,1,0,2,1
481435,1,0,2,1
481442,1,0,2,1
481507,1,0,2,1
481509,1,0,2,1
481524,1,0,2,1
481573,0,1,1,2
481593,1,0,2,1
481596,1,0,2,1
481695,1,0,2,1
481697,1,0,2,1
481700,1,0,2,1
481702,1,0,2,1
481772,1,0,2,1
481774,1,0,2,1
481857,1,0,2,1
481972,1,0,2,1
481974,1,0,2,1
481976,1,0,2,1
481980,1,0,2,1
482063,1,0,2,1
482066,1,0,2,1
482118,0,1,1,2
482263,1,0,2,1
482269,1,0,2,1
482270,1,0,2,1
482271,1,0,2,1
482276,1,0,2,1
482281,1,0,2,1
482283,1,0,2,1
482374,1,0,2,1
482378,1,0,2,1
482464,1,0,2,1
482524,1,0,2,1
482577,1,0,2,1
482580,1,0,2,1
482582,1,0,2,1
482588,1,0,2,1
482592,1,0,2,1
482593,1,0,2,1
482596,1,0,2,1
482645,0,6,1,7
482699,1,0,2,1
482700,1,0,2,1
482702,1,0,2,1
482787,1,0,2,1
482905,1,0,2,1
482906,1,0,2,1
482908,1,0,2,1
482910,1,0,2,1
482912,1,0,2,1
482917,1,0,2,1
482924,1,0,2,1
482966,0,6,1,7
483001,1,0,2,1
483025,1,0,2,1
483113,1,0,2,1
483156,1,0,2,1
483230,1,0,2,1
483243,1,0,2,1
483255,1,0,2,1
483295,0,6,1,7
483321,1,0,2,1
483580,1,0,2,1
483589,1,0,2,1
483653,1,0,2,1
483688,1,0,2,1
483819,1,0,2,1
483827,1,0,2,1
483898,1,0,2,1
483901,1,0,2,1
483903,1,0,2,1
483905,1,0,2,1
483909,1,0,2,1
483912,1,0,2,1
483913,1,0,2,1
483916,1,0,2,1
483917,1,0,2,1
484015,1,0,2,1
484144,1,0,2,1
484145,1,0,2,1
484147,1,0,2,1
484148,1,0,2,1
484153,1,0,2,1
484209,1,0,2,1
484218,1,0,2,1
484223,1,0,2,1
484224,1,0,2,1
484225,1,0,2,1
484333,1,0,2,1
484469,1,0,2,1
484534,1,0,2,1
484536,1,0,2,1
484545,1,0,2,1
484549,1,0,2,1
484550,1,0,2,1
484555,1,0,2,1
484744,0,3,1,4
484783,1,0,2,1
484840,1,0,2,1
484851,1,0,2,1
484852,1,0,2,1
484872,1,0,2,1
484965,1,0,2,1
485088,1,0,2,1
485092,1,0,2,1
485155,1,0,2,1
485166,1,0,2,1
485170,1,0,2,1
485197,1,0,2,1
485202,1,0,2,1
485245,6,0,7,1
485249,1,6,2,7
485284,1,0,2,1
485405,1,0,2,1
485408,1,0,2,1
485409,1,0,2,1
485477,1,0,2,1
485487,1,0,2,1
485490,1,0,2,1
485494,1,0,2,1
485505,1,0,2,1
485519,1,0,2,1
485521,1,0,2,1
485624,1,0,2,1
485723,1,0,2,1
485727,1,0,2,1
485796,1,0,2,1
485797,1,0,2,1
485799,1,0,2,1
485803,1,0,2,1
485805,1,0,2,1
485813,1,0,2,1
485827,1,0,2,1
485833,1,0,2,1
485838,1,0,2,1
485855,6,0,7,1
485912,0,1,1,2
485925,0,1,1,2
485936,0,1,1,2
485952,1,0,2,1
485954,1,0,2,1
485968,1,0,2,1
485969,1,0,2,1
486137,1,0,2,1
486142,1,0,2,1
486169,1,0,2,1
486176,1,0,2,1
486177,1,0,2,1
486178,1,0,2,1
486253,0,1,1,2
486302,1,0,2,1
486315,1,0,2,1
486316,1,0,2,1
486413,1,0,2,1
486482,1,0,2,1
486489,1,0,2,1
486508,1,0,2,1
486509,1,0,2,1
486518,1,0,2,1
486520,1,0,2,1
486625,0,1,1,2
486630,0,1,1,2
486639,0,1,1,2
486640,0,1,1,2
486642,0,1,1,2
486647,0,1,1,2
486649,0,1,1,2
486650,0,1,1,2
486657,0,1,1,2
486708,1,0,2,1
486780,1,0,2,1
486784,1,0,2,1
486785,1,0,2,1
486797,0,1,1,2
486867,1,0,2,1
486927,6,0,7,1
486963,0,1,1,2
486966,0,1,1,2
486991,0,1,1,2
486998,0,1,1,2
487003,0,1,1,2
487010,0,1,1,2
487021,0,1,1,2
487022,0,1,1,2
487045,0,1,1,2
487047,0,1,1,2
487083,1,0,2,1
487170,1,0,2,1
487187,0,1,1,2
487245,1,0,2,1
487247,1,0,2,1
487249,1,0,2,1
487253,1,0,2,1
487254,1,0,2,1
487258,1,0,2,1
487266,1,0,2,1
487270,1,0,2,1
487273,1,0,2,1
487274,1,0,2,1
487278,1,0,2,1
487316,1,0,2,1
487352,0,1,1,2
487354,0,1,1,2
487374,0,1,1,2
487382,0,1,1,2
487389,0,1,1,2
487396,0,1,1,2
487424,0,1,1,2
487430,0,1,1,2
487432,0,1,1,2
487433,0,1,1,2
487438,0,1,1,2
487439,0,1,1,2
487474,1,0,2,1
487558,1,0,2,1
487559,1,0,2,1
487560,1,0,2,1
487576,0,1,1,2
487630,1,0,2,1
487655,1,0,2,1
487657,1,0,2,1
487701,1,6,2,7
487744,0,1,1,2
487745,0,1,1,2
487752,0,1,1,2
487759,0,1,1,2
487760,0,1,1,2
487770,0,1,1,2
487795,0,1,1,2
487818,0,1,1,2
487826,0,1,1,2
487828,0,1,1,2
487940,1,0,2,1
487948,1,0,2,1
488022,1,0,2,1
488026,1,0,2,1
488027,1,0,2,1
488031,1,0,2,1
488046,0,1,1,2
488084,1,6,2,7
488116,0,1,1,2
488117,0,1,1,2
488121,0,1,1,2
488148,0,1,1,2
488155,0,1,1,2
488157,0,1,1,2
488162,0,1,1,2
488200,0,1,1,2
488201,0,1,1,2
488218,0,1,1,2
488239,1,0,2,1
488240,1,0,2,1
488248,1,0,2,1
488333,1,0,2,1
488335,1,0,2,1
488364,1,3,2,4
488393,1,0,2,1
488396,1,0,2,1
488406,1,0,2,1
488408,1,0,2,1
488409,1,0,2,1
488418,1,0,2,1
488480,6,1,7,2
488511,0,1,1,2
488520,0,1,1,2
488554,0,1,1,2
488602,0,1,1,2
488636,1,0,2,1
488638,1,0,2,1
488661,1,0,2,1
488662,1,0,2,1
488663,1,0,2,1
488664,1,0,2,1
488724,1,0,2,1
488785,1,0,2,1
488801,1,0,2,1
488813,0,1,1,2
488866,6,1,7,2
488867,6,1,7,2
488897,0,1,1,2
488898,0,1,1,2
488901,0,1,1,2
488902,0,1,1,2
488903,0,1,1,2
488907,0,1,1,2
488931,0,1,1,2
488943,0,1,1,2
488945,0,1,1,2
488986,0,1,1,2
488989,0,1,1,2
488990,0,1,1,2
488993,0,1,1,2
488998,0,1,1,2
489000,0,1,1,2
489003,0,1,1,2
489026,1,0,2,1
489028,1,0,2,1
489033,1,0,2,1
489050,1,0,2,1
489052,1,0,2,1
489054,1,0,2,1
489104,1,0,2,1
489168,1,0,2,1
489190,0,1,1,2
489194,0,1,1,2
489265,1,0,2,1
489297,0,1,1,2
489298,0,1,1,2
489308,0,1,1,2
489309,0,1,1,2
489363,0,1,1,2
489364,0,1,1,2
489365,0,1,1,2
489369,0,1,1,2
489371,0,1,1,2
489375,0,1,1,2
489379,0,1,1,2
489390,0,1,1,2
489410,1,0,2,1
489411,1,0,2,1
489412,1,0,2,1
489421,1,0,2,1
489423,1,0,2,1
489435,1,0,2,1
489488,1,0,2,1
489493,1,0,2,1
489554,1,0,2,1
489555,1,0,2,1
489557,1,0,2,1
489578,0,1,1,2
489635,1,6,2,7
489636,1,6,2,7
489638,1,0,2,1
489688,0,1,1,2
489697,0,1,1,2
489698,0,1,1,2
489699,0,1,1,2
489714,0,1,1,2
489762,0,1,1,2
489765,0,1,1,2
489771,0,1,1,2
489774,0,1,1,2
489775,0,1,1,2
489782,0,1,1,2
489816,1,0,2,1
489817,1,0,2,1
489879,1,0,2,1
489882,1,0,2,1
489883,1,0,2,1
490031,1,6,2,7
490032,1,0,2,1
490035,1,6,2,7
490086,0,1,1,2
490099,0,1,1,2
490104,0,1,1,2
490111,0,1,1,2
490125,0,1,1,2
490154,0,1,1,2
490160,0,1,1,2
490166,0,1,1,2
490167,0,1,1,2
490169,0,1,1,2
490173,0,1,1,2
490176,0,1,1,2
490181,0,1,1,2
490210,1,0,2,1
490214,1,0,2,1
490215,1,0,2,1
490217,1,0,2,1
490305,1,0,2,1
490337,1,4,2,5
490383,0,1,1,2
490443,1,0,2,1
490444,1,0,2,1
490493,0,1,1,2
490496,0,1,1,2
490498,0,1,1,2
490519,0,1,1,2
490572,0,1,1,2
490609,1,0,2,1
490623,1,0,2,1
490627,1,0,2,1
490635,1,0,2,1
490696,1,0,2,1
490712,1,0,2,1
490765,1,0,2,1
490807,0,1,1,2
490864,1,0,2,1
490909,0,1,1,2
490910,0,1,1,2
490913,0,1,1,2
490919,0,1,1,2
490974,0,1,1,2
490994,0,1,1,2
491026,1,0,2,1
491030,1,0,2,1
491032,1,0,2,1
491033,1,0,2,1
491042,1,0,2,1
491043,1,0,2,1
491099,1,0,2,1
491101,1,0,2,1
491143,0,1,1,2
491146,0,1,1,2
491177,0,1,1,2
491258,1,0,2,1
491268,1,0,2,1
491271,1,0,2,1
491303,0,1,1,2
491309,0,1,1,2
491311,0,1,1,2
491317,0,1,1,2
491319,0,1,1,2
491333,0,1,1,2
491334,0,1,1,2
491336,0,1,1,2
491339,0,1,1,2
491344,0,1,1,2
491408,0,1,1,2
491414,0,1,1,2
491449,1,0,2,1
491450,1,0,2,1
491459,1,0,2,1
491467,1,0,2,1
491469,1,0,2,1
491472,1,0,2,1
491583,0,1,1,2
491656,6,1,7,2
491678,1,6,2,7
491679,1,6,2,7
491683,1,0,2,1
491731,0,1,1,2
491734,0,1,1,2
491737,0,1,1,2
491741,0,1,1,2
491746,0,1,1,2
491750,0,1,1,2
491752,0,1,1,2
491754,0,1,1,2
491755,0,1,1,2
491759,0,1,1,2
491764,0,1,1,2
491767,0,1,1,2
491771,0,1,1,2
491844,0,1,1,2
491845,0,1,1,2
491849,0,1,1,2
491885,1,0,2,1
491886,1,0,2,1
491894,1,0,2,1
491971,1,0,2,1
491973,1,0,2,1
492019,0,1,1,2
492040,0,1,1,2
492057,1,0,2,1
492111,1,6,2,7
492112,1,0,2,1
492115,1,0,2,1
492118,1,0,2,1
492130,1,0,2,1
492159,0,1,1,2
492166,0,1,1,2
492174,0,1,1,2
492190,0,1,1,2
492191,0,1,1,2
492193,0,1,1,2
492202,0,1,1,2
492203,0,1,1,2
492282,0,1,1,2
492293,0,1,1,2
492298,0,1,1,2
492315,1,0,2,1
492320,1,0,2,1
492324,1,0,2,1
492325,1,0,2,1
492387,1,0,2,1
492389,1,0,2,1
492391,1,0,2,1
492393,1,0,2,1
492394,1,0,2,1
492395,1,0,2,1
492403,1,0,2,1
492404,1,0,2,1
492448,0,1,1,2
492452,0,1,1,2
492454,0,1,1,2
492455,1,4,2,5
492473,0,1,1,2
492475,0,1,1,2
492476,0,1,1,2
492478,0,1,1,2
492479,0,1,1,2
492541,1,6,2,7
492544,1,6,2,7
492545,1,0,2,1
492548,1,0,2,1
492604,0,1,1,2
492611,0,1,1,2
492623,0,1,1,2
492624,0,1,1,2
492711,0,1,1,2
492716,0,1,1,2
492752,1,0,2,1
492754,1,0,2,1
492759,1,0,2,1
492771,1,0,2,1
492773,1,0,2,1
492824,1,0,2,1
492830,1,0,2,1
492831,1,0,2,1
492832,1,0,2,1
492837,1,0,2,1
492883,0,1,1,2
492914,0,1,1,2
492919,0,1,1,2
493037,0,1,1,2
493060,0,1,1,2
493114,0,1,1,2
493152,0,1,1,2
493154,0,1,1,2
493172,0,1,1,2
493173,0,1,1,2
493174,0,1,1,2
493176,0,1,1,2
493201,1,0,2,1
493203,1,0,2,1
493215,1,0,2,1
493277,1,0,2,1
493282,1,0,2,1
493283,1,0,2,1
493284,1,0,2,1
493341,0,1,1,2
493342,0,1,1,2
493345,0,1,1,2
493367,0,1,1,2
493372,0,1,1,2
493373,0,1,1,2
493374,0,1,1,2
493377,0,1,1,2
493400,1,0,2,1
493426,6,0,7,1
493485,0,1,1,2
493486,0,1,1,2
493491,0,1,1,2
493492,0,1,1,2
493493,0,1,1,2
493504,0,1,1,2
493506,0,1,1,2
493522,0,1,1,2
493603,0,1,1,2
493604,0,1,1,2
493616,0,1,1,2
493620,0,1,1,2
493626,0,1,1,2
493664,1,0,2,1
493667,1,0,2,1
493717,1,0,2,1
493723,1,0,2,1
493725,1,0,2,1
493726,1,0,2,1
493732,1,0,2,1
493734,1,0,2,1
493736,1,0,2,1
493775,1,0,2,1
493776,1,0,2,1
493872,6,0,7,1
493879,0,1,1,2
493931,0,1,1,2
493936,0,1,1,2
493937,0,1,1,2
493939,0,1,1,2
493952,0,1,1,2
493956,0,1,1,2
493973,0,1,1,2
493987,0,1,1,2
493988,0,1,1,2
493991,0,1,1,2
494052,0,1,1,2
494069,0,1,1,2
494073,0,1,1,2
494121,1,0,2,1
494123,1,0,2,1
494124,1,0,2,1
494126,1,0,2,1
494128,1,0,2,1
494179,1,0,2,1
494180,1,0,2,1
494182,1,0,2,1
494188,1,0,2,1
494189,1,0,2,1
494207,1,0,2,1
494242,1,0,2,1
494396,0,1,1,2
494397,0,1,1,2
494411,0,1,1,2
494419,0,1,1,2
494422,0,1,1,2
494462,0,1,1,2
494480,0,1,1,2
494481,0,1,1,2
494535,0,1,1,2
494536,0,1,1,2
494539,0,1,1,2
494541,0,1,1,2
494546,0,1,1,2
494600,1,0,2,1
494656,1,0,2,1
494669,1,0,2,1
494679,1,0,2,1
494731,1,0,2,1
494733,1,0,2,1
494740,0,1,1,2
494741,0,1,1,2
494744,0,1,1,2
494745,0,1,1,2
494765,0,1,1,2
494782,0,1,1,2
494784,0,1,1,2
494871,0,1,1,2
494887,0,1,1,2
494893,0,1,1,2
494894,0,1,1,2
494895,0,1,1,2
494933,0,1,1,2
494935,0,1,1,2
494937,0,1,1,2
495022,0,1,1,2
495053,0,1,1,2
495144,1,0,2,1
495148,1,0,2,1
495160,1,0,2,1
495161,1,0,2,1
495172,1,0,2,1
495219,1,0,2,1
495221,1,0,2,1
495222,1,0,2,1
495245,0,1,1,2
495284,0,1,1,2
495322,0,6,1,7
495327,6,0,7,1
495371,0,1,1,2
495374,0,1,1,2
495375,0,1,1,2
495376,0,1,1,2
495383,0,1,1,2
495394,0,1,1,2
495409,0,1,1,2
495430,0,1,1,2
495479,0,1,1,2
495485,1,0,2,1
495489,0,1,1,2
495503,0,1,1,2
495505,0,1,1,2
495506,0,1,1,2
495509,0,1,1,2
495515,0,1,1,2
495516,0,1,1,2
495517,0,1,1,2
495523,0,1,1,2
495524,0,1,1,2
495542,0,1,1,2
495544,0,1,1,2
495554,0,1,1,2
495555,0,1,1,2
495644,1,0,2,1
495666,1,0,2,1
495685,1,0,2,1
495689,1,0,2,1
495731,1,0,2,1
495740,0,1,1,2
495741,0,1,1,2
495742,0,1,1,2
495747,0,1,1,2
495748,0,1,1,2
495764,0,1,1,2
495765,0,1,1,2
495770,0,1,1,2
495872,0,1,1,2
495874,0,1,1,2
495876,0,1,1,2
495878,0,1,1,2
495883,0,1,1,2
495885,0,1,1,2
495935,0,1,1,2
495943,0,1,1,2
495956,0,1,1,2
495957,0,1,1,2
496001,0,1,1,2
496007,0,1,1,2
496024,0,1,1,2
496043,0,1,1,2
496059,0,1,1,2
496061,0,1,1,2
496064,0,1,1,2
496067,0,1,1,2
496195,1,0,2,1
496198,1,0,2,1
496228,1,0,2,1
496229,1,0,2,1
496231,1,0,2,1
496258,0,1,1,2
496291,0,1,1,2
496329,0,6,1,7
496394,0,1,1,2
496404,0,1,1,2
496405,0,1,1,2
496413,0,1,1,2
496454,0,1,1,2
496455,0,1,1,2
496457,0,1,1,2
496464,0,1,1,2
496520,0,1,1,2
496525,0,1,1,2
496538,0,1,1,2
496543,0,1,1,2
496545,0,1,1,2
496574,0,1,1,2
496579,0,1,1,2
496590,0,1,1,2
496591,0,1,1,2
496593,0,1,1,2
496658,1,0,2,1
496663,1,0,2,1
496690,1,0,2,1
496694,1,0,2,1
496749,1,0,2,1
496755,1,0,2,1
496761,1,0,2,1
496763,1,0,2,1
496798,0,1,1,2
496816,0,1,1,2
496833,6,1,7,2
496858,0,6,1,7
496879,6,0,7,1
496928,0,1,1,2
496930,0,1,1,2
496952,0,1,1,2
497003,0,1,1,2
497011,0,1,1,2
497012,0,1,1,2
497023,1,0,2,1
497074,0,1,1,2
497075,0,1,1,2
497077,0,1,1,2
497089,0,1,1,2
497097,0,1,1,2
497098,0,1,1,2
497120,0,1,1,2
497129,0,1,1,2
497132,0,1,1,2
497141,0,1,1,2
497202,1,0,2,1
497224,1,0,2,1
497230,0,1,1,2
497235,1,0,2,1
497264,1,0,2,1
497266,1,0,2,1
497279,1,0,2,1
497296,1,0,2,1
497300,1,0,2,1
497319,0,1,1,2
497344,0,1,1,2
497379,6,1,7,2
497408,0,6,1,7
497477,0,1,1,2
497527,0,1,1,2
497545,0,1,1,2
497558,0,1,1,2
497559,0,1,1,2
497563,0,1,1,2
497601,1,0,2,1
497617,0,1,1,2
497622,0,1,1,2
497625,0,1,1,2
497626,0,1,1,2
497642,0,1,1,2
497646,0,1,1,2
497668,0,1,1,2
497683,0,1,1,2
497689,0,1,1,2
497693,0,1,1,2
497695,0,1,1,2
497742,1,0,2,1
497745,1,0,2,1
497760,1,0,2,1
497771,0,1,1,2
497772,0,1,1,2
497773,0,1,1,2
497779,0,1,1,2
497780,0,1,1,2
497810,1,0,2,1
497819,1,0,2,1
497832,1,0,2,1
497847,1,0,2,1
497854,1,0,2,1
497856,1,0,2,1
497857,1,0,2,1
497874,0,1,1,2
497880,0,1,1,2
498028,0,1,1,2
498030,0,1,1,2
498061,1,0,2,1
498062,1,0,2,1
498082,0,1,1,2
498115,0,1,1,2
498171,0,1,1,2
498172,0,1,1,2
498183,0,1,1,2
498189,0,1,1,2
498197,0,1,1,2
498201,0,1,1,2
498203,0,1,1,2
498224,0,1,1,2
498233,0,1,1,2
498236,0,1,1,2
498238,0,1,1,2
498240,0,1,1,2
498241,0,1,1,2
498247,0,4,1,5
498256,0,1,1,2
498317,1,0,2,1
498323,0,1,1,2
498330,0,1,1,2
498362,1,0,2,1
498368,1,0,2,1
498377,1,0,2,1
498378,1,0,2,1
498380,1,0,2,1
498383,1,0,2,1
498385,1,0,2,1
498405,1,0,2,1
498413,1,0,2,1
498414,1,0,2,1
498433,0,1,1,2
498447,0,1,1,2
498456,0,1,1,2
498466,1,0,2,1
498615,1,0,2,1
498668,0,1,1,2
498674,0,1,1,2
498695,1,0,2,1
498726,0,1,1,2
498727,0,1,1,2
498730,0,1,1,2
498743,0,1,1,2
498747,0,1,1,2
498754,0,1,1,2
498789,0,1,1,2
498799,0,1,1,2
498801,0,4,1,5
498809,0,1,1,2
498849,1,0,2,1
498850,1,0,2,1
498868,1,0,2,1
498917,1,0,2,1
498923,1,0,2,1
498925,1,0,2,1
498927,1,0,2,1
498933,1,0,2,1
498939,1,0,2,1
498940,1,0,2,1
498942,1,0,2,1
498955,1,0,2,1
498957,1,0,2,1
498967,1,0,2,1
498968,1,0,2,1
498984,0,1,1,2
499007,1,0,2,1
499168,1,0,2,1
499187,0,1,1,2
499227,0,1,1,2
499231,0,1,1,2
499251,1,0,2,1
499275,0,1,1,2
499276,0,1,1,2
499285,0,1,1,2
499291,0,1,1,2
499293,0,1,1,2
499296,0,1,1,2
499297,0,1,1,2
499298,0,1,1,2
499304,0,1,1,2
499308,0,1,1,2
499312,0,1,1,2
499344,0,1,1,2
499347,0,1,1,2
499349,0,1,1,2
499354,0,1,1,2
499357,0,1,1,2
499369,0,1,1,2
499371,0,1,1,2
499406,1,0,2,1
499426,1,0,2,1
499455,1,0,2,1
499499,1,0,2,1
499517,1,0,2,1
499527,1,0,2,1
499530,1,0,2,1
499531,1,0,2,1
499724,0,1,1,2
499743,0,1,1,2
499744,0,1,1,2
499753,0,1,1,2
499756,0,1,1,2
499813,1,0,2,1
499831,0,1,1,2
499839,0,1,1,2
499845,0,1,1,2
499856,0,1,1,2
499858,0,1,1,2
499866,0,1,1,2
499873,0,1,1,2
499874,0,1,1,2
499879,0,1,1,2
499881,0,1,1,2
499911,0,1,1,2
499912,0,1,1,2
499918,0,1,1,2
499922,0,1,1,2
499927,0,1,1,2
499944,0,1,1,2
499972,1,0,2,1
499978,1,0,2,1
500058,1,0,2,1
500065,1,0,2,1
500072,1,0,2,1
500082,1,0,2,1
500091,1,0,2,1
500092,1,0,2,1
500097,1,0,2,1
500099,1,0,2,1
500301,1,0,2,1
500308,0,1,1,2
500310,0,1,1,2
500314,0,1,1,2
500320,0,1,1,2
500324,0,1,1,2
500402,0,1,1,2
500403,0,1,1,2
500404,0,1,1,2
500409,0,1,1,2
500421,0,1,1,2
500422,0,1,1,2
500423,0,1,1,2
500427,0,1,1,2
500429,0,1,1,2
500434,0,1,1,2
500443,0,1,1,2
500477,0,1,1,2
500487,4,1,5,2
500504,0,1,1,2
500507,0,1,1,2
500541,1,0,2,1
500628,1,0,2,1
500630,1,0,2,1
500636,1,0,2,1
500642,1,0,2,1
500644,1,0,2,1
500650,1,0,2,1
500653,1,0,2,1
500660,1,0,2,1
500661,1,0,2,1
500663,1,0,2,1
500665,1,0,2,1
500838,0,1,1,2
500845,0,1,1,2
500882,0,1,1,2
500885,0,1,1,2
500886,0,1,1,2
500950,0,1,1,2
500969,0,1,1,2
500976,0,1,1,2
500983,0,1,1,2
500990,0,1,1,2
500993,0,1,1,2
500994,0,1,1,2
500996,0,1,1,2
500997,0,1,1,2
501001,0,1,1,2
501002,0,1,1,2
501011,0,1,1,2
501042,0,1,1,2
501049,0,1,1,2
501056,0,1,1,2
501059,0,1,1,2
501073,0,1,1,2
501079,0,1,1,2
501081,0,1,1,2
501122,1,0,2,1
501124,0,1,1,2
501187,1,0,2,1
501188,1,0,2,1
501190,1,0,2,1
501196,1,0,2,1
501202,1,0,2,1
501205,1,0,2,1
501210,1,0,2,1
501211,1,0,2,1
501215,1,0,2,1
501216,1,0,2,1
501222,1,0,2,1
501233,1,0,2,1
501271,0,1,1,2
501280,1,0,2,1
501432,0,1,1,2
501434,0,1,1,2
501437,0,1,1,2
501447,0,1,1,2
501449,0,1,1,2
501501,1,0,2,1
501514,0,1,1,2
501531,0,1,1,2
501532,0,1,1,2
501549,0,1,1,2
501555,0,1,1,2
501557,0,1,1,2
501562,0,1,1,2
501579,0,1,1,2
501622,4,1,5,2
501625,0,1,1,2
501639,0,1,1,2
501640,0,1,1,2
501647,0,1,1,2
501652,0,1,1,2
501654,0,1,1,2
501693,1,0,2,1
501758,1,0,2,1
501762,1,0,2,1
501763,1,0,2,1
501770,1,0,2,1
501775,1,0,2,1
501779,1,0,2,1
501784,1,0,2,1
501800,1,0,2,1
501802,1,0,2,1
501817,0,1,1,2
501840,0,1,1,2
501951,0,1,1,2
502005,0,1,1,2
502009,0,1,1,2
502011,0,1,1,2
502090,0,1,1,2
502094,0,1,1,2
502109,0,1,1,2
502115,0,1,1,2
502125,0,1,1,2
502143,0,1,1,2
502144,0,1,1,2
502174,0,1,1,2
502188,0,1,1,2
502189,0,1,1,2
502190,0,1,1,2
502207,0,1,1,2
502214,0,1,1,2
502236,1,0,2,1
502315,1,0,2,1
502329,1,0,2,1
502330,1,0,2,1
502333,1,0,2,1
502335,1,0,2,1
502355,1,0,2,1
502360,1,0,2,1
502374,0,1,1,2
502375,0,1,1,2
502376,0,1,1,2
502408,1,0,2,1
502500,0,1,1,2
502505,0,1,1,2
502541,0,1,1,2
502544,0,1,1,2
502545,0,1,1,2
502558,0,1,1,2
502564,0,1,1,2
502623,1,0,2,1
502624,1,0,2,1
502664,0,1,1,2
502689,0,1,1,2
502692,0,1,1,2
502725,0,1,1,2
502727,0,1,1,2
502741,4,1,5,2
502743,0,1,1,2
502765,0,1,1,2
502767,0,1,1,2
502875,1,0,2,1
502876,1,0,2,1
502881,1,0,2,1
502882,1,0,2,1
502890,1,0,2,1
502901,1,0,2,1
502906,1,0,2,1
502909,1,0,2,1
502918,1,0,2,1
502964,1,0,2,1
502971,1,0,2,1
502972,1,0,2,1
503099,0,1,1,2
503103,0,1,1,2
503108,0,1,1,2
503111,0,1,1,2
503112,0,1,1,2
503115,0,1,1,2
503243,0,1,1,2
503244,0,1,1,2
503246,0,1,1,2
503249,0,1,1,2
503250,0,1,1,2
503252,0,1,1,2
503254,0,1,1,2
503255,0,1,1,2
503303,0,1,1,2
503319,0,1,1,2
503325,0,1,1,2
503327,0,1,1,2
503434,1,0,2,1
503437,1,0,2,1
503440,1,0,2,1
503441,1,0,2,1
503451,1,0,2,1
503459,1,0,2,1
503462,1,0,2,1
503465,1,0,2,1
503466,1,0,2,1
503469,1,0,2,1
503479,1,0,2,1
503528,1,0,2,1
503556,6,0,7,1
503643,0,1,1,2
503644,0,1,1,2
503652,0,1,1,2
503654,0,1,1,2
503784,0,1,1,2
503821,0,1,1,2
503841,4,1,5,2
503845,0,1,1,2
503859,0,1,1,2
503868,0,1,1,2
503870,0,1,1,2
503871,0,1,1,2
503872,0,1,1,2
503874,0,1,1,2
503989,1,0,2,1
503993,1,0,2,1
503997,1,0,2,1
504001,1,0,2,1
504009,1,0,2,1
504013,1,0,2,1
504023,1,0,2,1
504024,1,0,2,1
504025,1,0,2,1
504026,1,0,2,1
504029,1,0,2,1
504031,1,0,2,1
504075,1,0,2,1
504182,0,1,1,2
504201,0,1,1,2
504255,1,0,2,1
504327,0,1,1,2
504329,0,1,1,2
504337,0,1,1,2
504340,0,1,1,2
504380,4,1,5,2
504404,0,1,1,2
504405,0,1,1,2
504406,0,1,1,2
504426,0,1,1,2
504427,0,1,1,2
504539,1,0,2,1
504540,1,0,2,1
504547,1,0,2,1
504561,1,0,2,1
504562,1,0,2,1
504570,1,0,2,1
504580,1,0,2,1
504581,1,0,2,1
504583,1,0,2,1
504599,0,1,1,2
504726,0,1,1,2
504788,0,1,1,2
504868,0,1,1,2
504870,0,1,1,2
504873,0,1,1,2
504878,0,1,1,2
504920,4,1,5,2
504955,0,1,1,2
504956,0,1,1,2
504957,0,1,1,2
504966,0,1,1,2
505009,1,0,2,1
505084,1,0,2,1
505088,1,0,2,1
505091,1,0,2,1
505098,1,0,2,1
505100,1,0,2,1
505106,1,0,2,1
505107,1,0,2,1
505110,1,0,2,1
505111,1,0,2,1
505116,1,0,2,1
505119,1,0,2,1
505122,1,0,2,1
505124,1,0,2,1
505228,0,1,1,2
505272,0,1,1,2
505275,0,1,1,2
505276,0,1,1,2
505332,0,1,1,2
505409,0,1,1,2
505415,0,1,1,2
505419,0,1,1,2
505422,0,1,1,2
505463,4,1,5,2
505464,4,1,5,2
505466,0,1,1,2
505487,0,1,1,2
505491,0,1,1,2
505501,0,1,1,2
505512,0,1,1,2
505643,1,0,2,1
505652,1,0,2,1
505663,1,0,2,1
505669,1,0,2,1
505670,1,0,2,1
505674,1,0,2,1
505676,1,0,2,1
505677,1,0,2,1
505703,0,1,1,2
505705,0,1,1,2
505706,0,1,1,2
505708,0,1,1,2
505722,1,0,2,1
505746,0,6,1,7
505822,0,1,1,2
505823,0,1,1,2
505827,0,1,1,2
505880,0,1,1,2
505958,0,1,1,2
505961,0,1,1,2
505963,0,1,1,2
505973,0,1,1,2
506015,4,1,5,2
506017,0,1,1,2
506020,0,1,1,2
506039,0,1,1,2
506040,0,1,1,2
506044,0,1,1,2
506051,0,1,1,2
506065,0,1,1,2
506193,1,0,2,1
506195,1,0,2,1
506197,1,0,2,1
506198,1,0,2,1
506201,1,0,2,1
506204,1,0,2,1
506207,1,0,2,1
506209,1,0,2,1
506213,1,0,2,1
506219,1,0,2,1
506220,1,0,2,1
506221,1,0,2,1
506222,1,0,2,1
506224,1,0,2,1
506235,1,0,2,1
506238,1,0,2,1
506241,1,0,2,1
506331,0,6,1,7
506380,0,1,1,2
506387,0,1,1,2
506514,0,1,1,2
506594,0,1,1,2
506596,0,1,1,2
506604,0,1,1,2
506607,0,1,1,2
506667,1,0,2,1
506752,1,0,2,1
506755,1,0,2,1
506757,1,0,2,1
506759,1,0,2,1
506761,1,0,2,1
506766,1,0,2,1
506774,1,0,2,1
506818,0,1,1,2
506829,1,0,2,1
506920,0,1,1,2
506927,0,1,1,2
506929,0,1,1,2
506932,0,1,1,2
506933,0,1,1,2
506934,0,1,1,2
507058,0,1,1,2
507061,0,1,1,2
507062,0,1,1,2
507065,0,1,1,2
507066,0,1,1,2
507108,4,1,5,2
507112,4,1,5,2
507115,0,1,1,2
507139,0,1,1,2
507145,0,1,1,2
507146,0,1,1,2
507151,0,1,1,2
507152,0,1,1,2
507224,1,0,2,1
507306,1,0,2,1
507308,1,0,2,1
507320,1,0,2,1
507322,1,0,2,1
507323,1,0,2,1
507325,1,0,2,1
507326,1,0,2,1
507340,1,0,2,1
507382,1,0,2,1
507405,0,6,1,7
507426,6,0,7,1
507462,0,1,1,2
507463,0,1,1,2
507464,0,1,1,2
507468,0,1,1,2
507469,0,1,1,2
507596,0,1,1,2
507601,0,1,1,2
507602,0,1,1,2
507603,0,1,1,2
507654,4,1,5,2
507656,0,1,1,2
507659,0,1,1,2
507681,0,1,1,2
507683,0,1,1,2
507684,0,1,1,2
507769,0,1,1,2
507853,1,0,2,1
507855,1,0,2,1
507862,1,0,2,1
507865,1,0,2,1
507867,1,0,2,1
507868,1,0,2,1
507869,1,0,2,1
507870,1,0,2,1
507885,1,0,2,1
507932,1,0,2,1
508005,0,1,1,2
508144,0,1,1,2
508195,0,1,1,2
508198,0,1,1,2
508220,0,1,1,2
508221,0,1,1,2
508226,0,1,1,2
508229,0,1,1,2
508237,0,1,1,2
508255,1,0,2,1
508307,1,6,2,7
508398,1,0,2,1
508399,1,0,2,1
508400,1,0,2,1
508403,1,0,2,1
508406,1,0,2,1
508412,1,0,2,1
508417,1,0,2,1
508418,1,0,2,1
508421,1,0,2,1
508424,1,0,2,1
508465,0,1,1,2
508472,1,0,2,1
508538,0,1,1,2
508672,0,1,1,2
508681,0,1,1,2
508682,0,1,1,2
508730,0,1,1,2
508776,0,1,1,2
508793,1,0,2,1
508800,1,0,2,1
508849,1,6,2,7
508850,1,6,2,7
508860,1,0,2,1
508861,1,0,2,1
508946,1,0,2,1
508954,1,0,2,1
508966,1,0,2,1
509009,0,1,1,2
509203,0,1,1,2
509205,0,1,1,2
509212,0,1,1,2
509257,4,1,5,2
509260,4,1,5,2
509262,4,1,5,2
509263,4,1,5,2
509267,0,1,1,2
509291,0,1,1,2
509293,0,1,1,2
509298,0,1,1,2
509299,0,1,1,2
509303,0,1,1,2
509304,0,1,1,2
509309,0,1,1,2
509311,0,1,1,2
509318,0,1,1,2
509335,1,0,2,1
509343,1,0,2,1
509485,1,0,2,1
509498,1,0,2,1
509551,0,1,1,2
509599,6,0,7,1
509738,0,1,1,2
509745,0,1,1,2
509746,0,1,1,2
509747,0,1,1,2
509761,0,1,1,2
509838,0,1,1,2
509872,1,0,2,1
510028,1,0,2,1
510034,1,0,2,1
510255,0,1,1,2
510261,0,1,1,2
510265,0,1,1,2
510276,0,1,1,2
510277,0,1,1,2
510342,0,1,1,2
510344,0,1,1,2
510349,0,1,1,2
510351,0,1,1,2
510353,0,1,1,2
510360,0,1,1,2
510389,1,0,2,1
510392,1,0,2,1
510393,1,0,2,1
510551,1,0,2,1
510759,0,1,1,2
510760,0,1,1,2
510762,0,1,1,2
510765,0,1,1,2
510766,0,1,1,2
510776,0,1,1,2
510813,0,1,1,2
510845,0,1,1,2
510851,0,1,1,2
510852,0,1,1,2
510856,0,1,1,2
510858,0,1,1,2
510864,0,1,1,2
510898,1,0,2,1
511000,0,1,1,2
511049,1,0,2,1
511052,1,0,2,1
511054,1,0,2,1
511056,1,0,2,1
511146,6,0,7,1
511244,0,1,1,2
511248,0,1,1,2
511265,0,1,1,2
511342,0,1,1,2
511345,0,1,1,2
511352,0,1,1,2
511389,1,0,2,1
511499,0,1,1,2
511500,0,1,1,2
511547,1,0,2,1
511739,0,1,1,2
511793,4,1,5,2
511829,0,1,1,2
511831,0,1,1,2
511832,0,1,1,2
511849,0,1,1,2
511884,1,0,2,1
511889,1,0,2,1
512038,1,0,2,1
512047,1,0,2,1
512214,0,1,1,2
512230,0,1,1,2
512264,4,1,5,2
512272,1,4,2,5
512307,0,1,1,2
512316,0,1,1,2
512324,0,1,1,2
512363,1,0,2,1
512365,1,0,2,1
512370,1,0,2,1
512434,1,0,2,1
512527,1,0,2,1
512748,0,4,1,5
512751,0,4,1,5
512788,0,1,1,2
512798,0,1,1,2
512799,0,1,1,2
512849,1,0,2,1
512859,1,0,2,1
513179,1,0,2,1
513195,0,1,1,2
513197,0,1,1,2
513230,0,4,1,5
513238,0,4,1,5
513251,1,0,2,1
513337,1,0,2,1
513338,1,0,2,1
513499,1,0,2,1
513607,0,6,1,7
513610,6,0,7,1
513675,1,0,2,1
513677,0,1,1,2
513680,0,1,1,2
513716,4,1,5,2
513721,0,4,1,5
513722,0,4,1,5
513723,0,4,1,5
513725,0,4,1,5
513808,0,1,1,2
513834,1,0,2,1
513837,1,0,2,1
513980,1,0,2,1
513992,1,0,2,1
514096,0,6,1,7
514160,1,0,2,1
514161,1,0,2,1
514204,0,1,1,2
514208,0,4,1,5
514246,0,1,1,2
514325,1,0,2,1
514327,1,0,2,1
514328,1,0,2,1
514397,0,1,1,2
514399,1,0,2,1
514473,1,0,2,1
514485,1,0,2,1
514577,6,0,7,1
514650,1,0,2,1
514652,1,0,2,1
514659,0,1,1,2
514663,0,1,1,2
514696,4,1,5,2
514709,0,1,1,2
514739,0,1,1,2
514818,1,0,2,1
514895,1,0,2,1
514923,0,1,1,2
514979,1,0,2,1
515073,0,6,1,7
515074,0,6,1,7
515081,0,6,1,7
515125,1,0,2,1
515136,1,0,2,1
515145,0,1,1,2
515177,4,1,5,2
515190,0,1,1,2
515374,0,1,1,2
515378,1,0,2,1
515402,0,1,1,2
515465,1,0,2,1
515470,1,0,2,1
515606,0,1,1,2
515611,1,0,2,1
515620,1,0,2,1
515621,1,0,2,1
515703,0,1,1,2
515862,0,1,1,2
515893,0,1,1,2
515895,0,1,1,2
515901,0,1,1,2
515958,1,0,2,1
515961,1,0,2,1
516016,0,1,1,2
516050,6,0,7,1
516090,0,1,1,2
516104,1,0,2,1
516119,0,1,1,2
516189,0,1,1,2
516441,1,0,2,1
516450,1,0,2,1
516451,1,0,2,1
516583,1,0,2,1
516586,1,0,2,1
516587,1,0,2,1
516588,1,0,2,1
516591,1,0,2,1
516612,0,1,1,2
516613,0,1,1,2
516835,0,1,1,2
516935,1,0,2,1
516936,1,0,2,1
516939,1,0,2,1
516941,1,0,2,1
516945,1,0,2,1
517080,1,0,2,1
517098,0,1,1,2
517099,0,1,1,2
517105,0,1,1,2
517106,0,1,1,2
517107,0,1,1,2
517110,0,1,1,2
517112,0,1,1,2
517113,0,1,1,2
517127,4,1,5,2
517132,0,1,1,2
517147,0,1,1,2
517430,1,0,2,1
517432,1,0,2,1
517438,1,0,2,1
517440,1,0,2,1
517462,1,0,2,1
517597,0,1,1,2
517600,0,1,1,2
517617,4,1,5,2
517618,4,1,5,2
517621,0,1,1,2
517664,0,1,1,2
517817,0,6,1,7
517929,1,0,2,1
517934,1,0,2,1
517955,1,0,2,1
517960,1,0,2,1
518004,0,6,1,7
518049,0,1,1,2
518057,1,0,2,1
518087,0,1,1,2
518105,4,1,5,2
518108,4,1,5,2
518130,0,1,1,2
518152,0,1,1,2
518210,0,1,1,2
518300,0,6,1,7
518304,1,0,2,1
518419,1,0,2,1
518420,1,0,2,1
518421,1,0,2,1
518446,1,0,2,1
518494,0,6,1,7
518535,1,0,2,1
518536,1,0,2,1
518537,1,0,2,1
518540,1,0,2,1
518541,1,0,2,1
518564,0,1,1,2
518569,0,1,1,2
518585,4,1,5,2
518586,4,1,5,2
518592,0,1,1,2
518779,0,6,1,7
518906,1,0,2,1
518923,1,0,2,1
518936,1,0,2,1
518937,1,0,2,1
518966,0,6,1,7
518967,0,6,1,7
518979,0,6,1,7
519016,1,0,2,1
519017,1,0,2,1
519045,0,1,1,2
519060,0,1,1,2
519063,0,1,1,2
519070,0,1,1,2
519072,0,1,1,2
519109,0,1,1,2
519380,1,0,2,1
519401,1,0,2,1
519403,1,0,2,1
519415,1,0,2,1
519446,0,6,1,7
519449,0,6,1,7
519478,1,0,2,1
519480,1,0,2,1
519489,1,0,2,1
519512,0,1,1,2
519513,0,1,1,2
519533,4,1,5,2
519536,0,1,1,2
519543,0,1,1,2
519582,0,1,1,2
519847,1,0,2,1
519852,1,0,2,1
519874,1,0,2,1
519880,1,0,2,1
519887,1,0,2,1
519901,1,0,2,1
519917,0,6,1,7
519955,1,0,2,1
519996,0,1,1,2
519997,0,1,1,2
519998,0,1,1,2
519999,0,1,1,2
520000,4,1,5,2
520003,0,1,1,2
520191,1,0,2,1
520195,1,0,2,1
520339,1,0,2,1
520341,1,0,2,1
520350,1,0,2,1
520353,1,0,2,1
520370,1,0,2,1
520373,1,0,2,1
520409,1,0,2,1
520412,1,0,2,1
520415,1,0,2,1
520416,1,0,2,1
520460,0,1,1,2
520461,0,1,1,2
520521,0,1,1,2
520782,1,0,2,1
520804,1,0,2,1
520808,1,0,2,1
520813,1,0,2,1
520867,1,0,2,1
520872,1,0,2,1
520874,1,0,2,1
520917,0,1,1,2
520918,0,1,1,2
520919,0,1,1,2
520921,0,1,1,2
520922,0,1,1,2
520923,0,1,1,2
520959,1,0,2,1
520962,1,0,2,1
520976,0,1,1,2
521256,1,0,2,1
521259,1,0,2,1
521261,1,0,2,1
521286,0,1,1,2
521328,1,0,2,1
521386,0,1,1,2
521391,0,1,1,2
521392,0,1,1,2
521393,0,1,1,2
521420,1,0,2,1
521434,0,1,1,2
521708,1,0,2,1
521710,1,0,2,1
521719,1,0,2,1
521784,1,0,2,1
521790,1,0,2,1
521791,1,0,2,1
521794,1,0,2,1
521842,0,1,1,2
521853,0,1,1,2
521854,0,1,1,2
521886,0,1,1,2
521887,0,1,1,2
521891,0,1,1,2
522140,1,0,2,1
522146,1,0,2,1
522160,1,0,2,1
522161,1,0,2,1
522172,1,0,2,1
522175,1,0,2,1
522176,1,0,2,1
522206,1,0,2,1
522240,1,0,2,1
522243,1,0,2,1
522248,1,0,2,1
522294,0,1,1,2
522300,0,1,1,2
522342,0,1,1,2
522599,1,0,2,1
522600,1,0,2,1
522629,1,0,2,1
522630,1,0,2,1
522631,1,0,2,1
522639,1,0,2,1
522650,0,1,1,2
522697,1,0,2,1
522700,1,0,2,1
522704,1,0,2,1
522752,0,1,1,2
522769,0,1,1,2
522770,0,1,1,2
522924,6,0,7,1
523058,1,0,2,1
523066,1,0,2,1
523074,1,0,2,1
523084,1,0,2,1
523087,1,0,2,1
523093,1,0,2,1
523106,0,1,1,2
523108,0,1,1,2
523118,1,0,2,1
523120,1,0,2,1
523135,0,6,1,7
523152,1,0,2,1
523153,1,0,2,1
523154,1,0,2,1
523166,1,0,2,1
523229,0,1,1,2
523370,6,0,7,1
523509,1,0,2,1
523544,1,0,2,1
523558,0,1,1,2
523561,0,1,1,2
523608,1,0,2,1
523610,1,0,2,1
523613,1,0,2,1
523616,1,0,2,1
523618,1,0,2,1
523621,1,0,2,1
523667,0,1,1,2
523668,0,1,1,2
523682,0,1,1,2
523695,0,1,1,2
523967,1,0,2,1
523968,1,0,2,1
523969,1,0,2,1
524002,1,0,2,1
524021,0,1,1,2
524029,1,0,2,1
524075,1,0,2,1
524079,1,0,2,1
524082,1,0,2,1
524085,1,0,2,1
524134,0,1,1,2
524432,1,0,2,1
524433,1,0,2,1
524435,1,0,2,1
524439,1,0,2,1
524440,1,0,2,1
524484,0,1,1,2
524498,1,0,2,1
524506,6,0,7,1
524535,1,0,2,1
524542,1,0,2,1
524602,0,1,1,2
524614,0,1,1,2
524617,0,1,1,2
524905,1,0,2,1
524911,1,0,2,1
524966,1,0,2,1
525008,1,0,2,1
525011,1,0,2,1
525091,0,1,1,2
525093,0,1,1,2
525420,0,1,1,2
525493,1,0,2,1
525494,1,0,2,1
525552,0,1,1,2
525556,0,1,1,2
525571,0,1,1,2
525929,1,0,2,1
525938,0,6,1,7
525954,0,6,1,7
525970,1,0,2,1
526035,0,1,1,2
526037,0,1,1,2
526053,0,1,1,2
526404,1,0,2,1
526407,1,0,2,1
526511,0,1,1,2
526530,0,1,1,2
526890,1,0,2,1
526914,0,6,1,7
526929,1,0,2,1
526933,1,0,2,1
526934,1,0,2,1
527014,0,1,1,2
527037,0,1,1,2
527347,1,0,2,1
527364,1,0,2,1
527408,1,0,2,1
527492,0,1,1,2
527505,0,1,1,2
527515,0,1,1,2
527806,1,0,2,1
527954,0,1,1,2
527956,0,1,1,2
527974,0,1,1,2
527977,0,1,1,2
527982,0,1,1,2
527985,0,1,1,2
528322,0,6,1,7
528324,0,6,1,7
528424,0,1,1,2
528444,0,1,1,2
528445,0,1,1,2
528450,0,1,1,2
528453,0,1,1,2
528741,1,0,2,1
528747,1,0,2,1
528791,0,6,1,7
528921,0,1,1,2
528929,0,1,1,2
529251,0,6,1,7
529346,0,1,1,2
529373,0,1,1,2
529375,0,1,1,2
529802,0,1,1,2
529837,0,1,1,2
529838,0,1,1,2
529944,1,0,2,1
530147,0,6,1,7
530243,0,1,1,2
530368,6,0,7,1
530386,1,0,2,1
530579,0,6,1,7
530677,0,1,1,2
530679,0,1,1,2
530714,0,1,1,2
530997,0,6,1,7
531071,0,1,1,2
531477,0,1,1,2
531650,1,0,2,1
531652,0,1,1,2
531831,0,6,1,7
531893,0,1,1,2
531917,0,1,1,2
532045,6,0,7,1
532046,1,0,2,1
532324,0,1,1,2
532413,0,6,1,7
532414,0,6,1,7
532437,0,6,1,7
532463,1,0,2,1
532476,1,0,2,1
532704,0,1,1,2
532716,0,1,1,2
532725,0,1,1,2
532726,0,1,1,2
532884,1,0,2,1
532885,0,1,1,2
532886,0,1,1,2
533045,0,6,1,7
533100,0,1,1,2
533105,0,1,1,2
533122,0,1,1,2
533123,0,1,1,2
533126,0,1,1,2
533130,0,1,1,2
533216,0,6,1,7
533217,0,6,1,7
533280,0,1,1,2
533497,0,1,1,2
533500,0,1,1,2
533501,0,1,1,2
533502,0,1,1,2
533503,0,1,1,2
533504,0,1,1,2
533598,0,6,1,7
533600,0,6,1,7
533639,6,1,7,2
533873,0,1,1,2
533881,0,1,1,2
534018,0,1,1,2
534154,1,0,2,1
534215,0,1,1,2
534221,0,1,1,2
534345,6,0,7,1
534482,1,0,2,1
534580,0,1,1,2
534590,1,0,2,1
534594,1,0,2,1
534833,1,0,2,1
534901,0,1,1,2
534919,1,0,2,1
534923,1,0,2,1
535145,1,0,2,1
535156,1,0,2,1
535233,1,0,2,1
535239,1,0,2,1
535242,1,0,2,1
535245,1,0,2,1
535329,1,0,2,1
535446,1,0,2,1
535453,1,0,2,1
535457,1,0,2,1
535496,0,1,1,2
535532,0,1,1,2
535726,1,0,2,1
535740,1,0,2,1
535745,1,0,2,1
535747,1,0,2,1
535823,1,0,2,1
535826,1,0,2,1
535839,1,0,2,1
535909,1,0,2,1
536018,1,0,2,1
536060,0,1,1,2
536096,1,0,2,1
536098,1,0,2,1
536099,1,0,2,1
536100,1,0,2,1
536109,1,0,2,1
536110,1,0,2,1
536186,1,0,2,1
536236,1,0,2,1
536240,1,0,2,1
536294,1,0,2,1
536295,1,0,2,1
536386,1,0,2,1
536388,1,0,2,1
536458,1,0,2,1
536512,1,0,2,1
536513,1,0,2,1
536569,1,0,2,1
536648,1,0,2,1
536735,1,0,2,1
536737,1,0,2,1
536739,1,0,2,1
536795,1,0,2,1
536797,1,0,2,1
536853,1,0,2,1
536854,1,0,2,1
536856,1,0,2,1
536933,1,0,2,1
536935,1,0,2,1
536944,1,0,2,1
537081,1,0,2,1
537084,1,0,2,1
537123,1,0,2,1
537136,1,0,2,1
537217,1,0,2,1
537218,1,0,2,1
537220,1,0,2,1
537222,1,0,2,1
537231,1,0,2,1
537331,0,6,1,7
537416,1,0,2,1
537417,1,0,2,1
537499,1,0,2,1
537587,1,0,2,1
537589,1,0,2,1
537590,1,0,2,1
537591,1,0,2,1
537602,6,0,7,1
537615,0,6,1,7
537616,0,6,1,7
537650,1,0,2,1
537652,1,0,2,1
537689,1,0,2,1
537692,1,0,2,1
537695,1,0,2,1
537702,1,0,2,1
537704,1,0,2,1
537753,0,1,1,2
537794,1,0,2,1
537799,1,0,2,1
537839,0,6,1,7
537864,6,0,7,1
537871,1,0,2,1
537874,1,0,2,1
537899,0,6,1,7
537901,0,6,1,7
537943,0,1,1,2
537944,0,1,1,2
537971,1,0,2,1
537974,1,0,2,1
537979,1,0,2,1
537981,1,0,2,1
537987,1,0,2,1
537991,1,0,2,1
537993,1,0,2,1
538039,0,1,1,2
538068,1,0,2,1
538151,6,0,7,1
538153,6,0,7,1
538155,1,0,2,1
538183,6,0,7,1
538191,1,0,2,1
538199,1,0,2,1
538203,1,0,2,1
538222,0,1,1,2
538225,0,1,1,2
538228,0,1,1,2
538248,1,0,2,1
538255,1,0,2,1
538257,1,0,2,1
538258,1,0,2,1
538260,1,0,2,1
538268,1,0,2,1
538269,1,0,2,1
538273,1,0,2,1
538281,0,6,1,7
538368,1,0,2,1
538413,0,6,1,7
538438,6,0,7,1
538439,6,0,7,1
538440,6,0,7,1
538483,1,0,2,1
538489,1,0,2,1
538512,0,1,1,2
538525,1,0,2,1
538540,1,0,2,1
538541,1,0,2,1
538545,1,0,2,1
538556,1,0,2,1
538643,1,0,2,1
538756,1,0,2,1
538760,1,0,2,1
538796,1,0,2,1
538798,1,0,2,1
538799,1,0,2,1
538809,1,0,2,1
538811,1,0,2,1
538817,1,0,2,1
538818,1,0,2,1
538820,1,0,2,1
538828,1,0,2,1
538831,1,0,2,1
538835,1,0,2,1
538836,1,0,2,1
538838,0,6,1,7
538918,1,0,2,1
538982,0,6,1,7
539025,1,0,2,1
539026,1,0,2,1
539032,1,0,2,1
539034,1,0,2,1
539035,1,0,2,1
539040,1,0,2,1
539086,1,0,2,1
539101,1,0,2,1
539106,1,0,2,1
539108,1,0,2,1
539111,0,6,1,7
539249,0,6,1,7
539298,1,0,2,1
539302,1,0,2,1
539316,1,0,2,1
539358,1,0,2,1
539366,1,0,2,1
539373,1,0,2,1
539374,1,0,2,1
539564,1,0,2,1
539567,1,0,2,1
539572,1,0,2,1
539573,1,0,2,1
539579,1,0,2,1
539613,1,0,2,1
539616,1,0,2,1
539638,0,6,1,7
539815,1,0,2,1
539818,1,0,2,1
539824,1,0,2,1
539825,1,0,2,1
539826,1,0,2,1
539830,1,0,2,1
539835,1,0,2,1
539836,1,0,2,1
539840,1,0,2,1
539872,1,0,2,1
539883,1,0,2,1
540030,0,6,1,7
540068,1,0,2,1
540076,1,0,2,1
540085,1,0,2,1
540122,1,0,2,1
540123,1,0,2,1
540128,1,0,2,1
540132,1,0,2,1
540139,1,0,2,1
540318,1,0,2,1
540332,1,0,2,1
540334,1,0,2,1
540335,1,0,2,1
540338,1,0,2,1
540381,1,0,2,1
540383,1,0,2,1
540386,1,0,2,1
540511,0,6,1,7
540533,0,6,1,7
540541,6,0,7,1
540571,1,0,2,1
540573,1,0,2,1
540575,1,0,2,1
540586,1,0,2,1
540592,1,0,2,1
540594,1,0,2,1
540628,1,0,2,1
540640,1,0,2,1
540642,1,0,2,1
540758,0,6,1,7
540815,1,0,2,1
540819,1,0,2,1
540821,1,0,2,1
540831,1,0,2,1
540840,1,0,2,1
540843,1,0,2,1
540844,1,0,2,1
540876,1,0,2,1
540881,1,0,2,1
540882,1,0,2,1
540885,1,0,2,1
540888,1,0,2,1
540895,1,0,2,1
540896,0,6,1,7
541068,1,0,2,1
541071,1,0,2,1
541073,1,0,2,1
541076,1,0,2,1
541082,1,0,2,1
541087,1,0,2,1
541089,1,0,2,1
541091,1,0,2,1
541133,1,0,2,1
541141,1,0,2,1
541143,1,0,2,1
541318,1,0,2,1
541325,1,0,2,1
541326,1,0,2,1
541384,1,0,2,1
541385,1,0,2,1
541388,1,0,2,1
541391,1,0,2,1
541522,6,0,7,1
541567,1,0,2,1
541568,1,0,2,1
541577,1,0,2,1
541578,1,0,2,1
541580,1,0,2,1
541617,1,0,2,1
541623,1,0,2,1
541625,1,0,2,1
541626,1,0,2,1
541630,1,0,2,1
541632,1,0,2,1
541739,0,6,1,7
541822,1,0,2,1
541873,1,0,2,1
542036,0,6,1,7
542107,1,0,2,1
542108,1,0,2,1
542111,1,0,2,1
542112,1,0,2,1
542293,1,0,2,1
542350,1,0,2,1
542353,1,0,2,1
542356,1,0,2,1
542531,1,0,2,1
542585,1,0,2,1
542586,1,0,2,1
542753,1,0,2,1
542754,1,0,2,1
542803,1,0,2,1
542804,1,0,2,1
542805,1,0,2,1
542809,1,0,2,1
542964,1,0,2,1
542965,1,0,2,1
543004,1,0,2,1
543316,1,0,2,1
543417,1,0,2,1
543421,1,0,2,1
543447,1,0,2,1
543542,1,0,2,1
543549,1,0,2,1
543668,1,0,2,1
543673,1,0,2,1
543692,0,1,1,2
543693,0,1,1,2
543793,1,0,2,1
543800,6,1,7,2
543802,6,1,7,2
543823,1,0,2,1
544060,6,0,7,1
544189,1,0,2,1
544323,1,0,2,1
544437,6,0,7,1
544438,6,0,7,1
544439,6,0,7,1
544455,1,0,2,1
544464,1,0,2,1
544574,6,0,7,1
544594,1,0,2,1
544602,1,0,2,1
544626,0,1,1,2
544730,1,0,2,1
544871,1,0,2,1
545313,0,1,1,2
545435,0,1,1,2
545451,0,1,1,2
545570,0,1,1,2
546361,1,0,2,1
546363,1,0,2,1
546364,1,0,2,1
546648,1,0,2,1
546650,1,0,2,1
546656,1,0,2,1
546789,1,0,2,1
546794,1,0,2,1
546797,1,0,2,1
546903,1,0,2,1
546929,1,0,2,1
546932,1,0,2,1
546940,1,0,2,1
546941,1,0,2,1
546958,1,0,2,1
546960,1,0,2,1
547048,1,0,2,1
547079,1,0,2,1
547083,1,0,2,1
547230,1,0,2,1
547237,1,0,2,1
547238,1,0,2,1
547256,1,0,2,1
547260,1,0,2,1
547347,1,0,2,1
547348,1,0,2,1
547377,1,0,2,1
547383,1,0,2,1
547407,1,0,2,1
547411,1,0,2,1
547525,1,0,2,1
547530,1,0,2,1
547531,1,0,2,1
547532,1,0,2,1
547560,1,0,2,1
547565,1,0,2,1
547569,1,0,2,1
547677,1,0,2,1
547678,1,0,2,1
547679,1,0,2,1
547721,1,0,2,1
547723,1,0,2,1
547726,1,0,2,1
547793,1,0,2,1
547873,1,0,2,1
547877,1,0,2,1
547879,1,0,2,1
547880,1,0,2,1
547883,1,0,2,1
547996,1,0,2,1
548019,1,0,2,1
548023,1,0,2,1
548025,1,0,2,1
548039,1,0,2,1
548090,1,0,2,1
548169,1,0,2,1
548176,1,0,2,1
548178,1,0,2,1
548185,1,0,2,1
548276,1,0,2,1
548278,1,0,2,1
548290,1,0,2,1
548308,1,0,2,1
548324,1,0,2,1
548329,1,0,2,1
548330,1,0,2,1
548416,1,0,2,1
548436,1,0,2,1
548453,1,0,2,1
548454,1,0,2,1
548564,1,0,2,1
548569,1,0,2,1
548608,1,0,2,1
548609,1,0,2,1
548681,1,0,2,1
548691,1,0,2,1
548692,1,0,2,1
548694,1,0,2,1
548696,1,0,2,1
548727,1,0,2,1
548729,1,0,2,1
548812,1,0,2,1
548814,1,0,2,1
548850,1,0,2,1
548924,1,0,2,1
548933,1,0,2,1
548942,1,0,2,1
548974,1,0,2,1
548976,1,0,2,1
549060,1,0,2,1
549061,1,0,2,1
549063,1,0,2,1
549064,1,0,2,1
549065,1,0,2,1
549189,1,0,2,1
549190,1,0,2,1
549191,1,0,2,1
549317,1,0,2,1
549414,0,1,1,2
549451,1,0,2,1
549553,0,1,1,2
549554,0,1,1,2
549735,1,0,2,1
549850,0,1,1,2
550375,0,1,1,2
550379,0,1,1,2
550380,0,1,1,2
550732,0,1,1,2
550738,0,1,1,2
551111,0,1,1,2
551276,1,0,2,1
551277,1,0,2,1
551297,0,1,1,2
551656,1,0,2,1
551868,0,1,1,2
551870,0,1,1,2
552059,1,0,2,1
552070,0,1,1,2
552454,0,1,1,2
552547,6,0,7,1
552649,1,0,2,1
552656,0,1,1,2
552852,0,1,1,2
552861,0,1,1,2
553063,0,1,1,2
553216,1,0,2,1
553413,1,0,2,1
553469,0,1,1,2
553750,1,4,2,5
553764,0,6,1,7
554069,0,1,1,2
554263,0,1,1,2
554337,1,4,2,5
554648,0,1,1,2
554794,1,0,2,1
554908,1,4,2,5
555225,0,1,1,2
555418,0,1,1,2
555830,4,1,5,2
556154,0,1,1,2
556343,0,1,1,2
556345,0,1,1,2
556402,4,1,5,2
556430,1,2,2,3
556434,1,2,2,3
556508,1,0,2,1
556535,0,1,1,2
556536,0,1,1,2
556589,4,1,5,2
556695,0,1,1,2
556722,0,1,1,2
556776,4,1,5,2
557063,1,0,2,1
557091,0,1,1,2
557246,1,0,2,1
557428,1,0,2,1
557616,1,0,2,1
557719,2,1,3,2
557856,0,1,1,2
558036,1,0,2,1
558042,0,1,1,2
558044,0,1,1,2
558048,0,1,1,2
558217,1,0,2,1
558220,0,1,1,2
558233,0,1,1,2
558236,0,1,1,2
558270,1,2,2,3
558352,1,0,2,1
558452,1,2,2,3
558591,0,1,1,2
558767,0,1,1,2
558769,1,0,2,1
558787,4,2,5,3
558941,1,0,2,1
558960,2,1,3,2
558980,1,2,2,3
559113,1,0,2,1
559115,1,0,2,1
559156,1,2,2,3
559163,1,2,2,3
559167,1,2,2,3
559314,2,1,3,2
559343,1,2,2,3
559345,1,2,2,3
559509,1,2,2,3
559513,1,2,2,3
559515,1,2,2,3
559667,2,5,3,6
559690,1,2,2,3
559768,1,0,2,1
559853,1,2,2,3
559854,1,2,2,3
559856,1,2,2,3
559858,1,2,2,3
559974,5,1,6,2
559975,5,1,6,2
559977,5,1,6,2
559998,1,5,2,6
560000,1,2,2,3
560126,0,1,1,2
560129,0,1,1,2
560133,0,1,1,2
560167,1,2,2,3
560276,0,1,1,2
560277,0,1,1,2
560280,0,1,1,2
560323,1,2,2,3
560327,1,2,2,3
560430,0,1,1,2
560431,0,1,1,2
560433,0,1,1,2
560451,0,5,1,6
560458,1,5,2,6
560462,5,1,6,2
560480,1,2,2,3
560490,1,2,2,3
560586,0,1,1,2
560587,0,1,1,2
560590,0,1,1,2
560606,1,5,2,6
560608,1,5,2,6
560611,1,5,2,6
560614,1,5,2,6
560646,1,2,2,3
560699,1,0,2,1
560742,0,1,1,2
560760,0,1,1,2
560769,1,5,2,6
560791,1,2,2,3
560795,1,2,2,3
560900,0,1,1,2
560902,0,1,1,2
560954,1,2,2,3
560957,1,2,2,3
561101,1,5,2,6
561116,1,2,2,3
561119,1,2,2,3
561120,1,2,2,3
561181,1,0,2,1
561233,0,1,1,2
561273,1,2,2,3
561431,1,2,2,3
561500,1,0,2,1
561546,0,1,1,2
561574,5,1,6,2
561578,1,5,2,6
561584,1,5,2,6
561594,1,2,2,3
561744,5,1,6,2
561763,1,2,2,3
561768,1,2,2,3
561888,0,1,1,2
561919,1,5,2,6
561938,1,2,2,3
561940,1,2,2,3
562103,1,5,2,6
562216,1,0,2,1
562231,0,1,1,2
562233,0,1,1,2
562263,1,5,2,6
562279,1,5,2,6
562573,0,1,1,2
562574,0,1,1,2
562613,1,2,2,3
562796,1,5,2,6
562967,1,5,2,6
563073,0,1,1,2
563131,1,5,2,6
563135,1,5,2,6
563243,0,1,1,2
563277,1,4,2,5
563285,1,2,2,3
563311,1,5,2,6
563456,1,2,2,3
563467,1,5,2,6
563545,1,0,2,1
563579,1,5,2,6
563585,1,2,2,3
563587,1,2,2,3
563589,1,2,2,3
563590,1,2,2,3
563593,1,2,2,3
563601,1,5,2,6
563719,1,2,2,3
563720,1,2,2,3
563722,1,2,2,3
563937,1,5,2,6
563950,1,2,2,3
564021,1,0,2,1
564053,1,5,2,6
564553,0,1,1,2
564657,0,1,1,2
564664,0,1,1,2
564752,0,1,1,2
564826,2,1,3,2
564843,0,1,1,2
564864,0,1,1,2
564922,2,1,3,2
564928,2,1,3,2
564943,0,1,1,2
564953,0,1,1,2
564955,0,1,1,2
564956,1,4,2,5
564964,0,1,1,2
564965,0,1,1,2
565017,5,1,6,2
565026,5,1,6,2
565043,0,1,1,2
565046,0,1,1,2
565063,0,1,1,2
565064,0,1,1,2
565128,5,1,6,2
565158,0,1,1,2
565320,5,1,6,2
565528,0,1,1,2
565608,5,1,6,2
565709,5,1,6,2
566383,5,2,6,3
566517,5,2,6,3
566653,5,2,6,3
566775,1,2,2,3
566777,1,2,2,3
566790,5,2,6,3
566899,1,5,2,6
566993,2,1,3,2
566995,1,2,2,3
567017,1,5,2,6
567108,2,1,3,2
567112,1,2,2,3
567135,1,5,2,6
567223,2,1,3,2
567255,1,5,2,6
567257,1,5,2,6
567342,2,1,3,2
567352,2,1,3,2
567506,1,2,2,3
567512,1,5,2,6
567520,1,2,2,3
567522,5,1,6,2
567627,2,1,3,2
567628,2,1,3,2
567654,1,5,2,6
567775,2,1,3,2
567802,1,5,2,6
567803,1,5,2,6
567809,1,2,2,3
567915,2,1,3,2
568198,2,1,3,2
568227,1,5,2,6
568374,2,5,3,6
568508,1,5,2,6
568643,1,2,2,3
568646,1,2,2,3
568648,1,2,2,3
568756,2,1,3,2
568891,2,1,3,2
568903,2,1,3,2
569032,2,1,3,2
569082,1,5,2,6
569083,2,5,3,6
569097,5,2,6,3
569173,2,1,3,2
569174,2,1,3,2
569181,1,2,2,3
569223,1,5,2,6
569365,1,5,2,6
569498,1,5,2,6
569607,1,2,2,3
569749,1,2,2,3
569903,1,2,2,3
569928,1,5,2,6
569930,2,5,3,6
569942,2,1,3,2
570024,1,5,2,6
570044,1,2,2,3
570049,1,2,2,3
570071,1,5,2,6
570086,1,2,2,3
570168,1,5,2,6
570184,1,2,2,3
570188,2,1,3,2
570192,1,2,2,3
570217,1,2,2,3
570311,1,5,2,6
570312,1,5,2,6
570336,1,2,2,3
570502,1,5,2,6
570503,1,5,2,6
570511,2,1,3,2
570609,1,2,2,3
570722,1,2,2,3
570748,2,1,3,2
570749,2,1,3,2
570780,1,5,2,6
570790,2,1,3,2
570876,2,5,3,6
570891,2,1,3,2
570988,2,1,3,2
571035,1,2,2,3
571065,1,5,2,6
571133,2,1,3,2
571164,2,5,3,6
571176,1,2,2,3
571188,2,1,3,2
571189,2,1,3,2
571203,1,5,2,6
571287,5,1,6,2
571331,2,1,3,2
571334,1,2,2,3
571343,1,5,2,6
571430,5,1,6,2
571445,2,5,3,6
571460,1,2,2,3
571571,5,1,6,2
571602,1,2,2,3
571604,2,1,3,2
571620,1,2,2,3
571651,1,2,2,3
571718,5,1,6,2
571747,1,2,2,3
571778,1,5,2,6
571858,5,1,6,2
571874,2,5,3,6
571894,2,1,3,2
571953,1,2,2,3
571955,1,2,2,3
571956,1,2,2,3
571986,5,1,6,2
571988,5,1,6,2
571989,5,1,6,2
572003,2,5,3,6
572035,1,5,2,6
572036,1,5,2,6
572050,2,1,3,2
572079,2,1,3,2
572088,2,1,3,2
572151,1,2,2,3
572160,1,5,2,6
572162,1,5,2,6
572164,1,5,2,6
572169,1,5,2,6
572179,2,1,3,2
572180,2,1,3,2
572231,1,2,2,3
572258,5,2,6,3
572278,1,2,2,3
572287,1,5,2,6
572288,1,5,2,6
572292,1,5,2,6
572296,1,5,2,6
572359,1,2,2,3
572360,1,2,2,3
572368,5,1,6,2
572409,1,5,2,6
572415,1,5,2,6
572452,2,1,3,2
572503,5,1,6,2
572526,1,2,2,3
572542,1,5,2,6
572560,2,1,3,2
572579,5,1,6,2
572592,2,1,3,2
572626,5,1,6,2
572629,2,1,3,2
572659,1,2,2,3
572660,1,2,2,3
572667,2,1,3,2
572671,1,5,2,6
572689,2,1,3,2
572789,2,1,3,2
572861,2,1,3,2
572882,5,2,6,3
572955,2,1,3,2
573072,2,1,3,2
573108,5,2,6,3
573168,5,1,6,2
573209,1,2,2,3
573286,5,1,6,2
573402,1,2,2,3
573472,2,5,3,6
573539,1,5,2,6
573562,2,1,3,2
573566,1,2,2,3
573603,5,2,6,3
573666,5,1,6,2
573749,2,5,3,6
573917,5,1,6,2
574230,5,2,6,3
574395,2,5,3,6
574417,5,2,6,3
574460,5,2,6,3
574590,5,2,6,3
574595,5,2,6,3
574629,5,1,6,2
574661,5,2,6,3
574700,5,2,6,3
574711,5,2,6,3
574744,2,5,3,6
574780,5,2,6,3
574953,2,5,3,6
575001,5,1,6,2
575096,5,2,6,3
575579,2,1,3,2
575713,2,5,3,6
575740,5,1,6,2
575779,1,2,2,3
575804,5,2,6,3
575816,5,3,6,4
575829,5,1,6,2
575834,5,2,6,3
575837,2,5,3,6
575838,2,5,3,6
575870,1,2,2,3
575935,2,5,3,6
575963,1,2,2,3
576050,1,2,2,3
576098,2,5,3,6
576151,1,5,2,6
576153,1,5,2,6
576169,5,1,6,2
576181,2,5,3,6
576183,2,5,3,6
576187,2,5,3,6
576235,1,2,2,3
576244,1,5,2,6
576245,1,5,2,6
576289,2,5,3,6
576294,5,2,6,3
576336,1,5,2,6
576362,2,5,3,6
576366,2,5,3,6
576374,5,2,6,3
576375,5,2,6,3
576376,5,2,6,3
576448,5,1,6,2
576519,1,2,2,3
576543,5,1,6,2
576572,5,2,6,3
576613,1,2,2,3
576632,5,1,6,2
576701,1,2,2,3
576703,1,2,2,3
576704,1,2,2,3
576709,1,5,2,6
576722,5,1,6,2
576728,5,2,6,3
576754,2,5,3,6
576766,5,1,6,2
576793,1,2,2,3
576799,5,1,6,2
576803,5,1,6,2
576889,5,1,6,2
576892,5,1,6,2
576980,5,2,6,3
576982,5,1,6,2
577078,5,2,6,3
577081,5,2,6,3
577083,5,2,6,3
577168,5,2,6,3
577384,5,2,6,3
577613,2,6,3,7
577838,2,5,3,6
577950,5,2,6,3
578039,5,2,6,3
578087,2,1,3,2
578088,2,1,3,2
578124,5,1,6,2
578218,2,5,3,6
578300,2,5,3,6
578302,2,5,3,6
578303,2,5,3,6
578305,2,1,3,2
578324,2,5,3,6
578384,2,5,3,6
578385,2,5,3,6
578401,2,5,3,6
578457,5,2,6,3
578458,5,2,6,3
578938,2,5,3,6
579020,2,5,3,6
579087,2,5,3,6
579251,2,5,3,6
579288,2,3,3,4
579338,2,5,3,6
579353,2,1,3,2
579354,2,1,3,2
579356,2,1,3,2
579382,2,5,3,6
579395,2,1,3,2
579397,2,1,3,2
579438,2,1,3,2
579439,2,1,3,2
579464,5,2,6,3
579465,5,2,6,3
579479,2,1,3,2
579512,5,2,6,3
579523,2,5,3,6
579592,2,5,3,6
579615,2,1,3,2
579636,2,5,3,6
579637,2,5,3,6
579638,2,5,3,6
579708,2,1,3,2
579753,2,1,3,2
579778,2,1,3,2
579849,2,1,3,2
579888,5,1,6,2
579919,2,5,3,6
579923,5,1,6,2
579928,5,1,6,2
579965,2,1,3,2
579967,2,5,3,6
579985,2,1,3,2
580015,2,5,3,6
580030,5,1,6,2
580067,5,1,6,2
580072,5,1,6,2
580077,5,1,6,2
580108,2,5,3,6
580110,5,1,6,2
580116,5,1,6,2
580153,2,1,3,2
580154,5,1,6,2
580172,2,1,3,2
580173,2,1,3,2
580205,2,5,3,6
580207,5,1,6,2
580215,5,1,6,2
580217,5,1,6,2
580219,5,1,6,2
580220,5,1,6,2
580264,5,1,6,2
580268,2,1,3,2
580311,5,1,6,2
580313,5,1,6,2
580356,5,2,6,3
580397,5,1,6,2
580610,2,1,3,2
580705,2,1,3,2
