prob_class_0,prob_class_1,true_label
0.82873434,0.17126569,1
0.9791405,0.020859474,0
0.96944237,0.0305576,1
0.9588608,0.041139167,0
0.9263131,0.07368693,0
0.91802627,0.0819738,0
0.9157688,0.08423118,0
0.93766385,0.062336195,1
0.9408579,0.059142128,1
0.9593991,0.040600915,0
0.9630259,0.0369741,0
0.96364444,0.03635557,0
0.96043783,0.0395622,0
0.97435975,0.02564024,0
0.90736276,0.09263725,0
0.9550479,0.044952024,0
0.9607973,0.039202694,0
0.94730496,0.052694995,0
0.95942897,0.04057099,0
0.80293626,0.19706374,1
0.98332316,0.016676804,0
0.9744882,0.025511809,1
0.9330503,0.06694969,0
0.9227846,0.07721532,1
0.92332685,0.07667317,1
0.9224727,0.07752728,1
0.9579803,0.042019766,0
0.96750534,0.03249471,0
0.95869803,0.04130199,0
0.96189505,0.03810494,0
0.883998,0.11600203,1
0.42629316,0.5737068,1
0.7757277,0.22427237,1
0.70507646,0.29492345,1
0.5222593,0.47774068,1
0.34830338,0.6516966,1
0.13858892,0.8614111,1
0.923,0.07699997,0
0.05436882,0.94563115,1
0.15873934,0.8412607,1
0.93421686,0.065783136,0
0.31906343,0.6809366,0
0.9792518,0.020748228,0
0.9847637,0.015236311,0
0.98206896,0.017931018,0
0.80318534,0.19681473,0
0.9349923,0.06500766,0
0.8522284,0.14777157,0
0.9384179,0.061582036,0
0.21327451,0.78672546,1
0.47891283,0.5210872,1
0.9645394,0.035460636,0
0.9824813,0.017518656,0
0.9181406,0.08185944,1
0.8307347,0.16926531,1
0.82763493,0.17236507,1
0.26592672,0.7340733,1
0.32233593,0.67766404,1
0.94188935,0.058110677,0
0.9627884,0.03721157,0
0.94087815,0.05912186,0
0.95003384,0.049966186,0
0.98032504,0.01967499,0
0.046194583,0.95380545,1
0.008814892,0.9911851,1
0.013120759,0.9868793,1
0.023492148,0.9765079,1
0.008332808,0.9916672,1
0.010854494,0.9891455,1
0.015858639,0.9841413,1
0.013939768,0.98606026,1
0.0104548875,0.98954505,1
0.041290406,0.95870954,1
0.10740846,0.8925915,0
0.95661753,0.043382455,0
0.9719971,0.0280029,0
0.5507796,0.44922045,0
0.498465,0.50153506,0
0.020453757,0.97954625,1
0.013522725,0.98647726,1
0.018885328,0.9811147,1
0.06070962,0.9392904,0
0.03678041,0.9632196,0
0.05449695,0.94550306,0
0.3030764,0.6969237,0
0.40086514,0.59913486,0
0.7553149,0.24468508,0
0.12831783,0.87168217,0
0.014914019,0.98508596,1
0.014343757,0.98565626,1
0.0584497,0.9415503,1
0.05048282,0.94951713,1
0.42993304,0.5700669,0
0.05267542,0.9473245,1
0.042978365,0.95702165,1
0.097072,0.90292794,0
0.4194451,0.58055484,0
0.39777082,0.6022292,0
0.36777982,0.6322202,0
0.07344816,0.9265519,0
0.031715684,0.9682843,1
0.06266756,0.93733245,0
0.06614974,0.9338503,0
0.043088287,0.95691174,1
0.089900665,0.9100994,1
0.27187592,0.7281241,0
0.48346955,0.5165305,0
0.6684894,0.3315106,0
0.6521456,0.34785432,0
0.06231745,0.9376825,1
0.30847043,0.6915296,0
0.04519085,0.9548092,1
0.0361928,0.9638072,1
0.044610944,0.955389,1
0.044366486,0.95563346,1
0.030740354,0.9692597,1
0.030943455,0.96905655,1
0.67820317,0.3217969,0
0.7084442,0.29155582,0
0.6529115,0.3470885,0
0.02096297,0.9790371,1
0.23067316,0.7693268,0
0.27222767,0.7277723,0
0.17123486,0.8287651,0
0.4106611,0.5893389,0
0.96561384,0.034386206,0
0.14917369,0.8508263,1
0.15172394,0.8482761,1
0.048240364,0.9517597,1
0.13131517,0.8686848,1
0.9264548,0.07354521,0
0.9763376,0.02366239,0
0.98850226,0.0114978105,0
0.007971552,0.9920284,1
0.009951855,0.99004817,1
0.010342522,0.98965746,1
0.017071886,0.9829281,1
0.014303586,0.98569643,1
0.010483144,0.9895168,1
0.032589786,0.96741015,1
0.09120558,0.90879446,1
0.024485622,0.97551435,1
0.08293558,0.91706437,0
0.5327485,0.46725148,0
0.01914731,0.98085266,1
0.06369816,0.9363018,0
0.024643099,0.97535694,1
0.030891594,0.9691084,1
0.0539871,0.9460129,1
0.05057489,0.94942516,1
0.9689934,0.031006617,0
0.5548691,0.44513094,0
0.0145871565,0.9854129,1
0.02513216,0.9748678,1
0.03392546,0.9660746,1
0.0701341,0.92986596,1
0.04329707,0.95670295,1
0.5015227,0.4984773,0
0.5949871,0.40501294,0
0.094969675,0.90503025,1
0.9386273,0.06137265,0
0.9429561,0.05704392,0
0.9567989,0.043201122,0
0.06703075,0.9329692,1
0.115016155,0.88498384,1
0.96034455,0.039655432,0
0.05068333,0.9493166,1
0.9604057,0.0395943,0
0.98706585,0.012934102,0
0.06356659,0.93643343,1
0.10325882,0.89674115,1
0.11781913,0.8821809,1
0.95680773,0.043192215,0
0.9581062,0.04189382,0
0.078669146,0.92133087,1
0.03704136,0.96295863,1
0.03163993,0.96836007,1
0.6072218,0.39277822,0
0.5835469,0.4164531,0
0.35969102,0.6403089,0
0.083021626,0.91697836,1
0.15353477,0.8464652,0
0.13415182,0.8658482,0
0.15032169,0.84967834,0
0.22087869,0.7791213,0
0.5559448,0.44405517,0
0.67241997,0.32758003,0
0.42108673,0.5789132,0
0.07024157,0.9297584,1
0.057687815,0.9423122,1
0.17949516,0.8205049,0
0.08625346,0.91374654,1
0.0064486824,0.99355125,1
0.14092803,0.859072,0
0.63382673,0.36617333,0
0.027111681,0.97288835,1
0.0092518525,0.9907481,1
0.0053454055,0.99465466,1
0.0023883816,0.99761164,1
0.011968314,0.9880316,1
0.2801617,0.71983826,0
0.34536994,0.65463006,0
0.9207775,0.07922252,0
0.9161295,0.08387045,0
0.9376978,0.062302154,0
0.94158375,0.058416292,0
0.9415391,0.05846082,0
0.9434059,0.056594018,0
0.9483299,0.051670074,0
0.9634717,0.03652829,0
0.9584539,0.041546147,0
0.9666494,0.03335061,0
0.9547516,0.045248438,0
0.9519352,0.048064865,0
0.9606698,0.039330237,0
0.8967305,0.10326951,0
0.95018375,0.049816247,0
0.957169,0.042831,0
0.95829296,0.04170707,0
0.9631427,0.036857277,0
0.5203668,0.47963327,1
0.57957476,0.42042524,1
0.07488009,0.9251199,1
0.9448714,0.055128634,0
0.9323859,0.06761405,0
0.94158465,0.05841533,0
0.9393756,0.06062445,0
0.96638954,0.0336105,0
0.96148217,0.038517866,0
0.94965637,0.050343648,0
0.9502393,0.04976073,0
0.95729387,0.042706132,0
0.9111967,0.088803336,0
0.9646471,0.035352908,0
0.9430554,0.05694464,0
0.95746964,0.042530388,0
0.98550606,0.0144939665,0
0.8821284,0.1178716,1
0.19154969,0.8084503,1
0.13533773,0.86466223,1
0.9612379,0.038762107,0
0.97041535,0.029584695,0
0.97622716,0.023772812,0
0.9800687,0.019931337,0
0.9684893,0.031510707,0
0.98657286,0.0134271495,0
0.98400635,0.015993597,0
0.9815106,0.01848941,0
0.9616061,0.038393967,0
0.9510537,0.048946336,0
0.9103528,0.08964716,0
0.16245978,0.83754015,1
0.14696874,0.8530313,1
0.17759152,0.8224085,1
0.10140343,0.89859664,1
0.9361944,0.06380563,0
0.971624,0.028375976,0
0.98735285,0.012647194,0
0.8485416,0.15145832,0
0.027688235,0.97231174,1
0.8793444,0.12065562,0
0.89272934,0.10727064,0
0.8986707,0.10132931,0
0.27865666,0.7213433,1
0.33778018,0.6622199,1
0.7436107,0.25638935,1
0.96828663,0.03171333,0
0.88394743,0.116052605,0
0.8795976,0.12040236,0
0.9214747,0.078525335,0
0.9351423,0.06485769,0
0.9472062,0.052793786,0
0.96583706,0.0341629,0
0.9410942,0.058905788,0
0.94137347,0.058626503,0
0.942237,0.05776301,0
0.933273,0.06672699,0
0.9536145,0.046385568,0
0.43889192,0.56110805,1
0.9744913,0.025508696,0
0.48628855,0.51371145,1
0.2523057,0.7476944,1
0.9481429,0.051857106,0
0.9502031,0.04979684,0
0.95251745,0.04748254,0
0.9591546,0.04084537,0
0.95516056,0.044839386,0
0.91499645,0.08500349,0
0.9580304,0.04196958,0
0.96188104,0.038118962,0
0.9609138,0.039086204,0
0.9620965,0.037903484,0
0.41000026,0.58999974,1
0.982156,0.017844008,0
0.9388911,0.061108883,0
0.9382756,0.061724365,0
0.9574551,0.04254493,0
0.95657325,0.043426696,0
0.31365353,0.6863465,1
0.69617397,0.30382603,1
0.8330523,0.16694772,0
0.881616,0.118383944,0
0.93560624,0.06439376,0
0.8990135,0.1009865,0
0.9072259,0.092774116,0
0.90426445,0.0957356,0
0.32350934,0.67649066,1
0.27833343,0.72166663,1
0.975834,0.024165958,0
0.84786284,0.15213722,1
0.17306824,0.8269317,1
0.08281486,0.9171851,1
0.9520164,0.047983605,0
0.066880465,0.9331195,1
0.061585523,0.93841445,1
0.9715902,0.028409734,0
0.96182644,0.03817349,0
0.96499676,0.035003167,0
0.25699064,0.7430093,1
0.15689182,0.84310824,1
0.14372121,0.8562788,1
0.95745456,0.04254545,0
0.9612953,0.03870473,0
0.04520552,0.9547945,1
0.8605455,0.13945448,0
0.9194192,0.08058077,0
0.97505206,0.024947884,0
0.97709376,0.022906212,0
0.9020382,0.09796181,0
0.8753354,0.12466462,0
0.42745814,0.57254183,1
0.09192812,0.9080719,1
0.099940695,0.9000592,1
0.09021394,0.9097861,1
0.06164943,0.93835056,1
0.020965489,0.97903454,1
0.0241572,0.9758428,1
0.067673184,0.93232685,1
0.66594857,0.3340514,0
0.22199713,0.77800286,0
0.9374666,0.06253335,0
0.91510886,0.084891096,0
0.027645437,0.9723546,1
0.034826636,0.9651733,1
0.04378345,0.9562166,1
0.95462936,0.045370605,0
0.05624844,0.9437515,1
0.33062086,0.6693791,0
0.34638736,0.65361273,0
0.4702502,0.5297499,0
0.5201034,0.47989666,0
0.4345369,0.56546307,0
0.21239036,0.78760964,0
0.1993271,0.8006729,1
0.027570985,0.972429,1
0.06437293,0.9356271,1
0.049989644,0.9500104,1
0.38105538,0.6189446,0
0.03408902,0.9659109,1
0.35344443,0.64655554,0
0.24912788,0.7508721,0
0.091643594,0.9083564,0
0.08748407,0.912516,0
0.086865984,0.91313404,0
0.08639403,0.913606,0
0.018289313,0.98171073,1
0.07185822,0.92814183,0
0.14901502,0.85098493,0
0.45381266,0.54618734,0
0.218278,0.781722,0
0.3623017,0.63769823,0
0.38614187,0.6138582,0
0.044574395,0.95542556,1
0.18315712,0.81684285,0
0.16579472,0.83420527,0
0.029765397,0.97023463,1
0.0715776,0.9284224,1
0.8435647,0.15643528,0
0.6185873,0.38141274,0
0.61146706,0.38853294,0
0.0141193,0.9858807,1
0.06116995,0.9388301,0
0.34336346,0.65663654,0
0.345664,0.65433604,0
0.5801304,0.41986957,0
0.860913,0.13908702,0
0.88693357,0.11306645,0
0.8773503,0.12264972,0
0.80466616,0.19533376,0
0.56570166,0.43429834,0
0.46942034,0.5305797,0
0.10237534,0.8976247,1
0.56827056,0.4317294,0
0.5895285,0.4104715,0
0.93180335,0.06819663,0
0.023982055,0.97601795,1
0.06924259,0.93075734,1
0.24218147,0.7578185,0
0.07615032,0.9238497,1
0.24150659,0.7584934,0
0.077217445,0.92278254,1
0.044573367,0.9554267,1
0.049993727,0.9500063,1
0.04146366,0.9585364,1
0.34482256,0.6551775,0
0.35706565,0.64293426,0
0.26595324,0.7340467,0
0.28594613,0.71405387,0
0.07400917,0.9259908,1
0.18666765,0.8133323,0
0.21101375,0.78898627,1
0.14526033,0.85473967,1
0.25729945,0.7427005,0
0.8366959,0.1633041,0
0.8235156,0.17648445,0
0.748037,0.25196296,0
0.89505935,0.10494062,0
0.9506893,0.04931069,0
0.9627125,0.037287533,0
0.94444394,0.05555599,0
0.9525429,0.04745714,0
0.83228135,0.16771865,1
0.96232057,0.037679452,0
0.94583344,0.054166548,0
0.96876526,0.031234793,0
0.84492,0.15508004,1
0.9261564,0.07384353,0
0.80980146,0.19019848,1
0.95539933,0.044600643,0
0.8970675,0.10293255,1
0.9404942,0.059505805,0
0.9425893,0.057410732,0
0.9568398,0.04316019,0
0.9626415,0.03735849,0
0.9653426,0.034657374,0
0.9756664,0.02433361,0
0.9623855,0.037614577,0
0.95631886,0.04368114,0
0.9576256,0.04237438,0
0.94009084,0.059909146,1
0.93107194,0.06892803,0
0.7807357,0.2192644,1
0.9502433,0.049756683,0
0.8734589,0.12654105,1
0.91552126,0.084478736,1
0.8501329,0.14986709,1
0.33665276,0.66334724,1
0.33644578,0.6635542,1
0.622452,0.37754795,1
0.026210299,0.9737897,1
0.2831384,0.7168616,1
0.54660743,0.45339254,0
0.48002484,0.5199752,1
0.9752265,0.024773471,0
0.98135436,0.018645678,0
0.9645188,0.035481174,0
0.9815694,0.018430535,0
0.9863732,0.013626755,0
0.4135214,0.58647865,1
0.23232241,0.7676776,1
0.28227738,0.7177226,1
0.2802538,0.7197462,1
0.25144762,0.74855244,1
0.2803507,0.7196493,1
0.3616903,0.6383098,1
0.1364428,0.8635572,1
0.72991633,0.27008367,0
0.95690006,0.04309988,0
0.9628144,0.037185647,0
0.9735753,0.026424723,0
0.9861811,0.01381892,0
0.61506224,0.38493776,1
0.4968687,0.50313133,1
0.19147837,0.80852157,1
0.80008566,0.19991428,0
0.86037827,0.13962178,0
0.22245236,0.7775476,1
0.53938484,0.46061516,1
0.31020084,0.68979913,1
0.2654847,0.73451525,1
0.9602107,0.03978934,0
0.44395033,0.55604964,1
0.07488221,0.9251178,1
0.18944259,0.8105574,1
0.07876778,0.9212322,1
0.19645543,0.8035445,1
0.43311852,0.5668815,0
0.90879583,0.09120416,0
0.70232517,0.29767486,0
0.21186487,0.7881352,1
0.24312851,0.75687146,0
0.2725521,0.7274479,0
0.24741867,0.75258136,0
0.13075033,0.8692497,1
0.18950106,0.81049895,1
0.16922034,0.8307796,1
0.4585889,0.5414111,0
0.59614146,0.40385854,0
0.31845984,0.68154013,0
0.37520295,0.62479705,0
0.81856394,0.18143609,0
0.27727082,0.7227292,0
0.18463846,0.8153615,1
0.23010714,0.7698929,1
0.3032519,0.6967481,1
0.51469773,0.48530233,0
0.086599365,0.9134007,1
0.2604238,0.73957616,1
0.58142155,0.41857842,0
0.21212299,0.78787696,1
0.5206009,0.4793991,0
0.77744913,0.22255085,0
0.20556813,0.79443187,1
0.2002648,0.7997352,1
0.32905984,0.67094016,1
0.7390139,0.26098612,0
0.03017161,0.96982837,1
0.2789067,0.7210933,1
0.091708355,0.90829164,1
0.03096388,0.96903604,1
0.66908705,0.33091292,0
0.18682685,0.8131732,1
0.14354195,0.8564581,1
0.25052956,0.7494704,1
0.23807491,0.7619251,1
0.66147846,0.33852148,0
0.8643439,0.13565604,0
0.83938414,0.16061586,0
0.1378123,0.86218774,1
0.85572815,0.14427185,0
0.6889519,0.31104815,0
0.9746448,0.025355238,0
0.97529125,0.024708683,0
0.9467477,0.053252246,0
0.05129952,0.9487005,1
0.19649011,0.8035099,1
0.18846633,0.8115337,1
0.23946923,0.76053077,1
0.010474023,0.98952603,1
0.02661646,0.9733836,1
0.029936967,0.970063,1
0.1089285,0.89107156,1
0.86105466,0.13894534,0
0.11720576,0.8827943,1
0.33091733,0.6690827,0
0.7313592,0.26864076,0
0.75782645,0.24217363,0
0.38351157,0.61648846,0
0.36076808,0.63923186,1
0.46420527,0.53579473,1
0.8197674,0.1802326,0
0.7954468,0.20455316,0
0.13641241,0.86358756,1
0.116830304,0.8831697,1
0.97352624,0.026473787,0
0.9666794,0.03332054,0
0.36810654,0.63189346,1
0.11995272,0.88004726,1
0.34147903,0.65852094,1
0.09332525,0.90667474,1
0.0882017,0.9117983,1
0.43043664,0.5695634,0
0.3363093,0.6636907,0
0.19024915,0.8097509,1
0.5352818,0.4647183,0
0.13369668,0.8663033,1
0.097634256,0.9023658,1
0.3766302,0.62336975,0
0.37251297,0.627487,0
0.13339622,0.86660373,1
0.4063793,0.59362066,0
0.39463452,0.60536546,0
0.3646511,0.6353489,0
0.3627162,0.6372838,0
0.08258347,0.9174165,1
0.10130086,0.89869916,1
0.36497477,0.6350252,0
0.4161703,0.58382964,0
0.08166694,0.91833305,1
0.03155769,0.9684424,1
0.030566998,0.96943295,1
0.37382478,0.6261752,0
0.95295995,0.047040116,0
0.9542669,0.04573314,0
0.89896894,0.101031095,0
0.9139956,0.08600437,0
0.91922444,0.0807755,0
0.93937546,0.06062447,0
0.9401574,0.059842564,0
0.94515365,0.054846343,0
0.9657385,0.03426159,0
0.96685845,0.033141535,0
0.94943076,0.050569225,0
0.960387,0.03961294,0
0.9840671,0.01593288,0
0.33960798,0.660392,1
0.21449032,0.7855096,1
0.9451774,0.05482258,0
0.95198315,0.04801688,0
0.9649322,0.03506785,0
0.9685754,0.031424582,0
0.8941898,0.105810195,0
0.8974373,0.10256271,0
0.98845345,0.011546574,0
0.9855883,0.014411763,0
0.9812075,0.018792491,0
0.8850511,0.1149489,0
0.028283471,0.9717165,1
0.015511082,0.98448896,1
0.013047676,0.9869523,1
0.009265631,0.99073434,1
0.061668657,0.9383313,1
0.032217454,0.9677826,1
0.15845715,0.8415428,1
0.35103938,0.64896065,0
0.37128866,0.6287114,0
0.14706275,0.8529372,1
0.03180739,0.96819264,1
0.21612598,0.7838741,0
0.37136927,0.6286307,0
0.47428384,0.5257162,0
0.3249526,0.67504746,0
0.12667345,0.87332654,0
0.2287464,0.77125365,0
0.048923876,0.9510761,1
0.05302081,0.9469792,1
0.23343664,0.7665633,0
0.21536884,0.7846312,0
0.04469393,0.9553061,1
0.03505356,0.9649465,1
0.044925116,0.9550749,1
0.07195659,0.92804337,1
0.22202462,0.7779754,0
0.20562427,0.7943758,0
0.50001407,0.49998596,0
0.18561655,0.81438345,0
0.9491192,0.050880834,0
0.9253485,0.07465151,0
0.92338926,0.07661078,0
0.18751463,0.81248534,1
0.9321476,0.067852415,0
0.9419321,0.05806788,0
0.97783214,0.022167802,0
0.9641475,0.0358525,0
0.9737491,0.026250899,0
0.87324643,0.12675354,0
0.22332647,0.7766735,1
0.9667885,0.033211526,0
0.910774,0.08922601,0
0.16764611,0.8323539,1
0.30507272,0.69492733,1
0.96920925,0.030790737,0
0.8060452,0.19395487,1
0.73403656,0.2659635,1
0.4548293,0.5451707,1
0.23097305,0.769027,1
0.041131407,0.95886856,1
0.020804793,0.97919524,1
0.022298606,0.9777014,1
0.13259369,0.86740625,1
0.9670802,0.032919858,0
0.9705906,0.029409332,0
0.83608425,0.16391574,0
0.3764642,0.6235358,0
0.010949844,0.98905015,1
0.021238212,0.9787618,1
0.97321045,0.0267895,0
0.9207316,0.07926835,0
0.9331724,0.06682758,0
0.89682496,0.10317502,0
0.19703011,0.8029699,1
0.055521663,0.94447833,1
0.09341854,0.90658146,1
0.30377525,0.6962248,1
0.7811635,0.21883646,0
0.84400517,0.15599486,0
0.43362755,0.5663725,1
0.1028172,0.8971828,1
0.020149564,0.9798504,1
0.01599173,0.9840083,1
0.034248345,0.9657517,1
0.03742633,0.96257365,1
0.022380045,0.97761995,1
0.688482,0.311518,0
0.3722136,0.62778634,0
0.6139937,0.38600633,0
0.052769024,0.94723094,1
0.13841566,0.8615843,1
0.11842759,0.8815725,1
0.11215973,0.8878403,1
0.13350575,0.86649424,1
0.6438322,0.3561678,0
0.6749942,0.32500583,0
0.9589714,0.041028623,0
0.9621275,0.037872475,0
0.96381265,0.036187362,0
0.96539,0.03460993,0
0.96709406,0.03290587,0
0.12811829,0.8718817,1
0.03476272,0.9652373,1
0.11531625,0.8846837,1
0.10085337,0.8991466,1
0.0801035,0.9198965,1
0.12821704,0.87178296,1
0.074476235,0.9255238,1
0.1122663,0.88773376,1
0.09263167,0.9073683,1
0.6077826,0.39221743,0
0.9531664,0.046833567,0
0.9546589,0.045341063,0
0.9203351,0.07966485,0
0.9398055,0.06019452,0
0.9600846,0.03991537,0
0.9531415,0.046858534,0
0.9720273,0.027972713,0
0.97131896,0.028680962,0
0.95546216,0.044537798,0
0.9552796,0.044720393,0
0.9321212,0.06787877,0
0.9775415,0.022458486,0
0.9669795,0.033020537,0
0.9264514,0.07354855,0
0.54376066,0.45623934,1
0.9621862,0.037813757,0
0.9546225,0.045377485,0
0.9640209,0.03597907,0
0.9838395,0.016160507,0
0.7906586,0.2093414,1
0.9118913,0.08810878,0
0.9127276,0.08727241,0
0.9475104,0.052489605,0
0.95811486,0.04188515,0
0.3693394,0.6306606,1
0.17448232,0.8255177,1
0.90454704,0.09545303,0
0.25473687,0.7452632,1
0.87910277,0.120897174,0
0.972384,0.027616035,0
0.92989695,0.07010303,0
0.9084372,0.091562845,0
0.88763565,0.11236438,0
0.9012401,0.09875981,0
0.901678,0.098322056,0
0.953669,0.046331033,0
0.96309704,0.03690295,0
0.96317244,0.036827557,0
0.7350345,0.26496544,1
0.93157196,0.068428,0
0.9162154,0.083784595,0
0.94212157,0.05787844,0
0.9512729,0.048727073,0
0.9649397,0.03506025,0
0.9027623,0.0972377,0
0.9504145,0.04958554,0
0.94482636,0.055173602,1
0.91629595,0.08370405,0
0.96388894,0.036111,0
0.96624225,0.033757698,0
0.9753652,0.024634803,0
0.44619668,0.5538033,1
0.9095081,0.09049187,0
0.90615106,0.09384892,0
0.9151751,0.08482501,0
0.93434364,0.06565636,0
0.16983151,0.8301684,1
0.2601342,0.7398658,1
0.26126683,0.7387332,1
0.25038975,0.74961025,1
0.17112307,0.828877,1
0.4917639,0.5082361,1
0.9712269,0.028773097,0
0.9758932,0.02410678,0
0.24595499,0.754045,1
0.4080509,0.59194905,1
0.1341375,0.86586255,1
0.967087,0.032913063,0
0.9787161,0.021283925,0
0.97848403,0.021515936,0
0.9039664,0.09603352,0
0.19697055,0.8030295,1
0.119457714,0.88054234,1
0.9383433,0.0616567,0
0.9666812,0.033318754,0
0.97531813,0.024681808,0
0.98302734,0.016972672,0
0.978559,0.021440983,0
0.965715,0.03428501,0
0.2379837,0.76201624,1
0.0515762,0.94842374,1
0.89324707,0.10675299,0
0.9469573,0.05304271,0
0.9726567,0.027343255,0
0.98597866,0.014021282,0
0.9179943,0.08200571,0
0.9344683,0.065531746,0
0.92997533,0.07002468,0
0.92966264,0.07033743,0
0.41666517,0.5833348,1
0.964571,0.035428945,0
0.9687515,0.031248506,0
0.1812742,0.8187258,1
0.36685756,0.6331424,1
0.3074748,0.6925252,1
0.27012256,0.7298775,1
0.31675604,0.68324393,1
0.93379843,0.06620156,0
0.49618515,0.5038149,1
0.24382462,0.75617546,1
0.9074366,0.09256338,0
0.8947088,0.10529124,0
0.8818158,0.11818424,0
0.95570654,0.04429346,0
0.2454546,0.7545454,1
0.9379712,0.06202884,0
0.91057366,0.08942635,0
0.91250634,0.08749361,0
0.9411981,0.05880183,0
0.9365919,0.06340807,0
0.9626165,0.0373835,0
0.96655923,0.033440724,0
0.9573477,0.04265224,0
0.9070983,0.09290174,0
0.9432135,0.056786545,0
0.9372633,0.06273666,0
0.23956867,0.76043135,1
0.9397554,0.060244597,0
0.90840954,0.09159041,0
0.9232427,0.0767573,0
0.4222138,0.5777862,1
0.9381566,0.061843343,0
0.9849563,0.015043675,0
0.98162454,0.018375505,0
0.8523257,0.14767434,1
0.944772,0.055228002,0
0.9364785,0.06352156,0
0.93976444,0.060235616,0
0.9253063,0.074693605,0
0.9718598,0.028140206,0
0.96640164,0.033598296,0
0.9490507,0.05094933,0
0.9019397,0.098060295,1
0.94565225,0.05434772,1
0.90869856,0.091301486,0
0.90554905,0.094450995,0
0.9542072,0.04579286,0
0.9648273,0.035172682,0
0.9694095,0.03059052,0
0.95980966,0.04019036,0
0.97869235,0.021307638,0
0.97994345,0.020056486,0
0.97082496,0.029175078,0
0.97896147,0.021038607,0
0.9239201,0.07607987,0
0.93979615,0.060203876,0
0.96306,0.036940034,0
0.926635,0.073364966,0
0.9414186,0.0585814,0
0.97763556,0.022364378,1
0.93683386,0.06316613,1
0.90463734,0.09536267,0
0.91961586,0.080384135,0
0.9270928,0.07290724,0
0.9379045,0.062095568,1
0.92446035,0.07553962,0
0.9509764,0.049023677,0
0.95294076,0.04705918,0
0.9460796,0.05392036,0
0.9064212,0.09357878,1
0.9271844,0.072815634,1
0.9657209,0.034279075,0
0.95776075,0.042239267,1
0.94681185,0.053188197,1
0.49457994,0.50542,1
0.79316777,0.20683227,0
0.84889597,0.1511041,0
0.8717076,0.12829241,0
0.9002828,0.0997172,0
0.900417,0.09958303,0
0.9072085,0.092791446,0
0.42044494,0.57955503,1
0.9285123,0.07148769,0
0.90086114,0.09913887,0
0.9493003,0.05069972,0
0.20557888,0.79442114,1
0.2640012,0.7359988,1
0.19170581,0.8082942,1
0.94187075,0.058129244,0
0.298641,0.701359,1
0.25897458,0.74102545,1
0.25228524,0.7477148,1
0.1739721,0.82602787,1
0.07289773,0.9271023,1
0.21190162,0.78809845,1
0.19601151,0.80398846,1
0.2529036,0.74709636,1
0.3240531,0.6759469,1
0.8038221,0.19617786,0
0.11701564,0.8829844,1
0.39409027,0.6059097,0
0.41183382,0.5881662,0
0.7963721,0.20362784,0
0.08002246,0.91997755,1
0.2247396,0.77526045,1
0.051723994,0.94827604,1
0.08459781,0.9154022,1
0.77802414,0.22197585,0
0.77792895,0.22207105,0
0.43791097,0.56208897,0
0.9711574,0.028842645,0
0.97523254,0.024767447,0
0.4347564,0.56524354,0
0.037437115,0.96256286,1
0.03761907,0.96238095,1
0.34970808,0.65029186,0
0.8448548,0.15514524,0
0.84077644,0.1592236,0
0.66709644,0.33290356,0
0.3327369,0.66726315,0
0.36847916,0.6315208,0
0.07594448,0.92405546,1
0.113174796,0.8868252,1
0.14036672,0.8596333,1
0.018902564,0.98109746,1
0.024983251,0.9750167,1
0.55956715,0.4404328,0
0.714775,0.285225,0
0.78938365,0.2106163,0
0.7005693,0.29943073,0
0.83850056,0.16149947,0
0.12271759,0.87728244,1
0.10072215,0.89927787,1
0.06826606,0.93173397,1
0.7658244,0.23417564,0
0.1389466,0.8610534,1
0.027634194,0.97236586,1
0.16738081,0.83261913,1
0.53927076,0.46072924,0
0.024731703,0.97526824,1
0.041387774,0.95861226,1
0.8954908,0.10450918,0
0.9623966,0.037603397,0
0.9585979,0.041402128,0
0.96717703,0.032822996,0
0.9618805,0.03811949,0
0.88146657,0.11853341,0
0.8892002,0.11079977,0
0.9632691,0.036730878,0
0.96279925,0.03720074,0
0.9722162,0.027783802,0
0.9719777,0.028022243,0
0.8865857,0.11341432,0
0.15211119,0.84788877,1
0.1508046,0.8491954,1
0.15360157,0.8463984,1
0.3745724,0.6254276,1
0.4300048,0.5699952,1
0.14761075,0.8523892,1
0.9707902,0.029209767,0
0.96680385,0.03319619,0
0.93698704,0.063012995,0
0.91009337,0.0899067,0
0.93732184,0.06267816,0
0.5615661,0.43843392,1
0.93419635,0.06580366,0
0.9399125,0.06008754,0
0.9572422,0.0427578,0
0.96595186,0.0340482,0
0.95733637,0.042663623,0
0.95715886,0.04284116,0
0.97619706,0.023802908,0
0.98454165,0.015458319,0
0.94454765,0.055452343,0
0.9532991,0.046700835,0
0.95146257,0.048537463,0
0.9539854,0.046014644,0
0.96390045,0.036099568,0
0.96116906,0.038830925,0
0.8644087,0.13559131,1
0.9417922,0.058207814,1
0.9772109,0.022789096,0
0.9733489,0.026651071,0
0.968098,0.031901974,1
0.9557112,0.044288814,1
0.94914436,0.050855603,1
0.8926085,0.107391536,0
0.8946211,0.10537885,0
0.9087357,0.0912643,0
0.96848774,0.03151223,0
0.93007183,0.06992816,0
0.92613906,0.07386099,0
0.93644494,0.06355505,0
0.96020806,0.039791927,0
0.9815642,0.018435763,1
0.9297563,0.07024372,0
0.37894046,0.62105954,1
0.39268914,0.6073109,1
0.40005448,0.5999455,1
0.30844894,0.691551,1
0.25014672,0.7498532,1
0.039075427,0.96092457,1
0.9703015,0.029698515,0
0.97815096,0.021848978,0
0.9856823,0.01431767,0
0.045809112,0.9541909,1
0.009075792,0.9909242,1
0.008908891,0.99109113,1
0.0126195885,0.9873804,1
0.015891641,0.9841084,1
0.009946557,0.9900535,1
0.15720585,0.8427941,0
0.59125835,0.40874165,0
0.379671,0.620329,0
0.03528753,0.96471244,1
0.15340054,0.84659946,0
0.5255347,0.47446528,0
0.18475175,0.81524825,0
0.5731168,0.4268832,0
0.65764946,0.34235057,0
0.638068,0.361932,0
0.4229596,0.57704043,0
0.24066874,0.7593312,1
0.67135406,0.3286459,0
0.9556691,0.044330966,0
0.95599353,0.044006452,0
0.9563558,0.043644216,0
0.30257335,0.6974267,1
0.24981895,0.7501811,1
0.2506261,0.74937385,1
0.6324538,0.3675462,0
0.9497777,0.050222274,0
0.7531108,0.24688914,0
0.8349529,0.16504717,0
0.11667801,0.883322,1
0.28825563,0.71174437,1
0.08866929,0.91133076,1
0.07594875,0.9240512,1
0.20704578,0.7929542,0
0.083804205,0.9161958,1
0.37885863,0.62114143,0
0.868291,0.131709,0
0.4099306,0.5900695,0
0.27087125,0.7291287,0
0.9515907,0.04840925,0
0.7289216,0.2710784,0
0.7293637,0.27063632,0
0.54587334,0.4541267,0
0.9667303,0.033269662,0
0.9720613,0.027938712,0
0.441541,0.558459,1
0.73489904,0.265101,0
0.92017806,0.079821974,0
0.82455426,0.17544575,0
0.97187173,0.028128283,0
0.97077584,0.029224157,0
0.729935,0.27006498,0
0.8404777,0.1595223,0
0.85111207,0.14888798,0
0.9710995,0.028900467,0
0.9802414,0.019758562,0
0.9765163,0.023483733,0
0.9729139,0.027086021,0
0.96314484,0.036855187,0
0.96778905,0.03221086,0
0.85846174,0.14153829,1
0.9709526,0.029047366,0
0.97626036,0.02373966,0
0.9850117,0.014988319,0
0.9877815,0.012218441,0
0.8932868,0.106713235,1
0.07697991,0.9230201,1
0.3888252,0.61117476,1
0.45942476,0.54057527,1
0.4555298,0.54447013,1
0.62304056,0.37695944,1
0.6478642,0.35213584,1
0.59041923,0.40958074,1
0.48734418,0.51265585,1
0.5538438,0.44615617,1
0.67292726,0.32707277,1
0.95142084,0.048579134,0
0.96270967,0.037290357,0
0.9620835,0.037916474,0
0.9647996,0.03520048,0
0.96263605,0.037363887,0
0.95008314,0.049916826,0
0.94329846,0.056701485,0
0.9634911,0.036508884,0
0.9740813,0.02591869,0
0.9104533,0.08954667,0
0.9050008,0.09499917,0
0.9118468,0.088153146,0
0.9311825,0.06881752,0
0.93281984,0.06718013,0
0.9368886,0.06311147,0
0.9439452,0.05605479,0
0.9469681,0.053031944,0
0.9509623,0.049037725,0
0.9615083,0.03849168,0
0.95728016,0.042719774,0
0.98364484,0.016355118,0
0.944032,0.05596798,0
0.7697265,0.2302735,1
0.6931127,0.30688736,1
0.03191012,0.9680899,1
0.40403625,0.5959637,1
0.9569362,0.04306379,0
0.96714026,0.032859746,0
0.9440468,0.055953193,0
0.22274455,0.7772555,1
0.21782446,0.78217554,1
0.042864766,0.95713526,1
0.45807862,0.54192144,0
0.971632,0.028368078,0
0.6482909,0.35170916,0
0.24999343,0.7500066,0
0.13515587,0.8648442,1
0.04969705,0.9503029,1
0.036806777,0.96319324,1
0.063892856,0.93610716,1
0.21045685,0.78954315,0
0.011454992,0.988545,1
0.05141314,0.9485869,1
0.1129311,0.8870689,1
0.14368063,0.85631937,1
0.9727667,0.02723333,0
0.98509896,0.014901014,0
0.97745174,0.022548284,0
0.9112463,0.08875367,0
0.7675303,0.23246974,0
0.19080648,0.8091935,0
0.04833691,0.95166314,1
0.051304426,0.94869554,1
0.05561205,0.9443879,1
0.25358158,0.7464184,0
0.10033467,0.8996653,1
0.02512005,0.9748799,1
0.022928873,0.9770711,1
0.04474721,0.9552528,1
0.045890488,0.9541095,1
0.048869435,0.9511305,1
0.13675708,0.8632429,0
0.5536389,0.44636115,0
0.5734894,0.4265106,0
0.7796345,0.22036558,0
0.46122044,0.5387796,0
0.21972202,0.78027797,0
0.51743436,0.48256555,0
0.081962205,0.9180378,1
0.21261312,0.7873869,1
0.25692514,0.7430749,1
0.87411535,0.1258846,0
0.92409873,0.075901225,0
0.13618705,0.863813,1
0.5232489,0.4767511,0
0.59723324,0.4027668,0
0.14127164,0.85872835,1
0.23353912,0.7664609,1
0.31637168,0.6836283,0
0.28255853,0.71744144,0
0.7722492,0.22775084,0
0.96775556,0.032244444,0
0.2824083,0.7175917,1
0.24170718,0.7582928,1
0.36611676,0.63388324,1
0.2316244,0.7683756,1
0.3218672,0.6781328,1
0.20059219,0.7994078,1
0.622437,0.37756297,0
0.46549052,0.5345095,0
0.20435525,0.7956447,1
0.08850177,0.9114983,1
0.20330872,0.7966913,1
0.81141335,0.18858662,0
0.8085857,0.19141431,0
0.7713467,0.22865336,0
0.5603429,0.4396571,0
0.5730874,0.4269126,0
0.79087466,0.20912538,0
0.79291904,0.20708098,0
0.86719143,0.13280861,0
0.28268376,0.71731627,1
0.23796432,0.7620357,1
0.836867,0.16313307,0
0.17143923,0.82856077,1
0.27376133,0.72623867,1
0.4061353,0.59386474,0
0.93824255,0.06175746,0
0.8401751,0.15982492,0
0.97034353,0.029656483,0
0.57442147,0.42557853,1
0.46946907,0.5305309,1
0.29650456,0.7034954,1
0.36506686,0.63493323,1
0.9609692,0.039030816,0
0.27612245,0.72387755,1
0.975895,0.024104962,0
0.97789145,0.022108534,0
0.9907844,0.009215533,0
0.29617238,0.7038277,1
0.0893381,0.91066194,1
0.076109,0.923891,1
0.09611984,0.9038802,1
0.130354,0.869646,1
0.7661122,0.23388778,0
0.27757654,0.7224235,0
0.46776897,0.53223103,0
0.062837414,0.9371626,1
0.06463706,0.93536294,1
0.18885969,0.8111403,1
0.5519192,0.44808078,0
0.23686418,0.76313585,1
0.45632985,0.5436702,0
0.22386453,0.77613544,1
0.3120319,0.6879681,1
0.2184163,0.78158367,1
0.5365031,0.4634969,0
0.47759128,0.5224087,0
0.14144628,0.8585537,1
0.26980045,0.7301995,1
0.61363393,0.38636613,0
0.2995528,0.70044726,1
0.5650344,0.43496555,0
0.33102602,0.6689739,1
0.24177021,0.75822973,1
0.5787359,0.42126414,0
0.35404217,0.64595777,0
0.31148177,0.6885182,1
0.47236082,0.52763915,0
0.35180104,0.6481989,1
0.5089565,0.49104348,0
0.69936144,0.3006386,0
0.4947737,0.5052264,0
0.60271794,0.397282,0
0.53682154,0.46317846,0
0.09485621,0.90514374,1
0.6037028,0.39629725,0
0.24489744,0.7551026,1
0.56409454,0.43590552,0
0.23557653,0.7644235,1
0.3413271,0.6586729,1
0.44847474,0.55152524,1
0.12703964,0.8729604,1
0.12974536,0.87025464,1
0.055589993,0.94441,1
0.62799823,0.3720018,0
0.06675696,0.93324304,1
0.29198676,0.7080133,1
0.3833559,0.6166441,0
0.45787728,0.54212266,0
0.6736719,0.32632813,0
0.4742269,0.5257731,0
0.3804029,0.6195971,0
0.37677526,0.6232248,0
0.36687887,0.63312113,0
0.5142313,0.48576865,0
0.9045203,0.09547972,0
0.890328,0.10967202,0
0.8614981,0.13850187,0
0.7353921,0.26460794,0
0.23025523,0.7697448,1
0.22969821,0.77030176,1
0.1552442,0.84475577,1
0.30790827,0.69209176,1
0.5297368,0.47026318,0
0.30019236,0.69980764,1
0.33635655,0.66364354,1
0.37620744,0.6237925,1
0.703904,0.2960961,0
0.95899826,0.041001745,0
0.8990721,0.10092785,0
0.12521215,0.8747878,1
0.2854146,0.7145854,0
0.78369796,0.21630205,0
0.79384863,0.20615135,0
0.18365169,0.8163484,1
0.74947965,0.2505203,0
0.64479035,0.3552096,0
0.21029639,0.78970367,1
0.21321104,0.7867889,1
0.27192304,0.728077,1
0.3078695,0.6921305,1
0.8492151,0.15078491,0
0.6838856,0.31611443,0
0.8513559,0.14864412,0
0.96325344,0.036746636,0
0.9805971,0.019402929,0
0.9794835,0.020516556,0
0.7564554,0.24354453,0
0.8196865,0.18031353,0
0.8194305,0.18056948,0
0.85976005,0.14023995,0
0.9531854,0.046814594,0
0.94197303,0.058026936,0
0.8097616,0.19023842,1
0.82472396,0.17527601,1
0.95290583,0.047094204,0
0.9577408,0.042259235,0
0.9140512,0.08594884,0
0.88650066,0.11349931,0
0.91808534,0.08191472,0
0.9154361,0.08456384,0
0.95878583,0.041214217,0
0.9894231,0.010576945,0
0.98878574,0.01121432,0
0.91403455,0.08596548,1
0.13317835,0.8668216,1
0.12303995,0.87696004,1
0.93037367,0.0696264,0
0.06656682,0.9334332,1
0.90929085,0.09070922,0
0.9322714,0.06772859,0
0.9449231,0.05507689,0
0.9642231,0.035776936,0
0.91487384,0.085126236,0
0.28832442,0.71167564,1
0.28195837,0.71804166,1
0.9364005,0.06359948,0
0.4831232,0.51687676,1
0.46822512,0.5317749,1
0.13350877,0.8664912,1
0.8983527,0.10164735,0
0.44076452,0.55923545,1
0.96522874,0.03477129,0
0.92644024,0.07355972,0
0.8530003,0.14699969,0
0.82190657,0.17809336,0
0.7314309,0.26856908,0
0.48670992,0.51329005,1
0.39527214,0.60472786,1
0.28852612,0.7114738,1
0.42609462,0.57390535,1
0.48050335,0.5194966,0
0.12608247,0.8739176,1
0.33568436,0.66431564,1
0.20814419,0.79185575,1
0.9816015,0.018398535,0
0.9866789,0.013321073,0
0.87346894,0.12653108,0
0.054821122,0.94517887,1
0.03241303,0.96758705,1
0.7917191,0.20828092,0
0.09792686,0.90207314,1
0.95075214,0.049247872,0
0.81539506,0.18460496,0
0.82832146,0.1716785,0
0.9734299,0.02657007,0
0.7464813,0.2535187,0
0.85022897,0.14977106,0
0.6772661,0.32273388,0
0.6904317,0.3095683,0
0.7054716,0.29452842,0
0.71086186,0.28913817,0
0.12598707,0.8740129,1
0.13467109,0.86532885,1
0.78074443,0.21925552,0
0.770217,0.22978303,0
0.941005,0.058995016,0
0.8163219,0.18367812,0
0.9063952,0.09360472,0
0.94434893,0.055651054,0
0.9695935,0.030406525,0
0.9786664,0.021333557,0
0.14952992,0.85047007,1
0.89613706,0.10386299,0
0.7088514,0.29114854,0
0.8604682,0.13953178,0
0.8877563,0.11224376,0
0.9451743,0.054825746,0
0.9529547,0.047045264,0
0.7830696,0.2169304,1
0.68443173,0.3155683,1
0.9150194,0.08498058,0
0.81804836,0.18195169,0
0.13737567,0.86262435,1
0.13582702,0.86417294,1
0.37765017,0.6223498,1
0.9311607,0.06883929,0
0.9665645,0.033435564,0
0.9882433,0.011756694,0
0.9443019,0.0556981,0
0.90235955,0.09764042,0
0.9249934,0.07500663,0
0.9545942,0.045405854,0
0.91060567,0.08939428,0
0.9026266,0.097373374,0
0.79916394,0.20083605,1
0.84519815,0.15480179,1
0.9405466,0.059453443,0
0.98571235,0.014287695,0
0.98175895,0.018241089,0
0.89736074,0.10263928,1
0.73979527,0.26020473,1
0.040017724,0.9599822,1
0.14230013,0.8576998,1
0.3225518,0.6774483,1
0.19668734,0.8033126,1
0.1004578,0.8995422,1
0.36666888,0.6333311,1
0.9822093,0.017790668,0
0.9833361,0.016663883,0
0.97648686,0.02351312,0
0.84497434,0.15502566,0
0.8557189,0.14428113,0
0.30225307,0.69774693,1
0.874962,0.12503804,0
0.31725183,0.68274826,1
0.96054316,0.03945684,0
0.9845691,0.015430984,0
0.98177665,0.018223396,0
0.90337896,0.09662107,0
0.8756056,0.12439445,0
0.8823755,0.117624536,0
0.8894538,0.110546194,0
0.8926925,0.1073075,0
0.27984998,0.72015005,1
0.34949178,0.6505082,1
0.7632851,0.23671488,1
0.7314028,0.26859716,1
0.026153214,0.9738468,1
0.017760614,0.98223937,1
0.04510685,0.9548931,1
0.35754812,0.6424519,1
0.13661118,0.86338884,1
0.73182064,0.2681794,0
0.7498433,0.25015673,0
0.7001872,0.29981282,0
0.936618,0.06338208,0
0.8947062,0.10529374,0
0.9277697,0.07223032,0
0.33316463,0.66683537,1
0.7462425,0.2537574,0
0.85577387,0.14422609,0
0.92136186,0.07863817,0
0.8211236,0.17887633,0
0.9372688,0.06273118,0
0.9367107,0.06328924,0
0.9253778,0.07462219,0
0.839294,0.16070594,1
0.9142044,0.0857956,0
0.75861436,0.24138565,1
0.39192674,0.6080733,1
0.7314192,0.26858082,1
0.7254808,0.27451923,1
0.7526603,0.24733968,1
0.77970004,0.22029993,1
0.96413624,0.03586377,0
0.9514379,0.048562147,1
0.9596025,0.040397458,0
0.91851467,0.08148531,0
0.7794419,0.22055803,1
0.97541636,0.02458368,0
0.9841246,0.015875468,0
0.983604,0.016395954,0
0.8569318,0.14306827,1
0.35527712,0.6447229,1
0.32149428,0.6785057,1
0.31896824,0.6810318,1
0.6470053,0.3529947,1
0.7340762,0.26592383,0
0.709125,0.29087502,1
0.47045437,0.5295456,1
0.83305573,0.16694424,0
0.9682569,0.03174304,0
0.9648053,0.035194684,0
0.9798075,0.020192511,0
0.9505461,0.049453944,1
0.9492313,0.050768707,1
0.6710563,0.3289437,0
0.2846096,0.71539044,1
0.20840836,0.7915917,1
0.10108373,0.8989163,1
0.20170814,0.79829186,1
0.30733314,0.6926669,1
0.45293805,0.547062,1
0.9934875,0.0065124524,0
0.7943553,0.20564474,1
0.675015,0.3249851,1
0.11859963,0.88140035,1
0.14416604,0.85583395,1
0.24639638,0.7536036,1
0.35599694,0.64400303,1
0.2682345,0.73176545,1
0.22352184,0.7764782,1
0.584091,0.41590893,0
0.92779577,0.072204195,0
0.75601494,0.24398503,0
0.10370124,0.89629877,1
0.7738498,0.22615027,0
0.37566814,0.6243319,1
0.46132073,0.5386793,1
0.69373924,0.3062608,1
0.8159423,0.18405774,1
0.7429918,0.2570082,1
0.9562311,0.04376892,0
0.6170972,0.38290286,1
0.19964826,0.80035174,1
0.3352121,0.66478795,1
0.34077975,0.6592203,1
0.77332294,0.22667709,0
0.8352825,0.16471748,0
0.8386736,0.16132638,0
0.7605412,0.23945878,0
0.9838563,0.016143622,0
0.9454833,0.054516632,0
0.9532719,0.04672805,0
0.7731945,0.22680551,0
0.8928028,0.10719722,0
0.4495131,0.55048686,1
0.92125124,0.07874876,0
0.34979638,0.6502036,1
0.45223668,0.54776335,1
0.7195225,0.28047755,1
0.7637405,0.23625953,0
0.8401121,0.15988794,0
0.95524347,0.044756506,0
0.97021633,0.029783633,0
0.926236,0.07376404,1
0.17895323,0.82104677,1
0.21793768,0.78206235,1
0.20049433,0.7995057,1
0.1811185,0.8188815,1
0.16473119,0.8352688,1
0.26195088,0.73804915,1
0.9829192,0.01708085,0
0.98175967,0.018240368,0
0.95920575,0.04079428,0
0.9437,0.056300003,0
0.9372293,0.06277066,0
0.2630051,0.73699486,1
0.36995414,0.63004583,1
0.5712874,0.42871258,1
0.47056362,0.52943635,1
0.41113615,0.5888639,1
0.5179761,0.4820239,1
0.75790244,0.24209756,1
0.91050273,0.08949726,0
0.48658505,0.5134149,1
0.35041985,0.6495802,1
0.31141576,0.68858427,1
0.40234613,0.5976538,1
0.97741824,0.022581758,0
0.14084476,0.85915524,1
0.62795144,0.37204856,0
0.6699099,0.3300901,0
0.099763006,0.90023696,1
0.61672115,0.38327882,0
0.9576769,0.04232307,0
0.9807567,0.019243337,0
0.71247756,0.28752246,1
0.26109236,0.73890764,1
0.03317232,0.9668277,1
0.044414915,0.95558506,1
0.072243385,0.9277566,1
0.17090571,0.8290943,1
0.2559868,0.7440132,0
0.2590863,0.7409136,0
0.77538985,0.22461008,0
0.29321635,0.7067837,0
0.9777646,0.022235382,0
0.7140511,0.28594884,0
0.42625672,0.5737432,0
0.9281018,0.071898215,0
0.2970844,0.70291567,0
0.16224676,0.8377532,1
0.17884742,0.82115257,1
0.42461872,0.5753813,0
0.25180882,0.7481912,1
0.08905296,0.910947,1
0.2142652,0.78573483,1
0.9398338,0.06016615,0
0.9368103,0.06318972,0
0.763303,0.23669708,0
0.71786773,0.2821323,0
0.24858785,0.75141215,1
0.07277494,0.92722505,1
0.78394496,0.21605499,0
0.78317606,0.21682397,0
0.22738,0.77262,1
0.3148017,0.68519837,1
0.80599684,0.19400316,0
0.2527611,0.74723893,1
0.25524965,0.7447503,1
0.29504645,0.70495355,1
0.29163587,0.7083641,1
0.22478549,0.77521443,1
0.24047104,0.759529,1
0.35301048,0.64698946,0
0.8617334,0.13826668,0
0.9213964,0.07860361,0
0.92107373,0.07892631,0
0.593264,0.40673602,0
0.12652291,0.87347716,1
0.1224387,0.8775613,1
0.2776985,0.72230154,0
0.18249023,0.81750983,1
0.038656488,0.96134347,1
0.9594318,0.04056814,0
0.8817185,0.11828155,0
0.66771924,0.33228078,0
0.039553605,0.9604464,1
0.07645043,0.92354953,1
0.14592813,0.8540718,1
0.6384937,0.36150637,0
0.03258389,0.9674161,1
0.047261246,0.9527388,1
0.11047148,0.8895285,1
0.07851312,0.92148685,1
0.18890437,0.8110956,0
0.7304792,0.26952082,0
0.6753744,0.32462558,0
0.7890262,0.2109738,0
0.93108577,0.06891418,0
0.90980524,0.0901948,0
0.8824501,0.117549814,0
0.89234966,0.107650384,1
0.8159722,0.18402778,0
0.15467638,0.8453236,1
0.17187259,0.82812744,1
0.7216162,0.2783838,0
0.8547733,0.14522669,0
0.83218145,0.16781856,0
0.9507341,0.049265902,0
0.98809797,0.011902021,0
0.9276881,0.0723118,0
0.887909,0.112091005,0
0.12060007,0.8793999,1
0.98318696,0.016813057,0
0.876517,0.123482935,0
0.1714589,0.82854116,1
0.27614397,0.72385603,1
0.31611088,0.6838891,1
0.34964243,0.6503576,1
0.38317776,0.61682224,1
0.23525162,0.7647484,1
0.20756406,0.79243594,1
0.9171171,0.08288288,0
0.7043126,0.29568732,0
0.6446768,0.35532317,0
0.19641967,0.80358034,1
0.09231206,0.90768796,1
0.28250897,0.71749103,1
0.11739691,0.88260305,1
0.13632984,0.8636702,1
0.33327806,0.66672194,0
0.9903701,0.009629965,0
0.9926611,0.0073389215,0
0.9877351,0.012264914,0
0.98527205,0.014727978,0
0.7960214,0.20397858,0
0.5830271,0.4169729,0
0.05213308,0.9478669,1
0.008777109,0.99122286,1
0.013576154,0.9864239,1
0.042706247,0.95729375,1
0.6270062,0.3729938,0
0.87484956,0.12515043,0
0.13022219,0.86977786,1
0.98430854,0.015691493,0
0.043956466,0.95604354,1
0.033800434,0.9661995,1
0.03464605,0.9653539,1
0.037067406,0.9629325,1
0.043875307,0.9561247,1
0.045460608,0.9545394,1
0.1538806,0.8461194,1
0.17347392,0.82652605,0
0.27255315,0.72744685,0
0.14858441,0.8514156,0
0.029578617,0.97042143,1
0.026506372,0.9734936,1
0.83256066,0.16743931,0
0.8301208,0.16987923,0
0.4160605,0.58393955,0
0.19573134,0.80426866,1
0.30140978,0.6985902,0
0.7906662,0.20933379,0
0.81367975,0.18632022,0
0.8179522,0.1820478,0
0.13877821,0.86122173,1
0.9823559,0.017644176,0
0.99167085,0.008329151,0
0.14879504,0.851205,1
0.11084093,0.8891591,1
0.34046906,0.65953094,1
0.30955076,0.6904493,1
0.30600277,0.6939972,1
0.32826084,0.67173916,1
0.81590974,0.18409026,0
0.9228533,0.07714674,0
0.9496142,0.050385844,0
0.11396051,0.8860395,1
0.4162863,0.5837137,1
0.9798733,0.020126663,0
0.98580486,0.014195109,0
0.18802878,0.81197125,1
0.23511766,0.7648823,1
0.4368896,0.56311035,1
0.35597336,0.64402664,1
0.31720954,0.68279046,1
0.4241676,0.5758324,1
0.9885942,0.011405854,0
0.98773915,0.012260777,0
0.96448827,0.03551167,0
0.52371144,0.47628856,0
0.18217072,0.81782925,1
0.19473621,0.80526376,1
0.11540455,0.88459545,1
0.12644872,0.87355125,1
0.2538933,0.7461067,1
0.98515344,0.014846567,0
0.89273715,0.10726289,0
0.73523736,0.2647627,1
0.4168896,0.58311033,1
0.012332383,0.9876676,1
0.016971461,0.98302853,1
0.13680226,0.8631977,1
0.90998346,0.090016544,0
0.67562544,0.3243746,0
0.92767084,0.07232925,0
0.9700131,0.029986966,0
0.95334494,0.046655025,0
0.8298846,0.17011543,0
0.15696234,0.8430376,1
0.06784892,0.932151,1
0.32663488,0.6733651,1
0.6902057,0.30979428,0
0.103343114,0.8966569,1
0.7370201,0.26297992,0
0.98014313,0.019856874,0
0.97767127,0.02232872,0
0.08887804,0.91112196,1
0.05098884,0.9490112,1
0.216598,0.78340197,1
0.8633853,0.13661468,0
0.6760294,0.32397062,0
0.22690435,0.77309567,1
0.6962017,0.30379835,0
0.90877366,0.0912263,0
0.980659,0.019341035,0
0.09068031,0.9093197,1
0.11196089,0.88803905,1
0.124487735,0.8755123,1
0.087261796,0.9127382,1
0.08527401,0.91472596,1
0.08470174,0.9152983,1
0.054928415,0.9450715,1
0.079690434,0.9203096,1
0.7087596,0.29124042,0
0.80905765,0.19094235,0
0.37449363,0.62550646,0
0.09351207,0.906488,1
0.21782018,0.78217983,0
0.8775988,0.12240118,0
0.22055186,0.77944815,1
0.95758903,0.042410947,0
0.98220795,0.01779201,0
0.091121614,0.90887845,1
0.181739,0.818261,1
0.23471875,0.7652813,1
0.2966708,0.7033292,1
0.6625228,0.33747718,0
0.40065628,0.5993437,1
0.7365352,0.26346475,0
0.92823744,0.0717626,0
0.93077636,0.069223635,0
0.9607864,0.039213616,0
0.99003804,0.009962013,0
0.98895544,0.011044585,0
0.4065873,0.5934127,1
0.82952124,0.1704788,0
0.821058,0.17894207,0
0.9295627,0.070437364,0
0.9475917,0.05240828,0
0.9546394,0.045360614,0
0.67553747,0.32446256,1
0.6436431,0.35635692,1
0.9323357,0.06766437,0
0.9246553,0.07534469,1
0.7965039,0.2034961,0
0.86043227,0.1395677,0
0.85832345,0.14167653,0
0.9425634,0.057436537,0
0.033037823,0.9669622,1
0.25101757,0.7489824,1
0.67155117,0.32844883,0
0.36345363,0.6365464,1
0.40757132,0.5924287,1
0.73454654,0.2654535,0
0.57706624,0.4229338,1
0.36844733,0.63155264,1
0.88116556,0.11883444,0
0.68533427,0.31466573,0
0.68114644,0.31885356,0
0.04179316,0.9582068,1
0.1396703,0.86032975,1
0.9767799,0.023220161,0
0.23276453,0.76723546,1
0.121645994,0.8783541,1
0.050284702,0.94971526,1
0.075782835,0.92421716,1
0.08821953,0.9117804,0
0.9858774,0.014122565,0
0.8080903,0.19190967,0
0.30515242,0.6948476,1
0.18721238,0.81278765,1
0.1663379,0.8336621,1
0.049294468,0.9507055,1
0.05707147,0.9429285,1
0.2362448,0.76375526,0
0.175178,0.824822,0
0.15665862,0.8433414,0
0.15520105,0.84479886,0
0.29501575,0.7049843,0
0.93603235,0.0639676,0
0.2007395,0.7992605,0
0.34605974,0.65394026,0
0.3631497,0.63685036,0
0.35351267,0.6464873,0
0.36415777,0.6358422,0
0.42514744,0.5748526,1
0.9888676,0.011132417,0
0.98831916,0.011680882,0
0.7752267,0.22477327,0
0.66134197,0.33865812,1
0.5684334,0.43156663,1
0.12138569,0.8786143,1
0.08628606,0.9137139,1
0.10631507,0.893685,1
0.12306789,0.8769321,1
0.13222267,0.8677773,1
0.23535398,0.764646,0
0.7474435,0.2525564,0
0.98684305,0.013156928,0
0.5037654,0.49623457,0
0.17513984,0.8248602,0
0.015935948,0.9840641,1
0.017827643,0.9821723,1
0.020660259,0.9793397,1
0.023224715,0.97677535,1
0.028879035,0.97112095,1
0.019612297,0.9803877,1
0.024670208,0.9753298,1
0.027102174,0.9728978,1
0.032952942,0.96704704,1
0.044052865,0.9559471,1
0.4374132,0.5625869,0
0.9758222,0.024177734,0
0.63213503,0.36786488,0
0.55430704,0.44569302,0
0.0643469,0.9356531,0
0.049498826,0.95050114,0
0.3368598,0.6631402,0
0.93615013,0.06384991,0
0.9714651,0.028534884,0
0.92919767,0.07080237,0
0.25924438,0.74075556,1
0.83550614,0.16449384,0
0.23873079,0.7612692,1
0.085495345,0.9145047,1
0.04930698,0.950693,1
0.04866379,0.95133626,1
0.07203685,0.9279632,1
0.8964626,0.10353736,0
0.8936149,0.10638513,0
0.8987214,0.101278655,0
0.9746096,0.025390385,0
0.9591768,0.040823262,0
0.3012459,0.6987542,1
0.2402447,0.7597553,1
0.26105094,0.7389491,1
0.28525475,0.7147453,1
0.3523661,0.6476339,1
0.8691394,0.1308607,0
0.31639466,0.6836054,1
0.38993764,0.6100624,1
0.6637224,0.33627763,1
0.11609272,0.88390726,1
0.12015313,0.8798469,1
0.062238514,0.9377614,1
0.10093189,0.89906806,1
0.23601684,0.76398313,1
0.10457199,0.89542806,1
0.26592654,0.73407346,0
0.5881762,0.41182384,0
0.73598546,0.2640145,0
0.46561113,0.5343889,0
0.30406615,0.6959338,0
0.31914738,0.6808526,0
0.40997264,0.5900274,0
0.9828745,0.017125523,0
0.9859702,0.014029802,0
0.39157996,0.6084201,0
0.25853443,0.74146557,1
0.14471325,0.8552868,1
0.099130996,0.9008691,1
0.17060609,0.8293939,1
0.23997694,0.760023,1
0.9445183,0.0554817,0
0.7857748,0.21422526,0
0.19814055,0.8018595,1
0.4007,0.59929997,0
0.13524929,0.86475074,1
0.15533735,0.8446626,1
0.17011468,0.82988524,1
0.5680873,0.43191272,0
0.47860235,0.52139765,0
0.9688946,0.031105379,0
0.95898193,0.04101813,0
0.48822448,0.5117755,1
0.1169845,0.88301545,1
0.042922433,0.95707756,1
0.046888795,0.9531112,1
0.055088457,0.94491154,1
0.04421065,0.9557894,1
0.06673619,0.9332638,1
0.347934,0.65206605,0
0.87850124,0.12149874,0
0.8962271,0.10377286,0
0.16428995,0.8357101,1
0.96474874,0.035251297,0
0.53364724,0.46635276,0
0.14471371,0.85528624,1
0.31048188,0.68951815,1
0.32128572,0.6787143,1
0.9076872,0.09231284,0
0.6888493,0.3111507,0
0.90478724,0.09521277,0
0.95707804,0.042921975,0
0.97073585,0.029264145,0
0.6123815,0.38761845,1
0.49019158,0.5098084,1
0.83042425,0.16957572,0
0.4471756,0.55282444,1
0.33037716,0.66962284,1
0.8691071,0.13089284,0
0.38857645,0.61142355,1
0.9628302,0.03716979,0
0.9771692,0.022830779,0
0.40486583,0.5951342,1
0.086836256,0.9131637,1
0.83542717,0.1645728,0
0.8941581,0.1058419,0
0.4054297,0.5945703,1
0.9327603,0.06723968,0
0.9850397,0.014960291,0
0.5890318,0.41096815,1
0.34130654,0.6586934,1
0.24533093,0.7546691,1
0.21710013,0.7828999,1
0.2993613,0.7006387,1
0.30131897,0.698681,1
0.951744,0.048255987,0
0.4976438,0.5023562,1
0.10532852,0.8946715,1
0.2178008,0.7821992,1
0.15425162,0.8457484,1
0.15045752,0.84954244,1
0.17369512,0.8263049,1
0.9858774,0.014122565,0
0.9806687,0.019331314,0
0.5735326,0.42646745,0
0.057449292,0.9425507,1
0.012185544,0.9878144,1
0.012940848,0.9870591,1
0.014670055,0.98532987,1
0.015279686,0.98472035,1
0.02275365,0.9772463,1
0.038365945,0.96163404,1
0.09290522,0.9070947,1
0.68536836,0.3146316,0
0.26433864,0.7356613,0
0.7582686,0.24173142,0
0.07194994,0.92805004,1
0.029949129,0.9700509,1
0.05422373,0.9457763,1
0.058711458,0.94128853,1
0.06541909,0.934581,1
0.041040093,0.9589599,1
0.33510897,0.664891,0
0.80195737,0.19804266,0
0.040104628,0.9598954,1
0.06497098,0.93502903,1
0.06086581,0.93913424,1
0.06253635,0.9374637,1
0.3629608,0.6370392,0
0.3607445,0.63925546,0
0.11686437,0.8831357,1
0.93699324,0.06300676,0
0.96212673,0.03787328,0
0.76124686,0.23875308,0
0.16572279,0.8342772,1
0.09607461,0.90392536,1
0.35717267,0.64282733,0
0.15526105,0.8447389,1
0.80607,0.19392997,0
0.81440675,0.18559328,0
0.39025983,0.60974014,0
0.66012955,0.33987042,0
0.21019985,0.78980017,1
0.16028693,0.8397131,1
0.12133017,0.8786698,1
0.12844522,0.87155473,1
0.08866936,0.91133064,1
0.09161879,0.9083812,1
0.72461957,0.2753804,0
0.9415982,0.058401797,0
0.73777264,0.2622273,0
0.1432822,0.8567178,1
0.2533428,0.74665713,0
0.2776845,0.7223155,0
0.3063267,0.6936733,0
0.334814,0.6651859,1
0.74371403,0.25628597,0
0.7773188,0.2226812,0
0.77470493,0.22529507,0
0.39720562,0.60279447,1
0.8946909,0.10530916,0
0.99149126,0.008508692,0
0.98422354,0.015776489,0
0.9800771,0.019922897,0
0.9636439,0.036356132,0
0.4426508,0.5573492,1
0.23803264,0.7619673,1
0.78523445,0.21476555,0
0.9858612,0.014138815,0
0.97679806,0.023201926,0
0.6754691,0.3245309,1
0.098356046,0.901644,1
0.21826315,0.78173685,1
0.19154488,0.8084551,1
0.19141845,0.80858153,1
0.077706605,0.9222934,1
0.5499938,0.45000616,0
0.56159204,0.4384079,0
0.7039097,0.29609033,1
0.6391959,0.36080402,1
0.11932897,0.880671,1
0.50073975,0.4992602,0
0.11513407,0.88486594,1
0.07115187,0.92884815,1
0.3320433,0.6679567,0
0.73522294,0.264777,0
0.72003525,0.27996477,0
0.35213766,0.6478624,0
0.75364983,0.24635017,0
0.93052536,0.06947468,0
0.28217438,0.71782565,1
0.07901564,0.9209843,1
0.42896527,0.57103467,0
0.12777393,0.87222606,1
0.43389434,0.56610566,0
0.29447275,0.70552725,0
0.6128596,0.3871404,0
0.39433104,0.60566896,0
0.35606813,0.6439318,1
0.34476572,0.6552343,1
0.8283308,0.1716692,0
0.36949196,0.630508,1
0.6982871,0.30171284,0
0.4316453,0.5683547,1
0.8232902,0.17670971,0
0.64868975,0.35131028,1
0.91897464,0.08102538,0
0.31293944,0.68706053,1
0.14748503,0.85251504,1
0.09819332,0.9018067,1
0.3699085,0.6300915,1
0.1185234,0.8814766,1
0.048494905,0.9515051,1
0.04940407,0.9505959,1
0.10528363,0.8947163,1
0.14443329,0.8555667,1
0.18258974,0.81741023,1
0.12531818,0.87468183,1
0.09137719,0.90862274,1
0.66498315,0.3350169,0
0.9810859,0.018914163,0
0.04793048,0.95206946,1
0.05613788,0.94386214,1
0.6584983,0.34150168,0
0.64810175,0.35189822,0
0.4614116,0.5385884,0
0.40439597,0.595604,0
0.928483,0.071516976,0
0.25398734,0.7460127,1
0.7372737,0.2627263,0
0.86901,0.13099007,0
0.971151,0.028849043,0
0.98741406,0.01258592,0
0.967373,0.032626998,0
0.9592089,0.040791087,0
0.19012393,0.8098761,1
0.19398011,0.80601984,1
0.7957853,0.20421463,0
0.2740449,0.7259551,1
0.8467139,0.15328604,0
0.24653673,0.75346327,1
0.21839063,0.7816093,1
0.23165466,0.7683453,1
0.23277427,0.7672257,1
0.24802828,0.7519717,1
0.8177198,0.1822802,0
0.98450917,0.015490777,0
0.98787886,0.012121152,0
0.97890955,0.021090468,0
0.5005335,0.49946657,1
0.5257589,0.47424105,0
0.26888448,0.7311156,1
0.24267969,0.7573203,1
0.26347867,0.7365213,1
0.23900929,0.76099074,1
0.2547176,0.7452824,1
0.023666259,0.9763338,1
0.016006652,0.9839933,1
0.0203854,0.97961456,1
0.04235776,0.95764226,1
0.04061174,0.95938826,1
0.032009095,0.9679909,1
0.04013349,0.95986646,1
0.12288111,0.8771189,1
0.65545106,0.3445489,0
0.29513684,0.70486313,0
0.30146143,0.69853866,0
0.17548208,0.8245179,0
0.3072685,0.6927315,0
0.3182957,0.6817043,0
0.5452672,0.45473278,0
0.5520011,0.44799888,0
0.6479661,0.35203385,0
0.86458,0.13542,0
0.08057226,0.91942775,1
0.96350366,0.03649634,0
0.32636106,0.67363894,1
0.53009427,0.4699057,0
0.29198346,0.7080165,1
0.5771231,0.42287683,0
0.9101015,0.08989852,0
0.9513711,0.048628874,0
0.5731749,0.42682514,0
0.09147745,0.9085226,1
0.6053695,0.39463052,0
0.4023766,0.5976234,1
0.57467514,0.4253249,0
0.78807133,0.21192862,0
0.34029534,0.6597047,1
0.7176944,0.2823056,0
0.98164266,0.018357346,0
0.9263734,0.07362659,0
0.7403505,0.25964952,0
0.68247557,0.31752446,0
0.7118439,0.28815603,0
0.5756888,0.42431125,1
0.74480957,0.2551904,0
0.9703733,0.029626792,0
0.295791,0.70420897,1
0.41377494,0.5862251,1
0.7011928,0.29880714,0
0.39893973,0.6010603,1
0.74758995,0.2524101,0
0.31000665,0.6899934,1
0.81819606,0.18180396,0
0.81862247,0.18137754,0
0.8222774,0.17772256,0
0.82940954,0.17059055,0
0.85659426,0.14340575,0
0.9245004,0.07549956,0
0.9845746,0.015425421,0
0.94890666,0.051093347,0
0.19650595,0.80349404,1
0.20057575,0.79942423,1
0.3659273,0.6340727,1
0.38745418,0.61254585,0
0.84611195,0.15388805,0
0.98719597,0.012803976,0
0.97326636,0.026733689,0
0.8484255,0.15157446,0
0.6388657,0.36113432,0
0.64831865,0.35168135,0
0.6694419,0.33055812,0
0.8038589,0.19614114,0
0.709095,0.29090497,0
0.7675802,0.23241971,1
0.6588543,0.34114572,1
0.8702152,0.12978485,0
0.0552144,0.94478565,1
0.82178146,0.17821848,0
0.7545296,0.24547045,0
0.8058821,0.19411792,0
0.81232226,0.18767782,0
0.5831954,0.4168046,1
0.79377884,0.20622113,1
0.97119594,0.028804006,0
0.9665759,0.033424124,0
0.7440908,0.25590923,1
0.688555,0.311445,1
0.5333203,0.46667975,1
0.26389545,0.7361045,1
0.3009275,0.6990726,1
0.8489889,0.15101105,0
0.85955685,0.14044318,0
0.7963789,0.20362107,0
0.38813716,0.61186284,1
0.5147911,0.4852089,0
0.6486784,0.3513216,0
0.3939406,0.60605943,0
0.62066036,0.3793397,0
0.6657208,0.33427918,0
0.7267136,0.2732863,0
0.76665807,0.2333419,0
0.7563415,0.24365848,0
0.81349915,0.18650089,0
0.8252287,0.17477135,0
0.47377005,0.5262299,1
0.79732716,0.20267287,0
0.8465275,0.15347247,0
0.98763996,0.012359978,0
0.9903605,0.009639514,0
0.9769975,0.023002464,0
0.93943405,0.06056588,0
0.7589593,0.2410407,0
0.70818514,0.29181486,0
0.3071707,0.6928293,1
0.97445303,0.025546987,0
0.96815825,0.031841725,0
0.70771044,0.29228958,0
0.5529465,0.44705346,1
0.4724882,0.52751184,1
0.6921014,0.3078986,0
0.39887485,0.60112506,1
0.37153268,0.6284673,1
0.8068249,0.19317508,0
0.76244015,0.2375599,0
0.9638879,0.03611215,0
0.98303246,0.016967613,0
0.98094076,0.019059252,0
0.9753573,0.024642754,0
0.9562047,0.04379532,0
0.9437563,0.056243658,0
0.42292112,0.5770788,1
0.23139554,0.7686045,1
0.81618005,0.18381996,0
0.77604246,0.22395751,0
0.72828335,0.27171665,0
0.77214694,0.22785309,0
0.99314934,0.006850629,0
0.9462903,0.053709686,0
0.84104997,0.15895002,0
0.15614529,0.8438547,1
0.5383551,0.46164492,0
0.26149443,0.7385056,1
0.62880224,0.3711978,0
0.97553307,0.024466868,0
0.19804971,0.80195034,1
0.22511715,0.77488285,1
0.548538,0.4514619,0
0.8282374,0.17176262,0
0.6063594,0.39364058,0
0.1782008,0.8217993,1
0.76592106,0.23407893,1
0.95158917,0.04841079,0
0.9406129,0.05938705,0
0.9195347,0.080465294,0
0.90797895,0.09202098,0
0.82385963,0.17614041,0
0.615657,0.38434306,0
0.7095517,0.29044837,0
0.68745714,0.3125428,0
0.6603504,0.33964965,0
0.43602613,0.5639739,1
0.9572841,0.042715922,0
0.7426301,0.25736988,1
0.6366197,0.3633803,1
0.66244435,0.33755565,1
0.7248103,0.27518973,1
0.7230385,0.27696148,1
0.74419004,0.25581005,0
0.73036975,0.26963016,1
0.7375659,0.26243418,1
0.4228909,0.57710904,1
0.675403,0.324597,1
0.8034074,0.19659257,1
0.92272556,0.07727441,1
0.9574774,0.04252264,0
0.8355799,0.1644201,1
0.7543869,0.24561311,1
0.37750894,0.62249106,1
0.3739102,0.6260898,1
0.25851768,0.7414824,1
0.26928496,0.730715,1
0.36714354,0.6328564,1
0.23335747,0.7666425,1
0.75388336,0.24611662,1
0.24672788,0.7532721,1
0.23000051,0.76999944,1
0.30496955,0.69503045,1
0.9338535,0.06614655,0
0.17830746,0.8216925,1
0.18915406,0.8108459,1
0.12198464,0.87801534,1
0.1796133,0.82038665,1
0.58987635,0.41012368,0
0.95979935,0.04020065,0
0.20859839,0.7914016,1
0.04528357,0.9547164,1
0.034864586,0.96513546,1
0.03483613,0.9651639,1
0.037161414,0.9628386,1
0.04085898,0.959141,1
0.14761145,0.85238856,1
0.22415884,0.7758412,1
0.25895247,0.74104756,1
0.73533535,0.26466462,0
0.15948331,0.8405167,1
0.0722406,0.92775935,1
0.32200372,0.6779963,0
0.40105033,0.5989497,0
0.6626817,0.33731827,0
0.7355864,0.26441357,0
0.70023817,0.2997618,0
0.36260787,0.6373921,0
0.9308726,0.06912734,0
0.9362964,0.06370365,0
0.88866055,0.111339435,0
0.756522,0.24347797,0
0.7031246,0.29687545,0
0.789679,0.2103211,0
0.9458559,0.054144103,0
0.92435634,0.07564358,0
0.78069955,0.21930048,1
0.80276203,0.19723791,0
0.823873,0.176127,1
0.6346208,0.3653792,1
0.55483747,0.44516248,1
0.5589516,0.44104835,1
0.4717077,0.5282923,1
0.46463844,0.5353615,1
0.7243668,0.27563316,0
0.71616614,0.2838339,0
0.721898,0.27810195,0
0.948572,0.051428024,0
0.75233936,0.24766059,1
0.32657704,0.673423,1
0.22242275,0.7775773,1
0.2169784,0.78302157,1
0.22066009,0.77933997,1
0.22920679,0.7707932,1
0.20093088,0.79906917,1
0.2408433,0.7591567,1
0.9243359,0.07566407,0
0.7055654,0.29443464,0
0.38861454,0.6113854,0
0.40364328,0.5963567,0
0.2431491,0.75685096,1
0.20495488,0.7950451,1
0.42827764,0.5717223,0
0.42378786,0.5762121,0
0.4547375,0.54526246,0
0.25216717,0.7478328,1
0.4327747,0.56722534,0
0.6184959,0.38150412,0
0.94318,0.05682004,0
0.62059456,0.3794054,1
0.13635314,0.86364686,1
0.18277797,0.81722206,1
0.39107203,0.608928,0
0.61870265,0.38129732,0
0.40198922,0.59801084,1
0.190734,0.80926603,1
0.7422981,0.2577019,1
0.12280855,0.8771914,1
0.22311556,0.7768844,1
0.24547276,0.7545273,1
0.6221837,0.37781635,0
0.48959118,0.5104088,0
0.6348275,0.36517248,0
0.31723374,0.6827663,1
0.6367292,0.36327085,1
0.87324435,0.12675567,0
0.24623579,0.7537642,1
0.38093477,0.6190653,1
0.46491435,0.5350857,0
0.2546969,0.74530303,1
0.34752104,0.65247893,1
0.44041374,0.5595863,1
0.3757199,0.6242801,1
0.33618835,0.6638117,1
0.14247529,0.85752475,1
0.3692226,0.63077736,0
0.52635723,0.4736427,0
0.9454184,0.054581556,0
0.8505023,0.1494977,0
0.79307514,0.20692481,0
0.49627557,0.5037244,0
0.4991151,0.50088483,0
0.46286675,0.5371332,0
0.46628144,0.5337185,0
0.56605315,0.43394685,0
0.70390666,0.29609334,0
0.6410676,0.3589324,1
0.75706905,0.242931,1
0.8193988,0.18060118,1
0.8207833,0.17921671,1
0.81404364,0.18595639,1
0.87928116,0.12071887,0
0.67688483,0.32311517,1
0.74294394,0.25705615,0
0.518744,0.48125595,0
0.60359466,0.39640534,0
0.3245124,0.67548764,1
0.5272619,0.47273815,0
0.64275753,0.3572425,1
0.7313662,0.2686338,1
0.33652082,0.6634791,1
0.24258052,0.75741947,1
0.30126074,0.6987393,1
0.32247356,0.6775264,1
0.3359979,0.6640021,1
0.30545783,0.69454217,1
0.7972599,0.20274001,0
0.8318108,0.16818917,0
0.85932875,0.14067131,0
0.7990294,0.20097058,0
0.1485753,0.8514247,1
0.16531712,0.8346829,1
0.17922239,0.8207776,1
0.8308947,0.16910529,0
0.87410545,0.12589456,0
0.9162373,0.08376273,0
0.8270318,0.1729682,0
0.6043317,0.3956684,0
0.064725995,0.935274,1
0.025609786,0.9743902,1
0.09971686,0.90028316,1
0.1952582,0.80474174,0
0.36247182,0.6375282,0
0.3623855,0.6376145,0
0.82882404,0.17117597,0
0.7892,0.21079998,0
0.35204947,0.6479506,0
0.07779574,0.92220426,1
0.030408513,0.9695915,1
0.02814618,0.97185385,1
0.029761113,0.9702389,1
0.04129811,0.9587019,1
0.06101819,0.9389818,1
0.05602627,0.94397366,1
0.07219754,0.92780244,1
0.73064786,0.2693522,0
0.32198778,0.6780123,0
0.17230526,0.8276948,0
0.12201335,0.87798667,1
0.008785402,0.99121463,1
0.16358082,0.8364191,1
0.2825233,0.7174767,0
0.23862875,0.76137125,0
0.829063,0.17093699,0
0.34163845,0.65836155,0
0.33654055,0.66345936,0
0.06451593,0.93548405,1
0.15391913,0.8460809,1
0.06281382,0.9371862,1
0.074315764,0.9256842,1
0.19773251,0.80226743,0
0.14912213,0.85087794,0
0.16853318,0.8314668,0
0.38152593,0.6184741,0
0.31575966,0.68424034,0
0.32681656,0.67318344,0
0.4878147,0.51218534,0
0.4523652,0.5476348,0
0.25828734,0.7417126,0
0.34833136,0.65166867,0
0.3472262,0.6527738,0
0.33487993,0.66512,1
0.5249003,0.47509965,0
0.5251741,0.47482592,0
0.75801134,0.24198864,0
0.83071357,0.16928646,0
0.6209694,0.37903062,1
0.4223062,0.5776938,1
0.2956889,0.7043112,1
0.3028602,0.6971398,1
0.29175267,0.70824736,1
0.42227224,0.5777278,0
0.5729178,0.42708212,0
0.9356892,0.06431084,0
0.6839956,0.31600446,0
0.24558035,0.7544197,1
0.23003034,0.76996964,1
0.21585436,0.78414565,1
0.2634886,0.7365114,1
0.25688162,0.7431184,1
0.65820986,0.34179014,0
0.67950463,0.32049534,0
0.5748283,0.4251717,0
0.5626492,0.43735084,0
0.601231,0.39876902,0
0.5938153,0.4061847,0
0.61333776,0.3866622,0
0.88945484,0.11054511,0
0.940786,0.05921397,0
0.41819406,0.5818059,1
0.26333752,0.73666245,1
0.21341847,0.7865815,1
0.2282628,0.7717373,1
0.27469826,0.72530174,1
0.25422,0.74578,1
0.88875157,0.11124847,0
0.7656317,0.23436831,0
0.4987278,0.5012722,0
0.03950515,0.9604949,1
0.07617372,0.9238263,1
0.71109146,0.2889085,0
0.81559175,0.18440826,0
0.8452618,0.15473825,0
0.6226179,0.37738207,1
0.124730274,0.8752698,1
0.09385625,0.9061438,1
0.08963969,0.91036034,1
0.113077156,0.8869229,1
0.2371731,0.7628269,1
0.28770652,0.7122935,1
0.43493834,0.5650616,0
0.45877495,0.541225,0
0.8646511,0.13534896,0
0.7088903,0.29110965,0
0.47652775,0.52347225,0
0.3053925,0.6946075,1
0.2879965,0.7120034,1
0.22102034,0.7789797,1
0.16417854,0.8358215,1
0.3912109,0.6087891,0
0.39975795,0.6002421,0
0.880445,0.11955495,0
0.91282916,0.087170824,0
0.7797262,0.22027376,0
0.43421096,0.56578904,0
0.19528101,0.804719,1
0.18773931,0.81226075,1
0.46468636,0.53531367,0
0.33428666,0.6657133,0
0.3126557,0.68734425,0
0.16648233,0.8335176,1
0.19759499,0.80240506,1
0.19583677,0.8041632,1
0.7549566,0.24504338,0
0.5305727,0.4694273,0
0.16294302,0.83705693,1
0.18540584,0.8145942,1
0.20845865,0.79154134,1
0.17955348,0.82044655,1
0.15019037,0.84980965,1
0.15488854,0.8451115,1
0.3242958,0.6757042,0
0.72296983,0.27703017,0
0.23165818,0.7683418,0
0.18727106,0.81272894,1
0.30914274,0.69085723,0
0.2205942,0.7794058,1
0.23537531,0.7646247,1
0.37166587,0.6283341,0
0.6282748,0.37172526,0
0.6418041,0.35819596,0
0.6394007,0.3605993,0
0.6088215,0.39117852,0
0.26664844,0.7333516,1
0.067437366,0.93256265,1
0.024039093,0.97596085,1
0.036102578,0.96389735,1
0.03947981,0.9605202,1
0.047222413,0.95277756,1
0.45127603,0.548724,0
0.24413317,0.7558668,1
0.79193443,0.20806557,0
0.85561764,0.14438237,0
0.9080837,0.09191629,0
0.3556571,0.64434296,0
0.3023184,0.6976816,1
0.043285787,0.9567142,1
0.05782816,0.9421718,1
0.068989165,0.93101084,1
0.07842231,0.92157763,1
0.49743432,0.50256574,0
0.7389611,0.26103887,0
0.7793494,0.22065061,0
0.50830436,0.49169558,0
0.2381533,0.7618467,1
0.62448597,0.37551397,0
0.92172253,0.07827744,0
0.7640015,0.23599847,0
0.081217326,0.91878265,1
0.09815487,0.9018451,1
0.1266305,0.8733696,1
0.10766168,0.8923384,1
0.110247836,0.88975215,1
0.54214287,0.4578571,0
0.68730193,0.31269807,0
0.9216711,0.078328855,0
0.9041793,0.09582071,0
0.6308737,0.36912632,0
0.43965968,0.56034034,1
0.2334753,0.76652473,1
0.22551207,0.7744879,1
0.23196849,0.7680315,1
0.19945224,0.8005478,1
0.2049018,0.7950982,1
0.20663922,0.79336077,1
0.29983416,0.7001658,1
0.73319614,0.26680383,0
0.21237057,0.7876294,1
0.1586997,0.8413003,1
0.15147799,0.848522,1
0.21626543,0.78373456,1
0.19843748,0.8015625,1
0.2391353,0.76086473,0
0.32264894,0.67735106,0
0.20797616,0.79202384,0
0.878334,0.121666044,0
0.38305742,0.6169425,0
0.36171755,0.6382825,1
0.294772,0.705228,1
0.13873038,0.86126965,1
0.12979361,0.8702064,1
0.13272023,0.8672797,1
0.16453068,0.8354693,1
0.5955313,0.40446877,0
0.13797309,0.86202693,1
0.12560257,0.87439746,1
0.11468415,0.8853159,1
0.042512953,0.95748705,1
0.09260169,0.90739834,1
0.1016611,0.8983389,1
0.1523518,0.8476482,0
0.27283818,0.7271618,0
0.018609641,0.98139036,1
0.025472691,0.9745273,1
0.030562771,0.9694372,0
0.17280185,0.82719815,0
0.59399694,0.40600303,0
0.72593665,0.27406338,0
0.49550554,0.5044945,0
0.9167583,0.08324166,0
0.8754792,0.12452077,0
0.15495944,0.84504056,0
0.03255908,0.96744096,1
0.037167784,0.9628322,1
0.07546653,0.9245334,1
0.10430618,0.89569384,0
0.34232843,0.6576716,0
0.72693783,0.27306223,0
0.26313493,0.73686504,1
0.09639594,0.90360403,1
0.14964478,0.8503552,1
0.12164137,0.87835866,1
0.22028907,0.779711,1
0.31456763,0.6854324,1
0.33296847,0.66703147,1
0.7486942,0.25130573,0
0.7241846,0.27581537,0
0.80040455,0.1995954,0
0.7976958,0.20230424,0
0.93559486,0.064405195,0
0.9551472,0.044852786,0
0.23201045,0.7679896,1
0.4677819,0.53221804,0
0.6560706,0.34392935,0
0.8933473,0.1066527,0
0.2872089,0.7127911,1
0.18058847,0.8194116,1
0.29497004,0.70502996,1
0.31530896,0.684691,1
0.30909052,0.69090945,1
0.49932867,0.5006713,0
0.50130725,0.49869275,0
0.49007228,0.5099277,0
0.5014871,0.4985129,0
0.20234032,0.7976597,1
0.442265,0.55773497,0
0.21677531,0.78322476,1
0.20380238,0.79619765,1
0.20127274,0.7987272,1
0.17885888,0.8211411,1
0.19414055,0.8058594,1
0.21408524,0.78591484,1
0.19923192,0.8007681,1
0.2676305,0.7323694,1
0.3074301,0.69257,1
0.89847404,0.10152596,0
0.49423382,0.5057662,0
0.19598325,0.8040168,1
0.18824911,0.8117509,1
0.14266369,0.8573363,1
0.573075,0.42692494,0
0.15577342,0.84422654,1
0.16520038,0.8347996,1
0.2672579,0.73274213,1
0.9371565,0.06284353,0
0.72630495,0.27369505,0
0.12805045,0.87194955,1
0.051589537,0.94841045,1
0.017313564,0.9826864,1
0.01809923,0.98190075,1
0.023288082,0.97671187,1
0.19564871,0.80435133,0
0.5815381,0.41846195,0
0.8175392,0.18246078,0
0.79863495,0.20136511,0
0.8191021,0.18089797,0
0.6597946,0.3402053,0
0.0415319,0.95846814,1
0.037077274,0.9629227,1
0.06901693,0.93098307,1
0.07840342,0.9215966,0
0.93771815,0.062281866,0
0.23972197,0.760278,0
0.24194798,0.758052,0
0.088821836,0.9111782,1
0.14148843,0.8585116,1
0.14453383,0.8554662,1
0.114590086,0.8854099,1
0.106988266,0.8930117,1
0.2979256,0.7020744,0
0.6619756,0.33802438,0
0.47377518,0.5262248,0
0.81931704,0.18068291,0
0.9293978,0.0706022,0
0.7657214,0.2342786,0
0.22577687,0.77422315,1
0.19333205,0.806668,1
0.2706073,0.72939265,1
0.26218864,0.7378113,1
0.2081527,0.7918472,1
0.24830125,0.7516988,1
0.19181104,0.808189,1
0.45133126,0.54866874,0
0.45562553,0.54437447,0
0.8552232,0.14477679,0
0.9764825,0.02351741,0
0.46381935,0.5361806,1
0.4021294,0.59787065,1
0.32962438,0.6703756,1
0.20653753,0.79346246,1
0.25278702,0.74721295,1
0.27696252,0.7230374,1
0.28112045,0.7188795,1
0.56711227,0.43288767,0
0.4514285,0.54857147,0
0.6449677,0.35503232,0
0.6716216,0.32837832,0
0.9250757,0.07492427,0
0.9767601,0.023239922,0
0.9774876,0.02251238,0
0.4172873,0.5827127,1
0.35588214,0.64411783,1
0.3208983,0.6791017,1
0.22285992,0.77714,1
0.15260905,0.84739095,1
0.08773944,0.91226053,1
0.24727595,0.75272405,0
0.441896,0.55810404,0
0.76859564,0.2314044,0
0.7393079,0.26069212,0
0.6676245,0.3323755,0
0.4649045,0.5350955,0
0.35092714,0.64907295,0
0.30786344,0.6921366,0
0.28892317,0.71107686,0
0.2970024,0.7029975,0
0.33772966,0.6622703,0
0.27425507,0.7257449,0
0.16392526,0.83607477,1
0.13779834,0.86220163,1
0.09378534,0.90621465,1
0.16045856,0.83954144,1
0.21089761,0.7891024,1
0.29899007,0.70100987,0
0.7912901,0.20870993,0
0.02077166,0.9792284,1
0.024439514,0.97556055,1
0.02415112,0.9758489,1
0.10389064,0.8961094,0
0.12052846,0.87947154,0
0.108177684,0.8918223,0
0.16287705,0.8371229,0
0.27058455,0.7294154,0
0.81539464,0.18460535,0
0.068544984,0.9314551,0
0.37970135,0.6202986,1
0.43289635,0.5671037,1
0.54436874,0.45563126,0
0.40035957,0.5996404,1
0.1778462,0.8221538,1
0.33127442,0.66872555,0
0.365654,0.634346,0
0.39742222,0.60257775,0
0.4731986,0.52680135,0
0.45555332,0.5444467,0
0.74917907,0.25082096,0
0.36596456,0.63403547,1
0.20378067,0.79621935,1
0.27158347,0.72841656,1
0.37992975,0.6200703,0
0.6020868,0.3979132,0
0.45081627,0.5491837,1
0.96136636,0.03863358,0
0.24049242,0.7595076,1
0.19981675,0.80018324,1
0.2717243,0.72827566,1
0.34210026,0.6578997,1
0.7712017,0.2287983,0
0.7708939,0.22910614,0
0.77523565,0.22476429,0
0.9822757,0.01772434,0
0.51099044,0.48900962,1
0.76996064,0.23003939,0
0.77817166,0.22182839,0
0.4068442,0.5931558,1
0.78494835,0.2150517,0
0.38241896,0.617581,1
0.39346373,0.60653627,1
0.985402,0.014598025,0
0.7169184,0.28308162,0
0.778984,0.22101596,0
0.97852176,0.021478241,0
0.97417766,0.025822358,0
0.2747983,0.72520167,1
0.015890948,0.9841091,1
0.01539914,0.98460084,1
0.022737743,0.97726226,1
0.25756925,0.7424307,1
0.71275043,0.28724957,0
0.8192705,0.18072948,0
0.7927599,0.20724006,0
0.45777512,0.54222494,0
0.06993055,0.93006945,1
0.07443535,0.92556465,1
0.06477483,0.9352252,1
0.07559614,0.92440385,1
0.046545837,0.9534542,1
0.08682741,0.9131726,1
0.06703174,0.93296826,1
0.19011842,0.8098816,1
0.121207155,0.8787929,1
0.34674284,0.65325713,1
0.752578,0.24742192,0
0.79275566,0.2072444,0
0.8674451,0.13255493,0
0.9487593,0.051240698,0
0.96630985,0.033690203,0
0.58966094,0.41033906,0
0.54250264,0.45749733,0
0.4021727,0.5978273,0
0.20966241,0.79033756,1
0.2551153,0.7448847,1
0.33346212,0.6665378,1
0.33037582,0.66962415,1
0.31144097,0.6885591,1
0.67727363,0.32272643,0
0.42217514,0.57782495,1
0.87373745,0.1262626,0
0.87837815,0.121621855,0
0.9737781,0.026221858,0
0.81122583,0.18877418,1
0.53382516,0.4661748,1
0.286558,0.71344197,1
0.5884043,0.41159573,0
0.58483505,0.41516495,0
0.3477033,0.6522967,1
0.31107277,0.68892723,1
0.9085104,0.091489635,0
0.84694403,0.15305595,0
0.929514,0.07048602,0
0.3091939,0.69080615,1
0.24795009,0.75204986,1
0.3371733,0.6628267,1
0.332211,0.66778904,1
0.32889125,0.6711087,1
0.34700736,0.6529927,1
0.26303896,0.73696107,1
0.32245132,0.67754865,1
0.93422925,0.06577071,0
0.96475816,0.035241846,0
0.4071215,0.59287846,1
0.38927945,0.6107205,1
0.39273348,0.6072665,1
0.906676,0.09332402,0
0.91061664,0.08938338,0
0.91027004,0.08972993,0
0.8986064,0.10139358,0
0.9783724,0.021627633,0
0.97651446,0.02348548,0
0.9572482,0.04275181,0
0.94830656,0.05169348,0
0.9014933,0.09850668,0
0.3509082,0.6490918,1
0.83639187,0.16360818,0
0.8799721,0.12002784,0
0.34587675,0.6541233,1
0.8070762,0.19292384,0
0.8612351,0.13876493,0
0.8509327,0.14906727,0
0.95672995,0.043270018,0
0.95905757,0.040942464,0
0.9705268,0.029473146,0
0.051792074,0.948208,1
0.08996381,0.9100362,1
0.27518693,0.72481304,1
0.8165177,0.18348233,0
0.8348642,0.16513574,0
0.5281298,0.4718702,1
0.88812625,0.11187379,0
0.92367107,0.07632891,0
0.7623951,0.23760489,0
0.59812874,0.40187135,0
0.5073183,0.4926817,0
0.60967016,0.3903298,0
0.6301313,0.36986864,0
0.6595101,0.3404899,0
0.7904293,0.20957075,0
0.70115554,0.29884446,0
0.72862977,0.2713702,1
0.7576957,0.24230431,1
0.34433034,0.6556696,1
0.79402584,0.20597415,0
0.832659,0.16734102,0
0.90850693,0.09149311,0
0.97201645,0.027983595,0
0.938184,0.061815996,0
0.9311659,0.068834096,0
0.38509014,0.61490977,1
0.3798518,0.6201483,1
0.64339954,0.35660043,1
0.73936635,0.26063365,0
0.753368,0.24663205,0
0.75359136,0.24640872,1
0.76681215,0.23318785,1
0.652115,0.34788498,1
0.93984675,0.06015317,0
0.9054825,0.09451752,0
0.91251886,0.087481126,0
0.9640136,0.035986397,0
0.95531833,0.044681665,0
0.527155,0.472845,1
0.30599323,0.6940068,1
0.32502645,0.67497355,1
0.5819217,0.41807827,1
0.64375675,0.35624328,1
0.59562933,0.40437064,1
0.5455051,0.45449486,1
0.84043217,0.15956785,0
0.8686115,0.13138847,0
0.89904195,0.1009581,0
0.96195805,0.03804194,0
0.9742916,0.025708325,0
0.68077946,0.3192205,1
0.73840564,0.26159436,0
0.73735696,0.26264304,1
0.7951141,0.20488593,0
0.85472864,0.1452713,0
0.85060155,0.1493984,0
0.8870164,0.11298366,0
0.849393,0.150607,1
0.7386263,0.26137367,1
0.8162107,0.18378927,1
0.9449499,0.055050027,0
0.39951622,0.6004838,1
0.50070035,0.49929962,1
0.47404337,0.5259567,1
0.5095928,0.4904073,1
0.51258886,0.4874111,1
0.95687497,0.043125086,0
0.9702308,0.029769195,0
0.97912246,0.020877553,0
0.9757441,0.024255864,0
0.96562386,0.03437615,0
0.9320661,0.06793385,0
0.10908765,0.89091235,1
0.08147104,0.918529,1
0.08957721,0.91042274,1
0.19116053,0.8088395,1
0.3718206,0.62817943,0
0.6375354,0.36246464,0
0.6703681,0.3296319,0
0.83802074,0.16197923,0
0.87337464,0.12662531,0
0.9210181,0.078981884,0
0.96077055,0.039229408,0
0.955693,0.04430699,0
0.94791853,0.052081503,0
0.67605764,0.32394242,1
0.6859663,0.3140337,0
0.12669241,0.8733075,1
0.08459431,0.91540563,1
0.08100166,0.91899836,1
0.09626151,0.90373844,1
0.14302142,0.8569786,1
0.16562973,0.8343703,1
0.30838203,0.69161797,1
0.8789629,0.12103716,0
0.7842703,0.21572973,0
0.8705252,0.12947483,0
0.37392196,0.626078,1
0.085305244,0.9146948,1
0.10678793,0.893212,1
0.10881795,0.891182,1
0.12343788,0.87656206,1
0.1147167,0.8852833,1
0.11112496,0.88887507,1
0.13124754,0.8687525,1
0.7664681,0.2335319,0
0.7355736,0.2644264,0
0.9602473,0.039752737,0
0.53659624,0.46340376,0
0.45460248,0.54539746,0
0.21402846,0.7859715,1
0.2661148,0.7338852,1
0.3955402,0.6044599,0
0.1807906,0.81920934,1
0.3949714,0.6050286,0
0.40652174,0.5934782,0
0.41397473,0.58602524,0
0.8148851,0.18511494,0
0.6761292,0.32387084,0
0.94798815,0.052011814,0
0.35104838,0.6489516,1
0.2932992,0.70670074,1
0.15438789,0.8456121,1
0.23495172,0.7650483,1
0.22373678,0.77626324,1
0.19717243,0.8028276,1
0.39169618,0.6083038,0
0.8267784,0.17322157,0
0.56985885,0.43014115,0
0.83360076,0.16639924,0
0.9702964,0.029703656,0
0.78058803,0.21941201,0
0.8879708,0.11202919,0
0.882351,0.117648944,0
0.975397,0.024602992,0
0.9715325,0.028467456,0
0.44761005,0.5523899,1
0.81175566,0.18824436,0
0.6118858,0.38811415,1
0.83808583,0.1619142,0
0.454593,0.54540706,1
0.6777712,0.3222288,1
0.85916245,0.14083758,0
0.83281624,0.16718379,0
0.8566822,0.1433178,0
0.9601476,0.039852355,0
0.9719773,0.028022725,0
0.9796443,0.020355634,0
0.95325816,0.04674179,0
0.09806465,0.9019353,1
0.41735196,0.5826481,0
0.70270437,0.29729563,0
0.522286,0.47771394,1
0.60705227,0.39294767,1
0.7844493,0.21555072,0
0.8300442,0.16995576,0
0.86237854,0.13762142,0
0.959544,0.040456004,0
0.8793766,0.12062338,0
0.75453854,0.24546146,0
0.6994312,0.30056882,0
0.5159207,0.4840794,1
0.7290391,0.27096096,0
0.5726486,0.42735136,1
0.80303645,0.19696355,0
0.86368406,0.13631602,0
0.9118962,0.088103816,0
0.92250234,0.07749764,0
0.8774154,0.12258459,1
0.116840355,0.88315964,1
0.3437228,0.6562772,1
0.771439,0.22856094,0
0.7674683,0.23253171,0
0.96283484,0.03716513,0
0.8884075,0.11159246,0
0.9314832,0.06851683,0
0.4177597,0.5822403,1
0.568603,0.43139696,1
0.5407024,0.4592976,1
0.615927,0.384073,1
0.7801517,0.21984828,0
0.4760129,0.5239872,1
0.84603655,0.15396349,0
0.9378143,0.062185716,0
0.94747454,0.052525397,0
0.9624422,0.03755779,0
0.97523344,0.024766518,0
0.8704368,0.12956327,0
0.8956181,0.10438191,0
0.8872528,0.1127472,0
0.82696134,0.17303872,1
0.9353889,0.064611115,1
0.9737082,0.026291775,0
0.9627801,0.037219834,0
0.8156184,0.1843816,1
0.77887964,0.22112036,1
0.78827566,0.21172437,1
0.8546403,0.14535977,0
0.85578966,0.14421034,0
0.8269266,0.1730734,1
0.86554825,0.1344518,0
0.83472234,0.1652777,1
0.857388,0.142612,0
0.81466436,0.18533564,1
0.85719484,0.14280514,0
0.9846458,0.015354214,0
0.9730014,0.02699857,0
0.69193006,0.3080699,1
0.69986063,0.30013934,1
0.8400606,0.15993944,0
0.8762961,0.123703964,0
0.9055538,0.09444612,0
0.7643083,0.23569173,1
0.6797241,0.3202759,1
0.8493133,0.15068676,0
0.8089613,0.19103876,0
0.9783831,0.021616865,0
0.75396264,0.24603738,1
0.67546797,0.32453203,1
0.83856815,0.16143185,0
0.64017355,0.35982642,1
0.9034632,0.09653681,0
0.8972307,0.10276936,0
0.84892654,0.1510735,0
0.7103175,0.28968248,1
0.4140553,0.5859447,1
0.8173635,0.1826365,0
0.8289416,0.17105842,0
0.40850812,0.5914919,1
0.89647704,0.10352304,0
0.88638765,0.11361228,0
0.907201,0.09279906,0
0.9146735,0.085326485,0
0.87108934,0.1289106,1
0.5557676,0.4442324,1
0.6117848,0.38821518,1
0.60080045,0.3991995,1
0.61296517,0.38703483,1
0.94983053,0.05016942,0
0.6621295,0.33787048,1
0.9521609,0.047839154,0
0.9034067,0.096593305,0
0.9126524,0.087347604,0
0.9664425,0.03355745,0
0.92709064,0.07290936,0
0.9289567,0.07104328,0
0.87902254,0.12097749,0
0.56025004,0.43975002,1
0.6171018,0.38289815,1
0.49537885,0.5046212,1
0.20183381,0.7981662,1
0.35396236,0.6460377,1
0.8527759,0.14722407,0
0.84749925,0.15250073,0
0.8463789,0.15362105,0
0.75293607,0.247064,1
0.8104574,0.18954259,1
0.42293158,0.5770684,1
0.47044885,0.52955115,1
0.4327664,0.56723356,1
0.78605694,0.21394302,0
0.75880516,0.24119475,0
0.8141636,0.18583634,0
0.64314634,0.3568537,1
0.8635349,0.13646507,0
0.92683506,0.07316492,0
0.80053484,0.1994651,0
0.8017867,0.19821322,0
0.5803006,0.4196994,1
0.68329835,0.31670165,0
0.8702585,0.12974145,0
0.79545933,0.20454063,0
0.84994966,0.15005036,0
0.9179514,0.08204857,0
0.7718885,0.22811143,0
0.80263275,0.19736724,0
0.76231134,0.23768868,1
0.83220303,0.16779704,0
0.9676913,0.032308776,0
0.96326274,0.036737338,0
0.8545049,0.14549512,0
0.7140107,0.28598928,1
0.023239566,0.97676045,1
0.018356089,0.981644,1
0.17804743,0.8219526,1
0.13175228,0.8682477,1
0.2039735,0.79602647,1
0.036106814,0.9638932,1
0.6455636,0.3544364,0
0.59212744,0.4078726,0
0.8421223,0.15787761,0
0.79128915,0.2087109,0
0.6158732,0.38412678,0
0.12549356,0.8745065,0
0.3386903,0.6613097,0
0.51907355,0.48092654,0
0.49091673,0.5090833,0
0.06708128,0.93291867,1
0.6724876,0.32751235,0
0.92896026,0.07103969,0
0.9236506,0.07634932,0
0.6628498,0.33715016,1
0.55648947,0.44351056,1
0.23586062,0.7641394,1
0.11799009,0.88200986,1
0.30399787,0.6960021,1
0.48240957,0.5175904,1
0.52509135,0.4749087,1
0.3287305,0.67126954,1
0.3227231,0.6772769,1
0.14485314,0.8551468,1
0.37695622,0.6230438,1
0.47873104,0.52126896,1
0.52178705,0.47821286,1
0.5100251,0.4899749,1
0.55288893,0.4471111,1
0.45372584,0.5462741,1
0.21026413,0.7897359,1
0.26825717,0.7317428,1
0.32559305,0.67440695,1
0.24180317,0.75819683,1
0.22325453,0.7767455,1
0.30342382,0.6965762,1
0.2566792,0.7433208,0
0.2190659,0.7809341,1
0.6188952,0.38110477,0
0.5855762,0.4144238,0
0.40441078,0.5955893,0
0.86457926,0.13542078,0
0.8373244,0.1626756,0
0.76538336,0.2346166,0
0.55472755,0.44527245,0
0.2685702,0.73142976,1
0.49537647,0.5046236,0
0.45202267,0.5479773,0
0.3267888,0.6732113,1
0.16788012,0.8321199,1
0.5030307,0.49696925,0
0.49166626,0.5083337,0
0.553988,0.44601208,0
0.95497835,0.045021705,0
0.93427515,0.06572484,0
0.8722491,0.1277509,0
0.55765826,0.44234172,0
0.5638906,0.43610933,0
0.55941576,0.4405842,0
0.5510198,0.44898027,1
0.8095596,0.19044036,0
0.9732205,0.02677951,0
0.94378287,0.056217182,0
0.3649063,0.6350937,1
0.44412515,0.5558749,1
0.700588,0.29941204,0
0.065297306,0.9347027,1
0.024653012,0.9753469,1
0.053680863,0.9463191,1
0.107345946,0.8926541,1
0.035656735,0.96434325,1
0.35704038,0.6429596,0
0.61286366,0.38713634,0
0.67760843,0.32239154,0
0.5304008,0.46959913,0
0.46071026,0.5392898,0
0.8409006,0.15909946,0
0.8461259,0.15387408,0
0.8515098,0.14849016,0
0.39825773,0.6017423,0
0.6102409,0.3897591,0
0.579297,0.42070302,0
0.74322855,0.25677148,0
0.59213245,0.4078675,1
0.9179962,0.08200384,0
0.8253414,0.1746586,0
0.78499424,0.21500571,0
0.601267,0.39873305,1
0.17228085,0.8277192,1
0.51391786,0.48608214,1
0.6514042,0.3485958,0
0.5670006,0.4329993,1
0.7018042,0.2981958,0
0.75999874,0.24000126,0
0.7830816,0.2169184,0
0.47901317,0.52098686,1
0.826142,0.17385797,0
0.5525503,0.4474497,0
0.45957577,0.5404242,0
0.18471919,0.81528085,1
0.3023196,0.6976804,1
0.65499514,0.3450048,0
0.8324115,0.16758847,0
0.69102675,0.30897325,0
0.57406384,0.4259362,1
0.8765727,0.123427264,0
0.62583655,0.37416345,0
0.69068885,0.30931115,0
0.6902964,0.30970365,0
0.75336254,0.2466375,0
0.66197354,0.33802652,0
0.62021565,0.37978432,1
0.95366174,0.04633828,0
0.9182628,0.08173722,0
0.89187074,0.10812928,0
0.7900651,0.2099349,0
0.7877405,0.21225941,0
0.7541586,0.2458414,0
0.7369603,0.26303977,0
0.68771034,0.31228966,0
0.6908761,0.30912387,0
0.8916159,0.10838409,0
0.66222894,0.33777103,0
0.7514116,0.24858841,1
0.4994457,0.50055426,1
0.67280924,0.32719073,1
0.9623803,0.037619736,0
0.94259846,0.05740149,0
0.53431004,0.46568993,1
0.37334898,0.626651,1
0.4153987,0.58460134,1
0.44850674,0.5514932,1
0.10408244,0.8959176,1
0.46741962,0.5325803,1
0.74272996,0.2572701,0
0.7448333,0.25516677,0
0.9069076,0.09309243,0
0.880245,0.11975501,0
0.8322249,0.16777508,0
0.8274249,0.17257509,0
0.49095568,0.50904435,0
0.39312193,0.6068781,1
0.579372,0.42062804,0
0.06524752,0.93475246,1
0.6857539,0.31424615,0
0.75532013,0.24467991,0
0.89623827,0.1037618,0
0.56037134,0.43962863,1
0.36029398,0.639706,1
0.47275236,0.52724755,1
0.14047295,0.859527,1
0.87009776,0.12990226,0
0.84975517,0.15024477,0
0.7914293,0.20857075,0
0.69435453,0.30564547,0
0.924226,0.07577395,0
0.8720629,0.12793706,0
0.7275389,0.27246112,0
0.20794843,0.79205155,1
0.48380306,0.516197,1
0.47258407,0.527416,0
0.39683408,0.6031659,1
0.43068007,0.5693199,0
0.8380592,0.16194078,0
0.8484858,0.15151419,0
0.786907,0.21309301,0
0.75332063,0.24667941,0
0.6082808,0.39171925,1
0.81478095,0.18521903,0
0.9453088,0.05469116,0
0.9519163,0.048083752,0
0.56321436,0.4367857,1
0.77281296,0.22718704,0
0.79735965,0.20264031,0
0.78701025,0.21298973,0
0.9147932,0.08520681,0
0.9292556,0.07074442,0
0.7889379,0.21106212,0
0.78637457,0.21362542,0
0.7894279,0.21057217,0
0.81376714,0.18623286,0
0.7586984,0.24130161,0
0.7582278,0.24177217,0
0.9701123,0.029887646,0
0.96206343,0.03793659,0
0.8772964,0.12270359,0
0.807241,0.19275904,0
0.82292694,0.17707303,0
0.8433726,0.15662743,0
0.85783523,0.14216478,0
0.86030185,0.13969815,0
0.7258959,0.27410415,1
0.5956235,0.40437645,1
0.72076786,0.27923205,1
0.70970064,0.2902993,1
0.80290866,0.19709137,0
0.80724525,0.19275473,1
0.82433724,0.17566279,1
0.09520905,0.90479094,1
0.29345733,0.7065427,1
0.49161872,0.50838125,1
0.5883252,0.41167486,1
0.54906994,0.45093006,1
0.42851248,0.5714875,1
0.055724554,0.94427544,1
0.17281057,0.8271895,1
0.6374039,0.362596,0
0.76953876,0.23046125,0
0.73947686,0.26052314,0
0.6966387,0.30336127,1
0.920615,0.07938498,0
0.7846154,0.21538463,0
0.7852621,0.21473792,0
0.3719972,0.62800276,1
0.23547225,0.76452774,1
0.5302695,0.4697305,0
0.5382698,0.46173018,0
0.61228096,0.38771906,0
0.07702421,0.92297584,1
0.7258555,0.2741445,0
0.81619865,0.18380134,0
0.8368074,0.16319254,0
0.4066457,0.59335434,1
0.6804121,0.31958783,0
0.7220356,0.2779644,0
0.7275307,0.27246925,0
0.6793595,0.3206405,0
0.112105824,0.8878942,1
0.14839372,0.8516063,1
0.7436144,0.25638562,0
0.75187945,0.24812055,0
0.8226908,0.17730917,0
0.74113524,0.25886476,0
0.7203267,0.27967328,0
0.36359563,0.63640434,1
0.18270192,0.8172981,1
0.26039964,0.73960036,1
0.15907644,0.8409236,1
0.010664036,0.98933595,1
0.0405248,0.95947516,1
0.12336862,0.8766313,1
0.19353123,0.80646884,1
0.4931073,0.5068928,0
0.5383675,0.46163243,0
0.64217895,0.35782108,0
0.6306506,0.36934945,0
0.9574076,0.042592414,0
0.95125973,0.048740294,0
0.9496259,0.050374016,0
0.35198337,0.64801663,0
0.44287422,0.5571258,0
0.5084676,0.49153242,0
0.6351215,0.36487842,0
0.25878397,0.74121594,0
0.56231695,0.43768302,0
0.69621235,0.30378774,0
0.6722357,0.32776427,0
0.9113441,0.088655874,0
0.9262423,0.073757686,0
0.681461,0.31853902,0
0.6524865,0.34751344,0
0.5294643,0.47053567,1
0.7429017,0.25709835,0
0.7619952,0.23800477,0
0.7287733,0.27122664,0
0.72319365,0.27680635,0
0.97585267,0.024147304,0
0.85143393,0.14856611,1
0.7645453,0.23545474,0
0.6360804,0.36391962,1
0.13444999,0.86555004,1
0.7329892,0.2670108,0
0.8388143,0.16118567,0
0.973643,0.02635703,0
0.9542253,0.04577467,0
0.8565944,0.14340565,0
0.51708615,0.48291388,1
0.42670688,0.57329315,1
0.5589191,0.44108102,1
0.5413479,0.4586521,1
0.60377574,0.3962242,1
0.5550315,0.44496846,1
0.16887528,0.83112466,1
0.5675874,0.43241262,0
0.5935843,0.4064157,0
0.61604136,0.38395864,1
0.95390946,0.04609056,0
0.9727614,0.027238546,0
0.6535393,0.34646073,0
0.18806833,0.8119316,1
0.27810928,0.7218907,1
0.06717463,0.9328253,1
0.10667201,0.893328,1
0.012401631,0.98759836,1
0.008641947,0.99135804,1
0.58151364,0.4184863,0
0.9259015,0.074098535,0
0.97743475,0.022565262,0
0.98197937,0.018020606,0
0.98150957,0.018490475,0
0.040094994,0.959905,1
0.055481847,0.9445182,1
0.23382713,0.7661729,1
0.110339224,0.8896608,1
0.030957023,0.969043,1
0.61123306,0.38876688,0
0.4342661,0.56573385,0
0.7580309,0.2419691,0
0.9611784,0.038821526,0
0.69775313,0.30224687,0
0.7611466,0.23885344,0
0.42413077,0.5758692,0
0.34248063,0.65751934,0
0.21834633,0.7816537,0
0.25230554,0.74769443,0
0.25700405,0.7429959,1
0.33360946,0.66639054,0
0.39050418,0.6094958,0
0.36384293,0.63615704,0
0.2736064,0.7263936,1
0.2561623,0.7438377,1
0.62963957,0.37036043,0
0.634627,0.36537302,0
0.64650327,0.35349676,0
0.88662064,0.11337931,0
0.29417142,0.70582855,1
0.35020927,0.64979076,1
0.22285904,0.777141,1
0.05381572,0.94618434,1
0.0591696,0.94083047,1
0.0919042,0.90809584,1
0.288843,0.7111569,0
0.46705818,0.5329418,0
0.93808526,0.061914716,0
0.80547446,0.19452552,0
0.44626138,0.5537386,0
0.10655687,0.8934431,1
0.10473221,0.8952678,1
0.091977805,0.9080222,1
0.06055548,0.9394445,1
0.35272023,0.6472798,0
0.16485344,0.83514655,1
0.4619092,0.53809077,0
0.2144149,0.7855851,0
0.05861658,0.94138336,1
0.004400462,0.9955995,1
0.027324498,0.97267544,1
0.25647572,0.7435243,1
0.96904236,0.030957615,0
0.97593224,0.024067797,0
0.1506224,0.84937763,1
0.17725027,0.82274973,1
0.2850106,0.7149893,1
0.2552423,0.7447577,1
0.12230838,0.8776916,1
0.13505878,0.8649412,1
0.026224464,0.97377557,1
0.081435405,0.9185647,1
0.13080302,0.869197,1
0.19315638,0.80684364,0
0.8933928,0.106607184,0
0.9866698,0.013330265,0
0.85090977,0.1490902,0
0.22677623,0.77322376,0
0.50819427,0.4918058,0
0.48319447,0.51680547,0
0.5844713,0.41552866,0
0.5851369,0.41486314,0
0.029435512,0.9705645,1
0.038412753,0.9615872,1
0.059944473,0.94005555,1
0.12543638,0.87456363,1
0.14022201,0.859778,1
0.75326514,0.24673484,0
0.12947895,0.87052107,0
0.374442,0.62555796,0
0.46081784,0.5391822,0
0.46600315,0.5339969,0
0.44969606,0.5503039,0
0.0034177373,0.9965823,1
0.0062436666,0.9937563,1
0.037621096,0.96237886,1
0.5744861,0.42551386,0
0.22861852,0.77138144,1
0.9809942,0.019005809,0
0.97650266,0.023497304,0
0.06453752,0.9354625,1
0.31537655,0.6846234,0
0.38890633,0.6110937,0
0.32681507,0.67318493,0
0.052671175,0.9473288,1
0.045269534,0.9547304,1
0.3665016,0.6334985,0
0.49296102,0.50703895,0
0.48215395,0.51784605,0
0.063049644,0.9369503,1
0.28061354,0.71938646,1
0.3330856,0.6669144,1
0.4759956,0.5240044,1
0.980613,0.01938693,0
0.57243764,0.42756233,0
0.08719558,0.9128044,1
0.12128685,0.8787132,1
0.2958188,0.7041812,0
0.043421045,0.9565789,1
0.41537386,0.58462614,1
0.94308615,0.056913894,0
0.9831632,0.016836766,0
0.946141,0.053859025,0
0.89528275,0.10471723,0
0.6230238,0.3769762,0
0.4979605,0.50203955,0
0.45970437,0.54029566,0
0.59827995,0.40172002,0
0.77466214,0.22533788,0
0.6742596,0.32574037,1
0.8578947,0.14210525,0
0.98618364,0.0138164265,0
0.5238008,0.47619924,0
0.58992845,0.41007155,0
0.5969017,0.40309834,0
0.5428071,0.45719296,0
0.47503048,0.52496946,1
0.5551777,0.4448223,1
0.55941594,0.44058406,1
0.76245636,0.23754366,0
0.97959155,0.02040839,0
0.88744813,0.11255187,0
0.7303392,0.2696607,0
0.14651537,0.8534847,1
0.16940928,0.8305908,1
0.21691759,0.7830825,1
0.32449326,0.6755068,1
0.24608667,0.75391334,1
0.16512182,0.8348782,1
0.0021062016,0.99789387,1
0.09442984,0.90557015,1
0.6133593,0.38664073,0
0.76321524,0.23678473,0
0.6545262,0.3454738,0
0.72135633,0.27864364,0
0.32492504,0.67507493,0
0.39982957,0.6001705,0
0.45041463,0.5495854,0
0.40379772,0.5962023,0
0.030856058,0.969144,1
0.39377427,0.60622567,0
0.65072936,0.34927064,0
0.66038805,0.339612,0
0.8868907,0.113109306,0
0.118280046,0.88171995,1
0.29790503,0.702095,1
0.35647932,0.6435207,1
0.19931999,0.80068004,1
0.6524027,0.3475973,0
0.44150057,0.5584994,0
0.8612709,0.13872907,0
0.29354528,0.7064548,1
0.3505333,0.6494667,1
0.36018193,0.63981813,1
0.21630163,0.7836984,1
0.20695469,0.7930453,1
0.33297417,0.66702586,1
0.8342072,0.16579285,0
0.9493735,0.050626487,0
0.9789509,0.021049036,0
0.39872637,0.6012736,0
0.6065619,0.39343813,0
0.58733356,0.4126664,0
0.32532868,0.6746713,1
0.22067852,0.7793215,1
0.77455395,0.22544613,0
0.27602965,0.72397035,1
0.9250082,0.07499184,0
0.941346,0.058653984,0
0.8964187,0.103581324,0
0.575966,0.42403397,0
0.55328393,0.44671607,0
0.59817636,0.40182367,0
0.7169977,0.28300235,0
0.5182403,0.48175973,1
0.124461725,0.87553823,1
0.14063013,0.85936993,1
0.8052971,0.19470291,0
0.96492517,0.035074838,0
0.71633816,0.28366178,0
0.5584888,0.44151124,0
0.3869081,0.6130919,0
0.45777285,0.5422272,0
0.58608943,0.4139105,0
0.43061557,0.5693844,1
0.5353447,0.46465528,0
0.5367048,0.46329516,0
0.53813666,0.4618633,0
0.5840688,0.41593125,0
0.8688631,0.13113695,0
0.96772534,0.032274667,0
0.049713314,0.9502867,1
0.032804046,0.96719587,1
0.53607935,0.46392062,0
0.33672172,0.6632783,0
0.4013426,0.5986574,0
0.6952463,0.30475375,0
0.7044214,0.29557854,0
0.80310774,0.19689229,0
0.5359237,0.46407625,0
0.41615376,0.5838462,1
0.5155978,0.48440227,0
0.13493387,0.86506605,1
0.3793824,0.6206176,1
0.6989756,0.30102432,0
0.6238911,0.3761089,0
0.63299257,0.36700743,0
0.77653885,0.22346117,0
0.9272605,0.07273948,0
0.9772046,0.022795344,0
0.9438667,0.056133308,0
0.742772,0.25722808,0
0.38171393,0.618286,0
0.5066846,0.49331543,0
0.27490106,0.725099,1
0.42088133,0.57911867,0
0.36152828,0.6384717,1
0.7708029,0.22919711,0
0.610672,0.38932803,0
0.95166177,0.048338268,0
0.48081276,0.51918715,1
0.3769026,0.62309736,1
0.124732055,0.8752679,1
0.3853045,0.6146955,1
0.3309984,0.66900164,1
0.515936,0.484064,0
0.5626817,0.43731833,0
0.70901245,0.2909875,0
0.40010664,0.5998934,0
0.5974473,0.40255266,0
0.6295494,0.37045062,0
0.9600232,0.03997679,0
0.42742446,0.57257557,1
0.6542192,0.34578085,0
0.66276956,0.3372304,0
0.12047544,0.8795246,1
0.04752502,0.95247495,1
0.16898851,0.8310115,1
0.092509486,0.9074905,1
0.45200902,0.54799104,0
0.5487465,0.45125344,0
0.67983365,0.32016638,0
0.8923953,0.10760467,0
0.9915559,0.008444005,0
0.9765108,0.023489105,0
0.13888405,0.86111593,1
0.658137,0.34186292,0
0.6513297,0.34867027,0
0.77027446,0.22972555,0
0.84147805,0.15852198,0
0.96559983,0.034400214,0
0.97340935,0.026590614,0
0.9531465,0.04685355,0
0.8173259,0.18267407,0
0.25631317,0.7436868,0
0.47080955,0.5291905,0
0.00071856164,0.99928147,1
0.21322246,0.78677756,1
0.9698738,0.0301262,0
0.010108307,0.98989177,1
0.005227341,0.9947726,1
0.1255583,0.8744417,1
0.12605992,0.87394005,1
0.18319058,0.8168094,1
0.9511013,0.04889871,0
0.043831255,0.9561688,1
0.07039597,0.929604,1
0.19331259,0.8066874,1
0.3447915,0.65520847,0
0.11357121,0.8864288,1
0.051555905,0.9484441,1
0.018372374,0.98162764,1
4.0692053e-06,0.99999595,1
0.0036907166,0.9963092,1
0.012323999,0.987676,1
0.4273349,0.5726651,0
0.88609004,0.11391003,0
0.97724074,0.02275931,0
0.4759377,0.52406234,0
0.26894855,0.73105145,0
0.24007525,0.75992477,0
0.045791384,0.9542086,1
0.7834405,0.21655954,0
0.7301315,0.26986843,0
0.7282324,0.2717676,0
0.75867134,0.24132858,0
0.97003907,0.029960904,0
0.6469366,0.35306343,0
0.07719184,0.92280823,1
0.545879,0.45412105,0
0.6271653,0.37283468,0
0.34050485,0.6594951,1
0.093447156,0.90655285,1
0.6997155,0.30028445,0
0.7990044,0.20099567,0
0.7824244,0.21757561,0
0.49037802,0.509622,0
0.45930275,0.5406972,1
0.64828616,0.35171384,1
0.5997137,0.40028635,1
0.64765745,0.35234255,1
0.6209289,0.37907103,1
0.76836413,0.23163581,1
0.7826701,0.2173299,1
0.7160207,0.28397933,1
0.97503984,0.024960114,0
0.9417573,0.058242746,0
0.5582908,0.44170916,1
0.574176,0.42582405,1
0.82276636,0.17723371,1
0.6545857,0.3454143,1
0.5314294,0.46857065,1
0.6521989,0.34780106,1
0.9095893,0.09041071,0
0.9906781,0.0093218945,0
0.9879354,0.012064619,0
0.46553084,0.5344692,1
0.59037495,0.4096251,1
0.5851142,0.41488582,1
0.38521942,0.6147806,1
0.7176069,0.28239313,1
0.7968785,0.20312142,0
0.92184126,0.07815871,0
0.5332412,0.46675885,1
0.48422846,0.51577157,1
0.5196819,0.48031807,1
0.55804646,0.44195354,1
0.59863025,0.40136975,1
0.5830362,0.41696385,1
0.18120353,0.8187965,1
0.12311962,0.8768804,1
0.5804531,0.41954687,0
0.7969473,0.20305271,0
0.7988425,0.20115758,0
0.8919668,0.10803318,0
0.98279506,0.01720488,0
0.33099198,0.66900796,1
0.49529165,0.5047083,0
0.3756236,0.6243764,1
0.62470627,0.3752938,0
0.22364195,0.77635807,1
0.018316755,0.98168325,1
0.01947445,0.98052555,1
0.2466875,0.7533125,1
0.82881296,0.17118701,0
0.01726702,0.982733,1
0.3106801,0.6893199,1
0.36600682,0.6339932,0
0.09053512,0.90946496,1
0.26865643,0.73134357,0
0.9603833,0.03961666,0
0.33024183,0.66975826,1
0.13256794,0.8674321,1
0.6111334,0.38886663,0
0.62624127,0.3737588,0
0.5056204,0.49437955,1
0.6854131,0.3145869,0
0.5302323,0.46976775,0
0.06243061,0.93756944,1
0.25932834,0.74067163,1
0.091885574,0.90811443,1
0.54859364,0.45140642,0
0.98171383,0.018286249,0
0.6923056,0.30769432,0
0.269097,0.73090297,1
0.5141789,0.48582116,1
0.35000685,0.6499931,1
0.38396603,0.61603403,1
0.4005856,0.5994144,1
0.46210858,0.5378914,0
0.7981654,0.20183466,0
0.9606291,0.039370902,0
0.9841362,0.015863707,0
0.99286795,0.0071320976,0
0.9450849,0.054915037,0
0.4792442,0.5207558,0
0.65716517,0.34283486,0
0.8170415,0.18295844,1
0.12438675,0.8756133,1
0.63522714,0.36477286,1
0.7380448,0.26195523,0
0.6114573,0.38854274,1
0.972607,0.027393013,0
0.5035705,0.49642956,1
0.22475699,0.775243,1
0.26421124,0.7357887,1
0.33566856,0.66433144,1
0.31634367,0.68365633,1
0.33116716,0.66883284,1
0.30491713,0.6950829,1
0.0028877722,0.99711215,1
0.011867913,0.98813206,1
0.8785552,0.121444814,0
0.97237474,0.027625283,0
0.62832457,0.37167546,0
0.27556896,0.72443104,1
0.03455526,0.9654447,1
0.015125315,0.98487467,1
0.007853681,0.9921463,1
0.016101025,0.98389906,1
0.026007678,0.9739923,1
0.08299408,0.91700596,1
0.06340371,0.93659633,1
0.012319484,0.98768055,1
0.91615266,0.083847314,0
0.7971863,0.20281374,0
0.7141423,0.28585765,0
0.34126362,0.65873635,0
0.22197783,0.7780221,1
0.46621746,0.5337826,0
0.1118053,0.8881947,1
0.80858356,0.1914164,0
0.5243389,0.4756611,0
0.51860064,0.48139933,0
0.5225884,0.4774117,0
0.086432606,0.9135674,1
0.25451466,0.7454853,1
0.34149894,0.658501,1
0.15481348,0.84518653,1
0.10305581,0.8969442,1
0.65936273,0.3406372,0
0.55172664,0.44827336,0
0.84381866,0.15618138,0
0.86992097,0.13007908,0
0.1672052,0.8327948,1
0.36218804,0.63781196,1
0.6896841,0.31031597,0
0.6722616,0.3277384,0
0.65389967,0.34610036,0
0.505544,0.49445596,1
0.29591995,0.7040801,1
0.8049026,0.19509736,0
0.58600026,0.4139998,0
0.7728349,0.22716507,0
0.98002213,0.01997787,0
0.8861055,0.11389457,0
0.503715,0.49628502,1
0.57276314,0.42723686,1
0.5957986,0.4042014,1
0.55476046,0.4452395,1
0.042190257,0.95780975,1
0.46793935,0.5320606,1
0.12737745,0.87262255,1
0.6220922,0.3779079,0
0.9085272,0.091472745,0
0.9910806,0.008919457,0
0.97053456,0.029465457,0
0.9516382,0.04836182,0
0.43572366,0.56427634,1
0.34485933,0.6551407,1
0.2929461,0.70705384,1
0.07426247,0.92573756,1
0.10929633,0.8907037,1
0.4304785,0.56952155,1
0.969651,0.03034895,0
0.95765775,0.042342283,0
0.014581688,0.9854183,1
0.03482445,0.96517557,1
0.40231586,0.5976842,0
0.20557156,0.7944284,1
0.022407321,0.97759265,1
0.95896107,0.041038904,0
0.9438985,0.056101505,0
0.7957209,0.20427912,0
0.55804014,0.44195992,0
0.0630454,0.9369546,1
0.27811125,0.7218888,1
0.5685622,0.4314378,1
0.3453083,0.6546917,1
0.0946464,0.9053536,1
0.104896314,0.89510363,1
0.2544504,0.7455496,1
0.6156443,0.38435575,0
0.25647572,0.7435243,1
0.09468673,0.90531325,1
0.05988048,0.94011945,1
0.63234,0.36766,0
0.50614065,0.49385935,0
0.9379681,0.062031887,0
0.8712151,0.12878494,0
0.6526138,0.34738615,0
0.51128757,0.4887125,0
0.16421627,0.8357837,1
0.3341309,0.66586906,1
0.6415961,0.35840398,0
0.67222947,0.32777053,0
0.637622,0.362378,0
0.89066195,0.10933801,0
0.16858827,0.8314118,1
0.20474689,0.7952531,1
0.3633665,0.6366335,1
0.6024956,0.39750436,1
0.7158286,0.28417143,0
0.6967961,0.30320388,0
0.5719576,0.4280424,1
0.72467566,0.27532429,1
0.63785183,0.3621481,1
0.9842259,0.015774045,0
0.9526591,0.047340885,0
0.53557014,0.46442991,1
0.60945046,0.3905496,1
0.6716573,0.32834262,1
0.60537714,0.39462286,1
0.3434247,0.65657526,1
0.9831093,0.016890762,0
0.9730119,0.02698812,0
0.72087294,0.27912703,1
0.31363615,0.6863639,1
0.22935256,0.7706474,1
0.39695704,0.603043,1
0.4110806,0.5889194,0
0.43734038,0.5626596,1
0.30595526,0.69404477,1
0.25454125,0.7454587,1
0.43603802,0.56396204,1
0.3889466,0.6110534,1
0.41726786,0.58273214,1
0.409042,0.590958,1
0.36178657,0.6382134,1
0.37189993,0.62810004,1
0.4525522,0.54744786,1
0.583309,0.416691,1
0.7459491,0.25405094,1
0.37455964,0.62544036,1
0.7938829,0.20611706,0
0.9011569,0.09884311,0
0.92450386,0.07549608,0
0.54136664,0.4586334,0
0.5197796,0.48022035,0
0.6252078,0.3747922,0
0.63216585,0.36783418,0
0.37439764,0.62560236,0
0.45772702,0.54227304,0
0.56398755,0.43601245,0
0.7220126,0.2779874,0
0.82366985,0.17633016,0
0.9350974,0.06490258,0
0.7290946,0.27090535,0
0.5184894,0.48151058,0
0.45086634,0.5491336,0
0.50060886,0.49939108,0
0.6976603,0.3023396,0
0.49596024,0.50403976,1
0.5446444,0.45535555,0
0.54789084,0.4521092,0
0.6791795,0.32082054,0
0.58436644,0.41563353,0
0.6171985,0.38280147,1
0.6270544,0.37294567,0
0.9451073,0.05489272,0
0.92577106,0.074228875,0
0.6969436,0.30305645,0
0.6068163,0.39318365,0
0.53531945,0.46468052,0
0.6452944,0.3547056,0
0.77849644,0.22150362,0
0.7621725,0.23782744,0
0.7202462,0.27975377,0
0.6241082,0.3758918,0
0.6182726,0.3817274,0
0.68151057,0.31848943,0
0.116744936,0.88325506,1
0.6817849,0.3182151,0
0.7926715,0.20732844,0
0.9709574,0.029042574,0
0.8968483,0.103151664,0
0.67610997,0.32389003,0
0.55832094,0.44167903,0
0.55270594,0.44729403,0
0.58211195,0.41788808,0
0.6182751,0.38172492,1
0.059410896,0.9405891,1
0.43568578,0.56431425,0
0.72795534,0.2720447,0
0.8510278,0.14897223,1
0.9390313,0.06096865,0
0.9716915,0.0283085,0
0.21401498,0.785985,1
0.06143743,0.93856263,1
0.10323926,0.8967607,1
0.28292263,0.7170773,1
0.3613836,0.6386164,1
0.7908659,0.2091341,1
0.78825444,0.2117455,0
0.9366871,0.06331296,0
0.5946931,0.40530688,1
0.4431239,0.55687606,1
0.4226644,0.5773356,1
0.44620878,0.5537912,1
0.37114954,0.6288505,1
0.58395255,0.41604748,1
0.6483699,0.3516301,1
0.5627326,0.43726742,1
0.7201285,0.27987158,0
0.9367154,0.063284576,0
0.6769104,0.32308957,0
0.23011248,0.7698875,0
0.39217597,0.607824,0
0.5588115,0.44118848,0
0.25888345,0.7411166,0
0.46570802,0.53429204,1
0.66780627,0.33219367,0
0.54151344,0.45848656,1
0.4787962,0.52120376,1
0.5263424,0.47365764,1
0.16678566,0.83321434,1
0.2330538,0.7669462,1
0.46903107,0.5309689,1
0.54553545,0.45446455,1
0.9280076,0.0719924,0
0.9257564,0.0742436,0
0.2900271,0.7099729,1
0.33352026,0.66647977,1
0.65367496,0.3463251,0
0.646608,0.35339198,0
0.6375525,0.36244747,0
0.04420142,0.95579857,1
0.3559295,0.64407057,1
0.33206198,0.66793805,0
0.72537225,0.2746278,0
0.45925847,0.5407415,1
0.9116366,0.08836344,0
0.60843796,0.39156207,0
0.40899795,0.5910021,0
0.51604164,0.48395833,0
0.37976,0.62024003,0
0.4820725,0.51792747,1
0.6156921,0.38430795,1
0.6423916,0.3576084,0
0.6026988,0.39730117,1
0.5195936,0.48040637,1
0.9212714,0.07872863,0
0.63465667,0.36534336,0
0.645842,0.354158,0
0.6542234,0.34577656,0
0.69807833,0.30192164,1
0.6671042,0.33289585,0
0.9258394,0.07416054,0
0.8806459,0.11935413,0
0.15950027,0.8404997,1
0.29621306,0.7037869,1
0.28238347,0.7176165,1
0.19390963,0.8060904,1
0.30480218,0.6951978,1
0.5701361,0.4298639,1
0.20764016,0.7923598,1
0.19186142,0.8081386,1
0.5856824,0.4143176,0
0.61187553,0.38812447,0
0.5083184,0.49168158,0
0.10967462,0.89032537,1
0.004154652,0.9958454,1
0.15157239,0.8484276,1
0.67931616,0.3206838,0
0.72366554,0.2763344,0
0.4456576,0.55434245,0
0.25528723,0.74471277,1
0.7135498,0.28645018,0
0.86135525,0.13864471,0
0.5059871,0.49401298,0
0.26914737,0.7308526,0
0.31016624,0.6898338,0
0.6000391,0.3999609,0
0.5106141,0.4893859,0
0.29465002,0.70535,1
0.57174957,0.42825046,0
0.7221414,0.27785861,1
0.6689559,0.33104414,0
0.36450395,0.635496,0
0.35615513,0.64384496,1
0.6441462,0.35585377,0
0.24802475,0.75197524,1
0.09826556,0.9017344,1
0.29894277,0.7010572,1
0.29916963,0.70083034,1
0.9117107,0.08828933,0
0.49657866,0.50342137,1
0.2430368,0.7569632,1
0.6660083,0.33399174,0
0.81309545,0.18690455,0
0.8200764,0.17992362,0
0.07229725,0.9277027,1
0.4689984,0.5310016,0
0.6378697,0.3621303,0
0.85948914,0.14051089,0
0.28310135,0.7168986,1
0.35493144,0.6450685,1
0.7502254,0.24977463,0
0.8611052,0.13889481,0
0.7960103,0.20398974,0
0.5425942,0.45740578,0
0.5498867,0.4501133,0
0.71555334,0.28444663,0
0.719904,0.28009596,0
0.96542627,0.034573786,0
0.9702895,0.029710514,0
0.60137045,0.39862958,1
0.15363015,0.8463698,1
0.029545324,0.97045463,1
0.5960415,0.4039585,0
0.76150197,0.23849806,1
0.81360793,0.18639201,0
0.93973863,0.06026131,0
0.8770322,0.12296779,0
0.39078876,0.60921127,0
0.28921214,0.7107879,0
0.010543111,0.98945695,1
0.010860387,0.9891396,1
0.36940852,0.6305915,0
0.59506315,0.40493676,0
0.5978603,0.40213972,0
0.6997811,0.3002189,0
0.926953,0.073046975,0
0.060393654,0.9396063,1
0.10740843,0.8925916,1
0.041993458,0.95800656,0
0.4048391,0.5951609,0
0.5352301,0.4647699,0
0.67786646,0.3221336,0
0.5281017,0.47189838,0
0.0008014995,0.9991985,1
0.00038755668,0.9996125,1
0.014872246,0.98512775,1
0.13046287,0.8695371,1
0.74407977,0.25592026,0
0.7061143,0.29388574,0
0.09795974,0.90204024,1
0.18694378,0.8130563,0
0.5928059,0.40719408,0
0.27947807,0.7205219,1
0.6700691,0.32993084,0
0.72045267,0.27954733,0
0.722054,0.277946,0
0.888059,0.11194099,0
0.26971483,0.7302852,1
0.044748574,0.9552514,1
0.5073777,0.4926223,0
0.6984409,0.30155903,0
0.7343662,0.26563385,0
0.6932368,0.30676317,0
0.7248028,0.27519718,0
0.37349632,0.6265037,0
0.011133185,0.98886687,1
0.019408325,0.9805917,1
0.61148417,0.38851583,0
0.70533997,0.29466006,0
0.9182049,0.0817951,0
0.6729707,0.32702926,0
0.85496527,0.14503469,0
0.8375696,0.16243045,0
0.8221808,0.17781916,0
0.29757872,0.7024213,1
0.94359577,0.056404244,0
0.8137562,0.18624379,0
0.6022048,0.39779517,1
0.3413353,0.65866476,1
0.7857785,0.21422146,0
0.7321493,0.26785073,0
0.86699337,0.13300663,0
0.4650479,0.53495216,1
0.7689555,0.23104453,0
0.77233523,0.22766471,0
0.76954526,0.2304548,0
0.97950065,0.020499373,0
0.51449466,0.4855053,0
0.49829733,0.5017026,0
0.5206992,0.47930083,0
0.84769034,0.15230963,0
0.516083,0.48391697,0
0.6332858,0.3667142,0
0.9164458,0.08355414,0
0.6938703,0.30612975,0
0.5546678,0.44533223,0
0.49119598,0.5088041,0
0.53198344,0.46801665,0
0.5158486,0.48415142,0
0.4053956,0.5946044,0
0.2855672,0.71443284,1
0.50607353,0.4939265,0
0.64993536,0.35006458,1
0.4501803,0.54981977,1
0.7592202,0.2407798,1
0.37547642,0.62452364,1
0.50565004,0.4943499,0
0.5548926,0.44510743,0
0.5459411,0.4540589,0
0.5215001,0.47849983,1
0.68474895,0.31525105,0
0.94350857,0.05649151,0
0.79531646,0.2046836,0
0.49116263,0.50883734,0
0.48662955,0.5133704,0
0.47165522,0.52834475,0
0.48102537,0.51897466,0
0.65504014,0.3449598,0
0.54199266,0.4580073,0
0.54675007,0.45324996,0
0.39485988,0.6051401,1
0.23127656,0.7687234,1
0.6925599,0.3074401,1
0.58631563,0.41368434,1
0.7317755,0.2682244,0
0.92337763,0.076622345,0
0.6382673,0.3617327,0
0.34002724,0.65997267,1
0.4540972,0.5459028,0
0.5270277,0.47297218,0
0.6312848,0.36871526,1
0.5495038,0.4504962,1
0.2664566,0.73354334,1
0.5865528,0.41344726,1
0.83207756,0.16792247,0
0.007989626,0.99201035,1
0.03903484,0.96096516,1
0.74567825,0.25432178,0
0.77907485,0.2209252,0
0.77625453,0.22374547,0
0.062371742,0.9376283,1
0.065228075,0.93477196,1
0.6054134,0.39458656,0
0.3750862,0.6249138,0
0.8204344,0.1795656,0
0.75139564,0.24860431,0
0.79305714,0.20694283,0
0.6243695,0.37563044,0
0.6845803,0.31541958,0
0.24334267,0.7566573,1
0.56140405,0.43859592,1
0.7680238,0.23197618,0
0.923879,0.07612101,0
0.6211127,0.37888727,0
0.62350154,0.37649843,0
0.6641773,0.33582267,0
0.6096787,0.3903213,0
0.21823195,0.781768,1
0.6668284,0.33317158,0
0.65433604,0.345664,0
0.6279068,0.37209323,0
0.64037335,0.35962668,1
0.95887023,0.0411298,0
0.9261907,0.07380937,0
0.2706432,0.72935677,0
0.48509824,0.5149018,0
0.4859312,0.5140688,0
0.491235,0.5087649,0
0.006082103,0.9939178,1
0.17449118,0.82550883,1
0.55380875,0.44619116,0
0.78375167,0.21624832,0
0.8003597,0.19964026,0
0.9459175,0.054082576,0
0.68148255,0.31851742,0
0.37608367,0.62391627,1
0.042379834,0.95762014,1
0.11319628,0.8868037,1
0.5816924,0.41830766,0
0.05482319,0.94517684,1
0.10001133,0.89998865,1
0.009235468,0.9907645,1
0.41737917,0.5826208,0
0.27992252,0.72007746,0
0.5551958,0.44480413,0
0.21162829,0.78837174,1
0.44557872,0.5544213,0
0.6184393,0.38156068,0
0.8429896,0.15701039,0
0.34824497,0.6517551,0
0.36097175,0.63902825,0
0.5202694,0.47973058,0
0.67304534,0.32695472,0
0.64253503,0.35746494,0
0.44649395,0.553506,0
0.5254093,0.4745907,0
0.3501363,0.64986366,0
0.78303176,0.21696827,0
0.94265103,0.057348948,0
0.074038334,0.9259617,1
0.6650833,0.33491665,0
0.19593976,0.80406016,1
0.63028234,0.36971763,0
0.7160294,0.2839706,0
0.9582147,0.04178535,0
0.8749805,0.12501954,0
0.6442707,0.35572925,0
0.7525714,0.24742858,0
0.7309777,0.26902232,0
0.53385866,0.46614134,0
0.44998345,0.5500166,1
0.570949,0.429051,1
0.64651066,0.35348928,1
0.65210235,0.3478977,0
0.52903664,0.47096333,1
0.030748345,0.9692517,1
0.66180015,0.33819982,0
0.08347316,0.91652685,1
0.13456476,0.8654353,1
0.28956738,0.71043265,1
0.044513233,0.9554868,1
0.8290428,0.17095727,0
0.4163015,0.5836985,0
0.15220948,0.8477906,1
0.636463,0.36353695,0
0.6247287,0.37527138,0
0.7852662,0.21473373,0
0.5965682,0.40343174,0
0.5870804,0.41291958,0
0.57134295,0.42865705,0
0.51779556,0.48220444,0
0.8603749,0.13962512,1
0.65665996,0.34333998,0
0.42371416,0.57628584,0
0.5056523,0.49434766,0
0.080795124,0.9192049,0
0.073600106,0.9263998,0
0.08551213,0.91448784,1
0.43975905,0.5602409,0
0.68063736,0.31936264,0
0.936974,0.06302602,0
0.93750006,0.06249991,0
0.11400126,0.8859988,1
0.036880974,0.96311903,1
0.08895189,0.91104805,1
0.045901366,0.95409864,1
0.47560468,0.52439535,0
0.505282,0.49471802,0
0.5862075,0.41379246,0
0.51672184,0.4832782,0
0.4855046,0.5144954,0
0.7763567,0.22364326,0
0.8474241,0.15257585,0
0.7475945,0.2524055,0
0.27971908,0.7202809,1
0.5869184,0.4130816,0
0.6968167,0.30318335,0
0.7812736,0.21872641,0
0.73317957,0.2668204,0
0.58364,0.41636002,0
0.90645134,0.09354861,0
0.9423643,0.05763574,0
0.785096,0.21490403,0
0.24591981,0.7540802,1
0.2986667,0.70133334,1
0.704826,0.29517394,0
0.72460926,0.27539074,0
0.6099159,0.39008406,0
0.64776874,0.35223126,0
0.36715466,0.63284534,1
0.06697985,0.9330202,1
0.5078071,0.49219298,0
0.52241254,0.47758746,1
0.5247696,0.47523046,1
0.74321604,0.256784,0
0.6878926,0.31210738,0
0.4211202,0.57887983,1
0.572141,0.42785904,1
0.76387334,0.23612666,0
0.779121,0.22087902,0
0.34003296,0.659967,1
0.6453571,0.354643,0
0.64036584,0.35963416,0
0.46503243,0.5349676,1
0.70245934,0.29754063,0
0.24450955,0.7554905,1
0.6006624,0.3993376,0
0.4877443,0.51225567,1
0.6808371,0.3191629,0
0.70724773,0.2927523,0
0.68553543,0.31446457,0
0.7568324,0.24316753,0
0.7093776,0.29062238,0
0.7249707,0.27502924,0
0.48451954,0.5154805,1
0.75493515,0.24506485,0
0.82598406,0.17401595,0
0.8833112,0.116688795,0
0.54201216,0.4579879,0
0.5609077,0.43909225,0
0.71623063,0.28376937,0
0.8710494,0.12895061,0
0.7861667,0.21383324,0
0.64269215,0.35730788,1
0.88647616,0.11352381,0
0.91093874,0.08906124,0
0.9141479,0.085852034,1
0.9503167,0.049683318,1
0.97654474,0.023455312,0
0.985377,0.014622957,0
0.81181824,0.18818173,0
0.7253417,0.2746583,0
0.40313783,0.59686214,1
0.6857154,0.3142846,0
0.757076,0.24292403,1
0.9140465,0.085953526,1
0.43325463,0.5667454,1
0.64054096,0.35945895,1
0.71732956,0.28267044,1
0.7303561,0.2696439,1
0.69807273,0.3019273,1
0.069968835,0.9300312,1
0.43801326,0.56198674,1
0.52681154,0.4731885,1
0.6825709,0.31742916,0
0.4771985,0.52280146,1
0.8277863,0.1722136,0
0.93588275,0.06411729,0
0.75666034,0.2433397,0
0.432426,0.56757396,0
0.53142154,0.4685784,1
0.6787975,0.3212025,0
0.72398895,0.27601105,0
0.63934547,0.3606545,0
0.35937962,0.64062035,1
0.5561069,0.44389313,0
0.40133265,0.5986673,0
0.7189206,0.2810794,0
0.9707108,0.029289257,0
0.9720562,0.027943831,0
0.52447814,0.47552183,1
0.58268416,0.4173158,0
0.5407155,0.45928448,1
0.6620699,0.33793008,0
0.6104286,0.38957146,0
0.51426893,0.4857311,0
0.8717526,0.12824737,0
0.9636945,0.036305487,0
0.61030155,0.38969845,0
0.6462246,0.35377544,0
0.68471175,0.3152882,0
0.5417995,0.4582005,0
0.6386361,0.3613639,1
0.61919284,0.3808071,1
0.6338089,0.36619112,0
0.6962327,0.3037673,0
0.61794806,0.382052,0
0.75993925,0.24006066,0
0.62771684,0.37228322,0
0.9604631,0.03953685,0
0.95352983,0.046470214,0
0.72102755,0.27897248,0
0.63730377,0.36269626,1
0.64222103,0.35777894,1
0.59658396,0.40341607,0
0.84171313,0.15828687,0
0.8915902,0.10840985,0
0.98867875,0.011321223,0
0.97332317,0.026676863,0
0.94648385,0.053516153,0
0.57227784,0.42772213,0
0.5418645,0.45813546,1
0.5476566,0.45234343,1
0.76821625,0.2317837,1
0.879815,0.1201851,0
0.7824657,0.21753427,0
0.5366906,0.46330938,0
0.73766744,0.26233256,1
0.65429217,0.34570777,1
0.66508603,0.33491394,1
0.768638,0.23136199,1
0.9694381,0.030561948,0
0.52511907,0.4748809,1
0.36838448,0.6316155,1
0.48462453,0.5153755,1
0.24311985,0.75688016,1
0.7170479,0.28295213,1
0.72165483,0.2783452,0
0.69564265,0.30435735,0
0.25113302,0.7488669,1
0.44994688,0.5500531,1
0.70692176,0.29307827,0
0.80609417,0.1939058,0
0.82193744,0.1780626,0
0.41486117,0.58513886,0
0.26087424,0.73912585,1
0.2720369,0.72796303,1
0.5401519,0.4598481,1
0.5835012,0.41649884,1
0.5793266,0.42067337,1
0.74939555,0.25060442,0
0.8881992,0.111800805,0
0.56074226,0.4392577,0
0.52348,0.47652,1
0.47960505,0.520395,1
0.72716,0.27284002,0
0.58382046,0.41617954,0
0.7042195,0.29578048,0
0.4358014,0.5641986,1
0.57114244,0.4288576,1
0.59080124,0.40919885,1
0.9317639,0.06823611,0
0.7285624,0.27143753,0
0.54261434,0.45738563,1
0.6896944,0.31030557,0
0.614793,0.38520697,1
0.89282703,0.107172936,0
0.69508684,0.3049132,1
0.62535274,0.37464723,1
0.560131,0.43986896,1
0.5285463,0.47145373,0
0.56502974,0.43497023,0
0.74062806,0.25937197,0
0.7667541,0.23324592,1
0.7626159,0.23738407,0
0.80971086,0.1902891,0
0.9793649,0.020635087,1
0.8867395,0.113260455,0
0.57369864,0.4263014,0
0.8890303,0.11096966,0
0.60353255,0.3964674,1
0.6198558,0.38014418,1
0.70789057,0.2921094,0
0.72094613,0.2790538,0
0.7950605,0.20493945,0
0.9093192,0.09068082,0
0.9692476,0.030752402,0
0.97955406,0.020445932,0
0.9576796,0.042320326,0
0.93653524,0.06346472,0
0.75306046,0.2469395,1
0.42942733,0.57057273,1
0.4582025,0.5417975,1
0.45269474,0.5473053,0
0.48813736,0.5118626,1
0.40359434,0.5964057,1
0.70723766,0.2927623,1
0.7578957,0.24210429,1
0.7952804,0.20471956,1
0.94305426,0.05694571,1
0.5988908,0.40110928,1
0.342283,0.657717,1
0.36461404,0.63538593,1
0.0011281208,0.99887186,1
5.9780767e-05,0.99994016,1
0.3433966,0.6566034,0
0.6783012,0.32169878,0
0.85227764,0.14772236,0
0.9813623,0.018637756,0
0.75430274,0.24569735,0
0.010575951,0.98942405,1
0.014790833,0.98520917,1
0.02039267,0.97960734,1
0.05146949,0.94853044,0
0.28704637,0.7129536,0
0.00084899965,0.999151,1
0.003416646,0.9965834,1
0.7629136,0.23708639,0
0.8782372,0.1217628,0
0.86580336,0.13419662,0
0.83615935,0.16384062,0
0.4658356,0.5341644,0
0.24857092,0.7514291,0
0.16184948,0.83815044,0
0.28487018,0.7151299,0
0.6461194,0.35388055,0
0.6227504,0.3772496,0
0.6363416,0.3636584,0
0.74684143,0.2531586,0
0.64593095,0.35406914,0
0.83484256,0.16515744,0
0.6867823,0.31321773,0
0.80647284,0.19352719,0
0.73619574,0.2638043,0
0.72303385,0.27696618,0
0.72061026,0.27938977,0
0.7249814,0.2750186,0
0.86643887,0.1335612,0
0.8301163,0.16988376,0
0.77010345,0.2298966,0
0.8571639,0.14283614,0
0.9731843,0.026815759,0
0.7563684,0.24363163,0
0.6375027,0.36249733,0
0.731195,0.268805,1
0.6904976,0.30950236,0
0.69288623,0.3071138,0
0.7807547,0.21924534,1
0.7986397,0.2013603,1
0.75014716,0.24985284,0
0.7180305,0.28196958,0
0.7312106,0.2687894,1
0.8071526,0.19284737,1
0.74397224,0.2560277,1
0.74495,0.25505003,1
0.9922381,0.0077619283,0
0.89607626,0.10392377,0
0.5331012,0.46689877,1
0.52391034,0.4760897,0
0.79974854,0.20025146,0
0.6766949,0.32330507,0
0.5353008,0.4646992,0
0.59018683,0.40981317,1
0.53053474,0.46946535,0
0.5975582,0.4024418,1
0.60361385,0.39638615,1
0.6056012,0.39439878,1
0.62011015,0.37988988,1
0.7678816,0.23211841,0
0.764526,0.23547396,0
0.811372,0.18862799,0
0.8935385,0.10646153,0
0.97062826,0.0293717,0
0.4480726,0.5519273,1
0.48197168,0.51802826,1
0.63996917,0.3600308,0
0.5803899,0.4196101,0
0.39277703,0.607223,1
0.3745939,0.6254061,1
0.5080862,0.4919138,1
0.5019489,0.49805108,1
0.74665445,0.25334558,1
0.9331872,0.06681285,1
0.9655483,0.034451727,0
0.09249475,0.9075052,1
0.1417007,0.8582993,1
0.32501474,0.67498523,1
0.5389919,0.4610081,1
0.7645331,0.23546688,0
0.8446252,0.1553748,0
0.5091231,0.4908769,1
0.83816546,0.1618345,1
0.8860788,0.113921225,1
0.9570111,0.04298893,0
0.6656866,0.33431336,0
0.04555198,0.954448,1
0.34702402,0.652976,1
0.50476825,0.49523178,0
0.65692747,0.34307253,0
0.6634868,0.33651322,0
0.68516827,0.3148318,0
0.6117319,0.38826817,0
0.64477533,0.35522473,0
0.7427236,0.2572765,0
0.707277,0.29272303,0
0.72419995,0.27580005,0
0.78395313,0.21604687,0
0.67942566,0.32057437,0
0.8316647,0.1683354,0
0.95282453,0.04717553,0
0.12732415,0.87267584,1
0.16857001,0.83142996,1
0.49907026,0.5009297,1
0.6602344,0.3397656,1
0.61314636,0.38685364,1
0.62583387,0.3741661,1
0.03677359,0.96322644,1
0.47632408,0.52367586,0
0.8862559,0.113744125,0
0.7092881,0.29071185,0
0.6754829,0.32451704,0
0.78690875,0.21309125,0
0.7061382,0.2938618,0
0.63811755,0.3618824,0
0.6858068,0.31419322,0
0.54295623,0.45704377,0
0.0017192765,0.99828076,1
0.2795084,0.7204915,0
0.585041,0.41495898,0
0.94529635,0.054703698,0
0.9724195,0.027580513,0
0.97432035,0.025679678,0
0.9674191,0.032580875,0
0.62332714,0.37667286,0
0.41842946,0.5815705,0
0.6940562,0.30594376,0
0.65370166,0.3462983,0
0.849118,0.15088198,0
0.86577505,0.13422494,0
0.797316,0.20268402,0
0.7654307,0.23456933,0
0.9890164,0.010983585,0
0.52134275,0.47865725,0
0.67082965,0.32917032,0
0.86191416,0.13808587,1
0.8879247,0.11207527,0
0.87491727,0.12508276,0
0.58701986,0.4129801,1
0.654547,0.34545302,0
0.78949285,0.21050712,0
0.7579935,0.2420065,0
0.85179263,0.14820737,0
0.9877917,0.012208317,0
0.9643251,0.035674933,0
0.6311875,0.3688125,0
0.7078328,0.29216722,0
0.69512475,0.30487528,1
0.44329238,0.5567076,1
0.45743692,0.5425631,1
0.436686,0.563314,1
0.49864835,0.50135165,1
0.54309297,0.45690703,1
0.57647294,0.42352706,1
0.63751465,0.36248532,1
0.7009984,0.29900157,1
0.60000175,0.39999822,1
0.6738759,0.32612416,1
0.59340173,0.4065983,0
0.783614,0.21638602,0
0.74856,0.25144002,1
0.7919224,0.20807761,1
0.6203266,0.37967342,1
0.9654246,0.034575365,0
0.98532563,0.014674351,0
0.7924539,0.20754607,1
0.625885,0.37411496,1
0.7086478,0.2913522,1
0.60603034,0.3939696,1
0.6449498,0.35505015,1
0.589753,0.41024703,1
0.5491567,0.45084333,1
0.58872765,0.41127244,1
0.56473523,0.43526477,1
0.6768507,0.32314926,1
0.49353856,0.5064615,1
0.5344926,0.46550745,1
0.5678301,0.4321699,1
0.7627218,0.23727818,0
0.57551026,0.42448977,0
0.7827479,0.21725208,0
0.79489464,0.20510536,1
0.009552457,0.9904475,1
0.7288093,0.27119067,0
0.6389219,0.36107805,0
0.002379786,0.99762017,1
0.97003347,0.029966526,0
0.011363604,0.9886363,1
0.00394494,0.996055,1
0.0028945282,0.9971054,1
0.0060274345,0.9939726,1
0.018442625,0.98155737,1
0.03267437,0.9673256,1
0.001526082,0.99847394,1
0.0006836444,0.99931633,1
0.014257881,0.9857421,1
0.6216978,0.3783022,0
0.6407536,0.35924634,0
0.63549817,0.36450186,0
0.94320726,0.056792736,0
0.59170544,0.4082946,0
0.63331616,0.36668387,0
0.6841556,0.3158444,0
0.75642097,0.24357903,0
0.49857938,0.5014207,0
0.48535213,0.5146478,0
0.67520905,0.32479098,0
0.7554672,0.24453284,0
0.69402695,0.30597305,0
0.6685318,0.33146825,0
0.93465054,0.065349475,0
0.654052,0.34594804,0
0.4821616,0.51783836,0
0.49105492,0.50894505,0
0.464703,0.53529704,0
0.37577897,0.624221,1
0.69252396,0.30747604,0
0.6361901,0.36380988,0
0.67165965,0.32834032,0
0.9388994,0.06110056,0
0.01236844,0.9876316,1
0.3952484,0.6047515,1
0.58677834,0.41322172,1
0.45115253,0.54884744,1
0.0017455426,0.9982545,1
0.43898755,0.56101245,1
0.8836999,0.11630013,0
0.77261347,0.22738656,0
0.73836523,0.26163474,0
0.027275644,0.97272444,1
0.10125147,0.8987486,1
0.10708657,0.8929134,1
0.23873603,0.76126397,0
0.21911995,0.78088,0
0.9354148,0.06458527,0
0.9691948,0.030805219,0
0.9145145,0.08548552,0
0.04240048,0.9575995,0
0.009805034,0.990195,1
0.017861072,0.982139,1
0.041924164,0.9580758,1
0.044627246,0.9553727,1
0.6314039,0.36859608,0
0.8065661,0.1934339,0
0.8218257,0.17817432,0
0.7624997,0.23750035,0
0.8411925,0.15880749,0
0.9854392,0.014560833,0
0.91050595,0.089494005,0
0.5541441,0.44585595,0
0.48106167,0.5189384,0
0.7763597,0.22364035,0
0.8056544,0.19434564,0
0.75342727,0.24657275,0
0.9554137,0.044586256,0
0.7509196,0.24908045,0
0.60816723,0.3918328,0
0.75104797,0.24895203,0
0.8771313,0.122868724,0
0.8458898,0.15411015,0
0.8001471,0.19985284,0
0.79577124,0.20422879,0
0.8732718,0.1267282,0
0.60621333,0.39378667,1
0.85385424,0.14614579,1
0.85241896,0.14758107,0
0.9954196,0.0045804563,0
0.94179916,0.05820082,0
0.47879797,0.52120197,0
0.51993036,0.48006964,0
0.88368094,0.11631907,0
0.84365565,0.15634441,0
0.87037075,0.12962928,1
0.7089578,0.29104215,1
0.9624947,0.037505306,0
0.97617763,0.023822306,0
0.94121903,0.058780935,0
0.6356682,0.36433175,0
0.36729875,0.6327013,1
0.4595035,0.5404965,1
0.700885,0.29911497,1
0.9207191,0.07928092,0
0.9233564,0.07664364,0
0.9657886,0.03421139,0
0.8084718,0.19152822,0
0.73319274,0.26680717,0
0.4987366,0.5012634,0
0.76516795,0.23483202,0
0.67895246,0.3210475,0
0.9273139,0.072686,0
0.7799348,0.2200651,0
0.709689,0.29031098,0
0.6756878,0.3243122,0
0.6040048,0.39599523,1
0.6504142,0.34958583,0
0.68551934,0.31448072,0
0.70771354,0.29228646,0
0.72653574,0.27346423,0
0.85287803,0.14712198,0
0.8551599,0.14484015,0
0.6948695,0.30513045,0
0.9868891,0.013110815,0
0.9438174,0.056182683,0
0.5283654,0.47163463,1
0.6675289,0.33247107,1
0.858515,0.14148496,1
0.7466247,0.25337532,1
0.74693924,0.25306073,0
0.94813496,0.051865045,0
0.7964451,0.20355494,1
0.8286392,0.17136075,0
0.72060716,0.2793929,1
0.75887907,0.24112098,1
0.71657187,0.28342813,1
0.71442205,0.28557798,1
0.67831385,0.32168615,1
0.70383435,0.29616567,1
0.67192984,0.32807016,1
0.705159,0.294841,1
0.94293094,0.057069063,0
0.989085,0.0109150205,0
0.8609173,0.13908263,0
0.61230123,0.38769877,1
0.32099754,0.67900246,1
0.472212,0.527788,1
0.46410197,0.53589803,0
0.83664864,0.16335136,0
0.9857346,0.014265498,0
0.9370809,0.06291903,0
0.6197461,0.38025394,0
0.90467566,0.09532429,0
0.94486374,0.055136226,0
0.7330941,0.2669059,1
0.79228705,0.20771292,1
0.7093603,0.2906398,1
0.9120142,0.08798577,0
0.979569,0.02043097,0
0.94934916,0.05065081,0
0.8640074,0.13599256,0
0.50183624,0.49816373,0
0.47888675,0.52111316,0
0.7745336,0.22546642,0
0.5939634,0.40603665,0
0.41495615,0.58504385,1
0.33844164,0.6615584,1
0.43259007,0.56740993,1
0.35194317,0.6480568,1
0.40559807,0.59440196,1
0.5132791,0.48672098,1
0.3440501,0.6559499,1
0.81067616,0.18932377,0
0.96042496,0.03957501,0
0.21581516,0.7841849,1
0.43790457,0.5620954,1
0.32191697,0.6780831,1
0.1830853,0.81691474,1
0.709049,0.29095107,0
0.9791768,0.020823184,0
0.9342565,0.06574351,0
0.037185375,0.9628146,1
0.056985088,0.9430149,1
0.04269681,0.9573031,1
0.057763055,0.9422369,1
0.04671366,0.95328635,1
0.021027632,0.97897243,1
0.031861592,0.96813846,1
0.5688627,0.43113738,0
0.9873261,0.012673867,0
0.6821934,0.31780663,0
0.841345,0.15865496,0
0.18398264,0.8160174,1
0.1600752,0.8399248,1
0.31106818,0.6889319,0
0.34525284,0.6547471,1
0.09596983,0.90403014,1
0.62047774,0.37952235,0
0.8906404,0.10935961,0
0.7817015,0.21829851,0
0.64781976,0.35218024,0
0.98016596,0.019834075,0
0.9912943,0.008705701,0
0.9704716,0.02952837,0
0.65575266,0.34424737,0
0.2819085,0.7180915,1
0.13296092,0.867039,1
0.283225,0.71677494,1
0.33273593,0.6672641,0
0.19682863,0.8031714,1
0.70887727,0.29112273,0
0.71426797,0.28573203,0
0.7873944,0.2126056,0
0.82439166,0.17560838,0
0.96605533,0.033944655,0
0.99502534,0.0049746973,0
0.6764351,0.3235649,0
0.22659215,0.7734078,1
0.7059619,0.29403815,0
0.66412807,0.335872,0
0.9895034,0.010496616,0
0.90887165,0.09112836,0
0.80664325,0.19335677,0
0.48719332,0.51280665,0
0.75837123,0.24162883,0
0.84501034,0.15498966,1
0.91636574,0.08363421,0
0.954404,0.045595963,0
0.4725593,0.52744067,1
0.5668614,0.43313855,1
0.5867849,0.41321504,0
0.545822,0.45417798,1
0.48358902,0.516411,1
0.36145976,0.63854027,1
0.36124527,0.6387548,1
0.3705925,0.62940747,1
0.4081808,0.59181917,1
0.8012924,0.19870755,1
0.725972,0.27402797,1
0.95162094,0.048379045,0
0.25894013,0.74105984,1
0.50112206,0.49887797,1
0.3672895,0.63271046,1
0.52757764,0.47242236,1
0.5916262,0.4083738,0
0.7368902,0.2631098,1
0.9836227,0.016377294,0
0.6840558,0.31594416,1
0.4823281,0.5176719,1
0.5814576,0.41854241,0
0.5643114,0.43568859,0
0.65944815,0.34055182,0
0.853748,0.146252,0
0.6167488,0.38325113,1
0.44118527,0.55881476,1
0.95760244,0.042397514,0
0.2320902,0.76790977,1
0.32432562,0.6756744,0
0.06677755,0.9332225,1
0.17353478,0.82646525,1
0.4009975,0.59900254,0
0.8261307,0.1738693,0
0.4090024,0.5909976,0
0.9765261,0.02347398,0
0.6096054,0.39039466,0
0.31165123,0.6883487,0
0.26229396,0.7377061,1
0.16855541,0.83144456,1
0.27672666,0.72327334,1
0.68787056,0.31212947,0
0.9364544,0.063545585,0
0.24364538,0.75635463,1
0.745526,0.25447395,0
0.7746791,0.22532088,0
0.7150934,0.28490663,0
0.7202837,0.27971628,0
0.8001284,0.19987154,1
0.9546237,0.045376275,0
0.4186873,0.5813127,1
0.502092,0.49790794,1
0.6780582,0.32194176,1
0.759359,0.240641,1
0.8510022,0.14899775,0
0.85388064,0.14611933,0
0.41015023,0.58984977,1
0.4228195,0.57718056,1
0.51325893,0.48674107,1
0.7156218,0.28437814,0
0.9882792,0.01172076,0
0.7209364,0.27906358,0
0.49727386,0.5027262,0
0.5543872,0.44561276,0
0.66281533,0.33718464,0
0.47697213,0.5230279,0
0.8357682,0.16423182,0
0.74339676,0.25660318,0
0.92935747,0.07064251,0
0.94888043,0.05111957,0
0.94355357,0.05644641,0
0.198882,0.801118,1
0.21153484,0.7884651,1
0.35692197,0.643078,1
0.11405627,0.8859438,1
0.39156246,0.6084375,1
0.5608339,0.43916616,1
0.9395619,0.060438085,0
0.9660749,0.03392516,0
0.96451765,0.035482313,0
0.12424035,0.8757596,1
0.33455816,0.6654419,1
0.47330338,0.52669656,0
0.58094835,0.4190517,0
0.6742039,0.32579607,0
0.5225692,0.47743073,1
0.24916518,0.7508349,0
0.15042406,0.849576,1
0.3797851,0.6202148,0
0.22537692,0.7746231,1
0.97215027,0.027849741,0
0.9829352,0.017064806,0
0.48500836,0.5149917,1
0.2481318,0.75186825,1
0.17868112,0.8213189,1
0.19001421,0.80998576,1
0.2987142,0.7012858,1
0.195471,0.80452895,1
0.78522503,0.2147749,0
0.8929687,0.10703123,0
0.2546678,0.7453322,1
0.19753563,0.80246437,1
0.01402969,0.9859703,1
0.7921102,0.20788978,0
0.7952191,0.2047809,0
0.826085,0.173915,0
0.7530768,0.2469232,0
0.7402261,0.2597739,0
0.99624914,0.0037508814,0
0.99528116,0.0047188574,0
0.9723023,0.02769772,0
0.7741085,0.22589141,0
0.6570436,0.34295642,0
0.5940212,0.40597874,0
0.87141955,0.12858039,0
0.86975193,0.13024801,0
0.7418996,0.25810033,0
0.86954314,0.13045682,0
0.81241316,0.1875868,0
0.95585614,0.04414389,0
0.9845748,0.015425167,0
0.9887599,0.011240178,0
0.9890534,0.0109465495,0
0.5443588,0.45564118,1
0.45751283,0.5424872,1
0.43375844,0.56624156,1
0.40881628,0.5911837,1
0.6472877,0.3527123,1
0.15063792,0.8493621,1
0.05333866,0.9466614,1
0.40886897,0.59113103,1
0.6785579,0.32144207,0
0.74322593,0.25677407,0
0.90023744,0.09976249,0
0.25166917,0.7483309,1
0.47843036,0.52156967,1
0.35813957,0.6418605,1
0.48919198,0.51080805,1
0.63263714,0.36736283,0
0.84627175,0.1537282,0
0.7372117,0.26278827,0
0.74150836,0.2584916,0
0.76542836,0.23457159,0
0.77700895,0.22299105,0
0.99308985,0.0069101737,0
0.85875136,0.14124857,1
0.78094274,0.21905728,1
0.33342424,0.6665758,1
0.75684065,0.24315938,0
0.680153,0.31984696,0
0.637522,0.36247802,0
0.72883093,0.271169,0
0.73202497,0.26797503,0
0.7687072,0.23129286,0
0.8163127,0.18368734,0
0.9868285,0.013171478,0
0.9956031,0.0043968847,0
0.9924036,0.00759637,0
0.4760432,0.52395684,0
0.22018227,0.77981776,1
0.34156066,0.65843934,1
0.6688718,0.33112815,0
0.8355248,0.16447522,0
0.78912807,0.2108719,0
0.6908392,0.3091608,0
0.15334529,0.84665465,1
0.20173447,0.7982656,1
0.7692388,0.2307612,0
0.65067244,0.34932753,0
0.7447113,0.25528872,0
0.7493943,0.25060573,0
0.70379025,0.2962098,0
0.72694784,0.27305216,0
0.99223375,0.007766277,0
0.5026222,0.4973779,0
0.57650554,0.4234944,0
0.605126,0.39487398,0
0.81952876,0.18047124,0
0.8246314,0.17536859,0
0.8380708,0.16192913,0
0.81121683,0.18878326,0
0.68945855,0.31054142,0
0.5031985,0.49680147,1
0.51605856,0.48394144,1
0.3873523,0.6126477,1
0.40339965,0.5966003,1
0.9762719,0.023728011,0
0.9427095,0.05729047,0
0.7192365,0.28076342,0
0.6553086,0.34469137,1
0.6060915,0.39390853,0
0.6454084,0.35459155,0
0.6424404,0.35755962,0
0.7737946,0.22620538,0
0.74767715,0.25232282,0
0.73072815,0.26927185,0
0.70287937,0.2971206,0
0.8556804,0.1443196,0
0.9153709,0.08462915,0
0.96915025,0.030849732,0
0.99186033,0.008139733,0
0.7660488,0.23395124,0
0.5498845,0.45011556,1
0.5702347,0.42976522,1
0.7624133,0.23758665,0
0.7257128,0.27428725,1
0.770567,0.22943303,0
0.77160805,0.22839192,0
0.77085835,0.22914164,0
0.6845147,0.3154853,0
0.73192155,0.26807842,1
0.7821899,0.21781006,0
0.8427591,0.15724096,1
0.9078435,0.09215654,0
0.98899007,0.011009857,0
0.41676572,0.5832343,1
0.2797797,0.7202203,1
0.29375568,0.70624435,1
0.347732,0.65226805,1
0.3293859,0.67061406,1
0.3691894,0.63081056,1
0.7795283,0.2204717,0
0.73526365,0.2647364,0
0.84822863,0.1517713,0
0.9913727,0.008627326,0
0.5750767,0.42492333,1
0.2186207,0.7813793,1
0.22010325,0.77989674,1
0.28385183,0.71614826,1
0.37978235,0.6202176,1
0.36739242,0.6326076,1
0.99433434,0.0056657135,0
0.9880163,0.011983734,0
0.96500087,0.03499908,0
0.5261309,0.47386912,1
0.2328567,0.76714325,1
0.6430261,0.3569739,1
0.63715434,0.36284563,1
0.6527183,0.3472817,1
0.99256927,0.0074307076,0
0.97896785,0.021032136,0
0.837542,0.16245805,0
0.7062073,0.29379272,0
0.74686927,0.2531307,0
0.82124084,0.17875917,0
0.819353,0.18064706,0
0.89882976,0.10117024,0
0.8532604,0.14673959,0
0.9260981,0.0739019,0
0.5195452,0.4804548,0
0.6085468,0.3914532,0
0.51589954,0.48410046,1
0.3858784,0.6141216,1
0.3246112,0.67538875,1
0.34278247,0.65721756,1
0.8558799,0.1441201,1
0.0451008,0.9548992,1
0.026670065,0.9733299,1
0.30280074,0.6971992,1
0.45187792,0.5481221,1
0.7700017,0.22999825,0
0.8504516,0.14954841,0
0.6173438,0.3826562,0
0.98904943,0.010950504,0
0.3159071,0.6840929,1
0.037094463,0.9629056,1
0.030370178,0.9696298,1
0.04178811,0.95821196,1
0.65700746,0.3429926,0
0.7551614,0.24483861,0
0.732757,0.267243,0
0.75222147,0.24777861,0
0.65258974,0.34741026,0
0.6561317,0.3438683,0
0.18605651,0.81394356,0
0.25129336,0.74870664,0
0.29489946,0.70510054,1
0.2656968,0.73430324,1
0.6359894,0.36401054,0
0.6935044,0.3064956,0
0.64891255,0.35108748,1
0.67389387,0.32610616,0
0.98729265,0.012707324,0
0.9893694,0.010630562,0
0.5006267,0.4993733,1
0.1888854,0.8111146,1
0.23770702,0.762293,1
0.24841899,0.7515811,1
0.2375409,0.76245904,1
0.6332548,0.36674508,1
0.58800536,0.41199464,1
0.8548491,0.14515088,0
0.98098826,0.019011784,0
0.98707426,0.012925728,0
0.96899676,0.031003237,0
0.8371007,0.1628993,0
0.8105445,0.18945546,0
0.0410628,0.95893717,1
0.06410238,0.93589765,1
0.22915767,0.7708423,1
0.11467015,0.88532984,1
0.07395934,0.92604065,1
0.043484494,0.95651543,1
0.626616,0.373384,0
0.7092265,0.29077354,0
0.7049218,0.29507822,0
0.9391601,0.060839873,0
0.9438659,0.056134142,0
0.47141698,0.528583,1
0.84299135,0.15700862,0
0.79745215,0.2025479,0
0.73948133,0.26051864,0
0.81039375,0.18960625,0
0.9055116,0.09448841,0
0.79262537,0.2073746,0
0.9794022,0.020597806,0
0.57859594,0.4214041,0
0.45114854,0.5488515,0
0.39989623,0.60010374,1
0.43075684,0.5692432,0
0.43160364,0.5683964,0
0.5048066,0.49519345,0
0.4896175,0.5103826,0
0.32282233,0.6771777,1
0.9221846,0.07781539,1
0.35685045,0.6431496,1
0.36278123,0.6372188,1
0.07235702,0.927643,1
0.2984114,0.7015887,1
0.74345607,0.2565439,0
0.7374614,0.2625386,0
0.9380089,0.06199115,0
0.98961884,0.01038115,0
0.9675211,0.03247895,0
0.63923985,0.36076015,1
0.29030958,0.70969045,1
0.56326836,0.43673167,1
0.5739752,0.4260248,1
0.7266736,0.27332637,0
0.728843,0.27115706,0
0.70865005,0.29135,0
0.980944,0.019055996,0
0.41759095,0.582409,1
0.5304112,0.46958882,1
0.3100879,0.6899121,1
0.32778668,0.6722133,1
0.38901502,0.610985,1
0.32649827,0.6735018,1
0.674752,0.325248,0
0.64525956,0.3547404,0
0.6682269,0.33177307,0
0.64705473,0.35294527,0
0.99327326,0.006726677,0
0.9751967,0.024803339,0
0.8808308,0.11916924,1
0.5950284,0.40497163,1
0.55615103,0.443849,1
0.30286378,0.6971362,1
0.2792718,0.72072816,1
0.35073954,0.6492605,1
0.7389032,0.26109678,1
0.6050862,0.39491385,1
0.99217564,0.007824399,0
0.2808755,0.7191245,1
0.24381891,0.7561811,1
0.6392462,0.36075386,0
0.66009223,0.3399078,0
0.6251644,0.3748356,0
0.9862639,0.01373613,0
0.99675083,0.0032491926,0
0.56890106,0.43109888,1
0.694427,0.30557302,1
0.71822083,0.2817792,1
0.753549,0.24645102,1
0.6968592,0.30314088,1
0.41064936,0.58935064,1
0.41136426,0.58863574,1
0.4110843,0.5889157,1
0.34666517,0.6533348,1
0.32414445,0.6758555,1
0.33974788,0.6602521,1
0.32248843,0.6775116,0
0.36030373,0.6396963,0
0.3530585,0.64694154,0
0.94409704,0.05590294,1
0.079245776,0.92075425,1
0.036469955,0.96353,1
0.049357995,0.95064205,1
0.33929026,0.6607097,0
0.65786535,0.34213462,0
0.52975845,0.47024155,0
0.96656466,0.033435337,0
0.32724008,0.67275995,1
0.0138261095,0.98617387,1
0.027593726,0.9724063,1
7.158834e-07,0.9999993,1
0.034588393,0.9654116,0
0.28669643,0.71330357,0
0.0119383875,0.98806167,0
0.43028525,0.5697147,0
0.65775,0.34225002,0
0.7423606,0.25763938,0
0.8216218,0.1783782,0
0.8059103,0.19408973,0
0.9769338,0.023066277,0
0.7450939,0.25490618,0
8.211355e-08,0.9999999,1
2.4587814e-07,0.99999976,1
8.327233e-08,0.9999999,1
1.5389598e-07,0.9999999,1
0.012764823,0.9872351,0
0.8337335,0.16626644,0
0.80378085,0.1962192,0
0.7751113,0.2248887,0
0.9536537,0.04634633,0
0.9856123,0.014387696,0
0.98317885,0.016821088,0
0.9703827,0.029617261,0
0.547726,0.45227408,0
0.23306297,0.7669371,0
0.06185101,0.938149,0
0.3053506,0.69464934,0
0.034433108,0.96556693,0
0.13454452,0.86545545,0
0.11165423,0.8883457,0
0.17436853,0.82563144,0
0.8497693,0.15023077,0
0.13995749,0.8600425,1
0.2518478,0.74815214,1
0.36372045,0.6362796,0
0.37060645,0.6293935,0
0.6549579,0.34504202,0
0.6431931,0.35680687,0
0.7114689,0.28853106,0
0.73772997,0.26227006,0
0.76484996,0.23515008,0
0.797121,0.20287898,0
0.7234282,0.27657178,0
0.753285,0.24671501,0
0.9697827,0.030217327,0
0.99473614,0.0052637947,0
0.9930815,0.006918559,0
0.9782305,0.021769485,1
0.50257826,0.4974217,0
0.4676494,0.53235066,0
0.5000781,0.49992186,0
0.5691497,0.4308504,0
0.5485718,0.45142812,0
0.61189,0.38810995,0
0.74228495,0.25771505,0
0.76667875,0.23332123,0
0.946058,0.053941987,0
0.47202086,0.5279792,1
0.54761094,0.452389,1
0.5340013,0.46599868,1
0.53737545,0.46262455,1
0.49298042,0.5070195,1
0.4441341,0.5558659,0
0.4405776,0.55942243,1
0.41605452,0.58394545,1
0.40615892,0.593841,1
0.97742724,0.022572784,0
0.68597776,0.3140222,1
0.58489794,0.41510206,0
0.6142093,0.38579074,0
0.48784098,0.512159,0
0.17991543,0.8200846,1
0.5406689,0.45933107,1
0.6172331,0.3827669,1
0.53507894,0.46492106,1
0.7027808,0.29721916,0
0.98398006,0.016019944,0
0.497593,0.50240695,1
0.28958067,0.71041936,1
0.14864028,0.8513598,1
0.0079683475,0.9920317,1
0.006760238,0.99323976,1
0.014354103,0.98564595,1
0.3006733,0.6993267,0
0.67351526,0.32648468,0
0.75623924,0.24376078,0
0.76216656,0.23783347,0
0.68798,0.31202003,0
0.8895536,0.11044639,0
0.9598361,0.040163852,0
0.67856216,0.32143784,0
0.6002379,0.39976206,0
0.6648867,0.33511338,0
0.6580466,0.3419535,0
0.6367444,0.3632556,0
0.6337006,0.3662994,0
0.69856435,0.30143562,0
0.70129657,0.2987034,0
0.97578764,0.02421234,0
0.6226312,0.3773688,1
0.74377805,0.25622192,1
0.6710065,0.3289935,1
0.6975365,0.3024634,1
0.63051677,0.36948326,0
0.66136926,0.3386307,1
0.65625787,0.34374222,1
0.23118949,0.76881045,1
0.7767834,0.22321662,1
0.8121315,0.18786849,1
0.4075499,0.59245014,1
0.23034003,0.76966,1
0.18176469,0.8182353,1
0.03816469,0.96183527,1
0.5189386,0.48106143,0
0.38057137,0.61942863,0
0.70273805,0.29726192,0
0.82120764,0.17879236,0
0.80952257,0.19047745,0
0.62944967,0.37055036,0
0.5239655,0.4760345,1
0.50089353,0.49910647,1
0.48690706,0.51309294,1
0.49927443,0.50072557,1
0.5275162,0.47248375,0
0.70192635,0.29807368,0
0.8803956,0.11960448,0
0.92958844,0.07041159,0
0.9681599,0.031840034,0
0.9596297,0.040370315,0
0.3676073,0.6323927,1
0.46635357,0.5336464,0
0.48125142,0.5187486,0
0.4086175,0.5913825,0
0.3475102,0.6524898,0
0.36756495,0.6324351,1
0.36340797,0.6365921,0
0.8998748,0.10012511,0
0.79092604,0.20907396,1
0.28845444,0.7115455,1
0.47280902,0.527191,0
0.5006872,0.49931285,0
0.6875643,0.31243566,0
0.70046103,0.29953894,0
0.82248074,0.1775192,0
0.80492675,0.19507319,0
0.72487605,0.27512395,0
0.76508987,0.23491016,1
0.7647994,0.23520063,0
0.9839961,0.016003957,0
0.6211925,0.3788075,1
0.48760483,0.5123952,0
0.52011085,0.47988912,0
0.59610486,0.40389517,0
0.5555211,0.44447896,0
0.70522624,0.29477385,0
0.77460253,0.22539741,0
0.75548613,0.24451391,1
0.86830056,0.13169944,1
0.9467336,0.053266387,0
0.72125846,0.2787415,1
0.6326749,0.36732516,0
0.5715618,0.4284382,1
0.57604814,0.42395186,0
0.6618353,0.33816466,1
0.6557773,0.3442227,1
0.65646553,0.34353447,1
0.6751396,0.32486045,0
0.66754884,0.33245122,0
0.86618054,0.13381945,0
0.9929259,0.007074201,0
0.9833391,0.01666097,0
0.88987523,0.11012482,1
0.7662234,0.23377661,1
0.7963712,0.20362882,1
0.35560057,0.64439946,1
0.59968597,0.40031394,0
0.6550025,0.34499756,0
0.9828047,0.017195208,0
0.89350563,0.10649433,0
0.80096465,0.19903529,0
0.77703303,0.2229669,0
0.7542447,0.24575536,1
0.994932,0.0050679697,0
0.9849961,0.015003891,0
0.60164165,0.39835837,1
0.32834774,0.67165226,1
0.2953106,0.7046895,1
0.31550586,0.6844941,1
0.60080534,0.3991947,1
0.8340356,0.16596438,0
0.9660137,0.033986274,0
0.9825525,0.017447429,0
0.9876708,0.012329224,0
0.7254839,0.2745161,0
0.66699195,0.33300814,0
0.35890082,0.6410993,0
0.33657184,0.6634282,1
0.33708605,0.66291404,1
0.35484597,0.645154,1
0.4760295,0.52397054,0
0.4299921,0.5700079,0
0.33047843,0.6695215,1
0.35413304,0.645867,0
0.36701265,0.6329874,0
0.92714137,0.072858684,0
0.9668605,0.033139486,0
0.9590559,0.040944092,0
0.57054037,0.42945966,1
0.82212555,0.17787445,0
0.80417264,0.19582732,0
0.46001658,0.53998345,1
0.4302849,0.56971514,1
0.71347076,0.2865292,0
0.66036576,0.33963424,1
0.8473954,0.15260462,0
0.6648309,0.33516908,1
0.62003183,0.3799681,1
0.620227,0.379773,1
0.35749778,0.64250225,0
0.27048504,0.72951496,1
0.4935992,0.50640076,0
0.76466197,0.23533806,0
0.7418167,0.2581833,0
0.68548393,0.31451607,0
0.8803832,0.11961684,0
0.99282646,0.007173512,0
0.984738,0.015261959,0
0.8530839,0.14691605,1
0.5417753,0.45822468,1
0.60017663,0.3998234,1
0.6109499,0.3890501,0
0.48682964,0.51317036,0
0.52065486,0.4793451,1
0.61623013,0.38376984,0
0.6056632,0.39433685,0
0.70707464,0.29292527,0
0.70810086,0.29189914,0
0.6324853,0.36751467,0
0.65101653,0.34898344,0
0.5727257,0.42727423,0
0.7502127,0.24978726,0
0.81267077,0.18732926,0
0.7517686,0.24823144,0
0.73892045,0.26107952,0
0.92653185,0.073468186,0
0.9584463,0.041553695,0
0.99232274,0.007677255,0
0.9952814,0.004718634,0
0.6750391,0.32496086,0
0.5252895,0.47471058,1
0.52540094,0.47459906,1
0.61820376,0.38179633,1
0.64234585,0.35765406,0
0.76773006,0.2322699,1
0.9564511,0.04354894,0
0.2542639,0.7457361,1
0.27916434,0.7208356,1
0.27323145,0.72676855,1
0.3143575,0.68564254,0
0.7834579,0.21654215,0
0.8572835,0.1427165,0
0.88252014,0.117479846,0
0.9763256,0.02367445,0
0.7001582,0.29984182,0
0.16544226,0.8345577,1
0.7940812,0.20591876,0
0.6411579,0.35884207,0
0.6434683,0.3565317,0
0.6792849,0.32071507,0
0.90690833,0.09309174,0
0.9878709,0.012129113,0
0.98057324,0.019426713,0
0.73375046,0.2662496,0
0.73267174,0.26732823,0
0.74958545,0.25041452,0
0.7554159,0.24458413,0
0.66239905,0.33760095,0
0.6239386,0.3760613,0
0.6741125,0.32588753,0
0.957664,0.042335957,0
0.99444383,0.0055561764,0
0.9960977,0.0039022404,0
0.6244536,0.3755464,1
0.63050014,0.3694999,1
0.64085495,0.35914505,1
0.60804695,0.39195314,1
0.5872289,0.41277114,0
0.7843886,0.21561143,0
0.7115379,0.2884621,0
0.8770568,0.12294317,0
0.9938694,0.006130583,0
0.9993374,0.000662597,0
0.9721424,0.027857564,0
0.93287015,0.067129835,0
0.8961794,0.10382066,0
0.8524065,0.14759351,0
0.90072757,0.09927246,0
0.6250956,0.3749044,1
0.66008633,0.3399137,1
0.71552896,0.28447112,1
0.61867285,0.38132715,1
0.6848194,0.3151806,1
0.6666899,0.33331013,1
0.64806587,0.35193413,1
0.7048661,0.29513392,1
0.6706949,0.3293051,1
0.6925029,0.30749702,1
0.72294825,0.27705175,1
0.9790588,0.02094116,1
0.99553573,0.004464267,0
0.9930982,0.006901828,0
0.9340763,0.06592369,0
0.77481806,0.22518198,0
0.8079496,0.19205038,0
0.8617551,0.13824499,0
0.87591267,0.124087326,1
0.8376841,0.1623159,1
0.95878494,0.041215084,0
0.9928311,0.00716882,0
0.9875568,0.012443213,0
0.9535568,0.046443224,0
0.5666918,0.43330818,1
0.55928504,0.44071501,1
0.4669313,0.53306866,1
0.40230262,0.5976974,1
0.43158185,0.56841815,1
0.9727199,0.027280057,0
0.5202817,0.47971833,1
0.4760926,0.5239074,1
0.5172687,0.4827313,1
0.9942986,0.0057014185,0
0.9951578,0.0048421635,0
0.9937854,0.0062146336,0
0.99096304,0.009036978,0
0.9826087,0.017391335,0
0.96379834,0.036201667,0
0.9041654,0.095834546,0
0.7540536,0.24594635,0
0.44255412,0.5574459,1
0.0068092854,0.9931907,1
0.66265035,0.33734965,0
0.8988969,0.10110312,0
0.8128641,0.18713588,0
0.98055995,0.019440034,0
0.98823476,0.011765229,0
0.94119835,0.058801647,0
0.6793293,0.32067066,0
0.71733224,0.2826678,0
0.51828885,0.48171118,0
0.7364724,0.26352754,0
0.8073063,0.19269373,0
0.70098865,0.29901135,0
0.99192095,0.008079055,0
0.8295586,0.17044142,0
0.7273505,0.2726495,1
0.7526618,0.24733818,0
0.9769006,0.023099432,0
0.98557854,0.014421443,0
0.9925553,0.007444658,0
0.9790602,0.020939872,0
0.5312931,0.4687069,1
0.66245896,0.33754098,1
0.76003885,0.2399612,0
0.7890963,0.21090369,0
0.80772454,0.19227546,0
0.82756966,0.17243034,1
0.98313534,0.016864637,0
0.9918224,0.008177569,0
0.98450863,0.015491359,0
0.95996016,0.040039808,0
0.7944376,0.20556244,0
0.7721676,0.22783236,0
0.7408433,0.2591567,1
0.79119027,0.2088098,1
0.809674,0.19032599,0
0.694062,0.30593804,0
0.97874993,0.02125014,0
0.9873998,0.012600186,0
0.99361235,0.0063876645,0
0.9906446,0.009355421,0
0.98162675,0.018373277,0
0.52948296,0.47051698,0
0.3808275,0.61917245,1
0.91631025,0.083689705,1
0.9868749,0.013125188,0
0.5649774,0.43502262,1
0.61218864,0.3878114,1
0.6046157,0.3953843,1
0.5225277,0.4774723,1
0.4631461,0.53685385,1
0.18610734,0.81389266,1
0.24678448,0.75321555,1
0.5838499,0.41615012,0
0.6524662,0.34753385,0
0.64773506,0.35226497,0
0.92752486,0.07247511,0
0.9785066,0.02149335,0
0.97417766,0.025822358,0
0.79634225,0.20365776,0
0.5620729,0.4379271,0
0.47109783,0.5289022,1
0.5898112,0.41018882,1
0.67885,0.32114995,0
0.70604545,0.29395452,0
0.9763182,0.023681786,0
0.7627391,0.23726091,0
0.7089278,0.2910722,1
0.6785105,0.32148945,1
0.7096973,0.29030272,1
0.7315458,0.2684542,1
0.7717676,0.22823232,1
0.73281884,0.26718113,0
0.8673514,0.13264865,0
0.9684419,0.031558093,0
0.9928214,0.0071786423,0
0.9948696,0.0051304125,0
0.99242437,0.0075756423,0
0.98485315,0.015146781,0
0.6498521,0.35014793,1
0.74466383,0.25533623,1
0.7914817,0.2085183,0
0.8018327,0.19816735,1
0.7989954,0.20100461,1
0.9802877,0.019712327,0
0.7827675,0.21723256,0
0.42944038,0.5705596,1
0.44415405,0.5558459,1
0.85588217,0.14411788,1
0.85737705,0.14262293,1
0.7439989,0.25600114,0
0.77615553,0.2238445,1
0.80058134,0.19941866,0
0.9830446,0.0169554,0
0.99064773,0.009352307,0
0.9816064,0.018393636,0
0.4303635,0.5696365,1
0.40383857,0.5961614,1
0.43985686,0.5601432,1
0.5926006,0.40739942,0
0.74017674,0.2598233,0
0.77294934,0.2270507,0
0.74311286,0.25688714,1
0.94977623,0.05022371,0
0.9916192,0.008380762,0
0.9924298,0.0075701806,0
0.9819509,0.018049143,0
0.73179555,0.26820448,1
0.58954024,0.4104597,1
0.47237235,0.52762765,1
0.57044244,0.4295576,1
0.4450466,0.5549534,1
0.3819318,0.61806816,1
0.36535043,0.6346496,1
0.46195734,0.53804266,0
0.9646614,0.03533856,0
0.7573834,0.24261662,0
0.61426806,0.3857319,0
0.5695157,0.4304843,0
0.39142445,0.6085756,1
0.67835295,0.32164708,0
0.67825764,0.3217423,0
0.67436194,0.32563812,0
0.58628887,0.41371116,0
0.71867007,0.28132993,1
0.77215564,0.22784431,1
0.9788866,0.021113422,0
0.97402793,0.025972107,0
0.5974669,0.40253308,0
0.5758719,0.42412814,0
0.5659755,0.4340245,1
0.41475916,0.5852409,1
0.56711274,0.43288726,0
0.7087162,0.29128382,0
0.5686379,0.43136206,1
0.7744257,0.22557425,1
0.952967,0.04703302,0
0.65827435,0.34172565,1
0.4924008,0.5075992,1
0.29700986,0.7029901,1
0.30574262,0.6942574,1
0.65523297,0.34476706,0
0.62637216,0.37362784,0
0.62755483,0.37244514,1
0.84014827,0.15985171,0
0.8257177,0.17428228,0
0.58971256,0.41028744,0
0.002649496,0.99735045,1
0.0011391714,0.99886084,1
0.6672888,0.33271122,0
0.7939687,0.20603134,0
0.7882342,0.21176583,0
0.7922931,0.20770691,0
0.8353037,0.16469623,0
0.61355597,0.38644412,0
0.41509014,0.58490986,0
0.5322624,0.46773762,0
0.7280489,0.27195108,0
0.9758671,0.024132887,0
0.93705183,0.062948205,0
0.44407687,0.55592316,1
0.36460474,0.6353953,1
0.46057338,0.5394266,1
0.51147443,0.48852554,1
0.6625145,0.3374854,0
0.6784573,0.32154262,0
0.95046765,0.04953233,0
0.6504375,0.34956256,0
0.58699393,0.41300613,0
0.5052209,0.49477908,0
0.53132266,0.46867737,0
0.571996,0.42800403,0
0.50979763,0.4902024,0
0.44419438,0.55580556,1
0.42224073,0.57775927,0
0.9442928,0.055707194,0
0.70543635,0.29456368,0
0.6225425,0.37745747,0
0.57171756,0.4282825,0
0.60641193,0.39358804,0
0.73745877,0.26254126,0
0.7500541,0.24994586,0
0.61184597,0.388154,1
0.7312398,0.26876023,0
0.7852264,0.21477367,0
0.85332215,0.14667782,0
0.9663685,0.03363146,0
0.5305229,0.4694771,1
0.49919516,0.50080484,1
0.47884896,0.521151,1
0.7205297,0.27947038,0
0.6869688,0.31303114,0
0.64131635,0.3586837,0
0.5439695,0.45603046,0
0.44636288,0.5536371,0
0.40422645,0.59577364,0
0.48822355,0.5117764,0
0.5343675,0.4656325,1
0.51953924,0.4804608,1
0.56977105,0.43022898,1
0.6028414,0.39715862,1
0.69339323,0.30660677,0
0.7236953,0.27630475,0
0.66170305,0.338297,0
0.98906916,0.0109308455,0
0.8509539,0.1490461,0
0.5382239,0.46177617,0
0.38409275,0.6159072,1
0.3520654,0.64793456,1
0.37329125,0.62670875,1
0.7298964,0.27010354,1
0.7590257,0.24097423,0
0.8432739,0.15672606,0
0.5845281,0.41547194,1
0.56150746,0.43849257,0
0.5290042,0.47099578,0
0.7317355,0.26826444,1
0.6740502,0.32594982,1
0.7778631,0.22213688,0
0.778615,0.22138505,0
0.8589311,0.14106888,0
0.96132284,0.03867716,0
0.97377306,0.02622696,0
0.93196833,0.06803167,1
0.38502246,0.6149776,1
0.4555813,0.54441863,1
0.49153283,0.50846726,1
0.5280446,0.47195536,1
0.55333644,0.4466635,0
0.6474342,0.3525658,0
0.65696806,0.3430319,0
0.66615456,0.33384544,0
0.68177205,0.31822795,0
0.7001249,0.29987517,0
0.7518191,0.2481809,0
0.95384467,0.046155307,0
0.982144,0.017856022,0
0.8279071,0.1720929,0
0.7279868,0.27201322,0
0.52563304,0.4743669,0
0.54665446,0.45334557,0
0.3516883,0.64831173,1
0.94795895,0.05204112,0
0.49496186,0.50503814,1
0.4715787,0.5284213,1
0.46548882,0.53451115,1
0.44660068,0.5533994,1
0.4895296,0.5104704,1
0.98013103,0.019868959,0
0.98445326,0.015546712,0
0.5101396,0.4898604,0
0.4534864,0.54651356,0
0.45348737,0.5465126,0
0.47458398,0.5254161,0
0.6206129,0.37938708,0
0.64068973,0.3593103,0
0.67111903,0.32888094,0
0.5986528,0.40134725,0
0.5945427,0.4054573,1
0.77627325,0.22372681,0
0.97804594,0.021954048,0
0.95959556,0.0404044,0
0.6542439,0.34575608,1
0.47706077,0.5229392,1
0.59616417,0.40383583,1
0.52542394,0.4745761,1
0.6900297,0.3099703,0
0.67789847,0.3221015,0
0.8448205,0.15517953,0
0.90984744,0.090152524,0
0.96228445,0.037715483,0
0.98344004,0.016559899,0
0.98638296,0.013617043,0
0.65919536,0.34080458,0
0.59408164,0.40591836,0
0.66447693,0.3355231,0
0.8081906,0.19180933,0
0.8284293,0.17157069,0
0.8347176,0.16528237,1
0.63039184,0.3696081,0
0.9057796,0.0942204,0
0.55497867,0.4450213,1
0.5020241,0.4979759,1
0.43121982,0.5687802,1
0.49583018,0.5041698,1
0.4851274,0.51487267,1
0.5444913,0.45550874,1
0.66296405,0.33703595,1
0.81849444,0.18150553,1
0.77057356,0.2294264,0
0.76263154,0.23736852,1
0.78126603,0.21873394,1
0.79440093,0.20559901,1
0.82794535,0.17205468,1
0.62296516,0.37703487,0
0.50111043,0.4988895,1
0.422082,0.577918,1
0.60044765,0.39955232,0
0.5738742,0.4261258,1
0.605792,0.39420804,1
0.6895716,0.31042832,0
0.71308947,0.28691056,0
0.97691774,0.023082301,0
0.92204505,0.07795493,0
0.5627408,0.43725923,0
0.521234,0.47876605,1
0.50274664,0.49725333,1
0.37060645,0.6293936,1
0.45690683,0.54309314,1
0.4637117,0.53628826,1
0.5313531,0.46864682,0
0.9646542,0.03534575,0
0.7307756,0.26922444,1
0.63075364,0.36924636,1
0.61814797,0.38185206,0
0.5167341,0.48326588,0
0.22062583,0.7793741,1
0.3421846,0.6578154,1
0.05267044,0.9473296,1
0.18670268,0.81329733,1
0.7971861,0.20281394,0
0.7914394,0.20856057,0
0.87215245,0.12784761,0
0.5173278,0.48267218,0
0.35412517,0.6458748,1
0.36847323,0.63152677,1
0.27519277,0.72480726,1
0.2966768,0.70332325,0
0.33598214,0.66401786,0
0.61034757,0.3896524,0
0.6619661,0.33803394,0
0.7538195,0.24618044,0
0.81904525,0.18095481,0
0.40581214,0.5941878,1
0.5269819,0.47301814,0
0.52800816,0.47199187,0
0.50655675,0.49344325,0
0.0002933474,0.9997067,1
0.78470385,0.21529621,0
0.6116168,0.38838324,0
0.70605594,0.29394406,0
0.6722491,0.32775083,0
0.83256155,0.16743848,0
0.5955086,0.4044914,0
0.44422618,0.55577385,0
0.38367337,0.6163266,0
0.5691487,0.43085125,1
0.59998435,0.40001568,1
0.75709486,0.24290517,0
0.82005256,0.17994739,0
0.93798435,0.062015694,0
0.49521887,0.5047811,0
0.82909113,0.17090888,0
0.8123956,0.18760449,0
0.8050936,0.19490647,0
0.44049042,0.5595095,1
0.5842987,0.41570136,1
0.5201644,0.47983563,1
0.49952096,0.50047904,1
0.5282516,0.47174835,1
0.61265844,0.3873415,0
0.66853374,0.3314662,0
0.67938036,0.32061967,0
0.9236342,0.07636589,0
0.9591496,0.040850423,0
0.7840151,0.21598488,0
0.65807736,0.34192267,0
0.5486187,0.45138136,0
0.5235773,0.47642276,0
0.5528424,0.44715762,0
0.5663857,0.43361425,0
0.922343,0.07765698,1
0.63626575,0.36373428,0
0.561942,0.43805802,1
0.5791221,0.4208779,1
0.61715096,0.382849,1
0.65979874,0.34020126,1
0.70049393,0.29950613,1
0.7001872,0.2998128,1
0.5735552,0.42644483,0
0.57186365,0.42813638,1
0.87673175,0.1232683,0
0.9158125,0.08418749,1
0.53823644,0.4617636,1
0.39058527,0.60941476,1
0.38191494,0.618085,1
0.5092009,0.49079907,1
0.5116307,0.48836935,1
0.6220943,0.3779057,1
0.6781355,0.32186452,0
0.6223726,0.37762746,0
0.6386345,0.3613655,1
0.6760228,0.3239771,1
0.81276786,0.18723215,1
0.970161,0.029838929,1
0.37341276,0.6265873,1
0.38330987,0.61669016,1
0.6561236,0.3438764,0
0.7340674,0.2659326,0
0.7418009,0.25819907,0
0.7213511,0.2786489,0
0.7098953,0.29010466,0
0.6707407,0.32925925,1
0.7081167,0.29188338,1
0.823568,0.17643206,1
0.9109032,0.08909672,1
0.56386375,0.4361363,0
0.43603605,0.56396395,1
0.43764803,0.56235194,1
0.47494426,0.5250557,1
0.5047973,0.49520266,1
0.6493787,0.35062125,1
0.7445458,0.25545415,0
0.6613678,0.33863214,0
0.93533653,0.06466343,0
0.5428722,0.45712784,0
0.5051431,0.4948569,0
0.77326405,0.226736,0
0.7441777,0.2558222,0
0.98447084,0.015529194,0
0.8451402,0.15485984,0
0.49668452,0.50331545,0
0.44834742,0.5516526,0
0.39122963,0.60877043,1
0.35202855,0.64797145,1
0.46296373,0.5370363,0
0.48920137,0.5107987,1
0.51571417,0.48428577,1
0.49663475,0.50336516,1
0.70840925,0.29159075,0
0.98917705,0.010822961,0
0.9823552,0.017644776,0
0.9762655,0.023734463,0
0.9717711,0.02822886,0
0.9265383,0.07346169,0
0.5469372,0.4530627,0
0.53790295,0.46209702,0
0.52212787,0.47787213,1
0.37724605,0.622754,1
0.45828062,0.5417194,1
0.38596335,0.6140367,1
0.8969249,0.10307504,0
0.9313214,0.06867865,0
0.88592446,0.114075564,0
0.71910155,0.28089845,0
0.58565784,0.41434216,0
0.64703757,0.35296246,0
0.80481064,0.19518939,0
0.7188239,0.28117612,1
0.6684964,0.33150366,0
0.54660416,0.45339584,1
0.7102639,0.2897361,0
0.836065,0.16393495,1
0.970116,0.029883927,0
0.57862276,0.4213772,0
0.50810844,0.4918915,0
0.46418566,0.53581434,0
0.48926106,0.5107389,0
0.50487345,0.4951265,0
0.5171415,0.48285854,0
0.5640405,0.43595952,1
0.5615686,0.43843132,1
0.6561221,0.34387794,1
0.6373637,0.3626363,0
0.5445494,0.45545062,1
0.5608956,0.43910435,1
0.74708563,0.25291437,1
0.89813423,0.10186579,1
0.98098123,0.01901881,0
0.55076385,0.44923612,0
0.46168295,0.538317,0
0.6958307,0.3041693,0
0.69815814,0.30184188,1
0.92697406,0.07302593,0
0.97796226,0.022037772,0
0.83853394,0.16146609,1
0.57188404,0.42811593,1
0.50557965,0.49442038,1
0.42501047,0.57498956,1
0.44374156,0.55625844,1
0.31393343,0.68606657,1
0.81080854,0.18919146,0
0.7883455,0.21165444,0
0.7845225,0.2154775,0
0.9698618,0.030138262,0
0.6239765,0.37602353,0
0.65490985,0.34509012,0
0.6734089,0.32659104,0
0.6638242,0.3361759,0
0.7820601,0.21793993,0
0.7876063,0.2123937,0
0.80136955,0.19863053,0
0.8112258,0.1887743,0
0.8616337,0.13836636,1
0.96841764,0.0315823,0
0.91878176,0.08121826,1
0.39907262,0.6009274,1
0.38711014,0.6128898,1
0.4221036,0.57789636,1
0.47636566,0.5236343,1
0.6172345,0.38276547,0
0.6467856,0.3532144,0
0.68546414,0.3145359,0
0.66428787,0.33571213,0
0.6994044,0.3005956,0
0.9347363,0.06526364,0
0.9590551,0.040944852,0
0.99218595,0.007813987,0
0.54855233,0.4514477,1
0.49974704,0.50025296,1
0.47815317,0.5218468,1
0.47894704,0.5210529,1
0.5230883,0.47691172,1
0.5465478,0.45345223,1
0.55745906,0.4425409,1
0.4511941,0.5488059,1
0.43214953,0.56785053,1
0.39233252,0.60766745,1
0.9421026,0.057897322,1
0.6819467,0.3180533,0
0.71704996,0.28295007,0
0.7756065,0.2243935,0
0.7045246,0.2954754,0
0.6602849,0.33971506,0
0.6806956,0.31930438,0
0.6975296,0.30247042,0
0.57411593,0.42588404,1
0.5722743,0.4277257,1
0.9725319,0.02746809,0
0.9657386,0.034261383,0
0.94363093,0.056369103,0
0.6172033,0.3827967,1
0.460691,0.539309,0
0.4991595,0.50084054,1
0.5011887,0.49881127,1
0.47023207,0.52976793,1
0.64470947,0.35529056,0
0.59762335,0.40237665,1
0.79936683,0.20063315,1
0.74990267,0.2500973,1
0.698261,0.30173895,1
0.5588267,0.4411733,1
0.37668183,0.6233182,1
0.36200202,0.637998,1
0.02727291,0.9727271,1
0.01981576,0.98018426,1
0.5118844,0.4881156,0
0.6316784,0.36832163,0
0.6940815,0.30591846,0
0.93422335,0.065776624,0
0.97694415,0.023055864,0
0.7244265,0.2755735,1
0.42679402,0.57320595,0
0.35605657,0.64394337,0
9.098262e-09,1.0,1
0.005693436,0.9943066,1
0.6113797,0.38862032,0
0.82810456,0.17189549,0
0.74366635,0.25633365,0
0.9279111,0.072088815,0
0.63556236,0.36443764,0
0.570555,0.42944506,0
0.590686,0.40931398,0
0.7309568,0.26904318,0
0.7791203,0.22087963,0
0.80124336,0.19875659,1
0.6455033,0.35449678,1
0.8424273,0.15757267,1
0.7529408,0.24705918,1
0.420783,0.579217,1
0.42715576,0.57284427,1
0.4419164,0.55808365,0
0.69460934,0.3053907,0
0.70830184,0.29169816,0
0.7181125,0.2818874,0
0.74564636,0.25435364,0
0.99150664,0.008493351,0
0.9744586,0.025541468,0
0.5769163,0.4230837,1
0.49941716,0.50058275,1
0.5453844,0.45461556,1
0.46092016,0.53907984,1
0.48616436,0.5138356,1
0.4499053,0.55009466,1
0.8068686,0.19313137,1
0.6496921,0.3503079,1
0.51067704,0.4893229,1
0.50808114,0.4919188,1
0.5269287,0.4730713,1
0.5570368,0.44296315,1
0.4822043,0.51779574,1
0.569205,0.430795,1
0.50886047,0.4911395,1
0.62735546,0.37264457,1
0.68688905,0.31311092,1
0.608563,0.39143693,0
0.533759,0.46624103,1
0.77566797,0.22433199,0
0.910649,0.089351,0
0.9523158,0.04768416,0
0.5150819,0.4849181,0
0.47769094,0.52230906,0
0.43968686,0.5603132,0
0.44688576,0.55311424,1
0.49122956,0.5087705,1
0.68486947,0.3151305,0
0.9293858,0.07061428,0
0.8286076,0.17139234,1
0.8749135,0.12508644,1
0.7052581,0.294742,1
0.62380743,0.37619257,1
0.5496177,0.45038226,0
0.55742794,0.44257206,0
0.56608933,0.43391076,0
0.47187805,0.52812195,0
0.44285604,0.557144,0
0.47382376,0.52617615,0
0.5323094,0.4676905,1
0.4762098,0.5237902,1
0.530817,0.469183,1
0.6587348,0.34126526,0
0.5384163,0.4615837,1
0.64226884,0.35773113,0
0.7014449,0.29855508,0
0.7848461,0.21515389,0
0.78871554,0.2112845,0
0.78094995,0.21905003,0
0.7885815,0.21141851,0
0.79586595,0.204134,0
0.58003056,0.41996944,1
0.5605518,0.43944812,1
0.75024635,0.24975362,0
0.75691015,0.24308984,0
0.78397787,0.21602212,0
0.7835383,0.21646166,0
0.794966,0.20503409,0
0.8012543,0.1987458,1
0.80609894,0.1939011,1
0.9321746,0.067825384,0
0.97091854,0.029081445,0
0.9843336,0.015666354,0
0.98323846,0.016761567,0
0.9612562,0.03874374,0
0.4149978,0.58500224,1
0.76141435,0.23858562,0
0.77654666,0.22345339,1
0.748417,0.25158295,1
0.6941708,0.30582926,1
0.7069443,0.29305565,1
0.7510496,0.24895045,0
0.9754832,0.024516826,0
0.985683,0.0143169705,0
0.9803224,0.019677581,0
0.7435427,0.25645742,1
0.5743931,0.42560694,0
0.36549604,0.63450396,1
0.41740504,0.5825949,1
0.4255826,0.5744174,1
0.3726351,0.62736493,1
0.9261387,0.07386127,0
0.9848616,0.015138383,0
0.62037253,0.37962747,0
0.6586599,0.34134015,0
0.71538097,0.28461903,0
0.7357792,0.26422077,0
0.6153532,0.38464674,0
0.48231497,0.517685,0
0.591061,0.40893903,1
0.6095337,0.39046624,1
0.5292291,0.47077098,1
0.5815291,0.41847095,1
0.5946367,0.40536332,1
0.55562484,0.44437513,1
0.6065009,0.39349905,1
0.6134985,0.38650146,1
0.65829676,0.3417032,1
0.9225925,0.077407524,1
0.6548177,0.34518227,1
0.51041454,0.4895854,1
0.29456154,0.7054385,1
0.30805427,0.6919458,1
0.32923043,0.6707696,1
0.75986654,0.24013346,0
0.7244788,0.27552116,0
0.72134936,0.27865058,1
0.7339979,0.2660021,1
0.7159569,0.2840431,0
0.9508539,0.049146056,0
0.76620775,0.23379229,1
0.6787912,0.32120878,1
0.6173943,0.38260564,0
0.4762493,0.5237506,1
0.4557551,0.5442448,0
0.35836595,0.64163405,1
0.42935273,0.5706473,1
0.7211782,0.2788219,1
0.82454944,0.17545055,0
0.8293806,0.17061943,0
0.84486985,0.1551302,1
0.7914356,0.20856445,0
0.85834074,0.14165926,0
0.91701263,0.082987316,0
0.95806473,0.041935243,0
0.7103068,0.28969315,0
0.6196146,0.38038543,0
0.4666191,0.53338087,1
0.42666593,0.5733341,1
0.4283496,0.57165045,1
0.46118602,0.538814,1
0.75433946,0.2456605,1
0.8380021,0.16199793,0
0.8297143,0.17028569,0
0.7654077,0.23459227,0
0.8303479,0.16965212,0
0.98385596,0.016143985,0
0.98291266,0.017087368,0
0.3693619,0.6306381,1
0.37740114,0.6225988,1
0.42100903,0.57899094,1
0.48906872,0.5109313,1
0.58836555,0.4116344,1
0.5724029,0.4275971,0
0.6979103,0.30208975,0
0.9508376,0.04916234,0
0.9902981,0.009701941,0
0.9890498,0.010950163,0
0.9230063,0.07699367,0
0.81627446,0.18372548,0
0.48460954,0.5153905,1
0.51230395,0.48769602,1
0.5353073,0.46469274,1
0.53555214,0.4644478,1
0.45707947,0.54292053,1
0.47428396,0.52571607,1
0.37105584,0.62894416,1
0.3668017,0.63319826,1
0.39554384,0.6044561,1
0.9140261,0.08597394,1
0.97217023,0.027829757,0
0.9070863,0.09291374,1
0.7645574,0.23544261,0
0.60545963,0.39454034,1
0.5735596,0.42644042,1
0.66120726,0.33879277,1
0.6561705,0.34382954,1
0.77868444,0.22131556,0
0.7526258,0.24737412,0
0.7391528,0.26084718,0
0.6408921,0.3591079,0
0.6957978,0.30420217,0
0.73154426,0.26845574,0
0.6215973,0.3784027,0
0.7859026,0.21409741,0
0.734116,0.26588395,1
0.62871075,0.37128922,1
0.53102946,0.46897057,0
0.45432895,0.54567105,1
0.4323259,0.5676741,1
0.4592474,0.54075265,1
0.5903068,0.40969312,1
0.68756026,0.31243977,1
0.65019524,0.3498048,1
0.92973125,0.070268795,0
0.9741431,0.025856903,0
0.5913613,0.40863875,0
0.6199327,0.38006732,1
0.544997,0.45500305,0
0.5174957,0.48250428,0
0.43704134,0.5629586,1
0.46954527,0.53045475,1
0.5121206,0.4878794,1
0.52209723,0.47790277,1
0.60440004,0.3956,1
0.596278,0.403722,1
0.71294016,0.28705984,0
0.6764832,0.32351682,0
0.68845046,0.31154954,0
0.6756971,0.32430288,0
0.6693293,0.33067074,0
0.9730502,0.026949855,0
0.54331994,0.45668,0
0.59538114,0.4046189,1
0.6347007,0.36529937,1
0.69460887,0.30539113,1
0.72978497,0.270215,0
0.73992133,0.26007864,0
0.7792013,0.22079864,0
0.8174706,0.1825294,0
0.8152804,0.1847196,0
0.919852,0.08014796,0
0.6079004,0.39209962,1
0.7839133,0.21608669,1
0.6316505,0.36834946,1
0.5579555,0.44204453,1
0.56460375,0.43539625,1
0.5901488,0.40985116,1
0.61714035,0.38285965,1
0.7952938,0.20470619,0
0.8828636,0.11713637,0
0.7886129,0.21138704,0
0.6586864,0.34131357,0
0.9653138,0.034686133,0
0.9816213,0.018378632,0
0.98158836,0.01841169,0
0.97969544,0.02030459,0
0.97441757,0.025582377,0
0.93590873,0.06409129,0
0.59504646,0.40495354,0
0.46245137,0.5375486,1
0.5014669,0.49853313,1
0.6692637,0.33073634,0
0.710519,0.28948095,0
0.9223373,0.077662654,0
0.99057794,0.0094221365,0
0.9784732,0.021526862,0
0.9732179,0.02678213,0
0.5732251,0.42677492,0
0.580891,0.41910893,1
0.53240186,0.46759814,1
0.47848862,0.5215113,1
0.396543,0.603457,1
0.4764271,0.52357286,0
0.8513007,0.1486993,0
0.8866158,0.11338417,0
0.4207912,0.5792088,1
0.42755285,0.5724472,1
0.45771924,0.5422808,1
0.60148096,0.39851907,1
0.7648836,0.23511645,0
0.7956682,0.20433183,0
0.7396133,0.26038674,0
0.8410026,0.15899746,0
0.9597365,0.040263496,0
0.95035505,0.049644988,0
0.61014384,0.38985613,0
0.51190263,0.4880974,0
0.49742058,0.5025794,0
0.6820781,0.31792188,0
0.6619724,0.3380277,0
0.620749,0.379251,0
0.9730294,0.026970567,0
0.9712433,0.02875666,0
0.5734882,0.42651182,1
0.63790405,0.36209598,0
0.6896628,0.3103372,0
0.6910581,0.3089419,0
0.7416394,0.25836062,0
0.72024304,0.27975693,0
0.7405595,0.25944045,0
0.6850516,0.3149484,0
0.94772255,0.052277487,0
0.9714768,0.028523173,0
0.6470818,0.35291824,1
0.59785026,0.40214974,1
0.6514414,0.34855863,0
0.7661977,0.23380227,0
0.7578659,0.2421341,0
0.7655005,0.23449948,0
0.79960924,0.20039068,0
0.8144553,0.18554474,0
0.79633063,0.20366941,0
0.8155907,0.18440932,1
0.9079311,0.09206884,0
0.694926,0.3050739,1
0.5923689,0.40763113,1
0.86226666,0.13773328,0
0.79040605,0.2095939,0
0.822255,0.17774498,0
0.665439,0.33456102,1
0.97147804,0.028521994,0
0.9476725,0.052327584,0
0.55447483,0.44552508,1
0.478329,0.521671,1
0.45443976,0.5455603,1
0.40893883,0.59106123,1
0.4372403,0.56275964,1
0.41812038,0.5818797,1
0.5900408,0.40995914,1
0.5264242,0.47357577,1
0.9542187,0.045781367,0
0.9681814,0.03181866,0
0.4935893,0.5064108,1
0.537232,0.46276805,1
0.53555363,0.46444643,1
0.5546705,0.44532946,1
0.59424645,0.40575355,0
0.603799,0.396201,0
0.39823917,0.60176086,1
0.44724384,0.55275613,1
0.33991107,0.6600889,1
0.43067476,0.56932527,1
0.9071226,0.09287743,0
0.9508303,0.049169697,0
0.8494136,0.15058638,0
0.6666224,0.33337757,0
0.18778579,0.81221426,1
0.13861947,0.8613806,1
0.17237018,0.8276298,1
0.14066313,0.8593368,1
0.13034022,0.8696598,1
0.71110356,0.28889644,0
0.6525298,0.34747025,1
0.6399383,0.36006168,0
0.41637644,0.5836235,1
0.48095095,0.51904905,1
0.62855995,0.37143996,0
0.7498671,0.25013292,0
0.6857547,0.31424525,0
0.70176554,0.2982344,0
0.63694376,0.36305618,0
0.6883377,0.31166232,0
0.687542,0.31245798,0
0.7452351,0.25476497,0
0.66630244,0.3336975,1
0.81878805,0.18121198,0
0.82839626,0.17160377,0
0.7948153,0.20518464,1
0.7586529,0.2413471,0
0.27074593,0.72925407,1
0.69833136,0.30166855,0
0.72765225,0.27234778,1
0.8534121,0.14658795,1
0.70267564,0.2973243,1
0.63438475,0.3656152,0
0.32907328,0.67092675,1
0.31023037,0.68976957,1
0.3287589,0.6712411,1
0.41009638,0.5899036,1
0.40748638,0.5925137,1
0.6905724,0.30942765,1
0.345062,0.654938,1
0.88343644,0.11656352,0
0.41164726,0.58835274,1
0.47499287,0.52500707,1
0.47341996,0.52658004,0
0.42051488,0.5794851,0
0.699514,0.30048603,0
0.70891833,0.2910816,0
0.6676078,0.33239222,0
0.9613658,0.038634215,0
0.9872427,0.012757363,0
0.48180994,0.5181901,1
0.39817882,0.6018211,1
0.537358,0.462642,1
0.49169147,0.5083085,1
0.40012708,0.5998729,1
0.31618488,0.6838151,1
0.35572985,0.6442701,1
0.35311088,0.64688915,1
0.94434446,0.055655584,0
0.5705991,0.42940083,1
0.4826357,0.5173643,1
0.5244256,0.47557443,1
0.25668824,0.7433117,1
0.45166856,0.5483314,1
0.62408423,0.37591583,0
0.670046,0.32995397,0
0.73216885,0.26783115,0
0.8808826,0.11911739,0
0.91887146,0.08112852,0
0.7562866,0.24371335,0
0.58393294,0.4160671,0
0.56529194,0.43470806,0
0.57797545,0.42202455,0
0.039977863,0.9600221,1
0.3219317,0.6780683,1
0.15397406,0.84602594,1
0.2156034,0.7843966,1
0.49323428,0.50676566,1
0.7744148,0.22558527,0
0.5750894,0.42491055,1
0.825891,0.174109,0
0.9694875,0.030512473,0
0.9376912,0.06230877,0
0.6582471,0.3417529,0
0.61788344,0.38211656,0
0.64194936,0.35805058,0
0.565831,0.434169,1
0.6706277,0.32937226,0
0.6629286,0.33707148,0
0.6817068,0.3182932,0
0.6179993,0.38200068,1
0.9717121,0.028287875,0
0.8882719,0.111728065,0
0.5666171,0.43338296,1
0.63173157,0.3682685,0
0.68005323,0.31994683,1
0.73248804,0.26751196,0
0.72336686,0.27663308,1
0.86281157,0.13718846,1
0.8784715,0.121528514,0
0.82823294,0.17176715,0
0.7714869,0.2285131,0
0.97690773,0.023092326,0
0.9900469,0.009953096,0
0.9907472,0.009252745,0
0.95349306,0.04650689,0
0.9324281,0.06757193,0
0.8030621,0.1969379,0
0.5880234,0.41197658,0
0.6761337,0.32386634,0
0.70557046,0.29442957,0
0.7481089,0.25189114,0
0.8097187,0.19028129,0
0.7835522,0.2164478,0
0.16167986,0.8383201,1
0.8482878,0.15171222,0
0.9907991,0.009200846,0
0.9917312,0.008268833,0
0.81920856,0.18079142,0
0.4729027,0.5270973,0
0.5893797,0.41062027,0
0.8092957,0.1907043,0
0.7652344,0.2347656,0
0.7243463,0.27565372,0
0.72479826,0.27520177,0
0.71616745,0.28383255,0
0.98363954,0.016360436,0
0.9907794,0.009220664,0
0.9512901,0.048709925,0
0.5127592,0.48724076,0
0.5283752,0.47162482,0
0.5825155,0.41748452,0
0.50810707,0.49189296,0
0.35858807,0.641412,0
0.43174767,0.56825227,1
0.41292965,0.58707035,0
0.34974286,0.6502571,1
0.37569982,0.6243002,1
0.98181975,0.018180283,0
0.9340697,0.06593028,0
0.6032991,0.39670095,1
0.46204403,0.537956,1
0.44455948,0.5554405,1
0.45520738,0.54479253,1
0.50931305,0.49068692,1
0.49118835,0.5088116,0
0.44856888,0.5514312,1
0.44637772,0.5536223,1
0.9799846,0.020015461,0
0.97820675,0.021793313,0
0.7154174,0.28458256,0
0.57308286,0.42691717,1
0.49964815,0.50035185,0
0.5845406,0.4154594,0
0.66483116,0.3351689,0
0.57459784,0.42540213,1
0.66280943,0.33719054,1
0.9722711,0.02772898,0
0.83134764,0.1686523,1
0.51103926,0.4889607,1
0.52853143,0.47146857,1
0.6985988,0.30140123,1
0.32272494,0.67727506,1
0.9796296,0.020370506,0
0.9661896,0.033810414,0
0.7347277,0.26527226,0
0.53775847,0.46224162,0
0.7243922,0.27560773,0
0.7496815,0.25031856,0
0.76275724,0.23724274,0
0.7832923,0.21670763,0
0.7779217,0.2220783,0
0.81864893,0.18135108,0
0.84273106,0.157269,0
0.968072,0.03192804,0
0.45186502,0.548135,1
0.7215474,0.27845255,0
0.7449884,0.2550116,1
0.79423875,0.20576124,1
0.84500057,0.15499938,1
0.9429572,0.05704274,0
0.81825185,0.18174814,1
0.42486653,0.57513344,1
0.58644766,0.41355237,1
0.6726191,0.3273809,1
0.9109302,0.08906979,1
0.9333125,0.06668751,1
0.9736776,0.026322447,0
0.9831902,0.016809808,0
0.98441815,0.0155818695,0
0.97783077,0.022169145,0
0.5178134,0.48218662,1
0.5102663,0.4897337,1
0.5152388,0.48476124,1
0.5240681,0.47593194,1
0.5292533,0.47074673,1
0.37864244,0.62135756,1
0.96139723,0.038602836,0
0.58709383,0.4129062,1
0.4052834,0.59471655,1
0.7187769,0.28122306,1
0.69134176,0.30865827,0
0.6552286,0.34477141,0
0.64119256,0.3588075,0
0.62819725,0.37180278,0
0.9603359,0.039664097,0
0.93311346,0.06688657,0
0.5241241,0.47587585,0
0.72720075,0.2727993,0
0.7431627,0.25683725,0
0.75543636,0.2445636,0
0.8049862,0.19501387,1
0.66290605,0.33709392,0
0.6400205,0.35997948,1
0.79413795,0.205862,0
0.5657373,0.43426272,0
0.5912366,0.40876338,0
0.659149,0.340851,1
0.629412,0.37058797,1
0.7002185,0.29978153,1
0.74727106,0.25272888,0
0.7158852,0.28411475,1
0.6501651,0.34983492,1
0.832095,0.16790499,0
0.9685422,0.03145782,0
0.81835836,0.18164164,0
0.67102057,0.32897943,0
0.52304757,0.47695234,0
0.49919817,0.50080186,0
0.713986,0.28601396,1
0.70630956,0.29369047,0
0.7795401,0.22045982,1
0.85250264,0.14749736,0
0.7876269,0.21237306,0
0.80956954,0.19043045,1
0.89586735,0.10413265,0
0.7605318,0.23946819,0
0.6503422,0.34965777,0
0.5860751,0.41392484,0
0.65957284,0.34042713,0
0.7779768,0.22202325,0
0.7645754,0.23542461,0
0.83665204,0.16334793,0
0.6104878,0.38951218,1
0.93379974,0.06620027,1
0.9775044,0.022495672,0
0.86924636,0.13075362,0
0.82228863,0.17771138,0
0.84541684,0.15458317,0
0.79135793,0.20864199,0
0.7545781,0.24542187,0
0.8695618,0.1304382,0
0.91455454,0.08544546,0
0.95902467,0.040975306,0
0.98811126,0.011888756,0
0.98308945,0.016910592,0
0.97523695,0.024763023,0
0.5507374,0.44926268,1
0.5113619,0.488638,1
0.58630866,0.41369137,1
0.5912761,0.40872386,1
0.5087006,0.4912994,1
0.49610704,0.50389296,1
0.47311264,0.5268874,1
0.9217024,0.0782976,0
0.95323074,0.046769217,0
0.79105556,0.20894445,1
0.78212076,0.21787927,0
0.7552518,0.2447481,0
0.77118415,0.22881585,1
0.8122656,0.18773444,0
0.8314274,0.1685726,0
0.83827776,0.16172218,0
0.85682726,0.14317279,0
0.8218606,0.17813934,0
0.7039331,0.29606682,1
0.6024258,0.39757416,1
0.7615717,0.2384283,0
0.7313594,0.26864055,1
0.7934202,0.2065798,0
0.78826505,0.21173489,0
0.7914825,0.20851748,0
0.64036304,0.35963693,0
0.84356904,0.15643097,0
0.7144626,0.28553745,0
0.8151099,0.18489015,0
0.7052805,0.29471955,0
0.74834627,0.25165373,0
0.76026314,0.23973693,0
0.7208889,0.27911106,0
0.8124263,0.18757366,0
0.82695466,0.17304532,0
0.6649222,0.33507785,1
0.64975065,0.35024938,1
0.8555461,0.14445388,0
0.68588626,0.31411374,0
0.69985354,0.30014655,1
0.6844482,0.31555176,1
0.5946132,0.40538684,1
0.7574071,0.2425929,0
0.8708462,0.12915382,0
0.8983983,0.10160172,0
0.81545645,0.18454352,0
0.8249466,0.17505337,1
0.66839975,0.33160025,1
0.62767285,0.3723271,1
0.9083585,0.09164155,0
0.58250976,0.41749024,1
0.6739717,0.3260283,1
0.82828933,0.17171068,0
0.7478297,0.25217035,1
0.8705642,0.12943581,1
0.9126331,0.08736691,1
0.9087347,0.09126533,0
0.57735634,0.42264363,1
0.6922015,0.30779848,1
0.45951775,0.5404823,1
0.53201544,0.46798456,1
0.5912856,0.40871438,0
0.58148354,0.41851643,0
0.6853636,0.3146364,0
0.8257811,0.17421886,0
0.9807402,0.019259812,0
0.9546337,0.04536627,0
0.6769771,0.3230229,0
0.6542602,0.34573975,0
0.58646196,0.41353804,0
0.56701785,0.4329822,0
0.58673126,0.41326874,0
0.6006902,0.3993098,0
0.592586,0.40741402,1
0.2837192,0.7162808,1
0.50250703,0.49749297,1
0.55935895,0.44064102,1
0.4701913,0.52980876,0
0.8456685,0.15433148,0
0.66260016,0.3373999,1
0.7829211,0.21707894,0
0.8084723,0.19152771,0
0.82420975,0.1757903,0
0.79912853,0.20087145,0
0.8496641,0.15033586,0
0.812015,0.18798494,0
0.6244676,0.37553236,1
0.94158995,0.05841009,0
0.9183825,0.08161751,0
0.67480254,0.32519746,1
0.5435892,0.45641083,0
0.5679905,0.43200955,0
0.58655876,0.4134412,1
0.64725006,0.35274994,0
0.6883759,0.31162408,0
0.6516701,0.3483299,1
0.715936,0.28406397,1
0.84200805,0.15799189,1
0.5367675,0.46323252,1
0.54982793,0.45017204,0
0.73228735,0.26771268,0
0.68715703,0.31284302,0
0.77111024,0.2288898,0
0.76104,0.23896003,0
0.68527013,0.3147299,0
0.69066316,0.3093369,0
0.75366306,0.246337,0
0.7334374,0.2665626,1
0.6083012,0.39169875,1
0.7239043,0.2760957,1
0.9487171,0.051282916,1
0.74396235,0.25603762,1
0.5193648,0.48063526,1
0.86365604,0.13634402,0
0.8951312,0.10486888,0
0.8894857,0.11051432,0
0.87758845,0.122411564,1
0.92053795,0.07946204,1
0.89959556,0.10040445,0
0.8270007,0.17299926,0
0.59436345,0.40563658,0
0.82072395,0.17927602,0
0.8342197,0.16578032,0
0.8507801,0.14921987,0
0.7701718,0.22982824,0
0.43320915,0.5667909,1
0.18861702,0.811383,1
0.34982616,0.65017384,1
0.767066,0.23293392,1
0.95073134,0.04926864,0
0.6951936,0.30480644,0
0.16109775,0.83890224,1
0.13923062,0.86076933,1
0.5244206,0.47557932,0
0.5463423,0.45365772,0
0.07033302,0.92966694,1
0.22076577,0.7792343,1
0.051196773,0.9488032,1
0.47067603,0.52932394,1
0.76408595,0.23591407,0
0.9204074,0.07959255,0
0.95992094,0.04007901,0
0.5343649,0.46563518,0
0.5659397,0.43406022,0
0.016072886,0.9839271,1
0.044814702,0.9551853,1
0.9467145,0.053285457,0
0.945916,0.054083984,0
0.59880495,0.40119502,0
0.74723184,0.25276816,0
0.746108,0.253892,0
0.73518836,0.2648116,0
0.8355506,0.16444938,0
0.94237494,0.05762508,0
0.6878796,0.31212038,0
0.7802912,0.21970879,0
0.12051186,0.8794881,1
0.60994446,0.3900555,0
0.7672518,0.23274818,0
0.6817283,0.31827173,0
0.7381433,0.26185662,0
0.7582983,0.24170168,0
0.709226,0.29077402,0
0.7185726,0.28142735,0
0.9721495,0.027850475,1
0.65836245,0.3416376,1
0.6672505,0.33274952,0
0.71418816,0.2858118,0
0.68502325,0.31497672,0
0.70930547,0.29069453,0
0.8439268,0.15607321,0
0.9222754,0.07772456,0
0.87314093,0.12685908,0
0.8190092,0.18099084,0
0.6390352,0.36096472,0
0.8537142,0.14628577,0
0.9440153,0.05598469,0
0.6676224,0.3323776,0
0.59484154,0.40515846,0
0.669281,0.33071902,0
0.78526556,0.21473444,1
0.8545735,0.1454265,0
0.8822875,0.117712475,0
0.8282869,0.17171311,0
0.6842836,0.31571636,1
0.9815306,0.01846936,0
0.9728702,0.027129836,0
0.903066,0.09693404,0
0.105825625,0.89417434,1
0.068245545,0.93175447,1
0.11611289,0.88388705,1
0.57750875,0.42249125,0
0.04021294,0.9597871,1
0.085114375,0.9148856,1
0.058903467,0.94109654,1
0.06481698,0.93518305,1
0.11888398,0.88111603,1
0.76496416,0.23503585,0
0.8276387,0.17236127,0
0.96203405,0.037965942,0
0.94827783,0.051722158,0
0.65291554,0.3470845,0
0.1750267,0.8249733,1
0.0492106,0.95078945,1
0.37089252,0.6291074,0
0.48655882,0.51344115,0
0.45746976,0.5425302,0
0.042600658,0.95739937,1
0.03287088,0.9671291,1
0.85069674,0.14930333,0
0.88490975,0.115090296,0
0.96893185,0.031068169,0
0.9525539,0.04744611,0
0.72279316,0.27720684,0
0.67652744,0.3234726,0
0.7101269,0.28987312,0
0.74359226,0.25640774,0
0.7967014,0.20329864,0
0.5809076,0.41909245,0
0.36562508,0.63437486,1
0.27657393,0.7234261,1
0.7735942,0.2264058,0
0.74833953,0.2516604,0
0.93185353,0.06814651,0
0.742793,0.25720704,0
0.6358907,0.36410928,0
0.7051859,0.29481408,0
0.63766044,0.36233953,0
0.7000033,0.29999667,0
0.6721006,0.3278994,0
0.6532021,0.34679785,0
0.7102065,0.28979343,0
0.70017385,0.29982617,0
0.4831672,0.5168328,1
0.79068065,0.20931928,1
0.7316752,0.26832473,0
0.7735634,0.22643661,1
0.68357843,0.31642157,1
0.65575194,0.34424806,1
0.9450481,0.05495195,0
0.8835293,0.116470695,0
0.6229363,0.3770637,0
0.82156545,0.1784345,0
0.48268443,0.51731557,1
0.1852891,0.8147109,1
0.9053515,0.09464848,0
0.16700639,0.8329936,1
0.01053647,0.98946345,1
0.63187355,0.36812645,0
0.9054563,0.09454373,0
0.55240256,0.44759744,0
0.92818457,0.07181547,0
0.7429167,0.2570834,0
0.11855125,0.8814488,1
0.5863492,0.41365087,0
0.7291103,0.2708897,0
0.5531796,0.4468204,0
0.07426303,0.92573696,1
0.56389266,0.43610734,0
0.43363288,0.56636715,1
0.75597167,0.24402831,1
0.94030535,0.059694618,0
0.9616688,0.03833123,0
0.969309,0.03069101,0
0.97030747,0.029692482,0
0.877443,0.12255699,0
0.6295305,0.37046948,0
0.5001335,0.4998665,0
0.51420796,0.48579204,0
0.31982833,0.68017167,1
0.58873796,0.411262,0
0.24503055,0.7549694,1
0.00012317745,0.99987686,1
0.054492157,0.9455078,1
0.7997682,0.20023182,0
0.9322104,0.067789644,0
0.9101913,0.089808665,0
0.1976993,0.8023007,0
0.009226638,0.99077344,0
0.70429575,0.29570428,0
0.00079116656,0.99920887,1
0.0020184375,0.99798155,1
0.5631366,0.43686342,0
0.6609443,0.3390558,0
0.47859594,0.521404,0
0.5267233,0.47327664,0
0.5872838,0.41271618,0
0.6972884,0.30271158,0
0.764783,0.23521696,0
0.77479285,0.22520715,0
0.04419191,0.9558081,1
0.751796,0.24820402,0
0.77901906,0.22098091,0
0.7993338,0.20066614,0
0.81092596,0.1890741,0
0.7970466,0.20295332,0
0.0002457366,0.99975425,1
0.5925679,0.40743205,0
0.72043794,0.2795621,0
0.046747923,0.9532521,1
0.5932879,0.40671209,1
0.75132215,0.2486778,0
0.92043895,0.07956112,0
0.0014258443,0.99857414,1
0.13248195,0.86751807,1
0.8567442,0.14325576,0
0.94326496,0.056735024,0
0.2057647,0.7942353,0
0.57120645,0.42879358,0
0.69458234,0.3054176,0
0.66012365,0.33987635,0
0.7406681,0.25933188,0
0.71369815,0.28630185,0
0.3770122,0.6229878,1
0.51797044,0.48202956,0
0.6915098,0.30849016,0
0.55498296,0.44501704,0
0.08837463,0.9116254,1
0.13409488,0.8659051,1
0.19462575,0.8053742,0
0.83060366,0.16939633,0
0.04754102,0.952459,1
0.11389553,0.8861044,1
0.5892787,0.4107213,0
0.623626,0.37637407,0
0.7195942,0.28040582,0
0.7719138,0.22808622,0
0.69131607,0.30868396,0
0.7607911,0.23920886,0
0.7631091,0.23689085,0
0.7751973,0.22480264,0
0.5989254,0.4010746,0
0.6085871,0.3914129,1
0.07571226,0.92428774,1
0.28772858,0.7122714,1
0.4916139,0.50838614,0
0.5776893,0.4223107,0
0.074551,0.92544895,1
0.6531668,0.3468332,1
0.68314147,0.3168585,1
0.12481463,0.8751854,1
0.064696126,0.9353039,1
0.7039322,0.29606777,1
0.87676036,0.12323962,1
0.96879846,0.031201512,0
0.97979,0.020210057,0
0.53537875,0.46462128,0
0.23178115,0.7682189,1
0.5077235,0.4922765,0
0.5295423,0.47045773,0
0.7231178,0.27688217,0
0.8275175,0.17248245,0
0.6380312,0.36196887,0
0.69623536,0.30376458,0
0.7454249,0.25457507,0
0.83578146,0.16421856,0
0.8256276,0.17437236,0
0.6254767,0.37452328,0
0.69438654,0.3056135,1
0.7028604,0.29713959,1
0.92940706,0.07059297,0
0.8780075,0.12199259,0
0.7260075,0.27399248,1
0.7564892,0.24351084,1
0.69016474,0.30983526,1
0.6959706,0.30402938,0
0.64494526,0.35505477,1
0.7057493,0.29425073,0
0.9133945,0.086605445,0
0.9121718,0.08782822,0
0.60546017,0.3945398,0
0.6651223,0.33487773,1
0.5971306,0.4028694,1
0.79937184,0.20062819,0
0.9592256,0.040774375,0
0.91765267,0.08234737,0
0.62957674,0.3704232,0
0.5867697,0.4132303,0
0.6788608,0.32113925,0
0.82583225,0.17416775,0
0.88048995,0.11951007,0
0.72929233,0.27070764,1
0.7914589,0.20854114,1
0.78563887,0.2143611,0
0.757719,0.24228111,1
0.9158302,0.0841698,0
0.5786427,0.42135727,1
0.6160501,0.38394982,1
0.6135189,0.38648114,1
0.5787106,0.42128935,0
0.6728809,0.32711917,0
0.80095506,0.19904494,0
0.83621854,0.1637815,1
0.82962835,0.17037158,1
0.8580056,0.14199445,0
0.8367369,0.1632631,1
0.97150743,0.028492605,0
0.94692117,0.053078774,0
0.3840743,0.6159257,1
0.4352484,0.5647515,1
0.67919505,0.32080495,0
0.80086946,0.19913052,0
0.4844443,0.5155556,1
0.49202582,0.5079742,0
0.5465405,0.4534595,0
0.6946924,0.3053076,0
0.9736528,0.02634721,0
0.6108997,0.38910037,1
0.48520288,0.51479715,1
0.54936576,0.45063424,0
0.73251903,0.26748097,0
0.90682054,0.093179405,0
0.9112814,0.08871862,0
0.60539967,0.39460033,0
0.0019851085,0.9980149,1
0.0055384124,0.9944616,1
0.2392299,0.7607701,1
0.67341083,0.3265892,0
0.66045797,0.33954203,0
0.6864678,0.3135322,0
0.7874275,0.21257257,0
0.6780931,0.32190695,0
0.5995227,0.40047726,0
0.5153374,0.4846626,0
0.5201101,0.47988996,0
0.6024016,0.39759842,0
0.6354773,0.36452273,0
0.68118787,0.31881207,0
0.5534028,0.44659722,0
0.72907656,0.27092344,1
0.6755881,0.3244119,1
0.88338184,0.11661822,0
0.42100164,0.5789983,1
0.45234466,0.54765534,1
0.48458725,0.51541275,0
0.48740938,0.51259065,0
0.8016323,0.19836771,0
0.5136993,0.48630065,0
0.59306264,0.40693736,1
0.58903784,0.41096216,1
0.87208253,0.12791751,0
0.6308444,0.36915565,0
0.75206167,0.24793833,0
0.8481187,0.15188137,0
0.7707909,0.22920908,0
0.6300464,0.3699535,1
0.82675284,0.17324711,0
0.8393422,0.16065781,0
0.8125412,0.18745875,0
0.44607988,0.5539201,1
0.6386167,0.3613833,0
0.8244753,0.17552477,0
0.5887865,0.41121355,0
0.5914926,0.4085074,1
0.90725434,0.0927457,0
0.81731,0.18269002,0
0.89603424,0.10396578,0
0.46934897,0.530651,1
0.44302282,0.5569772,1
0.87408704,0.12591298,0
0.94327873,0.056721244,0
0.7111346,0.28886536,1
0.119787335,0.88021266,1
0.07608057,0.9239194,1
0.093200855,0.9067992,1
0.40410107,0.5958989,1
0.5563732,0.4436268,0
0.08569755,0.91430247,1
0.80806303,0.19193698,0
0.9346959,0.0653041,0
0.64901507,0.3509849,0
0.59072024,0.4092798,0
0.5161943,0.4838057,0
0.5623908,0.43760917,0
0.6035814,0.39641857,0
0.61955607,0.38044396,0
0.03310864,0.96689135,1
0.5478472,0.4521528,0
0.7664534,0.23354658,0
0.6051872,0.3948129,0
0.8177459,0.18225409,0
0.9453234,0.0546766,0
0.65685844,0.3431416,0
0.78621346,0.21378662,0
0.4989953,0.5010047,1
0.3308415,0.66915846,1
0.60272694,0.3972731,1
0.85746986,0.1425301,0
0.74615,0.25385,0
0.44586116,0.5541389,0
0.5387569,0.46124306,0
0.6025183,0.39748165,0
0.70094603,0.29905397,0
0.6691292,0.33087078,0
0.67233276,0.32766724,1
0.58887714,0.41112286,1
0.06922555,0.9307745,1
0.022708284,0.9772917,1
0.24049912,0.75950086,1
0.33222586,0.66777414,0
0.67165035,0.32834965,0
0.31650048,0.6834996,1
0.16583161,0.83416843,1
0.00034625593,0.9996537,1
9.4489377e-07,0.99999905,1
0.3094043,0.6905956,0
0.8557481,0.14425191,0
0.8387615,0.16123849,0
0.21290015,0.78709984,1
0.12682728,0.87317276,1
0.14732178,0.8526782,1
0.18882686,0.8111731,1
0.17353636,0.8264637,0
0.08734905,0.9126509,1
1.6911725e-06,0.99999833,1
0.10505873,0.89494133,0
0.47973344,0.52026653,0
0.7646345,0.23536545,0
0.87319374,0.12680632,0
0.09882137,0.90117866,0
0.88468313,0.11531683,0
0.839412,0.16058807,0
0.099119574,0.9008804,1
0.08272297,0.917277,1
0.20677297,0.7932271,1
5.155045e-05,0.9999485,1
0.10227334,0.8977267,0
0.18675074,0.81324923,0
0.9572377,0.042762313,0
0.9647647,0.03523523,0
0.9682748,0.03172523,0
0.6842557,0.31574425,0
0.68840384,0.31159613,0
0.38824332,0.6117567,0
0.43899032,0.5610097,0
0.6462077,0.35379234,0
0.6050707,0.3949293,0
0.38211563,0.61788434,0
0.53068465,0.46931535,0
0.6051136,0.39488637,0
0.88912046,0.11087957,0
0.86236686,0.13763316,0
0.68464154,0.31535846,0
0.765398,0.23460199,0
0.5508855,0.44911456,0
0.6101189,0.38988107,0
0.07264869,0.92735136,1
0.7685413,0.23145875,0
0.7674059,0.232594,0
0.6455576,0.3544424,1
0.6417198,0.3582802,0
0.6386866,0.36131346,0
0.5484227,0.45157734,1
0.076695144,0.92330486,1
0.0053837327,0.9946163,1
0.007320751,0.99267924,1
0.01194049,0.98805946,1
1.3622928e-06,0.9999987,1
8.411387e-09,1.0,1
0.5315897,0.4684103,0
0.6485068,0.3514932,0
0.16080838,0.8391916,0
0.62527025,0.3747298,0
0.4058069,0.59419304,0
0.4387952,0.56120473,0
0.3721073,0.6278927,0
0.44145876,0.55854124,0
0.49810326,0.50189674,0
0.39854893,0.601451,0
0.005692432,0.9943076,1
0.6493936,0.35060644,0
0.65732276,0.3426772,0
0.52221835,0.4777817,0
0.74132943,0.25867057,0
0.67773205,0.32226792,0
0.24976055,0.75023943,1
0.68970066,0.3102993,0
0.22840255,0.7715974,0
0.5967826,0.40321735,0
0.5511169,0.44888312,0
0.5414997,0.4585003,0
0.63489467,0.36510536,0
0.25765586,0.7423442,1
0.6638286,0.33617142,0
0.8241638,0.17583616,0
0.22884615,0.77115387,1
0.5700856,0.42991439,0
0.5183056,0.48169443,0
0.79060435,0.20939568,0
0.76009655,0.23990346,0
0.8335471,0.1664529,0
0.40243453,0.5975654,1
0.5883824,0.4116176,0
0.6636118,0.33638814,0
0.0011290708,0.9988709,1
0.072574094,0.9274259,0
2.7183722e-05,0.9999728,1
0.06554269,0.9344573,0
0.06841123,0.9315887,0
0.19767074,0.80232924,0
0.06518535,0.9348147,0
0.63778144,0.3622185,0
0.6765217,0.3234783,0
0.15369493,0.8463051,0
0.16372478,0.8362752,0
0.2407596,0.7592404,0
0.5352508,0.46474913,0
0.5378747,0.46212527,0
0.01784919,0.9821508,0
0.015426666,0.9845733,1
0.05499555,0.94500446,1
0.05805814,0.9419418,1
0.70883006,0.2911699,0
0.76133955,0.23866044,0
0.5578865,0.44211343,0
0.6349378,0.36506218,0
0.7368934,0.2631066,0
0.81583047,0.18416952,0
0.27845672,0.72154325,0
0.6455772,0.3544228,0
0.7934998,0.20650017,0
0.74844193,0.2515581,1
0.6436641,0.35633585,1
0.509741,0.49025896,0
0.50478476,0.4952152,0
0.54412663,0.45587337,0
0.034109175,0.9658908,1
0.09269297,0.907307,1
0.033051413,0.9669486,1
0.050959613,0.9490404,1
0.22822192,0.7717781,1
0.26768464,0.73231536,0
0.0006174551,0.9993825,1
0.21877983,0.7812202,0
0.75828356,0.24171649,0
0.050890565,0.94910944,1
0.17958938,0.8204106,1
0.23240747,0.76759255,0
0.08169363,0.9183064,1
0.6694177,0.33058235,0
0.23020089,0.7697991,1
0.8307292,0.16927075,0
0.18862772,0.8113722,1
0.33436948,0.6656305,1
0.18623257,0.8137674,0
0.05300287,0.94699705,1
0.014375855,0.9856242,1
0.52452046,0.47547963,0
0.36974236,0.6302576,0
0.35663596,0.643364,0
0.827494,0.17250602,0
0.051374815,0.94862515,1
0.14087845,0.85912156,0
0.81833917,0.18166089,0
0.85101587,0.14898416,0
0.09206777,0.9079322,1
0.0964621,0.90353787,1
0.1441307,0.8558693,0
0.4628416,0.53715837,0
0.51601315,0.48398688,0
0.40022153,0.5997785,0
0.6572688,0.3427312,0
0.62073785,0.37926212,0
0.73897934,0.26102063,0
0.8275831,0.17241688,0
0.2915092,0.70849085,0
0.4506764,0.5493236,0
0.46894538,0.5310546,0
0.3681473,0.6318527,1
0.27182823,0.72817177,1
0.53259516,0.46740487,1
0.79516274,0.20483726,0
0.6402693,0.3597308,0
0.45778564,0.54221433,0
0.36807945,0.6319205,1
0.29613623,0.7038638,1
0.7969236,0.2030764,0
0.13109529,0.86890477,1
0.7732495,0.22675055,0
0.80848217,0.19151784,0
0.8263369,0.17366308,0
0.68321764,0.31678236,1
0.587061,0.4129391,1
0.49418664,0.50581336,1
0.54600644,0.45399362,1
0.23106739,0.7689326,1
0.26675695,0.733243,1
0.46463165,0.5353684,1
0.0007919873,0.99920803,1
0.7018219,0.29817805,0
0.6963884,0.30361158,0
0.70745116,0.2925488,0
0.6984533,0.3015467,0
0.69168186,0.30831817,0
0.47774842,0.5222516,1
0.45197544,0.5480246,1
0.05887857,0.94112146,1
0.5607425,0.43925753,1
0.48984182,0.5101581,1
0.90950793,0.090492025,0
0.8611685,0.13883153,0
0.48341882,0.5165811,1
0.10371468,0.89628524,1
0.25613055,0.7438694,1
0.3203563,0.6796437,1
0.2667532,0.73324686,1
0.25989527,0.7401048,1
0.34329587,0.65670407,1
0.032167125,0.96783286,1
0.06419468,0.9358054,1
0.69691414,0.3030858,0
0.6019183,0.39808175,0
0.6931187,0.3068813,0
0.1804683,0.8195317,1
0.37379524,0.6262048,0
0.82566625,0.17433377,0
0.44135615,0.5586438,0
0.6419748,0.3580252,0
0.24631782,0.7536822,1
0.090864785,0.9091352,1
0.35939088,0.64060915,1
0.681433,0.31856698,0
0.9449174,0.055082623,0
0.44327646,0.55672354,0
0.13810642,0.86189353,1
0.3155551,0.6844449,1
0.7733549,0.2266452,0
0.8999938,0.10000617,0
0.40351897,0.596481,1
0.44627643,0.5537235,0
0.028608153,0.97139186,1
0.112298876,0.88770115,1
0.13202153,0.86797845,1
0.12507606,0.87492394,1
0.065219566,0.9347804,1
0.0012241884,0.9987758,1
0.043384597,0.9566154,1
0.15684979,0.84315026,1
0.28895345,0.7110466,0
0.7042521,0.2957479,0
0.6395014,0.3604986,0
0.50893867,0.49106133,0
0.28336853,0.7166314,0
0.28065905,0.719341,0
0.34377342,0.6562266,0
0.6823919,0.31760812,0
0.76158994,0.23841004,0
0.20685427,0.7931458,1
0.012758587,0.9872414,1
0.07952223,0.9204778,1
0.69706404,0.30293602,0
0.29839534,0.7016046,0
0.39272773,0.60727227,0
0.38256913,0.61743087,0
0.41999978,0.5800002,0
0.46378672,0.5362133,0
0.30579934,0.69420063,1
0.45417336,0.5458267,0
0.71720153,0.28279844,0
0.64969826,0.35030177,0
0.5386885,0.46131155,0
0.7234209,0.2765791,0
0.53728384,0.46271613,0
0.5579342,0.44206578,0
0.4065617,0.59343827,1
0.5726225,0.42737755,0
0.5610481,0.43895197,0
0.649809,0.350191,0
0.5487531,0.4512469,1
0.78467166,0.2153283,0
0.60238487,0.3976151,0
0.71739876,0.28260127,0
0.5265263,0.47347367,0
0.61853176,0.38146827,0
0.7135222,0.28647783,1
0.78279346,0.21720652,0
0.7833684,0.21663159,0
0.8507634,0.14923656,0
0.79364157,0.20635843,0
0.09118865,0.9088114,1
0.23833165,0.7616684,1
0.052174646,0.9478254,1
0.088939376,0.91106063,1
0.59000033,0.4099997,0
0.73659027,0.26340976,0
0.9528702,0.047129843,0
0.94394755,0.056052413,0
0.901039,0.09896106,0
0.5419666,0.4580334,0
0.12620746,0.8737926,1
0.42214817,0.57785183,1
0.15232213,0.8476778,1
0.5094942,0.49050584,1
0.59499574,0.40500423,0
0.6247261,0.37527388,0
0.039007954,0.96099204,1
0.048536196,0.95146376,1
0.033511735,0.9664883,1
0.033399653,0.9666003,1
0.035359167,0.9646408,1
0.47332758,0.5266724,0
0.69769657,0.30230346,0
0.64465564,0.35534436,0
0.54913867,0.45086136,0
0.21296112,0.78703886,0
0.30114597,0.698854,0
0.6615556,0.3384444,0
0.778676,0.221324,0
0.67526037,0.32473963,0
0.630612,0.369388,0
0.4983208,0.5016792,0
0.64545834,0.3545417,0
0.51172054,0.48827943,0
0.5540433,0.4459567,0
0.5896784,0.41032165,0
0.5199949,0.48000515,0
0.512212,0.48778808,0
0.33862942,0.6613706,1
0.65755284,0.34244713,1
0.7162342,0.28376582,0
0.5145683,0.48543173,0
0.51511204,0.48488793,0
0.52261525,0.47738478,0
0.6077825,0.39221755,0
0.55256826,0.4474318,1
0.81436133,0.18563873,0
0.8167288,0.18327126,0
0.8022353,0.19776465,0
0.56262994,0.43737003,0
0.45406312,0.54593694,1
0.33816284,0.6618371,1
0.5987857,0.4012143,0
0.73580664,0.26419333,0
0.7696914,0.23030858,0
0.2754778,0.72452223,1
0.319053,0.680947,1
0.4541316,0.54586846,1
0.53058386,0.46941617,1
0.5127029,0.4872971,1
0.8069916,0.1930084,0
0.23027338,0.7697266,1
0.8003001,0.19969992,0
0.87828124,0.12171873,0
0.9057025,0.094297506,0
0.3875709,0.6124291,0
0.2432672,0.7567328,1
0.28780347,0.7121966,1
0.33535972,0.66464025,1
0.31010318,0.68989676,1
0.29989475,0.70010525,1
0.33704102,0.662959,0
0.7431292,0.2568708,0
0.8360844,0.16391556,0
0.95737827,0.042621683,0
0.97459316,0.025406815,0
0.9677328,0.032267142,0
0.508472,0.49152792,0
0.05896593,0.941034,1
0.07034325,0.92965674,1
0.08679723,0.9132028,1
0.15984026,0.8401598,1
0.14955097,0.850449,1
0.58330965,0.4166903,0
0.64393175,0.35606828,0
0.9008717,0.09912835,0
0.060174856,0.9398252,1
0.096466385,0.9035336,1
0.07708965,0.92291033,1
0.49900085,0.50099915,0
0.5615808,0.4384193,0
0.60240173,0.39759827,0
0.63285387,0.3671461,0
0.13543051,0.8645695,1
0.022885213,0.97711486,1
0.07547244,0.9245275,1
0.1302012,0.8697988,1
0.14275645,0.85724354,1
0.19164875,0.8083512,1
0.19828261,0.8017174,0
4.2085965e-05,0.9999579,1
0.024503537,0.9754964,1
0.0025853538,0.9974146,1
0.04170963,0.95829034,1
0.13865244,0.86134756,1
0.2665275,0.7334725,0
0.06267006,0.93732995,0
0.009705864,0.9902941,1
0.25396177,0.7460382,0
0.33196983,0.66803014,0
0.06704203,0.932958,0
0.3027205,0.69727945,0
0.040185522,0.9598145,1
0.38531074,0.6146893,0
0.39256138,0.6074386,0
0.6468099,0.35319012,0
0.5420425,0.45795757,0
0.03733326,0.96266675,1
0.40547678,0.59452325,0
0.029725691,0.97027427,1
0.21607402,0.783926,0
0.17303137,0.82696867,0
0.26282036,0.73717964,1
0.22592358,0.7740764,1
0.52562433,0.47437567,0
0.51132965,0.48867038,0
0.5803521,0.4196479,0
0.30562213,0.69437784,1
0.7560172,0.24398276,0
0.82351005,0.17648996,0
0.62602544,0.3739746,0
0.8703334,0.12966661,0
0.4556992,0.5443008,0
0.2011844,0.7988156,1
0.13558818,0.8644118,1
0.10735953,0.8926404,1
0.18853863,0.8114614,0
0.41118,0.58882004,0
0.6070082,0.3929918,0
0.20493609,0.7950639,1
0.11126821,0.88873184,1
0.43010235,0.5698976,1
0.123089276,0.87691075,1
0.31617257,0.6838274,1
0.012427566,0.98757243,1
0.021712363,0.97828764,1
0.39355564,0.60644436,0
0.5971032,0.40289688,0
0.61818606,0.3818139,0
0.71761626,0.28238374,0
0.119919375,0.8800806,0
0.12839548,0.87160456,0
0.32937253,0.67062753,0
0.17063785,0.8293622,1
0.006828571,0.99317145,1
0.24451588,0.75548404,1
0.6715653,0.32843474,0
0.87051153,0.1294885,0
0.1282549,0.8717451,1
0.144654,0.8553461,1
0.25970516,0.7402948,0
0.26923668,0.7307634,0
0.07490834,0.9250916,1
0.3884518,0.6115482,0
0.5801654,0.41983458,0
0.71457624,0.28542373,0
0.22070733,0.7792927,1
0.40764058,0.5923594,1
0.78285635,0.21714364,0
0.28661272,0.7133873,1
0.5081269,0.4918731,0
0.23239283,0.7676072,1
0.60274726,0.3972527,0
0.77484614,0.22515392,0
0.27993888,0.72006106,1
0.16751449,0.83248544,1
0.19371082,0.80628914,1
0.18866736,0.8113327,1
0.16871445,0.83128554,1
0.042553347,0.9574467,1
0.027070498,0.97292954,1
0.14383711,0.8561629,1
0.5701332,0.4298668,0
0.77484006,0.22516,0
0.8400782,0.15992182,0
0.46233892,0.53766114,0
0.17447864,0.82552135,0
0.01594906,0.9840509,1
0.044746973,0.955253,1
0.05765663,0.9423434,1
0.24636501,0.7536349,0
0.2648277,0.7351723,0
0.17323521,0.8267648,0
0.20717296,0.79282707,0
0.7372285,0.2627714,0
0.38320297,0.6167971,0
0.92819166,0.071808346,0
0.9111525,0.0888475,0
0.15837964,0.8416203,1
0.17092338,0.82907665,1
0.050546587,0.9494534,1
0.085491195,0.91450876,1
0.08243818,0.9175618,1
0.112059966,0.88794,1
0.13747329,0.8625267,1
0.8758541,0.12414594,0
0.913381,0.086618975,0
0.8064391,0.19356084,0
0.59598917,0.40401086,0
0.114639126,0.88536084,1
0.32021913,0.6797808,0
0.20660721,0.7933928,1
0.22915713,0.77084285,1
0.3086482,0.6913518,1
0.3275502,0.67244977,1
0.030493747,0.9695062,1
0.26540923,0.73459077,1
0.42564502,0.57435495,1
0.4706706,0.5293294,1
0.82393366,0.17606634,0
0.16109543,0.8389046,1
0.3756893,0.6243107,0
0.096559934,0.90344006,1
0.11918061,0.8808193,1
0.16360968,0.8363904,1
0.22368106,0.7763189,0
0.32497185,0.6750281,0
0.3724739,0.6275261,0
0.54119956,0.4588005,0
0.41768306,0.5823169,0
0.07312896,0.926871,1
0.13658145,0.8634186,1
0.27844357,0.7215564,1
0.18774505,0.8122549,1
0.48885816,0.5111419,1
0.7472797,0.25272027,0
0.50110126,0.4988988,0
0.2029571,0.7970429,1
0.51525116,0.48474884,0
0.5290965,0.47090352,0
0.6349888,0.36501127,0
0.36934826,0.6306518,1
0.39840424,0.60159576,1
0.33344012,0.6665599,1
0.18894552,0.8110545,1
0.1725887,0.82741135,1
0.1738306,0.8261694,1
0.20732045,0.7926796,1
0.1723936,0.8276063,1
0.21670157,0.7832985,1
0.6692168,0.33078316,0
0.8052644,0.19473559,0
0.25580242,0.74419755,1
0.1847398,0.81526023,1
0.25640023,0.7435997,1
0.64878017,0.3512198,0
0.7554459,0.2445541,0
0.9469897,0.053010326,0
0.8607423,0.13925776,0
0.8224077,0.17759228,0
0.074677296,0.92532265,1
0.10003086,0.89996916,1
0.14661835,0.8533816,1
0.1684015,0.83159846,1
0.16312142,0.8368786,1
0.20682877,0.7931713,1
0.89630324,0.10369673,0
0.10510817,0.89489186,1
0.09665731,0.90334266,1
0.07995979,0.9200402,1
0.08186517,0.91813487,1
0.12859976,0.8714003,1
0.13715336,0.8628466,1
0.92661804,0.07338199,0
0.9365802,0.06341974,0
0.74146897,0.258531,0
0.07900399,0.92099607,1
0.06701627,0.93298376,1
0.07287871,0.9271213,1
0.054489627,0.9455104,1
0.060099415,0.9399006,1
0.09395272,0.9060473,1
0.08580465,0.91419536,1
0.8160107,0.1839893,0
0.55657107,0.44342893,0
0.0006831875,0.9993168,1
0.13135585,0.8686442,1
0.13948861,0.86051136,1
0.3178537,0.6821464,1
0.5777467,0.4222533,0
0.5977125,0.4022875,0
0.8443318,0.15566815,0
0.010669339,0.98933065,1
0.0009854259,0.9990145,1
0.002176365,0.9978237,1
0.00057378947,0.99942625,1
0.002068158,0.99793184,1
0.0013770806,0.9986229,1
0.5133304,0.48666957,0
0.17323299,0.826767,0
0.08617384,0.91382617,1
0.078560054,0.92143995,1
0.13544367,0.86455625,1
0.10705403,0.892946,1
0.068848975,0.931151,1
0.57328963,0.42671043,0
0.8767369,0.12326306,0
0.7880283,0.21197164,0
0.09616545,0.9038346,1
0.114603,0.885397,1
0.18289027,0.81710976,0
0.11607291,0.8839271,1
0.21909533,0.7809047,1
0.25917608,0.7408239,1
0.44224104,0.557759,0
0.29343382,0.70656615,1
0.7630264,0.2369736,0
0.9378758,0.062124178,0
0.91000867,0.08999136,0
0.5558802,0.44411987,0
0.5608166,0.43918347,0
0.4865957,0.51340437,0
0.58723235,0.41276762,0
0.49831897,0.5016811,0
0.58602923,0.4139707,0
0.5659956,0.4340044,0
0.6039589,0.3960411,0
0.68110275,0.31889725,0
0.3723959,0.6276041,1
0.7542844,0.24571559,0
0.79135305,0.20864695,0
0.6727009,0.32729915,0
0.21262729,0.7873727,1
0.47444975,0.52555025,1
0.52161056,0.47838947,0
0.5601734,0.43982658,0
0.28292942,0.7170705,1
0.11565296,0.884347,1
0.5378026,0.46219745,0
0.9409624,0.059037626,0
0.93568647,0.06431349,0
0.09784361,0.90215635,1
0.09053808,0.909462,1
0.08561437,0.91438556,1
0.27997348,0.72002655,1
0.0923989,0.90760106,1
0.35100406,0.648996,1
0.20775165,0.79224837,1
0.50607044,0.49392962,0
0.37813574,0.62186426,1
0.927179,0.07282101,0
0.8941239,0.105876036,0
0.5956238,0.40437624,0
0.37371168,0.62628835,0
0.4167447,0.58325523,0
0.48382384,0.51617616,0
0.55759424,0.44240582,0
0.50747645,0.49252352,0
0.4884032,0.5115968,0
0.83144563,0.16855441,0
0.8611643,0.13883576,0
0.8542532,0.14574687,0
0.17505343,0.8249466,1
0.029288186,0.9707118,1
0.03448302,0.96551704,1
0.07120088,0.9287991,1
0.5060675,0.4939325,0
0.026916377,0.9730837,1
0.015007275,0.98499274,1
0.019828225,0.9801718,1
0.021812307,0.9781877,1
0.1604048,0.8395952,1
0.13531151,0.8646885,0
0.1279431,0.87205684,0
0.18078005,0.81922,0
0.41616648,0.5838335,0
0.7574852,0.24251479,0
0.8799826,0.12001745,0
0.5151457,0.4848543,0
0.14054902,0.859451,1
0.17395842,0.8260415,1
0.13208081,0.86791915,1
0.08596793,0.9140321,1
0.3792903,0.6207098,1
0.67240745,0.32759255,0
0.2057414,0.7942586,1
0.49525374,0.50474626,0
0.26834813,0.73165184,1
0.30090106,0.6990989,1
0.7445417,0.2554583,0
0.83126783,0.1687322,0
0.048781876,0.9512181,1
0.11063313,0.88936687,1
0.15310031,0.8468996,1
0.520922,0.47907805,0
0.6033925,0.3966075,0
0.21659966,0.7834003,0
0.2188477,0.7811523,1
0.08434279,0.9156572,1
0.057666846,0.9423331,1
0.085435234,0.9145647,1
0.21550101,0.78449893,0
0.82193816,0.17806186,0
0.8275944,0.17240553,0
0.7332198,0.2667802,0
0.03764824,0.9623518,1
0.09469339,0.9053066,1
0.17935026,0.82064974,1
0.072286226,0.9277138,1
0.8046483,0.19535169,0
0.8915068,0.10849328,0
0.98338413,0.016615828,0
0.9098161,0.09018388,0
0.6896366,0.3103634,0
0.14635813,0.85364187,1
0.28830373,0.7116963,1
0.37333953,0.62666047,1
0.394992,0.60500795,1
0.37510747,0.62489253,1
0.61181116,0.38818887,0
0.5260973,0.47390273,1
0.4694548,0.53054523,1
0.28961816,0.71038187,1
0.05418147,0.9458185,1
0.42391533,0.57608473,1
0.71373594,0.28626406,0
0.5213903,0.47860968,1
0.9398853,0.060114723,0
0.08633072,0.9136693,1
0.4287831,0.571217,0
0.15351143,0.8464886,1
0.38629326,0.6137067,0
0.46374416,0.53625584,0
0.18760853,0.81239146,1
0.07362264,0.92637736,1
0.1355422,0.86445785,1
0.17836508,0.8216349,1
0.2508539,0.7491461,1
0.88018405,0.119815946,0
0.611453,0.388547,0
0.34160846,0.65839154,0
0.28248325,0.7175167,1
0.26245457,0.7375454,1
0.30345672,0.6965433,1
0.55747944,0.4425206,0
0.5804162,0.4195838,0
0.68435436,0.31564564,0
0.23893777,0.76106226,1
0.44634834,0.55365163,1
0.6277748,0.37222517,1
0.22974926,0.77025074,1
0.26844993,0.7315501,1
0.10196172,0.89803827,1
0.61150926,0.3884907,0
0.6436753,0.35632467,0
0.3382846,0.6617154,1
0.81082106,0.18917896,0
0.18913198,0.810868,1
0.75224024,0.24775973,1
0.9568063,0.043193728,0
0.39922258,0.6007774,1
0.22721006,0.77278996,1
0.05849724,0.94150275,1
0.30019504,0.69980496,0
0.9037077,0.09629228,0
0.9365736,0.06342634,0
0.19974346,0.8002566,1
0.13227072,0.8677293,1
0.7350058,0.2649942,0
0.37997168,0.6200284,0
0.7089932,0.29100686,0
0.890924,0.10907602,0
0.81749994,0.18250006,0
0.17515875,0.8248413,1
0.10313643,0.8968636,1
0.11549191,0.88450813,1
0.03150235,0.9684977,1
0.02977027,0.9702297,1
0.04038059,0.9596194,1
0.123249315,0.8767507,1
0.56827074,0.4317292,0
0.21981238,0.78018767,0
0.12460208,0.8753979,1
0.94223577,0.05776428,0
0.6503126,0.3496874,0
0.3001303,0.6998697,1
0.42381707,0.5761829,1
0.5986659,0.40133414,0
0.5398625,0.46013746,0
0.1285872,0.87141275,1
0.14114928,0.8588507,1
0.31902292,0.6809771,1
0.7875445,0.2124555,1
0.9084482,0.09155178,0
0.90080637,0.09919358,0
0.14690417,0.8530958,1
0.10415561,0.8958444,1
0.047023486,0.9529765,1
0.053246614,0.9467534,1
0.43289274,0.56710726,0
0.12625633,0.8737436,1
0.17754105,0.8224589,1
0.30935764,0.6906423,0
0.75014234,0.24985759,0
0.7125599,0.28744015,0
0.04251195,0.957488,1
0.06145251,0.9385475,1
0.08071629,0.9192837,1
0.2084854,0.79151464,0
0.22226858,0.7777314,0
0.61886466,0.3811353,0
0.2612562,0.7387438,0
0.35051128,0.64948875,0
0.19934753,0.80065244,1
0.32250217,0.67749786,0
0.63015944,0.36984053,0
0.71029115,0.28970882,0
0.7946657,0.20533426,0
0.83111364,0.16888633,0
0.13941778,0.86058223,1
0.6343201,0.3656799,0
0.1303745,0.86962557,1
0.20163341,0.7983666,1
0.17536184,0.8246382,1
0.18762092,0.8123791,1
0.09762169,0.9023783,1
0.23400067,0.7659993,1
0.8935955,0.106404535,0
0.7443189,0.2556811,0
0.9561852,0.04381479,0
0.9569225,0.04307751,0
0.19209671,0.80790323,1
0.15879722,0.8412028,1
0.11506266,0.88493735,1
0.14212486,0.85787517,1
0.73043895,0.269561,0
0.7813257,0.21867435,0
0.7535465,0.24645352,0
0.96247005,0.03752997,0
0.9815668,0.018433264,0
0.985424,0.01457596,0
0.9726293,0.027370648,0
0.13195218,0.8680478,1
0.062008563,0.9379915,1
0.7564569,0.24354312,0
0.73404706,0.265953,0
0.07935286,0.92064714,1
0.38309205,0.61690795,1
0.1567958,0.8432042,1
0.9878407,0.012159301,0
0.5361089,0.46389112,0
0.41687062,0.58312935,0
0.5231648,0.47683513,1
0.55991477,0.44008526,1
0.5761138,0.42388615,1
0.5160369,0.48396307,1
0.11496465,0.8850353,1
0.7332092,0.2667908,1
0.75465477,0.24534526,0
0.25027898,0.749721,1
0.63202775,0.36797222,0
0.082621925,0.91737807,1
0.125284,0.87471604,1
0.051445913,0.94855404,1
0.09815127,0.90184873,1
0.031933744,0.9680663,1
0.077118255,0.9228817,1
0.109782696,0.89021736,1
0.14304656,0.8569534,1
0.1216714,0.87832856,1
0.59372336,0.4062766,0
0.4799182,0.52008176,0
0.10434547,0.8956545,1
0.18721323,0.81278676,1
0.88113797,0.11886197,0
0.84145314,0.15854688,0
0.071720086,0.9282799,1
0.060556833,0.9394431,1
0.0941267,0.9058733,1
0.10120955,0.8987904,1
0.092867784,0.9071322,1
0.020951727,0.97904825,1
0.02191821,0.97808176,1
0.07079479,0.9292052,1
0.85126036,0.14873967,0
0.085143685,0.9148564,0
0.09943771,0.9005623,0
0.11408544,0.88591456,0
0.27511466,0.72488534,0
0.7617638,0.23823614,0
0.24382563,0.7561743,0
0.95184046,0.0481596,0
0.85535145,0.14464855,0
0.51682585,0.4831741,0
0.100645825,0.89935416,1
0.32969552,0.6703045,0
0.19793078,0.80206925,0
0.74327224,0.25672776,0
0.7388234,0.26117656,0
0.8007883,0.19921167,0
0.42985833,0.57014173,0
0.6815561,0.31844392,0
0.96427876,0.03572125,0
0.44021678,0.5597832,0
0.14358398,0.85641605,1
0.5550672,0.44493285,0
0.56573623,0.4342638,0
0.777121,0.22287902,0
0.88315326,0.116846815,0
0.10601664,0.89398336,1
0.43729237,0.56270766,1
0.98134744,0.018652588,0
0.15854385,0.8414562,1
0.064984776,0.93501526,1
0.07961708,0.92038286,1
0.08287926,0.91712075,1
0.7533528,0.2466472,0
0.22631279,0.77368724,1
0.035131596,0.96486837,1
0.26188064,0.7381193,1
0.9237787,0.076221265,0
0.94831705,0.051682953,0
0.9635753,0.036424667,0
0.20335189,0.7966481,1
0.15676065,0.8432394,1
0.3286748,0.6713252,1
0.4520778,0.5479222,0
0.3499542,0.65004575,1
0.16497818,0.8350218,1
0.20813197,0.79186803,1
0.33242416,0.66757584,1
0.71732914,0.28267077,0
0.9193939,0.08060607,0
0.9230102,0.076989874,0
0.91154224,0.08845778,0
0.3304466,0.6695534,1
0.04150339,0.95849663,1
0.06729344,0.93270653,1
0.09033591,0.90966403,1
0.7008078,0.2991922,0
0.53163385,0.46836618,0
0.38756505,0.6124349,0
0.16770232,0.8322976,1
0.6532324,0.3467676,0
0.6006688,0.3993312,0
0.054838225,0.9451618,1
0.06614226,0.93385774,1
0.075734206,0.9242658,1
0.082790494,0.91720945,1
0.14292651,0.8570734,1
0.77971745,0.22028257,0
0.26401556,0.73598444,1
0.97380006,0.026199965,0
0.32980466,0.67019534,1
0.5598233,0.44017673,0
0.5734307,0.4265693,0
0.72389895,0.27610108,0
0.4806539,0.5193461,1
0.82730156,0.17269841,0
0.16318683,0.8368131,1
0.7350367,0.2649634,0
0.97515976,0.024840191,0
0.109771736,0.8902282,1
0.09891987,0.90108013,1
0.14802295,0.85197705,1
0.8993556,0.10064443,0
0.76280946,0.23719054,0
0.6132627,0.38673726,0
0.69630176,0.30369815,0
0.538118,0.461882,0
0.14499077,0.8550092,1
0.18118456,0.81881547,1
0.6733938,0.32660615,0
0.7993885,0.20061152,0
0.25562382,0.74437624,1
0.7936493,0.20635071,0
0.97011435,0.0298856,0
0.9606313,0.039368726,0
0.1853155,0.81468445,1
0.09914176,0.9008582,1
0.79635656,0.20364341,0
0.83645284,0.1635472,0
0.7405276,0.25947246,0
0.649307,0.350693,0
0.7311819,0.2688181,0
0.6486003,0.35139975,0
0.9845428,0.0154572455,0
0.98855025,0.011449767,0
0.9267702,0.073229805,0
0.8383081,0.16169192,0
0.6921877,0.30781227,0
0.29597157,0.7040284,1
0.4462326,0.55376744,1
0.5480353,0.45196468,0
0.6427185,0.35728154,0
0.45830485,0.5416952,0
0.29088446,0.70911556,1
0.43419284,0.56580716,1
0.34877098,0.6512291,0
0.31005955,0.68994045,1
0.7398025,0.26019746,1
0.87695676,0.123043194,1
0.91158265,0.08841734,0
0.0866575,0.91334254,1
0.092559956,0.90744,1
0.13650998,0.86349005,1
0.5575831,0.4424169,0
0.38017595,0.61982405,1
0.9450891,0.05491092,0
0.96933424,0.030665735,0
0.92394334,0.07605668,0
0.6315831,0.368417,0
0.12568592,0.87431407,1
0.08410184,0.9158982,1
0.092697024,0.90730304,1
0.7695925,0.2304074,0
0.6822342,0.31776577,0
0.6489321,0.35106793,0
0.6933699,0.30663002,0
0.91120785,0.08879212,0
0.690702,0.309298,0
0.14066777,0.85933226,1
0.1490915,0.85090846,1
0.10279723,0.89720273,1
0.7686081,0.23139188,0
0.7046694,0.29533058,0
0.06435789,0.9356421,1
0.015063074,0.9849369,1
0.010246604,0.98975337,1
0.002007455,0.9979925,1
0.17850828,0.8214918,0
0.8387482,0.16125172,0
0.79332095,0.20667908,0
0.5789887,0.42101133,0
0.9898226,0.010177438,0
0.92275673,0.07724327,0
0.60557187,0.39442813,0
0.53638244,0.46361762,0
0.057912778,0.9420872,1
0.21012844,0.7898716,1
0.24153511,0.7584649,1
0.27212912,0.7278708,0
0.79761046,0.20238954,0
0.7568759,0.24312414,0
0.64238524,0.35761476,0
0.6426003,0.35739967,0
0.96487993,0.03512008,0
0.9918962,0.008103754,0
0.8090987,0.19090125,0
0.56145936,0.4385406,0
0.580974,0.419026,0
0.6331115,0.3668885,0
0.66518825,0.3348117,0
0.782917,0.21708305,0
0.6438611,0.3561388,1
0.72374237,0.27625772,0
0.6854337,0.31456634,1
0.84954476,0.15045522,0
0.9863621,0.013637886,0
0.991578,0.008421972,0
0.97215456,0.027845444,0
0.96423477,0.03576528,0
0.90961957,0.09038048,0
0.6480257,0.3519743,0
0.55826104,0.44173902,0
0.53795177,0.4620482,0
0.591464,0.40853602,0
0.49388012,0.5061198,0
0.39912832,0.6008717,1
0.32223284,0.6777672,0
0.9494957,0.050504312,0
0.96745265,0.032547347,0
0.90686804,0.093132004,0
0.7302684,0.26973155,1
0.6318181,0.36818188,1
0.43117052,0.5688294,1
0.4574231,0.54257685,1
0.46301645,0.5369835,1
0.49382472,0.5061753,1
0.48419878,0.5158012,1
0.48179024,0.51820976,1
0.22271481,0.7772852,1
0.19050407,0.8094959,1
0.21906039,0.7809396,1
0.45947155,0.5405285,0
0.5187987,0.4812013,0
0.5388351,0.46116483,0
0.6510625,0.3489375,1
0.7542597,0.24574028,1
0.13505834,0.86494166,1
0.001832921,0.99816704,1
0.005489527,0.9945104,1
0.035028405,0.9649716,1
0.036776002,0.963224,1
0.67954826,0.32045177,0
0.29374552,0.7062545,1
0.00038275868,0.9996172,0
0.4209047,0.5790953,0
0.48347822,0.51652175,0
0.70888424,0.29111573,0
0.79722166,0.20277835,0
0.37950838,0.62049156,1
0.2089323,0.7910677,1
0.46624157,0.53375846,0
0.48621517,0.5137849,0
0.3448319,0.65516806,1
0.2770721,0.72292787,1
0.18890987,0.8110901,1
0.05073163,0.9492684,1
0.061297737,0.9387023,1
0.23040932,0.7695906,1
0.25357592,0.7464241,1
0.21579802,0.784202,1
0.5514908,0.44850928,0
0.16470978,0.83529025,1
0.18642381,0.81357616,1
0.18214047,0.81785953,1
0.20121366,0.79878634,1
0.6882778,0.3117222,0
0.14706671,0.8529333,1
0.04927,0.95072997,1
0.53783315,0.46216688,0
0.8622174,0.13778259,0
0.9010687,0.09893132,0
0.050441585,0.94955844,1
0.062667064,0.937333,1
0.115454525,0.88454545,1
0.14881139,0.85118854,1
0.16793692,0.8320631,1
0.19014114,0.80985886,1
0.17922246,0.82077754,1
0.17907427,0.8209257,1
0.177833,0.8221669,1
0.20455164,0.7954483,1
0.77385163,0.2261484,0
0.14588203,0.854118,0
0.83748245,0.1625175,0
0.97340167,0.026598291,0
0.9475317,0.05246831,0
0.3693555,0.6306445,0
0.28132215,0.7186779,0
0.30314627,0.6968537,0
0.29858318,0.70141685,0
0.26524857,0.73475146,0
0.06478372,0.9352163,1
0.05716138,0.94283867,1
0.07879473,0.92120534,1
0.49137437,0.50862557,1
0.9781442,0.021855721,0
0.56498015,0.43501988,0
0.4136439,0.58635616,0
0.16090244,0.8390976,1
0.30111846,0.69888157,1
0.47492883,0.52507114,1
0.94621485,0.053785183,0
0.0120788375,0.98792124,1
0.014619502,0.9853805,1
0.173177,0.826823,0
0.10436992,0.89563006,0
0.08026195,0.91973805,0
0.15394776,0.8460522,0
0.14249441,0.85750556,0
0.11801691,0.88198304,0
0.029091837,0.9709082,1
0.07277639,0.9272236,0
0.038199764,0.9618002,1
0.053232327,0.9467677,1
0.11638042,0.8836196,0
0.31246477,0.6875352,0
0.67041713,0.3295828,0
0.14226896,0.85773104,0
0.9111167,0.08888327,0
0.5714195,0.42858055,0
0.24196576,0.75803417,0
0.34893024,0.65106976,0
0.3039222,0.6960778,0
0.60704607,0.3929539,0
0.61650795,0.38349208,0
0.579715,0.42028496,0
0.5434368,0.45656317,0
0.6793008,0.32069921,0
0.20968251,0.7903175,1
0.80551124,0.19448876,0
0.95649517,0.04350482,0
0.040894933,0.9591051,1
0.20707858,0.79292136,1
0.23975602,0.76024395,1
0.18702595,0.8129741,1
0.83525586,0.16474412,0
0.08870975,0.9112902,1
0.05597025,0.94402975,1
0.063324615,0.93667537,1
0.051648855,0.94835114,1
0.16630682,0.83369315,1
0.12243748,0.8775625,1
0.8364471,0.1635528,0
0.17336915,0.8266308,1
0.107906386,0.89209366,1
0.95075303,0.049246933,0
0.15657471,0.84342533,1
0.09730557,0.90269446,1
0.6792398,0.32076022,0
0.69863105,0.30136898,0
0.7988772,0.20112285,0
0.9765965,0.023403559,0
0.9838404,0.016159564,0
0.9863914,0.013608618,0
0.95303875,0.046961304,0
0.46999174,0.53000826,0
0.4976361,0.5023639,1
0.46766168,0.5323383,0
0.45232847,0.5476715,0
0.40866715,0.59133285,0
0.5029416,0.4970584,1
0.45571232,0.5442877,0
0.9645273,0.035472654,0
0.08100138,0.9189986,1
0.056558184,0.9434418,1
0.04665935,0.9533406,1
0.05132389,0.9486761,1
0.15024196,0.8497581,1
0.18802252,0.81197745,1
0.21134152,0.7886585,1
0.78411585,0.21588415,0
0.94048935,0.059510663,0
0.9114274,0.08857258,0
0.11670269,0.88329726,1
0.08446535,0.9155346,1
0.116496526,0.8835035,1
0.14598857,0.8540115,1
0.48711687,0.51288307,0
0.22132537,0.7786746,1
0.2204616,0.7795384,1
0.19905137,0.8009486,1
0.75175786,0.24824212,0
0.5608964,0.43910363,0
0.8762687,0.123731256,0
0.9200881,0.07991188,0
0.8689867,0.13101326,0
0.5705058,0.4294942,0
0.49474627,0.50525373,0
0.69317675,0.30682325,0
0.7632736,0.23672639,0
0.8570808,0.14291918,0
0.68426865,0.31573138,1
0.5096694,0.49033058,1
0.8524492,0.14755076,0
0.791697,0.20830292,0
0.8828285,0.11717157,0
0.12268659,0.87731344,1
0.8253173,0.17468265,0
0.8202665,0.17973353,0
0.8589234,0.14107661,0
0.85812443,0.1418756,0
0.80417514,0.19582488,0
0.51459014,0.48540986,1
0.5505801,0.44941998,0
0.6087142,0.3912858,0
0.98652565,0.01347432,0
0.8921073,0.107892655,0
0.5604983,0.4395017,0
0.538814,0.46118602,0
0.5833755,0.4166245,0
0.60455525,0.39544475,0
0.60401905,0.39598098,0
0.74647194,0.2535281,1
0.93570983,0.0642901,1
0.9895398,0.010460229,0
0.95866823,0.041331735,0
0.47451743,0.5254826,1
0.48267093,0.5173291,1
0.46512815,0.53487194,1
0.56413376,0.43586627,0
0.55443066,0.44556937,0
0.46936426,0.5306358,0
0.45544377,0.5445562,1
0.45851606,0.5414839,1
0.38097104,0.619029,0
0.32826245,0.67173755,1
0.812962,0.187038,0
0.96162325,0.038376767,0
0.19404094,0.80595905,1
0.112110175,0.8878898,1
0.10626845,0.89373153,1
0.60777575,0.39222422,0
0.7159315,0.28406847,0
0.6681866,0.3318134,0
0.5320521,0.46794787,0
0.15189771,0.84810233,1
0.16153206,0.83846796,1
0.89313793,0.10686199,0
0.034976244,0.96502376,1
0.22754146,0.77245855,1
0.18571322,0.81428677,1
0.6062498,0.39375016,0
0.6107236,0.3892764,0
0.6254113,0.37458867,0
0.7260693,0.2739307,0
0.68851453,0.31148544,0
0.12513322,0.87486684,1
0.16350205,0.83649796,1
0.7177222,0.28227788,0
0.48204264,0.5179574,0
0.5027276,0.4972723,0
0.55750525,0.44249472,0
0.65345836,0.34654167,0
0.76876116,0.23123881,0
0.7061025,0.2938975,0
0.73990685,0.26009312,0
0.81935924,0.1806408,0
0.82799846,0.17200151,0
0.71075094,0.28924903,0
0.8678349,0.13216506,0
0.8968617,0.10313835,0
0.057648532,0.94235146,1
0.22992162,0.7700784,1
0.7595439,0.24045609,0
0.63710386,0.36289617,0
0.022612,0.97738796,1
0.086975016,0.913025,1
0.81883925,0.18116073,0
0.07897194,0.92102814,1
0.458658,0.541342,0
0.64446586,0.35553414,0
0.6535615,0.34643853,0
0.87712336,0.12287663,0
0.7850043,0.21499573,0
0.5533599,0.4466401,0
0.7430607,0.25693926,0
0.91566616,0.084333844,0
0.8220229,0.17797709,1
0.4554866,0.54451334,1
0.5196504,0.48034966,1
0.74592125,0.25407875,0
0.7207344,0.27926558,0
0.8893817,0.11061833,0
0.9800219,0.019978074,0
0.4729744,0.5270256,0
0.56878823,0.4312118,0
0.4978378,0.5021622,0
0.49022728,0.5097727,0
0.44618765,0.5538124,0
0.3508324,0.64916754,0
0.3499219,0.6500781,1
0.41261747,0.5873825,1
0.38769695,0.612303,1
0.37764525,0.6223548,1
0.76581603,0.234184,1
0.8961783,0.10382167,1
0.9541063,0.045893744,0
0.20923121,0.7907688,1
0.38391945,0.6160805,1
0.6290298,0.37097022,0
0.6766934,0.32330662,0
0.6369919,0.36300802,0
0.59251803,0.40748203,1
0.6521572,0.3478428,0
0.5428494,0.4571505,0
0.5657571,0.43424287,0
0.5692734,0.4307266,0
0.6079723,0.3920277,0
0.6347925,0.36520746,0
0.59008586,0.40991417,0
0.63193667,0.36806336,0
0.564549,0.435451,1
0.7917739,0.2082261,1
0.9760258,0.023974229,0
0.9399916,0.06000843,0
0.5686964,0.43130362,1
0.61286974,0.38713023,1
0.54806095,0.45193905,1
0.0068299714,0.99317,1
0.025213273,0.9747867,1
0.6370889,0.3629111,0
0.6391214,0.36087853,0
0.84067756,0.15932238,0
0.9790835,0.020916514,0
0.7682597,0.23174022,0
0.55705255,0.4429474,0
0.50935876,0.49064118,1
0.46583703,0.534163,0
0.58528376,0.41471624,1
0.62984025,0.37015975,0
0.79296076,0.20703922,0
0.6115828,0.38841715,0
0.7493632,0.25063682,0
0.9247752,0.075224824,0
0.9643006,0.035699364,0
0.5194912,0.48050883,0
0.70358944,0.29641053,1
0.8128878,0.1871122,0
0.82823676,0.17176327,0
0.82286966,0.1771304,0
0.78780746,0.2121925,1
0.6746365,0.32536355,1
0.70163065,0.29836932,0
0.788093,0.21190703,1
0.8831019,0.11689814,0
0.8719602,0.1280398,0
0.73874855,0.2612514,1
0.34459755,0.6554024,1
0.29313856,0.70686144,1
0.6083263,0.39167362,0
0.65251136,0.34748867,1
0.713495,0.28650498,1
0.6679562,0.3320438,0
0.6494964,0.35050368,0
0.71573114,0.28426886,0
0.69810414,0.30189583,0
0.8594156,0.14058441,0
0.9891229,0.0108770635,0
0.98012984,0.019870158,0
0.44750825,0.5524917,1
0.47148365,0.52851635,0
0.36156645,0.6384335,1
0.3767282,0.6232717,1
0.35180482,0.6481952,1
0.34275448,0.6572455,0
0.45709872,0.5429012,1
0.339357,0.66064304,1
0.5224561,0.4775438,1
0.512668,0.48733196,1
0.071795925,0.92820406,1
0.62377447,0.37622544,1
0.5959353,0.40406474,0
0.5957675,0.40423253,0
0.6598034,0.3401966,1
0.4807304,0.51926965,1
0.24403475,0.7559653,1
0.44902954,0.5509705,1
0.638189,0.36181092,0
0.6480748,0.3519252,0
0.6607586,0.33924145,0
0.6213572,0.37864283,0
0.63232166,0.3676783,0
0.9739764,0.026023703,0
0.5368853,0.46311462,1
0.008331825,0.9916681,1
0.08607323,0.91392684,1
0.042316426,0.95768356,1
0.88197076,0.118029304,0
0.11388066,0.8861193,1
0.046010718,0.95398927,1
0.038771722,0.96122825,1
0.031518154,0.96848184,1
0.19092134,0.8090787,1
0.75356424,0.24643572,0
0.76003677,0.23996322,0
0.8696749,0.13032508,0
0.8033671,0.19663288,0
0.7899341,0.21006593,0
0.78444386,0.21555614,0
0.6774743,0.32252574,0
0.9477881,0.052211855,0
0.12966166,0.8703383,1
0.38590407,0.6140959,0
0.07270787,0.9272921,1
0.5205206,0.47947946,0
0.85410076,0.1458992,0
0.7975369,0.20246305,0
0.80380654,0.19619343,0
0.79629874,0.20370132,0
0.53139424,0.46860576,0
0.9303058,0.06969419,0
0.8784557,0.12154428,0
0.78927135,0.21072868,0
0.38008168,0.6199183,1
0.4344117,0.56558824,0
0.51835454,0.48164546,0
0.77326494,0.22673501,0
0.69651246,0.30348757,0
0.8471185,0.15288143,0
0.98684734,0.0131526375,0
0.6377178,0.36228222,1
0.48474097,0.51525897,1
0.4972388,0.5027611,1
0.48887232,0.5111276,1
0.47111136,0.5288886,1
0.34296095,0.65703905,1
0.37066898,0.62933105,1
0.40201074,0.59798926,1
0.3509039,0.64909613,1
0.97215086,0.027849121,0
0.1529161,0.84708387,1
0.48724428,0.5127557,1
0.59111995,0.40888008,1
0.60798675,0.39201334,1
0.6114825,0.3885175,1
0.6315102,0.3684898,0
0.63033503,0.369665,0
0.7664112,0.23358884,0
0.5323463,0.4676537,0
0.5474757,0.45252433,1
0.15754649,0.84245354,1
0.698465,0.30153498,0
0.71442765,0.28557238,1
0.4917496,0.50825036,1
0.042245477,0.95775455,1
0.5784743,0.42152578,1
0.7737205,0.22627956,0
0.17729741,0.8227026,1
0.652114,0.347886,0
0.9120587,0.087941326,0
0.7864603,0.21353969,0
0.60400623,0.3959938,0
0.63463676,0.3653632,0
0.6315034,0.3684966,0
0.8312534,0.16874658,0
0.6750554,0.32494462,0
0.23622537,0.76377463,1
0.39480346,0.60519654,1
0.25867435,0.7413256,1
0.039759565,0.9602405,1
0.79888475,0.20111524,0
0.7930778,0.20692217,0
0.8772639,0.12273607,0
0.80596346,0.19403654,0
0.64717835,0.35282165,1
0.18073404,0.819266,1
0.099316336,0.90068364,1
0.7674666,0.23253343,0
0.7194657,0.2805343,0
0.6766998,0.32330012,1
0.8469777,0.15302221,0
0.8261268,0.17387319,0
0.78621876,0.21378122,0
0.29901707,0.7009829,1
0.34736186,0.65263814,1
0.95543987,0.044560134,0
0.9230004,0.07699956,0
0.8486695,0.15133047,1
0.21632908,0.7836709,1
0.04920085,0.95079917,1
0.0035018588,0.9964981,1
0.0019158098,0.9980842,1
0.004214305,0.99578565,1
0.004084627,0.99591535,1
0.43962657,0.5603734,0
0.1556496,0.84435046,0
0.56959426,0.4304058,0
0.044777896,0.95522213,1
0.07621202,0.92378795,1
0.040194396,0.9598056,1
0.08945002,0.91054994,1
0.098314986,0.901685,1
0.57991207,0.42008787,0
0.6225616,0.37743846,0
0.5394102,0.46058983,0
0.92087585,0.079124115,0
0.94067365,0.05932638,0
0.15700805,0.84299195,1
0.0814189,0.9185811,1
0.05015829,0.94984174,1
0.7296712,0.2703288,0
0.8231695,0.17683046,0
0.5279476,0.4720524,0
0.14190555,0.85809445,1
0.72584915,0.27415082,0
0.9419475,0.05805243,0
0.5057025,0.49429747,1
0.34644967,0.65355027,0
0.0332013,0.9667987,1
0.11899611,0.88100386,1
0.15365484,0.8463452,1
0.19616106,0.8038389,1
0.14325854,0.8567415,1
0.023599809,0.97640014,1
0.7138481,0.2861519,0
0.67052996,0.32947004,0
0.8183006,0.1816994,0
0.50102085,0.49897912,0
0.6504884,0.34951165,0
0.102159366,0.8978407,1
0.49505883,0.5049411,0
0.10701424,0.89298576,1
0.15745667,0.8425433,1
0.26462018,0.7353798,1
0.52300566,0.47699434,0
0.85926276,0.14073719,0
0.82298684,0.17701314,0
0.7673338,0.23266621,0
0.43689868,0.5631014,1
0.55993015,0.44006985,1
0.71917987,0.28082016,0
0.96697,0.03303001,0
0.9632626,0.036737412,0
0.9237854,0.07621455,0
0.47516948,0.52483046,1
0.43260184,0.56739813,0
0.75254023,0.24745983,0
0.80574054,0.19425945,0
0.7655617,0.23443832,0
0.75733346,0.24266654,0
0.74209553,0.25790444,0
0.6987806,0.30121937,0
0.7103227,0.28967738,0
0.8545861,0.14541392,0
0.935491,0.06450897,0
0.97966766,0.020332295,0
0.60238117,0.39761886,1
0.44716007,0.55283993,1
0.49980232,0.5001977,1
0.51831406,0.4816859,1
0.37737408,0.62262595,1
0.3480685,0.6519315,1
0.8305966,0.1694034,0
0.9364293,0.06357061,0
0.29726186,0.70273817,1
0.1568795,0.8431205,1
0.013413178,0.9865868,1
0.073567346,0.92643267,1
0.058906607,0.9410934,1
0.7277396,0.27226046,0
0.12640467,0.8735953,1
0.117526874,0.8824732,1
0.5554694,0.44453064,1
0.86636925,0.13363078,0
0.32935116,0.6706488,1
0.21332757,0.7866724,1
0.32975903,0.670241,1
0.14817399,0.851826,1
0.089936584,0.91006345,1
0.58823675,0.41176322,0
0.46365535,0.53634465,0
0.7258369,0.27416307,0
0.64155513,0.35844487,0
0.24709259,0.7529074,1
0.59118503,0.408815,1
0.9382922,0.06170776,0
0.19065915,0.80934083,1
0.57771045,0.4222895,0
0.06719166,0.9328083,1
0.57401496,0.42598507,0
0.11989044,0.8801096,1
0.42280844,0.5771916,1
0.7310509,0.2689491,0
0.109712064,0.89028794,1
0.09714412,0.9028559,1
0.038118646,0.9618814,1
0.056671124,0.9433289,1
0.43504032,0.56495965,0
0.7610614,0.23893861,0
0.41940007,0.58059996,0
0.8773082,0.122691765,0
0.54583645,0.45416358,0
0.28445366,0.71554625,0
0.036397003,0.96360296,1
0.04145103,0.95854896,1
0.1476761,0.85232395,1
0.102000974,0.89799905,1
0.25360003,0.7464,0
0.703454,0.29654598,0
0.29126582,0.7087342,1
0.16183044,0.8381696,1
0.20853731,0.7914627,1
0.42802972,0.5719703,0
0.5834506,0.41654932,0
0.64679044,0.3532096,0
0.5874196,0.41258046,0
0.5891802,0.4108198,0
0.7191269,0.28087306,0
0.61667186,0.38332814,0
