prob_class_0,prob_class_1,true_label
0.97517663,0.024823334,0
0.97167474,0.02832524,0
0.94994736,0.05005267,1
0.95782214,0.042177867,1
0.9674548,0.032545153,0
0.97130764,0.02869239,0
0.92429566,0.07570439,1
0.8183451,0.18165487,1
0.95296806,0.047031928,0
0.94649506,0.053504888,0
0.9598361,0.04016389,0
0.958267,0.041733056,0
0.9702748,0.029725183,0
0.9674424,0.032557633,0
0.9008464,0.09915361,1
0.78840065,0.21159936,1
0.8119927,0.1880073,1
0.8801373,0.119862676,1
0.96969897,0.030301027,0
0.96922743,0.030772608,0
0.9859065,0.014093483,0
0.93698645,0.06301362,1
0.9395232,0.06047685,1
0.9411405,0.058859523,0
0.93784374,0.062156245,0
0.91335094,0.08664909,1
0.9076957,0.09230427,1
0.92630655,0.07369344,1
0.9255198,0.074480176,1
0.9547238,0.045276213,0
0.96046793,0.039532024,0
0.75591147,0.24408856,1
0.68045396,0.319546,1
0.37535554,0.6246444,1
0.024177903,0.9758221,1
0.9070195,0.09298044,0
0.9583144,0.041685577,0
0.44362453,0.55637544,0
0.03349356,0.9665064,1
0.58693504,0.41306493,0
0.97382504,0.026174894,0
0.80176646,0.19823353,0
0.3257282,0.6742718,0
0.2907072,0.70929277,0
0.9220461,0.077953815,0
0.21723007,0.7827699,1
0.15999657,0.84000343,1
0.28646663,0.7135334,1
0.9479849,0.052015204,0
0.94877476,0.05122521,0
0.97223353,0.027766464,0
0.97089326,0.029106803,0
0.91312665,0.08687327,0
0.36690715,0.6330928,1
0.9212635,0.078736514,0
0.93287355,0.067126386,0
0.90639824,0.09360171,0
0.9479884,0.052011624,0
0.94794756,0.05205241,0
0.96968585,0.030314116,0
0.9303033,0.069696724,0
0.014700008,0.9853,1
0.11053831,0.88946164,0
0.43813035,0.5618697,0
0.20670517,0.79329485,0
0.9596832,0.040316854,0
0.03256412,0.96743584,0
0.0011517846,0.9988482,1
0.0012913081,0.9987087,1
0.002498871,0.9975011,1
0.24737272,0.7526273,0
0.30083138,0.6991686,0
0.64889,0.35110998,0
0.84182674,0.15817332,0
0.50939596,0.49060404,0
0.034005918,0.9659941,0
0.12865947,0.8713405,0
0.036682993,0.96331704,1
0.45667022,0.5433298,0
0.04960986,0.9503901,0
0.022206934,0.9777931,1
0.046886664,0.9531134,0
0.04027316,0.95972687,1
0.057815745,0.9421843,0
0.033725742,0.9662743,1
0.042392988,0.95760703,1
0.48322365,0.5167763,0
0.14830172,0.8516983,1
0.020513427,0.9794866,1
0.020127185,0.9798728,1
0.020942213,0.9790578,1
0.019927464,0.9800725,1
0.015350271,0.9846497,1
0.008840283,0.99115974,1
0.017080106,0.9829199,0
0.31168026,0.68831974,0
0.9183057,0.08169431,0
0.9653823,0.034617804,0
0.9753911,0.024608957,0
0.9809529,0.01904705,0
0.7618506,0.2381494,0
0.23413566,0.7658644,0
0.070461966,0.9295381,0
0.021710986,0.978289,1
0.16485232,0.83514774,0
0.012724121,0.9872759,1
0.96134657,0.03865349,0
0.65802604,0.34197393,0
0.5681437,0.4318563,0
0.09725258,0.90274745,1
0.11848076,0.88151926,1
0.22369905,0.77630097,1
0.027337646,0.9726624,1
0.0780372,0.92196286,1
0.9668487,0.033151347,0
0.97352296,0.026477056,0
0.9814229,0.01857709,0
0.97555465,0.024445344,0
0.97241926,0.027580716,0
0.035570193,0.96442986,1
0.038132124,0.9618678,1
0.010239456,0.9897606,1
0.012420767,0.9875793,1
0.9572269,0.042773124,0
0.35261762,0.64738244,0
0.032615494,0.9673845,1
0.012362469,0.9876375,1
0.012263036,0.98773694,1
0.011159468,0.9888405,1
0.01132825,0.9886718,1
0.0464478,0.95355225,0
0.082128994,0.91787094,0
0.9606368,0.039363187,0
0.9615943,0.03840578,0
0.9354074,0.064592674,0
0.013591953,0.986408,1
0.023044217,0.9769557,1
0.022820614,0.97717935,1
0.0776303,0.9223698,0
0.023169372,0.9768306,1
0.022207744,0.97779226,1
0.012218245,0.98778176,1
0.03481318,0.9651869,1
0.48885414,0.5111459,0
0.03171719,0.9682828,1
0.9357937,0.06420627,0
0.93352985,0.066470176,0
0.95274615,0.047253877,0
0.9535538,0.04644627,0
0.09846505,0.901535,1
0.9165909,0.08340907,0
0.95364773,0.04635224,0
0.9797441,0.02025598,0
0.5590577,0.44094235,1
0.08556341,0.9144366,1
0.03668788,0.96331215,1
0.16789672,0.8321033,1
0.89219755,0.10780251,0
0.009626694,0.99037325,1
0.009528739,0.99047124,1
0.943753,0.056246947,0
0.051110826,0.94888914,1
0.58430195,0.41569805,0
0.5904434,0.40955663,0
0.21042326,0.78957677,1
0.1036674,0.89633256,0
0.001216465,0.9987835,1
0.09008231,0.9099177,0
0.09722458,0.9027754,0
0.07709438,0.92290556,0
0.19598725,0.8040128,0
0.64528847,0.3547115,0
0.69540566,0.30459437,0
0.7006966,0.29930338,0
0.28790393,0.71209604,0
0.039892178,0.9601078,1
0.02613724,0.9738627,1
0.040118564,0.9598814,1
0.12107133,0.8789287,0
0.2279231,0.7720769,0
0.23168518,0.76831484,0
0.03889343,0.96110654,1
0.007946035,0.992054,1
0.09892748,0.90107256,0
0.6405432,0.35945675,0
0.0010692694,0.99893075,1
0.0003103855,0.9996896,1
3.2515993e-05,0.99996746,1
0.00037716373,0.9996228,1
0.013585517,0.9864145,0
0.024858866,0.97514117,0
0.95168096,0.048319004,0
0.950304,0.04969605,0
0.95205843,0.04794156,0
0.9575007,0.04249929,0
0.95925015,0.0407498,0
0.9618931,0.038106915,0
0.958995,0.041005027,0
0.9569086,0.043091387,0
0.9683528,0.031647205,0
0.97650117,0.02349887,0
0.97698087,0.023019161,0
0.9467741,0.053225834,0
0.9617817,0.03821834,0
0.2046497,0.7953503,1
0.9476607,0.05233936,0
0.9495665,0.05043357,0
0.9481786,0.051821448,0
0.94704103,0.05295904,0
0.9526143,0.04738567,0
0.9678981,0.032101892,0
0.96695495,0.033045046,0
0.9698618,0.030138241,0
0.9156188,0.08438128,0
0.67762035,0.3223796,1
0.9432172,0.05678276,0
0.94703907,0.052960936,0
0.9540904,0.045909595,0
0.95490885,0.04509112,0
0.888183,0.111817,0
0.30690172,0.6930983,1
0.4768028,0.5231973,1
0.6331904,0.36680958,1
0.43240163,0.5675984,1
0.35244703,0.64755297,1
0.14698383,0.8530162,1
0.93071866,0.06928138,0
0.9287487,0.07125127,0
0.9161842,0.08381577,0
0.9166862,0.08331383,0
0.9255047,0.07449529,0
0.9240855,0.07591449,0
0.93740904,0.06259098,0
0.94179904,0.058200892,0
0.9426238,0.057376225,0
0.94591033,0.054089673,0
0.9599716,0.040028457,0
0.94573104,0.054268897,0
0.96076494,0.03923507,0
0.9779562,0.022043837,0
0.07294861,0.92705137,1
0.89423543,0.10576452,0
0.9296958,0.07030416,0
0.9361759,0.0638241,0
0.9707963,0.029203765,0
0.97112995,0.028870093,0
0.991784,0.00821604,0
0.98999643,0.010003622,0
0.93588054,0.064119466,0
0.07764502,0.92235494,1
0.91308326,0.08691678,0
0.96929985,0.030700129,0
0.9681618,0.031838227,0
0.9476104,0.05238965,0
0.88910216,0.110897854,0
0.8592473,0.14075266,0
0.89750206,0.10249795,0
0.8784498,0.1215502,0
0.9636094,0.03639059,0
0.9665504,0.03344952,0
0.9641688,0.035831194,0
0.4147298,0.58527017,1
0.92724955,0.07275046,0
0.9304352,0.069564894,0
0.93301666,0.06698331,0
0.96801424,0.03198581,0
0.9665359,0.03346401,0
0.96785283,0.032147173,0
0.9292015,0.070798546,0
0.92731535,0.072684646,0
0.978798,0.021202022,0
0.24100006,0.7589999,1
0.945379,0.054621004,0
0.9449985,0.055001523,0
0.94466925,0.055330787,0
0.94481343,0.05518658,0
0.9671587,0.03284138,0
0.9675887,0.03241129,0
0.9785421,0.021457938,0
0.9743638,0.025636202,0
0.29134077,0.70865923,1
0.9294189,0.07058108,0
0.92065835,0.0793417,0
0.93448746,0.06551259,0
0.9266216,0.07337846,0
0.93021995,0.06978004,0
0.9397638,0.060236145,0
0.93081707,0.06918298,0
0.93694884,0.06305116,0
0.94659257,0.053407375,0
0.31608152,0.68391854,1
0.9443517,0.055648353,0
0.9786024,0.021397637,0
0.9827588,0.017241161,0
0.28815687,0.7118431,1
0.9127826,0.08721737,0
0.82552576,0.17447425,0
0.856888,0.14311199,0
0.8667857,0.13321435,0
0.8702554,0.12974459,0
0.8653274,0.13467252,0
0.84625,0.15374999,0
0.89728653,0.10271341,0
0.23331136,0.76668864,1
0.9549483,0.045051727,0
0.97934806,0.020651855,0
0.88060695,0.11939302,1
0.8610283,0.13897173,1
0.6910757,0.30892426,1
0.1390578,0.86094224,1
0.091552496,0.9084475,1
0.9002814,0.09971857,0
0.1197945,0.88020545,1
0.024656527,0.9753434,1
0.058477256,0.9415227,1
0.9604946,0.039505385,0
0.2823637,0.7176363,1
0.119194135,0.88080585,1
0.26756537,0.7324347,1
0.9315184,0.068481594,0
0.94614303,0.05385702,0
0.020636776,0.9793632,1
0.05487991,0.9451201,1
0.08985526,0.9101447,1
0.96132165,0.038678393,0
0.948928,0.051072016,0
0.9022977,0.09770235,0
0.8261391,0.17386094,0
0.29499456,0.7050054,1
0.04236573,0.95763427,1
0.08114743,0.9188525,1
0.10807263,0.89192736,1
0.025186809,0.9748132,1
0.010360292,0.98963976,1
0.011464651,0.98853534,1
0.025001211,0.97499883,1
0.04906512,0.9509348,1
0.9616113,0.03838872,0
0.9591474,0.04085261,0
0.9498336,0.050166495,0
0.024640681,0.9753593,1
0.020012323,0.9799876,1
0.12593105,0.8740689,1
0.016564071,0.9834359,1
0.97191477,0.02808524,0
0.2320747,0.7679253,1
0.56643844,0.43356153,0
0.39491907,0.60508096,0
0.16875933,0.83124065,0
0.18359011,0.8164098,0
0.02493356,0.9750665,1
0.04990849,0.95009154,1
0.014932391,0.9850676,1
0.324595,0.67540497,0
0.06759347,0.93240654,0
0.060671195,0.9393288,0
0.023567386,0.9764326,1
0.02123943,0.97876054,1
0.052088395,0.94791156,0
0.36422732,0.63577265,0
0.176426,0.823574,0
0.45754048,0.5424595,0
0.363767,0.636233,0
0.30965176,0.69034827,0
0.3003957,0.6996043,0
0.2997391,0.7002609,0
0.013906667,0.9860933,1
0.96341527,0.03658476,0
0.9704578,0.029542271,0
0.9808214,0.019178627,0
0.8231079,0.1768921,0
0.68316334,0.31683663,0
0.64532125,0.35467878,0
0.1422172,0.8577828,1
0.031863026,0.968137,1
0.032393984,0.967606,1
0.08172518,0.9182749,0
0.24412537,0.75587463,0
0.26786327,0.7321367,0
0.5296319,0.4703681,0
0.052200697,0.9477993,0
0.55514395,0.44485608,0
0.7193421,0.2806579,0
0.82953006,0.17046992,0
0.018054878,0.98194516,1
0.033256337,0.9667437,1
0.43715048,0.5628495,0
0.51013756,0.4898625,0
0.88054526,0.11945473,0
0.866618,0.13338201,0
0.029507894,0.9704921,1
0.085060894,0.9149391,1
0.07465564,0.9253443,1
0.05775971,0.9422403,1
0.05517035,0.9448297,1
0.020471003,0.979529,1
0.0021893482,0.99781066,1
0.0039914097,0.9960085,1
0.022938538,0.97706145,1
0.04676297,0.95323706,1
0.053448666,0.9465514,1
0.45612606,0.54387397,0
0.6008183,0.39918175,0
0.5624393,0.43756074,0
0.19626965,0.8037303,0
0.16471499,0.835285,0
0.280145,0.719855,0
0.09786395,0.9021361,0
0.119971626,0.88002837,1
0.14187747,0.8581226,1
0.15536211,0.8446379,1
0.15853563,0.8414644,1
0.47417694,0.525823,0
0.97527677,0.024723293,0
0.9012419,0.09875807,0
0.9576301,0.042369843,0
0.9554774,0.04452267,0
0.95475554,0.045244485,0
0.9530931,0.046906866,0
0.9028124,0.09718761,1
0.93848836,0.06151157,0
0.853944,0.14605603,1
0.95244163,0.047558326,0
0.9529658,0.04703417,0
0.9580235,0.04197651,0
0.9638014,0.036198657,0
0.517449,0.48255095,1
0.89181554,0.10818447,0
0.8909726,0.10902737,0
0.87044054,0.1295594,0
0.9348651,0.06513488,0
0.93240994,0.06759004,0
0.9370997,0.06290034,0
0.9570379,0.042962063,0
0.9531806,0.046819396,0
0.4608561,0.53914386,1
0.7846904,0.21530962,1
0.26113486,0.73886514,1
0.7635806,0.23641935,0
0.7775068,0.22249325,0
0.4372942,0.5627058,1
0.2876947,0.71230537,1
0.0063120825,0.9936879,1
0.19448212,0.8055179,1
0.9829366,0.017063448,0
0.408082,0.59191805,1
0.28492638,0.71507365,1
0.30394492,0.69605505,1
0.30579275,0.6942073,1
0.12747043,0.8725295,1
0.18231484,0.8176851,1
0.97577035,0.024229687,0
0.96899354,0.031006424,0
0.8179979,0.1820022,0
0.84026986,0.15973017,0
0.7467901,0.25320992,0
0.808029,0.19197105,0
0.8123952,0.1876048,0
0.83388674,0.16611327,0
0.8572142,0.1427858,0
0.96006334,0.039936658,0
0.2497811,0.7502189,1
0.609289,0.390711,1
0.76807374,0.23192626,0
0.42277092,0.5772291,1
0.38666213,0.61333793,1
0.38717157,0.61282843,1
0.38786608,0.6121339,1
0.11215295,0.88784707,1
0.3565472,0.6434528,1
0.053540263,0.9464597,1
0.16902305,0.83097696,1
0.080961294,0.9190388,1
0.23214903,0.76785094,1
0.62217075,0.37782925,0
0.3629751,0.63702494,0
0.29560882,0.7043911,0
0.29059026,0.7094098,0
0.079838835,0.9201612,1
0.21506195,0.78493804,0
0.7885584,0.2114416,0
0.21521647,0.78478354,0
0.06040025,0.9395998,1
0.05379264,0.94620734,1
0.10196955,0.8980304,1
0.3063355,0.6936645,0
0.2724356,0.7275644,0
0.10860547,0.8913945,1
0.54943806,0.450562,0
0.6719289,0.32807112,0
0.030060342,0.9699397,1
0.37909582,0.6209042,0
0.8324847,0.16751532,0
0.16786885,0.8321311,1
0.16208291,0.83791703,1
0.19008942,0.80991054,1
0.12463618,0.8753638,1
0.167685,0.83231497,1
0.3384959,0.66150415,0
0.43373123,0.56626874,0
0.64594704,0.35405296,0
0.8195179,0.18048215,0
0.4195204,0.58047956,1
0.20567997,0.79432005,1
0.23039325,0.7696068,1
0.19588992,0.80411005,1
0.13876903,0.8612309,1
0.3465777,0.6534223,1
0.5747739,0.4252261,0
0.64169866,0.3583013,0
0.5457744,0.4542256,0
0.85311925,0.14688075,0
0.10011,0.89989,1
0.107173555,0.89282644,1
0.1125232,0.8874768,1
0.19222775,0.8077722,1
0.6365009,0.3634991,0
0.29627937,0.7037207,1
0.82353497,0.17646499,0
0.6685371,0.33146298,0
0.9530036,0.046996385,0
0.97666705,0.023332931,0
0.9676953,0.03230475,0
0.8629155,0.1370845,0
0.7118239,0.28817612,0
0.26754388,0.73245615,1
0.057306517,0.9426935,1
0.019614527,0.98038554,1
0.61625326,0.38374674,0
0.7252988,0.2747012,0
0.82147115,0.17852885,0
0.5638214,0.43617862,0
0.22699127,0.7730087,0
0.747976,0.25202397,0
0.35802642,0.6419737,0
0.404309,0.595691,0
0.26370862,0.73629135,1
0.37391856,0.62608147,1
0.8113945,0.18860549,0
0.4583536,0.54164636,1
0.42585498,0.574145,1
0.36017305,0.639827,1
0.027142407,0.97285765,1
0.028873734,0.97112626,1
0.30006817,0.69993174,0
0.10158316,0.8984169,1
0.40498072,0.5950193,0
0.5988963,0.40110362,0
0.53596306,0.46403688,0
0.03685427,0.9631457,1
0.11970776,0.8802922,1
0.41213188,0.58786803,0
0.38043237,0.6195676,0
0.3176165,0.6823835,0
0.28503248,0.7149675,0
0.045428578,0.9545715,1
0.32543766,0.6745624,0
0.052388772,0.9476112,1
0.09861145,0.9013885,1
0.30328324,0.6967167,0
0.30609068,0.69390935,0
0.055971026,0.9440289,1
0.080571115,0.9194289,1
0.026533179,0.9734668,1
0.19170594,0.80829406,0
0.22873959,0.77126044,0
0.9549169,0.045083083,0
0.9323165,0.0676835,0
0.962057,0.037943047,0
0.9795559,0.020444123,0
0.9761342,0.023865849,0
0.9125587,0.087441385,0
0.88386536,0.11613463,0
0.8904198,0.109580226,0
0.92621595,0.07378411,0
0.9474581,0.05254192,0
0.94814354,0.05185641,0
0.9662911,0.03370893,0
0.99104637,0.008953571,0
0.98125744,0.018742573,0
0.3713603,0.6286397,1
0.9484382,0.051561803,0
0.9345629,0.06543701,0
0.9368534,0.06314653,0
0.9455505,0.054449525,0
0.9185567,0.08144333,0
0.01391574,0.9860843,1
0.93770117,0.062298797,0
0.94191134,0.058088634,0
0.9518248,0.04817517,0
0.9748297,0.025170382,0
0.9717594,0.028240623,0
0.9531972,0.046802796,0
0.9519542,0.04804581,0
0.094090275,0.9059097,1
0.03068801,0.96931195,1
0.0072526117,0.99274737,1
0.077825315,0.9221747,1
0.26186067,0.73813933,1
0.118435875,0.88156414,1
0.063084856,0.93691516,1
0.05654727,0.9434527,1
0.45425546,0.54574454,0
0.5708232,0.42917672,0
0.95133924,0.04866079,0
0.4264944,0.5735056,0
0.9503013,0.04969874,0
0.3115926,0.68840736,0
0.36750653,0.6324935,0
0.08955338,0.9104466,1
0.010477072,0.9895229,1
0.452407,0.547593,0
0.34113872,0.65886134,0
0.058584463,0.9414155,1
0.05572583,0.9442742,1
0.27154702,0.728453,0
0.025858061,0.97414196,1
0.024654377,0.9753456,1
0.0042891633,0.99571085,1
0.006506911,0.99349314,1
0.010312889,0.98968714,1
0.09819209,0.9018079,0
0.02047721,0.9795228,1
0.2346622,0.76533777,0
0.23548913,0.76451087,0
0.15395689,0.8460431,0
0.24100599,0.758994,0
0.6877173,0.3122827,0
0.6559346,0.34406546,0
0.5929236,0.40707642,0
0.9099506,0.0900494,0
0.22282518,0.77717483,0
0.9229405,0.07705946,0
0.75207657,0.24792346,0
0.25226715,0.7477328,0
0.13072251,0.86927754,1
0.90702856,0.092971504,0
0.1872264,0.8127736,1
0.8808207,0.119179234,0
0.8711557,0.12884435,0
0.8858108,0.1141892,0
0.3099704,0.6900296,1
0.26530352,0.7346965,1
0.2508277,0.7491723,1
0.932095,0.067904994,0
0.9313617,0.06863832,0
0.946788,0.053212047,0
0.93874866,0.061251402,0
0.8914212,0.10857879,0
0.9139716,0.08602838,0
0.9668414,0.033158623,0
0.7331101,0.26689,0
0.13322833,0.8667717,1
0.15900484,0.84099513,1
0.4387995,0.5612005,1
0.12822491,0.8717751,1
0.012252292,0.98774767,1
0.7424967,0.2575033,0
0.35695782,0.64304215,0
0.1494262,0.8505738,1
0.36392048,0.63607955,0
0.22606286,0.77393717,1
0.0010413616,0.9989586,1
0.00067471276,0.9993253,1
0.0045296596,0.9954704,1
0.042559136,0.9574409,1
0.88095856,0.11904143,0
0.94745916,0.052540876,0
0.943866,0.056134067,0
0.038815517,0.9611845,1
0.034655,0.965345,1
0.041514844,0.9584851,1
0.028208535,0.97179145,1
0.1771693,0.82283074,1
0.33736828,0.6626317,1
0.89940923,0.10059082,0
0.8131685,0.1868315,0
0.053714093,0.9462859,1
0.03642629,0.96357375,1
0.010988874,0.98901105,1
0.11972081,0.8802792,1
0.08681987,0.9131802,1
0.0057302574,0.9942697,1
0.010549604,0.9894504,1
0.015081763,0.9849183,1
0.06421055,0.9357895,1
0.0861756,0.9138244,0
0.754294,0.24570604,0
0.131523,0.868477,0
0.47504804,0.524952,0
0.9582912,0.041708823,0
0.9678955,0.03210447,0
0.072906785,0.9270932,1
0.079574615,0.9204254,1
0.062059443,0.93794054,1
0.022742216,0.9772578,1
0.65895987,0.34104016,0
0.04551233,0.9544876,1
0.7199846,0.28001538,0
0.9273808,0.07261924,0
0.9550471,0.044952974,0
0.95640725,0.043592785,0
0.94169176,0.058308285,0
0.94351864,0.05648137,0
0.9445723,0.05542771,0
0.94502616,0.05497384,0
0.953531,0.046469018,0
0.9498615,0.050138485,0
0.96026134,0.03973861,0
0.9540456,0.045954414,0
0.926677,0.073323,0
0.9746115,0.025388507,0
0.96730494,0.032695055,0
0.9224341,0.0775659,0
0.9197068,0.08029316,0
0.9257699,0.07423002,0
0.9779699,0.022030143,0
0.9825073,0.017492758,0
0.91504747,0.08495252,0
0.38125488,0.6187451,1
0.95423335,0.04576667,0
0.9548754,0.045124643,0
0.9411881,0.058811914,0
0.9408213,0.059178773,0
0.9504687,0.04953123,0
0.9432764,0.056723647,0
0.94386196,0.056138,0
0.9453743,0.05462572,0
0.042049967,0.95795,1
0.11479947,0.8852005,1
0.9648846,0.03511538,0
0.9692041,0.030795867,0
0.9693322,0.030667776,0
0.96681076,0.033189192,0
0.9593153,0.040684726,0
0.9612821,0.038717914,0
0.96487224,0.03512776,0
0.9588057,0.041194364,0
0.97088474,0.029115252,0
0.9774613,0.022538755,0
0.97818106,0.021818876,0
0.9534518,0.046548206,0
0.94978935,0.05021062,1
0.9620815,0.037918437,0
0.95808333,0.0419167,0
0.95883393,0.041166082,0
0.6351557,0.36484432,1
0.9371505,0.06284954,1
0.961177,0.038823027,0
0.9759237,0.02407632,0
0.96797734,0.032022603,0
0.18997663,0.8100233,1
0.94447887,0.05552114,0
0.9413609,0.058639124,0
0.9433689,0.056631073,0
0.095117144,0.90488285,1
0.9647789,0.03522112,0
0.9620666,0.037933387,0
0.97294736,0.027052656,0
0.8578364,0.14216362,0
0.96937245,0.030627487,0
0.93553436,0.064465635,0
0.95241505,0.047584955,0
0.16363682,0.8363632,1
0.3551948,0.6448052,1
0.2768998,0.7231002,1
0.22734758,0.77265245,1
0.6841335,0.31586647,0
0.95783347,0.042166542,0
0.9548019,0.045198075,0
0.97445357,0.02554644,0
0.8695627,0.13043733,0
0.80439633,0.19560365,0
0.6064177,0.39358234,1
0.8836574,0.1163426,0
0.1128728,0.88712716,1
0.9431071,0.056892894,0
0.9884393,0.011560672,0
0.9871339,0.01286603,0
0.9689334,0.031066557,0
0.9408646,0.05913531,0
0.91687125,0.08312881,0
0.09684517,0.90315485,1
0.9343667,0.06563328,0
0.9521702,0.047829814,0
0.94117016,0.058829866,0
0.9385126,0.061487366,0
0.9317038,0.06829619,0
0.9318018,0.06819818,0
0.9265701,0.07342985,0
0.9422743,0.05772578,0
0.9407824,0.05921753,0
0.11245106,0.88754886,1
0.11670881,0.88329124,1
0.53135103,0.468649,1
0.87708855,0.12291142,1
0.95998716,0.040012836,0
0.5749046,0.42509544,1
0.4211743,0.57882565,1
0.30208462,0.6979154,1
0.93893206,0.061067883,0
0.9499708,0.05002916,0
0.5759807,0.42401928,1
0.6609147,0.33908525,1
0.8113583,0.18864171,1
0.961984,0.038016066,0
0.21479782,0.78520215,1
0.92302805,0.07697202,0
0.97170424,0.028295808,0
0.978778,0.02122198,0
0.957467,0.042532988,0
0.82286304,0.17713697,1
0.9435656,0.056434374,0
0.943947,0.056053024,0
0.8843689,0.11563106,1
0.8890856,0.11091435,0
0.96541214,0.03458791,0
0.9390419,0.060958125,0
0.8870402,0.11295977,1
0.9387435,0.06125654,0
0.8862669,0.11373317,0
0.8899666,0.11003338,0
0.8991994,0.10080061,0
0.95513326,0.044866696,0
0.95854217,0.041457802,0
0.9585894,0.041410632,0
0.8696135,0.13038647,1
0.96191335,0.038086645,0
0.9772908,0.02270914,0
0.982681,0.017319009,0
0.96053976,0.039460283,1
0.9178866,0.08211334,1
0.7788999,0.22110008,1
0.9252577,0.07474234,0
0.94813573,0.051864244,0
0.9368056,0.063194394,0
0.941626,0.058373958,0
0.84574425,0.1542558,1
0.920061,0.07993899,0
0.9391808,0.060819227,0
0.97174495,0.02825502,0
0.9667118,0.033288192,0
0.94588673,0.054113265,0
0.94863105,0.051368903,0
0.9294322,0.070567824,0
0.95572627,0.044273768,0
0.9578418,0.042158224,0
0.9753469,0.024653042,0
0.9720034,0.027996628,0
0.93498427,0.06501568,1
0.8734636,0.12653638,1
0.94953716,0.0504629,0
0.9602621,0.039737906,0
0.43407667,0.56592333,1
0.9454963,0.054503694,1
0.95774907,0.04225088,1
0.81073564,0.18926439,1
0.25522414,0.7447759,1
0.89471567,0.10528434,0
0.16984367,0.8301564,1
0.32960278,0.6703972,1
0.92480284,0.0751972,0
0.92223877,0.07776121,0
0.9427882,0.05721182,0
0.9777659,0.022234075,0
0.33913288,0.6608671,1
0.97651255,0.023487415,0
0.93595,0.06405004,0
0.9591195,0.040880457,0
0.95771277,0.042287286,0
0.2117969,0.7882031,1
0.2587933,0.74120665,1
0.9150571,0.08494284,0
0.26341158,0.7365884,1
0.19443893,0.80556107,1
0.06456139,0.9354386,1
0.14306787,0.8569321,1
0.19150214,0.80849785,1
0.3169233,0.6830767,1
0.15002447,0.8499755,1
0.2567935,0.7432065,1
0.09282609,0.9071739,1
0.12936297,0.87063706,1
0.7284391,0.27156085,0
0.009383086,0.99061686,1
0.011083857,0.98891616,1
0.016496675,0.98350334,1
0.050257977,0.949742,1
0.17117527,0.8288247,0
0.8943851,0.10561489,0
0.06579718,0.93420285,1
0.2586529,0.74134713,0
0.8976606,0.102339394,0
0.8676253,0.13237473,0
0.5350453,0.46495458,0
0.15756518,0.8424348,1
0.1748444,0.8251556,1
0.8656078,0.13439222,0
0.31999266,0.6800073,0
0.0625549,0.93744504,1
0.09231623,0.90768373,1
0.017369429,0.98263055,1
0.11260281,0.88739717,1
0.67386234,0.32613763,0
0.8114632,0.1885368,0
0.799809,0.20019099,0
0.9377475,0.06225252,0
0.6721214,0.3278786,0
0.8252653,0.17473474,0
0.94835323,0.051646847,0
0.83314043,0.16685958,0
0.8542428,0.14575718,0
0.0835329,0.9164671,1
0.92984015,0.07015986,0
0.6150802,0.38491982,0
0.022557486,0.9774425,1
0.014643213,0.98535675,1
0.9397231,0.06027698,0
0.9630483,0.03695172,0
0.9717334,0.028266583,0
0.95972204,0.040277995,0
0.96449727,0.03550274,0
0.97310996,0.02689001,0
0.9550439,0.044956103,0
0.18806387,0.8119361,1
0.3708742,0.62912583,1
0.13353415,0.86646587,1
0.069404244,0.93059576,1
0.8750748,0.12492519,0
0.98345184,0.016548218,0
0.9690638,0.030936178,0
0.95901537,0.04098465,0
0.9164802,0.0835198,0
0.9442857,0.0557143,0
0.93697387,0.06302613,0
0.9421834,0.057816625,0
0.9598111,0.040188897,0
0.95901215,0.040987875,0
0.9577378,0.04226225,0
0.94688505,0.053114902,0
0.94236594,0.057634067,0
0.9692665,0.030733518,0
0.9774982,0.022501756,0
0.9844468,0.015553181,0
0.9335781,0.066421874,1
0.9340338,0.065966174,0
0.93383914,0.06616081,0
0.9289961,0.07100387,0
0.93296975,0.067030214,0
0.93219477,0.06780529,0
0.9547539,0.04524616,0
0.95168346,0.048316576,0
0.95785075,0.04214927,0
0.87964356,0.120356455,1
0.9594673,0.040532775,1
0.975628,0.024371931,0
0.9219736,0.07802637,1
0.89420855,0.10579148,0
0.9293351,0.07066491,0
0.92847663,0.07152332,0
0.93530947,0.06469054,0
0.9385687,0.0614313,0
0.9419029,0.058097117,0
0.9032434,0.09675651,0
0.8680402,0.13195974,0
0.98545676,0.014543238,0
0.9744835,0.025516508,1
0.50602895,0.49397105,1
0.88922197,0.11077802,0
0.93629104,0.06370893,0
0.95042545,0.049574576,0
0.9419965,0.05800351,0
0.6142918,0.38570824,1
0.39937955,0.6006204,1
0.045864187,0.9541358,1
0.9559131,0.04408682,0
0.9626408,0.037359208,0
0.94347525,0.056524735,0
0.01857286,0.98142713,1
0.02049542,0.9795045,1
0.011987184,0.9880128,1
0.009852466,0.99014753,1
0.007370073,0.9926299,1
0.12893574,0.87106425,0
0.9541626,0.04583748,0
0.8258524,0.1741476,0
0.027065894,0.9729341,1
0.07851293,0.92148703,0
0.13014881,0.8698512,1
0.0631727,0.93682724,1
0.69537675,0.30462322,0
0.8000583,0.19994174,0
0.80749047,0.19250955,0
0.95631176,0.043688193,0
0.9553118,0.04468822,0
0.9546396,0.045360405,0
0.8909301,0.109069884,0
0.5347482,0.46525177,1
0.11327358,0.8867264,1
0.09919912,0.9008009,1
0.94604135,0.05395866,0
0.6780035,0.32199648,0
0.8389526,0.16104744,0
0.85501033,0.14498971,0
0.8348177,0.16518234,0
0.42920312,0.5707969,0
0.9308388,0.06916114,0
0.9511659,0.04883407,0
0.3648349,0.6351651,1
0.6287312,0.37126884,0
0.35747677,0.64252317,1
0.93972915,0.060270805,0
0.9337634,0.06623666,0
0.92483145,0.07516859,0
0.18589811,0.8141019,1
0.9782736,0.021726431,0
0.9872162,0.0127838375,0
0.90882367,0.09117627,0
0.9454829,0.054517128,0
0.9461803,0.053819735,0
0.6970091,0.30299094,1
0.81357396,0.18642606,1
0.121093534,0.8789065,1
0.4206646,0.57933545,1
0.6217251,0.37827498,1
0.94516844,0.054831523,0
0.9699948,0.030005194,0
0.2133559,0.78664416,1
0.21335436,0.78664565,1
0.29402083,0.70597917,1
0.95909166,0.040908284,0
0.7342081,0.26579186,1
0.94300216,0.056997795,0
0.9571273,0.042872746,0
0.95511925,0.04488074,0
0.9542236,0.045776397,0
0.9517046,0.048295446,0
0.9513374,0.048662562,0
0.9585264,0.041473635,0
0.96565855,0.034341447,0
0.9724768,0.027523194,0
0.65731657,0.34268337,1
0.9364352,0.06356486,0
0.94253194,0.057467986,0
0.9408713,0.059128735,0
0.94097114,0.059028823,0
0.9441558,0.055844206,0
0.95097107,0.049028892,0
0.95371175,0.04628825,0
0.95352536,0.046474613,0
0.96004385,0.039956134,0
0.9685619,0.0314381,0
0.9782487,0.021751292,0
0.9265743,0.07342574,0
0.13768932,0.86231065,1
0.13838096,0.8616191,1
0.015333544,0.98466647,1
0.01303358,0.9869665,1
0.09616811,0.90383184,1
0.603495,0.396505,0
0.42508465,0.57491535,1
0.972324,0.02767596,0
0.9817368,0.018263174,0
0.9439523,0.056047715,0
0.9158305,0.0841695,0
0.71712744,0.28287265,0
0.05034704,0.9496529,1
0.0028169225,0.9971831,1
0.005670376,0.99432963,1
0.38522017,0.61477983,0
0.08520622,0.9147938,1
0.9736876,0.026312396,0
0.97170323,0.028296776,0
0.85335207,0.14664786,0
0.14239778,0.85760224,0
0.0447839,0.95521605,1
0.2092863,0.79071367,0
0.13689585,0.86310416,1
0.13082108,0.8691789,1
0.59337765,0.40662238,0
0.97002923,0.029970797,0
0.9534494,0.046550557,0
0.82981664,0.17018342,0
0.012975381,0.98702466,1
0.010246581,0.9897535,1
0.0038875465,0.9961125,1
0.011609503,0.98839056,1
0.09528038,0.9047196,1
0.16300187,0.83699816,1
0.83200616,0.16799383,0
0.95324636,0.046753682,0
0.17857806,0.8214219,0
0.35303932,0.6469607,0
0.047171276,0.95282876,1
0.2551267,0.7448733,0
0.53806704,0.461933,0
0.05068726,0.94931275,1
0.010190747,0.9898093,1
0.43602535,0.5639747,0
0.044168342,0.95583165,1
0.084671155,0.91532886,1
0.33296278,0.6670372,0
0.88372403,0.11627594,0
0.6943922,0.30560777,0
0.713945,0.28605497,0
0.029866679,0.9701333,1
0.5085766,0.49142343,0
0.61780876,0.38219124,0
0.19307758,0.80692244,1
0.9646966,0.035303358,0
0.7368452,0.26315477,0
0.39410666,0.6058934,0
0.54963756,0.45036244,0
0.5186642,0.4813358,0
0.84867495,0.15132503,0
0.4404944,0.55950564,1
0.8918362,0.10816377,0
0.68243563,0.3175644,0
0.73345894,0.2665411,0
0.85115814,0.14884181,0
0.7668339,0.23316604,0
0.86972535,0.13027461,0
0.2666002,0.7333998,1
0.10294789,0.8970521,1
0.91730464,0.08269537,0
0.92835116,0.07164887,0
0.89331734,0.106682666,0
0.5145095,0.48549056,1
0.9289655,0.071034454,0
0.7971484,0.20285161,1
0.3220315,0.6779685,1
0.30414614,0.69585377,1
0.39295495,0.60704505,1
0.9107487,0.08925127,0
0.9237652,0.07623489,0
0.9282839,0.07171611,0
0.9372715,0.06272848,0
0.35896322,0.64103675,1
0.5914563,0.40854368,1
0.9415255,0.05847456,0
0.96051174,0.039488282,0
0.97191113,0.028088884,0
0.96478367,0.035216354,0
0.10698328,0.89301676,1
0.07756466,0.9224354,1
0.94998276,0.050017267,0
0.7696478,0.23035224,0
0.25075355,0.7492464,1
0.26544285,0.73455715,1
0.81823474,0.18176523,0
0.71172124,0.28827873,0
0.20423044,0.7957696,1
0.07341316,0.9265869,1
0.079615794,0.9203842,1
0.83641094,0.16358906,0
0.6242163,0.37578365,0
0.37114567,0.6288544,1
0.9572923,0.042707734,0
0.24862774,0.7513722,1
0.28848884,0.7115112,1
0.29522142,0.7047785,1
0.5847627,0.4152373,0
0.66066074,0.33933923,0
0.37945864,0.6205414,1
0.15499763,0.84500235,1
0.44757745,0.5524226,0
0.17935207,0.8206479,1
0.30158153,0.6984185,1
0.14656182,0.8534382,1
0.5054188,0.49458122,0
0.88758737,0.1124126,0
0.12309831,0.8769017,1
0.238294,0.761706,1
0.24549337,0.75450665,1
0.24526747,0.75473255,1
0.21707004,0.78293,1
0.41202024,0.58797973,1
0.8174012,0.18259881,0
0.09453724,0.90546274,1
0.11176171,0.8882383,1
0.11344545,0.8865545,1
0.09651371,0.90348625,1
0.5246871,0.4753129,0
0.5376856,0.4623145,0
0.13256712,0.86743283,1
0.2753882,0.72461176,0
0.38915408,0.6108459,0
0.7154124,0.28458762,0
0.44372702,0.556273,0
0.4395912,0.5604088,0
0.23728913,0.7627109,0
0.386618,0.613382,0
0.3611535,0.63884646,0
0.45928758,0.5407124,0
0.36558017,0.63441986,0
0.40889126,0.5911088,0
0.4885931,0.5114069,0
0.52421206,0.47578794,0
0.92648333,0.07351662,0
0.9862379,0.01376215,0
0.87847275,0.12152725,0
0.41351196,0.58648807,1
0.11946385,0.88053614,1
0.24977474,0.7502253,1
0.34832156,0.65167844,1
0.31542102,0.68457896,1
0.3594581,0.6405419,1
0.4168566,0.5831434,1
0.6484651,0.35153493,0
0.8708669,0.1291331,0
0.9339626,0.06603745,0
0.82776475,0.17223519,0
0.20580524,0.7941948,1
0.043618623,0.95638144,1
0.04473369,0.9552663,1
0.034457233,0.9655428,1
0.0394334,0.9605666,1
0.03686123,0.96313876,1
0.49606928,0.5039307,0
0.26850322,0.7314968,1
0.11376049,0.8862395,1
0.6055164,0.3944836,0
0.17204417,0.8279558,1
0.8750296,0.12497039,0
0.89195853,0.10804145,0
0.82021743,0.17978257,0
0.8367793,0.1632207,0
0.9618224,0.038177606,0
0.98194516,0.018054835,0
0.4463081,0.5536919,1
0.84837276,0.15162724,0
0.8216657,0.1783343,0
0.94142544,0.05857458,0
0.8442569,0.15574309,0
0.94017005,0.059829913,0
0.94391865,0.05608132,0
0.90761274,0.09238731,1
0.9133957,0.08660424,0
0.90365463,0.09634534,0
0.910163,0.089837074,0
0.9063594,0.09364066,0
0.9162616,0.08373842,0
0.92585385,0.0741462,0
0.94880724,0.051192757,0
0.9558592,0.04414079,0
0.9458832,0.05411673,1
0.98916936,0.01083062,0
0.9896041,0.010395876,0
0.8712084,0.12879157,0
0.8247734,0.17522669,1
0.8331841,0.16681585,1
0.06929824,0.9307018,1
0.06315766,0.9368423,1
0.8916362,0.108363815,0
0.8822958,0.117704235,0
0.0349108,0.96508914,1
0.9118028,0.08819717,0
0.9083165,0.09168347,0
0.9684848,0.031515107,0
0.28237,0.71762997,1
0.8374802,0.16251974,0
0.8181889,0.18181108,0
0.83222646,0.16777351,1
0.86202973,0.1379702,0
0.38993025,0.61006975,1
0.9733453,0.02665476,0
0.8224669,0.17753308,0
0.7541089,0.24589103,0
0.5084849,0.4915151,1
0.212287,0.787713,1
0.3496272,0.6503728,1
0.89497787,0.105022095,0
0.97599345,0.024006505,0
0.7912048,0.2087952,0
0.08013035,0.91986966,1
0.3752525,0.6247475,1
0.04638941,0.9536106,1
0.040484034,0.959516,1
0.04259641,0.95740366,1
0.04511002,0.95488995,1
0.0626735,0.9373265,1
0.44157797,0.55842197,1
0.14825311,0.85174686,1
0.1249113,0.8750887,1
0.09564086,0.9043591,1
0.9385107,0.06148931,0
0.9500412,0.04995882,0
0.94390327,0.05609668,0
0.7439061,0.25609395,0
0.7912678,0.20873217,0
0.77795875,0.22204123,0
0.8108298,0.18917012,0
0.783631,0.21636899,0
0.943588,0.056411956,0
0.95502055,0.04497949,0
0.9502851,0.049714983,0
0.9815446,0.018455353,0
0.17997871,0.82002133,1
0.9262464,0.07375365,0
0.9034873,0.0965127,0
0.9380982,0.061901815,0
0.9522995,0.04770053,0
0.95822364,0.04177638,0
0.9406129,0.05938705,0
0.40994054,0.59005946,1
0.95325565,0.0467443,0
0.9826685,0.017331447,0
0.9396765,0.06032348,0
0.66791385,0.33208615,1
0.10955974,0.8904403,1
0.83411545,0.1658846,0
0.94964075,0.050359193,0
0.8671751,0.13282488,0
0.8548936,0.1451063,0
0.8580108,0.14198916,0
0.98487675,0.015123198,0
0.9847001,0.015299909,0
0.98181516,0.018184857,0
0.8979684,0.10203157,0
0.7720878,0.22791219,0
0.82763875,0.17236124,0
0.9142074,0.08579255,0
0.91640395,0.08359605,0
0.98282707,0.01717287,0
0.9807004,0.019299572,0
0.3333673,0.6666327,1
0.041462824,0.95853716,1
0.14276667,0.85723335,1
0.27261204,0.727388,1
0.01318789,0.9868122,1
0.9857355,0.01426447,0
0.23522753,0.7647725,1
0.77431303,0.22568694,0
0.9672193,0.032780636,0
0.9640955,0.03590455,0
0.9241056,0.07589441,0
0.88669986,0.11330009,0
0.92379194,0.07620804,0
0.881307,0.11869304,0
0.8892279,0.11077208,1
0.95129913,0.04870089,0
0.38523212,0.6147679,1
0.8556372,0.14436279,0
0.44219545,0.5578045,1
0.014567744,0.9854322,1
0.025052657,0.9749474,1
0.024462236,0.9755377,1
0.10059006,0.89940995,1
0.9634102,0.036589775,0
0.81269336,0.18730657,0
0.7751331,0.22486687,0
0.38505515,0.6149449,1
0.40292394,0.5970761,1
0.9129617,0.08703831,0
0.9244614,0.075538635,0
0.9296088,0.07039115,0
0.9373711,0.062628895,0
0.743547,0.25645298,1
0.771281,0.22871903,1
0.9275112,0.07248881,0
0.9166238,0.08337619,0
0.7842279,0.21577212,1
0.9558724,0.0441276,0
0.9337546,0.066245325,0
0.71072185,0.28927815,1
0.7521065,0.24789342,1
0.91312426,0.08687572,0
0.9362645,0.06373551,0
0.9427699,0.057230134,0
0.93937063,0.060629304,0
0.9866237,0.013376346,0
0.768317,0.23168297,1
0.7105491,0.28945085,1
0.3661049,0.6338951,1
0.72886395,0.27113605,1
0.73839974,0.26160026,1
0.6760474,0.32395265,1
0.71531093,0.28468907,1
0.778721,0.22127904,1
0.7487214,0.2512786,0
0.95487475,0.04512529,0
0.9850434,0.0149565805,0
0.93821967,0.061780307,1
0.9274953,0.07250464,1
0.8796403,0.12035971,1
0.7288961,0.2711039,0
0.8868775,0.11312247,0
0.30410242,0.6958976,1
0.26633906,0.73366094,1
0.3097725,0.6902275,1
0.37430084,0.6256992,1
0.5351266,0.46487328,1
0.96743673,0.032563265,0
0.98683816,0.013161801,0
0.9810914,0.01890865,0
0.62197334,0.3780266,1
0.2931567,0.7068433,1
0.28104556,0.71895444,1
0.33605978,0.66394025,1
0.34670165,0.6532983,1
0.36255118,0.6374489,1
0.42038092,0.5796191,1
0.03426463,0.9657353,1
0.029044652,0.9709554,1
0.44448975,0.5555102,1
0.42365465,0.5763453,1
0.9752229,0.024777137,0
0.9468222,0.053177785,0
0.32315764,0.67684233,1
0.5866799,0.41332006,0
0.79452467,0.20547533,0
0.38527077,0.6147293,1
0.82996565,0.17003438,0
0.36420718,0.6357928,1
0.95803607,0.041963946,0
0.88711965,0.11288034,1
0.4281493,0.57185066,1
0.95414954,0.04585046,0
0.4546431,0.5453569,1
0.69537055,0.30462947,0
0.40821078,0.5917892,1
0.8101003,0.18989973,0
0.90353036,0.09646962,0
0.93091065,0.069089405,0
0.9863668,0.013633114,0
0.98392063,0.01607941,0
0.9803535,0.019646538,0
0.93068784,0.06931217,0
0.31478202,0.6852179,1
0.29434887,0.70565116,1
0.72106946,0.27893052,1
0.9129196,0.087080374,0
0.48054025,0.51945984,1
0.8245429,0.17545716,0
0.7443817,0.25561827,0
0.93726563,0.06273431,1
0.93148804,0.06851189,1
0.8967444,0.10325558,1
0.35562673,0.64437336,1
0.14426501,0.85573494,1
0.124922685,0.87507725,1
0.08222701,0.917773,1
0.2875428,0.71245724,1
0.71177995,0.28822005,0
0.980928,0.01907194,0
0.28595138,0.7140486,1
0.28011137,0.7198887,1
0.2855039,0.7144962,1
0.3694796,0.63052034,1
0.5389807,0.46101925,1
0.5502012,0.44979876,1
0.44393504,0.556065,1
0.39345485,0.60654515,1
0.80221957,0.19778046,1
0.92544997,0.07455007,0
0.72027564,0.27972433,0
0.37428093,0.6257191,1
0.4380318,0.5619682,1
0.46358576,0.53641427,1
0.4127627,0.58723724,1
0.8793872,0.12061279,0
0.7316881,0.26831195,0
0.087122895,0.9128771,1
0.6833707,0.3166293,0
0.07942325,0.9205767,1
0.47413287,0.52586716,1
0.8515137,0.14848633,0
0.8444443,0.15555574,0
0.96319014,0.03680987,0
0.014077095,0.98592293,1
0.011384344,0.9886156,1
0.021079676,0.97892034,1
0.021072442,0.9789275,1
0.020294249,0.97970575,1
0.10012453,0.8998754,1
0.38861996,0.6113801,0
0.2996569,0.7003431,0
0.35397264,0.6460273,0
0.96916753,0.03083248,0
0.98414767,0.015852368,0
0.7541507,0.24584931,0
0.3888944,0.61110556,0
0.38083312,0.6191669,0
0.1532757,0.84672433,1
0.21749906,0.7825009,1
0.9529901,0.047009878,0
0.25758064,0.74241936,1
0.26245195,0.7375481,1
0.0695085,0.9304915,1
0.7836702,0.21632984,0
0.20471486,0.79528517,1
0.95587665,0.04412337,0
0.82452416,0.17547588,0
0.6838221,0.31617787,0
0.90605843,0.09394154,0
0.21541294,0.78458697,1
0.053849675,0.94615024,1
0.75042343,0.24957657,0
0.75705206,0.2429479,0
0.7640458,0.23595421,0
0.96033955,0.039660502,0
0.72775567,0.27224436,0
0.45252538,0.54747456,1
0.059669256,0.94033074,1
0.039594844,0.9604052,1
0.1074707,0.8925293,1
0.9194589,0.08054104,0
0.924836,0.07516404,0
0.9110164,0.08898359,0
0.6113771,0.38862285,0
0.12194203,0.878058,1
0.3254404,0.6745596,1
0.054325312,0.94567466,1
0.1014119,0.8985882,1
0.34504393,0.6549561,0
0.8946566,0.105343446,0
0.90484744,0.095152594,0
0.04350974,0.9564903,1
0.65829784,0.34170213,0
0.023746584,0.97625345,1
0.051042814,0.9489572,1
0.08988614,0.9101139,1
0.05304824,0.94695175,1
0.083984524,0.9160155,1
0.6315617,0.36843833,0
0.7749694,0.22503059,0
0.050063778,0.9499363,1
0.08840276,0.91159725,1
0.16537867,0.83462137,0
0.064195104,0.93580484,1
0.09859996,0.9014,1
0.9799635,0.020036459,0
0.8345386,0.16546142,0
0.2633238,0.7366762,1
0.85296893,0.14703105,0
0.75347424,0.24652581,0
0.8569731,0.14302687,0
0.94822156,0.051778395,0
0.9654658,0.034534175,0
0.7337883,0.26621172,1
0.8398753,0.16012469,1
0.102821045,0.89717895,1
0.1044001,0.8955999,1
0.101193376,0.89880663,1
0.10038407,0.8996159,1
0.17466858,0.8253314,1
0.805729,0.19427103,0
0.7847517,0.21524835,0
0.96526474,0.034735274,0
0.8013152,0.19868483,0
0.97047675,0.02952319,0
0.98491365,0.015086353,0
0.87057513,0.12942487,0
0.053907715,0.9460923,1
0.051194187,0.94880575,1
0.87644804,0.123551935,0
0.87760365,0.122396275,0
0.9595268,0.040473204,0
0.15039594,0.84960407,1
0.0818878,0.9181123,1
0.7313185,0.26868156,0
0.62534213,0.37465793,0
0.5557672,0.44423282,0
0.12317176,0.87682825,1
0.22879677,0.7712032,1
0.2275421,0.77245784,1
0.06641591,0.9335841,1
0.3375836,0.6624164,1
0.20408067,0.79591936,1
0.21017754,0.78982246,1
0.99094325,0.009056763,0
0.7998272,0.20017274,0
0.08835655,0.9116435,1
0.08814063,0.91185933,1
0.2819271,0.7180729,0
0.3049794,0.6950206,0
0.27204087,0.72795916,1
0.4239054,0.5760946,0
0.9567894,0.04321063,0
0.9823079,0.017692108,0
0.850276,0.14972399,0
0.9649841,0.035015848,0
0.04011136,0.95988864,1
0.008306944,0.9916931,1
0.033964284,0.9660357,1
0.047705527,0.9522945,1
0.047537044,0.952463,1
0.020305447,0.97969455,1
0.3845814,0.6154186,0
0.19243096,0.807569,1
0.19823126,0.8017687,1
0.9662859,0.033714067,0
0.98024726,0.019752717,0
0.9785373,0.021462653,0
0.97583824,0.02416173,0
0.029976673,0.9700233,1
0.035566226,0.9644337,1
0.020579448,0.9794206,1
0.16551858,0.8344814,0
0.41218385,0.5878162,0
0.17233737,0.8276626,0
0.18482909,0.81517094,0
0.07446732,0.9255327,1
0.029384963,0.97061497,1
0.123002045,0.87699795,0
0.9621092,0.037890848,0
0.066909425,0.9330905,1
0.77913076,0.22086926,0
0.28916222,0.7108378,0
0.7381484,0.2618516,0
0.3515114,0.6484886,1
0.7168023,0.2831977,0
0.81282,0.18718001,0
0.93261343,0.06738661,0
0.18746443,0.81253564,1
0.9634593,0.0365407,0
0.99244905,0.007550978,0
0.6298119,0.37018818,1
0.05044805,0.949552,1
0.035664655,0.96433526,1
0.21891855,0.7810814,1
0.94336605,0.056634005,0
0.941812,0.05818804,0
0.081066474,0.9189336,1
0.3322166,0.66778344,1
0.9831839,0.01681606,0
0.59344566,0.4065544,0
0.50819784,0.4918022,0
0.12238768,0.8776123,1
0.13948923,0.8605107,1
0.22503743,0.7749626,1
0.25838187,0.7416181,1
0.31761596,0.6823841,1
0.20299226,0.7970078,1
0.9337817,0.06621832,0
0.9319581,0.068041906,0
0.99301237,0.0069876136,0
0.7964197,0.2035803,0
0.18490118,0.8150988,1
0.32036537,0.67963463,1
0.12610853,0.8738914,1
0.30097365,0.69902635,1
0.88132757,0.11867246,0
0.6713245,0.32867542,1
0.14136384,0.85863614,1
0.08135327,0.91864675,1
0.01170204,0.988298,1
0.009341559,0.9906584,1
0.031203685,0.9687964,1
0.03518877,0.9648112,1
0.04254289,0.95745707,1
0.92666245,0.073337615,0
0.86510754,0.13489245,0
0.9793219,0.020678129,0
0.31869882,0.6813012,1
0.16490412,0.8350959,1
0.07550204,0.92449796,1
0.34564096,0.65435904,1
0.7241161,0.27588397,0
0.15605149,0.84394854,1
0.9312312,0.06876875,0
0.9319545,0.06804547,0
0.98699725,0.013002756,0
0.98179823,0.018201755,0
0.8720905,0.12790954,0
0.26609895,0.7339011,1
0.1341114,0.86588854,1
0.5297929,0.47020715,0
0.3020544,0.6979456,1
0.50857216,0.4914278,0
0.82263297,0.177367,0
0.98583025,0.014169789,0
0.981016,0.01898403,0
0.68470895,0.31529102,0
0.10786562,0.8921343,1
0.7132163,0.28678364,0
0.087410405,0.91258955,1
0.113763034,0.88623697,1
0.08549814,0.9145019,1
0.10907229,0.8909277,1
0.05884513,0.94115484,1
0.063609146,0.9363909,1
0.045373507,0.95462644,1
0.07453518,0.92546475,1
0.1001999,0.8998001,1
0.8309832,0.16901672,0
0.03225963,0.9677404,1
0.041446462,0.95855355,1
0.09395193,0.90604806,0
0.10297259,0.8970275,0
0.26734918,0.7326508,0
0.3886384,0.61136156,0
0.43955952,0.56044054,0
0.19168207,0.80831796,1
0.63304013,0.36695984,0
0.2810974,0.7189026,1
0.3095672,0.6904328,1
0.36723492,0.63276505,1
0.91942555,0.08057443,0
0.40392998,0.59607005,1
0.9950478,0.004952273,0
0.9938339,0.0061661424,0
0.99065876,0.009341242,0
0.98617214,0.013827917,0
0.9781676,0.021832436,0
0.85309106,0.14690897,0
0.8526682,0.14733174,0
0.94004077,0.059959248,0
0.98485965,0.015140323,0
0.84215176,0.15784824,1
0.3620007,0.63799924,1
0.06910784,0.93089217,1
0.7900394,0.20996055,0
0.84199005,0.1580099,0
0.8866317,0.113368295,0
0.91750765,0.08249234,0
0.9144797,0.085520364,0
0.31748435,0.68251556,1
0.7822316,0.21776837,0
0.79364675,0.20635328,0
0.7468493,0.25315073,1
0.42869642,0.57130355,1
0.93178344,0.06821651,0
0.9848332,0.015166868,0
0.026024045,0.973976,1
0.030934593,0.96906537,1
0.81108963,0.18891035,0
0.18276909,0.8172309,1
0.18639246,0.8136076,1
0.20800501,0.791995,1
0.22032626,0.77967376,0
0.07369239,0.92630756,1
0.061481822,0.9385182,1
0.06264721,0.9373528,1
0.039435897,0.9605641,1
0.039794624,0.96020544,1
0.18588772,0.81411225,0
0.06910492,0.93089503,1
0.9297337,0.07026624,0
0.9586886,0.04131142,0
0.8960214,0.10397862,0
0.06508894,0.934911,1
0.08240145,0.91759855,0
0.045997582,0.9540024,1
0.034583725,0.96541625,1
0.030345256,0.96965474,1
0.021640457,0.9783595,1
0.018888613,0.98111135,1
0.01579956,0.9842004,1
0.04326456,0.9567354,0
0.038469367,0.9615307,0
0.13767642,0.8623236,0
0.25847965,0.7415204,0
0.9868601,0.013139856,0
0.3425789,0.6574211,0
0.16841213,0.8315879,0
0.22389495,0.77610505,0
0.2739385,0.72606146,0
0.22955917,0.7704409,0
0.24785958,0.75214034,0
0.2545518,0.7454482,0
0.26874912,0.73125094,0
0.29690108,0.7030989,0
0.33704126,0.66295874,0
0.8113799,0.18862005,0
0.96779263,0.032207325,0
0.99379647,0.006203535,0
0.80208075,0.19791925,0
0.08773503,0.91226494,1
0.07186466,0.92813534,1
0.07458385,0.9254162,1
0.104167975,0.89583206,1
0.10776512,0.8922348,1
0.07879175,0.92120826,1
0.111565374,0.88843465,1
0.93320554,0.06679446,0
0.9780465,0.021953475,0
0.024122097,0.9758779,1
0.011173163,0.9888269,1
0.01146371,0.98853624,1
0.013522273,0.98647773,1
0.01165116,0.98834884,1
0.03830764,0.9616924,1
0.03375904,0.96624094,1
0.5800845,0.41991553,0
0.027864262,0.9721357,1
0.020914173,0.97908586,1
0.0203454,0.9796546,1
0.05888312,0.9411169,0
0.06051526,0.93948466,0
0.3019714,0.69802856,0
0.37472206,0.625278,0
0.37836123,0.62163883,0
0.38012928,0.6198708,0
0.30659342,0.6934066,0
0.3122172,0.68778276,0
0.39268026,0.6073197,0
0.91529477,0.0847052,0
0.47089395,0.529106,0
0.43875676,0.5612433,0
0.9349821,0.065017916,0
0.9406784,0.059321593,0
0.87769026,0.122309715,0
0.37865758,0.6213424,1
0.25920337,0.7407967,1
0.25441253,0.7455875,1
0.08311202,0.91688794,1
0.079792835,0.9202072,1
0.80429584,0.19570416,0
0.93661135,0.06338865,0
0.22742045,0.7725795,1
0.22474618,0.77525383,1
0.21586166,0.7841383,1
0.89552116,0.10447892,0
0.3625569,0.63744307,1
0.9862525,0.013747458,0
0.2572474,0.7427526,1
0.043703347,0.9562966,1
0.091602676,0.9083973,1
0.17082623,0.8291738,1
0.025129255,0.9748708,1
0.05958904,0.940411,1
0.090262964,0.90973705,1
0.31594878,0.6840513,0
0.67742807,0.3225719,0
0.06028724,0.93971276,1
0.061122794,0.9388772,1
0.043642137,0.9563579,1
0.23510043,0.7648996,0
0.254821,0.745179,0
0.24510205,0.75489795,0
0.98384535,0.016154608,0
0.98977685,0.01022323,0
0.9123711,0.08762895,0
0.34966323,0.65033674,1
0.35613146,0.64386857,1
0.28270334,0.71729666,1
0.30389574,0.6961043,1
0.39950413,0.6004959,1
0.982167,0.017832963,0
0.95857537,0.041424595,0
0.12608027,0.8739197,1
0.656345,0.34365493,0
0.6903139,0.30968612,0
0.69267935,0.30732062,0
0.32419458,0.67580545,1
0.5466444,0.45335564,1
0.40762144,0.59237856,1
0.35787806,0.642122,1
0.04483213,0.9551679,1
0.019201742,0.9807983,1
0.019023644,0.9809763,1
0.9305035,0.06949646,0
0.9292509,0.070749134,0
0.9221035,0.0778965,0
0.049718946,0.9502811,1
0.51406735,0.48593256,0
0.5270696,0.47293037,0
0.53257126,0.46742865,0
0.973097,0.026903003,0
0.98719066,0.012809391,0
0.98314613,0.016853807,0
0.6995169,0.30048314,0
0.6963002,0.3036998,0
0.28171727,0.71828276,1
0.13583168,0.8641683,1
0.13708249,0.8629175,1
0.09972032,0.9002797,1
0.78553903,0.21446095,0
0.52140874,0.47859126,1
0.81929296,0.18070705,0
0.7522402,0.2477598,0
0.9826994,0.017300598,0
0.78092736,0.21907255,0
0.35123456,0.6487654,1
0.337598,0.66240203,1
0.31651002,0.68349,1
0.3352835,0.6647165,1
0.65260327,0.3473967,0
0.897384,0.102616034,0
0.8976157,0.10238428,0
0.74543935,0.25456065,0
0.59492075,0.40507925,1
0.960477,0.039522972,0
0.8055794,0.1944206,0
0.6096571,0.3903429,0
0.29898113,0.7010188,1
0.32790646,0.6720936,1
0.85577273,0.14422722,0
0.9045516,0.09544837,0
0.9142691,0.08573094,0
0.986566,0.013433953,0
0.9810611,0.018938864,0
0.9798753,0.02012464,0
0.6563713,0.34362867,1
0.5811206,0.4188794,1
0.28359684,0.7164031,1
0.3042849,0.6957151,1
0.98920804,0.010791946,0
0.99180144,0.008198519,0
0.5547489,0.4452511,1
0.25283125,0.7471687,1
0.13032892,0.86967105,1
0.14561577,0.8543843,1
0.1879572,0.8120428,1
0.15242225,0.8475778,1
0.16506569,0.8349343,1
0.20149763,0.7985024,1
0.21146812,0.7885319,1
0.22962971,0.77037024,1
0.7815592,0.21844079,0
0.9563352,0.043664746,0
0.9776945,0.022305511,0
0.014864465,0.9851355,1
0.010980934,0.9890191,1
0.077805415,0.92219454,1
0.44915953,0.5508405,0
0.93285984,0.06714016,0
0.75712425,0.24287574,0
0.69275105,0.30724892,0
0.35731336,0.6426866,1
0.09035642,0.90964365,1
0.05170136,0.94829863,1
0.019269435,0.98073053,1
0.018946161,0.9810539,1
0.8626059,0.13739406,0
0.96338826,0.03661175,0
0.9764938,0.0235062,0
0.035865743,0.9641342,1
0.03911708,0.96088296,1
0.039305594,0.96069443,1
0.039268266,0.96073174,1
0.033343494,0.96665645,1
0.10092489,0.8990751,1
0.7991513,0.20084873,0
0.86691827,0.13308176,0
0.072309315,0.9276907,1
0.73169285,0.26830715,0
0.5968388,0.40316126,0
0.034645222,0.9653548,1
0.021022076,0.9789779,1
0.27796066,0.72203934,0
0.0896854,0.91031456,1
0.060037345,0.9399626,1
0.9520199,0.047980167,0
0.77951556,0.22048439,0
0.7638143,0.2361857,0
0.4016212,0.59837884,0
0.1762387,0.82376134,1
0.18642826,0.81357175,1
0.15267298,0.84732705,1
0.22949268,0.77050734,0
0.24096839,0.7590316,1
0.2735973,0.7264027,1
0.7736065,0.22639355,0
0.7982549,0.2017451,0
0.88981557,0.11018441,0
0.9920644,0.007935599,0
0.9947838,0.0052162,0
0.98263437,0.017365612,0
0.9708182,0.029181749,0
0.65779036,0.3422096,1
0.47070685,0.5292932,1
0.3469285,0.6530715,1
0.17875364,0.8212464,1
0.3338643,0.66613567,1
0.70432687,0.29567313,0
0.33248004,0.66752,1
0.31282517,0.6871748,1
0.31478703,0.68521297,1
0.31310037,0.68689966,1
0.30635917,0.6936408,1
0.90311605,0.0968839,0
0.15388262,0.8461174,1
0.24904239,0.7509576,1
0.2002312,0.7997688,1
0.61438215,0.38561785,0
0.6561951,0.34380493,0
0.6837962,0.31620377,0
0.20468307,0.7953169,1
0.47013834,0.5298616,1
0.92614853,0.07385146,0
0.96312946,0.036870595,0
0.6946268,0.30537313,1
0.05906971,0.9409303,1
0.59012896,0.40987095,0
0.55043054,0.44956946,0
0.5465344,0.45346564,0
0.077856414,0.9221436,1
0.08222263,0.91777736,1
0.02686175,0.9731382,1
0.8372491,0.16275094,0
0.8484846,0.15151544,0
0.925893,0.074107006,0
0.9629985,0.037001435,0
0.27861625,0.72138375,1
0.02979189,0.97020817,1
0.6689714,0.33102858,0
0.49863845,0.5013616,0
0.35540277,0.64459723,0
0.44487128,0.55512863,0
0.78923035,0.21076964,0
0.85310805,0.14689192,0
0.82583386,0.17416611,0
0.42978603,0.570214,1
0.87618524,0.123814814,0
0.9785709,0.021429166,0
0.0442469,0.95575315,1
0.044308625,0.9556914,1
0.021311566,0.9786885,1
0.033309344,0.96669066,1
0.055670485,0.94432956,1
0.1050148,0.89498526,1
0.10593883,0.8940612,1
0.062516905,0.9374831,1
0.06085173,0.9391483,1
0.9795449,0.020455059,0
0.05324826,0.9467518,1
0.049199224,0.9508008,1
0.29568952,0.7043105,0
0.37738743,0.6226126,0
0.366523,0.63347703,0
0.85889876,0.14110124,0
0.8809272,0.119072765,0
0.9826697,0.017330352,0
0.979957,0.020043062,0
0.96436125,0.03563872,0
0.92574054,0.074259475,0
0.75098926,0.24901074,0
0.8494002,0.15059978,0
0.88877594,0.11122399,0
0.98201996,0.01798007,0
0.9885206,0.011479288,0
0.23345701,0.766543,1
0.29227936,0.70772064,1
0.29990995,0.70009005,1
0.29545912,0.70454085,1
0.9642664,0.035733566,0
0.9820254,0.017974608,0
0.37585342,0.6241466,1
0.42794433,0.57205564,1
0.27914837,0.7208516,1
0.04546337,0.9545366,1
0.012979308,0.9870207,1
0.28013328,0.71986675,1
0.023011623,0.9769884,1
0.046239886,0.9537601,1
0.92465806,0.07534197,0
0.66230524,0.33769473,0
0.66101456,0.33898538,0
0.06906125,0.9309387,1
0.047414824,0.95258516,1
0.34723568,0.6527643,0
0.34657016,0.6534298,0
0.6615564,0.3384436,0
0.6926036,0.30739644,0
0.45427138,0.5457286,0
0.47669134,0.5233087,0
0.50772375,0.4922762,0
0.530567,0.46943304,0
0.9779816,0.022018421,0
0.7055455,0.2944545,0
0.401326,0.598674,1
0.7103696,0.28963038,0
0.3600601,0.6399399,1
0.5703583,0.42964175,0
0.7070543,0.29294565,0
0.5764919,0.4235081,0
0.83936787,0.16063213,0
0.68483573,0.31516418,0
0.36692062,0.63307935,1
0.80912024,0.19087982,1
0.31767523,0.68232477,1
0.8330954,0.16690461,0
0.8315514,0.16844861,0
0.8241348,0.17586514,0
0.7097697,0.2902303,0
0.9036623,0.09633762,0
0.5162838,0.48371622,0
0.6306197,0.36938027,0
0.710667,0.28933305,0
0.77090853,0.2290915,0
0.8614305,0.13856944,0
0.813754,0.18624592,0
0.77902186,0.22097813,0
0.95347744,0.046522565,0
0.98218924,0.017810745,0
0.97960186,0.020398175,0
0.97684264,0.023157293,0
0.29409337,0.7059067,1
0.50140774,0.4985922,1
0.50624126,0.49375874,1
0.4273068,0.5726932,1
0.7631753,0.23682462,0
0.22387856,0.7761215,1
0.12839977,0.8716002,1
0.80265576,0.19734426,0
0.29234776,0.70765215,1
0.8518513,0.14814869,0
0.8574076,0.14259239,0
0.991895,0.008104989,0
0.9878562,0.012143789,0
0.24886599,0.75113404,1
0.16829766,0.83170235,1
0.19834124,0.8016587,1
0.13164878,0.8683512,1
0.12827012,0.8717299,1
0.21806505,0.781935,1
0.27872792,0.7212721,1
0.4972774,0.50272256,1
0.98072755,0.019272454,0
0.9499322,0.050067827,0
0.904435,0.095565096,0
0.7874728,0.21252722,0
0.6870085,0.31299153,0
0.7232168,0.27678323,0
0.8479606,0.15203941,0
0.84961116,0.1503888,1
0.9778336,0.022166392,0
0.9818278,0.018172182,0
0.9395354,0.06046462,0
0.8981712,0.10182878,0
0.8936247,0.10637529,0
0.55430704,0.44569302,1
0.55286354,0.44713655,1
0.86757725,0.13242275,0
0.6980586,0.30194142,1
0.8791922,0.12080787,0
0.8739311,0.12606886,0
0.89340913,0.10659088,0
0.4928211,0.5071789,1
0.91226405,0.08773601,1
0.98744327,0.012556716,0
0.60526305,0.394737,1
0.3402296,0.6597704,1
0.18343955,0.81656045,1
0.24584734,0.7541527,1
0.8931429,0.10685713,0
0.8631978,0.1368022,0
0.46175575,0.5382442,1
0.9945748,0.005425152,0
0.9935822,0.006417814,0
0.9839294,0.01607061,0
0.9276302,0.072369784,0
0.9636159,0.036384106,0
0.8508578,0.1491422,0
0.8213715,0.17862844,0
0.7998888,0.20011127,0
0.82623345,0.17376652,0
0.8641165,0.13588351,0
0.87226325,0.1277367,0
0.87233126,0.12766877,0
0.8508531,0.14914694,0
0.5507907,0.4492093,1
0.85830307,0.14169692,0
0.9972784,0.0027216556,0
0.9885697,0.011430332,0
0.98504883,0.014951151,0
0.861306,0.13869403,0
0.62297195,0.37702808,1
0.77248836,0.22751163,1
0.8171556,0.1828444,1
0.8343449,0.16565509,1
0.83353776,0.1664623,1
0.8538246,0.14617543,1
0.69040895,0.30959103,1
0.6070262,0.39297384,1
0.98306847,0.016931484,0
0.9813865,0.018613521,0
0.972995,0.027005056,0
0.7453629,0.25463715,0
0.7513005,0.24869958,0
0.6621486,0.33785146,1
0.6233155,0.37668452,1
0.29797062,0.7020294,1
0.31304216,0.6869578,1
0.78382885,0.21617112,0
0.74712986,0.25287017,0
0.8082397,0.19176032,0
0.837023,0.16297694,0
0.9564718,0.04352815,0
0.98434204,0.015657974,0
0.98164064,0.018359335,0
0.22717515,0.7728248,1
0.7645538,0.23544617,0
0.13865788,0.8613422,1
0.77114487,0.22885515,0
0.85416406,0.14583594,0
0.9121788,0.087821186,0
0.6066327,0.3933673,1
0.30839974,0.69160026,1
0.7958215,0.20417845,0
0.9311801,0.06881989,0
0.80033326,0.19966672,0
0.6858871,0.31411287,0
0.37023535,0.6297647,1
0.34354356,0.6564564,1
0.34060496,0.65939504,1
0.65897655,0.34102345,0
0.773262,0.22673793,0
0.8313345,0.16866551,0
0.19665766,0.8033423,1
0.9236051,0.07639491,0
0.7973599,0.20264009,0
0.7367255,0.2632745,0
0.6956913,0.30430868,0
0.70647496,0.29352504,0
0.7193239,0.28067616,0
0.76555634,0.23444366,0
0.9023297,0.09767035,0
0.92504513,0.074954845,0
0.81828916,0.18171082,0
0.728912,0.27108803,1
0.7239051,0.27609485,1
0.6943123,0.30568773,1
0.7224213,0.2775787,1
0.72629255,0.27370742,1
0.71027154,0.28972843,1
0.9596184,0.04038162,1
0.9615848,0.03841523,0
0.8855931,0.114406936,0
0.8399279,0.1600721,0
0.7651615,0.23483846,1
0.7429323,0.2570677,1
0.30585802,0.69414204,1
0.29656732,0.7034326,1
0.72219956,0.27780047,0
0.6928997,0.30710036,0
0.7119609,0.2880391,0
0.720583,0.27941704,0
0.24864686,0.7513532,1
0.22393353,0.7760665,1
0.87640935,0.12359067,0
0.789677,0.21032302,1
0.90398926,0.09601078,0
0.5349466,0.46505332,0
0.21741901,0.78258103,1
0.18097255,0.8190275,1
0.19662696,0.803373,1
0.20391746,0.7960825,1
0.24165379,0.7583462,1
0.2500902,0.7499098,1
0.19596219,0.80403775,1
0.2018688,0.7981312,1
0.25600132,0.74399865,0
0.1910714,0.8089286,1
0.90807086,0.09192907,0
0.9432237,0.056776356,0
0.86976284,0.13023709,0
0.43583307,0.56416696,0
0.17263234,0.82736766,1
0.16428159,0.8357184,1
0.1796118,0.8203882,1
0.16549918,0.8345008,1
0.22737223,0.7726278,1
0.14281555,0.85718447,1
0.63306874,0.36693126,0
0.53513443,0.4648656,0
0.06804547,0.9319545,1
0.05622817,0.9437718,1
0.052973446,0.94702655,1
0.04654391,0.9534561,1
0.035070784,0.96492916,1
0.021047713,0.9789523,1
0.030893799,0.96910614,1
0.025756711,0.9742433,1
0.056506127,0.9434939,1
0.14931856,0.8506814,0
0.27288502,0.727115,0
0.23753166,0.76246834,1
0.004578991,0.995421,1
0.16175069,0.8382493,0
0.2587192,0.7412808,0
0.6731307,0.32686928,0
0.63831466,0.36168534,0
0.7740875,0.22591254,0
0.91123044,0.08876958,0
0.8917017,0.108298294,0
0.6973729,0.30262715,0
0.73171514,0.2682849,0
0.73694426,0.2630557,0
0.72316873,0.27683127,0
0.7333647,0.2666354,1
0.95047086,0.04952912,0
0.62909,0.37091002,1
0.7783347,0.22166535,0
0.5591591,0.4408409,1
0.5101476,0.48985243,1
0.7370139,0.26298606,0
0.7520931,0.24790692,0
0.70392936,0.29607067,0
0.7316221,0.26837787,1
0.653546,0.346454,1
0.878035,0.12196501,0
0.9645604,0.035439566,0
0.9238714,0.0761286,0
0.73397017,0.2660298,1
0.5469438,0.4530562,1
0.14988932,0.85011065,1
0.15070923,0.8492908,1
0.100468814,0.8995312,1
0.12137077,0.8786292,1
0.17723276,0.8227672,1
0.1834769,0.8165231,1
0.25034374,0.74965626,1
0.2940189,0.70598114,0
0.7119354,0.28806463,0
0.8754348,0.124565184,0
0.81472105,0.185279,0
0.57961607,0.4203839,0
0.28497633,0.71502364,0
0.19992204,0.800078,1
0.23935807,0.76064193,0
0.40347028,0.5965298,0
0.23461732,0.7653827,1
0.197762,0.802238,1
0.41701242,0.58298755,0
0.652122,0.34787795,0
0.68069655,0.31930348,0
0.91532916,0.0846709,0
0.97838736,0.021612708,0
0.7038767,0.29612336,0
0.504426,0.49557406,1
0.29265246,0.7073476,1
0.20619167,0.79380834,1
0.5952327,0.40476727,0
0.6109818,0.38901818,0
0.6240858,0.37591416,0
0.6231107,0.37688932,0
0.3536444,0.6463556,1
0.33538043,0.6646196,1
0.6438746,0.3561254,0
0.35854957,0.64145046,1
0.59294,0.40705994,0
0.8123639,0.18763603,0
0.9047475,0.09525253,0
0.65401393,0.34598607,1
0.72210497,0.27789506,0
0.16890185,0.8310982,1
0.25505954,0.7449405,1
0.16955774,0.83044225,1
0.6259705,0.37402955,1
0.86658406,0.133416,0
0.82703435,0.17296563,0
0.44172254,0.5582775,1
0.5734637,0.42653632,0
0.7412342,0.2587658,0
0.43049365,0.56950635,0
0.61920923,0.38079074,0
0.30942595,0.6905741,1
0.3411763,0.65882367,1
0.1809047,0.8190953,1
0.85240406,0.14759591,0
0.5351026,0.4648974,0
0.1052866,0.89471334,1
0.07902982,0.9209702,1
0.779807,0.22019307,0
0.36986724,0.6301328,0
0.23698248,0.7630175,1
0.28240553,0.7175945,0
0.8097617,0.19023833,0
0.9186419,0.0813581,0
0.8778125,0.12218749,0
0.8046257,0.19537437,0
0.738355,0.26164505,0
0.49559337,0.50440663,0
0.499548,0.50045204,0
0.55815256,0.44184735,0
0.6272648,0.37273514,0
0.6742736,0.32572633,0
0.7730745,0.2269255,1
0.8134035,0.18659653,1
0.8623628,0.1376372,0
0.83810246,0.16189754,0
0.24154173,0.7584583,1
0.43184054,0.5681594,0
0.45095626,0.5490437,0
0.4743859,0.52561414,0
0.54163086,0.45836914,0
0.5493382,0.4506618,0
0.55259675,0.44740316,0
0.5727122,0.42728782,0
0.2788319,0.7211681,1
0.2850368,0.71496326,1
0.2896461,0.71035385,1
0.7638142,0.23618573,1
0.85608876,0.14391124,0
0.5397566,0.46024334,1
0.652214,0.347786,0
0.4058243,0.59417576,1
0.17651236,0.8234876,1
0.15232672,0.8476733,1
0.21325874,0.78674126,1
0.23389883,0.7661012,1
0.25549474,0.7445052,0
0.24791232,0.75208765,0
0.2423091,0.7576909,0
0.8058933,0.19410664,0
0.763174,0.23682596,0
0.38571796,0.614282,0
0.15721436,0.84278566,1
0.121338375,0.87866163,1
0.17603429,0.8239657,1
0.22630446,0.7736955,1
0.1773924,0.8226076,1
0.14172015,0.8582799,1
0.18176068,0.8182393,0
0.15330565,0.84669435,1
0.8666039,0.1333961,0
0.7938495,0.20615052,0
0.75691956,0.24308045,0
0.64036566,0.3596344,0
0.5470005,0.45299947,0
0.35466918,0.64533085,1
0.5755664,0.4244336,0
0.5489448,0.4510553,0
0.47701296,0.522987,0
0.057332154,0.94266784,1
0.06827969,0.9317203,1
0.05478963,0.9452104,1
0.06562194,0.9343781,1
0.06264476,0.9373553,1
0.06091618,0.9390839,1
0.09452393,0.90547603,1
0.13269171,0.8673083,1
0.13612653,0.8638735,1
0.14063898,0.85936105,1
0.23108147,0.7689185,0
0.782891,0.21710904,0
0.094007544,0.9059925,1
0.121720746,0.87827927,1
0.027828718,0.97217125,1
0.0051189284,0.99488103,1
0.19908613,0.8009138,0
0.14245638,0.8575436,0
0.2146156,0.78538436,0
0.66694087,0.33305916,0
0.48195073,0.51804924,0
0.18953806,0.810462,0
0.04085959,0.9591405,1
0.0418791,0.9581209,1
0.042427808,0.95757216,1
0.045686502,0.95431346,1
0.11868341,0.88131666,1
0.1856298,0.8143702,0
0.19567935,0.8043207,0
0.20719734,0.79280263,0
0.43300572,0.5669942,0
0.8504595,0.14954041,0
0.4510948,0.54890525,0
0.34079504,0.65920496,0
0.23071343,0.7692865,0
0.28421253,0.7157875,0
0.19728313,0.80271685,0
0.26051447,0.73948556,0
0.40629628,0.59370375,0
0.24700579,0.7529942,0
0.49337783,0.5066222,0
0.49293253,0.5070675,0
0.49092045,0.5090796,0
0.5892284,0.4107716,0
0.44150364,0.5584963,0
0.7039638,0.2960362,0
0.42839178,0.57160825,0
0.8937355,0.10626444,0
0.57361156,0.4263884,0
0.22622195,0.773778,1
0.21827902,0.781721,1
0.17930177,0.82069826,1
0.23945154,0.7605485,1
0.9415991,0.058400992,0
0.9476321,0.052367933,0
0.5486689,0.45133108,0
0.20893042,0.79106957,1
0.3728424,0.6271576,0
0.66454476,0.33545524,0
0.35689315,0.6431068,1
0.5974892,0.4025108,0
0.9180288,0.081971236,0
0.8460031,0.1539969,0
0.5019581,0.49804196,1
0.16854866,0.8314513,1
0.214164,0.78583604,1
0.18786564,0.8121343,1
0.16109613,0.83890384,1
0.8673319,0.1326681,0
0.9491424,0.050857544,0
0.05176784,0.9482322,1
0.41151908,0.58848095,0
0.14111692,0.8588831,1
0.1538983,0.84610176,1
0.5425278,0.4574722,0
0.20560145,0.79439855,1
0.27648383,0.72351617,1
0.65858155,0.34141847,0
0.785857,0.21414298,0
0.4761507,0.52384925,1
0.10065274,0.8993473,1
0.10368546,0.89631456,1
0.103810646,0.89618933,1
0.10665086,0.8933491,1
0.21473306,0.78526694,1
0.13761878,0.8623812,1
0.36953437,0.6304656,0
0.34354392,0.65645605,0
0.8923767,0.107623294,0
0.8966673,0.10333267,0
0.1825687,0.81743133,1
0.1973176,0.8026824,1
0.18815675,0.8118432,1
0.14975482,0.8502452,1
0.17035894,0.829641,1
0.2289007,0.77109927,1
0.8391067,0.16089335,0
0.18504001,0.81496,1
0.17942934,0.8205707,1
0.20859917,0.7914008,0
0.116740085,0.8832599,1
0.19465284,0.80534714,1
0.26926613,0.7307338,1
0.2641039,0.7358961,1
0.30077806,0.69922197,0
0.68857694,0.3114231,0
0.20570765,0.79429233,0
0.18368179,0.81631815,1
0.13784158,0.8621584,1
0.14049707,0.85950285,1
0.14954267,0.8504573,1
0.2336087,0.7663913,0
0.11304932,0.8869507,1
0.124232545,0.87576747,1
0.14487164,0.85512835,1
0.1534826,0.8465174,1
0.17831177,0.82168823,1
0.24095778,0.7590422,0
0.28959525,0.71040475,0
0.9325527,0.06744729,0
0.90751344,0.09248648,0
0.8829222,0.11707791,0
0.27497405,0.725026,0
0.15409175,0.8459082,1
0.3272714,0.6727286,0
0.61621815,0.38378182,0
0.59040356,0.4095965,0
0.5891915,0.41080847,0
0.7716771,0.22832294,0
0.8415367,0.15846327,0
0.6123409,0.38765907,1
0.49008587,0.5099141,1
0.04797988,0.9520201,1
0.043468196,0.9565318,1
0.056143947,0.9438561,1
0.054204717,0.94579524,1
0.06192192,0.93807805,1
0.5795141,0.42048597,0
0.14427017,0.8557298,1
0.19071008,0.80928993,1
0.7847223,0.21527766,0
0.8960109,0.10398914,0
0.06721346,0.9327865,1
0.066370144,0.9336298,1
0.077872984,0.922127,1
0.07101116,0.92898875,1
0.6865309,0.31346917,0
0.709293,0.29070696,0
0.6982651,0.30173495,0
0.72433954,0.27566046,0
0.10504546,0.89495456,1
0.1030258,0.89697427,1
0.11899677,0.88100326,1
0.10589318,0.89410686,1
0.10259359,0.8974064,1
0.7685963,0.23140374,0
0.31673864,0.68326133,0
0.9562389,0.043761108,0
0.92317444,0.076825626,0
0.53031343,0.46968663,0
0.29081285,0.7091872,0
0.45216918,0.5478308,0
0.59771955,0.40228042,0
0.20532463,0.79467535,1
0.2056998,0.79430014,1
0.18930279,0.8106972,1
0.18011123,0.8198887,1
0.15558088,0.8444191,1
0.26321188,0.7367881,1
0.7293527,0.2706473,0
0.9198325,0.08016747,0
0.82696736,0.17303267,0
0.68419874,0.3158013,0
0.6825387,0.3174613,0
0.19471894,0.80528104,1
0.18234777,0.8176522,1
0.1692241,0.83077586,1
0.11342119,0.8865788,1
0.21313669,0.7868633,0
0.7766752,0.22332482,0
0.9301457,0.06985429,0
0.26964095,0.7303591,0
0.21037023,0.78962976,0
0.14065954,0.8593404,1
0.14310773,0.8568923,1
0.25581944,0.7441805,1
0.9264598,0.07354017,0
0.95078623,0.04921379,0
0.75009835,0.24990165,0
0.8600344,0.13996558,0
0.39053625,0.60946375,1
0.0637142,0.93628585,1
0.05916389,0.94083613,1
0.034586012,0.96541405,1
0.09660077,0.90339917,1
0.17121589,0.8287841,0
0.76478875,0.23521131,0
0.7921416,0.20785834,0
0.7044092,0.29559085,0
0.02324567,0.9767543,1
0.036747802,0.9632522,1
0.038034517,0.96196544,1
0.027964817,0.97203517,0
0.030691339,0.9693086,1
0.1934361,0.8065639,0
0.5921902,0.40780982,0
0.34860125,0.6513987,0
0.69387394,0.30612603,0
0.7232555,0.27674454,0
0.8693051,0.13069496,0
0.94874865,0.05125131,0
0.052191544,0.94780844,1
0.08363645,0.91636354,1
0.42162612,0.57837385,0
0.35864288,0.6413571,0
0.94718546,0.052814472,0
0.96493185,0.035068154,0
0.84341085,0.15658921,0
0.28319183,0.71680814,1
0.12235589,0.87764406,1
0.17897296,0.82102704,1
0.1391553,0.86084473,1
0.27479452,0.7252055,1
0.34750587,0.65249413,1
0.34967932,0.65032065,1
0.36942896,0.63057107,1
0.47372398,0.526276,0
0.70533603,0.294664,0
0.5261953,0.4738047,0
0.7160053,0.2839947,0
0.7459559,0.25404412,0
0.95915484,0.040845197,0
0.89218456,0.10781546,0
0.21627267,0.7837273,1
0.2184437,0.7815563,1
0.30846596,0.69153404,1
0.4548601,0.54513997,0
0.6580403,0.34195977,0
0.4878785,0.51212144,0
0.7099402,0.2900598,0
0.9020982,0.09790183,0
0.58146983,0.41853023,1
0.24742107,0.752579,1
0.2330805,0.76691943,1
0.20067817,0.7993219,1
0.18377043,0.8162295,1
0.18100655,0.8189935,1
0.18910864,0.8108914,1
0.20604597,0.7939541,1
0.1672873,0.8327127,1
0.73750544,0.26249462,0
0.60089564,0.3991044,0
0.5976417,0.40235832,0
0.97771275,0.022287278,0
0.8388744,0.16112563,0
0.56783116,0.43216887,1
0.7845037,0.21549629,0
0.16833,0.83167,1
0.17640847,0.8235916,1
0.18136163,0.8186384,1
0.16592872,0.83407134,1
0.17281657,0.8271834,1
0.24903119,0.7509688,1
0.2607581,0.7392419,1
0.38618872,0.6138113,0
0.68162984,0.31837016,0
0.87423563,0.12576441,0
0.57519096,0.42480907,0
0.42414188,0.5758581,0
0.119507946,0.88049203,1
0.15447283,0.8455272,1
0.64053965,0.35946032,0
0.62771136,0.37228858,0
0.9159642,0.08403582,0
0.93945163,0.06054832,0
0.14434506,0.8556549,1
0.07997656,0.92002344,1
0.028421355,0.97157866,1
0.4174383,0.58256173,0
0.48630774,0.5136923,0
0.85783726,0.14216274,0
0.5526922,0.4473078,0
0.061479785,0.9385202,1
0.075440094,0.92455995,1
0.055653762,0.94434625,1
0.1444148,0.85558516,0
0.14330749,0.8566925,0
0.29413772,0.7058623,0
0.49729735,0.5027027,0
0.76266915,0.23733085,0
0.9790123,0.020987675,0
0.69073546,0.30926454,0
0.737269,0.26273105,0
0.8024777,0.19752225,0
0.6915556,0.30844435,0
0.9286516,0.07134846,0
0.79677725,0.20322277,0
0.37216055,0.62783945,0
0.37530842,0.62469155,0
0.2631321,0.7368679,1
0.28131452,0.7186855,1
0.21975882,0.7802412,1
0.5322908,0.46770918,0
0.4378113,0.5621886,0
0.9475407,0.052459266,0
0.98045474,0.019545307,0
0.6918379,0.30816212,0
0.31322658,0.6867734,1
0.28335467,0.7166453,1
0.191734,0.808266,1
0.1798338,0.8201662,1
0.48790857,0.51209146,0
0.5600087,0.43999135,0
0.43374556,0.56625444,0
0.40424457,0.5957554,0
0.6408215,0.35917848,0
0.8945842,0.10541579,0
0.8545672,0.14543281,0
0.8173315,0.18266852,0
0.9192532,0.08074689,0
0.35565364,0.64434636,0
0.15966539,0.8403346,1
0.095681004,0.90431905,1
0.0419438,0.9580562,1
0.044613592,0.9553864,1
0.07673548,0.92326456,1
0.10058091,0.89941907,1
0.69106317,0.30893677,0
0.5781426,0.42185748,0
0.24762167,0.7523783,0
0.18031608,0.81968397,0
0.17952749,0.82047254,0
0.2435573,0.7564427,0
0.21461615,0.7853839,0
0.1566726,0.8433274,0
0.115391046,0.884609,1
0.17808318,0.8219168,0
0.15573667,0.8442633,1
0.21856685,0.7814331,1
0.76500386,0.23499614,0
0.5256365,0.47436345,1
0.04050863,0.95949143,1
0.019938411,0.9800616,1
0.03095617,0.9690438,1
0.019951176,0.9800488,1
0.056597818,0.94340223,0
0.12519853,0.8748015,0
0.34604117,0.6539589,0
0.26855132,0.73144865,0
0.92238206,0.07761797,0
0.9293174,0.07068263,0
0.58433396,0.415666,0
0.5015671,0.4984329,0
0.29217583,0.7078242,0
0.06641301,0.933587,0
0.08352376,0.91647625,0
0.17543441,0.82456565,0
0.14822657,0.85177344,0
0.2984373,0.70156264,0
0.55644834,0.44355163,0
0.9284341,0.07156594,0
0.98319757,0.016802441,0
0.82848054,0.17151946,0
0.60532266,0.39467734,1
0.120800905,0.8791991,1
0.1300155,0.8699845,1
0.17143598,0.82856405,1
0.14791264,0.85208744,1
0.3468072,0.6531927,0
0.9736936,0.026306387,0
0.9705654,0.029434696,0
0.95514816,0.04485187,0
0.45361266,0.5463874,0
0.22711886,0.77288115,1
0.24482408,0.7551759,1
0.293558,0.706442,0
0.3238882,0.67611176,0
0.36839187,0.6316081,0
0.5091925,0.4908075,0
0.6989923,0.30100775,1
0.5887107,0.41128927,1
0.22933383,0.7706662,1
0.29255557,0.7074444,1
0.22886084,0.7711392,1
0.2723247,0.7276753,1
0.79930645,0.20069352,0
0.84291,0.15709008,0
0.76125526,0.23874481,0
0.8472668,0.1527332,0
0.9514096,0.04859037,0
0.97563964,0.024360416,0
0.90081847,0.0991815,0
0.44036573,0.55963427,1
0.40528786,0.59471214,1
0.7653027,0.23469724,0
0.31660235,0.68339765,1
0.25420523,0.7457948,1
0.18628855,0.8137114,1
0.83760035,0.16239966,0
0.87687194,0.123128034,0
0.97115326,0.02884676,0
0.9122478,0.08775221,0
0.89376324,0.1062367,0
0.78164047,0.21835946,0
0.4641043,0.53589576,1
0.7086496,0.2913504,1
0.9565123,0.043487675,0
0.3172925,0.6827075,1
0.033323444,0.96667653,1
0.032653306,0.96734667,1
0.26277626,0.73722374,1
0.6675607,0.33243924,0
0.734883,0.26511696,0
0.90296364,0.09703641,0
0.9695099,0.030490054,0
0.9530051,0.04699497,0
0.68338,0.31661996,0
0.52000076,0.47999924,1
0.08410625,0.9158938,1
0.102669366,0.8973306,1
0.07351848,0.9264815,1
0.089775264,0.9102247,1
0.17220742,0.8277925,1
0.13678917,0.86321086,1
0.22819857,0.7718015,1
0.16309243,0.83690757,1
0.45328176,0.54671824,0
0.8207817,0.17921832,0
0.813035,0.186965,0
0.65433216,0.34566775,0
0.29748058,0.7025194,1
0.32123104,0.67876893,1
0.37268028,0.62731975,1
0.33534816,0.6646518,1
0.8478574,0.15214258,0
0.97271514,0.02728486,0
0.83376664,0.16623335,1
0.6245191,0.37548086,0
0.45575634,0.5442437,1
0.8394906,0.16050936,0
0.42476913,0.5752309,1
0.9021078,0.097892284,0
0.697537,0.30246297,1
0.24740538,0.75259465,1
0.1865304,0.81346965,1
0.18497868,0.81502134,1
0.17153679,0.82846326,1
0.15610103,0.84389895,1
0.1599881,0.8400119,1
0.27137727,0.72862273,1
0.29139066,0.70860934,1
0.8827646,0.11723549,0
0.9551816,0.04481845,0
0.5040354,0.49596465,0
0.87171006,0.12828992,0
0.3451592,0.65484077,1
0.8814846,0.11851535,0
0.9581527,0.041847225,0
0.9620999,0.037900012,0
0.9260195,0.073980525,0
0.89442116,0.105578795,0
0.77739936,0.22260062,0
0.78832215,0.21167785,0
0.2799232,0.7200768,1
0.8135722,0.18642782,0
0.26446635,0.7355336,1
0.07079117,0.9292088,1
0.07229368,0.9277063,1
0.074549295,0.9254507,1
0.09208322,0.9079168,1
0.09145855,0.9085415,1
0.252264,0.74773604,1
0.2975518,0.7024482,1
0.86872214,0.1312778,0
0.37810805,0.621892,1
0.9695384,0.030461654,0
0.9627863,0.03721369,0
0.91793203,0.08206799,0
0.8049295,0.1950705,0
0.68614566,0.3138544,0
0.7065455,0.29345453,0
0.831983,0.16801701,0
0.861242,0.13875799,0
0.8662386,0.13376136,0
0.97146994,0.0285301,0
0.95570946,0.044290535,0
0.94709814,0.05290185,0
0.75916487,0.24083509,1
0.6627827,0.33721718,1
0.6639733,0.33602673,1
0.8659878,0.13401225,0
0.8713174,0.1286826,0
0.91706115,0.08293888,0
0.91246396,0.087536074,0
0.9336159,0.06638413,0
0.8084058,0.1915942,0
0.50221944,0.49778065,1
0.78134197,0.218658,0
0.8134325,0.18656752,1
0.90790313,0.09209692,0
0.89115334,0.10884665,0
0.8868837,0.11311627,0
0.9602217,0.03977834,0
0.9785769,0.021423051,0
0.9541519,0.045848124,0
0.9479148,0.052085184,0
0.7845123,0.21548767,1
0.40721765,0.5927823,1
0.5035758,0.49642423,1
0.5078856,0.4921144,1
0.48610225,0.5138978,1
0.3486558,0.6513442,1
0.449121,0.55087906,1
0.53362465,0.46637535,1
0.4925206,0.50747937,1
0.61139125,0.3886088,1
0.67075807,0.32924187,1
0.91965073,0.08034926,0
0.9183279,0.08167201,0
0.8962933,0.10370666,0
0.9291909,0.07080911,0
0.8722112,0.12778878,0
0.65465933,0.34534073,1
0.8603833,0.13961676,0
0.8460929,0.15390714,0
0.8431513,0.1568487,1
0.667867,0.332133,1
0.8350391,0.16496092,0
0.23632416,0.76367587,1
0.18823256,0.8117675,1
0.97186804,0.02813195,0
0.9172463,0.082753755,0
0.86816305,0.13183697,0
0.8301503,0.16984975,0
0.4423221,0.55767787,0
0.37904215,0.6209578,0
0.37900916,0.6209909,0
0.8409783,0.15902166,0
0.79914284,0.20085716,0
0.84926844,0.15073153,0
0.85876685,0.14123316,1
0.6349044,0.3650956,1
0.5333981,0.4666019,1
0.15130988,0.84869015,1
0.12793002,0.87207,1
0.3130687,0.6869314,1
0.29781732,0.70218265,1
0.2918184,0.7081816,1
0.8229333,0.17706667,0
0.83952546,0.16047452,0
0.8511141,0.14888592,0
0.9741499,0.025850117,0
0.98285055,0.017149458,0
0.938526,0.06147401,0
0.879514,0.12048603,0
0.37962666,0.62037325,1
0.319792,0.680208,1
0.41632798,0.58367205,1
0.13592787,0.8640722,1
0.12399316,0.87600684,1
0.1635078,0.8364922,1
0.11103033,0.8889697,1
0.107853696,0.8921463,1
0.7677512,0.23224883,0
0.8680736,0.1319264,0
0.93552005,0.06447991,0
0.9640056,0.035994425,0
0.8311294,0.1688706,0
0.41405827,0.5859417,0
0.42564985,0.5743502,0
0.19709998,0.8029,1
0.22785102,0.77214897,1
0.3742199,0.62578005,0
0.19492102,0.80507904,1
0.18654382,0.8134562,1
0.44564378,0.5543562,0
0.9631884,0.03681161,0
0.3061455,0.6938545,1
0.16936028,0.8306397,1
0.098870836,0.9011292,1
0.10263262,0.89736736,1
0.108037114,0.89196295,1
0.1021518,0.8978482,1
0.09398204,0.90601796,1
0.85801274,0.14198723,0
0.8753715,0.12462851,0
0.82558143,0.17441864,0
0.9175039,0.08249607,0
0.9513829,0.048617188,0
0.30535063,0.69464934,0
0.71424395,0.28575608,0
0.8068439,0.19315611,0
0.8632929,0.1367072,0
0.8619827,0.13801728,0
0.85756683,0.14243323,0
0.8497427,0.15025729,0
0.86405814,0.13594194,0
0.848628,0.151372,0
0.7520946,0.24790534,1
0.87158495,0.12841499,0
0.98487586,0.015124157,0
0.970302,0.029698068,0
0.9572174,0.042782594,0
0.90738606,0.0926139,0
0.8467825,0.1532175,0
0.3381537,0.6618463,1
0.74985117,0.25014883,0
0.62540877,0.37459126,1
0.38507953,0.6149205,1
0.19167922,0.8083208,1
0.8354571,0.16454296,0
0.8243462,0.17565379,0
0.8308131,0.16918689,0
0.82743376,0.17256626,0
0.9535913,0.046408776,0
0.33643126,0.66356874,1
0.5587008,0.44129914,0
0.6940393,0.30596069,0
0.7324481,0.26755193,0
0.64294565,0.35705435,0
0.21731599,0.78268397,1
0.87007636,0.12992361,0
0.6241926,0.37580734,1
0.70890576,0.2910942,0
0.7826263,0.21737376,0
0.9071026,0.09289737,0
0.9697186,0.03028143,0
0.78358996,0.21640998,0
0.47882813,0.52117187,1
0.4851849,0.51481515,1
0.8063975,0.19360252,0
0.88176566,0.11823436,0
0.38247412,0.6175258,1
0.88178265,0.118217364,0
0.9646367,0.035363346,0
0.60279566,0.3972043,1
0.60533285,0.3946672,1
0.87095,0.12905,0
0.57680756,0.42319247,1
0.8627451,0.13725483,0
0.94532317,0.05467684,0
0.9690248,0.030975215,0
0.8762782,0.12372178,0
0.84997886,0.15002117,0
0.86899954,0.13100049,0
0.8763683,0.12363164,0
0.8604264,0.13957357,1
0.875134,0.12486601,1
0.7513348,0.24866521,1
0.96954656,0.03045344,0
0.9587223,0.041277725,0
0.817449,0.18255106,1
0.8101447,0.18985523,1
0.8198516,0.18014847,1
0.8325335,0.16746652,1
0.8457605,0.15423945,0
0.83287466,0.16712528,1
0.8047824,0.19521761,1
0.93170965,0.06829029,0
0.62397224,0.3760278,1
0.82244414,0.17755587,0
0.8195028,0.18049723,0
0.9558851,0.044114888,0
0.7164653,0.28353465,0
0.7206201,0.2793799,1
0.6380476,0.36195245,1
0.532142,0.46785802,1
0.62616783,0.37383208,0
0.65747017,0.34252983,1
0.59711045,0.40288955,1
0.5346619,0.46533808,1
0.9698757,0.030124333,0
0.8890491,0.1109509,0
0.874425,0.125575,0
0.85370433,0.14629564,0
0.7510437,0.24895634,1
0.83058554,0.1694145,0
0.861304,0.13869606,0
0.8593772,0.14062276,0
0.8635519,0.1364481,0
0.8684865,0.13151346,0
0.8897227,0.11027732,0
0.90509474,0.094905324,0
0.8349829,0.16501711,0
0.53195363,0.46804634,1
0.8894835,0.110516496,1
0.32927936,0.67072064,1
0.5832558,0.41674417,1
0.7305257,0.26947433,1
0.61495334,0.3850467,1
0.9180794,0.08192057,0
0.8145148,0.18548523,0
0.9169176,0.083082385,0
0.8285745,0.1714255,0
0.4390795,0.56092054,1
0.52636313,0.47363684,1
0.70950633,0.2904937,0
0.75312877,0.24687123,0
0.854458,0.14554203,0
0.6466257,0.35337433,1
0.3590941,0.64090586,1
0.8625927,0.13740732,0
0.8669503,0.13304971,0
0.8893968,0.11060322,0
0.9460318,0.05396818,0
0.875188,0.12481197,0
0.3774277,0.6225723,1
0.4213039,0.5786961,1
0.4457061,0.5542939,1
0.2768033,0.7231966,1
0.5836304,0.41636965,1
0.16135404,0.83864594,1
0.6611023,0.33889768,1
0.7227671,0.27723286,1
0.8153492,0.18465081,0
0.7594804,0.24051954,0
0.7925211,0.20747885,0
0.77959347,0.2204065,0
0.82041895,0.1795811,0
0.83340544,0.16659462,0
0.84398973,0.15601027,0
0.8312748,0.16872519,0
0.82248545,0.17751454,0
0.8455297,0.15447037,0
0.94520104,0.054798964,0
0.9259819,0.07401805,0
0.90437293,0.09562707,0
0.85988754,0.14011241,0
0.80541754,0.19458249,0
0.82178307,0.17821695,0
0.51122713,0.48877287,1
0.807485,0.19251505,1
0.8408412,0.15915886,0
0.16367719,0.8363228,1
0.07819526,0.9218048,1
0.056764737,0.9432353,1
0.05900442,0.94099563,1
0.117155306,0.8828446,1
0.07866269,0.92133725,1
0.09993543,0.9000646,1
0.23438536,0.7656147,1
0.45728683,0.54271317,0
0.38617143,0.61382854,0
0.3536451,0.646355,0
0.66721904,0.332781,0
0.82694256,0.17305748,0
0.8075281,0.19247198,0
0.10678779,0.8932122,1
0.35015076,0.6498493,0
0.4008752,0.5991248,0
0.47848162,0.52151835,0
0.38811162,0.6118884,1
0.78083706,0.219163,0
0.9117422,0.08825776,0
0.40239063,0.59760934,1
0.12877451,0.87122554,1
0.44226834,0.5577316,1
0.66884923,0.33115074,0
0.06027063,0.9397294,1
0.23073526,0.7692648,1
0.53623575,0.46376422,1
0.3555195,0.6444805,1
0.8866699,0.11333011,0
0.6370145,0.36298546,0
0.24733463,0.7526654,1
0.21240535,0.7875947,1
0.17391713,0.8260829,1
0.178854,0.82114595,1
0.18809293,0.8119071,1
0.16324446,0.8367555,1
0.32132953,0.6786704,0
0.61976826,0.38023177,0
0.29556906,0.70443094,0
0.47192308,0.52807695,0
0.7252422,0.27475786,0
0.63162977,0.36837026,0
0.14905344,0.85094655,1
0.3879705,0.61202943,0
0.41460088,0.58539915,0
0.51224494,0.48775506,0
0.7684464,0.23155369,0
0.6571172,0.34288278,0
0.7236216,0.2763784,0
0.6963325,0.30366746,0
0.7339858,0.26601425,0
0.5776264,0.42237365,0
0.50962454,0.49037546,0
0.54784054,0.45215943,0
0.5770003,0.42299965,0
0.6842094,0.3157906,0
0.79171735,0.20828259,0
0.7303158,0.26968423,0
0.58641434,0.4135856,1
0.66275615,0.3372438,1
0.5959219,0.40407813,1
0.75883514,0.2411649,0
0.87394845,0.12605162,0
0.89985716,0.1001428,0
0.9324801,0.06751984,0
0.8770823,0.122917734,0
0.6724211,0.32757884,0
0.5300075,0.46999246,1
0.3664213,0.6335787,1
0.7760018,0.22399822,0
0.6149551,0.38504487,1
0.6879913,0.3120087,1
0.885807,0.11419304,1
0.79226965,0.20773041,1
0.6319595,0.3680404,1
0.59667915,0.40332094,1
0.5253951,0.47460493,1
0.3586125,0.64138746,1
0.08318911,0.9168109,1
0.11248482,0.8875152,1
0.018234933,0.98176503,1
0.01705425,0.9829457,1
0.37965575,0.62034416,0
0.5137793,0.48622078,0
0.27919957,0.7208004,1
0.37408504,0.625915,0
0.80280215,0.19719785,0
0.84526616,0.15473388,0
0.32427552,0.6757245,0
0.38432446,0.6156755,0
0.07435999,0.92564,1
0.7029591,0.29704088,0
0.8176035,0.18239652,0
0.8522635,0.1477365,0
0.7418242,0.25817585,0
0.71518266,0.28481734,0
0.83786196,0.16213802,0
0.7665018,0.23349823,0
0.6062995,0.39370048,1
0.5768093,0.42319068,1
0.48669285,0.51330715,1
0.54157466,0.45842534,1
0.57818455,0.42181543,1
0.119456634,0.88054335,1
0.58155245,0.4184475,1
0.7036085,0.29639143,0
0.735856,0.26414406,0
0.7900168,0.20998323,0
0.5009444,0.49905568,1
0.4975361,0.5024639,1
0.6565111,0.34348878,0
0.5357394,0.46426064,0
0.4508953,0.54910463,1
0.5123119,0.48768815,1
0.4747253,0.52527463,1
0.4729205,0.52707946,1
0.5154428,0.48455715,1
0.4976811,0.502319,1
0.14557128,0.85442877,1
0.15341721,0.84658283,1
0.92299825,0.077001676,0
0.8574111,0.1425889,0
0.39558247,0.6044175,1
0.5301002,0.4698997,0
0.6844484,0.31555155,0
0.7637527,0.23624733,0
0.8281331,0.17186691,0
0.78127366,0.21872634,0
0.7523306,0.24766938,0
0.94318646,0.056813546,0
0.9442912,0.055708796,0
0.7542936,0.24570642,0
0.67878133,0.32121867,0
0.77862465,0.22137532,0
0.75137305,0.24862696,0
0.7136055,0.28639448,0
0.6105637,0.38943624,1
0.7485642,0.25143585,0
0.9113226,0.08867733,0
0.8675787,0.13242131,0
0.8382365,0.16176349,0
0.78894204,0.21105787,0
0.5999785,0.4000215,1
0.74540395,0.25459605,0
0.7495145,0.25048548,0
0.75522065,0.24477936,0
0.76031315,0.23968688,0
0.67507774,0.32492223,1
0.8869275,0.11307247,0
0.94940174,0.05059824,0
0.8792917,0.12070837,0
0.8531842,0.14681573,0
0.75441694,0.24558309,0
0.6028241,0.39717594,1
0.2941263,0.7058737,1
0.026970638,0.9730294,1
0.4879355,0.51206446,1
0.6797056,0.3202944,0
0.68873096,0.3112691,0
0.69335854,0.30664143,0
0.70629436,0.29370564,0
0.20479728,0.79520273,1
0.40279195,0.597208,1
0.56372356,0.43627644,0
0.5665948,0.4334052,0
0.4668894,0.53311056,1
0.469328,0.530672,1
0.64412814,0.35587183,0
0.79585236,0.20414759,0
0.86309993,0.13690013,0
0.77221346,0.22778653,0
0.61159724,0.38840276,0
0.64576745,0.35423258,0
0.51507235,0.4849277,1
0.5214917,0.47850832,1
0.7625346,0.23746546,0
0.7102845,0.28971553,1
0.85757166,0.14242834,0
0.72776455,0.27223545,0
0.5738279,0.42617208,0
0.6190182,0.38098174,0
0.50877416,0.49122587,1
0.67038655,0.32961342,0
0.7656557,0.23434435,0
0.79784125,0.20215875,0
0.63767934,0.3623207,1
0.938887,0.06111303,0
0.90380985,0.09619015,0
0.6981749,0.30182514,0
0.7963333,0.20366664,0
0.8017418,0.1982582,0
0.7435416,0.25645837,0
0.78017175,0.2198283,0
0.8053587,0.19464137,0
0.7298142,0.2701858,0
0.7812729,0.2187271,0
0.84341896,0.15658104,0
0.8393262,0.16067375,0
0.9698501,0.030149838,0
0.77597487,0.22402516,0
0.80518246,0.19481756,0
0.80117345,0.19882657,0
0.79712945,0.20287053,0
0.57994497,0.42005506,1
0.66231745,0.33768257,1
0.7413499,0.25865012,1
0.88577807,0.1142219,0
0.85692704,0.1430729,0
0.8181217,0.18187834,0
0.80599374,0.19400622,0
0.9600528,0.039947186,0
0.9566243,0.043375734,0
0.62897193,0.37102807,1
0.30882984,0.69117016,1
0.5287239,0.4712761,1
0.5163816,0.48361835,1
0.41964212,0.5803579,1
0.6773584,0.32264164,0
0.6840501,0.31594992,0
0.763939,0.23606099,0
0.840842,0.15915805,0
0.89750195,0.10249801,0
0.5418829,0.45811713,0
0.52559507,0.47440493,0
0.4436713,0.5563287,1
0.59204787,0.40795216,0
0.61768186,0.38231817,0
0.62552136,0.37447867,0
0.624135,0.37586495,0
0.6027875,0.39721245,0
0.091716535,0.9082835,1
0.76777875,0.23222125,0
0.6965289,0.30347112,0
0.9436803,0.05631969,0
0.7130671,0.28693286,0
0.6964616,0.30353835,0
0.7422041,0.25779584,0
0.75879174,0.24120826,0
0.8543171,0.14568293,0
0.6602948,0.33970523,0
0.7530351,0.24696487,0
0.85438496,0.14561507,0
0.91937536,0.08062459,0
0.17380911,0.8261909,1
0.1607613,0.8392387,1
0.06008724,0.9399128,1
0.019813893,0.9801861,1
0.08118389,0.9188161,1
0.93956435,0.060435697,0
0.9155157,0.08448423,0
0.22800967,0.7719903,0
0.1638763,0.83612365,0
0.37497696,0.62502307,0
0.10412806,0.89587194,1
0.7346103,0.2653897,0
0.7763347,0.2236653,0
0.84064895,0.15935105,0
0.73810506,0.26189494,0
0.7346534,0.26534656,0
0.5776443,0.42235568,0
0.5825289,0.4174711,1
0.5398685,0.46013147,1
0.7298797,0.27012035,0
0.7375166,0.26248342,0
0.89862496,0.10137504,0
0.9330576,0.06694238,0
0.7181559,0.28184405,1
0.8623201,0.13767987,0
0.59180164,0.40819833,1
0.5162392,0.4837607,1
0.53076774,0.46923226,1
0.5318714,0.4681286,1
0.72785383,0.27214617,0
0.099113785,0.9008862,1
0.5259542,0.4740458,1
0.6787621,0.32123792,1
0.6974991,0.30250087,1
0.76240855,0.23759148,0
0.82407403,0.17592597,0
0.995764,0.004235944,0
0.81881386,0.18118615,0
0.5849343,0.41506577,1
0.58074003,0.41925997,1
0.5800466,0.41995344,1
0.6017764,0.39822358,0
0.2438374,0.75616264,1
0.40727574,0.59272426,1
0.62804073,0.3719593,0
0.6209405,0.37905955,0
0.620448,0.37955204,0
0.6567908,0.34320927,1
0.64901906,0.35098088,1
0.9942011,0.00579888,0
0.97493106,0.025068978,0
0.12592414,0.87407595,1
0.10737665,0.8926233,1
0.2949445,0.70505553,1
0.29206094,0.7079391,1
0.645254,0.35474604,0
0.624698,0.37530202,0
0.5751315,0.42486846,0
0.9975656,0.0024344355,0
0.033512462,0.9664875,1
0.062533095,0.9374669,1
0.11803501,0.881965,1
0.13533024,0.8646698,1
0.13242969,0.8675703,1
0.004054388,0.99594563,1
0.2858477,0.7141524,0
0.4096613,0.5903387,0
0.7784533,0.22154671,0
0.94137496,0.058625057,0
0.5114475,0.4885525,0
0.4639844,0.53601557,0
0.4866456,0.51335436,0
0.34792808,0.65207195,1
0.07811487,0.92188513,1
0.0024194783,0.9975805,1
0.12414358,0.87585646,1
0.20898917,0.7910108,1
0.45909667,0.54090333,1
0.6546114,0.3453886,0
0.9247181,0.075281896,0
0.9909083,0.009091655,0
0.096760996,0.90323895,1
0.08991777,0.9100822,1
0.16943987,0.8305601,1
0.14856283,0.8514372,1
0.107004896,0.89299506,1
0.08339452,0.9166054,1
0.0030725761,0.99692744,1
0.0050746556,0.9949254,1
0.005454322,0.9945457,1
0.071816005,0.92818403,1
0.3862566,0.6137434,1
0.8617914,0.13820863,0
0.98875403,0.011245912,0
0.052958522,0.94704145,1
0.05132911,0.94867086,1
0.08562158,0.9143784,1
0.0028038335,0.9971962,1
0.23456638,0.76543367,1
0.053690344,0.9463096,1
0.41370332,0.5862967,0
0.32588705,0.6741129,1
0.5364558,0.46354422,0
0.9043745,0.09562548,0
0.9941538,0.005846204,0
0.9694809,0.030519055,0
0.17034608,0.829654,1
0.15989722,0.8401028,1
0.48625997,0.51374,1
0.56826454,0.43173546,1
0.066788256,0.9332118,1
0.027887184,0.9721128,1
0.041048244,0.9589518,1
0.302096,0.697904,1
0.9347955,0.065204464,0
0.4063123,0.5936877,0
0.19041209,0.8095879,1
0.39609894,0.6039011,0
0.50918907,0.49081096,0
0.44905335,0.5509466,0
0.394815,0.60518503,0
0.4864267,0.5135733,0
0.40975365,0.5902463,1
0.43681297,0.56318706,0
0.57479036,0.4252096,0
0.78697425,0.21302578,0
0.9825441,0.017455842,0
0.9916323,0.008367712,0
0.92149025,0.07850966,0
0.50722677,0.4927732,0
0.0191559,0.9808441,1
0.22950345,0.7704965,1
3.0899246e-06,0.9999969,1
0.005264761,0.9947352,1
0.018033085,0.981967,1
0.3298775,0.67012256,1
0.77101624,0.22898374,0
0.96996135,0.030038588,0
0.76498574,0.23501426,0
0.013196163,0.9868038,1
0.009111235,0.99088883,1
0.27319303,0.72680694,1
0.9804292,0.019570835,0
0.96988755,0.030112466,0
0.93790215,0.062097818,0
0.48056132,0.51943874,0
0.5984566,0.4015434,0
0.14023702,0.859763,1
0.13929892,0.8607011,1
0.7051843,0.29481566,0
0.62009656,0.37990344,0
0.98527026,0.014729721,0
0.9526328,0.047367275,0
0.5855845,0.41441548,0
0.4799395,0.52006054,0
0.50722915,0.49277088,0
0.51731753,0.48268244,0
0.608317,0.391683,0
0.6434909,0.35650912,0
0.56284106,0.43715897,1
0.9144481,0.08555189,0
0.9759469,0.02405306,0
0.53622574,0.46377432,0
0.009156833,0.9908432,1
0.07938303,0.9206169,1
0.098047204,0.90195274,1
0.3643665,0.6356335,0
0.15125954,0.84874046,1
0.050034326,0.94996566,1
0.58771676,0.4122832,0
0.52039844,0.47960165,0
0.38050637,0.61949366,1
0.99038714,0.009612883,0
0.9131132,0.08688686,0
0.49991658,0.50008345,0
0.3340499,0.66595006,0
0.33713883,0.6628612,1
0.56812304,0.43187696,0
0.6910701,0.30892995,0
0.82792616,0.17207387,0
0.8285761,0.17142394,0
0.48759833,0.5124017,0
0.7138205,0.28617948,0
0.7381623,0.26183775,0
0.8174324,0.18256758,0
0.96527964,0.034720335,0
0.98902684,0.010973142,0
0.48018792,0.51981205,0
0.55073273,0.4492672,0
0.54623795,0.45376205,0
0.50444466,0.4955554,0
0.23950735,0.7604926,1
0.5407452,0.45925477,1
0.9662198,0.033780184,0
0.9876078,0.012392232,0
0.9244517,0.075548224,0
0.010783469,0.98921657,1
0.17392564,0.8260743,1
0.1860131,0.8139869,1
0.21513143,0.7848686,1
0.3076147,0.6923853,0
0.2557703,0.7442297,0
0.18187161,0.81812847,1
0.98583174,0.014168303,0
0.9711582,0.02884183,0
0.1878219,0.81217813,1
0.44352904,0.556471,0
0.54737836,0.45262173,0
0.07408503,0.92591494,1
0.56392086,0.43607914,0
0.5235337,0.47646633,0
0.98065716,0.019342814,0
0.50143945,0.49856058,0
0.5805195,0.41948053,0
0.037295803,0.96270424,1
0.08477803,0.915222,1
0.39004472,0.60995525,1
0.65496725,0.34503272,0
0.21899064,0.7810093,1
0.26274273,0.7372573,1
0.634651,0.36534902,0
0.52399045,0.47600958,0
0.48747155,0.5125284,0
0.23995583,0.76004416,1
0.32336903,0.676631,1
0.50569844,0.4943016,0
0.52233565,0.47766438,1
0.5539174,0.44608262,0
0.70588404,0.29411596,0
0.62126154,0.3787385,0
0.6618744,0.33812562,0
0.38702905,0.61297095,1
0.81436074,0.18563922,0
0.9839755,0.016024416,0
0.98479235,0.015207677,0
0.58145726,0.4185427,0
0.40696472,0.5930353,0
0.03343367,0.9665663,1
0.37633806,0.623662,1
0.67525935,0.32474062,0
0.43720672,0.5627933,1
0.6508853,0.34911478,0
0.96538734,0.034612607,0
0.99008054,0.009919456,0
0.4502162,0.5497838,1
0.5820235,0.41797656,0
0.6972499,0.30275008,0
0.7596255,0.24037455,0
0.8308799,0.16912004,0
0.79608095,0.20391908,0
0.65679014,0.3432099,1
0.17398424,0.8260158,1
0.7509485,0.24905153,0
0.6761287,0.32387137,1
0.9787204,0.021279573,0
0.98805326,0.011946765,0
0.5185377,0.4814624,0
0.47550008,0.5244999,0
0.16150601,0.83849406,1
0.06346637,0.9365336,1
0.98808575,0.011914288,0
0.6022912,0.39770877,0
0.025551766,0.97444826,1
0.009079304,0.99092066,1
0.053843793,0.94615626,1
0.09168806,0.90831196,1
0.688355,0.31164503,0
0.7335318,0.26646823,0
0.7219351,0.27806488,0
0.10787653,0.8921235,1
0.5845556,0.41544434,0
0.99255776,0.007442167,0
0.9912101,0.008789858,0
0.77792686,0.22207308,0
0.7070516,0.29294837,0
0.36966807,0.630332,1
0.21417724,0.7858228,1
0.017072454,0.9829275,1
0.11953641,0.8804636,1
0.63598317,0.36401686,0
0.6518568,0.3481432,0
0.98764634,0.012353688,0
0.97948474,0.020515213,0
0.6409588,0.3590412,0
0.5953367,0.40466338,1
0.61839503,0.381605,0
0.63102543,0.36897457,0
0.6474519,0.3525481,0
0.5800487,0.41995135,0
0.5951794,0.4048206,0
0.68348587,0.31651413,0
0.9866077,0.013392294,0
0.9787684,0.021231612,0
0.55834526,0.44165474,0
0.08320798,0.916792,1
0.2481915,0.75180846,1
0.29300642,0.70699364,1
0.5474243,0.4525757,0
0.018178992,0.981821,1
0.040925886,0.95907414,1
0.12808576,0.8719142,1
0.07983659,0.9201634,1
0.71331847,0.2866815,0
0.80287826,0.19712171,0
0.9805981,0.019401848,0
0.9820166,0.017983379,0
0.5947246,0.40527546,0
0.020750321,0.97924966,1
0.029895583,0.9701044,1
0.0768038,0.92319626,1
0.4315687,0.56843126,0
0.3493027,0.6506973,1
0.7314807,0.2685192,0
0.0027962339,0.9972038,1
0.16019689,0.83980304,1
0.6711647,0.3288353,0
0.683226,0.31677392,0
0.64814454,0.3518555,0
0.93956363,0.06043637,0
0.21200025,0.78799975,1
0.18251202,0.817488,1
0.3046833,0.6953167,1
0.69334644,0.30665356,0
0.5748809,0.4251191,0
0.017841887,0.9821582,1
0.34006932,0.65993077,1
0.49777642,0.50222355,1
0.61423403,0.38576588,0
0.80356216,0.19643788,0
0.7513439,0.24865614,0
0.9727402,0.027259741,0
0.9222952,0.0777048,0
0.31413782,0.68586224,0
0.3214977,0.6785022,0
0.41068012,0.5893199,0
0.3835968,0.6164032,0
0.31096515,0.6890349,1
0.46598077,0.5340193,0
0.8895888,0.11041121,0
0.966974,0.033026002,0
0.9914259,0.008574128,0
0.98923594,0.010764015,0
0.004041951,0.99595803,1
0.012005643,0.98799443,1
0.13167912,0.8683208,1
0.0003386519,0.9996613,1
0.6043346,0.3956654,0
0.98064625,0.019353716,0
0.589092,0.41090795,0
0.0034187736,0.99658126,1
0.015155406,0.9848446,1
0.023026966,0.97697306,1
0.060592014,0.939408,1
0.3616165,0.6383835,0
0.010130291,0.98986965,1
2.323612e-06,0.99999774,1
0.660092,0.33990803,0
0.613564,0.38643596,0
0.5776558,0.42234418,0
0.032557197,0.96744287,1
0.6319644,0.36803558,0
0.50218374,0.4978162,0
0.20482074,0.7951793,0
0.42906135,0.5709387,0
0.58005196,0.41994798,0
0.98087895,0.019121068,0
0.682742,0.317258,0
0.59521544,0.40478453,0
0.41590214,0.58409786,1
0.5933677,0.40663233,0
0.6095129,0.3904871,0
0.6031149,0.39688513,0
0.0111147575,0.9888853,1
0.7203665,0.27963352,0
0.5218065,0.47819355,1
0.55764425,0.44235572,1
0.4811483,0.51885176,1
0.5916024,0.4083976,1
0.5282831,0.47171682,1
0.7585006,0.24149941,1
0.9909384,0.009061569,0
0.98520964,0.014790339,0
0.81178975,0.18821034,1
0.8486445,0.15135556,1
0.50430727,0.49569267,1
0.52330345,0.47669658,1
0.9884221,0.011577882,0
0.9949622,0.005037741,0
0.5051977,0.49480224,1
0.5020286,0.4979715,1
0.50453645,0.49546352,1
0.50213426,0.4978657,1
0.35986125,0.6401387,1
0.37655535,0.6234447,1
0.5231901,0.47680992,0
0.76374274,0.2362573,1
0.99208075,0.007919218,0
0.9950649,0.0049351444,0
0.55648935,0.44351068,1
0.57685953,0.42314044,1
0.5897408,0.41025922,1
0.5741643,0.4258357,1
0.64734834,0.3526516,1
0.009343453,0.9906565,1
0.27083892,0.7291611,1
0.5979681,0.4020319,1
0.5325254,0.4674746,0
0.7953537,0.20464627,0
0.98412585,0.015874201,0
0.9697066,0.03029342,0
0.25974342,0.74025655,1
0.44618836,0.5538116,1
7.374828e-05,0.9999262,1
0.017560054,0.98244,1
0.20857958,0.7914204,1
0.22802089,0.77197915,1
0.48572722,0.5142728,1
0.7248371,0.27516285,0
0.68706274,0.3129373,0
0.57935125,0.42064875,0
0.5339791,0.4660209,0
0.60462683,0.39537314,0
0.9646091,0.0353909,0
0.9646426,0.035357412,0
0.67045337,0.3295466,0
0.17335074,0.8266492,1
0.6972369,0.30276307,0
0.4972307,0.50276923,1
0.66695625,0.33304375,0
0.69848686,0.3015131,0
0.9668031,0.033196922,0
0.9142372,0.08576284,0
0.1407142,0.85928583,1
0.33758822,0.6624118,1
0.19558024,0.80441976,1
0.38903913,0.6109609,0
0.42181867,0.5781814,0
0.4001703,0.59982973,0
0.71757144,0.28242862,0
0.68029135,0.31970865,0
0.8404549,0.15954506,0
0.9235047,0.07649527,0
0.96794844,0.032051563,0
0.98715043,0.012849587,0
0.55778277,0.4422172,0
0.71587986,0.2841201,0
0.78670967,0.21329035,0
0.8053224,0.19467753,1
0.8290242,0.1709758,1
0.4199061,0.5800939,1
0.25706264,0.7429373,1
0.5207947,0.47920528,1
0.59844196,0.40155804,1
0.5910154,0.40898466,1
0.5764669,0.42353314,0
0.51586413,0.4841359,1
0.9910067,0.008993309,0
0.9829101,0.017089922,0
0.9768835,0.023116546,0
0.30459908,0.69540095,1
0.2826496,0.7173504,1
0.26100352,0.7389965,1
0.25344405,0.7465559,1
0.25404754,0.7459524,1
0.08065006,0.91934997,1
0.028699383,0.97130066,1
0.09515628,0.90484375,1
0.28978446,0.7102155,0
0.44207892,0.5579211,0
0.9724363,0.027563725,0
0.9068432,0.093156815,0
0.73148096,0.26851907,0
0.056951478,0.94304854,1
0.02289327,0.97710675,1
0.0199847,0.98001534,1
0.08085991,0.91914004,1
0.02263784,0.9773622,1
0.43562362,0.5643764,0
0.43583557,0.5641644,0
0.68258107,0.3174189,0
0.8256303,0.17436965,0
0.8772011,0.1227989,0
0.09019423,0.90980583,1
0.12004573,0.87995434,1
0.53521293,0.46478707,1
0.20319797,0.796802,1
0.040206708,0.9597933,1
0.38483322,0.6151667,0
0.5939136,0.40608642,0
0.8994614,0.10053863,0
0.86177266,0.13822734,0
0.6585459,0.34145412,0
0.6511902,0.34880975,0
0.36378494,0.6362151,1
0.05867168,0.94132835,1
0.07324065,0.92675936,1
0.08806344,0.9119366,1
0.090094365,0.9099057,1
0.4149711,0.5850289,1
0.84505445,0.15494552,0
0.70149446,0.2985056,0
0.6129327,0.38706726,0
0.051401302,0.9485987,1
0.09207029,0.9079297,1
0.1270017,0.87299836,1
0.07660968,0.9233903,1
0.060584202,0.93941575,1
0.094271965,0.905728,1
0.05800523,0.9419947,1
0.5667035,0.43329647,0
0.6727955,0.3272045,0
0.9761849,0.023815122,0
0.9561188,0.043881122,0
0.63187253,0.3681275,0
0.1039843,0.89601564,1
0.4773825,0.5226175,0
0.6297969,0.37020305,0
0.5941771,0.40582293,0
0.6622668,0.33773324,0
0.1081582,0.8918418,1
0.15336911,0.8466308,1
0.69976366,0.3002363,0
0.6575753,0.3424247,0
0.85859543,0.1414045,0
0.9709073,0.029092709,0
0.9810983,0.018901706,0
0.9427023,0.057297736,0
0.5451338,0.45486614,1
0.35108116,0.64891887,1
0.5861531,0.41384694,1
0.7025206,0.29747942,1
0.77243507,0.22756489,1
0.30852804,0.69147193,1
0.6062853,0.39371473,0
0.61072016,0.3892798,1
0.69981545,0.30018452,0
0.92571306,0.074287005,0
0.5198785,0.48012146,1
0.640684,0.359316,1
0.5964031,0.40359688,1
0.6584044,0.3415956,1
0.70742625,0.29257375,1
0.5425386,0.45746142,1
0.54202473,0.45797524,1
0.7687562,0.23124371,1
0.68357956,0.3164204,1
0.8428445,0.15715548,0
0.09119995,0.90880007,1
0.5159762,0.48402378,0
0.6029768,0.39702326,0
0.21374802,0.78625196,1
0.01014109,0.9898589,1
0.047388833,0.95261115,1
0.71012926,0.2898707,0
0.769159,0.23084097,0
0.062178485,0.9378215,1
0.59653395,0.40346605,1
0.6779385,0.32206145,0
0.48400995,0.51599,1
0.092601046,0.9073989,1
0.0758399,0.9241601,1
0.23619932,0.76380074,1
0.6998284,0.3001716,0
0.6063957,0.39360425,0
0.5973151,0.40268493,0
0.8256247,0.17437531,0
0.88880485,0.11119513,0
0.40315375,0.5968463,1
0.226531,0.77346903,1
0.1842201,0.81577986,1
0.098305374,0.90169466,1
0.25749543,0.7425046,1
0.12318919,0.87681085,1
0.060011614,0.93998843,1
0.5551581,0.44484198,0
0.5489071,0.4510929,0
0.58128875,0.41871127,0
0.86821586,0.13178407,0
0.621267,0.378733,0
0.37375483,0.6262452,1
0.42152688,0.5784731,0
0.58452064,0.41547933,0
0.43197876,0.5680213,0
0.9589795,0.04102046,0
0.95470476,0.04529522,0
0.8746949,0.12530513,0
0.19288078,0.80711925,1
0.13896446,0.8610356,1
0.4864607,0.5135394,1
0.27863157,0.7213685,1
0.38188502,0.618115,1
0.14714637,0.85285366,1
0.65565205,0.34434798,1
0.98161304,0.018386893,0
0.9871493,0.012850749,0
0.98655915,0.013440845,0
0.8946712,0.10532879,0
0.3069451,0.6930549,1
0.34015548,0.6598445,1
0.21514422,0.78485584,1
0.59093404,0.409066,1
0.8522974,0.14770256,0
0.15910567,0.84089434,1
0.28549927,0.71450067,1
0.40108475,0.5989152,1
0.15750344,0.8424965,1
0.16262431,0.8373757,1
0.36977786,0.63022214,1
0.37774798,0.622252,1
0.4271417,0.5728584,1
0.7653705,0.23462957,0
0.9713558,0.028644217,0
0.99281055,0.007189447,0
0.98961943,0.010380592,0
0.48505104,0.514949,1
0.518036,0.48196393,1
0.51517785,0.4848222,1
0.28471845,0.71528155,1
0.2897652,0.7102348,1
0.37892574,0.62107426,1
0.36315313,0.63684684,1
0.33915016,0.6608498,1
0.46290395,0.5370961,1
0.7626269,0.23737314,1
0.67039573,0.32960427,1
0.9410007,0.058999274,0
0.8448092,0.15519084,0
0.6730847,0.3269153,1
0.7694611,0.23053885,0
0.5529058,0.44709426,1
0.50716096,0.49283907,1
0.63124275,0.36875722,1
0.5040925,0.4959074,1
0.9677343,0.032265775,0
0.9477044,0.05229568,0
0.68922573,0.31077424,0
0.72402805,0.27597198,0
0.7735119,0.22648816,0
0.501031,0.49896905,1
0.51877314,0.4812269,1
0.6581664,0.3418336,0
0.51258355,0.4874165,1
0.6910233,0.30897668,1
0.8082175,0.19178241,0
0.88558984,0.11441017,0
0.86919653,0.13080345,0
0.714299,0.28570095,0
0.6806374,0.31936255,0
0.71979815,0.28020185,0
0.7261251,0.27387485,0
0.5848983,0.41510168,0
0.5458394,0.4541605,0
0.95834506,0.0416549,0
0.57406634,0.4259337,0
0.4876967,0.5123033,1
0.5479977,0.4520022,0
0.5722982,0.42770177,0
0.62976867,0.37023133,0
0.36969155,0.63030845,0
0.2412631,0.7587369,1
0.65753645,0.34246352,0
0.59789246,0.40210757,0
0.34265634,0.6573436,1
0.23853408,0.76146585,1
0.9783236,0.021676473,0
0.9755014,0.024498533,0
0.9455704,0.05442962,0
0.5643934,0.4356066,0
0.6236882,0.37631175,0
0.5251081,0.47489187,0
0.5976634,0.4023366,0
0.5824329,0.41756704,0
0.58942574,0.4105743,0
0.57222265,0.4277774,0
0.5061635,0.4938365,0
0.4934362,0.5065638,0
0.4595428,0.5404572,1
0.53230995,0.46769,0
0.6051174,0.39488262,0
0.9564269,0.043573067,0
0.46474677,0.5352532,0
0.44931328,0.5506867,1
0.4662662,0.5337337,0
0.08745759,0.9125424,1
0.9578556,0.042144418,0
0.8904421,0.10955795,0
0.21967249,0.7803275,1
0.20542534,0.7945747,1
0.27790964,0.72209036,1
0.4227674,0.57723266,0
0.21875998,0.78124,1
0.17284058,0.82715946,1
0.2344057,0.76559436,1
0.6303549,0.3696451,1
0.49973547,0.5002645,1
0.34185776,0.65814227,0
0.41716072,0.58283925,0
0.39923847,0.6007615,0
0.21547863,0.7845214,0
0.358513,0.64148706,0
0.47069064,0.52930945,0
0.58479077,0.41520926,0
0.59420526,0.40579474,0
0.74374306,0.25625694,0
0.93492645,0.06507357,0
0.7333116,0.26668844,0
0.42887887,0.5711211,1
0.44777116,0.55222887,1
0.60914916,0.39085084,1
0.58681196,0.4131881,1
0.5963107,0.40368935,1
0.6073604,0.3926396,1
0.22682624,0.77317375,1
0.5407964,0.45920363,0
0.517536,0.48246402,1
0.60799855,0.39200142,0
0.78320247,0.21679756,0
0.8166602,0.18333983,0
0.65194905,0.34805098,0
0.6623999,0.33760014,0
0.52458215,0.47541788,0
0.20387135,0.7961286,1
0.5961672,0.40383282,0
0.7532109,0.24678907,0
0.20245208,0.7975479,1
0.20979366,0.7902064,1
0.0050133183,0.99498665,1
0.51473445,0.48526552,0
0.5673949,0.43260515,0
0.5688161,0.4311839,0
0.7441979,0.255802,0
0.68507475,0.31492528,0
0.5433014,0.45669863,0
0.60653096,0.39346907,0
0.77814466,0.22185534,0
0.34964323,0.65035677,0
0.3745266,0.62547344,0
0.23438153,0.76561844,1
0.43087375,0.5691262,0
0.4995383,0.5004617,1
0.4982128,0.5017872,1
0.57267886,0.42732117,1
0.9611148,0.03888519,0
0.6552509,0.3447491,0
0.58929265,0.41070735,0
0.49050257,0.5094974,0
0.50310177,0.49689823,0
0.5634532,0.43654686,0
0.54443276,0.4555672,0
0.30934986,0.6906501,1
0.94129485,0.058705132,0
0.93878436,0.06121564,0
0.4265362,0.5734638,0
0.38458762,0.6154124,1
0.3372034,0.66279656,1
0.21913822,0.7808618,1
0.28162137,0.71837866,1
0.28146568,0.71853435,1
0.29124266,0.70875734,1
0.3151962,0.68480384,1
0.32304257,0.67695737,1
0.05254638,0.94745356,1
0.28807974,0.71192026,1
0.31298137,0.68701863,1
0.6081099,0.39189008,1
0.93635076,0.06364923,1
0.18588361,0.81411636,1
0.54116905,0.45883098,0
0.5895424,0.41045767,0
0.2011317,0.79886836,1
0.17736894,0.822631,1
0.40298095,0.5970191,0
0.6995889,0.30041113,0
0.6678205,0.33217952,0
0.959784,0.040216,0
0.585856,0.414144,0
0.5493747,0.45062533,0
0.43504244,0.56495756,0
0.4740664,0.52593356,0
0.46444246,0.5355576,0
0.48228094,0.51771903,1
0.6512324,0.3487676,0
0.69888294,0.30111712,0
0.6389614,0.36103868,0
0.6175099,0.38249007,0
0.31938505,0.6806149,1
0.32822296,0.671777,1
0.24307561,0.75692433,1
0.21777144,0.7822285,1
0.33228725,0.6677128,1
0.5094125,0.49058747,1
0.5605952,0.4394048,0
0.91261655,0.087383404,0
0.95370704,0.04629291,0
0.5535593,0.44644073,0
0.49608865,0.5039113,0
0.47302786,0.5269721,1
0.69731635,0.30268365,0
0.67786664,0.3221333,0
0.7254351,0.27456492,0
0.23542885,0.7645711,1
0.18535642,0.81464356,1
0.6136477,0.38635224,0
0.5709372,0.42906278,0
0.6669821,0.33301786,0
0.94629705,0.05370297,0
0.6485346,0.35146543,0
0.6267242,0.37327585,1
0.6567961,0.34320393,0
0.6639452,0.33605477,0
0.7841677,0.21583231,0
0.7902528,0.20974715,0
0.6632328,0.33676723,0
0.056334306,0.94366574,1
0.080595255,0.9194047,1
0.015187408,0.98481256,1
0.6117296,0.38827032,0
0.38149503,0.618505,1
0.461117,0.538883,1
0.60980046,0.39019948,0
0.59545016,0.40454984,0
0.7370662,0.26293376,0
0.64779896,0.352201,0
0.36870405,0.63129586,0
0.3257861,0.6742139,0
0.45718336,0.5428166,1
0.5798248,0.42017516,1
0.79430026,0.20569982,0
0.97243595,0.027564058,0
0.9693254,0.030674629,0
0.95762527,0.042374697,0
0.61386824,0.38613176,0
0.3020767,0.6979233,1
0.5447348,0.45526525,0
0.782217,0.217783,0
0.39987347,0.6001266,1
0.011422145,0.98857784,1
0.018683031,0.98131704,1
0.07443926,0.9255608,1
0.6708519,0.32914805,0
0.48426875,0.51573116,0
0.45128992,0.5487101,0
0.5842339,0.41576603,0
0.5515699,0.4484301,0
0.5475428,0.45245716,0
0.0026491508,0.9973508,1
0.007805335,0.99219465,1
0.48784518,0.5121548,0
0.44573995,0.55426,0
0.7465503,0.2534497,0
0.0637039,0.9362961,1
0.3219581,0.6780419,0
0.6670367,0.33296335,0
0.00010320639,0.99989676,1
0.00061256683,0.9993874,1
0.0007531131,0.99924695,1
0.7195749,0.28042507,0
0.3330921,0.6669079,0
0.2561294,0.7438706,0
0.81980956,0.18019037,0
0.08438651,0.9156135,1
0.6951363,0.3048637,0
0.7807397,0.21926023,0
0.6316128,0.3683872,0
0.6823961,0.31760395,0
0.8159485,0.18405153,0
0.9506343,0.0493657,0
0.7078093,0.29219064,0
0.06494302,0.9350569,1
0.79122615,0.20877391,0
0.6823719,0.31762815,0
0.82210207,0.17789787,0
0.088313825,0.9116862,1
0.008145316,0.99185467,1
0.25306395,0.746936,1
0.8141871,0.1858129,0
0.6592016,0.34079844,0
0.7577191,0.24228096,0
0.7204149,0.27958515,0
0.8190266,0.18097343,0
0.7262368,0.2737632,0
0.6829102,0.31708983,0
0.7448657,0.25513428,0
0.6679706,0.3320294,1
0.30490133,0.6950987,1
0.70630807,0.29369196,0
0.7468448,0.25315517,0
0.8451357,0.15486428,0
0.87378174,0.12621821,0
0.7096996,0.29030043,0
0.30697593,0.6930241,1
0.62112415,0.37887582,0
0.6569884,0.34301165,0
0.6936781,0.30632192,0
0.659653,0.34034696,0
0.63378835,0.36621165,0
0.6691525,0.33084753,0
0.65857035,0.34142962,0
0.42860952,0.57139045,1
0.6192656,0.38073435,0
0.70165485,0.29834518,1
0.74857354,0.2514264,0
0.9821299,0.0178701,0
0.9816312,0.018368766,0
0.9655467,0.034453344,0
0.9402753,0.05972468,0
0.613716,0.38628402,0
0.6207306,0.37926945,0
0.6398405,0.3601595,0
0.72948146,0.27051854,0
0.6895003,0.31049976,0
0.7427023,0.25729766,1
0.8714509,0.12854913,0
0.76130664,0.23869337,1
0.6574856,0.3425144,0
0.6580446,0.34195545,0
0.6163884,0.38361162,0
0.59955007,0.40044993,0
0.5615206,0.43847942,0
0.45528477,0.54471517,0
0.38508675,0.6149133,0
0.51651824,0.48348176,0
0.6156512,0.38434887,1
0.6470083,0.35299173,1
0.86693203,0.13306798,0
0.6255555,0.37444445,0
0.54134953,0.45865053,0
0.5123435,0.48765644,0
0.19327892,0.80672103,1
0.21734518,0.7826548,1
0.30511475,0.6948853,1
0.5084322,0.49156776,0
0.57983506,0.4201649,1
0.8450689,0.15493113,0
0.9236235,0.07637655,0
0.9525338,0.047466148,0
0.8149406,0.18505938,0
0.6394326,0.36056742,0
0.62199754,0.37800243,0
0.5687052,0.4312947,0
0.7278824,0.2721176,0
0.3127557,0.6872443,1
0.41326642,0.5867335,0
0.60094523,0.3990548,0
0.611332,0.38866797,0
0.9201778,0.07982215,0
0.19456628,0.8054337,1
0.47347137,0.5265286,1
0.1933606,0.80663943,1
0.78567237,0.21432765,0
0.7408987,0.25910124,0
0.6118043,0.38819572,0
0.5002393,0.4997607,0
0.4943968,0.50560325,0
0.73779064,0.26220936,0
0.68480057,0.3151994,0
0.6225786,0.37742135,0
0.54487514,0.45512488,0
0.32065865,0.6793414,1
0.13358712,0.8664129,1
0.93219113,0.06780892,0
0.5766047,0.4233953,0
0.010090073,0.98990995,1
0.40624982,0.5937502,0
0.6348209,0.3651791,0
0.58967257,0.41032735,0
0.6339713,0.3660287,1
0.8187825,0.18121745,0
0.98018515,0.019814782,0
0.65459156,0.34540838,0
0.5856954,0.4143046,0
0.38251004,0.61748993,0
0.043253183,0.9567468,1
0.37446216,0.6255379,1
0.3685546,0.6314454,1
0.7096327,0.29036728,1
0.7601478,0.23985225,0
0.6032144,0.3967856,0
0.6010245,0.39897546,0
0.17438352,0.8256165,1
0.03136359,0.9686364,1
0.96655077,0.033449244,0
0.9656371,0.03436298,0
0.39490822,0.6050918,1
0.066308685,0.9336913,1
0.7280961,0.27190393,0
0.74889046,0.25110954,0
0.06926549,0.9307345,1
0.37515402,0.62484604,1
0.6600075,0.33999255,0
0.70325226,0.29674774,0
0.8780597,0.12194032,0
0.85526174,0.14473824,0
0.6561117,0.34388828,0
0.05001092,0.9499891,1
0.5469852,0.45301485,0
0.069264665,0.93073535,1
0.6052278,0.39477223,0
0.7421851,0.2578149,0
0.76563436,0.23436564,0
0.14305484,0.85694516,1
0.3214559,0.67854416,1
0.65921855,0.34078145,0
0.6232164,0.3767836,0
0.57347375,0.42652628,0
0.97409534,0.025904628,0
0.96922106,0.030778933,0
0.4384692,0.56153077,1
0.71521443,0.28478554,0
0.60716194,0.39283806,0
0.55979955,0.44020045,0
0.6017125,0.39828748,0
0.33601466,0.6639853,1
0.9252593,0.07474066,1
0.66387135,0.33612868,0
0.4384319,0.56156814,1
0.68409956,0.31590044,0
0.562001,0.43799904,1
0.54416615,0.45583385,1
0.56583315,0.43416685,1
0.59582716,0.4041728,1
0.5155006,0.48449937,0
0.3495547,0.65044534,0
0.48150137,0.51849866,0
2.698906e-05,0.99997306,1
0.21171847,0.7882815,1
0.03206739,0.9679326,1
0.27812678,0.72187316,0
0.5942721,0.40572792,0
0.7748421,0.22515789,0
0.97690445,0.023095625,0
0.9416726,0.05832743,0
0.6032514,0.39674863,0
0.5964983,0.40350172,0
0.5427658,0.45723417,0
0.95150757,0.048492417,1
0.97853196,0.021468012,0
0.49094754,0.5090525,0
0.5249742,0.47502577,0
0.5188569,0.48114315,0
0.57457244,0.4254276,0
0.5064738,0.49352625,0
0.54274,0.45725998,0
0.122645326,0.8773546,0
0.12926184,0.87073815,1
0.2377478,0.76225215,1
0.33801123,0.6619888,1
0.3906739,0.60932606,1
0.7749329,0.22506703,0
0.79959404,0.20040601,1
0.96714807,0.03285189,0
0.9786976,0.021302445,0
0.57129157,0.42870843,1
0.0032420843,0.9967579,1
0.040391248,0.95960873,1
0.077082716,0.92291725,1
0.07483489,0.9251651,1
0.030536987,0.969463,1
0.012970655,0.9870293,1
0.02096934,0.97903067,1
0.6154937,0.38450626,0
0.67288256,0.32711747,0
0.7495765,0.2504235,0
0.90752023,0.09247974,0
0.7149668,0.28503323,0
0.7561291,0.24387088,0
0.7501641,0.2498359,0
0.8105884,0.18941155,0
0.21258415,0.78741586,1
0.65213996,0.34786004,1
0.6721795,0.32782048,0
0.4480056,0.55199444,1
0.10106504,0.898935,1
0.14086258,0.8591374,1
0.29293033,0.70706964,1
0.46193776,0.5380622,1
0.6525866,0.34741342,0
0.5492543,0.45074567,1
0.27079222,0.72920775,1
0.6582112,0.3417888,0
0.4471025,0.5528975,0
0.7968328,0.20316723,0
0.54610264,0.45389742,0
0.79694694,0.20305303,0
0.79195887,0.20804115,0
0.22500059,0.77499944,1
0.55953366,0.4404663,0
0.5237202,0.47627974,1
0.35042533,0.6495747,1
0.94348085,0.05651914,0
0.9649154,0.035084583,0
0.1277178,0.8722822,1
0.7077362,0.2922638,0
0.69141304,0.30858698,0
0.7080061,0.29199398,0
0.6290613,0.37093863,0
0.7106567,0.2893433,0
0.58795685,0.41204312,1
0.97718793,0.022812106,0
0.9829418,0.017058192,0
0.98095953,0.019040432,0
0.94742864,0.05257131,0
0.45796964,0.54203033,0
0.4715732,0.52842677,0
0.5210543,0.4789457,0
0.84960103,0.15039897,0
0.8822333,0.11776661,0
0.76992196,0.23007801,0
0.63984215,0.36015782,0
0.56301194,0.436988,0
0.63567173,0.36432827,0
0.6438845,0.3561155,1
0.95594984,0.04405016,1
0.9765629,0.023437139,1
0.9889571,0.011042908,0
0.9839064,0.016093615,0
0.601433,0.39856705,0
0.65002704,0.34997293,0
0.59809774,0.40190226,0
0.41259134,0.58740866,1
0.75332433,0.24667561,1
0.96993995,0.030060006,1
0.98986477,0.010135204,0
0.69350106,0.30649891,1
0.63407457,0.36592543,1
0.7611507,0.23884925,1
0.7291598,0.2708402,1
0.7751586,0.22484143,1
0.48864743,0.5113526,1
0.6035028,0.39649725,0
0.7176793,0.28232068,1
0.7101111,0.28988895,0
0.7278049,0.27219513,0
0.4613053,0.5386946,1
0.4256973,0.5743027,1
0.7342859,0.26571414,0
0.73212874,0.26787126,0
0.1822835,0.8177165,1
0.5723165,0.42768347,0
0.6362427,0.36375734,0
0.5585119,0.44148812,0
0.54532903,0.45467097,0
0.5845194,0.4154806,0
0.97166246,0.028337486,0
0.9097664,0.090233594,0
0.68760175,0.31239828,0
0.5497659,0.4502341,1
0.6826721,0.31732792,0
0.624755,0.37524498,0
0.6943901,0.30560994,0
0.39185032,0.6081497,1
0.5977194,0.40228054,1
0.6013438,0.39865616,1
0.61454,0.38546,0
0.5563268,0.44367322,0
0.5941829,0.40581712,0
0.9202092,0.079790786,0
0.67485636,0.32514355,0
0.5366793,0.4633206,0
0.61340845,0.38659152,0
0.6694837,0.33051634,0
0.16884986,0.8311501,1
0.7174066,0.2825934,0
0.71929216,0.2807079,0
0.7105023,0.28949767,0
0.84382814,0.15617181,0
0.9750583,0.024941633,0
0.6853748,0.31462517,1
0.67423844,0.32576156,1
0.6574311,0.34256884,1
0.62503946,0.37496057,0
0.6255919,0.37440816,0
0.80747366,0.19252636,0
0.6923454,0.30765465,1
0.6512442,0.34875572,1
0.69679105,0.30320898,1
0.78881305,0.21118692,1
0.77346957,0.22653042,1
0.7035124,0.29648766,0
0.66516656,0.3348334,1
0.97418547,0.025814502,0
0.69710445,0.3028955,1
0.630712,0.369288,1
0.6169319,0.3830681,1
0.5004124,0.4995876,1
0.9625077,0.03749224,0
0.9135275,0.086472504,0
0.23313056,0.7668694,1
0.16567977,0.83432025,1
0.20967461,0.79032534,1
0.69963676,0.30036333,0
0.7629107,0.23708928,0
0.07815244,0.9218475,1
0.21727404,0.782726,1
0.6533537,0.34664634,0
0.7348582,0.26514173,0
0.6940194,0.3059806,0
0.6217426,0.37825736,0
0.4421016,0.55789846,1
0.46860987,0.5313901,1
0.45605862,0.5439414,1
0.6912789,0.30872118,0
0.16697387,0.8330261,1
0.12455546,0.8754446,1
0.32698494,0.67301506,1
0.5528024,0.44719756,1
0.60924727,0.39075273,1
0.61790454,0.3820954,1
0.6650823,0.33491778,0
0.87564653,0.12435344,0
0.7410883,0.25891173,0
0.6992742,0.30072582,0
0.41260192,0.5873981,1
0.53442854,0.46557155,1
0.64634573,0.35365424,0
0.6230704,0.3769295,1
0.88277376,0.11722627,0
0.93989784,0.060102135,0
0.72796786,0.2720321,0
0.65829176,0.34170818,0
0.6277318,0.3722682,1
0.5715405,0.42845947,0
0.58865243,0.41134754,0
0.6209984,0.37900162,0
0.7080885,0.29191145,0
0.5398336,0.46016645,1
0.64153284,0.35846713,1
0.7092819,0.2907181,1
0.74229556,0.25770447,1
0.7062862,0.29371378,1
0.65465474,0.34534526,1
0.8629394,0.13706064,0
0.9034816,0.09651839,0
0.66735613,0.33264387,1
0.6684997,0.3315003,0
0.731305,0.26869503,1
0.64041066,0.35958934,1
0.50274754,0.49725243,0
0.5484483,0.45155168,0
0.56120896,0.43879104,0
0.5932082,0.40679178,0
0.6349217,0.36507827,0
0.6261462,0.37385383,1
0.6139046,0.38609537,1
0.70685166,0.29314837,1
0.6723736,0.3276264,0
0.97017866,0.029821385,0
0.9887395,0.011260573,1
0.96158147,0.038418565,0
0.5759342,0.42406583,1
0.62204945,0.37795055,0
0.7566676,0.24333233,0
0.86382556,0.13617449,0
0.9118628,0.088137165,0
0.889771,0.11022899,0
0.848702,0.15129805,0
0.7365674,0.26343268,0
0.5977316,0.4022684,1
0.6772342,0.32276583,1
0.53315175,0.46684825,1
0.5540944,0.44590557,1
0.555297,0.44470298,1
0.5584125,0.44158742,1
0.5722378,0.42776218,1
0.5162539,0.48374617,1
0.562069,0.43793103,1
0.59633374,0.4036663,1
0.92429924,0.075700805,1
0.9700865,0.029913478,0
0.42137972,0.5786203,1
0.034601696,0.96539825,1
0.44545487,0.5545451,1
0.62329227,0.37670776,1
0.001229933,0.99877006,1
5.3097933e-06,0.99999464,1
0.7023143,0.29768568,0
0.5647944,0.43520558,0
0.9203878,0.07961218,0
0.80156136,0.19843861,0
0.54602283,0.4539772,0
0.39625052,0.60374945,0
0.001403433,0.9985966,1
0.042740922,0.9572591,0
0.17475694,0.82524306,0
0.912878,0.08712207,0
0.8618223,0.1381777,0
0.66310877,0.3368913,0
0.98361796,0.016382044,0
0.33954215,0.66045785,0
0.4548458,0.5451542,0
0.7825251,0.21747486,0
0.44633228,0.5536678,1
0.75724226,0.24275774,0
0.8620099,0.13799006,0
0.6573221,0.3426779,0
0.81659895,0.18340106,0
0.9862081,0.013791874,0
0.9565784,0.04342162,0
0.70936155,0.29063848,0
0.75531036,0.24468969,0
0.80005246,0.19994746,0
0.78149843,0.2185016,0
0.78716266,0.21283735,0
0.65760255,0.34239748,1
0.823414,0.17658591,0
0.9852048,0.014795219,0
0.7116056,0.2883944,0
0.5823889,0.41761115,1
0.53811663,0.46188334,0
0.6484618,0.35153815,0
0.6786748,0.32132524,0
0.7279648,0.27203512,0
0.658825,0.34117493,0
0.6789804,0.3210196,1
0.75989616,0.24010383,0
0.81039625,0.18960372,0
0.78930426,0.21069577,0
0.77908236,0.22091763,1
0.7201142,0.2798858,1
0.9900428,0.009957202,0
0.7189691,0.28103092,0
0.5652837,0.43471628,0
0.56135803,0.4386419,1
0.51563895,0.48436105,0
0.6709896,0.32901043,1
0.68434453,0.3156555,0
0.75091547,0.24908455,0
0.8338763,0.16612367,0
0.61067617,0.3893239,1
0.64278287,0.3572172,1
0.65648174,0.34351823,1
0.5895021,0.41049784,1
0.5765942,0.42340586,0
0.5598126,0.4401874,0
0.5146804,0.48531964,1
0.67860246,0.3213976,1
0.72550285,0.27449712,1
0.63995266,0.36004734,1
0.95285773,0.04714223,0
0.9795252,0.020474741,0
0.98926544,0.010734545,1
0.9858218,0.014178176,0
0.9081631,0.09183695,1
0.5345733,0.4654267,1
0.54783654,0.45216352,1
0.80605483,0.19394517,1
0.6963337,0.30366626,1
0.036520604,0.96347946,1
0.5202283,0.47977167,1
0.71499187,0.28500813,1
0.63695246,0.36304748,1
0.813365,0.18663503,1
0.9906612,0.009338744,0
0.97520024,0.024799762,0
0.7252205,0.27477956,0
0.7337723,0.26622772,0
0.03004352,0.9699564,1
0.81887394,0.18112598,0
0.7305028,0.26949722,0
0.058717627,0.9412824,1
0.74355847,0.2564415,0
0.78999126,0.2100088,0
0.79532677,0.20467322,0
0.8885662,0.1114338,0
0.7678857,0.23211436,0
0.9737003,0.026299737,0
0.98423463,0.015765341,0
0.9870139,0.012986146,0
0.9558581,0.044141836,0
0.6359533,0.36404672,0
0.7092136,0.2907864,1
0.7013251,0.2986749,0
0.76856995,0.2314301,0
0.8550381,0.14496186,0
0.9868003,0.013199697,0
0.9840717,0.015928254,0
0.9683843,0.03161564,0
0.75462633,0.24537367,0
1.5576245e-05,0.9999844,1
0.8875268,0.11247316,0
0.84608895,0.15391107,0
0.7256404,0.27435952,0
0.846741,0.15325898,0
0.8190179,0.18098216,0
0.57210517,0.42789486,0
0.51242095,0.48757908,0
0.46512127,0.53487873,0
0.47438222,0.5256177,0
0.7418876,0.2581124,0
0.66579276,0.33420727,0
0.7174976,0.28250244,1
0.71089816,0.2891019,0
0.96477,0.03522993,0
0.933974,0.06602605,0
0.70599616,0.2940039,1
0.7645814,0.23541863,0
0.65431696,0.34568304,1
0.6913242,0.30867583,1
0.74163735,0.25836268,1
0.5851382,0.4148618,1
0.64693844,0.3530616,1
0.67025095,0.32974908,1
0.8849759,0.11502406,0
0.93213207,0.067867875,0
0.82100743,0.17899257,1
0.7389713,0.26102865,1
0.74094296,0.25905704,1
0.7305318,0.26946816,1
0.75493324,0.24506684,1
0.7844929,0.21550709,1
0.7936208,0.20637918,1
0.7490864,0.2509136,1
0.7559363,0.24406368,1
0.73633844,0.2636616,1
0.9851717,0.014828297,0
0.9642611,0.035738926,0
0.87329364,0.12670638,1
0.673407,0.32659307,1
0.66090375,0.33909622,1
0.66259176,0.3374082,1
0.66663605,0.333364,1
0.6118067,0.38819334,0
0.6617853,0.33821467,1
0.5845155,0.41548443,1
0.6312547,0.3687454,1
0.972212,0.027787942,0
0.9835984,0.01640164,0
0.6601758,0.33982423,1
0.6776518,0.32234815,1
0.6112227,0.3887773,1
0.5977212,0.40227875,1
0.29491895,0.705081,1
0.6552298,0.34477016,1
0.57165444,0.4283455,0
0.86959857,0.13040145,0
0.9832065,0.016793504,0
0.9453579,0.054642096,0
0.0019627777,0.9980373,1
0.7215848,0.27841517,0
0.68435013,0.3156499,0
0.00048978796,0.99951017,1
0.69777757,0.30222243,0
0.7643982,0.23560177,0
0.80163956,0.19836049,0
0.853256,0.146744,0
0.987241,0.012758953,0
0.77121264,0.2287873,0
0.00030908416,0.9996909,1
0.0011476262,0.9988524,1
0.0011508052,0.99884915,1
0.0035504636,0.9964495,1
0.00051981694,0.9994802,1
0.00028363717,0.99971634,1
0.00010007708,0.99989986,1
0.00014660621,0.9998534,1
0.00048025555,0.9995197,1
0.65151304,0.34848696,0
0.59240395,0.40759608,0
0.59733,0.40267006,0
0.8477798,0.1522202,0
0.9816637,0.018336236,0
0.96918607,0.030813962,0
0.90582687,0.0941731,0
0.29438233,0.70561767,0
0.40641382,0.59358615,0
0.700942,0.299058,0
0.7308811,0.2691189,0
0.74537855,0.2546215,0
0.75175226,0.24824776,0
0.87350017,0.12649982,0
0.9822843,0.017715633,0
0.8860261,0.11397386,0
0.8131821,0.18681791,0
0.6406533,0.35934675,0
0.62410367,0.37589633,0
0.63034296,0.36965704,0
0.42306888,0.57693106,1
0.6734732,0.3265268,1
0.7860163,0.2139837,1
0.76779324,0.2322068,1
0.75168025,0.24831973,1
0.858958,0.14104195,0
0.95440805,0.045591954,0
0.96436155,0.035638444,0
0.9366536,0.06334634,0
0.7097326,0.2902674,1
0.30856755,0.6914325,1
0.70343876,0.29656118,1
0.7241113,0.27588874,1
0.77818817,0.22181183,0
0.90645593,0.09354402,0
0.9049312,0.09506885,0
0.97865933,0.02134061,0
0.12644042,0.87355953,1
0.018005528,0.98199445,1
0.004571496,0.99542844,1
0.51500857,0.48499146,0
0.85920864,0.1407913,0
0.98653513,0.013464867,0
0.0037529543,0.996247,1
0.0029436918,0.99705637,1
0.006829981,0.99317,1
0.019024216,0.98097575,1
0.090318576,0.9096814,1
0.034643292,0.9653567,1
0.029427892,0.9705721,1
0.58101076,0.41898927,0
0.80760777,0.19239229,0
0.8407877,0.1592123,0
0.81808496,0.18191506,0
0.61467826,0.38532168,0
0.57773715,0.42226288,0
0.75406677,0.24593322,0
0.77851325,0.22148679,0
0.8656269,0.13437316,0
0.8654376,0.1345624,0
0.862687,0.13731295,0
0.86842006,0.13157992,0
0.9935917,0.0064082863,0
0.95310783,0.046892215,0
0.5436698,0.45633024,1
0.73687017,0.2631299,0
0.85917425,0.14082576,0
0.7744029,0.2255971,1
0.8574449,0.14255509,1
0.9909434,0.009056612,0
0.9790317,0.020968253,0
0.5993755,0.40062454,1
0.5933733,0.4066267,1
0.58315736,0.4168426,1
0.54619706,0.45380294,1
0.5796879,0.42031208,0
0.63309443,0.3669056,0
0.6400248,0.35997513,1
0.34253538,0.6574646,1
0.7890945,0.21090548,1
0.83008564,0.16991432,1
0.98147774,0.018522225,0
0.8513179,0.14868215,0
0.8742377,0.12576231,0
0.86595774,0.1340423,0
0.8313101,0.16868988,0
0.90190196,0.098098055,0
0.80615044,0.19384955,1
0.7882078,0.21179222,1
0.7005303,0.29946968,1
0.8343433,0.16565663,0
0.891557,0.108443014,0
0.89132017,0.10867987,0
0.81769335,0.18230669,0
0.8855443,0.11445574,0
0.8306211,0.16937892,0
0.8829752,0.11702477,1
0.9543636,0.045636337,0
0.98139006,0.018610017,0
0.9852496,0.014750469,0
0.84220606,0.15779395,1
0.83414245,0.16585751,0
0.83128977,0.16871022,1
0.7663145,0.23368548,1
0.7372787,0.26272136,1
0.7464728,0.25352725,1
0.81133837,0.18866166,1
0.8152378,0.18476216,0
0.8164336,0.18356639,0
0.7261193,0.27388072,0
0.86011213,0.13988788,1
0.7399946,0.26000547,0
0.8071812,0.19281875,1
0.68787163,0.3121284,1
0.8252482,0.17475182,1
0.8809262,0.11907382,1
0.8887491,0.11125084,1
0.8382184,0.16178164,1
0.9917345,0.00826557,0
0.9866392,0.013360804,0
0.97906804,0.020931909,0
0.81923413,0.18076582,1
0.7524011,0.24759889,1
0.7270168,0.27298322,1
0.8533811,0.14661887,0
0.86779875,0.13220128,0
0.87229764,0.12770237,0
0.9917394,0.008260618,0
0.99323684,0.0067631844,0
0.7543205,0.24567954,0
0.928916,0.07108402,0
0.7993104,0.20068961,1
0.8093774,0.19062263,1
0.56881565,0.43118435,1
0.99233717,0.0076628868,0
0.61239135,0.38760862,0
0.55180836,0.44819167,0
0.54598904,0.45401093,0
0.77179223,0.22820777,0
0.76027435,0.23972562,0
0.5170159,0.4829842,1
0.50149965,0.49850032,1
0.54788256,0.4521174,1
0.97488415,0.025115905,0
0.76603156,0.2339684,1
0.7563433,0.24365671,1
0.3062825,0.6937175,1
0.31157696,0.68842304,1
0.34467396,0.655326,1
0.42090753,0.5790925,1
0.3785308,0.6214692,1
0.06790451,0.9320955,1
0.091885,0.908115,1
0.59695977,0.4030402,0
0.5972946,0.40270528,0
0.97056836,0.029431643,0
0.98862165,0.011378287,0
0.8441668,0.15583315,0
0.038500354,0.9614997,1
0.04104819,0.9589518,1
0.0390294,0.9609706,1
0.40936598,0.59063405,0
0.64772487,0.35227516,0
0.8858382,0.11416178,0
0.9892702,0.01072971,0
0.95909464,0.040905427,0
0.86667967,0.13332032,0
0.075845815,0.9241542,1
0.26254612,0.7374538,0
0.25186723,0.74813277,0
0.057956215,0.9420438,1
0.3190726,0.6809274,0
0.15595172,0.8440483,1
0.83600026,0.16399974,0
0.9922511,0.0077489237,0
0.7808342,0.2191658,0
0.903451,0.096549,0
0.3159866,0.6840134,1
0.07697022,0.9230298,1
0.13164656,0.86835337,1
0.060860183,0.9391398,1
0.7902336,0.20976639,0
0.8941833,0.10581667,0
0.55252975,0.44747034,1
0.77887875,0.2211213,0
0.938373,0.061626982,0
0.8856548,0.1143452,0
0.8687253,0.13127472,0
0.3086796,0.69132036,1
0.3411324,0.65886754,1
0.5264261,0.47357395,1
0.8268316,0.17316847,0
0.86434937,0.13565066,0
0.7675071,0.23249291,0
0.80399275,0.19600722,0
0.9945095,0.0054905503,0
0.984877,0.015123042,0
0.9421333,0.05786667,0
0.8682259,0.13177419,0
0.6489186,0.35108137,0
0.7058753,0.2941247,0
0.8057245,0.19427551,0
0.8288566,0.17114343,1
0.8323419,0.1676581,0
0.7442146,0.2557855,0
0.81043935,0.18956068,0
0.5328882,0.46711186,1
0.5021671,0.49783286,0
0.49230194,0.507698,1
0.5258376,0.47416237,1
0.54999375,0.45000628,1
0.65834725,0.34165278,1
0.97532713,0.024672927,1
0.06562559,0.93437445,1
0.4562623,0.5437377,1
0.60092866,0.39907143,1
0.7438628,0.25613716,0
0.66217,0.33783004,1
0.8450411,0.15495889,0
0.8300218,0.1699782,0
0.5779009,0.42209914,1
0.7669165,0.23308346,0
0.8502806,0.1497194,0
0.7447129,0.25528714,0
0.55612814,0.4438719,1
0.14679858,0.8532014,1
0.95932233,0.040677715,0
0.93467396,0.065326095,0
0.8634047,0.13659528,0
0.3349274,0.66507256,0
0.21699981,0.7830002,1
0.46982676,0.53017324,0
0.13338502,0.866615,1
0.3967508,0.6032492,0
0.8772379,0.12276207,0
0.39842078,0.60157925,1
0.8611586,0.13884135,0
0.51986414,0.48013586,0
0.3543287,0.6456713,0
0.2794343,0.72056574,1
0.48384133,0.5161587,0
0.698935,0.301065,0
0.5355043,0.46449578,0
0.26002115,0.73997885,1
0.14476383,0.8552362,1
0.28471354,0.7152865,1
0.28286391,0.71713614,1
0.12349858,0.87650144,1
0.8056794,0.19432065,0
0.8403522,0.1596478,0
0.7514611,0.24853896,0
0.7187537,0.28124633,0
0.87393004,0.12607,0
0.9694081,0.030591933,0
0.874323,0.12567699,0
0.5591994,0.4408006,0
0.8228825,0.17711753,0
0.77910525,0.22089481,0
0.87730163,0.12269839,0
0.7637239,0.23627615,0
0.080235995,0.919764,1
0.622363,0.37763694,1
0.9576888,0.0423112,0
0.96345156,0.036548395,0
0.91429037,0.08570955,0
0.38866466,0.61133534,1
0.5051054,0.49489468,1
0.56475866,0.4352413,1
0.60309374,0.3969063,1
0.80593985,0.19406019,0
0.712067,0.287933,0
0.4672839,0.5327161,1
0.59638566,0.4036143,1
0.8758558,0.12414416,0
0.9111866,0.08881334,0
0.9730522,0.026947854,0
0.9915672,0.008432803,0
0.98350763,0.01649243,0
0.5863543,0.4136457,0
0.57421327,0.42578673,0
0.56328434,0.43671563,0
0.6641629,0.33583716,0
0.5081185,0.49188152,0
0.5599307,0.44006938,1
0.7476802,0.25231987,0
0.99197066,0.008029275,0
0.9933931,0.006606818,0
0.15911919,0.84088075,1
0.15081944,0.8491806,1
0.45350063,0.5464993,1
0.039260656,0.9607393,1
0.21922152,0.7807785,1
0.14109285,0.85890716,1
0.11490365,0.8850964,1
0.19014855,0.8098514,0
0.20755403,0.79244596,1
0.10873914,0.89126086,1
0.7787656,0.22123441,0
0.6879959,0.31200412,0
0.5376247,0.46237528,0
0.98313326,0.016866706,0
0.94566315,0.054336905,0
0.81444734,0.1855527,0
0.16578506,0.83421487,1
0.33401892,0.66598105,0
0.5569409,0.44305906,0
0.55947644,0.44052354,0
0.6595712,0.3404289,0
0.75891846,0.2410815,0
0.4958275,0.5041725,1
0.83505464,0.1649454,0
0.5304426,0.4695574,1
0.12732624,0.87267375,1
0.11100825,0.8889918,1
0.19916596,0.800834,1
0.55806816,0.44193184,0
0.73141646,0.26858354,0
0.767345,0.23265499,0
0.9836556,0.016344352,0
0.9848605,0.015139564,0
0.9672615,0.032738514,0
0.6790441,0.3209559,0
0.14271356,0.85728645,1
0.1489996,0.8510004,1
0.16842665,0.83157337,1
0.039695058,0.9603049,1
0.07860252,0.92139745,1
0.85512537,0.14487463,0
0.83216864,0.16783127,0
0.8307512,0.16924883,0
0.755013,0.24498704,0
0.93742925,0.06257075,0
0.99231356,0.007686495,0
0.99442166,0.005578357,0
0.78083265,0.21916729,0
0.84200823,0.15799178,0
0.86178136,0.13821867,0
0.86368626,0.13631369,0
0.76974237,0.23025756,0
0.7850562,0.21494377,1
0.82868546,0.17131457,0
0.8876169,0.11238311,0
0.99540377,0.004596285,0
0.99257773,0.007422208,0
0.7483854,0.25161457,1
0.6349081,0.36509192,1
0.5953441,0.4046559,1
0.5930898,0.40691015,1
0.55042696,0.44957307,1
0.54118186,0.4588182,1
0.5213796,0.47862038,1
0.4871016,0.5128983,1
0.4775831,0.5224169,1
0.44390538,0.55609465,1
0.97188866,0.028111415,0
0.98486024,0.015139755,0
0.98220646,0.01779357,0
0.49303877,0.5069613,1
0.24044353,0.7595564,1
0.0754366,0.9245634,1
0.062504195,0.9374959,1
0.9092909,0.09070903,0
0.7805853,0.21941476,0
0.82669777,0.1733022,0
0.83629435,0.16370565,0
0.99435693,0.0056430427,0
0.98299325,0.017006733,0
0.67162895,0.32837102,0
0.4061124,0.59388757,1
0.34809735,0.6519027,1
0.30855232,0.6914477,1
0.40775537,0.5922446,1
0.3810812,0.6189188,1
0.77131885,0.22868112,0
0.69507974,0.30492026,0
0.7188427,0.2811573,0
0.7956196,0.2043804,0
0.7525907,0.2474093,0
0.9356373,0.06436271,1
0.7627975,0.23720254,0
0.753316,0.24668406,0
0.69601756,0.3039825,0
0.4506054,0.5493946,0
0.704894,0.29510602,0
0.73935825,0.26064172,0
0.74356276,0.25643724,0
0.99548197,0.0045180037,0
0.95357156,0.046428487,0
0.8137938,0.18620628,0
0.30305392,0.6969461,1
0.6597158,0.3402842,1
0.7767723,0.22322765,0
0.99286264,0.0071373465,0
0.61103237,0.38896763,0
0.21295224,0.78704774,1
0.07402434,0.9259757,1
0.7050873,0.29491267,0
0.76503813,0.23496188,0
0.98923314,0.010766823,0
0.99388593,0.006114094,0
0.99091303,0.0090870075,0
0.91733634,0.08266367,0
0.5934618,0.40653822,0
0.73214626,0.26785377,0
0.8626779,0.13732213,0
0.85258484,0.14741509,0
0.8475174,0.15248261,0
0.8988196,0.10118041,0
0.98871535,0.011284712,0
0.99417263,0.005827353,0
0.9948718,0.00512822,0
0.9912409,0.0087591065,0
0.98608786,0.013912142,0
0.961055,0.038944967,0
0.88798136,0.11201866,1
0.56436896,0.43563098,1
0.37673923,0.62326074,1
0.46967918,0.5303209,0
0.51022065,0.48977938,1
0.50504297,0.4949571,1
0.46304378,0.5369562,1
0.40026623,0.5997338,1
0.5309311,0.4690688,1
0.99662507,0.0033748988,0
0.7773158,0.22268419,0
0.75312614,0.24687389,1
0.52818894,0.47181106,1
0.4962454,0.50375456,1
0.8208159,0.17918412,0
0.8308034,0.16919655,0
0.83174837,0.16825162,0
0.8520867,0.14791332,0
0.761834,0.23816594,0
0.6911139,0.30888602,0
0.5546992,0.44530085,1
0.6397083,0.36029172,1
0.63639164,0.36360833,1
0.7249629,0.27503708,0
0.74752706,0.25247297,0
0.691492,0.308508,0
0.7393798,0.26062018,0
0.64278513,0.35721487,0
0.75666875,0.24333128,0
0.82154113,0.17845884,0
0.9232512,0.076748736,1
0.39132053,0.6086795,1
0.45759794,0.5424021,1
0.6083952,0.39160475,1
0.7237751,0.27622494,0
0.74603623,0.2539638,1
0.9948318,0.005168182,0
0.29335645,0.7066436,1
0.84621185,0.15378818,0
0.876009,0.12399096,0
0.7535455,0.24645449,0
0.8996944,0.10030568,0
0.989574,0.01042601,0
0.9926226,0.007377445,0
0.53423315,0.46576688,1
0.33887932,0.6611207,1
0.33314183,0.66685814,1
0.64343977,0.35656026,1
0.82711524,0.17288472,0
0.77715033,0.22284965,0
0.76984423,0.23015574,0
0.7321299,0.26787013,1
0.9091016,0.09089841,0
0.79965943,0.20034057,0
0.56935614,0.4306438,1
0.56959754,0.43040243,1
0.63310486,0.36689514,1
0.79966253,0.20033745,1
0.82087123,0.17912875,0
0.8529945,0.14700548,1
0.9794341,0.020565905,0
0.55875874,0.44124126,0
0.59460753,0.4053924,0
0.5661305,0.43386957,0
0.44255704,0.55744296,1
0.38144457,0.6185554,1
0.9569087,0.04309133,1
0.98239225,0.017607763,0
0.9528987,0.04710137,1
0.96973366,0.030266356,0
0.8879162,0.11208382,1
0.7519001,0.24809988,1
0.6027756,0.3972244,1
0.24856266,0.75143737,1
0.23317873,0.7668213,1
0.2977202,0.7022798,1
0.06998167,0.9300183,1
0.8839927,0.11600725,0
0.75791913,0.2420809,0
0.6887432,0.3112569,0
0.91568166,0.084318325,0
0.029117098,0.9708829,1
0.13409236,0.8659076,1
0.06881817,0.9311818,1
0.1101085,0.88989145,1
0.056072198,0.9439278,1
0.14559068,0.85440934,1
0.47886276,0.5211372,0
0.7228083,0.27719173,0
0.6183506,0.38164935,0
0.9820625,0.017937485,0
0.0939898,0.9060102,1
0.39550367,0.60449624,0
0.41776547,0.5822345,1
0.4527456,0.54725444,1
0.5743019,0.42569807,0
0.47481343,0.5251866,1
0.712839,0.28716102,0
0.7495831,0.25041687,0
0.64652437,0.3534756,0
0.89067245,0.10932752,0
0.98684233,0.013157639,0
0.9911951,0.008804898,0
0.5139592,0.48604074,1
0.3450267,0.6549733,1
0.3555764,0.6444236,1
0.33238855,0.6676115,1
0.34100363,0.65899634,1
0.6628313,0.3371687,1
0.98737377,0.0126262335,0
0.6274957,0.3725043,0
0.059210345,0.94078964,1
0.25959322,0.74040675,1
0.098759666,0.90124035,1
0.5298422,0.4701578,0
0.7151908,0.28480908,0
0.7251607,0.27483925,0
0.7867758,0.21322417,0
0.715504,0.28449604,0
0.92758733,0.07241266,0
0.9870517,0.0129483435,0
0.9927884,0.0072116074,0
0.99428505,0.0057149366,0
0.9935133,0.0064866836,0
0.96718985,0.032810155,0
0.48448122,0.5155188,1
0.64187884,0.35812116,0
0.79601926,0.20398068,0
0.82583344,0.17416653,0
0.8229906,0.17700948,0
0.804719,0.19528101,0
0.9937185,0.0062815147,0
0.5990208,0.40097925,1
0.50775254,0.4922474,0
0.40330634,0.59669375,1
0.64042664,0.35957336,0
0.9861313,0.013868708,0
0.90010685,0.099893145,1
0.052507084,0.94749296,1
0.5849361,0.41506395,1
0.5863261,0.41367388,1
0.47185913,0.5281409,1
0.770666,0.22933398,0
0.7851698,0.21483016,1
0.7368861,0.2631139,1
0.44459614,0.5554038,1
0.62865746,0.37134254,1
0.67701435,0.32298565,1
0.6361772,0.36382288,1
0.57019114,0.42980877,1
0.6948901,0.30510992,1
0.8117112,0.18828885,0
0.79630846,0.20369153,0
0.72390455,0.27609545,0
0.8983445,0.10165548,0
0.4910075,0.50899243,1
0.5167033,0.4832967,1
0.75795996,0.24204004,0
0.9254282,0.074571766,0
0.99386954,0.006130444,0
0.9776768,0.022323227,0
0.7502147,0.24978532,1
0.631227,0.36877295,1
0.36186442,0.63813555,1
0.46037227,0.5396278,1
0.37383664,0.62616336,1
0.39841166,0.60158837,1
0.39475763,0.6052423,1
0.43736878,0.56263125,1
0.69737697,0.3026231,1
0.7412654,0.25873458,1
0.8745941,0.1254059,0
0.9759513,0.024048707,0
0.2534974,0.7465026,1
0.1057802,0.8942198,1
0.067470275,0.9325298,1
0.30439517,0.6956048,1
0.28343695,0.716563,1
0.28897068,0.71102923,1
0.78653234,0.21346763,0
0.8251333,0.17486674,0
0.80262715,0.1973728,0
0.7692342,0.23076579,0
0.8167366,0.18326345,0
0.9925438,0.0074561955,0
0.97281194,0.027188068,0
0.6381128,0.3618872,0
0.5431448,0.45685515,1
0.72185713,0.2781429,1
0.82938445,0.17061555,1
0.9603733,0.039626706,0
0.9489429,0.051057074,0
0.97415346,0.025846478,0
0.5374641,0.46253598,0
0.49890697,0.5010931,1
0.49334964,0.5066504,1
0.432653,0.56734693,1
0.38710302,0.61289704,1
0.40550628,0.59449375,1
0.43891352,0.5610865,0
0.45035344,0.5496465,0
0.9794962,0.020503804,0
0.99539006,0.0046098805,0
0.99315214,0.0068478333,0
0.8312131,0.16878685,1
0.4819615,0.5180386,1
0.3889092,0.61109084,1
0.41662452,0.58337545,1
0.030963436,0.9690365,1
0.16272321,0.83727676,1
0.15983969,0.84016025,1
0.028574064,0.97142595,1
0.024064474,0.9759355,1
0.73850715,0.26149282,0
0.6786624,0.3213376,0
0.629251,0.37074903,0
0.12945868,0.8705413,1
0.024697995,0.97530204,1
0.013880098,0.98611987,1
1.1825919e-07,0.9999999,1
0.6173262,0.3826738,0
0.98446214,0.015537825,0
0.9867539,0.013246149,0
0.9859218,0.014078206,0
0.800968,0.19903202,0
0.1416995,0.8583005,0
0.0044948705,0.9955051,0
0.00054628274,0.9994537,0
6.5702764e-17,1.0,1
2.654998e-23,1.0,1
1.0068785e-15,1.0,1
0.0075538056,0.99244624,0
0.0024161304,0.99758387,0
0.5721512,0.42784885,0
0.42411172,0.57588834,0
0.6229557,0.3770443,0
0.8654936,0.13450637,0
0.9872679,0.012732078,0
0.97393143,0.02606854,0
0.0047930903,0.9952069,0
0.00033077336,0.9996692,1
0.14078291,0.8592171,0
0.688375,0.31162503,0
0.76341313,0.23658688,0
0.7192843,0.2807157,0
0.8152921,0.18470792,0
0.9473012,0.05269873,0
0.17076899,0.829231,1
0.54308635,0.45691374,0
0.6398234,0.3601766,0
0.82057786,0.17942214,0
0.7636529,0.23634715,0
0.78088576,0.21911427,0
0.7337896,0.26621035,0
0.9194887,0.0805112,0
0.9920398,0.007960207,0
0.9747413,0.02525865,1
0.5315998,0.4684002,1
0.49744213,0.5025578,0
0.8953278,0.10467218,0
0.5670514,0.43294862,1
0.5344327,0.4655673,1
0.4875469,0.5124531,1
0.49163875,0.5083613,1
0.50524735,0.49475268,0
0.46619442,0.5338056,1
0.45453328,0.5454668,1
0.4365559,0.5634441,1
0.51057506,0.48942497,1
0.97422993,0.02577005,0
0.9516574,0.04834258,1
0.98610455,0.013895485,0
0.80194193,0.198058,0
0.21280998,0.78718996,1
0.44119105,0.5588089,1
0.42660198,0.57339805,1
0.7067358,0.29326424,1
0.72105074,0.27894923,0
0.7505861,0.24941392,0
0.99526703,0.0047329804,0
0.9928185,0.007181511,0
0.5772746,0.42272544,1
0.544079,0.45592096,1
0.25598735,0.74401265,1
0.00078075053,0.9992192,1
0.37915075,0.62084925,0
0.8024997,0.19750035,0
0.7390162,0.26098385,0
0.7263929,0.27360702,0
0.6496105,0.3503895,0
0.7276761,0.27232388,0
0.717399,0.282601,0
0.73780376,0.26219624,0
0.98701084,0.012989159,0
0.7439049,0.25609514,0
0.6365054,0.36349458,1
0.6439645,0.35603547,1
0.6860684,0.31393152,1
0.32878175,0.6712183,1
0.8238006,0.17619932,0
0.17739646,0.8226035,1
0.2714459,0.72855407,1
0.18412322,0.8158767,1
0.17432937,0.8256706,1
0.021384455,0.9786155,1
0.6066452,0.39335477,0
0.83417356,0.16582641,0
0.8276625,0.17233744,0
0.9923758,0.0076242075,0
0.91301656,0.0869834,0
0.5164337,0.4835663,1
0.5731965,0.42680356,1
0.5647552,0.4352448,1
0.6465017,0.35349828,1
0.6340234,0.36597654,1
0.65377164,0.3462284,1
0.6447004,0.35529956,1
0.77251077,0.22748917,0
0.83605,0.16394995,0
0.9871589,0.012841061,0
0.69467264,0.3053273,0
0.39198083,0.6080192,1
0.56543005,0.43456993,0
0.5588887,0.44111136,0
0.5455255,0.45447448,0
0.38899156,0.6110084,1
0.43142232,0.5685777,0
0.5091908,0.49080914,0
0.7078528,0.29214722,0
0.7550169,0.24498303,0
0.77078074,0.22921926,0
0.7789243,0.22107571,0
0.79352695,0.20647311,0
0.94377446,0.056225568,0
0.9916044,0.008395649,0
0.9922253,0.0077746552,0
0.82337224,0.17662776,1
0.6594024,0.34059766,1
0.6430473,0.35695276,0
0.64168847,0.3583115,0
0.6419422,0.3580578,0
0.6566386,0.34336147,0
0.6665652,0.33343485,0
0.7649097,0.23509026,0
0.84432733,0.15567268,0
0.76595855,0.2340415,0
0.751359,0.24864103,0
0.75014305,0.24985702,0
0.7274955,0.2725045,0
0.71694446,0.28305554,0
0.7435051,0.25649485,1
0.869054,0.13094595,0
0.98816454,0.011835486,0
0.985789,0.014211039,0
0.97257847,0.027421521,0
0.72559524,0.2744048,1
0.76484585,0.2351542,1
0.72918177,0.27081814,0
0.79692405,0.203076,0
0.70306283,0.29693723,1
0.77067745,0.2293226,1
0.8866331,0.113366924,0
0.7508879,0.24911211,1
0.73631364,0.2636863,1
0.745411,0.25458902,1
0.25666603,0.74333394,1
0.813701,0.18629894,0
0.8274271,0.17257297,0
0.72296184,0.2770382,0
0.98035187,0.019648198,0
0.9206983,0.07930174,0
0.57767653,0.42232347,0
0.7210414,0.2789586,0
0.73748755,0.2625125,0
0.743223,0.25677702,0
0.72375,0.27624995,0
0.69999444,0.30000556,0
0.70565754,0.29434243,0
0.713943,0.28605703,0
0.7784946,0.2215054,1
0.7208663,0.2791337,1
0.98743236,0.0125676105,0
0.75771815,0.24228191,0
0.40219378,0.5978062,1
0.256246,0.743754,1
0.51861745,0.48138252,1
0.6998361,0.30016395,0
0.97883797,0.021162033,0
0.99098337,0.0090166405,0
0.9745935,0.025406497,0
0.6033909,0.39660907,0
0.5611237,0.43887627,0
0.5668356,0.4331644,0
0.565786,0.434214,0
0.97321856,0.026781432,0
0.6319663,0.36803377,1
0.6234371,0.37656286,1
0.71289533,0.28710473,0
0.5086675,0.49133253,0
0.6172639,0.38273606,0
0.78861755,0.21138243,0
0.77007055,0.22992943,0
0.9306468,0.069353186,0
0.97796303,0.022037001,0
0.6388144,0.3611856,1
0.56707615,0.4329238,0
0.51707494,0.4829251,1
0.55408347,0.44591644,1
0.61885005,0.3811499,1
0.608333,0.39166698,0
0.740053,0.25994703,0
0.7502904,0.24970959,1
0.69452435,0.30547562,1
0.7404663,0.25953364,1
0.9909738,0.009026236,0
0.91309893,0.086901024,1
0.63673973,0.3632603,1
0.5859117,0.41408837,0
0.25910357,0.74089634,1
0.57261676,0.4273832,0
0.719416,0.28058395,0
0.7208864,0.2791135,0
0.70029587,0.29970416,0
0.7348644,0.26513565,0
0.89782244,0.102177635,0
0.79682827,0.20317173,1
0.625556,0.37444407,0
0.62445855,0.37554145,0
0.40523624,0.59476376,1
0.22075985,0.7792402,1
0.49697533,0.5030247,1
0.6396177,0.36038235,0
0.77389497,0.22610505,0
0.74849045,0.25150958,1
0.80326945,0.19673057,0
0.99323326,0.0067667314,0
0.8313189,0.1686811,1
0.5427575,0.45724246,1
0.65211505,0.34788492,0
0.6362272,0.36377278,0
0.9934302,0.0065698177,0
0.9954509,0.004549125,0
0.98040134,0.019598678,0
0.55296177,0.44703823,1
0.48984513,0.51015484,1
0.5175923,0.48240775,1
0.5996846,0.40031543,1
0.63276845,0.36723158,1
0.6472019,0.35279804,1
0.7744561,0.22554395,1
0.880562,0.11943794,0
0.97476465,0.025235398,0
0.4194087,0.58059126,1
0.2574953,0.7425047,1
0.254407,0.745593,1
0.30782124,0.6921788,1
0.32372674,0.6762732,1
0.9034416,0.09655838,0
0.9883829,0.011617116,0
0.98154515,0.018454816,0
0.12937956,0.8706204,1
0.051760923,0.948239,1
0.056699466,0.9433006,1
0.1430412,0.8569588,1
0.7429276,0.2570724,0
0.7508156,0.24918441,0
0.7568224,0.24317764,0
0.7569228,0.2430772,0
0.72674406,0.27325597,0
0.94474,0.05525997,0
0.78630614,0.21369381,0
0.7166356,0.28336436,0
0.7355148,0.26448527,0
0.72603583,0.2739642,0
0.97810453,0.021895478,0
0.99400914,0.005990881,0
0.98129225,0.018707726,0
0.6748838,0.3251162,1
0.5981326,0.40186736,1
0.6428781,0.35712188,1
0.82310104,0.1768989,0
0.99487406,0.0051258826,0
0.99591595,0.004084037,0
0.9953608,0.0046391874,0
0.9896237,0.010376257,0
0.85756165,0.1424383,0
0.88296264,0.11703737,0
0.93418586,0.065814085,0
0.94516045,0.05483956,0
0.94666404,0.053335972,0
0.9538407,0.04615935,0
0.9439152,0.05608482,0
0.935142,0.064857975,1
0.99682355,0.003176469,0
0.9980939,0.0019061038,0
0.9969291,0.003070882,0
0.9758222,0.024177779,0
0.94456136,0.055438578,1
0.61995447,0.38004544,1
0.6557201,0.34427983,1
0.7129013,0.28709874,1
0.71581113,0.28418884,1
0.71957856,0.28042147,1
0.71538186,0.2846181,1
0.7047583,0.29524168,1
0.7078773,0.29212266,1
0.800367,0.19963303,1
0.783963,0.21603705,1
0.936126,0.06387402,1
0.983442,0.01655796,1
0.9953244,0.0046756226,0
0.99706715,0.0029328146,0
0.96953,0.03046999,0
0.93618166,0.06381833,0
0.789248,0.21075204,0
0.8344625,0.16553743,0
0.8861203,0.113879636,0
0.9360305,0.063969485,0
0.94570816,0.05429189,0
0.9523307,0.04766931,0
0.9229757,0.07702431,1
0.9141908,0.0858091,1
0.64869195,0.35130805,1
0.6162145,0.3837855,1
0.54520464,0.45479536,1
0.51098925,0.48901075,1
0.49933785,0.5006622,1
0.69889575,0.30110422,1
0.7243502,0.27564976,1
0.684902,0.315098,1
0.48305482,0.5169451,1
0.6122391,0.38776082,0
0.9709779,0.029022165,0
0.98642206,0.013577966,0
0.9484869,0.051513065,0
0.826694,0.17330602,0
0.7270574,0.2729426,0
0.37337455,0.6266255,1
0.35861817,0.64138186,1
0.8134062,0.18659374,0
0.8200426,0.1799574,0
0.7530465,0.24695353,0
0.79023796,0.20976207,0
0.9483354,0.05166461,0
0.99066764,0.009332314,0
0.996503,0.0034970618,0
0.9604995,0.039500516,0
0.8824673,0.117532685,0
0.8038855,0.19611454,0
0.6862196,0.31378046,0
0.68537354,0.3146265,0
0.6971386,0.30286142,0
0.72207665,0.27792332,0
0.61938345,0.38061655,0
0.53966147,0.46033856,0
0.39365372,0.6063463,1
0.7492014,0.25079864,0
0.8549277,0.14507228,0
0.7970946,0.20290545,0
0.88132083,0.118679196,0
0.9889319,0.011068035,0
0.7107737,0.28922626,0
0.656219,0.34378102,0
0.6097274,0.39027262,0
0.6641028,0.3358972,1
0.7643194,0.23568058,0
0.7725361,0.2274639,0
0.81838983,0.18161018,1
0.88342154,0.116578415,0
0.987693,0.01230697,0
0.5547367,0.44526336,1
0.607002,0.39299798,1
0.65293515,0.3470648,1
0.58782935,0.4121706,1
0.5786458,0.4213542,0
0.6617121,0.33828792,0
0.59401304,0.405987,1
0.6881006,0.3118994,1
0.9179749,0.082025126,0
0.83524644,0.16475356,0
0.3220762,0.6779238,1
0.3865933,0.61340666,1
0.66525644,0.33474365,1
0.73682517,0.2631748,0
0.759877,0.24012294,0
0.750552,0.24944803,0
0.7698895,0.23011054,0
0.7926491,0.20735088,0
0.8078212,0.19217873,0
0.82467484,0.17532519,0
0.9583907,0.041609287,0
0.9853137,0.014686298,0
0.9801072,0.0198928,0
0.9586601,0.041339792,0
0.7110057,0.2889943,0
0.59399635,0.40600362,1
0.58591074,0.41408932,0
0.5507408,0.44925916,1
0.49679375,0.5032063,1
0.597823,0.40217695,1
0.36084214,0.63915783,1
0.12441179,0.87558824,1
0.12071582,0.87928414,1
0.5065299,0.4934701,1
0.3978409,0.60215914,1
0.68560714,0.3143929,0
0.69358045,0.30641955,0
0.6553511,0.34464887,0
0.74380744,0.2561926,0
0.9919642,0.008035803,0
0.7670195,0.23298047,0
0.74757874,0.2524213,0
0.70916456,0.29083544,0
0.65861094,0.34138903,0
0.59443086,0.40556923,1
0.5253909,0.47460908,1
0.6563289,0.34367105,1
0.68730783,0.31269217,1
0.72743016,0.2725699,0
0.7559493,0.24405067,0
0.6917841,0.3082159,0
0.86557907,0.13442095,0
0.9179303,0.08206965,0
0.8165192,0.18348075,1
0.69046134,0.30953863,0
0.6850086,0.3149914,0
0.78156614,0.21843386,0
0.9878941,0.012105922,0
0.97675097,0.023248993,0
0.85916865,0.14083132,0
0.613481,0.386519,1
0.6486801,0.35131982,1
0.6938254,0.3061746,1
0.72214645,0.27785346,1
0.81944525,0.18055476,1
0.7454376,0.2545624,0
0.73864436,0.2613556,0
0.71557724,0.28442276,1
0.7077404,0.29225963,1
0.691311,0.308689,1
0.6813944,0.31860566,1
0.9891263,0.010873719,0
0.9870206,0.01297945,0
0.5915204,0.40847957,1
0.6188001,0.38119987,1
0.75136876,0.24863122,1
0.7204207,0.27957928,1
0.71902806,0.2809719,0
0.7157069,0.2842931,0
0.743234,0.256766,0
0.9377892,0.062210776,1
0.9838914,0.01610854,0
0.9914095,0.008590586,0
0.9906363,0.009363766,0
0.79663664,0.2033633,0
0.35387662,0.64612335,1
0.685572,0.31442797,0
0.7422015,0.25779846,0
0.7595298,0.24047022,1
0.9927648,0.0072352844,0
0.9926126,0.007387382,0
0.9869328,0.013067237,0
0.9747533,0.025246684,0
0.7103072,0.28969276,1
0.387814,0.6121861,1
0.33024517,0.6697548,1
0.33104202,0.668958,1
0.37151024,0.62848973,1
0.37444508,0.6255549,1
0.990368,0.009632071,0
0.9926467,0.0073533477,0
0.98092264,0.01907743,0
0.78215384,0.21784618,0
0.63877255,0.36122742,1
0.6999206,0.30007938,0
0.7187772,0.2812228,0
0.756529,0.243471,0
0.43142742,0.56857264,0
0.7752754,0.22472458,1
0.81480026,0.18519975,1
0.9556498,0.044350136,0
0.6218413,0.37815875,0
0.66129845,0.33870158,1
0.5995257,0.40047425,1
0.6042524,0.39574763,1
0.3775225,0.6224775,1
0.38460973,0.6153903,1
0.6334998,0.3665002,0
0.63982445,0.3601755,1
0.54248536,0.4575147,1
0.96015817,0.0398418,0
0.79645425,0.20354572,1
0.6486285,0.35137147,1
0.62603045,0.37396953,1
0.3546966,0.6453034,1
0.32298332,0.67701674,1
0.24040443,0.7595956,1
0.23380913,0.7661909,1
0.7128484,0.28715152,0
0.68723315,0.31276688,0
0.6720467,0.32795325,1
0.9787078,0.021292236,0
0.92205954,0.07794045,0
0.6979125,0.30208752,1
0.64446294,0.35553703,0
0.74471974,0.25528026,0
0.736974,0.26302597,0
0.7443963,0.2556037,0
0.67924196,0.32075804,0
0.6401595,0.35984042,0
0.62494415,0.37505588,0
0.93214005,0.06785992,0
0.98480254,0.015197432,0
0.64452106,0.35547888,0
0.5368767,0.46312338,0
0.5054426,0.4945574,0
0.49871087,0.5012892,0
0.46909133,0.5309087,0
0.6927237,0.3072763,1
0.9859023,0.0140976915,0
0.9748735,0.025126496,0
0.9363885,0.063611545,0
0.31797153,0.6820284,1
0.3044231,0.6955769,1
0.3193604,0.68063956,1
0.39109245,0.6089075,1
0.49807027,0.5019297,1
0.48228946,0.51771057,1
0.55803865,0.44196138,1
0.6167689,0.38323116,1
0.88283557,0.117164455,0
0.99163216,0.008367846,0
0.4853768,0.5146232,0
0.51277477,0.48722523,0
0.363866,0.63613397,0
0.3557315,0.6442685,0
0.5448746,0.4551254,0
0.9281524,0.07184757,0
0.9831596,0.016840398,0
0.63447964,0.36552036,0
0.60672885,0.3932711,0
0.7567075,0.24329256,0
0.7998813,0.20011865,0
0.6059533,0.39404672,0
0.7537055,0.24629456,1
0.5836249,0.41637504,1
0.5879132,0.41208676,1
0.95520115,0.044798825,1
0.91567934,0.08432072,1
0.78814006,0.21186,1
0.6395663,0.36043364,1
0.63039535,0.36960468,1
0.5799546,0.42004538,1
0.3473035,0.6526965,1
0.40829074,0.59170926,1
0.47012353,0.5298765,1
0.64508116,0.35491893,0
0.9484761,0.051523898,0
0.6315171,0.3684829,0
0.49466655,0.50533336,0
0.7707835,0.22921653,1
0.76329726,0.23670271,1
0.7853704,0.2146296,1
0.74647206,0.2535279,0
0.72755677,0.27244323,0
0.9732981,0.026701964,0
0.85778993,0.14221008,0
0.5962801,0.40371993,0
0.56073564,0.43926436,1
0.467654,0.532346,1
0.5685521,0.4314479,1
0.7447726,0.25522736,0
0.7842893,0.21571063,0
0.77135974,0.2286403,0
0.7261011,0.27389893,1
0.674667,0.32533297,1
0.64465195,0.35534808,1
0.7229982,0.27700186,1
0.77102005,0.22897992,0
0.7222324,0.27776763,0
0.6379088,0.36209118,0
0.96927756,0.030722456,1
0.95890397,0.041096028,1
0.50631887,0.49368116,1
0.43573445,0.56426555,1
0.43385577,0.5661442,1
0.45411104,0.5458889,1
0.7518448,0.24815518,0
0.84058714,0.1594129,0
0.9188056,0.0811944,0
0.9711799,0.028820107,0
0.98249924,0.017500818,0
0.9827571,0.01724293,0
0.9594459,0.04055415,0
0.944767,0.05523299,0
0.53156346,0.46843654,0
0.45965868,0.54034126,0
0.4110791,0.5889209,1
0.9867797,0.01322039,0
0.9939526,0.006047422,0
0.9822657,0.017734315,0
0.97307265,0.026927343,0
0.49018133,0.50981873,1
0.3573633,0.6426367,1
0.3522826,0.6477174,1
0.9859803,0.014019733,0
0.9887158,0.011284249,0
0.9543429,0.045657095,0
0.7315817,0.26841834,1
0.6600612,0.3399388,0
0.67982334,0.32017663,0
0.6925212,0.30747882,0
0.70437706,0.29562292,0
0.6371153,0.3628847,0
0.6762749,0.3237251,0
0.6118036,0.3881964,1
0.72876656,0.27123347,0
0.86616445,0.13383552,0
0.9158489,0.08415113,0
0.95359117,0.04640884,0
0.97365856,0.02634142,0
0.71487826,0.28512177,0
0.33635297,0.663647,1
0.5413233,0.4586767,1
0.69848806,0.30151194,0
0.69331956,0.3066804,1
0.762737,0.237263,0
0.60055864,0.39944133,0
0.92186123,0.078138806,0
0.69854397,0.30145594,0
0.6345573,0.36544272,0
0.73101044,0.2689895,0
0.666608,0.33339208,0
0.675348,0.324652,0
0.70479584,0.2952042,0
0.76939845,0.23060155,0
0.72375834,0.27624163,1
0.7140951,0.28590485,1
0.78166693,0.21833304,0
0.9230581,0.0769419,0
0.9800852,0.019914825,0
0.982128,0.01787194,0
0.58884853,0.41115144,1
0.6816361,0.31836388,1
0.6627629,0.3372371,1
0.6495747,0.3504253,1
0.6679248,0.33207524,1
0.6688536,0.33114642,1
0.6754363,0.32456368,1
0.67811084,0.32188916,1
0.66765165,0.33234835,1
0.80687803,0.19312201,0
0.9815807,0.018419316,0
0.9863832,0.01361682,0
0.5507494,0.4492506,1
0.36317128,0.63682866,0
0.33078128,0.66921866,1
0.37008265,0.6299173,1
0.5012228,0.49877724,0
0.50771517,0.49228486,0
0.9650065,0.034993593,0
0.7385852,0.2614148,0
0.5234773,0.47652262,1
0.36196372,0.63803625,1
0.49306655,0.5069335,0
0.4373625,0.5626375,0
0.30730143,0.69269854,1
0.31767303,0.682327,0
0.8719721,0.12802793,1
0.7315891,0.26841098,0
0.38318375,0.6168163,1
0.27001446,0.7299856,1
0.42591512,0.5740849,1
0.7614189,0.23858112,0
0.7698915,0.23010848,0
0.82175225,0.17824775,0
0.58334327,0.4166567,0
0.97177213,0.028227907,0
0.9263988,0.07360118,0
0.5886143,0.41138574,0
0.023555152,0.9764448,1
0.18201123,0.81798875,1
0.23862077,0.7613792,1
0.2294818,0.7705181,1
0.23148309,0.7685169,1
0.24433859,0.7556614,1
0.6986032,0.30139676,0
0.69756913,0.3024308,0
0.74069095,0.25930905,0
0.7520175,0.24798252,0
0.77740365,0.22259633,0
0.5857268,0.41427314,0
0.5402413,0.4597587,0
0.66002417,0.33997586,0
0.46786338,0.5321367,0
0.28703666,0.71296334,1
0.65921193,0.34078798,0
0.6693542,0.33064577,0
0.69810355,0.30189645,0
0.6757165,0.32428348,0
0.94924855,0.050751496,0
0.8784453,0.12155472,0
0.49387777,0.5061222,0
0.5554666,0.44453335,0
0.6975006,0.30249938,0
0.6074834,0.3925166,1
0.45998517,0.54001486,1
0.7472115,0.25278848,0
0.90911496,0.09088507,0
0.72923744,0.27076256,0
0.69728774,0.30271223,0
0.6770456,0.3229544,0
0.60141885,0.39858115,0
0.5746496,0.42535046,0
0.6665783,0.33342165,0
0.64354545,0.35645452,1
0.9819942,0.018005755,0
0.9373445,0.06265548,0
0.7813708,0.21862914,0
0.3868605,0.6131395,1
0.39512652,0.6048735,1
0.50704485,0.49295518,1
0.45700797,0.542992,1
0.50473684,0.4952632,1
0.47741082,0.52258915,0
0.71153325,0.2884667,0
0.9616593,0.03834069,0
0.978005,0.021994952,0
0.9762067,0.02379327,0
0.5367083,0.46329173,0
0.47805464,0.52194536,0
0.45927235,0.5407277,0
0.38089254,0.6191075,1
0.33535543,0.66464454,1
0.97535354,0.024646515,0
0.99153477,0.008465256,0
0.66761464,0.33238533,0
0.67474806,0.32525194,0
0.5646349,0.43536508,0
0.521212,0.47878796,1
0.98401964,0.015980382,0
0.4992447,0.5007553,0
0.5837626,0.4162374,1
0.4968043,0.50319564,1
0.599564,0.40043595,1
0.9216135,0.0783865,1
0.5575881,0.4424119,1
0.57801753,0.4219825,0
0.46076235,0.5392377,0
0.43330884,0.56669116,1
0.34076065,0.6592393,1
0.7247332,0.2752668,0
0.73037344,0.26962653,0
0.9383354,0.06166455,0
0.49441075,0.5055893,1
0.70617086,0.2938291,0
0.64876854,0.35123143,0
0.76990885,0.23009114,1
0.18630318,0.8136968,1
0.6030105,0.3969895,1
0.8203804,0.1796196,0
0.76982844,0.23017159,0
0.6690659,0.33093414,1
0.9245,0.07550004,1
0.9251415,0.07485843,1
0.6844185,0.31558153,0
0.73217756,0.2678225,0
0.67014927,0.3298507,0
0.98620063,0.013799348,0
0.45383644,0.54616356,1
0.48631623,0.5136838,1
0.011509299,0.9884907,1
0.54764503,0.45235497,1
0.984268,0.015732022,0
0.5773956,0.42260435,0
0.6085846,0.39141545,0
0.33322966,0.66677034,1
0.45420754,0.5457924,1
0.3623485,0.6376515,0
0.283149,0.71685106,1
0.97716993,0.022830077,0
0.7371096,0.2628904,0
0.739707,0.260293,0
0.7386832,0.26131678,0
0.74984115,0.25015888,0
0.7550282,0.24497174,1
0.6372654,0.3627346,0
0.9777139,0.022286177,0
0.6488467,0.35115325,0
0.57801515,0.42198488,0
0.5831301,0.41686985,0
0.532392,0.467608,0
0.54376656,0.4562334,0
0.5309175,0.4690825,0
0.51511,0.48488998,0
0.5288287,0.47117135,0
0.62728834,0.3727116,1
0.6611031,0.33889684,1
0.67808324,0.32191673,1
0.7007961,0.29920393,1
0.5639396,0.43606046,1
0.47153208,0.528468,1
0.90689635,0.093103625,1
0.97095066,0.029049303,0
0.6255231,0.3744769,0
0.6253058,0.37469417,0
0.61287403,0.3871259,0
0.46372843,0.5362716,1
0.49825418,0.5017458,1
0.5041831,0.4958169,1
0.5405069,0.4594931,1
0.4511512,0.5488488,1
0.51535255,0.48464745,1
0.7048927,0.29510725,0
0.71856546,0.2814345,1
0.83870816,0.16129185,1
0.9577132,0.042286765,0
0.97410786,0.02589213,0
0.41780984,0.58219016,1
0.40666527,0.59333473,1
0.00013246924,0.99986756,1
0.74709445,0.25290558,0
0.62605226,0.37394774,0
0.9790335,0.020966483,0
0.5969683,0.40303174,0
0.6854659,0.31453407,0
0.7379207,0.2620793,0
0.72078395,0.2792161,0
0.5808097,0.41919026,0
0.67447084,0.32552925,0
0.6643938,0.33560622,1
0.9880542,0.011945837,0
0.8214919,0.17850806,1
0.30564836,0.6943516,1
0.33881432,0.6611857,1
0.66834366,0.33165634,0
0.68484247,0.31515753,0
0.69479674,0.3052033,0
0.6872857,0.31271434,1
0.67776215,0.32223785,1
0.97237056,0.027629446,0
0.9930837,0.006916299,0
0.9679024,0.03209755,0
0.93175834,0.06824165,0
0.5363381,0.46366194,1
0.42728093,0.57271904,1
0.31618366,0.6838163,1
0.30342063,0.69657934,1
0.28303,0.71697,1
0.25430235,0.7456977,1
0.9776243,0.02237565,1
0.7656237,0.23437631,1
0.73509634,0.26490366,0
0.71876156,0.28123844,0
0.65908986,0.3409101,0
0.643274,0.35672596,0
0.70332557,0.2966744,0
0.6528816,0.3471184,0
0.58122706,0.418773,0
0.6301968,0.36980322,1
0.53955805,0.46044195,0
0.47768214,0.5223178,1
0.6968595,0.30314058,1
0.6110411,0.38895884,1
0.6597182,0.34028178,1
0.90748006,0.09251991,1
0.94840413,0.051595837,0
0.6192781,0.38072196,1
0.035354454,0.96464556,1
0.024494871,0.9755052,1
0.0011087535,0.9988913,1
0.69807273,0.3019273,0
0.74780107,0.252199,0
0.6261085,0.37389144,0
0.765801,0.23419902,0
0.9608189,0.03918111,0
0.9367671,0.06323289,0
0.90815836,0.091841616,0
0.67857534,0.3214247,0
0.718245,0.2817549,0
0.6302995,0.36970052,0
6.875592e-05,0.9999312,1
0.0013653511,0.99863464,1
5.9396036e-16,1.0,1
0.71558666,0.28441328,0
0.91696936,0.08303061,0
0.65447664,0.3455233,0
0.5162972,0.48370275,0
0.5011998,0.49880016,0
0.6511039,0.34889612,0
0.6645096,0.3354905,0
0.6453355,0.3546645,0
0.6204406,0.37955934,0
0.6122905,0.38770947,0
0.62097836,0.3790216,0
0.74547476,0.25452524,0
0.60940975,0.39059022,0
0.6094595,0.39054045,0
0.6661238,0.33387616,0
0.91825175,0.081748255,0
0.94090325,0.059096694,1
0.9764756,0.023524433,1
0.95792276,0.042077284,1
0.9740753,0.025924692,0
0.79387975,0.20612027,1
0.5256554,0.47434464,1
0.3286392,0.6713608,1
0.4610602,0.53893983,0
0.57555056,0.4244494,0
0.6227891,0.3772109,0
0.71734804,0.2826519,0
0.6962478,0.30375218,0
0.642811,0.35718897,1
0.70687586,0.29312417,0
0.84373116,0.15626885,0
0.97300863,0.026991338,0
0.42171684,0.5782832,1
0.3929396,0.6070605,1
0.31395608,0.6860439,1
0.34841585,0.65158415,1
0.97057253,0.029427405,0
0.98283505,0.01716501,0
0.9866638,0.013336193,0
0.98948085,0.0105191665,0
0.52639794,0.473602,1
0.5817594,0.4182406,1
0.5582267,0.44177327,1
0.59847766,0.40152225,1
0.53607255,0.46392742,1
0.5713453,0.42865467,1
0.68898743,0.31101257,0
0.668075,0.33192497,0
0.6831732,0.31682685,0
0.65339816,0.34660184,0
0.5552136,0.44478643,0
0.65892714,0.3410728,1
0.6225317,0.3774683,0
0.3646656,0.6353344,1
0.42972827,0.57027173,1
0.56556606,0.43443388,0
0.6234031,0.37659696,0
0.680027,0.31997296,0
0.620115,0.37988502,0
0.9612575,0.038742483,0
0.64061296,0.35938695,0
0.7042468,0.29575315,0
0.42106077,0.5789392,1
0.4979849,0.5020152,1
0.7361743,0.2638257,0
0.7232654,0.27673456,0
0.5582221,0.44177786,0
0.7604129,0.2395871,0
0.875126,0.12487395,0
0.96389484,0.036105193,0
0.9022353,0.09776464,0
0.76484716,0.2351529,0
0.6890696,0.31093043,0
0.73664457,0.26335543,0
0.742836,0.257164,0
0.7853922,0.2146078,0
0.92918193,0.07081805,0
0.97233534,0.027664723,0
0.5914605,0.4085394,1
0.6030901,0.3969099,1
0.53033763,0.4696623,1
0.5057988,0.49420115,1
0.61136776,0.3886322,0
0.62829846,0.37170157,0
0.63260317,0.3673968,0
0.66837555,0.33162445,0
0.6759066,0.32409343,0
0.7460481,0.25395197,0
0.37715414,0.6228459,1
0.70997876,0.2900212,1
0.7181416,0.28185838,1
0.78223825,0.21776173,1
0.77310634,0.22689365,1
0.7668339,0.23316607,1
0.85140383,0.14859614,0
0.97381514,0.026184833,0
0.98399115,0.016008824,0
0.9895717,0.010428383,0
0.982486,0.01751401,0
0.8462593,0.15374075,1
0.7817364,0.21826367,1
0.50737214,0.4926278,1
0.49423045,0.5057695,1
0.5689982,0.43100172,0
0.576573,0.42342702,0
0.3046961,0.6953039,1
0.37516564,0.6248343,1
0.3896494,0.61035055,1
0.92313325,0.07686675,0
0.98343164,0.016568312,0
0.9902165,0.00978353,0
0.99153966,0.008460383,0
0.88416964,0.1158304,0
0.89534813,0.10465187,0
0.8611443,0.13885571,1
0.7712603,0.22873971,0
0.6868249,0.31317514,1
0.9873396,0.012660401,0
0.9456642,0.054335777,0
0.7633813,0.23661868,1
0.6023824,0.3976176,1
0.5639303,0.4360698,1
0.51830024,0.48169985,1
0.5640151,0.43598494,1
0.6731895,0.32681048,1
0.74038124,0.25961876,0
0.6911526,0.3088474,0
0.65349025,0.34650975,1
0.9073416,0.09265843,0
0.95958835,0.040411677,0
0.9668992,0.03310076,0
0.95500803,0.044992007,0
0.7317575,0.26824248,1
0.65790176,0.34209827,1
0.21113697,0.78886306,1
0.43142563,0.5685744,1
0.5763142,0.42368576,1
0.80939347,0.19060656,0
0.944622,0.05537804,0
0.96040857,0.039591458,0
0.9440392,0.055960752,0
0.6469295,0.35307047,1
0.56503683,0.43496317,1
0.37906146,0.62093854,0
0.12477972,0.87522024,1
0.47165045,0.52834946,1
0.77416825,0.22583172,0
0.5923787,0.40762132,0
0.61494976,0.3850502,0
0.5787219,0.4212781,1
0.6820723,0.3179277,1
0.73559576,0.26440427,1
0.69936746,0.30063257,0
0.8725803,0.12741978,0
0.93290615,0.06709383,0
0.98343635,0.016563589,0
0.9795314,0.020468652,0
0.9530125,0.046987463,0
0.4046381,0.5953618,1
0.40130246,0.59869754,1
0.47285542,0.52714455,1
0.5012503,0.49874964,1
0.5767821,0.42321792,1
0.7430529,0.25694707,0
0.989652,0.010348057,0
0.724297,0.27570295,1
0.5187946,0.48120537,1
0.51565224,0.48434776,1
0.45642456,0.54357547,1
0.31051743,0.6894826,1
0.94065225,0.059347697,1
0.45913693,0.5408631,1
0.6939277,0.30607235,1
0.5895331,0.41046688,1
0.7580986,0.24190141,0
0.81124496,0.18875505,0
0.80170995,0.19829005,0
0.74212056,0.25787947,0
0.97005546,0.02994448,0
0.969807,0.030192938,0
0.5405315,0.4594685,1
0.5296963,0.47030377,1
0.5125981,0.4874019,1
0.5508934,0.44910657,1
0.6001442,0.39985576,1
0.69797856,0.30202144,0
0.68567705,0.31432295,0
0.6350561,0.3649439,0
0.7306146,0.26938537,0
0.7375888,0.26241115,0
0.742156,0.257844,1
0.7205053,0.2794947,1
0.39142635,0.6085737,1
0.35870957,0.64129037,1
0.42308885,0.57691115,1
0.72001994,0.27998012,0
0.7409482,0.2590518,0
0.71139747,0.2886026,0
0.6618253,0.33817473,0
0.61460257,0.3853974,1
0.570112,0.42988798,1
0.6806275,0.31937253,1
0.72076094,0.27923906,0
0.6841128,0.3158872,0
0.7668296,0.23317038,0
0.8990673,0.100932665,0
0.96850115,0.031498842,0
0.94167674,0.05832326,0
0.806767,0.19323304,0
0.6344357,0.36556432,1
0.7073175,0.29268247,1
0.6797002,0.3202998,1
0.7389463,0.26105368,1
0.78660476,0.21339522,1
0.78891975,0.21108027,1
0.8209296,0.1790704,1
0.8089374,0.19106255,0
0.7235347,0.27646527,0
0.7914832,0.20851678,0
0.7376483,0.2623517,0
0.955506,0.044494025,0
0.93852335,0.06147662,0
0.4887709,0.51122916,1
0.51867807,0.48132196,1
0.57430315,0.42569682,1
0.5327516,0.46724838,1
0.60401136,0.39598867,0
0.68835837,0.31164166,0
0.7047899,0.29521006,0
0.74482936,0.25517067,0
0.92989767,0.07010228,0
0.964583,0.03541705,0
0.9813695,0.01863052,0
0.97009945,0.029900506,0
0.96024346,0.03975658,0
0.9020372,0.09796272,0
0.6240265,0.37597355,0
0.613082,0.38691798,1
0.54595286,0.45404717,1
0.48130402,0.51869595,1
0.41243815,0.5875619,1
0.5308054,0.46919456,0
0.3936677,0.60633236,0
0.93910426,0.060895763,0
0.73738223,0.2626177,0
0.7589833,0.24101663,0
0.77787703,0.22212297,0
0.5825541,0.41744596,1
0.15858266,0.8414174,1
0.82960933,0.17039073,1
0.6710754,0.3289246,0
0.70780694,0.29219306,0
0.7129336,0.28706637,0
0.7623026,0.23769735,0
0.7205387,0.2794613,0
0.6752168,0.3247832,0
0.7948019,0.20519803,0
0.90508544,0.09491451,0
0.95889586,0.041104145,0
0.7337943,0.2662057,1
0.75649697,0.24350306,1
0.79772955,0.20227043,0
0.81317717,0.18682283,0
0.77998346,0.22001661,0
0.86794245,0.13205755,0
0.7997677,0.2002323,0
0.9644824,0.0355176,0
0.74042773,0.25957227,1
0.7569918,0.24300817,0
0.7237952,0.27620488,1
0.7696132,0.23038673,1
0.7839218,0.21607827,1
0.7358642,0.26413575,0
0.8123327,0.18766734,0
0.7346048,0.2653952,1
0.77309686,0.2269032,1
0.663182,0.336818,1
0.6856892,0.31431082,0
0.7869783,0.21302168,0
0.7571684,0.24283166,0
0.7614507,0.23854925,1
0.98613715,0.013862832,0
0.8253227,0.17467733,1
0.37905502,0.620945,1
0.7863018,0.21369821,0
0.95806146,0.04193855,0
0.9772515,0.022748457,0
0.95035374,0.049646247,0
0.6898974,0.31010264,1
0.64846545,0.35153458,1
0.5755002,0.42449984,0
0.5826471,0.41735289,1
0.551507,0.44849294,1
0.80897343,0.19102657,1
0.79081243,0.20918754,1
0.9788123,0.021187702,0
0.54881155,0.45118842,1
0.30662704,0.6933729,1
0.53527874,0.4647213,1
0.4268561,0.5731439,1
0.21921039,0.7807897,1
0.95978045,0.0402195,0
0.92662024,0.073379785,0
0.4634406,0.5365594,1
0.60517746,0.39482254,1
0.7718131,0.22818696,0
0.8340687,0.16593127,0
0.6066706,0.3933294,1
0.641284,0.35871592,0
0.8664637,0.1335363,0
0.9354415,0.064558506,0
0.9488812,0.051118806,0
0.81002694,0.18997306,0
0.5708356,0.42916444,1
0.584687,0.41531298,1
0.8192121,0.18078795,1
0.80723315,0.19276682,1
0.86366147,0.13633856,1
0.75626695,0.2437331,1
0.7670153,0.23298474,0
0.70054156,0.29945844,0
0.58489984,0.41510022,1
0.64778584,0.3522141,0
0.69486976,0.30513027,0
0.71474046,0.28525952,1
0.70874304,0.29125696,0
0.69997334,0.3000266,0
0.46011904,0.539881,1
0.64986044,0.35013953,1
0.6938364,0.30616364,1
0.9701258,0.02987417,0
0.60740113,0.39259884,0
0.4452128,0.55478716,1
0.4628638,0.53713626,1
0.48990878,0.5100912,1
0.49455696,0.505443,1
0.47484535,0.5251547,1
0.7267566,0.27324343,0
0.6794792,0.32052085,0
0.63146675,0.36853328,0
0.6099793,0.39002076,0
0.80874604,0.19125395,1
0.8814594,0.11854061,1
0.9855714,0.014428651,0
0.9749296,0.025070386,0
0.8653946,0.1346054,0
0.7845415,0.21545854,0
0.6021179,0.39788207,1
0.60628194,0.393718,1
0.7542629,0.24573709,0
0.7149788,0.28502125,0
0.54207885,0.45792124,0
0.73570883,0.26429114,0
0.7471493,0.2528507,0
0.9697356,0.030264338,0
0.9826041,0.017395949,0
0.5470551,0.45294482,0
0.42834017,0.5716598,1
0.4165508,0.5834492,1
0.48192257,0.51807743,1
0.31613007,0.68386996,1
0.31104437,0.6889556,1
0.3143482,0.68565184,1
0.9295849,0.0704151,1
0.66458875,0.33541125,1
0.6762815,0.32371855,1
0.7432745,0.25672546,1
0.7094473,0.29055268,1
0.6749445,0.32505545,0
0.74263734,0.25736263,0
0.5857537,0.4142463,0
0.7618491,0.23815086,0
0.7034924,0.29650757,0
0.65187216,0.3481278,0
0.23460792,0.76539207,1
0.12471496,0.87528497,1
0.5487584,0.45124164,1
0.018966548,0.98103344,1
0.8503786,0.14962141,0
0.7504431,0.24955694,1
0.89771354,0.10228647,0
0.9507601,0.04923982,0
0.9580942,0.04190582,0
0.929318,0.07068193,0
0.6802162,0.3197838,0
0.7050568,0.2949432,0
0.6989528,0.30104718,0
0.6943415,0.30565855,0
0.7577539,0.24224606,0
0.70421284,0.29578716,0
0.6747149,0.3252851,1
0.78994906,0.210051,0
0.80680597,0.19319396,0
0.8266087,0.17339128,0
0.78050154,0.21949846,0
0.7135398,0.28646022,0
0.7046621,0.29533798,0
0.712655,0.28734496,0
0.44705868,0.5529413,1
0.9552735,0.044726525,0
0.67438155,0.32561848,0
0.66023254,0.33976743,1
0.63506645,0.36493352,0
0.71636075,0.28363925,0
0.76424104,0.23575893,0
0.6842377,0.31576225,0
0.71331203,0.286688,0
0.6890932,0.3109069,1
0.89842004,0.101579934,1
0.98697877,0.013021213,0
0.025235398,0.97476465,1
0.7020059,0.29799405,1
0.52066535,0.47933465,1
0.42849046,0.57150954,1
0.9907855,0.009214554,0
0.9628531,0.03714698,0
0.7039694,0.29603055,0
0.5385692,0.4614307,0
0.8062057,0.19379434,0
0.8327493,0.16725063,0
0.6832145,0.3167855,0
0.7269582,0.2730418,0
0.805642,0.19435799,0
0.9761254,0.023874559,0
0.9849005,0.015099502,0
0.9806143,0.01938569,0
0.52557594,0.4744241,0
0.44909152,0.5509085,0
0.66908664,0.33091336,0
0.5299598,0.4700402,0
0.31766784,0.68233216,1
0.34554523,0.6544548,1
0.48607615,0.5139239,1
0.35472673,0.64527327,1
0.9819226,0.018077448,0
0.98960483,0.0103951795,0
0.9771987,0.022801325,0
0.38848898,0.61151105,1
0.4279811,0.5720189,1
0.5552581,0.44474193,1
0.5848325,0.4151675,0
0.64887136,0.35112864,0
0.67047614,0.32952383,1
0.6586877,0.34131232,1
0.52486193,0.47513807,1
0.61739993,0.3826001,1
0.6837062,0.31629375,1
0.9597545,0.040245418,0
0.67746574,0.32253423,1
0.7036285,0.2963715,1
0.6495817,0.35041833,1
0.71818054,0.28181946,1
0.9571737,0.042826317,0
0.7682144,0.23178563,0
0.6474198,0.3525802,0
0.6469683,0.35303164,0
0.62876475,0.3712353,0
0.6281179,0.37188214,0
0.65347904,0.34652093,0
0.64996,0.35004,0
0.6216412,0.37835878,1
0.4664496,0.5335504,1
0.47374073,0.52625924,1
0.5393225,0.46067747,0
0.5652294,0.43477055,0
0.6362383,0.36376178,1
0.71876216,0.2812378,1
0.816838,0.18316197,0
0.63241464,0.36758536,1
0.59660417,0.40339583,1
0.98009586,0.019904194,0
0.76518756,0.23481248,1
0.36912498,0.630875,1
0.7143478,0.28565225,1
0.72869813,0.27130193,1
0.71577096,0.2842291,1
0.87044924,0.12955073,1
0.8986439,0.10135611,1
0.97448504,0.025514968,0
0.9768341,0.023165822,0
0.97950304,0.020496948,0
0.97234446,0.027655605,0
0.9600545,0.03994549,0
0.60964787,0.39035213,1
0.5901178,0.4098822,1
0.55761194,0.442388,1
0.5982368,0.40176317,1
0.62818235,0.37181762,1
0.5441258,0.45587415,1
0.47537374,0.5246262,1
0.40393803,0.596062,1
0.4153011,0.58469886,1
0.37835044,0.6216496,1
0.35565147,0.64434856,1
0.6672254,0.33277458,1
0.872614,0.12738602,1
0.9467803,0.05321971,1
0.9415573,0.058442675,0
0.634914,0.365086,1
0.6674758,0.33252412,1
0.7337171,0.26628295,1
0.760125,0.23987497,1
0.74341863,0.25658134,1
0.008704075,0.99129593,1
0.44624355,0.5537565,1
0.8298783,0.17012174,1
0.97713643,0.022863524,0
0.77578413,0.22421587,0
0.65766984,0.34233013,0
0.63965464,0.36034536,0
0.6667451,0.33325487,0
0.66685396,0.33314607,0
0.68454033,0.31545967,0
0.79312396,0.20687607,0
0.8167378,0.18326226,1
0.7876284,0.21237159,1
0.738561,0.261439,0
0.7538302,0.24616979,0
0.7588786,0.24112147,1
0.77705127,0.22294876,0
0.6632207,0.3367793,1
0.6983791,0.30162087,0
0.58970106,0.41029903,1
0.74038213,0.2596179,0
0.70550174,0.2944983,1
0.6286633,0.37133667,0
0.8984171,0.10158285,0
0.841621,0.15837897,0
0.7004904,0.29950956,0
0.7198774,0.28012252,0
0.61224157,0.38775846,0
0.6055996,0.39440045,1
0.7759106,0.22408937,1
0.79676455,0.20323543,0
0.8171684,0.18283157,1
0.8075389,0.19246106,1
0.8333405,0.16665952,0
0.74472415,0.25527585,0
0.5529167,0.44708332,1
0.84430283,0.1556971,1
0.95780176,0.042198263,0
0.924163,0.075836964,0
0.7463622,0.25363785,0
0.65234,0.34766,0
0.5445135,0.45548648,0
0.59025764,0.40974233,0
0.7948775,0.20512253,0
0.62845236,0.37154764,0
0.8213061,0.17869386,1
0.9717628,0.028237233,1
0.98528016,0.014719863,0
0.9832312,0.016768752,0
0.48389414,0.51610583,1
0.56673694,0.43326303,1
0.6601953,0.33980465,0
0.7324127,0.26758736,0
0.79613715,0.20386289,0
0.7235681,0.27643186,0
0.5374604,0.46253958,1
0.7296829,0.27031705,0
0.90185267,0.09814734,0
0.98346704,0.016532913,0
0.7636219,0.23637816,0
0.5409132,0.45908672,1
0.5332346,0.46676543,1
0.53669363,0.46330646,1
0.44780472,0.5521953,1
0.49789032,0.50210965,1
0.4949841,0.5050159,1
0.9678357,0.032164253,0
0.96469814,0.035301797,0
0.96279615,0.037203833,0
0.7686403,0.23135969,1
0.77751523,0.22248477,0
0.8519364,0.1480636,1
0.83985376,0.16014627,1
0.89433324,0.1056668,0
0.8897708,0.1102292,0
0.77811134,0.22188872,1
0.8587328,0.1412672,1
0.8880293,0.11197073,0
0.89021194,0.109788015,0
0.8655764,0.13442364,0
0.8609743,0.13902564,0
0.88265735,0.117342636,0
0.69621116,0.30378878,1
0.64778763,0.3522124,1
0.84060794,0.15939203,0
0.80695355,0.19304645,1
0.8169017,0.1830983,0
0.83824486,0.16175516,0
0.78755885,0.21244118,0
0.8265082,0.17349176,0
0.8554942,0.14450583,0
0.89009976,0.10990023,0
0.8963952,0.103604816,0
0.85100126,0.14899871,0
0.83531,0.16469002,0
0.7508744,0.24912561,0
0.7261562,0.2738438,0
0.92604417,0.07395586,0
0.9211678,0.0788322,0
0.91560006,0.084399946,0
0.801698,0.19830203,0
0.84114486,0.15885514,0
0.8038555,0.19614457,1
0.7212747,0.27872527,0
0.735268,0.26473194,1
0.65286595,0.34713405,1
0.89973915,0.100260906,1
0.9322592,0.06774078,1
0.9391112,0.060888782,0
0.74154973,0.2584502,1
0.81963974,0.18036021,0
0.79320914,0.20679082,0
0.83955914,0.16044085,0
0.8299669,0.17003308,0
0.8528879,0.14711204,0
0.7806514,0.21934865,0
0.73730344,0.2626965,0
0.7420105,0.25798953,0
0.7222425,0.27775756,1
0.6444179,0.3555821,1
0.92326516,0.07673485,1
0.6318432,0.36815673,1
0.63682127,0.3631787,1
0.70050985,0.2994902,1
0.699621,0.30037895,0
0.78574586,0.2142541,1
0.67410374,0.32589632,1
0.682132,0.31786796,1
0.6035788,0.39642122,1
0.7134722,0.28652784,1
0.92698336,0.073016584,0
0.9502171,0.049782924,0
0.3438696,0.6561304,1
0.4364848,0.5635152,1
0.6054834,0.39451662,0
0.62560666,0.37439337,1
0.49827155,0.5017285,1
0.69384944,0.3061505,0
0.68560797,0.3143921,0
0.69705015,0.3029499,0
0.8000518,0.1999482,0
0.95867276,0.04132723,0
0.9697035,0.030296566,0
0.70529634,0.29470366,0
0.6525218,0.3474782,0
0.5783963,0.42160365,0
0.60955924,0.39044073,1
0.38376004,0.6162399,1
0.5662762,0.43372378,1
0.4986904,0.5013095,0
0.95573777,0.04426226,0
0.85587335,0.14412668,0
0.8801306,0.11986944,0
0.86739784,0.13260214,0
0.85458237,0.14541766,0
0.8499165,0.15008351,0
0.8451395,0.15486044,0
0.9543016,0.045698375,0
0.63381535,0.3661846,1
0.7807793,0.21922068,0
0.65872884,0.34127116,1
0.71583515,0.28416485,1
0.79557747,0.2044225,0
0.77135223,0.22864777,0
0.7936463,0.20635365,0
0.59559274,0.40440726,1
0.92383087,0.0761691,0
0.9274334,0.07256662,0
0.7235339,0.27646613,0
0.8152501,0.18474987,0
0.8229757,0.17702432,0
0.86612135,0.1338786,1
0.9293067,0.07069332,0
0.92894226,0.071057744,0
0.7102261,0.28977385,1
0.78456014,0.21543987,1
0.8552284,0.14477162,0
0.8439149,0.15608507,0
0.85150504,0.14849494,0
0.8651163,0.1348837,0
0.84436727,0.15563269,0
0.81706643,0.18293357,1
0.002209301,0.9977907,1
0.00017587013,0.9998241,1
0.7056051,0.2943949,0
0.733146,0.266854,0
0.7451737,0.25482628,0
0.8002724,0.19972762,0
0.17839672,0.8216033,1
0.94228804,0.05771195,0
0.9511194,0.04888054,0
0.01931077,0.9806892,1
0.06872841,0.9312716,1
0.71411055,0.28588942,0
0.7652141,0.23478591,0
0.026757862,0.97324216,1
0.08334909,0.9166509,1
0.22560148,0.7743985,1
0.5852954,0.41470462,0
0.95947504,0.04052492,0
0.93196017,0.068039864,0
0.80818737,0.19181266,0
0.5441173,0.45588267,0
0.6341131,0.3658869,0
0.59195733,0.40804264,0
0.56622565,0.43377435,1
0.47958422,0.5204157,1
0.6321458,0.36785418,0
0.6656722,0.33432785,0
0.8008516,0.19914845,0
0.94674504,0.053254977,0
0.8155023,0.18449774,0
0.6838267,0.3161733,0
0.5625571,0.4374429,0
0.49598628,0.50401366,0
0.78927344,0.21072651,0
0.84468544,0.15531461,0
0.87661475,0.12338521,0
0.869183,0.13081698,0
0.6864449,0.3135551,0
0.6088564,0.3911436,0
0.9427925,0.057207555,0
0.95178246,0.04821751,0
0.70165056,0.2983494,0
0.8054784,0.19452159,0
0.74139625,0.25860378,0
0.81741357,0.18258643,0
0.83364314,0.16635689,0
0.8594673,0.1405327,0
0.84151924,0.15848075,0
0.93587065,0.06412934,0
0.7429642,0.2570358,0
0.77651143,0.22348854,0
0.7628566,0.23714341,0
0.8484895,0.15151043,0
0.85386527,0.14613475,0
0.844595,0.15540498,0
0.8603818,0.13961822,0
0.82364875,0.17635125,0
0.20368464,0.7963154,1
0.7808307,0.2191693,0
0.8160076,0.18399237,0
0.8506289,0.14937106,0
0.9194692,0.0805308,1
0.6818593,0.31814072,0
0.67101383,0.32898617,0
0.77012134,0.2298787,0
0.77106434,0.22893564,0
0.5509952,0.4490048,1
0.8572961,0.14270395,0
0.8688898,0.13111024,0
0.8681199,0.1318801,0
0.80949867,0.1905013,0
0.7699127,0.23008727,1
0.8978791,0.10212084,0
0.9675473,0.03245269,0
0.6716339,0.32836613,0
0.71564347,0.28435656,0
0.7412786,0.25872135,0
0.6394838,0.36051613,1
0.7986952,0.20130482,0
0.82093364,0.17906632,0
0.64807343,0.35192654,0
0.75537276,0.24462722,0
0.5961064,0.4038936,1
0.62032914,0.3796709,0
0.8640476,0.13595241,0
0.97473586,0.025264164,0
0.050111443,0.9498885,1
0.49035504,0.5096449,1
0.120418616,0.8795814,1
0.64141846,0.35858148,0
0.59188277,0.4081172,0
0.0022924477,0.9977075,1
0.12141539,0.8785846,1
0.70576465,0.29423532,0
0.59273636,0.40726364,0
0.24460441,0.75539553,1
0.14818572,0.8518143,1
0.35120156,0.6487984,0
0.17226516,0.8277349,1
0.27627337,0.72372663,0
0.80825883,0.19174117,0
0.95835197,0.04164807,0
0.97122407,0.028775977,0
0.7763819,0.2236181,0
0.8668807,0.13311924,0
0.8552721,0.14472789,0
0.5691217,0.4308783,1
0.95087785,0.049122136,0
0.8924312,0.10756875,0
0.71856636,0.28143373,0
0.6990038,0.30099618,0
0.6913744,0.3086256,0
0.6195212,0.3804788,0
0.7235688,0.27643123,0
0.7027145,0.29728547,0
0.7005933,0.2994067,0
0.7753189,0.22468103,0
0.7714736,0.2285264,0
0.78936917,0.21063083,1
0.9431274,0.056872595,0
0.943938,0.056062058,0
0.6998692,0.30013078,1
0.7269188,0.27308124,0
0.81713337,0.1828666,1
0.098847434,0.9011526,1
0.79169405,0.20830598,1
0.7994491,0.20055087,1
0.85879654,0.14120339,1
0.76099145,0.23900859,0
0.53428704,0.465713,1
0.7528739,0.24712613,0
0.15746449,0.8425355,1
0.5341384,0.46586162,1
0.39602163,0.60397834,1
0.77708906,0.2229109,0
0.8254918,0.17450817,0
0.8271484,0.17285158,0
0.8414635,0.15853643,0
0.82502836,0.17497164,0
0.78011674,0.2198832,0
0.33573943,0.66426057,1
0.22165279,0.77834725,1
0.09985272,0.90014726,1
0.87792736,0.122072704,0
0.008860883,0.9911391,1
0.0049038855,0.995096,1
0.61877984,0.38122007,0
0.7437402,0.2562598,0
0.6835037,0.31649634,0
0.06425042,0.93574965,1
0.05756601,0.942434,1
0.30082163,0.6991784,1
0.042623457,0.95737654,1
0.61077,0.38922998,0
0.012215587,0.9877844,1
0.004114257,0.9958858,1
0.0030997281,0.9969003,1
0.44285572,0.5571443,0
0.58077073,0.4192293,0
0.5644618,0.43553814,0
0.9393691,0.060630966,0
0.9670465,0.032953482,0
0.9339248,0.066075176,0
0.9043778,0.09562218,0
0.60327834,0.39672172,0
0.00016471765,0.99983525,1
0.014046394,0.9859536,1
0.5554005,0.4445995,0
0.9394731,0.060526926,0
0.045999065,0.9540009,0
0.16250719,0.8374928,0
0.79416984,0.20583016,0
0.88907564,0.11092438,0
0.8968313,0.10316879,0
0.0030029095,0.9969971,1
0.013466166,0.9865339,1
0.0012434544,0.9987565,1
0.4095099,0.59049004,0
0.099012114,0.90098786,1
0.8817,0.11830007,0
0.14210074,0.8578993,1
0.004022536,0.99597746,1
0.44484866,0.55515134,0
0.794264,0.20573604,0
0.88234913,0.11765087,0
0.0034842817,0.99651575,1
0.5045524,0.49544755,1
0.8574555,0.1425445,0
0.9094415,0.09055849,0
0.9220901,0.077909864,0
0.89769596,0.102304004,0
0.25426993,0.7457301,1
9.013243e-05,0.9999099,1
0.6163548,0.3836452,0
0.83186555,0.16813447,0
0.26508072,0.73491925,0
0.07044223,0.92955774,1
0.64082134,0.3591787,0
0.2527468,0.74725324,0
0.11405188,0.8859481,1
0.69402474,0.3059753,0
0.9295054,0.07049455,0
0.89270794,0.107292034,0
0.17082807,0.82917196,0
0.4546336,0.5453664,0
0.7510048,0.2489952,0
0.7548108,0.24518918,0
0.8359873,0.16401266,0
0.8594769,0.14052309,0
0.51553726,0.4844627,0
0.2786774,0.7213226,0
0.48261833,0.5173816,0
0.07935856,0.9206415,1
0.07877531,0.9212247,1
0.70949686,0.29050308,0
0.6905857,0.30941424,0
0.81719124,0.18280877,0
0.53270555,0.46729442,0
0.8951461,0.10485393,0
0.3454602,0.65453976,1
0.264987,0.735013,1
0.32284728,0.6771527,1
0.6527855,0.3472145,0
0.25820452,0.74179554,1
0.048231244,0.95176876,1
0.95557296,0.044427037,0
0.5413109,0.4586891,1
0.53666365,0.46333638,0
0.34704098,0.65295905,1
0.3981494,0.60185057,0
0.92037004,0.07962999,0
0.9567394,0.043260545,0
0.96177596,0.03822399,0
0.71292526,0.28707477,0
0.8201304,0.17986959,0
0.8044776,0.19552235,0
0.8156425,0.1843575,0
0.84280455,0.15719545,0
0.90770566,0.092294365,0
0.9207702,0.07922975,0
0.70933133,0.29066864,1
0.924964,0.07503599,0
0.7678355,0.2321645,1
0.7327779,0.2672222,1
0.77473664,0.22526343,1
0.7657225,0.23427744,1
0.86562794,0.13437204,0
0.7409153,0.25908473,0
0.7460339,0.25396615,0
0.7449624,0.2550376,1
0.7583202,0.24167983,0
0.7431555,0.2568446,1
0.7027126,0.29728734,1
0.8193165,0.18068346,0
0.7993371,0.20066294,1
0.7333415,0.26665843,1
0.79399216,0.20600788,1
0.76456136,0.23543869,0
0.7682572,0.2317428,0
0.6887339,0.31126612,0
0.9240629,0.075937144,0
0.91840786,0.08159217,0
0.6992904,0.30070958,0
0.7258739,0.2741261,0
0.8498487,0.15015139,1
0.8828052,0.11719471,1
0.6539589,0.34604105,1
0.71477306,0.28522694,0
0.6796884,0.32031164,0
0.7791591,0.22084092,0
0.7475907,0.25240922,0
0.7200827,0.27991727,0
0.727256,0.272744,0
0.751198,0.24880195,0
0.7119243,0.2880757,1
0.60101956,0.39898044,1
0.882181,0.11781902,1
0.9770572,0.02294271,0
0.8867319,0.113268055,1
0.7872141,0.21278585,1
0.53736883,0.46263114,0
0.66847306,0.33152702,0
0.5742371,0.42576292,0
0.68879926,0.31120074,0
0.7333657,0.26663432,0
0.9702345,0.029765477,0
0.6795925,0.32040748,0
0.48933348,0.5106665,1
0.4336229,0.5663771,1
0.33603117,0.66396874,1
0.29557526,0.70442474,1
0.4515887,0.5484113,1
0.7767449,0.2232551,0
0.9508595,0.049140453,0
0.9777084,0.022291582,0
0.8430691,0.1569309,0
0.14830701,0.851693,1
0.005300718,0.99469924,1
0.6817181,0.3182819,0
0.65420604,0.345794,0
0.6679023,0.33209768,0
0.892563,0.10743697,0
0.9321014,0.0678986,0
0.9284199,0.07158011,0
0.92766345,0.07233654,0
0.7097377,0.29026225,0
0.70418197,0.29581803,0
0.75441885,0.24558118,0
0.74228126,0.25771874,0
0.6616061,0.33839387,1
0.81492734,0.18507268,1
0.8192468,0.18075322,1
0.66086185,0.33913818,1
0.8666831,0.13331687,0
0.5128658,0.4871342,1
0.67123973,0.32876027,0
0.7363165,0.2636835,0
0.82396,0.17603998,0
0.8449427,0.15505728,0
0.64728165,0.35271844,1
0.80900776,0.1909922,0
0.75383455,0.24616548,0
0.84127647,0.15872352,0
0.5177213,0.4822787,1
0.7106327,0.28936735,1
0.75429446,0.24570553,0
0.7371299,0.26287,0
0.8155258,0.18447411,0
0.841366,0.15863407,0
0.8405252,0.15947483,0
0.7402426,0.2597575,1
0.82033485,0.17966513,0
0.7725085,0.22749154,0
0.58220994,0.41779006,0
0.7520589,0.2479411,1
0.55677414,0.44322586,1
0.5295913,0.4704087,1
0.7383513,0.2616488,0
0.8328866,0.16711338,0
0.8319748,0.16802523,0
0.842526,0.15747394,0
0.8518304,0.14816962,0
0.8188877,0.18111226,0
0.81019646,0.18980354,1
0.9092155,0.09078441,0
0.95436186,0.045638084,0
0.92043895,0.07956112,0
0.85755306,0.14244689,0
0.053886537,0.94611347,1
0.0564842,0.9435158,1
0.36671954,0.63328046,1
0.06472833,0.9352717,1
0.07387346,0.92612654,1
0.0256468,0.9743532,1
0.035529688,0.9644703,1
0.57733554,0.42266446,0
0.8189191,0.18108083,0
0.96430516,0.035694826,0
0.9469458,0.05305419,0
0.86349064,0.13650939,0
0.61324716,0.38675278,0
0.5336291,0.46637094,0
0.58750594,0.41249403,0
0.6167649,0.38323513,0
0.53656226,0.46343777,0
0.5055039,0.49449605,1
0.24985461,0.7501454,1
0.07761034,0.9223896,1
0.5263629,0.47363707,0
0.6534312,0.3465688,0
0.6491983,0.3508017,0
0.8789239,0.12107613,0
0.89206386,0.1079362,0
0.63785684,0.36214313,0
6.8024286e-07,0.9999993,0
0.8850087,0.11499136,0
0.89419514,0.10580493,0
0.8854699,0.114530146,0
0.80478245,0.19521755,0
0.07601032,0.92398965,1
0.62584037,0.3741596,0
0.71209157,0.2879084,0
0.74302083,0.25697914,0
0.68653613,0.3134639,1
0.66801333,0.3319867,1
0.50531334,0.49468666,1
0.82192457,0.17807543,0
1.2593695e-06,0.9999987,1
3.117131e-08,1.0,1
9.789241e-08,0.9999999,1
0.8095962,0.19040382,0
0.7842007,0.21579926,0
0.68126404,0.31873593,0
0.71290255,0.28709745,0
0.4878468,0.5121532,0
1.2430364e-07,0.9999999,1
0.0041449363,0.99585503,1
0.19998871,0.8000113,0
0.83028316,0.16971686,0
0.09197309,0.90802693,1
0.084550194,0.9154498,1
0.25634995,0.74365,1
0.23909456,0.76090544,1
0.28913856,0.71086144,0
0.77380764,0.22619236,0
0.50510734,0.49489263,0
0.63738173,0.36261824,0
0.7649254,0.23507455,0
0.7384026,0.26159745,0
0.8271719,0.17282802,0
0.100278676,0.8997214,0
0.19681583,0.80318415,0
0.82084537,0.17915463,0
0.84989136,0.15010862,0
0.037909307,0.9620907,1
0.03762032,0.96237963,0
0.01653972,0.98346025,1
0.07062142,0.92937857,0
0.63661325,0.36338678,0
0.9273502,0.072649814,0
0.9345163,0.06548368,0
0.05609724,0.94390273,1
0.058111366,0.94188863,1
0.038852006,0.961148,1
0.0679456,0.9320544,1
0.09681742,0.90318257,1
0.036712136,0.96328783,1
0.07113458,0.92886543,1
0.0016250103,0.99837494,1
7.2814346e-09,1.0,1
0.005967664,0.9940323,1
0.8102048,0.18979521,0
0.9561318,0.043868158,0
0.9633125,0.03668756,0
0.8499258,0.15007415,0
0.7277053,0.27229476,0
0.50728256,0.49271744,0
0.62071407,0.37928596,0
0.75692886,0.24307112,0
0.80342484,0.19657515,0
0.6978863,0.30211368,0
0.7048391,0.2951609,0
0.8445884,0.15541166,0
0.8419138,0.15808618,0
0.8357087,0.16429132,0
0.87048227,0.12951776,0
0.5194466,0.48055342,1
0.116752476,0.8832475,1
0.3524873,0.6475127,1
0.6147582,0.3852418,1
0.6156654,0.38433465,1
0.5652863,0.43471363,0
0.8279626,0.17203745,0
0.6236211,0.37637895,1
0.69835544,0.3016445,0
0.7856247,0.21437538,0
0.13323726,0.86676276,1
0.0027152644,0.99728477,1
5.8493375e-12,1.0,1
0.60437644,0.3956236,0
0.11855892,0.8814411,0
0.6756013,0.32439864,0
0.7084722,0.2915278,0
0.73188996,0.2681101,0
0.41311005,0.58689004,0
0.18661022,0.81338984,0
0.21250243,0.7874975,0
0.2018887,0.7981113,0
0.5578845,0.44211546,0
0.088258535,0.9117415,1
0.7884791,0.21152085,0
0.17651962,0.8234804,0
0.19321996,0.80678,1
0.66324663,0.33675334,0
0.6008163,0.39918366,0
0.47444907,0.52555096,0
0.5463347,0.45366532,0
0.6453996,0.35460046,0
0.62976307,0.37023693,0
0.16089238,0.8391076,1
0.44484064,0.5551594,0
0.75755155,0.24244842,0
0.8163413,0.1836587,0
0.8053846,0.19461541,0
0.8315798,0.16842012,0
0.83190435,0.16809566,0
0.80539984,0.19460016,0
0.080613285,0.91938674,1
0.9003832,0.09961679,0
0.8324582,0.16754177,0
0.41805956,0.5819405,1
0.0011099471,0.9988901,1
2.6403387e-07,0.99999976,1
7.755797e-08,0.9999999,1
0.0011267966,0.9988732,0
0.9484983,0.051501747,0
0.12216375,0.8778362,0
0.12793878,0.8720612,0
0.04964735,0.95035267,0
0.03808165,0.96191835,1
0.07450959,0.9254904,1
0.0006923774,0.99930763,1
0.73557466,0.26442534,0
0.7034284,0.2965716,0
0.52520734,0.47479266,0
0.8197168,0.18028314,0
0.8412613,0.15873867,0
0.85974413,0.14025587,0
0.46733606,0.532664,0
0.1235115,0.87648845,1
0.786297,0.21370296,0
0.3713081,0.62869185,1
0.5919204,0.40807962,0
0.61080074,0.3891993,0
0.6288991,0.37110093,1
0.058729857,0.9412702,1
0.81729174,0.1827083,0
0.026017282,0.9739827,1
0.14871533,0.8512846,1
0.03512931,0.9648707,1
0.13220231,0.8677977,1
0.0026262077,0.9973738,1
0.74905574,0.2509442,0
0.7694788,0.23052117,0
0.10493842,0.8950616,1
0.7873099,0.2126901,0
0.7039921,0.29600787,0
0.23916793,0.7608321,0
0.7408741,0.25912592,0
0.81185174,0.18814832,0
0.03165026,0.9683498,1
0.1408968,0.85910314,1
0.82303876,0.17696118,0
0.6449063,0.35509375,0
0.057073448,0.9429265,1
0.21191312,0.7880869,1
0.66495216,0.33504784,0
0.3739365,0.6260635,0
0.0051496387,0.99485034,1
0.07334304,0.9266569,1
0.6727702,0.3272298,0
0.06265135,0.93734866,1
0.9252454,0.07475457,0
0.9377809,0.06221904,0
0.85497606,0.1450239,0
0.77740645,0.22259358,0
0.08412699,0.915873,1
0.10501354,0.89498645,1
0.087695956,0.912304,1
0.111068115,0.8889319,1
0.4779886,0.52201146,0
0.32905266,0.6709473,0
0.29705736,0.7029426,0
0.4520166,0.5479834,0
0.4091405,0.59085953,1
0.11125552,0.88874453,1
0.33827978,0.6617202,1
0.38413188,0.61586815,1
0.50390357,0.4960964,1
0.5173809,0.48261917,1
0.55305064,0.4469494,1
0.4662969,0.53370315,1
0.7913342,0.20866579,0
0.9716652,0.028334836,0
0.9033188,0.09668118,0
0.72966176,0.27033824,0
0.7818716,0.21812847,0
0.44111392,0.55888605,1
0.73892784,0.26107216,0
0.827787,0.17221296,0
0.47512785,0.5248722,1
0.16565493,0.8343451,1
0.9073123,0.09268774,0
0.906815,0.09318506,0
0.64229465,0.35770538,1
0.5772776,0.42272237,1
0.6512794,0.34872064,1
0.16992196,0.83007807,1
0.26787242,0.7321276,1
0.3768213,0.6231787,1
0.3073117,0.69268835,1
0.052661635,0.94733834,1
0.48919544,0.5108046,1
0.7932061,0.2067939,0
0.77444524,0.22555472,0
0.40108857,0.5989114,1
0.8635216,0.13647838,0
0.5910122,0.40898782,0
0.31350166,0.6864984,1
0.382852,0.61714804,1
0.77737474,0.22262527,0
0.83197886,0.16802116,0
0.6910557,0.30894423,0
0.13813508,0.8618649,1
0.5178461,0.4821539,1
0.78299195,0.21700796,0
0.7848262,0.21517375,0
0.65303624,0.34696373,0
0.7261697,0.27383026,0
0.29757905,0.702421,1
0.24603054,0.75396943,1
0.15157342,0.8484266,1
0.34000877,0.6599912,1
0.29943067,0.70056933,1
0.007146885,0.9928531,1
0.029074144,0.97092587,1
0.6391496,0.36085036,0
0.62324125,0.3767587,0
0.61556137,0.3844387,0
0.37081575,0.62918425,0
0.1676793,0.83232075,0
0.74462855,0.2553714,0
0.3884965,0.6115034,0
0.92256665,0.077433355,0
0.24028772,0.7597123,0
0.47250313,0.5274968,0
0.42334807,0.57665193,0
0.36254832,0.6374517,0
0.050459057,0.9495409,1
0.04326589,0.95673406,1
0.36969262,0.6303074,1
0.41578412,0.5842159,0
0.46423537,0.53576463,0
0.61044455,0.3895555,0
0.9197897,0.08021029,0
0.39881128,0.60118866,1
0.3149618,0.6850382,0
0.22055072,0.7794493,1
0.054995272,0.94500464,1
0.08309889,0.9169011,1
0.20765533,0.7923446,1
0.017458092,0.9825419,1
0.0022045844,0.99779546,1
0.012066711,0.98793334,1
0.08811547,0.9118845,1
0.2799285,0.7200715,0
0.5649561,0.4350439,0
0.44174835,0.5582516,0
0.6163121,0.38368797,0
0.6258873,0.37411276,0
0.0076789297,0.9923211,1
0.54475707,0.45524302,0
7.050091e-05,0.99992955,1
0.10417325,0.89582676,1
0.15510187,0.8448981,1
0.01937333,0.98062664,1
0.0077861343,0.9922139,1
0.13291101,0.867089,1
0.29591313,0.7040869,0
0.596845,0.40315506,0
0.5534393,0.4465607,0
0.33582962,0.6641704,0
0.14671974,0.8532803,1
0.06679743,0.93320256,1
0.18662037,0.81337965,1
0.30177155,0.6982284,0
0.5968429,0.40315711,0
0.43789443,0.5621056,0
0.20556852,0.7944315,1
0.25245568,0.74754435,1
0.5057694,0.49423066,0
0.6337645,0.36623546,0
0.27505687,0.7249431,1
0.63284427,0.36715573,0
0.40981764,0.59018236,1
0.39141783,0.6085822,1
0.70917845,0.29082155,0
0.693811,0.306189,0
0.25668618,0.74331385,1
0.8251859,0.17481409,0
0.75874794,0.24125205,0
0.65987486,0.3401251,0
0.7536549,0.24634509,0
0.62961376,0.37038624,0
0.29617295,0.7038271,1
0.08226377,0.9177362,1
0.46550623,0.5344938,1
0.7426236,0.2573764,0
0.6564255,0.34357455,1
0.71989346,0.28010654,0
0.9000497,0.09995033,0
0.9331543,0.06684578,0
0.83603066,0.16396937,0
0.7216084,0.27839163,0
0.069363244,0.93063676,1
0.06377476,0.93622524,1
0.05237044,0.9476295,1
0.0509627,0.9490373,1
0.044411696,0.9555883,1
0.03782441,0.9621756,1
0.10336501,0.89663494,1
0.06772913,0.9322709,1
0.6582677,0.34173235,0
0.83806616,0.16193388,0
0.9255963,0.07440365,0
0.9325784,0.06742154,0
0.4982946,0.50170535,0
0.3273866,0.67261344,1
0.38707986,0.61292017,1
0.4495286,0.55047137,0
0.44332126,0.5566787,0
0.5716326,0.42836732,1
0.36895546,0.63104457,1
0.25466222,0.74533784,1
0.37241736,0.6275826,1
0.2979594,0.7020406,1
0.45044866,0.5495513,0
0.83843356,0.16156645,0
0.59025186,0.40974817,0
0.3002178,0.6997822,1
0.17273119,0.8272688,1
0.10094555,0.89905447,1
0.054631874,0.9453682,1
0.3087472,0.6912528,0
0.4106591,0.58934087,0
0.25252208,0.7474779,1
0.5483508,0.45164922,0
0.62617147,0.37382856,0
0.10406392,0.8959361,1
0.26819476,0.7318052,0
0.084077395,0.9159226,1
0.13838495,0.861615,1
0.34492207,0.65507793,1
0.7219118,0.27808818,0
0.73048943,0.26951063,0
0.5010902,0.49890983,0
0.52204823,0.47795182,0
0.45295873,0.5470413,0
0.59178114,0.4082189,0
0.2448676,0.7551324,1
0.67150337,0.32849663,1
0.5216484,0.47835162,0
0.712236,0.287764,0
0.5404264,0.45957363,1
0.22660631,0.77339363,1
0.64356333,0.35643667,0
0.64802974,0.35197026,0
0.23749803,0.76250196,1
0.76891553,0.23108442,1
0.7418905,0.25810942,0
0.5101172,0.48988274,1
0.18708055,0.8129195,1
0.49372533,0.50627464,1
0.648234,0.35176602,0
0.45759365,0.5424063,1
0.7543064,0.24569362,0
0.9240403,0.075959735,0
0.93960583,0.060394228,0
0.07917564,0.9208244,1
0.21303195,0.78696805,1
0.2423256,0.7576744,1
0.03656924,0.96343076,1
0.8639072,0.13609281,0
0.9583521,0.041647956,0
0.8925908,0.1074092,0
0.8041286,0.1958715,0
0.3872434,0.61275667,0
0.074143335,0.9258567,1
0.0486995,0.9513005,1
0.05086666,0.9491333,1
0.04684538,0.9531546,1
0.055264972,0.944735,1
0.059369795,0.9406302,1
0.31044874,0.6895513,0
0.3809303,0.61906964,0
0.2559593,0.7440407,1
0.13001329,0.86998665,1
0.14426403,0.8557359,1
0.0023901558,0.99760985,1
0.0005048265,0.99949515,1
0.39347643,0.6065236,0
0.5115996,0.4884003,0
0.4546372,0.5453629,0
0.47795728,0.5220427,0
0.058375347,0.94162464,1
0.11451679,0.88548315,1
0.11348424,0.8865158,1
0.15371515,0.8462848,0
0.25684446,0.74315554,0
0.38181973,0.6181803,0
0.15634723,0.8436527,0
0.00016613696,0.9998338,1
0.0013834987,0.99861646,1
0.12924743,0.8707526,1
0.032165885,0.96783406,1
0.0036557314,0.99634427,1
0.008499946,0.9915001,1
0.009797088,0.9902029,1
0.0035444868,0.99645555,1
0.1657275,0.83427244,0
0.0423428,0.9576572,0
0.16374184,0.8362581,0
0.1941835,0.80581653,0
0.15861455,0.8413855,0
1.6723757e-07,0.9999999,1
0.033754345,0.9662457,0
0.030875495,0.9691245,1
0.24567515,0.75432485,0
0.36198267,0.6380174,0
0.19409573,0.8059043,0
0.19716775,0.80283225,0
0.118037954,0.881962,0
0.14438485,0.85561514,0
0.011569306,0.98843074,1
0.5200643,0.4799357,0
0.62278473,0.37721527,0
0.32558402,0.674416,0
0.5614618,0.43853822,0
0.6401861,0.35981393,0
0.10398091,0.8960191,0
0.2900291,0.7099709,0
0.18749265,0.8125074,1
0.5258987,0.4741013,0
0.50070417,0.4992959,0
0.19535053,0.8046494,1
0.7564225,0.2435775,0
0.019817218,0.98018277,1
0.74832207,0.251678,0
0.8221421,0.17785789,0
0.40749428,0.59250575,0
0.078248546,0.92175144,1
0.05468444,0.94531554,1
0.027845945,0.972154,1
0.08412169,0.9158783,1
0.08964555,0.9103545,1
0.041686513,0.9583135,1
0.038534276,0.9614658,1
0.026062429,0.9739376,1
0.92842835,0.07157168,0
0.15577026,0.84422976,1
0.060185507,0.93981445,1
0.11573966,0.8842603,1
0.09416801,0.90583205,1
0.017083522,0.9829164,1
0.6726254,0.32737464,0
0.8802982,0.11970182,0
0.911381,0.088619016,0
0.15341741,0.84658265,0
0.17044263,0.8295574,0
0.20141472,0.7985853,0
0.16175263,0.83824736,1
0.1967331,0.80326694,1
0.24730799,0.75269204,1
0.18776356,0.8122364,1
0.36168358,0.63831645,0
0.16822092,0.8317791,1
0.279868,0.720132,0
0.12655692,0.873443,1
0.22730999,0.77269,1
0.38919637,0.61080366,0
0.143407,0.8565931,1
0.7535464,0.24645358,0
0.7868,0.21319997,0
0.2560734,0.7439267,1
0.30569223,0.6943078,1
0.28323838,0.7167616,1
0.22336525,0.7766348,1
0.4971749,0.50282514,0
0.25811777,0.74188226,1
0.21931449,0.78068554,1
0.6815158,0.31848413,0
0.74375486,0.25624514,0
0.7138161,0.28618383,0
0.4028267,0.5971733,1
0.6761347,0.3238653,0
0.7788537,0.22114627,0
0.15790729,0.84209275,1
0.20661284,0.7933872,1
0.022259202,0.97774076,1
0.02934172,0.97065824,1
0.01715708,0.982843,1
0.06623474,0.93376523,1
3.4281102e-06,0.99999654,1
0.24741156,0.75258845,0
0.44716567,0.5528344,0
0.7149669,0.28503305,0
0.09624347,0.9037565,0
0.11733346,0.8826666,0
0.09371149,0.9062885,0
0.008286299,0.99171376,1
0.0019192083,0.99808085,1
0.03183676,0.96816325,1
0.055954304,0.9440457,1
0.16158538,0.8384146,0
0.7005197,0.29948032,0
0.94224656,0.057753514,0
0.95251447,0.047485538,0
0.73500454,0.26499546,0
0.05174847,0.9482516,1
0.055948474,0.94405156,1
0.10156455,0.8984354,1
0.0445008,0.9554992,1
0.043389007,0.956611,1
0.043386597,0.9566134,1
0.3000557,0.6999443,0
0.6383562,0.36164376,0
0.912322,0.08767801,0
0.9482323,0.051767677,0
0.95618117,0.043818846,0
0.076263875,0.92373616,1
0.09470364,0.9052963,1
0.17900927,0.8209907,1
0.71949214,0.2805078,0
0.18072599,0.819274,1
0.099086545,0.9009135,1
0.5738388,0.4261612,0
0.087922215,0.9120777,1
0.15590918,0.84409076,1
0.26627555,0.7337244,1
0.26268312,0.73731685,1
0.39801106,0.601989,1
0.7439565,0.25604352,0
0.15578786,0.8442122,1
0.1936743,0.80632573,1
0.20802766,0.79197234,1
0.758792,0.24120803,0
0.084207974,0.915792,1
0.09278163,0.90721834,1
0.19868906,0.8013109,1
0.75695485,0.24304514,0
0.4603166,0.5396834,1
0.6005073,0.39949268,0
0.5925674,0.40743265,0
0.9229011,0.07709896,0
0.16145857,0.8385414,1
0.92321545,0.07678452,0
0.1060589,0.89394104,1
0.008990963,0.99100906,1
0.045908913,0.9540911,1
0.05926127,0.94073874,1
0.14775592,0.8522441,1
0.07335349,0.9266465,1
0.061339583,0.9386604,1
0.062758625,0.9372413,1
0.17356114,0.82643884,0
0.89258665,0.10741336,0
0.54986894,0.450131,0
0.078774884,0.92122513,1
0.083504416,0.91649556,1
0.016752454,0.9832476,1
0.023215644,0.9767843,1
0.024129378,0.9758706,1
0.047711365,0.9522887,1
0.71360135,0.28639865,0
0.051811397,0.94818866,1
0.07896732,0.92103267,1
0.23047885,0.7695212,1
0.8922946,0.10770538,0
0.93062025,0.069379784,0
0.9351765,0.06482351,0
0.9359999,0.06400007,0
0.76112735,0.23887274,0
0.040412378,0.9595876,1
0.044363845,0.9556362,1
0.07073202,0.929268,1
0.047979902,0.9520201,1
0.036533825,0.96346617,1
0.08673913,0.9132609,1
0.85890234,0.14109768,0
0.9600429,0.03995714,0
0.5655204,0.4344796,0
0.10905596,0.89094406,1
0.10275745,0.8972426,1
0.008378829,0.99162114,1
0.07533307,0.92466694,1
0.10153951,0.89846045,1
0.08719003,0.91281,1
0.14073786,0.8592621,1
0.027451836,0.9725481,1
0.44328946,0.5567105,0
0.10839116,0.89160883,0
0.08882046,0.9111796,0
0.18170975,0.81829023,0
0.9260876,0.07391241,0
0.8730285,0.12697145,0
0.04916132,0.9508387,0
0.0684392,0.9315608,1
0.15809612,0.84190387,1
0.06865475,0.9313452,1
0.10588588,0.8941141,1
0.1272041,0.8727959,1
0.06863652,0.93136346,1
0.076231554,0.9237684,1
0.21699686,0.78300315,0
0.112747,0.887253,1
0.19327065,0.8067293,1
0.7957021,0.20429793,0
0.44364637,0.55635357,0
0.49414727,0.50585276,0
0.5871817,0.41281828,0
0.577974,0.42202598,0
0.45945215,0.5405479,1
0.72717804,0.272822,0
0.7783929,0.22160704,0
0.26037383,0.73962617,1
0.75173986,0.24826019,0
0.56326216,0.4367378,1
0.6337957,0.36620426,0
0.16305716,0.83694285,1
0.34745264,0.65254736,1
0.6070355,0.3929645,0
0.7050369,0.29496306,0
0.17457601,0.82542396,1
0.9788231,0.021176893,0
0.9776782,0.022321852,0
0.84493315,0.15506686,1
0.36457545,0.63542455,1
0.57742983,0.42257023,0
0.2521291,0.7478709,1
0.27922142,0.7207785,1
0.8161648,0.18383521,0
0.9394508,0.06054919,0
0.91262925,0.08737078,0
0.4659141,0.5340859,0
0.42105106,0.578949,0
0.44123596,0.55876404,0
0.42768666,0.5723133,0
0.39275685,0.6072431,0
0.06367208,0.93632793,1
0.3238219,0.6761781,1
0.61021703,0.38978294,0
0.673139,0.32686102,0
0.63301706,0.36698288,0
0.14932711,0.8506729,1
0.044958886,0.95504105,1
0.04817817,0.95182186,1
0.047091074,0.95290893,1
0.06726122,0.93273884,1
0.09057032,0.9094297,1
0.17879307,0.8212069,1
0.06262473,0.9373753,1
0.3174644,0.6825356,0
0.7261841,0.27381587,0
0.07922804,0.92077196,1
0.10266284,0.89733714,1
0.087010615,0.91298944,1
0.0790976,0.92090243,1
0.26570797,0.73429203,0
0.838654,0.16134605,0
0.8802216,0.119778365,0
0.86010367,0.13989632,0
0.04242455,0.95757544,1
0.058224678,0.9417754,1
0.22729166,0.7727083,0
0.2815674,0.71843266,0
0.0663746,0.93362534,0
0.083050095,0.9169499,0
0.27412274,0.7258773,0
0.47451267,0.5254873,0
0.47936597,0.52063406,0
0.06412728,0.93587273,1
0.07585029,0.92414975,1
0.13953196,0.86046803,1
0.07287849,0.92712146,1
0.13151902,0.868481,1
0.14390668,0.8560933,1
0.3698977,0.6301023,1
0.2898899,0.7101101,1
0.7672538,0.23274612,0
0.7154702,0.2845298,0
0.9074486,0.09255147,0
0.11637027,0.88362974,1
0.15462321,0.8453768,1
0.39168093,0.60831904,1
0.24024728,0.75975275,1
0.2270967,0.77290326,1
0.14929482,0.85070515,1
0.81129736,0.18870263,0
0.4208381,0.57916194,1
0.045626957,0.95437306,1
0.5674767,0.43252337,0
0.6009996,0.39900038,0
0.10457735,0.8954227,1
0.07943602,0.920564,1
0.032355808,0.96764416,1
0.94934046,0.050659504,0
0.042653423,0.9573466,1
0.11163756,0.8883624,1
0.46284783,0.5371521,0
0.7222345,0.27776542,0
0.051318225,0.94868183,1
0.18018147,0.81981856,1
0.18721353,0.81278646,1
0.924565,0.075435005,0
0.26465338,0.7353466,1
0.3175616,0.68243843,1
0.39113286,0.60886717,1
0.44860625,0.55139375,0
0.076987244,0.9230128,1
0.59965986,0.40034008,0
0.24526918,0.7547308,1
0.1075338,0.89246625,1
0.19106418,0.8089358,1
0.27634442,0.7236556,1
0.26678208,0.73321795,1
0.30812377,0.69187623,1
0.2574004,0.7425996,1
0.14899656,0.8510034,1
0.28545186,0.7145482,0
0.87217873,0.12782122,0
0.93261635,0.06738361,0
0.31248093,0.6875191,1
0.5744451,0.42555484,0
0.2881958,0.71180415,1
0.32014576,0.6798543,1
0.70581347,0.2941865,0
0.20611957,0.7938804,1
0.72799,0.27201003,0
0.37706888,0.6229311,1
0.25618443,0.7438156,1
0.55136937,0.44863063,1
0.9184974,0.08150262,0
0.36586666,0.6341334,1
0.36714485,0.6328552,1
0.17120284,0.8287972,1
0.17564338,0.82435656,1
0.7545463,0.24545376,0
0.64438665,0.35561335,0
0.85585797,0.14414199,0
0.90587276,0.09412725,0
0.7536155,0.24638447,1
0.43832463,0.56167537,1
0.38059983,0.61940014,1
0.028864786,0.97113526,1
0.049788054,0.95021194,1
0.28205928,0.7179407,1
0.1234331,0.87656695,1
0.8015593,0.19844063,0
0.09284844,0.9071515,1
0.8636218,0.13637824,0
0.22602999,0.77397,0
0.30876613,0.6912339,0
0.009059672,0.99094033,1
0.01864272,0.98135734,1
0.21430139,0.78569853,0
0.12004723,0.8799527,0
0.58829933,0.41170064,0
0.6723967,0.32760334,0
0.5533694,0.44663054,0
0.15017086,0.84982914,1
0.34263626,0.6573637,0
0.9701245,0.029875524,0
0.9713858,0.028614208,0
0.50399494,0.49600503,0
0.04934629,0.9506537,1
0.044156067,0.955844,1
0.124676116,0.8753239,1
0.0069287787,0.99307126,1
0.011486991,0.988513,1
0.0293234,0.97067666,1
0.13834982,0.86165017,0
0.13958253,0.8604174,1
0.7881151,0.2118849,0
0.26130214,0.7386979,1
0.34761736,0.6523826,0
0.4393291,0.56067085,0
0.02595535,0.9740447,1
0.013459789,0.98654026,1
0.0452201,0.95477986,1
0.071670786,0.92832917,1
0.09331158,0.90668845,1
0.40420365,0.59579635,0
0.85584146,0.14415853,0
0.10419955,0.8958005,1
0.9031,0.09689999,0
0.17757799,0.8224221,1
0.04020541,0.95979464,1
0.04561674,0.95438325,1
0.06014722,0.9398528,1
0.075410366,0.9245897,1
0.1687599,0.83124006,1
0.27787924,0.7221208,0
0.2234991,0.77650094,0
0.89280176,0.1071983,0
0.24805538,0.75194466,1
0.22811785,0.7718821,0
0.1857038,0.81429625,1
0.8819674,0.118032634,0
0.86589247,0.13410753,0
0.17618106,0.8238189,1
0.15005726,0.8499428,1
0.8082522,0.19174775,0
0.82822835,0.17177168,0
0.011835797,0.9881642,1
0.28478602,0.71521395,1
0.6143746,0.38562545,0
0.3356734,0.66432667,1
0.24245626,0.7575438,1
0.77788013,0.22211987,0
0.87368345,0.12631652,0
0.45226645,0.54773355,1
0.84052986,0.15947017,0
0.8616077,0.13839233,0
0.110116966,0.88988304,1
0.94760424,0.052395746,0
0.9375378,0.062462267,0
0.111780606,0.8882194,1
0.11802471,0.8819753,1
0.06773491,0.9322651,1
0.11374336,0.88625664,1
0.09271592,0.9072841,1
0.07444754,0.9255525,1
0.7399881,0.26001188,0
0.7526083,0.24739178,0
0.74679637,0.25320363,0
0.07799864,0.92200136,1
0.4181695,0.5818305,0
0.8963706,0.103629395,0
0.83446956,0.16553046,0
0.018489495,0.9815105,1
0.10996977,0.89003026,1
0.59987324,0.40012676,0
0.7032097,0.29679033,0
0.026504915,0.97349507,1
0.7030229,0.29697707,0
0.7218367,0.2781633,0
0.9575108,0.042489123,0
0.9695015,0.030498514,0
0.8837794,0.11622058,0
0.4543618,0.54563814,0
0.4275961,0.5724039,0
0.4011587,0.59884137,0
0.4213405,0.5786595,1
0.45351198,0.54648805,1
0.31607977,0.6839203,1
0.089099996,0.91090006,1
0.0908497,0.9091503,1
0.34946388,0.6505362,0
0.3835122,0.6164878,1
0.37696794,0.6230321,0
0.6991739,0.30082604,0
0.9369419,0.063058026,0
0.6135642,0.38643575,1
0.0053224848,0.99467754,1
0.089859374,0.91014063,1
0.15872638,0.84127355,1
0.058494184,0.94150585,1
0.75004673,0.24995327,0
0.90030384,0.09969616,0
0.85915667,0.14084333,0
0.10204828,0.89795166,1
0.042209875,0.9577901,1
0.040678144,0.9593219,1
0.044938173,0.95506185,1
0.031079696,0.96892035,1
0.04002154,0.9599785,1
0.052159637,0.94784033,1
0.032012198,0.9679878,1
0.85943824,0.14056173,0
0.4787104,0.5212896,0
0.051592898,0.9484071,0
0.07042924,0.92957073,0
0.06112503,0.938875,0
0.10509827,0.8949017,0
0.015847117,0.98415285,1
0.11073806,0.88926196,1
0.2847125,0.71528745,0
0.086215734,0.91378427,1
0.9322476,0.067752376,0
0.8406689,0.15933107,0
0.094677635,0.9053223,1
0.79111063,0.20888942,0
0.8088167,0.1911833,0
0.8515557,0.14844432,0
0.18963212,0.8103679,1
0.9641911,0.03580887,0
0.5747015,0.42529857,0
0.61452276,0.38547727,0
0.64965236,0.35034767,0
0.50769997,0.49229997,0
0.74728465,0.25271538,0
0.7048867,0.2951133,0
0.7128385,0.28716156,0
0.67231894,0.32768112,0
0.64492446,0.35507554,0
0.01596811,0.98403186,1
0.86705697,0.13294302,0
0.97899264,0.021007326,0
0.97249275,0.027507236,0
0.72346133,0.27653867,1
0.28558666,0.7144133,1
0.07657114,0.9234289,1
0.06188684,0.93811315,1
0.15291065,0.84708935,1
0.1493422,0.8506578,1
0.71165097,0.288349,0
0.17029227,0.82970774,1
0.010703186,0.98929685,1
0.08304942,0.9169506,1
0.19311292,0.8068871,1
0.9451942,0.054805808,0
0.6779466,0.32205337,0
0.23530477,0.7646952,1
0.42682815,0.57317185,0
0.19851221,0.8014878,1
0.3118863,0.6881137,1
0.3997093,0.6002907,1
0.1622516,0.8377484,1
0.11535892,0.88464105,1
0.1813924,0.8186076,1
0.26913583,0.7308642,1
0.43677586,0.5632241,1
0.707327,0.29267302,0
0.8793039,0.12069611,0
0.6657433,0.33425668,0
0.27805918,0.7219408,1
0.3465236,0.65347636,1
0.03563548,0.9643645,1
0.039504077,0.9604959,1
0.0064166347,0.9935834,1
0.00075615395,0.99924386,1
0.48142081,0.5185792,0
0.49841118,0.5015888,0
0.40401053,0.59598947,0
0.06686661,0.9331334,1
0.11126264,0.8887374,1
0.95130396,0.048696063,0
0.7231797,0.2768203,0
0.08759554,0.9124044,1
0.05039298,0.949607,1
0.046708997,0.953291,1
0.054206744,0.9457932,1
0.05662534,0.94337463,1
0.05718418,0.94281584,1
0.06652983,0.93347013,1
0.114118,0.885882,1
0.171282,0.82871795,1
0.85266083,0.14733915,0
0.8755504,0.12444959,0
0.21108283,0.7889171,1
0.96102417,0.038975794,0
0.93391067,0.066089295,0
0.72575545,0.2742446,0
0.7861244,0.21387559,0
0.772951,0.22704896,0
0.47264937,0.52735066,1
0.43952024,0.5604797,1
0.59929734,0.40070263,1
0.3251407,0.67485934,1
0.08300669,0.9169933,1
0.10382441,0.8961756,1
0.08279648,0.91720355,1
0.8657525,0.13424745,0
0.9487167,0.051283296,0
0.9667732,0.033226795,0
0.9617734,0.038226537,0
0.95255417,0.047445856,0
0.06569212,0.93430793,1
0.146247,0.853753,1
0.73150253,0.26849744,0
0.13503513,0.86496484,1
0.7994885,0.20051156,0
0.8191141,0.18088594,0
0.09541276,0.9045872,1
0.22615774,0.7738423,1
0.69550484,0.3044951,0
0.9491941,0.050805945,0
0.47304377,0.5269562,1
0.0683394,0.93166065,1
0.11067118,0.8893288,1
0.073932685,0.92606735,1
0.20532978,0.7946702,1
0.6418352,0.3581648,0
0.68085635,0.31914365,0
0.7485654,0.25143462,0
0.6829362,0.31706384,1
0.6753068,0.3246933,1
0.9683668,0.031633172,0
0.1569742,0.84302574,1
0.21946485,0.78053516,1
0.60975444,0.39024553,0
0.86425966,0.1357403,0
0.7221496,0.27785042,0
0.5766941,0.42330593,0
0.6305322,0.3694678,0
0.72252524,0.2774748,0
0.69887954,0.3011204,1
0.7550771,0.24492288,0
0.92244613,0.077553876,0
0.9696454,0.030354608,0
0.9825304,0.01746963,0
0.96716994,0.0328301,0
0.76779336,0.23220663,0
0.30190605,0.698094,1
0.36027768,0.63972235,1
0.59733856,0.4026614,0
0.33165395,0.668346,1
0.3340378,0.6659622,1
0.75447434,0.2455256,1
0.9712078,0.028792214,1
0.97582906,0.024170924,1
0.9415585,0.05844157,1
0.936253,0.06374703,1
0.90123093,0.09876907,0
0.04643516,0.9535648,1
0.050803527,0.94919646,1
0.061913893,0.9380861,1
0.13835958,0.8616404,1
0.85860056,0.14139944,0
0.77175915,0.22824094,0
0.6063316,0.39366838,0
0.65177107,0.34822896,1
0.5274379,0.4725621,1
0.5329316,0.46706837,1
0.6275869,0.37241307,0
0.96294725,0.03705281,0
0.74919116,0.25080884,1
0.058875825,0.9411242,1
0.054464523,0.9455354,1
0.8497612,0.15023883,0
0.76717085,0.2328292,0
0.671805,0.32819495,0
0.46924418,0.5307558,0
0.08812098,0.91187906,1
0.11154463,0.88845533,1
0.092343494,0.90765655,1
0.83726805,0.16273195,0
0.85055333,0.14944665,0
0.6574064,0.3425936,0
0.21759616,0.78240377,1
0.5680444,0.43195558,0
0.9618761,0.03812386,0
0.02468431,0.97531563,1
0.00695553,0.99304444,1
0.009030652,0.99096936,1
0.42990336,0.5700967,0
0.55229884,0.4477011,0
0.6714398,0.32856014,0
0.67769897,0.32230103,0
0.98095876,0.019041223,0
0.9818116,0.01818837,0
0.028097846,0.97190213,1
0.0067021204,0.9932979,1
0.073649995,0.92635,1
0.30919462,0.6908053,0
0.26456195,0.73543805,0
0.81265473,0.18734527,0
0.59822875,0.40177128,0
0.6780552,0.32194477,0
0.7745737,0.2254263,0
0.73668706,0.26331294,0
0.74414265,0.2558573,0
0.837094,0.16290599,0
0.6162608,0.38373914,0
0.56389064,0.43610936,0
0.6088822,0.39111778,0
0.4376583,0.5623417,1
0.29090986,0.70909005,1
0.80599517,0.19400491,0
0.58670473,0.4132953,1
0.5869623,0.41303766,1
0.33670866,0.66329134,1
0.2910806,0.7089194,1
0.03582284,0.96417713,1
0.106735244,0.8932647,1
0.45786336,0.5421366,0
0.49234813,0.5076519,0
0.64615333,0.35384667,0
0.95849735,0.04150264,0
0.9842017,0.015798263,0
0.78073347,0.21926656,1
0.03216379,0.9678362,1
0.04368144,0.9563185,1
0.03351011,0.96648985,1
0.8160198,0.18398023,0
0.036882397,0.9631176,1
0.6898653,0.31013474,0
0.56095433,0.4390457,0
0.89763975,0.1023602,0
0.8210046,0.17899542,0
0.4767581,0.52324194,0
0.6621551,0.33784488,0
0.18526313,0.81473684,1
0.096519865,0.9034801,1
0.27185273,0.7281473,1
0.32550383,0.6744962,1
0.7998782,0.20012182,0
0.24206123,0.7579388,1
0.29614052,0.70385945,1
0.0014035004,0.9985965,1
0.036981627,0.9630183,1
0.46906683,0.5309332,0
0.112500444,0.8874996,0
0.9513231,0.048676882,0
0.079400145,0.9205998,1
0.12191974,0.87808025,1
0.10817789,0.8918221,1
0.14686751,0.8531325,1
0.19184104,0.808159,0
0.19477737,0.80522263,0
0.29447687,0.70552313,0
0.45687845,0.5431216,0
0.07633467,0.9236654,1
0.3810489,0.6189511,0
0.35108712,0.64891285,0
0.055541802,0.94445825,1
0.15257321,0.8474268,1
0.27221808,0.7277819,0
0.9716958,0.028304156,0
0.87214756,0.12785244,0
0.35801592,0.64198405,1
0.17040619,0.82959384,1
0.37879902,0.62120104,0
0.42891842,0.5710816,0
0.42347804,0.576522,0
0.48681876,0.5131812,0
0.5211892,0.47881073,0
0.45176452,0.5482355,0
0.1348361,0.86516386,1
0.13121676,0.86878324,1
0.8636335,0.13636652,0
0.9484406,0.051559355,0
0.2631392,0.73686075,1
0.017364742,0.98263526,1
0.024709826,0.9752901,1
0.010098444,0.98990154,1
0.13358478,0.8664152,1
0.13374095,0.86625904,0
0.13695955,0.86304045,0
0.105358265,0.8946417,0
0.9557958,0.04420419,0
0.33149293,0.66850704,0
0.18213148,0.8178685,0
0.1851554,0.81484467,0
0.08924438,0.9107557,0
0.05537554,0.9446244,1
0.031099645,0.9689003,1
0.16102427,0.8389757,0
0.09318844,0.90681154,1
0.8555383,0.14446169,0
0.9003507,0.099649325,0
0.27581432,0.7241857,0
0.34677202,0.653228,0
0.7044732,0.29552683,0
0.6768212,0.32317886,0
0.7408444,0.25915557,0
0.8211593,0.17884071,0
0.73092586,0.2690741,1
0.33170474,0.66829526,1
0.78689414,0.21310584,0
0.9378431,0.062156912,0
0.053861354,0.9461386,1
0.05004487,0.9499551,1
0.7825208,0.2174792,0
0.18867418,0.81132585,1
0.06387256,0.9361274,1
0.81451535,0.18548468,0
0.3420763,0.65792376,1
0.026324227,0.9736757,1
0.023185685,0.9768143,1
0.024323978,0.97567606,1
0.06254365,0.93745637,1
0.10064952,0.89935046,1
0.60360265,0.39639732,0
0.57708424,0.42291576,0
0.96140283,0.038597144,0
0.075246714,0.92475325,1
0.72144294,0.27855703,0
0.6210911,0.37890887,0
0.6864262,0.31357378,0
0.8336955,0.16630456,0
0.89851123,0.10148874,0
0.79482466,0.2051753,0
0.58827233,0.4117276,0
0.38707623,0.61292386,1
0.36581114,0.63418883,0
0.5247506,0.47524944,0
0.5421506,0.45784932,1
0.48218495,0.5178151,1
0.114859276,0.8851407,1
0.07314577,0.9268542,1
0.078269996,0.92173004,1
0.10725624,0.89274377,1
0.7568966,0.24310334,0
0.8410264,0.1589735,0
0.07799814,0.92200184,1
0.07833733,0.9216627,1
0.9219031,0.07809696,0
0.95005333,0.04994663,0
0.7221269,0.2778731,0
0.711202,0.28879791,0
0.13609211,0.86390793,1
0.5662571,0.43374285,0
0.6228963,0.37710372,0
0.7694259,0.23057401,0
0.17441876,0.82558125,1
0.6977892,0.3022108,0
0.45457366,0.5454263,1
0.6562028,0.34379718,0
0.86309546,0.13690457,0
0.7746776,0.22532241,0
0.6830911,0.3169089,0
0.7541992,0.24580082,0
0.82536054,0.17463945,0
0.81884426,0.18115579,0
0.5043568,0.4956431,1
0.7496157,0.25038427,0
0.880466,0.11953405,0
0.70445365,0.29554632,1
0.7387657,0.26123428,1
0.4574027,0.5425973,1
0.74341553,0.25658447,1
0.78773326,0.21226665,0
0.79951745,0.2004826,0
0.83179504,0.16820495,0
0.8130386,0.18696135,0
0.63566995,0.36433005,1
0.96637785,0.033622205,0
0.9069383,0.09306171,0
0.5736473,0.42635265,1
0.0013727817,0.9986272,1
0.043522503,0.9564775,1
0.052244656,0.94775534,1
0.67095274,0.32904723,0
0.7050779,0.29492208,0
0.7215475,0.27845252,0
0.7683877,0.23161235,0
0.714193,0.28580704,0
0.6594275,0.34057245,0
0.87083626,0.12916376,0
0.9745095,0.025490519,0
0.9764381,0.023561865,0
0.951849,0.04815102,0
0.3247553,0.6752447,1
0.53605306,0.46394694,0
0.61575717,0.38424283,0
0.7012197,0.29878038,0
0.6366878,0.36331216,0
0.5184347,0.48156536,1
0.92581636,0.07418367,1
0.9837805,0.016219527,0
0.47530076,0.5246992,0
0.40529394,0.5947061,1
0.29653135,0.7034687,1
0.9771254,0.022874627,0
0.22685486,0.77314514,1
0.81591356,0.18408647,0
0.7122462,0.28775385,0
0.6524195,0.34758043,0
0.121551506,0.87844855,1
0.30630955,0.6936904,1
0.09697449,0.90302545,1
0.13372806,0.8662719,1
0.14206417,0.8579358,1
0.3417875,0.65821254,1
0.6908638,0.30913615,0
0.7390936,0.26090643,0
0.00034920865,0.99965084,1
1.2863069e-06,0.9999987,1
0.64798933,0.35201073,0
0.7347308,0.26526916,0
0.79310626,0.20689374,0
0.8291364,0.17086369,0
0.25559846,0.7444015,1
0.6146803,0.38531968,0
0.6133593,0.38664073,0
0.8941062,0.10589386,0
0.18466964,0.8153304,1
0.006976707,0.9930233,1
0.35323113,0.6467688,1
0.1443039,0.8556961,1
0.80201554,0.19798438,0
0.8163425,0.18365748,0
0.44697192,0.55302805,1
0.96959966,0.030400297,0
0.9582456,0.041754436,0
0.07639755,0.9236024,1
0.034823067,0.965177,1
0.3030813,0.69691867,1
0.62621117,0.3737889,0
0.6037823,0.3962177,0
0.69208175,0.30791828,0
0.7132245,0.28677553,0
0.7567696,0.24323039,0
0.7437561,0.25624394,0
0.74748397,0.2525161,0
0.8986337,0.101366274,1
0.3999982,0.6000018,1
0.047926873,0.95207316,1
0.16948543,0.83051455,1
0.73831177,0.2616882,0
0.59435564,0.4056444,1
0.7126194,0.28738064,0
0.6909952,0.3090048,0
0.6652195,0.33478054,0
0.9333209,0.066679075,0
0.97325504,0.026744932,0
0.9414587,0.05854131,0
0.90013534,0.099864654,0
0.81715316,0.18284689,0
0.50939375,0.49060628,0
0.5137348,0.48626518,0
0.5162328,0.48376718,0
0.35846394,0.641536,1
0.33073282,0.6692672,1
0.38898823,0.6110118,1
0.5635015,0.43649855,0
0.4969251,0.50307494,1
0.5802609,0.41973913,1
0.64939654,0.35060346,0
0.62835157,0.37164843,0
0.6687121,0.33128792,0
0.646101,0.35389903,0
0.6286788,0.3713212,1
0.6406266,0.35937342,1
0.46743777,0.5325623,1
0.96994823,0.030051792,0
0.9485415,0.05145853,0
0.67674273,0.32325724,0
0.63013095,0.36986908,0
0.61124575,0.38875428,0
0.65607274,0.3439273,0
0.68823844,0.31176153,0
0.70296276,0.2970372,0
0.5794835,0.4205165,0
0.65375614,0.3462438,1
0.9463168,0.05368325,0
0.7170456,0.2829544,1
0.4068165,0.59318346,1
0.719272,0.28072795,1
0.7358733,0.26412672,1
0.58145636,0.41854367,1
0.7889915,0.21100849,0
0.82170886,0.17829116,0
0.82785183,0.17214812,0
0.58361226,0.4163877,0
0.70575476,0.2942453,0
0.7278523,0.27214777,0
0.7590662,0.24093376,0
0.91723996,0.08276007,0
0.047813606,0.9521864,1
0.660576,0.33942404,0
0.69222933,0.30777067,0
0.6810845,0.3189155,0
0.70770454,0.29229546,0
0.7260271,0.27397296,0
0.767096,0.23290405,0
0.7794913,0.22050864,0
0.7928849,0.20711508,0
0.7559201,0.24407992,0
0.93331176,0.066688225,0
0.97802687,0.02197307,0
0.93477726,0.06522272,0
0.8328002,0.16719985,0
0.63975525,0.36024478,0
0.6894545,0.3105455,0
0.6022716,0.39772832,1
0.6107679,0.389232,1
0.7032894,0.29671058,0
0.6273341,0.3726659,0
0.65721476,0.34278524,0
0.90312314,0.096876875,0
0.4462136,0.5537864,1
0.022068914,0.97793114,1
0.24109042,0.7589096,1
0.6521493,0.34785065,1
0.6666347,0.33336538,1
0.8486131,0.15138696,0
0.920885,0.07911493,0
0.98142666,0.018573357,0
0.70943695,0.29056308,0
0.6210324,0.37896758,0
0.42807811,0.5719219,0
0.4086721,0.59132797,1
0.42435294,0.57564706,0
0.4061448,0.5938552,0
0.3783399,0.6216602,0
0.33336806,0.66663194,1
0.34408602,0.65591407,1
0.38969266,0.6103073,1
0.81199735,0.18800265,1
0.933959,0.066041015,0
0.55061346,0.4493865,1
0.5266721,0.47332788,1
0.67621285,0.32378712,0
0.5296692,0.47033077,0
0.6455579,0.35444203,0
0.61869836,0.38130164,1
0.5281133,0.47188666,1
0.2822921,0.7177078,1
0.6734454,0.32655463,0
0.58215714,0.41784286,0
0.66875803,0.331242,0
0.8454898,0.1545102,0
0.9275347,0.07246534,0
0.96072775,0.039272204,0
0.6653932,0.33460677,0
0.61255693,0.38744307,1
0.0030718546,0.99692816,1
0.007969014,0.992031,1
0.0025416152,0.9974584,1
0.81297684,0.1870232,0
0.79677826,0.20322178,0
0.04228879,0.9577112,1
0.009120913,0.9908791,1
0.16631907,0.833681,1
0.20648381,0.7935162,0
0.10379569,0.89620423,1
0.7467682,0.25323188,0
0.7148474,0.28515267,0
0.01586475,0.9841352,1
0.9539449,0.04605514,0
0.07275487,0.92724514,1
0.0451407,0.9548593,1
0.018788919,0.98121107,1
0.045434155,0.9545658,1
0.19568902,0.804311,1
0.5501598,0.44984016,0
0.6915847,0.30841526,0
0.8026719,0.19732809,0
0.75190157,0.24809842,0
0.71195716,0.2880429,0
0.69104004,0.30895996,0
0.5922597,0.4077403,0
0.80123127,0.19876868,0
0.32793933,0.6720607,0
0.45905003,0.54095,0
0.654416,0.34558403,0
0.73728776,0.26271224,0
0.6813553,0.31864464,1
0.9269886,0.073011376,0
0.98674,0.013260055,0
0.9729978,0.02700221,0
0.5522971,0.4477029,1
0.43447095,0.56552905,1
0.3473113,0.6526887,1
0.35769635,0.64230365,1
0.40210074,0.59789926,1
0.41894814,0.5810519,1
0.6335096,0.36649045,1
0.75267917,0.24732086,1
0.73402077,0.26597926,1
0.7559352,0.24406488,1
0.7325584,0.26744157,0
0.706675,0.29332504,0
0.70446366,0.29553637,0
0.78535324,0.21464674,0
0.78080404,0.21919599,0
0.819041,0.18095905,0
0.8598323,0.14016771,0
0.8809874,0.11901258,0
0.72026575,0.27973428,0
0.82960993,0.17039013,0
0.94228065,0.0577194,0
0.8397089,0.16029105,0
0.026542867,0.9734571,1
0.32006413,0.67993593,1
0.6032748,0.39672512,1
0.7919851,0.20801485,0
0.8337253,0.1662747,0
0.82189703,0.17810297,0
0.21963832,0.7803617,1
0.79532343,0.20467658,0
0.04774695,0.9522531,1
0.51333493,0.48666507,1
0.6864312,0.31356874,0
0.7767804,0.22321954,0
0.7593382,0.24066183,0
0.8042661,0.19573392,0
0.5410697,0.4589303,1
0.11885513,0.8811448,1
0.58419526,0.4158047,1
0.38875458,0.6112454,1
0.41564777,0.5843522,1
0.050863758,0.9491362,1
0.75191295,0.248087,0
0.7198402,0.28015977,0
0.7211591,0.2788409,0
0.7214198,0.27858022,0
0.66507137,0.3349286,0
0.65164584,0.34835416,0
0.069497906,0.93050206,1
0.63827527,0.36172476,1
0.46212226,0.53787774,1
0.85123074,0.14876932,0
0.9817011,0.018298913,0
0.740219,0.259781,0
0.73419076,0.26580924,0
0.69356555,0.30643445,0
0.7048378,0.29516217,0
0.6930452,0.3069548,0
0.7185175,0.28148252,0
0.7579624,0.2420376,0
0.76548433,0.23451573,0
0.8689456,0.13105443,0
0.96327555,0.036724407,0
0.95035803,0.049641974,0
0.51781005,0.4821899,1
0.4649558,0.5350442,1
0.45037845,0.5496215,1
0.41164118,0.5883588,1
0.3329421,0.66705793,1
0.86050373,0.13949627,1
0.8184673,0.1815327,1
0.009747825,0.99025214,1
0.006389734,0.9936102,1
0.0013585136,0.99864143,1
0.002508862,0.9974911,1
0.002193408,0.9978066,1
0.49944407,0.50055593,0
0.78636,0.21364,0
0.645088,0.35491195,0
0.5931546,0.40684545,0
0.54117817,0.45882186,0
0.90053695,0.09946306,0
0.951493,0.048506986,0
0.9646596,0.03534047,0
0.042767778,0.95723224,1
0.058372278,0.9416277,1
0.033374954,0.96662503,1
0.039510876,0.96048915,1
0.04231708,0.9576829,1
0.8037962,0.19620386,0
0.74795294,0.2520471,0
0.7715086,0.2284914,0
0.044471554,0.95552844,1
0.066337824,0.9336622,1
0.8050449,0.19495516,0
0.3244601,0.6755399,0
0.04317097,0.956829,1
0.044694856,0.95530516,1
0.039943565,0.9600564,1
0.04188537,0.9581146,1
0.018602999,0.98139703,1
0.009318897,0.9906811,1
0.03822115,0.9617788,1
0.083281,0.916719,1
0.78840405,0.21159595,0
0.57923913,0.42076093,0
0.73212314,0.26787686,0
0.05412547,0.9458745,1
0.9613592,0.038640782,0
0.94766325,0.05233673,0
0.032528162,0.96747184,1
0.7207113,0.2792887,0
0.11192307,0.88807696,1
0.08051419,0.9194858,1
0.015788093,0.98421186,1
0.68743575,0.31256428,0
0.68536586,0.31463414,0
0.7227722,0.27722788,0
0.6079459,0.39205408,0
0.5900707,0.4099293,0
0.6712941,0.32870585,0
0.32560882,0.6743912,1
0.1584576,0.84154236,1
0.4642451,0.5357548,0
0.73990214,0.26009786,0
0.6931036,0.3068964,0
0.6725425,0.3274575,0
0.9352313,0.06476864,0
0.42750174,0.57249826,0
0.40032664,0.59967333,0
0.42020264,0.5797974,0
0.4657907,0.53420925,0
0.5858353,0.41416478,0
0.6775519,0.32244807,0
0.7572212,0.24277881,0
0.7719531,0.22804691,0
0.717887,0.282113,0
0.9796259,0.02037411,0
0.94933665,0.05066333,0
0.57893074,0.42106926,1
0.46800894,0.53199106,1
0.4483072,0.55169284,1
0.43521878,0.56478125,1
0.4740698,0.5259302,1
0.89510137,0.10489865,0
0.9663358,0.033664227,0
0.06971334,0.9302867,1
0.03240737,0.9675926,1
0.85019743,0.14980255,0
0.7430688,0.25693122,0
0.6990114,0.3009886,0
0.037797228,0.9622028,1
0.07864933,0.9213507,1
0.9569607,0.043039374,0
0.067639336,0.93236065,1
0.30271643,0.6972835,1
0.51528287,0.4847171,0
0.7289706,0.2710294,0
0.09348478,0.9065152,1
0.6988021,0.30119783,0
0.62647104,0.37352893,0
0.14782426,0.8521757,1
0.22421494,0.775785,1
0.9465053,0.053494688,0
0.9610655,0.03893454,0
0.96922493,0.030775094,0
0.34712765,0.6528723,1
0.6687821,0.3312179,0
0.6627362,0.3372639,0
0.05804078,0.9419592,1
0.64077806,0.3592219,0
0.17768618,0.8223138,1
0.3953878,0.60461223,1
0.03200703,0.967993,1
0.7898266,0.21017346,0
0.7392655,0.2607345,0
0.609343,0.390657,0
0.59749204,0.4025079,0
0.9537822,0.04621779,0
0.9114129,0.08858705,0
0.17517532,0.8248247,1
0.038975097,0.96102494,1
0.01922524,0.9807748,1
0.03681312,0.96318686,1
0.03545111,0.9645488,1
0.03314458,0.96685547,1
0.7347084,0.26529154,0
0.7914574,0.20854257,0
0.80639875,0.19360131,0
0.9570472,0.042952776,0
0.26606962,0.73393035,0
0.019347636,0.98065233,1
0.019605294,0.9803947,1
0.6759677,0.32403234,0
0.10306332,0.89693666,1
0.57499266,0.4250073,0
0.09507234,0.9049277,1
0.34993258,0.65006745,1
0.2929578,0.7070422,1
0.1088047,0.89119524,1
0.41865894,0.5813411,0
0.64273036,0.35726961,0
0.6432408,0.35675922,0
0.6089548,0.39104518,0
0.51747125,0.48252875,0
0.7277058,0.27229425,0
