prob_class_0,prob_class_1,true_label
0.9926724,0.0073276153,0
0.99719703,0.00280292,0
0.979905,0.020095052,1
0.9397172,0.06028281,1
0.93531924,0.06468074,0
0.93514323,0.06485679,1
0.952405,0.047595,0
0.9555122,0.04448773,1
0.9861405,0.013859476,0
0.92073697,0.07926307,1
0.86886066,0.13113938,1
0.99605197,0.0039480873,0
0.95760584,0.04239417,0
0.94937044,0.050629538,0
0.97343236,0.026567636,0
0.9467145,0.05328552,0
0.92160517,0.0783948,1
0.9036483,0.096351646,1
0.92225647,0.077743515,1
0.9469721,0.053027894,0
0.87443894,0.12556109,1
0.9161025,0.08389743,1
0.35743895,0.64256096,1
0.33556533,0.66443473,1
0.7140244,0.2859756,1
0.14996174,0.8500383,1
0.051549852,0.94845015,1
0.07623783,0.9237622,1
0.16562289,0.8343771,1
0.6341802,0.36581978,0
0.15892744,0.84107256,1
0.14484905,0.85515094,1
0.28225207,0.71774787,0
0.32921684,0.6707832,0
0.96385306,0.03614692,0
0.54571813,0.45428184,0
0.30258775,0.6974122,0
0.9684724,0.031527553,0
0.24048808,0.75951195,0
0.34292302,0.6570769,0
0.32149628,0.6785037,0
0.3085285,0.69147146,1
0.2291276,0.7708724,1
0.9390909,0.06090906,0
0.9519445,0.048055563,0
0.97923607,0.020764004,0
0.9043418,0.09565819,1
0.8460799,0.15392016,1
0.97146654,0.028533375,0
0.9710722,0.02892785,0
0.9343149,0.065685056,0
0.9319793,0.068020724,0
0.94886845,0.051131576,0
0.9571568,0.042843234,0
0.95894265,0.04105728,0
0.9836997,0.016300384,0
0.9948618,0.0051382217,0
0.07781336,0.9221866,1
0.0051088748,0.99489117,1
0.03554107,0.9644589,1
0.30317193,0.69682807,0
0.2079263,0.7920737,0
0.981384,0.018616017,0
0.4529495,0.5470505,0
0.10378544,0.8962146,0
0.040244535,0.9597554,1
0.04189403,0.958106,1
0.0046654437,0.99533457,1
0.25341237,0.74658763,0
0.45781922,0.5421808,0
0.08432144,0.91567856,1
0.013099173,0.98690087,1
0.018113693,0.98188627,1
0.060280778,0.93971926,1
0.09463181,0.90536815,0
0.16831496,0.831685,0
0.0071121627,0.9928878,1
0.068194784,0.9318052,1
0.12699255,0.8730074,1
0.0924584,0.90754163,1
0.86432165,0.13567834,0
0.47267118,0.5273288,0
0.1339476,0.86605245,0
0.13382973,0.8661703,0
0.3823993,0.61760074,0
0.11360527,0.8863947,0
0.083567224,0.9164328,1
0.1066846,0.89331543,1
0.21661294,0.78338706,0
0.6470465,0.3529535,0
0.07428886,0.9257111,1
0.083863296,0.91613674,1
0.0976723,0.9023277,1
0.045015324,0.95498466,1
0.08355937,0.9164406,1
0.91232383,0.08767614,0
0.916559,0.083441034,0
0.939818,0.06018196,0
0.71941257,0.2805874,0
0.991698,0.0083019715,0
0.79462117,0.20537885,0
0.0787599,0.9212401,1
0.26362726,0.7363727,0
0.2778865,0.72211355,0
0.13547255,0.8645275,1
0.97049886,0.029501107,0
0.99152654,0.008473481,0
0.89184135,0.10815869,0
0.80344623,0.19655377,0
0.7632282,0.2367718,0
0.13202868,0.86797136,1
0.25232282,0.7476772,1
0.1071755,0.89282453,1
0.22282854,0.77717143,1
0.48627615,0.5137238,0
0.32882902,0.67117095,1
0.97261995,0.02738003,0
0.9904654,0.009534573,0
0.99700433,0.0029957085,0
0.9963567,0.0036432787,0
0.016189326,0.98381066,1
0.016270973,0.98372906,1
0.0575234,0.9424766,1
0.049075145,0.9509248,1
0.048155166,0.95184475,1
0.044371646,0.95562834,1
0.029742448,0.9702575,1
0.0691279,0.9308721,1
0.070618846,0.92938113,1
0.09682891,0.9031711,1
0.970975,0.029025054,0
0.07631513,0.9236849,1
0.0680074,0.9319926,1
0.11185983,0.88814014,0
0.061936826,0.93806314,1
0.03248601,0.96751404,1
0.07885489,0.92114514,1
0.08604412,0.91395587,1
0.53303784,0.46696222,0
0.46893096,0.5310691,0
0.08634548,0.91365445,1
0.08915044,0.9108495,1
0.08807279,0.9119272,1
0.13424027,0.8657597,0
0.036662795,0.9633372,1
0.027129963,0.97287005,1
0.03536816,0.9646318,1
0.10248047,0.8975195,1
0.5755228,0.4244772,0
0.11545165,0.88454837,1
0.12932663,0.87067336,0
0.92171,0.07829004,0
0.93115544,0.06884459,0
0.93658525,0.06341482,0
0.94965595,0.05034411,0
0.946213,0.053786974,0
0.9426268,0.057373274,0
0.953536,0.046463978,0
0.9467721,0.053227954,0
0.9418658,0.058134165,0
0.13978091,0.8602191,1
0.90718627,0.092813686,0
0.54931855,0.45068148,1
0.44115064,0.5588494,1
0.16435714,0.8356428,1
0.16433077,0.8356692,1
0.11336655,0.8866334,1
0.70441586,0.29558414,0
0.47707292,0.5229271,0
0.06367393,0.9363261,1
0.0699863,0.93001366,1
0.11951658,0.88048345,1
0.17078692,0.8292131,0
0.016958674,0.9830413,1
0.18623817,0.8137618,0
0.22840025,0.77159977,0
0.21471475,0.78528523,0
0.58939487,0.41060516,0
0.5354363,0.4645638,0
0.50468475,0.4953153,0
0.14534235,0.8546577,0
0.104540735,0.8954593,1
0.059684888,0.9403152,1
0.19304363,0.80695635,0
0.049665824,0.95033413,1
0.1661989,0.83380115,1
0.65035814,0.34964183,0
0.0030392664,0.9969607,1
0.00042367182,0.9995763,1
0.004431518,0.99556845,1
0.9633877,0.036612272,0
0.95404774,0.04595221,0
0.95914596,0.040854048,0
0.9610182,0.03898174,0
0.9607882,0.039211858,0
0.9587286,0.041271344,0
0.967032,0.03296798,0
0.9535475,0.046452515,0
0.95885825,0.04114171,0
0.9333209,0.06667906,0
0.9375035,0.062496446,0
0.94516385,0.054836173,0
0.93957907,0.06042088,0
0.9558531,0.044146847,0
0.958844,0.041155934,0
0.33099693,0.66900307,1
0.94974303,0.05025695,0
0.93139994,0.06860004,0
0.7998855,0.2001145,1
0.95240545,0.047594562,0
0.9551245,0.044875488,0
0.94558233,0.05441767,0
0.94400066,0.055999357,0
0.2917383,0.7082617,1
0.4034383,0.59656173,1
0.54805726,0.4519428,1
0.99383897,0.006160995,0
0.52536875,0.47463122,1
0.19409725,0.8059028,1
0.95510143,0.044898547,0
0.96682346,0.033176493,0
0.96621776,0.03378222,0
0.92310816,0.07689186,0
0.9285487,0.07145129,0
0.94349176,0.056508206,0
0.93287647,0.067123525,0
0.9243464,0.07565366,0
0.9178315,0.082168534,0
0.98824406,0.011755963,0
0.06581667,0.93418336,1
0.11689636,0.88310367,1
0.92846745,0.07153254,0
0.9254412,0.0745588,0
0.9362315,0.0637685,0
0.9306111,0.06938899,0
0.9524473,0.047552697,0
0.9541136,0.045886394,0
0.96198267,0.038017355,0
0.9884248,0.011575158,0
0.9937634,0.006236603,0
0.96326447,0.03673557,0
0.11156474,0.8884353,1
0.16875243,0.83124757,1
0.19717759,0.8028224,1
0.2108388,0.78916126,1
0.14437649,0.8556235,1
0.057912234,0.9420878,1
0.9539142,0.0460858,0
0.96605855,0.03394144,0
0.987665,0.012334991,0
0.99397594,0.0060240873,0
0.23805127,0.76194876,1
0.14704517,0.85295486,1
0.92838866,0.07161136,0
0.09879815,0.9012019,1
0.08420549,0.9157945,1
0.0695138,0.93048626,1
0.0582342,0.9417657,1
0.91256255,0.08743746,0
0.9400608,0.059939247,0
0.9948264,0.0051736375,0
0.9348684,0.06513158,0
0.9438419,0.056158092,0
0.9352133,0.06478668,0
0.93270814,0.067291856,0
0.9276396,0.07236043,0
0.93205845,0.06794161,0
0.9457479,0.054252118,0
0.9496533,0.05034663,0
0.97313315,0.02686683,0
0.9593183,0.04068177,0
0.9880277,0.011972352,0
0.92927045,0.070729494,0
0.9412394,0.058760602,0
0.92788494,0.07211501,0
0.959321,0.04067896,0
0.95480365,0.04519633,0
0.92469484,0.07530508,0
0.9886763,0.011323722,0
0.6241883,0.3758116,1
0.49349484,0.50650513,1
0.93105847,0.06894146,0
0.94666076,0.053339273,0
0.95259136,0.04740864,0
0.91946495,0.08053504,0
0.9139151,0.08608492,0
0.9227147,0.07728533,0
0.9275227,0.07247736,0
0.94210535,0.05789462,0
0.9205243,0.07947571,0
0.6719267,0.3280733,1
0.2598125,0.74018747,1
0.91504824,0.084951736,0
0.8973032,0.10269671,0
0.9041024,0.095897675,0
0.8776746,0.1223255,0
0.93601537,0.063984625,0
0.8834771,0.11652292,0
0.23437297,0.765627,1
0.2645174,0.73548263,1
0.8650439,0.13495615,0
0.9082304,0.09176954,1
0.8915094,0.10849056,1
0.13172764,0.8682723,1
0.9038262,0.09617377,0
0.92679995,0.07320008,0
0.20950773,0.79049224,1
0.13866797,0.861332,1
0.1172653,0.8827348,1
0.20788702,0.792113,1
0.74781024,0.2521897,0
0.9635965,0.036403492,0
0.9310773,0.068922654,0
0.939319,0.060681034,0
0.9788862,0.021113846,0
0.08779896,0.91220105,1
0.05740536,0.94259465,1
0.91546017,0.08453983,0
0.94555527,0.054444764,0
0.9465398,0.053460173,0
0.9522414,0.047758546,0
0.9736623,0.026337652,0
0.9007253,0.099274665,0
0.9708995,0.029100496,0
0.9174852,0.08251486,1
0.2845562,0.7154438,1
0.09130543,0.9086946,1
0.09847438,0.9015257,1
0.09312898,0.906871,1
0.080232814,0.9197672,1
0.07109495,0.92890507,1
0.9405254,0.059474573,0
0.9757377,0.024262294,0
0.9523836,0.047616452,0
0.8695272,0.13047278,0
0.5638149,0.43618515,0
0.9636251,0.036374945,0
0.04974335,0.95025665,1
0.06235755,0.93764246,1
0.057328504,0.9426715,1
0.06112579,0.9388742,1
0.24577248,0.7542275,0
0.024008024,0.97599196,1
0.033423357,0.9665766,1
0.034829542,0.96517044,1
0.09917677,0.9008232,1
0.054153524,0.94584644,1
0.0017443913,0.99825555,1
0.013075885,0.9869241,1
0.1528248,0.8471751,0
0.32420504,0.67579496,0
0.4421338,0.5578663,0
0.12625468,0.8737453,0
0.11117087,0.88882905,0
0.109156236,0.89084375,0
0.11549676,0.8845033,0
0.114993036,0.8850069,0
0.006107916,0.9938921,1
0.0035643545,0.99643564,1
0.13538799,0.86461204,0
0.11885926,0.88114077,0
0.9211749,0.07882511,0
0.6686212,0.33137888,0
0.25444117,0.7455588,0
0.27830127,0.72169876,0
0.46067852,0.5393214,0
0.45303378,0.54696625,0
0.36134514,0.6386549,0
0.16336186,0.8366382,1
0.026811985,0.973188,1
0.09944358,0.9005564,1
0.8950484,0.10495167,0
0.44690213,0.55309784,0
0.64528894,0.35471103,0
0.6629118,0.33708826,0
0.885626,0.11437398,0
0.91688436,0.083115675,0
0.7965671,0.20343298,0
0.72280556,0.2771945,0
0.5866476,0.41335234,0
0.6799382,0.32006177,0
0.55981904,0.44018096,0
0.28931063,0.71068937,1
0.7297288,0.27027118,0
0.735587,0.26441297,0
0.857071,0.14292899,0
0.94301397,0.05698606,0
0.7534561,0.24654394,1
0.94359577,0.056404162,0
0.9107293,0.08927069,0
0.13725284,0.8627472,1
0.13131562,0.8686844,1
0.3487551,0.65124494,0
0.30804387,0.69195616,0
0.07875028,0.92124975,1
0.057786003,0.94221395,1
0.06061748,0.93938255,1
0.09981459,0.9001854,1
0.1093644,0.8906356,1
0.6295589,0.3704411,0
0.2801607,0.71983933,0
0.21065606,0.7893439,1
0.4114089,0.58859116,0
0.22821882,0.7717812,0
0.5160483,0.48395163,0
0.8231591,0.17684086,0
0.93396276,0.066037245,0
0.9594245,0.04057555,0
0.8124691,0.18753086,0
0.954497,0.04550301,0
0.96161586,0.038384113,0
0.8869525,0.11304751,1
0.9459775,0.054022443,0
0.99032277,0.0096772695,0
0.9591907,0.040809345,0
0.9637494,0.036250614,0
0.9194819,0.08051805,1
0.90047276,0.099527225,1
0.8688315,0.1311685,1
0.8647029,0.1352971,1
0.95166487,0.048335128,0
0.9369753,0.06302462,0
0.912046,0.087953985,0
0.93387604,0.06612397,0
0.910599,0.08940102,0
0.9481971,0.051802915,0
0.93265563,0.0673444,0
0.9448612,0.055138785,1
0.95325905,0.046740998,1
0.92253965,0.077460356,0
0.94008714,0.05991286,0
0.9342534,0.06574663,0
0.895011,0.104988985,0
0.17773809,0.822262,1
0.31278768,0.68721235,1
0.13277963,0.8672204,1
0.43136242,0.5686376,1
0.47801328,0.5219868,1
0.9939567,0.0060433447,0
0.32634163,0.67365843,1
0.23000711,0.7699929,1
0.17059946,0.8294005,1
0.28467122,0.7153288,1
0.22884108,0.77115893,1
0.95444906,0.0455509,0
0.96341795,0.036582027,0
0.97504663,0.024953373,0
0.9808209,0.019179134,0
0.36381787,0.63618207,1
0.36060527,0.6393947,1
0.1622461,0.8377539,1
0.94071925,0.05928079,0
0.9451072,0.05489285,0
0.8611272,0.1388728,0
0.878026,0.12197402,0
0.61370075,0.38629925,1
0.49888673,0.50111324,1
0.8768454,0.12315464,0
0.3236556,0.6763444,1
0.035123777,0.96487623,1
0.16724122,0.8327588,1
0.4178117,0.5821883,1
0.20517959,0.7948204,1
0.13741896,0.8625811,1
0.28068107,0.7193189,1
0.15131024,0.84868973,1
0.25834525,0.7416547,0
0.13391577,0.8660843,1
0.17082183,0.82917815,1
0.18627554,0.81372446,1
0.27091795,0.72908205,0
0.3170339,0.6829661,0
0.20422412,0.7957759,0
0.59840244,0.40159756,0
0.26981583,0.73018414,1
0.8005002,0.19949979,0
0.8263253,0.17367473,0
0.8311585,0.1688415,0
0.7232101,0.27678984,0
0.82765573,0.17234422,0
0.65603095,0.34396905,0
0.61977494,0.3802251,0
0.24429421,0.75570583,1
0.82148635,0.17851365,0
0.08536895,0.914631,1
0.103275076,0.89672494,1
0.11391641,0.88608354,1
0.109066844,0.89093316,1
0.17463398,0.82536596,1
0.17500584,0.82499415,1
0.6727426,0.32725734,0
0.7046311,0.2953689,0
0.96967804,0.030321997,0
0.9454066,0.05459337,0
0.9208965,0.07910348,0
0.107537635,0.8924624,1
0.18693322,0.81306684,1
0.17599276,0.8240073,1
0.19763516,0.8023648,1
0.26151347,0.7384865,1
0.6660532,0.33394688,0
0.61816007,0.3818399,0
0.5781646,0.42183545,0
0.74417174,0.25582826,0
0.8922985,0.10770149,0
0.8062849,0.19371513,0
0.96479434,0.035205662,0
0.1180222,0.8819778,1
0.34747434,0.6525257,1
0.11244393,0.887556,1
0.006910668,0.9930894,1
0.052579246,0.9474207,1
0.94073886,0.05926114,0
0.8458811,0.15411893,0
0.74645835,0.2535416,0
0.55239284,0.44760713,0
0.46481934,0.5351807,0
0.44462484,0.55537516,0
0.43458056,0.56541944,0
0.13872701,0.861273,1
0.39530933,0.6046907,1
0.12991285,0.8700872,1
0.49172828,0.50827163,1
0.15748237,0.8425177,1
0.058676578,0.9413234,1
0.08416086,0.9158391,1
0.40662074,0.5933792,0
0.46610138,0.53389865,0
0.39795956,0.6020404,0
0.50720036,0.4927996,0
0.13068068,0.8693193,1
0.15867536,0.8413246,1
0.19523837,0.8047616,1
0.20159279,0.7984072,1
0.62041134,0.3795887,0
0.3950573,0.6049427,0
0.21457925,0.7854208,1
0.1598864,0.8401136,1
0.12687649,0.8731236,1
0.11308356,0.8869164,1
0.11797988,0.8820202,1
0.094891876,0.9051081,1
0.30540803,0.69459194,0
0.5128118,0.48718822,0
0.22545154,0.7745485,0
0.9345952,0.06540477,0
0.9277781,0.072221875,0
0.99133354,0.008666444,0
0.9933704,0.0066295904,0
0.98499936,0.015000643,0
0.9212508,0.0787491,0
0.9387119,0.06128816,0
0.94399655,0.056003466,0
0.959321,0.040678937,0
0.95280665,0.047193307,0
0.96985716,0.03014281,0
0.99338573,0.0066142427,0
0.9063776,0.09362244,0
0.9033354,0.09666463,0
0.9344399,0.06556013,0
0.9399466,0.0600534,0
0.94681245,0.053187482,0
0.9460785,0.053921558,0
0.9035124,0.09648758,0
0.8764343,0.123565674,0
0.97425145,0.025748571,0
0.993246,0.0067539853,0
0.99516195,0.0048381127,0
0.9958116,0.0041884687,0
0.96845657,0.031543385,0
0.09562702,0.90437305,1
0.026380153,0.9736198,1
0.010734069,0.9892659,1
0.19654895,0.803451,1
0.037496645,0.9625033,1
0.06690148,0.93309855,1
0.51960224,0.48039776,0
0.44811615,0.5518839,0
0.15378043,0.84621954,1
0.023098785,0.97690123,1
0.0034715813,0.99652845,1
0.11752727,0.88247275,1
0.44792104,0.5520789,0
0.05302022,0.94697976,1
0.07428569,0.92571425,1
0.31573072,0.68426925,0
0.4192297,0.5807703,0
0.46001154,0.5399885,0
0.061837636,0.9381624,1
0.06827762,0.9317224,1
0.07695911,0.9230409,1
0.2523034,0.74769664,0
0.4122913,0.5877088,0
0.9396284,0.06037154,0
0.2746855,0.72531456,0
0.944982,0.055018045,0
0.9346481,0.06535183,0
0.18791538,0.81208456,1
0.9673777,0.032622356,0
0.21180037,0.7881996,1
0.89251155,0.10748847,0
0.9795758,0.020424252,0
0.9905121,0.009487963,0
0.9698601,0.030139867,0
0.9543129,0.045687087,0
0.30714774,0.6928523,1
0.94097596,0.059024006,0
0.3125453,0.68745476,1
0.9647961,0.03520383,0
0.94534045,0.054659534,0
0.2837605,0.71623945,1
0.2832852,0.71671474,1
0.5275093,0.47249073,1
0.20162947,0.7983705,1
0.16239782,0.8376022,1
0.07298127,0.9270187,1
0.0827861,0.9172139,1
0.2460239,0.75397605,1
0.1688245,0.8311755,1
0.7476339,0.25236616,0
0.9910285,0.0089715505,0
0.93797505,0.06202494,0
0.33647922,0.6635208,0
0.19594458,0.8040554,1
0.1728019,0.82719815,1
0.7228834,0.27711657,0
0.24362881,0.7563712,1
0.034634545,0.96536547,1
0.18164484,0.8183552,1
0.6160352,0.38396484,0
0.8626897,0.13731033,0
0.55862486,0.44137517,0
0.95534515,0.044654805,0
0.94613427,0.053865757,0
0.97264194,0.027357982,0
0.9706252,0.029374773,0
0.18433301,0.815667,1
0.17415571,0.8258442,1
0.13392402,0.86607605,1
0.066936955,0.93306303,1
0.9374064,0.06259358,0
0.87866557,0.12133444,0
0.7788349,0.2211651,0
0.7776476,0.22235233,0
0.5096785,0.49032143,1
0.36775297,0.63224703,1
0.09781937,0.9021806,1
0.08307663,0.91692334,1
0.0970072,0.9029928,1
0.021891434,0.9781085,1
0.0110011175,0.98899883,1
0.024389008,0.97561103,1
0.051243555,0.9487564,1
0.6727328,0.32726714,0
0.6754223,0.32457766,0
0.0761012,0.9238989,1
0.118211,0.881789,1
0.12770915,0.87229085,1
0.12472587,0.8752741,1
0.13504067,0.8649593,1
0.95832884,0.0416711,0
0.98510784,0.014892128,0
0.9561463,0.043853663,0
0.1365268,0.86347324,1
0.061351646,0.93864834,1
0.15666156,0.84333843,1
0.07983141,0.9201686,1
0.12441476,0.8755853,1
0.12669638,0.87330365,1
0.13658181,0.86341816,1
0.15143935,0.8485607,1
0.16503121,0.83496875,1
0.6550069,0.34499308,0
0.96147037,0.03852962,0
0.97755903,0.022440942,0
0.9744213,0.025578626,0
0.97074217,0.029257895,0
0.950477,0.049522992,0
0.9495872,0.050412767,0
0.9417799,0.058220033,0
0.9398984,0.060101595,0
0.97173756,0.028262433,0
0.9609337,0.039066352,0
0.93951607,0.060483977,0
0.9345926,0.06540743,0
0.93774444,0.062255584,0
0.9404565,0.059543468,0
0.94296414,0.05703584,0
0.92972076,0.07027925,0
0.95399004,0.04600995,0
0.96919405,0.030805996,0
0.9894952,0.010504732,0
0.8156418,0.18435816,1
0.9419614,0.05803859,0
0.5303046,0.4696953,1
0.9021852,0.09781483,0
0.99107915,0.008920809,0
0.9905619,0.009438064,0
0.5301159,0.4698841,1
0.9476256,0.052374467,0
0.18979946,0.8102005,1
0.96151954,0.038480483,0
0.9632666,0.036733456,0
0.947061,0.05293895,0
0.060050193,0.93994975,1
0.036508843,0.9634912,1
0.9872236,0.012776316,0
0.9748443,0.025155785,0
0.9759596,0.024040392,0
0.9491832,0.0508168,0
0.9596584,0.040341582,0
0.9690619,0.03093802,0
0.9640324,0.035967648,0
0.9714291,0.028570885,0
0.9671156,0.03288434,0
0.93716395,0.06283603,0
0.98985785,0.010142066,0
0.99251866,0.0074812956,0
0.9261345,0.07386542,1
0.62375575,0.37624425,1
0.9449504,0.055049613,0
0.96218514,0.037814848,0
0.9685385,0.031461447,0
0.9597961,0.040203944,0
0.91836363,0.08163641,1
0.9697576,0.030242426,0
0.9636015,0.036398485,0
0.9819739,0.018026099,0
0.99217916,0.007820805,0
0.38263863,0.61736137,1
0.50859344,0.49140656,1
0.9414423,0.058557715,0
0.1967375,0.80326253,1
0.9929711,0.007028834,0
0.9835776,0.016422383,0
0.9521392,0.047860768,0
0.97889173,0.021108193,0
0.52780163,0.47219834,1
0.27762696,0.72237307,1
0.39882198,0.60117805,1
0.36328414,0.6367159,1
0.23515756,0.7648424,1
0.90250206,0.097497925,0
0.9191507,0.080849245,0
0.98984957,0.0101503795,0
0.99199295,0.008007062,0
0.57747364,0.42252636,1
0.21300231,0.7869977,1
0.20637208,0.7936279,1
0.18414766,0.8158524,1
0.33860034,0.6613997,1
0.9238673,0.07613271,0
0.9120155,0.087984554,0
0.6022464,0.39775357,1
0.9236938,0.076306224,0
0.2647324,0.73526764,1
0.28565472,0.7143453,1
0.11112552,0.8888745,1
0.8751147,0.1248853,0
0.9737492,0.026250767,0
0.9968821,0.003117973,0
0.9594626,0.040537488,0
0.96842617,0.03157386,0
0.94472307,0.055276968,0
0.939387,0.06061296,0
0.94204676,0.057953276,0
0.930639,0.06936094,1
0.096447684,0.90355235,1
0.9849038,0.015096213,0
0.98145914,0.018540863,0
0.48771444,0.5122856,1
0.34533605,0.654664,1
0.9230021,0.07699787,0
0.39936984,0.6006302,1
0.94184464,0.058155414,0
0.96744686,0.032553088,0
0.9482182,0.05178172,0
0.9513604,0.048639555,0
0.48985156,0.5101484,1
0.9466848,0.053315222,0
0.81732357,0.18267637,1
0.30472642,0.6952735,1
0.7136744,0.2863255,1
0.9707856,0.029214421,0
0.9518209,0.04817904,0
0.9403608,0.05963924,0
0.96289593,0.037104,0
0.963328,0.036672045,0
0.93831253,0.061687425,0
0.9397376,0.060262453,0
0.20830157,0.79169846,1
0.9721638,0.027836176,0
0.9703344,0.02966559,0
0.8940759,0.10592412,0
0.99402905,0.005970938,0
0.22739492,0.77260506,1
0.90884376,0.091156244,0
0.96066177,0.039338235,0
0.9723727,0.027627226,0
0.93427277,0.06572724,0
0.9058206,0.09417939,0
0.91499287,0.08500717,0
0.9725814,0.027418545,0
0.88921905,0.11078093,1
0.9928302,0.007169839,0
0.9766558,0.023344168,1
0.9509312,0.049068794,1
0.9285402,0.07145973,1
0.8922874,0.1077126,1
0.92939556,0.07060449,0
0.9407216,0.059278447,0
0.93981445,0.060185563,0
0.9336977,0.066302314,0
0.9457779,0.05422213,0
0.91084844,0.08915162,0
0.9565531,0.043446876,0
0.9642107,0.035789292,0
0.9915855,0.008414561,0
0.9897314,0.010268577,0
0.9137561,0.08624388,0
0.86951005,0.13048996,1
0.91525084,0.08474916,0
0.907379,0.092621036,0
0.8837812,0.116218776,0
0.9551745,0.044825558,0
0.9726178,0.027382176,0
0.98034245,0.019657578,0
0.9967237,0.0032762866,0
0.98984164,0.010158346,1
0.9714289,0.028571138,1
0.94818836,0.051811643,1
0.9467031,0.05329696,0
0.9531312,0.04686872,1
0.9489835,0.05101651,1
0.94499743,0.05500259,1
0.9566374,0.043362603,1
0.8923626,0.10763742,1
0.94197834,0.058021676,0
0.9085887,0.09141133,1
0.84765285,0.15234713,1
0.23940913,0.76059085,1
0.34901828,0.6509817,1
0.40124163,0.59875834,1
0.41548517,0.58451486,1
0.39248654,0.6075135,1
0.4518899,0.5481101,1
0.4377348,0.56226516,1
0.9701598,0.029840194,0
0.93166053,0.068339474,0
0.93924063,0.060759358,0
0.96241593,0.037584104,0
0.9597202,0.040279783,0
0.93945247,0.06054756,0
0.21672724,0.7832728,1
0.24144843,0.7585516,1
0.22212683,0.7778732,1
0.14693625,0.8530637,1
0.7566991,0.2433009,0
0.97240126,0.02759874,0
0.92823106,0.07176889,0
0.26926005,0.73073995,1
0.25469637,0.7453036,1
0.31952173,0.6804783,1
0.24744295,0.7525571,1
0.39849496,0.601505,0
0.31915772,0.68084234,1
0.68733394,0.3126661,0
0.8863911,0.11360882,0
0.17645112,0.8235489,1
0.36765203,0.63234794,0
0.7748439,0.22515613,0
0.17618154,0.82381845,1
0.12369327,0.8763067,1
0.12779768,0.8722023,1
0.7677678,0.23223217,0
0.53450763,0.4654924,0
0.23071587,0.7692841,0
0.7310033,0.26899663,0
0.26649088,0.73350906,0
0.7744125,0.2255875,0
0.9411465,0.058853526,0
0.47292387,0.5270762,0
0.09899149,0.9010085,1
0.32789347,0.6721065,0
0.45809337,0.54190665,0
0.8291734,0.17082663,0
0.8494598,0.1505402,0
0.12693974,0.87306035,1
0.15951881,0.84048116,1
0.12456843,0.8754316,1
0.20976573,0.79023427,1
0.294366,0.705634,0
0.33403116,0.66596884,0
0.34017798,0.65982205,0
0.19786255,0.80213743,1
0.20699239,0.7930076,1
0.21956728,0.78043276,1
0.5416441,0.45835596,0
0.57957536,0.42042464,0
0.967877,0.032122996,0
0.98324627,0.016753757,0
0.9732334,0.026766663,0
0.4271944,0.5728056,1
0.8171264,0.1828736,0
0.8065399,0.1934601,0
0.95482,0.04517999,0
0.9596768,0.04032324,0
0.8917258,0.10827424,0
0.94344157,0.056558385,0
0.14154097,0.85845906,1
0.06331916,0.9366808,1
0.09157815,0.9084218,1
0.18872479,0.8112752,1
0.18000023,0.8199998,1
0.91808313,0.08191687,0
0.96313554,0.036864508,0
0.39772815,0.60227185,1
0.95583904,0.04416095,0
0.9831451,0.016854836,0
0.99056715,0.009432867,0
0.42705363,0.5729463,1
0.95315963,0.046840448,0
0.20229569,0.7977043,1
0.17863457,0.8213655,1
0.93941075,0.06058923,0
0.8664887,0.13351126,0
0.9893854,0.010614596,0
0.99186385,0.008136203,0
0.95479256,0.045207385,0
0.5600389,0.43996108,1
0.9436307,0.05636931,0
0.96122074,0.03877924,0
0.9575079,0.04249206,0
0.9404429,0.059557077,0
0.9315727,0.06842732,0
0.93755955,0.062440485,0
0.9710556,0.028944327,1
0.9665648,0.0334352,1
0.946544,0.05345596,0
0.9529897,0.047010284,0
0.9364533,0.06354669,0
0.96166164,0.03833842,0
0.93832725,0.061672732,0
0.9531741,0.046825863,0
0.9383664,0.06163356,0
0.97780925,0.022190725,0
0.9174438,0.0825562,1
0.99050224,0.009497764,0
0.91410875,0.085891284,0
0.9170608,0.08293926,0
0.95229393,0.047705986,0
0.9729273,0.027072797,0
0.9917156,0.00828434,0
0.990569,0.009430956,1
0.35952324,0.64047676,1
0.3642033,0.63579667,1
0.892467,0.107533045,0
0.923108,0.076892,0
0.35501853,0.64498144,1
0.07562575,0.9243743,1
0.13269755,0.8673024,1
0.84638226,0.15361777,0
0.9948685,0.0051314444,0
0.994588,0.0054120054,0
0.012742751,0.9872572,1
0.01944177,0.9805582,1
0.014751515,0.9852485,1
0.95053035,0.049469613,0
0.7992687,0.20073125,0
0.66935205,0.33064795,0
0.46108845,0.5389116,0
0.5296539,0.47034606,0
0.21686307,0.7831369,0
0.26159102,0.738409,0
0.09653274,0.9034673,1
0.1776647,0.8223353,0
0.17538999,0.82461005,1
0.3345447,0.66545534,1
0.726118,0.2738819,0
0.93419313,0.06580684,0
0.946181,0.05381902,0
0.21011269,0.7898873,1
0.2576522,0.7423478,1
0.94376224,0.05623775,0
0.8344328,0.16556716,0
0.14970483,0.8502951,1
0.100853585,0.89914644,1
0.13589014,0.8641098,1
0.13447383,0.8655262,1
0.2973902,0.70260984,0
0.24426274,0.75573725,0
0.23184645,0.76815355,0
0.79504025,0.20495975,0
0.7450641,0.25493592,0
0.76163405,0.23836593,0
0.71888983,0.2811102,0
0.71996254,0.28003752,0
0.6987473,0.3012527,0
0.41119596,0.588804,0
0.3665126,0.6334874,0
0.7545365,0.24546348,0
0.709471,0.29052907,0
0.94024813,0.059751827,0
0.6368704,0.36312962,1
0.93402374,0.06597633,0
0.9923941,0.007605858,0
0.9912493,0.0087506315,0
0.35385588,0.6461441,1
0.7896768,0.21032317,0
0.93300617,0.06699379,0
0.93629354,0.063706465,0
0.9428368,0.057163123,0
0.9035434,0.096456595,0
0.9911975,0.008802389,0
0.9925277,0.0074722767,0
0.3936035,0.6063965,1
0.9579288,0.04207128,0
0.79716593,0.20283408,1
0.96144295,0.038556997,0
0.93551564,0.06448429,1
0.24218418,0.7578159,1
0.72924,0.27075997,1
0.79387546,0.20612457,1
0.72334903,0.2766509,1
0.64445305,0.35554692,1
0.9245585,0.07544156,0
0.7143702,0.28562975,0
0.9874392,0.012560796,0
0.9917154,0.008284567,0
0.9935266,0.0064733936,0
0.7036689,0.29633108,1
0.6538398,0.34616017,1
0.69572026,0.30427977,1
0.7762561,0.2237439,1
0.7439142,0.2560858,1
0.29744172,0.7025583,1
0.9622562,0.037743803,0
0.9734095,0.026590604,0
0.98740876,0.0125912195,0
0.94528294,0.054717075,0
0.9447702,0.055229835,0
0.95412797,0.04587201,0
0.9516739,0.04832601,0
0.9608541,0.039145853,0
0.6069346,0.39306542,1
0.9430141,0.056985904,0
0.9490432,0.05095681,0
0.9502445,0.049755592,0
0.9418624,0.05813757,0
0.9287077,0.07129234,0
0.9281346,0.07186539,0
0.94321364,0.056786418,0
0.9711997,0.028800348,0
0.95670503,0.043294936,0
0.9494272,0.05057275,0
0.9376692,0.062330816,0
0.50955725,0.4904427,1
0.87870413,0.12129581,1
0.20681706,0.79318297,1
0.08672176,0.9132783,1
0.40105343,0.5989466,1
0.80479,0.19520997,0
0.95797557,0.04202445,0
0.94219446,0.05780556,0
0.2350173,0.76498276,1
0.081410415,0.9185896,1
0.14561638,0.8543836,1
0.14623268,0.85376734,1
0.14569491,0.8543051,1
0.06803111,0.93196887,1
0.9124393,0.08756076,0
0.7571372,0.24286285,0
0.6662064,0.33379358,0
0.15357335,0.84642667,0
0.099718645,0.9002813,1
0.06133322,0.9386668,1
0.18977681,0.8102232,0
0.23333403,0.766666,0
0.22035924,0.7796408,1
0.4018592,0.59814084,0
0.9743804,0.025619652,0
0.93104535,0.06895458,0
0.08775033,0.9122496,1
0.010136366,0.9898636,1
0.061044622,0.9389554,1
0.79239744,0.20760253,0
0.35056105,0.6494389,0
0.3446715,0.65532845,0
0.6092485,0.39075148,0
0.62094253,0.37905747,0
0.22479507,0.7752049,1
0.100243114,0.8997569,1
0.15415716,0.8458429,1
0.13509536,0.86490464,1
0.13386703,0.866133,1
0.878852,0.12114802,0
0.29088712,0.7091129,0
0.06623899,0.933761,1
0.16527739,0.8347226,1
0.53694534,0.4630547,0
0.5911332,0.4088668,0
0.3649462,0.63505375,0
0.34924063,0.65075934,0
0.34364146,0.65635854,0
0.33245763,0.6675424,0
0.34897164,0.6510284,1
0.65043557,0.34956443,0
0.72471386,0.2752861,0
0.57890004,0.42109993,0
0.86010206,0.13989794,0
0.40017718,0.5998228,1
0.2733744,0.7266256,1
0.360648,0.63935196,1
0.59908307,0.40091693,0
0.80045277,0.19954723,0
0.19573829,0.8042617,1
0.22608967,0.7739103,1
0.5819004,0.41809955,0
0.44256914,0.55743086,0
0.28684226,0.7131578,1
0.9122925,0.087707475,0
0.9036814,0.096318565,0
0.17005911,0.8299409,1
0.24599499,0.754005,1
0.30852968,0.6914704,1
0.91491723,0.085082784,0
0.94546264,0.05453737,0
0.5968107,0.40318927,1
0.9495869,0.050413042,0
0.95377886,0.04622111,0
0.9629795,0.03702047,0
0.80955654,0.19044341,1
0.28907567,0.71092427,1
0.8879134,0.112086646,0
0.9301645,0.06983549,0
0.95328665,0.046713322,0
0.938564,0.061436012,0
0.33278674,0.66721326,1
0.5565532,0.4434468,1
0.5600457,0.43995422,1
0.9823893,0.017610757,0
0.9862606,0.013739426,0
0.9899553,0.010044713,0
0.9955656,0.004434338,0
0.99621326,0.0037867487,0
0.9944553,0.0055447505,0
0.15359934,0.8464007,1
0.14549224,0.8545078,1
0.40310013,0.5968998,1
0.04550036,0.95449966,1
0.12965015,0.8703499,1
0.7472098,0.25279024,0
0.94483,0.055169974,0
0.8608169,0.13918315,0
0.23401564,0.76598436,1
0.96970963,0.030290373,0
0.84765744,0.15234257,0
0.9031611,0.09683892,0
0.6381672,0.36183277,0
0.857216,0.14278395,0
0.70203406,0.29796594,0
0.6993961,0.30060393,0
0.1830849,0.8169151,1
0.4533919,0.5466081,1
0.5066756,0.49332446,0
0.25952157,0.74047846,1
0.80443287,0.19556713,0
0.65351737,0.3464826,0
0.8674343,0.13256565,0
0.7002254,0.29977456,0
0.34082353,0.65917647,1
0.34115258,0.6588474,1
0.26036555,0.7396344,1
0.2890266,0.71097344,1
0.65275204,0.34724793,0
0.23329821,0.7667018,1
0.5866278,0.41337225,0
0.19949166,0.80050826,1
0.12260433,0.8773957,1
0.18735124,0.8126487,1
0.23981917,0.7601809,1
0.33220497,0.66779494,1
0.70079714,0.29920286,0
0.58907473,0.41092527,1
0.16742305,0.83257693,1
0.36419192,0.6358081,0
0.64165497,0.35834503,0
0.1338245,0.8661755,1
0.29601297,0.703987,0
0.46048656,0.53951347,0
0.19437407,0.8056259,1
0.32406655,0.67593354,0
0.3035346,0.6964654,0
0.12617545,0.87382454,1
0.8576916,0.14230838,0
0.26398835,0.7360117,0
0.40375635,0.5962437,0
0.4100135,0.5899865,0
0.43070406,0.5692959,0
0.4736464,0.5263536,0
0.52666116,0.4733389,0
0.54827064,0.4517293,0
0.96498024,0.03501973,0
0.94719875,0.0528013,0
0.92746514,0.072534785,0
0.74637705,0.25362298,0
0.21260095,0.78739905,1
0.34486994,0.65513,1
0.47381863,0.52618134,0
0.5056411,0.49435896,0
0.41551158,0.5844884,1
0.3832886,0.6167114,1
0.43155026,0.56844974,1
0.4749787,0.5250213,1
0.8951221,0.10487797,0
0.9244747,0.07552524,0
0.93862534,0.061374687,0
0.93564445,0.064355545,0
0.9589249,0.041075032,0
0.9269553,0.073044755,0
0.31133202,0.68866795,1
0.15927692,0.8407231,1
0.10952951,0.8904705,1
0.10251255,0.89748746,1
0.077844985,0.922155,1
0.063766144,0.9362339,1
0.0876188,0.91238123,1
0.13441953,0.8655805,1
0.9217758,0.07822412,0
0.19169465,0.8083054,1
0.9943297,0.005670249,0
0.908099,0.09190106,0
0.36257714,0.6374228,0
0.356043,0.643957,1
0.19267736,0.8073227,1
0.34546682,0.65453327,1
0.31602198,0.6839781,1
0.18223262,0.8177674,1
0.7368178,0.26318216,0
0.9855218,0.014478138,0
0.98857635,0.011423631,0
0.99557483,0.0044252025,0
0.99281704,0.0071829837,0
0.83442235,0.16557766,0
0.92662466,0.073375374,0
0.8225664,0.17743355,0
0.80321264,0.19678739,0
0.90752447,0.09247559,0
0.8269963,0.1730037,0
0.94109476,0.058905263,0
0.828507,0.17149295,1
0.857764,0.142236,1
0.8297388,0.17026113,1
0.9970818,0.0029181545,0
0.9970386,0.0029614402,0
0.99569607,0.004303963,0
0.9693843,0.0306157,0
0.9433598,0.056640193,0
0.90913147,0.09086855,0
0.9108328,0.089167185,0
0.91661215,0.083387814,0
0.9226088,0.07739119,0
0.9437567,0.05624333,0
0.95285136,0.04714867,0
0.9594775,0.04052247,1
0.99622345,0.0037765524,0
0.8399256,0.1600744,1
0.8109203,0.18907967,1
0.8863881,0.11361191,1
0.90091866,0.09908135,1
0.1309895,0.8690105,1
0.9204358,0.079564184,0
0.14110479,0.85889524,1
0.9351024,0.064897634,0
0.96100104,0.0389989,0
0.8926183,0.10738175,0
0.9174151,0.082584836,1
0.895666,0.104334,0
0.34518483,0.6548152,1
0.2541186,0.7458814,1
0.24521574,0.7547842,1
0.3442714,0.65572864,1
0.79624635,0.20375362,1
0.09217019,0.9078298,1
0.19537832,0.80462176,1
0.8836193,0.11638066,0
0.46570158,0.5342984,1
0.73976815,0.26023194,1
0.9595444,0.04045558,0
0.97997606,0.02002387,0
0.88454145,0.11545853,0
0.85468,0.14531998,0
0.3906261,0.60937387,1
0.3959296,0.6040704,1
0.38650018,0.6134999,1
0.9925262,0.0074737826,0
0.9943932,0.0056067496,0
0.99660933,0.0033907115,0
0.90729135,0.09270868,0
0.10749408,0.89250594,1
0.097439416,0.90256065,1
0.09299215,0.9070078,1
0.9090441,0.090955935,0
0.07578745,0.9242126,1
0.9115443,0.08845562,0
0.3872732,0.6127268,1
0.9398227,0.06017739,0
0.99036705,0.009632952,0
0.8208171,0.1791829,0
0.90970635,0.09029368,0
0.8332682,0.16673173,0
0.81172436,0.18827559,0
0.16407768,0.83592236,1
0.1684364,0.8315636,1
0.8345349,0.16546507,0
0.98616713,0.0138327945,0
0.94972336,0.050276667,0
0.27546528,0.72453475,1
0.8318564,0.16814364,0
0.9177387,0.08226133,0
0.93781376,0.062186245,0
0.9287038,0.071296185,0
0.9610917,0.038908385,0
0.45068106,0.5493189,1
0.8177896,0.18221037,1
0.9852512,0.014748791,0
0.9943974,0.0056026466,0
0.8245982,0.17540182,1
0.9324822,0.06751779,0
0.12630898,0.873691,1
0.37033537,0.62966466,1
0.16640888,0.83359116,1
0.87568134,0.12431864,0
0.9555719,0.04442815,0
0.99326223,0.006737729,0
0.89399606,0.106004,0
0.8171914,0.18280862,0
0.88254327,0.11745674,0
0.8941678,0.10583219,0
0.9462063,0.05379367,0
0.89296633,0.107033655,0
0.9191036,0.08089639,0
0.96870774,0.031292208,0
0.8058056,0.19419436,1
0.94745916,0.052540887,0
0.8113412,0.18865874,1
0.54257107,0.45742893,1
0.09655197,0.90344805,1
0.3230767,0.6769233,1
0.26225424,0.73774576,1
0.09453328,0.90546674,1
0.4342458,0.56575423,1
0.8311564,0.16884364,0
0.98757917,0.012420867,0
0.6845528,0.3154472,0
0.52983415,0.47016588,0
0.25223547,0.7477645,1
0.25594732,0.74405265,1
0.9510797,0.048920263,0
0.95869476,0.04130518,0
0.95926213,0.040737875,0
0.9885195,0.011480561,0
0.9960842,0.0039157197,0
0.9977221,0.002277905,0
0.9959098,0.0040901843,0
0.95403975,0.04596025,0
0.9507748,0.04922519,0
0.9400292,0.059970766,0
0.90978265,0.090217374,0
0.37369975,0.6263003,1
0.35773075,0.64226925,1
0.40197638,0.59802365,1
0.22023585,0.7797642,1
0.095349364,0.9046506,1
0.09218698,0.907813,1
0.10541177,0.8945882,1
0.41532385,0.58467615,1
0.1260757,0.8739243,1
0.9650695,0.03493047,0
0.8283319,0.17166808,0
0.82983935,0.17016059,0
0.856498,0.14350206,0
0.90722835,0.09277163,0
0.41158572,0.58841425,1
0.44173253,0.5582674,1
0.7809748,0.2190252,0
0.9369175,0.06308253,0
0.8853896,0.11461033,0
0.9501963,0.04980363,0
0.95705706,0.04294294,1
0.98776245,0.012237516,0
0.74196965,0.25803033,1
0.75343066,0.24656935,1
0.80179924,0.19820076,1
0.80968446,0.1903155,1
0.8143662,0.18563382,1
0.8203132,0.17968678,1
0.8208046,0.17919537,1
0.9476232,0.05237682,0
0.855421,0.14457904,1
0.83386874,0.16613129,1
0.84784234,0.15215766,1
0.89252913,0.107470855,0
0.71377015,0.2862298,1
0.9246647,0.07533535,0
0.8550407,0.14495923,1
0.94757164,0.052428406,0
0.9596996,0.040300414,0
0.9487694,0.051230624,0
0.7678938,0.23210615,1
0.77264327,0.22735669,1
0.80255085,0.19744918,1
0.8069163,0.19308367,1
0.50165516,0.4983449,1
0.44098073,0.55901927,1
0.77105826,0.2289418,0
0.74684536,0.2531547,1
0.9570027,0.042997364,1
0.9150765,0.08492345,1
0.90191656,0.098083414,1
0.28188798,0.718112,1
0.33133882,0.6686612,1
0.3432604,0.6567396,1
0.27560863,0.72439134,1
0.41861543,0.5813846,1
0.98914135,0.0108587025,0
0.983133,0.016867008,0
0.98713243,0.012867587,0
0.9960264,0.003973642,0
0.22757138,0.77242863,1
0.16958067,0.83041936,1
0.31962532,0.68037474,1
0.32680336,0.6731967,1
0.46798992,0.5320101,1
0.9496525,0.050347526,0
0.9975789,0.0024211386,0
0.99713874,0.0028613135,0
0.3941129,0.6058871,1
0.8307071,0.16929288,0
0.8779388,0.12206113,0
0.4376581,0.56234187,1
0.917289,0.08271102,0
0.9848225,0.015177441,0
0.94346184,0.05653819,0
0.4549656,0.5450344,1
0.87926257,0.12073744,1
0.92955375,0.07044629,1
0.18674766,0.8132524,1
0.18963264,0.8103673,1
0.21904314,0.7809568,1
0.35780716,0.64219284,1
0.35667524,0.6433248,1
0.3451807,0.65481925,1
0.7304602,0.2695398,0
0.7592474,0.2407526,0
0.7735171,0.22648288,0
0.9552783,0.044721738,0
0.7708735,0.22912653,0
0.8214325,0.17856756,0
0.95105624,0.04894376,0
0.70061046,0.29938957,1
0.34791875,0.65208125,1
0.36029333,0.6397067,1
0.34757626,0.65242374,1
0.7176039,0.2823961,1
0.3587301,0.6412699,1
0.8012428,0.19875713,1
0.8714374,0.12856264,0
0.8265143,0.17348571,1
0.87347496,0.12652501,0
0.94813013,0.051869847,1
0.8357761,0.16422388,0
0.9410908,0.0589092,0
0.20602143,0.79397863,1
0.18936405,0.810636,1
0.18750095,0.81249905,1
0.19670261,0.8032974,1
0.20775819,0.7922418,1
0.7476589,0.2523411,0
0.89103454,0.108965464,0
0.9750329,0.0249671,0
0.3924161,0.6075839,1
0.36832148,0.6316785,1
0.4184074,0.5815926,1
0.39367434,0.6063256,1
0.46055862,0.5394413,1
0.5234934,0.47650662,1
0.852856,0.147144,0
0.8475015,0.15249853,0
0.8076384,0.1923616,0
0.7551204,0.2448797,0
0.60064507,0.399355,0
0.42463434,0.5753657,1
0.43848503,0.561515,1
0.4393273,0.5606727,1
0.9813633,0.018636744,0
0.9888849,0.011115072,0
0.9942755,0.005724484,0
0.31144425,0.6885557,1
0.32669112,0.67330885,1
0.75400156,0.24599844,0
0.82771456,0.17228548,0
0.10403427,0.8959657,1
0.24409011,0.7559099,1
0.39579993,0.6042001,1
0.4417424,0.55825764,1
0.8562739,0.14372607,0
0.8581237,0.14187627,0
0.9884409,0.011559142,0
0.9929167,0.0070832768,0
0.95820516,0.041794796,0
0.91684014,0.08315982,1
0.25843582,0.74156415,1
0.16318306,0.83681697,1
0.055089153,0.9449109,1
0.09153388,0.9084661,1
0.09005745,0.9099425,1
0.08531635,0.9146837,1
0.12151819,0.8784818,1
0.4338435,0.56615657,0
0.98201305,0.017986935,0
0.9939289,0.0060711373,0
0.36832574,0.6316743,0
0.35758188,0.6424181,0
0.19181775,0.8081822,1
0.13863617,0.8613638,1
0.18154894,0.8184511,1
0.18013887,0.8198612,1
0.17826965,0.8217304,1
0.18304364,0.81695634,1
0.4442411,0.5557589,0
0.46500286,0.53499717,0
0.47345817,0.5265419,0
0.47478884,0.5252111,0
0.42090163,0.57909834,0
0.83254683,0.16745313,0
0.99553055,0.004469524,0
0.26103204,0.738968,1
0.93383133,0.06616869,0
0.78022146,0.21977851,0
0.21716213,0.78283787,1
0.2214369,0.7785631,1
0.43285307,0.56714684,1
0.94737345,0.052626535,0
0.8526213,0.14737867,0
0.88435113,0.11564887,0
0.8950438,0.10495619,0
0.1020267,0.8979733,1
0.8091018,0.19089821,0
0.93009496,0.06990513,0
0.5115807,0.48841923,1
0.9567653,0.04323477,0
0.8766103,0.12338968,0
0.39069575,0.6093042,1
0.09351281,0.90648717,1
0.1489599,0.8510401,1
0.250972,0.7490279,1
0.35780138,0.6421986,0
0.36228496,0.6377151,0
0.51491326,0.4850868,0
0.9318582,0.06814184,0
0.8576481,0.14235185,0
0.768057,0.23194295,0
0.23970412,0.7602959,0
0.15373504,0.84626496,1
0.13541992,0.8645801,1
0.12946147,0.8705385,1
0.11803022,0.8819698,1
0.14378023,0.8562198,1
0.28185898,0.718141,0
0.32538787,0.6746121,1
0.31976292,0.6802371,1
0.24984343,0.7501566,1
0.11383995,0.88616,1
0.2263064,0.7736936,1
0.28997493,0.7100251,1
0.17526585,0.82473415,1
0.15751901,0.84248096,1
0.15108868,0.84891135,1
0.8439374,0.15606262,0
0.076544635,0.9234554,1
0.07890543,0.92109454,1
0.11640066,0.8835994,1
0.09423276,0.9057673,1
0.29774767,0.7022523,0
0.8459381,0.15406191,0
0.61864567,0.38135424,0
0.12370118,0.87629884,1
0.11233523,0.8876648,1
0.75654113,0.24345885,0
0.122559205,0.8774408,1
0.1496993,0.85030067,1
0.11792493,0.8820751,1
0.9841913,0.015808653,0
0.20394942,0.79605055,1
0.35417286,0.6458271,1
0.79616284,0.2038372,0
0.8313419,0.1686581,0
0.6640918,0.33590817,0
0.7858928,0.21410717,0
0.78035724,0.21964268,0
0.9056941,0.094305806,0
0.7119552,0.28804475,1
0.8641762,0.13582373,1
0.18110916,0.8188908,1
0.14893626,0.85106367,1
0.15183659,0.84816337,1
0.7275462,0.27245373,0
0.86550254,0.1344975,0
0.74143714,0.25856286,0
0.76650006,0.23349993,0
0.99169767,0.008302357,0
0.21296456,0.78703547,1
0.87461865,0.12538141,0
0.10386667,0.8961333,1
0.12837434,0.87162566,1
0.15547566,0.8445243,1
0.1631557,0.83684427,1
0.8995118,0.10048821,0
0.6374437,0.3625562,0
0.3657631,0.6342369,1
0.3135859,0.68641406,1
0.41133556,0.5886645,1
0.9110179,0.088982165,0
0.2859513,0.71404874,0
0.2299055,0.7700945,1
0.16788669,0.8321134,1
0.23793966,0.76206034,1
0.37150174,0.62849826,0
0.43981585,0.5601841,0
0.18373577,0.8162642,1
0.11380978,0.8861903,1
0.094495855,0.9055041,1
0.5099425,0.49005756,0
0.24981783,0.7501822,1
0.14402401,0.85597605,1
0.46973988,0.53026015,0
0.16135904,0.8386409,1
0.7117707,0.2882293,0
0.860389,0.13961093,0
0.8575577,0.14244233,0
0.15994957,0.84005046,0
0.17392969,0.82607037,0
0.3297449,0.6702551,0
0.23293868,0.76706135,1
0.9805058,0.0194942,0
0.9946015,0.0053985906,0
0.9957782,0.0042217635,0
0.25145626,0.74854374,1
0.24221593,0.7577841,1
0.9470888,0.05291124,0
0.18046053,0.8195395,1
0.9941729,0.0058271433,0
0.16803391,0.83196604,1
0.12269914,0.87730086,1
0.10878093,0.89121914,1
0.13214163,0.86785835,1
0.23479183,0.7652081,1
0.82272315,0.1772768,0
0.26747543,0.7325246,1
0.955534,0.044466045,0
0.9473051,0.052694928,0
0.9450784,0.054921646,0
0.5007068,0.49929318,1
0.99056596,0.009433999,0
0.6982679,0.30173218,0
0.62180173,0.37819824,0
0.29032388,0.7096761,1
0.65239286,0.3476071,0
0.2814045,0.7185955,1
0.26277414,0.73722583,1
0.37913582,0.6208642,1
0.8738957,0.12610428,0
0.8173616,0.18263845,0
0.97875494,0.021245023,0
0.7061084,0.2938916,0
0.31295916,0.68704087,1
0.21165785,0.7883422,1
0.20998177,0.79001826,1
0.2178197,0.78218025,1
0.20809262,0.79190737,1
0.35088423,0.6491158,1
0.36705425,0.6329457,1
0.40254927,0.5974507,1
0.9857759,0.014224145,0
0.09566485,0.90433514,1
0.07345822,0.92654175,1
0.08079222,0.91920775,1
0.062881604,0.9371184,1
0.93920475,0.060795218,0
0.89149505,0.10850497,0
0.9832676,0.016732398,0
0.3871539,0.6128461,0
0.444252,0.5557479,0
0.4449353,0.55506474,1
0.09691017,0.9030898,1
0.44892737,0.55107266,1
0.7781826,0.22181736,0
0.45077538,0.5492246,1
0.94707686,0.052923176,0
0.8273776,0.17262235,0
0.9666118,0.03338825,0
0.9922593,0.00774066,0
0.7130127,0.2869873,1
0.5741066,0.42589334,1
0.3551357,0.64486426,1
0.110160224,0.8898398,1
0.14719439,0.8528056,1
0.14403537,0.8559646,1
0.13294455,0.8670555,1
0.22238146,0.7776185,1
0.900408,0.09959202,0
0.22773793,0.7722621,1
0.23032786,0.7696722,1
0.46127072,0.53872925,0
0.8552407,0.14475927,0
0.4159493,0.5840507,0
0.99133927,0.0086606685,0
0.9920941,0.0079059005,0
0.9717177,0.02828221,0
0.15307607,0.84692395,1
0.7713446,0.22865537,0
0.11878577,0.88121426,1
0.18204883,0.8179512,1
0.10347547,0.89652455,1
0.10142779,0.8985722,1
0.12204533,0.8779547,1
0.83205813,0.16794184,0
0.77321213,0.22678785,0
0.12010916,0.8798908,1
0.08805808,0.9119419,1
0.114512436,0.88548756,0
0.1800322,0.81996787,0
0.37153518,0.6284648,0
0.9354775,0.06452251,0
0.8354637,0.16453625,0
0.93289775,0.067102246,0
0.2780336,0.7219664,1
0.24260226,0.7573978,1
0.98029923,0.019700712,0
0.9916294,0.008370536,0
0.92983824,0.07016184,0
0.16451068,0.8354893,1
0.24447016,0.7555298,1
0.29844654,0.70155346,1
0.66594636,0.33405367,0
0.7853121,0.21468791,0
0.34779143,0.65220857,1
0.46513507,0.5348649,1
0.9437575,0.056242563,0
0.9785597,0.021440256,0
0.94137704,0.058622923,0
0.87153,0.12846999,0
0.9181684,0.08183159,0
0.9320663,0.0679337,0
0.9952893,0.0047106813,0
0.8769467,0.12305336,0
0.86412835,0.13587166,0
0.9064109,0.0935891,0
0.94168437,0.05831567,0
0.9267515,0.07324851,0
0.8552,0.14480004,1
0.95729077,0.04270925,0
0.4807247,0.5192753,1
0.9658094,0.034190565,0
0.9505813,0.049418706,1
0.86300224,0.1369978,1
0.38362658,0.6163734,1
0.74776196,0.25223807,0
0.88370895,0.11629109,0
0.7764548,0.22354516,0
0.39569452,0.6043055,1
0.7931426,0.20685738,0
0.82173955,0.17826052,0
0.49996912,0.50003093,1
0.8968485,0.10315149,0
0.84980744,0.15019256,1
0.9163349,0.08366505,0
0.9298479,0.07015211,0
0.19493698,0.80506307,1
0.17535336,0.8246466,1
0.10415594,0.8958441,1
0.18626066,0.81373936,1
0.8705607,0.12943935,0
0.15279794,0.8472021,1
0.8403253,0.15967473,0
0.08978038,0.91021967,1
0.118232496,0.8817675,1
0.13155848,0.86844146,1
0.17295775,0.8270422,0
0.98855376,0.011446243,0
0.957706,0.042293966,0
0.9350145,0.06498552,0
0.12947948,0.8705205,1
0.12072833,0.8792717,1
0.119560994,0.880439,1
0.0889173,0.9110827,1
0.08769731,0.91230273,1
0.8385647,0.16143534,0
0.94138706,0.058612887,0
0.6614377,0.33856237,0
0.21821435,0.78178567,0
0.32068932,0.6793107,0
0.32295766,0.6770423,0
0.29818794,0.7018121,0
0.6769469,0.3230531,0
0.38521412,0.61478585,0
0.66208744,0.3379126,0
0.98426974,0.015730249,0
0.99349254,0.006507435,0
0.9878076,0.01219241,0
0.118625686,0.88137436,1
0.10246987,0.8975301,1
0.10388278,0.8961172,1
0.10000776,0.8999922,1
0.100535884,0.8994641,1
0.1750063,0.8249937,1
0.35041264,0.6495873,0
0.9867547,0.013245263,0
0.99597836,0.0040216492,0
0.73959124,0.26040876,0
0.53712,0.46288,0
0.073986635,0.9260134,1
0.062431104,0.9375689,1
0.06799695,0.932003,1
0.06760804,0.93239194,1
0.065354235,0.9346457,1
0.058458213,0.9415418,1
0.079679854,0.92032015,1
0.08616167,0.9138383,1
0.30525538,0.69474465,0
0.5932888,0.40671122,0
0.7448826,0.25511736,0
0.11317887,0.88682115,1
0.094036944,0.90596306,1
0.09522372,0.9047763,1
0.31562012,0.6843798,0
0.3184005,0.68159944,0
0.9648538,0.035146195,0
0.48960987,0.51039016,0
0.44355723,0.5564428,0
0.91935503,0.080644995,0
0.28312793,0.7168721,1
0.27164826,0.7283517,1
0.121372364,0.87862766,1
0.26815546,0.7318445,1
0.26877424,0.7312257,1
0.94494665,0.05505337,0
0.34901458,0.65098536,1
0.8649512,0.13504878,0
0.96656287,0.03343708,0
0.9849112,0.015088834,0
0.3838807,0.6161193,1
0.2875523,0.7124477,1
0.38133493,0.61866516,1
0.34377566,0.65622437,1
0.31519738,0.6848026,1
0.92474604,0.07525391,0
0.68190926,0.3180907,1
0.1331721,0.86682796,1
0.16346864,0.8365313,1
0.14426592,0.85573405,1
0.25235072,0.7476493,1
0.23542577,0.7645742,1
0.77924925,0.22075075,0
0.68837315,0.31162685,0
0.46176785,0.53823215,0
0.21185687,0.78814316,1
0.09890774,0.9010923,1
0.09362333,0.9063767,1
0.24781342,0.75218666,0
0.28272623,0.7172738,0
0.30015287,0.69984716,0
0.30391055,0.6960895,0
0.30797264,0.69202733,0
0.3289912,0.67100877,0
0.67232513,0.3276749,0
0.99317133,0.0068287267,0
0.7540909,0.24590912,0
0.2652492,0.73475087,1
0.24157088,0.7584291,1
0.27463397,0.72536606,1
0.9237239,0.076276116,0
0.6746022,0.32539788,0
0.30003452,0.69996554,1
0.39623863,0.6037614,1
0.39805746,0.60194254,1
0.9843187,0.015681332,0
0.7068012,0.29319885,0
0.19387823,0.80612177,1
0.14322151,0.85677844,1
0.05931466,0.9406854,1
0.7821234,0.21787667,0
0.8227438,0.17725624,0
0.40501738,0.5949826,1
0.9430481,0.056951858,0
0.9597519,0.04024813,0
0.9850722,0.014927797,0
0.73688984,0.26311016,1
0.5251127,0.47488728,1
0.064502776,0.93549716,1
0.10190732,0.8980927,1
0.44606632,0.5539337,0
0.95494723,0.045052707,0
0.4850545,0.5149455,0
0.16325694,0.836743,1
0.57983047,0.42016953,0
0.92443335,0.07556667,0
0.98796564,0.0120343175,0
0.4637244,0.5362756,0
0.364979,0.635021,0
0.2985412,0.70145875,1
0.3377894,0.6622106,1
0.18149468,0.8185053,1
0.94477266,0.055227347,0
0.86405903,0.13594104,0
0.8654201,0.13457988,0
0.8558308,0.1441692,0
0.7116134,0.28838658,0
0.9820494,0.017950645,0
0.36570117,0.6342988,1
0.53125036,0.4687496,1
0.8398671,0.16013291,0
0.5566589,0.44334114,1
0.5531362,0.44686377,1
0.34033635,0.65966356,1
0.3296827,0.6703173,1
0.3115942,0.6884058,1
0.6574536,0.34254643,0
0.38442484,0.6155752,1
0.9043723,0.095627725,0
0.9136731,0.0863269,0
0.88902926,0.11097078,0
0.7009152,0.2990848,1
0.68859786,0.31140214,0
0.55221635,0.44778362,1
0.33734336,0.66265666,1
0.33255747,0.66744256,1
0.13888253,0.8611175,1
0.92722857,0.07277144,0
0.7066418,0.2933583,1
0.50143766,0.49856237,1
0.24804617,0.75195384,1
0.27269414,0.7273058,1
0.2955502,0.70444983,1
0.30769637,0.69230366,1
0.332238,0.667762,1
0.31295875,0.6870413,1
0.9919486,0.008051328,0
0.44719878,0.5528012,1
0.1590762,0.84092385,1
0.18359594,0.81640404,1
0.2168803,0.7831197,1
0.17988195,0.82011807,1
0.17862104,0.821379,1
0.3369954,0.6630046,1
0.08458405,0.91541594,1
0.12415612,0.87584394,1
0.11974999,0.88025,1
0.039794914,0.9602051,1
0.06170573,0.9382943,1
0.3359576,0.6640425,0
0.35791674,0.6420833,0
0.10829836,0.89170164,1
0.9118901,0.08810997,0
0.97173,0.02827001,0
0.8062924,0.1937076,0
0.76217127,0.2378287,0
0.70511144,0.2948886,0
0.10544505,0.894555,1
0.085870616,0.9141294,1
0.119852565,0.88014746,1
0.14020291,0.8597971,1
0.9323681,0.067631915,0
0.5828344,0.4171656,0
0.72564375,0.27435625,0
0.09570828,0.90429175,1
0.099924706,0.90007526,1
0.09641135,0.90358865,1
0.11249775,0.8875022,1
0.893527,0.10647306,0
0.45482075,0.54517925,0
0.74298584,0.25701416,0
0.77682155,0.22317842,0
0.7765312,0.22346878,0
0.13754638,0.86245364,1
0.13805805,0.861942,1
0.11315568,0.88684434,1
0.38987064,0.61012936,0
0.43569776,0.56430215,0
0.8646908,0.13530922,0
0.16240323,0.8375968,1
0.16093397,0.839066,1
0.9772948,0.022705236,0
0.122258574,0.8777414,1
0.13464469,0.8653553,1
0.13815811,0.8618419,1
0.14989664,0.85010344,1
0.7922947,0.20770526,0
0.7314683,0.2685317,0
0.24605882,0.75394124,1
0.2078987,0.7921013,1
0.895575,0.104425006,0
0.9713685,0.028631564,0
0.9840295,0.0159705,0
0.73745847,0.26254156,0
0.68599313,0.31400692,0
0.23772544,0.76227456,1
0.22716714,0.7728328,1
0.14184359,0.85815644,1
0.18652791,0.8134721,1
0.18300946,0.81699055,1
0.18062429,0.8193757,1
0.3064198,0.69358015,1
0.31049553,0.6895045,1
0.6721238,0.32787627,0
0.3155813,0.6844187,1
0.68754745,0.31245255,0
0.9960627,0.003937297,0
0.97010964,0.029890314,0
0.96638393,0.033616077,0
0.34578717,0.65421283,1
0.2695888,0.73041123,1
0.17397851,0.82602143,1
0.18634377,0.81365615,1
0.28211132,0.71788865,1
0.32808572,0.6719143,1
0.3315649,0.66843504,1
0.7093806,0.2906194,0
0.97743666,0.02256325,0
0.42873,0.57127005,1
0.4616759,0.5383241,1
0.3592497,0.6407503,1
0.12702207,0.8729779,1
0.06926002,0.93074,1
0.056052968,0.943947,1
0.10635739,0.8936426,1
0.786584,0.21341594,0
0.7851985,0.21480148,0
0.80420965,0.1957903,0
0.49994865,0.5000514,0
0.16356748,0.8364326,1
0.9521456,0.047854446,0
0.98753566,0.012464264,0
0.7107135,0.28928643,1
0.64128476,0.35871527,0
0.6844449,0.31555513,0
0.15164693,0.848353,1
0.10475824,0.8952418,1
0.43023074,0.56976926,0
0.091694534,0.90830547,1
0.9353939,0.0646061,0
0.9028746,0.09712543,0
0.5809701,0.4190299,0
0.8025286,0.19747135,0
0.85371286,0.14628722,0
0.9568035,0.04319653,0
0.97364885,0.026351118,0
0.98164475,0.018355276,0
0.3651517,0.63484836,1
0.35868928,0.64131075,1
0.45681122,0.54318875,0
0.78994817,0.21005182,0
0.7960773,0.20392269,0
0.89522934,0.104770616,0
0.45048133,0.54951876,1
0.78034496,0.21965498,1
0.10673714,0.8932628,1
0.11529937,0.88470066,1
0.11044885,0.88955116,1
0.36622405,0.6337759,0
0.05710066,0.94289935,1
0.11851565,0.8814843,1
0.17831048,0.82168955,1
0.17140955,0.8285904,1
0.22891231,0.77108765,1
0.9833576,0.016642386,0
0.36578074,0.63421917,0
0.18161696,0.81838304,1
0.13831916,0.86168087,0
0.08392484,0.9160751,1
0.34466997,0.65533,0
0.1452125,0.8547875,1
0.38654506,0.61345494,0
0.8465007,0.15349925,0
0.50799423,0.49200577,0
0.9462019,0.053798027,0
0.27054632,0.7294537,1
0.7399211,0.260079,0
0.7701659,0.22983405,0
0.77353257,0.22646743,0
0.93890244,0.061097555,0
0.84542733,0.15457267,0
0.21840444,0.7815956,1
0.7911056,0.20889437,0
0.32677898,0.67322105,1
0.34783977,0.6521602,1
0.32452604,0.6754739,1
0.9642587,0.03574134,0
0.5228776,0.47712234,1
0.55003977,0.44996017,1
0.6144801,0.3855199,1
0.44585305,0.55414695,1
0.5755275,0.42447257,1
0.03121156,0.9687884,1
0.059897985,0.940102,1
0.93025666,0.06974337,0
0.7967134,0.20328657,0
0.09952281,0.90047723,1
0.43834248,0.56165755,0
0.6542378,0.34576222,0
0.77326035,0.22673967,0
0.5831514,0.41684866,0
0.17218435,0.82781565,1
0.5701151,0.42988497,0
0.8607691,0.13923094,0
0.73282665,0.26717338,0
0.43573114,0.5642688,1
0.6016571,0.39834294,0
0.38813445,0.6118655,1
0.71298623,0.28701374,0
0.92639554,0.073604465,0
0.92820346,0.07179658,0
0.36428875,0.63571125,1
0.20619215,0.79380786,1
0.7040252,0.29597485,1
0.28032032,0.7196797,1
0.19341777,0.8065822,1
0.37566826,0.6243318,1
0.6362417,0.36375833,0
0.5771682,0.42283177,0
0.37163,0.6283699,1
0.6130218,0.3869782,0
0.8383062,0.16169387,0
0.87285256,0.12714744,0
0.14702721,0.8529728,1
0.31369194,0.6863081,1
0.61814636,0.38185364,1
0.9858462,0.014153778,0
0.8195315,0.18046853,0
0.76442605,0.23557395,0
0.54779005,0.45220998,0
0.647965,0.35203505,0
0.7696245,0.23037551,0
0.8302047,0.16979524,0
0.8498417,0.15015835,0
0.8544827,0.14551733,0
0.84756607,0.1524339,0
0.9696455,0.030354453,0
0.33820876,0.66179127,1
0.29977414,0.7002259,1
0.7340107,0.26598936,0
0.27120623,0.7287938,1
0.22556835,0.77443165,1
0.16555429,0.8344458,1
0.29013005,0.70987,1
0.3589478,0.6410522,1
0.9829075,0.01709256,0
0.93882114,0.0611789,0
0.26649252,0.7335076,1
0.39658332,0.6034167,0
0.1910174,0.80898255,1
0.23708697,0.76291305,1
0.18871023,0.8112898,1
0.26803762,0.7319624,1
0.2750332,0.72496676,1
0.27001408,0.7299859,1
0.47602224,0.52397776,1
0.9906247,0.009375344,0
0.99478394,0.0052161263,0
0.9690617,0.030938309,0
0.8974167,0.10258335,0
0.7716647,0.22833534,0
0.8285513,0.17144872,0
0.9199785,0.08002148,0
0.9368078,0.0631922,0
0.9393635,0.060636476,0
0.9675033,0.032496635,0
0.99777114,0.0022288435,0
0.99132186,0.008678127,0
0.98894995,0.0110499915,0
0.84205824,0.15794176,1
0.6329242,0.3670758,1
0.09497989,0.9050201,1
0.07690741,0.92309266,1
0.10338561,0.89661443,1
0.8905766,0.10942344,0
0.9553483,0.04465163,0
0.94382244,0.05617752,0
0.82550514,0.1744949,1
0.8971248,0.10287511,1
0.9951141,0.004885827,0
0.7764673,0.22353266,1
0.30671465,0.69328535,1
0.3514339,0.64856607,1
0.30554602,0.69445395,1
0.50367224,0.4963278,0
0.5794385,0.42056143,0
0.96518075,0.034819275,0
0.99215335,0.007846587,0
0.99322754,0.0067724185,0
0.9427466,0.057253383,0
0.9820847,0.017915348,0
0.979214,0.020786034,0
0.519334,0.48066595,1
0.8682724,0.13172756,0
0.8551037,0.14489639,0
0.8693067,0.13069324,0
0.8626622,0.13733785,0
0.40374884,0.5962512,1
0.7651351,0.2348649,0
0.99086297,0.00913701,0
0.9977174,0.002282673,0
0.99674904,0.0032510126,0
0.9640683,0.03593165,0
0.9596971,0.040302906,0
0.86018425,0.13981579,0
0.6743784,0.3256216,1
0.7889799,0.21102008,1
0.7479419,0.25205818,1
0.8164429,0.18355703,0
0.7736435,0.22635648,1
0.80208504,0.19791494,1
0.4845591,0.515441,1
0.99493355,0.005066501,0
0.80611134,0.19388872,0
0.6664611,0.3335389,0
0.2974783,0.7025217,1
0.7118812,0.2881188,0
0.7175548,0.28244522,0
0.9830011,0.016998954,0
0.9547989,0.045201123,0
0.5509173,0.44908267,1
0.18184146,0.8181585,1
0.6987096,0.30129048,0
0.70126665,0.29873335,0
0.70542073,0.29457924,0
0.69265354,0.30734643,0
0.7270927,0.27290732,0
0.7417738,0.2582262,0
0.9934789,0.006521125,0
0.9982809,0.001719162,0
0.987735,0.012264977,0
0.8153083,0.18469171,1
0.6383624,0.36163762,1
0.26525643,0.7347436,1
0.88155353,0.11844648,0
0.75954515,0.24045481,1
0.8850336,0.11496636,0
0.8934511,0.106548935,0
0.9767123,0.023287727,0
0.8333736,0.16662635,1
0.9605097,0.039490297,0
0.8243204,0.17567965,0
0.38628832,0.6137117,1
0.3514363,0.6485637,1
0.91777873,0.082221225,0
0.8999011,0.100098915,0
0.1866314,0.8133686,1
0.46335194,0.5366481,1
0.96786666,0.03213333,0
0.9624576,0.037542455,0
0.9381109,0.06188919,0
0.83927834,0.16072163,0
0.93728226,0.06271769,0
0.9852742,0.01472579,0
0.932827,0.06717299,0
0.87730265,0.12269738,0
0.8422617,0.15773834,0
0.7295354,0.2704646,1
0.743503,0.25649706,1
0.7525905,0.24740955,1
0.75786585,0.24213414,1
0.820099,0.17990099,1
0.96499455,0.035005443,0
0.95437264,0.04562733,0
0.92557013,0.074429825,0
0.29427654,0.7057235,1
0.2918394,0.70816064,1
0.29519853,0.7048015,1
0.15881594,0.8411841,1
0.21188153,0.7881184,1
0.17256057,0.8274394,1
0.32806292,0.6719371,1
0.27920383,0.7207961,1
0.65617657,0.3438234,1
0.5839633,0.41603673,0
0.21344559,0.78655446,1
0.18563518,0.8143648,1
0.24084671,0.75915337,1
0.15800984,0.8419901,1
0.11955841,0.8804416,1
0.18665937,0.8133406,1
0.18747202,0.812528,1
0.14927574,0.85072434,1
0.2542346,0.7457654,1
0.16028875,0.83971125,1
0.16330317,0.83669686,1
0.9357983,0.06420172,0
0.95642495,0.043575086,0
0.84199005,0.15800996,0
0.0685342,0.9314658,1
0.058406495,0.9415935,1
0.05560552,0.9443945,1
0.0445502,0.95544976,1
0.026782466,0.97321755,1
0.033601124,0.9663989,1
0.11604319,0.88395685,1
0.019070068,0.98093,1
0.14736459,0.85263544,0
0.15260418,0.8473958,0
0.6984058,0.30159414,0
0.911573,0.08842703,0
0.2597357,0.74026436,0
0.91978306,0.080216944,0
0.84656113,0.15343885,0
0.96423197,0.03576801,0
0.8084421,0.19155785,0
0.86457604,0.13542396,0
0.8603664,0.1396336,0
0.8155102,0.18448982,0
0.83920556,0.16079448,0
0.8315823,0.16841777,1
0.6134426,0.3865574,1
0.5799337,0.42006633,1
0.64548284,0.35451713,1
0.5259258,0.47407424,1
0.7404737,0.25952628,1
0.5713863,0.42861375,1
0.6871794,0.31282052,1
0.75329286,0.24670717,0
0.36496583,0.6350342,1
0.3482336,0.6517664,1
0.9476284,0.05237169,0
0.6553577,0.3446422,1
0.23490475,0.76509523,1
0.15522465,0.84477544,1
0.15612127,0.84387875,1
0.16194022,0.8380598,1
0.16556756,0.8344325,1
0.37391457,0.6260854,0
0.3315331,0.66846687,1
0.44996983,0.55003023,0
0.75327384,0.24672616,0
0.9390613,0.060938686,0
0.9444146,0.055585336,0
0.63346845,0.36653152,0
0.1840396,0.8159604,1
0.24043946,0.7595605,1
0.43728325,0.5627168,0
0.34489626,0.6551038,0
0.33494812,0.6650519,0
0.23317622,0.76682377,1
0.65008646,0.34991348,0
0.69000447,0.30999547,0
0.7003419,0.29965815,0
0.9846884,0.015311551,0
0.8693204,0.13067962,0
0.84014285,0.15985711,0
0.6400043,0.35999572,0
0.6227594,0.3772406,0
0.3869418,0.6130582,1
0.39839002,0.60160995,1
0.23790637,0.76209366,1
0.92667526,0.073324814,0
0.93750685,0.062493183,1
0.83420676,0.1657932,0
0.33436003,0.66564,0
0.37515342,0.6248466,0
0.09841812,0.9015819,1
0.50807583,0.49192426,0
0.6201389,0.37986115,1
0.2800061,0.7199939,1
0.31325603,0.686744,0
0.32273105,0.677269,0
0.12712538,0.8728746,1
0.29555568,0.7044443,1
0.35086977,0.6491303,1
0.4418468,0.5581533,1
0.16109495,0.8389051,1
0.15979104,0.840209,1
0.18007237,0.8199277,1
0.2013018,0.7986982,1
0.36220923,0.63779074,1
0.39393303,0.60606694,1
0.7273328,0.2726672,0
0.2915649,0.70843506,1
0.34578308,0.6542169,0
0.106107086,0.89389294,1
0.8810918,0.11890823,0
0.27448088,0.7255191,1
0.68892103,0.31107897,0
0.59102225,0.40897778,0
0.5322079,0.46779212,0
0.56284153,0.43715844,0
0.7943723,0.20562768,0
0.75483704,0.24516293,0
0.7111216,0.28887844,0
0.7004288,0.29957125,1
0.69877034,0.30122963,1
0.5961203,0.40387967,1
0.7640282,0.23597176,0
0.6959852,0.30401477,0
0.54258037,0.4574196,0
0.66910714,0.33089286,0
0.6644438,0.33555618,0
0.67204267,0.32795733,0
0.617932,0.3820679,0
0.39575833,0.6042417,1
0.6961773,0.30382264,1
0.66112524,0.33887473,1
0.7300507,0.26994935,0
0.2845151,0.71548486,1
0.16533406,0.83466595,1
0.27660963,0.72339034,1
0.27799866,0.72200125,0
0.30584252,0.6941574,1
0.35512173,0.64487827,0
0.8317929,0.16820711,0
0.41132474,0.58867526,0
0.3747063,0.6252937,0
0.21399875,0.78600127,1
0.14473075,0.85526925,1
0.19464137,0.8053587,1
0.18134436,0.81865567,1
0.1967671,0.8032329,1
0.6596262,0.3403738,0
0.06524962,0.9347504,1
0.06419931,0.9358007,1
0.047875635,0.95212436,1
0.046495456,0.95350456,1
0.03217401,0.96782607,1
0.05738578,0.94261426,1
0.065933414,0.93406653,1
0.06424025,0.9357597,1
0.07573777,0.9242623,1
0.09395894,0.906041,0
0.34426767,0.65573233,0
0.6382995,0.36170045,0
0.10276312,0.89723694,1
0.078022785,0.9219772,1
0.06708057,0.93291944,1
0.06412822,0.9358718,1
0.055768803,0.94423115,1
0.05877553,0.9412245,1
0.077325314,0.9226747,1
0.12619625,0.8738038,1
0.18831356,0.81168646,0
0.18722127,0.8127787,0
0.68069226,0.3193077,0
0.10363238,0.8963676,1
0.097074494,0.90292555,1
0.046243023,0.9537569,1
0.04124796,0.9587521,1
0.10547159,0.8945284,0
0.16378838,0.8362116,0
0.6677593,0.3322407,0
0.74532354,0.25467646,0
0.12566957,0.87433046,1
0.04784986,0.9521501,1
0.07124199,0.92875797,1
0.10604733,0.89395267,1
0.06929175,0.9307082,1
0.16756287,0.83243716,0
0.25871074,0.74128926,0
0.18806688,0.8119331,0
0.73684,0.26316005,0
0.73378,0.2662199,0
0.5700503,0.42994967,0
0.3503749,0.649625,0
0.20701545,0.7929846,0
0.43122208,0.56877786,0
0.6221263,0.37787366,0
0.6249975,0.37500253,0
0.6833459,0.31665406,0
0.36884353,0.63115644,0
0.35170555,0.64829445,0
0.33794835,0.66205156,1
0.69271284,0.30728713,0
0.90768766,0.092312366,0
0.81405216,0.18594788,0
0.49287966,0.5071203,1
0.24058859,0.7594114,1
0.24245839,0.7575416,1
0.25597242,0.74402755,1
0.23828533,0.76171464,1
0.21426506,0.7857349,1
0.65037316,0.3496268,0
0.54168266,0.45831734,0
0.67649585,0.32350415,0
0.9490665,0.05093355,0
0.9120541,0.087945886,0
0.90071565,0.099284306,0
0.26599646,0.73400354,1
0.20225629,0.79774374,1
0.18964414,0.8103559,1
0.24309357,0.75690645,1
0.27878082,0.7212191,1
0.25132623,0.74867374,1
0.38390684,0.6160931,0
0.634741,0.3652589,0
0.68615794,0.31384206,0
0.95752704,0.04247293,0
0.98335177,0.016648233,0
0.94516206,0.054838,1
0.9328197,0.0671803,1
0.1674838,0.8325162,1
0.19959217,0.8004078,1
0.47520164,0.5247983,1
0.2793561,0.72064394,1
0.28950292,0.7104971,1
0.344947,0.655053,1
0.684786,0.31521404,0
0.30363512,0.6963649,0
0.29619902,0.703801,0
0.08606894,0.9139311,1
0.51544523,0.48455474,0
0.8977837,0.10221635,0
0.9016087,0.09839132,0
0.9329625,0.06703752,0
0.86602175,0.13397828,0
0.9346554,0.06534462,0
0.11675539,0.88324463,1
0.105375804,0.8946242,1
0.12121616,0.8787839,1
0.22920318,0.77079684,1
0.4205908,0.57940924,0
0.40465602,0.59534395,0
0.3470996,0.6529004,0
0.7673865,0.23261352,0
0.90068656,0.09931349,0
0.9209801,0.07901991,0
0.5801749,0.4198251,0
0.25592437,0.7440756,1
0.15346508,0.84653497,1
0.14566574,0.85433424,1
0.16423246,0.83576757,1
0.18955976,0.8104402,0
0.849768,0.15023196,0
0.94010735,0.059892617,0
0.7248268,0.27517316,0
0.21673551,0.7832645,0
0.21632081,0.7836792,0
0.12898992,0.87101007,1
0.11293458,0.8870655,1
0.12314598,0.876854,1
0.14109258,0.85890746,1
0.17893904,0.82106096,1
0.1872311,0.8127689,1
0.33248222,0.6675178,0
0.70352507,0.29647493,0
0.58936554,0.41063443,0
0.13753663,0.8624633,1
0.14591245,0.85408753,1
0.14858869,0.8514113,1
0.15121993,0.8487801,1
0.4067081,0.5932919,0
0.89787316,0.10212688,0
0.93484634,0.065153666,0
0.90353495,0.09646507,0
0.65578544,0.34421456,0
0.8674906,0.13250944,0
0.40114507,0.59885496,0
0.6000744,0.39992565,0
0.35553324,0.6444668,0
0.66568035,0.33431962,0
0.6878626,0.31213742,0
0.59191865,0.40808138,1
0.05765541,0.94234455,1
0.05340136,0.9465987,1
0.045646895,0.9543531,1
0.040121987,0.95987797,1
0.16404076,0.83595926,1
0.13748354,0.86251646,1
0.2693702,0.7306298,1
0.9428432,0.05715679,0
0.7648603,0.23513974,0
0.6685324,0.33146757,0
0.53381985,0.46618015,0
0.0905892,0.9094108,1
0.08252623,0.9174738,1
0.08589927,0.9141007,1
0.07599912,0.9240009,1
0.074283145,0.9257168,1
0.08155779,0.9184422,1
0.90094936,0.09905067,0
0.8979708,0.10202914,0
0.937531,0.062468987,0
0.34257725,0.6574228,1
0.7537307,0.24626932,0
0.8867232,0.11327677,0
0.63983667,0.3601633,0
0.6005791,0.39942095,0
0.14150365,0.8584963,1
0.11985017,0.88014984,1
0.111561544,0.8884384,1
0.15209146,0.8479085,1
0.65685576,0.3431443,0
0.41917175,0.58082825,0
0.19324742,0.8067526,1
0.7970766,0.20292339,0
0.9336369,0.06636312,0
0.94077694,0.059223007,0
0.94478476,0.055215165,0
0.4526564,0.5473436,0
0.2059592,0.79404086,1
0.12119286,0.8788071,1
0.15206093,0.8479391,1
0.16133922,0.8386608,1
0.18301253,0.81698745,1
0.24093445,0.75906557,1
0.18240348,0.8175965,1
0.2839217,0.7160783,1
0.831467,0.168533,0
0.70478475,0.29521528,0
0.12885505,0.8711449,1
0.16363263,0.8363674,1
0.12714124,0.87285876,1
0.12555656,0.8744435,1
0.28171992,0.7182801,0
0.29214326,0.7078568,0
0.23983683,0.76016325,0
0.512008,0.48799202,0
0.80426836,0.19573164,0
0.942891,0.057108946,0
0.56691206,0.43308794,0
0.6004537,0.39954633,0
0.6226398,0.37736028,0
0.67149085,0.32850918,0
0.17203556,0.8279645,1
0.1330416,0.8669584,1
0.15960053,0.8403995,1
0.28840703,0.711593,1
0.35923737,0.6407626,1
0.88955605,0.110443935,0
0.62790865,0.37209132,0
0.20011619,0.79988384,1
0.08554325,0.9144567,1
0.11990646,0.8800935,1
0.11563649,0.88436353,1
0.11427854,0.8857215,1
0.09143522,0.9085648,1
0.8187765,0.18122354,0
0.20279254,0.7972074,0
0.12782414,0.8721758,0
0.08623027,0.9137697,0
0.053560395,0.94643956,1
0.048144367,0.95185566,1
0.03026145,0.96973854,1
0.025794225,0.97420573,1
0.029655509,0.97034454,1
0.032368723,0.9676312,0
0.21953374,0.7804663,0
0.37557158,0.6244284,0
0.90266603,0.09733402,0
0.8742191,0.12578088,0
0.6496372,0.35036278,0
0.16930753,0.8306924,0
0.124532185,0.8754678,1
0.311017,0.688983,0
0.7327563,0.2672437,0
0.46018285,0.53981715,1
0.31677172,0.68322825,1
0.23355637,0.76644367,1
0.13461961,0.8653804,1
0.19727404,0.8027259,1
0.88569015,0.11430986,0
0.8518668,0.14813326,0
0.6852203,0.3147797,0
0.87774014,0.12225991,0
0.9221066,0.07789335,0
0.9188649,0.08113509,0
0.29853648,0.70146346,1
0.18048902,0.819511,1
0.16553979,0.8344602,1
0.15894094,0.8410591,1
0.15860143,0.84139854,1
0.47184077,0.52815926,0
0.39688948,0.6031105,0
0.7442331,0.255767,0
0.21913704,0.780863,1
0.14896053,0.8510394,1
0.1594494,0.84055066,1
0.18732402,0.81267595,1
0.16627514,0.8337249,1
0.6011708,0.3988292,0
0.7198584,0.2801416,0
0.18297923,0.8170208,1
0.15263401,0.847366,1
0.19847007,0.80152994,1
0.21013328,0.7898667,1
0.30364704,0.69635296,1
0.343435,0.656565,1
0.34727144,0.65272856,1
0.91524154,0.08475841,0
0.31700552,0.6829945,1
0.17069662,0.8293034,1
0.1571432,0.84285676,1
0.19629465,0.80370533,1
0.19205987,0.8079401,1
0.6864137,0.3135863,0
0.93479735,0.06520257,0
0.051774304,0.94822574,1
0.040323883,0.95967615,1
0.037356403,0.96264356,1
0.0307869,0.96921307,1
0.050881516,0.9491185,1
0.09429571,0.9057043,1
0.53489804,0.465102,0
0.48332927,0.5166707,0
0.9392976,0.060702376,0
0.87703747,0.12296258,0
0.21898638,0.7810136,0
0.078817695,0.9211823,1
0.074840896,0.9251591,1
0.06677972,0.93322027,1
0.06873282,0.9312672,1
0.054776985,0.945223,1
0.050383765,0.94961625,1
0.31826845,0.6817316,0
0.92921495,0.070785016,0
0.95689386,0.04310616,0
0.86067516,0.13932483,0
0.8570079,0.14299211,0
0.8996377,0.10036231,0
0.44712886,0.5528711,0
0.13615644,0.86384356,1
0.11542458,0.88457537,1
0.12538332,0.8746167,1
0.15314828,0.8468517,1
0.15874037,0.84125954,1
0.62945616,0.37054384,0
0.7181962,0.28180373,0
0.4489016,0.5510984,0
0.84429467,0.15570533,0
0.88137186,0.11862816,0
0.97262716,0.02737278,0
0.9718046,0.0281954,0
0.84108,0.15892002,0
0.34439605,0.6556039,1
0.20805213,0.79194784,1
0.19622406,0.80377597,1
0.10850948,0.89149046,1
0.20757434,0.7924257,1
0.42912942,0.5708706,0
0.5157953,0.48420468,0
0.23703851,0.76296145,1
0.20224005,0.79775995,1
0.5983103,0.40168974,0
0.9639974,0.036002647,0
0.81612706,0.18387291,0
0.25404382,0.7459562,1
0.15489094,0.84510905,1
0.15387636,0.8461237,1
0.17080075,0.8291993,1
0.18059243,0.8194076,1
0.17966747,0.8203325,1
0.15240298,0.847597,1
0.23377474,0.7662253,0
0.6250733,0.3749267,0
0.4985512,0.5014488,0
0.84036773,0.15963225,0
0.7766797,0.22332034,0
0.98507094,0.0149290385,0
0.3165113,0.6834887,1
0.32491064,0.67508936,1
0.31372622,0.68627375,1
0.10877338,0.8912266,1
0.17442562,0.82557434,1
0.37949705,0.62050295,0
0.92438334,0.0756166,0
0.7781451,0.22185494,0
0.71935624,0.2806438,0
0.1900418,0.8099583,0
0.27211636,0.7278836,0
0.20584905,0.7941509,1
0.18724883,0.8127512,1
0.18192554,0.8180745,1
0.18097554,0.81902444,1
0.34012675,0.65987325,0
0.93499553,0.06500441,0
0.86598146,0.13401863,1
0.8645218,0.13547821,1
0.74129665,0.25870332,1
0.6661269,0.33387306,1
0.17370065,0.82629937,1
0.045786604,0.9542134,1
0.04078214,0.9592179,1
0.039391335,0.9606086,1
0.03737562,0.9626244,1
0.092482746,0.9075172,0
0.14439017,0.8556099,0
0.39313543,0.6068646,0
0.670604,0.32939598,0
0.16800453,0.8319955,0
0.24510658,0.7548934,0
0.11828186,0.8817181,0
0.12521425,0.8747858,0
0.16564906,0.83435094,0
0.8913248,0.10867525,0
0.7483249,0.2516752,0
0.6956178,0.30438223,0
0.5344648,0.46553522,0
0.79534405,0.20465598,0
0.27016214,0.7298379,1
0.122931816,0.87706816,1
0.1265757,0.8734243,1
0.11653829,0.8834618,1
0.122502916,0.8774971,1
0.11987427,0.88012576,1
0.09607008,0.90392995,1
0.091513835,0.9084862,1
0.30842447,0.6915755,0
0.6478257,0.35217425,0
0.49519658,0.5048034,0
0.45253325,0.5474668,0
0.47417545,0.52582455,0
0.87708044,0.12291959,0
0.6089349,0.3910651,0
0.2356441,0.7643559,1
0.2874788,0.7125212,0
0.2489061,0.7510939,1
0.82345074,0.17654921,0
0.38377187,0.6162281,1
0.7298879,0.27011213,1
0.47303203,0.52696794,1
0.24932158,0.7506785,1
0.13798739,0.86201257,1
0.39144456,0.60855544,1
0.7140812,0.28591874,0
0.83524483,0.1647551,0
0.8527926,0.14720735,0
0.87509596,0.12490397,0
0.85258025,0.1474197,0
0.98190194,0.018098047,0
0.97892284,0.0210772,0
0.94718504,0.052814938,0
0.72781414,0.27218592,0
0.43709633,0.5629037,1
0.29043025,0.70956975,1
0.7778394,0.22216056,0
0.97704166,0.022958357,0
0.979537,0.020462971,0
0.9656813,0.03431869,0
0.7100325,0.2899675,0
0.6722851,0.32771492,0
0.70936966,0.29063037,0
0.77641815,0.22358188,0
0.7769336,0.22306637,0
0.8100981,0.18990189,0
0.9573903,0.04260969,0
0.9724558,0.027544223,0
0.91760147,0.082398586,1
0.17168,0.82832,1
0.043826308,0.95617366,1
0.039070427,0.96092963,1
0.04534711,0.95465285,1
0.04160557,0.9583944,1
0.06595918,0.93404084,1
0.11117205,0.888828,1
0.11400307,0.8859969,1
0.8391887,0.16081133,0
0.9109675,0.0890325,0
0.20434235,0.79565763,1
0.13167058,0.8683294,1
0.10859134,0.8914086,1
0.06947846,0.93052155,1
0.13472408,0.8652759,1
0.90594524,0.09405476,0
0.6820018,0.3179982,0
0.30951762,0.6904824,1
0.32382473,0.67617524,1
0.33251223,0.66748774,1
0.3425425,0.6574575,1
0.8647788,0.13522117,0
0.7282257,0.27177426,0
0.97362953,0.026370456,0
0.40961567,0.5903843,1
0.40037972,0.5996203,1
0.6649324,0.33506757,0
0.49628156,0.5037185,1
0.82903713,0.1709629,0
0.4785562,0.5214438,1
0.9844141,0.015585849,0
0.6782749,0.32172504,1
0.13963516,0.86036485,1
0.14251451,0.8574855,1
0.14883187,0.8511681,1
0.1219055,0.8780945,1
0.2597659,0.7402341,1
0.3657424,0.6342577,1
0.46193895,0.5380611,1
0.95464927,0.045350745,0
0.9490008,0.050999224,0
0.4332476,0.5667524,1
0.39315784,0.60684216,1
0.37626573,0.62373424,1
0.4005593,0.59944063,1
0.82270956,0.17729045,0
0.82399404,0.17600597,0
0.98189235,0.018107602,0
0.98169965,0.018300368,0
0.97282004,0.027179882,0
0.29075348,0.7092465,1
0.7165194,0.28348055,0
0.8015767,0.1984233,0
0.8102344,0.1897656,0
0.80424446,0.19575556,0
0.8050512,0.1949488,0
0.782453,0.21754697,0
0.9742786,0.025721358,0
0.97720045,0.022799527,0
0.97762877,0.0223713,0
0.22694929,0.77305067,1
0.082807735,0.9171922,1
0.1104559,0.88954407,1
0.10812512,0.8918749,1
0.13834758,0.8616524,1
0.26411635,0.7358836,1
0.8809059,0.11909408,0
0.9055958,0.094404265,0
0.9345468,0.06545321,0
0.9543892,0.04561074,0
0.97178644,0.028213533,0
0.9738666,0.0261334,0
0.69994247,0.30005756,0
0.61787945,0.3821206,0
0.8161236,0.1838764,0
0.8698863,0.13011374,0
0.9393995,0.060600586,0
0.93441623,0.06558372,0
0.93348986,0.0665101,0
0.9344802,0.065519795,0
0.93580943,0.064190604,0
0.72464865,0.27535132,0
0.72484976,0.2751502,0
0.71356624,0.28643373,0
0.4415343,0.55846566,1
0.6948986,0.30510142,1
0.7369172,0.26308277,0
0.82645494,0.17354499,0
0.9728704,0.027129661,0
0.8945521,0.10544783,0
0.7927155,0.20728451,0
0.5705672,0.42943284,1
0.56664586,0.43335417,1
0.77663165,0.22336832,0
0.7601875,0.23981255,0
0.84217334,0.1578267,0
0.83859545,0.16140458,0
0.9481744,0.051825617,0
0.9792047,0.020795243,0
0.9838334,0.016166618,0
0.9763812,0.023618884,0
0.9751535,0.024846429,0
0.965488,0.034511972,0
0.74263287,0.2573671,1
0.6460914,0.35390857,1
0.79157555,0.20842442,0
0.62335837,0.37664163,1
0.736171,0.26382902,1
0.85973555,0.14026451,0
0.90148777,0.09851223,0
0.9805799,0.019420056,0
0.9846964,0.015303566,0
0.9282708,0.071729176,0
0.70887977,0.29112026,1
0.83806807,0.16193193,0
0.83735484,0.16264522,0
0.8293528,0.1706473,0
0.82822746,0.17177258,1
0.8235011,0.17649889,1
0.79547495,0.20452504,1
0.9678629,0.03213707,1
0.9341567,0.06584331,0
0.51913655,0.48086345,1
0.7054112,0.29458883,1
0.22751452,0.77248544,1
0.38481185,0.6151882,1
0.5415421,0.4584579,1
0.97498626,0.02501372,0
0.90038896,0.09961107,0
0.8664301,0.13356991,0
0.676308,0.32369205,0
0.26545495,0.7345451,1
0.35503522,0.64496475,0
0.34133145,0.6586686,0
0.4185521,0.58144796,0
0.40856192,0.591438,0
0.7793184,0.2206816,0
0.87454474,0.1254552,0
0.91927725,0.080722764,0
0.53344643,0.46655366,1
0.16340575,0.8365943,1
0.17073399,0.829266,1
0.16971977,0.8302802,1
0.9058969,0.0941031,0
0.93512094,0.06487906,0
0.843532,0.15646797,0
0.9017322,0.09826778,0
0.95703053,0.042969514,0
0.8861559,0.1138441,0
0.4861639,0.5138361,1
0.3876907,0.6123093,1
0.12056958,0.8794304,1
0.08072086,0.91927916,1
0.81387067,0.18612938,0
0.8903992,0.1096008,0
0.88924545,0.11075459,0
0.95265603,0.047343973,0
0.47774166,0.5222584,0
0.74882424,0.25117576,0
0.9779338,0.022066183,0
0.9700004,0.02999958,0
0.89322025,0.1067798,0
0.29674205,0.703258,1
0.048718262,0.9512817,1
0.059605263,0.94039476,1
0.12710318,0.8728968,1
0.7087724,0.29122755,0
0.8648373,0.1351627,0
0.77332443,0.22667561,0
0.7861724,0.21382761,0
0.80720115,0.19279884,0
0.8058328,0.19416726,0
0.76756084,0.23243918,0
0.98171014,0.018289922,0
0.9381225,0.06187751,0
0.78065234,0.21934767,0
0.7933995,0.20660052,0
0.8354761,0.16452383,0
0.83687145,0.16312854,0
0.35174665,0.6482533,1
0.831658,0.16834202,0
0.8340491,0.1659509,0
0.9720766,0.027923357,0
0.9786854,0.0213146,0
0.47390297,0.526097,1
0.7012049,0.29879513,0
0.66255754,0.3374424,1
0.42964408,0.57035583,1
0.7885019,0.21149804,0
0.81007767,0.1899223,0
0.8136531,0.1863469,0
0.9514079,0.04859214,0
0.61886483,0.3811352,0
0.60885924,0.39114073,0
0.6274713,0.37252867,0
0.6222753,0.37772465,0
0.54821223,0.4517877,0
0.5746379,0.42536205,0
0.60323566,0.3967644,0
0.17762417,0.8223759,1
0.9147119,0.085288115,0
0.8492024,0.1507976,1
0.8635192,0.13648082,0
0.8970762,0.10292383,0
0.77732617,0.22267383,0
0.7700222,0.22997776,0
0.4943717,0.5056283,1
0.63186365,0.36813632,1
0.7005268,0.2994732,0
0.77970505,0.220295,0
0.60139734,0.3986027,1
0.9146407,0.08535928,0
0.925656,0.07434397,0
0.8300365,0.1699635,0
0.9342047,0.06579533,0
0.96024567,0.03975432,0
0.33808324,0.66191673,1
0.5372445,0.4627554,1
0.6733175,0.32668254,0
0.6966338,0.3033662,0
0.89317435,0.10682562,0
0.8954375,0.10456247,0
0.95937663,0.040623326,0
0.6869339,0.3130661,1
0.6660762,0.33392382,1
0.6590364,0.34096357,1
0.6814664,0.31853363,1
0.6919024,0.3080976,1
0.58781326,0.41218677,1
0.85598415,0.14401582,0
0.85047066,0.14952931,0
0.8453147,0.15468527,0
0.9813461,0.01865395,0
0.9340933,0.06590673,0
0.9504503,0.04954971,0
0.9186566,0.08134336,0
0.8513487,0.14865123,0
0.843272,0.15672804,0
0.83604956,0.16395043,0
0.81200516,0.18799485,0
0.8023429,0.1976571,0
0.836683,0.16331698,1
0.7419275,0.25807253,1
0.97863424,0.021365773,0
0.9391516,0.060848434,0
0.80731785,0.19268218,1
0.83205444,0.16794562,1
0.8548662,0.1451338,0
0.8065283,0.19347173,1
0.81894994,0.18105005,0
0.8238517,0.17614827,1
0.82323104,0.17676897,1
0.8110295,0.18897046,0
0.8221509,0.17784907,1
0.80274177,0.1972582,1
0.98019195,0.019808013,0
0.7060746,0.29392537,1
0.61450654,0.38549346,1
0.8151333,0.18486673,0
0.83377194,0.16622801,0
0.8491766,0.1508234,0
0.8402058,0.15979415,0
0.820926,0.17907393,0
0.945184,0.05481597,0
0.9672211,0.03277888,1
0.9766332,0.02336687,0
0.8142191,0.18578085,1
0.8347739,0.16522613,1
0.8136836,0.18631639,1
0.79764354,0.20235643,1
0.86656773,0.13343224,1
0.74360645,0.25639355,1
0.9600397,0.03996036,0
0.7692172,0.23078282,0
0.41775066,0.58224934,1
0.7338279,0.26617214,0
0.9203242,0.07967579,0
0.90721923,0.09278081,0
0.9233038,0.07669625,0
0.8272371,0.17276287,0
0.96135986,0.038640156,1
0.18747032,0.81252974,1
0.47381595,0.526184,1
0.69811994,0.30188006,1
0.8196299,0.18037014,0
0.882208,0.11779196,0
0.79981786,0.20018217,0
0.85086966,0.14913036,0
0.9666832,0.033316825,0
0.94816315,0.051836792,0
0.7927129,0.20728704,0
0.79647964,0.20352034,0
0.7654783,0.23452169,0
0.5473927,0.45260727,1
0.6845712,0.3154288,1
0.6739925,0.32600752,1
0.771014,0.22898602,0
0.7860859,0.2139141,0
0.31031862,0.68968135,1
0.83567876,0.16432121,0
0.84104747,0.15895255,0
0.9816533,0.01834678,0
0.20050696,0.799493,1
0.5958197,0.40418032,1
0.6055511,0.3944488,1
0.6108906,0.3891094,1
0.71910024,0.28089976,1
0.8653665,0.13463342,0
0.9448331,0.055166945,0
0.96553195,0.03446806,0
0.8803244,0.119675554,0
0.8955767,0.10442331,0
0.8103055,0.18969457,0
0.7601515,0.23984848,0
0.74593794,0.254062,0
0.70200205,0.29799795,1
0.81548744,0.18451259,0
0.84300154,0.15699844,0
0.9668832,0.033116806,0
0.9726892,0.02731077,0
0.92557824,0.07442175,0
0.9185714,0.081428625,0
0.76220673,0.23779327,0
0.74143624,0.2585638,0
0.8117971,0.1882029,0
0.8063644,0.19363563,0
0.7940765,0.20592357,0
0.715309,0.28469098,1
0.716662,0.283338,1
0.7163634,0.28363657,1
0.72047704,0.2795229,1
0.73617643,0.26382354,1
0.96666783,0.0333322,0
0.9697001,0.03029989,0
0.88119483,0.118805185,0
0.17706148,0.8229385,1
0.03257193,0.96742815,1
0.10105272,0.89894736,1
0.8425249,0.15747516,0
0.76894736,0.23105271,0
0.808224,0.19177596,0
0.9086312,0.0913688,0
0.90915495,0.090845026,0
0.5896113,0.4103887,0
0.11950476,0.8804952,1
0.30993807,0.6900619,0
0.2884661,0.71153396,0
0.49310723,0.5068928,0
0.5375767,0.46242332,0
0.08284983,0.9171502,1
0.79874283,0.20125723,0
0.46954313,0.5304569,1
0.2347153,0.7652847,1
0.28512144,0.71487856,1
0.39606494,0.60393506,1
0.4714705,0.5285295,1
0.15098321,0.84901685,1
0.87968,0.12032004,0
0.63627934,0.3637207,1
0.704033,0.29596704,0
0.4020693,0.5979307,0
0.27299607,0.727004,1
0.23995166,0.76004833,1
0.14803346,0.8519665,1
0.14230496,0.857695,1
0.18760721,0.8123928,1
0.18420693,0.81579304,1
0.16799809,0.8320019,1
0.20408835,0.79591167,1
0.13923037,0.8607696,1
0.23530236,0.7646977,0
0.33228353,0.66771644,0
0.28387982,0.7161202,0
0.4976298,0.50237024,0
0.97029424,0.029705757,0
0.7771037,0.22289623,0
0.7298607,0.27013928,0
0.6732682,0.3267318,0
0.94113845,0.058861528,0
0.8571344,0.14286561,0
0.66155857,0.3384414,0
0.72490877,0.2750912,0
0.74030477,0.2596952,0
0.6837577,0.31624222,1
0.611688,0.38831198,1
0.96665746,0.03334259,0
0.96027994,0.039720066,0
0.9671832,0.032816876,0
0.9590952,0.04090481,0
0.94305724,0.05694281,0
0.65654075,0.34345925,0
0.61630017,0.38369986,1
0.5084078,0.4915923,1
0.7156507,0.2843493,0
0.66929835,0.33070165,1
0.7253655,0.27463442,0
0.702164,0.297836,0
0.5180651,0.4819349,1
0.64246106,0.3575389,1
0.7987039,0.20129615,0
0.92817396,0.071826085,1
0.9322985,0.06770156,1
0.91872966,0.08127033,1
0.35463372,0.6453663,1
0.052127693,0.9478723,1
0.07415172,0.9258483,1
0.083558716,0.9164413,1
0.078594334,0.9214057,1
0.07869073,0.92130923,1
0.0459086,0.95409137,1
0.047929876,0.9520701,1
0.7366213,0.26337865,0
0.4130126,0.5869874,1
0.8195141,0.18048586,0
0.85771984,0.14228016,0
0.9249361,0.075063914,0
0.8784274,0.12157265,0
0.48824075,0.5117592,0
0.07903428,0.92096573,1
0.6415313,0.35846868,0
0.92461586,0.075384125,0
0.84871626,0.15128376,0
0.91522425,0.08477576,0
0.59747726,0.40252274,1
0.5960393,0.40396068,1
0.43667758,0.5633224,1
0.522037,0.477963,0
0.36915073,0.63084936,1
0.60447484,0.39552513,1
0.88193816,0.11806178,0
0.54293185,0.45706818,1
0.45598066,0.5440194,1
0.61477584,0.38522416,0
0.5837356,0.4162645,0
0.7196863,0.28031367,0
0.8133296,0.18667038,0
0.8600224,0.13997754,0
0.93200344,0.06799656,0
0.94786894,0.052131027,0
0.9354145,0.0645855,0
0.74099195,0.25900814,0
0.65893275,0.3410672,0
0.69171923,0.3082808,0
0.77549887,0.2245011,0
0.80975765,0.19024235,0
0.81198364,0.1880164,0
0.7931314,0.20686868,0
0.11795426,0.88204575,1
0.29605842,0.7039415,1
0.84486187,0.15513815,0
0.8424623,0.15753762,0
0.79020244,0.20979755,0
0.79518586,0.2048142,0
0.7580325,0.24196753,0
0.7778644,0.22213559,0
0.93346536,0.06653467,0
0.9538565,0.046143517,0
0.9453878,0.054612253,0
0.8698885,0.13011146,0
0.63147956,0.36852044,0
0.76924306,0.23075691,0
0.7633224,0.23667754,0
0.7324256,0.26757437,0
0.73186976,0.2681302,0
0.4764774,0.52352256,1
0.6152965,0.38470352,1
0.73052245,0.26947755,1
0.72803473,0.27196524,1
0.9318947,0.06810528,0
0.9716294,0.02837066,0
0.78490883,0.21509121,1
0.6639217,0.33607838,1
0.15247013,0.8475298,1
0.38946536,0.61053467,0
0.848469,0.1515309,0
0.71053994,0.2894601,0
0.943189,0.056810938,0
0.95485896,0.045140963,0
0.78629076,0.21370925,0
0.22422466,0.7757754,1
0.5956857,0.40431425,0
0.6039575,0.39604256,0
0.9099645,0.090035506,0
0.8091499,0.19085003,0
0.51133114,0.48866892,1
0.09752654,0.90247345,1
0.8918366,0.108163394,0
0.9293977,0.070602305,0
0.725426,0.27457398,0
0.6588457,0.34115428,0
0.8014877,0.19851238,0
0.9521347,0.04786528,0
0.9566807,0.04331925,0
0.9014998,0.09850016,0
0.8929171,0.1070829,0
0.8358083,0.16419177,0
0.8270266,0.17297335,0
0.814758,0.185242,0
0.9123977,0.08760229,0
0.97329944,0.026700519,0
0.9537537,0.04624626,0
0.9442826,0.05571743,0
0.8702045,0.12979546,1
0.66080886,0.33919114,1
0.8994636,0.10053643,0
0.9002657,0.09973433,0
0.8038936,0.1961064,0
0.77284664,0.22715335,0
0.7711541,0.22884586,0
0.8297659,0.1702341,0
0.83544385,0.16455619,0
0.7262179,0.27378207,0
0.73627424,0.26372582,0
0.9421381,0.057861913,0
0.9573781,0.04262197,0
0.9554811,0.044518914,0
0.919672,0.08032798,0
0.86574674,0.1342533,0
0.82455134,0.17544864,0
0.8086096,0.19139044,0
0.747708,0.25229198,0
0.7869284,0.21307164,0
0.96704245,0.0329575,0
0.9687396,0.031260375,0
0.92933655,0.07066345,0
0.2991859,0.70081407,1
0.2973363,0.7026637,1
0.90380985,0.09619012,0
0.86598575,0.13401434,0
0.80523056,0.19476941,1
0.59466547,0.40533453,0
0.64470685,0.3552932,0
0.6443386,0.35566142,0
0.5547285,0.44527146,0
0.08694767,0.9130523,1
0.87397796,0.12602203,0
0.9318612,0.06813885,0
0.68432856,0.31567147,0
0.5814758,0.41852424,0
0.59433717,0.40566278,0
0.5858046,0.41419545,0
0.13837042,0.86162955,1
0.35706547,0.6429345,1
0.8468117,0.15318829,0
0.69048625,0.30951372,0
0.32411095,0.6758891,1
0.13462232,0.8653777,1
0.13206467,0.86793536,1
0.17941907,0.8205809,1
0.09824386,0.9017561,1
0.14334719,0.8566528,1
0.6825943,0.31740573,0
0.8534916,0.1465084,0
0.97021997,0.029780015,0
0.9606641,0.03933594,0
0.66716665,0.33283338,0
0.54039,0.45961002,0
0.481443,0.51855695,0
0.60463667,0.39536327,0
0.73765075,0.26234922,0
0.8359196,0.16408041,0
0.84173584,0.15826412,0
0.69872975,0.30127025,0
0.9573593,0.04264066,0
0.92484266,0.07515736,0
0.63204783,0.36795217,0
0.720048,0.279952,0
0.7184734,0.28152657,1
0.50072986,0.4992701,1
0.74753374,0.2524663,0
0.789327,0.21067296,0
0.5234747,0.47652522,1
0.5232402,0.47675982,1
0.7405456,0.2594544,1
0.776343,0.22365701,0
0.78029776,0.21970227,0
0.9701726,0.029827405,0
0.84160846,0.15839152,1
0.96135515,0.038644914,0
0.5963541,0.4036459,1
0.60073566,0.3992643,1
0.70897555,0.29102442,1
0.663961,0.336039,1
0.7090106,0.2909894,1
0.73583186,0.26416817,0
0.7395261,0.2604739,0
0.70813286,0.29186708,1
0.93280023,0.0671998,0
0.9729592,0.02704076,1
0.9643965,0.035603512,0
0.5376434,0.46235654,1
0.5631841,0.4368159,0
0.6199751,0.38002494,1
0.8775623,0.12243775,0
0.94298685,0.05701315,0
0.73059326,0.26940677,0
0.24969555,0.75030446,1
0.26062387,0.7393761,1
0.13646145,0.86353856,1
0.1960298,0.8039703,1
0.025221337,0.97477865,1
0.025460985,0.97453904,1
0.7072424,0.29275763,0
0.54877055,0.45122936,1
0.9212812,0.078718774,0
0.35595798,0.644042,1
0.13012706,0.869873,1
0.19974552,0.80025446,1
0.23044036,0.7695596,1
0.071157865,0.9288421,1
0.9260816,0.07391838,0
0.9498769,0.05012304,0
0.93263644,0.06736352,0
0.90162337,0.09837663,0
0.6284476,0.37155244,0
0.43502012,0.56497985,0
0.4055992,0.5944008,0
0.24387291,0.7561271,1
0.34007534,0.6599247,1
0.06491242,0.93508756,1
0.18743393,0.8125661,1
0.6687814,0.3312186,0
0.40647146,0.59352857,1
0.6298027,0.37019733,0
0.9572317,0.042768322,0
0.9612832,0.038716823,0
0.96551603,0.034483995,0
0.9220515,0.07794845,0
0.17909007,0.82091,1
0.2139355,0.78606457,1
0.11339748,0.88660246,1
0.08151544,0.91848457,1
0.37664887,0.6233511,0
0.95547783,0.044522155,0
0.5439714,0.45602864,0
0.106064975,0.8939351,1
0.053111047,0.946889,1
0.21362402,0.786376,1
0.22295222,0.77704775,0
0.3502922,0.6497078,1
0.48978755,0.5102124,1
0.95593935,0.044060584,0
0.9701183,0.02988173,0
0.9765004,0.023499625,0
0.88370615,0.116293825,0
0.7490462,0.2509538,0
0.58508587,0.4149142,0
0.33019593,0.66980404,0
0.1592348,0.84076524,1
0.49437484,0.5056252,1
0.114900604,0.88509935,1
0.0693352,0.93066484,1
0.27857998,0.72142005,1
0.33377686,0.6662231,1
0.67622405,0.32377598,0
0.84590083,0.15409917,0
0.39759138,0.6024086,0
0.43227673,0.5677232,0
0.3813328,0.6186671,0
0.3005997,0.6994003,0
0.13429295,0.86570704,1
0.10076883,0.89923126,1
0.83160406,0.16839589,0
0.9454475,0.054552507,0
0.9414215,0.05857847,0
0.9243964,0.07560362,0
0.7437886,0.25621134,0
0.24880756,0.75119245,0
0.07864307,0.92135686,1
0.06888745,0.9311125,1
0.07521884,0.9247811,1
0.06151576,0.9384843,1
0.0006903533,0.99930966,1
0.007208419,0.99279153,1
0.18663819,0.8133618,1
0.47896397,0.521036,0
0.69375455,0.3062455,0
0.8917081,0.10829194,0
0.69866955,0.30133042,0
0.57141143,0.42858854,0
0.17959714,0.82040286,0
0.1029583,0.8970417,1
0.478079,0.521921,0
0.20950153,0.79049844,1
0.88052505,0.11947492,0
0.8255397,0.17446025,0
0.13926905,0.86073095,1
0.64452285,0.35547715,0
0.6893532,0.31064677,0
0.69685745,0.30314264,0
0.96234596,0.03765403,0
0.98322636,0.016773706,0
0.9804864,0.019513687,0
0.20977437,0.79022557,1
0.5763935,0.42360657,0
0.3892514,0.6107485,1
0.69653094,0.30346897,0
0.7323407,0.26765934,0
0.7427532,0.2572468,0
0.13083592,0.86916405,1
0.28759393,0.7124061,1
0.6418641,0.35813588,0
0.6832967,0.31670326,1
0.53539157,0.4646085,1
0.4143445,0.58565545,1
0.9778922,0.022107761,0
0.8828796,0.1171204,0
0.6469671,0.35303283,0
0.57628125,0.42371875,0
0.115140684,0.8848593,1
0.45238236,0.5476176,0
0.078835,0.92116493,1
0.13659696,0.863403,1
0.13924357,0.8607564,1
0.20103756,0.7989625,1
0.56801283,0.43198717,0
0.12499084,0.8750092,1
0.98011166,0.019888377,0
0.7941725,0.20582741,0
0.5817678,0.41823214,0
0.731241,0.26875895,0
0.788562,0.211438,0
0.75973296,0.24026711,0
0.57779384,0.42220616,0
0.114849895,0.8851501,1
0.25934237,0.7406576,1
0.75935316,0.24064684,0
0.58310914,0.41689086,1
0.95764935,0.042350616,0
0.9408602,0.059139736,0
0.73170424,0.26829574,0
0.3870301,0.6129699,0
0.35671514,0.64328486,0
0.350348,0.649652,1
0.33124852,0.6687515,1
0.5241969,0.47580308,1
0.6365473,0.3634527,1
0.83005935,0.16994062,1
0.8479122,0.15208782,0
0.9397143,0.060285676,0
0.11363419,0.88636583,1
0.19532123,0.8046788,1
0.18957199,0.81042796,1
0.004830276,0.9951697,1
0.14983259,0.85016745,1
0.18458745,0.8154126,1
0.5799036,0.42009637,0
0.6895103,0.31048968,0
0.855429,0.14457102,0
0.92456645,0.07543357,0
0.33129504,0.6687049,0
0.11193648,0.8880635,1
0.18088078,0.8191192,1
0.21994601,0.7800539,1
0.24002303,0.759977,1
0.33029705,0.66970295,0
0.461606,0.53839403,0
0.31673056,0.6832695,1
0.33399764,0.66600233,1
0.7025405,0.29745945,1
0.48182735,0.5181727,1
0.9420353,0.05796465,0
0.58638245,0.41361755,0
0.5844888,0.41551116,0
0.6163246,0.3836754,0
0.2591882,0.74081177,1
0.5130865,0.48691347,0
0.66898,0.33102003,0
0.60280985,0.3971902,0
0.96313685,0.03686317,0
0.96330154,0.03669845,0
0.93718374,0.06281629,0
0.74169594,0.2583041,0
0.14410774,0.8558923,1
0.079405986,0.920594,1
0.37451234,0.62548757,1
0.8209698,0.17903021,0
0.6409656,0.35903445,0
0.73976487,0.2602352,0
0.9889346,0.011065448,0
0.796245,0.20375498,0
0.5800726,0.4199274,0
0.3610716,0.6389284,1
0.073754296,0.9262457,1
0.2958808,0.7041192,1
0.33632848,0.66367155,0
0.65313476,0.3468653,0
0.5690357,0.43096435,0
0.9872737,0.012726254,0
0.4967653,0.5032347,0
0.45432872,0.5456712,1
0.5591443,0.44085568,0
0.582405,0.417595,0
0.77495325,0.22504674,0
0.82767004,0.17232999,0
0.7407585,0.2592416,1
0.06167533,0.93832475,1
0.5972404,0.40275958,1
0.7615098,0.23849022,0
0.7304821,0.2695179,0
0.7842423,0.21575776,0
0.8290942,0.17090587,1
0.85034955,0.14965045,1
0.95726055,0.0427395,0
0.5371905,0.46280944,0
0.49077544,0.5092245,0
0.39456543,0.6054346,0
0.3061543,0.6938457,1
0.40818092,0.59181905,0
0.56120265,0.43879738,0
0.5816982,0.4183018,0
0.06419287,0.93580717,1
0.09548667,0.90451336,1
0.5045783,0.49542165,0
0.57076025,0.42923978,0
0.509019,0.49098095,0
0.59089595,0.40910405,0
0.5264262,0.47357383,0
0.24928774,0.75071234,1
0.6296968,0.37030315,0
0.85730785,0.14269215,0
0.82366395,0.17633605,0
0.8762131,0.12378694,0
0.96161634,0.038383685,0
0.9688392,0.03116077,0
0.83249915,0.16750087,0
0.6164275,0.38357246,0
0.626561,0.37343898,0
0.6407546,0.35924536,0
0.54555994,0.45444006,0
0.30755532,0.6924447,1
0.7892616,0.21073844,0
0.80334663,0.19665343,0
0.61384726,0.38615274,0
0.7153552,0.28464475,0
0.8701323,0.12986772,0
0.9723289,0.027671058,0
0.74707377,0.25292626,0
0.36144397,0.63855606,1
0.28675184,0.7132482,1
0.65480983,0.34519008,0
0.05748218,0.94251776,1
0.17208384,0.82791615,1
0.5343653,0.4656347,0
0.57820606,0.4217939,0
0.67142177,0.32857823,0
0.6672641,0.33273593,0
0.4463099,0.5536901,1
0.8021296,0.19787042,0
0.9683017,0.031698246,0
0.8269866,0.17301339,0
0.713262,0.286738,0
0.6046989,0.39530113,0
0.11365407,0.8863459,1
0.17402351,0.8259765,1
0.3035051,0.6964949,1
0.8072672,0.19273286,0
0.90153915,0.098460875,0
0.90705854,0.09294146,0
0.93051875,0.06948127,0
0.924235,0.075765036,0
0.37751892,0.62248105,0
0.055347886,0.9446521,1
0.0734412,0.92655885,1
0.46759787,0.53240216,0
0.89846545,0.10153453,0
0.030075956,0.96992403,1
0.08804246,0.91195756,1
0.10938804,0.89061195,1
0.2361686,0.7638315,0
0.002255539,0.99774444,1
0.03768238,0.9623176,1
0.062138397,0.93786156,1
0.12088498,0.87911505,1
0.45989013,0.5401098,0
0.5935129,0.40648708,0
0.5503196,0.44968033,0
0.8192004,0.18079956,0
0.9347375,0.06526254,0
0.9401906,0.0598094,0
0.05171976,0.9482802,1
0.15545726,0.84454274,1
0.1543324,0.8456676,1
0.20010963,0.7998904,1
0.022933235,0.9770668,1
0.79980826,0.20019181,0
0.65158486,0.3484151,0
0.6491169,0.35088313,0
0.85802495,0.14197505,0
0.6564234,0.3435766,0
0.9759444,0.02405566,0
0.62011176,0.37988824,0
0.07737786,0.92262214,1
0.5903505,0.40964952,0
0.45112175,0.54887825,0
0.63046986,0.36953017,0
0.7516854,0.24831463,0
0.8389994,0.16100056,0
0.8344025,0.16559745,0
0.9122889,0.08771108,0
0.97135204,0.028647903,0
0.78326124,0.21673879,0
0.35253078,0.64746916,1
0.059315898,0.94068414,1
0.9226364,0.07736361,0
0.97213,0.027870024,0
0.9655608,0.03443922,0
0.949034,0.050966095,0
0.7700184,0.22998162,0
0.54535335,0.45464668,1
0.6309515,0.36904845,1
0.6169512,0.38304883,1
0.6086522,0.39134783,1
0.6007602,0.39923975,1
0.64734006,0.35265997,1
0.7864822,0.2135178,1
0.5675282,0.4324718,1
0.76675236,0.23324768,1
0.8438044,0.15619561,0
0.95425504,0.045744937,0
0.9684088,0.031591184,0
0.9225753,0.07742468,0
0.5327504,0.46724963,1
0.6541576,0.34584242,1
0.77885413,0.22114585,1
0.82024324,0.17975676,1
0.5751987,0.42480126,1
0.9411989,0.058801174,0
0.9341842,0.06581574,0
0.41258445,0.58741546,1
0.4529645,0.54703546,1
0.49529174,0.5047083,1
0.53139806,0.4686019,1
0.43687597,0.56312406,1
0.35575923,0.6442408,1
0.28617167,0.7138283,1
0.2799752,0.72002476,1
0.27807102,0.72192895,1
0.27875635,0.7212436,1
0.8324854,0.16751464,0
0.96240526,0.03759471,0
0.7790238,0.2209762,1
0.49775594,0.50224406,1
0.55124736,0.44875264,1
0.5913485,0.4086515,1
0.07824705,0.9217529,1
0.26054987,0.73945016,1
0.8516892,0.1483108,0
0.91840875,0.08159122,0
0.9757698,0.02423016,0
0.22044624,0.7795538,1
0.1905604,0.8094396,1
0.16718149,0.8328185,1
0.34546995,0.65453005,0
0.526712,0.473288,0
0.27909765,0.7209024,1
0.054913577,0.9450864,1
0.03554093,0.964459,1
0.6491981,0.35080194,0
0.3325908,0.66740924,1
0.9203466,0.07965342,0
0.8018676,0.19813238,0
0.48841217,0.51158786,0
0.18833332,0.8116667,1
0.21612675,0.78387326,1
0.6594187,0.34058127,0
0.18243594,0.8175641,0
0.14752384,0.8524762,1
0.51639205,0.48360798,0
0.67948043,0.32051954,0
0.8347433,0.16525668,0
0.9098067,0.090193264,0
0.74795467,0.25204527,0
0.7449041,0.25509584,0
0.6562447,0.34375533,0
0.18122302,0.818777,1
0.93472373,0.065276235,0
0.19030806,0.80969197,1
0.094422296,0.9055777,1
0.13806666,0.86193335,1
0.18918893,0.81081104,1
0.4656101,0.5343899,0
0.16303205,0.8369679,1
0.46412578,0.5358742,0
0.9019987,0.09800123,0
0.9715394,0.028460681,0
0.5217169,0.4782831,0
0.6048881,0.39511192,0
0.6219641,0.37803587,1
0.732721,0.26727903,0
0.7496955,0.2503045,0
0.08767885,0.91232115,1
0.6655902,0.3344098,1
0.4856477,0.5143523,1
0.79809445,0.20190556,1
0.8000282,0.19997181,0
0.90895015,0.09104988,0
0.92629343,0.07370656,0
0.34319678,0.65680325,1
0.4402042,0.5597958,1
0.4138312,0.58616877,1
0.28072274,0.71927726,1
0.22327603,0.776724,1
0.029361116,0.97063893,1
0.027756037,0.9722439,1
0.019018099,0.98098195,1
0.0564114,0.94358855,1
0.37450844,0.62549156,0
0.32914308,0.6708569,0
0.9150794,0.084920645,0
0.44279876,0.55720127,1
0.15585765,0.8441423,1
0.017511196,0.98248875,1
0.46416014,0.53583986,0
0.51308376,0.48691627,0
0.7532232,0.24677683,0
0.5068145,0.49318546,0
0.50231314,0.4976869,0
0.028011177,0.97198886,1
0.5986141,0.4013859,0
0.30832008,0.69167995,1
0.21165608,0.7883439,1
0.63152504,0.36847493,0
0.58615863,0.4138414,0
0.5708722,0.42912778,0
0.5492593,0.45074072,0
0.5357989,0.46420106,0
0.050733842,0.94926614,1
0.17870986,0.82129014,1
0.07951875,0.92048126,1
0.6744568,0.32554322,0
0.554541,0.44545904,1
0.69267875,0.30732122,0
0.8300984,0.16990161,0
0.73620045,0.26379955,0
0.9594055,0.04059447,0
0.9738739,0.026126064,0
0.97647834,0.023521638,0
0.9799494,0.02005065,0
0.7071212,0.2928788,0
0.04474306,0.95525694,1
0.12795165,0.8720483,1
0.14261442,0.8573856,1
0.26019123,0.73980886,1
0.070161805,0.92983824,1
0.0873283,0.9126717,1
0.072798066,0.9272019,1
0.60874516,0.3912549,0
0.64549226,0.3545078,0
0.7036351,0.29636487,0
0.94305277,0.05694729,0
0.59979117,0.40020883,0
0.6262933,0.37370673,0
0.6109973,0.38900265,0
0.62535846,0.3746415,0
0.11449203,0.88550794,1
0.14265664,0.85734344,1
0.5147066,0.48529342,0
0.397002,0.602998,1
0.5531073,0.44689262,0
0.9070094,0.092990585,0
0.9569888,0.04301116,0
0.3851683,0.6148317,1
0.51314926,0.48685074,1
0.65732837,0.34267166,1
0.010918706,0.98908126,1
0.029687462,0.97031254,1
0.57741463,0.42258543,0
0.5836473,0.41635272,1
0.7823162,0.21768378,0
0.8659607,0.13403931,0
0.8629333,0.1370667,0
0.8791002,0.120899744,0
0.45212665,0.5478734,1
0.45598885,0.5440112,1
0.45247722,0.5475228,1
0.36468917,0.6353108,1
0.34669232,0.6533077,1
0.41342604,0.58657396,1
0.49828726,0.50171274,1
0.05676325,0.9432367,1
0.088525705,0.9114743,1
0.41249707,0.5875029,1
0.47886458,0.52113545,1
0.9242291,0.07577098,0
0.7574048,0.24259521,0
0.42337283,0.57662714,1
0.08781481,0.9121852,1
0.28256616,0.7174338,1
0.11486044,0.8851395,1
0.41727898,0.582721,0
0.57481664,0.42518336,0
0.6241546,0.37584537,0
0.5488479,0.45115206,0
0.82974786,0.17025214,0
0.94897634,0.051023655,0
0.81309485,0.18690509,0
0.15383218,0.8461678,1
0.1967828,0.80321723,1
0.33262867,0.66737133,1
0.54797435,0.4520257,0
0.95960295,0.040397037,0
0.96430904,0.035690956,0
0.8547216,0.14527841,0
0.25678155,0.7432185,1
0.10850845,0.89149153,1
0.17868641,0.8213136,1
0.15875466,0.8412453,1
0.11282239,0.8871775,1
0.02727518,0.97272485,1
0.022787489,0.9772125,1
0.045580033,0.95442,1
0.084552564,0.9154474,1
0.21714817,0.7828518,1
0.57690436,0.42309567,0
0.89675933,0.10324068,0
0.8020088,0.19799118,0
0.2475639,0.75243604,1
0.06317691,0.93682307,1
0.43757275,0.5624272,1
0.5510544,0.44894558,0
0.48458678,0.5154132,1
0.6292817,0.37071824,0
0.64076,0.35923997,0
0.706355,0.29364502,1
0.12674198,0.873258,1
0.68996125,0.31003878,1
0.09363829,0.9063617,1
0.109878354,0.89012164,1
0.5480103,0.45198968,1
0.55723715,0.44276282,1
0.20140235,0.79859763,1
0.80888504,0.19111496,0
0.94805366,0.05194635,0
0.9644384,0.035561647,0
0.6495875,0.35041252,1
0.6156142,0.38438582,1
0.47142497,0.52857506,1
0.40995234,0.59004766,1
0.42794576,0.57205427,1
0.5124486,0.48755142,1
0.429988,0.57001203,1
0.84706223,0.15293775,1
0.9369041,0.063095905,0
0.46860322,0.53139675,1
0.233669,0.766331,1
0.34816405,0.651836,1
0.32434952,0.67565054,1
0.3387607,0.66123927,1
0.42301303,0.576987,1
0.39999935,0.6000007,1
0.3046197,0.69538033,1
0.77061373,0.22938634,0
0.5954476,0.4045524,1
0.45207006,0.5479299,1
0.4479496,0.5520504,1
0.45707142,0.5429286,1
0.45915496,0.54084504,1
0.42056182,0.57943815,1
0.21615137,0.7838486,1
0.29682428,0.7031757,1
0.5566428,0.4433572,1
0.453953,0.546047,1
0.84324,0.15676004,0
0.86696744,0.13303256,0
0.42477614,0.57522386,1
0.47898623,0.52101374,0
0.35595784,0.6440422,1
0.52278954,0.47721046,1
0.6971481,0.30285192,1
0.6754699,0.32453012,0
0.81147194,0.18852809,0
0.8782874,0.12171259,0
0.60293067,0.3970693,0
0.6346402,0.36535975,0
0.649383,0.3506169,0
0.57667077,0.42332926,1
0.5829196,0.41708043,0
0.6790609,0.32093912,0
0.66039884,0.3396012,1
0.66820186,0.33179817,0
0.6536075,0.34639248,0
0.67591393,0.3240861,1
0.6849824,0.31501758,1
0.7265869,0.2734132,0
0.7194929,0.28050706,0
0.016975377,0.9830246,1
0.1504349,0.84956515,1
0.59563226,0.40436774,0
0.7066327,0.29336736,0
0.3811685,0.6188315,1
0.81727093,0.18272899,0
0.51958823,0.48041177,0
0.9633438,0.03665623,0
0.9485607,0.051439296,0
0.60544395,0.394556,0
0.50909895,0.490901,1
0.6828237,0.31717625,0
0.6286242,0.37137586,0
0.7224377,0.27756238,0
0.60377383,0.39622617,0
0.6008326,0.39916742,0
0.50631094,0.4936891,0
0.4798028,0.52019715,0
0.5176664,0.48233357,0
0.8501445,0.14985548,0
0.31961876,0.68038124,0
0.3115364,0.68846357,1
0.30970258,0.6902975,1
0.31517848,0.6848215,1
0.28529707,0.71470296,1
0.30316278,0.69683725,0
0.33466655,0.66533345,1
0.2500258,0.7499742,1
0.1492491,0.8507509,1
0.15598023,0.8440198,1
0.74073887,0.2592611,1
0.5615145,0.43848547,0
0.3927259,0.6072741,1
0.32588333,0.6741167,1
0.25884673,0.7411533,1
0.366205,0.633795,1
0.42166093,0.57833904,0
0.492304,0.507696,0
0.5029531,0.49704692,0
0.41693634,0.58306366,0
0.7209651,0.27903494,0
0.6508734,0.34912658,0
0.7682272,0.2317728,0
0.86174196,0.13825807,0
0.7866193,0.2133807,0
0.53284585,0.46715412,1
0.46812835,0.5318716,1
0.40286383,0.59713626,1
0.45540798,0.54459196,1
0.28399628,0.7160037,1
0.5303179,0.46968213,1
0.60116345,0.39883652,1
0.7993348,0.20066519,0
0.6713809,0.3286191,1
0.9439909,0.056009073,0
0.71085393,0.28914604,0
0.60728025,0.39271975,1
0.61624527,0.38375467,0
0.5947168,0.40528324,0
0.61665314,0.38334686,0
0.017031582,0.9829684,1
0.92536557,0.07463444,0
0.8637221,0.13627794,0
0.45654497,0.543455,0
0.5759364,0.42406365,0
0.5940525,0.40594757,0
0.5827278,0.41727224,0
0.5584846,0.44151536,1
0.8989408,0.101059206,0
0.6382195,0.36178052,0
0.6087025,0.39129752,0
0.70893455,0.29106542,0
0.668816,0.33118403,0
0.5854943,0.4145057,0
0.6886838,0.31131622,0
0.6580219,0.34197813,1
0.69553405,0.30446592,1
0.59236264,0.40763736,0
0.64975715,0.35024285,0
0.8374147,0.16258536,1
0.89104605,0.10895391,0
0.932302,0.06769807,0
0.90777194,0.09222809,0
0.42882273,0.5711773,1
0.3573738,0.6426263,1
0.063790336,0.9362097,1
0.085943036,0.91405696,1
0.10254079,0.8974592,1
0.028907701,0.9710923,1
0.25748065,0.7425194,1
0.6836224,0.31637755,0
0.8264282,0.17357183,0
0.43047905,0.56952095,0
0.3385774,0.66142267,1
0.41778678,0.58221316,0
0.49499884,0.5050011,0
0.42320034,0.5767997,0
0.013655268,0.9863447,1
0.2293605,0.7706395,1
0.20438907,0.7956109,1
0.30201802,0.69798195,1
0.5909449,0.4090551,0
0.4931996,0.5068004,0
0.46815172,0.5318483,0
0.5120928,0.48790714,0
0.41944012,0.58055985,0
0.24472229,0.7552777,1
0.3478447,0.65215534,1
0.4652129,0.5347871,1
0.42994437,0.5700556,1
0.4422514,0.5577486,0
0.5513448,0.44865516,0
0.55466783,0.44533214,0
0.52569264,0.4743073,0
0.48529094,0.514709,0
0.343014,0.656986,1
0.41143858,0.5885615,1
0.73262733,0.26737267,0
0.32990324,0.67009676,1
0.84236884,0.15763117,0
0.95103186,0.048968136,0
0.66671544,0.33328453,0
0.6139493,0.38605067,0
0.67685485,0.32314512,0
0.7159097,0.28409028,0
0.25619864,0.74380136,1
0.614007,0.38599306,0
0.107847705,0.89215225,1
0.6510497,0.34895033,1
0.61358666,0.38641334,1
0.6204766,0.3795234,0
0.5791276,0.42087236,1
0.025155287,0.9748447,1
0.5412439,0.45875618,1
0.800446,0.19955401,0
0.40711015,0.59288985,0
0.15863176,0.84136826,1
0.40490955,0.59509045,0
0.43888626,0.5611138,0
0.83496743,0.16503258,0
0.84714144,0.15285859,0
0.7507055,0.2492946,0
0.5399875,0.46001247,0
0.043533806,0.95646614,1
0.438822,0.561178,0
0.04174015,0.9582599,1
0.38988444,0.6101155,0
0.34762254,0.6523775,0
0.48551556,0.5144845,0
0.72578347,0.2742165,0
0.7046079,0.29539213,0
0.38743758,0.61256236,0
0.17048979,0.8295102,0
0.24993204,0.7500679,0
0.7020266,0.29797336,0
0.6743385,0.3256615,0
0.54666185,0.4533382,0
0.095033236,0.90496683,1
0.027956072,0.97204393,1
0.1176818,0.88231814,1
0.64507616,0.35492384,0
0.29287562,0.70712435,1
0.046068404,0.95393157,1
0.093741745,0.9062582,1
0.6080065,0.39199346,0
0.22518663,0.77481335,1
0.70524955,0.29475036,0
0.43360016,0.56639993,0
0.69864726,0.30135277,0
0.28943858,0.7105614,1
0.4157554,0.58424467,1
0.7341254,0.2658746,0
0.8991988,0.10080128,0
0.9634759,0.036524143,0
0.9683538,0.031646214,0
0.51978207,0.4802179,1
0.15931194,0.84068805,1
0.7342577,0.26574233,0
0.758528,0.24147202,0
0.7852622,0.2147377,0
0.8106169,0.18938312,0
0.8747998,0.12520021,0
0.6823657,0.3176343,0
0.5503742,0.44962582,0
0.6931954,0.3068046,0
0.7233726,0.27662745,0
0.20224983,0.7977502,1
0.65594757,0.34405243,0
0.7052992,0.2947008,0
0.7116191,0.28838086,0
0.63596445,0.36403558,0
0.73959696,0.26040307,0
0.4977603,0.50223976,1
0.80096114,0.19903882,0
0.5557132,0.44428685,0
0.67243946,0.32756054,0
0.73936605,0.26063386,0
0.7672546,0.23274542,0
0.69299674,0.3070032,0
0.66967744,0.33032253,0
0.72550684,0.27449322,0
0.4722199,0.5277801,0
0.8486056,0.15139437,0
0.5440917,0.4559083,0
0.4524472,0.54755276,0
0.70139235,0.2986076,1
0.6893316,0.31066838,0
0.5977058,0.40229416,0
0.5767649,0.4232351,1
0.69989336,0.30010664,1
0.7442408,0.25575912,1
0.598878,0.40112197,0
0.53908926,0.4609108,0
0.4134853,0.5865147,0
0.3399971,0.6600029,1
0.33168027,0.66831976,1
0.25899908,0.74100095,1
0.18753035,0.81246966,1
0.41643554,0.58356446,0
0.5585498,0.44145015,0
0.66461045,0.33538958,0
0.5310413,0.46895865,1
0.62006515,0.37993482,1
0.8562968,0.14370316,0
0.877861,0.12213905,0
0.51972425,0.48027572,0
0.5636337,0.43636632,0
0.53514725,0.46485266,0
0.56644386,0.43355608,0
0.523459,0.476541,0
0.3508039,0.6491961,1
0.28703156,0.7129684,1
0.29334164,0.7066583,1
0.6831385,0.31686148,0
0.6027655,0.39723453,1
0.52139187,0.47860816,1
0.88448584,0.11551412,0
0.63825524,0.36174473,1
0.56780183,0.43219817,0
0.6047034,0.3952966,0
0.48518816,0.5148118,0
0.49165714,0.5083428,0
0.5847301,0.41526988,0
0.515924,0.48407596,1
0.75634617,0.24365385,0
0.73558986,0.26441014,1
0.5877795,0.41222045,1
0.95888555,0.04111441,0
0.8449425,0.15505747,1
0.23770179,0.76229817,1
0.041657016,0.95834297,1
0.042825695,0.95717436,1
0.44012618,0.55987376,0
0.74451596,0.25548404,0
0.7450558,0.2549442,0
0.023643604,0.9763564,1
0.71002,0.28997996,0
0.884955,0.11504499,0
0.9685389,0.031461205,0
0.84220225,0.15779778,0
0.41683334,0.58316666,1
0.4468025,0.5531975,0
0.28519925,0.7148007,1
0.68708336,0.31291667,0
0.64316,0.35683998,0
0.69254255,0.30745742,0
0.5864231,0.41357693,0
0.45785937,0.5421406,1
0.505432,0.49456796,1
0.9024083,0.0975917,0
0.951325,0.048674982,0
0.9467043,0.053295657,0
0.84592104,0.15407902,0
0.6530841,0.3469159,0
0.6781307,0.32186934,0
0.69508564,0.3049143,0
0.6611019,0.3388981,0
0.7453647,0.2546353,0
0.8485162,0.15148373,0
0.5397977,0.4602023,0
0.401814,0.598186,0
0.42077062,0.5792294,0
0.37698862,0.6230114,0
0.106008776,0.8939912,1
0.24730024,0.7526998,1
0.826456,0.17354397,0
0.7174711,0.2825289,0
0.21328796,0.786712,1
0.1816183,0.8183817,1
0.07097802,0.929022,1
0.4528766,0.5471234,0
0.1531429,0.8468571,1
0.626217,0.37378296,0
0.4488822,0.55111784,0
0.5166996,0.48330036,0
0.40170193,0.5982981,0
0.6007096,0.39929038,0
0.55541545,0.4445846,0
0.49767223,0.50232774,0
0.46674338,0.5332566,0
0.27403045,0.72596955,0
0.40595168,0.5940484,0
0.4022871,0.59771293,1
0.75881416,0.24118581,0
0.90791833,0.09208169,0
0.90664786,0.093352124,0
0.5547905,0.44520947,1
0.05141142,0.9485886,1
0.22047211,0.7795279,1
0.5448684,0.45513156,0
0.5443565,0.45564345,0
0.5578967,0.44210336,0
0.50669056,0.49330944,0
0.093140475,0.90685946,1
0.3563966,0.64360344,1
0.8019341,0.19806583,0
0.8250745,0.17492557,0
0.79011,0.20989001,0
0.89669645,0.10330356,0
0.87805533,0.12194463,0
0.51360154,0.48639846,0
0.61083096,0.38916907,0
0.720979,0.27902102,1
0.7325883,0.26741162,1
0.30563143,0.69436854,1
0.6192614,0.38073856,1
0.6798157,0.32018426,1
0.5784812,0.4215188,1
0.9563537,0.043646235,0
0.3703024,0.6296977,1
0.48333147,0.51666856,1
0.0075265146,0.9924735,1
0.003465481,0.99653447,1
0.017762188,0.9822379,1
0.0052654906,0.9947345,1
0.025139792,0.97486025,1
0.18146656,0.8185334,0
0.54182637,0.4581736,0
0.6568094,0.34319055,0
0.781041,0.21895896,0
0.8051174,0.19488253,0
0.6055603,0.39443973,0
0.60296416,0.39703584,0
0.52533376,0.4746662,1
0.6876671,0.3123329,0
0.817154,0.18284597,0
0.88199246,0.118007526,0
0.8145647,0.18543531,0
0.4635712,0.53642887,0
0.47468746,0.52531254,0
0.44024518,0.55975485,0
0.4406059,0.5593941,0
0.45904386,0.54095614,0
0.49452835,0.50547165,0
0.4707461,0.5292539,0
0.27009776,0.72990215,0
0.227816,0.77218395,1
0.26212564,0.73787445,1
0.83342123,0.16657875,0
0.8783421,0.12165791,0
0.8236333,0.1763667,0
0.025545146,0.9744548,1
0.07029356,0.9297064,1
0.09476204,0.90523803,1
0.038585678,0.9614143,1
0.031931408,0.96806866,1
0.063976236,0.93602383,1
0.039269596,0.96073043,1
0.47983614,0.5201639,0
0.45959026,0.5404097,0
0.8240218,0.17597823,0
0.4493976,0.5506024,0
0.8343561,0.1656439,0
0.90036315,0.099636875,0
0.574112,0.42588794,0
0.6885809,0.31141916,0
0.6875199,0.3124801,0
0.5149575,0.48504245,1
0.84662116,0.1533788,0
0.7810698,0.21893014,0
0.089416355,0.9105837,1
0.17065051,0.8293495,1
0.10305545,0.8969445,1
0.6794096,0.32059044,1
0.67312247,0.3268776,0
0.73672366,0.2632764,0
0.749113,0.25088704,0
0.7966584,0.20334165,0
0.8193976,0.18060234,0
0.8095567,0.19044329,0
0.8033965,0.19660348,0
0.1141445,0.8858555,1
0.31205305,0.6879469,1
0.75539565,0.24460433,1
0.47602043,0.52397954,1
0.79570746,0.20429257,0
0.9609053,0.039094735,0
0.854211,0.14578909,0
0.5887309,0.4112691,1
0.07263847,0.9273615,1
0.5549686,0.44503137,0
0.7187365,0.28126347,0
0.6331564,0.36684358,1
0.6805885,0.3194115,0
0.79023635,0.2097636,0
0.8295624,0.17043757,0
0.44813028,0.5518697,1
0.3873275,0.61267245,1
0.78830343,0.21169655,0
0.82100034,0.17899969,0
0.7615217,0.23847832,0
0.464076,0.5359241,0
0.437991,0.56200904,0
0.48257226,0.51742774,0
0.6254342,0.3745658,1
0.7373236,0.2626764,0
0.83149713,0.16850282,0
0.6199186,0.38008147,1
0.5699827,0.4300173,0
0.64301264,0.35698736,0
0.7581077,0.24189234,1
0.80470705,0.19529296,1
0.6863022,0.3136978,0
0.40552482,0.59447515,1
0.42987815,0.5701218,1
0.563248,0.43675196,0
0.6188016,0.38119838,0
0.29856262,0.70143735,1
0.29126266,0.7087373,1
0.79960424,0.20039572,1
0.8835922,0.11640781,1
0.62634784,0.37365213,1
0.5750243,0.4249757,1
0.5155646,0.48443538,1
0.48589396,0.51410604,1
0.53741753,0.4625825,1
0.12507148,0.8749285,1
0.234794,0.765206,1
0.4206898,0.5793102,1
0.65668774,0.3433122,0
0.9309724,0.069027595,0
0.8160225,0.18397748,0
0.8267653,0.17323473,0
0.5649329,0.4350671,0
0.3764653,0.6235347,1
0.15886134,0.8411386,1
0.42543712,0.57456285,1
0.6058616,0.39413843,0
0.7833454,0.21665461,0
0.77210134,0.22789858,0
0.9288508,0.071149185,0
0.9633605,0.03663953,0
0.9524582,0.04754175,0
0.57923716,0.42076275,1
0.58603066,0.4139694,1
0.6123534,0.38764668,0
0.6077393,0.39226067,0
0.57374996,0.42625,0
0.55184084,0.4481591,0
0.5918334,0.40816662,0
0.58330625,0.41669378,1
0.526898,0.47310194,1
0.8261846,0.17381546,0
0.6017927,0.3982073,1
0.64124036,0.35875964,1
0.6591767,0.34082326,0
0.6146036,0.38539642,0
0.6110286,0.38897136,0
0.64400154,0.35599846,1
0.6292509,0.37074915,1
0.85298276,0.14701718,0
0.95425594,0.04574406,0
0.97720534,0.022794735,0
0.8579376,0.1420624,0
0.56656504,0.43343493,1
0.84629464,0.15370534,0
0.9296821,0.0703179,0
0.55553985,0.44446012,0
0.55112505,0.44887498,1
0.75181234,0.24818768,0
0.5566057,0.44339427,1
0.7187126,0.28128743,1
0.9503983,0.049601737,0
0.46157902,0.53842103,1
0.6621682,0.3378318,1
0.37557775,0.6244222,1
0.16767867,0.83232135,1
0.5351441,0.46485597,1
0.54127073,0.45872936,1
0.7827476,0.21725236,1
0.8483696,0.15163043,0
0.8798637,0.12013627,0
0.9057146,0.09428546,0
0.9091925,0.09080756,0
0.6107326,0.38926739,1
0.3769323,0.62306774,1
0.366594,0.63340604,1
0.4837203,0.5162797,0
0.516143,0.48385704,0
0.41279656,0.58720344,0
0.12246135,0.8775387,1
0.25556228,0.74443775,1
0.56962657,0.43037346,0
0.5936863,0.40631372,0
0.65683335,0.3431666,0
0.6405562,0.3594437,0
0.86473274,0.13526732,0
0.8305477,0.16945232,0
0.8158341,0.18416587,0
0.47544983,0.52455014,1
0.4994962,0.50050384,1
0.48129094,0.51870906,1
0.5567958,0.44320422,1
0.5846947,0.41530526,1
0.59231716,0.40768284,0
0.16262904,0.83737093,1
0.35260707,0.6473929,1
0.57158995,0.42841008,1
0.7987757,0.20122427,0
0.87888044,0.1211196,0
0.9436206,0.05637935,0
0.6063453,0.39365467,1
0.5577487,0.4422513,0
0.55199134,0.44800863,1
0.74366194,0.25633803,1
0.9395935,0.060406566,0
0.7725297,0.22747035,1
0.65381485,0.34618518,1
0.64681894,0.353181,1
0.6456069,0.35439312,0
0.5753004,0.4246996,0
0.7592142,0.24078573,0
0.63940173,0.36059824,1
0.5834677,0.41653225,0
0.559459,0.44054106,1
0.5517933,0.44820672,0
0.63137764,0.36862233,0
0.46072432,0.5392757,0
0.6967561,0.30324385,0
0.7469804,0.2530196,0
0.73033375,0.26966628,0
0.9176144,0.08238561,0
0.63982224,0.36017773,0
0.8681114,0.13188863,0
0.83190274,0.16809726,0
0.5899012,0.41009882,0
0.82135975,0.17864026,0
0.73482764,0.26517233,0
0.8493015,0.15069848,0
0.8988514,0.10114856,0
0.95995533,0.040044706,0
0.4345775,0.56542253,1
0.4442918,0.55570817,1
0.5730557,0.42694432,1
0.54188794,0.45811212,1
0.5130549,0.48694512,0
0.5560107,0.4439893,0
0.48798895,0.512011,1
0.34435597,0.655644,1
0.8932982,0.1067018,0
0.95157605,0.04842395,0
0.96519506,0.034804866,0
0.36406094,0.6359391,1
0.39764288,0.6023572,1
0.3928475,0.60715246,1
0.049831595,0.9501684,1
0.4586902,0.5413098,0
0.654155,0.345845,0
0.7480585,0.25194153,0
0.86320144,0.13679858,0
0.85510236,0.14489762,0
0.0021964386,0.9978035,1
0.043608174,0.9563918,1
0.056587882,0.94341207,1
0.29254282,0.7074571,0
0.0066805906,0.9933194,1
0.58617777,0.4138223,0
0.7099826,0.29001746,0
0.7832847,0.21671534,0
0.72422886,0.2757711,0
0.6418643,0.3581357,0
0.89676464,0.103235334,0
0.494396,0.505604,0
0.71333456,0.28666544,0
0.77279216,0.22720778,0
0.7038028,0.2961972,0
0.02808698,0.971913,1
0.8516041,0.14839588,0
0.87411433,0.12588564,0
0.8101085,0.18989152,0
0.9736941,0.026305927,0
0.72734314,0.2726568,0
0.58575606,0.41424394,0
0.60757244,0.3924276,0
0.59361494,0.406385,0
0.60774463,0.39225534,0
0.7140771,0.28592288,0
0.75021166,0.24978833,0
0.7614494,0.23855062,0
0.78129256,0.21870741,0
0.784154,0.215846,0
0.743137,0.25686294,0
0.7589196,0.24108037,0
0.7769506,0.22304948,0
0.5804405,0.41955945,0
0.70967877,0.29032126,0
0.9783383,0.02166174,0
0.9759798,0.024020206,0
0.6601939,0.3398061,0
0.6637125,0.3362875,0
0.7031341,0.29686585,0
0.6910701,0.30892995,0
0.6455343,0.35446578,1
0.66601145,0.33398855,1
0.92719567,0.072804354,0
0.96358556,0.036414407,0
0.5174154,0.48258454,1
0.75991637,0.24008362,0
0.73743945,0.26256064,1
0.79707617,0.2029239,0
0.8428654,0.15713458,0
0.52769923,0.47230077,0
0.765277,0.23472293,1
0.8026404,0.19735962,0
0.80484414,0.19515581,0
0.81821465,0.1817854,0
0.9715371,0.028462838,0
0.61579245,0.38420755,0
0.44138888,0.5586111,1
0.5243625,0.47563747,1
0.5370231,0.46297687,1
0.51577467,0.48422533,1
0.49821436,0.5017857,0
0.43684408,0.5631559,0
0.880072,0.11992795,0
0.8804351,0.119564824,1
0.7303517,0.26964822,1
0.36457077,0.63542926,1
0.3446041,0.65539587,1
0.056911483,0.9430885,1
0.34515584,0.6548442,1
0.5070588,0.49294126,1
0.69052255,0.30947745,1
0.7729265,0.22707346,1
0.7856341,0.21436593,0
0.06180458,0.9381954,1
0.41310608,0.586894,0
0.47345638,0.5265436,0
0.69031435,0.30968565,0
0.69754606,0.30245394,0
0.76374,0.23626,0
0.8278571,0.17214291,0
0.7286789,0.27132115,0
0.93187344,0.06812659,0
0.93142146,0.06857849,0
0.70701915,0.29298094,0
0.5353738,0.46462622,0
0.08597196,0.9140281,1
0.672725,0.32727498,0
0.8164591,0.18354084,0
0.018543491,0.9814565,1
0.0037379211,0.996262,1
0.025898647,0.9741013,1
0.9667763,0.033223685,0
0.61913127,0.38086876,0
0.67788255,0.3221175,0
0.6788443,0.32115576,0
0.6684485,0.33155155,0
0.7275314,0.2724686,0
0.86198103,0.138019,0
0.8233788,0.17662118,0
0.7718813,0.22811872,0
0.7414871,0.25851297,0
0.68466955,0.31533045,1
0.6782238,0.3217762,0
0.82482207,0.17517793,1
0.95249724,0.047502752,0
0.98292714,0.017072853,0
0.9675607,0.032439355,0
0.90793073,0.092069335,0
0.8541589,0.14584117,0
0.86854005,0.13145994,0
0.8900313,0.10996872,0
0.77832,0.22167994,0
0.8181217,0.18187837,0
0.58564645,0.41435355,1
0.6881007,0.31189927,0
0.7762305,0.2237695,0
0.8944871,0.10551297,0
0.97018427,0.029815726,0
0.4857653,0.51423466,1
0.49833024,0.50166976,1
0.5050824,0.4949176,0
0.5047812,0.49521887,0
0.527308,0.4726921,0
0.56869364,0.43130636,1
0.5351961,0.46480393,1
0.58339316,0.41660678,0
0.38874185,0.61125815,0
0.94710344,0.052896544,0
0.77157515,0.22842486,1
0.75382507,0.24617498,0
0.6254775,0.37452248,1
0.57047236,0.42952767,1
0.6016962,0.39830384,1
0.5945822,0.40541777,1
0.6435388,0.35646126,1
0.65315825,0.34684178,1
0.54812026,0.4518797,1
0.58574533,0.4142547,1
0.825992,0.17400794,1
0.9613872,0.038612835,0
0.91942877,0.0805712,0
0.6273656,0.37263438,1
0.5936515,0.40634853,1
0.6036257,0.39637426,1
0.73073065,0.26926938,1
0.92371136,0.07628861,0
0.95226866,0.047731306,0
0.9655317,0.034468282,0
0.86632216,0.13367777,1
0.75140524,0.24859475,1
0.6300543,0.36994568,1
0.620981,0.379019,1
0.6187619,0.38123813,1
0.6049318,0.39506826,1
0.6177297,0.38227022,1
0.6350939,0.36490604,1
0.62747675,0.37252325,1
0.6587962,0.3412038,0
0.74312305,0.25687695,0
0.8702104,0.12978958,0
0.74060893,0.2593911,0
0.97483325,0.025166735,0
0.22291751,0.7770825,1
0.4150965,0.58490354,1
0.09453613,0.9054638,1
0.71669835,0.28330165,0
0.71547735,0.2845226,0
0.015682776,0.9843172,1
0.009707927,0.99029213,1
0.89530486,0.1046952,0
0.5614182,0.43858185,0
0.9832303,0.016769774,0
0.77674276,0.22325726,0
0.0067717615,0.99322826,1
0.001012448,0.9989875,1
0.011130234,0.9888698,1
0.020476578,0.9795234,1
0.23112987,0.7688701,0
0.5485319,0.45146817,0
0.93585,0.064149976,0
0.95749915,0.042500805,0
0.72083044,0.27916962,0
0.7514765,0.24852349,0
0.8100548,0.18994528,0
0.8157578,0.18424219,0
0.64290273,0.3570973,0
0.636988,0.36301205,0
0.74850506,0.2514949,0
0.8327295,0.16727053,0
0.87608624,0.12391376,0
0.842833,0.15716705,0
0.55020505,0.4497949,0
0.5588936,0.4411064,0
0.5179677,0.48203224,0
0.47662997,0.5233701,0
0.17474756,0.8252525,1
0.5349961,0.46500394,1
0.7531465,0.24685343,0
0.85955834,0.14044161,0
0.66242516,0.3375748,1
0.5240327,0.4759673,1
0.08877361,0.9112264,1
0.41206595,0.5879341,1
0.013811981,0.986188,1
0.04681879,0.95318127,1
0.8021067,0.19789337,0
0.81633675,0.18366328,0
0.6619899,0.3380101,0
0.8644685,0.13553144,0
0.8425701,0.15742989,0
0.12979104,0.8702089,1
0.035719343,0.96428066,1
0.060988776,0.9390112,1
0.13807644,0.8619236,0
0.5357877,0.46421233,0
0.16920657,0.83079344,0
0.16853686,0.8314632,0
0.94313323,0.05686671,0
0.9296849,0.0703151,0
0.036243867,0.9637562,1
0.09817031,0.9018297,1
0.3172584,0.6827417,0
0.3375287,0.6624713,0
0.17274955,0.8272504,0
0.056958877,0.9430411,1
0.09112575,0.9088743,1
0.95048726,0.04951278,0
0.95734835,0.04265164,0
0.65866756,0.3413324,0
0.4638226,0.53617734,0
0.7164077,0.28359222,0
0.7979298,0.2020702,0
0.8522387,0.14776124,0
0.8361707,0.16382931,0
0.6550617,0.34493828,0
0.4640695,0.5359305,0
0.5139631,0.48603684,0
0.5457662,0.45423388,0
0.5897953,0.41020474,0
0.67274076,0.32725927,0
0.7531308,0.2468692,0
0.7807512,0.21924876,0
0.85342026,0.14657974,0
0.8629084,0.13709158,1
0.91890526,0.08109473,0
0.98550224,0.014497802,0
0.9653525,0.034647502,0
0.94282436,0.057175685,0
0.82822645,0.17177358,0
0.6641267,0.33587328,1
0.8447208,0.1552792,0
0.9195122,0.08048781,0
0.887598,0.11240196,0
0.9507493,0.049250785,0
0.52739215,0.47260788,1
0.52931917,0.47068086,1
0.6176544,0.38234565,0
0.19534738,0.80465263,1
0.41439423,0.58560574,1
0.44196275,0.5580373,1
0.47931367,0.52068627,1
0.93229514,0.067704834,0
0.7399858,0.2600142,0
0.74446976,0.2555302,0
0.67008525,0.3299147,0
0.8507261,0.1492739,0
0.75896114,0.24103886,0
0.75990546,0.24009448,1
0.8167659,0.18323413,0
0.90937126,0.09062877,0
0.8523677,0.14763238,0
0.80538774,0.19461228,0
0.8086517,0.19134831,0
0.6558061,0.34419385,0
0.63542235,0.36457768,1
0.6205312,0.3794687,0
0.6988908,0.3011092,0
0.7598155,0.24018453,0
0.79160976,0.2083902,0
0.80452305,0.19547701,0
0.7879775,0.21202242,0
0.6383722,0.36162785,0
0.84060925,0.15939075,1
0.94183546,0.058164526,0
0.9541035,0.045896523,0
0.9511767,0.048823323,0
0.8032998,0.19670025,1
0.77609366,0.2239063,1
0.7020834,0.2979165,1
0.6796986,0.3203014,1
0.6926052,0.30739477,1
0.7152157,0.28478435,1
0.75688165,0.24311833,0
0.73596084,0.26403916,0
0.7550105,0.24498953,1
0.7661781,0.23382191,1
0.7499088,0.25009122,0
0.8502985,0.14970146,1
0.97721523,0.022784809,0
0.9861618,0.013838215,0
0.64565957,0.35434037,1
0.7269997,0.27300036,1
0.7711766,0.22882342,1
0.76788825,0.23211177,1
0.7535323,0.24646766,1
0.74368435,0.25631565,1
0.71948993,0.28051004,1
0.8428174,0.15718262,1
0.98557276,0.014427178,0
0.9813934,0.018606665,0
0.42496294,0.575037,1
0.29345986,0.7065401,1
0.5057742,0.49422577,1
0.7113846,0.28861544,0
0.85458976,0.1454102,0
0.77898854,0.22101153,0
0.7894244,0.21057557,0
0.9876144,0.012385616,0
0.984478,0.015521962,0
0.8575229,0.14247714,0
0.80463773,0.1953623,0
0.77056414,0.22943579,0
0.6679881,0.3320119,0
0.8407897,0.15921035,0
0.85790545,0.14209455,0
0.9343638,0.0656362,0
0.9359965,0.06400351,0
0.7622453,0.23775469,1
0.81601965,0.18398035,1
0.958846,0.04115396,0
0.97149366,0.028506326,0
0.47359994,0.5264,0
0.5315877,0.46841225,0
0.68940157,0.31059843,0
0.65459716,0.34540275,0
0.42461526,0.57538474,1
0.6385996,0.36140046,1
0.8210907,0.1789093,0
0.9173216,0.08267843,0
0.9128855,0.087114535,0
0.5989114,0.40108857,1
0.6098757,0.39012426,1
0.51481366,0.48518628,1
0.79363865,0.20636137,1
0.5035735,0.4964265,1
0.38917127,0.6108287,1
0.46266475,0.53733534,1
0.50993115,0.4900688,1
0.76747006,0.23252995,0
0.93047965,0.06952033,0
0.032177884,0.96782213,1
0.047271784,0.9527282,1
0.069256,0.93074405,1
0.4276998,0.5723002,0
0.35962385,0.64037615,0
0.9578102,0.04218979,0
0.62404853,0.3759515,0
0.33027735,0.6697226,0
0.4137958,0.58620423,0
0.08836913,0.9116308,1
0.7759825,0.22401753,0
0.86665833,0.13334167,0
0.22791685,0.77208316,1
0.9758464,0.024153603,0
0.96980613,0.030193845,0
0.32071885,0.6792812,1
0.07059897,0.929401,1
0.2470701,0.75292987,1
0.21249549,0.7875045,1
0.10432952,0.8956705,1
0.074566334,0.92543364,1
0.6513958,0.3486042,0
0.21986994,0.78013,1
0.7925566,0.20744348,0
0.97859806,0.02140192,0
0.9907596,0.009240374,0
0.5652357,0.4347643,1
0.5707746,0.42922536,1
0.58734137,0.41265866,1
0.7286503,0.27134973,0
0.76546085,0.23453915,0
0.74208736,0.25791264,0
0.8386771,0.16132288,0
0.8551042,0.14489584,0
0.7356269,0.26437315,0
0.8754014,0.12459861,0
0.918896,0.08110405,0
0.99461997,0.0053800624,0
0.99417007,0.0058299974,0
0.99346364,0.006536397,0
0.7312141,0.26878586,0
0.71147585,0.28852418,0
0.7535316,0.24646844,0
0.7971252,0.20287476,0
0.82836866,0.17163129,0
0.8765269,0.12347303,0
0.87369764,0.12630235,0
0.832204,0.16779605,0
0.84193367,0.15806629,0
0.8039816,0.1960184,1
0.9638515,0.036148436,0
0.4853939,0.51460606,1
0.47962356,0.52037644,1
0.8863814,0.11361857,0
0.56891096,0.43108904,1
0.088488795,0.9115112,1
0.20164223,0.7983578,1
0.24599844,0.75400156,1
0.56576467,0.43423533,1
0.7008761,0.2991239,0
0.49252468,0.5074753,1
0.6184391,0.3815609,0
0.7129661,0.28703395,0
0.70669734,0.29330266,0
0.6331145,0.36688545,1
0.9297939,0.07020609,0
0.91154194,0.08845807,0
0.84071296,0.159287,0
0.24962136,0.7503786,1
0.07753982,0.92246014,1
0.4398494,0.56015056,0
0.52032447,0.4796755,0
0.6116053,0.38839477,0
0.24801101,0.751989,1
0.59067655,0.40932348,1
0.06755297,0.9324471,1
0.3598153,0.6401847,1
0.84648776,0.15351228,0
0.8171523,0.18284763,0
0.08665271,0.9133473,1
0.2505942,0.7494058,1
0.47391918,0.5260807,0
0.57191974,0.4280802,0
0.5587552,0.44124475,0
0.93735206,0.06264801,0
0.470289,0.52971107,0
0.31125823,0.6887418,0
0.24819775,0.75180227,1
0.3768229,0.6231771,1
0.2228602,0.7771397,1
0.6853176,0.31468242,0
0.9113951,0.088604964,0
0.96022224,0.03977777,0
0.92604434,0.0739556,0
0.7631009,0.23689908,0
0.6224797,0.37752032,0
0.09410294,0.9058971,1
0.17355011,0.8264498,1
0.5408854,0.45911464,0
0.58546734,0.41453263,0
0.77823764,0.22176233,0
0.8578521,0.14214794,0
0.39403507,0.60596484,1
0.48288107,0.51711893,1
0.89736485,0.102635175,0
0.8209516,0.17904837,0
0.9739742,0.02602576,0
0.81101376,0.18898629,0
0.795492,0.20450796,0
0.6027594,0.39724055,1
0.36824924,0.63175076,1
0.7148811,0.2851189,1
0.7825093,0.21749069,1
0.80003554,0.1999645,0
0.7297789,0.2702211,0
0.61813337,0.38186666,1
0.7320759,0.26792407,1
0.9595878,0.040412236,0
0.68122375,0.31877622,0
0.56429493,0.43570498,0
0.49789676,0.50210327,0
0.50123006,0.49876997,0
0.5794568,0.42054316,0
0.608362,0.391638,1
0.37258545,0.6274146,0
0.74512,0.25487998,0
0.73730683,0.2626932,0
0.7421992,0.2578009,0
0.8985769,0.10142308,0
0.93127877,0.06872119,0
0.53155744,0.46844262,1
0.35797757,0.6420225,1
0.08332346,0.9166766,1
0.068911344,0.9310887,1
0.42813957,0.5718605,1
0.096177585,0.9038224,1
0.09853231,0.90146774,1
0.0791228,0.92087716,1
0.116072066,0.88392794,1
0.1495635,0.8504365,1
0.18853404,0.811466,1
0.33241048,0.6675895,0
0.68648916,0.31351084,0
0.71370816,0.28629187,0
0.6765947,0.32340536,0
0.9321351,0.06786491,0
0.93591946,0.06408053,0
0.9148884,0.08511157,0
0.2016132,0.7983868,1
0.6325631,0.3674369,0
0.5610189,0.43898115,0
0.53022075,0.46977925,0
0.9042009,0.095799156,0
0.56527275,0.43472722,1
0.5970871,0.4029129,1
0.6145514,0.38544858,1
0.86715513,0.13284491,0
0.12853901,0.8714609,1
0.29214272,0.70785725,1
0.7214129,0.27858713,0
0.8940084,0.10599156,0
0.9611444,0.038855616,0
0.9806949,0.019305162,0
0.91290545,0.08709451,0
0.75038195,0.24961814,0
0.59524214,0.4047579,0
0.095553294,0.90444666,1
0.121558905,0.8784411,1
0.122052066,0.8779479,1
0.33656594,0.663434,1
0.7766352,0.22336479,0
0.77387255,0.22612743,0
0.84056574,0.15943426,0
0.9026694,0.097330555,0
0.98428476,0.01571521,0
0.74243546,0.25756457,0
0.8428054,0.15719458,0
0.8487501,0.15124996,0
0.82559675,0.17440319,0
0.82139385,0.17860617,1
0.8616803,0.13831963,0
0.9783819,0.021618085,0
0.49050075,0.50949925,1
0.4774442,0.5225559,1
0.35448977,0.6455102,1
0.3915307,0.60846937,1
0.96095127,0.039048668,0
0.93621624,0.06378379,0
0.3700406,0.6299594,1
0.21334489,0.78665507,1
0.13598879,0.8640112,1
0.26266816,0.7373318,1
0.8160591,0.18394081,0
0.68705255,0.31294745,0
0.7171153,0.28288478,0
0.70469135,0.2953086,0
0.81903195,0.180968,0
0.8953999,0.10460007,0
0.92909414,0.07090585,0
0.86589104,0.13410892,0
0.25550202,0.744498,1
0.5540458,0.4459542,1
0.7723111,0.2276889,0
0.7778088,0.22219117,0
0.76915747,0.2308426,0
0.93752134,0.062478654,0
0.9173187,0.082681246,0
0.5274438,0.4725562,1
0.89096403,0.10903594,0
0.08866948,0.9113305,1
0.7404156,0.2595844,0
0.8032549,0.19674508,0
0.8190868,0.18091317,0
0.81476855,0.1852314,0
0.85374284,0.14625719,0
0.83793753,0.16206247,0
0.97291034,0.027089706,0
0.97927815,0.020721838,0
0.98335105,0.016648935,0
0.60841584,0.3915842,0
0.32984462,0.6701554,1
0.33626327,0.66373676,1
0.9405083,0.059491716,0
0.9749033,0.025096718,0
0.91007245,0.08992755,1
0.069476366,0.93052363,1
0.054711178,0.9452888,1
0.5915661,0.40843388,0
0.8338607,0.16613923,0
0.77680707,0.22319295,0
0.9036137,0.09638632,0
0.99244714,0.007552826,0
0.9774684,0.022531599,0
0.87910306,0.12089698,0
0.8607033,0.13929668,0
0.7435687,0.25643122,0
0.7851357,0.21486431,0
0.85658616,0.14341384,0
0.8347791,0.16522098,0
0.8525837,0.14741622,0
0.88342416,0.1165758,0
0.8703452,0.12965484,0
0.8175425,0.18245749,0
0.83255816,0.16744183,0
0.8258988,0.17410122,0
0.825873,0.17412695,0
0.9202075,0.07979245,0
0.9620637,0.037936285,0
0.9165737,0.08342636,0
0.46863863,0.5313614,1
0.4599342,0.54006577,1
0.45464188,0.5453581,1
0.46938962,0.5306104,1
0.4611279,0.538872,1
0.47013026,0.5298698,1
0.43733144,0.5626686,1
0.4717925,0.5282075,1
0.4045235,0.5954765,1
0.33383164,0.6661684,1
0.4223434,0.5776566,1
0.79430294,0.20569707,0
0.58892095,0.41107908,0
0.4881234,0.5118766,1
0.59432566,0.4056743,1
0.61124074,0.38875932,1
0.6265538,0.37344614,0
0.58754766,0.4124524,0
0.774447,0.22555298,0
0.68218833,0.3178116,0
0.7025376,0.29746243,0
0.93686354,0.06313639,0
0.9180982,0.08190179,0
0.82315886,0.17684115,0
0.7553873,0.24461266,0
0.74054056,0.25945947,0
0.72659564,0.27340433,0
0.76317525,0.23682477,0
0.92995644,0.07004352,1
0.9640377,0.035962272,0
0.5923501,0.40764984,1
0.43221802,0.5677819,1
0.43850642,0.5614936,1
0.5250727,0.47492728,1
0.8882578,0.11174217,0
0.7705394,0.22946058,0
0.8333276,0.16667242,0
0.87129974,0.12870029,0
0.75066394,0.249336,1
0.9286343,0.07136566,0
0.97454506,0.025454976,0
0.9814077,0.018592328,0
0.98302335,0.016976632,0
0.5890366,0.4109634,0
0.29610366,0.7038963,1
0.34212953,0.6578705,1
0.48108342,0.51891655,1
0.90159416,0.09840582,0
0.85422873,0.14577124,0
0.767368,0.23263198,0
0.67071956,0.32928044,1
0.23758413,0.7624159,1
0.15592198,0.84407806,1
0.1704399,0.8295601,1
0.5027125,0.4972875,1
0.48428383,0.51571614,1
0.6309591,0.3690409,1
0.86621606,0.13378397,0
0.76859283,0.23140721,1
0.9703574,0.029642586,0
0.98730266,0.012697337,0
0.8465431,0.15345691,0
0.6073498,0.3926502,1
0.79954207,0.20045792,0
0.8902988,0.10970121,0
0.8764034,0.123596646,0
0.81500655,0.18499352,1
0.7722863,0.22771367,1
0.90315825,0.096841685,0
0.97385526,0.026144745,0
0.96114177,0.038858254,0
0.48092553,0.51907444,0
0.49851397,0.50148606,0
0.5060731,0.4939269,0
0.56755847,0.43244156,0
0.55728173,0.44271833,0
0.561261,0.438739,0
0.45244312,0.54755694,0
0.40796593,0.5920341,1
0.31167665,0.6883234,1
0.2936508,0.7063492,1
0.36592227,0.6340777,1
0.8681624,0.1318376,1
0.9400505,0.05994951,0
0.9598836,0.040116426,0
0.66321933,0.33678067,1
0.22105603,0.77894396,1
0.14138381,0.8586162,1
0.42750287,0.5724972,1
0.5671917,0.43280825,1
0.61916906,0.3808309,0
0.61449003,0.38550997,0
0.9577602,0.042239826,0
0.97001207,0.029987972,0
0.22707455,0.77292544,1
0.055721868,0.9442781,1
0.6622856,0.33771437,0
0.96632886,0.033671178,0
0.96561116,0.034388825,0
0.5800478,0.41995218,0
0.49466503,0.505335,1
0.7011581,0.29884186,0
0.7729757,0.2270243,0
0.8695952,0.13040474,0
0.7336341,0.26636592,1
0.97882825,0.021171734,0
0.5420098,0.4579902,1
0.4369858,0.5630142,1
0.34953234,0.6504677,1
0.34397253,0.6560274,1
0.3545077,0.6454923,1
0.28798577,0.7120142,1
0.69976854,0.3002314,1
0.7727113,0.22728874,1
0.9691404,0.030859554,0
0.67841774,0.32158226,0
0.06491992,0.93508005,1
0.29879093,0.7012091,1
0.44979316,0.5502068,0
0.5818881,0.41811195,0
0.8111092,0.18889078,0
0.9904882,0.009511783,0
0.9612007,0.038799297,0
0.7715351,0.22846492,0
0.8305,0.16950004,0
0.8199261,0.18007389,0
0.843589,0.15641093,0
0.84429765,0.15570234,0
0.7719698,0.22803019,1
0.8184721,0.18152788,0
0.9589583,0.041041702,0
0.7581589,0.24184102,0
0.45428345,0.5457166,0
0.4492406,0.55075943,0
0.4443634,0.5556366,0
0.4354441,0.56455594,1
0.43937722,0.56062275,1
0.37944448,0.6205556,1
0.33049655,0.6695034,1
0.32086754,0.67913246,1
0.3598696,0.6401304,0
0.7664897,0.23351032,0
0.8914276,0.108572476,0
0.8783985,0.12160148,1
0.4043052,0.5956948,1
0.60026413,0.39973584,0
0.5564621,0.44353798,0
0.6222959,0.37770408,0
0.9412732,0.058726773,0
0.93436694,0.06563308,0
0.6346521,0.36534792,1
0.43878138,0.56121856,1
0.5154093,0.48459068,1
0.51096874,0.48903123,1
0.81671697,0.18328299,0
0.74639153,0.2536084,0
0.685092,0.31490803,1
0.64057267,0.3594273,1
0.6590981,0.34090182,1
0.5446006,0.45539936,1
0.53602993,0.46397004,1
0.4803038,0.5196962,1
0.72862643,0.27137363,1
0.6707791,0.3292209,0
0.7426559,0.25734407,1
0.97700423,0.022995789,0
0.9820493,0.017950745,0
0.9805679,0.019432193,0
0.9591927,0.04080738,0
0.5573522,0.4426478,1
0.5240341,0.4759659,1
0.40030274,0.59969723,1
0.45179132,0.54820865,1
0.43665048,0.56334955,1
0.4177281,0.58227193,1
0.7115944,0.28840557,1
0.7466304,0.2533696,1
0.82884943,0.17115049,1
0.9896297,0.010370339,0
0.15279056,0.84720945,1
0.24275371,0.7572463,1
0.18437326,0.8156267,1
0.30193648,0.6980635,1
0.8309408,0.16905922,0
0.9865681,0.013431882,0
0.98998624,0.010013745,0
0.62556875,0.37443128,0
0.53736454,0.4626354,1
0.5291325,0.47086754,1
0.6477975,0.35220248,1
0.6558679,0.3441321,1
0.6914419,0.30855814,1
0.93646866,0.06353137,0
0.9627506,0.037249397,0
0.85482717,0.1451728,0
0.42689717,0.57310283,1
0.33721098,0.66278905,1
0.3023025,0.69769746,1
0.26685867,0.7331413,0
0.25340152,0.7465985,0
0.34517407,0.6548259,0
0.6650791,0.33492088,1
0.2104421,0.7895579,1
0.07797087,0.92202914,1
0.1800897,0.8199103,1
0.7424609,0.25753906,0
0.66675174,0.3332483,1
0.72405994,0.27594003,0
0.7758319,0.22416814,0
0.90662044,0.09337953,0
0.85083425,0.1491658,0
0.65872496,0.341275,1
0.0371126,0.96288747,1
0.0697099,0.9302901,1
0.0005394644,0.9994605,1
2.775004e-39,1.0,1
0.1078955,0.89210445,0
0.6206663,0.37933373,0
0.8725532,0.12744683,0
0.7112191,0.2887809,0
5.038768e-07,0.9999995,1
1.4153704e-11,1.0,1
1.2116053e-11,1.0,1
0.5496158,0.45038414,0
0.9428488,0.057151213,0
0.97844714,0.021552911,0
0.26175454,0.7382455,0
0.1417921,0.8582079,0
0.028042318,0.9719577,0
0.46453285,0.5354671,0
0.834434,0.165566,0
0.76825416,0.23174582,0
0.72054154,0.2794585,0
0.9365531,0.06344691,0
0.96919894,0.030801086,0
0.98191696,0.018083034,0
0.9846311,0.015368862,0
0.42288032,0.57711965,0
0.55524915,0.44475088,0
0.5314479,0.4685521,0
0.81254596,0.18745407,0
0.9182228,0.08177716,0
0.95961547,0.04038456,0
0.9517773,0.04822271,0
0.98790133,0.012098705,0
0.98654777,0.01345225,0
0.75553924,0.24446075,1
0.5707694,0.42923057,1
0.7075369,0.29246318,1
0.7227024,0.27729765,0
0.71779054,0.28220946,0
0.71764714,0.2823529,0
0.7605604,0.23943958,0
0.7887921,0.21120799,0
0.79454947,0.20545048,0
0.94361913,0.05638082,0
0.93944794,0.06055201,0
0.921503,0.078497015,0
0.7358684,0.2641316,0
0.4422702,0.55772984,0
0.38372618,0.6162738,1
0.82297045,0.17702949,1
0.93062353,0.06937642,0
0.80975944,0.19024058,1
0.6052232,0.39477682,0
0.628229,0.37177098,0
0.589943,0.41005698,0
0.4070514,0.5929486,1
0.60223866,0.39776134,1
0.573074,0.426926,1
0.5898152,0.41018477,1
0.59420437,0.40579563,1
0.4238022,0.5761978,1
0.20475525,0.7952448,1
0.15252884,0.8474712,1
0.6592598,0.34074023,0
0.6731926,0.3268074,0
0.92709106,0.07290894,0
0.6109188,0.38908115,0
0.7024282,0.29757175,0
0.88528055,0.1147194,0
0.80105567,0.19894432,0
0.9750138,0.024986245,0
0.68654245,0.31345758,1
0.71069986,0.2893001,1
0.8453202,0.15467973,1
0.5316617,0.46833837,1
0.8166119,0.18338811,0
0.9839228,0.016077193,0
0.013792328,0.9862076,1
0.35478142,0.64521855,0
0.4456003,0.55439967,0
0.6900399,0.30996013,0
0.820961,0.179039,0
0.82857955,0.17142047,0
0.9032118,0.09678821,0
0.97966087,0.0203391,0
0.9369805,0.06301959,0
0.72402215,0.27597788,1
0.520273,0.47972706,1
0.4998168,0.50018317,1
0.5491949,0.45080513,1
0.5371596,0.4628404,1
0.4289103,0.57108974,1
0.5852502,0.41474977,1
0.65528667,0.34471327,1
0.7104295,0.2895705,0
0.7978643,0.20213573,0
0.83558846,0.16441156,0
0.7191054,0.2808946,0
0.9337324,0.0662676,0
0.93334675,0.06665324,0
0.9097247,0.09027532,0
0.47210017,0.5278998,0
0.46798232,0.5320176,0
0.4688134,0.53118664,0
0.30943322,0.6905668,1
0.31196016,0.68803984,1
0.8618113,0.1381887,0
0.853952,0.14604796,0
0.88472384,0.115276165,0
0.92880356,0.07119649,0
0.920183,0.079817034,0
0.8569216,0.1430784,0
0.5351109,0.46488905,0
0.53874975,0.4612503,0
0.53039235,0.46960762,0
0.64418316,0.3558168,0
0.62913597,0.370864,0
0.5833588,0.41664115,0
0.63443774,0.36556232,0
0.66235936,0.33764058,0
0.54319537,0.45680463,1
0.6073312,0.39266875,0
0.570953,0.42904696,0
0.6167773,0.38322267,0
0.58690184,0.4130982,0
0.84375286,0.15624714,0
0.79764503,0.20235498,0
0.7454473,0.2545527,0
0.7900013,0.20999868,0
0.9593162,0.040683825,0
0.9577647,0.04223532,0
0.75365317,0.24634686,0
0.68951064,0.31048933,0
0.6853592,0.31464082,0
0.7411937,0.2588063,1
0.8400902,0.15990986,0
0.81967366,0.18032636,0
0.87222934,0.12777066,0
0.9822481,0.017751865,0
0.9728968,0.027103232,0
0.70169616,0.2983038,1
0.6277883,0.3722117,1
0.6453331,0.3546668,1
0.7681362,0.23186383,1
0.8867426,0.11325743,0
0.9917732,0.008226849,0
0.9883286,0.011671389,0
0.9806349,0.019365052,0
0.9369779,0.06302206,0
0.5511901,0.4488099,0
0.56885356,0.43114647,1
0.69648856,0.3035114,0
0.4946175,0.5053825,0
0.83664113,0.16335893,0
0.8011727,0.19882728,0
0.77272695,0.22727308,1
0.90877444,0.09122558,1
0.94910234,0.050897595,1
0.7071353,0.29286465,1
0.53194153,0.4680585,1
0.48039928,0.5196007,1
0.51673317,0.48326677,1
0.5321161,0.4678839,1
0.37499788,0.6250022,0
0.36996546,0.6300345,0
0.32283404,0.677166,1
0.32532346,0.67467654,1
0.35886696,0.64113307,0
0.34434983,0.65565014,0
0.41826943,0.5817306,0
0.24732172,0.75267833,1
0.3267568,0.6732432,0
0.8864986,0.113501415,0
0.90271246,0.097287595,0
0.8217336,0.17826639,1
0.52502674,0.47497335,0
0.43053463,0.5694654,0
0.507184,0.492816,0
0.7792868,0.22071314,0
0.63626045,0.36373955,0
0.6418138,0.35818622,0
0.8809195,0.11908052,0
0.8724815,0.12751842,0
0.8448475,0.1551525,0
0.586185,0.41381502,0
0.5706981,0.4293019,0
0.38723204,0.61276793,1
0.41134873,0.5886513,1
0.44097328,0.55902666,1
0.39045304,0.6095469,1
0.9274237,0.07257621,0
0.97692573,0.023074314,0
0.85310006,0.14689988,1
0.72579485,0.27420515,1
0.6575435,0.3424566,1
0.65928143,0.34071857,1
0.39067873,0.6093213,1
0.20088802,0.799112,1
0.23720811,0.76279193,1
0.40737844,0.59262156,1
0.8541132,0.14588675,0
0.7489425,0.2510575,1
0.97698057,0.023019468,0
0.98817575,0.011824321,0
0.98880845,0.011191531,0
0.82602787,0.17397214,1
0.5692476,0.4307524,1
0.15903684,0.8409631,1
0.5843448,0.4156552,1
0.6316744,0.3683256,0
0.6254282,0.37457177,0
0.86016434,0.13983573,0
0.8505602,0.14943986,0
0.6999536,0.30004638,0
0.8792214,0.120778605,0
0.5893622,0.4106378,1
0.6672523,0.3327477,0
0.5486611,0.45133886,1
0.8367459,0.16325404,0
0.9934268,0.006573195,0
0.63246536,0.3675347,1
0.63602734,0.3639726,1
0.6422797,0.35772038,1
0.69798744,0.30201256,1
0.743167,0.25683305,1
0.75115466,0.24884534,1
0.5799375,0.42006254,1
0.78230196,0.21769802,1
0.9670477,0.032952297,0
0.40344483,0.5965552,1
0.3460745,0.65392554,1
0.35053647,0.6494635,1
0.29462877,0.70537126,1
0.24616653,0.7538334,1
0.28936493,0.710635,0
0.9615438,0.03845627,0
0.9655285,0.03447146,0
0.47494087,0.52505916,1
0.4228924,0.5771076,1
0.09449598,0.905504,1
0.7468073,0.2531928,0
0.6177098,0.38229018,0
0.62034494,0.37965506,0
0.6420064,0.3579937,0
0.5749492,0.4250508,0
0.63849694,0.36150303,0
0.959779,0.04022097,0
0.96990037,0.030099614,0
0.9727843,0.027215648,0
0.85269326,0.1473067,0
0.61644906,0.3835509,1
0.8737661,0.1262339,0
0.84288186,0.15711813,0
0.8265873,0.17341276,0
0.82267123,0.1773288,0
0.6903978,0.30960217,0
0.9768148,0.023185227,0
0.97375983,0.026240127,0
0.90835416,0.09164586,1
0.753599,0.24640101,1
0.747158,0.252842,1
0.75710297,0.242897,1
0.7975604,0.2024396,1
0.8012091,0.1987909,1
0.76891094,0.23108898,0
0.85703135,0.14296871,0
0.6536408,0.34635916,0
0.99234915,0.0076508652,0
0.9948667,0.005133261,0
0.9678517,0.032148313,0
0.88306624,0.11693383,0
0.8415944,0.1584056,0
0.85177463,0.14822537,0
0.87181216,0.12818782,1
0.88208824,0.117911786,0
0.89178354,0.108216524,0
0.8875488,0.112451166,0
0.8626348,0.13736522,1
0.8084999,0.19150014,1
0.99610704,0.0038929323,1
0.9969945,0.0030054715,0
0.99763954,0.0023604478,0
0.99594206,0.0040578684,0
0.98742723,0.012572796,0
0.56872696,0.431273,1
0.50869036,0.49130964,1
0.4436702,0.5563298,1
0.519379,0.48062095,1
0.6312789,0.36872107,1
0.99440324,0.005596773,0
0.763561,0.23643902,0
0.7677771,0.23222297,0
0.84465814,0.15534188,0
0.947805,0.052194938,0
0.9707802,0.029219726,0
0.3813783,0.6186217,1
0.48119113,0.5188089,1
0.5809056,0.41909435,0
0.5437493,0.45625076,0
0.47500914,0.5249909,1
0.34926724,0.65073276,1
0.32565147,0.6743485,1
0.9477154,0.052284583,0
0.97864556,0.02135446,0
0.83161813,0.16838188,1
0.591241,0.408759,1
0.41719788,0.5828021,1
0.26314843,0.7368516,1
0.73514694,0.26485306,0
0.8050947,0.19490527,0
0.7291093,0.27089065,0
0.79127276,0.20872718,0
0.836861,0.16313893,0
0.8850532,0.11494677,0
0.87614846,0.12385152,0
0.7579801,0.24201997,0
0.25438955,0.7456104,1
0.24916357,0.75083643,1
0.002018574,0.9979814,1
0.13941516,0.8605849,1
0.7763214,0.22367856,0
0.7780208,0.22197917,0
0.73066676,0.26933327,0
0.975094,0.024905965,0
0.9634403,0.036559768,0
0.8289683,0.17103165,0
0.8275878,0.1724122,0
0.7320472,0.2679528,0
0.5983129,0.40168703,0
0.81765956,0.18234044,0
0.8824564,0.11754354,0
0.8808594,0.1191406,0
0.84613246,0.15386754,0
0.9944239,0.005576077,0
0.6986781,0.30132192,0
0.64555395,0.3544461,0
0.6738549,0.3261451,0
0.63144004,0.3685599,1
0.7202996,0.27970037,0
0.73886335,0.26113668,0
0.7807131,0.21928698,1
0.97883284,0.021167196,0
0.9916121,0.00838793,0
0.98966867,0.010331321,0
0.765533,0.23446696,0
0.6910702,0.30892977,1
0.4402358,0.5597642,1
0.5288823,0.47111762,1
0.5333336,0.46666646,1
0.51418555,0.48581448,1
0.5033852,0.49661478,1
0.51025695,0.48974305,1
0.5445712,0.4554288,1
0.54053146,0.45946857,1
0.5401585,0.45984143,0
0.5571711,0.4428289,0
0.5148364,0.4851636,0
0.5106864,0.48931363,1
0.8333598,0.16664024,0
0.98996556,0.010034409,0
0.9907204,0.009279615,0
0.9898644,0.010135635,0
0.89436364,0.10563636,0
0.6470708,0.35292923,0
0.5253275,0.4746725,0
0.42860985,0.5713902,0
0.28147712,0.71852285,1
0.40790555,0.5920944,1
0.6604804,0.3395196,0
0.74136347,0.2586365,0
0.89974123,0.100258745,0
0.97468436,0.025315635,0
0.9389775,0.061022557,0
0.5223869,0.47761303,0
0.52655023,0.4734498,0
0.5486767,0.4513233,0
0.55700636,0.44299367,0
0.54850256,0.45149744,0
0.5371802,0.46281984,0
0.48569408,0.5143059,1
0.3527354,0.64726466,1
0.3386975,0.6613025,1
0.35472497,0.64527506,1
0.341598,0.658402,1
0.96776664,0.032233376,0
0.9192973,0.080702744,0
0.61118376,0.3888163,1
0.6562596,0.34374046,1
0.6444216,0.35557848,1
0.11131847,0.88868153,1
0.5361562,0.4638438,1
0.38439143,0.6156086,1
0.5870934,0.4129066,1
0.7995834,0.20041671,0
0.76165587,0.23834416,0
0.9350696,0.06493033,0
0.75512236,0.24487767,0
0.57396674,0.4260333,0
0.5586588,0.4413412,1
0.71633327,0.2836667,0
0.59741783,0.4025822,0
0.6908089,0.30919105,0
0.6384335,0.36156642,0
0.9785468,0.021453222,0
0.9873077,0.012692196,0
0.9900478,0.009952149,0
0.6334115,0.36658844,1
0.6920967,0.3079033,0
0.9869191,0.013080883,0
0.7700951,0.2299049,0
0.61153895,0.38846102,0
0.69361013,0.30638987,1
0.7121767,0.2878233,0
0.72380453,0.27619547,1
0.96526694,0.034733094,0
0.43871126,0.5612887,1
0.5042929,0.49570712,1
0.72931063,0.27068943,1
0.7221782,0.27782175,1
0.6939032,0.30609676,1
0.62927014,0.37072977,1
0.93519056,0.06480945,1
0.94458103,0.055418946,0
0.97813785,0.02186218,0
0.9838219,0.016178073,0
0.9655757,0.034424294,0
0.34504515,0.65495485,1
0.5252732,0.47472677,0
0.61554724,0.3844527,0
0.6519416,0.34805846,0
0.7310503,0.26894972,0
0.66766113,0.3323388,0
0.59495735,0.40504268,0
0.58356285,0.41643715,0
0.96433836,0.035661582,0
0.9493019,0.050698087,0
0.44503158,0.5549684,1
0.42242438,0.57757556,1
0.3394478,0.6605522,1
0.33387652,0.6661235,1
0.4259521,0.5740479,1
0.38588798,0.614112,1
0.30991068,0.6900893,0
0.8856885,0.114311494,0
0.9252031,0.07479697,0
0.91938776,0.08061226,0
0.6771561,0.32284394,0
0.6796061,0.32039398,0
0.59645396,0.40354604,0
0.56372195,0.436278,0
0.2976689,0.70233107,1
0.26407692,0.7359231,1
0.1770317,0.8229683,1
0.5296268,0.4703732,0
0.78514075,0.21485926,1
0.9687695,0.03123049,0
0.6093696,0.3906304,1
0.5072324,0.4927675,1
0.28792384,0.7120762,1
0.5353251,0.46467486,0
0.80155975,0.19844022,1
0.9645596,0.03544042,0
0.69715977,0.3028402,1
0.26181504,0.7381849,1
0.21241772,0.7875823,1
0.19600241,0.80399764,1
0.18248853,0.8175115,1
0.17975904,0.8202409,1
0.570405,0.42959502,0
0.5544117,0.44558832,1
0.6603786,0.33962142,1
0.88531536,0.114684634,0
0.9231435,0.07685651,0
0.9604406,0.03955939,0
0.60563636,0.39436364,1
0.68360454,0.31639543,0
0.73644227,0.26355764,0
5.7996946e-05,0.99994195,1
0.0045723105,0.9954277,1
0.39377707,0.6062229,0
0.40669546,0.5933045,0
0.67716736,0.3228326,0
0.69640684,0.3035932,0
0.96962243,0.0303776,0
0.926545,0.073454976,0
0.6713776,0.32862243,0
0.6404283,0.3595717,0
0.6496669,0.35033312,0
0.47367084,0.52632916,0
0.6412246,0.35877544,0
0.46372968,0.5362703,1
0.4925453,0.50745463,0
0.77499187,0.22500819,1
0.73872936,0.26127064,1
0.9019195,0.09808051,1
0.9753086,0.024691368,0
0.9760542,0.023945758,0
0.5544046,0.44559538,1
0.3667224,0.6332776,1
0.45504943,0.5449506,1
0.40967873,0.59032124,1
0.23211351,0.7678865,1
0.415866,0.58413404,1
0.5401604,0.45983952,1
0.9318677,0.06813228,0
0.518525,0.481475,0
0.48643234,0.5135677,1
0.51271725,0.48728278,1
0.4483609,0.5516391,0
0.43716884,0.56283116,1
0.4071567,0.5928433,0
0.26399112,0.7360089,0
0.9709042,0.029095793,0
0.64670914,0.3532909,0
0.7071042,0.2928958,0
0.54464054,0.45535946,0
0.49990588,0.5000941,0
0.6097354,0.39026466,0
0.7805228,0.21947719,0
0.58023095,0.419769,0
0.6240844,0.37591562,0
0.9549006,0.045099344,0
0.95793545,0.04206457,0
0.895874,0.104125924,1
0.5959359,0.40406415,1
0.4938332,0.5061669,1
0.80273813,0.19726187,0
0.7539092,0.24609083,0
0.7341878,0.26581225,0
0.65101993,0.34898,0
0.679755,0.32024506,0
0.6896734,0.31032664,0
0.3881662,0.61183375,1
0.4283891,0.57161087,1
0.62909317,0.37090674,1
0.64733785,0.35266212,0
0.7371262,0.26287377,0
0.73869205,0.26130795,0
0.9164315,0.083568536,0
0.98263997,0.017360007,0
0.3692051,0.63079494,1
0.33237463,0.66762537,1
0.34486884,0.6551311,1
0.642167,0.35783303,0
0.8499014,0.15009862,0
0.8206522,0.17934789,0
0.7134804,0.28651965,0
0.8151846,0.1848154,0
0.6073356,0.39266446,0
0.84699583,0.15300411,0
0.92163676,0.07836322,0
0.59937733,0.40062267,0
0.68593377,0.31406617,0
0.63950974,0.36049023,1
0.6121609,0.38783908,1
0.61522216,0.38477787,1
0.6441141,0.35588592,1
0.57699203,0.42300797,1
0.5161032,0.48389685,1
0.59282124,0.40717876,1
0.5847666,0.41523334,0
0.7010518,0.29894826,0
0.521686,0.478314,0
0.5221108,0.47788918,0
0.91630906,0.083690934,0
0.9581243,0.041875754,0
0.40322694,0.596773,1
0.4376069,0.5623932,1
0.56451,0.43549007,0
0.6960254,0.3039746,0
0.9431093,0.05689076,0
0.9409896,0.05901037,0
0.91727096,0.082729,0
0.83216554,0.16783452,0
0.50603276,0.4939672,0
0.42923364,0.5707664,0
0.4481815,0.5518185,1
0.35137346,0.64862657,0
0.3748791,0.62512094,1
0.3767481,0.6232519,0
0.33440894,0.66559106,1
0.4020545,0.59794545,0
0.97574586,0.024254138,0
0.9666654,0.03333461,0
0.7559577,0.2440423,0
0.4726442,0.52735573,1
0.5672417,0.4327583,1
0.55693793,0.44306207,1
0.5470562,0.45294383,1
0.5291065,0.47089356,1
0.36237547,0.6376245,1
0.3548651,0.6451349,1
0.9188824,0.08111754,0
0.98121727,0.018782735,0
0.974697,0.02530302,0
0.966817,0.033182964,0
0.9401615,0.05983852,0
0.784494,0.215506,1
0.69412714,0.3058728,0
0.63101405,0.36898595,0
0.60430634,0.3956937,0
0.5671181,0.4328819,0
0.69222987,0.30777007,0
0.6991538,0.3008462,0
0.76188153,0.23811847,0
0.7204231,0.27957693,0
0.6666639,0.3333361,0
0.5925918,0.40740815,0
0.690441,0.30955893,1
0.68695885,0.3130411,0
0.52867985,0.47132006,1
0.5134094,0.4865906,1
0.45924962,0.5407503,1
0.26775646,0.73224354,1
0.6577802,0.34221983,1
0.6491949,0.35080513,0
0.6227567,0.37724325,0
0.96007025,0.039929733,0
0.9762274,0.023772586,0
0.71869427,0.28130573,0
0.72427213,0.27572793,0
0.6649283,0.33507165,0
0.6913914,0.3086086,0
0.7729373,0.22706272,0
0.79919547,0.2008045,0
0.7295391,0.27046093,0
0.7840552,0.21594484,1
0.7918481,0.2081519,1
0.67059916,0.32940084,0
0.90081894,0.09918108,0
0.9506194,0.04938062,0
0.6888355,0.3111645,1
0.52116185,0.47883812,1
0.5039044,0.49609566,1
0.5953659,0.40463403,1
0.44786248,0.55213755,1
0.47483152,0.5251685,1
0.4765926,0.5234074,1
0.6415703,0.35842967,0
0.6836809,0.31631908,0
0.9020319,0.09796808,0
0.8608253,0.13917473,0
0.36999217,0.6300078,0
0.3752416,0.62475836,1
0.64596546,0.3540345,1
0.5778547,0.42214534,1
0.6423033,0.35769677,0
0.9806425,0.0193575,0
0.9525951,0.047404896,0
0.93756115,0.06243888,0
0.84470546,0.15529446,0
0.54852766,0.4514723,0
0.50682014,0.49317992,1
0.48479593,0.51520413,1
0.3447307,0.65526927,1
0.26290944,0.7370906,0
0.28958604,0.710414,0
0.880251,0.119749,0
0.9494013,0.0505987,0
0.8247581,0.17524187,1
0.64944315,0.35055685,0
0.39065903,0.609341,1
0.1573969,0.84260315,1
0.2842516,0.71574837,1
0.4984259,0.5015741,0
0.7786426,0.22135742,0
0.53709114,0.46290895,0
0.8059031,0.19409695,0
0.5785591,0.4214409,0
0.16347569,0.8365243,1
0.30351317,0.69648683,0
0.6265845,0.37341544,0
0.8797107,0.12028927,0
0.9171125,0.08288748,0
0.729451,0.270549,0
0.74565804,0.25434202,0
0.72886515,0.2711349,0
0.30005708,0.69994295,1
0.8522925,0.14770749,0
0.7642504,0.23574965,0
0.82025737,0.17974268,0
0.72498745,0.2750125,0
0.43018085,0.56981915,0
0.39570227,0.60429776,0
0.4628339,0.53716606,0
0.47904828,0.5209517,1
0.06554459,0.9344554,1
0.7247861,0.2752139,0
0.368044,0.631956,1
0.8219184,0.17808162,0
0.8968371,0.10316292,0
0.45883074,0.5411693,0
0.9729835,0.027016494,0
0.95740837,0.042591613,0
0.78697795,0.21302208,0
0.4211398,0.57886016,0
0.46131143,0.53868854,1
0.5292649,0.47073507,1
0.7253745,0.27462548,1
0.556507,0.44349298,1
0.55131185,0.4486882,1
0.62495995,0.37504005,1
0.5287939,0.47120613,0
0.4750487,0.52495134,1
0.48094285,0.5190572,1
0.4491431,0.5508569,1
0.53611267,0.46388733,0
0.48660323,0.51339674,0
0.94103616,0.0589639,0
0.8750046,0.1249954,0
0.46793917,0.53206086,0
0.5179691,0.48203093,0
0.4223364,0.5776636,0
0.3353321,0.66466796,0
0.24905764,0.7509424,0
0.90981996,0.090180025,0
0.9627832,0.037216756,0
0.78242975,0.2175702,1
0.66909933,0.3309007,1
0.55406374,0.44593626,1
0.4939929,0.5060071,1
0.6932914,0.30670854,0
0.75113237,0.24886763,0
0.72033143,0.2796686,0
0.5269061,0.47309396,0
0.66222686,0.3377731,1
0.7116782,0.2883218,1
0.58236325,0.41763672,0
0.5763423,0.42365772,1
0.46326157,0.53673846,1
0.4390609,0.56093913,1
0.40762544,0.59237456,1
0.46396276,0.5360372,0
0.71180815,0.2881918,1
0.90839106,0.091608986,1
0.91750324,0.08249682,1
0.4892975,0.5107025,0
0.5183894,0.48161063,0
0.41659236,0.5834076,0
0.34874368,0.65125626,1
0.45649937,0.54350066,1
0.6892532,0.3107468,0
0.6901808,0.3098192,0
0.71930754,0.28069237,0
0.6398481,0.36015186,0
0.9465672,0.053432815,0
0.928139,0.07186103,0
0.46722892,0.53277105,1
0.5829099,0.41709012,0
0.4946607,0.50533926,0
0.53575176,0.4642482,1
0.58465266,0.41534734,1
0.74728245,0.25271755,0
0.7929317,0.20706834,0
0.96554315,0.034456864,0
0.9699082,0.030091833,0
0.450912,0.549088,0
0.56026036,0.43973964,0
0.6201923,0.37980768,0
0.5944685,0.40553144,0
0.55429775,0.44570222,0
0.5312701,0.4687299,0
0.77352107,0.2264789,0
0.85931695,0.14068307,0
0.9313166,0.06868339,0
0.9705812,0.029418787,0
0.36250523,0.6374947,0
0.4937109,0.5062891,0
0.44733492,0.5526652,0
0.4263453,0.5736547,0
0.4570128,0.54298717,1
0.43477765,0.5652223,1
0.40033686,0.5996632,1
0.65283084,0.34716916,0
0.90384686,0.0961532,0
0.9043228,0.09567719,0
0.9680549,0.031945065,0
0.58374983,0.41625014,0
0.41216198,0.587838,1
0.29169944,0.70830053,0
0.91170484,0.088295124,0
0.87243515,0.12756485,0
0.7303464,0.26965362,0
0.59229636,0.40770364,0
0.7876908,0.21230912,0
0.5508183,0.44918165,0
0.6027036,0.39729637,0
0.6812184,0.31878158,0
0.68779564,0.3122044,0
0.6782934,0.32170656,0
0.6560003,0.34399968,0
0.5522719,0.44772813,0
0.64725256,0.3527474,0
0.8777099,0.12229012,1
0.95346653,0.046533458,0
0.8909863,0.10901366,0
0.7709299,0.22907016,0
0.5342424,0.46575755,0
0.51336956,0.48663044,0
0.549138,0.450862,1
0.7286559,0.2713441,1
0.69540423,0.30459574,1
0.7229238,0.27707613,1
0.53551924,0.46448076,1
0.7471063,0.25289372,1
0.868102,0.13189793,0
0.48653853,0.51346153,1
0.4951832,0.50481683,1
0.6667393,0.33326074,0
0.65336007,0.34663996,0
0.6267404,0.3732596,1
0.9072868,0.09271317,0
0.42170003,0.57829994,1
0.4237008,0.57629925,1
0.797211,0.202789,0
0.825753,0.17424703,0
0.755399,0.24460106,0
0.6683543,0.33164573,0
0.7342853,0.2657147,0
0.9555157,0.04448432,0
0.94031876,0.05968124,0
0.622215,0.37778503,0
0.744841,0.25515902,0
0.6994611,0.30053893,0
0.6868371,0.31316292,0
0.6742316,0.3257684,0
0.6910118,0.30898827,0
0.74293065,0.25706935,0
0.8441122,0.15588784,1
0.98245484,0.017545195,0
0.47230873,0.5276913,1
0.3087801,0.69121987,1
0.39051035,0.6094897,1
0.48567945,0.51432055,1
0.5482248,0.4517752,0
0.5512833,0.44871676,0
0.57174164,0.42825833,1
0.64980775,0.35019225,0
0.9488974,0.051102646,0
0.9310208,0.06897923,0
0.973552,0.026448034,0
0.9871824,0.012817666,0
0.6724087,0.3275913,0
0.52555144,0.4744486,1
0.4949564,0.50504357,1
0.34415123,0.6558487,1
0.31527403,0.684726,1
0.24468261,0.7553174,1
0.89698863,0.10301134,1
0.921435,0.078565,1
0.9705248,0.029475164,0
0.9540788,0.045921255,0
0.72283435,0.27716565,1
0.50730956,0.49269044,1
0.6368415,0.36315852,0
0.7262461,0.27375388,0
0.73940426,0.26059574,0
0.6632313,0.3367687,0
0.806647,0.19335301,0
0.5001579,0.4998421,1
0.8558268,0.1441732,1
0.74195576,0.25804424,1
0.66583735,0.3341626,1
0.4874313,0.5125687,0
0.5951476,0.40485242,1
0.5637152,0.43628475,0
0.6985618,0.30143818,1
0.6808651,0.31913486,1
0.625518,0.37448204,1
0.79405653,0.20594347,0
0.36127678,0.6387232,1
0.037069835,0.9629302,1
0.03284247,0.96715754,1
0.02955437,0.97044563,1
0.68240625,0.31759372,0
0.7345169,0.2654831,0
0.79850554,0.2014945,0
0.94887936,0.05112062,0
0.96781,0.032190077,0
0.95949394,0.04050606,0
0.94063103,0.059368946,0
0.8425193,0.1574807,0
0.6953967,0.30460334,1
0.47064796,0.52935207,0
0.40595874,0.5940412,0
7.44966e-09,1.0,1
0.4701867,0.52981323,0
0.8126238,0.18737625,0
0.6835614,0.31643862,0
0.8056449,0.19435509,0
0.876091,0.12390896,0
0.53027695,0.469723,0
0.49031305,0.50968695,0
0.40103805,0.59896195,0
0.48020992,0.5197901,0
0.5381217,0.46187827,0
0.46725893,0.532741,1
0.8314991,0.1685009,0
0.7078802,0.29211986,1
0.5263599,0.47364008,1
0.42202383,0.57797617,1
0.33696574,0.66303426,1
0.3381778,0.6618222,1
0.60567683,0.3943232,0
0.98688436,0.013115672,0
0.9413862,0.058613714,0
0.9319652,0.06803483,0
0.4186046,0.5813953,1
0.38978463,0.61021537,1
0.8849395,0.11506045,0
0.5608259,0.43917418,1
0.6591356,0.34086445,1
0.503567,0.49643305,1
0.5200805,0.47991946,1
0.47433195,0.525668,1
0.767967,0.23203304,0
0.54343855,0.45656145,0
0.5563772,0.4436228,0
0.52610594,0.4738941,0
0.47065216,0.5293479,1
0.34633476,0.65366524,1
0.5695917,0.43040827,0
0.68767697,0.31232306,0
0.6831756,0.3168244,0
0.5731505,0.42684948,0
0.70639116,0.29360884,1
0.5477439,0.4522561,0
0.5519441,0.44805595,0
0.28984073,0.7101593,1
0.6440751,0.3559249,0
0.8440468,0.15595318,0
0.5525506,0.4474494,0
0.5819881,0.41801187,0
0.49201548,0.5079846,0
0.5991555,0.40084454,0
0.77852285,0.22147714,0
0.7859386,0.21406142,0
0.7385699,0.26143008,0
0.8229025,0.17709754,0
0.86575985,0.13424015,0
0.96007013,0.039929837,0
0.8525396,0.14746034,0
0.6699067,0.33009332,0
0.48190653,0.51809347,0
0.5314055,0.46859452,1
0.4905257,0.5094743,1
0.8171976,0.18280236,0
0.8068568,0.19314313,0
0.79366183,0.20633817,0
0.8062706,0.19372936,0
0.74410695,0.255893,1
0.6943499,0.30565017,0
0.87451094,0.12548903,0
0.9717165,0.028283525,0
0.91454786,0.085452095,0
0.41364348,0.5863565,1
0.7221579,0.27784207,0
0.7462644,0.2537356,1
0.65105206,0.34894788,1
0.97798,0.022019984,0
0.9818324,0.018167611,0
0.67674375,0.32325625,1
0.5149657,0.48503432,1
0.52926797,0.4707321,1
0.6061052,0.39389482,0
0.6064184,0.39358172,0
0.31043562,0.68956435,1
0.3341937,0.6658063,1
0.91647977,0.08352024,0
0.91034985,0.0896502,0
0.9363149,0.06368507,0
0.752916,0.24708405,1
0.6111083,0.38889164,0
0.6268253,0.37317473,0
0.668329,0.33167106,1
0.67153704,0.32846293,0
0.6677028,0.3322972,0
0.6477356,0.3522644,0
0.6290837,0.3709164,1
0.62772727,0.3722728,0
0.6192547,0.38074532,0
0.6375392,0.36246076,0
0.62345517,0.37654486,0
0.57278496,0.42721507,1
0.6777511,0.32224897,1
0.9133853,0.08661471,0
0.97031295,0.029687036,0
0.6793315,0.32066852,1
0.55727625,0.44272375,1
0.5425591,0.4574409,1
0.50236386,0.49763614,1
0.6146493,0.38535073,1
0.60355,0.39645,1
0.66533273,0.3346673,1
0.64702827,0.35297176,0
0.6685126,0.33148745,1
0.58682334,0.41317666,1
0.97461355,0.025386473,0
0.6101441,0.38985592,1
0.67781156,0.32218844,1
0.57116526,0.4288347,1
0.52595526,0.4740447,1
0.5232581,0.47674194,1
0.42838606,0.57161397,1
0.24055126,0.75944877,1
0.32564655,0.6743535,1
0.724287,0.27571303,0
0.58292407,0.4170759,0
0.51445895,0.48554102,0
0.75899863,0.24100138,0
0.9040146,0.09598545,0
0.91609734,0.08390271,0
0.53287524,0.46712482,1
0.23192576,0.7680742,1
0.3562307,0.64376926,1
0.67429674,0.32570326,1
0.78043437,0.21956569,0
0.9129631,0.08703692,0
0.7588922,0.24110785,0
0.37546486,0.6245351,1
0.36047,0.63953,1
0.3683616,0.63163835,1
0.4344999,0.56550014,1
0.45714504,0.542855,1
0.7538705,0.2461295,0
0.7380553,0.26194474,0
0.6578519,0.34214813,0
0.7660425,0.23395751,0
0.9317571,0.06824292,0
0.9522051,0.047794886,0
0.72319835,0.2768016,0
0.3126016,0.68739843,1
0.3502585,0.64974153,1
0.41085157,0.58914846,1
0.42349344,0.57650656,1
0.51057243,0.48942757,1
0.54784286,0.45215717,0
0.6647266,0.33527339,0
0.9314856,0.06851442,0
0.98138094,0.01861907,0
0.9810126,0.018987441,0
0.9763545,0.023645513,0
0.959579,0.040420942,0
0.94204867,0.057951376,0
0.92563003,0.074370004,0
0.6152315,0.38476846,1
0.5419373,0.45806274,1
0.5056748,0.49432522,1
0.5122125,0.48778746,1
0.5957807,0.40421933,1
0.5148472,0.4851527,1
0.41060436,0.58939564,1
0.39395568,0.60604435,1
0.8977321,0.10226793,1
0.91126007,0.08873994,1
0.96239555,0.037604496,0
0.58076286,0.41923714,1
0.6996363,0.30036375,1
0.48302588,0.5169741,0
0.6973733,0.30262673,0
0.64252675,0.35747328,0
0.6297129,0.3702871,0
0.623536,0.37646404,0
0.9063121,0.093687885,0
0.9205983,0.07940166,0
0.51548475,0.48451528,1
0.46059358,0.5394065,1
0.49751475,0.5024853,1
0.6542056,0.34579435,1
0.6703546,0.32964543,1
0.9079325,0.09206747,1
0.9484719,0.051528145,0
0.96767676,0.032323252,0
0.5303698,0.46963015,1
0.4916962,0.5083038,1
0.451133,0.5488669,1
0.48535904,0.5146409,1
0.7694465,0.23055348,0
0.8532484,0.14675155,0
0.7594197,0.24058038,0
0.633339,0.36666098,0
0.61874866,0.38125134,0
0.61677647,0.3832235,0
0.98005337,0.019946648,0
0.73172826,0.26827174,1
0.54094017,0.45905986,0
0.54062414,0.45937586,1
0.5816609,0.41833907,1
0.6343427,0.36565742,1
0.7345546,0.26544544,0
0.8142572,0.1857428,0
0.91866904,0.08133091,0
0.6490544,0.3509455,1
0.5154834,0.48451665,1
0.51795447,0.48204556,1
0.62253183,0.3774682,1
0.5352974,0.4647026,1
0.6323334,0.36766666,1
0.699383,0.30061692,0
0.7872699,0.21273006,0
0.62368554,0.3763144,0
0.69835395,0.30164602,0
0.75054425,0.24945578,0
0.8623367,0.13766332,0
0.9644191,0.03558095,0
0.696252,0.30374804,0
0.61525357,0.38474652,0
0.45153728,0.5484626,0
0.5074028,0.49259722,1
0.5177124,0.4822876,1
0.6320311,0.36796892,0
0.6445863,0.35541368,0
0.6674041,0.33259585,0
0.95154375,0.048456304,0
0.63488346,0.36511654,0
0.5354691,0.46453092,0
0.45006746,0.54993254,1
0.37724653,0.6227534,1
0.4621295,0.5378705,1
0.46456105,0.535439,1
0.52327204,0.4767279,1
0.48081562,0.5191844,1
0.26392794,0.736072,1
0.045652002,0.95434797,1
0.75381356,0.24618638,0
0.8420287,0.15797126,0
0.65369064,0.3463094,0
0.64286846,0.35713157,0
0.73943233,0.26056767,0
0.87008536,0.1299146,0
0.94637686,0.05362316,0
0.44118884,0.5588111,0
0.47253346,0.52746654,0
0.72247386,0.27752617,0
0.7179087,0.2820913,0
0.631761,0.368239,0
0.69573224,0.30426773,0
0.9208621,0.07913788,0
0.967224,0.03277595,0
0.7139032,0.28609684,1
0.60509235,0.39490765,1
0.5982163,0.40178362,1
0.74598986,0.25401017,0
0.7705634,0.2294365,0
0.7918047,0.20819536,0
0.67806387,0.32193613,0
0.6908749,0.30912516,0
0.7395654,0.2604347,0
0.96284056,0.037159454,0
0.6616517,0.3383483,0
0.67413193,0.32586807,0
0.66218424,0.33781582,1
0.662012,0.33798802,1
0.7674791,0.23252095,0
0.7635118,0.23648813,1
0.8001996,0.19980037,0
0.7880144,0.21198562,0
0.7238694,0.27613062,0
0.7369647,0.2630353,0
0.75134784,0.24865209,0
0.7424832,0.25751683,1
0.7454244,0.25457567,1
0.7951304,0.20486961,1
0.9208856,0.079114385,0
0.8675585,0.13244148,0
0.5703917,0.4296083,1
0.5919335,0.40806648,1
0.5212596,0.47874045,1
0.59155375,0.40844625,1
0.7479043,0.25209573,1
0.7173991,0.28260094,0
0.61649096,0.38350904,0
0.81428105,0.18571897,0
0.87458605,0.12541392,1
0.96545213,0.034547914,0
0.95307785,0.046922155,0
0.7006377,0.29936233,1
0.62681943,0.37318054,1
0.50117046,0.49882954,1
0.48629507,0.51370496,1
0.60267264,0.39732736,1
0.68631,0.31368998,1
0.6817161,0.31828392,1
0.68992865,0.31007135,1
0.68292445,0.31707558,1
0.628189,0.37181097,1
0.70339334,0.29660663,0
0.75798434,0.24201566,0
0.82189107,0.17810898,0
0.93427825,0.06572174,0
0.93993926,0.060060747,0
0.9379157,0.062084317,0
0.8589066,0.14109337,0
0.53688526,0.4631147,1
0.5317489,0.46825114,1
0.5320778,0.46792212,1
0.54393125,0.45606878,1
0.50479025,0.49520975,0
0.4738371,0.52616286,1
0.5172638,0.48273623,1
0.5020298,0.49797022,1
0.5951271,0.40487295,1
0.52450687,0.47549316,1
0.8906444,0.109355666,0
0.80819,0.19181003,0
0.71005785,0.28994215,1
0.50727135,0.4927287,1
0.32721704,0.67278296,1
0.22227801,0.777722,1
0.20016979,0.7998302,1
0.29515663,0.70484334,1
0.35281876,0.6471813,1
0.2300652,0.76993483,1
0.32942796,0.6705721,1
0.8728143,0.12718564,0
0.75587493,0.24412508,1
0.8905644,0.109435566,0
0.7469005,0.2530995,0
0.35528967,0.64471036,1
0.42685533,0.57314473,0
0.44674483,0.55325514,0
0.42730433,0.5726957,0
0.45552197,0.544478,0
0.61868966,0.3813103,0
0.69200784,0.30799222,0
0.35993,0.6400699,1
0.62653863,0.37346137,1
0.8871009,0.112899065,0
0.8536842,0.1463158,0
0.9009323,0.09906761,0
0.6545875,0.34541255,0
0.9538432,0.046156876,0
0.9575656,0.042434443,0
0.9251555,0.0748445,0
0.6426003,0.35739967,0
0.7992556,0.20074442,0
0.8280403,0.17195968,1
0.81916165,0.18083833,0
0.88620293,0.113797106,0
0.84944284,0.15055713,1
0.71436024,0.28563973,1
0.96218336,0.0378166,0
0.7464131,0.25358683,1
0.49935284,0.5006472,0
0.5624643,0.43753576,0
0.5017724,0.49822763,1
0.5667264,0.4332736,0
0.7237021,0.2762979,1
0.74392736,0.2560727,1
0.81988335,0.18011662,1
0.7399278,0.26007217,1
0.90571773,0.094282314,1
0.96795994,0.032040063,0
0.9666163,0.033383723,1
0.9523223,0.04767773,0
0.8820953,0.117904685,0
0.38598117,0.61401886,1
0.32902393,0.6709761,1
0.47542778,0.52457225,0
0.64606994,0.35393003,0
0.59232914,0.4076709,0
0.51070493,0.48929507,1
0.69103724,0.30896276,0
0.7205667,0.2794333,1
0.686984,0.313016,0
0.7862122,0.21378781,0
0.57877314,0.42122692,0
0.7563166,0.24368338,0
0.760836,0.23916395,0
0.94421446,0.055785503,0
0.96598834,0.034011673,0
0.9755123,0.024487637,0
0.94812584,0.0518741,0
0.8980327,0.10196726,0
0.51784617,0.48215377,0
0.4844719,0.51552814,0
0.46767735,0.53232265,1
0.47198433,0.5280157,1
0.42842564,0.57157433,1
0.44918177,0.5508182,1
0.34482515,0.6551748,1
0.2615625,0.73843753,1
0.9194424,0.08055757,1
0.67387795,0.32612202,1
0.5498777,0.45012224,1
0.60133475,0.3986652,1
0.40927032,0.5907297,1
0.62784845,0.3721515,1
0.5680024,0.43199766,1
0.27891177,0.72108823,1
0.86443895,0.1355611,0
0.8612585,0.13874143,0
0.89578766,0.104212366,0
0.733795,0.26620495,0
0.5298816,0.4701184,0
0.5801816,0.41981837,0
0.6101002,0.38989985,0
0.16162524,0.8383748,1
0.2317898,0.7682102,1
0.29985806,0.70014197,1
0.7921978,0.20780215,0
0.80413884,0.19586116,0
0.6618586,0.3381414,1
0.7766576,0.2233424,0
0.93222934,0.06777067,0
0.9529182,0.047081877,0
0.963349,0.03665101,0
0.9658287,0.034171235,0
0.6064928,0.3935072,0
0.59000814,0.40999183,0
0.6266253,0.37337473,0
0.56147647,0.43852356,0
0.4396587,0.56034124,1
0.70457727,0.29542273,0
0.79415494,0.20584498,1
0.8409424,0.15905759,0
0.69545525,0.30454472,0
0.720862,0.27913803,0
0.6443693,0.3556308,0
0.4422,0.5578,1
0.9636518,0.036348213,0
0.6510922,0.34890783,0
0.5654591,0.4345409,1
0.5885195,0.41148046,1
0.5373159,0.46268412,0
0.7265448,0.2734552,0
0.72814405,0.27185604,1
0.82750094,0.17249906,0
0.77289724,0.22710268,0
0.69975203,0.300248,0
0.8699503,0.13004968,1
0.9864585,0.0135415085,0
0.57184595,0.42815402,0
0.6974448,0.30255523,0
0.64135236,0.35864758,0
0.08642802,0.913572,1
0.08347472,0.9165253,1
0.5012999,0.49870014,1
0.60754436,0.3924556,0
0.35102665,0.6489734,1
0.9508637,0.049136315,0
0.9925182,0.0074818167,0
0.9921285,0.007871566,0
0.49994028,0.5000597,0
0.642642,0.35735804,0
0.68323123,0.3167687,0
0.78360724,0.21639271,0
0.5263904,0.47360957,0
0.64724255,0.35275745,0
0.6955998,0.30440024,0
0.964092,0.035907973,0
0.97784525,0.022154737,0
0.48194617,0.5180538,0
0.44871956,0.5512805,0
0.5254618,0.47453818,0
0.5094734,0.49052662,0
0.49640012,0.50359994,0
0.32936117,0.6706388,0
0.30303544,0.69696456,1
0.28301755,0.7169825,0
0.8873701,0.11262988,0
0.92073536,0.07926471,0
0.97818965,0.021810332,0
0.9818844,0.0181156,0
0.88115287,0.118847124,0
0.58162504,0.418375,1
0.5242905,0.47570956,1
0.51182353,0.48817644,1
0.93387264,0.066127375,0
0.98061335,0.019386679,0
0.974114,0.025886063,0
0.47248438,0.5275156,1
0.55376214,0.44623792,1
0.59505653,0.4049435,0
0.61674446,0.3832555,0
0.5733402,0.42665985,0
0.67789185,0.32210815,0
0.48950955,0.5104905,1
0.7162146,0.28378543,1
0.9641554,0.035844658,0
0.799328,0.20067197,1
0.73365957,0.26634043,1
0.75206774,0.24793226,1
0.64564365,0.35435632,1
0.59838635,0.4016137,1
0.7068355,0.29316446,1
0.6555773,0.34442267,1
0.54782,0.45218,1
0.2528555,0.74714446,1
0.43091092,0.56908906,1
0.9098536,0.09014636,0
0.5139632,0.48603678,0
0.51922977,0.48077014,0
0.5234346,0.47656536,0
0.56978434,0.43021563,0
0.6284276,0.3715723,0
0.7935469,0.20645307,0
0.78205156,0.21794847,0
0.6963016,0.30369842,0
0.7829126,0.21708734,0
0.7389764,0.26102364,0
0.908699,0.09130102,0
0.9441695,0.05583051,0
0.95258105,0.047418915,0
0.48679462,0.5132054,1
0.5113352,0.4886648,1
0.49332857,0.5066714,0
0.5245482,0.47545183,0
0.55190927,0.44809073,1
0.6184945,0.38150546,1
0.65680313,0.34319693,1
0.7127616,0.2872384,1
0.81847036,0.1815297,1
0.9611803,0.03881968,0
0.5270781,0.47292194,1
0.7317452,0.26825482,1
0.689804,0.31019595,1
0.64925104,0.35074893,1
0.8229396,0.17706043,1
0.9702435,0.029756516,0
0.80874807,0.19125196,1
0.59331024,0.40668973,1
0.3956698,0.6043302,1
0.27436695,0.725633,1
0.7121191,0.28788093,1
0.604479,0.395521,1
0.77554935,0.22445062,1
0.83937275,0.16062728,1
0.6365249,0.36347505,0
0.7991686,0.2008314,0
0.9279108,0.0720892,0
0.73267925,0.26732075,0
0.6795247,0.3204752,0
0.7653617,0.23463829,0
0.77367723,0.2263227,1
0.74750924,0.2524907,1
0.7782219,0.22177805,1
0.89907277,0.100927204,0
0.6981339,0.30186614,0
0.70773095,0.2922691,0
0.7131022,0.28689772,1
0.6432458,0.35675418,1
0.960867,0.039133012,0
0.77740365,0.22259644,0
0.5822372,0.4177628,0
0.58066183,0.41933814,1
0.5884894,0.41151056,0
0.58838856,0.41161144,0
0.60931325,0.39068678,0
0.65876573,0.3412343,0
0.7372734,0.26272666,0
0.8777582,0.12224176,0
0.961478,0.03852205,0
0.95752627,0.0424737,0
0.9433791,0.05662086,0
0.89548683,0.104513206,0
0.55690414,0.44309586,0
0.5652228,0.43477723,0
0.5965825,0.40341747,0
0.5435954,0.4564046,1
0.6697988,0.33020124,1
0.7028146,0.29718542,0
0.86673605,0.13326392,0
0.7718681,0.22813185,1
0.7345549,0.26544514,1
0.8822198,0.117780164,0
0.96259034,0.037409615,0
0.8726197,0.12738034,0
0.73083645,0.26916352,0
0.57849383,0.42150626,0
0.5297341,0.4702659,0
0.5842709,0.4157291,0
0.7171624,0.28283763,1
0.89490277,0.105097294,1
0.96531546,0.034684554,0
0.9755976,0.024402319,0
0.9639431,0.03605692,0
0.66223025,0.33776984,1
0.71777976,0.28222027,0
0.7403406,0.2596594,0
0.83698493,0.16301501,0
0.638702,0.36129802,0
0.6671404,0.33285955,1
0.909639,0.09036104,0
0.9778748,0.02212525,0
0.4992757,0.5007243,1
0.48134622,0.51865375,1
0.4859749,0.51402503,1
0.53152156,0.4684784,1
0.5276137,0.47238633,1
0.51322114,0.48677883,1
0.42214063,0.57785934,1
0.4483521,0.55164796,1
0.46343198,0.53656805,1
0.3544471,0.6455529,1
0.344573,0.65542704,1
0.3325058,0.66749424,0
0.3349412,0.6650588,1
0.87587637,0.12412361,0
0.9248528,0.07514718,0
0.9301416,0.06985832,0
0.6912111,0.30878884,0
0.80503345,0.19496652,0
0.8156406,0.18435939,0
0.817696,0.18230405,0
0.862121,0.13787895,0
0.68816274,0.3118373,1
0.8065589,0.19344108,0
0.8641263,0.13587368,0
0.8679444,0.13205561,0
0.89906585,0.10093417,0
0.73739856,0.2626014,1
0.8734594,0.12654062,0
0.9446369,0.05536307,0
0.687054,0.31294605,0
0.6677944,0.33220562,0
0.75672567,0.24327436,0
0.86164606,0.13835388,0
0.7444947,0.25550532,0
0.8298027,0.17019737,0
0.8651723,0.1348277,0
0.835894,0.16410607,0
0.93805957,0.061940398,0
0.7008492,0.29915085,0
0.7494621,0.25053784,0
0.74076015,0.25923988,0
0.7508047,0.24919531,0
0.8087963,0.19120373,0
0.8203262,0.17967382,1
0.85008144,0.14991853,0
0.89459336,0.10540662,0
0.9047593,0.095240735,0
0.775917,0.22408296,0
0.94338214,0.0566178,0
0.6734029,0.32659715,0
0.6348216,0.3651784,0
0.7899655,0.21003452,0
0.74541783,0.25458217,1
0.7631435,0.23685655,1
0.737886,0.26211393,1
0.8889916,0.11100844,1
0.9316354,0.068364605,1
0.9678871,0.032112863,0
0.89345175,0.10654825,1
0.65329844,0.34670156,0
0.7975253,0.2024747,0
0.8135825,0.18641758,0
0.86303777,0.13696228,0
0.86687565,0.13312441,0
0.8971542,0.102845795,0
0.8569303,0.14306968,0
0.60343605,0.39656395,1
0.8826164,0.11738358,0
0.6511367,0.3488634,1
0.6542448,0.34575525,1
0.65627056,0.3437294,1
0.8495574,0.15044257,0
0.8361433,0.16385671,0
0.87248796,0.12751205,0
0.9346833,0.06531666,0
0.5603709,0.43962902,1
0.48615935,0.5138407,1
0.55011505,0.44988495,1
0.5758287,0.42417133,0
0.57525575,0.4247443,1
0.52529204,0.474708,1
0.6275459,0.37245414,1
0.6813731,0.31862688,0
0.87889224,0.121107794,0
0.92203295,0.07796705,0
0.57020235,0.4297977,0
0.5654515,0.43454844,0
0.5182028,0.48179713,0
0.4825176,0.5174824,1
0.85157025,0.1484298,0
0.9435876,0.056412388,0
0.77309865,0.2269014,0
0.7957205,0.20427956,0
0.7601513,0.23984872,0
0.76783246,0.23216756,0
0.78938097,0.21061897,0
0.75119674,0.2488033,0
0.71852547,0.28147456,0
0.6912743,0.30872574,1
0.9326543,0.067345686,0
0.9407661,0.059233878,0
0.92539513,0.07460481,0
0.56004304,0.43995693,1
0.6634764,0.33652365,1
0.5054468,0.49455318,1
0.6583609,0.34163916,1
0.8156667,0.18433332,1
0.8095686,0.19043139,0
0.8344079,0.16559206,0
0.70771444,0.29228553,0
0.6180559,0.38194415,1
0.60885483,0.3911452,1
0.7126057,0.2873943,0
0.745242,0.254758,0
0.757504,0.242496,0
0.88116777,0.11883218,0
0.7870526,0.21294735,0
0.7945889,0.20541105,1
0.92482394,0.075176105,0
0.9333863,0.06661371,0
0.92404777,0.07595231,0
0.66984415,0.3301559,0
0.75369656,0.2463034,0
0.8872113,0.112788655,0
0.89352745,0.10647261,0
0.9032172,0.096782796,0
0.8438106,0.15618946,1
0.9036111,0.09638886,0
0.9270444,0.07295553,1
0.76032996,0.23967005,0
0.8299907,0.17000936,0
0.73226714,0.2677329,1
0.92417794,0.07582201,1
0.8577798,0.14222018,0
0.012246985,0.98775303,1
0.009937544,0.9900624,1
0.5205281,0.4794719,0
0.6165304,0.38346955,0
0.7633217,0.23667823,0
0.7931277,0.2068723,0
0.7995297,0.20047034,0
0.79615957,0.20384045,0
0.23420247,0.7657975,1
0.07505863,0.9249414,1
0.16773362,0.83226645,1
0.8269461,0.17305395,0
0.56762016,0.43237984,0
0.63528645,0.36471352,0
0.61455595,0.38544402,0
0.581219,0.41878098,0
0.571241,0.428759,0
0.2260529,0.77394706,1
0.041455906,0.95854414,1
0.43317103,0.566829,1
0.833413,0.16658697,0
0.82644904,0.17355095,0
0.48231435,0.51768565,0
0.5456424,0.45435756,0
0.5320963,0.46790367,0
0.533527,0.46647295,0
0.056639455,0.9433605,1
0.3741831,0.62581694,1
0.40334702,0.596653,1
0.8964185,0.1035815,0
0.81148785,0.18851212,0
0.53224707,0.46775293,0
0.42619818,0.5738019,0
0.4815999,0.5184001,0
0.6452577,0.35474238,0
0.0009212343,0.99907875,1
0.8409213,0.15907872,0
0.81759757,0.18240246,0
0.9088945,0.09110549,0
0.0550853,0.9449147,1
0.67738193,0.32261804,0
0.65477675,0.3452233,0
0.80659926,0.19340079,0
0.77795076,0.22204927,0
0.7647868,0.23521319,0
0.68274087,0.31725916,0
0.76869637,0.23130363,0
0.75428146,0.24571851,0
0.95158553,0.048414458,0
0.9341731,0.065826885,0
0.87035936,0.12964062,0
0.73781866,0.2621813,1
0.08174737,0.91825265,1
0.8597369,0.1402631,0
0.87669384,0.12330624,0
0.09441261,0.9055874,1
0.776898,0.22310196,1
0.89917284,0.100827165,0
0.84087604,0.15912399,0
0.850309,0.14969103,0
0.93356544,0.06643461,1
0.49273577,0.50726426,0
0.5488169,0.45118317,0
0.6203127,0.37968734,0
0.7642878,0.23571213,0
0.89640707,0.10359295,0
0.106396556,0.8936035,1
0.5682971,0.43170294,1
0.89653146,0.10346857,0
0.90947783,0.09052211,1
0.9526567,0.047343317,0
0.93592304,0.064077005,0
0.5794156,0.42058444,0
0.60958207,0.39041796,0
0.75419205,0.24580793,1
0.76322544,0.23677458,0
0.7730102,0.22698976,0
0.18762682,0.8123732,1
0.69073135,0.3092687,0
0.7909024,0.20909758,1
0.93611103,0.06388897,0
0.0577061,0.94229394,1
0.034646943,0.965353,1
0.035729427,0.96427053,1
0.074102916,0.92589706,1
0.10901042,0.89098954,1
0.6266622,0.3733378,0
0.6081111,0.39188898,0
0.011972532,0.98802745,1
0.50404733,0.4959526,0
0.56756765,0.4324323,0
0.8314267,0.16857329,0
0.9024552,0.09754483,0
0.9743859,0.025614075,0
0.9505663,0.049433704,0
0.3293461,0.6706539,1
0.29269904,0.70730096,1
0.30009598,0.699904,1
0.36181518,0.6381848,0
0.11454165,0.8854584,0
0.19996868,0.8000313,0
0.13335203,0.86664796,0
0.85833347,0.14166649,0
0.8753092,0.124690816,0
0.9401891,0.059810832,0
0.9623515,0.037648477,0
0.6432697,0.35673025,0
0.45765787,0.54234207,1
0.50451744,0.49548262,1
0.5975725,0.40242755,0
0.662396,0.337604,0
0.23857044,0.7614295,1
0.744232,0.25576797,1
0.9054177,0.09458236,0
0.8880057,0.111994274,0
0.69256616,0.3074338,0
0.72411007,0.27589,0
0.7415685,0.25843146,0
0.6255435,0.37445658,0
0.7170545,0.28294548,0
0.7857809,0.21421906,0
0.8313395,0.16866045,1
0.95866543,0.04133455,0
0.93993515,0.060064897,0
0.74940765,0.25059232,0
0.76853746,0.23146257,0
0.7242688,0.2757312,0
0.74196005,0.25803995,1
0.8264094,0.17359067,0
0.87195885,0.12804109,1
0.74027437,0.2597256,1
0.86660284,0.13339716,1
0.84554654,0.15445347,0
0.16834445,0.8316555,1
0.60528415,0.39471588,1
0.7980177,0.2019823,0
0.8545507,0.14544937,0
0.4111107,0.5888893,1
0.47553363,0.52446634,1
0.8497298,0.15027022,0
0.842302,0.15769793,0
0.6660447,0.33395526,0
0.8556376,0.14436235,0
0.7903352,0.2096648,0
0.89792967,0.10207031,0
0.91852546,0.081474535,0
0.33157498,0.668425,1
0.034990545,0.96500945,1
0.060316883,0.93968314,1
0.5951093,0.40489078,0
0.78737164,0.21262836,0
0.72627777,0.27372223,0
0.7083634,0.29163656,0
0.78725266,0.21274729,0
0.6521981,0.34780195,0
0.39476687,0.6052332,0
0.07219077,0.92780924,1
0.6514291,0.34857085,0
0.6859508,0.31404912,0
0.526814,0.473186,0
0.01639179,0.9836082,1
0.064111196,0.93588877,1
0.5708301,0.42916983,0
0.26425263,0.7357474,1
0.7153709,0.2846291,0
0.876449,0.123550996,0
0.8993795,0.1006205,0
0.95977926,0.040220708,0
0.9162501,0.08374988,0
0.8232542,0.17674576,0
0.50997275,0.49002728,0
3.5751964e-05,0.99996424,1
0.00057189865,0.9994281,1
0.045501772,0.9544983,0
0.82567185,0.1743281,0
0.91238976,0.087610275,0
0.8820639,0.11793603,0
0.32959756,0.67040247,0
0.112517454,0.8874825,0
0.7689178,0.23108219,0
0.82134324,0.1786567,0
0.07408882,0.9259112,1
0.0684372,0.93156284,1
0.020624472,0.97937554,1
0.074196585,0.9258035,1
0.6879391,0.31206086,0
0.15512732,0.8448728,1
0.52456784,0.4754322,0
0.7347825,0.26521742,0
0.82755244,0.17244758,0
0.8521247,0.14787526,0
0.81633574,0.18366425,0
0.020401413,0.9795985,1
0.08948845,0.9105116,1
0.17172357,0.8282764,1
0.5339477,0.46605226,0
0.6207759,0.3792241,0
0.2849331,0.71506685,0
0.49924567,0.5007543,0
0.07341013,0.92658985,1
0.88761294,0.11238711,0
0.2351033,0.7648967,1
0.06983958,0.9301604,1
0.38709056,0.61290944,0
0.6598086,0.34019145,0
0.7104846,0.28951544,0
0.22706152,0.7729385,1
0.06616421,0.9338358,1
0.1805853,0.8194147,1
0.16113429,0.83886576,0
0.6902946,0.30970535,0
0.9055087,0.09449131,0
0.06321281,0.9367872,1
0.55089176,0.44910827,0
0.62616676,0.37383324,0
0.52187496,0.478125,0
0.80060685,0.19939312,0
0.8021254,0.19787465,0
0.82056177,0.17943825,0
0.82104164,0.17895834,0
0.5386148,0.46138513,0
0.7661137,0.23388624,0
0.91483504,0.085164964,0
0.93437934,0.06562071,0
0.18391968,0.81608033,1
0.009969949,0.99003005,1
0.39850572,0.6014942,1
0.66736525,0.33263475,0
0.46551386,0.5344862,1
0.4718832,0.52811676,1
0.80241716,0.1975828,1
0.9606956,0.03930441,0
0.769624,0.23037605,0
0.15418854,0.8458114,1
0.5083487,0.49165127,0
0.27812397,0.721876,1
0.48149619,0.5185038,0
0.3152632,0.6847367,0
0.90610677,0.093893155,0
0.9227342,0.077265814,0
0.9413768,0.05862313,0
0.9392088,0.06079123,0
0.72575444,0.27424556,0
0.70156807,0.2984319,0
0.7742502,0.22574973,0
0.712556,0.28744406,0
0.8065357,0.19346425,0
0.702172,0.297828,0
0.9217754,0.07822463,0
0.8217571,0.17824297,0
0.8211607,0.17883934,1
0.76345176,0.23654824,1
0.91273415,0.08726584,0
0.6904998,0.30950022,1
0.65109515,0.34890485,1
0.8105063,0.18949375,1
0.8080004,0.19199969,0
0.7284342,0.27156585,1
0.8510959,0.14890411,1
0.8628466,0.13715336,0
0.9036592,0.09634078,0
0.82166195,0.17833808,0
0.64111346,0.35888657,1
0.69286907,0.30713093,1
0.7195163,0.2804837,1
0.5212131,0.47878686,1
0.8922296,0.107770406,0
0.649619,0.35038102,1
0.76839,0.23161004,0
0.81040084,0.18959914,0
0.8729987,0.12700124,0
0.8723087,0.12769134,0
0.8783299,0.12167017,1
0.8702266,0.12977336,1
0.93077284,0.06922717,0
0.7501191,0.24988094,1
0.5366721,0.46332785,1
0.822058,0.17794196,0
0.58540845,0.41459158,1
0.58395344,0.4160466,1
0.57313275,0.42686725,1
0.69719636,0.3028036,0
0.7183394,0.2816606,0
0.73587173,0.26412833,0
0.80904305,0.19095697,1
0.4920129,0.5079871,1
0.26106164,0.7389384,1
0.59425515,0.40574485,1
0.76287854,0.2371215,0
0.7199816,0.28001836,0
0.556177,0.44382292,1
0.667861,0.33213896,0
0.64260685,0.3573931,0
0.8679225,0.1320775,0
0.940147,0.059852976,0
0.96225953,0.037740525,0
0.9561595,0.043840513,0
0.57359457,0.4264054,0
0.5481776,0.45182237,1
0.5349781,0.46502194,1
0.5035313,0.4964687,1
0.43201572,0.5679842,1
0.47204402,0.52795595,1
0.84943026,0.15056977,0
0.85370713,0.14629285,0
0.9116973,0.08830273,0
0.95441735,0.0455826,0
0.8674357,0.1325643,0
0.8333797,0.16662039,0
0.63604146,0.36395857,0
0.643827,0.35617298,0
0.5897013,0.41029876,1
0.59025264,0.40974733,1
0.08093923,0.9190608,1
0.041118443,0.9588815,1
0.061378397,0.93862164,1
0.78271675,0.21728323,0
0.6493982,0.35060182,0
0.6365912,0.36340883,0
0.69429684,0.30570316,0
0.7200525,0.27994752,0
0.826549,0.17345102,0
0.79399157,0.20600846,0
0.764628,0.2353721,0
0.4771624,0.5228376,1
0.5961857,0.40381432,1
0.84423655,0.15576346,0
0.6049562,0.39504376,1
0.8923287,0.10767126,0
0.32693478,0.6730652,1
0.50752646,0.49247357,0
0.58722854,0.41277143,0
0.70261985,0.2973801,0
0.755387,0.24461302,0
0.78845185,0.21154816,0
0.8949313,0.10506873,0
0.88106614,0.118933894,0
0.83938736,0.16061267,0
0.76283914,0.2371608,0
0.9224551,0.077544905,0
0.89550257,0.10449735,0
0.78305686,0.21694307,1
0.23039031,0.7696097,1
0.85105115,0.1489488,0
0.4197428,0.58025724,1
0.57599866,0.4240014,1
0.67547804,0.3245219,0
0.8984969,0.10150314,0
0.8134133,0.18658663,0
0.76369345,0.23630655,0
0.88771945,0.112280525,0
0.6002363,0.39976367,1
0.70256174,0.2974383,0
0.8914681,0.10853194,1
0.8217575,0.1782425,0
0.52916837,0.47083163,1
0.53804517,0.4619548,0
0.6296856,0.3703144,1
0.80880314,0.1911968,0
0.8003262,0.19967377,0
0.79704237,0.20295767,0
0.89132386,0.108676165,0
0.48883936,0.5111607,1
0.87751526,0.122484714,0
0.90167713,0.098322846,0
0.9163976,0.0836024,0
0.053562548,0.9464374,1
0.3327746,0.6672254,1
0.08462183,0.91537815,1
0.61908036,0.3809197,0
0.6124632,0.38753682,0
0.57735723,0.4226428,0
0.6739119,0.326088,0
0.9468367,0.05316325,0
0.9530303,0.046969667,0
0.54958844,0.45041156,0
0.5784367,0.42156336,0
0.40916216,0.59083784,0
0.5457659,0.45423415,1
0.022480702,0.9775193,1
0.033331707,0.96666825,1
0.047525305,0.9524748,1
0.09979873,0.90020126,1
0.8787417,0.12125833,0
0.8851796,0.114820436,0
0.8046983,0.19530168,0
0.7575194,0.24248062,0
0.80135673,0.19864322,0
0.15049332,0.8495067,0
0.109208986,0.890791,0
0.7882647,0.2117353,0
0.6762955,0.32370445,0
0.7649395,0.23506054,0
0.8270173,0.17298265,0
0.5189456,0.48105446,1
0.5950162,0.40498385,1
0.61639833,0.38360167,0
0.5441556,0.4558444,0
0.57539326,0.4246067,0
0.6350952,0.36490473,0
0.70241034,0.29758966,0
0.64686674,0.35313323,0
0.63084656,0.3691534,0
0.5714396,0.42856038,1
0.7241103,0.2758897,1
0.5345612,0.46543884,1
0.7691017,0.23089834,0
0.6762777,0.32372227,1
0.14907749,0.85092247,1
0.36743236,0.6325676,1
0.26740807,0.7325919,1
0.8826853,0.11731462,0
0.57021534,0.4297847,0
0.57332003,0.42668,0
0.1448468,0.8551532,1
0.22252646,0.7774735,0
0.11905134,0.88094866,0
0.82990915,0.17009085,0
0.107187755,0.8928123,1
0.07806019,0.92193985,1
0.0945682,0.90543175,1
9.914724e-05,0.9999008,1
0.11787447,0.88212556,0
0.45778224,0.5422178,0
0.43098965,0.5690103,0
0.38236335,0.6176367,0
0.76332617,0.23667386,0
0.7702108,0.22978911,0
0.10812838,0.8918716,0
0.0350473,0.9649527,1
0.15037856,0.8496214,0
0.56926346,0.4307365,0
0.7348549,0.26514515,0
0.8146848,0.18531519,0
0.038281918,0.9617181,1
0.008045209,0.99195486,1
0.12268169,0.8773183,1
0.08402935,0.9159707,0
0.12720324,0.8727968,0
0.10332176,0.89667827,0
0.20759171,0.79240835,0
0.8767623,0.123237744,0
0.9266184,0.07338163,0
0.9403025,0.059697453,0
0.9317764,0.06822358,0
0.5229172,0.4770828,0
0.5400415,0.45995846,0
0.53691584,0.4630841,0
0.56265396,0.43734607,0
0.86460865,0.1353913,0
0.7899863,0.21001367,0
0.7505511,0.2494489,0
0.66042286,0.33957714,0
0.6941191,0.30588096,1
0.48877305,0.51122695,1
0.8644898,0.13551022,0
0.65116954,0.3488305,1
0.81812847,0.18187156,0
0.11949438,0.8805056,1
0.085883275,0.91411674,1
0.00013743718,0.99986255,1
0.09121654,0.90878344,0
0.7596618,0.24033819,0
0.81057876,0.18942125,0
0.7387518,0.26124817,0
0.6586816,0.34131846,0
0.47739983,0.5226002,0
0.24200436,0.7579957,0
3.9408147e-05,0.99996054,1
0.1741931,0.82580686,0
0.571468,0.42853206,0
0.2461262,0.7538738,1
0.7535382,0.24646178,0
0.49804467,0.5019554,0
0.4983828,0.50161713,0
0.56817096,0.43182904,0
0.7047708,0.29522914,0
0.6180026,0.38199738,0
0.7288851,0.27111495,0
0.4903853,0.5096147,0
0.47182712,0.5281729,0
0.5276969,0.4723031,0
0.55975336,0.44024664,0
0.80272686,0.1972732,0
0.7670777,0.23292229,0
0.753115,0.24688503,1
0.483919,0.51608104,1
5.3939793e-08,1.0,1
0.011878587,0.9881214,1
0.022032531,0.9779675,1
3.0680517e-06,0.9999969,1
0.0049656015,0.99503446,1
0.10676793,0.8932321,0
0.00071916793,0.99928087,1
0.7160203,0.28397968,0
0.79487777,0.20512223,0
0.87739015,0.122609824,0
0.811619,0.18838106,0
0.69376737,0.30623266,0
0.1132466,0.8867534,0
0.13037376,0.8696263,0
0.41932228,0.5806777,0
0.48862678,0.5113733,0
0.48735228,0.5126477,0
0.50020546,0.49979454,0
0.23390684,0.76609313,0
0.027609162,0.9723909,1
0.017946819,0.98205316,1
0.28777286,0.71222717,0
7.81884e-06,0.99999213,1
0.085861675,0.9141384,1
0.7696119,0.23038813,0
0.6838936,0.31610632,0
0.67541254,0.32458746,0
0.7526172,0.24738282,0
0.67705023,0.32294974,0
0.6808204,0.3191796,0
0.67964476,0.32035524,0
0.11649254,0.88350743,1
0.49497768,0.50502235,0
0.46448436,0.5355156,0
0.5258447,0.47415537,0
0.5261263,0.4738736,0
0.00887784,0.9911221,1
0.05538844,0.94461155,1
0.7373304,0.26266962,0
0.07262954,0.9273704,1
0.76070076,0.23929922,0
0.009352925,0.990647,1
0.054364752,0.9456352,1
0.14612015,0.85387987,1
0.030670755,0.96932924,1
0.26154163,0.7384584,0
0.10258796,0.8974121,1
0.75414795,0.24585208,0
0.23487218,0.7651279,0
0.2359626,0.7640374,0
0.5767388,0.42326128,0
0.6845801,0.3154199,0
0.63270515,0.36729485,0
0.087754205,0.91224575,1
0.046225157,0.9537748,1
0.03558985,0.9644101,1
0.11433163,0.8856684,1
0.24906306,0.7509369,0
0.11443665,0.8855634,1
0.1690474,0.83095264,0
0.28232676,0.7176732,0
0.6033725,0.39662746,0
0.611999,0.38800105,0
0.12985225,0.87014776,0
0.038134214,0.9618657,1
0.13310309,0.8668969,0
0.11363346,0.8863665,1
0.18356392,0.81643605,0
0.8280968,0.17190325,0
0.8670609,0.13293906,0
0.61619854,0.38380146,0
0.081901565,0.9180984,1
0.44671246,0.5532876,0
0.3871401,0.61285996,0
0.68575895,0.31424105,0
0.77703875,0.22296126,0
0.48736864,0.5126314,0
0.4469685,0.55303156,0
0.42561504,0.574385,1
0.46549872,0.5345013,1
0.90533745,0.09466249,0
0.92659813,0.07340188,0
0.62421757,0.37578243,0
0.44891253,0.55108744,1
0.17694686,0.8230532,1
0.7058161,0.2941839,0
0.831846,0.16815399,0
0.7715939,0.22840606,0
0.70335746,0.29664257,1
0.89116365,0.10883636,0
0.30589026,0.69410974,1
0.19942941,0.8005706,1
0.25949726,0.7405028,1
0.34050202,0.6594979,1
0.36587396,0.634126,1
0.44957286,0.55042714,1
0.46647784,0.5335222,1
0.35641745,0.6435825,1
0.7697667,0.23023328,0
0.87847435,0.121525675,0
0.72424144,0.27575856,0
0.6872894,0.31271055,0
0.5412976,0.45870242,0
0.84001154,0.15998846,0
0.22553541,0.7744646,1
0.67308027,0.32691973,0
0.6147318,0.38526815,1
0.52700907,0.47299093,0
0.8606325,0.13936757,0
0.2502066,0.7497934,1
0.26344642,0.7365536,1
0.27354145,0.72645855,1
0.03216109,0.9678389,1
0.20747337,0.7925266,1
0.2706441,0.7293559,1
0.41566125,0.5843387,0
0.054177966,0.945822,1
0.00808391,0.9919161,1
0.033912394,0.9660876,1
0.5044724,0.49552763,0
0.79341376,0.20658626,0
0.71982455,0.28017542,0
0.5918032,0.40819678,0
0.74609685,0.25390312,0
0.7106822,0.28931776,0
0.09327489,0.9067251,1
0.04538914,0.9546109,1
0.22133154,0.77866846,1
0.71831936,0.2816807,0
0.8356737,0.16432628,0
0.81662357,0.1833764,0
0.49770886,0.5022911,0
0.42154327,0.5784568,1
0.35420403,0.64579594,0
0.31405228,0.6859478,0
0.037241053,0.9627589,1
0.019263117,0.98073685,1
0.034608666,0.96539134,1
0.1266622,0.8733378,1
0.6631015,0.3368985,0
0.6077563,0.3922436,0
0.11167226,0.8883278,1
0.024894696,0.97510535,1
0.081864625,0.91813534,1
0.18410414,0.81589586,1
0.67512184,0.3248781,0
0.6222679,0.37773213,0
0.4290461,0.5709539,0
0.06950254,0.93049747,1
0.16045693,0.839543,1
0.23256503,0.767435,0
0.30672115,0.6932789,0
0.34176746,0.65823257,0
0.102440186,0.89755976,1
0.16908035,0.8309196,1
0.12919614,0.8708039,1
0.63287514,0.36712492,0
0.25480044,0.74519956,1
0.04389719,0.9561028,1
0.41957003,0.5804299,0
0.20844713,0.79155284,0
0.21429801,0.78570193,0
0.3216064,0.6783936,0
0.4063621,0.593638,0
0.42419997,0.5758,0
0.63846475,0.3615353,0
0.5777082,0.42229182,1
0.60765815,0.39234182,0
0.683144,0.31685594,0
0.57278466,0.42721528,0
0.45510888,0.54489106,0
0.6246058,0.3753942,0
0.6391911,0.3608089,0
0.43987003,0.56012994,1
0.71607804,0.28392196,0
0.6483573,0.3516427,0
0.65770555,0.34229445,0
0.625673,0.37432697,0
0.21481982,0.78518015,1
0.17143346,0.82856655,1
0.10109369,0.8989063,1
0.20153919,0.79846084,1
0.22032328,0.77967674,1
0.26700878,0.7329912,1
0.14290667,0.85709333,1
0.41486838,0.58513165,1
0.66946036,0.33053964,0
0.6652207,0.3347794,0
0.7757122,0.22428782,0
0.7205929,0.27940705,0
0.7197412,0.28025872,0
0.43039444,0.5696056,0
0.05987871,0.94012123,1
0.042332727,0.9576673,1
0.07357117,0.9264288,1
0.025231304,0.9747687,1
0.7003049,0.29969504,0
0.7033174,0.29668257,0
0.65580845,0.34419152,0
0.89836895,0.10163104,0
0.49744415,0.5025559,0
0.38976654,0.61023355,0
0.37697956,0.6230204,0
0.35494226,0.64505774,1
0.25740567,0.74259436,1
0.32414106,0.675859,1
0.61242723,0.3875728,1
0.7551251,0.24487482,0
0.5764336,0.4235664,0
0.4727771,0.5272229,1
0.20896679,0.7910332,1
0.09619041,0.90380955,1
0.09150163,0.9084984,1
0.101312034,0.89868796,1
0.10815984,0.8918402,1
0.061200023,0.9388,1
0.16504358,0.83495647,1
0.35975358,0.6402464,0
0.6517495,0.34825048,0
0.6857928,0.31420723,0
0.7323314,0.26766858,0
0.6914381,0.3085619,0
0.6455165,0.35448346,0
0.224535,0.775465,0
0.0981492,0.9018508,1
0.6608035,0.3391966,0
0.5852949,0.4147051,0
0.5844459,0.4155541,0
0.8250865,0.17491348,0
0.82173437,0.17826562,0
0.36646563,0.6335344,1
0.46454242,0.5354577,0
0.28007862,0.7199214,1
0.3662667,0.6337333,1
0.53271717,0.46728283,0
0.14365646,0.85634357,1
0.77094775,0.22905223,0
0.5868185,0.41318154,1
0.5112902,0.48870987,1
0.76411337,0.2358866,0
0.24400781,0.7559922,1
0.45428875,0.5457113,0
0.117648974,0.882351,1
0.31256106,0.68743896,1
0.73822343,0.26177654,0
0.63819367,0.3618064,0
0.60850847,0.39149153,1
0.6416848,0.35831523,0
0.73957366,0.2604264,0
0.7447186,0.25528136,0
0.4045693,0.5954307,1
0.3991554,0.6008445,1
0.556003,0.44399709,0
0.35165486,0.64834523,1
0.29605117,0.7039488,1
0.23118831,0.7688117,1
0.6533441,0.34665594,0
0.64431226,0.3556877,0
0.5541219,0.44587806,0
0.5439251,0.45607492,0
0.75032413,0.24967586,0
0.7753105,0.22468948,0
0.26682886,0.73317116,0
0.21468093,0.7853191,1
0.21934482,0.78065515,1
0.14281143,0.8571886,1
0.3434291,0.6565709,1
0.32699284,0.6730072,1
0.06445984,0.9355402,1
0.23238857,0.76761144,1
0.82010084,0.17989914,0
0.93831056,0.06168944,0
0.35949242,0.6405076,1
0.05744526,0.9425547,1
0.04124954,0.9587504,1
0.05096598,0.9490341,1
0.028544681,0.97145534,1
0.026000137,0.97399986,1
0.029214263,0.97078574,1
0.070828594,0.92917144,1
0.54387915,0.45612085,0
0.49196213,0.5080379,0
0.16903242,0.8309676,1
0.11953602,0.88046396,1
0.18691428,0.81308573,1
0.1879972,0.81200284,1
0.16122882,0.8387712,1
0.15192273,0.8480773,1
0.013308519,0.9866915,1
0.448021,0.551979,0
0.48095113,0.51904887,0
0.6403139,0.35968605,0
0.5781302,0.42186975,0
0.5225387,0.4774613,0
0.2996792,0.70032084,0
0.105205595,0.8947944,1
0.13105805,0.8689419,1
0.16857474,0.8314253,1
0.18659845,0.8134016,1
0.017132878,0.9828672,1
0.0320451,0.96795493,1
0.18124542,0.81875455,0
0.09816589,0.9018341,0
0.16723709,0.8327629,0
0.23265335,0.7673467,0
0.11723294,0.8827671,0
0.064285226,0.9357148,1
0.38471332,0.61528665,0
0.20083795,0.79916203,0
0.11417071,0.8858293,0
0.05789501,0.94210494,1
0.054940876,0.94505906,1
0.16744573,0.8325543,0
0.23251115,0.76748884,0
0.08257381,0.91742617,0
0.13492025,0.8650797,0
0.14816876,0.8518313,0
0.43767312,0.5623269,0
0.3194342,0.68056583,0
0.17382027,0.82617974,0
0.5747287,0.4252713,0
0.10238492,0.8976151,1
0.47793025,0.52206975,0
0.38650927,0.6134907,0
0.50584966,0.49415034,0
0.07929913,0.9207009,1
0.25620463,0.74379534,0
0.037488632,0.96251136,1
0.78710645,0.21289358,0
0.8380638,0.16193624,0
0.6006203,0.3993797,0
0.02462904,0.975371,1
0.058854505,0.94114554,1
0.29691193,0.70308805,0
0.47059795,0.529402,0
0.038065933,0.9619341,1
0.070549026,0.9294509,1
0.19028823,0.8097118,1
0.21033914,0.7896608,1
0.8303259,0.16967417,0
0.64977026,0.3502298,0
0.08936613,0.91063386,1
0.13707434,0.86292565,1
0.023553642,0.9764464,1
0.02986874,0.9701313,1
0.07607191,0.9239281,0
0.7379195,0.26208046,0
0.8563365,0.1436635,0
0.8377515,0.16224849,0
0.12301694,0.8769831,1
0.4974828,0.5025173,0
0.4465554,0.55344456,0
0.37952346,0.62047654,0
0.24665055,0.7533495,1
0.22363898,0.77636105,1
0.02497373,0.97502625,1
0.30699256,0.6930074,1
0.26437905,0.735621,1
0.40172732,0.5982727,1
0.4439986,0.55600137,0
0.8354315,0.16456851,0
0.88679165,0.113208406,0
0.09373268,0.90626734,1
0.1723642,0.8276358,1
0.25388855,0.74611145,1
0.3281879,0.6718121,0
0.12062176,0.87937826,1
0.48117867,0.5188213,0
0.60451657,0.3954834,0
0.20520711,0.7947929,1
0.30915526,0.6908448,1
0.9119257,0.08807432,0
0.28411737,0.7158826,1
0.20868613,0.7913139,1
0.40266013,0.5973398,0
0.3920468,0.60795313,1
0.38300622,0.6169938,1
0.3798095,0.6201905,1
0.5449206,0.4550794,0
0.6862989,0.31370106,0
0.5370832,0.46291673,1
0.8460267,0.1539733,0
0.8486623,0.15133761,0
0.1111624,0.8888376,1
0.11393085,0.8860691,1
0.3399234,0.6600766,0
0.36370525,0.63629484,0
0.692423,0.30757707,0
0.34424126,0.65575874,0
0.5304276,0.46957248,0
0.592176,0.40782395,0
0.6903351,0.3096649,0
0.13653217,0.8634678,0
0.08946859,0.91053146,1
0.09476287,0.90523714,1
0.03583669,0.96416324,1
0.031212434,0.9687876,1
0.08158906,0.918411,0
0.12692337,0.87307656,0
0.065802835,0.9341972,0
0.18983988,0.81016016,0
0.8594679,0.14053203,0
0.90144,0.09855996,0
0.028826853,0.9711731,1
0.039725643,0.96027434,1
0.103807576,0.8961925,1
0.075281575,0.9247184,1
0.035738938,0.964261,1
0.04273678,0.95726323,1
0.16643023,0.8335698,1
0.8955676,0.10443241,0
0.8318544,0.16814557,0
0.7488045,0.25119558,0
0.13909355,0.8609065,1
0.08477243,0.9152276,1
0.11102167,0.88897836,1
0.28425974,0.7157403,0
0.0464881,0.95351195,1
0.067502104,0.93249786,1
0.18957269,0.8104273,1
0.46591374,0.5340862,0
0.35144433,0.64855564,1
0.44440386,0.5555962,0
0.48863015,0.5113698,0
0.087007694,0.9129923,1
0.17874123,0.8212588,1
0.32209104,0.67790896,1
0.14248827,0.85751176,1
0.23697422,0.7630258,1
0.46806592,0.5319341,0
0.4480927,0.55190724,0
0.44638783,0.5536122,0
0.46668696,0.53331304,0
0.4684246,0.5315754,0
0.7574945,0.24250549,0
0.6273344,0.3726656,0
0.24916004,0.75084,1
0.6618431,0.33815688,0
0.91997844,0.08002162,0
0.90407676,0.095923305,0
0.16991594,0.8300841,1
0.14481339,0.8551866,1
0.18143456,0.8185654,1
0.19638237,0.80361766,1
0.16750787,0.8324922,1
0.15267397,0.84732604,1
0.6859498,0.31405014,0
0.90490335,0.09509664,0
0.28475764,0.7152423,1
0.1451651,0.8548349,1
0.10685891,0.8931411,1
0.9142622,0.08573783,0
0.82175523,0.17824474,0
0.28051603,0.719484,0
0.10798231,0.8920177,1
0.1219019,0.8780981,1
0.13336182,0.8666382,1
0.14425527,0.8557447,1
0.17408635,0.8259136,1
0.13774668,0.8622533,1
0.096021146,0.9039788,1
0.7734215,0.22657847,0
0.1105131,0.8894869,1
0.81162006,0.18837997,0
0.53274125,0.46725866,0
0.088975005,0.911025,1
0.0500042,0.94999576,1
0.031667143,0.9683328,1
0.06491783,0.93508214,1
0.06832741,0.93167263,1
0.0380022,0.96199775,1
0.1675736,0.83242637,0
0.8043191,0.19568095,0
0.09455054,0.90544945,1
0.08625915,0.9137409,1
0.91742235,0.08257765,0
0.6768738,0.32312626,0
0.027913691,0.9720863,1
0.026886268,0.9731137,1
0.04637939,0.9536207,1
0.01586033,0.9841397,1
0.02085693,0.97914314,1
0.2460182,0.75398177,1
0.37925372,0.6207463,1
0.2509216,0.7490784,1
0.76953256,0.23046751,0
0.9231722,0.07682787,0
0.3916993,0.60830075,0
0.0956584,0.90434164,1
0.08975279,0.9102472,1
0.0805009,0.9194991,1
0.052943196,0.94705683,1
0.08110094,0.918899,1
0.11612096,0.88387907,1
0.097086005,0.902914,1
0.86620635,0.13379368,0
0.072042,0.92795795,1
0.054076225,0.94592375,1
0.016644733,0.9833552,1
0.0833506,0.9166494,0
0.08262109,0.9173789,0
0.055659406,0.94434065,1
0.07794484,0.9220552,0
0.15561883,0.8443812,0
0.0861545,0.9138455,0
0.37184033,0.62815964,0
0.8156482,0.18435185,0
0.12823178,0.87176824,1
0.12807803,0.871922,1
0.12805344,0.8719466,1
0.15350837,0.8464916,1
0.14726567,0.85273427,1
0.4627257,0.5372743,0
0.105400436,0.89459956,1
0.09915923,0.9008408,1
0.080006495,0.9199936,1
0.14209384,0.85790616,1
0.27695137,0.7230486,1
0.12887025,0.8711297,1
0.13756414,0.8624358,1
0.14768884,0.85231113,1
0.14720927,0.8527907,1
0.13931458,0.86068547,1
0.1473609,0.8526391,1
0.10602455,0.89397544,1
0.62647974,0.37352017,0
0.83632296,0.163677,0
0.34037977,0.6596202,1
0.21718507,0.7828149,1
0.46156216,0.53843784,0
0.6034946,0.39650542,0
0.6454764,0.3545236,0
0.76066375,0.2393363,0
0.5916175,0.4083825,0
0.5345989,0.46540114,0
0.48021722,0.5197827,0
0.64456356,0.35543647,0
0.74786305,0.25213698,0
0.26110145,0.73889863,1
0.9007053,0.09929467,0
0.94220525,0.057794742,0
0.9328585,0.06714147,0
0.9305795,0.069420494,0
0.06678709,0.93321294,1
0.045081846,0.9549181,1
0.029830795,0.97016925,1
0.02825844,0.9717416,1
0.026468208,0.9735318,1
0.024786448,0.9752136,1
0.033292275,0.9667077,1
0.06782367,0.9321763,1
0.55652434,0.44347563,0
0.067068994,0.932931,1
0.40787587,0.5921241,0
0.60117716,0.3988229,0
0.92294276,0.07705726,0
0.919352,0.08064803,0
0.8785084,0.12149153,0
0.42400837,0.5759917,0
0.2876179,0.71238214,0
0.3422862,0.6577138,0
0.34969607,0.65030396,0
0.043878153,0.95612186,1
0.301141,0.6988589,1
0.35719386,0.6428062,1
0.84367204,0.156328,0
0.55633163,0.4436683,0
0.8020803,0.19791974,0
0.83886737,0.16113271,0
0.7955714,0.20442867,0
0.055304334,0.9446956,1
0.10885894,0.8911411,1
0.11022638,0.88977367,1
0.10170871,0.8982913,1
0.11905555,0.8809444,1
0.36773062,0.6322694,0
0.07866159,0.9213384,1
0.6634942,0.33650577,0
0.6109952,0.3890048,0
0.6880062,0.31199384,0
0.13048176,0.8695183,0
0.16690928,0.8330907,0
0.52443874,0.47556132,0
0.26230934,0.7376907,0
0.10155733,0.8984426,1
0.10919215,0.8908078,0
0.37261504,0.62738496,0
0.24608189,0.7539181,0
0.7893434,0.21065658,0
0.15694894,0.843051,1
0.11650495,0.88349503,1
0.103777386,0.89622265,1
0.24732114,0.7526789,1
0.83799106,0.16200896,0
0.48335096,0.51664907,0
0.70773524,0.2922648,0
0.5489531,0.45104688,0
0.15044487,0.8495552,1
0.1508742,0.8491258,1
0.29667386,0.7033261,1
0.40613753,0.5938625,1
0.6086051,0.39139497,0
0.102268845,0.8977311,1
0.10616976,0.8938302,1
0.1703816,0.82961833,1
0.90738595,0.092614084,0
0.14495215,0.8550479,1
0.12358611,0.8764139,1
0.14359832,0.8564017,1
0.18421283,0.81578714,1
0.5847763,0.41522366,0
0.5722912,0.42770877,0
0.42357364,0.57642645,0
0.13363746,0.8663625,1
0.077866904,0.9221331,1
0.13283592,0.8671641,1
0.20082165,0.7991784,1
0.90743405,0.092565924,0
0.96037096,0.03962902,0
0.7196849,0.2803152,0
0.32935193,0.67064804,1
0.045831606,0.95416844,1
0.03260545,0.96739453,1
0.02870285,0.97129714,1
0.14387596,0.85612404,1
0.9039894,0.09601063,0
0.6752423,0.32475773,0
0.457725,0.5422751,0
0.116605215,0.8833948,1
0.19023204,0.80976796,1
0.029895583,0.9701044,1
0.03627441,0.9637256,1
0.17168535,0.8283146,1
0.38059807,0.61940193,1
0.90088785,0.09911212,0
0.14360824,0.8563917,1
0.12755644,0.8724436,1
0.44968334,0.5503166,1
0.24459194,0.755408,1
0.29490355,0.7050965,1
0.24087952,0.7591205,1
0.3640402,0.63595974,0
0.24946535,0.75053465,1
0.4206766,0.5793234,1
0.5664657,0.43353426,0
0.804497,0.19550298,0
0.886201,0.11379896,0
0.8098889,0.19011112,0
0.79337275,0.2066272,0
0.5897236,0.4102764,0
0.3353016,0.66469836,1
0.29035,0.70965,1
0.283751,0.716249,1
0.5360752,0.46392483,0
0.38596833,0.6140316,1
0.55885404,0.441146,0
0.26832992,0.73167,1
0.6247457,0.37525433,0
0.19848023,0.80151975,1
0.24814266,0.75185734,1
0.49862015,0.50137985,1
0.69822645,0.30177352,1
0.93243515,0.06756483,0
0.2956801,0.7043199,1
0.27726802,0.722732,1
0.15652324,0.84347683,1
0.13653968,0.86346024,1
0.48768556,0.51231444,1
0.27658924,0.7234107,1
0.24205154,0.75794846,1
0.7275376,0.27246243,1
0.8712992,0.12870087,0
0.14550367,0.85449636,1
0.14703315,0.85296685,1
0.08511075,0.9148893,1
0.09314577,0.9068542,1
0.08012673,0.9198733,1
0.2804783,0.71952164,1
0.7212877,0.27871224,0
0.2413387,0.7586613,0
0.9524291,0.04757091,0
0.96920633,0.030793656,0
0.5267817,0.47321838,0
0.09658769,0.90341234,1
0.058487497,0.94151247,1
0.05848225,0.9415178,1
0.12970982,0.8702902,0
0.21867211,0.7813279,0
0.58216006,0.41783994,0
0.9575444,0.042455614,0
0.95523435,0.044765715,0
0.86814237,0.13185757,0
0.042783454,0.9572165,1
0.06790257,0.9320974,1
0.14785448,0.8521455,1
0.17201819,0.8279819,1
0.015833901,0.98416615,1
0.039019853,0.9609801,1
0.053506278,0.9464937,1
0.5327345,0.46726543,0
0.29295927,0.7070407,0
0.36002886,0.63997114,0
0.37926254,0.62073743,0
0.08841193,0.91158813,1
0.10481871,0.8951813,1
0.67490125,0.32509875,0
0.049256936,0.9507431,1
0.067842275,0.93215775,1
0.045215324,0.95478463,1
0.051206816,0.9487932,1
0.06594922,0.93405074,1
0.10678345,0.8932165,1
0.09090212,0.9090979,1
0.10357255,0.8964274,1
0.29699394,0.7030061,0
0.1134312,0.88656884,1
0.12735483,0.8726452,1
0.6592337,0.34076634,0
0.8490626,0.1509374,0
0.29680678,0.70319325,0
0.6424612,0.35753885,0
0.7667867,0.23321328,0
0.1866301,0.81336987,1
0.18485586,0.8151441,1
0.8084421,0.19155785,0
0.8584125,0.14158753,0
0.17638023,0.8236198,1
0.08820722,0.91179276,1
0.12486636,0.8751337,1
0.7967936,0.20320635,0
0.80349076,0.19650927,0
0.59810674,0.40189326,0
0.17920014,0.8207998,1
0.21940596,0.78059405,1
0.19072604,0.8092739,1
0.5396277,0.4603724,1
0.22514664,0.77485335,1
0.9044367,0.09556327,0
0.43849877,0.56150126,1
0.1457382,0.85426176,1
0.24483678,0.7551632,1
0.12245225,0.87754774,1
0.091129065,0.90887094,1
0.17110115,0.82889885,1
0.9611858,0.038814202,0
0.053993724,0.94600624,1
0.065930665,0.9340694,1
0.06628788,0.9337121,1
0.16298637,0.8370136,1
0.3291666,0.6708334,1
0.6713938,0.3286062,0
0.8474927,0.15250729,0
0.91321933,0.08678074,0
0.9588636,0.041136373,0
0.96280634,0.037193727,0
0.36302632,0.6369737,0
0.30287582,0.6971242,1
0.078573726,0.9214263,1
0.2639085,0.73609155,1
0.29987815,0.7001219,0
0.19992138,0.8000786,1
0.8002447,0.19975533,0
0.869107,0.13089296,0
0.9051818,0.09481817,0
0.61678255,0.3832175,1
0.2219306,0.7780694,1
0.0998757,0.9001244,1
0.12934686,0.87065315,1
0.07716898,0.92283106,1
0.08863492,0.9113651,1
0.1043444,0.8956556,1
0.107370056,0.89263,1
0.0937945,0.9062055,1
0.121948026,0.87805194,1
0.6143826,0.38561738,0
0.74571264,0.2542874,0
0.76940393,0.23059611,0
0.9087196,0.091280356,0
0.88676715,0.113232896,0
0.79832697,0.20167303,0
0.100709125,0.8992909,1
0.062442888,0.93755716,1
0.05998604,0.940014,1
0.046068385,0.9539317,1
0.075273074,0.92472684,1
0.045525692,0.9544743,1
0.07962225,0.92037773,1
0.17625238,0.8237477,1
0.8836979,0.116302,0
0.7587042,0.2412958,0
0.11482427,0.88517565,0
0.11501891,0.88498104,0
0.121653706,0.8783463,0
0.13277242,0.86722755,0
0.11704385,0.88295615,0
0.111191675,0.88880837,0
0.12349437,0.8765057,0
0.22363771,0.77636224,0
0.1103652,0.8896347,0
0.71103543,0.2889646,0
0.9340209,0.06597913,0
0.8643952,0.13560481,0
0.13492838,0.8650716,1
0.14529088,0.85470915,1
0.1060183,0.89398175,1
0.10671769,0.89328235,1
0.8141662,0.18583389,0
0.87387604,0.12612396,0
0.4929026,0.5070975,0
0.14451018,0.8554898,1
0.13774166,0.8622584,1
0.7366337,0.2633663,0
0.44923627,0.5507638,0
0.16492489,0.8350751,1
0.23259273,0.7674072,1
0.3211704,0.67882955,1
0.11890469,0.8810953,1
0.24034803,0.75965196,1
0.20049068,0.7995093,1
0.63300925,0.36699072,0
0.69826174,0.3017382,0
0.05081013,0.9491899,1
0.10581595,0.89418405,1
0.9405951,0.059404917,0
0.97160393,0.028396077,0
0.96569663,0.034303296,0
0.39811316,0.60188687,1
0.07201727,0.9279828,1
0.1249745,0.8750255,1
0.72461766,0.27538234,0
0.14687902,0.853121,1
0.12441445,0.87558556,1
0.9219523,0.07804773,0
0.76816034,0.2318397,0
0.1453838,0.85461617,1
0.27517164,0.7248284,0
0.28251037,0.7174896,0
0.09029502,0.909705,1
0.21326959,0.7867304,0
0.15314275,0.84685725,0
0.6283128,0.37168726,1
0.753821,0.246179,0
0.8794355,0.120564535,0
0.06361272,0.9363873,1
0.4029857,0.59701425,0
0.8470475,0.15295248,0
0.18237478,0.81762516,1
0.41346627,0.5865337,0
0.6716486,0.3283514,0
0.8749745,0.12502553,0
0.91630185,0.0836981,0
0.9415813,0.058418673,0
0.68094385,0.31905615,0
0.08483079,0.91516924,1
0.12711295,0.87288696,1
0.11390609,0.88609385,1
0.1095619,0.8904381,1
0.11915552,0.8808445,1
0.11491872,0.88508123,1
0.13433363,0.86566645,1
0.6865274,0.31347263,0
0.959887,0.040112995,0
0.9250591,0.07494092,0
0.63411105,0.365889,0
0.68433046,0.31566945,0
0.15632685,0.8436731,1
0.35310623,0.6468938,1
0.65640885,0.34359115,0
0.7955255,0.2044745,0
0.16935506,0.8306449,1
0.86931366,0.13068634,0
0.7116738,0.28832617,0
0.24863417,0.75136584,1
0.3078201,0.6921799,1
0.11270292,0.8872971,1
0.12460453,0.8753954,1
0.62852097,0.37147897,0
0.52938956,0.47061044,1
0.610949,0.38905108,0
0.30692655,0.6930735,1
0.041681938,0.958318,1
0.1732318,0.82676816,1
0.42622197,0.57377803,1
0.7829449,0.21705505,0
0.6521498,0.34785017,0
0.70674634,0.29325363,0
0.59445065,0.40554938,0
0.6994422,0.30055782,0
0.77435285,0.22564717,0
0.9344071,0.0655929,0
0.9431377,0.056862343,0
0.96536523,0.0346347,0
0.37942705,0.6205729,1
0.32982385,0.67017615,1
0.5093135,0.49068648,0
0.3707796,0.6292204,1
0.29182774,0.7081722,1
0.542007,0.45799297,1
0.81534463,0.18465538,1
0.14818083,0.85181916,1
0.4418415,0.5581585,1
0.075569466,0.92443055,1
0.107888594,0.89211136,1
0.12084475,0.8791553,1
0.10782402,0.892176,1
0.7784166,0.2215834,0
0.7533425,0.24665752,0
0.6178852,0.3821148,1
0.63823634,0.36176375,1
0.8635657,0.1364343,0
0.95637214,0.043627806,0
0.699177,0.30082297,0
0.10459172,0.8954083,1
0.071066275,0.92893374,1
0.0878593,0.9121407,1
0.10176207,0.89823794,1
0.59997755,0.40002242,0
0.81171405,0.1882859,0
0.98256636,0.017433655,0
0.9202887,0.079711325,0
0.20488529,0.7951147,1
0.586605,0.41339496,0
0.6121358,0.38786414,0
0.11991256,0.88008744,1
0.7094764,0.29052353,0
0.8381456,0.1618544,0
0.022646219,0.9773538,1
0.03293824,0.96706176,1
0.20306481,0.79693514,0
0.8597826,0.14021747,0
0.63766706,0.36233303,0
0.6916442,0.30835578,0
0.95605236,0.043947656,0
0.87199837,0.12800157,0
0.5713005,0.4286994,0
0.6702188,0.32978123,0
0.067674115,0.9323259,1
0.0815793,0.91842073,1
0.10047286,0.89952713,1
0.2971283,0.70287174,0
0.74043995,0.25956002,0
0.713958,0.28604195,0
0.77740073,0.2225993,0
0.98406476,0.015935244,0
0.7893353,0.21066473,0
0.6587201,0.3412799,0
0.5161066,0.48389333,0
0.76429677,0.2357032,0
0.77173316,0.22826685,0
0.77932733,0.2206726,0
0.7486863,0.2513137,0
0.86050373,0.1394962,0
0.9695189,0.030481076,0
0.6833739,0.31662598,0
0.55996656,0.4400335,0
0.93129283,0.06870722,0
0.6292805,0.3707195,1
0.6328488,0.3671512,1
0.08768575,0.91231424,1
0.14337538,0.8566246,1
0.6791418,0.3208582,0
0.7662362,0.23376383,0
0.88070345,0.1192965,0
0.92923164,0.0707684,0
0.73990345,0.2600966,1
0.45455283,0.5454471,1
0.03747301,0.96252704,1
0.076179035,0.9238209,1
0.76497304,0.23502693,0
0.7895808,0.21041916,0
1.0227006e-09,1.0,0
0.62880397,0.371196,0
0.014324138,0.9856758,1
0.9440933,0.055906635,0
0.31564242,0.6843576,0
0.1301561,0.86984396,1
0.46302918,0.5369708,0
0.3562745,0.64372545,1
0.26990557,0.7300945,1
0.039546892,0.9604531,1
0.14862843,0.85137165,1
0.36172366,0.63827634,1
0.358267,0.641733,1
0.5007396,0.49926046,0
0.31085876,0.6891413,0
0.18821989,0.81178015,1
0.55151284,0.44848725,0
0.07745418,0.92254585,1
0.05098035,0.9490197,1
0.082054265,0.9179458,1
0.07287717,0.9271228,1
0.81098765,0.18901232,0
0.12954208,0.8704579,1
0.1934448,0.8065552,0
0.2179699,0.78203005,0
0.19420922,0.80579084,0
0.94489163,0.055108417,0
0.052907962,0.947092,1
0.056261607,0.94373834,1
0.059913725,0.9400863,1
0.15051004,0.84949,0
0.20809118,0.79190886,0
0.22581936,0.77418065,0
0.04577473,0.9542253,1
0.05725571,0.94274426,1
0.13352056,0.8664795,1
0.10837998,0.89162,1
0.45340878,0.54659116,1
0.8603678,0.1396323,0
0.89007115,0.10992887,0
0.1539502,0.84604985,1
0.14668804,0.85331196,1
0.28471053,0.7152895,0
0.29795027,0.70204973,0
0.45185828,0.54814166,0
0.0718081,0.92819196,1
0.06373499,0.93626505,1
0.06987152,0.93012846,1
0.4216096,0.57839036,1
0.12737425,0.87262577,1
0.19624186,0.8037581,1
0.12178038,0.8782196,1
0.1266001,0.8733999,1
0.07304517,0.9269548,1
0.030308664,0.96969134,1
0.032868326,0.9671317,1
0.015453734,0.9845463,1
0.23977974,0.7602203,0
0.31380677,0.6861932,0
0.11571031,0.8842897,0
0.09261633,0.9073837,1
0.07481928,0.92518073,1
0.10220622,0.89779377,1
0.08358223,0.9164178,1
0.72468114,0.2753189,0
0.44361112,0.5563889,0
0.29355043,0.70644957,0
0.89263,0.107370056,0
0.58006257,0.41993743,0
0.37142977,0.62857026,0
0.6770679,0.32293212,0
0.88211775,0.11788228,0
0.58541685,0.41458312,1
0.26291043,0.7370895,1
0.79932445,0.20067552,0
0.9136633,0.086336724,0
0.9703911,0.02960889,0
0.09884856,0.9011515,1
0.08430752,0.9156925,1
0.027964521,0.97203547,1
0.06980768,0.9301923,1
0.091320634,0.90867937,1
0.1803977,0.81960225,1
0.21719444,0.78280556,1
0.06918843,0.9308116,1
0.20914584,0.7908542,1
0.25181463,0.7481854,1
0.792474,0.20752598,0
0.12991318,0.87008685,1
0.23359796,0.766402,1
0.8670101,0.13298985,0
0.9402201,0.059779845,0
0.038002215,0.96199775,1
0.19612768,0.80387235,1
0.22603954,0.7739604,1
0.6586824,0.34131762,0
0.97789544,0.022104621,0
0.7701849,0.22981514,0
0.09682758,0.90317243,1
0.06970048,0.93029946,1
0.09294334,0.9070567,1
0.67822236,0.3217776,0
0.8139897,0.18601033,0
0.5842864,0.41571355,0
0.14592196,0.85407805,1
0.79199106,0.20800892,0
0.82773757,0.17226243,0
0.86912143,0.13087852,0
0.43352416,0.5664758,0
0.34861234,0.65138763,1
0.45046452,0.54953545,0
0.21917273,0.7808272,1
0.23570426,0.7642957,0
0.74385095,0.25614902,0
0.9095974,0.09040263,0
0.93062985,0.06937011,0
0.91960245,0.08039751,0
0.9038767,0.09612326,0
0.66073924,0.33926076,1
0.6322559,0.36774412,1
0.71501637,0.28498358,0
0.090876,0.909124,1
0.6458103,0.3541897,0
0.59193105,0.40806893,0
0.8849446,0.11505535,0
0.9300052,0.06999482,0
0.5170445,0.48295557,0
0.11286543,0.8871346,1
0.12478638,0.8752137,1
0.13049375,0.8695063,1
0.14950931,0.8504907,1
0.2322435,0.7677566,1
0.14799783,0.85200214,1
0.58562,0.41438,0
0.8405566,0.15944333,0
0.85900927,0.14099075,0
0.8678205,0.13217954,0
0.35312393,0.6468761,1
0.61400443,0.38599566,0
0.92130053,0.07869949,0
0.5971041,0.40289584,0
0.4040418,0.5959582,0
0.5109753,0.48902467,0
0.78668046,0.21331951,0
0.80297345,0.19702658,0
0.82195336,0.17804664,0
0.8660505,0.13394952,0
0.6872381,0.3127619,1
0.535075,0.464925,0
0.9560954,0.043904576,0
0.92576313,0.07423695,0
0.5797811,0.42021886,0
0.48617408,0.51382583,1
0.81641304,0.18358693,0
0.720018,0.279982,1
0.8226209,0.17737906,0
0.3680189,0.6319811,1
0.28815684,0.7118432,1
0.9375625,0.06243744,0
0.9418975,0.05810245,0
0.11377655,0.88622344,1
0.48184386,0.51815605,1
0.140163,0.85983694,1
0.115234286,0.88476574,1
0.08888361,0.9111164,1
0.58752656,0.41247338,0
0.69290274,0.3070972,0
0.7689678,0.23103221,0
0.7996275,0.20037255,0
0.72813016,0.2718698,0
0.85245895,0.14754106,0
0.37836105,0.62163895,0
0.55022097,0.4497791,0
0.74002796,0.25997195,0
0.55560845,0.44439155,1
0.6329622,0.3670378,1
0.82481706,0.17518292,1
0.9584944,0.041505538,0
0.42598337,0.5740166,1
0.43379626,0.5662038,1
0.49046314,0.5095369,0
0.29079583,0.70920414,1
0.31475148,0.6852485,0
0.40867367,0.5913263,0
0.27585,0.72414994,1
0.610312,0.389688,1
0.5993616,0.4006384,1
0.11121993,0.8887801,1
0.20831649,0.7916835,1
0.22618714,0.77381283,1
0.230597,0.7694029,1
0.16949283,0.8305072,1
0.21871792,0.781282,1
0.76426286,0.23573714,0
0.8251139,0.17488605,0
0.8511467,0.14885336,0
0.8705933,0.1294067,0
0.10373249,0.89626753,1
0.39398417,0.6060158,0
0.813273,0.18672697,0
0.20942602,0.79057395,1
0.8951662,0.10483379,0
1.6773121e-05,0.9999832,1
0.56065553,0.43934444,0
0.7885558,0.21144414,0
0.820813,0.179187,0
0.85335875,0.14664125,0
0.84460616,0.15539385,0
0.1171696,0.8828303,1
0.15693016,0.84306985,1
0.94661856,0.053381447,0
0.06523726,0.9347628,1
0.130797,0.86920303,1
0.61464924,0.38535076,0
0.66913754,0.33086246,0
0.027209884,0.9727902,1
0.9027076,0.097292416,0
0.7684095,0.23159057,0
0.10266533,0.8973347,1
0.65998036,0.34001958,0
0.34761342,0.6523866,1
0.9496759,0.050324116,0
0.09579143,0.9042086,1
0.509477,0.49052298,0
0.6647475,0.33525255,0
0.6598934,0.34010664,0
0.77423507,0.22576496,0
0.20986041,0.7901396,1
0.8238476,0.17615242,0
0.7637399,0.2362601,0
0.41760954,0.5823905,0
0.41086507,0.5891349,0
0.35974178,0.6402582,0
0.315891,0.68410903,1
0.081493944,0.918506,1
0.24940142,0.7505986,1
0.68202454,0.31797543,1
0.23035176,0.76964825,1
0.73615,0.26384988,0
0.6676553,0.33234468,0
0.6204656,0.3795344,0
0.6221781,0.37782192,0
0.5360694,0.46393067,0
0.5308914,0.4691086,0
0.5742724,0.42572755,0
0.5832151,0.41678485,0
0.6095343,0.39046568,0
0.5263188,0.47368115,0
0.813464,0.18653604,0
0.81365186,0.18634818,1
0.9054096,0.09459044,0
0.96292245,0.037077475,0
0.9162526,0.08374741,0
0.3543101,0.6456899,1
0.50500834,0.4949917,0
0.4914328,0.50856715,0
0.5241032,0.4758967,0
0.5628472,0.43715277,0
0.5544134,0.44558665,0
0.5646064,0.43539366,0
0.60011995,0.39988005,0
0.5857496,0.4142504,0
0.5547001,0.44529998,0
0.49238458,0.5076154,0
0.47458622,0.5254138,1
0.69861555,0.30138442,1
0.97074866,0.02925139,0
0.9775418,0.022458227,0
0.33777907,0.6622209,1
0.68051124,0.31948882,0
0.51609564,0.48390442,1
0.48476577,0.51523423,1
0.34945035,0.65054965,1
0.37078708,0.6292129,1
0.06295182,0.9370482,1
0.07640271,0.9235972,1
0.8027804,0.19721961,0
0.5430059,0.45699415,0
0.9314771,0.068522915,0
0.5837667,0.41623327,0
0.6112116,0.3887884,0
0.7113941,0.28860596,0
0.70844895,0.29155105,0
0.60969424,0.39030576,0
0.66622245,0.33377755,0
0.33315328,0.66684675,1
0.63830286,0.36169717,0
0.6236605,0.3763395,0
0.10504541,0.89495456,1
0.45910913,0.54089093,1
0.46858817,0.53141177,1
0.49458623,0.5054137,1
0.65437454,0.3456254,0
0.68435687,0.31564316,0
0.98104846,0.018951556,0
0.5230893,0.47691077,1
0.28207874,0.7179213,1
0.46931154,0.5306884,1
0.33644795,0.66355205,1
0.64414227,0.3558577,0
0.67490524,0.3250948,0
0.74985945,0.25014052,0
0.8523441,0.1476559,0
0.7793709,0.22062913,0
0.97159594,0.028404072,0
0.9394773,0.06052266,0
0.78205365,0.21794629,0
0.47868788,0.5213121,0
0.3813912,0.6186088,1
0.3340776,0.66592234,0
0.374144,0.62585604,0
0.3227067,0.6772933,1
0.2773232,0.72267675,1
0.25101936,0.74898064,1
0.23880504,0.761195,0
0.8274474,0.17255257,1
0.92156094,0.07843901,0
0.64434165,0.35565838,1
0.17387748,0.8261226,1
0.4448464,0.55515367,1
0.46039522,0.5396048,1
0.61152315,0.38847682,0
0.5190724,0.48092753,0
0.69146174,0.3085382,0
0.80409074,0.19590929,0
0.9272703,0.072729714,0
0.87323755,0.12676248,0
0.45472246,0.5452775,0
0.4314748,0.56852514,1
0.39584598,0.604154,1
0.6642813,0.33571866,0
0.59213394,0.4078661,0
0.9282952,0.07170484,0
0.343356,0.6566439,1
0.09309194,0.9069081,1
0.04385814,0.9561418,1
0.027107487,0.9728925,1
0.059202682,0.9407973,1
0.08518912,0.9148109,1
0.7692936,0.23070638,0
0.77740246,0.22259757,0
0.6783539,0.32164606,0
0.6613116,0.33868837,0
0.8794341,0.12056587,0
0.030041328,0.96995866,1
0.076134756,0.92386526,1
0.082664646,0.91733533,1
0.45242056,0.5475794,0
0.73326993,0.26673007,0
0.8594828,0.14051722,0
0.66222215,0.33777776,0
0.6248633,0.37513664,0
0.7935051,0.2064949,0
0.75903916,0.24096078,0
0.3602844,0.6397157,0
0.32861632,0.6713837,1
0.70493793,0.29506207,0
0.6521337,0.34786627,0
0.6842662,0.31573382,0
0.6309491,0.36905092,0
0.8233877,0.17661235,0
0.903363,0.096637,0
0.9525868,0.047413185,0
0.95622414,0.04377594,0
0.9699783,0.030021757,0
0.95895964,0.04104031,0
0.4407643,0.5592357,0
0.29295674,0.7070433,1
0.34711346,0.65288645,0
0.6226914,0.37730864,0
0.69202536,0.30797464,0
0.71032673,0.2896733,0
0.75690407,0.24309593,0
0.7635274,0.2364726,0
0.8365163,0.16348372,0
0.86225826,0.13774171,0
0.9799274,0.020072605,0
0.9699463,0.03005371,0
0.39605147,0.60394853,1
0.42362097,0.57637906,1
0.2973404,0.70265967,1
0.24313542,0.7568646,1
0.26590428,0.7340958,1
0.74052197,0.25947803,1
0.9206916,0.07930839,0
0.4636421,0.53635794,1
0.60130817,0.39869183,1
0.6982463,0.30175373,0
0.6662056,0.33379444,0
0.82390946,0.17609048,0
0.6928992,0.30710077,1
0.91057754,0.08942253,0
0.9057199,0.09428014,0
0.29494435,0.7050557,1
0.12034988,0.8796502,1
0.08634612,0.91365385,1
0.12641197,0.873588,1
0.15278323,0.8472167,1
0.49747455,0.50252545,1
0.66838443,0.33161557,0
0.13618186,0.86381817,1
0.9572025,0.042797517,0
0.2794297,0.7205703,1
0.5881387,0.41186127,0
0.10351873,0.8964812,1
0.1550703,0.8449297,1
0.6308247,0.36917534,0
0.6639932,0.33600682,0
0.70767623,0.29232377,0
0.85061014,0.14938988,0
0.108021095,0.89197886,1
0.94652337,0.053476606,0
0.54405266,0.45594737,0
0.39300987,0.60699016,1
0.7899545,0.2100455,0
0.79376805,0.206232,0
0.8128712,0.18712877,0
0.8203298,0.17967017,0
0.86070645,0.13929349,0
0.71923,0.28076997,0
0.47540793,0.52459216,1
0.10513335,0.89486665,1
0.7326985,0.26730153,0
0.6090212,0.3909788,0
0.935839,0.064160965,0
0.9658013,0.034198772,0
0.7261076,0.27389234,0
0.7467317,0.2532682,0
0.70875317,0.2912469,0
0.78732353,0.2126765,0
0.82657516,0.17342484,0
0.9579816,0.042018443,0
0.45221886,0.54778117,0
0.4553897,0.5446103,1
0.4301144,0.5698856,1
0.39993897,0.60006106,1
0.25532717,0.7446728,1
0.8761652,0.12383478,0
0.7854318,0.21456815,1
0.041724816,0.9582752,1
0.038763158,0.96123683,1
0.03264441,0.9673556,1
0.01972302,0.98027706,1
0.5150653,0.48493463,0
0.68686867,0.31313136,0
0.6521427,0.34785727,0
0.33602384,0.6639762,0
0.92112184,0.07887813,0
0.91804254,0.08195751,0
0.081363946,0.9186361,1
0.06636843,0.9336316,1
0.054879077,0.94512093,1
0.08565963,0.9143403,1
0.6788476,0.32115242,0
0.6317451,0.36825493,0
0.06016819,0.9398318,1
0.44733962,0.55266035,0
0.763438,0.236562,0
0.07284496,0.9271551,1
0.096537314,0.9034627,1
0.10626976,0.8937302,1
0.8374918,0.16250819,0
0.46562597,0.534374,0
0.53438693,0.4656131,0
0.2957224,0.7042776,0
0.077801846,0.9221982,1
0.08370028,0.91629964,1
0.19861723,0.8013828,1
0.35730615,0.6426938,0
0.46454644,0.53545356,0
0.104451895,0.8955481,1
0.9637709,0.036229044,0
0.95419526,0.04580481,0
0.21241142,0.78758854,1
0.13083138,0.86916864,1
0.035166267,0.96483374,1
0.4594776,0.5405224,0
0.75503814,0.24496183,0
0.73443204,0.26556796,0
0.7318814,0.2681186,0
0.7465367,0.25346333,0
0.10608834,0.89391166,1
0.66634876,0.3336512,0
0.5752977,0.42470226,0
0.5936487,0.40635133,0
0.9563428,0.043657184,0
0.629434,0.370566,0
0.49216858,0.5078314,0
0.34913313,0.65086687,1
0.34724656,0.6527535,0
0.642171,0.35782894,0
0.84375364,0.15624635,0
0.8442449,0.15575509,0
0.82414997,0.17585,0
0.7855509,0.21444914,0
0.6910627,0.30893734,0
0.96506083,0.034939203,0
0.91385055,0.08614943,0
0.80118084,0.1988191,0
0.419745,0.58025503,1
0.39016318,0.6098368,1
0.37618065,0.62381935,1
0.2570098,0.74299026,1
0.26862782,0.7313722,1
0.79930526,0.20069477,1
0.88504136,0.1149586,0
0.6751955,0.3248045,1
0.07425746,0.92574257,1
0.07066309,0.92933697,1
0.13151777,0.86848223,1
0.10829744,0.89170253,1
0.10776999,0.89223,1
0.08564486,0.91435516,1
0.11942652,0.88057345,1
0.06501299,0.934987,1
0.11326773,0.8867323,1
0.7339329,0.26606715,0
0.8117923,0.18820767,0
0.81565094,0.18434899,0
0.88586944,0.114130564,0
0.11369567,0.8863043,1
0.39715305,0.6028469,0
0.1275985,0.8724015,1
0.12231095,0.87768906,1
0.11117452,0.8888255,1
0.7588273,0.24117264,0
0.5567112,0.44328877,0
0.6726676,0.3273324,0
0.9516408,0.04835917,0
0.96110576,0.038894236,0
0.9104431,0.08955686,0
0.5615008,0.43849918,0
0.31657267,0.68342733,1
0.20209605,0.797904,1
0.11432265,0.88567734,1
0.085737385,0.9142626,1
0.07911832,0.9208817,1
0.09053014,0.90946984,1
0.6982141,0.30178598,0
0.7444073,0.25559273,0
0.5849884,0.41501158,0
0.054994855,0.9450051,1
0.067316025,0.93268394,1
0.09552594,0.9044741,1
0.0869118,0.9130882,1
0.09553856,0.9044615,1
0.06624478,0.93375516,1
0.7626677,0.23733234,0
0.84518266,0.15481731,0
0.9571895,0.04281049,0
0.46295476,0.5370452,0
0.07832644,0.92167354,1
0.6138214,0.38617867,0
0.60400707,0.39599302,0
0.18639958,0.8136005,0
0.11553209,0.88446784,1
0.7556231,0.24437693,0
0.92946845,0.07053155,0
0.16915873,0.83084124,0
0.07514359,0.9248564,1
0.40344468,0.5965553,0
0.69170356,0.30829644,0
0.72321546,0.27678457,0
0.71773803,0.28226194,0
