prob_class_0,prob_class_1,true_label
0.8497991,0.15020093,0
0.88785625,0.11214374,0
0.90376204,0.09623796,0
0.8947265,0.10527344,1
0.80373317,0.1962668,1
0.84591943,0.1540806,1
0.8552529,0.14474714,1
0.81150526,0.18849476,0
0.8710078,0.1289922,0
0.8632292,0.13677077,0
0.8253721,0.17462797,1
0.734007,0.26599303,1
0.818591,0.181409,0
0.8205226,0.17947744,0
0.8427609,0.15723906,0
0.8449645,0.15503557,0
0.83041656,0.16958344,1
0.867184,0.13281603,1
0.85978943,0.1402106,0
0.83435994,0.16564009,1
0.8476381,0.15236193,1
0.8267053,0.17329477,1
0.8525959,0.147404,0
0.83169556,0.16830447,1
0.79440176,0.20559825,1
0.643347,0.356653,1
0.4343638,0.5656362,1
0.09101933,0.90898067,1
0.17633855,0.82366145,1
0.3455563,0.65444374,1
0.4963542,0.5036458,0
0.5292453,0.47075474,0
0.86315686,0.13684312,0
0.87528443,0.12471556,0
0.81185365,0.18814637,0
0.4776802,0.52231985,0
0.43213636,0.56786364,1
0.80482715,0.19517288,0
0.4615405,0.5384594,1
0.87079144,0.1292086,0
0.7695007,0.23049931,1
0.76360816,0.2363919,1
0.4598964,0.5401037,1
0.83486986,0.1651301,0
0.85624725,0.14375275,0
0.7426813,0.25731865,0
0.79552597,0.20447405,0
0.83462095,0.1653791,0
0.12829727,0.87170273,1
0.1509798,0.8490202,1
0.14047277,0.8595273,1
0.1442432,0.8557569,1
0.050213363,0.94978666,1
0.055569794,0.94443023,1
0.2229917,0.7770083,1
0.391384,0.608616,0
0.21708162,0.7829184,1
0.45290083,0.5470992,0
0.6337581,0.36624184,0
0.120070264,0.8799298,1
0.121343754,0.87865627,1
0.11175364,0.8882463,1
0.20341381,0.7965862,1
0.23891485,0.76108515,1
0.21330653,0.78669345,1
0.21494965,0.78505033,1
0.10819137,0.8918086,1
0.11622791,0.8837721,1
0.49288192,0.5071181,0
0.7685386,0.23146142,0
0.23650089,0.76349914,0
0.13420749,0.8657925,1
0.20649461,0.7935054,1
0.22953364,0.7704663,0
0.1641426,0.8358574,1
0.22246592,0.77753407,1
0.24373507,0.7562649,1
0.35957506,0.64042497,0
0.52117556,0.4788245,0
0.2776433,0.72235674,0
0.30131584,0.69868416,1
0.43420416,0.56579584,0
0.24068378,0.7593162,0
0.4542392,0.5457608,0
0.25497982,0.7450202,0
0.25809512,0.7419048,0
0.2650173,0.73498267,0
0.2469611,0.7530389,1
0.5748555,0.42514452,0
0.22995274,0.77004725,1
0.8598366,0.14016339,0
0.16157782,0.8384221,1
0.16895875,0.8310413,1
0.83645314,0.1635468,0
0.17650478,0.8234952,1
0.16253363,0.8374664,1
0.24160443,0.75839555,0
0.4690883,0.53091174,0
0.86383814,0.13616179,0
0.46760958,0.5323905,0
0.8464331,0.15356691,0
0.81795996,0.18204002,0
0.688551,0.31144896,0
0.45597008,0.54402995,0
0.44546616,0.55453384,0
0.43979675,0.5602032,0
0.44113865,0.5588613,0
0.2619267,0.73807335,1
0.29409054,0.70590943,1
0.44432372,0.5556763,0
0.85037446,0.14962558,0
0.82592136,0.1740787,0
0.8749941,0.12500592,0
0.88339967,0.11660036,0
0.75183874,0.24816124,0
0.6925664,0.3074336,0
0.6452385,0.35476148,0
0.4103064,0.5896936,1
0.39743194,0.6025681,1
0.4265197,0.57348025,1
0.43785697,0.562143,0
0.43417183,0.56582814,0
0.08534636,0.91465366,1
0.17152709,0.8284729,1
0.17009637,0.82990366,1
0.16554326,0.8344568,1
0.76861936,0.23138061,0
0.20707484,0.79292524,1
0.35540262,0.64459735,0
0.55159885,0.44840115,0
0.5947535,0.40524653,0
0.61044115,0.3895588,0
0.2324092,0.76759076,1
0.24893057,0.7510694,1
0.17199413,0.8280059,1
0.25884852,0.74115145,0
0.23347893,0.76652104,1
0.22166128,0.77833873,1
0.19377095,0.80622905,1
0.19691487,0.80308515,1
0.23938388,0.7606161,1
0.24949315,0.75050676,1
0.270105,0.729895,1
0.2755203,0.72447973,1
0.34143564,0.6585644,0
0.5052083,0.49479166,0
0.59228116,0.4077189,0
0.27438822,0.7256118,0
0.8350033,0.16499668,0
0.8400944,0.1599056,0
0.8542625,0.14573756,0
0.850888,0.14911199,0
0.8607496,0.13925044,0
0.24944827,0.7505517,1
0.8575704,0.14242963,0
0.3624752,0.63752484,1
0.8428949,0.15710506,0
0.5741751,0.4258249,1
0.27668667,0.7233134,1
0.2713471,0.7286529,1
0.26547128,0.7345288,1
0.26268777,0.73731226,1
0.39418697,0.6058131,1
0.27800888,0.7219912,1
0.28206053,0.7179395,1
0.83921564,0.16078436,0
0.84873,0.15126997,0
0.30302227,0.69697773,1
0.56852996,0.43147004,0
0.15113983,0.8488602,1
0.21968712,0.7803129,1
0.36166352,0.6383365,0
0.29184267,0.70815736,0
0.19641756,0.8035825,1
0.3900145,0.60998553,0
0.29510093,0.7048991,0
0.31094578,0.6890542,0
0.4151961,0.5848039,0
0.47453693,0.52546304,0
0.5617391,0.43826097,0
0.5179009,0.48209915,0
0.37250885,0.6274912,0
0.25212368,0.74787635,1
0.2675944,0.73240566,0
0.3980843,0.6019157,0
0.43347785,0.5665222,0
0.3831469,0.6168531,0
0.2063427,0.79365724,1
0.603302,0.39669797,0
0.6357061,0.36429378,0
0.03387851,0.9661215,1
0.04627618,0.95372385,1
0.047018554,0.9529815,1
0.039790545,0.9602095,1
0.12972839,0.8702716,0
0.43092325,0.56907666,0
0.48335794,0.51664203,0
0.5475279,0.4524721,0
0.62793285,0.37206712,0
0.4714161,0.52858394,0
0.80414975,0.19585021,0
0.8675772,0.13242279,0
0.8296039,0.17039607,0
0.85276884,0.14723115,0
0.80927724,0.1907227,0
0.7976447,0.20235536,0
0.8635506,0.13644949,0
0.8196774,0.18032259,0
0.84485805,0.15514195,0
0.8372018,0.16279817,0
0.83275336,0.16724657,0
0.83358526,0.16641468,0
0.8551666,0.14483343,0
0.5738953,0.4261047,1
0.58927965,0.41072032,1
0.2637783,0.7362216,1
0.83945185,0.16054814,0
0.8382042,0.16179575,0
0.81713337,0.18286666,0
0.8361671,0.16383293,0
0.8484256,0.15157439,0
0.8336605,0.16633952,0
0.83425903,0.16574095,0
0.83993673,0.16006328,0
0.84149057,0.15850946,0
0.8458776,0.15412235,0
0.84947467,0.1505253,0
0.82693994,0.17306001,0
0.47144064,0.52855945,1
0.8704298,0.12957017,0
0.85661614,0.14338385,0
0.60708576,0.39291418,1
0.43446296,0.56553704,1
0.25121123,0.7487888,1
0.8440595,0.15594049,0
0.8147872,0.18521282,0
0.81585747,0.18414252,0
0.8412449,0.15875515,0
0.847191,0.15280902,0
0.8475975,0.15240252,0
0.8319783,0.1680217,0
0.8546963,0.14530376,0
0.85194445,0.14805552,0
0.37500808,0.62499195,1
0.22327727,0.7767227,1
0.33954558,0.66045445,1
0.83337075,0.16662931,0
0.82492775,0.17507227,0
0.82821935,0.17178063,0
0.3983952,0.6016048,1
0.33769488,0.6623051,1
0.84873754,0.15126245,0
0.8366216,0.16337843,0
0.8732834,0.12671664,0
0.808016,0.19198397,0
0.4301291,0.5698709,1
0.40957624,0.5904238,1
0.79780966,0.20219035,0
0.79869,0.20130995,0
0.8110873,0.18891267,0
0.8799848,0.120015174,0
0.89692265,0.10307741,0
0.9080127,0.09198731,0
0.9150369,0.08496312,0
0.7558284,0.24417159,0
0.7416288,0.25837114,0
0.7410524,0.25894758,0
0.8526705,0.14732951,0
0.27636838,0.72363156,1
0.44843137,0.55156857,1
0.7916192,0.20838082,0
0.50723344,0.4927666,1
0.89052635,0.10947364,0
0.47201115,0.5279888,1
0.82228464,0.17771544,0
0.7883236,0.21167639,0
0.794658,0.20534195,0
0.5011104,0.49888965,1
0.81773424,0.18226576,0
0.81923795,0.1807621,0
0.8783436,0.12165639,0
0.44629374,0.5537063,1
0.81695074,0.18304928,0
0.81702197,0.18297808,0
0.8090439,0.19095607,0
0.8445893,0.15541069,0
0.83627135,0.16372861,0
0.83812475,0.1618753,0
0.8290981,0.17090191,0
0.8324222,0.16757782,0
0.8363221,0.16367784,0
0.8014741,0.19852588,0
0.58873546,0.4112646,1
0.48599774,0.5140023,1
0.84168154,0.1583185,0
0.8506067,0.14939335,0
0.8496478,0.15035215,0
0.826113,0.173887,0
0.8370837,0.16291638,0
0.5715014,0.42849863,1
0.47468653,0.5253135,1
0.8254526,0.17454733,0
0.8072295,0.19277054,0
0.8268716,0.17312844,0
0.7861471,0.21385285,0
0.81302917,0.18697089,0
0.8254627,0.17453726,0
0.8204402,0.17955978,0
0.84762424,0.1523758,0
0.6600932,0.33990678,1
0.8346833,0.1653167,0
0.835066,0.16493398,0
0.83149606,0.16850391,0
0.3653977,0.6346023,1
0.8205412,0.17945874,0
0.22579023,0.7742098,1
0.34445933,0.6555407,1
0.34935814,0.65064186,1
0.8154237,0.18457623,0
0.83378464,0.16621535,0
0.7332225,0.26677746,0
0.7155404,0.28445962,0
0.8132317,0.18676825,0
0.83483666,0.1651634,0
0.8457658,0.15423423,0
0.8473715,0.15262848,0
0.23819932,0.7618007,1
0.30270404,0.69729596,1
0.7532861,0.24671386,0
0.37891117,0.6210889,1
0.82608294,0.1739171,0
0.82822245,0.17177759,0
0.83873534,0.1612647,0
0.8182719,0.18172812,0
0.8022398,0.19776022,0
0.5880746,0.41192538,1
0.47003686,0.52996314,1
0.30308598,0.69691396,1
0.0641477,0.9358522,1
0.7811282,0.21887176,0
0.88815624,0.11184375,0
0.6564736,0.3435264,0
0.83195823,0.16804183,0
0.8108364,0.18916363,0
0.8164429,0.1835571,0
0.8175934,0.1824066,0
0.3803889,0.6196111,1
0.21890499,0.78109497,1
0.19575949,0.8042405,1
0.12788491,0.8721151,1
0.8317036,0.16829647,0
0.50982004,0.49017996,0
0.5158535,0.4841465,0
0.49630716,0.50369287,0
0.45735446,0.5426456,0
0.2142631,0.7857369,1
0.18360159,0.81639844,1
0.23598284,0.7640172,1
0.24133582,0.75866425,1
0.2117295,0.78827053,1
0.15893057,0.84106946,1
0.04498461,0.9550154,1
0.044235293,0.95576465,1
0.52511185,0.47488812,0
0.2867903,0.71320975,0
0.28003535,0.7199647,0
0.53052455,0.46947545,0
0.34519172,0.65480834,0
0.38137692,0.6186231,0
0.2325104,0.7674896,0
0.21936245,0.78063756,0
0.21330623,0.78669375,0
0.19990537,0.8000946,0
0.23452333,0.7654767,0
0.1643934,0.83560663,1
0.21908434,0.7809157,0
0.42911604,0.5708839,0
0.4692784,0.53072166,0
0.53269696,0.46730307,0
0.50525236,0.4947477,0
0.49886292,0.501137,0
0.46783674,0.53216326,0
0.31559703,0.68440294,1
0.36129633,0.63870364,0
0.20275591,0.7972441,1
0.84666586,0.15333413,0
0.758522,0.2414781,0
0.64570475,0.35429525,0
0.48905,0.51094997,0
0.45149955,0.5485005,0
0.600756,0.399244,0
0.1473163,0.85268366,1
0.18775232,0.8122477,1
0.4825695,0.5174305,0
0.670303,0.32969698,0
0.7759565,0.22404352,0
0.7284096,0.27159047,0
0.64600474,0.35399526,0
0.6396024,0.36039755,0
0.610499,0.389501,0
0.6081307,0.39186928,0
0.46843114,0.5315689,0
0.4632687,0.5367313,0
0.32788828,0.6721117,1
0.20976013,0.7902399,1
0.56987673,0.43012333,0
0.63416344,0.36583656,0
0.8325635,0.16743645,0
0.238524,0.76147604,1
0.05206938,0.94793063,1
0.072021455,0.9279786,1
0.4029453,0.5970546,0
0.19901857,0.8009814,1
0.5017769,0.49822316,0
0.58160204,0.418398,0
0.50973266,0.49026737,0
0.5023416,0.49765834,0
0.33378097,0.66621906,0
0.31634048,0.68365955,0
0.31481218,0.6851878,0
0.34724098,0.6527591,1
0.356337,0.64366305,1
0.30516028,0.6948397,1
0.7507407,0.24925926,0
0.8201803,0.17981973,0
0.84338725,0.15661277,0
0.84035915,0.15964082,0
0.8413788,0.15862119,0
0.8444427,0.15555726,0
0.81016964,0.1898304,1
0.83246034,0.16753969,0
0.77564114,0.22435886,1
0.84448385,0.15551606,0
0.8444315,0.15556844,0
0.8395928,0.16040717,0
0.8422402,0.1577598,0
0.8456859,0.15431407,0
0.8692897,0.13071032,0
0.851673,0.14832695,0
0.82136106,0.17863898,1
0.44808576,0.5519143,1
0.82530534,0.17469469,0
0.8448796,0.15512036,0
0.8010548,0.19894522,0
0.8233197,0.17668036,0
0.8520116,0.14798842,0
0.8355873,0.16441269,0
0.8164785,0.18352148,0
0.52160585,0.47839418,1
0.7398981,0.26010194,1
0.80435956,0.19564046,1
0.57748467,0.42251533,1
0.48190436,0.5180957,1
0.47580323,0.52419674,1
0.73295575,0.2670443,0
0.49258506,0.5074149,1
0.20850381,0.79149616,1
0.18380539,0.8161946,1
0.4680189,0.5319811,1
0.5267974,0.47320265,1
0.82171476,0.17828527,0
0.8863186,0.11368133,0
0.88865083,0.111349106,0
0.580809,0.419191,1
0.51519567,0.4848043,1
0.46426186,0.5357381,1
0.45584857,0.5441514,1
0.45076537,0.54923457,1
0.7257793,0.27422065,0
0.7282055,0.27179447,0
0.90542513,0.09457492,0
0.63741684,0.36258316,1
0.571499,0.428501,1
0.74393696,0.25606304,0
0.73777044,0.2622295,0
0.4148669,0.58513314,1
0.3465059,0.65349406,1
0.33105642,0.6689436,1
0.8334582,0.1665418,0
0.855009,0.14499104,0
0.7579495,0.24205053,0
0.8148603,0.18513967,0
0.818783,0.18121698,0
0.36648512,0.6335149,1
0.754138,0.24586198,0
0.5211266,0.47887334,1
0.5153287,0.48467135,1
0.5207574,0.4792426,1
0.44310746,0.5568926,1
0.54944485,0.45055506,1
0.5457198,0.45428017,1
0.5437211,0.45627898,1
0.54214174,0.45785832,1
0.8148039,0.18519616,0
0.4145504,0.5854496,1
0.20406008,0.7959399,1
0.5345079,0.46549216,0
0.31474894,0.685251,1
0.46062163,0.53937835,0
0.28271598,0.717284,1
0.40873653,0.5912635,0
0.55806667,0.4419334,0
0.5168699,0.48313013,0
0.5390323,0.46096772,0
0.48155797,0.518442,0
0.34394628,0.65605366,1
0.45452562,0.5454744,0
0.5430023,0.45699772,0
0.45716122,0.5428388,0
0.445544,0.554456,1
0.40419933,0.59580064,1
0.37184033,0.62815964,1
0.5391206,0.46087936,1
0.513105,0.48689497,0
0.6822627,0.31773722,0
0.3808028,0.61919725,1
0.70122886,0.2987711,0
0.7463508,0.25364915,0
0.5973674,0.4026326,0
0.60720557,0.39279443,0
0.82804096,0.17195903,0
0.5274964,0.4725036,1
0.40297326,0.59702677,1
0.6783742,0.3216259,0
0.21196872,0.7880313,1
0.21864103,0.78135896,1
0.50531346,0.4946865,0
0.82881457,0.17118543,0
0.4400356,0.55996436,1
0.4570853,0.5429147,1
0.4565693,0.5434307,1
0.6491386,0.3508614,0
0.67315656,0.3268434,0
0.7812829,0.21871704,0
0.7727809,0.22721909,0
0.6704325,0.32956746,0
0.42177942,0.5782206,1
0.45069182,0.5493082,1
0.4256837,0.5743163,1
0.6768865,0.32311353,0
0.8535023,0.14649771,0
0.44209597,0.55790406,1
0.6716639,0.32833615,0
0.66398525,0.3360147,0
0.4043477,0.59565234,1
0.6038718,0.39612818,0
0.30670178,0.6932982,1
0.256399,0.74360096,1
0.114367075,0.88563293,1
0.7883753,0.21162468,0
0.28485882,0.71514124,1
0.8056919,0.19430813,0
0.5377723,0.4622277,1
0.82376945,0.17623061,0
0.76338327,0.23661676,0
0.8503385,0.14966151,0
0.81556356,0.1844364,0
0.5257643,0.47423565,1
0.4762979,0.5237021,1
0.23455557,0.7654444,1
0.24242046,0.7575795,1
0.8430011,0.15699889,0
0.5208417,0.47915825,0
0.24928293,0.7507171,1
0.45993677,0.54006326,0
0.46279207,0.5372079,0
0.54789835,0.45210168,0
0.24062018,0.75937986,1
0.30956662,0.69043344,1
0.58451784,0.4154822,0
0.23783375,0.7621662,1
0.18997686,0.8100232,1
0.21047987,0.78952014,1
0.22683083,0.77316916,1
0.32977778,0.6702222,0
0.18892457,0.81107545,1
0.5731694,0.42683065,0
0.5503625,0.44963747,0
0.8200633,0.1799367,0
0.84585893,0.15414107,0
0.8613782,0.13862179,0
0.8643536,0.13564634,0
0.8341597,0.16584042,0
0.81609106,0.18390895,0
0.8409198,0.15908018,0
0.8510965,0.1489035,0
0.84920514,0.1507949,0
0.83990365,0.16009639,0
0.83470184,0.16529824,0
0.85277915,0.14722082,0
0.8296169,0.17038308,0
0.8855566,0.114443436,0
0.8877264,0.11227364,0
0.8868818,0.11311815,0
0.8659818,0.13401817,0
0.8570421,0.14295793,0
0.8279348,0.17206521,0
0.8238866,0.17611341,0
0.83700216,0.1629979,0
0.81853324,0.18146671,0
0.9079085,0.092091516,0
0.90040433,0.09959564,0
0.80968595,0.19031407,0
0.2490801,0.7509199,1
0.10535938,0.8946407,1
0.08897779,0.91102225,1
0.13091503,0.86908495,1
0.40394458,0.5960554,1
0.42683738,0.5731627,1
0.13392885,0.8660712,1
0.1490056,0.85099435,1
0.19322485,0.8067751,1
0.55533785,0.44466218,0
0.4972408,0.5027592,0
0.2285248,0.7714752,1
0.21693322,0.7830668,1
0.48251048,0.51748955,0
0.5002067,0.49979326,0
0.37602654,0.6239734,0
0.20648009,0.79351985,1
0.3749201,0.6250799,0
0.23425098,0.765749,1
0.23343806,0.7665619,1
0.3765411,0.62345886,0
0.2589689,0.74103105,0
0.32034475,0.67965525,0
0.4911768,0.50882316,0
0.8329014,0.16709861,0
0.8058451,0.19415489,0
0.8213654,0.1786346,0
0.8275648,0.17243524,0
0.40156424,0.59843576,1
0.84255534,0.15744464,0
0.82336336,0.17663665,0
0.82306945,0.17693052,0
0.8255106,0.1744894,0
0.83419,0.16580994,0
0.44774678,0.5522533,1
0.81634027,0.18365979,0
0.81620777,0.18379228,0
0.36730734,0.63269264,1
0.3625335,0.6374665,1
0.8364834,0.16351654,0
0.8491785,0.15082148,0
0.8041954,0.19580463,0
0.71868145,0.28131852,1
0.4386531,0.5613469,1
0.44906092,0.55093914,1
0.35142866,0.6485713,1
0.40641987,0.5935802,1
0.55290264,0.4470974,1
0.32432088,0.6756791,1
0.5800793,0.4199207,0
0.8638459,0.13615406,0
0.6763688,0.32363123,0
0.7526232,0.24737681,0
0.50462335,0.49537662,0
0.43542403,0.564576,1
0.18878888,0.81121117,1
0.7713511,0.22864892,0
0.8445335,0.15546647,0
0.8476708,0.15232919,0
0.47179446,0.5282055,0
0.80745786,0.19254209,0
0.80730695,0.19269304,0
0.14977421,0.85022575,1
0.1756172,0.82438284,1
0.33544505,0.66455495,1
0.3846954,0.6153046,1
0.3813558,0.61864424,1
0.46129575,0.5387042,1
0.12497399,0.875026,1
0.22432742,0.7756727,1
0.12749392,0.87250614,1
0.20373425,0.7962658,1
0.13479128,0.8652086,1
0.17292255,0.82707745,1
0.23910208,0.760898,0
0.19620183,0.80379814,1
0.27631843,0.7236815,0
0.6151725,0.3848275,0
0.53173614,0.46826386,0
0.21669409,0.78330594,1
0.2561991,0.7438009,1
0.25301766,0.7469823,1
0.23818527,0.76181465,1
0.2035072,0.7964928,1
0.8074878,0.1925122,0
0.7954459,0.20455405,0
0.63970464,0.36029541,0
0.8439063,0.15609376,0
0.524406,0.47559395,0
0.23241588,0.7675841,1
0.24900556,0.75099444,1
0.27003694,0.72996306,1
0.27954292,0.72045714,1
0.6439609,0.35603908,0
0.23204012,0.76795983,1
0.20377672,0.7962233,1
0.8080204,0.19197953,0
0.8719539,0.12804614,0
0.85095924,0.14904079,0
0.84852946,0.15147056,0
0.8326928,0.16730721,0
0.85329,0.14670995,0
0.8533127,0.14668733,0
0.84588915,0.15411094,0
0.8394736,0.1605264,0
0.8375945,0.16240543,0
0.8052252,0.19477485,0
0.8326975,0.16730249,0
0.8652389,0.1347611,0
0.8458929,0.15410718,0
0.81969213,0.1803079,0
0.57501704,0.424983,1
0.5538171,0.44618294,1
0.83199286,0.16800717,0
0.8393479,0.16065216,0
0.8337829,0.16621709,0
0.85526276,0.1447372,0
0.8563902,0.14360988,0
0.8738254,0.1261746,0
0.8748157,0.12518425,0
0.8241954,0.17580462,0
0.81299454,0.18700539,0
0.8202118,0.17978822,0
0.83337295,0.16662702,0
0.8278572,0.17214288,0
0.83027387,0.16972616,0
0.5988556,0.40114442,1
0.81306195,0.18693809,0
0.7909881,0.20901191,0
0.82246566,0.17753428,0
0.8359582,0.1640418,0
0.8762833,0.12371671,0
0.9052318,0.094768226,0
0.76457024,0.23542975,0
0.31928083,0.6807192,1
0.7923194,0.20768063,0
0.7822784,0.21772155,0
0.7848863,0.21511368,0
0.806174,0.19382598,0
0.79515433,0.2048456,0
0.77362436,0.2263756,0
0.6812257,0.31877425,1
0.77810705,0.22189292,0
0.3357117,0.66428834,1
0.7978764,0.20212355,0
0.82882404,0.17117588,0
0.8271903,0.17280969,0
0.81686753,0.18313244,0
0.8226646,0.17733543,0
0.6090901,0.39090994,1
0.83976245,0.16023752,0
0.8454879,0.15451206,0
0.84409124,0.15590875,0
0.8237655,0.17623447,0
0.82541704,0.17458288,0
0.7951688,0.20483121,0
0.8158481,0.18415195,0
0.81595665,0.18404336,0
0.8222659,0.17773412,0
0.81972355,0.18027644,0
0.8363766,0.16362338,0
0.838322,0.161678,0
0.8381627,0.16183731,0
0.84442836,0.15557165,1
0.8278784,0.17212157,1
0.84732354,0.15267652,0
0.83785623,0.16214375,0
0.38587433,0.6141256,1
0.3221691,0.67783093,1
0.8440661,0.15593393,0
0.5215668,0.47843316,1
0.8336734,0.16632657,0
0.3879581,0.6120419,1
0.4541341,0.5458659,1
0.27229917,0.7277008,1
0.85434335,0.14565666,0
0.8472972,0.15270284,0
0.68868923,0.31131077,0
0.82255304,0.17744696,0
0.82420987,0.17579015,0
0.38229266,0.6177074,1
0.38652253,0.6134774,1
0.38835648,0.61164355,1
0.8330579,0.16694216,0
0.8556755,0.14432448,0
0.8294052,0.17059484,0
0.8837706,0.11622945,0
0.8859192,0.11408071,0
0.43464926,0.5653508,1
0.8566019,0.14339808,0
0.8842169,0.115783095,0
0.90424234,0.09575764,0
0.91245365,0.08754633,0
0.7882417,0.21175836,0
0.79144305,0.20855695,0
0.7933822,0.2066178,0
0.80255145,0.19744858,0
0.8470393,0.15296064,0
0.8303633,0.16963668,0
0.79233325,0.20766671,0
0.8160565,0.18394352,0
0.8034649,0.19653514,0
0.24719013,0.7528098,1
0.3353137,0.66468626,1
0.8143561,0.18564391,0
0.87303567,0.12696433,0
0.8746758,0.12532417,0
0.51816213,0.4818378,1
0.42110345,0.5788965,1
0.7922213,0.20777865,0
0.5415425,0.4584575,1
0.83357966,0.16642031,0
0.52908695,0.47091308,1
0.82046235,0.17953764,0
0.81974757,0.1802524,0
0.8115168,0.18848318,0
0.815589,0.18441097,0
0.7899189,0.21008104,0
0.8371585,0.16284151,0
0.5237038,0.47629616,1
0.46228334,0.5377167,1
0.84111845,0.15888152,0
0.8352132,0.1647868,0
0.8372071,0.16279295,0
0.84628254,0.15371752,0
0.8468234,0.15317664,0
0.30754212,0.6924579,1
0.84425217,0.15574783,0
0.6361658,0.36383417,1
0.5380206,0.46197933,1
0.8388889,0.16111113,0
0.82259625,0.17740376,0
0.85090744,0.14909253,0
0.812544,0.187456,0
0.8569343,0.14306568,0
0.8134914,0.1865086,0
0.85603046,0.14396955,0
0.8155165,0.18448354,0
0.8453342,0.15466574,0
0.8080994,0.19190069,1
0.840674,0.15932603,1
0.8448167,0.1551833,1
0.78656936,0.2134306,1
0.8296361,0.17036393,0
0.8452924,0.15470766,0
0.8348639,0.16513614,0
0.80810183,0.19189818,1
0.8258261,0.17417388,0
0.8477951,0.1522049,0
0.853771,0.14622903,0
0.8630827,0.13691731,0
0.86889744,0.13110252,0
0.86298585,0.13701418,0
0.8838041,0.11619588,0
0.8221393,0.1778607,0
0.82325405,0.17674595,0
0.8060882,0.19391178,0
0.80351865,0.19648133,0
0.8279243,0.17207564,0
0.8489127,0.15108734,0
0.8872924,0.112707555,0
0.8089678,0.19103219,1
0.8025925,0.19740747,0
0.77226114,0.22773884,1
0.8044914,0.19550864,0
0.78093207,0.21906796,0
0.7877231,0.21227685,0
0.79771173,0.20228826,0
0.8695971,0.13040294,1
0.43193966,0.56806034,1
0.77854085,0.22145912,0
0.8375399,0.16246009,0
0.49828437,0.50171554,1
0.80612403,0.19387597,0
0.44468138,0.5553186,1
0.43314,0.56685996,1
0.38171402,0.61828595,1
0.8184559,0.1815441,0
0.81751037,0.18248963,0
0.81307673,0.18692325,0
0.8292543,0.1707457,0
0.41922662,0.58077335,1
0.43326202,0.566738,1
0.3923034,0.60769653,1
0.28910002,0.71089995,1
0.419436,0.580564,1
0.38139486,0.6186051,1
0.38594776,0.61405224,1
0.27315313,0.7268469,1
0.5360238,0.46397617,1
0.4194505,0.58054954,1
0.3705402,0.6294598,1
0.3936959,0.6063041,1
0.39509892,0.604901,1
0.27270275,0.72729725,1
0.4954865,0.5045135,1
0.33608645,0.66391355,1
0.32599127,0.6740087,1
0.4803969,0.5196031,0
0.45333108,0.54666895,0
0.42159283,0.57840717,1
0.26368776,0.7363122,1
0.21965979,0.7803402,1
0.48119152,0.5188085,0
0.6410117,0.3589883,0
0.38952094,0.610479,0
0.41485462,0.5851454,0
0.4801993,0.5198008,0
0.4901007,0.50989926,0
0.7316335,0.26836652,0
0.8303407,0.16965932,0
0.77065706,0.22934301,0
0.49387318,0.50612676,0
0.38227552,0.6177245,1
0.6752421,0.32475787,0
0.41225648,0.5877435,1
0.4568813,0.54311866,0
0.7787223,0.22127779,0
0.7823819,0.21761814,0
0.50768185,0.49231818,0
0.49376303,0.506237,0
0.7943429,0.20565711,0
0.8141253,0.18587469,0
0.42919412,0.57080585,1
0.45892575,0.5410743,1
0.5025482,0.49745178,1
0.52379453,0.4762055,0
0.49809942,0.5019006,1
0.8283411,0.1716589,0
0.84111863,0.15888138,0
0.8836813,0.116318725,0
0.6985759,0.30142406,1
0.2296118,0.77038825,1
0.10575114,0.8942489,1
0.26478702,0.735213,1
0.7839186,0.21608144,0
0.81884575,0.18115424,0
0.7789561,0.22104388,0
0.79256195,0.20743805,0
0.33737415,0.6626259,1
0.3040476,0.6959524,1
0.24852923,0.75147074,1
0.22416267,0.77583736,1
0.27468637,0.7253136,1
0.8555898,0.14441018,0
0.85194844,0.14805152,0
0.8351255,0.16487442,0
0.4763649,0.5236351,1
0.75871885,0.24128115,0
0.8459164,0.15408356,0
0.37105936,0.62894064,1
0.4207964,0.57920367,1
0.4140112,0.58598876,1
0.8381032,0.1618969,0
0.84283096,0.15716907,0
0.8433037,0.15669635,0
0.84728914,0.1527109,0
0.800537,0.19946297,0
0.8156867,0.18431324,0
0.8192873,0.18071274,0
0.8223618,0.1776382,0
0.5317829,0.468217,1
0.8498849,0.15011506,0
0.47631013,0.5236898,1
0.55184084,0.44815916,1
0.82596445,0.1740356,0
0.8468984,0.15310162,0
0.8120273,0.18797268,0
0.87329847,0.12670161,0
0.8284723,0.17152762,0
0.85196346,0.14803648,0
0.83254963,0.1674503,0
0.83358556,0.16641447,0
0.8244343,0.17556572,0
0.86279243,0.1372076,0
0.8356606,0.16433945,0
0.7951245,0.2048755,1
0.8437264,0.15627359,1
0.8217213,0.1782787,1
0.82415247,0.17584756,0
0.842487,0.15751302,0
0.8337912,0.1662088,0
0.80769724,0.19230275,0
0.82734793,0.17265211,0
0.838305,0.16169499,0
0.8397958,0.16020419,0
0.85576063,0.14423938,0
0.8672402,0.1327598,1
0.60064447,0.39935547,1
0.5609747,0.4390253,1
0.8233114,0.17668861,0
0.50051546,0.49948454,1
0.45349416,0.5465058,1
0.4470707,0.55292934,1
0.14911737,0.8508826,1
0.82225037,0.17774963,0
0.8226501,0.17734994,0
0.9064675,0.093532525,0
0.49835274,0.50164723,1
0.19322191,0.8067781,1
0.30505353,0.69494647,1
0.06854741,0.9314526,1
0.08336313,0.9166369,1
0.06823128,0.9317688,1
0.077006124,0.9229939,1
0.08968348,0.9103165,1
0.090114385,0.90988564,1
0.0737903,0.9262097,1
0.11030426,0.8896957,1
0.13266002,0.86733997,1
0.10570303,0.894297,1
0.56944305,0.43055695,0
0.79030985,0.2096901,0
0.6213303,0.37866965,0
0.5148332,0.4851668,0
0.26387802,0.73612195,0
0.40763676,0.5923633,0
0.6500737,0.34992626,0
0.31374282,0.6862572,1
0.6446991,0.35530093,0
0.6475542,0.35244578,0
0.6673163,0.33268368,0
0.720561,0.27943897,0
0.7231724,0.2768276,0
0.75416005,0.24584001,0
0.8422015,0.15779847,0
0.8402174,0.15978256,0
0.7429102,0.2570898,0
0.43334296,0.566657,1
0.5436816,0.45631838,1
0.7543009,0.24569912,0
0.6888348,0.31116518,0
0.6255264,0.37447354,1
0.43950817,0.5604918,1
0.27997172,0.72002834,1
0.24613674,0.75386333,1
0.21469307,0.78530693,1
0.19777137,0.8022286,1
0.24006398,0.759936,1
0.26846203,0.73153794,1
0.42476773,0.5752323,0
0.266982,0.733018,1
0.42442918,0.5755708,0
0.4072992,0.59270084,0
0.6131978,0.3868022,0
0.59543985,0.40456012,0
0.8684672,0.13153282,0
0.72691125,0.27308878,0
0.7062702,0.2937298,0
0.7441694,0.25583065,0
0.49439397,0.50560606,0
0.8217596,0.17824039,0
0.47589934,0.52410066,0
0.61899245,0.38100752,0
0.62832296,0.37167704,0
0.6758226,0.32417738,0
0.69414556,0.30585447,0
0.78476465,0.21523534,0
0.624849,0.37515095,1
0.8402495,0.15975049,0
0.555237,0.44476297,1
0.51725036,0.48274958,1
0.58644843,0.41355148,1
0.5446899,0.45531014,1
0.79238707,0.20761292,0
0.83604056,0.16395938,0
0.8253199,0.17468014,0
0.82461876,0.17538127,0
0.84625095,0.15374906,0
0.8776092,0.12239078,0
0.7498196,0.25018048,1
0.76897746,0.23102257,1
0.8320543,0.16794564,0
0.9021523,0.0978477,0
0.8281202,0.17187984,1
0.5168327,0.48316735,1
0.45722976,0.54277027,1
0.5936102,0.4063897,1
0.6102866,0.38971338,1
0.6631961,0.33680394,1
0.8446755,0.15532456,0
0.7741412,0.2258588,1
0.7725711,0.22742893,1
0.4563527,0.5436473,1
0.7342464,0.2657536,1
0.79937,0.20063,0
0.65591735,0.34408268,1
0.4654271,0.5345729,1
0.6221447,0.37785527,1
0.66121733,0.3387826,1
0.47125077,0.52874917,1
0.81771326,0.1822867,0
0.8655368,0.1344632,0
0.8767343,0.12326572,0
0.651657,0.348343,1
0.5533396,0.44666043,1
0.81280017,0.18719982,0
0.81704235,0.18295771,0
0.82031196,0.179688,0
0.8384063,0.16159372,0
0.84261507,0.15738493,0
0.84435594,0.15564409,0
0.84387594,0.156124,0
0.80769414,0.19230586,0
0.8477846,0.15221547,0
0.844309,0.15569106,0
0.8544612,0.14553878,0
0.83923316,0.1607668,0
0.84677196,0.15322809,0
0.8485103,0.15148972,0
0.8465461,0.1534539,0
0.84889746,0.15110254,0
0.85333365,0.14666636,0
0.870757,0.12924308,0
0.8389998,0.1610002,0
0.8642845,0.13571551,0
0.84641206,0.15358791,0
0.8452101,0.15478987,0
0.63185555,0.36814442,1
0.21956967,0.7804303,1
0.73276967,0.26723033,0
0.45477036,0.5452296,1
0.8336201,0.16637991,0
0.85366696,0.14633301,0
0.20669545,0.7933045,1
0.21621709,0.78378296,1
0.13725252,0.8627475,1
0.5794703,0.42052972,0
0.7636669,0.2363331,0
0.8397584,0.1602416,0
0.84834856,0.15165146,0
0.8558591,0.14414093,0
0.5574194,0.44258055,0
0.24717936,0.7528206,1
0.23081215,0.76918787,1
0.24564278,0.7543572,1
0.43826136,0.5617386,0
0.40728846,0.59271157,1
0.4640718,0.53592825,0
0.8418096,0.15819044,0
0.16124701,0.8387529,1
0.2461398,0.7538602,1
0.44813153,0.55186844,0
0.32705063,0.67294943,1
0.07584591,0.9241541,1
0.20647366,0.79352635,1
0.20890638,0.79109365,1
0.7442456,0.25575438,0
0.88271135,0.11728869,0
0.26224002,0.73775995,1
0.18804428,0.8119557,1
0.64524895,0.35475108,0
0.3967816,0.6032184,1
0.20808913,0.7919109,1
0.2245254,0.7754746,1
0.5460649,0.4539351,0
0.24749903,0.75250095,1
0.2540275,0.74597245,1
0.7461057,0.25389436,0
0.787619,0.21238098,0
0.4568763,0.5431237,0
0.45723647,0.5427635,0
0.24413505,0.75586504,1
0.66748947,0.33251053,0
0.4267317,0.57326835,1
0.5128421,0.4871579,0
0.50767785,0.4923222,0
0.40858403,0.59141594,1
0.48062253,0.51937747,1
0.5896458,0.4103542,0
0.7744104,0.22558956,0
0.85711944,0.1428806,0
0.6029818,0.3970182,0
0.5063884,0.4936116,0
0.52966374,0.4703363,0
0.5728359,0.42716408,0
0.4938162,0.50618374,1
0.48134366,0.5186563,1
0.60888034,0.39111966,0
0.57826006,0.4217399,0
0.41516674,0.58483326,1
0.5525638,0.44743624,0
0.38869643,0.61130357,1
0.5732567,0.42674336,0
0.7369919,0.26300815,0
0.45709386,0.54290617,1
0.45650125,0.5434987,1
0.5768249,0.42317507,0
0.61109275,0.3889072,0
0.7803742,0.21962573,0
0.77452374,0.22547628,0
0.67398465,0.3260154,0
0.60048014,0.3995199,0
0.4354239,0.5645761,1
0.81195533,0.1880446,0
0.84224993,0.15775007,0
0.81085205,0.18914793,0
0.82593644,0.17406349,0
0.8812036,0.11879637,0
0.8828218,0.117178164,0
0.84179574,0.15820426,0
0.8824577,0.117542356,0
0.78936553,0.21063451,0
0.7886599,0.21134017,0
0.79313093,0.20686911,0
0.8538173,0.14618269,0
0.4252851,0.57471484,1
0.41628927,0.58371073,1
0.46577755,0.5342224,1
0.8065428,0.19345717,0
0.8090318,0.1909682,0
0.8466775,0.1533225,0
0.11552065,0.88447934,1
0.3072242,0.6927758,1
0.3255613,0.67443866,1
0.61493105,0.38506892,1
0.40625286,0.59374714,1
0.267518,0.732482,1
0.325388,0.6746119,1
0.7763657,0.22363432,0
0.88719183,0.112808146,0
0.7986911,0.20130883,0
0.3778098,0.62219024,1
0.80835587,0.19164407,0
0.7088057,0.29119435,0
0.27685255,0.7231475,1
0.6751047,0.32489523,0
0.8232323,0.17676772,0
0.56342524,0.43657476,1
0.43445092,0.565549,1
0.4430897,0.55691034,1
0.6237621,0.376238,0
0.41001865,0.5899814,1
0.5474068,0.45259327,0
0.2978132,0.70218676,1
0.34899256,0.6510075,1
0.51968455,0.4803154,1
0.3344258,0.6655742,1
0.53226334,0.46773666,0
0.7357435,0.26425648,0
0.78085184,0.21914816,0
0.60350287,0.39649713,0
0.52615446,0.47384554,1
0.47965056,0.52034944,1
0.6055293,0.39447066,0
0.43813592,0.5618641,1
0.42821372,0.5717863,1
0.47953677,0.5204632,1
0.5880891,0.4119109,0
0.51820153,0.48179844,1
0.48312747,0.5168726,0
0.26025006,0.73974997,1
0.34240678,0.65759325,1
0.2041875,0.7958125,1
0.36644527,0.63355476,1
0.47857732,0.5214226,0
0.4319885,0.5680115,0
0.54854965,0.45145038,0
0.55127764,0.44872233,0
0.55746573,0.4425343,0
0.55207276,0.44792724,0
0.50440454,0.49559543,0
0.5228668,0.47713315,0
0.6016102,0.3983898,0
0.8157718,0.18422815,0
0.8832194,0.116780534,0
0.8402434,0.15975662,0
0.5551989,0.4448011,1
0.4605821,0.5394179,1
0.5349744,0.46502557,0
0.46305606,0.536944,1
0.64415866,0.3558413,0
0.51867646,0.48132354,1
0.2570901,0.7429099,1
0.28295898,0.7170411,1
0.8682706,0.13172938,0
0.84277016,0.15722984,0
0.61609936,0.38390067,0
0.50066894,0.49933106,0
0.49540228,0.5045978,0
0.6697588,0.33024117,0
0.779065,0.22093502,0
0.3380942,0.6619057,1
0.4607554,0.53924465,1
0.391327,0.60867304,1
0.45778835,0.5422116,1
0.37611875,0.6238813,1
0.6738231,0.32617685,0
0.76490396,0.235096,0
0.87277925,0.12722068,0
0.876271,0.12372896,0
0.7866473,0.21335271,0
0.7866734,0.21332656,0
0.7729416,0.22705843,0
0.83916795,0.1608321,0
0.8480709,0.15192907,0
0.83275545,0.16724454,1
0.80575544,0.19424452,0
0.8248121,0.17518792,0
0.8831774,0.11682262,0
0.85632336,0.14367662,0
0.80939823,0.19060175,0
0.8150797,0.18492027,1
0.8497587,0.15024133,1
0.858235,0.14176498,0
0.83393186,0.16606814,0
0.8606317,0.13936836,1
0.8541974,0.14580265,1
0.83704895,0.16295104,0
0.68154174,0.31845826,1
0.7775974,0.2224026,1
0.23919679,0.76080316,1
0.8136175,0.18638247,0
0.84308565,0.15691432,0
0.8498181,0.15018192,0
0.8282205,0.17177947,0
0.8312134,0.16878666,0
0.8685608,0.13143924,0
0.8331561,0.16684394,0
0.75638425,0.24361572,0
0.8117825,0.18821755,0
0.39667937,0.60332066,1
0.50931084,0.4906892,1
0.4389549,0.56104517,1
0.5221343,0.47786567,1
0.7868095,0.21319051,0
0.56455696,0.43544307,1
0.47479305,0.525207,1
0.434766,0.56523395,1
0.5434421,0.4565579,1
0.6079236,0.39207634,0
0.3334531,0.66654694,1
0.39092612,0.6090739,1
0.39728728,0.6027127,1
0.4115311,0.5884689,1
0.8300735,0.16992654,0
0.85410655,0.14589348,0
0.26103142,0.7389685,1
0.49412212,0.50587785,1
0.38888365,0.61111635,1
0.8009344,0.19906558,0
0.7893828,0.21061714,0
0.8223662,0.1776338,0
0.79663146,0.20336857,0
0.8103322,0.18966782,0
0.7478202,0.25217983,0
0.8331387,0.16686128,0
0.837209,0.16279101,0
0.7616062,0.2383938,1
0.7552687,0.24473132,1
0.830439,0.16956103,0
0.8549856,0.14501446,0
0.42744264,0.5725573,1
0.76316494,0.23683512,0
0.80151576,0.19848418,0
0.83426344,0.1657366,0
0.8421434,0.15785664,0
0.839677,0.16032305,0
0.8348063,0.16519363,0
0.843326,0.15667409,0
0.84944403,0.15055595,0
0.8039154,0.19608456,1
0.5287789,0.47122115,1
0.79396254,0.2060375,0
0.8762352,0.12376483,0
0.7186632,0.28133675,1
0.79766244,0.2023376,1
0.7570486,0.24295138,0
0.47768104,0.52231896,1
0.8410238,0.1589762,0
0.80464077,0.19535917,0
0.8254562,0.17454375,0
0.84950423,0.15049571,0
0.83675736,0.16324264,0
0.81059736,0.18940261,0
0.6766609,0.32333907,1
0.7906815,0.20931847,0
0.78736734,0.21263263,0
0.80173963,0.19826044,1
0.83180636,0.16819364,0
0.68672526,0.3132747,1
0.74253666,0.25746337,1
0.4560678,0.54393226,1
0.4607187,0.5392813,1
0.45935366,0.5406463,1
0.41973254,0.5802674,1
0.47273657,0.52726346,1
0.45762154,0.5423784,1
0.44975367,0.5502463,1
0.88527215,0.11472787,0
0.78916687,0.21083313,0
0.681441,0.318559,0
0.49643558,0.50356436,1
0.8270494,0.17295066,0
0.8646259,0.13537411,0
0.80776596,0.19223404,0
0.7342725,0.2657275,0
0.75068355,0.24931644,0
0.8138367,0.18616328,0
0.8545687,0.1454313,0
0.90943724,0.090562776,0
0.81439346,0.18560648,0
0.83542705,0.16457292,0
0.78582793,0.2141721,0
0.8687964,0.13120362,0
0.752757,0.24724302,1
0.5729408,0.4270592,1
0.5318871,0.46811292,1
0.55143833,0.44856164,1
0.77696365,0.22303627,1
0.7513966,0.24860337,0
0.5494023,0.4505977,1
0.22488,0.77511996,1
0.21534982,0.7846502,1
0.23853478,0.76146525,1
0.27914032,0.72085965,1
0.50769424,0.49230573,1
0.57722443,0.4227755,1
0.5705256,0.42947438,0
0.87281126,0.12718876,0
0.66900134,0.33099863,0
0.73310435,0.2668957,0
0.77360624,0.22639371,0
0.5324588,0.46754122,1
0.8290643,0.1709357,0
0.8390379,0.16096209,0
0.8392747,0.16072525,0
0.84485906,0.15514095,0
0.83506894,0.16493103,0
0.79633516,0.20366488,0
0.8470664,0.15293358,1
0.73863864,0.26136142,1
0.7542271,0.24577291,1
0.7201768,0.27982315,1
0.84586054,0.15413943,0
0.8271154,0.17288454,0
0.8328776,0.16712238,0
0.8475777,0.15242226,0
0.80715466,0.19284536,0
0.8028676,0.19713244,0
0.759506,0.24049397,1
0.7344097,0.26559034,1
0.81433153,0.18566847,0
0.73175013,0.26824987,1
0.83097273,0.16902731,0
0.8335508,0.16644916,0
0.8268909,0.17310905,0
0.8181869,0.1818131,0
0.80869293,0.1913071,1
0.7511901,0.24880984,1
0.4903451,0.50965494,1
0.5239981,0.47600186,1
0.72057474,0.2794253,1
0.52387327,0.4761267,1
0.66957104,0.33042902,0
0.6753832,0.3246168,0
0.8757291,0.124270946,0
0.55973196,0.44026798,1
0.79521006,0.20478994,1
0.78487855,0.21512143,1
0.68077767,0.31922227,1
0.7587154,0.24128453,1
0.507439,0.49256104,1
0.4556337,0.54436636,1
0.4837222,0.5162778,1
0.49543872,0.50456125,1
0.45165268,0.54834735,1
0.33426327,0.66573673,1
0.89633715,0.10366279,0
0.86630726,0.13369273,0
0.5729935,0.42700642,1
0.4942203,0.50577974,1
0.5441214,0.45587867,1
0.54750437,0.45249557,1
0.21398832,0.78601164,1
0.48587707,0.51412296,1
0.5090976,0.49090242,1
0.59740436,0.40259564,0
0.85979104,0.14020894,0
0.81720227,0.18279777,0
0.89671063,0.10328933,0
0.39490443,0.60509557,1
0.81568813,0.18431185,0
0.8248805,0.17511955,0
0.5409789,0.4590211,1
0.86645365,0.13354637,0
0.75339967,0.24660031,0
0.5223316,0.4776684,1
0.7061125,0.2938875,0
0.8488068,0.15119317,0
0.80499303,0.19500698,0
0.7834271,0.21657284,0
0.7861185,0.2138814,0
0.8011732,0.1988268,0
0.8846151,0.115384884,0
0.86928767,0.13071229,0
0.76146257,0.23853746,1
0.6833539,0.31664607,1
0.44516668,0.5548333,1
0.82956886,0.17043112,0
0.82371217,0.17628781,0
0.87368053,0.12631947,0
0.5527148,0.4472852,1
0.513527,0.48647308,1
0.331166,0.668834,1
0.32751065,0.67248935,1
0.35103014,0.6489699,1
0.34013453,0.65986544,1
0.40892607,0.59107393,1
0.78895104,0.21104898,0
0.7742105,0.22578944,0
0.77515185,0.2248482,0
0.89042366,0.109576374,0
0.7731946,0.22680542,0
0.7786425,0.22135757,0
0.4963467,0.5036533,1
0.4923277,0.5076723,1
0.48771036,0.51228964,1
0.47927845,0.5207215,1
0.46770364,0.53229636,1
0.50384915,0.49615088,1
0.49075726,0.50924265,1
0.5016316,0.49836838,1
0.49282125,0.5071788,1
0.7831081,0.21689186,0
0.7398651,0.26013482,0
0.535914,0.46408603,1
0.6866949,0.3133051,0
0.6054726,0.3945273,1
0.37149426,0.6285057,1
0.45311394,0.546886,1
0.8580599,0.1419401,0
0.86405796,0.13594212,0
0.84300274,0.15699731,0
0.4608119,0.5391881,1
0.71956486,0.28043514,0
0.770031,0.22996905,0
0.34693292,0.6530671,1
0.57050765,0.42949235,1
0.75180304,0.24819697,0
0.7407387,0.25926125,0
0.85797286,0.14202712,0
0.88847655,0.111523464,0
0.26186144,0.73813856,1
0.26617727,0.73382276,1
0.30580804,0.6941919,1
0.37543556,0.6245644,1
0.5250256,0.47497445,0
0.5238661,0.47613388,0
0.5338245,0.4661755,0
0.49140313,0.5085969,0
0.3427383,0.65726167,1
0.27818292,0.7218171,1
0.38817847,0.61182153,1
0.39463773,0.6053623,1
0.40984946,0.59015054,1
0.47608665,0.5239133,1
0.5422113,0.45778877,0
0.8402928,0.15970722,0
0.8913014,0.108698614,0
0.8894643,0.11053569,0
0.8733101,0.12668991,0
0.51252943,0.48747057,1
0.552014,0.44798595,1
0.34410447,0.6558956,1
0.40153524,0.5984647,1
0.7480745,0.2519255,0
0.4824336,0.51756644,1
0.76756394,0.23243605,0
0.816877,0.18312298,0
0.7309452,0.26905474,0
0.8781035,0.12189649,0
0.7397993,0.2602007,0
0.36343503,0.6365649,1
0.32958883,0.67041117,1
0.42488155,0.5751184,1
0.8227706,0.17722939,0
0.665837,0.334163,0
0.38601503,0.613985,1
0.41090447,0.5890955,1
0.41195706,0.588043,1
0.38725552,0.6127445,0
0.39603946,0.6039606,1
0.41547486,0.58452517,1
0.40986058,0.59013945,0
0.3907176,0.6092824,1
0.2097849,0.7902151,1
0.31966507,0.6803349,1
0.8051297,0.19487031,0
0.8502467,0.14975329,0
0.3963782,0.60362184,1
0.3517402,0.6482598,1
0.34246737,0.65753263,1
0.13472646,0.86527354,1
0.19809656,0.8019035,1
0.3929097,0.60709023,1
0.798839,0.20116098,0
0.3560238,0.6439762,1
0.25578272,0.7442173,1
0.3455458,0.6544542,1
0.3850295,0.61497056,1
0.2492957,0.7507042,1
0.697056,0.30294403,0
0.6894803,0.31051975,0
0.416465,0.583535,1
0.40291953,0.59708047,1
0.76446825,0.23553175,0
0.3135552,0.6864448,1
0.45019394,0.549806,1
0.7420591,0.25794086,0
0.6763356,0.32366434,0
0.88345355,0.11654644,0
0.69505286,0.30494717,0
0.80859566,0.19140439,0
0.8125401,0.18745989,0
0.82927907,0.17072092,0
0.7331669,0.26683316,0
0.58296716,0.4170328,1
0.8278052,0.1721948,0
0.8009689,0.19903111,1
0.7987738,0.20122612,0
0.8389627,0.16103731,0
0.33146665,0.6685333,1
0.34868538,0.6513146,1
0.77724403,0.22275604,0
0.76768327,0.23231675,0
0.7300766,0.26992342,0
0.82352793,0.17647208,0
0.8207966,0.17920338,0
0.44748074,0.55251926,1
0.77137744,0.22862254,0
0.81120396,0.1887961,0
0.8061479,0.19385211,0
0.80664736,0.1933527,0
0.24351315,0.7564868,1
0.3141168,0.6858832,1
0.336667,0.66333294,1
0.37859267,0.62140733,1
0.4189736,0.5810264,1
0.80287445,0.19712552,0
0.39917415,0.60082585,1
0.31652042,0.6834796,1
0.79100114,0.20899886,0
0.77205837,0.22794163,0
0.654035,0.345965,0
0.4044348,0.5955652,1
0.43980494,0.5601951,1
0.43682376,0.56317633,1
0.4496443,0.55035573,1
0.35668027,0.6433198,1
0.29635376,0.70364624,1
0.41244453,0.5875555,1
0.3777663,0.6222336,1
0.37149915,0.6285008,1
0.40283746,0.5971626,1
0.47079536,0.52920455,1
0.8780934,0.121906646,0
0.7834784,0.21652167,0
0.585733,0.41426694,0
0.36739013,0.63260984,1
0.46808758,0.5319124,0
0.48165014,0.5183498,0
0.46367136,0.5363287,1
0.44352943,0.5564706,1
0.3808523,0.6191477,1
0.30348924,0.69651073,1
0.24537246,0.7546275,1
0.36299226,0.6370078,0
0.40702537,0.5929746,0
0.36633095,0.633669,1
0.39500076,0.6049993,0
0.42996058,0.57003945,0
0.9064291,0.093570895,0
0.41164964,0.5883503,1
0.21447162,0.78552836,1
0.24635053,0.7536494,1
0.2043025,0.79569757,1
0.12577125,0.8742288,1
0.19812727,0.80187273,1
0.5775772,0.42242286,0
0.45818597,0.541814,1
0.8877736,0.11222648,0
0.40013406,0.5998659,1
0.25049588,0.74950415,1
0.29640853,0.7035914,1
0.23698701,0.763013,1
0.26759186,0.7324081,1
0.26418728,0.7358127,1
0.26169604,0.73830396,1
0.690189,0.30981106,0
0.7142242,0.28577575,0
0.2587347,0.7412653,1
0.24027173,0.75972825,1
0.24567275,0.75432724,1
0.39891014,0.60108984,0
0.5046354,0.49536455,0
0.43131682,0.56868315,0
0.48577037,0.5142296,1
0.5073393,0.49266073,0
0.8301436,0.16985647,0
0.7384705,0.26152954,0
0.53926665,0.46073338,0
0.4082455,0.5917545,1
0.47087544,0.52912456,1
0.4406398,0.55936015,1
0.5435598,0.4564402,1
0.8599788,0.14002118,0
0.2819653,0.7180347,1
0.2522221,0.7477779,1
0.47633377,0.52366626,1
0.8102881,0.18971194,0
0.4868844,0.5131156,1
0.48435318,0.5156468,1
0.47513264,0.5248673,1
0.8679418,0.1320582,0
0.71958786,0.2804121,0
0.3859193,0.61408067,1
0.45630118,0.54369885,1
0.45527232,0.5447277,1
0.45521602,0.54478395,1
0.40164632,0.5983536,1
0.44313014,0.55686986,1
0.4427225,0.5572775,1
0.81024975,0.18975027,0
0.81560403,0.18439598,0
0.4781357,0.5218643,1
0.48968124,0.51031876,1
0.34834108,0.651659,1
0.69793564,0.30206436,1
0.22512099,0.77487904,1
0.1816933,0.81830674,1
0.17395842,0.8260415,1
0.13074566,0.86925435,1
0.21329589,0.7867041,1
0.20532936,0.7946707,1
0.8624142,0.13758579,0
0.8115061,0.18849391,0
0.7730589,0.22694115,0
0.8848188,0.115181126,0
0.49307075,0.5069293,0
0.48906973,0.5109303,0
0.5006123,0.4993877,1
0.5359389,0.46406102,1
0.4279675,0.5720326,1
0.7741282,0.22587182,0
0.86166716,0.13833287,0
0.7904322,0.20956782,0
0.8648752,0.1351248,0
0.25367802,0.746322,1
0.500411,0.49958903,1
0.8793458,0.12065422,0
0.41828272,0.5817173,1
0.7427619,0.25723812,0
0.29138204,0.7086179,1
0.25926334,0.74073666,1
0.3645704,0.63542956,1
0.6604519,0.33954808,0
0.67772615,0.32227388,0
0.6085801,0.3914199,0
0.24808016,0.75191987,1
0.4142761,0.58572394,0
0.49762008,0.50237995,0
0.80900013,0.19099993,0
0.8779029,0.12209716,0
0.63952476,0.36047527,0
0.47508016,0.52491987,1
0.64714634,0.35285366,0
0.45479935,0.54520065,1
0.8242635,0.17573652,0
0.86526597,0.13473403,0
0.8837259,0.11627407,0
0.9001624,0.099837616,0
0.8759393,0.124060705,0
0.6780658,0.32193422,1
0.7626193,0.23738071,0
0.76386917,0.2361308,0
0.7701291,0.22987096,0
0.8845646,0.11543539,0
0.7722818,0.22771816,0
0.8720025,0.12799747,0
0.8903816,0.10961843,0
0.8952866,0.10471343,0
0.8953548,0.10464514,0
0.90115196,0.09884804,0
0.8484333,0.15156667,0
0.86436224,0.1356377,0
0.87910557,0.12089447,0
0.87780297,0.122197054,0
0.88329506,0.11670499,0
0.8853878,0.11461231,0
0.8626708,0.13732924,0
0.87611014,0.12388986,0
0.7889393,0.21106069,0
0.8210613,0.17893863,1
0.25815505,0.7418449,1
0.5028074,0.4971926,1
0.4935048,0.5064951,1
0.85080475,0.14919521,0
0.8655551,0.13444488,0
0.7850611,0.21493886,0
0.7833801,0.21661988,0
0.7752571,0.2247429,0
0.8468256,0.1531744,0
0.5956379,0.40436205,1
0.47891173,0.5210883,1
0.542798,0.45720202,1
0.39947292,0.6005271,1
0.28041312,0.7195869,1
0.24674433,0.7532556,1
0.23391478,0.7660852,1
0.23408441,0.76591563,1
0.24923763,0.75076234,1
0.386811,0.613189,1
0.41944027,0.58055973,1
0.8776456,0.12235433,0
0.6900029,0.30999714,0
0.21184178,0.78815824,1
0.24509646,0.7549035,1
0.26185268,0.7381473,1
0.2547213,0.7452787,1
0.43045065,0.5695493,0
0.7973715,0.20262854,0
0.30196655,0.69803345,1
0.30528766,0.6947123,0
0.2585508,0.7414492,1
0.2613822,0.7386178,1
0.2679607,0.7320393,1
0.2820764,0.71792364,0
0.317763,0.68223697,0
0.49086183,0.50913817,0
0.81374663,0.18625335,0
0.6090996,0.3909003,0
0.5123896,0.48761034,0
0.45337573,0.5466243,0
0.46881685,0.5311832,0
0.45382077,0.5461792,0
0.4529917,0.5470083,0
0.45030236,0.54969764,0
0.40369067,0.59630936,0
0.44506472,0.55493534,1
0.79432386,0.20567617,0
0.88667697,0.113323055,0
0.67659223,0.3234077,1
0.5170603,0.48293975,1
0.4322668,0.5677332,1
0.36055878,0.6394412,1
0.3635176,0.63648236,1
0.29457685,0.7054232,1
0.27705494,0.7229451,1
0.26054263,0.73945737,1
0.895394,0.104605965,0
0.6714283,0.32857162,0
0.3458731,0.65412694,1
0.44556153,0.55443853,0
0.11119821,0.88880175,1
0.14984164,0.8501584,1
0.25333908,0.7466609,1
0.19679888,0.8032011,1
0.21887383,0.7811262,1
0.23670821,0.7632918,1
0.34044725,0.65955275,0
0.2794576,0.72054243,0
0.3250948,0.6749051,0
0.5273399,0.47266018,0
0.5372509,0.46274918,0
0.79018056,0.20981948,0
0.8219003,0.1780997,0
0.87444514,0.12555493,0
0.6457788,0.3542212,0
0.4349341,0.5650659,1
0.44530335,0.5546966,1
0.28285077,0.71714926,1
0.3115016,0.6884984,1
0.8292459,0.17075406,0
0.8203015,0.17969853,0
0.8223879,0.17761213,0
0.8302687,0.16973129,0
0.4873609,0.51263916,1
0.50016403,0.49983594,1
0.5444372,0.45556277,1
0.83043325,0.16956677,0
0.848543,0.15145692,0
0.43700555,0.5629944,1
0.41402924,0.5859707,1
0.45476496,0.54523504,1
0.4828317,0.51716834,1
0.49225122,0.5077487,1
0.4746192,0.52538073,1
0.492036,0.50796396,1
0.8722989,0.12770107,0
0.4070139,0.5929861,1
0.42635843,0.57364154,1
0.25725105,0.7427489,1
0.43094465,0.5690553,1
0.4173694,0.5826307,1
0.2828193,0.7171806,1
0.4566382,0.5433618,0
0.5805255,0.41947445,0
0.65068996,0.34930998,0
0.5411375,0.4588625,0
0.2565661,0.7434339,1
0.4543225,0.5456775,0
0.45807177,0.54192823,0
0.3793644,0.6206355,0
0.37864763,0.62135243,0
0.40678266,0.5932173,0
0.7014236,0.2985764,0
0.5010954,0.49890453,0
0.5730917,0.42690828,0
0.8720448,0.12795521,0
0.8782391,0.12176086,0
0.8870264,0.11297354,0
0.8869847,0.11301537,0
0.70097107,0.29902884,0
0.48503366,0.5149663,1
0.36358494,0.6364151,1
0.43905127,0.56094867,1
0.45044234,0.5495577,1
0.8714673,0.12853274,0
0.5153246,0.4846754,1
0.73388696,0.2661131,0
0.3448283,0.65517163,1
0.680386,0.31961396,0
0.88751554,0.11248442,0
0.5118368,0.48816326,1
0.48906565,0.5109343,1
0.37452683,0.6254732,1
0.29848346,0.70151657,1
0.3629134,0.63708663,1
0.22136188,0.7786381,1
0.17024045,0.8297596,1
0.26988953,0.73011047,1
0.7548603,0.24513981,0
0.8843274,0.1156726,0
0.55972546,0.44027457,1
0.85485804,0.14514203,0
0.879426,0.12057398,0
0.87945586,0.12054416,0
0.88050824,0.11949181,0
0.49992892,0.5000711,1
0.1865004,0.8134996,1
0.18997371,0.8100263,1
0.2419693,0.7580307,1
0.56584734,0.43415266,0
0.85194504,0.14805497,0
0.7950981,0.2049019,0
0.87793314,0.12206686,0
0.8839236,0.11607648,0
0.86028427,0.13971567,0
0.7660437,0.23395622,0
0.6818238,0.31817612,0
0.46594438,0.5340556,1
0.31884658,0.6811535,1
0.26038733,0.73961264,1
0.26343024,0.7365698,1
0.2838834,0.71611655,1
0.83120924,0.16879074,0
0.8345128,0.16548717,0
0.7339775,0.26602253,0
0.53789043,0.4621095,1
0.74273854,0.25726146,0
0.82623047,0.17376955,0
0.86838675,0.13161331,0
0.5603808,0.43961915,1
0.4317359,0.5682641,1
0.61427057,0.3857294,0
0.6359945,0.3640056,0
0.8247113,0.17528872,0
0.8295077,0.17049234,0
0.82923317,0.17076688,0
0.8074142,0.1925858,0
0.54335696,0.45664302,1
0.8228058,0.17719421,0
0.8658327,0.13416731,0
0.80936605,0.19063395,0
0.8042094,0.19579054,0
0.64750284,0.35249713,0
0.54008853,0.4599115,1
0.4431592,0.55684084,1
0.27406994,0.72593004,1
0.79774535,0.2022547,0
0.6778611,0.322139,0
0.69138926,0.30861068,0
0.83143014,0.1685699,0
0.47429153,0.52570844,1
0.6923069,0.3076931,0
0.4463318,0.55366826,1
0.45617455,0.5438254,1
0.44745255,0.55254745,1
0.41860688,0.5813931,1
0.38254014,0.6174599,1
0.3899446,0.6100554,1
0.386912,0.613088,1
0.4089837,0.59101635,1
0.7590413,0.24095868,0
0.815023,0.18497695,0
0.88942146,0.11057855,0
0.3784893,0.6215107,1
0.37641817,0.62358177,1
0.41029292,0.5897071,1
0.40633687,0.59366316,1
0.41978833,0.58021164,1
0.3110302,0.6889698,1
0.32335556,0.6766445,1
0.37175688,0.62824315,1
0.7147139,0.28528613,0
0.8885969,0.11140314,0
0.47484875,0.5251512,1
0.2175903,0.7824097,1
0.14123644,0.8587636,1
0.52738935,0.47261065,0
0.22402698,0.775973,1
0.21034844,0.7896515,1
0.2375173,0.76248276,1
0.25070918,0.7492909,1
0.24468903,0.755311,1
0.30717188,0.69282806,1
0.38424963,0.6157504,1
0.3879991,0.61200094,1
0.58014876,0.41985118,0
0.56366575,0.43633422,0
0.75180155,0.24819842,0
0.6762304,0.32376963,0
0.6558574,0.34414262,0
0.2319389,0.7680611,1
0.24543914,0.7545609,1
0.2404563,0.7595437,1
0.52983826,0.47016177,0
0.3249888,0.6750112,1
0.3248824,0.67511755,1
0.69647014,0.30352983,0
0.4957274,0.50427264,0
0.49592844,0.5040716,0
0.44319496,0.5568051,0
0.3078943,0.69210565,1
0.48141956,0.5185804,0
0.8482671,0.15173297,0
0.8689481,0.13105182,0
0.22204013,0.77795994,1
0.20730497,0.79269505,1
0.23083512,0.76916486,1
0.24223873,0.75776124,1
0.69710577,0.30289426,0
0.65649575,0.34350422,0
0.40089777,0.59910226,1
0.4127142,0.58728576,1
0.4651255,0.5348745,0
0.4385594,0.5614406,1
0.44722614,0.5527739,0
0.44480395,0.5551961,0
0.3940146,0.6059854,1
0.52783966,0.47216043,0
0.7108206,0.2891794,0
0.73638034,0.2636196,0
0.7722722,0.22772773,0
0.8778292,0.12217079,0
0.88190806,0.1180919,0
0.8828368,0.1171632,0
0.86738527,0.13261473,0
0.41873524,0.5812648,1
0.43900508,0.56099486,1
0.43846986,0.5615302,1
0.4731023,0.5268977,1
0.8114177,0.18858233,0
0.7049623,0.2950377,0
0.7287638,0.27123618,0
0.83263355,0.16736643,0
0.8860953,0.113904715,0
0.27913842,0.7208616,1
0.41877317,0.5812269,1
0.24659958,0.7534004,1
0.7326683,0.26733175,0
0.8644213,0.13557866,0
0.8647511,0.13524885,0
0.28388694,0.7161131,1
0.62680763,0.3731924,0
0.37818602,0.62181395,1
0.30509454,0.6949055,1
0.3016303,0.69836974,1
0.32208923,0.6779108,1
0.25159556,0.74840444,1
0.7594395,0.24056047,0
0.5648137,0.43518633,0
0.77298915,0.22701086,0
0.71138346,0.28861657,0
0.49199158,0.5080084,1
0.78311914,0.21688087,0
0.5352057,0.4647943,1
0.58238053,0.41761947,1
0.75651526,0.24348475,0
0.86568785,0.13431212,0
0.87108785,0.1289122,0
0.8426277,0.15737234,0
0.32163063,0.6783694,1
0.26190463,0.73809534,1
0.2507065,0.74929357,1
0.2374747,0.7625253,1
0.17312144,0.8268785,1
0.16215149,0.8378485,1
0.3072383,0.69276166,1
0.27764636,0.7223537,1
0.8556774,0.1443226,0
0.8672021,0.13279787,0
0.25206783,0.74793214,1
0.2752815,0.7247185,1
0.49897754,0.50102246,0
0.5158874,0.48411262,0
0.6134834,0.38651657,0
0.7603554,0.2396446,0
0.38944486,0.6105551,1
0.8612193,0.13878073,0
0.86929625,0.13070375,0
0.8611378,0.1388622,0
0.46563396,0.534366,1
0.7865106,0.21348943,0
0.7767102,0.22328976,0
0.8486978,0.15130219,0
0.9070254,0.092974566,0
0.8784164,0.12158361,0
0.9095357,0.09046422,0
0.86846244,0.13153754,0
0.85280716,0.14719285,0
0.8420709,0.15792915,0
0.8311391,0.16886085,0
0.4948612,0.5051389,1
0.4612997,0.53870034,1
0.827159,0.17284107,0
0.8058567,0.19414327,0
0.40597638,0.59402364,1
0.3706384,0.6293616,1
0.37567848,0.62432146,1
0.88360935,0.116390675,0
0.9158342,0.08416585,0
0.91849726,0.08150269,0
0.6641656,0.33583438,1
0.6160157,0.38398436,1
0.503896,0.4961039,1
0.5337708,0.4662293,1
0.11836734,0.8816327,1
0.10404078,0.8959592,1
0.11457921,0.88542086,1
0.23172301,0.76827705,1
0.76867664,0.23132342,0
0.6534886,0.3465114,0
0.72099537,0.2790047,0
0.2684143,0.73158574,1
0.4967278,0.5032722,0
0.1966164,0.80338365,1
0.43050018,0.5694999,0
0.5435223,0.4564777,0
0.6490875,0.3509125,0
0.57758117,0.42241883,0
0.5899302,0.41006985,0
0.5576016,0.44239846,0
0.78471047,0.21528952,0
0.85949063,0.14050934,0
0.5965712,0.4034288,0
0.47310707,0.52689296,1
0.47068575,0.5293142,1
0.62837267,0.37162736,0
0.6337842,0.36621585,0
0.6404947,0.35950527,0
0.7993225,0.20067748,0
0.79993373,0.20006628,0
0.630583,0.369417,1
0.30260244,0.69739753,1
0.6867085,0.3132915,1
0.8335861,0.16641389,0
0.8684442,0.13155589,0
0.59128153,0.40871847,1
0.55454504,0.44545496,1
0.64454556,0.3554545,0
0.54323035,0.45676965,0
0.55185795,0.44814208,0
0.46897385,0.5310262,1
0.5878705,0.4121296,0
0.7665108,0.23348923,0
0.29439825,0.7056017,1
0.488999,0.511001,1
0.4891793,0.51082075,1
0.84327024,0.15672974,0
0.8523221,0.14767791,0
0.7331967,0.26680332,0
0.7425919,0.25740808,0
0.7392463,0.26075372,0
0.73410374,0.26589623,0
0.7316636,0.2683364,0
0.7724667,0.22753327,0
0.7519122,0.24808785,0
0.5559524,0.4440476,1
0.75005,0.24994999,0
0.6602928,0.3397072,1
0.492017,0.50798297,1
0.5708448,0.4291551,1
0.5187612,0.4812387,1
0.7411253,0.2588747,0
0.44356853,0.55643153,1
0.40775013,0.5922499,1
0.7568465,0.24315356,0
0.80896986,0.19103013,0
0.88276297,0.11723701,0
0.87017095,0.12982906,0
0.5062815,0.4937186,1
0.4240737,0.5759263,1
0.37917095,0.6208291,1
0.3763943,0.6236057,1
0.36038086,0.6396192,1
0.66012985,0.33987015,0
0.5976673,0.40233272,0
0.8861472,0.11385275,0
0.8847556,0.115244314,0
0.8952862,0.10471381,0
0.7957716,0.20422837,0
0.7435275,0.2564725,0
0.7949352,0.20506473,0
0.7858692,0.21413088,0
0.8169386,0.18306139,0
0.8439435,0.15605652,0
0.8382007,0.16179928,0
0.8377871,0.16221286,0
0.83976614,0.16023387,0
0.82267344,0.1773265,1
0.8734365,0.12656356,0
0.9117638,0.088236265,0
0.87019116,0.12980889,0
0.76023793,0.2397621,0
0.54137677,0.45862317,1
0.80607915,0.19392079,0
0.8179511,0.18204886,0
0.90602696,0.09397311,0
0.8025458,0.1974542,1
0.78149265,0.21850735,1
0.6750385,0.32496142,1
0.3966845,0.6033155,1
0.3699957,0.6300043,1
0.8546107,0.14538929,0
0.707796,0.29220408,0
0.7478319,0.25216818,0
0.79722136,0.20277862,0
0.82968336,0.17031662,0
0.85152954,0.14847046,0
0.85281974,0.14718027,0
0.8485041,0.15149586,0
0.8362261,0.16377392,0
0.8649635,0.13503656,0
0.7926113,0.2073887,0
0.7712213,0.22877869,1
0.8285385,0.17146155,0
0.8429406,0.15705939,0
0.816358,0.18364204,1
0.8219029,0.17809714,1
0.8252962,0.17470379,1
0.8081016,0.19189838,1
0.6676248,0.33237523,1
0.5557327,0.44426724,1
0.86688995,0.13311003,0
0.877172,0.122828,0
0.870532,0.12946804,0
0.7685787,0.2314213,0
0.7471964,0.2528036,0
0.6908176,0.3091824,0
0.721754,0.2782459,0
0.73274124,0.2672587,0
0.47500828,0.5249917,1
0.43286866,0.5671313,1
0.7900244,0.20997556,0
0.81651103,0.18348898,0
0.8518406,0.14815934,0
0.8771497,0.1228503,0
0.8765172,0.1234828,0
0.4808521,0.51914793,1
0.4754239,0.5245761,1
0.7537812,0.24621876,0
0.8181425,0.18185756,0
0.842343,0.15765707,0
0.2786072,0.7213928,1
0.81356645,0.18643351,0
0.78450483,0.21549521,0
0.9256026,0.074397355,0
0.9308532,0.069146834,0
0.89358807,0.10641197,0
0.6486937,0.35130632,1
0.7240069,0.2759931,0
0.7103951,0.2896049,1
0.50680906,0.49319094,1
0.71055514,0.2894449,1
0.42965895,0.5703411,1
0.8822503,0.117749676,0
0.6330153,0.36698478,0
0.42724088,0.57275915,1
0.4941359,0.505864,1
0.65757996,0.34242,0
0.66675645,0.3332436,0
0.66827136,0.3317286,0
0.6641009,0.33589914,0
0.72451925,0.2754807,0
0.4134287,0.58657134,1
0.5172221,0.48277792,1
0.88608134,0.11391873,0
0.85363364,0.14636645,0
0.82597,0.17403002,0
0.82058537,0.17941462,0
0.8210707,0.17892934,0
0.82988274,0.17011729,0
0.84424806,0.15575194,0
0.8366224,0.16337755,0
0.6236362,0.37636384,1
0.9374443,0.06255567,0
0.6576846,0.34231544,1
0.6713665,0.3286335,1
0.74613726,0.2538627,1
0.79873735,0.20126268,1
0.80457413,0.19542588,1
0.6398812,0.3601188,0
0.3991034,0.60089654,1
0.3901724,0.6098276,1
0.6769459,0.32305413,0
0.4283013,0.57169867,1
0.40885592,0.5911441,1
0.70058405,0.29941592,0
0.76806027,0.23193982,0
0.76572853,0.23427148,0
0.53752273,0.4624773,0
0.4307786,0.56922144,1
0.37344685,0.6265531,1
0.34163347,0.65836656,1
0.3472538,0.65274614,1
0.31124634,0.68875366,1
0.31546965,0.6845304,1
0.34182164,0.6581783,1
0.38325983,0.61674017,0
0.7453976,0.2546024,0
0.5440471,0.45595282,0
0.7103908,0.2896092,0
0.69481134,0.30518866,0
0.34574163,0.6542584,1
0.30086538,0.6991347,1
0.33085358,0.6691464,1
0.31489223,0.6851078,1
0.2413753,0.75862473,1
0.55071604,0.44928396,0
0.807232,0.19276798,0
0.117293134,0.8827069,1
0.1446743,0.85532564,1
0.28982738,0.7101726,0
0.5187021,0.48129797,0
0.23137021,0.7686298,1
0.15510471,0.8448953,1
0.68276644,0.31723356,0
0.40105826,0.59894174,0
0.7572535,0.24274649,0
0.7760053,0.22399473,0
0.7635687,0.23643124,0
0.77004176,0.2299582,0
0.864642,0.13535799,0
0.8734016,0.12659849,0
0.78782505,0.21217503,0
0.7636348,0.23636521,0
0.7217034,0.2782966,0
0.8325755,0.16742443,0
0.80928874,0.19071123,0
0.8416402,0.15835983,0
0.8220419,0.17795807,0
0.6669579,0.33304206,1
0.69321525,0.30678478,1
0.66071844,0.33928162,1
0.6516842,0.34831586,1
0.7367574,0.2632425,0
0.62720776,0.3727922,1
0.24971409,0.7502859,1
0.31281626,0.6871837,1
0.2871763,0.71282375,1
0.38424647,0.61575353,1
0.44509673,0.55490327,0
0.6819091,0.31809098,0
0.71994555,0.2800545,0
0.76329905,0.23670086,0
0.5639312,0.43606883,0
0.35110793,0.64889205,1
0.36293575,0.6370643,1
0.39270046,0.60729957,0
0.88666743,0.11333259,0
0.73626673,0.2637333,0
0.5950311,0.40496895,0
0.40071565,0.59928435,1
0.33271375,0.6672862,1
0.33241472,0.6675853,1
0.5813056,0.41869438,0
0.58054525,0.41945472,0
0.5391023,0.46089765,0
0.29780155,0.70219845,1
0.8057904,0.19420956,0
0.6124298,0.38757014,0
0.36186528,0.6381348,1
0.77029854,0.22970152,0
0.43687376,0.5631262,1
0.5169324,0.48306754,1
0.8159375,0.1840625,0
0.5247299,0.4752701,0
0.59012705,0.40987298,0
0.4976385,0.5023615,1
0.6044065,0.39559355,1
0.36103365,0.6389664,1
0.36235255,0.63764745,1
0.28387752,0.71612245,1
0.5064397,0.4935603,1
0.66844815,0.33155182,0
0.8430932,0.15690678,0
0.8570734,0.14292654,0
0.7424769,0.25752312,0
0.750203,0.24979694,0
0.68530107,0.31469893,0
0.4513656,0.5486344,0
0.57143915,0.42856082,0
0.31878376,0.68121624,1
0.34141847,0.65858155,1
0.55223566,0.4477643,0
0.4561096,0.5438904,1
0.4319289,0.56807107,0
0.5996703,0.40032968,0
0.61082155,0.38917843,0
0.6672781,0.33272192,0
0.6518387,0.3481613,0
0.69677126,0.30322877,0
0.66081464,0.33918533,1
0.5781208,0.42187914,1
0.7522008,0.24779914,0
0.52227634,0.47772372,1
0.5894472,0.41055274,0
0.5835993,0.4164007,0
0.38474047,0.6152595,1
0.49699047,0.50300956,0
0.50642985,0.4935702,0
0.549973,0.450027,0
0.57656515,0.42343485,0
0.60530955,0.39469045,0
0.42655405,0.5734459,1
0.4562736,0.54372644,1
0.44521603,0.554784,1
0.49504453,0.5049555,1
0.60564727,0.39435276,0
0.36478317,0.6352168,1
0.36676574,0.6332343,1
0.37767124,0.62232876,1
0.355695,0.64430493,0
0.37506706,0.624933,1
0.593396,0.40660396,0
0.54551893,0.4544811,0
0.6464941,0.3535059,0
0.71725655,0.28274345,0
0.34456307,0.65543693,1
0.36023137,0.63976866,1
0.32481757,0.67518246,1
0.32195497,0.67804503,1
0.27862993,0.7213701,1
0.25474966,0.74525034,1
0.24740995,0.75259006,1
0.29215965,0.7078404,1
0.7827236,0.21727636,0
0.6521585,0.34784153,0
0.5491147,0.45088524,1
0.6208073,0.3791927,0
0.21575856,0.78424144,1
0.14397691,0.85602313,1
0.09963683,0.90036315,1
0.4305085,0.5694915,0
0.6146417,0.3853583,0
0.6222948,0.3777052,0
0.24189234,0.7581077,1
0.122242466,0.87775755,1
0.11171172,0.88828826,1
0.27571398,0.724286,1
0.37264267,0.6273573,0
0.7040241,0.29597595,0
0.75540847,0.2445915,0
0.76816976,0.23183024,0
0.70465183,0.29534817,0
0.46328115,0.5367188,0
0.15672518,0.84327483,1
0.16642515,0.83357483,1
0.15619288,0.8438071,1
0.13123845,0.8687616,1
0.12920667,0.87079334,1
0.099058665,0.9009413,1
0.10754686,0.89245313,1
0.04452737,0.9554726,1
0.18624866,0.81375134,1
0.23536077,0.76463926,0
0.6500001,0.3499999,0
0.11767517,0.8823248,1
0.14141726,0.8585827,1
0.14926562,0.8507344,1
0.32906795,0.670932,0
0.33908346,0.66091657,0
0.31123796,0.68876207,0
0.38658386,0.61341614,0
0.3861494,0.61385053,0
0.3841038,0.61589617,0
0.421451,0.57854897,0
0.41867885,0.5813212,0
0.44029167,0.55970836,0
0.39777178,0.6022282,0
0.5138592,0.48614076,0
0.4244476,0.57555246,0
0.44943163,0.5505684,1
0.49269998,0.50729996,0
0.5340092,0.46599072,0
0.51246727,0.48753273,0
0.38632974,0.6136703,1
0.42963096,0.57036906,1
0.35648802,0.643512,1
0.37109616,0.6289038,1
0.37342134,0.6265786,1
0.36395562,0.6360444,1
0.40984347,0.5901565,0
0.58699983,0.4130002,0
0.607304,0.392696,0
0.6642585,0.33574155,0
0.7349818,0.26501822,0
0.3955228,0.60447717,1
0.34534398,0.65465605,1
0.405308,0.594692,0
0.59335166,0.40664834,0
0.5786554,0.42134458,0
0.55552673,0.44447333,0
0.46637508,0.5336249,0
0.33857462,0.66142535,1
0.52446574,0.47553426,0
0.818138,0.18186203,0
0.6186924,0.38130757,1
0.36472684,0.63527316,1
0.42635694,0.5736431,1
0.5479183,0.45208162,1
0.84204155,0.15795848,0
0.8269689,0.17303109,0
0.6432936,0.3567064,0
0.56363475,0.43636528,0
0.5456401,0.45435992,0
0.3708391,0.6291609,1
0.4067795,0.59322053,0
0.36805347,0.63194656,1
0.52001506,0.479985,1
0.8695546,0.13044536,0
0.16521092,0.83478904,1
0.17832668,0.8216733,1
0.20726892,0.79273105,1
0.25811613,0.7418838,1
0.34195492,0.65804505,1
0.4171404,0.58285964,1
0.4474108,0.5525892,1
0.4490964,0.5509036,1
0.520708,0.479292,0
0.52584785,0.4741521,0
0.6149182,0.3850818,0
0.7182121,0.28178787,0
0.6823186,0.31768137,0
0.45588177,0.5441182,1
0.19046862,0.8095314,1
0.26931703,0.73068297,1
0.43507022,0.5649297,0
0.76128703,0.23871303,0
0.79094094,0.20905909,0
0.49276495,0.507235,0
0.35632664,0.6436733,1
0.20478103,0.79521894,1
0.30599195,0.694008,1
0.36512396,0.634876,0
0.43124965,0.5687503,0
0.24704532,0.7529547,1
0.20248778,0.7975122,1
0.46703875,0.5329612,0
0.45526484,0.5447352,0
0.6263427,0.3736573,0
0.53551024,0.4644898,0
0.52381676,0.47618318,0
0.35057756,0.64942247,1
0.3587738,0.6412262,1
0.36258012,0.63741994,1
0.3539076,0.6460924,1
0.32793579,0.6720641,1
0.67335856,0.32664147,0
0.7061087,0.29389134,0
0.48521274,0.5147872,0
0.36252788,0.63747215,1
0.40566927,0.5943308,0
0.36391443,0.6360855,1
0.39546946,0.6045305,0
0.55143243,0.44856757,0
0.4755835,0.52441657,0
0.48098204,0.51901793,0
0.52889216,0.47110784,0
0.5162703,0.4837297,0
0.52587277,0.47412717,0
0.5413489,0.45865116,0
0.58441025,0.41558975,0
0.8674312,0.13256885,0
0.6862455,0.3137545,1
0.17108153,0.8289185,1
0.17795949,0.82204056,1
0.19261882,0.80738115,1
0.6211289,0.3788711,0
0.611898,0.388102,0
0.608875,0.39112505,0
0.35901392,0.6409861,1
0.70132893,0.29867104,0
0.157503,0.842497,1
0.21978809,0.78021187,1
0.18951233,0.8104876,1
0.39900622,0.6009938,0
0.7506685,0.24933147,0
0.74447304,0.255527,0
0.64085186,0.35914814,0
0.653483,0.34651703,1
0.6859012,0.31409872,0
0.22632197,0.77367806,1
0.27126914,0.7287309,1
0.2563422,0.7436578,1
0.2083417,0.79165834,1
0.283179,0.716821,1
0.23480928,0.76519066,1
0.46392152,0.53607845,1
0.46873137,0.53126866,1
0.41047853,0.58952147,1
0.53264093,0.46735907,0
0.38632035,0.61367965,0
0.2542017,0.7457983,1
0.6630792,0.3369208,0
0.7411003,0.25889972,0
0.75889987,0.24110013,0
0.4663488,0.53365123,0
0.20112455,0.7988755,1
0.23170869,0.7682913,1
0.24685025,0.7531498,1
0.15003228,0.84996766,1
0.4056038,0.59439623,0
0.7332258,0.26677415,0
0.7162254,0.28377458,0
0.36957732,0.6304227,1
0.42050955,0.5794904,0
0.4153088,0.5846912,1
0.3615183,0.63848174,1
0.28680724,0.71319276,1
0.35363692,0.646363,1
0.2194847,0.78051525,1
0.19088215,0.80911785,1
0.17906176,0.8209382,1
0.19429109,0.80570894,1
0.30918595,0.690814,1
0.77314436,0.22685564,0
0.77856827,0.22143179,0
0.10343133,0.8965687,1
0.08227561,0.9177243,1
0.05974362,0.94025636,1
0.059023693,0.9409763,1
0.0844849,0.9155151,1
0.14658773,0.8534123,1
0.43742546,0.56257457,0
0.6641714,0.33582854,0
0.3893165,0.6106835,0
0.55906534,0.4409346,0
0.7121954,0.28780454,0
0.81183857,0.18816137,0
0.82112694,0.17887303,0
0.5991562,0.4008438,0
0.4297436,0.5702564,0
0.43164274,0.5683572,0
0.31107244,0.6889276,0
0.3852743,0.6147257,0
0.52753955,0.4724605,0
0.62431604,0.37568396,0
0.6688192,0.33118078,0
0.76614624,0.23385373,0
0.3687556,0.6312444,1
0.35849223,0.6415078,1
0.3649204,0.63507956,1
0.43144536,0.5685546,1
0.46769583,0.53230417,1
0.4757237,0.52427626,1
0.64108807,0.35891193,0
0.6847051,0.31529498,0
0.7267582,0.27324185,0
0.5965785,0.40342152,0
0.74498934,0.25501066,0
0.87291104,0.12708895,0
0.7966914,0.20330852,0
0.6587378,0.3412622,1
0.2002661,0.7997339,1
0.2581886,0.7418114,1
0.29415882,0.7058411,1
0.3051529,0.6948471,1
0.28454772,0.7154523,1
0.28676894,0.7132311,1
0.6314642,0.36853582,0
0.74208134,0.25791866,0
0.7823988,0.21760117,0
0.85413504,0.14586493,0
0.47857398,0.52142596,1
0.38046116,0.61953884,1
0.27899814,0.72100186,1
0.2752704,0.7247296,1
0.3094999,0.6905001,1
0.33241224,0.6675877,1
0.34455964,0.6554404,1
0.3061615,0.6938385,1
0.40196362,0.5980364,1
0.71739036,0.28260967,0
0.5555252,0.4444748,0
0.565507,0.434493,0
0.56838155,0.43161842,0
0.7255301,0.2744699,0
0.38027424,0.61972576,1
0.41292578,0.58707416,1
0.39346826,0.60653174,1
0.4021245,0.5978756,1
0.3494476,0.6505524,1
0.37262315,0.62737685,1
0.70444256,0.29555735,0
0.49810505,0.501895,0
0.46167403,0.5383259,0
0.44054776,0.55945224,0
0.3595202,0.6404798,1
0.3518478,0.6481522,1
0.37287772,0.6271222,1
0.3562418,0.6437582,1
0.3543454,0.6456546,1
0.32964075,0.6703593,1
0.29516196,0.7048381,1
0.2898024,0.71019757,1
0.28085825,0.7191417,1
0.54178315,0.4582169,0
0.7895994,0.21040052,0
0.27179047,0.7282095,1
0.13505697,0.86494297,1
0.13581733,0.86418265,1
0.148183,0.851817,1
0.17301564,0.8269843,1
0.21809553,0.78190446,1
0.24581747,0.7541825,1
0.32923034,0.6707697,1
0.559896,0.440104,0
0.7286204,0.27137962,0
0.8039436,0.19605637,0
0.75144935,0.2485506,0
0.64594305,0.35405698,0
0.11120309,0.888797,1
0.10715992,0.89284015,1
0.0985978,0.9014022,1
0.33434084,0.66565907,0
0.3387304,0.6612696,0
0.48171082,0.51828915,0
0.63875115,0.36124885,0
0.7761214,0.22387858,0
0.66466326,0.33533674,0
0.8447958,0.15520412,0
0.7729699,0.22703008,0
0.8242865,0.17571346,0
0.50061244,0.49938762,0
0.19954723,0.80045277,1
0.30088267,0.6991173,1
0.22887956,0.7711205,1
0.37180546,0.6281945,1
0.8212316,0.17876841,0
0.8913892,0.10861078,0
0.43886858,0.5611314,1
0.46353364,0.5364664,1
0.36357462,0.6364254,1
0.32124525,0.67875475,1
0.3082428,0.6917572,1
0.30064127,0.69935876,1
0.15453929,0.8454607,1
0.19741204,0.802588,1
0.3795394,0.62046057,1
0.43526107,0.5647389,0
0.38662046,0.61337954,1
0.42489073,0.57510924,0
0.530125,0.469875,0
0.59044564,0.4095543,0
0.40648183,0.5935182,1
0.39771178,0.60228825,1
0.3535866,0.6464133,1
0.17175555,0.82824445,1
0.21065967,0.78934026,1
0.3148001,0.6851999,1
0.64013416,0.35986584,0
0.48758262,0.5124173,0
0.77977645,0.22022356,0
0.8681179,0.13188212,0
0.5796255,0.42037448,0
0.84199274,0.1580072,0
0.3743809,0.6256191,1
0.36170518,0.6382948,1
0.2026464,0.7973536,1
0.34566522,0.6543348,1
0.25508884,0.7449112,1
0.84945893,0.15054111,0
0.5438987,0.45610136,0
0.5305099,0.46949008,0
0.49683082,0.5031692,0
0.35718724,0.6428127,0
0.41073385,0.5892662,0
0.40678135,0.5932187,0
0.39607662,0.6039234,0
0.3266238,0.6733762,1
0.33772603,0.66227394,1
0.34846583,0.6515342,0
0.6647301,0.3352699,0
0.7702805,0.22971952,0
0.4161656,0.58383435,1
0.13885848,0.86114156,1
0.091563605,0.9084364,1
0.08554659,0.9144533,1
0.07701129,0.9229887,1
0.0843039,0.91569614,1
0.3028309,0.6971691,0
0.346391,0.65360904,0
0.50338787,0.49661213,0
0.5988341,0.40116593,0
0.57550585,0.4244942,0
0.72812897,0.271871,0
0.7424845,0.25751546,0
0.7868326,0.21316744,0
0.47125974,0.5287403,0
0.37132135,0.62867856,0
0.29978526,0.7002148,0
0.32008645,0.6799135,0
0.4026122,0.5973878,0
0.50010276,0.4998972,0
0.5228589,0.47714114,1
0.47985694,0.5201431,1
0.7720398,0.22796027,0
0.57440263,0.4255973,0
0.8771677,0.12283235,0
0.9040556,0.095944434,0
0.7510271,0.24897286,0
0.4767106,0.52328944,1
0.26539472,0.7346053,1
0.25397366,0.74602634,1
0.5953927,0.40460733,0
0.5369281,0.46307194,0
0.56831133,0.43168867,0
0.5787268,0.4212732,0
0.8178609,0.18213905,0
0.58187693,0.418123,0
0.465015,0.53498495,0
0.4258624,0.5741376,0
0.38237974,0.6176203,1
0.41891986,0.58108014,0
0.69099617,0.3090038,0
0.66822934,0.33177066,0
0.46497518,0.5350248,1
0.70335275,0.29664728,0
0.83074164,0.16925837,0
0.34202108,0.65797883,1
0.36489335,0.6351066,1
0.38309684,0.6169032,1
0.39845866,0.60154134,1
0.39292058,0.60707945,1
0.7982074,0.2017926,0
0.87181133,0.12818862,0
0.87428045,0.12571953,0
0.4777106,0.52228945,1
0.6926622,0.30733782,0
0.7090913,0.2909087,0
0.4253799,0.57462007,1
0.44083217,0.55916786,1
0.37983435,0.62016565,1
0.40261072,0.5973893,1
0.8585631,0.14143687,0
0.88206977,0.117930226,0
0.8657731,0.13422693,0
0.84900445,0.15099555,0
0.45155904,0.548441,1
0.7697469,0.23025306,0
0.56257117,0.4374289,1
0.64573634,0.35426363,1
0.7344859,0.26551405,1
0.15475589,0.8452441,1
0.35819107,0.6418089,1
0.4884277,0.5115723,1
0.44212097,0.55787903,1
0.3203106,0.6796894,1
0.3053735,0.6946265,1
0.24809656,0.7519035,1
0.32447425,0.67552584,1
0.41842195,0.5815781,1
0.28061873,0.7193812,1
0.78287774,0.21712224,0
0.88382876,0.11617128,0
0.9071846,0.09281542,0
0.59171635,0.40828368,0
0.46673062,0.53326935,0
0.3852574,0.61474264,1
0.46618298,0.53381705,1
0.7931853,0.20681468,0
0.7703178,0.22968224,0
0.77936125,0.22063875,0
0.85214555,0.14785445,0
0.8733523,0.12664768,0
0.48309645,0.5169036,1
0.37456077,0.6254393,1
0.4294437,0.5705563,1
0.48943835,0.5105617,0
0.52405894,0.4759411,0
0.5431291,0.4568709,0
0.43512434,0.5648757,1
0.5671022,0.4328978,0
0.44051027,0.55948967,1
0.48035783,0.5196422,1
0.8228077,0.17719223,0
0.59097284,0.4090271,1
0.5218584,0.4781416,1
0.19319531,0.80680466,1
0.23987731,0.7601227,1
0.35669893,0.64330107,1
0.3626024,0.63739765,1
0.36261743,0.63738257,1
0.45405394,0.54594606,1
0.7871272,0.21287288,0
0.8391324,0.16086754,0
0.8774122,0.12258783,0
0.46117282,0.5388272,1
0.44379708,0.55620295,1
0.4421136,0.5578864,1
0.7055514,0.2944486,0
0.71893084,0.2810692,0
0.7727898,0.22721024,0
0.8006653,0.19933471,0
0.82138157,0.17861843,0
0.37885574,0.6211443,1
0.38546273,0.61453724,1
0.7106015,0.28939855,0
0.7001378,0.29986218,0
0.7236287,0.27637127,0
0.71965873,0.28034124,0
0.6698351,0.33016494,0
0.6797527,0.32024723,0
0.8043461,0.19565398,0
0.8908492,0.109150834,0
0.45421976,0.5457802,1
0.41795513,0.58204484,1
0.2991845,0.70081556,1
0.3481141,0.65188587,1
0.54750854,0.45249143,1
0.72709084,0.27290913,0
0.6043694,0.3956306,1
0.8534021,0.14659794,0
0.89973545,0.100264534,0
0.52864736,0.47135264,0
0.61110663,0.3888934,0
0.6295451,0.37045485,0
0.69364554,0.30635443,0
0.7308398,0.2691603,0
0.75319034,0.24680962,0
0.75987595,0.240124,0
0.89030975,0.10969021,0
0.6004603,0.39953974,1
0.5110789,0.48892108,1
0.6929839,0.30701604,0
0.6909973,0.3090027,0
0.76984495,0.230155,0
0.7710183,0.22898163,0
0.72942996,0.27057004,0
0.69914013,0.3008598,0
0.48323447,0.5167656,1
0.69099325,0.30900684,0
0.71985716,0.2801428,0
0.7312652,0.26873472,1
0.66609865,0.33390138,1
0.7848905,0.21510953,0
0.83192956,0.16807045,0
0.8131353,0.18686466,0
0.8092567,0.19074333,0
0.795997,0.20400305,0
0.45663056,0.54336953,1
0.42788383,0.57211614,1
0.43737912,0.56262094,1
0.45046672,0.5495333,1
0.6055003,0.39449978,1
0.7081369,0.29186317,1
0.7943293,0.20567068,0
0.7955356,0.20446435,0
0.8778675,0.122132435,0
0.52182275,0.4781772,1
0.6282158,0.37178424,1
0.629277,0.370723,1
0.7124082,0.28759176,1
0.764835,0.23516501,0
0.7186759,0.28132415,1
0.72413504,0.27586496,0
0.7346242,0.2653757,1
0.81527275,0.18472724,1
0.8661405,0.13385947,0
0.75599223,0.24400772,1
0.7150771,0.28492296,1
0.38932565,0.6106744,1
0.47276774,0.5272323,1
0.46412888,0.535871,1
0.46383438,0.5361656,1
0.43610436,0.5638956,1
0.28038174,0.71961826,1
0.40981674,0.59018326,1
0.45644873,0.54355127,1
0.832717,0.16728294,0
0.8789887,0.12101138,0
0.8651157,0.13488437,0
0.41524053,0.5847595,1
0.45401242,0.5459876,1
0.5008859,0.49911404,0
0.7051457,0.29485428,0
0.6422479,0.35775205,1
0.7153021,0.28469792,0
0.73509085,0.26490915,0
0.34585807,0.6541419,1
0.3599512,0.64004886,1
0.3779707,0.62202936,1
0.41373327,0.5862667,1
0.5825961,0.41740385,1
0.6992652,0.30073485,0
0.4468078,0.5531922,1
0.8785233,0.12147673,0
0.5501561,0.44984382,1
0.14568558,0.8543144,1
0.22334783,0.7766522,1
0.16282642,0.8371736,1
0.18160875,0.81839126,1
0.17326474,0.82673526,1
0.19790924,0.80209076,1
0.28105855,0.7189415,1
0.6852821,0.31471792,0
0.7178531,0.28214678,0
0.6747955,0.32520446,0
0.775358,0.22464196,0
0.85107213,0.14892788,0
0.5337146,0.46628535,0
0.18871008,0.8112899,1
0.32202154,0.67797846,1
0.14308515,0.8569149,1
0.3711129,0.6288871,0
0.39754495,0.602455,0
0.49696705,0.503033,0
0.5134109,0.4865891,0
0.5921548,0.40784523,0
0.77448356,0.22551642,0
0.6934536,0.3065464,0
0.60550946,0.3944905,0
0.79768836,0.20231166,0
0.70138603,0.2986139,0
0.312883,0.68711704,1
0.13127078,0.8687293,1
0.1732828,0.82671714,1
0.18823357,0.8117664,1
0.18484427,0.81515574,1
0.19580217,0.8041978,1
0.77219844,0.2278015,0
0.635184,0.36481607,0
0.49904913,0.5009509,0
0.87147886,0.12852119,0
0.7757579,0.22424206,0
0.77309394,0.22690608,0
0.7687685,0.23123154,0
0.7806912,0.21930887,0
0.7621327,0.23786727,0
0.7674312,0.23256873,0
0.8811594,0.11884049,0
0.877658,0.12234199,0
0.8047962,0.19520377,0
0.5854086,0.4145914,1
0.7242308,0.2757691,0
0.71186525,0.28813475,0
0.5705715,0.42942852,1
0.59274065,0.40725937,1
0.7050969,0.29490313,0
0.57666266,0.42333728,1
0.30322987,0.69677013,1
0.35101214,0.6489878,1
0.703997,0.296003,0
0.88210845,0.11789153,0
0.6719368,0.32806316,0
0.6486991,0.3513009,1
0.62987655,0.37012342,0
0.6106049,0.38939512,0
0.6524601,0.34753993,0
0.6880207,0.3119793,0
0.6738375,0.32616258,0
0.7164269,0.28357318,0
0.73805743,0.26194257,0
0.7487156,0.2512844,0
0.7226185,0.27738145,0
0.8610318,0.1389682,0
0.86562437,0.1343757,0
0.6426739,0.35732603,0
0.5838509,0.41614902,1
0.6042759,0.39572412,1
0.66613126,0.33386874,1
0.679867,0.32013294,0
0.7044932,0.29550675,0
0.70578486,0.29421517,0
0.73697037,0.26302958,0
0.7760185,0.22398147,0
0.83034325,0.16965674,0
0.8704351,0.12956488,0
0.7592325,0.24076755,1
0.67369515,0.32630488,1
0.4190745,0.5809255,1
0.4298118,0.57018816,1
0.64837015,0.35162982,0
0.5499777,0.45002228,1
0.6422317,0.35776836,0
0.64585894,0.35414103,0
0.5077898,0.49221018,1
0.7656444,0.2343556,0
0.7786719,0.2213281,0
0.7723592,0.22764076,1
0.7486001,0.2513999,0
0.5521961,0.44780397,1
0.8112894,0.18871056,0
0.8168304,0.18316963,0
0.8291526,0.17084745,0
0.7465782,0.25342184,0
0.7430464,0.2569536,0
0.7872867,0.21271332,0
0.7947111,0.20528886,0
0.79640085,0.20359911,0
0.79979634,0.2002037,0
0.7821413,0.21785866,0
0.7958277,0.20417231,0
0.74117744,0.2588225,1
0.84263784,0.15736215,0
0.86817807,0.131822,0
0.8919699,0.10803005,0
0.6966099,0.30339006,1
0.747796,0.25220397,1
0.7578759,0.24212408,0
0.74104846,0.25895151,1
0.744638,0.2553619,1
0.74406886,0.2559311,1
0.73809856,0.26190147,1
0.75312227,0.2468777,0
0.72646266,0.2735374,1
0.774138,0.22586203,1
0.78997076,0.21002924,1
0.8128307,0.18716933,0
0.8316107,0.16838937,0
0.8708113,0.12918873,0
0.7098705,0.29012945,0
0.78087115,0.21912883,0
0.76800686,0.23199311,0
0.8823551,0.117644936,0
0.80612427,0.19387579,1
0.67296934,0.32703066,0
0.68037075,0.31962922,1
0.67992014,0.32007983,1
0.77958316,0.22041686,1
0.84137654,0.15862353,0
0.9023878,0.097612195,0
0.857683,0.14231697,0
0.6599038,0.3400962,1
0.58463544,0.41536453,1
0.7189527,0.28104728,0
0.72898287,0.2710171,0
0.74792343,0.25207657,0
0.8362245,0.16377552,1
0.88393384,0.11606623,1
0.88791865,0.11208138,1
0.88189185,0.11810823,1
0.4402505,0.55974954,1
0.3578655,0.6421344,1
0.6474594,0.35254064,1
0.7993924,0.20060764,0
0.58358896,0.41641104,0
0.49676725,0.5032327,1
0.69963396,0.30036607,0
0.75625193,0.2437481,0
0.3248117,0.6751883,1
0.40824685,0.5917531,1
0.86446166,0.13553838,0
0.82128,0.17872001,0
0.741293,0.25870705,0
0.61982214,0.38017783,1
0.3674584,0.6325416,1
0.5527972,0.44720283,1
0.6696236,0.33037642,0
0.74628943,0.25371057,0
0.82023877,0.17976128,0
0.8027561,0.197244,0
0.56400603,0.435994,1
0.48413125,0.5158687,1
0.7252593,0.27474067,0
0.7372243,0.26277575,0
0.7298789,0.270121,0
0.63925374,0.36074623,0
0.5575901,0.4424099,1
0.78653973,0.21346025,0
0.81725883,0.18274115,0
0.86752504,0.13247491,0
0.8645152,0.13548477,0
0.7997991,0.2002009,0
0.8207181,0.17928192,0
0.70559555,0.29440445,0
0.64485115,0.35514885,1
0.65095943,0.34904063,1
0.707735,0.292265,1
0.65316874,0.3468313,1
0.64607024,0.35392985,1
0.81117296,0.18882708,0
0.851951,0.14804895,0
0.8540326,0.14596742,0
0.77834404,0.221656,1
0.6631297,0.33687025,0
0.30836567,0.69163436,1
0.1941551,0.8058449,1
0.4385325,0.56146747,1
0.6780166,0.32198337,0
0.7484882,0.2515118,0
0.27824575,0.72175425,1
0.43617046,0.5638295,0
0.6161143,0.38388574,0
0.7125054,0.28749463,0
0.15888627,0.84111375,1
0.7230813,0.27691868,0
0.64960873,0.3503913,0
0.79631144,0.20368859,0
0.8432319,0.15676808,0
0.8103763,0.18962364,1
0.6933185,0.3066815,1
0.37169263,0.6283074,1
0.41229117,0.58770883,1
0.3599537,0.6400463,1
0.71888644,0.2811136,0
0.6004088,0.39959115,1
0.5923981,0.40760198,1
0.3618133,0.6381867,1
0.38981217,0.61018777,1
0.5448377,0.45516232,1
0.5521929,0.4478071,1
0.44809335,0.5519066,1
0.47655627,0.5234437,1
0.76258963,0.23741038,0
0.31182218,0.6881779,1
0.36740372,0.6325963,1
0.40653995,0.59346,1
0.401596,0.59840393,0
0.5761128,0.42388722,0
0.46352538,0.53647465,0
0.7598567,0.24014333,0
0.6123089,0.38769105,0
0.41255954,0.58744043,1
0.37787586,0.62212414,1
0.4976083,0.50239176,0
0.21360743,0.7863925,1
0.3726946,0.6273053,1
0.6922698,0.3077302,0
0.7444794,0.25552058,0
0.58023155,0.41976848,0
0.72243905,0.27756098,0
0.59202576,0.40797427,0
0.5814512,0.4185488,0
0.62754023,0.37245974,0
0.59740645,0.40259355,1
0.7606951,0.23930483,0
0.7701663,0.22983369,0
0.6684162,0.33158377,0
0.82303965,0.1769603,0
0.70282084,0.29717916,0
0.67342967,0.3265703,0
0.6953053,0.30469468,0
0.60910046,0.3908995,0
0.5029625,0.4970375,1
0.52060896,0.479391,1
0.6716372,0.32836285,0
0.71859974,0.28140026,1
0.7093754,0.29062465,0
0.48850152,0.5114985,1
0.51838464,0.4816154,1
0.22066468,0.7793353,1
0.5759635,0.42403647,0
0.4491453,0.5508547,1
0.6924831,0.30751687,0
0.80545557,0.19454445,0
0.5757678,0.42423216,0
0.53046566,0.46953428,0
0.68159646,0.3184035,0
0.7048149,0.29518506,0
0.5580064,0.4419936,1
0.74698293,0.2530171,0
0.53933746,0.46066248,1
0.5672151,0.43278491,1
0.64392924,0.3560708,0
0.6227114,0.37728858,1
0.7125976,0.28740233,0
0.7674517,0.23254828,0
0.7438855,0.25611445,0
0.74458826,0.25541177,0
0.58136296,0.418637,1
0.6658406,0.33415937,0
0.78217477,0.21782522,0
0.62564814,0.37435186,0
0.591805,0.40819505,0
0.41741714,0.5825829,1
0.40490466,0.59509534,1
0.46416214,0.5358378,1
0.49744368,0.50255626,1
0.7937304,0.20626964,0
0.62893397,0.37106603,0
0.65597713,0.34402284,0
0.62680876,0.37319127,0
0.4759321,0.5240679,0
0.49128762,0.5087124,0
0.532502,0.46749797,0
0.20340817,0.7965919,1
0.7095177,0.29048225,0
0.76038677,0.23961322,0
0.66574085,0.33425915,0
0.56679034,0.4332096,1
0.7727899,0.22721015,0
0.7119875,0.28801256,0
0.6389083,0.36109173,0
0.6562406,0.34375936,0
0.67586195,0.32413808,0
0.67336696,0.32663298,0
0.6502615,0.3497385,0
0.6285898,0.3714102,0
0.6313997,0.3686004,0
0.57133645,0.42866355,1
0.645724,0.35427603,0
0.6726859,0.32731408,0
0.7014897,0.2985103,0
0.78685963,0.21314037,0
0.82576627,0.17423372,0
0.7729152,0.22708483,0
0.7368568,0.2631432,0
0.6759635,0.32403648,0
0.5908192,0.40918082,0
0.60547316,0.3945268,1
0.6221553,0.37784472,1
0.6421747,0.35782528,0
0.6335934,0.3664066,0
0.6534075,0.34659246,0
0.6644363,0.3355637,0
0.6799781,0.32002193,0
0.45116872,0.5488313,1
0.56295216,0.43704787,1
0.6379483,0.36205176,0
0.74461436,0.25538558,0
0.81113285,0.18886712,0
0.62873614,0.37126386,1
0.23590823,0.76409173,1
0.6416396,0.3583604,0
0.09048128,0.9095188,1
0.75306517,0.2469349,0
0.70376575,0.29623428,0
0.83838797,0.16161211,0
0.8601397,0.13986032,0
0.35433072,0.6456693,1
0.6193749,0.38062516,1
0.64738035,0.3526197,0
0.6672875,0.33271244,0
0.6394524,0.3605476,0
0.6156544,0.3843456,0
0.5450943,0.45490572,1
0.6864996,0.31350043,0
0.73093414,0.26906586,0
0.7326944,0.2673056,0
0.8449904,0.15500964,0
0.8552043,0.14479575,0
0.7039391,0.296061,0
0.6877232,0.31227675,0
0.63271224,0.36728776,1
0.583194,0.41680595,1
0.5988493,0.4011507,1
0.56581235,0.43418768,1
0.6022683,0.39773175,1
0.6850413,0.3149587,0
0.799328,0.20067197,0
0.7192142,0.28078577,0
0.7478613,0.25213867,0
0.77014095,0.22985898,0
0.8061187,0.19388127,0
0.49606383,0.50393623,1
0.37686336,0.62313664,1
0.74682456,0.25317547,0
0.716957,0.28304303,0
0.732928,0.267072,0
0.8394301,0.16056989,0
0.8452747,0.15472537,0
0.8573824,0.14261755,0
0.7407078,0.2592922,0
0.74097013,0.25902987,0
0.6499984,0.35000154,1
0.61488247,0.38511747,1
0.76991546,0.23008446,0
0.78780437,0.21219563,0
0.85602385,0.14397615,0
0.7299587,0.27004135,1
0.58266646,0.41733354,1
0.5706427,0.42935732,1
0.648237,0.351763,0
0.7208966,0.27910346,0
0.71441275,0.28558725,0
0.5557232,0.44427678,1
0.70036674,0.2996333,0
0.83716476,0.16283523,0
0.83268017,0.16731985,0
0.8232709,0.17672902,0
0.8160992,0.18390079,0
0.68452317,0.3154769,0
0.70747024,0.2925298,0
0.70126516,0.2987349,0
0.71045166,0.28954843,0
0.3787496,0.62125033,1
0.58459055,0.41540948,1
0.5820923,0.41790766,1
0.5787027,0.4212973,1
0.75294656,0.24705337,0
0.29209787,0.70790213,1
0.47581,0.52419,1
0.6558565,0.34414354,1
0.67877144,0.32122856,1
0.7141222,0.28587788,0
0.672889,0.3271111,1
0.7182886,0.28171137,0
0.77619743,0.22380252,1
0.86288774,0.13711232,0
0.6233932,0.3766068,0
0.633272,0.366728,0
0.6865447,0.31345528,0
0.645151,0.35484907,0
0.25581485,0.7441852,1
0.75360215,0.24639781,0
0.7765298,0.22347021,0
0.76820374,0.23179632,0
0.73951715,0.2604828,0
0.88329905,0.1167009,0
0.58828247,0.41171756,0
0.61459327,0.38540673,0
0.6892909,0.31070915,0
0.77242357,0.22757643,0
0.7518722,0.24812785,0
0.84508,0.15492003,0
0.8529559,0.14704415,0
0.42684284,0.5731572,1
0.22121207,0.7787879,1
0.31088945,0.6891106,1
0.105316125,0.8946839,1
0.27142695,0.728573,1
0.41147247,0.58852756,0
0.5868377,0.41316232,0
0.7902662,0.20973383,0
0.8130735,0.18692644,0
0.83919764,0.16080238,0
0.3380384,0.6619616,0
0.4393867,0.5606133,0
0.4203814,0.57961863,0
0.45333534,0.5466646,0
0.49770617,0.5022939,0
0.7527155,0.24728449,0
0.6997826,0.30021736,0
0.6886365,0.31136355,0
0.6549314,0.34506854,0
0.6674222,0.33257782,0
0.6360187,0.36398137,0
0.74064296,0.25935706,0
0.8116701,0.18832989,0
0.64193034,0.35806966,0
0.65394855,0.34605145,0
0.6775196,0.32248038,0
0.7729625,0.22703747,0
0.8462934,0.15370661,0
0.8514418,0.14855817,0
0.8452349,0.15476511,0
0.6198707,0.3801293,1
0.5982803,0.40171972,1
0.56693304,0.433067,1
0.49714595,0.5028541,1
0.56999004,0.43001005,1
0.34407657,0.6559234,1
0.9538752,0.04612489,0
0.9436688,0.056331184,0
0.9386441,0.0613559,0
0.5707938,0.42920616,1
0.53195804,0.4680419,1
0.5585361,0.4414639,1
0.46241528,0.53758466,1
0.4938487,0.5061513,0
0.4857038,0.51429623,0
0.5235273,0.47647265,1
0.7876791,0.21232091,0
0.9385038,0.061496127,0
0.34056967,0.6594303,1
0.31143147,0.68856853,1
0.39539546,0.60460454,1
0.13380562,0.8661944,1
0.04233144,0.9576686,1
0.5428278,0.45717213,1
0.6076097,0.39239034,1
0.633168,0.366832,0
0.36015892,0.6398411,1
0.21464056,0.78535944,1
0.2286538,0.7713463,1
0.060786415,0.93921363,1
0.50546044,0.49453962,0
0.70597535,0.2940247,0
0.709436,0.29056406,0
0.7010447,0.29895538,0
0.56341004,0.43659,0
0.4934346,0.50656545,0
0.44114304,0.5588569,0
0.41812268,0.5818773,0
0.26804724,0.7319528,1
0.32866377,0.67133623,0
0.2589908,0.7410092,1
0.49131465,0.50868535,0
0.36182898,0.638171,0
0.6511134,0.34888658,0
0.3288306,0.6711694,1
0.19703199,0.80296797,1
0.085670725,0.9143293,1
0.22721107,0.7727889,1
0.33691573,0.6630843,1
0.37226725,0.62773275,1
0.35337737,0.6466226,0
0.36595258,0.6340475,0
0.4787196,0.5212804,0
0.82217693,0.17782307,0
0.31060323,0.6893968,0
0.73378485,0.2662151,0
0.6098534,0.39014658,0
0.3155108,0.6844892,1
0.34763452,0.6523655,1
0.10351021,0.89648974,1
0.2599692,0.7400307,1
0.4667395,0.5332605,0
0.611228,0.38877198,0
0.6674633,0.33253673,0
0.804699,0.19530097,0
0.28607246,0.71392757,1
0.3050537,0.6949463,1
0.44200882,0.5579912,0
0.28555453,0.7144454,1
0.4774903,0.5225097,0
0.4766389,0.52336115,0
0.7019198,0.29808015,0
0.8454694,0.15453061,0
0.53348774,0.46651232,0
0.23360391,0.76639605,1
0.35382327,0.6461767,1
0.66834915,0.33165082,0
0.7202864,0.27971357,0
0.7793656,0.22063443,0
0.32202965,0.6779703,0
0.15220629,0.84779364,1
0.50064874,0.49935126,0
0.52357364,0.47642633,0
0.46682596,0.53317404,0
0.021470396,0.9785296,1
0.2725818,0.72741824,1
0.32385555,0.6761445,1
0.44409397,0.55590606,0
0.7906308,0.20936918,0
0.7836495,0.21635056,0
0.46917668,0.53082335,0
0.23739074,0.76260924,1
0.31357875,0.6864213,0
0.41397825,0.5860218,0
0.11482187,0.8851781,1
0.13535751,0.86464244,1
0.32275623,0.6772438,1
0.6499765,0.35002348,0
0.8278575,0.1721425,0
0.81826204,0.18173791,0
0.7758964,0.22410366,0
0.5016356,0.49836436,0
0.50695777,0.4930422,0
0.64752406,0.3524759,0
0.6378131,0.36218688,0
0.7159932,0.2840068,0
0.7988442,0.20115577,0
0.29038066,0.7096194,1
0.39676318,0.6032368,0
0.39412832,0.6058716,0
0.38860664,0.6113934,0
0.13560404,0.8643959,1
0.21913114,0.78086877,1
0.27234632,0.7276536,1
0.5806728,0.41932723,0
0.6452761,0.35472387,0
0.74270433,0.2572956,0
0.76294154,0.23705849,0
0.796028,0.20397192,0
0.6916604,0.30833963,0
0.66701174,0.33298823,0
0.584198,0.415802,1
0.5744673,0.4255327,1
0.5199678,0.48003224,0
0.62440836,0.37559164,0
0.52098745,0.47901255,0
0.6942925,0.30570748,0
0.9100296,0.0899704,0
0.4790669,0.52093303,0
0.49648544,0.5035146,1
0.53465754,0.4653424,1
0.5066533,0.49334672,1
0.5036168,0.4963832,1
0.5036639,0.49633613,1
0.57457286,0.42542714,1
0.77808964,0.22191037,0
0.25159758,0.7484024,1
0.3278213,0.6721786,1
0.46678954,0.53321046,0
0.57140344,0.42859653,0
0.83424324,0.16575669,0
0.8385241,0.16147584,0
0.22101924,0.7789808,1
0.43512642,0.5648735,1
0.53726923,0.4627308,0
0.501941,0.49805892,0
0.5308626,0.46913737,0
0.34957427,0.65042573,1
0.36227548,0.6377245,1
0.5036232,0.49637678,0
0.50707966,0.49292034,0
0.5140425,0.4859575,0
0.7315639,0.2684361,0
0.75714254,0.24285746,0
0.72498006,0.27501988,0
0.3870256,0.61297446,0
0.5931632,0.40683684,0
0.38224402,0.61775595,1
0.27485034,0.72514963,1
0.22102875,0.77897125,1
0.34590966,0.65409034,1
0.37816852,0.6218315,1
0.45157996,0.5484201,1
0.74983263,0.25016734,0
0.8011951,0.19880491,0
0.7150385,0.28496155,0
0.6131752,0.3868248,0
0.29783577,0.70216423,1
0.36280048,0.6371995,1
0.38846323,0.61153674,1
0.508374,0.49162605,0
0.45625615,0.54374385,1
0.72318155,0.27681848,0
0.7491577,0.2508423,0
0.866748,0.133252,0
0.6831505,0.31684953,0
0.6617696,0.33823028,1
0.63163817,0.3683618,0
0.62017787,0.37982216,0
0.62282526,0.37717476,0
0.6307899,0.36921015,0
0.39279553,0.6072045,1
0.47109884,0.52890116,1
0.57922554,0.42077446,0
0.84086895,0.15913099,0
0.89641654,0.10358345,0
0.87995535,0.12004465,0
0.46844956,0.53155047,0
0.4727494,0.5272505,0
0.48064178,0.5193582,0
0.51242363,0.4875763,0
0.4050147,0.5949853,1
0.33652768,0.6634723,1
0.79262304,0.20737691,0
0.2770053,0.7229947,1
0.32956487,0.67043513,1
0.39393297,0.60606706,1
0.46964392,0.53035605,0
0.24896237,0.7510376,1
0.53069115,0.46930888,0
0.76930404,0.23069598,0
0.82989115,0.17010878,0
0.8463588,0.15364122,0
0.55856115,0.4414388,0
0.6005358,0.3994642,0
0.34516197,0.65483797,1
0.15688494,0.8431151,1
0.27757522,0.7224248,1
0.29718575,0.7028142,1
0.5388404,0.4611596,1
0.57941294,0.42058712,0
0.6323227,0.36767724,0
0.8451574,0.1548426,0
0.8476431,0.15235692,0
0.8103098,0.18969011,0
0.54890954,0.45109048,0
0.52998936,0.47001064,0
0.5522343,0.44776577,0
0.6295306,0.3704694,0
0.64040345,0.35959652,0
0.6760242,0.3239758,0
0.81067806,0.1893219,0
0.82621014,0.17378992,0
0.76660615,0.23339382,0
0.36814153,0.6318585,1
0.34691498,0.653085,1
0.3557554,0.6442446,1
0.38366723,0.61633277,1
0.56672984,0.4332702,0
0.6690019,0.33099812,0
0.656629,0.343371,0
0.6946167,0.3053833,0
0.77132577,0.22867423,0
0.76150393,0.23849607,0
0.74367255,0.25632745,0
0.6594832,0.3405168,0
0.44394442,0.5560556,0
0.26491138,0.73508865,1
0.27593312,0.72406685,1
0.33150113,0.6684988,1
0.5709225,0.42907745,0
0.2786151,0.72138494,1
0.25863397,0.74136597,1
0.27269557,0.72730446,0
0.52354366,0.47645634,0
0.69494134,0.30505866,0
0.9093765,0.09062351,0
0.6688163,0.33118367,0
0.45971194,0.54028803,0
0.5872082,0.4127918,0
0.5933532,0.40664682,0
0.5922715,0.40772843,0
0.17828062,0.8217194,1
0.4862371,0.5137629,1
0.6910368,0.30896318,0
0.74856114,0.25143883,0
0.82114273,0.17885724,0
0.87902707,0.120972924,0
0.8290475,0.17095248,0
0.4753615,0.52463853,0
0.5104019,0.4895981,0
0.5269248,0.47307527,0
0.1266848,0.87331516,1
0.5091939,0.49080616,1
0.5530314,0.44696867,0
0.6933837,0.3066163,0
0.6641393,0.33586073,0
0.7266206,0.27337947,0
0.84051114,0.15948886,0
0.54813224,0.45186773,1
0.54146457,0.4585354,0
0.07318603,0.92681396,1
0.07102524,0.9289748,1
0.45254892,0.5474511,0
0.1069026,0.89309734,1
0.0061710123,0.99382895,1
0.52323943,0.47676054,0
0.43393266,0.56606734,0
0.36766422,0.63233584,0
0.1334419,0.8665581,1
0.40412894,0.59587103,1
0.38136274,0.6186373,1
0.047491763,0.9525083,1
0.07468973,0.9253103,1
0.5383939,0.46160606,0
0.75009483,0.2499052,0
0.48605284,0.5139471,0
0.4774605,0.5225395,0
0.55994344,0.44005656,0
0.5828819,0.41711804,0
0.41849938,0.5815006,0
0.14159864,0.85840136,1
0.19614263,0.8038574,1
0.72803915,0.27196085,0
0.9055203,0.094479635,0
0.85151225,0.14848773,0
0.54028594,0.45971408,1
0.56208825,0.43791184,0
0.2508252,0.74917483,1
0.27114302,0.72885704,1
0.56499815,0.43500188,0
0.5638971,0.436103,0
0.59208614,0.40791383,0
0.6391583,0.3608416,0
0.7064856,0.29351437,0
0.8251174,0.17488262,0
0.915599,0.08440107,0
0.90140945,0.09859054,0
0.54957503,0.45042494,1
0.5617271,0.43827286,1
0.56857693,0.43142307,1
0.60817355,0.3918265,1
0.3966992,0.60330087,1
0.4497261,0.5502739,1
0.5381037,0.46189633,1
0.5601982,0.43980178,1
0.8995552,0.10044474,0
0.72035193,0.27964807,0
0.5331429,0.46685708,1
0.57983935,0.42016068,1
0.64238924,0.35761082,1
0.4308486,0.56915134,1
0.62372774,0.3762723,1
0.57965827,0.4203418,0
0.7010279,0.29897213,0
0.8478137,0.15218626,0
0.6916516,0.30834836,1
0.53307474,0.4669253,1
0.45413408,0.5458659,1
0.4880026,0.51199746,1
0.5196547,0.48034537,1
0.49772233,0.5022777,1
0.75866723,0.24133275,1
0.8114918,0.18850824,0
0.8439641,0.15603592,0
0.8339251,0.16607489,0
0.708877,0.29112297,1
0.5382385,0.4617615,1
0.5309587,0.4690413,1
0.5922061,0.40779388,1
0.61777675,0.38222316,1
0.58860207,0.41139796,1
0.08903602,0.91096395,1
0.07764672,0.9223533,1
0.807278,0.19272201,0
0.75727755,0.24272245,0
0.2641921,0.7358079,1
0.41976538,0.58023465,1
0.33264706,0.667353,1
0.56468797,0.43531203,0
0.7106606,0.28933945,0
0.8324599,0.16754003,0
0.82944345,0.17055653,0
0.8252603,0.17473972,0
0.037954144,0.96204585,1
0.042655457,0.95734453,1
0.10673285,0.8932672,1
0.12346877,0.87653124,1
0.25796095,0.742039,1
0.28110385,0.71889615,0
0.3155078,0.68449223,0
0.7828136,0.2171864,0
0.81269085,0.18730918,0
0.8553631,0.14463696,0
0.3220281,0.67797196,1
0.19954994,0.8004501,1
0.3034597,0.69654036,1
0.3130095,0.68699056,1
0.49121714,0.5087829,0
0.23176129,0.7682388,1
0.23136131,0.76863873,1
0.26287752,0.7371225,1
0.5750176,0.42498237,0
0.57840997,0.42159003,0
0.72673064,0.27326933,0
0.7899224,0.21007763,0
0.8395632,0.16043678,0
0.8693392,0.13066079,0
0.87052196,0.12947802,0
0.7467856,0.25321442,0
0.226206,0.773794,1
0.24635877,0.75364125,1
0.26759836,0.7324016,1
0.35815796,0.641842,0
0.1689815,0.8310185,1
0.46509278,0.53490716,0
0.6773628,0.3226372,0
0.7602417,0.2397583,0
0.614996,0.38500407,0
0.48195833,0.5180417,1
0.55907,0.44092995,0
0.57685673,0.42314327,1
0.1856959,0.8143042,1
0.42035016,0.57964975,1
0.75087225,0.24912776,0
0.5014729,0.4985272,1
0.5264989,0.47350106,1
0.53685653,0.46314347,1
0.5084965,0.49150348,1
0.51346576,0.4865343,1
0.5008053,0.49919465,1
0.5287096,0.47129038,1
0.16337357,0.8366264,1
0.20943694,0.7905631,1
0.21752983,0.7824701,1
0.52908117,0.47091883,0
0.5489941,0.45100585,0
0.4976624,0.5023375,0
0.494647,0.50535303,1
0.7544221,0.2455779,0
0.14659779,0.8534022,1
0.18446578,0.81553423,1
0.20898275,0.79101723,1
0.21141769,0.7885824,1
0.17615752,0.82384247,1
0.29409692,0.7059031,1
0.13742973,0.8625703,1
0.24072981,0.75927025,1
0.5298785,0.47012156,0
0.4971829,0.5028171,0
0.48792458,0.5120754,0
0.5286527,0.47134718,0
0.3975612,0.6024388,0
0.37578237,0.62421757,0
0.23152186,0.7684782,1
0.23399314,0.7660068,1
0.3977286,0.60227144,1
0.33153015,0.66846985,1
0.18659762,0.81340235,1
0.48483092,0.5151691,0
0.46729055,0.5327094,0
0.55499136,0.44500864,0
0.6194155,0.38058445,0
0.8326494,0.16735059,0
0.85848016,0.14151987,0
0.7064985,0.29350147,0
0.47878882,0.52121115,0
0.45229396,0.547706,0
0.47044316,0.5295569,0
0.5128719,0.48712805,0
0.5504065,0.44959348,0
0.18378067,0.8162194,1
0.37809706,0.6219029,1
0.5636234,0.43637654,0
0.7891009,0.21089916,0
0.8292339,0.17076616,0
0.5443173,0.4556827,0
0.31036013,0.6896399,1
0.17701696,0.82298297,1
0.19088261,0.8091174,1
0.57505816,0.42494187,0
0.6190496,0.38095042,0
0.4907817,0.5092183,0
0.22761095,0.77238905,1
0.3115133,0.68848664,0
0.40003994,0.5999601,0
0.64758795,0.35241207,0
0.61981535,0.38018465,0
0.50698775,0.4930123,0
0.5587277,0.44127226,0
0.59462035,0.40537968,0
0.8728418,0.1271582,0
0.84634453,0.15365553,0
0.67537874,0.3246213,1
0.63575,0.36424997,1
0.63116443,0.36883557,1
0.6310885,0.36891153,1
0.6759083,0.32409158,1
0.72038954,0.27961046,0
0.48288962,0.5171103,1
0.60788316,0.39211679,0
0.9048128,0.095187165,0
0.7493064,0.25069365,0
0.55885077,0.4411493,1
0.5201937,0.47980627,1
0.52695453,0.4730455,1
0.52930176,0.47069827,1
0.43668616,0.5633139,1
0.8405073,0.15949266,0
0.8072559,0.19274408,0
0.24634273,0.7536573,1
0.24868104,0.751319,1
0.5134315,0.4865685,0
0.55342233,0.44657767,0
0.18915766,0.81084234,1
0.22831222,0.77168775,1
0.57394177,0.42605826,0
0.7680088,0.23199114,0
0.3195502,0.6804498,1
0.373331,0.62666905,1
0.37192473,0.62807524,1
0.32689297,0.67310697,1
0.39189133,0.6081087,1
0.48652807,0.5134719,0
0.48629075,0.51370925,0
0.203396,0.796604,1
0.5694056,0.43059435,0
0.58626246,0.41373757,0
0.5486468,0.45135316,0
0.5817388,0.41826117,0
0.8211961,0.17880392,0
0.28172895,0.7182711,1
0.29118043,0.70881957,1
0.2961457,0.7038543,1
0.2412296,0.7587704,1
0.15185037,0.84814966,1
0.30541456,0.6945854,1
0.53794926,0.46205065,0
0.7935548,0.2064452,0
0.8217529,0.17824715,0
0.84121984,0.15878019,0
0.40912807,0.59087193,0
0.5054031,0.49459696,0
0.39904583,0.60095423,0
0.29969,0.70031,1
0.40760887,0.59239113,0
0.6011221,0.3988779,0
0.67421967,0.32578033,0
0.7260532,0.2739468,0
0.7933952,0.20660478,0
0.7774781,0.22252189,0
0.6928633,0.30713674,0
0.22738719,0.7726128,1
0.25244704,0.7475529,1
0.6222632,0.37773684,0
0.36498466,0.63501537,1
0.49346712,0.5065329,1
0.5612722,0.4387278,1
0.57643366,0.42356634,1
0.7887758,0.21122417,0
0.81938475,0.18061523,0
0.8720453,0.12795469,0
0.5994569,0.40054315,1
0.66930175,0.33069822,1
0.43023464,0.5697654,1
0.51156986,0.4884302,1
0.60468334,0.39531666,1
0.55509716,0.44490287,1
0.32412648,0.6758736,1
0.5173747,0.48262525,1
0.604777,0.39522302,1
0.7000771,0.29992288,0
0.8808505,0.119149454,0
0.4396802,0.5603198,1
0.3692212,0.63077885,1
0.5014743,0.49852574,1
0.42602873,0.5739713,1
0.5261852,0.47381473,1
0.56151265,0.43848738,0
0.5137061,0.48629394,1
0.52152514,0.47847483,1
0.5311276,0.4688724,1
0.5466191,0.45338088,1
0.46945435,0.5305457,1
0.47160032,0.52839965,1
0.51268667,0.4873133,1
0.53827435,0.4617257,1
0.5649486,0.43505138,1
0.5494634,0.45053658,1
0.3262161,0.6737839,1
0.32833874,0.6716612,1
0.24591692,0.7540831,1
0.45263425,0.5473658,1
0.4589782,0.5410218,1
0.5841646,0.41583538,1
0.56121016,0.43878987,1
0.6177995,0.38220042,1
0.79331005,0.20669,1
0.80196774,0.19803225,0
0.61788815,0.38211182,0
0.529226,0.47077402,1
0.48694322,0.51305676,1
0.800439,0.19956103,0
0.52464783,0.4753522,0
0.5117504,0.48824966,0
0.29211158,0.7078884,1
0.47763652,0.52236354,0
0.48192903,0.518071,0
0.4947034,0.5052965,0
0.37916288,0.6208371,1
0.3957231,0.6042769,0
0.2493503,0.7506497,1
0.69994587,0.3000542,0
0.54524297,0.454757,0
0.5042081,0.4957919,0
0.52077687,0.4792231,1
0.528392,0.47160798,1
0.5561279,0.44387206,0
0.40697086,0.59302914,1
0.21611118,0.7838888,1
0.42332405,0.5766759,0
0.5781192,0.4218808,0
0.66650164,0.33349836,0
0.7589414,0.24105857,0
0.7491375,0.25086254,0
0.67898154,0.3210184,0
0.5493573,0.4506427,0
0.58896303,0.41103697,0
0.42345688,0.57654315,0
0.51294744,0.48705256,0
0.28471947,0.7152805,1
0.7098368,0.29016322,0
0.74797416,0.25202578,0
0.67853177,0.3214682,0
0.55603594,0.44396412,0
0.64491016,0.35508987,0
0.44651634,0.5534837,0
0.49425337,0.50574654,0
0.6810248,0.31897524,1
0.7272736,0.2727264,0
0.6842222,0.3157778,0
0.5545185,0.44548142,0
0.55146563,0.44853434,1
0.5117043,0.4882957,1
0.61187357,0.38812646,1
0.639566,0.36043403,1
0.7938835,0.20611648,0
0.4918612,0.5081388,0
0.4058234,0.5941766,1
0.5166145,0.4833855,1
0.48935997,0.51064,1
0.81731826,0.1826817,0
0.7164718,0.28352815,0
0.4256194,0.5743806,0
0.4409389,0.5590611,1
0.49970847,0.5002916,0
0.5155149,0.48448515,0
0.41588607,0.58411396,0
0.43586212,0.56413794,0
0.50803035,0.49196973,0
0.50451356,0.49548644,0
0.53329414,0.46670583,1
0.623009,0.37699094,0
0.6857159,0.31428415,0
0.78639066,0.21360928,0
0.85318613,0.14681384,0
0.83530366,0.16469638,0
0.48720112,0.51279885,0
0.52512145,0.47487852,1
0.5160911,0.48390892,1
0.39916074,0.60083926,1
0.31441075,0.6855893,1
0.5932749,0.4067251,0
0.5031308,0.49686924,1
0.6696462,0.3303538,0
0.74407053,0.2559295,0
0.7427875,0.25721258,0
0.4465413,0.5534587,1
0.4516925,0.5483076,1
0.50067323,0.4993268,1
0.57191265,0.42808735,0
0.5560936,0.44390646,0
0.6694023,0.33059776,0
0.72500694,0.27499303,0
0.7254473,0.27455276,0
0.50126237,0.49873766,0
0.41624382,0.5837562,0
0.39763513,0.6023649,0
0.4226491,0.577351,0
0.44856608,0.5514339,0
0.5221638,0.47783616,0
0.5224415,0.4775585,1
0.27699375,0.72300625,1
0.5711143,0.42888573,1
0.5961815,0.4038185,1
0.61068237,0.3893176,0
0.70720273,0.29279733,0
0.63134056,0.3686594,0
0.6437701,0.35622987,0
0.62729144,0.3727086,0
0.61390907,0.3860909,0
0.607315,0.39268497,0
0.6384511,0.36154887,1
0.7478809,0.25211912,0
0.7756315,0.22436857,0
0.52332413,0.47667587,1
0.54070127,0.45929873,1
0.49800083,0.5019992,1
0.52046126,0.4795388,1
0.2723564,0.72764367,1
0.26272964,0.7372704,1
0.24745314,0.75254685,1
0.24890074,0.7510992,1
0.09433066,0.90566933,1
0.17131877,0.8286813,1
0.52810127,0.47189867,1
0.71625423,0.28374568,1
0.31588686,0.6841131,1
0.44045025,0.5595497,1
0.5787268,0.42127317,0
0.57852644,0.4214736,0
0.24614517,0.75385475,1
0.035736196,0.9642638,1
0.34029597,0.659704,1
0.22389065,0.77610934,1
0.7923074,0.2076927,0
0.8280673,0.17193268,0
0.6026013,0.39739874,0
0.44072154,0.5592785,0
0.4922751,0.5077249,0
0.43734598,0.562654,1
0.5851722,0.41482776,0
0.55995256,0.4400474,0
0.5540293,0.44597077,0
0.3644275,0.6355725,1
0.44735223,0.55264777,1
0.595834,0.40416598,0
0.6765141,0.3234859,0
0.5975706,0.4024294,0
0.4877531,0.5122469,1
0.79891837,0.2010816,0
0.6334163,0.36658373,0
0.48708785,0.5129121,1
0.48541522,0.5145847,1
0.5947785,0.40522155,0
0.33939755,0.6606024,1
0.5910272,0.4089728,0
0.5438527,0.45614734,1
0.59035856,0.40964139,0
0.7880303,0.21196963,0
0.8093912,0.1906088,0
0.49106044,0.5089395,0
0.29186508,0.7081349,1
0.16116391,0.8388361,1
0.2062123,0.7937877,1
0.35034105,0.6496589,1
0.6042784,0.39572164,0
0.72190005,0.27809992,0
0.7836872,0.2163128,0
0.7614163,0.23858367,0
0.34649846,0.6535015,0
0.52392447,0.47607547,0
0.6092851,0.39071482,0
0.37158543,0.6284146,0
0.34986952,0.6501305,0
0.3940042,0.6059958,0
0.21752113,0.7824788,1
0.67484313,0.32515687,0
0.6660652,0.3339348,0
0.72300345,0.27699652,0
0.7514378,0.24856223,0
0.6485416,0.35145834,0
0.65027267,0.3497273,0
0.63898385,0.36101615,0
0.3787767,0.6212233,1
0.40962106,0.590379,1
0.62454164,0.37545833,0
0.5452793,0.45472062,0
0.14616717,0.85383284,1
0.49962294,0.50037706,0
0.1341834,0.8658166,1
0.57876444,0.42123553,0
0.5564451,0.44355494,0
0.01939985,0.9806002,1
0.40424284,0.5957572,0
0.23768824,0.76231176,1
0.36408448,0.6359155,0
0.3885078,0.61149216,0
0.67296714,0.32703286,0
0.8160974,0.18390258,0
0.811326,0.18867399,0
0.78218675,0.21781322,0
0.61610043,0.3838996,0
0.31280345,0.6871966,0
0.18818976,0.81181026,1
0.24837336,0.7516266,0
0.55355287,0.44644707,0
0.64923054,0.35076943,0
0.6028243,0.39717576,0
0.29303384,0.7069662,0
0.5521504,0.44784954,0
0.6855425,0.3144575,0
0.8259393,0.17406064,0
0.16471614,0.8352839,1
0.47131917,0.52868086,0
0.57281715,0.42718282,0
0.6155715,0.38442856,0
0.05179394,0.948206,1
0.6903821,0.30961788,0
0.7948704,0.20512965,0
0.79300135,0.2069986,0
0.41094023,0.5890598,0
0.29173642,0.7082636,1
0.63206565,0.36793432,0
0.63185775,0.36814225,0
0.6218737,0.37812635,0
0.23368147,0.76631856,1
0.7559207,0.24407928,0
0.76829666,0.23170336,0
0.5968249,0.40317515,0
0.4764839,0.5235161,1
0.6714175,0.32858253,0
0.57350844,0.4264915,0
0.7609365,0.23906356,0
0.6965341,0.30346587,0
0.8388351,0.16116486,0
0.85580665,0.1441934,0
0.79538727,0.20461279,0
0.6988042,0.30119574,0
0.45808813,0.54191184,1
0.6841702,0.3158298,0
0.6137444,0.38625556,0
0.7621377,0.23786233,0
0.6312434,0.36875662,0
0.53425467,0.4657454,0
0.44932064,0.5506793,1
0.6511105,0.34888947,0
0.5530223,0.44697767,0
0.5123862,0.48761374,1
0.58616716,0.41383287,0
0.41617712,0.58382285,1
0.25383797,0.74616206,1
0.5705635,0.42943653,0
0.58653665,0.4134634,0
0.47311813,0.5268819,1
0.8242363,0.17576373,0
0.82232845,0.17767149,0
0.5373039,0.46269605,0
0.59429425,0.40570572,0
0.58654463,0.41345537,0
0.58257383,0.4174262,0
0.58921045,0.41078955,0
0.43297243,0.56702757,1
0.5994883,0.4005116,0
0.59440786,0.40559217,0
0.40089327,0.5991067,1
0.52256614,0.47743392,0
0.4775054,0.5224946,1
0.5746417,0.42535827,1
0.6097223,0.39027768,1
0.70151097,0.29848897,1
0.7721445,0.22785549,0
0.65852267,0.3414773,1
0.3029566,0.69704336,1
0.17869657,0.8213035,1
0.43295345,0.5670466,0
0.6790725,0.32092747,0
0.6930254,0.30697465,0
0.6374934,0.36250663,0
0.47221667,0.5277834,0
0.08097318,0.9190268,1
0.55026084,0.44973913,0
0.61377627,0.38622367,0
0.70852596,0.29147404,0
0.6489954,0.35100466,0
0.56260806,0.43739197,0
0.2647497,0.73525035,1
0.6341465,0.36585352,0
0.66269904,0.337301,0
0.6586688,0.34133115,0
0.6381001,0.3618999,0
0.35494462,0.6450554,1
0.6347059,0.36529413,0
0.639246,0.36075407,0
0.28172737,0.7182726,1
0.54309815,0.45690182,1
0.611715,0.38828495,0
0.6318292,0.36817083,0
0.6931819,0.3068181,0
0.5757198,0.4242802,0
0.7704621,0.22953784,0
0.6212701,0.37872982,0
0.4671103,0.5328897,0
0.6822992,0.31770083,0
0.75780094,0.24219899,0
0.82838523,0.1716148,0
0.81374377,0.18625619,0
0.7729081,0.22709191,0
0.5917112,0.40828875,0
0.5396825,0.46031752,0
0.5813224,0.41867763,0
0.60465354,0.3953465,0
0.5909938,0.40900615,0
0.3028867,0.6971133,1
0.07037885,0.9296212,1
0.45721078,0.54278916,1
0.45614994,0.54385,1
0.5787846,0.42121542,1
0.81518674,0.1848133,0
0.38209128,0.6179087,1
0.13404521,0.8659548,1
0.29263547,0.70736456,1
0.58572996,0.41427007,0
0.18322492,0.81677514,1
0.39256075,0.6074392,0
0.15598223,0.84401774,1
0.53504604,0.46495396,0
0.451385,0.548615,0
0.6802754,0.3197246,0
0.80898774,0.19101231,0
0.29826242,0.7017376,1
0.17903017,0.8209698,1
0.6301857,0.36981422,0
0.5684213,0.43157867,0
0.5740748,0.42592517,0
0.6386936,0.3613064,0
0.6902033,0.30979672,0
0.19477315,0.8052268,1
0.31242275,0.6875773,1
0.28171623,0.7182838,1
0.653004,0.34699607,0
0.8202103,0.17978974,0
0.6311411,0.36885884,0
0.53126025,0.4687398,0
0.5542718,0.4457282,0
0.5810546,0.41894537,0
0.5303725,0.4696275,1
0.38290995,0.61709,1
0.6871527,0.31284732,1
0.74179685,0.25820312,0
0.7677032,0.2322968,0
0.33705822,0.66294175,1
0.5343885,0.46561146,1
0.0065508294,0.99344915,1
0.47164708,0.5283529,0
0.4088165,0.59118354,0
0.53258604,0.467414,0
0.014588913,0.98541117,1
0.06499821,0.9350018,1
0.21922469,0.7807753,0
0.7818674,0.21813269,0
0.6679148,0.33208522,0
0.80937934,0.19062066,0
0.5277148,0.47228527,0
0.6517986,0.34820142,0
0.63603806,0.3639619,0
0.64526474,0.3547353,0
0.703839,0.29616106,0
0.5531892,0.44681075,0
0.5119317,0.48806825,0
0.48492986,0.51507014,0
0.72203773,0.2779622,0
0.45050448,0.5494955,1
0.5561666,0.4438334,0
0.5310705,0.4689295,0
0.5296741,0.47032583,0
0.32900578,0.6709942,1
0.5407315,0.45926848,1
0.11546753,0.8845325,1
0.2141699,0.7858301,1
0.27523983,0.72476023,1
0.3045284,0.69547164,1
0.24270263,0.7572974,1
0.24266765,0.7573324,1
0.20465654,0.7953434,1
0.36319274,0.6368072,0
0.58875847,0.41124153,0
0.6368199,0.36318007,0
0.6456415,0.3543585,0
0.6384866,0.36151347,0
0.57989293,0.42010713,0
0.6192447,0.38075528,0
0.58572,0.41428,0
0.6149656,0.38503438,0
0.47315484,0.5268451,1
0.536455,0.46354505,1
0.66015315,0.33984688,0
0.48040923,0.5195908,1
0.6647239,0.33527613,0
0.7406785,0.2593215,0
0.8310996,0.16890034,0
0.6305056,0.36949438,0
0.29064488,0.7093551,1
0.5414652,0.4585348,0
0.22877525,0.7712247,1
0.32043418,0.6795658,1
0.77076256,0.22923751,0
0.32255667,0.67744327,1
0.7165155,0.2834845,0
0.6222684,0.37773162,0
0.563257,0.43674296,0
0.58272076,0.4172792,1
0.33659768,0.6634023,1
0.66103655,0.33896345,1
0.7483776,0.25162238,0
0.75179565,0.2482044,0
0.69895816,0.3010418,0
0.31734845,0.6826516,1
0.6344239,0.3655761,0
0.59414965,0.40585038,0
0.6267271,0.37327287,0
0.594868,0.405132,0
0.6168978,0.38310218,0
0.41774458,0.5822554,1
0.7013104,0.2986896,0
0.60046166,0.39953834,0
0.7505019,0.24949813,0
0.72184193,0.27815807,0
0.69415,0.30585,0
0.7483954,0.25160465,0
0.64216405,0.357836,0
0.7129107,0.28708923,0
0.70186347,0.29813656,1
0.7302233,0.26977673,0
0.81610936,0.18389063,1
0.85270846,0.14729153,1
0.87847126,0.121528715,0
0.4898686,0.51013136,1
0.5629479,0.437052,0
0.58256274,0.4174372,0
0.54123926,0.45876077,1
0.5026961,0.497304,1
0.5043784,0.49562162,1
0.51926696,0.4807331,1
0.5575933,0.4424067,1
0.55486655,0.44513345,1
0.7218634,0.27813658,1
0.86366135,0.13633865,0
0.8543785,0.14562145,0
0.6265436,0.3734564,0
0.5728469,0.42715314,1
0.60689574,0.39310429,1
0.6002482,0.39975178,1
0.5933524,0.4066476,1
0.23180696,0.768193,1
0.5871789,0.41282108,1
0.5922267,0.40777332,0
0.5476308,0.45236927,1
0.458673,0.541327,1
0.4153754,0.5846245,1
0.25522184,0.7447781,1
0.6423337,0.35766634,0
0.74808824,0.25191173,0
0.43914127,0.5608588,1
0.5236487,0.4763513,1
0.54329264,0.4567073,0
0.5841465,0.41585353,0
0.26279372,0.7372063,1
0.4952957,0.50470436,1
0.5635924,0.4364076,1
0.6362224,0.3637776,0
0.65511125,0.3448887,0
0.6046457,0.39535424,0
0.7955433,0.20445667,0
0.7978055,0.20219451,0
0.5748387,0.4251613,0
0.59827346,0.40172654,0
0.599803,0.40019706,0
0.60139924,0.39860076,1
0.47792178,0.52207816,1
0.65857726,0.3414227,0
0.6312085,0.36879155,0
0.7516158,0.24838427,0
0.7762742,0.22372575,0
0.5630466,0.43695343,1
0.5707613,0.42923862,1
0.595199,0.4048011,1
0.60682714,0.39317283,0
0.6464402,0.35355976,0
0.6915999,0.3084001,0
0.69571924,0.3042808,0
0.7599604,0.24003959,0
0.4236463,0.5763537,1
0.67239815,0.32760185,0
0.7498847,0.25011525,1
0.7417125,0.2582875,1
0.7920899,0.20791014,0
0.686105,0.31389496,0
0.84772503,0.15227498,0
0.81944954,0.18055046,0
0.79040563,0.20959434,0
0.68431497,0.31568497,0
0.7019019,0.29809812,0
0.69987375,0.30012628,1
0.6793505,0.32064947,1
0.6622712,0.33772883,1
0.70364815,0.2963519,0
0.74732685,0.2526731,1
0.7553174,0.24468262,0
0.67892885,0.32107115,0
0.6879041,0.31209594,0
0.60818624,0.3918138,1
0.79150313,0.20849685,0
0.81268203,0.18731792,0
0.5355439,0.46445614,0
0.5096996,0.49030048,1
0.5250609,0.4749391,1
0.61010534,0.3898946,1
0.6519421,0.34805793,1
0.6576263,0.3423738,1
0.40079483,0.59920514,1
0.24715017,0.7528498,1
0.23780334,0.7621966,1
0.39306462,0.6069354,1
0.5268575,0.4731425,1
0.55760986,0.44239017,0
0.5803672,0.41963273,0
0.56140405,0.43859595,0
0.5471101,0.45288992,0
0.6644169,0.33558312,0
0.67521065,0.32478932,0
0.7302145,0.26978552,0
0.41352445,0.58647555,1
0.742645,0.257355,0
0.8393942,0.16060576,0
0.87147725,0.12852281,0
0.61933494,0.38066506,0
0.5510141,0.44898584,0
0.5185982,0.48140183,1
0.552161,0.44783902,0
0.54819363,0.45180637,0
0.5763382,0.4236619,0
0.62951696,0.3704831,0
0.6355437,0.3644563,0
0.49462384,0.50537616,1
0.54850334,0.45149663,1
0.56647944,0.4335205,1
0.59913474,0.4008653,1
0.61752117,0.38247883,1
0.6317447,0.36825535,1
0.77123564,0.22876441,0
0.8279331,0.17206687,0
0.81760615,0.18239385,0
0.5694123,0.43058768,1
0.58580303,0.41419697,0
0.622841,0.377159,0
0.62169355,0.37830645,0
0.6148678,0.3851322,0
0.62142724,0.3785727,0
0.65842706,0.34157297,0
0.6370677,0.36293232,1
0.67763835,0.32236162,1
0.72545505,0.2745449,1
0.7369597,0.2630403,0
0.7641961,0.23580389,0
0.68323517,0.31676486,0
0.6438558,0.35614425,1
0.642891,0.35710904,0
0.6199868,0.38001326,0
0.6561017,0.34389827,0
0.6128058,0.38719413,0
0.57660115,0.42339882,1
0.73890334,0.26109663,0
0.7704085,0.22959147,0
0.8169239,0.18307608,0
0.77700156,0.22299843,0
0.7831948,0.21680522,0
0.65167135,0.3483287,0
0.6796011,0.32039893,0
0.70441705,0.29558295,1
0.6696095,0.33039054,0
0.6277341,0.37226593,0
0.70496255,0.29503745,0
0.5335635,0.4664365,1
0.6887999,0.3112,0
0.66903406,0.33096594,0
0.87402856,0.12597139,0
0.8875679,0.112432085,0
0.6739713,0.32602873,1
0.5412066,0.4587934,1
0.5699267,0.43007338,1
0.532564,0.467436,1
0.54415524,0.4558448,1
0.6192872,0.38071284,1
0.58974314,0.41025683,1
0.7238606,0.27613932,1
0.7941873,0.20581277,0
0.8074619,0.19253811,1
0.8374476,0.16255236,0
0.52177495,0.47822505,1
0.5182643,0.48173568,1
0.52182114,0.47817883,1
0.55825055,0.44174942,1
0.5540184,0.44598168,1
0.5342781,0.4657219,1
0.5995388,0.40046117,1
0.61591786,0.38408208,1
0.6638712,0.3361288,0
0.61919606,0.38080394,0
0.6335118,0.36648825,0
0.8427152,0.15728474,0
0.8519919,0.14800815,0
0.45526174,0.54473823,0
0.4811706,0.5188294,0
0.04149723,0.95850277,1
0.49408716,0.5059128,0
0.7246168,0.27538314,0
0.6548139,0.3451861,0
0.7681506,0.23184939,0
0.8587257,0.14127427,0
0.8216836,0.17831637,0
0.5769453,0.42305472,0
0.4133761,0.5866239,0
0.75937134,0.24062872,0
0.17599912,0.82400084,1
0.707311,0.29268894,0
0.75733674,0.24266326,0
0.7913584,0.2086416,0
0.858733,0.14126697,0
0.7259384,0.27406162,0
0.77185845,0.2281415,0
0.5801723,0.4198277,1
0.6649317,0.33506832,0
0.7202849,0.27971503,0
0.7433762,0.25662374,0
0.8148602,0.18513979,1
0.8428949,0.15710506,0
0.73235464,0.26764545,0
0.65939844,0.34060153,1
0.71215844,0.2878416,0
0.72507423,0.27492574,0
0.5890859,0.41091412,0
0.71096605,0.28903398,1
0.729577,0.27042297,0
0.68033504,0.31966493,0
0.7009746,0.2990254,0
0.7383285,0.26167148,0
0.6756957,0.32430434,0
0.61030954,0.3896905,1
0.6641886,0.3358114,0
0.71327347,0.28672653,0
0.84254086,0.15745912,0
0.87494713,0.12505285,0
0.9004505,0.09954945,0
0.87818277,0.12181724,0
0.51328456,0.48671538,1
0.5118738,0.48812625,1
0.5753548,0.42464513,0
0.5685679,0.43143216,0
0.68300086,0.31699908,1
0.54666704,0.45333302,1
0.64481527,0.3551848,1
0.7506638,0.24933617,0
0.38500008,0.6149999,1
0.4522818,0.54771817,1
0.43881983,0.5611802,1
0.27954155,0.7204585,1
0.65757257,0.3424274,0
0.7039848,0.29601523,1
0.7058087,0.29419124,1
0.85652745,0.14347255,0
0.6424913,0.35750866,1
0.4390199,0.5609801,1
0.5358491,0.46415094,0
0.60838085,0.39161918,0
0.7234644,0.27653548,0
0.82559115,0.17440882,0
0.7853993,0.21460067,0
0.69231826,0.30768174,1
0.2523576,0.74764246,1
0.50518584,0.49481422,0
0.5505006,0.44949943,0
0.5735598,0.42644015,0
0.71475357,0.2852465,0
0.7825448,0.21745515,0
0.7031376,0.29686236,0
0.7289899,0.27101013,0
0.64782006,0.35217986,0
0.6970786,0.30292144,0
0.8442435,0.1557565,0
0.03633602,0.96366394,1
0.5726479,0.42735216,0
0.76436585,0.23563412,0
0.78107196,0.21892811,0
0.71706295,0.2829371,0
0.5967304,0.40326956,0
0.8121145,0.18788555,0
0.732629,0.26737103,0
0.6031226,0.39687738,0
0.7815775,0.21842249,0
0.7771354,0.22286469,0
0.7602229,0.23977707,0
0.85320723,0.14679278,0
0.7869547,0.21304534,0
0.84970665,0.1502934,0
0.84182096,0.15817899,0
0.7531548,0.24684517,0
0.6559717,0.34402826,1
0.69601256,0.30398738,0
0.7209578,0.27904218,0
0.6022563,0.39774373,1
0.8005763,0.19942364,0
0.8576437,0.14235626,0
0.89989513,0.10010491,0
0.5623643,0.43763572,1
0.5588736,0.4411264,1
0.5820858,0.41791427,0
0.5734991,0.4265009,1
0.5838125,0.4161875,1
0.57976437,0.42023566,1
0.5833012,0.41669878,0
0.7978294,0.20217058,0
0.5796724,0.4203276,1
0.5869269,0.4130731,1
0.6144698,0.38553017,1
0.62633175,0.37366822,1
0.61839586,0.38160416,1
0.6305303,0.36946964,1
0.5884777,0.4115223,1
0.60397875,0.39602128,1
0.6580496,0.34195048,1
0.8329211,0.16707891,0
0.6037022,0.3962978,1
0.6091306,0.3908694,1
0.60658103,0.393419,1
0.6339615,0.36603853,1
0.59795594,0.40204406,1
0.5944072,0.4055928,1
0.6159382,0.38406184,1
0.60103965,0.3989604,1
0.6299469,0.37005314,1
0.6262402,0.37375978,1
0.6269798,0.37302008,0
0.6407392,0.35926074,0
0.7048753,0.29512468,0
0.7198843,0.28011572,0
0.7314286,0.26857138,0
0.75167626,0.24832372,0
0.77072656,0.22927342,0
0.79911363,0.20088643,0
0.8195472,0.18045278,0
0.37389663,0.62610334,1
0.035109323,0.96489066,1
0.56310135,0.43689865,1
0.59311455,0.4068854,1
0.63546365,0.36453637,0
0.036124516,0.9638755,1
0.6915776,0.3084224,0
0.71640086,0.28359908,0
0.79094386,0.20905621,0
0.8297555,0.1702445,0
0.03493011,0.96506983,1
0.091674164,0.90832585,1
0.72984374,0.2701563,0
0.4022732,0.5977268,0
0.700851,0.29914895,0
0.69722646,0.30277354,0
0.71835405,0.28164598,0
0.74925536,0.2507447,0
0.7034065,0.29659352,0
0.5091027,0.49089733,0
0.5300744,0.46992564,0
0.8902659,0.109734036,0
0.84432495,0.1556751,0
0.60891205,0.39108795,0
0.5982914,0.40170854,0
0.4995088,0.5004912,1
0.49978212,0.5002179,1
0.51199937,0.4880007,1
0.49436364,0.50563633,1
0.51786035,0.48213962,1
0.5623639,0.43763614,1
0.5558309,0.44416907,0
0.70927787,0.2907221,0
0.7354176,0.26458237,0
0.8158012,0.18419884,0
0.68220323,0.31779686,0
0.6267388,0.37326124,0
0.64991844,0.35008153,0
0.6279341,0.3720659,0
0.30129072,0.6987093,1
0.68007404,0.31992596,0
0.72685146,0.2731485,0
0.6720666,0.32793334,0
0.64972144,0.35027862,0
0.7300325,0.26996744,0
0.64215386,0.35784614,0
0.30956098,0.69043905,1
0.249856,0.75014395,1
0.4296257,0.57037425,1
0.10869191,0.891308,1
0.12729996,0.8727,1
0.032639045,0.967361,1
0.020803528,0.9791965,1
0.5218457,0.4781543,0
0.67383623,0.3261638,0
0.0522307,0.9477692,1
0.11265547,0.8873445,1
0.25499406,0.7450059,0
0.2638819,0.73611814,0
0.37113652,0.62886345,1
0.25745523,0.7425448,1
0.056253064,0.9437469,1
0.71972424,0.28027573,0
0.6805667,0.31943324,0
0.77636576,0.22363421,0
0.8022644,0.19773562,0
0.49706563,0.50293434,0
0.33834618,0.66165376,0
0.70282346,0.29717648,0
0.7370837,0.26291627,0
0.7145922,0.28540784,0
0.29979822,0.7002018,1
0.62817836,0.3718216,0
0.6982714,0.3017286,0
0.41105708,0.5889429,1
0.7485515,0.25144854,0
0.8073627,0.19263735,0
0.79774296,0.202257,0
0.73071957,0.2692804,0
0.70876247,0.2912375,0
0.7031463,0.29685372,0
0.72240794,0.2775921,0
0.8368339,0.16316609,1
0.76504374,0.23495626,0
0.8912568,0.10874315,0
0.72476804,0.27523196,0
0.7627081,0.23729184,0
0.75633705,0.24366301,1
0.64191663,0.35808337,0
0.69256,0.30743998,1
0.5915774,0.40842262,1
0.5890511,0.4109489,1
0.586231,0.41376895,1
0.6642351,0.3357649,0
0.6758934,0.32410654,0
0.5356406,0.4643594,1
0.65707463,0.34292528,1
0.65045846,0.34954157,0
0.85872424,0.14127578,0
0.6581837,0.34181628,0
0.6255511,0.37444887,0
0.6026847,0.39731532,0
0.70141315,0.2985869,0
0.68175775,0.3182422,0
0.6212967,0.3787033,0
0.61051446,0.38948554,0
0.60851926,0.3914807,0
0.6867986,0.3132014,0
0.6709013,0.32909873,0
0.7906374,0.20936263,1
0.6949437,0.30505627,1
0.74499196,0.255008,0
0.640754,0.35924605,0
0.682453,0.31754702,0
0.6528135,0.34718654,0
0.65359133,0.34640872,0
0.64348876,0.35651132,1
0.74671304,0.25328696,0
0.73805237,0.26194763,1
0.7030421,0.29695797,0
0.66364014,0.3363598,1
0.61841357,0.3815864,1
0.7325356,0.26746434,1
0.7822924,0.2177075,0
0.7291434,0.27085662,1
0.68287575,0.31712428,1
0.68007046,0.31992948,1
0.67428076,0.32571933,1
0.7469874,0.25301263,0
0.76904565,0.23095429,0
0.8564835,0.14351644,0
0.8923745,0.107625514,0
0.8554053,0.14459474,0
0.6853194,0.31468055,1
0.7491602,0.25083983,1
0.70363957,0.2963604,1
0.6475993,0.35240072,1
0.7631655,0.23683453,1
0.8213952,0.17860475,1
0.7763434,0.22365661,1
0.88750446,0.11249548,0
0.875104,0.12489602,0
0.71792537,0.28207466,0
0.3702796,0.62972045,1
0.0791792,0.9208208,1
0.30172366,0.6982764,1
0.6831088,0.31689125,1
0.5958162,0.40418383,0
0.8496575,0.15034251,0
0.8638063,0.13619372,0
0.778306,0.22169395,0
0.8448899,0.1551102,0
0.7748234,0.2251766,0
0.8579649,0.14203516,0
0.8731986,0.1268014,0
0.67028904,0.3297109,0
0.65263575,0.34736425,0
0.72892594,0.2710741,0
0.8206617,0.17933825,0
0.91933465,0.08066532,0
0.5523406,0.44765934,0
0.61733013,0.38266984,0
0.55653673,0.4434633,1
0.6447233,0.35527667,1
0.4948984,0.50510156,1
0.83480227,0.16519774,1
0.79838675,0.20161322,0
0.5407968,0.45920315,1
0.6087324,0.39126757,1
0.65096676,0.34903315,1
0.5242122,0.47578788,1
0.72001207,0.27998793,0
0.6848871,0.31511292,0
0.89390457,0.10609542,0
0.7421511,0.25784886,0
0.72054493,0.27945507,0
0.5577939,0.4422061,0
0.27645072,0.72354925,1
0.19092391,0.809076,1
0.23991258,0.7600875,1
0.636828,0.363172,0
0.6096333,0.3903667,0
0.43081594,0.56918406,1
0.8170058,0.18299416,0
0.48127732,0.5187227,0
0.46922168,0.5307783,0
0.44640073,0.5535993,0
0.7199113,0.2800887,0
0.366166,0.633834,1
0.6540042,0.34599578,0
0.78759855,0.21240152,0
0.3143133,0.68568677,1
0.77679336,0.22320662,0
0.7910094,0.20899059,0
0.80187005,0.19812998,0
0.34202933,0.6579707,1
0.84253246,0.15746748,0
0.8366962,0.16330385,0
0.83746874,0.1625312,0
0.7079364,0.29206365,0
0.78362846,0.21637155,0
0.8483592,0.1516408,0
0.86561704,0.13438298,0
0.7714498,0.22855015,0
0.67553836,0.32446164,0
0.71052116,0.2894789,0
0.73924464,0.26075542,0
0.661194,0.338806,0
0.7248222,0.2751778,0
0.6987162,0.30128378,1
0.8773765,0.122623526,0
0.9046637,0.09533637,0
0.55993056,0.4400694,1
0.56445014,0.43554986,1
0.575594,0.42440602,1
0.508123,0.49187708,1
0.9103674,0.089632526,0
0.35975817,0.64024186,1
0.38908112,0.6109189,1
0.4072338,0.5927662,1
0.52458656,0.47541347,1
0.5678264,0.43217364,1
0.60244095,0.39755902,1
0.67983365,0.32016638,0
0.89661086,0.1033891,0
0.7139406,0.28605935,0
0.5150348,0.48496518,1
0.4782138,0.52178615,1
0.2174464,0.78255355,1
0.21464223,0.7853578,1
0.6154425,0.38455752,0
0.8208041,0.17919588,0
0.64500433,0.3549956,0
0.5435942,0.45640585,0
0.37109914,0.6289009,0
0.18397248,0.8160275,1
0.2849992,0.7150008,1
0.45628655,0.54371345,0
0.5015178,0.4984822,0
0.29615563,0.70384437,1
0.7365938,0.26340616,0
0.6991518,0.3008482,0
0.70229316,0.2977069,0
0.33423537,0.66576463,1
0.33334994,0.66665006,1
0.4973275,0.50267243,0
0.67639774,0.32360226,0
0.34328237,0.65671766,1
0.24367021,0.7563298,1
0.20010486,0.79989517,1
0.22336774,0.7766322,1
0.28730986,0.7126901,1
0.81546843,0.18453157,0
0.70706826,0.29293168,0
0.7852118,0.21478821,0
0.63878447,0.36121562,0
0.31853506,0.6814649,1
0.30919006,0.69080997,1
0.604782,0.395218,0
0.6272101,0.37278992,0
0.67376274,0.3262373,1
0.51447433,0.48552573,1
0.8698492,0.13015084,0
0.21960829,0.7803917,1
0.5864931,0.41350693,1
0.87621003,0.12378996,0
0.8396311,0.1603689,0
0.43693793,0.5630621,1
0.42290744,0.5770925,1
0.40273175,0.5972682,1
0.7541977,0.24580222,0
0.60320395,0.39679608,1
0.39337724,0.6066228,1
0.31258616,0.6874138,1
0.68349755,0.3165024,0
0.909973,0.090027,0
0.68478936,0.31521064,0
0.5974856,0.40251443,0
0.64635247,0.35364753,0
0.66445684,0.33554322,0
0.58047074,0.41952926,1
0.62537885,0.37462112,0
0.51055586,0.48944423,1
0.51078326,0.48921672,0
0.83942497,0.16057505,0
0.9006041,0.09939583,0
0.46308768,0.53691226,1
0.34582758,0.6541725,1
0.26980385,0.73019606,1
0.19231367,0.8076864,1
0.32198426,0.6780157,1
0.37470827,0.6252917,1
0.5063775,0.49362254,1
0.24608731,0.7539126,1
0.4858266,0.5141734,1
0.32813194,0.6718681,1
0.35219136,0.64780855,1
0.590491,0.40950906,0
0.6174804,0.38251966,0
0.71741855,0.28258142,0
0.79867166,0.20132841,0
0.6444481,0.35555196,0
0.34080967,0.6591903,1
0.20390528,0.7960948,1
0.45988366,0.54011637,1
0.5434032,0.45659682,0
0.24401982,0.7559802,1
0.46229798,0.537702,0
0.6123172,0.3876828,0
0.6305724,0.3694276,0
0.83555436,0.16444565,0
0.38132173,0.6186783,0
0.28995404,0.710046,1
0.6351629,0.3648371,0
0.4083107,0.5916893,1
0.69024247,0.30975756,0
0.5793055,0.4206945,1
0.6804925,0.31950748,0
0.7606802,0.23931977,0
0.55792814,0.4420718,1
0.60416573,0.39583424,1
0.34607583,0.65392417,1
0.26402718,0.7359728,1
0.55748856,0.4425115,0
0.8124961,0.18750389,0
0.77639604,0.22360404,0
0.7525742,0.24742581,0
0.26901525,0.7309847,1
0.2759144,0.72408557,1
0.77499473,0.2250053,0
0.7758681,0.22413187,0
0.8500836,0.14991634,0
0.87125075,0.12874924,0
0.62175107,0.37824887,0
0.6468358,0.35316417,0
0.65921915,0.34078082,0
0.67480475,0.32519522,0
0.6651026,0.33489743,0
0.6740073,0.32599267,0
0.9204347,0.079565346,0
0.5597899,0.44021013,1
0.5460337,0.4539663,1
0.55051875,0.44948122,1
0.5419716,0.45802838,1
0.5445587,0.4554413,1
0.51988757,0.48011243,1
0.8837787,0.11622138,0
0.87662715,0.123372935,0
0.7684865,0.2315135,1
0.44663244,0.55336756,1
0.49542925,0.5045707,1
0.28906623,0.7109338,1
0.31264135,0.68735856,1
0.67014694,0.32985306,0
0.72874004,0.27125993,0
0.73176974,0.2682303,0
0.87138236,0.12861764,0
0.43241337,0.5675866,1
0.44199753,0.5580024,1
0.45148885,0.54851115,1
0.6814658,0.31853423,0
0.6781562,0.32184377,0
0.6785471,0.32145295,0
0.7960673,0.20393269,0
0.8749174,0.12508269,0
0.7366728,0.2633272,0
0.67672855,0.3232714,0
0.016642973,0.9833571,1
0.16524018,0.8347598,1
0.7382053,0.26179463,0
0.73479384,0.26520613,0
0.70768094,0.2923191,0
0.7812249,0.21877511,0
0.8081712,0.1918288,0
0.86807257,0.1319274,0
0.91305333,0.08694665,0
0.3547766,0.6452234,1
0.3927907,0.60720927,1
0.35143137,0.64856863,1
0.41665888,0.5833411,1
0.43151522,0.5684848,1
0.3507714,0.6492286,1
0.62509847,0.37490156,1
0.7680544,0.23194563,0
0.8097676,0.19023232,0
0.74683,0.25317007,0
0.7896922,0.21030776,0
0.88629645,0.113703564,0
0.90217245,0.09782756,0
0.89612305,0.10387692,0
0.6636843,0.3363157,1
0.27111334,0.72888666,1
0.59855586,0.40144423,1
0.68425024,0.31574982,0
0.7157654,0.2842346,0
0.81263316,0.18736687,0
0.5947828,0.40521717,0
0.6819081,0.31809193,0
0.6907387,0.30926138,0
0.6657017,0.33429837,0
0.69047654,0.3095234,0
0.6882273,0.31177267,0
0.8555825,0.14441754,0
0.9229344,0.077065624,0
0.86139446,0.13860554,1
0.53370684,0.46629316,1
0.51153696,0.48846304,1
0.5111522,0.48884782,1
0.5133406,0.4866595,1
0.5092053,0.49079466,1
0.5270782,0.47292176,1
0.52284783,0.47715214,1
0.53226936,0.46773064,1
0.50330687,0.4966932,1
0.5482899,0.45171008,1
0.51750004,0.48249996,1
0.56710136,0.43289864,1
0.5535844,0.44641557,0
0.57049876,0.42950127,0
0.5825741,0.41742593,0
0.58530664,0.41469342,0
0.608915,0.39108503,0
0.7244561,0.27554393,0
0.7944582,0.20554174,0
0.7519384,0.24806166,0
0.8953033,0.1046967,0
0.9089147,0.09108528,0
0.7425756,0.25742444,0
0.6259932,0.37400678,0
0.5965535,0.40344653,0
0.5124681,0.4875319,1
0.6149208,0.3850792,0
0.6250601,0.37493995,0
0.62600064,0.37399927,0
0.6775559,0.32244402,0
0.71372026,0.28627983,0
0.64657056,0.35342938,0
0.6554998,0.34450024,0
0.80723715,0.1927629,0
0.75289196,0.247108,1
0.6430031,0.3569969,1
0.41162312,0.5883769,1
0.49276894,0.5072311,1
0.44317624,0.5568237,1
0.4660192,0.5339808,1
0.76110137,0.2388987,0
0.71037996,0.28962,0
0.7898893,0.21011074,0
0.76805353,0.23194645,0
0.73867923,0.26132077,0
0.34567848,0.6543215,1
0.29000634,0.70999366,1
0.28262275,0.71737725,1
0.27351367,0.7264863,1
0.2898458,0.7101542,1
0.29741868,0.7025813,1
0.63603914,0.36396092,1
0.7285928,0.27140716,0
0.69825435,0.3017456,0
0.75803673,0.24196325,0
0.7297538,0.27024624,0
0.8180243,0.18197578,0
0.84466577,0.1553342,0
0.8967395,0.10326045,0
0.88259476,0.11740519,0
0.8513613,0.14863878,0
0.5176492,0.4823509,1
0.5388394,0.4611605,1
0.3872433,0.61275667,1
0.3857212,0.6142788,1
0.32408932,0.6759107,1
0.31935406,0.680646,1
0.36158925,0.6384107,1
0.49077487,0.50922513,1
0.59819466,0.4018053,1
0.678694,0.32130593,1
0.7256805,0.27431953,0
0.7028949,0.29710507,0
0.6282386,0.37176135,1
0.78136355,0.21863644,0
0.8435909,0.15640913,0
0.8621054,0.13789457,0
0.90265876,0.09734131,0
0.6973833,0.30261672,1
0.6113336,0.3886664,1
0.7249773,0.2750227,0
0.72517234,0.2748277,0
0.54817766,0.45182237,1
0.67916495,0.32083508,0
0.69788086,0.30211914,0
0.9202462,0.07975384,0
0.8748617,0.12513824,0
0.58582735,0.41417265,1
0.51939726,0.48060274,1
0.4875043,0.51249576,1
0.45915407,0.540846,1
0.4542071,0.54579294,1
0.45293528,0.5470647,1
0.82543606,0.17456396,0
0.49479318,0.5052068,1
0.40485278,0.5951472,1
0.38014057,0.61985946,1
0.41752335,0.5824766,1
0.27602544,0.7239746,1
0.71473396,0.28526604,0
0.7357877,0.2642123,0
0.73227537,0.2677247,0
0.61622655,0.38377345,1
0.46912897,0.530871,1
0.20022129,0.79977864,1
0.2388974,0.7611026,1
0.19961923,0.8003808,1
0.28006977,0.71993023,1
0.15105219,0.8489478,1
0.5964011,0.40359893,0
0.80877286,0.19122714,0
0.86210525,0.13789478,0
0.3603521,0.63964796,1
0.3752105,0.6247894,0
0.32594228,0.6740577,1
0.34881747,0.6511826,1
0.45308354,0.54691637,0
0.41524085,0.5847592,1
0.64727116,0.35272887,0
0.7400782,0.25992182,0
0.71180004,0.2882,0
0.39950526,0.60049474,1
0.3720167,0.62798333,1
0.3591777,0.6408223,1
0.5943406,0.40565938,1
0.63738674,0.36261326,1
0.63901275,0.36098725,1
0.67020035,0.32979968,0
0.6646742,0.33532578,0
0.89411706,0.10588294,0
0.4269872,0.5730129,1
0.30246246,0.69753754,1
0.25104442,0.74895555,1
0.29324472,0.7067552,1
0.34538865,0.65461135,1
0.49748605,0.50251395,0
0.7859596,0.21404046,0
0.66240907,0.33759096,0
0.64158803,0.35841197,0
0.6480482,0.35195178,0
0.6759721,0.32402793,0
0.89474446,0.105255544,0
0.89181423,0.10818578,0
0.880566,0.119433984,0
0.65831816,0.34168184,0
0.7188667,0.28113326,0
0.7282241,0.27177587,0
0.7280917,0.27190825,0
0.72646964,0.27353036,0
0.64402753,0.35597247,0
0.600757,0.39924297,1
0.65747875,0.34252134,0
0.9176946,0.082305335,0
0.51167697,0.48832303,1
0.5104506,0.48954946,1
0.4879702,0.51202977,1
0.50489676,0.4951033,1
0.29191983,0.7080802,1
0.31427455,0.68572545,1
0.5267629,0.473237,1
0.51286405,0.48713595,1
0.54406667,0.4559333,1
0.6241673,0.37583262,0
0.65258396,0.34741607,0
0.60977423,0.3902258,0
0.58094066,0.4190593,0
0.6003613,0.39963874,0
0.743753,0.25624698,0
0.6899426,0.31005737,0
0.84579265,0.15420736,0
0.5729217,0.42707834,1
0.5448329,0.45516708,1
0.67524046,0.3247596,0
0.65792304,0.34207696,0
0.6075744,0.39242557,1
0.6232973,0.3767027,1
0.85884315,0.14115681,0
0.85561484,0.14438511,0
0.755182,0.24481797,1
0.6846099,0.31539008,1
0.51504815,0.48495182,1
0.5894591,0.41054085,1
0.48886707,0.51113296,1
0.68230236,0.31769764,0
0.70500547,0.2949945,0
0.69646215,0.30353788,0
0.5887946,0.41120544,1
0.6356888,0.36431122,1
0.5093146,0.49068543,1
0.36101434,0.6389857,1
0.6235717,0.37642837,1
0.6063989,0.39360112,1
0.8758789,0.124121174,0
0.8260335,0.17396653,0
0.35340476,0.6465952,1
0.35254166,0.6474584,1
0.27858922,0.7214108,1
0.28728157,0.7127185,1
0.28925514,0.71074486,1
0.32272533,0.6772747,1
0.43717045,0.5628295,1
0.8091008,0.19089922,0
0.61104035,0.3889596,0
0.5920507,0.40794933,0
0.8072444,0.19275558,0
0.86666477,0.13333523,0
0.6763596,0.3236404,0
0.62451786,0.37548217,1
0.5978153,0.40218472,1
0.5955444,0.4044556,1
0.5718565,0.42814344,1
0.64910614,0.35089388,0
0.79762775,0.20237225,0
0.8495359,0.15046412,0
0.8818805,0.11811944,0
0.89008456,0.10991549,0
0.86888134,0.1311187,0
0.765804,0.23419593,0
0.53868014,0.46131992,0
0.4741531,0.52584696,1
0.4566461,0.543354,1
0.49806628,0.50193375,0
0.46993822,0.53006184,0
0.7806069,0.21939306,0
0.86965376,0.13034628,1
0.36381114,0.63618886,1
0.34874406,0.65125597,1
0.27312326,0.72687674,1
0.33744743,0.6625526,1
0.26830164,0.7316984,1
0.28580353,0.7141965,1
0.61303973,0.38696027,0
0.6468291,0.3531709,0
0.7800358,0.21996415,0
3.619473e-13,1.0,1
1.6964475e-05,0.9999831,1
0.0019833671,0.9980166,1
0.6133319,0.38666812,0
0.6773385,0.32266155,0
0.005502825,0.99449724,0
0.0059737856,0.9940262,0
2.6768305e-07,0.99999976,1
7.400182e-08,0.9999999,1
4.770805e-08,1.0,1
2.8801269e-08,1.0,1
5.381545e-08,1.0,1
6.805194e-08,0.9999999,1
0.047932003,0.952068,0
0.23715094,0.7628491,0
0.32776725,0.67223275,0
0.33097193,0.6690281,0
0.28690308,0.7130969,0
0.4940643,0.5059357,0
0.36165953,0.6383405,0
0.7911163,0.20888375,0
0.7822926,0.21770737,0
0.7635446,0.23645535,0
0.78533894,0.21466108,0
0.84472275,0.15527722,0
0.5254965,0.4745035,0
0.26358762,0.73641235,1
0.24968037,0.75031966,0
0.5688408,0.43115917,0
0.6527747,0.34722525,0
0.6330243,0.36697572,0
0.63503796,0.36496207,0
0.64736176,0.35263827,0
0.8099129,0.19008711,0
0.72205496,0.27794498,0
0.6830714,0.31692865,0
0.90095747,0.09904249,0
0.7646455,0.23535447,1
0.7184013,0.28159872,1
0.6850882,0.31491175,1
0.6693006,0.33069938,0
0.66543055,0.3345694,0
0.676331,0.32366905,0
0.72845733,0.27154267,0
0.8121897,0.18781027,0
0.80274516,0.19725484,0
0.87917787,0.120822094,0
0.9106214,0.08937858,0
0.54453504,0.45546493,0
0.54528356,0.4547165,0
0.5300586,0.46994132,0
0.56248105,0.43751898,1
0.5542609,0.44573912,1
0.5777807,0.42221925,1
0.58310616,0.4168938,1
0.55473375,0.44526622,1
0.53999525,0.46000472,1
0.55867416,0.44132584,1
0.52979535,0.47020462,1
0.5134486,0.4865514,1
0.7676357,0.23236422,1
0.8731453,0.12685469,0
0.8910686,0.108931385,0
0.6119131,0.38808694,1
0.58070725,0.41929278,0
0.5780733,0.4219267,0
0.5993073,0.4006927,0
0.5800227,0.4199774,1
0.52417356,0.4758264,1
0.019779613,0.9802203,1
0.455827,0.54417306,1
0.6686113,0.33138868,1
0.61840546,0.3815946,0
0.6982907,0.30170935,1
0.89713883,0.1028611,0
0.5074319,0.49256802,1
0.531403,0.46859697,1
0.53796107,0.46203887,1
0.5095483,0.49045172,1
0.31534657,0.68465346,1
0.073859796,0.92614025,1
0.10154825,0.8984518,1
0.07827465,0.9217254,1
0.2975535,0.7024465,0
0.63623196,0.363768,0
0.7286984,0.27130163,0
0.89303434,0.1069657,0
0.82480603,0.17519395,0
0.68929166,0.31070828,0
0.5447624,0.4552376,0
0.6068541,0.39314595,0
0.6289396,0.37106037,0
0.60526377,0.3947362,0
0.639626,0.36037397,0
0.7360547,0.26394534,0
0.7568655,0.24313448,0
0.7164553,0.28354472,0
0.7398827,0.26011732,0
0.79689425,0.20310572,0
0.8530334,0.1469666,0
0.85988086,0.1401192,0
0.7795951,0.22040494,0
0.6707874,0.32921267,0
0.6437066,0.3562934,1
0.62653244,0.37346756,1
0.6884899,0.31151012,1
0.69700897,0.30299103,1
0.722738,0.2772619,1
0.7173175,0.28268245,1
0.47167468,0.5283253,1
0.69425297,0.30574703,1
0.6819481,0.31805184,0
0.66176254,0.33823746,1
0.670221,0.32977903,0
0.83306986,0.1669301,0
0.28465852,0.7153415,1
0.14499366,0.85500634,1
0.05102533,0.9489747,1
0.32986966,0.67013043,0
0.6127655,0.3872345,0
0.7853415,0.21465845,0
0.81349355,0.18650644,0
0.65666234,0.34333763,0
0.8432949,0.15670507,0
0.8483617,0.15163834,0
0.69916403,0.30083597,1
0.54121107,0.458789,1
0.5701222,0.42987776,1
0.6241145,0.37588552,0
0.6904962,0.30950376,0
0.71466166,0.28533834,0
0.79145575,0.20854422,0
0.906959,0.093041025,0
0.90904456,0.09095538,0
0.89095455,0.109045394,0
0.6971265,0.30287352,0
0.60204405,0.39795595,0
0.49136165,0.5086384,1
0.5379167,0.46208334,0
0.5365807,0.46341935,0
0.5625504,0.4374496,0
0.5739498,0.42605016,0
0.4705539,0.5294461,0
0.8079994,0.19200066,0
0.88776445,0.112235524,0
0.8856586,0.11434136,0
0.86944556,0.13055447,0
0.62018293,0.37981707,0
0.6046067,0.39539334,0
0.6103667,0.3896333,0
0.61095923,0.38904086,0
0.6406864,0.35931358,0
0.6300738,0.36992624,0
0.7849334,0.21506666,0
0.8229216,0.17707841,0
0.8368712,0.16312875,0
0.6971523,0.3028477,1
0.644734,0.35526597,1
0.5837,0.41629997,0
0.6285185,0.37148142,0
0.6708035,0.32919657,0
0.6348858,0.36511424,1
0.59481025,0.40518975,0
0.5843927,0.41560724,0
0.6006138,0.39938623,1
0.73317546,0.26682454,0
0.70609874,0.29390132,0
0.75736386,0.24263617,1
0.7355607,0.26443934,1
0.37383464,0.62616533,1
0.2977265,0.7022734,1
0.32835746,0.67164254,1
0.7324224,0.26757756,0
0.73562855,0.26437142,0
0.6580366,0.34196338,0
0.735302,0.264698,0
0.8419225,0.15807751,0
0.5559976,0.44400248,0
0.55936676,0.44063324,0
0.5795828,0.42041722,0
0.61288863,0.3871114,0
0.63663167,0.36336833,0
0.61612856,0.38387147,0
0.66165084,0.33834913,1
0.6319739,0.36802602,1
0.79088014,0.20911981,0
0.80321217,0.19678788,0
0.84611386,0.15388611,0
0.848307,0.15169293,0
0.48111364,0.5188863,1
0.35448694,0.64551306,1
0.33512476,0.66487527,1
0.34849676,0.65150326,1
0.34909573,0.65090424,1
0.5816791,0.41832086,1
0.6146178,0.3853822,1
0.7087406,0.2912594,0
0.69247574,0.30752423,0
0.8314388,0.16856124,0
0.8744476,0.12555245,0
0.8965121,0.10348794,0
0.5826538,0.41734618,0
0.5544448,0.44555524,1
0.5953404,0.40465963,1
0.7997526,0.20024738,0
0.84827167,0.15172832,0
0.8240254,0.17597461,0
0.5955404,0.40445957,0
0.58673126,0.4132688,1
0.58547676,0.41452324,0
0.57680213,0.4231979,1
0.811915,0.18808506,0
0.7721578,0.22784226,0
0.8285937,0.17140627,0
0.58591187,0.41408816,1
0.5750159,0.42498413,1
0.5805917,0.4194083,1
0.54242676,0.45757326,1
0.66427785,0.33572212,0
0.6285774,0.37142256,1
0.70039135,0.29960865,1
0.63093567,0.36906433,1
0.82292366,0.17707632,0
0.8537129,0.14628705,0
0.80274224,0.19725777,0
0.78591806,0.21408194,1
0.5856356,0.4143644,0
0.7272329,0.27276713,1
0.69342417,0.30657586,0
0.77453864,0.22546138,0
0.8155107,0.18448928,0
0.83430374,0.16569628,0
0.81920254,0.18079749,0
0.73461276,0.26538718,1
0.6390559,0.36094412,0
0.5970506,0.40294933,0
0.6112778,0.3887222,0
0.61977714,0.3802229,0
0.7555231,0.24447697,1
0.6966595,0.3033405,0
0.7936908,0.2063092,0
0.8434143,0.15658566,0
0.7427225,0.25727746,1
0.6372811,0.3627189,0
0.60480624,0.3951938,0
0.5968143,0.40318573,1
0.58552015,0.41447982,1
0.6273262,0.37267378,0
0.7568136,0.2431864,0
0.7426941,0.2573059,1
0.7663833,0.23361672,0
0.80272716,0.19727282,0
0.8429024,0.15709758,0
0.857678,0.14232197,0
0.7573851,0.24261487,0
0.6559,0.34410003,1
0.6966081,0.30339184,0
0.6892584,0.3107416,1
0.66491103,0.33508897,1
0.794787,0.20521303,0
0.87348557,0.12651442,0
0.87963146,0.12036852,0
0.76982754,0.23017247,0
0.56375206,0.43624797,1
0.45101526,0.5489847,1
0.4634401,0.5365599,1
0.48011404,0.519886,1
0.5085086,0.49149147,1
0.50903517,0.49096492,1
0.8446645,0.1553355,0
0.84558916,0.15441087,0
0.57190853,0.42809144,0
0.44311213,0.55688787,1
0.26919582,0.73080415,1
0.120809875,0.87919015,1
0.1205808,0.87941915,1
0.593952,0.406048,0
0.6053299,0.39467013,0
0.62298834,0.37701163,0
0.7880586,0.21194139,0
0.7774885,0.22251146,0
0.595035,0.40496498,0
0.60416347,0.39583653,0
0.62620175,0.37379825,0
0.6498531,0.35014695,0
0.63820595,0.36179408,0
0.6414203,0.35857967,0
0.72454864,0.2754514,0
0.84411204,0.155888,0
0.824508,0.17549197,0
0.7853433,0.21465679,1
0.730548,0.26945207,1
0.69400746,0.3059926,1
0.7644733,0.23552664,0
0.7727506,0.22724943,0
0.7973344,0.20266566,0
0.7706772,0.22932279,0
0.7977057,0.20229422,0
0.7671748,0.23282519,1
0.9311587,0.06884128,0
0.9083952,0.09160482,0
0.763114,0.2368861,0
0.74030703,0.25969297,0
0.76149845,0.23850156,0
0.7804709,0.21952912,1
0.89434594,0.10565407,0
0.92261046,0.077389546,0
0.91445816,0.085541874,0
0.87981886,0.1201812,0
0.8501872,0.14981289,0
0.7070293,0.29297075,1
0.6671965,0.33280358,1
0.6363952,0.3636048,1
0.6320603,0.3679397,1
0.8949053,0.105094716,0
0.8986477,0.10135229,0
0.89646167,0.10353827,0
0.8884057,0.1115943,0
0.7793187,0.22068134,0
0.7386727,0.26132724,0
0.7144455,0.28555453,0
0.7123552,0.2876448,0
0.6405284,0.35947168,1
0.6658738,0.33412614,0
0.69381773,0.30618227,1
0.94839567,0.05160431,0
0.9399048,0.060095213,0
0.5807167,0.41928318,0
0.54374176,0.45625818,1
0.54469633,0.4553037,1
0.572037,0.42796305,1
0.53545904,0.46454102,1
0.56030804,0.43969196,1
0.54660213,0.4533978,1
0.56184465,0.43815535,1
0.5883799,0.41162005,0
0.6378209,0.36217913,0
0.58265203,0.417348,0
0.6920299,0.30797005,0
0.7584079,0.24159206,0
0.632996,0.367004,0
0.644916,0.355084,0
0.6358923,0.3641077,0
0.7006273,0.2993727,0
0.7072937,0.29270628,0
0.9141553,0.08584468,0
0.6059538,0.39404622,0
0.6094782,0.39052185,0
0.7086579,0.29134205,0
0.8559873,0.14401269,0
0.7848223,0.21517777,0
0.74553955,0.25446042,0
0.9102783,0.08972163,0
0.90648466,0.09351538,0
0.88310564,0.11689435,0
0.8689687,0.13103127,0
0.69575554,0.30424437,0
0.6729345,0.3270655,1
0.6930192,0.3069808,0
0.6768072,0.32319278,0
0.70508516,0.29491487,0
0.8599127,0.14008737,0
0.59248567,0.40751424,1
0.61427844,0.38572153,1
0.61959785,0.38040206,1
0.63060284,0.36939716,1
0.64612097,0.35387897,1
0.64149165,0.35850832,1
0.6006376,0.39936242,0
0.5992071,0.40079296,1
0.6327059,0.3672941,0
0.672919,0.32708102,1
0.82653844,0.17346159,0
0.89281696,0.1071831,0
0.8946459,0.10535404,0
0.8565587,0.14344132,0
0.5094649,0.4905351,1
0.45548564,0.5445143,1
0.48077133,0.5192287,1
0.50830525,0.49169478,1
0.6400407,0.35995924,0
0.7410415,0.25895855,1
0.7420889,0.25791106,0
0.88028413,0.119715855,0
0.914936,0.08506397,0
0.8104828,0.18951721,0
0.7271996,0.2728004,0
0.5778291,0.42217088,0
0.5538662,0.44613376,0
0.557089,0.4429111,1
0.57170004,0.42829993,1
0.59099025,0.40900972,1
0.5460966,0.45390335,1
0.5137871,0.48621294,1
0.49911544,0.5008846,1
0.53201616,0.46798387,1
0.90178996,0.09821004,0
0.82918817,0.17081188,1
0.47940093,0.5205991,1
0.69306403,0.30693594,0
0.6683135,0.33168656,0
0.6968038,0.30319613,0
0.9194241,0.08057587,0
0.918986,0.081014,0
0.6849679,0.3150321,0
0.72953534,0.27046466,1
0.73673475,0.26326522,1
0.6408128,0.35918722,0
0.6663698,0.33363026,0
0.702877,0.297123,0
0.665088,0.334912,0
0.76918983,0.23081017,0
0.86846226,0.13153775,0
0.66468924,0.33531082,0
0.7516299,0.24837014,1
0.7634836,0.23651636,1
0.67293626,0.32706374,0
0.69148886,0.30851114,0
0.6155139,0.38448605,0
0.6555966,0.34440342,1
0.86341983,0.1365802,0
0.62293905,0.377061,0
0.6258081,0.37419188,1
0.62099123,0.37900874,1
0.64755744,0.35244256,1
0.6515035,0.3484965,1
0.6419536,0.35804635,1
0.8577266,0.14227341,0
0.8039557,0.19604433,0
0.5589329,0.44106707,1
0.5103372,0.4896628,1
0.633047,0.366953,1
0.66774255,0.3322574,1
0.6993407,0.30065924,1
0.65023977,0.34976023,1
0.7722489,0.22775103,0
0.84528166,0.15471834,0
0.8702448,0.12975518,0
0.7026573,0.29734272,1
0.52032363,0.4796763,1
0.6272724,0.3727276,0
0.635625,0.36437503,0
0.6523982,0.3476018,1
0.89484125,0.105158694,0
0.90119064,0.0988093,0
0.51817775,0.48182216,1
0.5008241,0.49917588,1
0.49320832,0.50679165,1
0.48685178,0.5131482,1
0.4692015,0.5307985,1
0.8115304,0.1884696,0
0.5339434,0.46605662,0
0.55927145,0.44072846,0
0.5401845,0.45981547,0
0.5684079,0.43159208,0
0.503477,0.49652308,1
0.49133945,0.5086605,1
0.4911389,0.5088611,1
0.5950156,0.40498444,0
0.5840407,0.41595936,1
0.5260325,0.47396746,1
0.6001143,0.39988574,0
0.60569453,0.3943055,0
0.5807461,0.41925383,0
0.59730476,0.4026952,1
0.8217546,0.17824538,0
0.8142957,0.18570428,0
0.7589128,0.24108712,1
0.6495216,0.35047832,0
0.57937986,0.4206201,1
0.47041172,0.5295883,1
0.5975447,0.40245533,0
0.5879869,0.41201308,0
0.5803595,0.41964042,0
0.7512052,0.24879475,1
0.76898307,0.23101692,0
0.85185915,0.14814089,0
0.8593002,0.14069976,0
0.6607284,0.3392716,1
0.5928227,0.40717736,1
0.5978996,0.40210035,0
0.5331952,0.4668048,1
0.5109356,0.4890644,0
0.57801276,0.42198724,0
0.57795155,0.4220485,0
0.87072253,0.12927748,0
0.8805817,0.11941833,0
0.5599974,0.4400026,0
0.5998112,0.40018883,1
0.48553386,0.51446605,1
0.7895767,0.21042332,1
0.83532465,0.16467538,0
0.4937365,0.5062635,1
0.5922492,0.40775084,1
0.40047088,0.59952915,1
0.34861115,0.6513889,1
0.61866796,0.381332,0
0.88261,0.117390044,0
0.8509341,0.14906587,0
0.8289081,0.17109185,0
0.5022483,0.49775177,0
0.5369203,0.4630797,0
0.52540815,0.47459185,0
0.52980906,0.4701909,0
0.49585733,0.5041427,0
0.433647,0.56635296,0
0.5229512,0.47704878,0
0.8341815,0.16581857,0
0.8434049,0.15659507,0
0.56510186,0.43489817,0
0.6311907,0.36880925,1
0.5966883,0.40331176,1
0.7148867,0.28511333,1
0.61094004,0.38906,1
0.6244734,0.3755266,1
0.55029416,0.4497058,1
0.5537645,0.44623548,1
0.5497722,0.45022774,1
0.54183483,0.45816514,1
0.5549686,0.4450314,1
0.58397895,0.416021,0
0.61961305,0.38038698,0
0.6267525,0.37324747,0
0.7454309,0.25456908,0
0.85480076,0.14519924,0
0.5997881,0.40021187,0
0.58945554,0.41054446,0
0.57095146,0.4290486,0
0.54707015,0.45292982,0
0.563934,0.43606594,1
0.61115474,0.38884524,0
0.57319736,0.42680266,0
0.6038112,0.39618886,0
0.775013,0.22498694,0
0.7990474,0.20095265,0
0.83154404,0.16845599,0
0.5816452,0.4183548,0
0.5728738,0.4271263,1
0.57097155,0.42902845,1
0.5764533,0.42354658,1
0.51711756,0.4828824,1
0.5556103,0.44438973,1
0.58037525,0.41962475,1
0.64320946,0.3567905,0
0.80748576,0.1925142,0
0.7874592,0.21254082,0
0.515416,0.48458403,0
0.58901864,0.41098133,0
0.573005,0.42699504,0
0.7065154,0.29348466,0
0.69463915,0.30536082,0
0.64891267,0.3510874,0
0.8344809,0.1655191,0
0.7349818,0.26501822,1
0.4557682,0.5442318,1
0.51247346,0.48752654,1
0.2637132,0.73628676,1
0.5594572,0.44054288,1
0.6553457,0.3446543,0
0.69420624,0.30579376,0
0.8805363,0.11946368,0
0.8793872,0.12061281,0
0.8622726,0.13772735,0
0.51016974,0.48983023,0
0.4989494,0.50105053,0
0.5071146,0.49288547,0
0.5378258,0.46217412,0
0.5162507,0.48374927,0
0.5569756,0.44302446,0
0.5009763,0.49902368,1
0.8717243,0.12827568,0
0.7493001,0.2506999,0
0.5595271,0.4404729,1
0.54837954,0.45162052,1
0.54207474,0.45792526,1
0.54630804,0.45369196,1
0.5721867,0.4278133,1
0.5764851,0.4235148,1
0.57368517,0.42631483,1
0.55581117,0.44418883,1
0.5555704,0.44442952,1
0.57034814,0.42965186,1
0.57755274,0.42244723,1
0.5700729,0.42992714,1
0.55312407,0.4468759,1
0.5916445,0.40835547,1
0.8199088,0.1800912,0
0.870255,0.129745,0
0.6803343,0.31966564,1
0.5583862,0.4416138,0
0.57281977,0.42718026,0
0.5712097,0.4287903,0
0.5857525,0.41424754,0
0.6007467,0.3992533,0
0.59375924,0.4062408,0
0.60905266,0.39094737,0
0.57163525,0.42836478,1
0.7290402,0.27095973,0
0.8643344,0.13566566,0
0.8609053,0.13909474,0
0.7871761,0.21282387,0
0.57817936,0.42182067,1
0.5424114,0.4575886,1
0.50686115,0.4931388,1
0.10526985,0.89473015,1
0.53948087,0.4605191,1
0.096009515,0.9039905,1
0.62275785,0.37724212,0
0.5800564,0.4199436,0
0.7661676,0.23383237,0
0.8221194,0.17788057,0
0.857421,0.142579,0
0.61892205,0.38107798,0
0.6102407,0.38975924,0
0.588025,0.411975,0
0.5901904,0.4098095,0
0.6787533,0.32124665,0
0.5547787,0.44522125,1
0.540213,0.45978704,1
0.5686432,0.43135673,1
0.57505405,0.424946,1
0.53888553,0.4611145,1
0.6495824,0.35041764,1
0.6814473,0.31855267,1
0.77616954,0.22383049,0
0.7677033,0.23229672,0
0.8136973,0.18630274,0
0.5927693,0.4072307,1
0.41100487,0.58899516,1
0.41854414,0.5814559,1
0.42680055,0.57319945,1
0.4563784,0.54362166,1
0.5187276,0.48127234,0
0.527736,0.472264,0
0.5645466,0.4354534,0
0.5657667,0.43423328,1
0.60285705,0.3971429,1
0.8894566,0.110543355,0
0.88254964,0.117450394,0
0.5346798,0.4653202,0
0.49633765,0.5036624,1
0.5042141,0.49578583,1
0.51980615,0.48019382,1
0.4096938,0.59030616,0
0.74619406,0.2538059,0
0.8278961,0.17210384,0
0.5487803,0.45121965,0
0.22649865,0.77350134,1
0.5124905,0.48750952,1
0.6436652,0.35633478,0
0.7838062,0.21619385,0
0.8011145,0.19888547,0
0.7826367,0.21736327,0
0.6697827,0.33021727,1
0.40840518,0.5915948,1
0.5466041,0.45339596,0
0.5512385,0.44876155,0
0.4763684,0.5236316,0
0.66742116,0.33257878,0
0.65379006,0.34620997,0
0.6679806,0.33201942,0
0.81672674,0.18327326,0
0.42738706,0.57261294,1
0.5841961,0.415804,0
0.5001582,0.49984184,0
0.45451316,0.54548675,1
0.6111706,0.3888294,0
0.5301555,0.4698445,0
0.6876198,0.3123802,0
0.8676662,0.1323338,0
0.7687149,0.23128514,0
0.58506745,0.41493258,0
0.60290873,0.39709127,0
0.58990663,0.4100934,0
0.62146384,0.37853616,0
0.62204546,0.37795454,0
0.65224826,0.34775174,1
0.80951273,0.19048733,0
0.55227166,0.4477284,0
0.56090343,0.4390966,0
0.5591359,0.44086412,0
0.57564557,0.42435446,0
0.6124223,0.38757768,0
0.66249275,0.3375072,0
0.5823631,0.41763687,0
0.6845918,0.3154082,0
0.7084255,0.2915745,0
0.84610856,0.15389146,0
0.81554645,0.18445355,0
0.40798423,0.5920158,1
0.4486653,0.5513347,1
0.56136674,0.43863326,1
0.5804985,0.41950142,1
0.6235816,0.37641844,0
0.6951536,0.30484644,0
0.829715,0.17028494,0
0.6091301,0.3908699,0
0.5357813,0.46421868,0
0.50880307,0.49119693,0
0.5101548,0.48984522,0
0.50028896,0.49971107,0
0.5012901,0.49870992,1
0.4951163,0.50488377,1
0.4484564,0.55154353,1
0.43951473,0.56048536,0
0.4466943,0.5533057,0
0.44926512,0.5507348,1
0.75541455,0.24458551,1
0.5792092,0.42079082,1
0.5376899,0.46231008,1
0.5530137,0.44698635,1
0.5775435,0.4224565,0
0.69660294,0.30339712,1
0.809463,0.19053693,0
0.65402985,0.34597015,1
0.54031044,0.4596895,1
0.5430461,0.45695385,1
0.5655705,0.43442953,0
0.532838,0.467162,0
0.53465384,0.4653461,1
0.84214085,0.15785918,1
0.7207926,0.27920744,1
0.5318896,0.46811038,0
0.5210795,0.47892052,1
0.58539134,0.4146086,0
0.6815392,0.31846076,1
0.7335313,0.26646873,1
0.80675083,0.19324918,1
0.83967084,0.16032913,0
0.77227414,0.22772585,1
0.4543974,0.5456027,1
0.62378716,0.37621284,1
0.5796462,0.4203537,1
0.57649857,0.42350137,1
0.42372432,0.57627565,1
0.6280695,0.37193054,0
0.63442814,0.36557192,0
0.55939746,0.44060254,0
0.82767415,0.17232588,0
0.46672592,0.53327405,1
0.59216195,0.407838,0
0.58928984,0.41071013,0
0.57454807,0.42545193,0
0.5845621,0.41543788,0
0.64010805,0.35989192,0
0.6297164,0.37028357,0
0.6230278,0.37697223,1
0.7799174,0.22008255,0
0.81166476,0.18833525,0
0.43293643,0.56706357,1
0.44631168,0.55368835,1
0.5623757,0.43762425,1
0.58501124,0.41498873,1
0.8402039,0.15979612,0
0.8749767,0.12502332,0
0.819304,0.18069598,0
0.53549474,0.4645052,0
0.5324139,0.4675861,0
0.5417388,0.45826116,0
0.5418539,0.45814615,1
0.54004407,0.45995593,1
0.536052,0.46394807,1
0.48431578,0.5156842,0
0.7659437,0.23405622,0
0.8161328,0.18386719,0
0.6410872,0.35891286,0
0.5729837,0.42701632,0
0.57329726,0.4267028,0
0.6043928,0.39560717,0
0.60616136,0.39383867,0
0.60612315,0.39387685,1
0.72979623,0.27020377,1
0.5708201,0.42917985,0
0.5333825,0.46661747,0
0.5467133,0.45328674,0
0.5848388,0.4151612,1
0.5868272,0.4131728,0
0.56701654,0.43298346,1
0.70342255,0.29657748,1
0.59258515,0.40741485,1
0.60111314,0.39888692,0
0.5843407,0.4156593,0
0.56948537,0.43051466,1
0.5598938,0.4401062,1
0.52618504,0.47381502,1
0.5362159,0.4637841,1
0.54399174,0.45600823,1
0.57577217,0.42422786,1
0.5885922,0.41140783,0
0.5693689,0.43063107,1
0.75247085,0.24752913,1
0.75584465,0.24415536,0
0.8777368,0.12226321,0
0.57318497,0.426815,1
0.5585982,0.44140178,1
0.78093725,0.21906276,0
0.84034306,0.1596569,0
0.48673767,0.51326233,0
0.5466159,0.45338404,0
0.549296,0.450704,0
0.5677397,0.43226025,0
0.5948513,0.40514868,0
0.57192326,0.4280767,0
0.6363827,0.36361733,0
0.64438534,0.3556147,0
0.63448817,0.36551183,0
0.6569282,0.3430718,0
0.5983022,0.4016978,0
0.61962944,0.3803706,0
0.85859156,0.14140841,0
0.7915697,0.20843029,1
0.4591373,0.54086274,1
0.4755902,0.5244098,1
0.53562176,0.4643782,1
0.5689735,0.43102658,1
0.608169,0.39183095,0
0.6055836,0.39441648,0
0.63659805,0.36340192,0
0.613966,0.386034,0
0.627266,0.372734,1
0.693999,0.306001,0
0.76231045,0.23768958,0
0.5048709,0.49512908,1
0.5146933,0.48530668,1
0.5161132,0.4838868,1
0.5145061,0.48549396,1
0.44679216,0.5532078,1
0.5450897,0.45491028,1
0.5809795,0.41902047,0
0.5773566,0.42264345,0
0.58931154,0.41068852,0
0.580008,0.41999206,1
0.54366696,0.4563331,0
0.5826065,0.4173936,1
0.60331106,0.39668903,1
0.8092857,0.19071431,0
0.5951202,0.40487978,1
0.6449293,0.35507068,1
0.013994147,0.9860058,1
0.56801814,0.4319818,0
0.56682473,0.43317524,0
0.8053153,0.19468471,0
0.5895896,0.41041037,0
0.55686945,0.44313052,0
0.48712552,0.5128745,0
1.3359951e-08,1.0,1
1.823301e-08,1.0,1
0.59290725,0.40709272,0
0.489658,0.510342,0
0.7117531,0.28824687,0
0.73324287,0.26675716,0
0.80567026,0.19432975,0
0.77390647,0.22609355,0
0.5241454,0.47585452,0
0.57682776,0.42317227,0
0.52206576,0.4779343,0
0.5109654,0.48903456,0
0.5076809,0.49231914,0
0.50863445,0.4913655,0
0.6423579,0.35764208,0
0.42871723,0.5712828,1
0.5031217,0.4968783,0
0.54757476,0.45242527,0
0.6510365,0.34896353,0
0.6451475,0.35485253,0
0.76564187,0.23435815,0
0.80458444,0.19541551,0
0.49784234,0.5021577,1
0.48814464,0.5118554,1
0.50570035,0.49429965,1
0.5035489,0.49645108,1
0.511541,0.48845896,1
0.45954645,0.5404535,1
0.4418925,0.55810744,1
0.52881646,0.47118357,1
0.52830774,0.47169217,1
0.5632419,0.43675807,1
0.5825901,0.41740984,1
0.6724731,0.32752696,0
0.5543798,0.44562018,0
0.5821574,0.41784266,0
0.56950694,0.4304931,0
0.5700154,0.4299847,1
0.5054422,0.49455786,1
0.4498617,0.5501383,1
0.5732386,0.4267614,1
0.611724,0.388276,0
0.67218834,0.32781163,0
0.8092257,0.19077438,0
0.61302245,0.38697755,1
0.55175877,0.4482412,0
0.5186052,0.4813948,1
0.63058984,0.36941013,0
0.6328311,0.36716887,0
0.61732584,0.3826742,0
0.72172385,0.27827618,0
0.85037166,0.14962827,0
0.84942544,0.15057461,0
0.53576976,0.46423024,1
0.60833085,0.39166915,0
0.60200894,0.39799106,0
0.6021837,0.39781633,0
0.6881423,0.3118577,0
0.775248,0.22475207,0
0.83418584,0.1658141,0
0.8576345,0.14236549,0
0.7051528,0.2948472,0
0.55115503,0.44884497,0
0.58810824,0.41189173,1
0.56560546,0.4343945,1
0.55791277,0.4420872,1
0.5510007,0.44899923,1
0.5350748,0.46492526,1
0.6279368,0.37206322,0
0.57547706,0.4245229,0
0.5868162,0.41318384,0
0.5611106,0.43888935,1
0.5794082,0.42059177,0
0.6172358,0.38276428,0
0.67041075,0.3295892,0
0.66132367,0.3386763,0
0.64150786,0.35849217,1
0.8050509,0.1949491,0
0.84322095,0.15677913,0
0.5578811,0.44211897,1
0.6721442,0.32785586,0
0.67653805,0.32346192,1
0.6653255,0.33467442,1
0.6424076,0.35759237,1
0.64205134,0.3579487,1
0.6919094,0.3080907,1
0.70121,0.29878998,1
0.783881,0.21611895,0
0.8103459,0.18965419,0
0.8172289,0.18277112,0
0.8819803,0.11801973,0
0.9013049,0.09869506,0
0.90736574,0.0926343,0
0.8794407,0.12055924,0
0.51566684,0.48433313,1
0.51779205,0.48220798,1
0.5086685,0.49133152,1
0.5309652,0.46903476,0
0.55735534,0.4426446,0
0.5487304,0.45126966,0
0.558878,0.441122,0
0.4941502,0.50584984,1
0.5032049,0.4967951,1
0.77948755,0.22051248,0
0.8096155,0.19038458,0
0.853126,0.14687397,0
0.8640497,0.13595034,0
0.5836422,0.41635782,0
0.5355296,0.4644704,0
0.5843467,0.41565326,0
0.6015696,0.39843044,0
0.6195406,0.38045937,0
0.5710348,0.4289653,0
0.58117104,0.418829,0
0.60537916,0.39462087,0
0.69849706,0.30150294,1
0.67146695,0.328533,1
0.57141536,0.4285847,1
0.60845745,0.39154255,0
0.861047,0.1389529,0
0.7690671,0.2309329,1
0.60221004,0.39778998,1
0.60003424,0.3999658,1
0.57318914,0.4268108,1
0.4936418,0.50635815,1
0.4969015,0.5030985,1
0.609146,0.390854,0
0.7150442,0.2849558,0
0.78369236,0.21630758,0
0.85668755,0.1433125,0
0.5949618,0.4050382,1
0.62423325,0.37576675,0
0.5771899,0.42281005,1
0.33254555,0.6674544,0
0.41716135,0.58283865,1
0.581214,0.41878602,1
0.60564524,0.39435482,1
0.5754988,0.42450115,0
0.583249,0.41675103,0
0.6157251,0.38427493,0
0.56229645,0.43770358,0
0.8243377,0.1756623,0
0.6642103,0.3357897,0
0.5960667,0.40393335,1
0.57540137,0.42459863,1
0.54901254,0.45098746,1
0.571726,0.42827395,1
0.5613039,0.43869606,1
0.5822527,0.41774732,1
0.6368074,0.36319265,0
0.65503716,0.3449628,0
0.7031329,0.29686704,0
0.8502029,0.14979705,0
0.81510496,0.184895,0
0.78925294,0.21074702,0
0.7717336,0.2282664,0
0.72993165,0.2700684,0
0.6584107,0.3415893,0
0.45074418,0.54925585,1
0.41241145,0.58758855,1
0.40883365,0.5911664,1
0.39446157,0.6055385,1
0.41828665,0.5817134,1
0.4511473,0.54885274,1
0.4705873,0.5294127,1
0.58389753,0.4161025,1
0.56530833,0.43469164,1
0.6326058,0.36739418,0
0.655498,0.344502,0
0.8678721,0.13212787,0
0.8822197,0.11778027,0
0.8857762,0.114223816,0
0.8868974,0.113102645,0
0.51983374,0.4801663,1
0.5041315,0.49586847,1
0.51149684,0.48850313,1
0.50892717,0.49107286,1
0.5440351,0.45596492,1
0.49407488,0.5059251,1
0.7872826,0.21271735,1
0.8364901,0.16350986,0
0.8306067,0.16939332,0
0.81817377,0.18182625,0
0.53845364,0.46154633,1
0.60263944,0.39736053,1
0.5789386,0.4210614,1
0.56927365,0.43072635,1
0.5824831,0.41751695,1
0.5855784,0.4144216,1
0.582997,0.417003,1
0.5760659,0.42393407,1
0.60709673,0.39290327,0
0.61937547,0.3806245,0
0.6966146,0.3033854,0
0.82405263,0.17594732,0
0.57908416,0.42091584,1
0.65803695,0.34196296,1
0.54540443,0.45459563,1
0.58173764,0.41826233,1
0.59081835,0.40918162,1
0.63554555,0.36445436,1
0.6143532,0.38564688,0
0.5947917,0.40520826,0
0.7356878,0.26431224,1
0.84561354,0.15438649,0
0.74080163,0.25919837,1
0.6496235,0.3503765,0
0.51799065,0.4820093,1
0.51105183,0.48894817,1
0.5190381,0.48096192,1
0.5305735,0.46942648,1
0.5491695,0.4508305,1
0.5562166,0.44378346,1
0.6415525,0.35844746,0
0.64239824,0.35760176,0
0.8538429,0.1461571,0
0.81132466,0.18867533,0
0.7015714,0.29842857,1
0.58215183,0.4178482,0
0.61583203,0.3841679,0
0.56315494,0.43684506,1
0.6001576,0.39984238,1
0.62298465,0.37701535,0
0.60499036,0.39500967,0
0.6132813,0.38671866,0
0.76474595,0.23525402,0
0.8459345,0.15406545,0
0.8548689,0.14513113,0
0.7935016,0.2064984,0
0.62216294,0.3778371,1
0.57825965,0.42174035,1
0.5790065,0.42099348,1
0.6108989,0.3891011,1
0.6508306,0.3491694,0
0.60629255,0.3937074,0
0.62495476,0.37504518,0
0.80119455,0.1988054,0
0.7683643,0.23163575,0
0.5411272,0.45887277,0
0.48139712,0.5186028,1
0.60789615,0.3921038,1
0.55527705,0.4447229,1
0.5780291,0.4219709,1
0.54922175,0.45077822,0
0.6527105,0.3472895,0
0.8268762,0.17312382,0
0.8720676,0.12793246,0
0.75497437,0.24502556,0
0.5022336,0.49776638,0
0.50146896,0.49853104,0
0.50602335,0.49397662,0
0.56617844,0.43382156,1
0.5527166,0.44728333,1
0.5385704,0.46142963,1
0.5623897,0.43761036,1
0.53550094,0.46449915,1
0.5319785,0.46802148,0
0.7571168,0.2428832,0
0.8005995,0.19940044,0
0.81319827,0.18680167,0
0.7998934,0.20010668,0
0.6089108,0.39108917,0
0.5607564,0.4392436,0
0.47630692,0.52369314,1
0.47136447,0.52863556,1
0.43375212,0.5662479,1
0.47369343,0.5263065,1
0.24331726,0.75668275,1
0.5756788,0.4243211,1
0.66080797,0.3391921,0
0.7150059,0.28499413,0
0.7957478,0.20425214,0
0.6004281,0.3995719,0
0.56253225,0.43746775,0
0.5575848,0.4424152,0
0.56773233,0.43226767,0
0.5975651,0.4024349,0
0.6140134,0.3859866,0
0.6405176,0.35948244,0
0.6062422,0.39375776,0
0.5857887,0.41421133,0
0.84845495,0.15154509,0
0.84583217,0.1541678,0
0.65809757,0.34190238,1
0.62017274,0.3798272,1
0.625337,0.374663,1
0.60415024,0.39584976,1
0.5974474,0.40255266,1
0.6395051,0.36049497,0
0.6302853,0.36971468,0
0.6717918,0.32820815,0
0.6856835,0.31431645,0
0.5926455,0.40735447,0
0.6185512,0.3814488,0
0.6435544,0.3564456,0
0.86564845,0.13435152,0
0.8729213,0.1270787,0
0.6206071,0.37939292,0
0.60363066,0.39636937,1
0.6163042,0.38369578,0
0.86704504,0.13295498,0
0.6106324,0.38936755,1
0.6130082,0.38699177,1
0.66504014,0.33495986,1
0.58356863,0.41643134,0
0.6646077,0.33539227,0
0.88418657,0.11581344,0
0.7168334,0.2831666,1
0.6115164,0.38848358,1
0.66809744,0.33190253,1
0.5711076,0.42889243,1
0.56234515,0.43765488,1
0.5764479,0.42355207,1
0.6234226,0.37657732,0
0.90251327,0.097486794,0
0.51797104,0.48202896,1
0.5148396,0.48516035,1
0.5626134,0.43738663,0
0.5556598,0.44434023,1
0.52493906,0.47506097,1
0.52359384,0.47640613,1
0.5371718,0.46282825,1
0.5990941,0.40090594,1
0.84649706,0.15350296,0
0.86695534,0.13304465,0
0.86192256,0.13807747,0
0.8253404,0.17465955,0
0.36377725,0.63622284,1
0.34163988,0.6583602,1
0.52822334,0.4717766,1
0.544012,0.455988,1
0.66577953,0.33422047,1
0.6707849,0.32921505,0
0.6521265,0.34787354,0
0.5649491,0.43505093,0
0.4610127,0.53898734,1
0.5385206,0.46147943,1
0.5451588,0.45484123,1
0.6088995,0.39110062,0
0.4835076,0.51649237,1
0.7411472,0.25885275,0
0.739825,0.26017496,0
0.87515855,0.12484143,0
0.693649,0.30635098,1
0.65225136,0.34774864,0
0.6802282,0.3197718,0
0.6880408,0.31195918,0
0.70873016,0.2912699,0
0.65095526,0.3490447,1
0.52377135,0.47622868,1
0.74575067,0.25424924,0
0.79636204,0.20363791,0
0.7463314,0.25366867,1
0.788787,0.21121295,0
0.8554724,0.14452761,0
0.4992834,0.5007166,1
0.37531772,0.6246823,1
0.69754624,0.30245376,0
0.4933031,0.5066969,1
0.72009456,0.27990535,0
0.65062594,0.3493741,1
0.89421237,0.10578759,0
0.6180272,0.38197285,0
0.5299573,0.47004274,1
0.35231438,0.64768565,1
0.31423786,0.68576217,1
0.3001741,0.6998259,1
0.371859,0.628141,1
0.45577428,0.5442257,1
0.7956392,0.20436078,0
0.824439,0.17556107,0
0.62222683,0.37777317,1
0.529692,0.47030798,1
0.64044094,0.35955903,1
0.43202052,0.5679795,1
0.5859383,0.41406167,1
0.90280205,0.097198,0
0.78995115,0.21004882,0
0.7280244,0.27197558,1
0.691415,0.30858493,0
0.71484846,0.2851515,0
0.7310693,0.2689307,0
0.71810114,0.28189883,0
0.58893514,0.4110649,0
0.63318706,0.36681294,0
0.6752007,0.32479924,0
0.71552956,0.28447047,0
0.73703164,0.2629684,0
0.6992796,0.30072036,0
0.8722313,0.12776865,0
0.8370055,0.16299449,0
0.6841537,0.31584632,0
0.5468164,0.45318362,0
0.497183,0.50281703,0
0.48340508,0.5165949,1
0.48042256,0.5195774,1
0.4917213,0.5082787,1
0.5516554,0.44834462,1
0.5183186,0.48168135,1
0.45073318,0.5492668,1
0.7918333,0.20816673,1
0.8782335,0.12176654,0
0.66414267,0.3358574,1
0.5931786,0.40682143,1
0.61578566,0.3842143,1
0.6941501,0.3058499,0
0.6348051,0.36519492,0
0.6296762,0.37032387,0
0.70691663,0.2930833,0
0.8037744,0.19622554,0
0.6579743,0.34202567,0
0.70215386,0.29784614,0
0.64240175,0.35759825,0
0.5958457,0.40415433,0
0.34979758,0.6502024,1
0.3903038,0.6096962,1
0.1881233,0.8118767,1
0.5942264,0.40577358,0
0.5314977,0.46850225,1
0.6479388,0.3520612,1
0.53473866,0.46526134,1
0.80408853,0.19591144,0
0.8563973,0.14360274,0
0.81133467,0.18866538,0
0.65198666,0.3480133,0
0.6033316,0.3966684,0
0.5600843,0.43991572,0
0.5277928,0.47220722,1
0.5727561,0.42724392,0
0.5774387,0.42256132,0
0.6188195,0.38118052,0
0.5898796,0.41012037,0
0.6239013,0.3760987,1
0.8359647,0.16403529,0
0.59503096,0.40496904,1
0.5983368,0.40166315,0
0.6322754,0.3677246,1
0.68463165,0.31536832,0
0.59111696,0.4088831,1
0.45535406,0.54464597,1
0.7511352,0.24886481,0
0.7110153,0.28898472,0
0.67731047,0.32268953,0
0.326404,0.67359596,1
0.21825641,0.78174365,1
0.5677568,0.43224323,1
0.6761811,0.32381886,0
0.50904965,0.4909504,1
0.81247896,0.18752104,0
0.873271,0.12672906,0
0.7735912,0.2264088,0
0.6180442,0.38195583,0
0.6383626,0.36163744,0
0.6616262,0.33837378,0
0.6978735,0.30212656,0
0.6661849,0.33381516,0
0.5550909,0.44490913,0
0.63244456,0.36755544,0
0.6868737,0.31312633,0
0.86754346,0.13245654,0
0.8900996,0.10990041,0
0.57986766,0.42013234,0
0.5189104,0.48108956,0
0.5104892,0.4895108,0
0.53777546,0.46222454,0
0.5015696,0.49843037,1
0.5676009,0.43239903,1
0.5586782,0.44132176,0
0.7689001,0.23109983,0
0.7837006,0.2162994,0
0.91014254,0.08985749,0
0.8212232,0.17877673,0
0.55899435,0.44100565,1
0.5900848,0.40991512,1
0.535017,0.46498296,1
0.6132277,0.38677233,1
0.58827627,0.4117238,1
0.5932968,0.40670326,1
0.8265478,0.17345217,0
0.86329746,0.13670257,0
0.88336825,0.116631754,0
0.6438923,0.35610768,0
0.6231209,0.37687913,0
0.534148,0.46585196,0
0.5529109,0.44708908,0
0.5561701,0.44382986,0
0.59480315,0.40519676,1
0.59920955,0.40079048,1
0.5903382,0.40966183,1
0.5828274,0.41717267,0
0.59142375,0.40857622,0
0.5838061,0.41619387,1
0.59887224,0.40112776,1
0.5740449,0.42595512,1
0.5228542,0.47714582,1
0.52225894,0.47774103,1
0.52591413,0.47408587,1
0.52667385,0.47332618,1
0.5514744,0.4485256,1
0.5576291,0.44237083,1
0.5735343,0.42646566,1
0.4712016,0.52879846,1
0.80960476,0.19039527,0
0.58889866,0.41110137,0
0.5911516,0.40884843,0
0.5705821,0.42941788,0
0.5520079,0.44799203,0
0.5517614,0.44823864,0
0.57166886,0.4283311,0
0.5941296,0.4058704,0
0.5862279,0.41377208,0
0.6140925,0.38590744,0
0.65266025,0.34733975,0
0.8031617,0.19683827,0
0.84203833,0.15796168,0
0.7296728,0.2703272,1
0.5376275,0.46237245,1
0.5343769,0.46562314,0
0.55071604,0.44928396,0
0.5235962,0.47640386,0
0.49653205,0.503468,0
0.62299365,0.37700638,1
0.5616766,0.43832338,1
0.8326251,0.16737486,0
0.8555787,0.14442123,0
0.7549977,0.2450023,1
0.43155327,0.5684467,1
0.49770117,0.5022989,1
0.56105316,0.43894678,1
0.7184678,0.28153217,1
0.71379054,0.28620946,1
0.5804618,0.41953823,1
0.6954134,0.30458656,1
0.8850387,0.11496132,0
0.9009071,0.09909293,0
0.8444421,0.15555789,1
0.59883285,0.40116715,1
0.6441484,0.35585165,1
0.564269,0.43573093,1
0.5197432,0.4802568,1
0.5258958,0.47410426,1
0.49913672,0.5008633,1
0.4753348,0.52466524,1
0.471465,0.52853507,1
0.46173486,0.5382651,1
0.4849228,0.5150772,1
0.74487096,0.255129,1
0.87704766,0.12295239,0
0.86908364,0.13091643,0
0.84760743,0.15239255,0
0.7663294,0.23367059,0
0.5280337,0.47196636,1
0.5419748,0.45802516,1
0.57108563,0.42891437,1
0.60053706,0.39946294,1
0.65534073,0.34465924,1
0.5340552,0.46594477,1
0.49825677,0.50174326,1
0.6678205,0.33217943,0
0.62570816,0.37429178,0
0.6305767,0.36942327,1
0.715612,0.284388,0
0.77782375,0.22217628,0
0.57279634,0.4272036,0
0.58661324,0.41338676,0
0.65605205,0.343948,0
0.61578184,0.38421813,0
0.62288725,0.37711272,1
0.8280847,0.17191534,0
0.8476857,0.15231425,0
0.66616404,0.33383593,0
0.67127585,0.32872415,0
0.5782679,0.42173207,1
0.53563845,0.46436158,0
0.5695302,0.43046984,1
0.6065297,0.3934703,0
0.6215693,0.37843075,1
0.63370615,0.36629385,1
0.83398813,0.16601181,0
0.78439397,0.215606,0
0.60862726,0.39137274,0
0.5787382,0.42126185,1
0.59819865,0.40180135,1
0.6170283,0.3829717,1
0.6185457,0.38145435,1
0.6478383,0.35216174,0
0.631378,0.368622,0
0.8118225,0.18817754,0
0.8387494,0.16125064,0
0.7202593,0.27974066,0
0.5704635,0.42953658,0
0.5803497,0.41965035,0
0.57664543,0.4233545,0
0.5617619,0.43823808,0
0.5590222,0.44097784,0
0.54560834,0.45439172,0
0.5429809,0.4570191,0
0.6481646,0.35183543,0
0.51570684,0.4842932,0
0.496221,0.503779,0
0.7686972,0.23130286,1
0.87046,0.12953998,0
0.833115,0.16688499,0
0.809806,0.190194,0
0.60123706,0.39876294,1
0.6290163,0.37098375,1
0.6839571,0.31604293,0
0.69345343,0.30654657,0
0.6357941,0.36420587,0
0.43024665,0.5697533,1
0.5447592,0.45524076,1
0.6658648,0.33413517,0
0.7105793,0.28942072,0
0.5075052,0.49249482,1
0.49927127,0.5007287,1
0.5073933,0.49260667,1
0.5357149,0.46428514,1
0.55786663,0.44213337,1
0.53483355,0.46516645,1
0.54515964,0.45484036,1
0.82693964,0.17306031,0
0.751631,0.24836904,0
0.60784,0.39216006,0
0.6121281,0.38787192,0
0.6925253,0.30747467,0
0.68629444,0.31370556,0
0.65352196,0.34647807,0
0.72314256,0.2768574,0
0.68368006,0.3163199,0
0.7144195,0.28558046,0
0.71069604,0.28930396,0
0.6856097,0.31439033,0
0.7433028,0.25669718,0
0.6068511,0.39314893,1
0.67620105,0.32379892,0
0.68919134,0.31080863,0
0.7091572,0.29084283,0
0.6832472,0.3167528,0
0.74758875,0.25241128,0
0.78979367,0.21020629,0
0.8306806,0.1693194,0
0.68299335,0.31700665,0
0.71602756,0.28397238,0
0.7076061,0.2923939,1
0.67390364,0.3260964,0
0.6868992,0.31310079,0
0.6824218,0.3175782,0
0.6576598,0.3423402,0
0.61467934,0.3853207,0
0.6451079,0.3548921,1
0.6739948,0.32600516,1
0.7799521,0.22004785,1
0.8439361,0.15606391,0
0.8467921,0.15320785,0
0.7776354,0.22236462,1
0.61637765,0.38362238,1
0.6316064,0.36839357,0
0.6100441,0.38995594,0
0.6831482,0.3168518,0
0.7649046,0.23509535,0
0.6646522,0.33534768,0
0.63743573,0.36256436,0
0.81418246,0.18581761,0
0.79492325,0.20507675,1
0.64224446,0.35775548,1
0.58743167,0.4125683,1
0.61285985,0.38714015,0
0.70516056,0.2948395,1
0.7767355,0.22326458,1
0.782984,0.21701597,0
0.62559044,0.37440956,1
0.61535954,0.38464054,1
0.8084931,0.19150695,0
0.79307884,0.20692116,0
0.4429928,0.55700725,1
0.587282,0.41271797,0
0.57654935,0.42345065,0
0.5655279,0.43447208,1
0.5767052,0.4232948,1
0.57707316,0.4229268,1
0.5061259,0.493874,0
0.61415726,0.38584274,1
0.83898616,0.16101383,0
0.8819493,0.11805067,0
0.7230928,0.27690718,0
0.52376294,0.4762371,0
0.5167556,0.4832444,0
0.51003784,0.48996213,1
0.54401594,0.45598403,1
0.5380585,0.46194145,0
0.8086354,0.19136462,0
0.8158589,0.18414108,0
0.81400466,0.18599534,0
0.53325313,0.46674684,1
0.5861855,0.41381449,0
0.57534844,0.42465162,0
0.5874127,0.41258726,0
0.63090676,0.36909324,0
0.63708365,0.3629163,0
0.62844265,0.37155733,0
0.5958331,0.40416694,1
0.61975,0.38024992,0
0.66169983,0.3383002,0
0.68394643,0.31605357,0
0.7112999,0.2887001,0
0.6571601,0.34283993,1
0.62810534,0.37189463,1
0.70301074,0.2969893,1
0.7046936,0.29530638,1
0.77489233,0.22510763,0
0.6840587,0.31594127,1
0.59005076,0.40994915,1
0.58427083,0.4157292,1
0.58759826,0.41240174,0
0.5838523,0.41614774,1
0.59115905,0.40884095,1
0.62647873,0.37352124,0
0.6147709,0.38522908,1
0.6020053,0.39799467,1
0.6101817,0.38981834,1
0.72756,0.27244002,1
0.76807755,0.2319225,0
0.8263699,0.17363013,0
0.738223,0.26177707,0
0.58527315,0.41472682,0
0.589562,0.41043803,0
0.60878676,0.39121324,0
0.6005919,0.39940813,0
0.6188848,0.38111517,0
0.62785625,0.3721437,0
0.6474249,0.3525751,1
0.6529072,0.3470928,1
0.8347411,0.16525893,0
0.6798285,0.32017148,1
0.66212577,0.33787423,1
0.7125713,0.28742865,0
0.7330067,0.26699325,0
0.7457341,0.25426587,0
0.76942,0.23058,0
0.65506953,0.3449305,0
0.68904907,0.3109509,0
0.6320313,0.36796868,0
0.79438245,0.20561758,1
0.8254275,0.17457259,1
0.6580029,0.34199712,0
0.70549655,0.29450348,0
0.7064645,0.2935355,0
0.651622,0.34837803,0
0.63475335,0.36524668,0
0.672576,0.32742402,0
0.31700307,0.6829969,1
0.18164392,0.8183561,1
0.39094818,0.60905176,1
0.3291206,0.67087936,1
0.5140187,0.4859812,1
0.7749133,0.22508667,0
0.52976537,0.4702346,0
0.5668042,0.4331958,0
0.14619762,0.8538023,1
0.27381042,0.72618955,1
0.26795322,0.73204684,1
0.15315937,0.8468407,1
0.2648639,0.73513603,1
0.5976457,0.4023543,0
0.6557175,0.34428254,0
0.7654718,0.23452824,0
0.52451396,0.4754861,0
0.5699952,0.4300048,0
0.06433176,0.93566823,1
0.15277252,0.8472275,1
0.18262307,0.817377,1
0.34308937,0.6569106,1
0.64231515,0.35768488,0
0.571425,0.42857495,0
0.42553842,0.5744616,1
0.6751945,0.3248055,0
0.0012341447,0.9987658,1
0.6029616,0.39703843,0
0.7088338,0.2911662,0
0.7358304,0.26416954,0
0.69175285,0.30824715,0
0.67435056,0.32564944,0
0.66776514,0.33223486,0
0.74577546,0.25422454,0
0.11625996,0.88374,1
0.6078872,0.3921127,0
0.6401142,0.35988578,0
0.65145063,0.34854937,0
0.6386464,0.36135355,0
0.66761625,0.33238375,0
0.687314,0.312686,0
0.6138396,0.3861604,0
0.62232053,0.37767947,0
0.6756499,0.32435015,0
0.63285106,0.36714888,0
0.6433043,0.35669568,0
0.7053089,0.29469103,0
0.7075014,0.29249853,0
0.73610467,0.26389536,0
0.5144555,0.4855445,1
0.6866399,0.31336018,0
0.6910835,0.30891645,0
0.73215544,0.26784462,0
0.6753854,0.32461455,1
0.6793314,0.32066855,0
0.8262833,0.17371672,1
0.80253625,0.1974638,1
0.6430832,0.35691682,0
0.6399856,0.3600144,0
0.7817636,0.21823645,0
0.7065401,0.29345986,0
0.7657685,0.23423149,0
0.66719496,0.3328051,0
0.6759855,0.32401448,0
0.7651104,0.23488963,0
0.8505977,0.14940232,0
0.6445748,0.3554252,0
0.60702986,0.39297014,0
0.65860415,0.3413959,0
0.60360295,0.39639708,0
0.8105247,0.18947525,0
0.84015226,0.15984777,0
0.5968053,0.4031948,1
0.19608594,0.803914,1
0.6313024,0.36869752,0
0.5133031,0.48669684,0
0.27685073,0.72314924,1
0.836123,0.16387706,0
0.8806896,0.11931039,0
0.9077355,0.092264466,0
0.9019971,0.098002926,0
0.8798648,0.12013519,0
0.24839412,0.75160587,1
0.15318613,0.8468139,1
0.16695979,0.8330402,1
0.7665614,0.23343857,0
0.67202127,0.3279787,0
0.5709856,0.42901433,0
0.6032948,0.39670518,0
0.6143765,0.3856235,0
0.5622393,0.4377607,0
0.6302068,0.36979318,0
0.6557808,0.34421924,0
0.6060234,0.3939767,1
0.5187417,0.4812583,1
0.7942558,0.20574419,0
0.7816647,0.21833527,0
0.5937133,0.40628672,0
0.59498507,0.40501493,0
0.6148854,0.38511458,0
0.6217564,0.3782436,0
0.6406312,0.35936883,0
0.62536603,0.37463397,0
0.65991145,0.34008852,0
0.38759246,0.61240757,1
0.70926934,0.29073063,1
0.69363165,0.3063683,1
0.73585504,0.26414496,0
0.7135829,0.28641707,0
0.6680714,0.33192864,0
0.6163032,0.38369676,1
0.60816896,0.39183104,1
0.21823598,0.78176403,1
0.505485,0.494515,1
0.7769729,0.22302715,0
0.795062,0.204938,0
0.5710928,0.42890728,0
0.64192355,0.3580765,0
0.70478284,0.2952172,0
0.6160714,0.3839286,0
0.5925803,0.40741968,0
0.31389797,0.686102,1
0.1513419,0.84865814,1
0.7360492,0.26395085,0
0.66190404,0.33809596,0
0.74035364,0.25964636,0
0.7545632,0.2454368,0
0.039437816,0.9605622,1
0.5229878,0.47701222,0
0.5799206,0.42007944,0
0.7103803,0.28961965,0
0.72575,0.2742499,0
0.773291,0.22670902,0
0.71833855,0.2816615,0
0.8072269,0.19277313,0
0.48304138,0.5169587,0
0.45731914,0.5426808,0
0.5520172,0.4479828,0
0.6560726,0.34392738,0
0.4337051,0.5662949,0
0.073899254,0.9261008,1
0.3966142,0.6033858,1
0.5471602,0.45283982,1
0.76807415,0.23192582,0
0.8171736,0.18282644,0
0.83787096,0.16212907,0
0.8173167,0.18268326,0
0.51377094,0.48622906,0
0.51105785,0.48894212,0
0.5384765,0.4615234,0
0.5302101,0.46978995,0
0.0070942244,0.99290574,1
0.1585598,0.84144014,1
0.07804203,0.92195797,1
0.1518045,0.84819555,0
0.1832114,0.81678855,0
0.56612027,0.4338798,0
0.5892752,0.41072482,0
0.29601887,0.7039811,1
0.04670927,0.95329076,1
0.7140395,0.28596053,0
0.64450514,0.35549486,0
0.21416037,0.78583956,1
0.13301261,0.8669874,1
0.617455,0.38254493,0
0.12122407,0.87877595,1
0.72693366,0.27306634,0
0.7083951,0.29160494,0
0.72813404,0.27186596,0
0.7334693,0.26653072,0
0.004806305,0.99519366,1
0.039118707,0.9608813,1
0.08395394,0.9160461,1
0.14234854,0.8576514,1
0.16329388,0.8367061,1
0.6134372,0.38656282,0
0.20916025,0.79083973,1
0.124428205,0.8755718,1
0.5413009,0.45869908,0
0.60639685,0.39360312,0
0.6215914,0.37840864,0
0.57852125,0.42147875,0
0.1652834,0.8347166,0
0.7815456,0.21845436,0
0.58057326,0.4194267,0
0.68835634,0.31164366,0
0.13068843,0.8693116,1
0.30626965,0.69373035,0
0.32984623,0.67015374,0
0.79606384,0.20393613,0
0.7990767,0.20092326,0
0.54234564,0.45765433,0
0.072418064,0.92758197,1
0.4615685,0.53843147,0
0.519591,0.48040906,0
0.5621111,0.43788892,0
0.649383,0.35061693,0
0.61389595,0.38610402,0
0.6562265,0.34377342,0
0.68938637,0.31061357,0
0.51072925,0.4892708,0
0.7522879,0.24771208,0
0.81559205,0.18440798,0
0.81097645,0.18902357,0
0.44448444,0.5555155,1
0.06215077,0.93784916,1
0.6175511,0.38244894,1
0.5684654,0.43153462,1
0.8397817,0.16021825,0
0.7224852,0.2775148,0
0.52881247,0.4711875,0
0.53879017,0.4612098,0
0.537224,0.46277592,0
0.8038366,0.19616337,0
0.75858176,0.2414182,0
0.5772954,0.4227046,0
0.5826259,0.41737404,0
0.59532523,0.40467477,0
0.64243525,0.35756475,0
0.6555214,0.3444786,0
0.5842667,0.41573325,1
0.5709763,0.42902368,0
0.6314548,0.36854514,0
0.6456085,0.35439152,0
0.6960136,0.30398643,1
0.73378843,0.26621157,0
0.6239102,0.3760898,1
0.6675694,0.33243057,0
0.69817793,0.30182204,0
0.7246137,0.27538633,0
0.6365129,0.36348718,1
0.7442073,0.25579268,0
0.6219178,0.37808222,1
0.60740346,0.39259654,0
0.6307405,0.3692595,0
0.56336224,0.4366378,1
0.62232476,0.37767524,0
0.61137635,0.38862365,0
0.5830391,0.4169609,1
0.5755698,0.4244302,1
0.61465573,0.3853443,1
0.66600794,0.33399203,1
0.7329296,0.26707035,0
0.77007705,0.229923,0
0.8096361,0.19036391,0
0.7244541,0.27554587,0
0.65488577,0.34511423,0
0.6632523,0.3367477,0
0.63908887,0.36091113,1
0.6756744,0.32432568,0
0.6633574,0.33664262,1
0.7970807,0.20291926,0
0.6090577,0.39094225,0
0.59352094,0.4064791,0
0.62273526,0.37726465,0
0.65658516,0.34341487,0
0.64267236,0.35732767,0
0.66251576,0.33748427,0
0.7267998,0.2732002,0
0.70080924,0.29919082,1
0.67356825,0.3264318,1
0.74989396,0.25010598,1
0.84251803,0.157482,0
0.52971685,0.47028315,1
0.4898976,0.5101024,0
0.6045168,0.3954831,1
0.5843573,0.4156427,1
0.6070583,0.39294177,0
0.59808916,0.40191093,0
0.60680497,0.39319503,0
0.72388375,0.27611625,0
0.8746043,0.12539573,0
0.5108973,0.4891028,1
0.522354,0.477646,1
0.52586025,0.47413978,1
0.52412176,0.47587824,1
0.50686747,0.4931326,1
0.5109053,0.48909467,1
0.51378757,0.48621243,1
0.54906934,0.4509307,1
0.56365806,0.43634194,0
0.85004723,0.1499527,0
0.77449816,0.22550182,0
0.7305359,0.26946414,0
0.541412,0.45858803,0
0.5061367,0.4938633,1
0.3993533,0.60064673,1
0.3316518,0.6683482,1
0.63686323,0.36313677,0
0.59913087,0.40086913,0
0.6589913,0.3410088,0
0.7059862,0.29401377,0
0.73575735,0.26424265,0
0.6147949,0.3852051,0
0.62224257,0.37775746,0
0.5861942,0.41380578,1
0.61402214,0.38597786,1
0.6362597,0.36374027,1
0.5796578,0.42034215,1
0.72907025,0.2709297,0
0.70779026,0.2922097,1
0.5775579,0.4224421,1
0.61251503,0.38748494,0
0.65457153,0.3454285,0
0.6746479,0.3253521,0
0.6879054,0.3120946,0
0.725175,0.27482495,0
0.67106074,0.32893926,0
0.6124052,0.38759482,1
0.31234333,0.68765664,1
0.7345778,0.26542225,1
0.6166694,0.3833306,0
0.667661,0.332339,0
0.7724736,0.22752643,0
0.6159254,0.38407457,0
0.65605706,0.3439429,0
0.7152783,0.2847217,0
0.5106982,0.4893018,1
0.75985825,0.24014172,1
0.8046993,0.19530073,1
0.5705594,0.4294406,0
0.5852653,0.41473478,0
0.59904695,0.40095305,0
0.5784543,0.4215457,1
0.58979666,0.4102033,1
0.6228514,0.37714866,0
0.69260603,0.30739397,0
0.64888334,0.35111672,0
0.6844094,0.31559065,0
0.5976175,0.40238252,1
0.7753476,0.22465238,0
0.7376551,0.2623449,1
0.26451996,0.73548,1
0.2047945,0.79520553,1
0.25066888,0.7493311,1
0.11744055,0.8825595,1
0.015121713,0.98487824,1
0.09312668,0.9068733,1
0.6099766,0.3900234,0
0.39938962,0.60061044,0
0.61863637,0.38136363,0
0.8677018,0.13229813,0
0.8147948,0.18520522,0
0.5319688,0.4680313,0
0.5942202,0.40577975,0
0.5630177,0.4369823,0
0.4666607,0.5333393,1
0.1283128,0.87168723,1
0.19912139,0.80087864,1
0.22611833,0.7738817,1
0.38947237,0.6105277,1
0.6481163,0.3518837,0
0.7237608,0.27623925,0
0.57052654,0.42947343,0
0.49726585,0.50273407,1
0.8136074,0.18639256,0
0.8555575,0.1444425,0
0.9066069,0.09339312,0
0.84636503,0.15363497,0
0.1381847,0.86181533,1
0.59686184,0.40313813,0
0.61893547,0.38106456,0
0.6117573,0.38824275,0
0.40746185,0.5925381,1
0.51717204,0.482828,1
0.65387356,0.34612647,0
0.52570605,0.474294,1
0.5703895,0.42961055,1
0.56843406,0.43156585,0
0.62039053,0.3796095,0
0.63926995,0.36073008,0
0.09373814,0.90626186,1
0.14739746,0.85260254,1
0.5029998,0.4970002,0
0.47305253,0.52694744,0
0.00029589306,0.99970406,1
7.173914e-05,0.99992824,1
0.0021591925,0.99784076,1
0.6974427,0.30255726,0
0.09200247,0.90799755,1
0.1651491,0.8348509,0
0.53108555,0.46891448,0
0.5960679,0.40393212,0
0.6805858,0.31941417,0
0.6974759,0.30252418,0
0.71757054,0.2824294,0
0.06148272,0.9385173,1
0.14647463,0.8535254,1
0.2119145,0.78808546,1
0.26425552,0.7357445,1
0.5268123,0.47318777,0
0.5762911,0.42370895,0
0.37008986,0.6299102,0
0.02320903,0.976791,1
0.10999077,0.89000916,1
0.42810714,0.57189286,0
0.5148584,0.4851416,0
0.66943395,0.33056602,0
0.73759246,0.26240754,0
0.04684217,0.95315784,1
0.1386729,0.8613271,0
0.0681515,0.93184847,1
0.6677696,0.33223036,0
0.7200485,0.27995157,0
0.6779423,0.32205772,0
0.001261109,0.99873894,1
0.096603185,0.90339684,1
0.14898138,0.8510186,1
0.059641484,0.94035846,1
0.19113062,0.80886936,1
0.0065917075,0.9934083,1
0.15839589,0.8416041,0
0.14619072,0.8538093,0
0.7233193,0.27668074,0
0.8284988,0.1715013,0
0.8266818,0.17331818,0
0.5181096,0.4818904,0
0.5680274,0.4319726,0
0.5815383,0.41846165,0
0.5601472,0.4398528,0
0.5532575,0.44674248,0
0.5338773,0.46612263,0
0.6054402,0.3945597,0
0.6577535,0.3422465,0
0.6458047,0.35419527,0
0.1027317,0.8972683,1
0.41554937,0.5844507,1
0.61250865,0.38749135,0
0.67075807,0.32924193,0
0.53067523,0.46932486,1
0.5397967,0.46020332,1
0.5930117,0.40698832,0
0.5869089,0.41309115,1
0.21969588,0.78030413,1
0.1884798,0.8115202,1
0.00030805892,0.99969196,1
0.020339262,0.9796608,1
0.6327533,0.36724675,0
0.37462327,0.6253767,0
0.6468348,0.35316524,0
0.7129539,0.2870461,0
0.61872727,0.38127273,0
0.45067525,0.5493247,0
0.3657024,0.6342976,0
0.41701338,0.5829866,0
0.61191463,0.38808537,0
0.22912237,0.77087766,1
0.6601604,0.33983967,0
0.49528855,0.50471145,0
0.23198535,0.76801467,1
0.48154154,0.51845855,0
0.61579514,0.38420478,0
0.5423559,0.4576441,0
0.23745884,0.7625412,1
0.280205,0.71979505,1
0.49116558,0.50883436,0
0.5508136,0.44918644,0
0.6071509,0.3928491,0
0.23663406,0.763366,1
0.50238895,0.49761114,0
0.6389263,0.3610737,0
0.6393661,0.36063388,0
0.6325523,0.3674476,0
0.62181467,0.37818536,0
0.639209,0.36079106,0
0.5664174,0.43358257,1
0.6213262,0.37867388,0
0.6951775,0.30482256,0
0.7214137,0.27858633,0
0.75083035,0.2491696,0
0.6686695,0.33133048,1
0.07007928,0.9299207,1
0.00025327853,0.99974674,1
0.04010571,0.95989424,1
0.0059628836,0.99403715,1
0.012398455,0.9876016,0
0.13852891,0.86147106,0
0.4905808,0.50941914,0
0.51910746,0.4808925,0
0.7264683,0.27353168,0
0.20282483,0.79717517,0
0.01896539,0.9810346,1
0.0036603578,0.9963397,1
0.22670695,0.7732931,1
0.5996904,0.40030965,0
0.7034461,0.2965539,0
0.55402046,0.44597957,0
0.5432742,0.45672584,0
0.5709816,0.42901838,0
0.58236486,0.4176352,0
0.6084171,0.39158288,0
0.574596,0.42540407,0
0.5229022,0.4770978,1
0.30851567,0.69148433,1
0.33786672,0.66213334,1
0.58319485,0.4168052,0
0.55780655,0.44219342,0
0.56814945,0.43185052,0
0.5703058,0.42969415,0
0.57920223,0.42079774,0
0.5922311,0.40776893,0
0.11848271,0.88151735,1
0.6183735,0.3816265,0
0.67074215,0.32925785,0
0.4465221,0.5534779,1
0.20891753,0.79108244,1
0.04644952,0.9535505,1
0.35944328,0.64055675,0
0.20286763,0.7971324,1
0.010205798,0.9897942,1
0.5230791,0.4769209,0
0.101526774,0.89847326,1
0.598197,0.401803,0
0.19652176,0.8034782,0
0.54317206,0.45682788,0
0.36810157,0.63189846,0
0.5306583,0.46934173,0
0.54854715,0.45145288,0
0.17728476,0.82271516,1
0.5676484,0.43235165,0
0.53450656,0.46549344,0
0.029990248,0.9700097,1
0.1611055,0.83889455,1
0.33926156,0.6607384,0
0.36008227,0.6399177,0
0.022078011,0.97792196,1
0.10161282,0.8983872,1
0.64127076,0.35872918,0
0.12927037,0.87072957,1
0.111683324,0.8883167,0
0.12995422,0.8700458,0
0.11645072,0.88354933,1
0.71538234,0.28461772,0
0.13437195,0.8656281,1
0.22249125,0.77750874,1
0.48494118,0.5150588,0
0.1468591,0.85314095,1
0.20244753,0.79755247,1
0.5181935,0.48180658,0
0.79919255,0.20080747,0
0.6218088,0.3781911,0
0.5093934,0.49060667,0
0.532502,0.46749806,0
0.493465,0.50653493,0
0.54694355,0.45305645,1
0.6139625,0.38603753,0
0.57910657,0.42089346,1
0.6269702,0.37302986,0
0.68290585,0.31709415,0
0.76588565,0.2341143,0
0.6942158,0.30578414,0
0.44217405,0.557826,1
0.465601,0.534399,1
0.6036366,0.39636332,0
0.41721147,0.5827885,1
0.62933564,0.37066436,0
0.6192575,0.38074246,0
0.6661357,0.33386427,0
0.6791408,0.32085916,0
0.6760168,0.32398322,0
0.4984455,0.50155455,1
0.40488738,0.5951127,1
0.38941267,0.61058736,1
0.6488773,0.35112274,0
0.5638819,0.4361181,0
0.5699966,0.43000337,0
0.582541,0.41745898,0
0.6303662,0.36963388,0
0.2626304,0.73736954,1
0.16389342,0.8361066,1
0.44060472,0.5593953,1
0.52438766,0.4756124,1
0.64861584,0.35138422,0
0.4970111,0.5029889,1
0.036305442,0.9636945,1
0.39203912,0.6079609,1
0.39461076,0.6053892,1
0.39662936,0.6033706,1
0.019553212,0.9804468,1
0.1994518,0.80054826,1
0.37962824,0.62037176,1
0.5056662,0.49433377,0
0.5346579,0.4653421,0
0.61583745,0.38416258,0
0.5276093,0.47239065,0
0.24561493,0.75438505,1
0.018211855,0.98178816,1
0.030681247,0.9693188,1
0.55322313,0.4467768,0
0.30848524,0.6915148,0
0.75237304,0.24762696,0
0.08510532,0.9148947,0
0.41637373,0.5836263,0
0.39953923,0.60046077,0
0.5251006,0.47489944,0
0.53676915,0.46323085,0
0.20599277,0.7940072,1
0.28301138,0.7169886,1
0.3414047,0.6585953,1
0.5709207,0.42907923,0
0.77885747,0.22114249,0
0.76241076,0.23758923,0
0.4952586,0.50474143,0
0.39136824,0.60863173,1
0.49326998,0.5067301,0
0.2767614,0.7232385,1
0.5034103,0.4965898,0
0.262537,0.737463,1
0.03408893,0.96591103,1
0.30424908,0.69575095,1
0.368427,0.63157296,1
0.3591355,0.6408645,1
0.08678208,0.9132179,1
0.24605323,0.7539468,1
0.50344205,0.49655795,0
0.32993475,0.67006534,1
0.072507545,0.92749244,1
0.2656467,0.7343533,1
0.4415312,0.5584688,0
0.4578574,0.54214257,0
0.41747323,0.58252674,0
0.4045246,0.59547544,0
0.49403846,0.50596154,0
0.54629105,0.45370892,0
0.14746277,0.8525372,1
0.49095342,0.50904655,0
0.5474898,0.45251018,0
0.43769816,0.5623019,0
0.17103758,0.8289624,1
0.34089065,0.6591094,0
0.39138487,0.6086151,0
0.39240417,0.60759586,0
0.46367958,0.5363205,0
0.39823,0.60177004,0
0.52965444,0.4703456,0
0.46170235,0.53829765,0
0.5326029,0.46739712,0
0.3223526,0.6776475,1
0.33691397,0.6630861,1
0.3672119,0.63278806,1
0.43156248,0.5684375,1
0.42382574,0.5761742,1
0.51386493,0.48613504,0
0.5467396,0.45326036,0
0.25664756,0.7433524,1
0.2868024,0.7131975,1
0.5834058,0.4165942,0
0.5301286,0.4698713,0
0.18048559,0.81951433,1
0.49707547,0.5029245,0
0.5304079,0.46959215,0
0.49840662,0.50159335,0
0.2545355,0.74546444,1
0.53569394,0.46430606,0
0.77607405,0.22392587,0
0.70031625,0.2996837,0
0.22562635,0.77437365,1
0.21601516,0.78398484,1
0.21067819,0.7893218,1
0.052201338,0.94779867,1
0.18094657,0.8190535,1
0.2246891,0.7753109,1
0.18117084,0.8188291,1
0.42565987,0.5743401,0
0.5513265,0.4486735,0
0.59733576,0.40266424,0
0.6055074,0.39449263,0
0.56948125,0.43051875,0
0.8001305,0.19986947,0
0.5572739,0.44272602,0
0.4906731,0.5093269,0
0.31768954,0.6823104,1
0.3506561,0.6493439,1
0.5070578,0.49294224,0
0.52461886,0.4753812,0
0.53154206,0.46845785,0
0.39067176,0.60932827,1
0.6969496,0.30305043,0
0.6700035,0.32999647,0
0.6236043,0.37639567,0
0.44764477,0.55235523,1
0.4111373,0.58886266,1
0.3710433,0.6289567,1
0.22822829,0.7717718,1
0.09214358,0.90785646,1
0.17945662,0.8205434,1
0.5646784,0.43532157,0
0.49754918,0.5024508,0
0.39249837,0.60750157,0
0.39285567,0.60714436,0
0.4171711,0.58282894,1
0.4397691,0.5602309,1
0.4657674,0.53423256,1
0.5055259,0.49447405,0
0.46404117,0.5359588,0
0.70947176,0.29052824,0
0.6109253,0.3890747,0
0.40877557,0.59122443,1
0.49141735,0.5085826,0
0.50893164,0.49106833,0
0.27025533,0.7297447,1
0.3958491,0.6041509,1
0.52811176,0.47188824,0
0.5251131,0.47488686,1
0.48017004,0.5198299,1
0.52893794,0.471062,0
0.5541346,0.44586536,0
0.34375954,0.65624046,1
0.36313006,0.63686985,1
0.47062317,0.5293769,0
0.4343515,0.56564844,1
0.38190243,0.6180975,1
0.40085796,0.599142,1
0.5304503,0.46954972,0
0.57272714,0.42727286,0
0.42252445,0.5774755,1
0.30130178,0.6986982,1
0.4299318,0.57006824,1
0.30014223,0.6998577,1
0.5552486,0.44475135,0
0.5153358,0.48466417,0
0.47675544,0.52324456,0
0.52865565,0.47134438,0
0.6768971,0.32310286,0
0.75671107,0.24328901,0
0.7616403,0.23835973,0
0.13928925,0.8607108,1
0.2417893,0.75821066,1
0.25162542,0.7483746,1
0.21620825,0.7837917,1
0.36004704,0.63995296,0
0.4647564,0.53524363,0
0.4930326,0.5069673,0
0.16117041,0.8388296,1
0.19469418,0.8053058,1
0.16613057,0.8338694,1
0.14298038,0.8570196,1
0.2353067,0.76469326,1
0.40603384,0.5939662,1
0.3337013,0.6662986,1
0.38356394,0.61643606,0
0.5307595,0.46924055,0
0.57712144,0.42287853,0
0.65931517,0.3406848,0
0.4480122,0.55198777,0
0.44999358,0.5500064,0
0.43194756,0.5680524,0
0.29257312,0.7074269,1
0.2706198,0.72938025,1
0.30180028,0.6981997,1
0.0981481,0.9018519,1
0.25283867,0.7471613,1
0.04369696,0.95630306,1
0.33940303,0.66059697,1
0.41246802,0.587532,1
0.49141654,0.5085834,0
0.5055307,0.49446926,0
0.58975494,0.410245,0
0.32819584,0.6718042,1
0.3093001,0.6906999,1
0.32322338,0.67677665,1
0.3818126,0.61818737,0
0.19670504,0.8032949,1
0.17186755,0.82813245,1
0.041632276,0.9583677,1
0.06875266,0.93124735,1
0.092066914,0.90793306,1
0.13588576,0.86411417,0
0.23172817,0.7682718,0
0.31865302,0.681347,0
0.2838079,0.7161921,0
0.00197968,0.9980203,1
0.36068878,0.6393113,0
0.35017872,0.6498213,0
0.24172159,0.7582784,0
0.18589915,0.8141009,0
0.22911145,0.77088857,0
0.39148837,0.60851157,0
0.2041447,0.79585534,0
0.017667357,0.98233265,1
0.02777482,0.9722252,1
0.3594269,0.6405731,0
0.23598939,0.7640106,0
0.3334032,0.6665968,0
0.33876738,0.66123265,0
0.37128118,0.62871885,0
0.401016,0.598984,0
0.26427236,0.73572767,0
0.17890507,0.82109493,1
0.17017934,0.82982063,1
0.44243604,0.55756396,0
0.41424245,0.5857576,0
0.20841767,0.7915823,1
0.11588368,0.88411635,1
0.6950766,0.30492347,0
0.766518,0.23348202,0
0.52494913,0.47505096,0
0.04307103,0.95692897,1
0.05456993,0.94543004,1
0.15435186,0.84564817,1
0.34552264,0.65447736,0
0.52568436,0.47431558,0
0.06177873,0.9382212,1
0.07889032,0.9211096,1
0.15721379,0.84278613,1
0.1837385,0.8162615,1
0.69105643,0.30894363,0
0.71892136,0.28107864,0
0.27055937,0.7294406,1
0.17664436,0.8233557,1
0.23646583,0.7635342,1
0.19580787,0.80419207,1
0.066318356,0.93368167,1
0.15338515,0.84661484,1
0.3556619,0.6443381,0
0.5851018,0.4148982,0
0.67382455,0.32617548,0
0.29958194,0.700418,0
0.35367265,0.6463274,0
0.4435966,0.55640346,0
0.40024382,0.59975624,0
0.3473837,0.65261626,1
0.089903496,0.9100965,1
0.26233402,0.737666,1
0.41552672,0.58447325,1
0.43433985,0.5656602,1
0.3028682,0.6971318,1
0.6880358,0.31196418,0
0.6890025,0.31099758,0
0.18275797,0.81724197,1
0.26318842,0.7368115,1
0.37456694,0.6254331,1
0.43824145,0.5617586,0
0.30103946,0.6989605,1
0.29199865,0.7080013,1
0.33021155,0.6697884,1
0.4751519,0.52484816,0
0.3606521,0.6393479,1
0.38170162,0.6182984,1
0.43682137,0.5631786,0
0.43359885,0.5664011,1
0.19470598,0.80529404,1
0.4292391,0.5707609,1
0.4697896,0.53021044,0
0.43774447,0.5622555,0
0.35198876,0.64801127,1
0.59180844,0.40819147,0
0.6823842,0.31761584,0
0.34483245,0.6551675,1
0.16977389,0.8302261,1
0.20081191,0.79918814,1
0.029835207,0.9701647,1
0.5948768,0.40512317,0
0.7140883,0.28591168,0
0.753743,0.24625696,0
0.7432125,0.25678742,0
0.5008679,0.4991321,0
0.04110421,0.95889574,1
0.020560086,0.9794399,1
0.036525536,0.96347445,1
0.034309056,0.965691,1
0.14708394,0.85291606,0
0.5148686,0.48513138,0
0.510173,0.48982698,0
0.5030011,0.49699888,0
0.09256041,0.90743953,0
0.10266159,0.8973384,0
0.19970162,0.80029833,0
0.55162793,0.44837213,0
0.78514796,0.21485206,0
0.32652593,0.673474,0
0.188025,0.811975,1
0.2117126,0.78828746,1
0.38344702,0.616553,0
0.2210599,0.77894014,1
0.37686235,0.62313765,0
0.82503104,0.17496894,0
0.24100623,0.7589938,1
0.34622493,0.6537751,1
0.2557302,0.7442698,1
0.42340598,0.576594,1
0.31218722,0.68781286,0
0.47980556,0.5201944,0
0.40978417,0.59021586,1
0.51337355,0.4866264,0
0.53760487,0.4623952,0
0.5129504,0.48704958,0
0.22007759,0.77992237,1
0.5305369,0.4694631,0
0.40738794,0.592612,0
0.33159444,0.6684055,1
0.34819606,0.651804,1
0.4402342,0.55976576,1
0.44847724,0.55152273,0
0.5478471,0.45215297,0
0.5612356,0.43876433,0
0.24912278,0.7508772,1
0.53206617,0.46793383,0
0.57594794,0.42405206,0
0.74942154,0.25057852,0
0.43977872,0.5602213,0
0.31251508,0.6874849,1
0.27965924,0.72034067,1
0.41475835,0.5852417,1
0.547773,0.45222706,0
0.2711209,0.7288791,1
0.31973082,0.68026924,1
0.7938838,0.20611618,0
0.35489494,0.64510506,1
0.18578513,0.8142148,1
0.2791988,0.7208012,1
0.27283338,0.72716653,1
0.504238,0.49576205,0
0.15756845,0.84243155,1
0.11031524,0.88968474,1
0.1425839,0.85741603,1
0.46322486,0.5367751,0
0.7419237,0.25807628,0
0.7797572,0.22024277,0
0.20728005,0.7927199,0
0.20537235,0.79462767,1
0.20973107,0.7902689,1
0.24796598,0.75203395,1
0.24188611,0.7581139,1
0.255182,0.744818,1
0.353283,0.646717,0
0.3226108,0.6773892,0
0.25658068,0.7434193,1
0.75741357,0.24258646,0
0.09124509,0.90875494,1
0.20270625,0.7972937,1
0.23110248,0.76889753,1
0.25519708,0.7448029,1
0.16419935,0.8358006,1
0.18626544,0.81373453,1
0.3559831,0.64401686,1
0.31454268,0.68545735,1
0.69378906,0.30621088,0
0.7871983,0.21280168,0
0.6947666,0.30523345,0
0.14126872,0.8587313,1
0.13975243,0.8602476,1
0.13134941,0.86865056,1
0.13465445,0.86534554,1
0.14195445,0.8580456,1
0.043453775,0.9565462,1
0.09558556,0.90441436,1
0.12757987,0.8724201,1
0.13235183,0.8676481,1
0.49853703,0.501463,1
0.5964063,0.40359378,0
0.6908392,0.30916083,0
0.024138846,0.9758612,1
0.008029305,0.99197066,1
0.021118272,0.9788817,1
0.12602817,0.8739718,1
0.13724448,0.8627555,1
0.62690604,0.373094,0
0.44143948,0.5585605,0
0.20849177,0.7915082,1
0.2465778,0.7534222,1
0.5217609,0.47823918,0
0.5135611,0.4864389,0
0.30224004,0.6977599,1
0.5731457,0.42685428,0
0.2719423,0.7280577,1
0.48321307,0.51678693,0
0.60292476,0.3970752,0
0.23021513,0.76978487,1
0.21287349,0.78712654,1
0.2028885,0.79711145,1
0.23821308,0.76178694,1
0.21068354,0.78931653,1
0.23438329,0.7656167,1
0.23946084,0.7605391,1
0.42225584,0.5777442,0
0.7265463,0.27345377,0
0.68473107,0.31526893,0
0.562371,0.43762898,0
0.43051818,0.56948185,1
0.4953942,0.5046058,0
0.5155812,0.48441884,0
0.47964922,0.5203508,0
0.4811316,0.5188683,1
0.51671046,0.48328957,0
0.6976542,0.30234575,0
0.76358366,0.23641637,0
0.81117225,0.18882778,0
0.41025448,0.5897456,1
0.53969735,0.46030265,0
0.48233083,0.51766914,1
0.5256824,0.47431764,0
0.60406756,0.39593244,0
0.34723586,0.65276414,1
0.7124654,0.28753465,0
0.78409123,0.2159087,0
0.82596135,0.17403866,0
0.77227354,0.22772647,0
0.39032075,0.6096792,1
0.16076225,0.8392378,1
0.24031563,0.7596844,1
0.4093758,0.59062415,1
0.40373406,0.596266,1
0.34166533,0.6583347,1
0.39094946,0.6090506,1
0.15645555,0.8435445,1
0.3646425,0.63535756,1
0.30857164,0.69142836,1
0.5114058,0.4885942,0
0.42879528,0.5712047,1
0.7688953,0.23110466,0
0.47973138,0.5202687,0
0.4837056,0.5162944,0
0.47361606,0.52638394,0
0.4641782,0.5358218,0
0.47118333,0.5288167,0
0.18650964,0.8134904,1
0.13869697,0.8613031,1
0.60826087,0.39173922,0
0.687631,0.31236902,0
0.19509466,0.8049053,1
0.19482534,0.8051747,1
0.2193706,0.78062934,1
0.24250084,0.75749916,1
0.2192298,0.78077024,1
0.5055619,0.4944382,0
0.17424665,0.8257534,1
0.6406084,0.35939157,0
0.6284167,0.37158322,0
0.22165361,0.7783464,0
0.22154306,0.7784569,1
0.20168357,0.7983165,1
0.2303425,0.7696575,1
0.13758181,0.8624182,1
0.2719998,0.7280002,0
0.2393539,0.76064605,0
0.35451096,0.64548904,0
0.25029612,0.7497038,0
0.49921736,0.50078267,0
0.68656665,0.31343338,0
0.20235161,0.7976484,1
0.20580389,0.79419607,1
0.18501024,0.81498975,1
0.24933624,0.75066376,1
0.17833358,0.8216664,1
0.17647089,0.82352906,1
0.31463596,0.68536407,1
0.3718404,0.6281596,0
0.48985782,0.51014215,0
0.78491944,0.21508054,0
0.7755132,0.22448681,0
0.53883165,0.46116832,0
0.2971066,0.7028934,1
0.19099844,0.8090016,1
0.37571165,0.6242883,1
0.45538023,0.5446198,0
0.40293485,0.59706515,1
0.39838466,0.60161537,1
0.31882882,0.6811712,1
0.17282666,0.82717335,1
0.055099353,0.9449007,1
0.21149915,0.78850085,1
0.15863013,0.84136987,1
0.2149469,0.7850531,1
0.7619383,0.2380618,0
0.76159316,0.2384069,0
0.45254168,0.54745835,0
0.32662985,0.6733701,0
0.4993823,0.50061774,0
0.30778074,0.69221926,0
0.2336534,0.76634663,1
0.22030391,0.77969605,1
0.13167985,0.8683201,1
0.223513,0.776487,1
0.7676507,0.23234922,0
0.7896496,0.21035042,0
0.5264716,0.47352833,0
0.14436841,0.8556316,1
0.6038419,0.39615804,0
0.28109732,0.7189027,1
0.82875556,0.17124449,0
0.45219067,0.5478093,0
0.19296551,0.8070345,1
0.36715725,0.6328428,1
0.3445848,0.6554152,1
0.15937822,0.8406218,1
0.16365021,0.83634984,1
0.19562267,0.8043773,1
0.32596844,0.67403156,1
0.641011,0.35898897,0
0.52408326,0.47591665,0
0.5217448,0.4782552,0
0.49149173,0.5085082,0
0.3422033,0.65779674,1
0.3078806,0.6921194,1
0.35499802,0.64500195,1
0.6152306,0.3847694,0
0.37341216,0.6265878,1
0.35532337,0.6446766,1
0.4413058,0.5586942,1
0.6465501,0.35344982,0
0.31965962,0.6803404,1
0.38395447,0.61604553,1
0.28460935,0.7153907,1
0.69953626,0.3004638,0
0.3766882,0.6233118,1
0.4575655,0.54243445,0
0.41186237,0.5881377,1
0.35955423,0.64044577,1
0.5351368,0.46486315,0
0.39707735,0.6029227,1
0.5138167,0.48618326,0
0.5948557,0.4051443,0
0.43484756,0.56515247,1
0.41101938,0.5889806,1
0.40784258,0.59215736,1
0.3827719,0.61722815,1
0.19960485,0.8003952,1
0.23265909,0.76734096,1
0.54899067,0.4510093,0
0.5403357,0.45966426,0
0.61303365,0.38696632,0
0.76256955,0.23743047,0
0.39190462,0.60809535,1
0.3794826,0.62051743,1
0.12570542,0.8742946,1
0.16980898,0.830191,1
0.42265347,0.5773465,1
0.6327195,0.36728048,0
0.7498547,0.2501453,0
0.76456696,0.23543303,0
0.10078183,0.8992182,1
0.108125895,0.8918741,1
0.1579598,0.8420402,1
0.33978072,0.6602193,0
0.31386542,0.6861346,0
0.21712063,0.78287935,0
0.43775886,0.5622412,0
0.6772717,0.32272822,0
0.8135308,0.18646918,0
0.18332061,0.81667936,1
0.19059822,0.8094018,1
0.12891574,0.8710843,1
0.15200873,0.8479913,1
0.31013063,0.68986934,1
0.16158961,0.8384104,1
0.43276435,0.56723565,0
0.8583019,0.1416981,0
0.3956737,0.60432637,0
0.5097221,0.49027795,0
0.49214324,0.5078568,0
0.49822494,0.501775,0
0.49370593,0.50629413,0
0.15912002,0.8408799,1
0.18820253,0.81179744,1
0.63472056,0.36527947,1
0.631978,0.36802205,1
0.7391305,0.26086944,0
0.14448461,0.85551536,1
0.16463749,0.8353625,1
0.2737293,0.7262707,1
0.26492015,0.7350799,1
0.28182477,0.71817523,1
0.20337562,0.7966244,1
0.631892,0.36810797,0
0.5911157,0.40888423,0
0.18030263,0.8196973,1
0.20035121,0.79964876,1
0.21631737,0.78368264,1
0.22471175,0.7752882,1
0.27841702,0.72158295,1
0.38117263,0.6188274,0
0.6314087,0.36859134,0
0.67124724,0.3287528,0
0.49143615,0.50856376,0
0.41626364,0.58373636,0
0.34451357,0.65548646,0
0.7136018,0.28639814,0
0.7901885,0.20981145,0
0.78691155,0.21308847,0
0.6246427,0.37535727,0
0.28843808,0.7115619,1
0.28352216,0.7164779,1
0.29756552,0.7024345,1
0.6829839,0.31701615,0
0.0756262,0.9243738,1
0.38523996,0.61476004,1
0.76053655,0.23946342,0
0.46164322,0.53835684,0
0.26795924,0.73204076,1
0.27634528,0.7236547,1
0.57735795,0.42264202,0
0.6274314,0.37256858,0
0.6619505,0.33804944,0
0.267361,0.732639,1
0.6728276,0.32717243,0
0.1856887,0.81431127,1
0.49527225,0.5047278,0
0.7557332,0.24426684,0
0.8245286,0.1754714,0
0.5749818,0.4250182,0
0.2808707,0.7191294,1
0.18461762,0.81538236,1
0.19566107,0.8043389,1
0.16164671,0.8383533,1
0.5664737,0.43352625,0
0.51217496,0.48782507,1
0.60447747,0.39552248,0
0.42446932,0.57553077,0
0.8651254,0.13487463,0
0.8640827,0.13591728,0
0.83779407,0.16220596,0
0.22463608,0.7753639,1
0.2275894,0.77241063,1
0.23050846,0.7694916,1
0.52136946,0.47863057,0
0.3853551,0.61464494,1
0.21846272,0.7815373,1
0.1595146,0.8404854,1
0.5711603,0.4288396,0
0.6145028,0.3854972,0
0.3488091,0.6511909,1
0.64907795,0.35092208,0
0.5695803,0.43041968,0
0.8530065,0.14699355,0
0.8844462,0.11555383,0
0.8236304,0.1763696,0
0.8017292,0.19827083,0
0.46912768,0.53087234,0
0.47385752,0.52614254,1
0.46858934,0.53141063,1
0.4641262,0.5358738,1
0.44367626,0.5563237,1
0.18351021,0.8164898,1
0.47227374,0.5277262,0
0.8212572,0.17874287,0
0.74596786,0.2540321,0
0.6745756,0.32542434,0
0.5177759,0.48222414,1
0.33713678,0.6628632,1
0.23480535,0.76519465,1
0.2359053,0.76409465,1
0.15007101,0.849929,1
0.14454257,0.8554574,1
0.20300934,0.79699063,1
0.24519883,0.75480115,1
0.27429384,0.72570616,1
0.68406063,0.3159394,0
0.12133444,0.87866557,1
0.12873615,0.87126386,1
0.103131905,0.89686805,1
0.14248046,0.85751957,1
0.15803564,0.84196436,1
0.20916902,0.79083097,1
0.10577347,0.8942265,1
0.13326189,0.86673814,1
0.24129136,0.7587087,1
0.32044107,0.67955893,0
0.6940292,0.3059708,0
0.6737217,0.32627833,0
0.6135543,0.3864456,0
0.2230106,0.77698934,0
0.2842036,0.71579635,0
0.26923504,0.7307649,1
0.18444774,0.8155523,1
0.29686007,0.7031399,1
0.46515492,0.5348451,0
0.53089905,0.46910104,0
0.5291079,0.47089213,0
0.20893827,0.7910617,1
0.31080925,0.6891907,0
0.53301233,0.4669876,0
0.6914069,0.30859306,0
0.6190471,0.38095292,0
0.22619542,0.77380455,1
0.2896108,0.7103892,1
0.74269205,0.25730798,0
0.4635436,0.53645635,0
0.23042771,0.76957226,1
0.5533777,0.4466223,0
0.7085513,0.29144877,0
0.31976178,0.68023825,1
0.71843565,0.28156435,0
0.7706661,0.22933394,0
0.8751069,0.124893114,0
0.21853161,0.78146833,1
0.22782905,0.77217096,1
0.20954992,0.7904501,1
0.5422274,0.4577726,0
0.56426895,0.43573108,0
0.6102868,0.3897132,0
0.31720456,0.6827954,1
0.14206672,0.8579333,1
0.2645438,0.7354562,1
0.9047479,0.09525211,0
0.8653365,0.13466352,0
0.8558165,0.14418347,0
0.37944886,0.62055117,1
0.42855287,0.57144713,0
0.4251085,0.57489145,0
0.34948537,0.6505146,1
0.20800032,0.7919997,1
0.22597119,0.7740288,1
0.34445605,0.655544,1
0.43544644,0.5645535,0
0.4468865,0.5531135,0
0.27155355,0.72844654,1
0.33503377,0.6649663,1
0.5120541,0.48794594,0
0.80002356,0.19997644,0
0.6433299,0.35667005,0
0.22137149,0.7786285,1
0.23291999,0.76708007,1
0.24849921,0.7515008,1
0.32897183,0.6710282,1
0.0614651,0.9385349,1
0.75066906,0.24933094,0
0.25298673,0.7470133,1
0.5938178,0.4061823,0
0.81080085,0.18919913,0
0.27560312,0.7243969,1
0.24243945,0.75756055,1
0.23295352,0.7670465,1
0.24361235,0.75638765,1
0.21314254,0.78685737,1
0.22892971,0.7710703,1
0.26307085,0.7369291,1
0.31504196,0.68495804,1
0.69347626,0.3065237,0
0.749029,0.250971,0
0.6313422,0.36865783,0
0.25448224,0.7455178,1
0.62508935,0.37491065,0
0.39137813,0.60862184,1
0.30138695,0.6986131,1
0.24583839,0.75416166,1
0.25875795,0.74124205,1
0.44853327,0.5514667,1
0.5696505,0.43034947,0
0.48174992,0.51825005,1
0.6374762,0.36252376,0
0.49547115,0.5045288,1
0.7280301,0.2719699,0
0.41715607,0.5828439,1
0.6988842,0.30111572,0
0.69092447,0.3090755,0
0.22750142,0.77249855,1
0.21649735,0.78350264,1
0.19766526,0.8023347,1
0.33110046,0.6688996,1
0.51032573,0.4896743,0
0.511896,0.48810402,0
0.58018273,0.41981727,0
0.2240242,0.7759758,1
0.6322866,0.36771345,0
0.59856206,0.4014379,0
0.78871715,0.21128279,0
0.70942825,0.29057178,0
0.3172104,0.68278956,1
0.28385615,0.71614385,1
0.60560626,0.3943937,0
0.59886426,0.40113577,1
0.39044487,0.60955507,1
0.74207085,0.25792918,0
0.7694335,0.23056649,0
0.4313784,0.56862164,1
0.43013728,0.5698628,1
0.6841391,0.315861,0
0.7048372,0.2951628,0
0.45614824,0.5438518,1
0.6080753,0.39192474,0
0.66900593,0.33099407,1
0.8137059,0.18629414,0
0.845889,0.15411106,0
0.42235476,0.57764524,1
0.48685098,0.5131491,0
0.5025702,0.49742988,0
0.7088251,0.29117486,1
0.8141571,0.1858428,1
0.8138372,0.18616281,1
0.7630397,0.23696037,1
0.5436966,0.4563034,0
0.5670163,0.4329837,0
0.6015626,0.39843732,1
0.25127727,0.7487227,1
0.3896687,0.61033136,1
0.3168625,0.6831375,1
0.8125632,0.1874368,0
0.5588687,0.44113126,1
0.63698065,0.36301932,0
0.16379654,0.8362035,1
0.18191613,0.8180838,1
0.18333942,0.8166605,1
0.18318893,0.8168111,1
0.1915053,0.8084947,1
0.66883576,0.33116427,0
0.31495163,0.6850484,1
0.6052105,0.3947895,0
0.70165545,0.29834452,0
0.7247864,0.27521357,0
0.8085763,0.1914237,0
0.87616545,0.12383455,0
0.6217971,0.37820292,0
0.5834952,0.4165048,0
0.12759581,0.8724042,1
0.12198479,0.87801516,1
0.15642829,0.8435717,1
0.16312432,0.8368756,1
0.6686551,0.33134487,0
0.5965436,0.4034564,0
0.7561629,0.24383712,0
0.7205213,0.27947867,0
0.6519285,0.34807155,0
0.27161664,0.7283833,1
0.1128071,0.88719296,1
0.11915784,0.88084215,1
0.037561774,0.9624383,1
0.031205269,0.96879476,1
0.020383889,0.97961617,1
0.59297585,0.40702412,0
0.6640515,0.3359485,0
0.47371197,0.52628803,0
0.6466941,0.35330588,0
0.912988,0.08701197,0
0.92372835,0.076271646,0
0.9017036,0.09829637,0
0.8970787,0.102921315,0
0.0844491,0.9155509,1
0.12061633,0.8793837,0
0.2657244,0.7342756,0
0.4033579,0.59664214,0
0.6400515,0.35994852,0
0.6444257,0.35557428,0
0.43161827,0.5683817,0
0.76067334,0.23932669,0
0.72189677,0.27810323,0
0.8861255,0.113874495,0
0.9126933,0.0873067,0
0.8924099,0.10759004,0
0.8418682,0.15813181,0
0.81453115,0.18546887,0
0.5881198,0.4118802,0
0.60163754,0.39836252,0
0.6195317,0.3804683,0
0.67073137,0.3292686,0
0.70791197,0.2920881,0
0.30082896,0.69917107,1
0.70351505,0.29648498,1
0.6758476,0.3241524,0
0.7170873,0.28291273,0
0.6851442,0.31485587,0
0.61257327,0.38742676,0
0.6776162,0.32238382,0
0.6732905,0.32670954,0
0.64716816,0.35283184,0
0.5218825,0.47811753,1
0.59209573,0.40790427,1
0.5561191,0.44388092,1
0.6639363,0.33606377,0
0.52867866,0.47132128,0
0.45639992,0.5436001,1
0.44656795,0.5534321,1
0.5023533,0.49764663,1
0.4866124,0.5133876,1
0.50832415,0.49167585,1
0.4966706,0.5033294,1
0.49388313,0.50611687,1
0.39734274,0.6026573,1
0.47127804,0.528722,1
0.24996611,0.7500339,1
0.48243535,0.5175647,1
0.6293248,0.3706752,0
0.54668427,0.45331576,1
0.8932613,0.106738664,0
0.3547937,0.64520633,1
0.36406052,0.6359395,1
0.017745115,0.98225486,1
0.025156554,0.97484344,1
0.69358176,0.3064182,0
0.5899494,0.4100506,0
0.60831684,0.3916832,0
0.73629427,0.26370576,0
0.55783725,0.4421628,0
0.38912445,0.61087555,0
0.23673338,0.76326656,1
0.2301016,0.76989836,1
0.2950705,0.7049295,1
0.39824682,0.6017532,1
0.2939206,0.70607936,1
0.18253918,0.81746083,1
0.22901115,0.7709888,1
0.44543615,0.55456376,1
0.8129622,0.18703786,0
0.8435961,0.15640388,0
0.505138,0.494862,0
0.53686583,0.46313414,0
0.558807,0.44119298,0
0.6821834,0.3178166,0
0.16882585,0.8311741,1
0.7879682,0.21203175,0
0.7826525,0.2173475,0
0.2449017,0.75509834,1
0.013807001,0.986193,1
0.04784831,0.9521517,1
0.18724239,0.8127576,1
0.16072527,0.8392747,1
0.25978455,0.7402154,1
0.25173908,0.7482609,1
0.26234084,0.73765916,1
0.42537734,0.57462263,0
0.28385672,0.7161432,0
0.3183877,0.6816123,0
0.84759825,0.1524017,0
0.27801716,0.7219829,1
0.17808095,0.8219191,1
0.18682131,0.81317866,1
0.20869716,0.79130286,1
0.3362432,0.6637568,0
0.35575598,0.644244,0
0.53384405,0.46615595,0
0.10601641,0.89398354,1
0.14239399,0.857606,1
0.14280322,0.85719675,1
0.1562414,0.84375864,1
0.76161367,0.2383863,0
0.8407697,0.1592303,0
0.7576226,0.24237739,0
0.37252113,0.62747884,0
0.46924287,0.5307571,0
0.4383561,0.5616439,0
0.4203437,0.5796563,0
0.21416745,0.7858326,1
0.36256108,0.6374389,1
0.20402446,0.79597557,1
0.2533839,0.74661607,1
0.7595421,0.24045783,0
0.4080566,0.5919433,1
0.21459684,0.78540313,1
0.03575342,0.96424663,1
0.014373383,0.98562664,1
0.2120101,0.7879899,0
0.2587901,0.74120986,0
0.107569054,0.8924309,1
0.14092532,0.85907465,0
0.14628251,0.8537175,0
0.11160894,0.8883911,1
0.20994416,0.7900559,0
0.21297562,0.7870244,1
0.45699814,0.54300183,0
0.39762965,0.60237044,0
0.31122366,0.6887764,0
0.7825211,0.21747881,0
0.72348815,0.27651182,0
0.6058565,0.39414346,0
0.4040419,0.59595805,0
0.542467,0.457533,0
0.70671916,0.2932808,0
0.32408354,0.6759165,1
0.3131851,0.68681496,1
0.8956559,0.10434419,0
0.89927006,0.1007299,0
0.17875676,0.8212432,1
0.17593531,0.82406473,1
0.108580805,0.89141923,1
0.26874977,0.73125017,1
0.3095691,0.6904309,1
0.35183078,0.64816916,1
0.66012686,0.33987316,0
0.31696278,0.6830372,1
0.40923345,0.59076655,1
0.63396984,0.3660302,0
0.78738254,0.21261752,0
0.8045394,0.1954606,0
0.38084823,0.61915183,1
0.20531091,0.7946891,1
0.18040535,0.8195947,1
0.15220042,0.8477996,1
0.16740415,0.8325958,1
0.23121634,0.7687837,1
0.2604877,0.7395123,1
0.19470367,0.80529636,1
0.27455658,0.72544336,1
0.29237092,0.7076291,1
0.33712995,0.66287005,1
0.27081317,0.7291869,1
0.23477562,0.76522434,1
0.510667,0.4893329,0
0.27531576,0.7246842,0
0.6205694,0.37943056,0
0.5644921,0.43550786,0
0.69426465,0.30573538,0
0.8274616,0.17253843,0
0.8609657,0.13903423,0
0.87795323,0.12204679,0
0.8954226,0.104577415,0
0.82126176,0.17873828,0
0.49105647,0.5089435,0
0.50128335,0.49871662,0
0.4615179,0.5384821,1
0.47717714,0.5228229,0
0.54088306,0.459117,0
0.519424,0.48057595,0
0.487182,0.512818,0
0.71599567,0.28400436,0
0.6878296,0.31217033,0
0.63377756,0.36622247,0
0.22581026,0.7741898,1
0.1785025,0.82149744,1
0.1853147,0.81468534,1
0.210285,0.789715,1
0.23816946,0.7618305,1
0.2982938,0.70170623,1
0.6274164,0.3725836,0
0.42615852,0.57384145,1
0.37630048,0.62369955,1
0.6570727,0.3429273,0
0.7339812,0.26601884,0
0.20832327,0.7916767,1
0.3193306,0.6806694,1
0.33581567,0.66418433,1
0.68080354,0.31919646,0
0.491119,0.508881,1
0.5137534,0.48624656,0
0.74234515,0.25765485,0
0.7977417,0.2022583,0
0.6105375,0.38946247,0
0.51133364,0.48866645,0
0.6545711,0.3454289,0
0.6219264,0.37807366,0
0.6977646,0.30223548,0
0.5421535,0.45784652,1
0.8301285,0.16987145,0
0.83417755,0.16582246,0
0.68901086,0.31098917,0
0.54266095,0.45733908,1
0.75990003,0.2401,0
0.84051406,0.15948586,0
0.8294016,0.17059836,0
0.21310383,0.7868962,1
0.16779605,0.832204,1
0.6079216,0.39207843,0
0.6762053,0.32379466,0
0.75959015,0.24040985,0
0.7837954,0.21620454,0
0.6409503,0.35904962,0
0.8236181,0.17638195,0
0.7219976,0.27800238,0
0.51775956,0.48224038,0
0.62208414,0.37791586,0
0.6657951,0.3342049,1
0.69860995,0.30139,0
0.43266377,0.56733626,1
0.46805874,0.5319413,1
0.72634816,0.27365184,1
0.65913904,0.34086093,1
0.90146035,0.09853968,0
0.9058782,0.094121754,0
0.48691344,0.51308656,1
0.4891311,0.51086897,1
0.50975186,0.49024808,1
0.5326697,0.46733028,1
0.5604079,0.4395921,1
0.5973577,0.4026423,0
0.54492,0.45508,1
0.5156391,0.4843608,1
0.6849842,0.31501576,0
0.13287961,0.86712044,1
0.33541504,0.66458493,1
0.32891098,0.671089,1
0.20194143,0.7980586,1
0.20923817,0.7907618,1
0.3075103,0.69248974,1
0.33995464,0.6600454,1
0.7102909,0.28970915,0
0.60669094,0.3933091,0
0.800792,0.19920808,0
0.76503384,0.23496625,0
0.6732779,0.32672212,0
0.45672628,0.54327375,1
0.029940424,0.97005963,1
0.2543694,0.74563056,1
0.62465006,0.37534994,0
0.65699035,0.3430096,0
0.71162546,0.2883745,0
0.72559834,0.2744017,0
0.6356511,0.36434886,0
0.5237776,0.47622243,0
0.4705015,0.5294985,0
0.7635184,0.23648156,0
0.08450086,0.91549915,1
0.21294376,0.78705627,1
0.35408783,0.64591223,1
0.5508063,0.44919366,0
0.62084,0.37915993,0
0.6605964,0.33940363,0
0.65805316,0.34194675,0
0.66037565,0.33962438,0
0.7073581,0.29264194,0
0.5458996,0.4541003,0
0.65953857,0.3404615,0
0.8186221,0.18137789,0
0.374668,0.625332,1
0.33387378,0.66612625,1
0.65762293,0.342377,0
0.7047735,0.29522648,0
0.66967106,0.33032888,0
0.6397759,0.3602241,0
0.56959355,0.43040642,0
0.12440003,0.87560004,1
0.40367824,0.59632176,1
0.7429735,0.2570265,0
0.8831892,0.116810754,0
0.85787404,0.14212593,0
0.43759993,0.5624001,1
0.22657959,0.7734204,1
0.56143785,0.43856218,1
0.63468367,0.3653163,0
0.6413873,0.35861278,0
0.43636024,0.56363976,1
0.70515186,0.29484808,0
0.86042786,0.13957211,0
0.8237731,0.17622688,0
0.7938635,0.20613654,0
0.50971615,0.49028382,1
0.49311465,0.50688535,0
0.47712716,0.52287287,0
0.5375753,0.46242467,0
0.48772836,0.51227164,0
0.51215047,0.48784953,0
0.24012828,0.7598718,1
0.5124817,0.48751825,1
0.48673958,0.5132604,1
0.784019,0.21598098,0
0.8184923,0.18150774,0
0.6988591,0.30114087,1
0.5474947,0.45250526,1
0.38641116,0.6135888,1
0.45702514,0.5429749,1
0.59260875,0.40739128,0
0.5151948,0.4848053,1
0.6260997,0.37390026,1
0.72776914,0.27223077,0
0.79443014,0.20556982,0
0.6998538,0.30014625,0
0.47306898,0.52693105,1
0.55614406,0.44385588,0
0.5453394,0.45466065,0
0.5962792,0.4037208,0
0.5916878,0.4083122,0
0.6031041,0.3968959,0
0.57122004,0.42877996,1
0.2945512,0.70544887,1
0.7710163,0.22898373,0
0.7230368,0.2769632,0
0.43269846,0.5673015,1
0.5959026,0.40409744,1
0.60621226,0.39378765,0
0.511987,0.48801303,1
0.5531697,0.4468303,1
0.46136904,0.53863096,1
0.53761196,0.46238807,1
0.5981461,0.40185395,0
0.5135615,0.48643854,0
0.7795102,0.22048976,0
0.5299637,0.47003633,0
0.5529163,0.4470837,0
0.6149977,0.38500237,0
0.70697314,0.29302686,0
0.83599335,0.16400668,0
0.85855985,0.14144018,0
0.7816775,0.21832246,0
0.5185564,0.48144364,1
0.54732275,0.45267722,0
0.58272904,0.417271,1
0.5446002,0.4553998,0
0.54843384,0.45156622,0
0.57310265,0.4268973,0
0.75671303,0.24328701,0
0.8628162,0.13718383,0
0.7796181,0.22038186,0
0.571259,0.42874098,1
0.3003387,0.6996613,1
0.35382208,0.6461779,1
0.36617672,0.6338233,1
0.5841018,0.41589823,0
0.5632729,0.4367271,1
0.5755785,0.42442146,0
0.62119395,0.37880605,0
0.85461205,0.14538789,0
0.50561863,0.49438137,0
0.49244398,0.50755596,0
0.4919602,0.5080399,0
0.49950406,0.5004959,0
0.5056877,0.49431226,1
0.5159379,0.4840621,1
0.51980877,0.48019126,1
0.71929693,0.28070307,1
0.8258147,0.17418525,0
0.50269157,0.49730846,1
0.32187203,0.67812794,1
0.59010124,0.4098987,1
0.48267898,0.51732105,1
0.49720952,0.5027905,1
0.6102092,0.38979074,0
0.6483439,0.3516561,0
0.57750666,0.42249337,0
0.677138,0.32286203,0
0.4068614,0.59313864,1
0.55228114,0.4477189,0
0.28040838,0.7195917,1
0.5310527,0.4689473,0
0.5656968,0.43430325,0
0.6070216,0.39297846,0
0.61012036,0.38987967,0
0.6437072,0.35629275,0
0.590335,0.409665,0
0.5794819,0.42051807,0
0.7313519,0.26864812,0
0.7947786,0.20522141,0
0.84980375,0.15019622,0
0.45704934,0.5429507,1
0.5433117,0.45668826,1
0.03823179,0.96176827,1
0.019469207,0.98053086,1
0.21264586,0.7873541,1
0.21020578,0.7897942,1
0.23187949,0.7681205,1
0.6998374,0.3001626,0
0.6261825,0.3738175,0
0.61507696,0.384923,0
0.86378765,0.13621232,0
0.2716273,0.72837263,1
0.08333938,0.9166606,1
0.35615948,0.6438406,0
0.44056237,0.5594377,0
0.73421067,0.2657893,0
0.113655366,0.8863446,1
0.41195482,0.5880452,0
0.8661971,0.13380289,0
0.24255541,0.7574446,1
0.4402713,0.5597287,0
0.4556042,0.5443958,0
0.5483546,0.45164537,0
0.5545016,0.44549835,0
0.637989,0.362011,0
0.5367964,0.4632036,0
0.6403265,0.35967353,0
0.5109279,0.48907202,0
0.8292398,0.1707602,0
0.8442705,0.15572947,0
0.8457977,0.15420225,0
0.8033168,0.1966832,0
0.6858207,0.31417927,0
0.5481846,0.45181546,0
0.3017725,0.69822747,1
0.4688822,0.53111786,0
0.6448333,0.35516664,0
0.672991,0.32700902,0
0.87524045,0.124759555,0
0.896205,0.10379499,0
0.89648795,0.103512004,0
0.80335677,0.19664325,0
0.5718564,0.42814368,1
0.4970605,0.50293946,1
0.47776693,0.52223307,1
0.4858978,0.51410216,1
0.46326905,0.5367309,1
0.4400668,0.5599331,1
0.70582455,0.29417536,1
0.6071473,0.39285266,1
0.53147477,0.46852523,1
0.5730434,0.42695656,1
0.32191616,0.6780838,1
0.40154406,0.59845597,1
0.5176146,0.48238537,1
0.60781205,0.39218795,1
0.5783621,0.42163792,1
0.7724644,0.22753558,0
0.4691018,0.53089815,1
0.48762217,0.51237786,1
0.66240543,0.33759466,0
0.64744085,0.35255918,0
0.5848861,0.41511396,0
0.25818303,0.741817,1
0.53649163,0.46350834,1
0.6606943,0.33930573,0
0.8122886,0.18771142,0
0.20698299,0.793017,1
0.53152174,0.4684782,0
0.5497054,0.4502946,0
0.64964265,0.35035732,0
0.63360494,0.3663951,0
0.859379,0.14062096,0
0.31078708,0.6892129,1
0.17714548,0.8228546,1
0.39362136,0.6063786,1
0.60099304,0.39900696,0
0.64781004,0.35219,0
0.5011039,0.4988961,1
0.5835603,0.41643968,1
0.6596651,0.34033492,0
0.81103176,0.1889682,0
0.2428839,0.75711614,1
0.37263158,0.62736845,1
0.26909053,0.7309094,1
0.3975322,0.6024678,1
0.29138187,0.7086181,1
0.7253894,0.2746106,0
0.29782483,0.7021752,1
0.2881889,0.7118111,1
0.50405383,0.4959461,1
0.5046842,0.4953157,1
0.8643684,0.13563158,0
0.8612228,0.13877723,0
0.849519,0.15048096,0
0.798823,0.20117703,0
0.760694,0.23930594,0
0.4329198,0.56708014,1
0.7313837,0.2686163,0
0.7623408,0.23765926,0
0.8270649,0.1729351,0
0.8850898,0.1149102,0
0.6847383,0.3152617,0
0.5789995,0.42100045,0
0.49718985,0.5028101,1
0.5136898,0.48631012,1
0.493502,0.50649804,1
0.48967654,0.51032346,1
0.441852,0.55814797,1
0.1338917,0.8661083,1
0.070522875,0.9294771,1
0.025544068,0.97445595,1
0.56164986,0.43835017,0
0.19142343,0.8085765,1
0.50609004,0.49390996,0
0.30827436,0.6917256,0
0.6205333,0.3794667,0
0.81645393,0.18354607,0
0.5092769,0.490723,0
0.16235244,0.83764756,1
0.2549034,0.74509656,1
0.23439796,0.76560205,1
0.3068574,0.6931426,1
0.7487645,0.2512355,0
0.554183,0.445817,0
0.44682354,0.55317646,0
0.35185194,0.64814806,0
0.8703679,0.12963213,0
0.7964867,0.20351331,0
0.16562226,0.8343777,1
0.053177677,0.9468223,1
0.18798324,0.8120167,1
0.096227705,0.90377223,1
0.12732296,0.872677,1
0.7307117,0.2692884,0
0.5151764,0.4848236,0
0.37097275,0.62902725,0
0.88185066,0.118149385,0
0.32798925,0.6720107,0
0.07822007,0.9217799,1
0.1413951,0.8586049,1
0.61509234,0.38490772,0
0.36866492,0.6313351,1
0.31389612,0.6861039,1
0.31808808,0.68191195,0
0.3667569,0.6332431,0
0.8185958,0.18140422,0
0.8637009,0.13629912,0
0.32167476,0.67832524,1
0.27468076,0.7253192,1
0.120040566,0.87995946,1
0.54882765,0.45117238,0
0.69130343,0.3086966,0
0.691337,0.30866295,0
0.75846577,0.24153419,0
0.5745453,0.42545468,0
0.5061954,0.49380457,1
0.8131317,0.18686835,0
0.89663357,0.103366435,0
0.84741557,0.15258443,0
0.83066547,0.1693345,0
0.6588737,0.3411263,0
0.71300435,0.28699565,0
0.69217306,0.30782694,0
0.67557675,0.32442322,0
0.6611041,0.33889595,0
0.64544576,0.3545543,0
0.81801414,0.18198586,0
0.5094459,0.4905541,1
0.48198727,0.5180127,1
0.5165039,0.48349604,1
0.49596602,0.504034,1
0.4660554,0.53394467,1
0.4291121,0.5708879,1
0.4558545,0.5441454,1
0.8075038,0.19249618,0
0.39851967,0.6014803,1
0.27194113,0.7280588,1
0.3158581,0.6841419,1
0.37654838,0.6234516,1
0.63835996,0.36163998,0
0.71096015,0.28903988,0
0.68227935,0.3177207,0
0.40394363,0.59605634,1
0.35800144,0.6419985,0
0.811632,0.18836793,0
0.4737177,0.5262823,0
0.32552645,0.6744735,1
0.53819674,0.4618033,0
0.10200237,0.8979976,1
0.589919,0.410081,0
0.34689784,0.65310216,1
0.4762272,0.5237729,0
0.60339403,0.39660594,0
0.34666997,0.65332997,1
0.5197606,0.4802394,1
0.8724991,0.12750088,0
0.50123656,0.49876338,0
0.35768,0.64232,1
0.5785403,0.42145967,0
0.70393085,0.29606918,0
0.8918775,0.10812249,0
0.09668823,0.9033117,1
0.25315827,0.7468417,1
0.6566561,0.34334394,0
0.35761592,0.64238405,0
0.41454428,0.5854557,0
0.8653961,0.13460392,0
0.51529455,0.4847054,0
0.31575754,0.68424255,0
0.122774325,0.87722564,1
0.1275171,0.8724829,1
0.1095773,0.8904227,1
0.11730022,0.88269985,1
0.11018219,0.88981783,1
0.24210349,0.75789654,1
0.66033584,0.3396642,0
0.35203305,0.6479669,0
0.8451482,0.15485176,0
0.32153624,0.6784638,0
0.62314725,0.37685266,0
0.6213572,0.37864277,0
0.6073495,0.3926505,0
0.6342826,0.3657174,0
0.37877527,0.6212247,1
