prob_class_0,prob_class_1,true_label
0.8695141,0.13048589,1
0.86991835,0.13008167,1
0.9126641,0.08733587,0
0.9687367,0.031263284,0
0.9680523,0.03194763,1
0.9786596,0.021340387,0
0.97069216,0.029307876,0
0.92750627,0.07249374,1
0.9056478,0.094352216,0
0.96764684,0.03235313,0
0.94474113,0.055258837,0
0.9450818,0.054918297,0
0.9494719,0.050528064,1
0.9310903,0.06890964,1
0.95443916,0.045560785,0
0.90730536,0.09269463,1
0.9622633,0.037736695,0
0.9119206,0.088079415,1
0.33198327,0.66801673,1
0.38545272,0.61454725,1
0.66811407,0.33188587,1
0.5875279,0.4124722,1
0.24750526,0.75249475,1
0.0680684,0.9319316,1
0.2073382,0.7926618,0
0.18650606,0.81349397,0
0.96994555,0.030054402,0
0.4679881,0.5320119,0
0.078205734,0.92179424,1
0.43532777,0.56467223,0
0.11303828,0.8869617,0
0.86587685,0.1341231,0
0.19399713,0.80600286,0
0.19284901,0.80715096,0
0.92457575,0.07542431,0
0.26163206,0.7383679,1
0.961348,0.038652055,0
0.9640163,0.03598371,0
0.9744634,0.025536595,0
0.9571539,0.042846058,0
0.81232977,0.18767026,1
0.9373163,0.06268373,0
0.8249726,0.1750274,0
0.8618273,0.13817272,0
0.15185446,0.84814554,1
0.9751897,0.024810335,0
0.9787128,0.021287268,0
0.9430841,0.05691589,0
0.87914556,0.120854415,0
0.063562095,0.9364379,1
0.032356665,0.96764326,1
0.20485735,0.79514265,1
0.011380203,0.9886198,1
0.012066563,0.98793346,1
0.0015514502,0.9984485,1
0.0017871768,0.9982128,1
0.047743246,0.9522568,1
0.048878267,0.9511217,1
0.64010215,0.35989785,0
0.59912914,0.40087086,0
0.0018156576,0.99818426,1
0.0013667574,0.9986332,1
0.0028309273,0.9971691,1
0.008649782,0.9913502,1
0.017864764,0.9821353,1
0.005119205,0.9948808,1
0.0021827144,0.9978173,1
0.094562255,0.9054377,0
0.10736145,0.8926385,0
0.028700233,0.97129977,1
0.061353613,0.93864644,0
0.022044972,0.97795504,1
0.0039180955,0.9960819,1
0.1018425,0.89815754,0
0.02409405,0.9759059,0
0.024710236,0.9752898,0
0.11104581,0.88895416,0
0.0020786005,0.9979214,1
0.062112715,0.93788725,0
0.20167069,0.7983293,0
0.5715003,0.42849967,0
0.030059462,0.9699405,1
0.0715376,0.92846245,0
0.055772014,0.94422793,0
0.29492286,0.70507705,0
0.2802281,0.7197719,0
0.25819477,0.74180526,0
0.052460656,0.9475394,0
0.019322867,0.9806771,1
0.021348868,0.9786511,1
0.02008888,0.97991115,1
0.023754736,0.9762453,1
0.43886977,0.5611303,0
0.59845567,0.40154436,0
0.5874272,0.41257277,0
0.5338156,0.46618438,0
0.20772257,0.7922774,0
0.012957414,0.98704255,1
0.97419715,0.0258028,0
0.040283166,0.9597168,1
0.48620564,0.5137943,0
0.10235659,0.89764345,0
0.12143351,0.87856644,0
0.13865758,0.86134243,0
0.2591671,0.7408329,0
0.21400818,0.78599185,1
0.059349883,0.94065017,1
0.11708724,0.88291276,1
0.86676013,0.13323984,0
0.9202308,0.07976915,0
0.9649236,0.035076402,0
0.3223917,0.6776083,1
0.92492986,0.07507016,0
0.015007261,0.98499274,1
0.012983223,0.98701674,1
0.023899343,0.9761006,1
0.01420197,0.98579806,1
0.07468703,0.925313,1
0.95357233,0.046427675,0
0.013353312,0.98664665,1
0.03117808,0.96882194,1
0.019726278,0.9802737,1
0.009111411,0.9908886,1
0.007489242,0.9925108,1
0.045813505,0.95418644,1
0.047141388,0.9528586,1
0.95971096,0.040289037,0
0.028949287,0.97105074,1
0.025500828,0.9744992,1
0.020587984,0.979412,1
0.07167799,0.92832196,0
0.026716545,0.9732834,1
0.010474664,0.9895253,1
0.04060615,0.95939386,1
0.04009784,0.95990217,1
0.03685955,0.96314037,1
0.024195671,0.97580427,1
0.024424044,0.975576,1
0.9680457,0.031954266,0
0.4016397,0.5983603,0
0.08788951,0.91211045,1
0.94627076,0.05372927,0
0.072463445,0.92753655,0
0.06174632,0.93825364,0
0.9391161,0.060883805,0
0.94300896,0.056991056,0
0.9527837,0.04721626,0
0.057249848,0.94275016,1
0.95302844,0.0469715,0
0.9597394,0.040260598,0
0.9747649,0.02523513,0
0.9535158,0.046484124,0
0.9583656,0.041634347,0
0.3023822,0.69761777,1
0.088173054,0.9118269,1
0.93312424,0.06687576,0
0.60589206,0.394108,0
0.52347255,0.4765274,0
0.17887592,0.821124,1
0.04748209,0.9525179,1
0.008493769,0.9915063,1
0.0090513965,0.9909486,1
0.027183807,0.9728162,1
0.1189189,0.88108116,1
0.0072175907,0.99278235,1
0.120510325,0.8794897,0
0.023321817,0.9766782,1
0.03416689,0.96583307,1
0.09588551,0.9041144,0
0.07878156,0.92121845,0
0.08094931,0.91905075,1
0.43038568,0.56961435,0
0.52673817,0.47326186,0
0.53475344,0.46524656,0
0.001879681,0.99812025,1
0.00034469753,0.99965525,1
0.00030948402,0.99969053,1
0.00020996794,0.99979,1
3.1317813e-05,0.99996865,1
6.057326e-05,0.99993944,1
0.0008409166,0.9991591,1
0.00026124011,0.99973875,1
0.0053490633,0.994651,0
0.004614077,0.99538594,0
0.08136962,0.91863036,0
0.2057532,0.79424685,0
0.57354784,0.42645216,0
0.9530841,0.04691589,0
0.94741154,0.052588437,0
0.9494159,0.050584063,0
0.9593137,0.04068637,0
0.96121746,0.03878255,0
0.9801112,0.019888842,0
0.9402924,0.05970755,0
0.3921184,0.6078816,1
0.96226865,0.03773132,0
0.9473261,0.052673817,0
0.9666876,0.03331241,0
0.97596973,0.02403035,0
0.98099065,0.019009348,0
0.9857471,0.014252882,0
0.92929393,0.07070612,0
0.942335,0.057664957,0
0.9563181,0.04368192,0
0.9541079,0.04589218,0
0.9521595,0.047840513,0
0.95760673,0.042393338,0
0.9740915,0.025908478,0
0.97379285,0.026207203,0
0.9643944,0.03560566,0
0.021677881,0.9783221,1
0.93923,0.060769945,0
0.91971284,0.08028712,0
0.94788396,0.052116048,0
0.954319,0.04568105,0
0.93804497,0.06195497,0
0.95253986,0.04746017,0
0.9109531,0.08904691,0
0.90716445,0.09283549,0
0.18956022,0.8104398,1
0.05402147,0.94597846,1
0.014505972,0.985494,1
0.9202885,0.0797115,0
0.9455228,0.05447729,0
0.95188636,0.048113625,0
0.958502,0.041498013,0
0.9412901,0.058709916,0
0.93757915,0.062420882,0
0.9706575,0.029342461,0
0.97912574,0.020874253,0
0.98092353,0.01907651,0
0.98257554,0.017424516,0
0.98405623,0.015943808,0
0.9584585,0.041541494,0
0.98615646,0.013843498,0
0.9797244,0.02027555,0
0.9719533,0.028046684,0
0.9679731,0.032026857,0
0.8711972,0.12880284,0
0.059446,0.94055396,1
0.071169056,0.928831,1
0.0144411605,0.98555887,1
0.9799303,0.020069756,0
0.93976694,0.060233,0
0.9684095,0.03159048,0
0.41922414,0.58077586,1
0.14886777,0.8511323,1
0.8875421,0.11245786,0
0.87860733,0.12139269,0
0.8982251,0.10177486,0
0.33536875,0.6646313,1
0.40675867,0.59324133,1
0.75828266,0.24171731,1
0.89226264,0.1077374,0
0.5350005,0.4649995,1
0.91039556,0.08960442,0
0.94207776,0.057922196,0
0.9579449,0.04205507,0
0.9543189,0.04568117,0
0.9795234,0.020476572,0
0.9275268,0.07247315,0
0.64920884,0.35079116,1
0.968293,0.031706966,0
0.23175444,0.7682456,1
0.9641318,0.035868246,0
0.9554839,0.04451614,0
0.93862575,0.061374303,0
0.9436276,0.056372374,0
0.97742224,0.022577824,0
0.9814042,0.018595895,0
0.9811652,0.018834848,0
0.9283539,0.07164601,0
0.8979295,0.102070555,0
0.94239676,0.05760327,0
0.60270464,0.39729545,1
0.9502351,0.0497649,0
0.9324214,0.067578636,0
0.9166741,0.08332596,0
0.9736486,0.026351325,0
0.59553957,0.40446043,1
0.45703357,0.5429664,1
0.93254936,0.06745068,0
0.83572483,0.16427518,0
0.8213863,0.17861374,0
0.8621323,0.13786769,0
0.8535372,0.14646281,0
0.84851897,0.15148106,0
0.92276955,0.07723042,0
0.20660369,0.79339635,1
0.9078802,0.0921198,0
0.027839974,0.9721601,1
0.9420343,0.057965778,0
0.6149389,0.3850611,0
0.96238494,0.037615057,0
0.97764164,0.022358388,0
0.8550164,0.14498356,0
0.8500595,0.14994049,0
0.79528975,0.20471022,0
0.7662119,0.23378804,0
0.6077234,0.3922766,0
0.5610508,0.4389493,0
0.014444187,0.9855559,1
0.03708735,0.9629126,1
0.964485,0.035515025,0
0.9663804,0.033619635,0
0.019852962,0.98014706,1
0.025821732,0.97417825,1
0.96966976,0.03033024,0
0.5885268,0.41147318,1
0.3637174,0.6362826,1
0.0876308,0.9123692,1
0.10798977,0.8920103,1
0.079616964,0.920383,1
0.00066616584,0.9993338,1
0.9440404,0.05595963,0
0.9481104,0.051889524,0
0.8916999,0.10830006,0
0.9555253,0.044474717,0
0.11374726,0.8862527,1
0.017849574,0.98215044,1
0.9609068,0.03909318,0
0.020898875,0.97910106,1
0.4072141,0.5927859,0
0.44341272,0.55658734,0
0.48324266,0.51675737,0
0.56569284,0.43430713,0
0.6313222,0.3686778,0
0.5824281,0.41757193,0
0.19090673,0.8090933,1
0.0066039837,0.993396,1
0.0041012983,0.99589866,1
0.0017171826,0.9982828,1
0.016797079,0.98320293,1
0.018010288,0.98198974,1
0.016711066,0.98328894,1
0.099995345,0.9000047,0
0.4485447,0.5514553,0
0.52348226,0.47651774,0
0.9561976,0.04380242,0
0.62211746,0.3778826,0
0.058149036,0.94185096,0
0.06779106,0.93220896,0
0.057337023,0.94266295,0
0.049279567,0.9507205,0
0.04672669,0.95327336,0
0.041792106,0.9582079,0
0.007095286,0.9929047,1
0.00440811,0.9955918,1
0.041333277,0.95866674,0
0.9157152,0.08428473,0
0.49886137,0.5011386,0
0.02915087,0.9708491,0
0.17175876,0.8282412,0
0.3278857,0.6721143,0
0.2949873,0.70501274,0
0.2818707,0.71812934,0
0.2797156,0.7202844,0
0.07689068,0.9231093,1
0.14612024,0.85387975,1
0.039895058,0.96010494,1
0.43743247,0.5625675,0
0.3298702,0.6701299,0
0.013559266,0.9864407,1
0.020334153,0.9796658,1
0.5163656,0.4836344,0
0.009992472,0.9900075,1
0.18399546,0.8160045,0
0.65460026,0.3453997,0
0.587704,0.41229603,0
0.3613922,0.6386078,0
0.35554296,0.644457,0
0.14984615,0.8501538,0
0.14174984,0.85825014,0
0.014750135,0.9852498,1
0.5107895,0.48921052,0
0.5931499,0.4068501,0
0.25389,0.74611,1
0.089046985,0.910953,1
0.18262146,0.8173785,0
0.0017753281,0.9982247,1
0.018613882,0.9813861,1
0.04810322,0.9518967,1
0.09546522,0.9045347,1
0.49517533,0.50482476,0
0.66219336,0.3378066,0
0.08792844,0.9120716,0
0.062589504,0.9374105,1
0.15680653,0.8431935,1
0.20423895,0.79576105,1
0.23360762,0.7663924,0
0.797983,0.20201704,0
0.69161195,0.3083881,0
0.90378845,0.09621154,0
0.955754,0.04424599,0
0.9747287,0.02527128,0
0.9715651,0.028434847,0
0.9412981,0.058701836,0
0.9877621,0.012237932,0
0.8869437,0.11305631,1
0.88683265,0.11316727,1
0.8971682,0.10283176,1
0.9443,0.055699937,0
0.83401495,0.16598505,1
0.8276612,0.17233875,1
0.8419864,0.1580136,1
0.8581031,0.14189687,1
0.96132904,0.038670998,0
0.9553541,0.044645935,0
0.93911743,0.060882553,0
0.95133,0.04867006,0
0.9771942,0.022805868,0
0.9428856,0.05711445,0
0.9231589,0.076841146,0
0.9481798,0.051820267,0
0.9028575,0.09714251,0
0.93394554,0.06605447,0
0.9607739,0.039226085,0
0.89179605,0.108203955,0
0.9590142,0.04098585,0
0.9554812,0.04451881,0
0.56668365,0.4333164,1
0.4179914,0.58200866,1
0.20886955,0.7911305,1
0.24560432,0.75439566,1
0.5034436,0.4965564,1
0.028454864,0.9715451,1
0.035886504,0.96411353,1
0.32353544,0.67646456,1
0.9314396,0.068560384,0
0.950009,0.04999101,0
0.9547353,0.045264672,0
0.9847772,0.015222823,0
0.985308,0.014692026,0
0.98204213,0.017957823,0
0.7739547,0.2260453,0
0.18129829,0.81870174,1
0.07317737,0.92682266,1
0.5758623,0.42413774,0
0.9755112,0.02448881,0
0.97124726,0.028752731,0
0.9749851,0.025014948,0
0.44766843,0.5523316,1
0.10286917,0.8971309,1
0.122099005,0.87790096,1
0.8480097,0.15199025,0
0.8777271,0.12227293,0
0.7368634,0.26313666,0
0.90767676,0.09232327,0
0.9780457,0.021954285,0
0.5052983,0.49470174,1
0.65153843,0.34846163,1
0.63087535,0.36912468,1
0.7173218,0.28267822,0
0.049446873,0.9505532,1
0.49055195,0.50944805,0
0.67291117,0.32708883,0
0.010262784,0.9897372,1
0.3050644,0.6949356,0
0.88938034,0.110619634,0
0.5329662,0.46703383,0
0.21415223,0.78584784,0
0.22895262,0.7710474,1
0.34816378,0.6518362,0
0.3563014,0.6436986,0
0.25029236,0.7497076,0
0.75265944,0.24734057,0
0.31357,0.68643,1
0.7387024,0.26129755,0
0.07537001,0.92463005,1
0.68836105,0.31163892,0
0.7430653,0.2569347,0
0.11183485,0.8881652,1
0.76661944,0.23338059,0
0.78156924,0.21843073,0
0.54657906,0.45342094,0
0.7193151,0.28068495,0
0.63401896,0.365981,0
0.16835761,0.8316424,1
0.017344479,0.9826555,1
0.012673377,0.98732656,1
0.038165424,0.9618346,1
0.56602085,0.4339791,0
0.61020607,0.38979387,0
0.08513721,0.91486275,1
0.032198943,0.96780103,1
0.02256754,0.9774325,1
0.0861092,0.9138908,1
0.100232325,0.8997677,1
0.9041614,0.095838554,0
0.084398046,0.91560197,1
0.124292605,0.8757074,1
0.5955108,0.4044892,0
0.84478205,0.155218,0
0.62516236,0.37483764,0
0.9247782,0.075221784,0
0.8843502,0.11564979,0
0.19040266,0.8095973,1
0.09839842,0.90160155,1
0.2045359,0.7954641,1
0.080083266,0.9199167,1
0.038078137,0.9619219,1
0.16995768,0.83004236,1
0.22510669,0.77489334,1
0.5077482,0.49225184,0
0.8977568,0.10224319,0
0.15335666,0.8466433,1
0.39262035,0.6073797,0
0.3128578,0.68714213,0
0.7061099,0.29389015,0
0.8248585,0.17514148,0
0.28127238,0.71872765,1
0.35099342,0.64900655,1
0.78815955,0.21184047,0
0.8985954,0.10140464,0
0.76394457,0.23605546,0
0.893295,0.10670508,0
0.95752704,0.042473007,0
0.29076606,0.7092339,1
0.03277899,0.96722096,1
0.044310503,0.95568955,1
0.08182403,0.91817594,1
0.20897561,0.7910244,1
0.4393872,0.5606128,0
0.1290953,0.8709047,1
0.51467186,0.48532817,0
0.62209743,0.3779026,0
0.35286713,0.6471328,0
0.25863677,0.7413632,0
0.19362956,0.80637044,1
0.4456098,0.5543902,0
0.04786585,0.9521341,1
0.09886062,0.9011394,1
0.4214623,0.5785377,0
0.606647,0.39335296,0
0.027943384,0.9720567,1
0.12992834,0.87007165,1
0.38936046,0.6106395,0
0.04923318,0.9507668,1
0.053192083,0.94680786,0
0.945384,0.054615926,0
0.95523584,0.04476417,0
0.97210026,0.02789968,0
0.97477245,0.02522751,0
0.97149754,0.028502546,0
0.94476944,0.055230577,0
0.9254704,0.07452965,0
0.90297663,0.09702339,0
0.9229679,0.07703207,0
0.9196802,0.08031981,0
0.93674326,0.063256785,0
0.9306822,0.069317766,0
0.9286015,0.07139851,0
0.9643425,0.03565756,0
0.97726303,0.02273696,0
0.9850211,0.014978959,0
0.9693238,0.030676126,0
0.8425764,0.15742363,0
0.81673115,0.18326887,0
0.9265898,0.0734102,0
0.91256404,0.08743599,0
0.9412635,0.05873646,0
0.9420698,0.057930134,0
0.95538753,0.04461249,0
0.2461262,0.7538738,1
0.010042304,0.98995763,1
0.02193405,0.978066,1
0.18337873,0.81662124,1
0.4782293,0.52177066,0
0.3732507,0.6267493,0
0.5064434,0.4935566,0
0.94358706,0.056412965,0
0.3082233,0.69177675,0
0.17227745,0.82772255,0
0.007363964,0.992636,1
0.002277764,0.9977222,1
0.37236646,0.6276335,0
0.019287376,0.98071265,1
0.3694009,0.63059914,0
0.5921988,0.40780124,0
0.024220336,0.97577965,1
0.024130493,0.9758695,1
0.16731842,0.83268154,0
0.020205794,0.9797942,1
0.06066943,0.9393306,1
0.0909137,0.9090863,0
0.37414548,0.6258545,0
0.94066495,0.059335098,0
0.5827446,0.4172554,0
0.38429454,0.6157055,0
0.095407195,0.9045929,0
0.08673587,0.91326416,0
0.28832537,0.7116746,0
0.94927686,0.050723158,0
0.92718184,0.07281817,0
0.89990884,0.100091234,0
0.9045163,0.095483676,0
0.93053734,0.06946265,0
0.92201394,0.077986114,0
0.9415685,0.058431543,0
0.94228697,0.057713047,0
0.685204,0.31479597,0
0.9496624,0.05033763,0
0.1505723,0.8494277,1
0.22302046,0.7769795,1
0.85930645,0.14069353,0
0.9284013,0.07159873,0
0.85200226,0.14799769,0
0.18729797,0.81270206,1
0.24786837,0.7521316,1
0.8550071,0.14499289,0
0.9624303,0.037569664,0
0.179914,0.820086,1
0.94046086,0.05953909,0
0.92491335,0.07508664,0
0.6168251,0.38317493,1
0.15703152,0.8429685,1
0.035413142,0.9645869,1
0.09247341,0.9075266,1
0.39421594,0.60578406,1
0.36627787,0.6337221,1
0.09211687,0.90788317,1
0.012048124,0.9879518,1
0.013170772,0.9868292,1
0.106476955,0.89352304,1
0.4066059,0.5933941,0
0.8915364,0.10846358,0
0.9785582,0.021441778,0
0.06991597,0.930084,1
0.2447066,0.7552934,0
0.07797444,0.92202556,1
0.34125966,0.65874034,0
0.33053297,0.66946703,0
0.10966472,0.89033526,1
0.028878596,0.97112143,1
0.030934684,0.9690653,1
0.027371012,0.972629,1
0.034399096,0.96560097,1
0.8442663,0.1557337,0
0.92361534,0.076384686,0
0.9260309,0.073969126,0
0.77040976,0.22959027,0
0.86013824,0.13986175,0
0.9518169,0.04818309,0
0.13807134,0.8619287,1
0.09984582,0.9001542,1
0.50726956,0.49273044,1
0.34582838,0.6541716,1
0.2711667,0.72883326,1
0.008254096,0.9917459,1
0.061188914,0.9388111,1
0.03348969,0.96651036,1
0.009491616,0.99050844,1
0.7336394,0.26636058,0
0.75013816,0.24986187,0
0.63857496,0.36142504,0
0.022981191,0.9770188,1
0.09427183,0.90572816,1
0.081052,0.91894805,1
0.08515926,0.9148407,1
0.17052987,0.8294701,0
0.147863,0.852137,1
0.1546375,0.8453625,1
0.15719669,0.84280324,1
0.16519006,0.83480996,1
0.98505473,0.014945232,0
0.95068705,0.0493129,0
0.91102034,0.0889796,0
0.93959814,0.060401917,0
0.08100704,0.91899294,1
0.10816535,0.8918346,1
0.0041634655,0.9958365,1
0.10335715,0.89664286,1
0.16015363,0.8398464,0
0.0899032,0.9100968,1
0.07669197,0.923308,1
0.1420718,0.85792816,1
0.11617703,0.883823,1
0.17374565,0.8262543,1
0.25053132,0.7494687,1
0.07894641,0.9210536,1
0.54772484,0.45227516,0
0.5735226,0.42647737,0
0.9342429,0.0657571,0
0.93090093,0.0690991,0
0.9295804,0.07041956,0
0.93503577,0.06496423,0
0.9401923,0.059807755,0
0.9554382,0.04456176,0
0.9686765,0.03132345,0
0.93453795,0.065462075,0
0.9422602,0.05773981,0
0.9668606,0.033139374,0
0.7521417,0.24785829,1
0.9316964,0.068303615,0
0.9629214,0.0370786,0
0.9693684,0.030631581,0
0.975684,0.024315964,0
0.98162377,0.018376218,0
0.9830468,0.016953215,0
0.9797943,0.0202057,0
0.5111807,0.48881936,1
0.35831296,0.64168704,1
0.38769692,0.61230314,1
0.88585615,0.11414379,0
0.9215077,0.07849232,0
0.9473268,0.052673183,0
0.949617,0.050382998,0
0.30803928,0.6919607,1
0.87039196,0.12960798,0
0.87397313,0.12602691,0
0.91777575,0.08222421,0
0.9621273,0.037872683,0
0.9661993,0.03380071,0
0.9429433,0.05705672,0
0.87252843,0.12747155,0
0.91556233,0.08443774,0
0.9457532,0.05424679,0
0.37156346,0.6284365,1
0.95478344,0.045216568,0
0.9551749,0.04482505,0
0.9529596,0.047040436,0
0.9554001,0.044599913,0
0.97745854,0.022541484,0
0.49363425,0.5063658,1
0.92987716,0.07012284,0
0.98944527,0.010554722,0
0.98958766,0.010412283,0
0.9714254,0.028574605,0
0.93584037,0.06415968,0
0.9659118,0.034088146,0
0.95613444,0.04386556,0
0.9556245,0.04437545,0
0.9717401,0.028259879,0
0.9542171,0.045782983,1
0.97623426,0.023765719,0
0.95475507,0.04524496,1
0.9542032,0.045796815,0
0.9793259,0.020674035,0
0.9854946,0.014505379,0
0.58356607,0.41643387,1
0.53520596,0.46479413,1
0.938631,0.061369002,0
0.9598825,0.04011747,0
0.06586295,0.9341371,1
0.24378921,0.75621074,1
0.38762647,0.6123735,1
0.3886006,0.61139935,1
0.3125431,0.6874569,1
0.90567744,0.09432258,0
0.9553049,0.04469504,0
0.12865046,0.8713495,1
0.26311257,0.7368874,1
0.19422561,0.8057744,1
0.9386707,0.061329264,0
0.9420562,0.057943836,0
0.9533402,0.046659794,0
0.39792734,0.60207266,1
0.6537283,0.34627172,0
0.9689251,0.031074872,0
0.9653382,0.034661893,0
0.9344787,0.065521225,0
0.9217812,0.07821884,0
0.9751558,0.024844246,0
0.9763124,0.023687575,0
0.9704936,0.029506404,0
0.47134116,0.5286588,1
0.23726216,0.7627379,1
0.050038658,0.94996136,1
0.07067914,0.9293209,1
0.10810373,0.89189625,1
0.146086,0.853914,1
0.88421565,0.11578432,0
0.9380942,0.061905786,0
0.9515869,0.04841311,0
0.94820154,0.051798467,0
0.97386336,0.02613664,0
0.9588516,0.04114839,0
0.9234863,0.076513715,0
0.9379128,0.062087134,0
0.93798643,0.0620135,0
0.92172074,0.078279264,0
0.92648745,0.07351253,0
0.94840926,0.051590763,0
0.8969285,0.10307147,0
0.95533276,0.04466719,0
0.94029737,0.05970265,0
0.95872533,0.041274656,0
0.95584285,0.044157088,0
0.23658474,0.7634152,1
0.36017236,0.63982767,1
0.5724835,0.4275165,1
0.91021657,0.08978338,0
0.22704814,0.7729519,1
0.2851702,0.7148298,1
0.29302347,0.7069766,1
0.9490766,0.050923392,0
0.3347402,0.6652598,1
0.94541854,0.05458147,0
0.9739939,0.026006129,0
0.9745439,0.025456086,0
0.3027534,0.6972467,1
0.7117542,0.28824583,1
0.95938355,0.040616415,0
0.97642773,0.023572225,0
0.9708409,0.029159132,0
0.9651959,0.03480416,0
0.96892595,0.031074021,0
0.954719,0.045280997,0
0.9556976,0.044302363,0
0.09380512,0.90619487,1
0.7606984,0.23930162,1
0.9467991,0.053200874,0
0.88253194,0.11746805,1
0.93378437,0.066215605,0
0.9572522,0.04274779,0
0.95992875,0.04007127,0
0.96465343,0.035346583,0
0.1404883,0.8595117,1
0.9431731,0.056826867,0
0.8902493,0.10975067,0
0.94418097,0.05581907,0
0.9099578,0.09004224,0
0.93974525,0.060254697,0
0.9497542,0.050245777,0
0.89377105,0.106229,0
0.95694983,0.043050174,0
0.88452315,0.115476884,0
0.9425727,0.057427295,0
0.9726051,0.027394945,0
0.9546397,0.045360293,0
0.978135,0.021865033,0
0.9381258,0.061874244,1
0.9401183,0.05988169,1
0.8958348,0.10416522,1
0.97127646,0.028723571,0
0.6721109,0.32788908,1
0.90746033,0.09253963,0
0.9423305,0.057669576,0
0.9519793,0.048020735,0
0.95609975,0.04390021,0
0.9848385,0.015161556,0
0.98566365,0.014336363,0
0.90660673,0.09339326,0
0.92041326,0.07958675,0
0.96416694,0.035833053,0
0.96635467,0.03364537,0
0.8871423,0.11285775,0
0.9188333,0.08116669,0
0.9577319,0.042268105,0
0.94190913,0.058090895,0
0.9396521,0.06034792,0
0.77997327,0.22002666,1
0.9728168,0.027183149,0
0.9773235,0.022676516,0
0.9375885,0.062411513,1
0.92412657,0.075873494,1
0.945991,0.054009072,1
0.27020472,0.7297952,1
0.9261558,0.07384424,0
0.3347064,0.6652936,1
0.2364445,0.7635555,1
0.32097378,0.6790262,1
0.94840413,0.051595896,0
0.23278184,0.7672181,1
0.17822856,0.8217715,1
0.883894,0.116105914,0
0.94491863,0.055081304,0
0.94354004,0.056459922,0
0.9244984,0.07550157,0
0.9610834,0.038916558,0
0.18172799,0.818272,1
0.19012702,0.80987304,1
0.25892243,0.74107754,1
0.14386678,0.8561332,1
0.27027288,0.7297271,1
0.29920724,0.7007928,1
0.16384967,0.83615035,1
0.19784379,0.8021562,1
0.7470572,0.25294283,0
0.9184383,0.08156168,0
0.92795104,0.07204896,0
0.194228,0.805772,1
0.8340329,0.16596712,0
0.91827667,0.08172327,0
0.229637,0.770363,1
0.1676012,0.83239883,1
0.2629492,0.7370508,1
0.7010646,0.2989354,0
0.05773901,0.94226104,1
0.14982185,0.8501782,0
0.10225314,0.8977469,1
0.29942086,0.7005791,0
0.7282739,0.27172607,0
0.100918375,0.89908165,1
0.07825591,0.9217441,1
0.062342968,0.93765706,1
0.12624456,0.87375546,0
0.012035689,0.9879643,1
0.038968638,0.9610313,0
0.5830547,0.41694525,0
0.5506427,0.44935724,0
0.48767796,0.51232207,0
0.4154096,0.5845904,0
0.18684235,0.8131576,0
0.100697614,0.89930236,0
0.24882038,0.7511796,0
0.952409,0.047590986,0
0.029027559,0.9709725,1
0.028277926,0.971722,1
0.051426157,0.94857377,1
0.0590424,0.9409576,1
0.6158612,0.3841388,0
0.45679647,0.5432035,0
0.1708019,0.8291982,0
0.9151521,0.08484795,0
0.28242305,0.7175769,0
0.18050331,0.81949675,0
0.070893094,0.9291069,1
0.21443853,0.7855615,1
0.9337936,0.06620638,0
0.012573204,0.98742676,1
0.94967633,0.05032369,0
0.6840218,0.31597814,0
0.90454894,0.09545102,0
0.118007936,0.88199204,1
0.8388061,0.1611939,0
0.7411016,0.2588984,1
0.937152,0.062847935,0
0.04271008,0.95728993,1
0.14085995,0.85914004,1
0.10989304,0.8901069,1
0.051074628,0.94892544,1
0.34116945,0.65883046,0
0.85819674,0.14180325,0
0.879107,0.12089295,0
0.9162471,0.08375286,0
0.97948575,0.020514285,0
0.9864608,0.013539255,0
0.990062,0.009937967,0
0.9590722,0.040927865,0
0.9580838,0.04191626,0
0.96204674,0.037953235,0
0.94371605,0.056283902,0
0.95881575,0.0411843,0
0.9384398,0.061560202,0
0.13820429,0.86179566,1
0.39423928,0.60576075,1
0.98558575,0.014414206,0
0.948721,0.051278967,0
0.9695022,0.030497758,0
0.9593852,0.040614847,0
0.9668941,0.033105865,0
0.5343698,0.4656302,1
0.93656313,0.0634368,0
0.9436236,0.056376398,0
0.9503173,0.049682662,0
0.9454852,0.054514866,0
0.9535558,0.046444163,0
0.51412994,0.4858701,1
0.9515597,0.0484403,0
0.9627568,0.037243128,0
0.30548146,0.69451845,1
0.9656938,0.034306213,0
0.97958416,0.020415906,0
0.91308135,0.08691861,0
0.9642414,0.03575865,0
0.94687897,0.053121097,0
0.9300566,0.06994349,0
0.9321093,0.06789066,0
0.9342054,0.06579453,0
0.94854975,0.051450267,0
0.96276766,0.037232406,0
0.95577776,0.044222225,0
0.9257792,0.07422077,1
0.29332536,0.70667464,1
0.95247984,0.047520198,1
0.94383466,0.056165323,1
0.9036375,0.09636252,0
0.87977594,0.1202241,0
0.93946856,0.060531378,0
0.97561854,0.024381509,0
0.9817254,0.018274609,0
0.9635599,0.03644004,0
0.97834253,0.021657549,0
0.98001134,0.019988699,1
0.98347324,0.01652672,0
0.9822006,0.017799387,0
0.26299518,0.7370048,1
0.70319754,0.29680243,0
0.9358508,0.06414923,0
0.27564183,0.7243582,1
0.83142716,0.16857281,0
0.9470855,0.05291446,0
0.96693957,0.033060357,0
0.92335236,0.07664768,0
0.92739534,0.07260464,0
0.968077,0.031922936,0
0.9751409,0.024859086,0
0.16575919,0.8342408,1
0.004395722,0.9956043,1
0.0064523076,0.99354774,1
0.0033727572,0.9966273,1
0.0040122364,0.9959877,1
0.024068208,0.97593176,1
0.11852717,0.8814729,0
0.16300407,0.83699596,0
0.38886324,0.61113673,0
0.6623474,0.33765262,0
0.41265875,0.5873413,0
0.357954,0.64204603,0
0.0220187,0.97798127,1
0.024054224,0.9759458,1
0.04227051,0.9577295,1
0.16225436,0.8377456,0
0.15798798,0.84201205,1
0.23644237,0.7635577,0
0.5873308,0.41266918,0
0.72231287,0.27768716,0
0.804169,0.19583094,0
0.85409504,0.145905,0
0.8513765,0.14862354,0
0.47486055,0.52513945,0
0.25603232,0.7439677,1
0.78236014,0.21763983,0
0.3697597,0.6302403,1
0.47672078,0.52327925,1
0.85946,0.14053997,0
0.29035965,0.7096404,1
0.80178297,0.19821702,0
0.52558863,0.47441137,0
0.7212583,0.27874175,0
0.80133075,0.19866933,0
0.81718665,0.18281335,0
0.72913694,0.2708631,0
0.049092468,0.9509076,1
0.31369972,0.6863002,1
0.09014101,0.909859,1
0.07056517,0.9294348,1
0.08269076,0.9173093,1
0.09610432,0.9038956,1
0.0959288,0.9040712,1
0.3409489,0.6590511,0
0.11048505,0.8895149,1
0.15271698,0.84728295,0
0.30072123,0.6992788,0
0.9272592,0.07274082,0
0.74540555,0.25459442,0
0.76189226,0.23810779,0
0.37128636,0.62871367,0
0.02711287,0.9728871,1
0.3347371,0.6652629,0
0.63079244,0.36920756,0
0.64299333,0.3570067,0
0.30948833,0.6905117,0
0.34711117,0.65288883,1
0.48777542,0.51222456,1
0.96863145,0.031368583,0
0.96487737,0.03512265,0
0.685595,0.31440505,0
0.2083456,0.79165447,1
0.8162892,0.18371078,0
0.9345156,0.065484434,0
0.9444059,0.05559414,0
0.9474881,0.0525119,0
0.8289522,0.1710478,0
0.22376092,0.7762391,1
0.56082624,0.43917373,0
0.6810266,0.31897348,0
0.9681782,0.031821754,0
0.949664,0.05033601,0
0.6405824,0.35941768,1
0.73664314,0.26335686,1
0.9698916,0.030108413,0
0.92337656,0.0766235,0
0.97150886,0.028491104,0
0.83924276,0.1607573,1
0.48258427,0.5174157,1
0.1646713,0.8353287,1
0.23569462,0.7643054,1
0.44665357,0.55334646,1
0.91626835,0.08373166,0
0.6451529,0.35484707,1
0.68703604,0.31296393,1
0.44010594,0.559894,1
0.5228858,0.47711423,1
0.5804238,0.41957623,1
0.7553145,0.24468547,0
0.9637624,0.03623764,0
0.9616656,0.038334377,0
0.57586706,0.424133,1
0.96636015,0.033639863,0
0.85760224,0.14239778,1
0.98450077,0.0154992305,0
0.8535868,0.14641318,1
0.93356377,0.06643623,0
0.9623644,0.03763564,0
0.9448552,0.0551448,0
0.9669942,0.033005804,0
0.9562872,0.04371272,0
0.9537654,0.046234634,0
0.97666705,0.023332998,0
0.98693174,0.0130682755,0
0.96318936,0.03681061,0
0.94365895,0.05634106,0
0.9426132,0.05738684,0
0.94761944,0.0523805,0
0.9441891,0.055810954,0
0.9566685,0.043331508,0
0.94662356,0.05337641,0
0.9451973,0.05480272,0
0.9365413,0.063458726,0
0.7536871,0.24631298,1
0.7029333,0.29706663,1
0.12709068,0.8729093,1
0.26696602,0.733034,1
0.39296517,0.6070348,1
0.1967852,0.8032148,1
0.74068695,0.25931302,0
0.93112165,0.06887833,0
0.86991024,0.13008979,0
0.07560189,0.9243981,1
0.026184972,0.973815,1
0.043041296,0.9569587,1
0.0150445495,0.9849554,1
0.6860209,0.31397912,0
0.9387605,0.061239514,0
0.7293834,0.27061662,0
0.3338121,0.66618794,0
0.011845186,0.98815477,1
0.01192039,0.9880796,1
0.07348617,0.92651385,0
0.04511524,0.95488477,1
0.010595209,0.9894048,1
0.014752285,0.98524773,1
0.016874032,0.983126,1
0.81390005,0.18609999,0
0.100409515,0.89959055,1
0.08519761,0.9148024,1
0.070355,0.929645,1
0.0647419,0.93525815,1
0.19982168,0.80017835,0
0.21494012,0.78505987,0
0.06503358,0.93496644,1
0.033655867,0.9663441,1
0.01819367,0.9818063,1
0.060326196,0.9396738,1
0.95490813,0.045091834,0
0.38561198,0.614388,0
0.46213982,0.53786016,0
0.23505951,0.7649405,0
0.18975085,0.81024915,0
0.30539513,0.6946049,0
0.019765887,0.9802341,1
0.8580614,0.14193858,0
0.78134304,0.21865699,0
0.8167795,0.18322048,0
0.28158838,0.7184116,0
0.3485643,0.65143573,0
0.26946694,0.73053306,0
0.5655933,0.4344068,0
0.24085157,0.7591484,1
0.4140491,0.5859509,0
0.34408775,0.6559122,0
0.3106457,0.6893543,0
0.32708406,0.67291594,1
0.59143955,0.40856043,0
0.5309952,0.46900475,0
0.30563968,0.6943603,1
0.31488284,0.6851171,1
0.59814495,0.40185502,0
0.10616936,0.89383066,1
0.117847875,0.88215214,1
0.33000526,0.6699948,1
0.118591085,0.8814089,1
0.0668764,0.93312365,1
0.7248859,0.2751141,0
0.47285047,0.52714956,0
0.49479628,0.5052037,0
0.7373454,0.2626546,0
0.77355146,0.2264485,0
0.55436325,0.44563678,0
0.62782466,0.37217534,0
0.66438323,0.33561674,0
0.34866998,0.65133,0
0.33777454,0.6622255,0
0.9231608,0.076839216,0
0.93061787,0.0693821,0
0.95178723,0.048212774,0
0.9069006,0.09309947,0
0.90301985,0.09698013,0
0.9647718,0.03522818,0
0.9695089,0.030491134,0
0.984145,0.015855046,0
0.45615178,0.5438483,1
0.11408197,0.885918,1
0.26532885,0.7346711,1
0.95609766,0.043902252,0
0.96234,0.037659995,0
0.9666635,0.033336546,0
0.96022815,0.039771855,0
0.11876835,0.88123167,1
0.375883,0.624117,1
0.39511225,0.6048877,1
0.97034764,0.029652374,0
0.7962202,0.20377986,1
0.107807636,0.8921923,1
0.028557722,0.9714423,1
0.10036675,0.8996333,1
0.689181,0.31081894,0
0.17278893,0.827211,1
0.86788064,0.13211931,0
0.22899748,0.77100253,1
0.6096936,0.39030635,0
0.16840166,0.8315983,1
0.39108825,0.60891175,1
0.25063947,0.74936056,1
0.27765173,0.72234833,1
0.27714553,0.7228545,1
0.4956161,0.50438386,1
0.6381452,0.3618547,0
0.5160727,0.48392728,1
0.16340666,0.8365933,1
0.74857444,0.25142562,0
0.3874978,0.61250216,1
0.170914,0.82908607,1
0.16654873,0.8334513,1
0.43301216,0.56698775,0
0.8214442,0.17855574,0
0.26437172,0.7356283,0
0.5469511,0.45304894,0
0.21458697,0.78541297,1
0.47726724,0.52273273,0
0.13251568,0.86748433,1
0.14548011,0.8545199,1
0.20957929,0.79042065,1
0.56314695,0.43685302,1
0.48551822,0.51448184,1
0.030380247,0.96961975,1
0.22973198,0.770268,0
0.050696805,0.9493032,1
0.10563221,0.89436775,1
0.07516936,0.9248307,1
0.25445244,0.7455476,0
0.24303976,0.7569603,0
0.12512796,0.874872,1
0.38283625,0.6171637,0
0.65157545,0.34842455,0
0.6756564,0.3243436,0
0.12233311,0.87766683,0
0.27446204,0.725538,0
0.31559333,0.68440664,0
0.15052028,0.84947973,1
0.340448,0.65955204,0
0.3708272,0.62917286,0
0.66803455,0.33196548,0
0.883281,0.11671902,0
0.13218173,0.86781824,1
0.31578657,0.6842134,1
0.8958114,0.10418857,0
0.06354207,0.936458,1
0.04136332,0.9586367,1
0.061479896,0.9385201,1
0.060615566,0.9393844,1
0.0443512,0.95564884,1
0.032814093,0.96718585,1
0.13510647,0.86489356,1
0.2841246,0.7158754,0
0.7874984,0.21250153,0
0.40725142,0.59274864,0
0.7548805,0.2451195,0
0.8628469,0.13715309,0
0.9308688,0.06913115,0
0.9726617,0.027338322,0
0.9728098,0.027190145,0
0.2059764,0.7940236,1
0.6391973,0.36080274,0
0.64491695,0.35508296,0
0.21519837,0.7848016,1
0.22241257,0.7775875,1
0.24779966,0.7522003,1
0.27004036,0.72995967,1
0.832944,0.16705605,0
0.8261158,0.17388415,0
0.9718939,0.028106017,0
0.854066,0.145934,0
0.83869267,0.16130738,0
0.79520917,0.20479083,0
0.94316155,0.056838434,0
0.9477704,0.05222953,0
0.9470986,0.052901343,0
0.9644648,0.03553526,0
0.9650907,0.03490934,0
0.94344044,0.056559585,0
0.851775,0.14822504,1
0.8662005,0.13379945,1
0.949165,0.05083499,0
0.9591885,0.04081149,0
0.9755878,0.024412256,0
0.9693234,0.030676661,0
0.9627154,0.03728457,0
0.91081214,0.08918784,0
0.90767443,0.092325635,0
0.94520956,0.05479046,1
0.9596195,0.040380456,1
0.9246632,0.075336866,1
0.9492105,0.050789505,0
0.9642708,0.035729267,0
0.047145456,0.9528545,1
0.8628057,0.13719426,0
0.87414205,0.125858,0
0.94582105,0.054178983,0
0.9504672,0.049532816,0
0.94864964,0.051350385,0
0.95929426,0.040705714,0
0.8617339,0.13826613,0
0.94491965,0.05508043,0
0.9762136,0.023786427,0
0.69020456,0.30979547,1
0.64450544,0.35549462,1
0.636724,0.36327603,1
0.7795014,0.22049862,0
0.1970975,0.8029025,1
0.85671526,0.1432848,0
0.8804089,0.11959115,0
0.17946357,0.82053643,1
0.023225883,0.9767741,1
0.36130023,0.6386997,1
0.14807397,0.851926,1
0.6559073,0.34409276,1
0.9748537,0.025146326,0
0.747038,0.25296202,0
0.69419277,0.30580726,0
0.32163703,0.67836297,1
0.07163888,0.9283611,1
0.6875533,0.31244674,0
0.22987111,0.77012897,1
0.30170986,0.6982901,1
0.30631143,0.6936886,0
0.3028299,0.6971701,0
0.12593167,0.8740684,1
0.9026509,0.09734912,0
0.9654197,0.03458036,0
0.6922443,0.30775574,0
0.28166512,0.7183349,1
0.055295404,0.94470453,1
0.3711518,0.6288482,1
0.8013985,0.19860145,0
0.61451584,0.38548422,0
0.9110798,0.08892014,0
0.82506937,0.17493063,0
0.86424655,0.13575342,0
0.912492,0.08750801,0
0.87725866,0.12274131,0
0.8734587,0.12654133,0
0.88614064,0.11385939,0
0.7602928,0.23970717,0
0.10068373,0.89931625,1
0.097925894,0.9020741,1
0.853523,0.14647692,0
0.93454015,0.065459825,0
0.76957595,0.23042405,1
0.9251447,0.07485526,0
0.95551145,0.044488538,0
0.96790206,0.03209789,0
0.9677009,0.032299113,0
0.8353787,0.16462134,0
0.93996316,0.060036853,0
0.9178196,0.082180396,0
0.96394765,0.03605238,0
0.46414283,0.53585714,1
0.73527825,0.26472172,1
0.8416064,0.15839362,1
0.9700347,0.029965265,0
0.7752488,0.22475116,1
0.1020603,0.8979397,1
0.06290969,0.93709034,1
0.25391218,0.7460878,1
0.2542782,0.7457218,1
0.08117891,0.9188211,1
0.32231,0.67768997,1
0.84572715,0.15427278,0
0.96153224,0.03846776,0
0.9505759,0.049424104,0
0.95779663,0.04220332,0
0.9613153,0.038684722,0
0.8001539,0.19984609,0
0.80829394,0.19170602,0
0.9147855,0.0852145,1
0.7638491,0.23615097,1
0.96222764,0.037772417,0
0.9730372,0.026962876,0
0.6931025,0.3068975,1
0.529024,0.47097597,1
0.029713882,0.97028613,1
0.27396473,0.7260353,1
0.28009084,0.7199092,1
0.9872728,0.012727165,0
0.97634095,0.023659077,0
0.9734442,0.02655574,0
0.16763648,0.83236355,0
0.20711313,0.79288685,1
0.9714407,0.028559308,0
0.976556,0.023443993,0
0.9818226,0.018177377,0
0.9825143,0.017485669,0
0.9836299,0.016370108,0
0.72398895,0.2760111,1
0.87407154,0.12592842,0
0.9216798,0.078320146,0
0.77762485,0.22237512,1
0.2782005,0.7217995,1
0.475031,0.52496904,1
0.4506445,0.5493555,1
0.75742966,0.24257028,1
0.5283524,0.47164762,1
0.76389015,0.2361098,0
0.02325642,0.9767436,1
0.058348753,0.9416513,1
0.09516035,0.90483963,1
0.11827133,0.8817287,1
0.13833572,0.86166424,1
0.42962015,0.5703798,1
0.17328078,0.8267193,1
0.9603525,0.03964746,0
0.58815426,0.41184577,0
0.87071747,0.12928255,0
0.93598765,0.06401231,0
0.7393066,0.26069337,0
0.41433474,0.5856652,1
0.89592314,0.104076855,0
0.84065366,0.15934636,0
0.8551662,0.14483388,1
0.94649297,0.053507075,0
0.49999106,0.500009,1
0.8962787,0.103721365,0
0.93757665,0.062423363,0
0.9017867,0.09821333,0
0.697972,0.302028,1
0.72027165,0.27972835,1
0.7476133,0.2523867,1
0.7566413,0.24335864,1
0.8045985,0.1954015,0
0.9174538,0.082546115,0
0.7988924,0.20110762,1
0.96521086,0.034789152,0
0.8500503,0.14994976,0
0.77799994,0.22200005,1
0.76609236,0.23390761,1
0.7763426,0.2236574,1
0.9701818,0.029818183,0
0.96939653,0.030603431,0
0.8614852,0.13851482,1
0.9718783,0.028121667,0
0.303568,0.696432,1
0.29376635,0.7062337,1
0.82742953,0.17257044,0
0.9675377,0.032462306,0
0.9804197,0.019580297,0
0.8073399,0.19266006,1
0.62966615,0.37033388,1
0.17952299,0.820477,1
0.16910253,0.83089745,1
0.1791012,0.8208988,1
0.20010942,0.79989064,1
0.3056149,0.6943851,1
0.08757728,0.9124227,1
0.048635606,0.9513644,1
0.08588012,0.9141199,1
0.2913197,0.70868033,1
0.9430623,0.056937657,0
0.82709837,0.17290159,0
0.858126,0.141874,0
0.29039943,0.7096005,1
0.20298235,0.7970177,1
0.35192814,0.6480718,1
0.9698047,0.03019527,0
0.1529335,0.8470665,1
0.73839235,0.26160768,0
0.38160965,0.6183903,1
0.7905379,0.20946214,0
0.8853783,0.114621714,0
0.8291246,0.17087539,0
0.8576063,0.14239374,0
0.48175448,0.51824546,1
0.503591,0.49640903,1
0.805206,0.19479398,1
0.8271092,0.17289072,1
0.8101569,0.18984313,1
0.6430667,0.35693327,1
0.4079859,0.59201413,1
0.6180472,0.3819528,1
0.1547185,0.8452815,1
0.3335014,0.6664986,1
0.3304998,0.66950023,1
0.72260964,0.27739033,0
0.7291425,0.27085754,0
0.95596725,0.044032738,0
0.94284797,0.057152025,0
0.7563849,0.2436151,0
0.28862825,0.7113717,1
0.24737753,0.7526225,1
0.25878125,0.74121875,1
0.68457,0.31542996,1
0.7575032,0.24249676,1
0.95472085,0.04527916,0
0.7736241,0.22637594,0
0.95033896,0.04966096,0
0.9548067,0.04519328,0
0.08643546,0.9135645,1
0.11819451,0.8818054,1
0.2579088,0.74209124,1
0.86061466,0.13938533,0
0.92957515,0.07042484,0
0.72072005,0.2792799,0
0.67156357,0.32843643,0
0.2321535,0.7678465,1
0.1776344,0.82236564,1
0.20259193,0.7974081,1
0.26044616,0.7395538,1
0.71650213,0.2834978,0
0.25354272,0.7464573,1
0.41399595,0.586004,1
0.16555625,0.83444375,1
0.9817109,0.018289063,0
0.27647334,0.72352666,1
0.65605897,0.34394103,0
0.65649134,0.34350872,0
0.15078017,0.84921986,1
0.10519685,0.89480317,1
0.2405436,0.75945646,1
0.79816234,0.2018377,0
0.7999726,0.20002736,0
0.7941121,0.20588787,1
0.35317433,0.6468256,1
0.22422689,0.77577305,1
0.12967749,0.8703225,1
0.053216368,0.9467836,1
0.051056035,0.948944,1
0.12402385,0.87597615,1
0.29804838,0.7019517,1
0.37591895,0.6240811,0
0.87295127,0.12704873,0
0.7991352,0.20086475,0
0.3913034,0.6086966,0
0.11002693,0.88997304,1
0.058013152,0.94198686,1
0.1383013,0.86169875,1
0.47262406,0.527376,0
0.9372027,0.062797286,0
0.9558344,0.044165637,0
0.9744598,0.02554021,0
0.97469556,0.025304483,0
0.9255099,0.074490055,0
0.06953803,0.930462,1
0.06828334,0.93171674,1
0.13315587,0.86684406,1
0.13850807,0.8614919,1
0.16125983,0.83874017,1
0.07753846,0.92246157,1
0.9455174,0.054482605,0
0.25993264,0.74006736,1
0.7348943,0.26510575,0
0.7287086,0.27129143,0
0.8014275,0.19857253,0
0.7039509,0.29604918,0
0.042752497,0.95724756,1
0.10170142,0.8982986,1
0.69766176,0.30233824,0
0.12485166,0.8751483,1
0.7320458,0.2679542,0
0.43049043,0.56950957,1
0.7801986,0.21980137,0
0.20230469,0.79769534,1
0.6818358,0.31816417,0
0.7065194,0.29348066,0
0.26167172,0.7383283,1
0.104593866,0.8954061,1
0.05880108,0.94119895,1
0.11440603,0.88559395,1
0.18825893,0.811741,1
0.23124762,0.7687524,0
0.2099919,0.7900081,0
0.111966796,0.88803315,1
0.08663928,0.9133607,1
0.22996387,0.7700361,0
0.63057977,0.36942026,0
0.83181596,0.16818406,0
0.8114852,0.18851481,0
0.17987613,0.82012385,0
0.03838006,0.96162,1
0.118761964,0.88123804,1
0.15775134,0.8422487,1
0.026072897,0.973927,1
0.044475544,0.9555244,1
0.069289535,0.9307105,1
0.069832675,0.9301673,1
0.6539547,0.34604523,0
0.15129389,0.8487061,1
0.141857,0.85814303,1
0.032947805,0.96705216,1
0.07463047,0.9253695,1
0.08234107,0.917659,1
0.072888285,0.92711174,1
0.6661021,0.33389792,0
0.19417356,0.8058264,1
0.69420296,0.30579704,0
0.6149173,0.3850827,0
0.15987532,0.84012467,1
0.06516071,0.93483925,1
0.05663818,0.9433618,1
0.066399805,0.9336002,1
0.9437367,0.056263316,0
0.1467339,0.8532662,1
0.2604502,0.73954976,0
0.81245947,0.18754052,0
0.92628855,0.07371147,0
0.13725823,0.86274177,1
0.8815495,0.11845053,0
0.8047318,0.19526814,0
0.8279939,0.17200604,0
0.8543245,0.14567553,0
0.86045635,0.13954367,0
0.8345654,0.16543463,0
0.76743084,0.23256914,0
0.8132145,0.18678552,0
0.8749036,0.12509643,0
0.08575096,0.91424906,1
0.78466374,0.21533628,0
0.75654554,0.24345444,0
0.6353649,0.36463514,1
0.42985794,0.57014203,1
0.9229213,0.077078715,0
0.7610314,0.23896858,0
0.05568176,0.9443182,1
0.85307974,0.1469202,0
0.11410126,0.88589877,1
0.20432396,0.79567605,1
0.6890871,0.3109129,0
0.89951617,0.10048386,0
0.27156863,0.7284314,0
0.2292181,0.77078193,1
0.23360667,0.7663933,1
0.25968394,0.7403161,1
0.090641096,0.9093589,1
0.9711247,0.028875299,0
0.9824854,0.01751456,0
0.795585,0.20441505,0
0.5140001,0.48599985,0
0.12186432,0.8781357,1
0.048805818,0.95119417,1
0.051288515,0.94871145,1
0.073776565,0.9262234,1
0.15722997,0.8427701,0
0.05573824,0.9442617,1
0.039841693,0.9601583,1
0.057128556,0.9428714,1
0.15527381,0.84472626,0
0.9343095,0.06569052,0
0.98152,0.018479927,0
0.10679127,0.8932087,1
0.032788273,0.9672117,1
0.032897707,0.96710235,1
0.04956508,0.9504349,1
0.032414936,0.967585,1
0.040201686,0.9597984,1
0.07262162,0.9273783,1
0.33054787,0.66945213,0
0.28204268,0.7179574,0
0.06696327,0.93303674,1
0.38484287,0.6151572,0
0.2164689,0.7835311,1
0.9705556,0.029444436,0
0.041083515,0.9589165,1
0.036925867,0.96307415,1
0.041132808,0.95886713,1
0.049750812,0.9502492,1
0.05275841,0.9472416,1
0.11917098,0.88082904,1
0.26781294,0.7321871,0
0.58490586,0.41509408,0
0.8664136,0.1335864,0
0.98004675,0.019953227,0
0.78483677,0.21516322,0
0.080367036,0.919633,1
0.12828599,0.87171394,0
0.14715591,0.8528441,0
0.058289018,0.941711,1
0.12159324,0.87840676,0
0.85950774,0.14049228,0
0.6074393,0.3925607,0
0.09759623,0.9024037,1
0.5359997,0.46400023,0
0.10138862,0.89861137,1
0.15431274,0.84568727,1
0.15546834,0.84453166,1
0.16126077,0.83873916,1
0.6509485,0.34905154,0
0.17884226,0.8211577,1
0.79335,0.2066501,0
0.19565976,0.8043402,1
0.30707434,0.6929257,1
0.6346474,0.36535257,1
0.06071741,0.9392826,1
0.22551008,0.77448994,1
0.047672164,0.9523278,1
0.038769025,0.961231,1
0.036466546,0.96353346,1
0.13685527,0.8631447,1
0.7118954,0.28810465,0
0.9241874,0.0758126,0
0.9590735,0.040926572,0
0.2034282,0.79657185,1
0.23411894,0.76588106,1
0.62572,0.37427992,0
0.3415977,0.6584022,1
0.14221238,0.8577876,1
0.6953859,0.30461413,0
0.2788604,0.72113967,1
0.21579246,0.7842076,1
0.24624059,0.7537594,1
0.2952246,0.70477545,1
0.2947141,0.7052859,1
0.9027847,0.09721524,0
0.9843799,0.01562014,0
0.8899907,0.11000928,0
0.9588425,0.04115748,0
0.043858595,0.9561414,1
0.0862547,0.91374534,1
0.113877915,0.8861221,1
0.8718535,0.12814653,0
0.14676178,0.8532382,1
0.14761925,0.85238075,1
0.17582808,0.8241719,1
0.9752544,0.02474561,0
0.9855745,0.014425497,0
0.03485994,0.96514,1
0.04773895,0.9522611,1
0.052115597,0.9478844,1
0.05900301,0.940997,1
0.80525184,0.1947482,0
0.8186599,0.18134017,0
0.7325626,0.26743737,0
0.9728169,0.02718313,0
0.9735607,0.026439337,0
0.49635476,0.5036453,0
0.047109436,0.9528905,1
0.31094155,0.68905854,1
0.30951327,0.6904867,1
0.7191282,0.2808718,0
0.3739492,0.62605083,1
0.8586549,0.14134507,0
0.94997555,0.050024495,0
0.6642697,0.33573034,1
0.11561055,0.88438946,1
0.06868768,0.9313124,1
0.07688841,0.9231116,1
0.048868816,0.95113117,1
0.05568966,0.9443103,1
0.09979811,0.9002019,1
0.11865984,0.88134015,1
0.80479366,0.19520639,0
0.24511725,0.7548828,1
0.10784246,0.89215755,1
0.08476399,0.91523594,1
0.06231039,0.9376896,1
0.054926224,0.9450738,1
0.049769837,0.9502301,1
0.061774194,0.93822587,1
0.34140357,0.65859646,0
0.6038692,0.3961308,0
0.26241985,0.7375801,0
0.08299251,0.91700745,1
0.097098775,0.90290123,1
0.029285798,0.97071415,1
0.08639413,0.9136058,0
0.26172304,0.7382769,0
0.85723054,0.14276943,0
0.902243,0.09775699,0
0.9233445,0.07665544,0
0.9208789,0.07912113,0
0.19202162,0.8079784,0
0.9115299,0.08847009,0
0.9535918,0.04640814,0
0.9617106,0.03828948,0
0.12293933,0.87706065,1
0.18125603,0.81874394,1
0.26362124,0.7363787,1
0.6207129,0.37928715,0
0.93673617,0.063263826,0
0.32336724,0.67663276,1
0.9672112,0.032788772,0
0.9825095,0.017490469,0
0.98838645,0.011613575,0
0.9411261,0.058873888,0
0.94417906,0.055820927,0
0.9487112,0.051288795,0
0.9281016,0.07189842,0
0.7137229,0.28627706,1
0.977096,0.022903899,0
0.64948094,0.3505191,1
0.8156341,0.18436591,0
0.85014254,0.14985748,0
0.8442961,0.15570387,0
0.113719136,0.8862809,1
0.72133523,0.27866474,1
0.8624586,0.13754137,0
0.9000011,0.09999883,1
0.64316726,0.35683274,1
0.33982512,0.66017485,1
0.0982364,0.9017636,1
0.08275758,0.91724247,1
0.36055017,0.6394498,1
0.7102187,0.2897812,0
0.3239896,0.6760104,1
0.7524566,0.2475434,0
0.49492863,0.5050714,1
0.7561997,0.2438003,0
0.8989013,0.1010987,0
0.22770369,0.77229625,1
0.2222518,0.77774817,1
0.91394067,0.086059384,0
0.6829736,0.31702638,1
0.2089495,0.7910505,1
0.14943667,0.85056335,1
0.14399196,0.856008,1
0.058771517,0.9412285,1
0.053033374,0.9469666,1
0.025410658,0.97458935,1
0.085118905,0.9148811,1
0.96366936,0.036330584,0
0.71238595,0.28761408,0
0.2793018,0.72069824,1
0.07205023,0.9279497,1
0.028189592,0.9718104,1
0.037289616,0.96271044,1
0.040297043,0.95970297,1
0.031077266,0.9689227,1
0.056559954,0.9434401,1
0.058805145,0.94119483,0
0.08470601,0.915294,0
0.949017,0.050983027,0
0.8303365,0.16966356,0
0.07482426,0.9251757,1
0.01699783,0.9830021,1
0.01787687,0.9821231,1
0.02672276,0.9732772,1
0.021391556,0.9786084,1
0.16341713,0.83658284,0
0.10982208,0.89017797,0
0.771259,0.22874093,0
0.8061024,0.19389758,0
0.82058144,0.17941858,0
0.6395203,0.36047968,0
0.6279201,0.37207988,0
0.23280886,0.7671912,0
0.079827815,0.92017215,0
0.2341495,0.7658505,0
0.72237253,0.27762747,0
0.7596561,0.24034388,0
0.30170238,0.6982977,1
0.78275365,0.21724631,0
0.6758792,0.32412088,0
0.5255361,0.47446382,1
0.27678818,0.72321177,1
0.061573423,0.93842655,1
0.053502493,0.94649756,1
0.113967635,0.88603234,0
0.758271,0.24172895,0
0.9801958,0.01980422,0
0.55744725,0.4425527,0
0.056103602,0.94389635,1
0.021886861,0.9781131,1
0.025441835,0.9745582,1
0.041377917,0.95862204,1
0.03579049,0.9642095,1
0.032216873,0.96778315,1
0.045071818,0.9549282,1
0.96751326,0.03248671,0
0.96828,0.031720005,0
0.68643963,0.31356037,0
0.11036397,0.88963604,0
0.079611704,0.9203882,0
0.26778576,0.7322142,0
0.8700446,0.12995544,0
0.87637556,0.12362443,0
0.43780446,0.5621955,0
0.5023317,0.49766842,0
0.46267718,0.53732276,0
0.9667077,0.033292346,0
0.9648573,0.035142746,0
0.9607415,0.03925846,0
0.7253681,0.27463186,0
0.9293318,0.07066821,0
0.31556308,0.6844369,1
0.28608721,0.7139128,1
0.43133542,0.5686646,1
0.23597188,0.76402813,1
0.059753716,0.9402462,1
0.053372953,0.9466271,1
0.24408306,0.7559169,1
0.27156657,0.72843343,1
0.2867275,0.7132725,1
0.9100182,0.08998179,0
0.39726695,0.602733,1
0.5028667,0.49713334,1
0.9669193,0.033080682,0
0.9610117,0.038988207,0
0.93566465,0.064335294,0
0.9206133,0.079386674,0
0.3900851,0.60991496,1
0.24635558,0.7536444,1
0.79140604,0.20859392,0
0.83559144,0.16440852,0
0.17033117,0.8296688,1
0.25864512,0.7413548,1
0.2679666,0.73203343,1
0.8571796,0.14282039,0
0.34228784,0.65771216,1
0.92286295,0.07713711,0
0.9374034,0.06259663,0
0.27997944,0.72002053,1
0.044168796,0.9558312,1
0.042540736,0.9574593,1
0.052855756,0.9471442,1
0.14398678,0.85601324,1
0.040679812,0.9593201,1
0.07316889,0.92683107,1
0.09915416,0.9008458,1
0.082593955,0.9174061,1
0.70086354,0.29913646,0
0.6546423,0.3453577,0
0.029286807,0.97071314,1
0.23826772,0.7617323,0
0.23240289,0.7675971,0
0.19753882,0.80246115,0
0.19959004,0.80041,0
0.2412719,0.7587281,0
0.17719683,0.82280314,0
0.67359895,0.32640105,0
0.9808429,0.019157052,0
0.98000103,0.019999016,0
0.047583696,0.95241624,1
0.08426471,0.9157353,1
0.13315098,0.866849,1
0.64233524,0.35766473,0
0.30204886,0.69795114,1
0.5252402,0.47475985,0
0.20622726,0.79377276,1
0.5738019,0.42619807,0
0.049322136,0.9506778,1
0.048097283,0.9519027,1
0.059317734,0.94068223,1
0.3757618,0.6242382,1
0.60316485,0.39683512,0
0.3856681,0.6143319,1
0.7028896,0.29711038,0
0.027360344,0.9726397,1
0.40720192,0.5927981,0
0.22595145,0.77404857,1
0.9690138,0.030986218,0
0.4148246,0.5851754,0
0.38346303,0.616537,0
0.29751584,0.7024842,1
0.11385798,0.8861421,1
0.11448522,0.88551474,1
0.92984706,0.0701529,0
0.919999,0.080000974,0
0.9081493,0.09185069,0
0.92590106,0.074098945,0
0.9162145,0.08378553,0
0.5153969,0.48460308,1
0.9356345,0.06436548,0
0.537493,0.462507,1
0.41173384,0.5882662,1
0.2649703,0.7350297,1
0.32531285,0.67468715,1
0.2703981,0.7296019,1
0.83288825,0.1671118,0
0.8819273,0.11807266,0
0.71612734,0.28387263,0
0.90750945,0.092490554,0
0.9584367,0.041563276,0
0.88790053,0.112099506,0
0.60926914,0.39073083,1
0.8085208,0.19147918,0
0.11164688,0.8883531,1
0.9177686,0.08223138,0
0.90926814,0.090731785,0
0.91764414,0.082355835,0
0.36836952,0.63163054,1
0.95840114,0.04159884,0
0.17081599,0.82918406,1
0.18513377,0.81486624,1
0.13307205,0.8669279,1
0.22448446,0.77551556,1
0.63338685,0.3666132,0
0.20595703,0.79404294,1
0.2823757,0.71762437,1
0.982544,0.01745604,0
0.94207627,0.057923734,0
0.03703679,0.96296316,1
0.07309095,0.92690897,1
0.054826435,0.94517356,1
0.74258494,0.25741503,0
0.8181952,0.18180479,0
0.6614381,0.33856186,0
0.09372392,0.90627605,1
0.010856162,0.9891438,1
0.047775988,0.952224,1
0.061166465,0.93883353,1
0.090767495,0.9092325,1
0.075459994,0.9245399,1
0.3825413,0.6174587,0
0.09808883,0.90191114,1
0.52269596,0.4773041,0
0.68591,0.31409004,0
0.035903014,0.964097,1
0.09912249,0.9008776,1
0.104750246,0.8952497,1
0.9475183,0.05248168,0
0.0677368,0.93226326,1
0.066238165,0.93376184,1
0.038419798,0.96158016,1
0.03489901,0.96510106,1
0.03229766,0.9677023,1
0.030121902,0.96987814,1
0.030927578,0.96907246,1
0.03229187,0.9677081,1
0.034448095,0.9655519,1
0.11452544,0.88547456,1
0.86880475,0.13119525,0
0.76106566,0.23893432,0
0.6915417,0.30845833,0
0.28124708,0.71875286,1
0.07936025,0.92063975,1
0.65430546,0.3456946,0
0.3294021,0.67059785,0
0.35550475,0.64449525,0
0.05259759,0.9474024,1
0.31064653,0.6893534,0
0.79794127,0.2020587,0
0.8442244,0.15577559,0
0.083288975,0.91671103,1
0.053810105,0.9461899,1
0.8974533,0.102546744,0
0.94042945,0.059570607,0
0.0731814,0.92681855,1
0.665534,0.33446598,0
0.59439117,0.40560886,0
0.57902783,0.4209721,0
0.29363936,0.7063607,0
0.06943155,0.9305684,1
0.5384137,0.46158636,0
0.094725125,0.90527487,1
0.12550451,0.87449545,1
0.94474554,0.055254444,0
0.09085201,0.90914804,1
0.13480246,0.8651975,1
0.7195514,0.28044856,0
0.9418993,0.05810073,0
0.061791893,0.9382081,1
0.074179284,0.9258207,1
0.17704378,0.8229562,1
0.6928155,0.3071845,0
0.116781525,0.8832185,1
0.9663067,0.03369334,0
0.96080226,0.039197765,0
0.30014136,0.69985867,1
0.1918974,0.8081026,1
0.18665227,0.8133477,1
0.19552098,0.804479,1
0.15951578,0.8404842,1
0.08646909,0.9135309,1
0.06296171,0.93703824,1
0.7846014,0.21539865,0
0.5435613,0.45643878,0
0.9541576,0.04584244,0
0.95084304,0.04915697,0
0.14618452,0.85381544,1
0.6577489,0.34225118,0
0.34334594,0.656654,1
0.53857005,0.46142998,0
0.81011474,0.18988523,0
0.8368006,0.1631994,0
0.8632737,0.13672638,0
0.7993984,0.20060161,0
0.80562276,0.19437726,0
0.9060612,0.093938805,0
0.28411895,0.71588105,1
0.07116244,0.9288376,1
0.27519178,0.72480816,1
0.011293946,0.988706,1
0.02618735,0.97381264,1
0.05283035,0.94716966,1
0.059482522,0.9405175,1
0.9338516,0.0661484,0
0.6081829,0.39181706,0
0.07967869,0.9203213,1
0.03590502,0.964095,1
0.02533787,0.9746621,1
0.030728122,0.9692719,1
0.13484439,0.86515564,1
0.3896699,0.6103301,0
0.88884634,0.1111537,0
0.17641366,0.82358634,1
0.6949049,0.30509508,0
0.80842644,0.19157356,0
0.8230468,0.1769532,0
0.8397819,0.16021813,0
0.86849433,0.1315057,0
0.27811012,0.7218898,1
0.28290093,0.7170991,1
0.9916161,0.008383909,0
0.9879879,0.01201208,0
0.89942867,0.10057126,0
0.19289613,0.8071039,1
0.085948944,0.9140511,1
0.080832906,0.91916716,1
0.7053518,0.29464817,0
0.7895839,0.21041611,0
0.8766623,0.12333767,0
0.13640998,0.86359006,1
0.9856851,0.014314911,0
0.98726267,0.012737283,0
0.95463914,0.04536086,0
0.54347694,0.45652312,1
0.54130286,0.4586971,1
0.33709946,0.6629005,1
0.3120707,0.68792933,1
0.2889536,0.7110464,1
0.009269941,0.9907301,1
0.027420295,0.9725797,1
0.061023645,0.93897635,1
0.04150353,0.9584965,1
0.79854393,0.20145611,0
0.7097822,0.29021785,0
0.20636359,0.7936364,1
0.06658792,0.9334121,1
0.6764679,0.32353207,0
0.034281664,0.9657183,1
0.28632766,0.7136724,0
0.59521383,0.40478614,0
0.7367865,0.26321352,0
0.5526062,0.44739377,0
0.94249916,0.057500895,0
0.9492626,0.05073738,0
0.6799104,0.32008952,0
0.341376,0.658624,1
0.66062385,0.33937615,0
0.32362267,0.67637736,1
0.5699346,0.43006542,0
0.6186743,0.38132572,0
0.61680555,0.38319445,0
0.85301965,0.14698039,0
0.4065995,0.5934005,1
0.791621,0.20837897,1
0.8754484,0.12455158,0
0.92193896,0.078061014,0
0.6427193,0.3572807,1
0.30258074,0.6974192,1
0.16966201,0.83033794,1
0.55262583,0.44737417,0
0.1551194,0.8448806,1
0.5475521,0.45244786,0
0.28091928,0.71908075,1
0.7836615,0.21633852,0
0.81901026,0.18098967,0
0.33493075,0.6650693,1
0.09160311,0.90839684,1
0.25809503,0.741905,1
0.21331419,0.7866858,1
0.89958936,0.100410625,0
0.9292546,0.07074535,0
0.5628142,0.43718585,1
0.7222191,0.27778086,0
0.56476694,0.4352331,0
0.6321425,0.36785746,1
0.88167197,0.11832803,0
0.34255955,0.6574405,1
0.17414232,0.8258577,1
0.3226856,0.6773144,1
0.2198285,0.78017145,1
0.8434763,0.15652364,0
0.96945626,0.030543763,0
0.8509766,0.14902341,0
0.30252588,0.6974741,1
0.3125809,0.68741906,0
0.07834411,0.9216559,1
0.07941091,0.920589,1
0.31815922,0.6818408,1
0.09536982,0.9046301,1
0.23103012,0.7689699,1
0.8590898,0.14091018,0
0.9604791,0.039520912,0
0.87396985,0.12603019,0
0.77381426,0.22618571,0
0.6862508,0.31374916,0
0.7008322,0.29916787,0
0.66805863,0.33194137,0
0.68432015,0.31567982,0
0.6634156,0.3365844,0
0.75163114,0.24836884,0
0.76693016,0.23306982,1
0.7637565,0.23624349,1
0.9527455,0.047254525,0
0.96359044,0.03640954,0
0.9051205,0.094879515,0
0.79441917,0.20558082,0
0.7936783,0.20632175,0
0.06130418,0.9386958,1
0.7730824,0.22691762,0
0.796551,0.20344904,0
0.8175497,0.18245031,0
0.9646744,0.035325576,0
0.85829616,0.1417039,1
0.68644106,0.3135589,1
0.38495773,0.61504227,1
0.18606865,0.8139313,1
0.21443367,0.78556633,1
0.36953554,0.6304645,1
0.38199812,0.6180019,1
0.8777198,0.12228016,0
0.7012102,0.2987898,0
0.5520863,0.4479137,1
0.50150025,0.49849972,1
0.50630003,0.4937,1
0.6445875,0.35541242,0
0.7411074,0.25889263,0
0.79907864,0.2009213,0
0.8715326,0.12846735,0
0.85699165,0.14300837,0
0.8519551,0.14804488,0
0.9384988,0.06150119,0
0.9464922,0.053507827,0
0.89724183,0.10275819,0
0.7152809,0.2847191,0
0.6350882,0.3649118,0
0.71834254,0.2816575,0
0.6241005,0.3758995,1
0.89406276,0.10593727,0
0.85945517,0.14054485,0
0.8038755,0.19612451,0
0.77976197,0.22023804,0
0.39847374,0.6015263,1
0.595739,0.40426096,0
0.18502824,0.8149718,1
0.9216304,0.078369625,0
0.9147055,0.08529449,0
0.8511975,0.14880255,0
0.854307,0.14569299,0
0.30668992,0.69331014,1
0.1562787,0.84372133,1
0.7257979,0.2742021,0
0.1443507,0.85564935,1
0.75238854,0.24761143,0
0.7723476,0.22765234,0
0.82374036,0.17625965,0
0.98970187,0.010298188,0
0.9808467,0.01915333,0
0.98999584,0.0100041395,0
0.8935329,0.106467165,0
0.47655165,0.5234484,1
0.27849904,0.72150093,1
0.27807063,0.7219294,1
0.28645077,0.7135492,1
0.60109115,0.39890885,0
0.62972236,0.3702776,0
0.6747513,0.32524866,0
0.13191381,0.86808616,1
0.9559056,0.04409441,0
0.95388687,0.046113145,0
0.9085908,0.091409184,0
0.3831443,0.6168557,1
0.357927,0.642073,1
0.36231878,0.63768125,1
0.708637,0.29136306,0
0.8008423,0.19915771,0
0.8597713,0.14022872,0
0.75919104,0.24080893,1
0.9284024,0.07159757,0
0.91069585,0.089304134,0
0.8571536,0.14284647,0
0.7610019,0.23899814,0
0.7623004,0.2376996,0
0.7789774,0.22102265,0
0.76543075,0.23456922,0
0.7926622,0.20733774,0
0.84365207,0.15634798,0
0.8409216,0.15907839,0
0.8124654,0.18753456,0
0.96908087,0.030919211,0
0.96563196,0.03436801,0
0.9517128,0.0482872,0
0.7519978,0.24800219,0
0.66505873,0.33494127,1
0.6865672,0.3134329,1
0.71987,0.28013006,1
0.74134815,0.2586518,1
0.74163574,0.25836426,1
0.7759516,0.22404835,0
0.7483863,0.25161362,1
0.46351746,0.5364826,1
0.87871176,0.12128821,0
0.55797744,0.4420226,1
0.7302287,0.26977134,0
0.19135395,0.8086461,1
0.19500837,0.80499166,1
0.3495648,0.6504352,1
0.7401437,0.25985637,0
0.18887204,0.8111279,1
0.52513367,0.4748663,1
0.58771986,0.41228008,0
0.13112196,0.868878,1
0.16888398,0.831116,1
0.15744929,0.8425507,0
0.9235838,0.07641618,0
0.90041023,0.09958972,0
0.8350589,0.16494101,0
0.80265856,0.19734146,0
0.44953185,0.55046815,0
0.32387626,0.67612374,1
0.31377435,0.68622565,1
0.12114373,0.8788563,1
0.03353025,0.9664698,1
0.08775345,0.9122466,1
0.039475176,0.9605248,1
0.023198398,0.9768016,1
0.025219368,0.9747806,1
0.02470464,0.97529536,1
0.046176676,0.9538233,1
0.89607847,0.10392155,0
0.88287216,0.11712787,0
0.8468717,0.15312825,0
0.7894897,0.21051034,0
0.4368624,0.56313753,1
0.036138732,0.9638613,1
0.01834721,0.9816528,1
0.026063662,0.9739363,1
0.0064336937,0.99356633,1
0.10477698,0.8952231,0
0.12863258,0.8713674,0
0.009520597,0.9904794,1
0.019785201,0.98021483,1
0.6911942,0.30880588,0
0.5570932,0.4429068,0
0.3578157,0.64218426,1
0.32596844,0.67403156,1
0.6395413,0.3604586,0
0.7457967,0.25420332,0
0.6426203,0.35737965,0
0.6773455,0.32265446,0
0.8996299,0.10037006,0
0.86522055,0.13477948,0
0.69859785,0.30140215,0
0.7683692,0.23163073,0
0.8377552,0.1622448,0
0.85215026,0.14784977,1
0.8609919,0.13900805,0
0.91183186,0.088168114,0
0.54605025,0.45394975,1
0.5066058,0.4933942,1
0.7733051,0.22669488,0
0.46348694,0.53651303,1
0.86235726,0.13764271,0
0.89301825,0.1069817,0
0.7908364,0.20916364,0
0.4468155,0.5531845,1
0.12623797,0.873762,1
0.17095728,0.8290427,1
0.16981582,0.8301841,1
0.24181527,0.75818473,1
0.23801823,0.7619818,1
0.17429835,0.82570165,1
0.2141379,0.7858621,0
0.61469114,0.38530886,0
0.5302109,0.46978912,0
0.2660633,0.7339368,1
0.13422157,0.86577845,1
0.106705084,0.8932949,1
0.44990662,0.5500934,0
0.38230792,0.61769205,0
0.34904066,0.6509593,0
0.16582148,0.83417857,1
0.98206055,0.017939433,0
0.9794388,0.020561276,0
0.27594683,0.7240532,1
0.056892827,0.9431071,1
0.07840295,0.92159706,1
0.22084165,0.77915835,1
0.20792356,0.79207647,1
0.060734924,0.939265,1
0.9114767,0.08852332,0
0.9076772,0.092322804,0
0.78693163,0.21306829,1
0.72094715,0.27905288,0
0.60219896,0.39780104,0
0.71916187,0.28083816,0
0.24768515,0.7523148,1
0.39439595,0.60560405,0
0.16294667,0.83705336,1
0.6968165,0.30318353,0
0.49121654,0.50878346,0
0.43217108,0.5678289,0
0.123973295,0.8760267,1
0.5228233,0.47717676,0
0.36442557,0.6355744,0
0.3146655,0.6853345,1
0.30574855,0.6942514,1
0.19461389,0.8053861,1
0.46969694,0.530303,0
0.44803768,0.5519624,1
0.28168276,0.7183173,1
0.76054543,0.23945454,0
0.7009315,0.29906854,0
0.51774406,0.482256,0
0.41327488,0.5867251,1
0.43389413,0.5661058,0
0.49011004,0.5098899,0
0.13282654,0.8671735,1
0.08060429,0.91939574,1
0.89079237,0.10920762,0
0.8799017,0.12009832,0
0.4143585,0.5856415,0
0.44157863,0.55842143,0
0.4524585,0.54754156,0
0.46291646,0.53708345,0
0.62243676,0.37756315,0
0.695757,0.3042431,0
0.7473997,0.25260028,0
0.7867808,0.21321923,1
0.68872565,0.31127438,1
0.59923697,0.40076303,1
0.5348713,0.46512866,0
0.63513786,0.36486214,0
0.63444275,0.36555722,1
0.6425068,0.35749322,1
0.75766706,0.2423329,0
0.5960796,0.40392044,1
0.29173768,0.7082623,1
0.1161874,0.88381255,1
0.0956881,0.9043119,1
0.1258191,0.874181,1
0.20831949,0.7916805,0
0.17618102,0.8238189,1
0.15924613,0.84075385,0
0.15980163,0.8401984,0
0.85507697,0.144923,0
0.48376164,0.51623833,0
0.56200045,0.43799955,0
0.31988984,0.68011016,1
0.25762543,0.74237454,1
0.12770826,0.87229174,1
0.15886925,0.84113073,1
0.056602985,0.94339705,1
0.09551264,0.9044873,0
0.059297007,0.940703,1
0.8654742,0.13452579,0
0.7773774,0.22262265,0
0.02710602,0.97289395,1
0.027645132,0.97235495,1
0.043500733,0.95649934,1
0.029218083,0.9707819,1
0.0154529065,0.9845471,1
0.09563897,0.90436107,1
0.12958078,0.87041926,1
0.5957792,0.40422076,0
0.76767915,0.23232089,0
0.75211126,0.24788873,0
0.7159635,0.28403658,0
0.5927887,0.4072113,0
0.17371213,0.82628787,1
0.014626401,0.9853736,1
0.016281776,0.9837182,1
0.037447985,0.962552,1
0.034749083,0.96525097,1
0.05194353,0.9480564,1
0.19001007,0.8099899,1
0.28818053,0.71181947,0
0.78250283,0.21749714,0
0.83534265,0.16465732,0
0.8213332,0.17866679,0
0.8106955,0.1893045,0
0.7248542,0.27514583,0
0.04244383,0.9575562,1
0.040832493,0.95916754,1
0.0003034678,0.9996966,1
0.14923179,0.8507682,1
0.20976229,0.7902377,0
0.44445938,0.5555406,0
0.730999,0.26900107,0
0.046043344,0.9539566,1
0.020814361,0.97918564,1
0.019436195,0.9805638,1
0.07435392,0.92564607,0
0.2100814,0.78991854,0
0.30628288,0.6937171,0
0.6965175,0.30348244,0
0.470274,0.52972597,0
0.37368992,0.62631005,0
0.6221421,0.37785792,0
0.34046385,0.6595361,0
0.33018696,0.669813,1
0.16845873,0.83154124,1
0.18944302,0.81055695,1
0.17232396,0.82767606,1
0.111508094,0.888492,1
0.55421823,0.44578186,0
0.58452433,0.41547567,0
0.9000051,0.09999489,0
0.8827693,0.11723069,0
0.870588,0.12941201,0
0.22633235,0.7736677,1
0.13183586,0.8681641,1
0.6792377,0.32076234,0
0.3230973,0.6769028,0
0.56483346,0.43516657,0
0.55319273,0.4468073,0
0.5167192,0.48328075,0
0.5809128,0.41908714,0
0.67679495,0.32320505,1
0.6674851,0.33251488,1
0.1933405,0.8066595,1
0.27738455,0.7226155,1
0.40732557,0.5926744,0
0.5628161,0.4371839,0
0.26477107,0.73522896,1
0.1637414,0.8362586,1
0.84683144,0.15316857,0
0.7151828,0.2848172,0
0.24533261,0.7546674,1
0.19830823,0.80169183,1
0.068406224,0.9315938,1
0.089154676,0.91084534,1
0.074996896,0.9250031,1
0.18826331,0.8117367,1
0.25238118,0.74761885,1
0.8260707,0.17392929,0
0.28142896,0.71857107,1
0.30090177,0.6990983,1
0.27801326,0.7219868,1
0.5058635,0.4941365,0
0.41539752,0.5846025,0
0.6390652,0.3609347,0
0.76826495,0.23173511,0
0.7558184,0.24418153,0
0.18220453,0.81779546,1
0.10653687,0.8934631,1
0.12306766,0.8769324,1
0.12829755,0.87170243,1
0.1947317,0.8052683,1
0.21090549,0.7890945,1
0.23464347,0.7653565,0
0.20870365,0.79129636,0
0.8847381,0.11526193,0
0.8861164,0.1138836,0
0.539372,0.46062803,0
0.19641536,0.80358464,1
0.39479557,0.60520446,0
0.10340268,0.8965974,1
0.14223231,0.8577677,1
0.16935629,0.8306437,1
0.17460619,0.82539386,1
0.20631155,0.7936885,1
0.20658562,0.79341435,1
0.78422624,0.21577373,0
0.6721323,0.32786763,0
0.07529671,0.9247033,1
0.06713212,0.9328678,1
0.11917092,0.88082916,1
0.11473876,0.88526124,1
0.10124937,0.89875066,1
0.09669387,0.90330607,1
0.091900975,0.908099,1
0.08724085,0.9127591,1
0.093155324,0.9068447,1
0.14704853,0.85295147,0
0.6041937,0.39580634,0
0.8572902,0.14270979,0
0.81021965,0.18978037,0
0.11485615,0.88514394,0
0.23489118,0.7651088,0
0.27873787,0.72126216,0
0.60635406,0.39364585,0
0.24816674,0.75183326,0
0.5363021,0.46369785,0
0.51456374,0.48543635,0
0.9406421,0.059357896,0
0.9506177,0.049382307,0
0.9520992,0.04790079,0
0.14588878,0.8541112,1
0.055275284,0.94472474,1
0.04675923,0.95324075,1
0.43767133,0.56232864,0
0.1346025,0.8653975,1
0.6387289,0.36127102,0
0.72918946,0.27081054,0
0.5138096,0.4861904,0
0.0772034,0.9227966,1
0.32214323,0.6778568,0
0.5911904,0.4088096,0
0.61728495,0.38271505,0
0.912918,0.087081976,0
0.663496,0.336504,1
0.57932055,0.42067945,1
0.64952004,0.35047993,0
0.119201146,0.8807989,1
0.13612694,0.863873,1
0.80147886,0.1985211,0
0.4735078,0.52649224,0
0.28121737,0.7187826,1
0.67565817,0.32434186,0
0.78938913,0.21061079,0
0.35872808,0.64127195,1
0.14559868,0.85440135,1
0.2579524,0.7420476,0
0.2919555,0.70804447,0
0.28200155,0.7179984,0
0.2840093,0.7159907,1
0.21890192,0.7810981,1
0.13800685,0.86199313,1
0.87175524,0.12824471,0
0.08412808,0.91587186,1
0.09589904,0.904101,1
0.12679312,0.8732069,1
0.24290407,0.75709593,0
0.2700908,0.72990924,0
0.22817662,0.7718234,0
0.83880174,0.1611982,0
0.7534797,0.24652027,0
0.21392985,0.7860702,1
0.08083985,0.91916007,1
0.1379725,0.86202747,1
0.593772,0.40622798,0
0.152784,0.84721607,1
0.041578744,0.9584213,1
0.042472232,0.9575278,1
0.045240525,0.9547594,1
0.046184395,0.95381564,1
0.043259624,0.9567404,1
0.02315445,0.9768455,1
0.022844266,0.9771557,1
0.023232667,0.97676736,1
0.09008172,0.9099183,0
0.89253426,0.10746579,0
0.54839575,0.45160425,0
0.15976803,0.84023196,0
0.037238386,0.9627616,1
0.008819326,0.9911807,1
0.011181372,0.9888186,1
0.025726404,0.9742736,1
0.3097152,0.6902847,0
0.35521415,0.6447858,0
0.2522266,0.74777347,0
0.083983146,0.9160169,1
0.075499274,0.9245007,1
0.5107008,0.4892992,0
0.67778647,0.32221356,0
0.90278316,0.09721679,0
0.18495624,0.81504375,1
0.63217276,0.36782727,0
0.7089676,0.29103237,0
0.82166976,0.17833026,0
0.94229776,0.057702202,0
0.6556104,0.34438962,1
0.12263374,0.8773663,1
0.16840445,0.83159554,1
0.20329721,0.7967028,1
0.16785155,0.83214843,1
0.6746105,0.32538953,0
0.7815853,0.21841471,0
0.11103347,0.8889665,1
0.16031508,0.83968496,1
0.12828696,0.87171304,1
0.25705242,0.7429475,1
0.8416473,0.1583527,0
0.6068627,0.39313722,0
0.7673063,0.23269366,0
0.9667163,0.03328373,0
0.96385473,0.03614522,0
0.15915719,0.84084284,1
0.12168896,0.87831104,1
0.12322311,0.87677693,1
0.92208225,0.07791779,0
0.9136828,0.086317174,0
0.9064165,0.09358352,0
0.42789274,0.57210726,0
0.10836276,0.89163727,1
0.10268429,0.89731574,1
0.11486903,0.885131,1
0.031215318,0.9687847,1
0.052314397,0.9476856,1
0.5271626,0.4728374,0
0.69382465,0.30617538,1
0.607995,0.39200506,1
0.44923815,0.5507618,1
0.39563143,0.60436857,1
0.3462168,0.65378314,1
0.03679685,0.9632031,1
0.023747252,0.97625273,1
0.025746008,0.97425395,1
0.026848182,0.97315186,1
0.026298357,0.97370166,1
0.18594405,0.8140559,0
0.79620355,0.20379639,0
0.91525346,0.084746584,0
0.7710046,0.2289954,0
0.03297448,0.9670255,1
0.015816038,0.9841839,1
0.011901668,0.9880983,1
0.25078025,0.7492197,0
0.8394527,0.16054733,0
0.64349455,0.35650545,0
0.49312514,0.50687486,0
0.1601504,0.83984965,1
0.13742045,0.86257946,1
0.6911805,0.30881947,0
0.74913,0.25086996,0
0.8075225,0.19247758,0
0.87827146,0.121728525,0
0.95564276,0.04435724,0
0.722228,0.27777198,0
0.28936315,0.71063685,1
0.2977945,0.7022055,1
0.24770091,0.7522991,1
0.16938691,0.83061314,1
0.30014452,0.6998555,1
0.53899014,0.46100986,0
0.90354186,0.096458204,0
0.84157825,0.15842171,0
0.07128615,0.92871386,1
0.09094342,0.9090566,1
0.09846824,0.90153176,1
0.12701946,0.87298054,1
0.21770631,0.7822937,1
0.71486866,0.2851313,0
0.8295857,0.17041434,0
0.775872,0.224128,0
0.90801287,0.09198713,0
0.91955036,0.08044971,0
0.95224845,0.047751497,0
0.30501264,0.6949873,1
0.18378548,0.8162145,1
0.13093418,0.86906576,1
0.067368425,0.9326316,1
0.07225352,0.92774653,1
0.07169354,0.92830646,1
0.06490357,0.93509644,1
0.06972532,0.9302747,1
0.64462024,0.3553798,0
0.2181226,0.7818774,0
0.1746577,0.8253423,0
0.16801332,0.83198667,0
0.12059021,0.8794098,1
0.072451554,0.9275484,1
0.2084472,0.7915528,0
0.9043589,0.09564107,0
0.9335061,0.06649388,0
0.68762666,0.31237337,1
0.35256445,0.6474355,1
0.3127357,0.6872643,1
0.009901709,0.9900983,1
0.008267793,0.99173224,1
0.026225634,0.97377443,1
0.105697826,0.8943022,0
0.14536428,0.85463566,0
0.33309424,0.6669058,0
0.1442508,0.8557492,0
0.10764085,0.89235914,0
0.16529176,0.8347083,0
0.15398121,0.8460188,0
0.18615247,0.81384754,0
0.61648667,0.3835134,0
0.66550297,0.334497,0
0.766428,0.23357196,0
0.6418536,0.35814646,0
0.4896727,0.5103273,1
0.26558477,0.7344153,1
0.09146773,0.9085322,1
0.11419304,0.885807,1
0.09778559,0.9022144,1
0.10566837,0.89433163,1
0.2733046,0.72669536,1
0.39154103,0.60845906,1
0.8762673,0.12373262,0
0.90906715,0.09093283,0
0.95533454,0.044665486,0
0.7053258,0.29467425,0
0.3552784,0.64472157,0
0.65376097,0.34623912,0
0.6523812,0.34761888,0
0.7290306,0.27096945,0
0.81486535,0.18513463,0
0.9380056,0.061994318,0
0.9548968,0.045103174,0
0.30514437,0.6948556,1
0.27945274,0.7205473,1
0.12882547,0.8711746,1
0.16716339,0.83283657,1
0.21709819,0.7829018,1
0.32175782,0.6782422,1
0.26624718,0.7337528,1
0.32560286,0.6743971,1
0.6610182,0.33898178,0
0.8250842,0.17491579,0
0.8631898,0.13681024,0
0.8432224,0.15677767,0
0.8227594,0.17724065,0
0.8342423,0.16575778,0
0.97223127,0.027768664,0
0.96343726,0.03656273,0
0.9595837,0.040416252,0
0.5143623,0.48563772,1
0.4531941,0.54680586,1
0.75664693,0.24335305,0
0.7757846,0.22421537,0
0.78056955,0.21943046,0
0.78396916,0.21603084,0
0.3203334,0.6796666,1
0.38183925,0.6181607,1
0.22287254,0.7771275,1
0.27297685,0.7270231,1
0.97303957,0.026960408,0
0.719996,0.28000405,0
0.8083751,0.19162488,0
0.81081855,0.18918143,0
0.83967763,0.16032237,0
0.11670029,0.8832997,1
0.71796966,0.2820304,1
0.9542481,0.045751844,0
0.7278185,0.2721815,1
0.9268496,0.07315036,0
0.0654436,0.93455637,1
0.14186262,0.85813737,1
0.16687699,0.833123,1
0.1490962,0.8509038,1
0.66657007,0.33343002,0
0.80236137,0.19763866,0
0.8461694,0.15383056,0
0.4671786,0.5328214,0
0.44288546,0.55711454,0
0.36482963,0.63517034,0
0.27245092,0.7275491,1
0.11541392,0.8845861,1
0.12800387,0.8719961,1
0.11760464,0.8823954,1
0.8161224,0.18387757,0
0.837852,0.16214801,0
0.8415645,0.15843548,0
0.8462071,0.15379299,0
0.8933458,0.10665424,0
0.9414658,0.058534205,0
0.7228282,0.27717182,0
0.26379845,0.7362015,1
0.3029342,0.6970658,1
0.29498205,0.7050179,1
0.8609324,0.13906756,0
0.910698,0.08930198,0
0.405716,0.59428394,1
0.27936223,0.7206378,1
0.33202294,0.6679771,1
0.38893056,0.61106944,1
0.37859258,0.6214074,1
0.44368613,0.5563138,1
0.86456156,0.13543844,0
0.9171806,0.082819395,0
0.18695831,0.8130417,1
0.07092319,0.92907673,1
0.076573156,0.92342687,1
0.17763893,0.8223611,1
0.26613516,0.73386484,1
0.38474494,0.61525506,1
0.44036725,0.5596327,0
0.9586571,0.041342877,0
0.415089,0.584911,1
0.41941085,0.5805891,1
0.3506011,0.6493989,1
0.31105283,0.6889472,1
0.9343978,0.06560219,0
0.28274095,0.71725905,1
0.8819317,0.11806826,0
0.9760453,0.023954641,0
0.9664406,0.033559404,0
0.81152755,0.18847246,0
0.8830259,0.11697408,0
0.9492854,0.050714638,0
0.08596864,0.9140314,1
0.11694557,0.88305444,1
0.18679644,0.8132036,1
0.7915127,0.20848726,0
0.8595856,0.14041437,0
0.9126546,0.08734543,0
0.9158123,0.08418766,0
0.78172994,0.21827011,0
0.72086835,0.27913162,0
0.5151458,0.48485416,0
0.51014274,0.4898572,0
0.5078061,0.49219382,0
0.46173233,0.5382677,0
0.5364727,0.46352726,0
0.57502943,0.4249706,0
0.83251107,0.16748898,0
0.85619044,0.14380962,0
0.86992353,0.1300765,0
0.94222474,0.0577753,0
0.9395348,0.060465183,0
0.83223397,0.16776603,0
0.84250456,0.15749547,0
0.32139745,0.6786026,1
0.720407,0.27959293,0
0.49527773,0.5047223,1
0.9310362,0.068963796,0
0.93017083,0.069829136,0
0.951087,0.048913054,0
0.954384,0.04561592,0
0.8039895,0.19601049,0
0.5957533,0.40424666,1
0.6651219,0.3348781,1
0.67112,0.32887998,1
0.7682425,0.23175752,1
0.80792874,0.19207127,0
0.8137546,0.18624543,0
0.7773164,0.22268364,1
0.91102076,0.08897929,0
0.9427778,0.057222188,0
0.9138646,0.08613541,0
0.9589912,0.04100876,0
0.9619534,0.0380466,0
0.49902448,0.50097555,1
0.57016647,0.42983362,1
0.7482467,0.25175327,1
0.9360222,0.06397773,0
0.96732384,0.03267613,0
0.9594947,0.040505253,0
0.8547729,0.14522712,0
0.57348144,0.4265186,1
0.7500916,0.24990842,0
0.8999429,0.10005708,0
0.9090833,0.09091667,0
0.90579975,0.094200194,1
0.8080733,0.19192672,1
0.8733435,0.12665643,1
0.8644824,0.13551763,0
0.8441426,0.15585735,1
0.86649704,0.13350295,0
0.96735495,0.032645047,0
0.9780563,0.021943683,0
0.7972816,0.20271838,1
0.35539627,0.6446037,1
0.3083554,0.69164467,1
0.28862435,0.71137565,1
0.41883782,0.58116215,1
0.09759329,0.90240663,1
0.101624444,0.8983756,1
0.35577232,0.6442276,1
0.9505733,0.04942668,0
0.955765,0.044235025,0
0.94474137,0.0552586,0
0.6385424,0.3614576,1
0.59926975,0.4007302,0
0.11530039,0.8846996,1
0.16030386,0.8396961,1
0.33551797,0.6644821,0
0.31223392,0.6877661,0
0.3761694,0.6238306,0
0.48805967,0.5119403,0
0.60184306,0.3981569,0
0.8348275,0.16517246,0
0.8517396,0.14826034,0
0.91833156,0.08166848,0
0.9369048,0.06309517,0
0.9274933,0.072506726,0
0.169192,0.83080804,1
0.16788214,0.8321179,1
0.4856268,0.5143732,1
0.71330917,0.2866908,0
0.861512,0.13848802,0
0.88139915,0.11860086,0
0.9448897,0.0551103,0
0.91957724,0.0804228,0
0.10304931,0.8969507,1
0.058243006,0.94175696,1
0.08645742,0.9135425,1
0.060428083,0.9395719,1
0.5696024,0.43039766,0
0.75804394,0.24195607,0
0.82461655,0.17538343,0
0.81671864,0.18328133,0
0.71716887,0.28283113,0
0.9472432,0.05275678,0
0.33201537,0.66798466,0
0.34474835,0.6552517,0
0.33366355,0.6663364,0
0.328677,0.671323,0
0.11946825,0.8805318,1
0.6505643,0.34943566,0
0.7850556,0.21494444,0
0.91355526,0.08644468,0
0.13315646,0.8668435,1
0.050550304,0.94944966,1
0.10094784,0.89905214,1
0.3791556,0.62084436,0
0.74159825,0.25840172,0
0.4087645,0.59123546,0
0.9610976,0.038902335,0
0.9635832,0.03641687,0
0.7463071,0.25369295,0
0.80624115,0.19375879,0
0.92279553,0.07720449,0
0.906769,0.09323099,0
0.9366048,0.06339522,0
0.88093984,0.11906016,0
0.981431,0.018569015,0
0.8234266,0.17657346,0
0.61118126,0.38881877,1
0.3984991,0.6015009,1
0.66172487,0.33827513,1
0.9547119,0.045288056,0
0.8351118,0.16488823,0
0.68658406,0.31341594,1
0.67732024,0.32267976,0
0.6484317,0.35156834,1
0.5333688,0.46663114,1
0.81976736,0.18023261,0
0.6518174,0.34818262,1
0.8203631,0.1796369,0
0.8528423,0.14715765,0
0.7934084,0.2065916,1
0.93110126,0.06889873,0
0.53839135,0.46160862,1
0.55243987,0.4475602,1
0.62628317,0.3737168,0
0.71840304,0.28159693,0
0.8297351,0.17026484,0
0.8596261,0.14037395,0
0.38012496,0.6198751,1
0.3555871,0.6444129,1
0.34260964,0.6573903,1
0.2908768,0.7091232,1
0.9432485,0.05675154,0
0.9465878,0.053412203,0
0.94504994,0.054950066,0
0.9427624,0.05723769,0
0.94467837,0.05532156,0
0.9514917,0.048508257,0
0.9508427,0.049157314,0
0.947951,0.05204905,0
0.8323375,0.1676625,0
0.61167693,0.38832307,1
0.5142886,0.48571137,1
0.63465536,0.36534464,1
0.7084117,0.2915883,1
0.9639718,0.036028206,0
0.89278513,0.107214905,0
0.9441779,0.05582214,0
0.88884217,0.11115779,0
0.8863725,0.113627486,0
0.88794976,0.11205023,0
0.89116335,0.10883669,0
0.87746376,0.12253626,0
0.8807856,0.11921441,0
0.9023445,0.09765548,0
0.8852324,0.114767596,1
0.8855578,0.11444219,1
0.9714466,0.028553484,0
0.95846516,0.041534778,0
0.9540966,0.045903437,0
0.9434263,0.056573655,0
0.8685706,0.13142942,1
0.7721773,0.22782275,1
0.79185456,0.20814541,1
0.8835527,0.11644735,0
0.90249676,0.09750328,1
0.8626564,0.13734363,1
0.8669695,0.1330305,0
0.83330375,0.16669624,1
0.927694,0.07230606,1
0.91512173,0.08487826,1
0.5994438,0.4005562,1
0.5713078,0.42869222,1
0.6939828,0.3060172,1
0.85524255,0.14475746,0
0.89134526,0.10865479,0
0.9179514,0.08204865,0
0.8421106,0.15788937,0
0.7936568,0.20634317,0
0.769976,0.23002397,0
0.8276482,0.17235179,0
0.89444256,0.10555746,1
0.90131855,0.09868145,1
0.9170436,0.08295638,0
0.85451066,0.14548934,1
0.8806618,0.119338214,0
0.5802689,0.4197311,1
0.7076427,0.29235733,0
0.7370985,0.26290148,0
0.72679585,0.27320418,0
0.7205409,0.27945918,0
0.6283259,0.37167415,1
0.92534196,0.07465808,0
0.89996094,0.1000391,0
0.86346763,0.13653234,0
0.8235486,0.17645139,0
0.8132437,0.18675633,0
0.6097913,0.39020872,1
0.8172775,0.18272251,0
0.85373145,0.14626859,0
0.86219174,0.13780831,0
0.86116123,0.13883871,0
0.826672,0.17332801,0
0.8296835,0.17031644,0
0.89199525,0.10800474,1
0.93336606,0.066633895,0
0.93181235,0.068187654,1
0.80867404,0.19132593,1
0.4609065,0.53909343,1
0.4536404,0.54635954,1
0.46706,0.53294,1
0.5397379,0.4602621,1
0.7868962,0.21310374,1
0.23333126,0.76666874,1
0.8494932,0.15050676,0
0.899604,0.100395985,0
0.9249086,0.07509149,0
0.92848146,0.07151851,0
0.95277244,0.04722752,0
0.87020636,0.12979364,0
0.54813325,0.45186672,1
0.5238013,0.47619864,1
0.9018084,0.09819163,0
0.8322533,0.16774671,0
0.9172918,0.08270824,0
0.940952,0.05904801,0
0.94514096,0.05485901,0
0.93714565,0.0628544,0
0.9449958,0.05500412,0
0.9017483,0.0982517,0
0.7103717,0.28962833,1
0.23852563,0.7614744,1
0.45584744,0.5441525,1
0.65243626,0.34756368,1
0.742527,0.257473,0
0.115102895,0.8848971,1
0.80046153,0.19953848,0
0.9014056,0.09859446,0
0.9243084,0.07569157,0
0.8182092,0.18179083,0
0.8239089,0.17609107,0
0.93655545,0.06344457,0
0.94349897,0.05650096,0
0.96100026,0.038999725,0
0.9017979,0.09820207,0
0.93307173,0.066928275,0
0.7396854,0.26031455,0
0.7110825,0.28891742,0
0.77185565,0.22814436,0
0.9296864,0.0703136,0
0.9711491,0.028850887,0
0.97665286,0.023347205,0
0.9754174,0.024582598,0
0.96926606,0.030733902,0
0.8764567,0.123543344,0
0.76829815,0.23170185,0
0.8345484,0.16545153,0
0.85972166,0.14027834,0
0.8498859,0.15011412,0
0.86413,0.13586996,0
0.65608704,0.34391293,1
0.617847,0.38215292,1
0.69284064,0.3071594,1
0.062819265,0.9371807,1
0.029457154,0.9705429,1
0.18292135,0.81707865,1
0.06762169,0.93237835,1
0.016101975,0.983898,1
0.7460371,0.2539628,0
0.704655,0.29534504,0
0.5855835,0.4144165,0
0.69068235,0.30931765,0
0.82570523,0.17429473,0
0.7960494,0.2039506,0
0.5752845,0.42471552,0
0.2717758,0.72822416,0
0.4119859,0.5880141,0
0.5738203,0.42617965,0
0.48363864,0.51636136,0
0.7200042,0.2799958,0
0.7033827,0.29661736,0
0.6580397,0.34196034,0
0.6739702,0.32602978,0
0.80666,0.19333999,0
0.7321267,0.26787332,0
0.90114474,0.09885519,0
0.7453049,0.25469506,1
0.46932405,0.530676,1
0.3499382,0.6500618,1
0.29927373,0.7007262,1
0.6716237,0.3283763,0
0.3674093,0.6325907,1
0.6440074,0.3559927,1
0.53365284,0.46634716,1
0.61961097,0.38038906,1
0.5169773,0.48302272,1
0.52184874,0.4781512,1
0.7282428,0.27175716,0
0.48172945,0.51827055,1
0.14684522,0.8531547,1
0.25374162,0.74625844,1
0.33033317,0.6696668,0
0.5810146,0.4189854,0
0.6077661,0.39223394,0
0.3020465,0.69795346,0
0.09980422,0.90019584,1
0.22027215,0.7797278,1
0.49584892,0.504151,0
0.5046286,0.49537143,0
0.425074,0.574926,0
0.10834765,0.89165235,1
0.10092509,0.8990749,1
0.7419674,0.25803268,0
0.85087436,0.14912558,0
0.94175506,0.058244955,0
0.88671184,0.11328812,0
0.61703944,0.38296056,0
0.58980864,0.41019136,0
0.57625794,0.42374203,1
0.61547923,0.3845208,1
0.54538894,0.4546111,1
0.54803985,0.4519602,1
0.845218,0.15478198,0
0.96297497,0.037024997,0
0.9691765,0.030823518,0
0.81335574,0.18664426,1
0.75899214,0.24100785,1
0.66771245,0.33228752,1
0.74453855,0.25546145,0
0.40967363,0.5903263,1
0.7211171,0.27888295,0
0.15074894,0.84925103,1
0.06097622,0.93902373,1
0.10627305,0.89372694,1
0.12085028,0.8791498,1
0.0992925,0.90070754,1
0.044333126,0.9556669,1
0.122744046,0.8772559,1
0.32427067,0.67572933,0
0.6462839,0.353716,0
0.7113041,0.2886959,0
0.8532815,0.14671844,0
0.8412619,0.15873806,0
0.5670173,0.43298274,0
0.5895176,0.41048247,0
0.52926964,0.47073042,0
0.41657314,0.58342683,0
0.07815752,0.92184246,1
0.8283976,0.17160241,0
0.70519364,0.2948063,1
0.7908932,0.20910682,0
0.27290252,0.7270975,1
0.49236757,0.5076324,0
0.504557,0.49544302,1
0.44131574,0.5586843,1
0.5782171,0.42178285,1
0.8576179,0.14238201,0
0.89920086,0.100799136,0
0.59168327,0.40831673,1
0.827494,0.17250602,0
0.8229303,0.1770697,0
0.6223031,0.3776969,0
0.38251188,0.6174881,1
0.2718526,0.72814745,1
0.70775604,0.29224396,0
0.86404604,0.135954,0
0.7541881,0.24581195,0
0.67068934,0.32931063,0
0.6713786,0.3286214,1
0.70767987,0.29232016,0
0.6529881,0.34701192,0
0.734727,0.2652729,0
0.72675204,0.273248,0
0.6192267,0.38077334,1
0.862986,0.13701403,0
0.74452615,0.25547385,0
0.7051357,0.2948643,0
0.64139956,0.35860044,0
0.7305394,0.2694606,0
0.68640643,0.31359357,0
0.6842884,0.3157116,0
0.78043836,0.21956162,0
0.7550796,0.24492034,0
0.7991321,0.20086792,0
0.76196367,0.23803636,0
0.9506613,0.04933872,0
0.68078333,0.31921673,0
0.7949466,0.2050534,0
0.79626566,0.2037343,0
0.7971092,0.20289084,0
0.4683236,0.5316765,1
0.6784918,0.3215082,1
0.7597876,0.24021232,0
0.91562766,0.08437229,0
0.9420623,0.057937656,0
0.56476873,0.4352313,1
0.21654947,0.78345054,1
0.3387684,0.66123164,1
0.01193223,0.98806775,1
0.14186588,0.85813415,1
0.7454016,0.2545984,0
0.7499369,0.25006312,0
0.7254037,0.27459624,0
0.90461254,0.09538746,0
0.88305813,0.11694185,0
0.6222366,0.37776336,0
0.61352235,0.38647765,0
0.44238102,0.557619,0
0.53551614,0.4644838,0
0.58921105,0.41078892,0
0.44371042,0.55628955,1
0.8475408,0.15245919,0
0.8361073,0.16389269,0
0.7034437,0.29655623,0
0.8889245,0.111075535,0
0.87740743,0.12259263,0
0.7081948,0.29180518,0
0.6049392,0.39506078,1
0.4454664,0.5545336,1
0.40062296,0.59937704,1
0.49234733,0.5076526,1
0.060773127,0.93922687,1
0.7952779,0.20472212,0
0.91346675,0.08653327,0
0.86566883,0.13433121,0
0.6142662,0.38573378,0
0.45076585,0.5492342,1
0.37451392,0.6254861,1
0.5013247,0.49867526,1
0.8209467,0.17905329,0
0.93696415,0.06303592,0
0.7843702,0.21562976,0
0.7376133,0.2623867,0
0.6476256,0.35237432,1
0.6308404,0.36915955,1
0.83125275,0.16874725,0
0.865777,0.13422301,0
0.9574584,0.0425416,0
0.5535357,0.44646424,1
0.8875142,0.1124858,0
0.79876846,0.20123157,0
0.8281288,0.17187119,0
0.82696885,0.17303117,0
0.80037636,0.19962358,0
0.767636,0.23236403,1
0.7967131,0.20328687,1
0.69110286,0.30889717,1
0.9557537,0.04424629,0
0.9436337,0.056366287,0
0.82504743,0.17495257,0
0.72796834,0.27203166,0
0.7934009,0.20659906,0
0.80676293,0.1932371,0
0.8696672,0.13033281,0
0.84880155,0.1511985,0
0.7780559,0.22194417,1
0.68873787,0.31126213,1
0.75816685,0.24183322,0
0.8698175,0.13018246,0
0.9125785,0.0874215,0
0.9054013,0.094598725,0
0.86785704,0.132143,0
0.76520014,0.23479988,1
0.81346446,0.18653561,1
0.5551084,0.4448915,1
0.43798554,0.5620144,1
0.41454768,0.5854523,1
0.08919973,0.9108003,1
0.6296932,0.37030682,0
0.7038053,0.29619467,1
0.86218464,0.13781534,0
0.6328155,0.36718452,0
0.8202254,0.17977452,0
0.9014316,0.09856835,0
0.8513496,0.14865047,0
0.7644996,0.23550044,0
0.61174744,0.3882526,0
0.14711954,0.8528805,1
0.85371286,0.14628717,0
0.86091363,0.13908644,0
0.8328251,0.1671748,0
0.6459811,0.35401896,0
0.9207351,0.0792648,0
0.91050905,0.08949101,0
0.844591,0.15540904,0
0.65612704,0.34387296,0
0.3304693,0.66953075,1
0.32221273,0.6777873,1
0.14159971,0.8584003,1
0.15246494,0.8475351,1
0.15903564,0.8409644,1
0.08888075,0.9111193,1
0.00871262,0.9912874,1
0.029259974,0.97074,1
0.89603627,0.10396371,0
0.92594385,0.07405611,0
0.9169923,0.083007686,0
0.75219446,0.24780558,0
0.30225942,0.69774055,0
0.24424028,0.7557597,0
0.555597,0.444403,0
0.6187851,0.38121495,0
0.6750109,0.32498905,0
0.68794924,0.3120508,0
0.17924714,0.82075286,0
0.81580913,0.18419088,0
0.8545563,0.14544362,0
0.77783453,0.22216542,0
0.6914684,0.30853155,0
0.86866254,0.13133752,0
0.7909367,0.20906328,0
0.639762,0.36023802,0
0.60264593,0.39735404,0
0.6924867,0.30751327,0
0.7890735,0.2109265,0
0.69151443,0.30848563,1
0.7565666,0.24343345,0
0.53732926,0.46267068,1
0.96373457,0.036265407,0
0.84475654,0.1552435,1
0.9464722,0.053527724,0
0.5860362,0.41396374,1
0.73923516,0.26076478,1
0.7759179,0.22408216,0
0.7507384,0.24926157,0
0.97106904,0.028930996,1
0.9573746,0.042625397,0
0.7585532,0.24144676,0
0.5485602,0.45143977,1
0.56108385,0.43891606,1
0.6122141,0.38778588,1
0.63273424,0.36726585,1
0.6536782,0.34632176,0
0.60339105,0.39660898,1
0.38552913,0.61447084,1
0.47214648,0.5278535,1
0.5224494,0.47755057,1
0.89710844,0.10289161,0
0.9121355,0.08786453,0
0.93371224,0.066287756,0
0.93932647,0.06067353,0
0.75104135,0.24895859,0
0.32401606,0.67598397,1
0.1409342,0.8590658,1
0.24155337,0.75844663,1
0.4073977,0.5926023,1
0.44705212,0.5529479,1
0.61716753,0.3828325,1
0.8389069,0.16109315,0
0.8700802,0.12991989,0
0.69658935,0.30341068,0
0.29945385,0.7005461,1
0.24730039,0.75269955,1
0.064272605,0.9357274,1
0.7743276,0.2256724,0
0.6660678,0.33393228,0
0.9674594,0.032540582,0
0.65124506,0.3487549,0
0.52776486,0.4722351,0
0.04544204,0.954558,1
0.5659884,0.43401167,0
0.6658887,0.33411124,0
0.50434613,0.4956539,0
0.9530016,0.046998385,0
0.9684968,0.031503167,0
0.35524714,0.6447528,1
0.40008014,0.59991986,1
0.35280713,0.6471929,1
0.40047714,0.5995229,1
0.1764507,0.8235493,1
0.4662816,0.53371847,0
0.8727003,0.12729968,0
0.53684366,0.46315637,0
0.042299252,0.9577007,1
0.3372459,0.66275406,0
0.30731985,0.6926801,1
0.33376792,0.66623205,0
0.37404808,0.6259519,0
0.081252955,0.91874707,1
0.0101784505,0.98982155,1
0.2071406,0.79285944,1
0.24061015,0.7593899,1
0.28061247,0.7193876,1
0.8912438,0.108756214,0
0.97136456,0.028635455,0
0.96423584,0.03576419,0
0.5637276,0.43627238,0
0.47107315,0.52892685,0
0.25769594,0.742304,1
0.32030296,0.67969704,1
0.25603625,0.7439638,1
0.16998324,0.8300168,1
0.21450308,0.78549695,1
0.4461115,0.5538885,0
0.44601,0.55399,1
0.9676142,0.03238583,0
0.5596728,0.4403272,0
0.22093429,0.7790657,0
0.14919484,0.85080516,0
0.14691772,0.8530823,1
0.14875302,0.85124695,1
0.39558956,0.6044104,0
0.04684733,0.95315266,1
0.3264248,0.67357516,1
0.3795788,0.6204212,0
0.8405701,0.15942992,0
0.9044408,0.095559195,0
0.9251903,0.074809745,0
0.6919807,0.30801928,0
0.31555867,0.6844414,0
0.057135124,0.94286495,1
0.05616295,0.9438371,1
0.06005797,0.93994194,1
0.0019605183,0.99803954,1
0.12884232,0.87115765,1
0.5970898,0.4029102,1
0.1571523,0.8428477,1
0.6000966,0.39990342,0
0.916763,0.08323696,0
0.9091509,0.09084911,0
0.71297634,0.28702366,0
0.137339,0.862661,0
0.17965299,0.8203471,0
0.38510984,0.61489016,0
0.5662274,0.43377256,0
0.5742506,0.4257494,0
0.12298059,0.8770194,1
0.01589414,0.9841059,1
0.43975392,0.56024605,1
0.38672748,0.6132725,0
0.83055705,0.16944298,0
0.9002675,0.09973255,0
0.92057437,0.07942559,0
0.74936944,0.25063053,0
0.1018539,0.8981461,1
0.12494102,0.875059,1
0.6510522,0.3489478,0
0.83131003,0.16868997,0
0.97248423,0.02751584,0
0.18796961,0.81203043,1
0.6513646,0.34863535,0
0.049775835,0.9502241,1
0.3954238,0.60457623,1
0.35726124,0.6427387,1
0.6689973,0.33100268,1
0.33393347,0.6660665,0
0.32249385,0.6775062,0
0.6324242,0.36757585,0
0.19177982,0.8082202,1
0.9771358,0.022864215,0
0.63042784,0.3695722,0
0.7680286,0.23197138,0
0.6571668,0.34283316,0
0.22957377,0.7704262,1
0.7044927,0.2955073,0
0.86782634,0.13217372,0
0.9700565,0.029943574,0
0.5117045,0.48829547,0
0.43432185,0.5656781,0
0.28612643,0.71387357,1
0.40073407,0.5992659,1
0.55768377,0.44231617,1
0.8321816,0.16781852,0
0.8458532,0.15414679,1
0.95126903,0.048730962,0
0.9463695,0.05363048,0
0.6207462,0.37925383,1
0.31834105,0.6816589,1
0.14381829,0.8561817,1
0.009074591,0.99092543,1
0.67149645,0.3285035,0
0.61143166,0.38856837,0
0.14408815,0.85591185,1
0.23288943,0.7671106,1
0.22869349,0.7713065,1
0.30014643,0.69985366,1
0.5972796,0.40272042,0
0.05414617,0.94585377,1
0.7266518,0.27334818,0
0.714502,0.28549805,0
0.6613837,0.33861628,0
0.35374975,0.6462503,1
0.47843632,0.52156377,1
0.95768684,0.04231315,0
0.80021125,0.19978881,0
0.5286512,0.47134888,0
0.5704617,0.42953834,0
0.301758,0.69824207,1
0.14972726,0.8502727,1
0.21806492,0.7819351,1
0.12716748,0.8728325,1
0.4230468,0.5769532,0
0.613701,0.38629904,0
0.6064578,0.39354223,0
0.6345432,0.36545685,0
0.9733772,0.026622735,0
0.97288686,0.027113132,0
0.34278435,0.6572156,1
0.5480528,0.45194724,0
0.5780873,0.42191276,0
0.0707475,0.92925256,1
0.18887769,0.81112236,1
0.43364966,0.56635034,1
0.5864195,0.41358054,0
0.8439571,0.15604286,0
0.51136076,0.48863932,1
0.8927245,0.107275486,0
0.25124145,0.74875855,1
0.3269498,0.67305017,0
0.56737405,0.43262592,0
0.57159513,0.42840484,0
0.5528868,0.44711328,0
0.5282677,0.47173232,0
0.3671593,0.63284063,0
0.9744631,0.025536947,0
0.5172542,0.4827458,0
0.3629413,0.6370587,0
0.68466794,0.31533203,0
0.81347454,0.18652551,0
0.79702073,0.20297931,0
0.11484344,0.88515663,1
0.8852767,0.11472338,0
0.9710471,0.0289529,0
0.9705316,0.02946842,0
0.96692663,0.033073347,0
0.44249594,0.557504,0
0.43213525,0.5678647,0
0.57367975,0.42632025,0
0.5141439,0.48585615,0
0.4314445,0.5685554,0
0.4131511,0.5868489,1
0.40026438,0.5997356,1
0.38397086,0.61602914,1
0.42238265,0.57761735,0
0.7226487,0.27735132,0
0.8309112,0.1690888,1
0.8792055,0.1207945,1
0.9478574,0.05214262,0
0.7958163,0.20418371,0
0.70288783,0.2971122,0
0.1779593,0.8220407,1
0.4753961,0.5246039,0
0.051343232,0.9486568,1
0.63011026,0.36988977,0
0.66885096,0.33114904,0
0.9243256,0.07567443,0
0.8645676,0.13543239,0
0.6820638,0.31793618,0
0.65021586,0.3497841,0
0.6685403,0.33145964,0
0.72615373,0.27384627,0
0.6914358,0.30856416,0
0.69800615,0.30199382,1
0.6882474,0.31175268,0
0.67660713,0.3233928,0
0.819203,0.18079697,0
0.9069945,0.0930055,0
0.56035477,0.4396453,0
0.61118615,0.3888139,0
0.5519047,0.44809532,0
0.562378,0.43762198,0
0.53113997,0.46886,0
0.69286096,0.30713907,0
0.7804811,0.21951889,0
0.82944673,0.1705533,0
0.7962828,0.20371713,0
0.84963036,0.1503696,0
0.20565571,0.7943443,1
0.16278833,0.83721167,1
0.38524953,0.6147505,1
0.4900459,0.5099541,1
0.27940345,0.7205965,1
0.9135875,0.08641244,0
0.9169219,0.08307802,0
0.9292911,0.07070884,0
0.4486932,0.55130684,0
0.1784069,0.82159305,1
0.6669402,0.33305976,0
0.35465503,0.645345,1
0.47975144,0.5202486,0
0.70437634,0.29562366,0
0.9747352,0.025264809,0
0.95566463,0.044335388,0
0.7831265,0.21687356,0
0.4727977,0.5272023,1
0.20548089,0.7945192,1
0.31546715,0.6845329,1
0.4503051,0.54969484,1
0.91040075,0.08959925,0
0.95665073,0.043349285,0
0.91136914,0.088630795,0
0.46646836,0.5335316,0
0.3868103,0.6131897,0
0.44599518,0.55400485,0
0.46772054,0.5322795,0
0.08338338,0.9166167,1
0.47867233,0.5213277,0
0.80031806,0.19968197,0
0.91006964,0.08993034,0
0.007194088,0.9928059,1
0.0026276945,0.99737227,1
0.012532842,0.9874672,1
0.040650014,0.95935,1
0.122091405,0.8779086,1
0.34631175,0.6536883,0
7.4805546e-05,0.99992514,1
0.6025139,0.3974861,0
0.65554726,0.34445277,0
0.0062956153,0.9937044,1
0.12795906,0.8720409,1
0.17546225,0.82453775,1
0.15276498,0.847235,1
0.005328026,0.994672,1
0.01983394,0.980166,1
0.59359837,0.40640163,0
0.944565,0.05543504,0
0.88118637,0.11881359,0
0.005490532,0.9945095,1
0.6243296,0.3756704,0
0.5956933,0.40430674,0
0.61243033,0.3875697,0
0.85004294,0.14995703,0
0.69007057,0.30992943,0
0.67616963,0.3238304,0
0.8998314,0.100168616,0
0.93454564,0.06545434,0
0.9440371,0.055962916,0
0.26547194,0.73452806,1
0.31788138,0.6821186,1
0.6664262,0.33357385,1
0.6213791,0.37862083,0
0.6212778,0.3787222,0
0.61909467,0.38090536,0
0.25069994,0.74930006,1
0.28985623,0.7101438,1
0.31618243,0.6838176,1
0.83612585,0.16387422,0
0.6852277,0.3147723,0
0.7607106,0.23928942,0
0.51048553,0.48951444,1
0.51277894,0.487221,1
0.49375418,0.5062458,1
0.51329297,0.48670712,1
0.47578657,0.5242134,1
0.69368434,0.30631572,1
0.74906945,0.25093052,0
0.94645333,0.05354667,0
0.95851225,0.04148774,0
0.7042548,0.29574516,1
0.6620242,0.33797583,1
0.82611394,0.17388606,1
0.84469,0.15531,1
0.83622426,0.16377573,1
0.7919582,0.2080418,1
0.76671267,0.23328727,1
0.19494669,0.8050533,1
0.16633485,0.83366513,1
0.29363155,0.7063684,1
0.836842,0.16315798,0
0.90919393,0.09080601,0
0.8694596,0.13054043,0
0.9019857,0.09801425,0
0.9566996,0.0433004,0
0.83382666,0.1661734,1
0.6959146,0.3040853,1
0.43534875,0.56465125,1
0.46081322,0.5391867,1
0.5491923,0.45080772,1
0.44410408,0.5558959,1
0.15943307,0.840567,1
0.37516755,0.62483245,1
0.38116422,0.6188358,1
0.35430765,0.64569235,1
0.90527016,0.09472987,0
0.96492785,0.03507213,0
0.49531546,0.5046846,1
0.4319739,0.56802607,1
0.53372234,0.46627766,1
0.5400976,0.45990244,1
0.550639,0.44936106,1
0.20237032,0.7976297,1
0.6952172,0.3047828,0
0.7560847,0.24391536,0
0.79906446,0.2009356,0
0.936744,0.06325606,0
0.9554528,0.04454726,0
0.9577006,0.042299386,0
0.8658729,0.13412713,0
0.018778471,0.9812215,1
0.15333486,0.8466651,1
0.3763055,0.6236944,0
0.15369481,0.84630525,1
0.001941865,0.99805814,1
0.798896,0.201104,0
0.4720349,0.5279651,0
0.9147209,0.085279085,0
0.7488942,0.25110584,0
0.0042119026,0.99578816,1
0.3037091,0.6962909,0
0.6237104,0.37628955,0
0.64265347,0.3573465,0
0.40352628,0.5964737,0
0.07708022,0.92291975,1
0.60655373,0.39344633,0
0.7291785,0.27082148,0
0.34889734,0.6511027,1
0.67543477,0.32456523,0
0.46912453,0.53087544,1
0.23734333,0.7626567,1
0.26100838,0.7389916,1
0.78908455,0.21091546,0
0.8028998,0.19710018,0
0.9393897,0.060610272,0
0.7665855,0.23341452,0
0.7208618,0.27913824,0
0.29765463,0.7023454,1
0.121899836,0.8781001,1
0.24369413,0.75630593,1
0.37347254,0.6265275,0
0.41619417,0.58380586,0
0.448061,0.551939,0
0.37462094,0.625379,0
0.97285515,0.027144792,0
0.97657317,0.023426838,0
0.755026,0.24497405,1
0.5859992,0.41400078,0
0.5518643,0.4481357,1
0.7805923,0.21940771,0
0.73553747,0.2644625,1
0.3724013,0.62759864,1
0.7388342,0.2611658,0
0.4854166,0.5145834,1
0.36903822,0.6309617,1
0.25237492,0.7476251,1
0.28154063,0.71845937,1
0.25857836,0.7414217,1
0.32548338,0.67451656,0
0.73033214,0.26966792,1
0.9257576,0.07424241,0
0.91419214,0.08580787,0
0.38024104,0.6197589,1
0.01647273,0.98352724,1
0.013799959,0.9862001,1
0.028258706,0.97174126,1
0.021808269,0.9781917,1
0.011405983,0.98859406,1
0.02735646,0.97264355,1
0.5483041,0.45169592,0
0.9257297,0.07427027,0
0.8759934,0.12400666,0
0.69067967,0.30932027,0
0.5325053,0.46749476,0
0.37512508,0.62487495,0
0.097208805,0.90279126,1
0.11321972,0.88678026,1
0.15471055,0.84528947,1
0.06837521,0.9316248,1
0.12939355,0.8706064,1
0.72960776,0.27039227,0
0.6709255,0.32907447,0
0.6608668,0.33913323,0
0.92074203,0.079258025,0
0.6203827,0.3796173,0
0.48113495,0.518865,0
0.25296122,0.74703884,1
0.4746244,0.5253756,0
0.5932581,0.40674195,0
0.57435805,0.42564192,0
0.61639726,0.38360277,0
0.5522606,0.44773942,1
0.6466991,0.35330096,0
0.94622403,0.053776033,0
0.2256134,0.7743866,1
0.22045706,0.77954286,1
0.29828933,0.7017107,1
0.43468052,0.56531954,1
0.17775121,0.8222488,1
0.66164345,0.33835655,0
0.9054177,0.094582304,0
0.7142208,0.28577912,0
0.58590436,0.4140956,0
0.3201536,0.67984635,1
0.27661398,0.723386,1
0.2581568,0.7418432,1
0.51921886,0.48078114,0
0.602377,0.397623,0
0.8367596,0.1632404,0
0.72493535,0.27506465,0
0.5761339,0.42386612,0
0.33055517,0.66944486,1
0.5364796,0.4635204,1
0.5912746,0.4087254,1
0.65986294,0.3401371,1
0.68303245,0.31696755,1
0.048169315,0.95183074,1
0.149446,0.85055405,1
0.4924449,0.50755507,1
0.539995,0.46000502,1
0.8033057,0.19669427,0
0.74916226,0.25083777,0
0.82284445,0.17715554,0
0.8909798,0.10902015,0
0.92234784,0.07765218,0
0.39248383,0.6075162,1
0.4369761,0.5630239,1
0.46081316,0.5391869,1
0.45908743,0.54091257,1
0.43635762,0.56364244,1
0.3479039,0.65209603,1
0.53087306,0.46912697,1
0.11957083,0.8804292,1
0.7641567,0.23584329,0
0.8609664,0.13903366,0
0.9275267,0.07247329,0
0.8930766,0.10692336,0
0.910818,0.08918206,0
0.036810815,0.9631892,1
0.086475536,0.91352445,1
0.22806017,0.7719398,0
0.37937662,0.62062335,0
0.44075564,0.55924433,0
0.008786747,0.99121326,1
0.034273487,0.96572655,1
0.48225245,0.5177476,0
0.6831373,0.31686276,0
0.5658639,0.43413603,0
0.5993964,0.40060356,0
0.9427917,0.057208348,0
0.9262797,0.07372023,0
0.095344655,0.9046554,1
0.18743815,0.8125619,1
0.35435143,0.64564854,1
0.2895732,0.71042687,1
0.1181924,0.88180757,1
0.6372664,0.36273354,0
0.09886508,0.9011349,1
0.54627234,0.45372772,0
0.62233233,0.3776677,0
0.6347268,0.36527315,0
0.40816504,0.59183496,1
0.08031477,0.91968524,1
0.033438887,0.96656114,1
0.09673274,0.90326726,1
0.07308993,0.92691004,1
0.09261998,0.90738004,1
0.59082615,0.40917385,0
0.6235638,0.37643617,0
0.67137057,0.32862946,0
0.8322933,0.16770673,0
0.84778416,0.15221587,0
0.23835714,0.7616429,1
0.1620788,0.83792126,1
0.26047963,0.73952043,0
0.47771275,0.52228725,0
0.5044344,0.4955656,0
0.6916349,0.3083651,0
0.70823216,0.29176775,0
0.71704686,0.28295308,0
0.41429144,0.58570856,0
0.31458157,0.6854184,0
0.562899,0.43710107,1
0.63667554,0.36332443,0
0.90572065,0.09427934,0
0.8059534,0.19404656,0
0.22790825,0.7720917,1
0.26322526,0.73677474,1
0.31289387,0.68710613,1
0.6280531,0.3719469,0
0.646637,0.35336298,0
0.61993307,0.380067,1
0.9314037,0.068596296,0
0.76483434,0.23516573,0
0.7183275,0.28167248,1
0.731169,0.26883098,1
0.82505745,0.17494258,1
0.7949934,0.2050066,1
0.3005336,0.6994664,1
0.7617754,0.23822458,1
0.8901146,0.109885395,0
0.9125603,0.0874397,0
0.6340695,0.36593053,1
0.42043647,0.5795635,1
0.25620487,0.74379516,1
0.10764301,0.892357,1
0.2939632,0.70603687,1
0.17845868,0.8215413,1
0.22818018,0.77181983,1
0.37542582,0.6245741,0
0.42610624,0.5738938,0
0.9418347,0.058165282,0
0.33564878,0.6643512,1
0.33971724,0.66028273,1
0.37650093,0.62349904,1
0.40363514,0.59636486,1
0.10971024,0.8902897,1
0.40303293,0.5969671,1
0.5450778,0.45492223,1
0.8476624,0.15233758,1
0.8915726,0.10842741,0
0.7816488,0.21835126,0
0.625414,0.37458605,0
0.30127585,0.69872415,1
0.5565289,0.44347104,1
0.6490299,0.35097006,0
0.64367646,0.35632354,0
0.6354368,0.36456326,0
0.634186,0.365814,0
0.6053743,0.3946257,0
0.20801425,0.7919857,1
0.19453564,0.8054643,0
0.22273365,0.7772663,1
0.38284957,0.6171504,0
0.6640213,0.33597872,0
0.9058557,0.09414425,0
0.90024227,0.099757746,0
0.6920234,0.3079766,0
0.61891264,0.3810874,0
0.54450893,0.45549104,0
0.73728555,0.26271445,0
0.23658746,0.7634126,1
0.59569716,0.40430284,0
0.9157797,0.08422026,0
0.43457597,0.565424,0
0.47791797,0.5220821,0
0.33202806,0.6679719,1
0.16797157,0.83202845,1
0.45090583,0.5490942,1
0.88246036,0.11753964,0
0.5507075,0.44929248,0
0.65082324,0.34917673,0
0.13080294,0.8691971,1
0.6157974,0.38420257,0
0.68789345,0.31210655,0
0.825765,0.17423502,1
0.8988664,0.10113356,0
0.9244246,0.07557536,0
0.3104355,0.6895646,1
0.36063763,0.63936234,1
0.4059235,0.59407645,1
0.42682406,0.5731759,0
0.39523846,0.60476154,1
0.3869872,0.6130128,1
0.35274905,0.64725095,1
0.18514621,0.8148537,1
0.21630724,0.7836928,1
0.30869326,0.69130677,1
0.32850838,0.6714916,1
0.35296014,0.6470399,1
0.32879606,0.6712039,1
0.8520929,0.14790706,1
0.5564245,0.4435755,0
0.47639966,0.52360034,0
0.21445772,0.78554225,1
0.23719382,0.7628062,1
0.30542678,0.6945732,1
0.33199453,0.66800547,1
0.405745,0.594255,1
0.42947063,0.5705294,1
0.1941457,0.8058543,1
0.64839584,0.35160413,1
0.88071,0.11929001,0
0.2643587,0.73564136,0
0.2979607,0.70203924,0
0.59021413,0.40978584,0
0.62850994,0.37149012,0
0.5539344,0.4460656,0
0.3148511,0.6851489,1
0.6786616,0.32133842,0
0.6280569,0.37194315,0
0.8089289,0.19107111,0
0.8381979,0.16180213,0
0.57354325,0.42645675,0
0.58032537,0.4196746,0
0.4680581,0.5319419,0
0.575067,0.42493302,1
0.46572173,0.5342783,1
0.20448515,0.79551476,1
0.16022332,0.83977664,1
0.3494765,0.6505235,1
0.6417947,0.3582053,0
0.58480656,0.41519344,1
0.5573267,0.44267333,1
0.68143404,0.31856596,1
0.65955013,0.3404499,1
0.08881046,0.91118956,1
0.271189,0.7288111,1
0.5957679,0.40423205,0
0.5968874,0.40311262,0
0.87121487,0.12878512,0
0.5032352,0.4967648,0
0.3919403,0.6080597,0
0.4947543,0.50524575,0
0.52780515,0.47219482,0
0.43482408,0.56517595,0
0.40154192,0.59845805,0
0.58463854,0.41536143,1
0.2445338,0.75546616,1
0.4847534,0.5152466,0
0.5123159,0.4876841,1
0.47912914,0.5208708,1
0.8615901,0.13840994,0
0.8447707,0.15522929,0
0.4995451,0.5004549,0
0.63591135,0.36408865,0
0.7362629,0.26373705,0
0.5400148,0.45998523,0
0.68525064,0.31474936,0
0.8409417,0.15905833,0
0.8207776,0.17922242,0
0.20490047,0.79509956,1
0.16012391,0.8398761,1
0.26439533,0.7356047,1
0.24690618,0.7530938,1
0.21914652,0.78085345,1
0.091434695,0.9085653,1
0.12312991,0.87687004,1
0.85802776,0.14197226,0
0.4016746,0.5983254,0
0.20032392,0.79967606,1
0.6561162,0.34388384,0
0.0028199418,0.9971801,1
0.1036206,0.8963794,1
0.12011622,0.8798838,1
0.11928686,0.88071316,1
0.08453911,0.9154609,1
0.2498015,0.75019854,0
0.5462254,0.4537745,0
0.51853794,0.4814621,0
0.19274196,0.807258,1
0.829237,0.17076297,0
0.55492055,0.44507945,0
0.7842147,0.21578526,1
0.56028605,0.43971395,0
0.43807426,0.56192577,0
0.3850484,0.6149516,0
0.42812282,0.5718771,1
0.61952955,0.38047042,0
0.59073687,0.40926313,0
0.5654565,0.4345435,1
0.6767728,0.3232272,1
0.34739962,0.6526004,1
0.5388734,0.46112666,1
0.49007526,0.5099247,1
0.6624171,0.33758283,0
0.024587076,0.97541296,1
0.2260535,0.7739465,1
0.6840039,0.31599614,0
0.6916946,0.30830538,0
0.41326946,0.58673054,1
0.89504224,0.10495776,0
0.4772641,0.5227359,0
0.57309693,0.4269031,0
0.37710413,0.62289584,0
0.47056675,0.52943325,0
0.4213198,0.57868016,0
0.458853,0.541147,0
0.5720341,0.42796594,0
0.31664973,0.6833503,1
0.45048627,0.54951376,0
0.94571465,0.05428531,0
0.40006438,0.5999356,0
0.6803897,0.31961024,0
0.7962767,0.2037233,0
0.7078126,0.29218736,0
0.06986037,0.93013966,1
0.13067436,0.86932564,1
0.3647475,0.6352526,1
0.80601496,0.19398506,0
0.8444838,0.15551618,0
0.91309,0.08691004,0
0.4510241,0.54897594,0
0.4078907,0.5921093,0
0.45239475,0.54760534,0
0.08267105,0.91732895,1
0.112342,0.887658,0
0.022344649,0.9776554,1
0.4819329,0.51806706,0
0.79949665,0.20050338,0
0.72648793,0.27351207,0
0.822859,0.17714104,0
0.8742515,0.12574857,0
0.035385672,0.9646143,1
0.46314,0.53686,0
0.53618395,0.46381608,0
0.58971983,0.41028014,0
0.1984351,0.8015649,0
0.04741226,0.9525878,1
0.5637809,0.43621913,0
0.19630133,0.80369866,1
0.4533623,0.5466378,0
0.82043254,0.17956744,0
0.39897144,0.60102856,0
0.7188895,0.2811105,0
0.78533965,0.2146603,0
0.10879567,0.89120436,1
9.402235e-05,0.99990594,1
0.12637742,0.8736226,1
0.31768644,0.6823135,0
0.30808663,0.69191337,1
0.6943602,0.3056398,0
0.67248005,0.32751998,0
0.028572157,0.97142786,1
0.7122189,0.28778115,0
0.9065984,0.09340166,0
0.9195941,0.080405906,0
0.37767622,0.6223239,1
0.7015578,0.2984422,0
0.7152605,0.28473955,0
0.5878715,0.41212854,0
0.5833107,0.41668925,0
0.7489804,0.25101966,0
0.63076395,0.36923605,1
0.9155188,0.08448121,0
0.6798966,0.3201034,0
0.45990962,0.5400904,1
0.53985506,0.46014488,0
0.69762444,0.30237556,0
0.6239242,0.37607577,0
0.5764577,0.42354232,0
0.0063656,0.99363434,1
0.5990566,0.40094343,1
0.6685948,0.33140522,0
0.8475414,0.1524586,0
0.9749501,0.025049882,0
0.46990752,0.53009254,0
0.6080405,0.39195958,0
0.9088801,0.09111986,0
0.85878944,0.14121054,0
0.9507108,0.049289238,0
0.41662362,0.58337635,0
0.36776033,0.6322397,0
0.46963376,0.53036624,0
0.60531884,0.3946811,1
0.66512257,0.33487743,0
0.4783269,0.5216732,0
0.91186273,0.0881373,0
0.8573023,0.14269765,0
0.55156434,0.44843566,1
0.5191802,0.48081985,0
0.5221052,0.4778948,0
0.28569385,0.7143062,1
0.108439945,0.89156,1
0.67311525,0.32688475,0
0.87334245,0.12665755,0
0.85550636,0.14449361,0
0.42767966,0.57232034,0
0.5530048,0.44699517,0
0.5917772,0.40822282,0
0.58918685,0.4108132,0
0.6070164,0.39298362,0
0.63624275,0.36375725,1
0.7942914,0.20570867,0
0.5049558,0.49504417,1
0.37223926,0.62776077,1
0.5864077,0.41359228,0
0.24696346,0.75303656,1
0.9119428,0.08805715,0
0.917671,0.08232895,0
0.0141285295,0.9858715,1
0.0007572565,0.9992428,1
0.022029992,0.97797,1
0.6450808,0.35491922,0
0.5147504,0.4852495,0
0.6180371,0.38196287,0
0.7240215,0.2759785,0
0.6680161,0.3319839,0
0.522783,0.47721708,0
0.68485856,0.3151414,0
0.6470208,0.35297915,0
0.6200786,0.37992144,0
0.62854624,0.37145382,0
0.60386056,0.39613944,0
0.5390626,0.46093732,0
0.53765374,0.4623463,0
0.61673707,0.3832629,0
0.42094237,0.57905763,1
0.5150361,0.48496392,0
0.43957022,0.5604298,1
0.6380466,0.3619534,1
0.91679907,0.0832009,0
0.82953566,0.17046429,0
0.668478,0.33152202,0
0.4937679,0.50623214,0
0.49157438,0.50842565,0
0.7041959,0.29580408,0
0.73706496,0.262935,0
0.7253258,0.2746742,0
0.7120561,0.28794393,0
0.6889854,0.31101456,0
0.31012073,0.6898793,1
0.35331312,0.6466869,0
0.3657858,0.6342142,0
0.607846,0.39215398,0
0.745925,0.25407496,0
0.8671036,0.13289636,0
0.9068865,0.093113475,0
0.8699659,0.13003406,0
0.8175186,0.1824814,0
0.4642796,0.53572035,0
0.44289574,0.55710423,0
0.42246667,0.5775333,0
0.460476,0.539524,0
0.4236253,0.5763747,0
0.39820218,0.60179776,0
0.29256555,0.7074344,1
0.386148,0.613852,1
0.67415935,0.32584068,1
0.8469567,0.15304326,0
0.86098963,0.13901041,0
0.8881681,0.11183189,0
0.010200925,0.98979914,1
0.033461343,0.9665386,1
0.15489474,0.8451053,1
0.020426841,0.97957313,1
0.51095194,0.48904806,0
0.6715514,0.32844862,0
0.04832579,0.9516743,1
0.17280026,0.82719976,0
0.05711781,0.9428822,1
0.13980857,0.86019146,1
0.5417037,0.45829636,0
0.6516871,0.3483129,0
0.44379157,0.55620843,0
0.60275674,0.3972432,0
0.62008196,0.37991807,0
0.7830024,0.2169977,0
0.8611321,0.1388679,0
0.8682905,0.13170958,0
0.6843275,0.3156725,0
0.059063893,0.9409361,1
0.45213237,0.5478676,0
0.6959758,0.30402422,0
0.67353046,0.3264695,0
0.2132983,0.7867017,0
0.20507115,0.7949289,0
0.8192434,0.18075664,0
0.54792964,0.4520704,1
0.70374227,0.29625767,0
0.6102773,0.3897227,0
0.6116728,0.38832715,0
0.91165954,0.08834047,0
0.38721672,0.6127833,1
0.28049523,0.71950483,1
0.36381322,0.6361868,1
0.62394243,0.37605757,0
0.54357016,0.45642987,0
0.8252809,0.17471911,0
0.67320627,0.32679373,0
0.54202354,0.45797646,0
0.56759095,0.43240905,0
0.5363018,0.4636982,0
0.5864834,0.41351667,1
0.37114006,0.62885994,1
0.6672481,0.332752,1
0.7310732,0.2689268,1
0.7482529,0.25174713,1
0.71771073,0.2822893,1
0.938628,0.061371956,0
0.92060834,0.079391636,0
0.00071936665,0.99928063,1
0.0020879603,0.997912,1
0.0099073155,0.9900927,1
0.2154498,0.78455025,0
0.039205745,0.9607942,1
0.29371718,0.70628285,1
0.79051787,0.2094821,0
0.9431877,0.05681229,0
0.9504377,0.049562287,0
0.80637425,0.19362572,0
0.55544454,0.4445555,0
0.39892375,0.60107625,0
0.7859185,0.2140815,0
0.8184915,0.18150851,0
0.66440576,0.3355942,0
0.46611726,0.5338827,0
0.38789827,0.61210173,0
0.5755587,0.42444125,0
0.7650912,0.23490882,0
0.835224,0.16477604,0
0.923535,0.07646495,0
0.41946897,0.58053106,1
0.48830903,0.5116909,0
0.42774034,0.5722596,0
0.49434963,0.5056504,0
0.5007865,0.4992135,0
0.16743389,0.8325661,1
0.20792286,0.79207706,1
0.23169647,0.7683035,1
0.83797014,0.16202985,0
0.79909164,0.20090838,1
0.8630878,0.13691221,0
0.63052493,0.36947516,1
0.0038705124,0.9961295,1
0.07137327,0.92862666,1
0.019434145,0.9805659,1
0.5700403,0.4299597,0
0.56547433,0.4345256,0
0.6740132,0.32598674,0
0.9070959,0.09290406,0
0.89742696,0.10257302,0
0.8547102,0.14528981,0
0.59421515,0.40578482,0
0.7129284,0.2870716,1
0.760936,0.23906398,0
0.9078417,0.09215829,0
0.88146484,0.118535176,0
0.17931546,0.82068455,1
0.7101909,0.2898091,0
0.73380786,0.2661922,0
0.21779451,0.7822055,1
0.3463624,0.6536376,1
0.86668056,0.1333194,0
0.9143864,0.08561359,0
0.9284241,0.07157591,0
0.90390986,0.09609012,0
0.21710671,0.7828933,1
0.2644993,0.73550075,1
0.67008394,0.32991603,0
0.48871213,0.5112879,1
0.58893996,0.41105998,1
0.22793555,0.7720644,1
0.63905895,0.36094105,0
0.2500993,0.7499007,1
0.6611223,0.33887774,0
0.767374,0.23262596,1
0.46166933,0.5383307,1
0.82369477,0.17630526,1
0.90861374,0.091386266,0
0.87220764,0.12779237,0
0.2996184,0.70038164,1
0.19084376,0.80915624,1
0.52188176,0.47811827,0
0.46245822,0.5375418,1
0.63411725,0.36588275,0
0.48659778,0.5134023,0
0.6366632,0.36333686,0
0.9111575,0.088842444,0
0.8788108,0.121189184,0
0.48408398,0.515916,0
0.5182569,0.4817431,0
0.74462473,0.25537527,0
0.8631477,0.13685231,0
0.60083586,0.3991641,0
0.72104394,0.27895606,0
0.6069148,0.39308518,1
0.57606125,0.42393875,0
0.76431084,0.23568918,1
0.76737,0.23263004,1
0.863723,0.13627698,0
0.9683036,0.03169635,0
0.9261518,0.0738482,0
0.7643536,0.23564637,0
0.5618288,0.43817118,1
0.45800012,0.5419998,1
0.5087273,0.49127266,1
0.5938563,0.40614372,0
0.6088514,0.39114863,0
0.38396475,0.6160352,1
0.3849568,0.6150432,1
0.36609966,0.6339003,1
0.35428295,0.6457171,1
0.79843444,0.20156558,1
0.7756261,0.22437389,1
0.8182945,0.18170549,1
0.8405577,0.15944232,1
0.39353552,0.60646445,1
0.6918756,0.30812445,1
0.5900357,0.4099643,1
0.71691275,0.28308725,1
0.035000633,0.9649993,1
0.59018505,0.40981498,1
0.7212128,0.27878717,0
0.57435447,0.42564547,1
0.6676073,0.3323927,0
0.6488231,0.35117692,0
0.9109212,0.08907875,0
0.35328922,0.6467109,1
0.34386808,0.6561319,1
0.28035623,0.7196438,1
0.31229666,0.6877033,1
0.6284981,0.37150195,0
0.9262693,0.073730685,0
0.37952775,0.6204723,1
0.25027966,0.7497204,1
0.25528392,0.7447161,1
0.54687566,0.45312434,0
0.5563964,0.44360358,0
0.16831654,0.83168346,1
0.15760078,0.84239924,1
0.36574787,0.6342521,1
0.4569672,0.5430328,1
0.6457023,0.3542977,1
0.94631505,0.05368492,0
0.9489704,0.05102965,0
0.5622724,0.4377275,1
0.5686324,0.4313676,0
0.6162695,0.3837305,0
0.588145,0.41185498,0
0.57704014,0.42295986,0
0.61097085,0.38902918,0
0.6190217,0.38097835,0
0.5542703,0.4457297,1
0.48565158,0.5143484,1
0.56399757,0.43600246,1
0.57285184,0.42714816,1
0.7509194,0.24908058,0
0.6363248,0.36367512,0
0.70031595,0.29968405,0
0.94028777,0.059712205,0
0.6326727,0.3673273,1
0.47288644,0.52711356,1
0.5095001,0.49049988,1
0.58943677,0.41056323,0
0.6786786,0.32132137,0
0.47607237,0.5239276,1
0.7154508,0.28454912,1
0.9475717,0.052428246,0
0.9769701,0.023029968,0
0.9662782,0.033721756,0
0.65025383,0.34974617,0
0.38605967,0.6139403,1
0.51170653,0.48829347,1
0.799086,0.20091404,1
0.74963504,0.25036493,0
0.6110367,0.38896325,1
0.6902091,0.30979088,1
0.57226175,0.42773828,1
0.7792804,0.22071958,1
0.75904214,0.24095787,1
0.96984315,0.03015688,0
0.9647505,0.03524945,0
0.8673095,0.13269047,0
0.5628744,0.4371256,1
0.5537457,0.44625434,1
0.5662026,0.43379745,1
0.42430565,0.5756943,1
0.53358555,0.46641445,1
0.8413523,0.15864773,0
0.9180383,0.08196171,0
0.55235213,0.44764787,1
0.5250452,0.47495478,1
0.677236,0.32276407,0
0.56418246,0.43581754,0
0.120303735,0.8796963,1
0.6812291,0.31877092,0
0.83545613,0.16454382,0
0.8456361,0.1543639,0
0.66530764,0.33469236,0
0.3094816,0.6905184,1
0.6779538,0.32204628,0
0.65438545,0.3456145,0
0.7240042,0.27599582,0
0.57167834,0.42832166,0
0.39437956,0.6056205,1
0.4985381,0.5014618,0
0.32293677,0.6770632,1
0.7171502,0.28284982,0
0.6833403,0.31665966,1
0.66976786,0.33023217,1
0.95125103,0.048749037,0
0.59585166,0.4041484,1
0.6162459,0.38375413,1
0.57567704,0.42432293,1
0.5868072,0.41319287,1
0.5745801,0.42541996,1
0.59696764,0.40303236,1
0.6403075,0.35969254,1
0.8066346,0.1933654,0
0.93253154,0.0674685,0
0.9418664,0.05813358,0
0.7223185,0.27768156,0
0.70417064,0.2958294,0
0.69635725,0.3036427,1
0.667014,0.33298603,0
0.64918226,0.3508177,0
0.8743077,0.12569237,0
0.3261226,0.6738774,1
0.8477094,0.15229057,0
0.9576672,0.042332865,0
0.955182,0.044818033,0
0.90076935,0.09923071,0
0.8215088,0.17849123,0
0.4868714,0.5131287,1
0.47167143,0.52832854,1
0.5323216,0.4676784,1
0.5009106,0.49908948,1
0.578045,0.42195496,1
0.37970978,0.6202902,1
0.88459414,0.11540586,1
0.95500684,0.044993162,0
0.94234484,0.057655126,0
0.6542641,0.34573588,1
0.5493405,0.45065948,1
0.46057212,0.53942794,1
0.16348,0.83651996,1
0.40098158,0.59901845,1
0.39720938,0.60279065,1
0.40624076,0.59375924,1
0.40541503,0.59458494,1
0.52657944,0.47342056,1
0.5067736,0.49322635,1
0.00014894297,0.999851,1
1.077585e-05,0.9999893,1
0.62539935,0.37460068,0
0.6830245,0.31697547,0
0.24760152,0.7523985,0
0.022699066,0.97730094,1
0.35553622,0.6444638,0
0.04766132,0.9523387,0
0.0045232354,0.9954768,1
0.50019443,0.49980554,0
0.6600781,0.3399219,0
0.7383632,0.26163682,0
0.8659312,0.13406879,0
0.7267928,0.2732072,0
0.8428617,0.1571383,0
0.5588528,0.44114718,0
0.6925812,0.30741882,0
0.33493978,0.6650602,0
0.4626664,0.5373336,0
0.52127016,0.47872987,0
0.6438903,0.3561097,0
0.80447835,0.19552167,0
0.64606774,0.35393223,0
0.8110664,0.1889336,0
0.93946755,0.06053243,0
0.74837965,0.25162032,0
0.74021995,0.25978002,0
0.5708847,0.42911536,0
0.6638343,0.33616576,0
0.7568518,0.24314813,0
0.8316767,0.16832331,0
0.73190576,0.2680943,0
0.64572877,0.3542713,1
0.67019147,0.32980847,0
0.677417,0.32258302,0
0.66759187,0.3324082,0
0.6231082,0.37689182,1
0.6860439,0.3139561,0
0.33612862,0.66387135,0
0.8028178,0.19718216,0
0.73669887,0.26330113,0
0.7169322,0.28306785,0
0.4244066,0.57559335,0
0.96648306,0.03351694,0
0.9539871,0.046012904,0
0.9186093,0.08139074,0
0.84154314,0.15845682,0
0.540214,0.45978597,1
0.58073443,0.41926554,1
0.55658674,0.44341323,1
0.48804626,0.5119537,0
0.4309901,0.5690099,1
0.44658992,0.55341005,1
0.8244138,0.17558625,1
0.48565772,0.5143423,1
0.32799175,0.6720083,1
0.3604359,0.63956404,1
0.54525024,0.45474976,1
0.2918125,0.70818746,1
0.69445604,0.30554396,1
0.77406555,0.22593445,1
0.40644005,0.5935599,1
0.11062686,0.8893731,1
0.030864382,0.9691356,1
0.6109799,0.38902003,0
0.7318293,0.26817068,0
0.8694979,0.13050206,0
0.90139866,0.0986013,0
0.7686452,0.23135474,0
0.8268971,0.17310296,0
0.8896538,0.110346176,0
0.6075838,0.39241615,1
0.5823788,0.41762123,1
0.5668614,0.4331386,1
0.5357828,0.46421716,0
0.0016839884,0.99831605,1
0.8501629,0.14983702,0
0.96102583,0.038974177,0
0.73358107,0.26641893,0
0.0019715277,0.99802846,1
0.53996515,0.4600348,0
0.54146034,0.4585396,0
0.4273382,0.57266176,0
0.7628453,0.23715475,0
0.84300584,0.15699413,0
0.8668893,0.1331107,0
0.6810262,0.31897375,0
0.7188093,0.2811907,0
0.92644304,0.07355701,0
0.8717578,0.1282422,0
0.46659055,0.5334094,0
0.71315485,0.28684515,0
0.6666825,0.33331752,0
0.7229227,0.27707732,0
0.8732566,0.12674335,0
0.9825534,0.01744657,0
0.97399074,0.026009342,0
0.6945411,0.30545893,0
0.57790065,0.4220993,0
0.88378537,0.11621466,0
0.88418704,0.11581293,0
0.87469137,0.12530863,0
0.6989353,0.30106473,0
0.84746647,0.15253352,0
0.9592201,0.04077988,0
0.97124016,0.028759815,0
0.95580876,0.044191174,0
0.62313026,0.37686977,0
0.6476395,0.35236046,0
0.58383495,0.41616508,1
0.92054904,0.079450995,0
0.91350615,0.08649393,0
0.94261616,0.05738382,0
0.68229055,0.31770945,1
0.69748,0.30251998,1
0.56810457,0.43189538,1
0.6647004,0.3352996,1
0.7316307,0.26836938,1
0.66963524,0.33036473,0
0.75975573,0.24024427,0
0.74141127,0.25858876,1
0.8069567,0.19304329,1
0.75525105,0.24474895,1
0.6632769,0.336723,0
0.66789687,0.3321032,1
0.6410357,0.35896432,1
0.6553436,0.34465644,1
0.6680937,0.33190632,1
0.5783126,0.42168736,1
0.744953,0.25504702,1
0.7520023,0.2479977,1
0.75554234,0.24445768,1
0.85611415,0.14388585,0
0.930748,0.069252044,0
0.9409524,0.059047565,0
0.891711,0.10828905,0
0.69172686,0.30827317,1
0.51833814,0.48166186,1
0.68583447,0.31416553,0
0.62286115,0.37713882,0
0.96094644,0.0390536,0
0.780678,0.219322,1
0.50032485,0.49967518,1
0.4873389,0.51266116,1
0.6900671,0.30993292,0
0.6567908,0.34320924,0
0.11501364,0.8849864,1
0.0088699,0.9911301,1
0.78266484,0.21733521,0
0.7889633,0.21103667,0
0.80017376,0.19982627,0
0.0012794165,0.9987206,1
0.0010103557,0.99898964,1
0.00018510816,0.9998149,1
0.0016510731,0.99834895,1
0.8084482,0.19155185,0
0.4565527,0.54344726,0
0.32821158,0.67178845,0
0.9091504,0.0908496,0
0.9477323,0.05226772,0
0.68398726,0.3160127,0
0.787585,0.21241498,0
0.8249538,0.17504619,0
0.8316865,0.16831347,0
0.8583175,0.14168257,0
0.17710952,0.82289046,1
0.83577603,0.16422398,0
0.85395193,0.14604807,0
0.9065862,0.09341377,0
0.84205234,0.15794769,0
0.8784596,0.12154044,0
0.90451044,0.09548952,0
0.878227,0.12177307,0
0.61062795,0.38937202,0
0.4612391,0.5387609,0
0.46748954,0.5325104,0
0.5381886,0.46181133,0
0.30871126,0.69128877,1
0.520299,0.479701,1
0.76134586,0.23865406,0
0.77293366,0.22706635,0
0.87306017,0.12693985,0
0.07463951,0.92536056,1
0.042337447,0.9576626,1
0.43007076,0.5699293,1
0.5963356,0.4036644,0
0.602818,0.397182,0
0.684531,0.3154691,0
0.6655099,0.33449018,0
0.5877716,0.41222844,0
0.34784654,0.65215343,1
0.5706477,0.42935222,0
0.90448964,0.09551033,0
0.7874846,0.21251543,0
0.79904664,0.20095335,0
0.8796095,0.12039046,0
0.11434458,0.88565546,1
0.016855175,0.98314476,1
0.14516816,0.8548318,1
0.11180947,0.88819057,1
0.0029392778,0.9970607,1
0.0030531033,0.9969469,1
0.02167904,0.97832096,1
0.87166846,0.12833153,0
0.9161969,0.08380308,0
0.31558266,0.68441737,0
0.91662997,0.083370015,0
0.67140204,0.32859793,0
0.8143675,0.18563256,0
0.78937966,0.21062034,0
0.5088318,0.4911682,0
0.020776944,0.979223,0
0.0026061744,0.99739385,1
0.13405146,0.86594856,1
0.23505594,0.7649441,0
0.7443086,0.25569138,0
0.8647034,0.13529658,0
0.88806576,0.11193423,0
0.9543272,0.04567272,0
0.96382725,0.03617272,0
0.78044814,0.21955179,0
0.5424757,0.45752433,0
0.06470171,0.93529826,1
0.7108944,0.28910562,0
0.7976046,0.20239538,0
0.31924343,0.68075657,1
0.5758294,0.42417064,1
0.4668229,0.53317714,1
0.8994316,0.10056838,0
0.9506171,0.04938297,0
0.96489286,0.035107158,0
0.6469299,0.35307014,0
0.607621,0.392379,0
0.5918765,0.40812346,0
0.67086434,0.32913566,0
0.81369776,0.1863022,0
0.6432934,0.35670662,0
0.6373665,0.3626335,0
0.85063416,0.14936583,0
0.87504005,0.12495998,0
0.76156825,0.23843178,0
0.64787406,0.3521259,1
0.79102784,0.20897223,0
0.9085021,0.09149785,0
0.96887267,0.031127308,0
0.75670654,0.24329351,0
0.8471883,0.15281165,0
0.89923346,0.10076661,0
0.90961367,0.0903864,0
0.90103084,0.09896912,0
0.782921,0.21707897,1
0.88220733,0.11779261,0
0.9028234,0.09717663,1
0.9764935,0.023506597,0
0.7168182,0.2831818,1
0.50982577,0.4901742,1
0.5222457,0.47775435,1
0.62495905,0.37504098,0
0.6065617,0.39343825,0
0.5815007,0.41849932,1
0.32537916,0.67462087,1
0.46253404,0.53746593,1
0.45566803,0.544332,1
0.7982509,0.20174915,0
0.83671093,0.16328901,0
0.9538683,0.046131656,0
0.8902723,0.109727636,0
0.47272366,0.5272764,1
0.39741036,0.6025896,1
0.625314,0.374686,0
0.67002183,0.32997817,0
0.64392036,0.3560797,0
0.61278147,0.3872185,0
0.7215833,0.2784167,0
0.6941529,0.30584708,0
0.6942738,0.30572614,0
0.8078908,0.19210917,0
0.84905285,0.15094717,1
0.7424614,0.25753856,0
0.86359984,0.13640015,0
0.771279,0.22872107,0
0.6886153,0.31138468,0
0.68785006,0.31214994,0
0.6515281,0.34847194,1
0.64101243,0.3589876,0
0.69930243,0.30069757,0
0.74800366,0.2519963,0
0.86928546,0.1307145,0
0.7143817,0.28561828,0
0.72122467,0.27877533,0
0.7062079,0.2937922,0
0.6954576,0.30454242,1
0.76331466,0.23668535,0
0.9206721,0.079327926,0
0.94434893,0.055651084,0
0.979736,0.020264,0
0.719349,0.28065094,1
0.6971889,0.30281103,1
0.72781765,0.27218238,1
0.7203595,0.27964047,1
0.6610572,0.3389428,1
0.7415231,0.25847697,1
0.91662586,0.083374135,0
0.9117868,0.088213205,1
0.364051,0.63594896,1
0.16460541,0.83539456,1
0.4771773,0.5228227,1
0.3502619,0.64973813,1
0.37371823,0.62628186,1
0.8043988,0.19560128,0
0.83906865,0.16093138,0
0.84167725,0.15832283,0
0.63173306,0.36826694,0
0.62492263,0.37507737,0
0.801719,0.19828099,0
0.88553315,0.11446679,0
0.76912963,0.23087029,1
0.803711,0.19628899,1
0.7368863,0.2631137,1
0.78160095,0.21839903,0
0.94080997,0.059189983,0
0.97495055,0.025049463,0
0.8261739,0.17382614,0
0.7467074,0.25329256,0
0.58150846,0.4184915,0
0.5314524,0.46854755,0
0.5278909,0.47210905,0
0.5110713,0.48892865,0
0.46427113,0.5357289,1
0.46640188,0.5335981,1
0.9828036,0.017196395,0
0.97600573,0.023994315,0
0.92155933,0.07844065,0
0.814789,0.18521097,0
0.6619567,0.33804327,1
0.65900147,0.3409985,1
0.44362083,0.55637914,1
0.23076601,0.76923406,1
0.30720347,0.6927966,1
0.5115073,0.4884927,1
0.33139038,0.6686097,1
0.8845893,0.115410715,0
0.92400634,0.07599368,0
0.1008626,0.8991374,1
0.22899517,0.7710048,1
0.8845823,0.11541772,0
0.48157778,0.51842225,0
0.42740953,0.57259053,1
0.8894426,0.11055738,0
0.7961359,0.20386404,0
0.044997875,0.9550021,1
0.08091448,0.91908556,1
0.12827535,0.87172467,1
0.3023239,0.69767606,1
0.18389948,0.8161006,1
0.6952907,0.3047093,0
0.53350294,0.466497,1
0.7705949,0.2294051,0
0.885569,0.11443099,0
0.20223239,0.79776764,1
0.20433365,0.7956664,1
0.1432099,0.85679007,1
0.25005788,0.7499421,1
0.023035273,0.9769647,1
0.25814196,0.74185795,0
0.49473825,0.5052617,0
0.2272657,0.7727343,1
0.8388656,0.16113444,0
0.85592204,0.14407791,0
0.98649466,0.013505384,0
0.7115107,0.28848928,0
0.22179109,0.7782089,1
0.29261366,0.7073863,1
0.46663347,0.5333665,1
0.7354112,0.2645887,0
0.83361006,0.16638996,0
0.8360128,0.1639873,0
0.90003455,0.09996545,0
0.7401836,0.25981644,0
0.7611409,0.2388591,0
0.97875696,0.021242974,0
0.59835297,0.40164706,0
0.7812199,0.2187801,0
0.83571136,0.16428871,0
0.84160495,0.1583951,0
0.8445281,0.15547188,0
0.8185654,0.18143456,1
0.8458637,0.15413627,0
0.8269006,0.17309941,0
0.79242986,0.20757015,0
0.793496,0.20650396,0
0.822509,0.17749098,1
0.9416462,0.058353834,0
0.9798692,0.020130781,0
0.97128534,0.028714644,0
0.46303526,0.5369648,1
0.6118557,0.38814434,1
0.41414756,0.58585244,1
0.46332744,0.5366726,1
0.48092735,0.51907265,1
0.39272818,0.6072718,1
0.84457874,0.15542127,0
0.7923349,0.20766509,1
0.9179573,0.0820427,0
0.84796506,0.15203491,0
0.5869265,0.41307348,1
0.35938844,0.6406115,1
0.37966493,0.62033504,1
0.55791277,0.4420873,0
0.57751405,0.42248598,0
0.8018726,0.19812746,1
0.94567287,0.054327153,0
0.49253666,0.50746334,1
0.5882872,0.4117128,1
0.3646919,0.6353081,1
0.42146233,0.5785377,1
0.106292784,0.8937073,1
0.05275468,0.94724536,1
0.06404714,0.9359528,1
0.051443096,0.94855684,1
0.9162747,0.08372526,0
0.9098211,0.09017889,0
0.08604864,0.9139514,1
0.30133274,0.6986673,0
0.04999632,0.9500036,1
0.19942819,0.80057186,1
0.9658712,0.03412872,0
0.79943395,0.20056607,0
0.61628205,0.383718,0
0.33121014,0.6687898,0
0.30516428,0.6948357,1
0.12293821,0.8770617,1
0.72508645,0.27491352,0
0.8536318,0.1463682,0
0.90408,0.095920034,0
0.68236446,0.31763554,0
0.31945434,0.68054575,1
0.25215515,0.7478448,1
0.69392645,0.30607355,0
0.6506873,0.34931272,0
0.8716602,0.12833989,0
0.7814396,0.2185604,0
0.61486727,0.3851327,1
0.35819536,0.6418047,1
0.2554497,0.74455035,1
0.89349705,0.10650296,0
0.9079844,0.092015564,0
0.3214492,0.6785507,1
0.9452252,0.054774776,0
0.8843991,0.11560084,0
0.42390713,0.57609284,1
0.5725555,0.4274445,1
0.8418897,0.1581103,1
0.86565375,0.13434623,0
0.6199585,0.38004142,1
0.7656781,0.23432185,1
0.97724074,0.022759315,0
0.921973,0.07802704,0
0.8535824,0.1464176,0
0.51734257,0.48265746,0
0.52873665,0.4712633,0
0.60308915,0.3969109,0
0.57759464,0.4224054,0
0.51181906,0.48818094,0
0.7339027,0.26609734,1
0.80273515,0.19726488,0
0.7948778,0.20512213,0
0.6103398,0.3896602,1
0.10156838,0.8984316,1
0.122538894,0.8774611,1
0.13889237,0.8611076,1
0.15308528,0.8469147,1
0.23900412,0.76099586,1
0.09773937,0.90226066,1
0.7341208,0.2658792,1
0.74425197,0.25574803,1
0.85256183,0.14743824,0
0.20738187,0.7926182,1
0.051704414,0.94829565,1
0.10678357,0.89321643,1
0.12930652,0.87069345,1
0.21087052,0.7891295,1
0.08506152,0.9149385,1
0.69589204,0.30410805,0
0.84728944,0.15271059,0
0.8529676,0.14703241,0
0.12088438,0.8791156,1
0.19877891,0.80122113,1
0.20002446,0.7999756,1
0.341222,0.658778,0
0.8453621,0.15463783,0
0.89376915,0.106230825,0
0.76930267,0.23069733,1
0.88793504,0.11206504,0
0.6717034,0.32829666,1
0.17486487,0.8251351,1
0.13960227,0.86039776,1
0.16296399,0.8370361,1
0.3173997,0.68260026,1
0.4522362,0.5477639,0
0.86550415,0.13449591,0
0.9365444,0.0634556,0
0.91554135,0.08445872,0
0.88775307,0.112246856,0
0.98353267,0.016467365,0
0.11309658,0.88690346,1
0.1427057,0.8572943,1
0.15321954,0.8467805,1
0.033931274,0.9660688,1
0.55767334,0.44232664,0
0.78849596,0.21150409,0
0.7948784,0.20512158,0
0.72508824,0.27491173,0
0.8167366,0.18326348,0
0.85637313,0.14362694,0
0.9898426,0.010157381,0
0.9463721,0.053627875,0
0.76562786,0.23437211,0
0.710624,0.28937602,0
0.8075528,0.19244723,0
0.64910847,0.35089147,1
0.77177715,0.22822282,0
0.8005763,0.1994236,1
0.89796877,0.102031246,0
0.9343736,0.065626435,0
0.97963,0.020369962,0
0.5849996,0.4150004,1
0.57663715,0.42336285,1
0.9737961,0.026203869,0
0.97811604,0.021883983,0
0.9567487,0.04325136,0
0.50083697,0.49916294,1
0.5406479,0.4593521,1
0.09957064,0.90042937,1
0.11337994,0.8866201,1
0.26485267,0.7351473,1
0.8313183,0.16868165,0
0.68365884,0.31634116,0
0.81845766,0.18154243,0
0.34285417,0.65714586,1
0.36930475,0.6306952,1
0.7260369,0.2739631,0
0.7994712,0.20052879,0
0.75138646,0.24861346,0
0.91080827,0.08919177,0
0.5642716,0.4357284,1
0.13812926,0.86187077,1
0.6925793,0.30742064,0
0.73234427,0.2676558,0
0.7248633,0.27513668,0
0.70979387,0.29020607,0
0.7400138,0.25998625,0
0.73700005,0.263,0
0.71162224,0.28837776,0
0.6944121,0.30558786,0
0.8525449,0.14745511,0
0.9850054,0.014994649,0
0.9789226,0.021077443,0
0.9668046,0.03319539,0
0.55726963,0.44273028,0
0.4118438,0.58815616,1
0.3905216,0.6094784,1
0.37135187,0.62864816,1
0.46563002,0.53437,1
0.45553845,0.5444616,1
0.46643835,0.53356165,1
0.46363133,0.53636867,1
0.3671549,0.63284516,1
0.7769858,0.2230141,0
0.45222747,0.5477725,1
0.66397035,0.3360297,1
0.7364072,0.26359284,0
0.75317895,0.24682106,0
0.9185309,0.08146909,0
0.9387767,0.06122334,0
0.9807693,0.019230677,0
0.759506,0.24049397,1
0.43040398,0.569596,1
0.34301928,0.6569807,1
0.34724537,0.6527546,1
0.073713236,0.9262868,1
0.08410692,0.9158931,1
0.29983845,0.7001616,1
0.36204597,0.637954,1
0.6906542,0.30934578,1
0.81362325,0.18637675,0
0.6285981,0.37140194,0
0.5916365,0.40836346,0
0.8484713,0.15152869,0
0.8561422,0.14385775,0
0.7996643,0.20033567,0
0.7752229,0.22477704,0
0.75449145,0.24550855,0
0.84590244,0.15409754,0
0.55026925,0.44973078,1
0.4561398,0.54386026,1
0.44018784,0.5598122,1
0.43088394,0.569116,1
0.36192816,0.63807184,0
0.95702636,0.04297368,0
0.6443001,0.35569993,0
0.5447221,0.45527795,1
0.53969693,0.46030304,1
0.63018686,0.36981317,1
0.6503869,0.34961307,0
0.69725806,0.3027419,0
0.7646077,0.23539226,0
0.695862,0.30413803,0
0.65445095,0.34554908,1
0.55054617,0.44945383,1
0.5848256,0.41517442,0
0.5873814,0.41261858,0
0.93413013,0.06586985,0
0.9635216,0.03647842,0
0.9734318,0.026568193,0
0.9732722,0.02672775,0
0.7504028,0.2495972,1
0.43947664,0.5605234,1
0.5792191,0.42078093,1
0.39528292,0.604717,1
0.50571567,0.4942844,1
0.39935565,0.6006444,1
0.779303,0.22069699,0
0.8799943,0.120005675,0
0.798008,0.20199199,0
0.88708967,0.11291037,0
0.7721382,0.22786187,0
0.81688154,0.18311846,0
0.61449206,0.38550794,1
0.4096408,0.5903592,1
0.35298344,0.6470166,1
0.30886522,0.69113475,1
0.31827098,0.6817291,1
0.33540893,0.6645911,1
0.31978622,0.6802138,1
0.29032463,0.7096753,1
0.37625757,0.62374246,1
0.3595927,0.64040726,1
0.7696869,0.23031309,0
0.9873647,0.012635248,0
0.94286704,0.057132993,0
0.44779006,0.55221,1
0.99084395,0.009155972,0
0.986328,0.013672068,0
0.9618613,0.03813867,0
0.9250705,0.07492946,0
0.5380096,0.46199045,1
0.79380655,0.20619339,0
0.73128814,0.26871178,1
0.6677002,0.33229977,1
0.70451856,0.29548144,1
0.93223786,0.06776217,0
0.97161984,0.02838015,0
0.981574,0.01842598,0
0.9755923,0.0244077,0
0.55118686,0.44881317,0
0.50929445,0.4907056,0
0.5405987,0.45940128,0
0.46605092,0.5339491,1
0.4101325,0.5898675,1
0.4094763,0.59052366,0
0.3628793,0.63712066,1
0.3772908,0.6227092,1
0.3892819,0.6107181,1
0.47991213,0.52008784,1
0.49095014,0.50904983,1
0.9644684,0.035531577,0
0.9711773,0.028822688,0
0.9525745,0.047425576,0
0.26464844,0.7353516,1
0.28067788,0.71932214,1
0.22776096,0.772239,1
0.23825513,0.76174486,1
0.32163915,0.6783609,1
0.83573306,0.16426696,0
0.75381577,0.24618423,0
0.6911738,0.30882615,0
0.8968981,0.10310192,0
0.97208595,0.027914,0
0.6086033,0.39139667,1
0.12941381,0.87058616,1
0.13062114,0.86937886,1
0.10612575,0.8938743,1
0.46436235,0.5356376,0
0.7066341,0.29336593,0
0.65047574,0.3495243,0
0.8991494,0.1008506,0
0.72678375,0.27321628,0
0.38000694,0.6199931,1
0.4586307,0.5413694,0
0.50208557,0.49791446,1
0.66462237,0.3353776,0
0.77428555,0.22571446,0
0.7567554,0.24324454,0
0.70724916,0.29275087,0
0.94572765,0.054272402,0
0.9618675,0.03813253,0
0.98526174,0.014738235,0
0.85916746,0.14083254,0
0.55610526,0.44389468,1
0.41423598,0.585764,1
0.43497577,0.56502426,1
0.41239324,0.5876067,1
0.3513675,0.64863247,1
0.42676356,0.57323647,1
0.80274713,0.19725287,1
0.7417781,0.25822198,0
0.9822613,0.017738666,0
0.9405349,0.05946512,0
0.78849936,0.21150067,0
0.35090068,0.64909935,1
0.13220073,0.8677993,1
0.8127536,0.18724641,0
0.5439126,0.45608744,0
0.63174933,0.36825064,0
0.91832274,0.08167726,0
0.99036837,0.009631642,0
0.9624736,0.03752644,0
0.8431141,0.15688595,0
0.77973056,0.22026943,0
0.5757452,0.4242548,1
0.591362,0.4086381,1
0.83475465,0.16524531,0
0.7671787,0.23282135,0
0.7917126,0.20828748,1
0.91564023,0.08435979,0
0.8974188,0.10258124,0
0.6819383,0.31806174,0
0.5598071,0.44019294,0
0.4412042,0.5587958,1
0.42546648,0.5745335,1
0.44891474,0.5510853,1
0.44779527,0.5522047,1
0.4136624,0.5863375,1
0.31233633,0.6876636,1
0.49256074,0.50743926,1
0.86081415,0.13918586,0
0.8102637,0.1897363,0
0.8769929,0.12300711,1
0.5657518,0.43424818,1
0.50945246,0.4905475,1
0.15197526,0.8480247,1
0.5687373,0.43126273,1
0.58359754,0.4164024,1
0.6954887,0.30451134,0
0.7033487,0.29665124,0
0.76943547,0.2305645,0
0.75813067,0.24186932,0
0.7191521,0.2808479,0
0.7184568,0.28154323,0
0.86358064,0.13641943,0
0.89141667,0.10858329,0
0.9111596,0.088840395,0
0.966805,0.033195022,0
0.9547704,0.04522957,0
0.9204704,0.07952955,0
0.8001498,0.19985025,1
0.6638649,0.33613512,1
0.56840575,0.43159428,1
0.7373854,0.2626146,1
0.93972677,0.06027322,0
0.97420436,0.025795614,0
0.90637904,0.09362098,1
0.5504736,0.44952652,1
0.5483711,0.45162898,1
0.5793756,0.4206244,1
0.67557937,0.32442063,1
0.52980924,0.47019076,1
0.47836366,0.5216363,1
0.7367208,0.2632792,0
0.749599,0.25040105,0
0.68442523,0.31557477,0
0.6418058,0.3581942,1
0.64547485,0.35452518,1
0.92732984,0.072670214,0
0.9517734,0.04822665,0
0.6164707,0.38352934,1
0.44233376,0.55766624,1
0.8511389,0.1488611,1
0.647922,0.35207805,1
0.9818817,0.018118331,0
0.8912489,0.108751155,0
0.5193972,0.4806028,1
0.42461267,0.57538736,1
0.3849789,0.6150211,1
0.36826733,0.6317327,1
0.89088815,0.1091119,0
0.8962981,0.10370186,0
0.88789123,0.11210881,0
0.98544127,0.0145587595,0
0.98897904,0.0110209435,0
0.98827064,0.011729402,0
0.5724552,0.4275448,1
0.68998116,0.31001887,1
0.76734465,0.23265536,1
0.7839066,0.21609335,1
0.7166673,0.28333274,1
0.7227292,0.27727085,1
0.7909867,0.20901325,1
0.6838901,0.31611,1
0.7307962,0.26920378,1
0.7527455,0.24725446,1
0.7160815,0.28391856,1
0.72395736,0.27604267,1
0.95966715,0.04033289,0
0.95478636,0.04521357,0
0.5309036,0.46909636,1
0.51709634,0.4829037,1
0.5232301,0.47676995,1
0.4287684,0.5712316,1
0.40641043,0.5935896,1
0.3964464,0.6035536,1
0.41586265,0.5841374,1
0.33800018,0.6619999,0
0.94627714,0.053722844,0
0.92975104,0.07024902,1
0.17962912,0.82037085,1
0.046938773,0.9530613,1
0.0617841,0.9382159,1
0.060853608,0.9391464,1
0.71383333,0.28616673,0
0.7895591,0.21044083,0
0.62718666,0.37281334,1
0.6222318,0.3777682,0
0.69776094,0.3022391,0
0.8987315,0.101268455,0
0.68105066,0.3189493,1
0.45840803,0.54159194,1
0.023138484,0.97686154,1
1.2449826e-27,1.0,1
7.0223386e-08,0.9999999,1
2.4713625e-08,1.0,1
4.5738963e-10,1.0,1
1.7022447e-08,1.0,1
0.013556065,0.98644394,0
0.6301233,0.36987668,0
4.07479e-08,1.0,1
3.3209685e-11,1.0,1
2.5698177e-10,1.0,1
7.0105753e-12,1.0,1
1.8125899e-12,1.0,1
4.5733157e-12,1.0,1
0.5085392,0.4914609,0
0.8441349,0.15586501,0
0.77307504,0.226925,0
0.8085095,0.19149049,0
0.8741765,0.12582348,0
0.37417275,0.6258273,0
0.21465504,0.78534496,0
0.037351865,0.9626481,0
0.264913,0.73508704,0
0.96569264,0.034307323,0
0.9752993,0.02470073,0
0.84715146,0.15284859,0
0.31106544,0.6889345,1
0.42773592,0.572264,0
0.4057719,0.594228,0
0.44668806,0.55331194,0
0.49946916,0.50053084,0
0.7546978,0.24530219,0
0.92220825,0.077791736,0
0.98617595,0.013824075,0
0.616848,0.38315198,0
0.60340023,0.3965998,1
0.61893374,0.3810663,0
0.75453204,0.24546792,0
0.7994014,0.20059864,0
0.96009177,0.039908167,0
0.95456624,0.04543372,0
0.9219053,0.07809475,0
0.59293365,0.40706632,0
0.46904162,0.5309584,1
0.41896307,0.5810369,1
0.3871815,0.61281854,1
0.50257903,0.497421,1
0.6783203,0.3216797,1
0.5499778,0.45002213,0
0.6118254,0.38817456,0
0.69845444,0.3015456,0
0.31082892,0.6891711,1
0.31851476,0.68148524,1
0.7200137,0.27998632,0
0.7718598,0.22814023,1
0.7215418,0.27845818,1
0.90322334,0.09677665,0
0.65740526,0.34259474,0
0.81829524,0.18170473,0
0.89976704,0.100232966,0
0.7822618,0.21773818,0
0.83348066,0.16651934,0
0.83760166,0.1623984,0
0.95541775,0.044582218,0
0.96269923,0.037300713,0
0.65300715,0.34699288,0
0.66565657,0.33434343,0
0.62543017,0.3745699,0
0.61018646,0.38981348,0
0.6407969,0.35920313,0
0.6715842,0.32841572,0
0.8110155,0.18898456,0
0.7163383,0.28366166,0
0.9044629,0.09553715,0
0.95587564,0.044124305,0
0.65370685,0.34629318,0
0.5657322,0.43426782,1
0.5883912,0.4116088,1
0.5740902,0.42590985,1
0.6545536,0.34544638,1
0.68082625,0.31917375,1
0.74981487,0.25018516,1
0.72960263,0.27039737,1
0.80170095,0.19829908,1
0.018499196,0.98150086,1
0.84911263,0.1508874,1
0.0007983423,0.9992017,1
0.90807325,0.09192677,0
0.90922046,0.09077956,0
0.9167356,0.08326444,0
0.9202264,0.079773575,0
0.6745844,0.32541558,0
0.81981534,0.18018462,0
0.94600964,0.05399039,0
0.61517906,0.38482097,1
0.40625945,0.5937405,1
0.51856744,0.48143256,1
0.5771216,0.42287838,0
0.63406295,0.36593705,0
0.79168046,0.20831953,0
0.8403497,0.15965033,0
0.90102714,0.098972864,0
0.9295666,0.07043339,0
0.9583465,0.04165355,0
0.9658052,0.034194842,0
0.47729042,0.52270955,1
0.51100826,0.4889918,0
0.9294867,0.07051326,0
0.7591721,0.24082787,1
0.39846253,0.60153747,1
0.650478,0.349522,0
0.66875786,0.3312422,0
0.6956011,0.3043989,0
0.7056893,0.29431066,0
0.71779627,0.28220367,0
0.76322937,0.2367707,0
0.798471,0.20152912,0
0.63898844,0.36101162,0
0.7831696,0.21683034,0
0.7066765,0.29332352,0
0.90107316,0.09892682,1
0.5926373,0.4073627,1
0.58527476,0.41472524,0
0.62989575,0.37010425,1
0.6402589,0.35974115,0
0.73430324,0.2656968,0
0.7915259,0.20847411,0
0.7986839,0.20131613,0
0.97542906,0.024570985,0
0.84432703,0.15567294,1
0.7527631,0.24723694,1
0.65635717,0.34364286,1
0.6304329,0.36956707,1
0.6343674,0.36563256,0
0.6353549,0.36464512,0
0.66832626,0.33167377,1
0.6819918,0.31800815,1
0.6803936,0.31960642,0
0.69898623,0.30101374,1
0.7475754,0.25242454,0
0.83779234,0.16220762,0
0.7342138,0.2657862,0
0.78090715,0.21909279,1
0.9714137,0.028586349,0
0.9835706,0.016429426,0
0.9748096,0.02519045,0
0.9625506,0.037449438,0
0.7889387,0.21106128,1
0.6236195,0.3763804,1
0.6752902,0.3247098,1
0.19999908,0.8000009,1
0.34560767,0.6543923,1
0.8063501,0.19364989,0
0.7798177,0.2201823,0
0.78468806,0.21531194,1
0.8477468,0.15225323,0
0.9823668,0.017633177,0
0.4767079,0.5232921,0
0.5800349,0.41996503,0
0.45764142,0.5423586,0
0.7451623,0.25483766,0
0.7481113,0.25188872,1
0.9820597,0.0179403,0
0.98680186,0.013198219,0
0.8758292,0.12417083,0
0.6017607,0.39823934,1
0.3837635,0.6162365,1
0.29377198,0.7062281,1
0.37583327,0.6241667,1
0.51568425,0.48431575,1
0.51328313,0.48671684,1
0.5812662,0.41873378,1
0.6586828,0.3413172,0
0.8945195,0.105480544,0
0.9548423,0.045157645,0
0.9716518,0.028348189,0
0.5134965,0.48650348,0
0.42975163,0.57024837,0
0.33734694,0.6626531,1
0.9231684,0.07683161,0
0.9550714,0.04492855,0
0.55382466,0.44617537,1
0.48631907,0.513681,0
0.4583194,0.5416806,1
0.47259006,0.5274099,0
0.50753856,0.49246147,0
0.5095743,0.49042577,1
0.5933169,0.40668303,0
0.7559819,0.24401814,0
0.95916766,0.040832393,0
0.9073728,0.09262723,0
0.84956187,0.15043807,0
0.663884,0.3361161,1
0.6446948,0.35530522,1
0.60882986,0.39117017,0
0.55787915,0.4421208,0
0.56553364,0.4344664,1
0.70168877,0.29831126,1
0.78452903,0.21547092,0
0.72740954,0.27259052,1
0.9202597,0.0797403,0
0.96368057,0.036319453,0
0.9441489,0.05585107,0
0.59042066,0.40957934,0
0.55090827,0.44909173,0
0.58146083,0.41853917,1
0.26660708,0.7333929,1
0.20725797,0.7927421,1
0.19695352,0.80304646,1
0.44371784,0.55628216,0
0.9674163,0.032583732,0
0.9631869,0.036813043,0
0.7720845,0.22791556,1
0.7109141,0.2890859,0
0.69876033,0.30123964,0
0.69061005,0.30938998,0
0.8630582,0.13694187,0
0.8613114,0.13868862,0
0.76213574,0.23786424,0
0.7510346,0.24896541,1
0.6273932,0.37260684,1
0.65545565,0.34454435,0
0.60776854,0.39223146,0
0.6143461,0.38565394,0
0.65841424,0.3415858,0
0.66152906,0.33847088,0
0.7332747,0.2667253,0
0.73445356,0.26554653,0
0.72979534,0.27020463,0
0.6637623,0.33623764,0
0.73305184,0.26694816,1
0.95268947,0.047310565,0
0.9882075,0.011792493,0
0.9129758,0.08702413,0
0.6178893,0.3821107,1
0.6278272,0.37217274,1
0.61597085,0.38402912,1
0.7715421,0.22845794,1
0.7199097,0.28009024,1
0.6798506,0.32014945,1
0.66954625,0.3304537,0
0.73925835,0.2607416,0
0.9571809,0.042819094,0
0.9762023,0.02379768,0
0.9762224,0.023777623,0
0.97260225,0.027397783,0
0.96912587,0.030874128,0
0.32370308,0.6762969,1
0.33225104,0.6677489,1
0.3357804,0.6642196,1
0.39149484,0.6085052,1
0.32964936,0.6703506,1
0.3775299,0.62247014,1
0.29757217,0.7024278,0
0.31970662,0.6802934,0
0.39680108,0.6031988,0
0.847988,0.15201192,0
0.727241,0.2727591,0
0.57119817,0.42880186,0
0.6644882,0.33551183,0
0.63173264,0.36826733,0
0.617366,0.38263395,0
0.7266976,0.2733024,0
0.8320313,0.16796866,0
0.72740495,0.272595,0
0.70182794,0.29817215,0
0.701058,0.298942,1
0.8441407,0.15585923,1
0.73512936,0.26487067,1
0.6665554,0.33344454,1
0.6358001,0.3641999,1
0.6730088,0.32699117,1
0.73297375,0.26702628,0
0.76355207,0.23644795,0
0.7908021,0.20919791,0
0.6787749,0.3212251,0
0.9936289,0.0063710464,0
0.96083933,0.039160673,0
0.7366651,0.26333484,0
0.76791126,0.23208874,0
0.82450795,0.17549208,0
0.8017059,0.19829404,0
0.6203812,0.3796188,1
0.5618151,0.4381849,1
0.9898302,0.010169748,0
0.9954341,0.0045658364,0
0.5232226,0.47677732,1
0.49982813,0.50017184,1
0.5133851,0.4866149,1
0.4504079,0.549592,1
0.5811473,0.4188527,1
0.511297,0.488703,1
0.99454767,0.005452317,0
0.9925708,0.007429245,0
0.97025687,0.02974308,0
0.79986227,0.20013782,0
0.802139,0.19786103,0
0.80125326,0.19874673,0
0.80380684,0.19619314,0
0.75335354,0.24664654,1
0.7448544,0.25514567,0
0.9828089,0.01719115,0
0.98643875,0.013561307,0
0.9821424,0.017857583,0
0.84803194,0.1519681,0
0.5725517,0.4274483,1
0.5661868,0.43381324,1
0.50325537,0.49674457,0
0.98209745,0.017902499,0
0.9775779,0.02242205,0
0.94098526,0.05901471,0
0.9127683,0.08723175,0
0.7805381,0.21946192,1
0.57844335,0.42155665,1
0.689952,0.31004798,1
0.78639865,0.21360135,0
0.778068,0.22193198,0
0.66133076,0.33866915,0
0.820194,0.17980596,0
0.8329515,0.16704844,0
0.947035,0.05296503,0
0.906857,0.093142994,0
0.7617293,0.23827071,0
0.52664185,0.47335815,1
0.0071089854,0.9928911,1
0.0018963929,0.9981036,1
0.317085,0.68291503,1
0.91021055,0.089789376,0
0.98320216,0.016797889,0
0.710439,0.28956103,0
0.691227,0.30877298,0
0.52581185,0.4741881,1
0.8573392,0.14266075,0
0.9840099,0.015990056,0
0.97934914,0.02065084,0
0.9777955,0.022204533,0
0.9282711,0.071728855,0
0.8687316,0.13126838,0
0.62306714,0.37693295,0
0.52783006,0.4721699,0
0.57872075,0.4212792,0
0.604128,0.395872,0
0.5466026,0.4533974,0
0.65333873,0.3466613,1
0.6156531,0.3843469,1
0.8654509,0.1345491,0
0.56657344,0.4334265,1
0.46149385,0.5385061,1
0.30996382,0.6900362,1
0.58305687,0.4169431,0
0.72681147,0.27318853,1
0.8620671,0.13793284,0
0.9818683,0.018131593,0
0.9652042,0.03479578,0
0.95576024,0.0442398,0
0.2299733,0.77002674,1
0.27024385,0.7297561,1
0.65181345,0.34818655,0
0.78422993,0.21577011,1
0.7449556,0.25504446,1
0.73823583,0.26176417,0
0.848875,0.15112501,0
0.9852182,0.014781825,0
0.9877714,0.012228632,0
0.8469179,0.15308204,0
0.5331801,0.46681982,0
0.5032204,0.49677962,0
0.5354981,0.46450192,1
0.5062347,0.49376523,1
0.5176146,0.48238543,1
0.35781842,0.6421816,1
0.28726187,0.71273816,1
0.16041361,0.8395864,1
0.19528066,0.80471927,1
0.453432,0.54656804,1
0.95787656,0.042123463,0
0.9178831,0.082116865,0
0.97982657,0.02017343,0
0.9793499,0.020650141,0
0.9025122,0.09748786,1
0.7864042,0.21359587,1
0.61876875,0.38123134,1
0.38523623,0.6147638,1
0.6548113,0.34518865,1
0.7236935,0.27630642,0
0.68022186,0.31977817,0
0.73731077,0.26268923,0
0.8227895,0.17721048,0
0.85059226,0.14940779,0
0.6579202,0.34207982,0
0.39022487,0.6097751,1
0.40760952,0.59239054,1
0.6202939,0.3797061,1
0.64302987,0.35697016,1
0.6717885,0.32821143,1
0.7300599,0.2699401,0
0.64653295,0.35346705,0
0.6344201,0.36558,0
0.8768985,0.12310144,0
0.64992845,0.35007164,0
0.7895663,0.21043368,0
0.782392,0.21760793,1
0.6935,0.30650002,1
0.828452,0.17154802,1
0.81415796,0.185842,1
0.8302943,0.16970572,0
0.71359456,0.2864054,0
0.7236773,0.2763227,0
0.70610774,0.2938922,0
0.6638994,0.33610055,0
0.6423763,0.35762367,0
0.6284303,0.37156972,0
0.9820187,0.0179813,0
0.68480134,0.3151987,0
0.67655283,0.32344714,0
0.6853428,0.31465724,1
0.6936948,0.30630523,0
0.79107696,0.20892304,1
0.9704531,0.02954691,0
0.96502453,0.034975443,0
0.94769067,0.052309338,0
0.89735764,0.10264233,0
0.62195617,0.37804386,1
0.65729296,0.34270704,1
0.6825041,0.3174959,1
0.72542256,0.2745775,1
0.75259006,0.24740995,1
0.61208254,0.38791755,0
0.5825937,0.41740632,0
0.63669217,0.36330777,0
0.9168364,0.08316364,0
0.89700466,0.10299535,0
0.65510553,0.3448945,1
0.61394435,0.3860556,0
0.5667832,0.43321675,0
0.54907376,0.45092624,0
0.97141165,0.028588327,0
0.44775143,0.55224854,1
0.42799225,0.5720078,1
0.3755609,0.6244391,1
0.38412502,0.6158749,1
0.3162928,0.6837072,1
0.3570731,0.6429269,1
0.23411353,0.76588655,1
0.11388761,0.8861124,1
0.9771169,0.022883143,0
0.63348246,0.36651754,0
0.60850745,0.39149255,0
0.55443734,0.44556266,0
0.64032507,0.35967493,0
0.48478273,0.5152173,1
0.5991516,0.40084833,0
0.5743176,0.4256824,0
0.71599215,0.2840078,0
0.5869636,0.41303647,0
0.64311475,0.35688525,1
0.5985624,0.40143758,0
0.5192061,0.4807939,1
0.45583436,0.5441656,1
0.40363207,0.59636796,1
0.38165477,0.6183452,1
0.39338812,0.6066119,1
0.14749464,0.8525053,1
0.3219117,0.6780883,1
0.6765644,0.3234356,0
0.6088512,0.39114884,0
0.6678031,0.3321969,0
0.7807995,0.21920046,1
0.9402801,0.05971995,0
0.90446305,0.095536985,0
0.6016681,0.39833188,0
0.605077,0.3949229,0
0.5212932,0.47870678,1
0.3655791,0.6344208,1
0.7265892,0.27341086,0
0.51607895,0.48392108,1
0.83601874,0.1639812,1
0.9210436,0.078956425,0
0.6865418,0.31345814,0
0.62404275,0.37595725,0
0.5918403,0.40815967,1
3.3420718e-05,0.9999666,1
0.49411014,0.50588983,0
0.49131516,0.5086848,0
0.58080953,0.41919044,0
0.6855972,0.31440276,0
0.5500611,0.44993883,0
0.91565907,0.08434099,0
0.9320019,0.06799815,0
0.8007272,0.19927275,0
0.6752073,0.32479268,0
0.57853794,0.4214621,0
0.58023036,0.4197697,0
0.48626208,0.5137379,0
0.44060016,0.55939984,0
0.5044783,0.49552166,1
0.57354236,0.4264576,0
0.55067784,0.4493222,1
0.4665615,0.53343856,1
0.7111708,0.28882924,1
0.9106577,0.08934228,1
0.91898245,0.08101758,1
0.95339227,0.04660771,0
0.43667802,0.563322,1
0.44866124,0.55133873,1
0.42800266,0.5719973,1
0.31749853,0.6825015,1
0.45068794,0.54931206,1
0.57165325,0.42834672,0
0.9477571,0.052242797,0
0.86067283,0.13932717,0
0.41903868,0.58096135,1
0.4700638,0.52993613,1
0.49199322,0.50800675,0
0.46427435,0.53572565,0
0.48796195,0.512038,0
0.471338,0.528662,0
0.88939685,0.110603124,0
0.9539692,0.046030737,0
0.6897975,0.31020257,1
0.6144069,0.38559318,0
0.64388514,0.35611486,0
0.53250325,0.46749672,0
0.46080944,0.53919053,0
0.51534534,0.48465472,0
0.75582796,0.24417208,0
0.63110685,0.36889315,0
0.6748526,0.3251474,1
0.94465137,0.055348583,0
0.41122854,0.58877146,1
0.39728448,0.60271555,1
0.35291177,0.64708817,1
0.5431675,0.45683256,0
0.7006918,0.29930815,0
0.6761457,0.3238543,0
0.6430318,0.3569682,0
0.80219203,0.19780795,0
0.86299604,0.13700394,0
0.6436764,0.35632357,0
0.5080224,0.49197757,0
0.49391192,0.50608814,0
0.4761477,0.5238522,0
0.52288926,0.4771107,1
0.52316165,0.4768384,1
0.65953934,0.3404607,0
0.9623877,0.037612293,0
0.9272195,0.07278046,0
0.58367246,0.41632757,0
0.56967854,0.4303214,1
0.4125927,0.58740735,1
0.6869454,0.31305462,0
0.71352583,0.2864741,0
0.762399,0.23760091,0
0.8550238,0.14497612,0
0.4674465,0.53255343,1
0.5577166,0.44228342,0
0.6130517,0.3869483,1
0.5318784,0.46812153,0
0.5490754,0.45092458,0
0.6266481,0.3733519,0
0.731161,0.268839,0
0.95670295,0.04329702,0
0.92763144,0.07236863,0
0.8759535,0.12404649,0
0.28047374,0.71952623,1
0.39562282,0.6043772,1
0.40766343,0.5923366,1
0.55015707,0.44984293,0
0.5358887,0.46411136,0
0.96119297,0.03880705,0
0.96835226,0.0316477,0
0.6930643,0.30693573,0
0.46850488,0.5314951,0
0.45074117,0.5492588,0
0.34970775,0.6502923,0
0.3408006,0.6591993,1
0.25537804,0.744622,0
0.2511835,0.7488165,1
0.18906482,0.8109352,1
0.2523186,0.74768144,0
0.9051211,0.09487885,0
0.9678391,0.032160852,0
0.80603075,0.19396919,0
0.7539818,0.24601816,1
0.49719247,0.50280756,1
0.3634954,0.6365046,1
0.42263898,0.57736105,1
0.40170375,0.5982962,1
0.4507558,0.5492442,1
0.38849145,0.61150855,1
0.4120458,0.58795416,1
0.40104917,0.5989508,1
0.36228928,0.63771063,1
0.6659176,0.33408242,0
0.65902585,0.3409742,0
0.6125568,0.38744316,0
0.5953486,0.40465143,0
0.7099169,0.2900831,0
0.73178583,0.26821417,0
0.70873976,0.2912603,0
0.7758537,0.22414632,0
0.80851996,0.19148009,0
0.9511475,0.048852514,0
0.5741683,0.42583176,1
0.65401465,0.34598532,0
0.46133927,0.5386607,1
0.4317156,0.56828445,1
0.43447632,0.5655236,1
0.69999754,0.30000243,1
0.78199416,0.2180058,0
0.9537974,0.046202663,0
0.9479559,0.052044105,0
0.8878971,0.11210297,0
0.5732044,0.42679563,0
0.6436606,0.3563394,0
0.62317073,0.37682924,0
0.6206899,0.3793101,0
0.5893062,0.41069382,0
0.6514707,0.34852925,0
0.6467084,0.35329157,0
0.70762455,0.29237548,0
0.6094798,0.39052022,1
0.48259953,0.5174005,1
0.56443983,0.43556017,1
0.6485915,0.35140845,0
0.64324,0.35676003,0
0.62752306,0.3724769,0
0.93142796,0.06857205,0
0.40040562,0.5995944,0
0.39813003,0.60187,1
0.43217963,0.56782037,1
0.47284794,0.52715206,0
0.40708792,0.592912,1
0.403638,0.596362,1
0.41196975,0.5880303,1
0.37991577,0.6200842,1
0.41737026,0.58262974,1
0.4593886,0.5406114,1
0.63395655,0.3660435,0
0.84985554,0.15014444,0
0.9700714,0.029928612,0
0.9744766,0.025523385,0
0.97159404,0.028405925,0
0.9554064,0.044593554,0
0.88207304,0.117927015,0
0.8263367,0.17366327,0
0.53687483,0.4631252,1
0.3128109,0.6871891,1
0.38775468,0.6122453,1
0.47756466,0.52243537,1
0.41043,0.58957,1
0.36123115,0.63876885,1
0.18753198,0.812468,0
0.9275872,0.0724128,0
0.87079024,0.12920974,1
0.3874537,0.6125464,1
0.4306536,0.5693464,0
0.34577817,0.65422183,1
0.010876359,0.9891236,1
0.023707565,0.97629243,1
0.5408397,0.45916036,0
0.71483356,0.2851665,0
0.63423866,0.36576134,0
0.5695428,0.4304572,0
0.6805154,0.31948462,0
0.59089035,0.4091096,1
0.17611112,0.8238889,1
0.6460702,0.35392985,0
0.5615966,0.43840352,0
0.45565587,0.5443441,1
0.39414117,0.6058588,0
0.27468255,0.7253174,1
0.33952332,0.66047674,1
0.3979721,0.60202795,0
0.6982444,0.3017556,0
0.7749436,0.2250564,0
0.89198035,0.10801967,0
0.92548376,0.07451624,0
0.90890425,0.09109576,0
0.6286958,0.3713042,0
0.5956835,0.4043165,0
0.5635426,0.43645737,0
0.5024234,0.49757662,0
0.4491547,0.5508454,0
0.501688,0.49831197,1
0.019558646,0.98044133,1
0.74708265,0.25291732,0
0.6729471,0.32705292,1
0.74597603,0.25402397,0
0.86161274,0.13838725,0
0.91570395,0.08429613,0
0.5644596,0.4355404,1
0.5029741,0.49702588,0
0.44978845,0.55021155,1
0.6383154,0.36168465,0
0.6553675,0.34463257,0
0.5998338,0.40016624,0
0.96960205,0.030397922,0
0.313769,0.68623096,1
0.34671882,0.6532812,0
0.406376,0.59362394,1
0.95088345,0.049116615,0
0.9608883,0.039111704,0
0.9471814,0.05281863,0
0.6563959,0.34360406,0
0.45511413,0.5448859,0
0.38198987,0.61801016,1
0.23953314,0.7604669,1
0.1684238,0.83157617,0
0.15911546,0.84088457,0
0.960103,0.03989704,0
0.6240864,0.3759137,0
0.5694401,0.4305599,1
0.5586524,0.44134757,1
0.6767254,0.32327458,0
0.59245956,0.40754044,0
0.6167968,0.38320315,0
0.71800745,0.28199255,0
0.6469559,0.35304412,0
0.5668436,0.43315637,0
0.60783523,0.39216468,1
0.64411557,0.3558844,0
0.4540172,0.5459828,1
0.70709914,0.2929008,1
0.9066987,0.093301244,0
0.95204335,0.047956664,0
0.9382158,0.06178424,0
0.67178905,0.32821095,1
0.65220517,0.3477949,1
0.48068145,0.5193185,1
0.34679776,0.6532022,1
0.4493563,0.55064374,1
0.46237752,0.53762245,1
0.57508105,0.42491892,1
0.6083572,0.39164278,1
0.63538224,0.36461776,1
0.6085598,0.39144018,1
0.6211289,0.3788711,0
0.5308228,0.46917722,1
0.8316799,0.16832003,1
0.49386927,0.5061307,1
0.4954034,0.50459653,1
0.7064002,0.29359975,0
0.7580753,0.2419247,0
0.6654029,0.33459714,0
0.44942734,0.5505727,1
0.85746574,0.14253424,1
0.5979886,0.40201145,0
0.60776156,0.39223844,1
0.51697403,0.4830259,1
0.6221532,0.3778468,1
0.39486095,0.605139,1
0.6713259,0.32867408,1
0.44856238,0.5514376,1
0.715428,0.28457195,0
0.69050443,0.30949566,0
0.9462917,0.053708263,0
0.46312127,0.53687876,1
0.63918364,0.36081633,0
0.6919458,0.3080543,0
0.60129786,0.39870217,0
0.6818932,0.3181068,0
0.7040879,0.29591212,0
0.62715745,0.37284252,0
0.62540716,0.37459284,0
0.6967906,0.30320942,0
0.8797192,0.12028083,0
0.9436479,0.05635209,0
0.9602539,0.039746147,0
0.8558116,0.14418836,0
0.3563497,0.6436503,1
0.33109495,0.6689051,1
0.32120353,0.6787965,1
0.35015938,0.6498406,0
0.3012898,0.69871014,1
0.31108832,0.6889117,0
0.23935312,0.7606468,0
0.31425244,0.6857475,1
0.35303557,0.64696443,1
0.3346323,0.6653678,1
0.43835542,0.5616446,1
0.5309455,0.4690545,0
0.5712491,0.4287509,0
0.7581455,0.24185447,0
0.910338,0.08966201,0
0.9655345,0.03446551,0
0.973822,0.026178025,0
0.95650715,0.04349288,0
0.95237625,0.047623705,0
0.60610384,0.39389616,0
0.5388542,0.46114585,0
0.5628494,0.43715063,0
0.7778653,0.22213468,1
0.9522463,0.04775368,0
0.64493483,0.3550652,0
0.63797724,0.36202273,0
0.52379316,0.47620687,0
0.49364054,0.50635946,0
0.5211329,0.47886714,0
0.5719971,0.4280029,0
0.6305672,0.36943284,0
0.65780485,0.34219506,0
0.7201781,0.2798219,0
0.7333394,0.2666606,0
0.73973686,0.26026314,0
0.58585733,0.41414264,1
0.66073817,0.33926186,0
0.8547741,0.14522591,0
0.8594371,0.14056295,1
0.94756496,0.052435,0
0.93888617,0.061113816,0
0.84319514,0.15680489,0
0.67808026,0.32191977,0
0.6398879,0.36011213,0
0.5972342,0.4027658,0
0.55953276,0.44046727,0
0.64177513,0.35822484,1
0.63403296,0.36596704,1
0.6489408,0.3510592,1
0.4804908,0.5195092,1
0.5036045,0.4963956,1
0.6576595,0.34234056,1
0.9099219,0.0900781,0
0.6528077,0.34719226,1
0.6552132,0.34478685,1
0.6271607,0.37283936,1
0.44893658,0.5510634,0
0.53889763,0.46110237,0
0.5706842,0.42931584,1
0.4670084,0.5329916,1
0.9555656,0.044434473,0
0.92906296,0.070937,0
0.7483378,0.25166216,1
0.62978953,0.3702104,1
0.6614052,0.33859482,1
0.57374495,0.426255,1
0.5544944,0.44550565,1
0.48785084,0.5121491,1
0.47746384,0.52253616,1
0.4124537,0.5875463,1
0.48860767,0.5113923,1
0.4921723,0.5078277,0
0.6786833,0.32131675,0
0.6794571,0.32054293,0
0.6156061,0.38439387,0
0.5743849,0.42561507,0
0.87501943,0.12498063,0
0.94346905,0.05653091,0
0.8993422,0.10065785,0
0.5837403,0.41625968,0
0.5459706,0.45402944,0
0.58536375,0.4146362,0
0.55918294,0.44081706,0
0.59505886,0.4049412,0
0.6308782,0.36912176,0
0.6623913,0.3376087,0
0.90625805,0.09374199,1
0.96118814,0.03881189,0
0.24637498,0.75362504,1
0.40248427,0.5975157,1
0.4440064,0.5559936,1
0.48508054,0.51491946,0
0.54346025,0.45653972,0
0.5673977,0.4326023,0
0.60123533,0.39876467,0
0.8986103,0.101389684,0
0.980272,0.019728053,0
0.98499274,0.015007254,0
0.9853615,0.014638502,0
0.83332294,0.16667706,0
0.7293312,0.27066875,0
0.45829812,0.5417018,1
0.41343012,0.58656985,1
0.40892184,0.5910782,1
0.3972691,0.60273093,1
0.14747815,0.85252184,1
0.14841245,0.85158753,1
0.887523,0.11247704,1
0.83652115,0.1634789,1
0.6189074,0.38109252,1
0.5593645,0.44063556,1
0.6231445,0.3768555,0
0.6335328,0.36646724,0
0.64433455,0.35566542,0
0.6359377,0.36406228,0
0.5461007,0.45389932,0
0.58949465,0.41050538,0
0.5651044,0.4348956,0
0.5934572,0.40654278,1
0.73141885,0.26858112,1
0.93499786,0.06500221,1
0.6793619,0.3206381,0
0.5755463,0.42445374,0
0.44104597,0.55895406,1
0.5581835,0.44181657,1
0.66999596,0.33000404,0
0.6723916,0.32760847,0
0.67229646,0.32770354,0
0.552258,0.44774193,1
0.83313847,0.16686156,1
0.7006611,0.2993389,1
0.5845232,0.41547686,1
0.5222676,0.47773236,1
0.4286707,0.57132936,1
0.0004498329,0.99955016,1
0.00036825423,0.99963176,1
0.0004337394,0.99956626,1
0.70977837,0.2902216,0
0.8359481,0.16405194,0
0.74827164,0.25172836,0
0.7433056,0.25669438,0
0.7771314,0.2228686,0
0.7767413,0.22325873,0
0.86886895,0.13113113,0
0.6267166,0.37328342,0
0.5514786,0.44852138,0
8.4644447e-10,1.0,1
0.8405728,0.15942723,0
0.909042,0.09095796,0
0.5616807,0.43831924,0
0.55129784,0.44870216,0
0.44072193,0.55927813,0
0.4164729,0.5835271,0
0.4440567,0.5559433,0
0.5543888,0.44561118,0
0.6235597,0.3764403,0
0.645245,0.35475495,0
0.6404584,0.35954162,1
0.905014,0.09498606,0
0.8478375,0.15216245,1
0.6000783,0.39992175,1
0.27768886,0.72231114,1
0.50222665,0.49777344,0
0.5372446,0.46275544,0
0.98552066,0.01447935,0
0.98322994,0.01677004,0
0.9565171,0.04348287,0
0.5716,0.42839998,1
0.39679596,0.6032041,1
0.34981725,0.6501828,1
0.34948334,0.65051657,0
0.33949608,0.6605039,1
0.32664236,0.67335767,1
0.22960618,0.77039385,1
0.17509672,0.82490325,1
0.15209502,0.847905,1
0.097577766,0.9024223,1
0.13061981,0.86938024,1
0.8466889,0.1533111,0
0.9652975,0.034702506,0
0.70230657,0.2976934,1
0.40801916,0.59198076,1
0.37888968,0.6211103,1
0.48453906,0.5154609,1
0.47520724,0.5247928,1
0.5570442,0.44295585,1
0.4584344,0.5415656,1
0.7143024,0.2856976,0
0.9150771,0.084922925,0
0.9295564,0.07044354,0
0.38928583,0.6107142,1
0.3724757,0.6275243,1
0.7069851,0.2930149,0
0.65320206,0.3467979,0
0.7554939,0.24450609,0
0.7779449,0.22205514,0
0.83985853,0.16014148,0
0.8446905,0.15530947,0
0.7021959,0.29780418,1
0.5278409,0.47215912,0
0.5964979,0.4035021,0
0.64452636,0.35547364,0
0.689345,0.31065503,0
0.79107094,0.20892909,0
0.72193617,0.27806383,0
0.93201506,0.06798495,0
0.9271135,0.07288655,0
0.67703843,0.3229615,1
0.55444825,0.44555172,1
0.6525575,0.34744248,1
0.5948547,0.40514526,1
0.6270898,0.37291023,0
0.56963456,0.43036547,0
0.6326181,0.36738187,0
0.70255786,0.29744214,0
0.70666504,0.29333493,0
0.6584683,0.34153166,0
0.7540953,0.2459047,0
0.6901104,0.30988958,0
0.9233557,0.07664428,0
0.8534014,0.14659859,0
0.52723426,0.47276568,1
0.5847931,0.41520694,0
0.6272854,0.3727146,0
0.66267383,0.33732617,0
0.64041716,0.35958284,0
0.96668285,0.033317193,0
0.957454,0.04254594,0
0.38236138,0.6176386,1
0.33144552,0.6685544,1
0.6573355,0.3426645,0
0.669873,0.330127,0
0.651546,0.34845403,1
0.9546045,0.04539548,0
0.9686186,0.031381384,0
0.9320245,0.067975566,0
0.56237864,0.43762136,1
0.5056826,0.49431744,1
0.47227955,0.5277205,1
0.4625035,0.53749645,0
0.3629237,0.6370763,0
0.3230242,0.6769758,1
0.21644653,0.78355354,1
0.1910262,0.80897385,1
0.8966217,0.103378296,0
0.6100634,0.38993663,0
0.6786012,0.32139882,0
0.6841839,0.31581607,0
0.68231225,0.31768775,0
0.6727553,0.3272447,0
0.6800829,0.31991708,0
0.6531068,0.3468932,1
0.5613797,0.4386203,1
0.5181478,0.48185223,1
0.8596172,0.1403828,0
0.6189139,0.38108608,1
0.58296424,0.41703573,1
0.48707375,0.5129263,1
0.5342458,0.46575415,1
0.61230874,0.38769123,1
0.6970451,0.3029549,1
0.6769346,0.3230654,1
0.94837445,0.05162562,0
0.60893625,0.39106384,1
0.5028369,0.4971632,1
0.37063113,0.6293689,1
0.37881178,0.6211882,1
0.77560425,0.22439578,0
0.7555292,0.24447079,1
0.78463596,0.21536408,0
0.65269387,0.3473062,0
0.6340025,0.3659975,0
0.5700295,0.4299705,0
0.7165383,0.2834617,0
0.812592,0.18740796,0
0.87557477,0.12442518,0
0.45644438,0.5435556,1
0.2590718,0.7409282,1
0.27192116,0.7280788,1
0.076340005,0.92366,1
0.52723134,0.47276866,1
0.5965993,0.4034007,1
0.62571573,0.3742843,0
0.68012416,0.3198758,0
0.8246445,0.17535546,0
0.9533444,0.046655588,0
0.94531906,0.054680977,0
0.43092218,0.56907785,1
0.4840995,0.51590043,1
0.62847406,0.371526,0
0.73891306,0.261087,0
0.68499774,0.31500235,0
0.85087043,0.14912957,0
0.5394268,0.46057326,0
0.2412215,0.7587786,1
0.23618084,0.76381916,1
0.23913178,0.76086825,1
0.24612892,0.7538711,1
0.2692097,0.7307903,1
0.5626408,0.4373593,0
0.607054,0.39294598,0
0.9352865,0.064713545,0
0.97317016,0.026829835,0
0.9536093,0.04639074,0
0.44991255,0.55008745,1
0.43808213,0.5619178,1
0.42011496,0.579885,1
0.39597705,0.604023,1
0.39782655,0.6021734,1
0.19924572,0.80075425,1
0.85439944,0.14560056,1
0.9516378,0.048362203,0
0.51579666,0.48420334,1
0.58208275,0.41791725,1
0.59258324,0.40741676,1
0.57931477,0.42068517,1
0.64954567,0.35045433,0
0.74618495,0.2538151,0
0.8638083,0.13619173,0
0.8637271,0.13627289,0
0.523742,0.47625795,0
0.46301723,0.5369828,1
0.6835675,0.31643254,0
0.6006413,0.39935872,1
0.5266704,0.47332957,1
0.5150109,0.4849891,1
0.55508924,0.44491076,1
0.749317,0.250683,0
0.5828765,0.41712347,0
0.7302081,0.2697919,0
0.82806635,0.17193364,0
0.86597306,0.13402696,0
0.5853649,0.41463515,0
0.51871765,0.48128235,1
0.71218175,0.28781825,0
0.640745,0.35925496,0
0.6973736,0.30262634,0
0.6914903,0.3085097,0
0.9231167,0.07688334,0
0.9309728,0.06902712,0
0.56210655,0.43789345,1
0.71574605,0.28425398,1
0.7203464,0.2796536,1
0.64683163,0.35316837,1
0.74857396,0.25142604,0
0.6715357,0.32846436,0
0.9444237,0.055576365,0
0.5563378,0.4436623,0
0.4071927,0.59280735,1
0.37773484,0.6222652,1
0.38730624,0.6126938,1
0.4495178,0.5504822,1
0.9342129,0.06578706,0
0.81901366,0.1809864,0
0.7091082,0.2908918,0
0.70774126,0.2922587,1
0.6528948,0.34710515,1
0.52578825,0.47421178,1
0.50023746,0.49976248,1
0.4865124,0.5134876,1
0.49033803,0.50966203,0
0.29082668,0.70917326,0
0.1610073,0.8389927,0
0.62846065,0.37153932,1
0.18089452,0.81910545,1
0.071666986,0.928333,1
0.6717768,0.32822326,0
0.7012594,0.29874054,0
0.6944426,0.30555746,0
0.68177533,0.3182247,0
0.92328596,0.076714024,0
0.9016997,0.09830023,0
0.8576903,0.14230973,0
0.7088252,0.29117483,0
0.6827721,0.31722793,0
0.6123989,0.38760108,0
0.40555757,0.5944424,0
0.6654443,0.3345557,0
0.6654823,0.33451766,0
0.7589129,0.24108711,0
0.71964425,0.28035572,0
0.7408319,0.25916806,0
0.66122526,0.33877468,0
0.6265788,0.37342125,0
0.81650585,0.1834942,0
0.95306385,0.04693611,0
0.7799117,0.22008826,1
0.74652916,0.25347084,1
0.73743665,0.26256338,0
0.74926215,0.25073785,0
0.7644777,0.23552231,0
0.86459327,0.13540678,0
0.7351781,0.2648219,1
0.81701976,0.18298022,0
0.94411725,0.055882815,0
0.96535134,0.034648653,0
0.94613224,0.0538678,0
0.7145513,0.28544867,1
0.71424127,0.28575876,0
0.71704334,0.28295675,1
0.7218417,0.2781583,1
0.69004637,0.3099536,1
0.67843866,0.32156134,0
0.66353697,0.336463,0
0.71369463,0.28630543,0
0.73067874,0.2693212,1
0.7768407,0.22315928,1
0.9554937,0.044506326,0
0.95395184,0.046048168,0
0.9239924,0.076007605,0
0.69443405,0.3055659,1
0.6617053,0.3382947,1
0.6411763,0.3588237,1
0.6465373,0.35346273,1
0.7229974,0.27700254,1
0.7311449,0.26885515,1
0.82789874,0.1721012,0
0.7453086,0.25469145,0
0.77744234,0.22255772,0
0.71415967,0.28584036,0
0.8638385,0.13616146,1
0.9779845,0.022015575,0
0.9215554,0.07844464,1
0.82947415,0.17052591,1
0.62978125,0.3702188,1
0.4885457,0.5114543,1
0.3866848,0.61331517,1
0.6574919,0.34250805,1
0.64372724,0.3562728,1
0.89517045,0.10482961,0
0.8772384,0.12276162,0
0.9777454,0.022254597,0
0.97425485,0.025745157,0
0.737289,0.26271102,0
0.54462737,0.45537263,1
0.5324213,0.4675788,1
0.49651158,0.5034884,0
0.50279814,0.4972018,0
0.5150313,0.48496875,0
0.4816402,0.5183598,1
0.33693215,0.6630679,1
0.7467074,0.25329262,1
0.7841822,0.2158178,1
0.94956625,0.050433725,0
0.92029214,0.079707846,0
0.6654332,0.33456674,1
0.6897843,0.3102157,1
0.34218755,0.65781254,1
0.17962717,0.8203729,1
0.07390911,0.9260909,1
0.35152692,0.64847314,0
0.2430236,0.75697637,1
0.82878745,0.1712125,0
0.8285617,0.17143829,0
0.25085038,0.7491496,1
0.25285113,0.7471489,1
0.32824835,0.6717516,1
0.5620053,0.43799475,0
0.6052433,0.3947567,0
0.8291659,0.1708342,0
0.9313369,0.06866312,0
0.7805748,0.21942516,0
0.71072793,0.28927204,0
0.94172513,0.058274828,0
0.66947293,0.33052707,1
0.75015724,0.24984269,0
0.73191535,0.26808462,0
0.50104904,0.49895102,1
0.7031442,0.2968558,0
0.7238434,0.2761566,0
0.77472353,0.22527649,0
0.7692073,0.23079267,0
0.75123024,0.24876972,0
0.75734,0.24265996,1
0.91363823,0.08636173,0
0.8912412,0.10875883,0
0.8521922,0.14780776,0
0.73146355,0.26853648,1
0.7371935,0.26280642,1
0.5358325,0.46416745,1
0.6460527,0.3539473,0
0.6963232,0.30367678,0
0.9131092,0.086890794,0
0.90699095,0.09300902,0
0.6796985,0.32030153,1
0.85122925,0.14877073,0
0.8181006,0.18189935,0
0.6977152,0.3022848,0
0.4839808,0.5160192,1
0.4880481,0.51195186,1
0.29354945,0.7064506,1
0.25345728,0.74654275,1
0.8097981,0.19020192,0
0.8798492,0.12015078,1
0.26854444,0.7314556,1
0.93133944,0.06866051,0
0.96094555,0.03905439,0
0.515714,0.48428595,0
0.4713047,0.5286953,1
0.5885136,0.4114864,1
0.866114,0.13388598,0
0.97715557,0.022844447,0
0.9791499,0.020850107,0
0.8891152,0.11088484,0
0.5159736,0.48402637,0
0.45849448,0.5415055,1
0.42001352,0.5799865,1
0.3906821,0.60931784,1
0.13961107,0.86038893,1
0.19308877,0.80691123,1
0.8545567,0.14544328,1
0.95235646,0.047643587,1
0.63419986,0.3658001,1
0.5219428,0.4780572,1
0.6938178,0.30618218,0
0.6783405,0.3216595,1
0.7269965,0.27300355,1
0.74370444,0.25629562,0
0.75486195,0.24513805,0
0.74111134,0.25888866,0
0.56060505,0.43939492,0
0.5623904,0.43760958,0
0.51921856,0.48078147,1
0.13812116,0.8618788,1
0.28967538,0.7103246,1
0.9244189,0.07558106,0
0.71839976,0.28160027,0
0.65893775,0.34106234,0
0.7549922,0.24500783,0
0.72532046,0.27467957,0
0.8101569,0.18984313,1
0.9063018,0.09369821,0
0.5876363,0.41236374,1
0.5122825,0.48771748,0
0.661826,0.338174,1
0.6395232,0.3604768,0
0.6367473,0.36325273,1
0.6648308,0.33516917,1
0.6441006,0.35589942,1
0.6890317,0.31096825,1
0.64056927,0.35943076,1
0.5658764,0.43412352,1
0.93373156,0.06626839,0
0.96720904,0.032790966,0
0.9573121,0.042687926,0
0.91866374,0.08133629,0
0.7142988,0.28570125,0
0.47912917,0.5208708,0
0.4598296,0.5401704,0
0.41959926,0.5804007,0
0.22534098,0.774659,1
0.9485264,0.051473625,0
0.97025955,0.029740453,0
0.8705604,0.12943955,0
0.7590128,0.24098723,0
0.7060289,0.29397112,0
0.6892305,0.31076947,0
0.72329134,0.2767086,0
0.72880924,0.27119076,0
0.55736196,0.44263804,0
0.4894394,0.51056063,0
0.58471376,0.41528624,0
0.6783539,0.3216461,0
0.57602274,0.42397723,0
0.895638,0.10436201,0
0.95419765,0.045802347,0
0.44581693,0.55418307,0
0.42732617,0.5726738,0
0.4162242,0.58377576,0
0.49018174,0.50981826,0
0.32312182,0.67687815,0
0.22040856,0.77959144,1
0.117486976,0.88251305,1
0.86222565,0.13777436,0
0.9811152,0.01888469,0
0.9735511,0.026448853,0
0.48815173,0.5118482,1
0.44232783,0.5576722,1
0.41784334,0.58215666,1
0.4301105,0.5698895,1
0.35112053,0.64887947,1
0.48057443,0.5194256,1
0.39275786,0.6072421,1
0.30021447,0.6997855,1
0.7260708,0.27392912,0
0.9491792,0.050820824,0
0.97651696,0.023483042,0
0.6747246,0.32527545,0
0.56720954,0.43279046,0
0.5288941,0.4711059,1
0.55177325,0.44822666,0
0.5915665,0.40843353,0
0.6282889,0.37171116,1
0.6979219,0.30207807,1
0.6830746,0.31692544,1
0.64880025,0.35119984,0
0.6759249,0.32407507,1
0.8451121,0.15488788,1
0.85949343,0.14050652,0
0.68679816,0.31320187,1
0.6045638,0.3954362,1
0.6289081,0.37109187,1
0.63882995,0.36117005,1
0.66491055,0.33508945,1
0.6015424,0.39845753,1
0.59461415,0.40538585,1
0.55533767,0.44466233,1
0.8800518,0.119948156,0
0.56794417,0.43205586,0
0.53992623,0.46007377,0
0.5922918,0.4077082,0
0.681786,0.31821403,0
0.6960872,0.30391276,0
0.650543,0.34945703,0
0.630111,0.36988905,0
0.6729618,0.32703823,0
0.7878579,0.21214217,0
0.9077029,0.09229715,1
0.9675568,0.0324432,0
0.9603769,0.039623152,0
0.88438773,0.11561228,0
0.74971944,0.2502806,1
0.57650983,0.42349014,1
0.5833814,0.41661862,0
0.5415838,0.4584163,0
0.68172365,0.31827635,0
0.5674902,0.43250978,1
0.88199234,0.11800771,1
0.96786666,0.032133285,0
0.5341508,0.46584925,1
0.54530215,0.45469782,1
0.6014181,0.39858186,1
0.6738354,0.32616457,1
0.72995335,0.27004662,1
0.72990817,0.27009192,1
0.59319574,0.40680426,1
0.67518944,0.32481056,1
0.98044866,0.019551301,0
0.87302613,0.12697382,1
0.6885758,0.31142417,1
0.5518267,0.44817328,1
0.5326081,0.46739194,1
0.5269475,0.47305247,1
0.58129835,0.4187017,1
0.45061907,0.54938096,1
0.9752401,0.024759822,0
0.72583944,0.2741605,1
0.65123814,0.34876177,1
0.5972474,0.40275252,1
0.64814764,0.35185233,1
0.57751036,0.4224896,1
0.72374,0.27626,1
0.3182879,0.6817121,1
0.074671075,0.9253289,1
0.81969136,0.18030867,1
0.8589582,0.14104176,1
0.72176456,0.27823547,0
0.65595293,0.3440471,0
0.7189563,0.28104368,0
0.764018,0.235982,1
0.73213476,0.26786524,0
0.6805412,0.31945884,0
0.63769513,0.36230484,0
0.6630874,0.33691257,0
0.7718942,0.2281058,0
0.8138221,0.18617788,0
0.8715245,0.12847556,1
0.8844282,0.11557181,0
0.84719926,0.1528007,0
0.784204,0.21579601,0
0.7880023,0.2119976,1
0.9359025,0.06409758,0
0.91836995,0.08163,0
0.70262456,0.2973754,0
0.66641796,0.33358207,0
0.5531125,0.44688746,1
0.61836374,0.38163626,0
0.59102046,0.40897945,1
0.72281355,0.27718645,0
0.7762574,0.22374259,0
0.58765006,0.41234997,1
0.7095916,0.29040834,1
0.9429376,0.057062376,0
0.9122929,0.08770707,0
0.6067219,0.39327815,0
0.59888023,0.40111977,0
0.6071415,0.39285848,0
0.60840946,0.39159054,1
0.7329963,0.26700374,1
0.7159616,0.28403842,0
0.7032973,0.2967027,0
0.76453894,0.235461,1
0.95304924,0.04695076,0
0.9371844,0.06281559,0
0.6923483,0.30765176,0
0.5456158,0.4543842,0
0.5926731,0.4073268,0
0.6259881,0.37401184,0
0.5864865,0.41351354,0
0.60286313,0.39713684,0
0.721599,0.278401,0
0.5668642,0.43313578,1
0.6973142,0.30268583,1
0.7618098,0.23819014,0
0.871874,0.12812604,0
0.9752516,0.024748392,0
0.98100054,0.018999508,0
0.9847073,0.015292735,0
0.96815544,0.031844534,0
0.6364979,0.36350206,1
0.5874111,0.41258886,1
0.5509883,0.44901165,1
0.5036916,0.49630833,1
0.23650868,0.7634914,1
0.2070536,0.79294634,1
0.8548277,0.14517231,1
0.8840289,0.11597103,0
0.88826877,0.11173124,0
0.63001364,0.3699863,0
0.70950556,0.2904944,1
0.64376134,0.35623872,1
0.80822664,0.19177331,0
0.8338167,0.1661833,0
0.8493039,0.15069604,0
0.8425391,0.15746091,0
0.8501802,0.14981985,0
0.6807972,0.31920275,0
0.8439799,0.15602013,0
0.8659368,0.13406321,0
0.7626344,0.23736559,0
0.70965827,0.29034168,0
0.76994514,0.23005487,0
0.75553995,0.24446008,0
0.8952551,0.104744956,0
0.81198615,0.1880138,1
0.75979227,0.24020779,0
0.74669397,0.25330603,1
0.777616,0.222384,1
0.79114467,0.20885538,0
0.80380255,0.19619742,0
0.87619257,0.12380744,0
0.8209997,0.17900026,1
0.79751855,0.2024815,1
0.7597203,0.24027966,0
0.9421053,0.057894714,0
0.74736416,0.2526359,1
0.7508293,0.24917072,1
0.7010386,0.29896146,1
0.6874804,0.31251967,1
0.70071954,0.2992804,1
0.6618391,0.33816084,0
0.736958,0.26304197,1
0.8427695,0.15723056,1
0.6559467,0.3440534,1
0.8532285,0.14677157,0
0.94256574,0.057434212,0
0.40320033,0.5967996,1
0.48050454,0.51949555,1
0.55856156,0.44143844,0
0.47848397,0.5215161,0
0.4277738,0.5722262,1
0.8653232,0.13467687,0
0.9219967,0.07800331,0
0.6301775,0.3698225,0
0.6363944,0.3636056,0
0.6000139,0.3999861,0
0.5264919,0.47350812,0
0.30179408,0.6982059,0
0.7371138,0.26288623,0
0.8467539,0.1532461,0
0.6597831,0.34021685,0
0.7600574,0.23994261,0
0.81958485,0.18041523,0
0.78996706,0.210033,0
0.7356278,0.26437223,0
0.8078894,0.19211064,1
0.8652786,0.13472137,0
0.79932034,0.20067962,1
0.7682908,0.23170921,1
0.76027995,0.2397201,1
0.85575557,0.14424445,1
0.7840791,0.2159209,1
0.66632575,0.3336743,1
0.6376165,0.3623835,0
0.73110193,0.26889807,1
0.8019427,0.19805728,0
0.80147356,0.19852643,0
0.6297603,0.37023965,1
0.69355375,0.30644628,1
0.67210317,0.3278968,1
0.76698357,0.2330165,0
0.739771,0.26022896,0
0.7045326,0.29546738,0
0.7455705,0.25442952,0
0.6693477,0.33065233,0
0.7971076,0.20289244,0
0.8893975,0.11060244,0
0.78114843,0.21885155,0
0.7604135,0.23958653,0
0.82008386,0.17991617,0
0.57349026,0.4265097,1
0.74287933,0.25712067,0
0.80255514,0.19744486,0
0.85576165,0.14423837,0
0.8436956,0.15630437,0
0.8577185,0.1422815,1
0.9401462,0.059853796,0
0.79291576,0.20708425,0
0.8428805,0.15711945,1
0.6920354,0.3079646,1
0.537923,0.46207696,1
0.0017645529,0.99823546,1
0.78039706,0.21960299,0
0.7859374,0.2140626,0
0.8304663,0.16953374,0
0.8440025,0.15599748,0
0.7565709,0.24342911,0
0.64317524,0.35682473,0
0.370138,0.629862,1
0.17611292,0.82388705,1
0.21296006,0.7870399,1
0.8331133,0.16688664,1
0.60598975,0.39401022,0
0.70999414,0.29000586,0
0.7235221,0.27647793,0
0.22042747,0.7795726,1
0.09160362,0.90839636,1
0.33047336,0.66952664,1
0.46139538,0.5386047,1
0.5692596,0.43074042,0
0.8047206,0.19527934,0
0.8263705,0.17362952,0
0.9591876,0.040812396,0
0.9602995,0.039700445,0
0.5032617,0.49673837,0
0.51263326,0.48736668,0
0.56896293,0.43103707,0
0.0091524,0.9908476,1
0.40854785,0.5914522,1
0.39330184,0.60669816,1
0.88924354,0.110756464,0
0.93236583,0.06763423,0
0.24496181,0.7550382,1
0.38380474,0.61619526,0
0.44560093,0.554399,0
0.35088784,0.64911216,0
0.6670806,0.3329194,0
0.66715395,0.332846,0
0.70574117,0.29425886,0
0.6685799,0.33142015,0
0.6515523,0.34844765,0
0.62481195,0.37518802,0
0.6192677,0.38073233,0
0.56906563,0.43093434,0
0.6168079,0.38319218,0
0.63843685,0.36156318,0
7.029615e-05,0.99992967,1
0.00073345925,0.99926656,1
0.9165272,0.08347276,0
0.02567332,0.9743267,1
0.7561646,0.24383543,0
0.6954146,0.30458543,0
0.7770566,0.2229434,0
0.8826389,0.1173611,0
0.90687567,0.09312431,0
0.74357694,0.25642312,0
0.8012793,0.19872077,0
0.6662502,0.33374977,0
0.93937725,0.06062273,1
0.9308946,0.06910531,1
0.85004926,0.14995073,0
0.17194273,0.8280573,1
0.8094929,0.19050707,0
0.82115906,0.17884089,0
0.80572116,0.19427882,0
0.76601523,0.2339848,0
0.8558959,0.14410417,0
0.9296112,0.07038874,0
0.8728442,0.12715583,0
0.7609865,0.23901345,0
0.7186456,0.28135443,0
0.6732467,0.3267533,0
0.6103007,0.38969925,1
0.7414263,0.25857374,0
0.7428463,0.2571537,1
0.72815704,0.2718429,0
0.5027366,0.4972634,1
0.9675688,0.032431185,0
0.95956177,0.04043821,0
0.77252865,0.2274714,1
0.65160155,0.3483984,1
0.5083951,0.49160495,1
0.05835597,0.9416441,1
0.03769613,0.9623039,1
0.10640724,0.8935927,1
0.16062419,0.83937585,1
0.09367493,0.9063251,1
0.5034615,0.4965385,0
0.63919103,0.360809,0
0.39511904,0.60488087,1
0.9432148,0.056785185,0
0.9628912,0.037108764,0
0.9810983,0.01890168,0
0.9589409,0.041059084,0
0.24108963,0.75891036,0
0.37176558,0.6282344,0
0.68983567,0.31016433,0
0.84128743,0.15871257,0
0.9487643,0.05123568,0
0.7043809,0.29561907,0
0.7361806,0.2638194,0
0.75059766,0.24940233,0
0.72930807,0.27069193,0
0.718191,0.28180894,0
0.7356581,0.2643419,0
0.557719,0.44228098,0
0.35392663,0.6460734,1
0.6321239,0.36787614,0
0.8135452,0.18645479,0
0.6773461,0.32265383,0
0.7052023,0.29479775,0
0.661678,0.338322,0
0.725413,0.27458698,0
0.49552286,0.50447714,1
0.50075436,0.4992456,1
0.7440823,0.25591767,0
0.2364574,0.7635426,1
0.90922177,0.09077822,1
0.64016795,0.35983202,0
0.77848995,0.22151007,0
0.77923644,0.22076361,0
0.7584013,0.24159871,0
0.76954365,0.23045637,1
0.7325409,0.2674591,0
0.8320658,0.16793422,0
0.08253688,0.9174632,1
0.8040414,0.19595864,0
0.8678815,0.13211851,0
0.88301665,0.11698335,0
0.8417071,0.1582929,0
0.74064034,0.25935972,0
0.6522308,0.34776917,0
0.77678007,0.22321989,0
0.0006537376,0.9993462,1
0.2305427,0.7694573,1
0.6388731,0.36112693,0
0.00061827275,0.99938166,1
0.6222696,0.37773043,0
0.754821,0.24517898,0
0.6641843,0.33581576,0
0.7812921,0.21870798,0
0.9194003,0.08059971,0
0.95178366,0.04821641,0
0.8895342,0.11046581,0
0.43007207,0.5699279,0
0.45884457,0.54115546,0
0.1938961,0.8061039,1
0.6263894,0.37361062,0
0.7270633,0.27293667,0
0.70626396,0.293736,0
0.13138242,0.86861753,1
0.8581308,0.14186916,0
0.6080251,0.39197493,0
0.5126633,0.48733675,0
0.49891204,0.50108796,0
0.4821453,0.51785463,0
0.42115992,0.5788401,0
0.2901602,0.70983976,1
7.893393e-07,0.99999917,1
0.36087114,0.63912886,0
0.107214816,0.8927852,0
0.719586,0.280414,0
0.889523,0.11047696,0
0.7592399,0.24076009,0
0.32983312,0.67016685,0
0.7779814,0.22201861,0
0.79362184,0.20637816,0
0.8364323,0.16356765,0
0.0008457328,0.9991542,1
1.7917687e-06,0.9999982,1
0.78616875,0.21383122,0
0.30538,0.69462,0
0.019982701,0.9800173,1
0.6843458,0.31565425,0
0.6988916,0.3011085,0
0.71066445,0.28933558,0
0.022880398,0.9771196,1
0.69948953,0.30051047,0
0.75666857,0.24333142,0
0.8140616,0.18593848,0
7.545479e-05,0.99992454,1
0.047232393,0.9527676,1
0.036983266,0.96301675,1
0.017889308,0.9821107,1
0.7716135,0.2283865,0
0.6980919,0.30190802,0
0.73947537,0.26052463,0
0.002410394,0.9975896,1
0.69820756,0.30179244,0
0.43783444,0.5621655,0
0.11563394,0.88436604,0
0.09613094,0.90386903,0
0.013097909,0.9869021,1
0.48930272,0.5106973,0
0.7217692,0.27823085,0
0.71639055,0.2836095,0
1.2577113e-08,1.0,1
0.6115898,0.38841024,0
0.042763814,0.9572362,1
0.03784865,0.96215135,1
0.45194477,0.5480552,0
0.75494516,0.24505484,0
0.8501319,0.14986809,0
0.86016655,0.1398335,0
0.009624303,0.9903757,1
0.608965,0.39103505,0
0.43665215,0.5633478,0
0.7656103,0.23438974,0
0.7540838,0.24591614,0
0.5803715,0.4196286,0
0.545597,0.454403,0
0.68387944,0.3161206,0
0.6886087,0.31139132,0
0.659355,0.340645,0
0.7175708,0.2824292,0
0.77047783,0.22952217,0
0.6245552,0.37544486,0
0.3593087,0.6406914,0
0.67599875,0.32400122,0
0.6865342,0.31346574,0
0.68114597,0.318854,0
0.08449766,0.91550237,1
0.41014135,0.5898587,1
0.550219,0.44978103,1
0.53814507,0.46185493,0
0.27379796,0.726202,1
0.25390664,0.74609333,1
0.28336832,0.71663165,1
0.96360165,0.03639835,0
0.959852,0.04014804,0
0.51782244,0.4821776,0
0.537207,0.462793,0
0.46937886,0.5306211,0
0.4279968,0.5720031,0
0.3923369,0.6076631,0
0.4347526,0.56524736,0
0.5010451,0.49895495,0
0.37633696,0.6236631,0
0.41995642,0.58004355,0
0.42409882,0.5759012,0
0.92999595,0.070004046,0
0.9426929,0.05730711,0
0.7134591,0.28654093,0
0.7302977,0.26970235,0
0.7715467,0.22845325,0
0.7511773,0.2488227,0
0.80505586,0.19494416,0
0.74292314,0.2570769,1
0.6623354,0.33766463,1
0.812599,0.18740098,0
0.86131686,0.1386831,0
0.8089396,0.19106045,0
0.8037781,0.19622184,0
0.66743183,0.33256814,1
0.8047945,0.19520548,0
0.44315952,0.5568405,1
0.74592364,0.25407642,0
0.6694549,0.3305451,1
0.6454307,0.35456932,1
0.7899018,0.21009818,0
0.82953453,0.17046547,0
0.8718089,0.12819105,0
0.77183056,0.22816949,0
0.7765107,0.2234893,1
0.78409004,0.21590987,0
0.81312543,0.18687455,0
0.76805586,0.23194411,1
0.8673972,0.13260281,0
0.8079311,0.19206896,0
0.75317496,0.24682508,1
0.9283571,0.071642876,0
0.76928836,0.23071168,0
0.7506486,0.24935137,0
0.7649077,0.23509227,0
0.7932688,0.20673117,0
0.85239315,0.14760686,1
0.7812529,0.21874706,0
0.8006827,0.19931729,1
0.9192441,0.080755875,1
0.93035096,0.06964899,0
0.8448193,0.1551807,0
0.7438854,0.25611463,1
0.7634035,0.23659654,0
0.6931232,0.3068768,0
0.6050482,0.39495182,0
0.8060185,0.1939816,0
0.8180553,0.18194468,1
0.7327952,0.26720485,0
0.75013953,0.24986045,0
0.58050996,0.4194901,1
0.7633481,0.23665188,1
0.7954252,0.2045748,1
0.9373582,0.06264173,1
0.4402392,0.5597608,1
0.27279687,0.72720313,1
0.39196852,0.6080315,1
0.5069733,0.4930267,1
0.72476286,0.27523714,0
0.52784276,0.47215727,1
0.62660456,0.3733954,1
0.62987804,0.37012196,0
0.70523864,0.29476136,0
0.6950146,0.30498543,0
0.903708,0.09629205,0
0.96290183,0.03709817,0
0.97004783,0.029952127,0
0.97694504,0.023054935,0
0.9357725,0.064227544,0
0.52305615,0.47694382,1
0.4761552,0.52384484,1
0.33386305,0.666137,1
0.53519416,0.4648058,1
0.53754026,0.46245968,1
0.5280562,0.4719438,0
0.57637364,0.4236264,0
0.87046665,0.12953332,0
0.9511,0.048899975,0
0.58379245,0.41620758,1
0.5083221,0.49167794,1
0.47192106,0.528079,1
0.5130328,0.48696724,1
0.90623295,0.09376707,0
0.7656428,0.23435716,0
0.6845384,0.31546158,0
0.6822579,0.31774205,0
0.7704378,0.2295623,0
0.7247789,0.2752211,0
0.71831334,0.28168666,1
0.5083287,0.49167132,1
0.82679456,0.17320544,0
0.6167818,0.38321826,1
0.7438121,0.25618792,0
0.78078115,0.21921884,0
0.8528182,0.14718181,0
0.31966054,0.68033946,1
0.7861729,0.21382707,0
0.74711514,0.25288484,1
0.5235819,0.476418,1
0.49416098,0.50583905,1
0.8856755,0.11432448,0
0.829669,0.17033099,0
0.59300137,0.40699863,1
0.70955235,0.29044768,0
0.7082526,0.29174745,0
0.81747335,0.18252665,0
0.76013744,0.23986252,0
0.76800853,0.23199144,0
0.74072087,0.25927913,0
0.4762099,0.52379006,1
0.9288847,0.07111534,0
0.6861859,0.31381413,0
0.6583141,0.34168598,1
0.6988313,0.30116874,0
0.7561064,0.24389362,0
0.728273,0.27172697,0
0.6964026,0.3035974,1
0.9368829,0.06311707,0
0.909271,0.090729,0
0.5716345,0.4283655,0
0.87714577,0.1228543,0
0.93449765,0.06550233,0
0.54526407,0.45473593,0
0.49862158,0.5013785,0
0.5538423,0.4461577,0
0.61108613,0.3889138,0
0.011401176,0.9885988,1
0.057041973,0.942958,1
0.15613154,0.8438685,1
0.898171,0.10182907,0
0.6814224,0.31857762,0
0.04772094,0.95227903,1
0.6236548,0.3763452,0
0.28902754,0.7109725,0
0.51257724,0.48742282,0
5.518947e-06,0.9999945,0
0.020261288,0.9797387,1
0.0169221,0.98307794,1
0.71453446,0.28546554,0
0.7355841,0.2644159,0
0.73302186,0.26697814,0
0.86819565,0.13180438,0
0.7162293,0.28377065,0
0.30265233,0.69734764,1
0.55155015,0.4484498,1
0.7252069,0.27479312,0
0.5377477,0.46225238,0
0.6071894,0.39281055,0
0.6556026,0.34439743,0
0.59536,0.40464,0
0.71770316,0.28229687,0
0.38171357,0.61828643,1
0.55224764,0.44775236,1
0.49263912,0.5073609,1
0.78766704,0.21233296,0
0.7044792,0.29552078,1
0.0027403487,0.9972596,1
0.032592542,0.96740746,1
0.3995021,0.60049796,1
0.69627535,0.30372465,0
0.030400243,0.9695998,1
0.8463785,0.15362155,0
0.5086054,0.49139458,0
0.085647896,0.91435206,0
0.62539935,0.37460062,0
0.7612323,0.23876765,0
0.7853827,0.21461733,0
0.78204644,0.21795355,0
0.41396195,0.58603805,0
0.47229108,0.52770895,0
0.1616287,0.8383713,1
0.020307299,0.9796927,1
4.936834e-06,0.9999951,1
3.5160107e-07,0.99999964,1
0.0050506783,0.99494934,1
0.28475794,0.7152421,0
0.39610058,0.60389936,0
0.0026303376,0.99736965,1
0.4792107,0.5207893,0
0.09186099,0.908139,1
0.00019893602,0.9998011,1
0.00049897225,0.999501,1
0.015421569,0.98457843,1
0.017015256,0.9829847,1
0.00013043966,0.9998696,1
0.035653163,0.9643468,0
0.53022116,0.46977884,0
0.71391505,0.286085,0
0.9540378,0.04596228,0
0.90222925,0.097770765,0
0.6257817,0.3742183,0
0.48661697,0.51338303,0
0.37695718,0.6230428,0
0.5085268,0.49147326,0
0.6022595,0.39774045,0
0.5612898,0.43871024,0
0.6054864,0.39451367,0
0.58872145,0.41127864,0
0.8646759,0.13532408,0
0.79789263,0.20210743,0
0.87479746,0.12520257,0
0.90080327,0.09919672,0
0.905914,0.094086036,0
0.6645899,0.33541003,0
0.74542004,0.25457996,0
0.7712845,0.22871539,0
0.05461946,0.9453805,1
0.16048884,0.83951116,1
0.32824835,0.6717516,1
0.02601677,0.9739832,1
0.82116383,0.17883617,0
0.7941327,0.20586732,0
0.65812,0.34187996,0
0.63780165,0.36219832,0
0.6125465,0.38745353,0
0.79874057,0.20125943,0
0.73647326,0.2635267,0
0.04017797,0.959822,1
2.5664363e-06,0.9999974,1
0.08891929,0.9110807,0
0.16935135,0.83064866,0
0.084582135,0.91541785,0
0.8394444,0.16055568,0
0.6925914,0.30740854,0
0.70744157,0.2925584,0
0.602286,0.397714,0
0.33616477,0.6638353,0
0.2257646,0.77423537,0
0.24105372,0.75894636,0
2.8002907e-07,0.99999976,1
0.4177553,0.5822447,0
0.4920143,0.50798565,0
0.5708689,0.4291311,0
0.121326305,0.8786737,1
0.63798785,0.36201218,0
0.67441195,0.32558805,0
0.43977052,0.5602295,0
0.3382634,0.66173655,0
0.40645558,0.59354436,0
0.4860206,0.51397943,0
0.07734261,0.9226574,1
0.6931264,0.3068736,0
0.8433208,0.15667921,0
0.59179044,0.40820953,0
0.5305114,0.46948868,0
0.46748134,0.5325186,0
0.6997578,0.30024216,0
0.72069985,0.27930018,0
0.61957765,0.38042232,0
0.7222999,0.27770016,0
1.112637e-06,0.9999989,1
2.9523803e-06,0.999997,1
6.064336e-07,0.9999994,1
2.800216e-07,0.99999976,1
1.6633744e-07,0.9999999,1
0.027495094,0.972505,0
0.01968255,0.9803175,0
6.281722e-05,0.9999372,1
0.0001119721,0.99988806,1
0.0045016613,0.9954984,0
0.8135209,0.18647909,0
0.14122893,0.8587711,0
0.109762795,0.8902372,0
0.25992253,0.7400775,0
0.8166777,0.18332228,0
0.8255485,0.17445149,0
0.32076752,0.6792325,0
0.7085861,0.29141387,0
0.5882368,0.4117632,1
0.49642968,0.5035703,0
0.43353716,0.56646276,0
0.67488074,0.32511932,0
0.6028304,0.39716962,0
0.71419543,0.28580454,0
0.52986354,0.47013646,0
0.34871843,0.65128154,1
0.017787278,0.98221266,1
6.9457164e-06,0.9999931,1
7.548502e-05,0.99992454,1
0.6675137,0.33248618,0
0.0961216,0.9038784,1
0.6862737,0.3137263,0
0.5153287,0.48467135,1
0.024465285,0.9755347,1
0.20425524,0.7957448,0
0.094582364,0.9054176,1
0.001674302,0.99832565,1
0.12496485,0.8750351,0
0.009463508,0.9905365,1
0.011779597,0.98822045,1
0.5363394,0.46366054,0
0.10790349,0.89209646,0
0.0064023864,0.9935976,1
0.5887065,0.4112935,0
0.589157,0.410843,0
0.17381495,0.82618505,1
0.5882168,0.4117832,0
0.7650013,0.2349987,0
0.015471272,0.9845287,1
0.3156647,0.6843353,0
0.66136706,0.33863288,0
0.009174575,0.99082536,1
0.02678444,0.9732155,1
0.45053312,0.5494669,0
0.21306476,0.7869352,0
0.6300899,0.3699101,0
0.06417919,0.9358208,0
0.5557754,0.44422463,0
0.6536987,0.34630132,0
0.40665036,0.5933496,0
0.042534735,0.9574653,1
0.10816041,0.89183956,1
0.35419297,0.645807,0
0.3887773,0.61122274,0
0.23939538,0.7606046,1
0.275818,0.72418195,0
0.36552566,0.6344744,0
0.52121055,0.4787894,0
0.6347769,0.36522314,0
0.8745082,0.12549174,0
0.9034245,0.09657554,0
0.8675501,0.13244991,0
0.82298285,0.17701718,0
0.35350278,0.64649725,0
0.48907906,0.51092094,0
0.71376544,0.28623456,0
0.66479546,0.3352045,0
0.6825885,0.31741148,0
0.49908718,0.5009128,0
0.2790638,0.7209362,1
0.20367457,0.7963254,1
0.6644234,0.3355766,0
0.79586655,0.20413339,0
0.43128338,0.5687166,1
0.6877133,0.3122867,0
0.87910223,0.12089772,0
0.81242996,0.18757007,0
0.779906,0.22009405,0
0.84748995,0.15251,0
0.69853127,0.30146876,0
0.6787298,0.32127023,0
0.7653302,0.23466979,0
0.4902808,0.5097192,1
0.22938831,0.77061164,1
0.43597618,0.56402385,1
0.36353454,0.63646543,1
0.40302697,0.59697306,1
0.091813624,0.9081864,1
0.8718933,0.12810673,0
0.44458413,0.55541587,0
0.51356244,0.48643753,0
0.6946083,0.30539176,0
0.8062964,0.19370353,0
0.44838747,0.55161256,1
0.023476336,0.9765237,1
0.4842402,0.51575977,1
0.7045325,0.29546744,0
0.7859294,0.21407057,0
0.5846608,0.4153392,0
0.025409581,0.9745905,1
0.001759848,0.9982401,1
0.16274294,0.83725715,1
0.2747352,0.72526485,1
0.19579796,0.804202,1
0.1741615,0.8258385,1
0.7102428,0.28975725,0
0.56308454,0.43691543,0
0.007986389,0.99201363,1
0.7750929,0.2249071,0
0.64696,0.35303995,0
0.49994713,0.5000529,0
0.50781775,0.49218225,0
0.00065232045,0.9993476,1
0.0009806262,0.9990194,1
0.0011747603,0.99882525,1
0.39633125,0.6036687,0
0.48911846,0.51088154,0
0.5481354,0.45186463,0
0.63168454,0.3683155,0
0.75717074,0.2428293,0
0.8201213,0.1798787,0
0.6898386,0.3101615,0
0.018256227,0.9817438,0
0.3991167,0.60088325,0
0.4647631,0.5352369,0
0.17686933,0.82313067,1
0.122309074,0.8776909,1
0.085345134,0.91465485,1
0.18686835,0.8131317,1
0.6747553,0.32524475,0
0.6792338,0.32076615,0
0.8484783,0.15152173,0
0.89682925,0.103170775,0
0.7665807,0.23341933,0
0.48691192,0.51308805,0
0.29965732,0.70034266,1
0.36681482,0.63318515,0
0.36567113,0.6343289,0
0.017246027,0.982754,1
0.013157102,0.98684293,1
0.09644174,0.90355825,1
0.19390476,0.8060952,1
0.55591935,0.4440807,1
0.0005852426,0.9994148,1
0.06274423,0.9372558,1
0.060146708,0.9398533,1
0.11192961,0.8880704,1
0.106424525,0.8935755,1
0.1091864,0.8908136,1
0.0008620273,0.999138,1
0.45861322,0.5413868,0
0.41088113,0.5891189,0
0.22737002,0.77263004,1
0.66828305,0.33171695,0
0.6914844,0.30851564,0
0.60629755,0.39370245,0
0.32788572,0.6721143,0
0.32564342,0.6743566,0
0.3354968,0.6645032,0
0.35817248,0.6418276,0
0.082118794,0.9178812,1
0.1677936,0.83220637,1
0.5167649,0.48323506,0
0.0066495957,0.99335045,1
0.21937285,0.78062713,0
0.45399314,0.54600686,0
0.551986,0.44801402,0
0.48419094,0.51580906,0
0.09278466,0.9072153,1
0.6727394,0.3272606,0
0.66408044,0.3359196,0
0.59017307,0.409827,0
0.45190278,0.5480972,1
0.5705925,0.42940742,1
0.51519966,0.48480025,0
0.5910742,0.4089257,0
0.4926425,0.50735754,0
0.6519447,0.3480552,0
0.56233704,0.437663,0
0.5146984,0.48530155,0
0.4294611,0.57053894,1
0.13541926,0.8645808,1
0.39566508,0.6043349,1
0.44411716,0.5558829,0
0.47827858,0.5217214,0
0.44185,0.55815,1
0.21356069,0.78643936,1
0.5945024,0.40549764,0
0.6299453,0.3700548,0
0.75814,0.24185996,0
0.671333,0.328667,0
0.6948972,0.30510288,0
0.27254003,0.7274599,1
0.68112814,0.3188719,0
0.8712645,0.12873548,0
0.907763,0.09223699,0
0.54867774,0.45132223,0
0.18372674,0.8162733,1
0.036123566,0.9638764,1
0.12375906,0.87624097,1
0.13556911,0.8644309,1
0.54074156,0.4592584,0
0.3283413,0.6716587,1
0.45606405,0.543936,0
0.053120665,0.9468794,1
0.09948359,0.90051645,1
0.42397028,0.57602966,1
0.63194865,0.3680513,0
0.77020794,0.22979209,0
0.4370338,0.56296617,1
0.023599213,0.9764008,1
0.03584344,0.9641566,1
0.009064228,0.99093574,1
0.00554321,0.99445677,1
0.016628945,0.983371,1
0.022416437,0.9775835,1
0.11155412,0.88844585,1
0.26528192,0.734718,0
0.6026333,0.3973667,0
0.58963835,0.41036165,0
0.62820065,0.37179938,0
0.31708172,0.68291825,0
0.20263122,0.79736876,0
0.1268104,0.87318957,1
0.18909988,0.81090015,0
0.36858404,0.6314159,0
0.12951161,0.8704884,1
0.46736154,0.53263843,0
0.69829464,0.3017053,0
0.80945885,0.1905412,0
0.5054175,0.49458247,0
0.4042842,0.5957158,1
0.5716897,0.42831028,0
0.4726459,0.52735406,1
0.57163775,0.42836225,0
0.5641672,0.43583283,0
0.590164,0.409836,0
0.5806121,0.41938788,0
0.13603589,0.86396414,1
0.6213092,0.37869072,1
0.5945091,0.4054909,0
0.60578674,0.39421326,0
0.4057842,0.5942158,0
0.40664288,0.59335715,1
0.5682537,0.4317463,0
0.27914435,0.72085565,1
0.5548898,0.4451101,0
0.5202977,0.4797023,1
0.504013,0.495987,1
0.55241,0.44759002,1
0.691861,0.30813906,0
0.5161018,0.4838982,0
0.5220154,0.47798458,0
0.6897347,0.3102653,0
0.70799905,0.29200092,0
0.5354223,0.4645777,0
0.11146132,0.88853866,1
0.10240745,0.89759254,1
0.39048898,0.609511,1
0.544361,0.45563897,0
0.26284498,0.737155,1
0.61654675,0.38345325,0
0.6172413,0.38275868,0
0.6516676,0.3483324,0
0.4429126,0.5570874,0
0.5232166,0.47678337,0
0.53774756,0.46225238,0
0.76459396,0.23540609,0
0.2582554,0.74174464,1
0.27764845,0.72235155,1
0.6173473,0.38265273,0
0.6363952,0.36360472,0
0.5062131,0.49378687,0
0.05005889,0.9499411,1
0.038104903,0.96189505,1
0.21905322,0.7809468,1
0.7127672,0.28723282,0
0.65906227,0.3409377,0
0.057354342,0.9426456,1
0.07319043,0.92680955,1
0.04805089,0.9519491,1
0.0042277416,0.9957723,1
9.9262936e-05,0.9999007,1
0.0020678698,0.9979322,1
0.04786603,0.952134,1
0.1494478,0.85055214,1
0.45284525,0.54715466,0
0.6102606,0.38973936,0
0.43539587,0.5646041,0
0.7357404,0.26425958,0
0.70035905,0.29964092,0
0.5798185,0.4201815,0
0.29842398,0.701576,1
0.0022924708,0.9977075,1
0.006165593,0.9938344,1
0.0077448436,0.9922551,1
0.0023489513,0.99765104,1
0.004844575,0.99515545,1
0.0016865346,0.9983134,1
0.016971342,0.98302865,1
0.0025458208,0.9974542,1
0.13749595,0.8625041,0
0.20132789,0.7986721,0
0.07146463,0.9285354,0
9.077088e-05,0.99990916,1
0.3231457,0.6768544,0
0.0021337294,0.99786633,1
0.04114019,0.9588598,0
0.24425216,0.7557478,0
0.0009314598,0.99906856,1
0.23260255,0.76739746,0
0.46303532,0.5369647,0
0.57747555,0.42252445,0
0.44345787,0.5565421,0
0.2492782,0.7507218,0
0.0044704974,0.9955295,1
0.30836377,0.6916362,0
0.23724262,0.76275736,0
0.009571019,0.99042904,1
0.14608786,0.8539122,0
0.40319774,0.5968023,0
0.42697293,0.5730271,0
0.0934069,0.9065931,0
0.056596544,0.9434035,1
0.053622734,0.9463773,1
0.20537838,0.7946216,0
0.53279537,0.46720472,0
0.41701517,0.58298486,0
0.103466354,0.89653367,1
0.5010448,0.49895525,0
0.5572966,0.44270343,0
0.59285563,0.40714437,0
0.11149417,0.8885058,1
0.89673203,0.10326794,0
0.865982,0.13401799,0
0.0095633725,0.9904366,1
0.11450393,0.8854961,1
0.19797963,0.8020204,1
0.7437987,0.2562014,0
0.81579024,0.18420976,0
0.70600486,0.29399514,0
0.16567929,0.8343208,1
0.09074773,0.9092523,1
0.059226792,0.94077325,1
0.15436944,0.8456306,1
0.056049846,0.94395024,1
0.162159,0.837841,0
0.7315364,0.26846364,0
0.68079567,0.3192043,0
0.112645306,0.88735473,1
0.107167855,0.89283216,0
0.18491691,0.8150831,0
0.10006611,0.89993393,1
0.12352282,0.8764772,1
0.16799892,0.8320011,1
0.015809374,0.98419064,1
0.04372649,0.9562735,1
0.59237504,0.407625,0
0.60331285,0.3966871,0
0.69955355,0.30044648,0
0.7205786,0.2794214,0
0.08610139,0.91389865,1
0.20148203,0.798518,1
0.30609968,0.6939003,0
0.30221534,0.69778466,0
0.19481064,0.8051894,1
0.062153492,0.9378465,1
0.48391765,0.51608235,0
0.6136251,0.3863749,0
0.1268562,0.87314385,1
0.43757495,0.5624251,0
0.8258886,0.17411141,0
0.7539773,0.24602272,0
0.35665923,0.64334077,0
0.39432985,0.60567015,1
0.5560907,0.44390935,0
0.47225806,0.527742,0
0.7386155,0.26138443,0
0.6098932,0.39010677,0
0.26662332,0.73337674,1
0.1152802,0.8847198,1
0.11029668,0.88970333,1
0.034059893,0.96594006,1
0.042390294,0.95760965,1
0.0019251059,0.9980749,1
0.5975872,0.40241274,0
0.65532184,0.34467816,0
0.26481685,0.7351831,0
0.5448887,0.4551113,0
0.0017312692,0.9982687,1
0.056292694,0.94370735,1
0.23795268,0.76204735,0
0.55728644,0.44271353,0
0.13221313,0.86778694,0
0.07417118,0.9258288,0
0.015028796,0.9849712,1
0.06583089,0.9341691,1
0.18524961,0.8147504,1
0.19071934,0.8092807,1
0.021146456,0.97885346,1
0.09400043,0.90599954,1
0.051468585,0.94853145,1
0.16614057,0.8338594,1
0.6528126,0.3471874,0
0.8197474,0.1802526,0
0.90390354,0.09609648,0
0.5598486,0.44015136,0
0.43092325,0.5690768,0
0.21427093,0.7857291,1
0.1053669,0.8946331,1
0.12185054,0.87814945,1
0.120560266,0.8794397,1
0.2752228,0.7247772,1
0.2699251,0.7300749,0
0.06311024,0.9368897,1
0.057724632,0.94227535,1
0.15504368,0.84495634,1
0.266821,0.73317903,1
0.4291072,0.57089275,0
0.07437818,0.9256218,1
0.16294992,0.8370501,0
0.5003023,0.49969772,0
0.37275344,0.6272465,0
0.14083745,0.85916257,1
0.16020171,0.8397983,1
0.5993989,0.40060112,0
0.6446532,0.35534674,0
0.639074,0.36092597,0
0.7075483,0.2924517,0
0.7647955,0.23520455,0
0.5861738,0.41382623,0
0.5107538,0.48924622,0
0.19558996,0.80441004,1
0.43877715,0.5612229,0
0.35601267,0.64398736,1
0.42424774,0.57575226,0
0.50079656,0.4992034,0
0.4774877,0.52251226,0
0.7813434,0.21865664,0
0.8699601,0.13003986,0
0.7815428,0.21845727,0
0.1811284,0.8188717,1
0.5627451,0.43725488,0
0.25224712,0.74775296,1
0.38638106,0.61361897,1
0.56689465,0.43310532,0
0.6003206,0.3996795,0
0.8959328,0.104067236,0
0.1799401,0.82005996,1
0.6151127,0.38488725,0
0.8823897,0.11761031,0
0.056411713,0.94358826,1
0.1048827,0.8951173,1
0.17450519,0.8254948,1
0.1574108,0.84258926,1
0.78608114,0.21391894,0
0.4181547,0.5818453,0
0.21799888,0.78200114,1
0.10975766,0.8902423,1
0.71229506,0.28770494,0
0.7507572,0.2492428,0
0.04678931,0.9532107,1
0.032850605,0.9671494,1
0.025877895,0.97412217,1
0.037484087,0.9625159,1
0.050911065,0.94908893,1
0.064714395,0.93528557,1
0.10809769,0.8919023,1
0.11604023,0.88395983,1
0.06105311,0.9389469,1
0.9426763,0.05732362,0
0.070114985,0.929885,1
0.11857904,0.881421,1
0.102541775,0.8974582,1
0.034227684,0.9657724,1
0.072835766,0.9271642,1
0.11140793,0.8885921,1
0.949904,0.050095942,0
0.18369894,0.8163011,1
0.10039334,0.89960665,1
0.077294745,0.9227053,1
0.07416249,0.9258375,1
0.088420376,0.9115796,1
0.07974992,0.9202501,1
0.03938143,0.9606185,1
0.006401955,0.993598,1
0.120788276,0.87921166,1
0.18611968,0.8138804,1
0.8349577,0.16504225,0
0.7528324,0.24716757,0
0.0042093676,0.99579066,1
0.006343019,0.99365693,1
0.01463225,0.9853677,0
0.7063384,0.29366156,0
0.84525424,0.15474582,0
0.05886174,0.94113827,1
0.048968162,0.95103186,1
0.06904534,0.93095464,1
0.072382376,0.92761767,1
0.06874301,0.93125695,1
0.1062157,0.8937843,1
0.15128997,0.84871,1
0.45004904,0.54995096,0
0.17418471,0.8258153,1
0.07399068,0.9260093,1
0.08567169,0.9143283,1
0.06328896,0.936711,1
0.5384475,0.46155247,0
0.1070157,0.89298433,1
0.6451024,0.35489768,0
0.07356376,0.92643625,1
0.09050553,0.9094945,1
0.13625874,0.8637412,1
0.13302854,0.8669715,1
0.18773507,0.812265,1
0.15154478,0.8484552,1
0.1254718,0.87452817,1
0.44847068,0.55152935,0
0.6511337,0.34886625,0
0.6342681,0.36573192,0
0.21229315,0.7877068,1
0.0980708,0.9019292,1
0.6704224,0.32957765,0
0.77437556,0.22562446,0
0.2105384,0.7894616,1
0.085387334,0.91461265,1
0.5358848,0.46411523,0
0.5758982,0.42410174,0
0.649646,0.3503541,0
0.8295501,0.17044987,0
0.6288966,0.3711034,1
0.6060756,0.39392442,0
0.8382498,0.16175018,0
0.34353,0.65646994,1
0.06567344,0.9343265,1
0.50945926,0.49054083,0
0.44012114,0.55987877,0
0.50992376,0.49007627,1
0.5870012,0.41299883,0
0.73638606,0.263614,0
0.8662334,0.13376662,0
0.9338566,0.06614341,0
0.14869192,0.8513081,1
0.9590355,0.04096444,0
0.898403,0.101596974,0
0.30734226,0.6926577,1
0.19752827,0.80247176,1
0.06440937,0.9355907,1
0.37430373,0.6256963,1
0.21298502,0.78701496,1
0.25232545,0.7476746,1
0.3301521,0.66984785,0
0.65657896,0.3434211,0
0.96439147,0.035608463,0
0.92652774,0.07347224,0
0.4911699,0.50883013,0
0.31237888,0.6876211,0
0.27141663,0.72858346,0
0.30761304,0.69238704,0
0.37906215,0.6209378,1
0.5156984,0.48430163,0
0.020787332,0.97921264,1
0.3900687,0.6099313,0
0.024147127,0.9758529,1
0.057770718,0.9422293,1
0.13778637,0.8622136,1
0.5547079,0.44529206,0
0.10755491,0.8924451,0
0.059458256,0.94054174,0
0.053437546,0.94656247,1
0.41421705,0.5857829,0
0.49355662,0.5064434,0
0.2826951,0.7173049,0
0.5827524,0.41724762,0
0.8552578,0.14474224,0
0.7378029,0.26219714,0
0.0988976,0.90110236,1
0.09341644,0.9065836,1
0.076931946,0.92306805,1
0.4430567,0.55694324,0
0.5340107,0.46598932,0
0.2016044,0.79839563,1
0.72113556,0.27886444,0
0.20926958,0.79073036,1
0.06467443,0.9353256,1
0.17638339,0.8236166,1
0.30722806,0.692772,1
0.52547395,0.47452608,0
0.013943668,0.9860563,1
0.123616695,0.8763833,1
0.26466843,0.73533154,1
0.020892564,0.97910744,1
0.047558144,0.9524419,1
0.020941464,0.97905856,1
0.17029718,0.8297028,1
0.1597327,0.8402673,1
0.4600308,0.53996927,0
0.25529805,0.74470204,0
0.18008874,0.81991124,1
0.10019913,0.8998009,1
0.03683437,0.9631656,1
0.08494762,0.91505235,1
0.2743049,0.7256952,1
0.65731674,0.3426832,0
0.09711205,0.90288794,1
0.23096304,0.76903695,1
0.22334376,0.7766562,1
0.37139538,0.62860465,1
0.9363586,0.063641444,0
0.72607523,0.27392474,0
0.48347887,0.51652116,0
0.3005736,0.69942635,0
0.27081642,0.72918355,1
0.027778998,0.972221,1
0.037786085,0.96221393,1
0.29456154,0.7054385,1
0.6872514,0.3127487,0
0.8680162,0.13198386,0
0.89820176,0.10179823,0
0.17253296,0.82746696,1
0.65627366,0.3437263,0
0.2521477,0.74785227,1
0.20738095,0.7926191,1
0.33012393,0.66987604,1
0.352455,0.647545,1
0.8561368,0.14386326,0
0.65670294,0.34329712,0
0.36841545,0.63158447,1
0.3695937,0.63040626,0
0.34008372,0.6599163,1
0.40301487,0.5969851,1
0.32516646,0.6748336,1
0.49638233,0.5036177,0
0.78790843,0.21209158,0
0.6136351,0.3863649,0
0.20729204,0.7927079,1
0.5206935,0.47930652,0
0.41171333,0.5882867,1
0.3108264,0.6891736,1
0.6327254,0.36727458,0
0.64463764,0.3553623,0
0.6485507,0.35144934,0
0.7502991,0.24970095,0
0.9036125,0.09638753,0
0.6661854,0.3338146,0
0.7238534,0.27614668,0
0.39498565,0.6050143,1
0.22317185,0.7768281,1
0.14065664,0.85934335,1
0.1240368,0.8759632,1
0.7426081,0.25739193,1
0.91730547,0.0826945,0
0.01504573,0.98495424,1
0.40302667,0.59697336,1
0.4026872,0.59731275,1
0.88558537,0.1144146,0
0.5756826,0.42431745,0
0.37211022,0.6278898,0
0.19411881,0.80588126,1
0.27126998,0.72873,0
0.25841516,0.74158484,0
0.0043159137,0.99568415,1
0.011441129,0.9885589,1
0.03916643,0.96083355,1
0.33841434,0.6615856,0
0.12209583,0.8779042,0
0.38428506,0.61571497,0
0.7145753,0.2854247,0
0.8194513,0.18054877,0
0.8193751,0.18062493,0
0.24625222,0.75374776,1
0.0869261,0.9130739,1
0.25223723,0.7477628,1
0.22685769,0.77314234,1
0.0095173335,0.9904827,1
0.03445174,0.9655483,1
0.21248753,0.7875125,1
0.05432246,0.9456775,1
0.96205413,0.03794581,0
0.24667011,0.7533298,1
0.48813188,0.5118682,0
0.44585323,0.5541468,0
0.3588451,0.6411549,0
0.44161433,0.55838567,0
0.17508082,0.82491916,1
0.41494966,0.5850504,0
0.24508898,0.754911,1
0.8663485,0.13365155,0
0.9145053,0.08549467,0
0.023283582,0.9767164,1
0.013587754,0.9864123,1
0.0125254085,0.9874746,1
0.018587707,0.9814123,1
0.037755873,0.96224415,1
0.099518195,0.9004819,1
0.11040445,0.88959557,1
0.08077461,0.91922534,1
0.8155486,0.18445143,0
0.799703,0.20029703,0
0.6438302,0.35616985,0
0.051422,0.948578,1
0.22807786,0.7719222,0
0.45769644,0.5423036,0
0.71125835,0.2887417,0
0.73241836,0.26758164,0
0.741911,0.25808898,0
0.84809047,0.15190955,0
0.7853125,0.21468754,0
0.80888164,0.19111839,0
0.8285734,0.17142655,0
0.79593295,0.204067,0
0.1393969,0.8606031,1
0.17442821,0.82557184,1
0.24763812,0.7523619,1
0.81197965,0.1880204,0
0.93347484,0.06652522,0
0.6443,0.35570002,0
0.12946472,0.8705353,1
0.09888965,0.9011103,1
0.6586566,0.34134346,0
0.8339327,0.16606736,0
0.7936639,0.20633605,0
0.90540713,0.094592914,0
0.16238146,0.8376185,1
0.2885266,0.7114734,1
0.82115644,0.17884356,0
0.36367685,0.6363232,1
0.061763156,0.9382369,1
0.069315106,0.93068486,1
0.07994811,0.9200519,1
0.06596731,0.9340327,1
0.06886625,0.93113375,1
0.1888098,0.8111902,1
0.7301916,0.26980844,0
0.8157581,0.18424185,0
0.5046502,0.49534982,1
0.13767885,0.8623211,1
0.15494749,0.8450525,1
0.9124256,0.08757439,0
0.9592243,0.040775698,0
0.9708717,0.029128317,0
0.9577609,0.042239152,0
0.2230916,0.7769084,1
0.068956755,0.9310432,1
0.0468271,0.9531729,1
0.058905207,0.94109476,1
0.10211787,0.8978821,1
0.1963015,0.8036985,1
0.41626042,0.58373964,1
0.59351444,0.40648556,0
0.53202975,0.4679702,0
0.67944163,0.3205584,0
0.6769391,0.3230609,0
0.730033,0.26996705,0
0.88195664,0.1180434,0
0.9804761,0.019523898,0
0.9396922,0.0603078,0
0.6505224,0.34947762,0
0.43274656,0.5672534,0
0.463759,0.53624094,1
0.39405978,0.6059402,1
0.3854129,0.61458707,1
0.36367357,0.6363265,1
0.0848811,0.91511893,1
0.53218883,0.46781123,1
0.8285634,0.17143662,0
0.21195067,0.78804934,1
0.2001935,0.7998066,1
0.034249797,0.9657502,1
0.065655015,0.93434495,1
0.056931917,0.94306815,1
0.70356697,0.29643297,0
0.06302664,0.93697333,1
0.44708553,0.5529145,0
0.65885955,0.34114042,0
0.01606619,0.98393375,1
0.018311327,0.9816886,1
0.0064749797,0.993525,1
0.08440898,0.915591,1
0.2069248,0.7930752,0
0.82376564,0.17623433,0
0.09386116,0.9061389,0
0.0924613,0.9075387,0
0.11115477,0.8888452,0
0.10695384,0.8930462,0
0.17481934,0.8251807,0
0.14167695,0.8583231,1
0.11400433,0.8859957,1
0.92627525,0.07372476,0
0.651704,0.34829602,0
0.0013519473,0.9986481,1
0.044912007,0.955088,1
0.06272324,0.9372767,1
0.19601107,0.80398893,0
0.29765677,0.7023432,0
0.4981925,0.5018075,0
0.4933538,0.50664616,0
0.8304099,0.1695901,0
0.4720335,0.52796656,0
0.33607998,0.66392,1
0.06794697,0.932053,1
0.14778608,0.852214,1
0.20850715,0.7914928,1
0.27296656,0.72703344,1
0.1566679,0.8433322,1
0.37050918,0.62949085,0
0.78617173,0.2138283,0
0.26681578,0.73318416,1
0.057765108,0.9422349,1
0.16045038,0.83954954,1
0.07197988,0.9280202,1
0.09870589,0.9012942,1
0.13781467,0.8621853,1
0.5214237,0.47857633,0
0.2643408,0.73565924,1
0.80364275,0.19635722,0
0.9672645,0.032735463,0
0.9615698,0.03843025,0
0.34211934,0.6578807,0
0.19010326,0.8098967,1
0.20498271,0.79501736,1
0.25196972,0.74803025,1
0.27692464,0.72307533,0
0.2623731,0.73762697,0
0.19593322,0.8040667,0
0.05736538,0.9426346,1
0.3284831,0.67151684,0
0.5313011,0.46869892,0
0.8488738,0.1511262,0
0.7768079,0.22319211,0
0.24800344,0.7519966,1
0.02781303,0.97218704,1
0.027691837,0.97230816,1
0.032136958,0.967863,1
0.12815912,0.8718409,1
0.71509475,0.28490523,0
0.054689117,0.94531095,1
0.31391546,0.68608457,0
0.57271093,0.42728907,0
0.82000077,0.17999919,0
0.54726005,0.45273992,0
0.20746556,0.7925345,1
0.24537592,0.75462407,1
0.060028594,0.93997145,1
0.081182435,0.9188176,1
0.22981995,0.77018005,1
0.5310755,0.4689245,0
0.1288347,0.87116534,1
0.37718254,0.6228175,1
0.1547176,0.84528244,1
0.18604624,0.81395376,1
0.5217915,0.4782085,1
0.22396107,0.7760389,1
0.3370634,0.6629366,1
0.96252364,0.03747641,0
0.70898813,0.29101184,0
0.6731224,0.32687762,0
0.07039735,0.9296027,1
0.06495124,0.9350488,1
0.07696246,0.9230376,1
0.6744631,0.3255369,0
0.75835943,0.24164061,0
0.37197354,0.6280264,1
0.66400695,0.3359931,0
0.88926685,0.110733174,0
0.2136684,0.7863316,1
0.9464809,0.053519152,0
0.5375741,0.4624259,0
0.057038743,0.9429613,1
0.33644715,0.6635529,1
0.8641897,0.13581029,0
0.8240162,0.17598373,0
0.34026405,0.659736,1
0.95749766,0.04250243,0
0.84008193,0.15991808,0
0.08070482,0.9192952,1
0.33913657,0.66086346,1
0.95282215,0.047177833,0
0.97827893,0.021721056,0
0.94594735,0.054052647,0
0.360489,0.639511,1
0.48332393,0.5166761,0
0.45586985,0.5441302,0
0.12645929,0.8735407,1
0.109419875,0.8905802,1
0.92954683,0.070453145,1
0.5990903,0.40090975,1
0.2148779,0.7851221,1
0.07305032,0.9269497,1
0.29414803,0.70585203,1
0.6016115,0.3983886,0
0.9412336,0.058766343,0
0.85564345,0.14435652,0
0.5808527,0.41914734,0
0.63148,0.36851996,0
0.060883757,0.93911624,1
0.055806708,0.9441933,1
0.042262748,0.95773727,1
0.026263956,0.973736,1
0.0715148,0.9284853,1
0.06847776,0.9315222,1
0.08596569,0.91403425,1
0.41589957,0.5841005,1
0.85815793,0.14184204,0
0.5929638,0.4070362,0
0.706147,0.29385298,0
0.7626584,0.23734161,0
0.8314994,0.16850066,0
0.8209431,0.17905682,0
0.9239211,0.076078825,0
0.70771265,0.29228732,0
0.71168894,0.28831103,0
0.08723876,0.9127612,1
0.6610552,0.33894482,0
0.19233638,0.80766356,1
0.7693373,0.23066272,0
0.6763886,0.32361144,0
0.71821946,0.28178054,0
0.065934345,0.93406564,1
0.019355953,0.9806441,1
0.0037312754,0.99626875,1
0.0039835963,0.99601644,1
0.86692685,0.13307318,0
0.96442467,0.035575375,0
0.93924916,0.060750827,0
0.63140273,0.3685973,0
0.007940172,0.9920598,1
0.009071084,0.99092895,1
0.01721928,0.9827807,1
0.0728711,0.927129,0
0.7257323,0.2742676,0
0.6551739,0.3448261,0
0.6020904,0.39790958,0
0.98385346,0.016146608,0
0.95736694,0.04263311,0
0.30611044,0.6938895,0
0.5037106,0.49628946,0
0.55370915,0.44629082,0
0.6761512,0.32384872,0
0.14093924,0.85906076,1
0.24593908,0.7540609,1
0.7769408,0.22305927,0
0.9851488,0.014851247,0
0.96410555,0.035894454,0
0.7932878,0.2067122,0
0.5588591,0.44114092,0
0.5611085,0.43889153,0
0.5704028,0.42959717,0
0.6357583,0.36424175,0
0.40435806,0.595642,1
0.24385273,0.75614727,1
0.21680504,0.7831949,1
0.96245867,0.037541308,0
0.97225493,0.027745059,0
0.5046192,0.49538076,1
0.38963693,0.610363,1
0.020121453,0.97987854,1
0.43298537,0.5670147,0
0.09907984,0.90092015,1
0.95942944,0.040570527,0
0.00041326135,0.99958676,1
0.059185103,0.9408149,1
0.25000682,0.7499932,1
0.79543,0.20456995,0
6.709875e-10,1.0,0
0.1428794,0.85712063,1
0.4650484,0.53495157,0
0.09047137,0.9095286,1
0.5530564,0.4469436,0
0.92987996,0.07012005,0
0.3201213,0.6798788,1
0.015989695,0.9840103,1
0.11360396,0.886396,1
0.35055807,0.64944196,1
0.29634476,0.70365524,1
0.6488313,0.35116872,0
0.047392827,0.95260715,1
0.003263369,0.9967366,1
0.016758127,0.9832419,1
0.060541213,0.9394588,1
0.29039556,0.70960444,1
0.32801843,0.6719816,1
0.85902107,0.14097893,0
0.88053787,0.119462095,0
0.09203967,0.9079603,1
0.05524897,0.944751,1
0.15507427,0.84492576,0
0.30222362,0.69777644,0
0.052660305,0.9473397,1
0.0526776,0.94732237,1
0.5070428,0.49295717,0
0.06869232,0.93130773,1
0.0030965777,0.99690336,1
0.005364514,0.9946354,1
0.00253413,0.99746585,1
0.18302877,0.8169712,1
0.65995574,0.34004417,0
0.264226,0.735774,0
0.9618862,0.03811375,0
0.009188969,0.990811,1
0.03308209,0.966918,1
0.28681964,0.7131803,0
0.055666566,0.9443334,1
0.012923113,0.98707694,1
0.770974,0.229026,0
0.93879855,0.061201412,0
0.9278276,0.07217238,0
0.47848418,0.5215159,0
0.031547,0.968453,1
0.4131444,0.5868556,1
0.9120627,0.08793729,0
0.92802477,0.07197522,0
0.82710636,0.17289361,0
0.0031272767,0.9968727,1
0.014956826,0.98504317,1
0.0022316428,0.9977684,1
0.0013011936,0.99869883,1
0.0005079935,0.99949193,1
0.0008660685,0.999134,1
0.056686223,0.9433137,0
0.04209794,0.9579021,0
0.31824487,0.6817552,0
0.805466,0.19453396,0
0.45926806,0.5407319,0
0.121429995,0.87856996,0
0.029956894,0.9700431,0
0.0116270855,0.988373,1
0.6292462,0.37075385,0
0.7788744,0.22112563,0
0.20619741,0.79380256,0
0.49843284,0.5015672,0
0.42438623,0.57561374,0
0.6527364,0.3472636,0
0.7728273,0.22717266,0
0.13632156,0.86367846,1
0.8679452,0.13205479,0
0.46165153,0.5383485,1
0.07973788,0.9202621,1
0.49605584,0.50394416,1
0.02507715,0.9749229,1
0.22957988,0.77042013,1
0.1877996,0.8122004,1
0.27130702,0.728693,1
0.090349786,0.9096502,1
0.25370714,0.7462929,1
0.273882,0.72611797,1
0.14903212,0.8509679,1
0.92181116,0.07818879,0
0.90277153,0.097228475,0
0.044561468,0.95543855,1
0.041767374,0.95823264,1
0.092571795,0.90742826,1
0.1279746,0.87202543,1
0.16401653,0.8359835,1
0.1351021,0.86489785,1
0.1362812,0.8637188,1
0.18054213,0.8194578,1
0.43798405,0.5620159,0
0.11653264,0.8834673,1
0.12993427,0.8700657,1
0.96793985,0.032060143,0
0.95670605,0.04329396,0
0.91175526,0.08824479,0
0.82700866,0.17299132,0
0.06702451,0.9329755,1
0.5291224,0.47087765,0
0.512165,0.48783502,0
0.09527093,0.90472907,1
0.7402021,0.25979784,0
0.71862555,0.2813744,0
0.69474995,0.3052501,0
0.95411354,0.04588647,0
0.97435963,0.025640372,0
0.40958652,0.5904135,0
0.32887867,0.6711214,1
0.47814047,0.5218596,1
0.35496575,0.64503425,0
0.3382395,0.66176045,0
0.7439314,0.25606853,0
0.60770845,0.3922916,1
0.046869744,0.95313025,1
0.025891023,0.974109,1
0.03414226,0.96585774,1
0.022110166,0.97788984,1
0.032905594,0.9670944,1
0.099936694,0.9000633,1
0.55104876,0.44895124,0
0.09848168,0.9015183,1
0.071387015,0.928613,1
0.08208518,0.91791487,1
0.18077451,0.81922543,1
0.15512867,0.8448713,1
0.22551735,0.7744827,1
0.22288153,0.77711844,1
0.8573661,0.14263391,0
0.23817755,0.7618224,1
0.35837826,0.6416217,1
0.872808,0.12719204,0
0.9004129,0.0995871,0
0.6985683,0.30143172,0
0.63957363,0.36042634,0
0.54697496,0.45302498,0
0.84899646,0.15100357,0
0.7465677,0.25343233,1
0.95320225,0.046797734,0
0.6523598,0.34764022,1
0.5167803,0.48321962,1
0.58468366,0.4153163,0
0.5030751,0.4969249,1
0.57271034,0.42728966,0
0.89892656,0.10107351,0
0.55004364,0.44995636,1
0.7264089,0.273591,0
0.73907554,0.26092446,0
0.8752714,0.124728665,0
0.7246111,0.2753889,0
0.59205186,0.40794808,1
0.6453573,0.3546427,1
0.9158715,0.08412855,0
0.32602966,0.6739704,1
0.9541226,0.04587742,0
0.08858658,0.91141343,1
0.14996701,0.8500329,1
0.06890786,0.9310922,1
0.002164698,0.99783534,1
0.91444457,0.08555546,0
0.9788851,0.021114856,0
0.97994894,0.020051016,0
0.61277574,0.38722423,0
0.43363836,0.5663616,0
0.54221183,0.45778817,0
0.6048782,0.3951218,0
0.7496436,0.2503564,0
0.7429612,0.25703877,0
0.6767829,0.32321703,1
0.7116497,0.28835025,0
0.73784393,0.2621561,1
0.73927647,0.2607235,1
0.83310926,0.16689074,1
0.9797774,0.020222653,0
0.9800064,0.019993521,0
0.967464,0.032535978,0
0.69671327,0.30328673,0
0.5445315,0.45546854,1
0.45738128,0.54261875,1
0.40561947,0.5943805,0
0.41832626,0.5816737,1
0.38172287,0.61827713,1
0.30686876,0.69313127,0
0.22518143,0.77481854,1
0.8574007,0.14259924,1
0.6807249,0.31927508,1
0.05654574,0.9434542,1
0.1519325,0.8480675,1
0.029707666,0.9702923,1
0.6635832,0.33641678,0
0.7805232,0.21947683,0
0.80464876,0.19535126,0
0.53900266,0.46099737,0
0.6194614,0.38053855,0
0.8009969,0.19900316,0
0.85405225,0.14594772,0
0.88974535,0.11025462,0
0.30526575,0.6947343,1
0.11326327,0.8867367,1
0.24315363,0.75684637,1
0.49166465,0.50833535,0
0.84082717,0.15917279,0
0.83289355,0.16710648,0
0.885844,0.11415596,0
0.9136614,0.08633856,0
0.6921688,0.30783123,0
0.90540606,0.09459395,0
0.88794374,0.11205622,0
0.7140195,0.28598055,1
0.5756652,0.42433482,0
0.64479566,0.35520434,0
0.013973056,0.9860269,1
0.05723609,0.9427639,1
0.8194291,0.18057087,0
0.8986693,0.101330705,0
0.91236293,0.08763701,0
0.86946833,0.1305316,0
0.44923124,0.55076885,1
0.6235259,0.37647405,0
0.49299496,0.5070051,1
0.19942395,0.80057603,1
0.5864349,0.41356513,0
0.78844464,0.2115553,0
0.9098319,0.090168156,0
0.9017434,0.098256536,0
0.8107374,0.1892626,0
0.7675607,0.23243932,0
0.47498736,0.5250127,1
0.55695784,0.4430422,1
0.97129685,0.02870317,0
0.4147826,0.5852174,1
0.088257656,0.9117424,1
0.20737202,0.792628,1
0.328476,0.6715239,1
0.606085,0.39391503,0
0.380959,0.619041,1
0.38742334,0.61257666,1
0.6965071,0.30349293,0
0.9646212,0.03537883,0
0.64108497,0.35891503,0
0.48981953,0.5101805,0
0.48180705,0.518193,0
0.14238165,0.8576184,1
0.7218698,0.2781302,1
0.8092355,0.19076447,0
0.8040164,0.19598356,1
0.8969026,0.10309738,1
0.8947694,0.1052306,1
0.56963533,0.4303647,1
0.5968082,0.4031918,0
0.61689717,0.38310292,0
0.5914066,0.4085934,0
0.58594966,0.41405037,0
0.5740795,0.42592046,0
0.5503128,0.44968715,0
0.7259069,0.27409306,0
0.82904375,0.1709562,0
0.47248015,0.52751994,0
0.42489636,0.57510364,0
0.48218432,0.51781565,0
0.4804055,0.5195945,0
0.56343067,0.43656933,0
0.5368491,0.4631509,0
0.52341336,0.47658664,0
0.6169679,0.38303208,0
0.6385315,0.36146852,0
0.3086238,0.69137615,1
0.8491664,0.1508336,1
0.89470714,0.1052928,0
0.64015216,0.35984784,1
0.7360936,0.26390636,0
0.6061473,0.39385277,1
0.56756175,0.43243822,1
0.5579678,0.44203228,1
0.55183816,0.4481618,1
0.51861686,0.48138314,1
0.08016887,0.91983116,1
0.0005557643,0.9994442,1
0.0075185406,0.99248147,1
0.7578808,0.24211922,0
0.66888285,0.3311172,0
0.9511038,0.048896175,0
0.4971004,0.5028995,1
0.53580683,0.46419322,0
0.46018484,0.5398151,0
0.541292,0.45870796,0
0.40073052,0.5992695,1
0.59910107,0.40089896,0
0.6364628,0.36353722,0
0.6453967,0.35460335,0
0.64947385,0.3505262,0
0.81333476,0.18666525,0
0.6930446,0.3069554,0
0.7882382,0.21176174,0
0.8193815,0.18061854,0
0.9738811,0.026118802,0
0.57187897,0.428121,1
0.667337,0.33266303,0
0.6377356,0.36226442,0
0.7424126,0.2575874,0
0.74439996,0.25560006,0
0.7112078,0.2887922,0
0.6638679,0.3361321,0
0.6274046,0.37259543,0
0.6949364,0.30506355,0
0.6857062,0.3142938,1
0.7891861,0.21081391,1
0.79169106,0.20830892,0
0.8171126,0.1828874,1
0.9806737,0.019326327,0
0.9775389,0.022461114,0
0.5235364,0.4764636,1
0.28142652,0.71857345,1
0.5058129,0.49418712,1
0.64494634,0.35505366,1
0.66122514,0.3387749,0
0.5462454,0.4537546,0
0.6757357,0.32426432,0
0.6287214,0.37127858,0
0.9801189,0.019881174,0
0.97472715,0.02527283,0
0.9085689,0.09143105,0
0.50882304,0.49117696,0
0.34255388,0.657446,0
0.3884154,0.61158466,1
0.3444829,0.6555171,1
0.21079277,0.7892072,0
0.22187959,0.7781204,0
0.108072475,0.89192754,1
0.7539832,0.24601685,1
0.95843613,0.041563846,0
0.355263,0.64473706,1
0.39167008,0.6083299,1
0.52838045,0.47161952,1
0.5613733,0.43862674,0
0.6768594,0.32314065,0
0.7171226,0.28287736,0
0.8496067,0.15039329,0
0.91815937,0.0818406,0
0.89033043,0.109669544,0
0.574861,0.42513898,1
0.5272336,0.4727664,0
0.23769116,0.76230884,1
0.2897487,0.7102513,1
0.41930687,0.5806931,1
0.43039975,0.56960016,1
0.3990121,0.600988,1
0.5997619,0.40023807,1
0.6858708,0.31412923,0
0.57278544,0.4272145,0
0.14569347,0.8543065,1
0.93546015,0.06453986,0
0.0021860548,0.99781394,1
0.017267803,0.9827322,1
0.7614193,0.2385807,0
0.8497548,0.15024522,0
0.86449194,0.1355081,0
0.8838259,0.116174094,0
0.7159507,0.28404924,0
0.55499727,0.44500273,0
0.6293632,0.3706368,0
0.73627484,0.26372516,0
0.9591354,0.040864628,0
0.4558212,0.54417884,1
0.090730056,0.9092699,1
0.0056759063,0.9943241,1
0.02370581,0.9762942,1
0.84246004,0.15753995,0
0.83475924,0.1652408,0
0.76172274,0.23827724,0
0.7047229,0.29527718,0
0.88684046,0.11315954,0
0.64434034,0.3556597,0
0.17250717,0.8274929,1
0.003941966,0.9960581,1
0.04029503,0.95970494,1
0.5551058,0.4448942,0
0.60867214,0.39132786,0
0.65136456,0.34863544,0
0.62402683,0.37597317,0
0.88636315,0.1136369,0
0.6884782,0.3115218,0
0.93112683,0.068873234,0
0.9423219,0.057678085,0
0.8895743,0.11042576,0
0.12417044,0.8758296,1
0.4985678,0.50143224,0
0.6902005,0.30979946,0
0.6474117,0.35258827,0
0.84468603,0.15531403,0
0.9830511,0.016948955,0
0.9805353,0.019464748,0
0.740657,0.25934303,0
0.52525353,0.4747464,1
0.34821317,0.6517868,1
0.24139057,0.7586094,1
0.16805002,0.83194995,1
0.8006139,0.19938618,1
0.7930075,0.20699245,1
0.83378875,0.16621125,1
0.79955727,0.20044272,1
0.648126,0.35187402,1
0.24805747,0.7519426,1
0.49624464,0.5037554,1
0.70389724,0.29610273,1
0.8142291,0.18577091,0
0.5042327,0.49576735,1
0.7214618,0.27853823,0
0.852014,0.14798595,0
0.88366205,0.11633799,0
0.3408617,0.6591383,1
0.51908004,0.48091987,1
0.095168315,0.9048317,1
0.54039586,0.45960408,0
0.6367569,0.3632431,0
0.6946756,0.30532438,0
0.82510775,0.17489229,0
0.71582687,0.28417313,0
0.93497926,0.06502073,0
0.3566935,0.64330655,1
0.6615011,0.33849886,0
0.8093457,0.19065428,0
0.9063061,0.093693875,0
0.9460426,0.053957447,0
0.3395249,0.66047513,1
0.5191189,0.4808811,1
0.68594915,0.31405082,0
0.729283,0.27071708,0
0.8915441,0.10845595,0
0.9140302,0.08596984,0
0.89615273,0.103847206,0
0.9066661,0.09333395,0
0.25353897,0.74646103,1
0.77662903,0.22337092,0
0.7706613,0.22933869,0
0.8587167,0.14128332,0
0.897966,0.102034,0
0.7759805,0.22401956,0
0.7380823,0.26191774,0
0.25516033,0.74483967,1
0.9683042,0.031695865,0
0.97768915,0.02231086,0
0.9495453,0.050454743,0
0.22719742,0.7728026,1
0.10512729,0.89487267,1
0.746834,0.25316608,0
0.81255716,0.18744281,0
0.81454325,0.18545677,0
0.9825749,0.017425194,0
0.93023115,0.06976883,0
0.60549694,0.39450306,0
0.4070984,0.5929016,1
0.39976975,0.6002303,1
0.38020763,0.6197924,1
0.32134396,0.67865604,1
0.34622177,0.65377825,1
0.2902618,0.7097382,1
0.27885893,0.7211411,1
0.31578797,0.68421197,1
0.19933535,0.8006646,1
0.114351034,0.8856489,1
0.908174,0.09182603,0
0.9455869,0.054413054,0
0.020018712,0.97998124,1
0.014207759,0.9857922,1
0.00049773225,0.9995023,1
0.00028482112,0.99971515,1
0.00012645782,0.9998735,1
0.0008184232,0.99918157,1
0.7941669,0.2058331,0
0.55961,0.44038996,0
0.67405415,0.32594585,0
0.91506904,0.08493094,0
0.10089437,0.89910567,0
0.5379214,0.46207863,0
0.029056406,0.97094357,1
0.06696429,0.93303573,1
0.6104559,0.38954413,0
0.35625428,0.6437457,0
0.78725743,0.2127426,0
0.93296504,0.067034915,0
0.4809977,0.5190022,0
0.004444732,0.9955552,1
0.037859306,0.9621407,1
0.013236765,0.9867632,1
0.06741514,0.9325848,1
0.7919287,0.20807132,0
0.90759987,0.0924001,0
0.51017773,0.4898222,0
0.48361537,0.5163846,0
0.5790885,0.42091146,0
0.9412493,0.05875061,0
0.5111068,0.48889318,0
0.007460012,0.99254006,1
0.2986817,0.70131826,0
0.024437893,0.97556216,1
0.029875185,0.9701248,1
0.08186395,0.91813606,1
0.21751797,0.782482,1
0.10080045,0.8991995,1
0.8815746,0.11842544,0
0.9477972,0.052202847,0
0.8511996,0.14880042,0
0.1286681,0.8713319,1
0.1964437,0.8035563,0
0.19608767,0.80391234,1
0.25091943,0.7490806,0
0.30472234,0.69527763,0
0.6239114,0.37608862,0
0.8840675,0.11593246,0
0.8761944,0.1238056,0
0.7266644,0.27333564,0
0.72454906,0.27545092,0
0.9773032,0.022696726,0
0.96727365,0.032726377,0
0.7371608,0.2628392,0
0.7174654,0.2825346,0
0.6922339,0.30776617,0
0.6811448,0.31885523,0
0.844915,0.1550851,0
0.87068695,0.12931308,0
0.47371385,0.5262861,1
0.39581344,0.6041866,1
0.27810514,0.72189486,1
0.28859296,0.71140707,1
0.14056501,0.85943496,1
0.7560207,0.24397922,1
0.9410104,0.058989648,0
0.115762495,0.88423747,1
0.026524834,0.97347516,1
0.08214243,0.9178576,1
0.032738026,0.9672619,1
0.009343793,0.9906562,1
0.42573723,0.5742628,1
0.08081758,0.9191825,1
0.12992238,0.8700776,1
0.741746,0.258254,0
0.48147714,0.51852286,1
0.7364973,0.2635028,0
0.87483305,0.12516698,0
0.8757579,0.12424207,0
0.41677666,0.58322334,0
0.6249605,0.3750395,0
0.0064776363,0.99352235,1
0.018954152,0.98104584,1
0.51259786,0.48740205,1
0.5713336,0.42866644,1
0.9104247,0.08957531,0
0.08024851,0.91975147,1
0.33959636,0.6604036,1
0.22222829,0.77777165,1
0.042316966,0.957683,1
0.59568167,0.4043183,0
0.08883102,0.911169,1
0.5975409,0.40245906,0
0.39766848,0.60233146,0
0.07694989,0.92305005,1
0.017307142,0.98269284,1
0.017146895,0.9828531,1
0.014292685,0.98570734,1
0.01372452,0.98627543,1
0.022563655,0.97743636,1
0.4834132,0.51658684,0
0.15380466,0.84619534,0
0.22378604,0.77621394,0
0.39303434,0.60696566,0
0.71385705,0.28614292,0
0.35189858,0.6481014,0
0.011787038,0.988213,1
0.01817912,0.9818209,1
0.519438,0.480562,0
0.46253988,0.5374601,0
0.3184214,0.68157864,1
0.09401371,0.9059863,1
0.9176644,0.082335584,0
0.87584126,0.1241587,0
0.55368286,0.4463171,0
0.62474346,0.37525648,0
0.6312941,0.3687059,0
0.61716753,0.3828325,0
0.61839134,0.38160866,0
0.48420566,0.51579434,1
0.7011913,0.2988087,0
